series_id,obs_date,value
WDI:BM.GSR.INSF.ZS:ABW,1986-12-31,1.1160220994475119
WDI:BM.GSR.INSF.ZS:ABW,1987-12-31,1.3612099644128124
WDI:BM.GSR.INSF.ZS:ABW,1988-12-31,1.2123197903014349
WDI:BM.GSR.INSF.ZS:ABW,1989-12-31,0.875627440044619
WDI:BM.GSR.INSF.ZS:ABW,1990-12-31,1.0393374741200798
WDI:BM.GSR.INSF.ZS:ABW,1991-12-31,22.694633408919156
WDI:BM.GSR.INSF.ZS:ABW,1992-12-31,24.92135616917171
WDI:BM.GSR.INSF.ZS:ABW,1993-12-31,22.705649157581835
WDI:BM.GSR.INSF.ZS:ABW,1994-12-31,17.59100903982406
WDI:BM.GSR.INSF.ZS:ABW,1995-12-31,5.176916380767102
WDI:BM.GSR.INSF.ZS:ABW,1996-12-31,0.4711682476285574
WDI:BM.GSR.INSF.ZS:ABW,1997-12-31,1.814389989572476
WDI:BM.GSR.INSF.ZS:ABW,1998-12-31,3.004400384401402
WDI:BM.GSR.INSF.ZS:ABW,1999-12-31,0.8323006330173823
WDI:BM.GSR.INSF.ZS:ABW,2000-12-31,1.747199392878394
WDI:BM.GSR.INSF.ZS:ABW,2001-12-31,1.8523749214130076
WDI:BM.GSR.INSF.ZS:ABW,2002-12-31,1.3892056079028738
WDI:BM.GSR.INSF.ZS:ABW,2003-12-31,0.9938098090717783
WDI:BM.GSR.INSF.ZS:ABW,2004-12-31,1.1730179891614876
WDI:BM.GSR.INSF.ZS:ABW,2005-12-31,1.5882036137707138
WDI:BM.GSR.INSF.ZS:ABW,2006-12-31,1.809505943233659
WDI:BM.GSR.INSF.ZS:ABW,2007-12-31,1.9204779856319811
WDI:BM.GSR.INSF.ZS:ABW,2008-12-31,1.963267891070288
WDI:BM.GSR.INSF.ZS:ABW,2009-12-31,2.274743889650717
WDI:BM.GSR.INSF.ZS:ABW,2010-12-31,2.04769736842105
WDI:BM.GSR.INSF.ZS:ABW,2011-12-31,1.4772125066242703
WDI:BM.GSR.INSF.ZS:ABW,2012-12-31,2.2835072503049214
WDI:BM.GSR.INSF.ZS:ABW,2013-12-31,2.5249042306687906
WDI:BM.GSR.INSF.ZS:ABW,2014-12-31,3.234736468342188
WDI:BM.GSR.INSF.ZS:ABW,2015-12-31,4.065266922143738
WDI:BM.GSR.INSF.ZS:ABW,2016-12-31,3.6942175387095286
WDI:BM.GSR.INSF.ZS:ABW,2017-12-31,2.8788048049231154
WDI:BM.GSR.INSF.ZS:ABW,2018-12-31,3.2248211354284795
WDI:BM.GSR.INSF.ZS:ABW,2019-12-31,3.887536839301605
WDI:BM.GSR.INSF.ZS:ABW,2020-12-31,4.509937956656423
WDI:BM.GSR.INSF.ZS:ABW,2021-12-31,5.03250892532172
WDI:BM.GSR.INSF.ZS:ABW,2022-12-31,5.787635184597485
WDI:BM.GSR.INSF.ZS:ABW,2023-12-31,6.18927576219698
WDI:BM.GSR.INSF.ZS:AFE,1977-12-31,9.780377299442842
WDI:BM.GSR.INSF.ZS:AFE,1978-12-31,9.110279151443258
WDI:BM.GSR.INSF.ZS:AFE,1979-12-31,8.798269622835656
WDI:BM.GSR.INSF.ZS:AFE,1980-12-31,8.774452907468762
WDI:BM.GSR.INSF.ZS:AFE,1981-12-31,8.836753575202852
WDI:BM.GSR.INSF.ZS:AFE,1982-12-31,8.577846578202786
WDI:BM.GSR.INSF.ZS:AFE,1983-12-31,9.197695499192752
WDI:BM.GSR.INSF.ZS:AFE,1984-12-31,9.027086739299966
WDI:BM.GSR.INSF.ZS:AFE,1985-12-31,7.778402787387301
WDI:BM.GSR.INSF.ZS:AFE,1986-12-31,8.330290798682618
WDI:BM.GSR.INSF.ZS:AFE,1987-12-31,7.4867020359434875
WDI:BM.GSR.INSF.ZS:AFE,1988-12-31,6.181628397802235
WDI:BM.GSR.INSF.ZS:AFE,1989-12-31,6.196599884392173
WDI:BM.GSR.INSF.ZS:AFE,1990-12-31,6.604133179235246
WDI:BM.GSR.INSF.ZS:AFE,1991-12-31,5.535371732805993
WDI:BM.GSR.INSF.ZS:AFE,1992-12-31,5.833555432431567
WDI:BM.GSR.INSF.ZS:AFE,1993-12-31,5.877289990873464
WDI:BM.GSR.INSF.ZS:AFE,1994-12-31,6.297061762454323
WDI:BM.GSR.INSF.ZS:AFE,1995-12-31,8.284097380966703
WDI:BM.GSR.INSF.ZS:AFE,1996-12-31,5.907154802468326
WDI:BM.GSR.INSF.ZS:AFE,1997-12-31,6.115057741744309
WDI:BM.GSR.INSF.ZS:AFE,1998-12-31,5.576312015793246
WDI:BM.GSR.INSF.ZS:AFE,1999-12-31,5.1610076992866345
WDI:BM.GSR.INSF.ZS:AFE,2000-12-31,4.679214622566061
WDI:BM.GSR.INSF.ZS:AFE,2001-12-31,4.920859218050207
WDI:BM.GSR.INSF.ZS:AFE,2002-12-31,4.652565843777147
WDI:BM.GSR.INSF.ZS:AFE,2003-12-31,5.288410733820458
WDI:BM.GSR.INSF.ZS:AFE,2004-12-31,5.638287727854901
WDI:BM.GSR.INSF.ZS:AFE,2005-12-31,5.388616072937874
WDI:BM.GSR.INSF.ZS:AFE,2006-12-31,5.366966844761207
WDI:BM.GSR.INSF.ZS:AFE,2007-12-31,4.850364952026254
WDI:BM.GSR.INSF.ZS:AFE,2008-12-31,6.2090536234916405
WDI:BM.GSR.INSF.ZS:AFE,2009-12-31,4.08091280930002
WDI:BM.GSR.INSF.ZS:AFE,2010-12-31,4.86913247640614
WDI:BM.GSR.INSF.ZS:AFE,2011-12-31,3.874580203806905
WDI:BM.GSR.INSF.ZS:AFE,2012-12-31,3.798549836250902
WDI:BM.GSR.INSF.ZS:AFE,2013-12-31,4.739288340720555
WDI:BM.GSR.INSF.ZS:AFE,2014-12-31,4.27715248658984
WDI:BM.GSR.INSF.ZS:AFE,2015-12-31,4.697429877589362
WDI:BM.GSR.INSF.ZS:AFE,2016-12-31,4.874587485991986
WDI:BM.GSR.INSF.ZS:AFE,2017-12-31,6.2184886684065015
WDI:BM.GSR.INSF.ZS:AFE,2018-12-31,5.956220149576477
WDI:BM.GSR.INSF.ZS:AFE,2019-12-31,5.917273276119809
WDI:BM.GSR.INSF.ZS:AFE,2020-12-31,6.953917931913589
WDI:BM.GSR.INSF.ZS:AFE,2021-12-31,6.89863466935245
WDI:BM.GSR.INSF.ZS:AFE,2022-12-31,6.302687141790476
WDI:BM.GSR.INSF.ZS:AFE,2023-12-31,6.79957492821859
WDI:BM.GSR.INSF.ZS:AFE,2024-12-31,8.38175212618773
WDI:BM.GSR.INSF.ZS:AFG,1979-12-31,6.500691562932228
WDI:BM.GSR.INSF.ZS:AFG,1980-12-31,8.03894297635605
WDI:BM.GSR.INSF.ZS:AFG,1981-12-31,8.215818516247701
WDI:BM.GSR.INSF.ZS:AFG,1982-12-31,8.824786324786325
WDI:BM.GSR.INSF.ZS:AFG,1983-12-31,8.837981407702523
WDI:BM.GSR.INSF.ZS:AFG,1984-12-31,9.174311926605505
WDI:BM.GSR.INSF.ZS:AFG,1985-12-31,8.935756002595717
WDI:BM.GSR.INSF.ZS:AFG,1986-12-31,9.387755102040817
WDI:BM.GSR.INSF.ZS:AFG,1987-12-31,8.650031989763276
WDI:BM.GSR.INSF.ZS:AFG,1988-12-31,9.116666666666665
WDI:BM.GSR.INSF.ZS:AFG,1989-12-31,8.90715667311412
WDI:BM.GSR.INSF.ZS:AFG,2008-12-31,1.4334580557751273
WDI:BM.GSR.INSF.ZS:AFG,2009-12-31,1.676199552420651
WDI:BM.GSR.INSF.ZS:AFG,2010-12-31,1.6582562612902956
WDI:BM.GSR.INSF.ZS:AFG,2011-12-31,1.8805524846627553
WDI:BM.GSR.INSF.ZS:AFG,2012-12-31,1.8783673445931186
WDI:BM.GSR.INSF.ZS:AFG,2013-12-31,2.406438579978839
WDI:BM.GSR.INSF.ZS:AFG,2014-12-31,7.726557629052862
WDI:BM.GSR.INSF.ZS:AFG,2015-12-31,1.216707086743687
WDI:BM.GSR.INSF.ZS:AFG,2016-12-31,1.4870395042994735
WDI:BM.GSR.INSF.ZS:AFG,2017-12-31,1.3361686679165092
WDI:BM.GSR.INSF.ZS:AFG,2018-12-31,1.2546300041271312
WDI:BM.GSR.INSF.ZS:AFG,2019-12-31,1.2543875450456194
WDI:BM.GSR.INSF.ZS:AFG,2020-12-31,1.3200996583164268
WDI:BM.GSR.INSF.ZS:AFW,1977-12-31,4.095846376517456
WDI:BM.GSR.INSF.ZS:AFW,1978-12-31,5.203902443518473
WDI:BM.GSR.INSF.ZS:AFW,1979-12-31,4.756878317481413
WDI:BM.GSR.INSF.ZS:AFW,1980-12-31,3.897395250026695
WDI:BM.GSR.INSF.ZS:AFW,1981-12-31,4.543262815920675
WDI:BM.GSR.INSF.ZS:AFW,1982-12-31,4.30284518362063
WDI:BM.GSR.INSF.ZS:AFW,1983-12-31,4.809142477281856
WDI:BM.GSR.INSF.ZS:AFW,1984-12-31,4.458302195770927
WDI:BM.GSR.INSF.ZS:AFW,1985-12-31,4.767385168924125
WDI:BM.GSR.INSF.ZS:AFW,1986-12-31,4.980047168799061
WDI:BM.GSR.INSF.ZS:AFW,1987-12-31,4.907386661268476
WDI:BM.GSR.INSF.ZS:AFW,1988-12-31,4.781887938179373
WDI:BM.GSR.INSF.ZS:AFW,1989-12-31,4.274445730646857
WDI:BM.GSR.INSF.ZS:AFW,1990-12-31,4.427294819780123
WDI:BM.GSR.INSF.ZS:AFW,1991-12-31,4.218162649863219
WDI:BM.GSR.INSF.ZS:AFW,1992-12-31,4.759608705776237
WDI:BM.GSR.INSF.ZS:AFW,1993-12-31,3.93135826867882
WDI:BM.GSR.INSF.ZS:AFW,1994-12-31,3.370509162031591
WDI:BM.GSR.INSF.ZS:AFW,1995-12-31,4.904280334617901
WDI:BM.GSR.INSF.ZS:AFW,1996-12-31,4.697512461548335
WDI:BM.GSR.INSF.ZS:AFW,1997-12-31,5.057638264005511
WDI:BM.GSR.INSF.ZS:AFW,1998-12-31,5.602974779349295
WDI:BM.GSR.INSF.ZS:AFW,1999-12-31,4.59373760876155
WDI:BM.GSR.INSF.ZS:AFW,2000-12-31,4.467619717655292
WDI:BM.GSR.INSF.ZS:AFW,2001-12-31,4.1938586409064
WDI:BM.GSR.INSF.ZS:AFW,2002-12-31,3.9263731857407236
WDI:BM.GSR.INSF.ZS:AFW,2005-12-31,4.689234155292861
WDI:BM.GSR.INSF.ZS:AFW,2006-12-31,4.19505164036662
WDI:BM.GSR.INSF.ZS:AFW,2007-12-31,3.395257839512586
WDI:BM.GSR.INSF.ZS:AFW,2008-12-31,5.078844196050284
WDI:BM.GSR.INSF.ZS:AFW,2009-12-31,4.281696822067019
WDI:BM.GSR.INSF.ZS:AFW,2010-12-31,4.23495035921216
WDI:BM.GSR.INSF.ZS:AFW,2011-12-31,4.979345697345745
WDI:BM.GSR.INSF.ZS:AFW,2012-12-31,5.500391324425249
WDI:BM.GSR.INSF.ZS:AFW,2013-12-31,4.802655526669891
WDI:BM.GSR.INSF.ZS:AFW,2014-12-31,5.665521324355497
WDI:BM.GSR.INSF.ZS:AFW,2015-12-31,5.862057979105681
WDI:BM.GSR.INSF.ZS:AFW,2016-12-31,6.321915667051233
WDI:BM.GSR.INSF.ZS:AFW,2017-12-31,5.732472009425025
WDI:BM.GSR.INSF.ZS:AFW,2018-12-31,4.223598499427008
WDI:BM.GSR.INSF.ZS:AFW,2019-12-31,3.775154030092672
WDI:BM.GSR.INSF.ZS:AFW,2020-12-31,5.5892666350697615
WDI:BM.GSR.INSF.ZS:AFW,2021-12-31,6.928037128572895
WDI:BM.GSR.INSF.ZS:AFW,2022-12-31,6.07558260723708
WDI:BM.GSR.INSF.ZS:AFW,2023-12-31,6.4292257729198
WDI:BM.GSR.INSF.ZS:AFW,2024-12-31,7.97501701615388
WDI:BM.GSR.INSF.ZS:AGO,1985-12-31,3.207488299531981
WDI:BM.GSR.INSF.ZS:AGO,1986-12-31,3.3049403747870527
WDI:BM.GSR.INSF.ZS:AGO,1987-12-31,3.167848699763593
WDI:BM.GSR.INSF.ZS:AGO,1988-12-31,3.2178130511463845
WDI:BM.GSR.INSF.ZS:AGO,1989-12-31,3.1676595744680855
WDI:BM.GSR.INSF.ZS:AGO,1990-12-31,1.8847452000221323
WDI:BM.GSR.INSF.ZS:AGO,1991-12-31,2.657278016421076
WDI:BM.GSR.INSF.ZS:AGO,1992-12-31,2.5185298342817357
WDI:BM.GSR.INSF.ZS:AGO,1993-12-31,2.116844868429477
WDI:BM.GSR.INSF.ZS:AGO,1994-12-31,2.320877855269051
WDI:BM.GSR.INSF.ZS:AGO,1995-12-31,2.1864580286633517
WDI:BM.GSR.INSF.ZS:AGO,1996-12-31,2.0077250349731153
WDI:BM.GSR.INSF.ZS:AGO,1997-12-31,2.2234419018814626
WDI:BM.GSR.INSF.ZS:AGO,1998-12-31,2.5679460226625888
WDI:BM.GSR.INSF.ZS:AGO,1999-12-31,2.3483750616674888
WDI:BM.GSR.INSF.ZS:AGO,2000-12-31,2.336014106472752
WDI:BM.GSR.INSF.ZS:AGO,2001-12-31,2.6471449321088194
WDI:BM.GSR.INSF.ZS:AGO,2002-12-31,3.849519352320797
WDI:BM.GSR.INSF.ZS:AGO,2003-12-31,5.023280424992722
WDI:BM.GSR.INSF.ZS:AGO,2004-12-31,4.8610122295371285
WDI:BM.GSR.INSF.ZS:AGO,2005-12-31,1.7615644870818514
WDI:BM.GSR.INSF.ZS:AGO,2006-12-31,5.59684950645326
WDI:BM.GSR.INSF.ZS:AGO,2007-12-31,4.494756224973143
WDI:BM.GSR.INSF.ZS:AGO,2008-12-31,9.192742352947155
WDI:BM.GSR.INSF.ZS:AGO,2009-12-31,4.038026432604029
WDI:BM.GSR.INSF.ZS:AGO,2010-12-31,5.798609386166801
WDI:BM.GSR.INSF.ZS:AGO,2011-12-31,2.0893483522695115
WDI:BM.GSR.INSF.ZS:AGO,2012-12-31,1.3667669912558051
WDI:BM.GSR.INSF.ZS:AGO,2013-12-31,4.07009140115689
WDI:BM.GSR.INSF.ZS:AGO,2014-12-31,2.0236304716655225
WDI:BM.GSR.INSF.ZS:AGO,2015-12-31,3.298425554847713
WDI:BM.GSR.INSF.ZS:AGO,2016-12-31,5.040075343160979
WDI:BM.GSR.INSF.ZS:AGO,2017-12-31,5.550693806304058
WDI:BM.GSR.INSF.ZS:AGO,2018-12-31,7.701566470643571
WDI:BM.GSR.INSF.ZS:AGO,2019-12-31,6.051457342752626
WDI:BM.GSR.INSF.ZS:AGO,2020-12-31,8.960826482610138
WDI:BM.GSR.INSF.ZS:AGO,2021-12-31,8.529643673857029
WDI:BM.GSR.INSF.ZS:AGO,2022-12-31,5.931052964997275
WDI:BM.GSR.INSF.ZS:AGO,2023-12-31,7.26446053948333
WDI:BM.GSR.INSF.ZS:AGO,2024-12-31,7.34622250054512
WDI:BM.GSR.INSF.ZS:AGO,2025-12-31,6.78995854128192
WDI:BM.GSR.INSF.ZS:ALB,1980-12-31,4.857142857142857
WDI:BM.GSR.INSF.ZS:ALB,1981-12-31,4.536082474226804
WDI:BM.GSR.INSF.ZS:ALB,1982-12-31,4.886877828054299
WDI:BM.GSR.INSF.ZS:ALB,1983-12-31,4.841628959276019
WDI:BM.GSR.INSF.ZS:ALB,1984-12-31,3.9790575916230364
WDI:BM.GSR.INSF.ZS:ALB,1985-12-31,3.072625698324022
WDI:BM.GSR.INSF.ZS:ALB,1986-12-31,3.705583756345178
WDI:BM.GSR.INSF.ZS:ALB,1987-12-31,2.9499999999999997
WDI:BM.GSR.INSF.ZS:ALB,1988-12-31,3.8549618320610683
WDI:BM.GSR.INSF.ZS:ALB,1989-12-31,3.655913978494624
WDI:BM.GSR.INSF.ZS:ALB,1990-12-31,2.9209621993127146
WDI:BM.GSR.INSF.ZS:ALB,1991-12-31,1.6766467065868262
WDI:BM.GSR.INSF.ZS:ALB,1992-12-31,4.242424242424243
WDI:BM.GSR.INSF.ZS:ALB,1993-12-31,2.7239036442248303
WDI:BM.GSR.INSF.ZS:ALB,1994-12-31,3.260377358490566
WDI:BM.GSR.INSF.ZS:ALB,1995-12-31,13.865814696485623
WDI:BM.GSR.INSF.ZS:ALB,1996-12-31,15.945089757127773
WDI:BM.GSR.INSF.ZS:ALB,1997-12-31,18.487577302810024
WDI:BM.GSR.INSF.ZS:ALB,1998-12-31,20.263056092843325
WDI:BM.GSR.INSF.ZS:ALB,1999-12-31,18.63887185775598
WDI:BM.GSR.INSF.ZS:ALB,2000-12-31,7.943163289075239
WDI:BM.GSR.INSF.ZS:ALB,2001-12-31,9.727538842603018
WDI:BM.GSR.INSF.ZS:ALB,2002-12-31,8.539333457582893
WDI:BM.GSR.INSF.ZS:ALB,2003-12-31,3.28911928023711
WDI:BM.GSR.INSF.ZS:ALB,2004-12-31,2.984005777222998
WDI:BM.GSR.INSF.ZS:ALB,2005-12-31,3.468562846212333
WDI:BM.GSR.INSF.ZS:ALB,2006-12-31,3.566906145896303
WDI:BM.GSR.INSF.ZS:ALB,2007-12-31,4.709948432447277
WDI:BM.GSR.INSF.ZS:ALB,2008-12-31,6.325732829817202
WDI:BM.GSR.INSF.ZS:ALB,2009-12-31,4.835547692369543
WDI:BM.GSR.INSF.ZS:ALB,2010-12-31,4.589358559300248
WDI:BM.GSR.INSF.ZS:ALB,2011-12-31,4.7258673046769575
WDI:BM.GSR.INSF.ZS:ALB,2012-12-31,5.367207665988171
WDI:BM.GSR.INSF.ZS:ALB,2013-12-31,1.5431137644478912
WDI:BM.GSR.INSF.ZS:ALB,2014-12-31,1.5162782283754384
WDI:BM.GSR.INSF.ZS:ALB,2015-12-31,3.1620099560099835
WDI:BM.GSR.INSF.ZS:ALB,2016-12-31,2.1391909086058845
WDI:BM.GSR.INSF.ZS:ALB,2017-12-31,2.3710616496702643
WDI:BM.GSR.INSF.ZS:ALB,2018-12-31,2.6193158175276343
WDI:BM.GSR.INSF.ZS:ALB,2019-12-31,2.283095280138277
WDI:BM.GSR.INSF.ZS:ALB,2020-12-31,3.12156649154004
WDI:BM.GSR.INSF.ZS:ALB,2021-12-31,3.4673636239913757
WDI:BM.GSR.INSF.ZS:ALB,2022-12-31,3.2549869649325722
WDI:BM.GSR.INSF.ZS:ALB,2023-12-31,4.24247885130043
WDI:BM.GSR.INSF.ZS:ALB,2024-12-31,3.54256100100867
WDI:BM.GSR.INSF.ZS:ALB,2025-12-31,3.23805626473889
WDI:BM.GSR.INSF.ZS:AND,2019-12-31,2.845167576598686
WDI:BM.GSR.INSF.ZS:AND,2020-12-31,5.805606595068962
WDI:BM.GSR.INSF.ZS:AND,2021-12-31,7.151860572941278
WDI:BM.GSR.INSF.ZS:AND,2022-12-31,7.137575300071071
WDI:BM.GSR.INSF.ZS:AND,2023-12-31,6.62957921998492
WDI:BM.GSR.INSF.ZS:AND,2024-12-31,6.45223219864531
WDI:BM.GSR.INSF.ZS:ARB,2011-12-31,7.810516378792349
WDI:BM.GSR.INSF.ZS:ARB,2012-12-31,9.323816223743869
WDI:BM.GSR.INSF.ZS:ARB,2013-12-31,9.112962907877936
WDI:BM.GSR.INSF.ZS:ARB,2014-12-31,8.683542600431574
WDI:BM.GSR.INSF.ZS:ARB,2015-12-31,9.090036241990543
WDI:BM.GSR.INSF.ZS:ARB,2016-12-31,9.272379740679746
WDI:BM.GSR.INSF.ZS:ARB,2017-12-31,9.443922238999745
WDI:BM.GSR.INSF.ZS:ARB,2018-12-31,10.567437384221934
WDI:BM.GSR.INSF.ZS:ARB,2019-12-31,9.872616941044813
WDI:BM.GSR.INSF.ZS:ARB,2020-12-31,10.863311573010536
WDI:BM.GSR.INSF.ZS:ARB,2021-12-31,12.21617215470067
WDI:BM.GSR.INSF.ZS:ARB,2022-12-31,10.176357538025169
WDI:BM.GSR.INSF.ZS:ARB,2023-12-31,9.02496505629898
WDI:BM.GSR.INSF.ZS:ARB,2024-12-31,8.98023592391329
WDI:BM.GSR.INSF.ZS:ARE,2023-12-31,7.49877870053737
WDI:BM.GSR.INSF.ZS:ARE,2024-12-31,8.14659197012138
WDI:BM.GSR.INSF.ZS:ARG,1992-12-31,1.6561985266168298
WDI:BM.GSR.INSF.ZS:ARG,1993-12-31,4.03285563385833
WDI:BM.GSR.INSF.ZS:ARG,1994-12-31,4.066709789914785
WDI:BM.GSR.INSF.ZS:ARG,1995-12-31,6.876140952591692
WDI:BM.GSR.INSF.ZS:ARG,1996-12-31,5.869589624538843
WDI:BM.GSR.INSF.ZS:ARG,1997-12-31,5.85392860158049
WDI:BM.GSR.INSF.ZS:ARG,1998-12-31,5.383841493605122
WDI:BM.GSR.INSF.ZS:ARG,1999-12-31,5.230755060333536
WDI:BM.GSR.INSF.ZS:ARG,2000-12-31,4.024094988027392
WDI:BM.GSR.INSF.ZS:ARG,2001-12-31,4.785641960768334
WDI:BM.GSR.INSF.ZS:ARG,2002-12-31,2.091848062958973
WDI:BM.GSR.INSF.ZS:ARG,2003-12-31,4.690795322620749
WDI:BM.GSR.INSF.ZS:ARG,2004-12-31,4.044197809149733
WDI:BM.GSR.INSF.ZS:ARG,2005-12-31,5.857362186186538
WDI:BM.GSR.INSF.ZS:ARG,2006-12-31,3.532032605101001
WDI:BM.GSR.INSF.ZS:ARG,2007-12-31,3.4634365800138247
WDI:BM.GSR.INSF.ZS:ARG,2008-12-31,3.3291701347043237
WDI:BM.GSR.INSF.ZS:ARG,2009-12-31,3.58423186873795
WDI:BM.GSR.INSF.ZS:ARG,2010-12-31,3.9473665539160097
WDI:BM.GSR.INSF.ZS:ARG,2011-12-31,3.98273244262534
WDI:BM.GSR.INSF.ZS:ARG,2012-12-31,3.520238533764654
WDI:BM.GSR.INSF.ZS:ARG,2013-12-31,3.219124001610771
WDI:BM.GSR.INSF.ZS:ARG,2014-12-31,4.449327733403349
WDI:BM.GSR.INSF.ZS:ARG,2015-12-31,4.00748823437601
WDI:BM.GSR.INSF.ZS:ARG,2016-12-31,2.931376713758207
WDI:BM.GSR.INSF.ZS:ARG,2017-12-31,2.5938389807801405
WDI:BM.GSR.INSF.ZS:ARG,2018-12-31,3.3365925029484567
WDI:BM.GSR.INSF.ZS:ARG,2019-12-31,2.996484904067093
WDI:BM.GSR.INSF.ZS:ARG,2020-12-31,4.273864036637041
WDI:BM.GSR.INSF.ZS:ARG,2021-12-31,4.287019856459697
WDI:BM.GSR.INSF.ZS:ARG,2022-12-31,4.168461729693155
WDI:BM.GSR.INSF.ZS:ARG,2023-12-31,3.49902949423281
WDI:BM.GSR.INSF.ZS:ARG,2024-12-31,3.62307888143141
WDI:BM.GSR.INSF.ZS:ARG,2025-12-31,3.41834529990811
WDI:BM.GSR.INSF.ZS:ARM,1993-12-31,8.147515059084839
WDI:BM.GSR.INSF.ZS:ARM,1994-12-31,7.212553166731557
WDI:BM.GSR.INSF.ZS:ARM,1995-12-31,7.140414410299692
WDI:BM.GSR.INSF.ZS:ARM,1996-12-31,6.876411534318624
WDI:BM.GSR.INSF.ZS:ARM,1997-12-31,6.525741094587978
WDI:BM.GSR.INSF.ZS:ARM,1998-12-31,6.4258603741331095
WDI:BM.GSR.INSF.ZS:ARM,1999-12-31,6.7158866542808155
WDI:BM.GSR.INSF.ZS:ARM,2000-12-31,5.532493270953769
WDI:BM.GSR.INSF.ZS:ARM,2001-12-31,3.816134769190222
WDI:BM.GSR.INSF.ZS:ARM,2002-12-31,3.7047541496199003
WDI:BM.GSR.INSF.ZS:ARM,2003-12-31,4.470908450340332
WDI:BM.GSR.INSF.ZS:ARM,2004-12-31,3.4928661213550622
WDI:BM.GSR.INSF.ZS:ARM,2005-12-31,3.9886009137872422
WDI:BM.GSR.INSF.ZS:ARM,2006-12-31,4.281663072396985
WDI:BM.GSR.INSF.ZS:ARM,2007-12-31,5.382673910709709
WDI:BM.GSR.INSF.ZS:ARM,2008-12-31,6.743790269015415
WDI:BM.GSR.INSF.ZS:ARM,2009-12-31,5.8680288498027355
WDI:BM.GSR.INSF.ZS:ARM,2010-12-31,5.213991362829171
WDI:BM.GSR.INSF.ZS:ARM,2011-12-31,4.809909353692986
WDI:BM.GSR.INSF.ZS:ARM,2012-12-31,4.356138030691649
WDI:BM.GSR.INSF.ZS:ARM,2013-12-31,4.176712460806662
WDI:BM.GSR.INSF.ZS:ARM,2014-12-31,3.7698360584453
WDI:BM.GSR.INSF.ZS:ARM,2015-12-31,3.635727092302558
WDI:BM.GSR.INSF.ZS:ARM,2016-12-31,3.853206167185953
WDI:BM.GSR.INSF.ZS:ARM,2017-12-31,3.676128202623362
WDI:BM.GSR.INSF.ZS:ARM,2018-12-31,3.6381175455963297
WDI:BM.GSR.INSF.ZS:ARM,2019-12-31,4.931983396371747
WDI:BM.GSR.INSF.ZS:ARM,2020-12-31,11.429094847147768
WDI:BM.GSR.INSF.ZS:ARM,2021-12-31,9.175847369969546
WDI:BM.GSR.INSF.ZS:ARM,2022-12-31,8.135326663055395
WDI:BM.GSR.INSF.ZS:ARM,2023-12-31,7.50228073564863
WDI:BM.GSR.INSF.ZS:ARM,2024-12-31,8.04776683354645
WDI:BM.GSR.INSF.ZS:ARM,2025-12-31,9.63665319671834
WDI:BM.GSR.INSF.ZS:ATG,1977-12-31,5.384615384615385
WDI:BM.GSR.INSF.ZS:ATG,1978-12-31,6.006339144215531
WDI:BM.GSR.INSF.ZS:ATG,1979-12-31,6.5958213256484655
WDI:BM.GSR.INSF.ZS:ATG,1980-12-31,6.72230652503792
WDI:BM.GSR.INSF.ZS:ATG,1981-12-31,6.352720450281418
WDI:BM.GSR.INSF.ZS:ATG,1982-12-31,5.876801647220299
WDI:BM.GSR.INSF.ZS:ATG,1983-12-31,5.459886547812017
WDI:BM.GSR.INSF.ZS:ATG,1984-12-31,4.907508161044608
WDI:BM.GSR.INSF.ZS:ATG,1985-12-31,4.557291666666666
WDI:BM.GSR.INSF.ZS:ATG,1986-12-31,6.004935563476826
WDI:BM.GSR.INSF.ZS:ATG,1987-12-31,6.299931522483453
WDI:BM.GSR.INSF.ZS:ATG,1988-12-31,5.973564989958423
WDI:BM.GSR.INSF.ZS:ATG,1989-12-31,6.328759451134132
WDI:BM.GSR.INSF.ZS:ATG,1990-12-31,8.55119441899799
WDI:BM.GSR.INSF.ZS:ATG,1991-12-31,6.990466031068776
WDI:BM.GSR.INSF.ZS:ATG,1992-12-31,7.464725976533497
WDI:BM.GSR.INSF.ZS:ATG,1993-12-31,11.110789785708098
WDI:BM.GSR.INSF.ZS:ATG,1994-12-31,7.813963740563189
WDI:BM.GSR.INSF.ZS:ATG,1995-12-31,11.042099727015447
WDI:BM.GSR.INSF.ZS:ATG,1996-12-31,12.224444183037333
WDI:BM.GSR.INSF.ZS:ATG,1997-12-31,9.824988174876669
WDI:BM.GSR.INSF.ZS:ATG,1998-12-31,9.414496309114407
WDI:BM.GSR.INSF.ZS:ATG,1999-12-31,15.269680153926457
WDI:BM.GSR.INSF.ZS:ATG,2000-12-31,6.718475942364492
WDI:BM.GSR.INSF.ZS:ATG,2001-12-31,7.681980722831342
WDI:BM.GSR.INSF.ZS:ATG,2002-12-31,7.639369178349874
WDI:BM.GSR.INSF.ZS:ATG,2003-12-31,7.170768424857013
WDI:BM.GSR.INSF.ZS:ATG,2004-12-31,7.263833050429927
WDI:BM.GSR.INSF.ZS:ATG,2005-12-31,7.086959584475011
WDI:BM.GSR.INSF.ZS:ATG,2006-12-31,7.854299908382966
WDI:BM.GSR.INSF.ZS:ATG,2007-12-31,8.04473185424937
WDI:BM.GSR.INSF.ZS:ATG,2008-12-31,8.136982240363876
WDI:BM.GSR.INSF.ZS:ATG,2009-12-31,7.400338153829229
WDI:BM.GSR.INSF.ZS:ATG,2010-12-31,7.806584961104909
WDI:BM.GSR.INSF.ZS:ATG,2011-12-31,7.711180510286714
WDI:BM.GSR.INSF.ZS:ATG,2012-12-31,8.432185436882381
WDI:BM.GSR.INSF.ZS:ATG,2013-12-31,8.452344433844013
WDI:BM.GSR.INSF.ZS:ATG,2014-12-31,8.726599236525013
WDI:BM.GSR.INSF.ZS:ATG,2015-12-31,8.9306594399334
WDI:BM.GSR.INSF.ZS:ATG,2016-12-31,8.047850200001882
WDI:BM.GSR.INSF.ZS:ATG,2017-12-31,9.383449141845643
WDI:BM.GSR.INSF.ZS:ATG,2018-12-31,9.059836939268957
WDI:BM.GSR.INSF.ZS:ATG,2019-12-31,8.705278940713255
WDI:BM.GSR.INSF.ZS:ATG,2020-12-31,14.99173202426747
WDI:BM.GSR.INSF.ZS:ATG,2021-12-31,13.072047445095206
WDI:BM.GSR.INSF.ZS:ATG,2022-12-31,10.50277976470844
WDI:BM.GSR.INSF.ZS:ATG,2023-12-31,10.588025333429
WDI:BM.GSR.INSF.ZS:ATG,2024-12-31,10.361225160602
WDI:BM.GSR.INSF.ZS:ATG,2025-12-31,10.2061908100301
WDI:BM.GSR.INSF.ZS:AUS,1989-12-31,5.3513729326955595
WDI:BM.GSR.INSF.ZS:AUS,1990-12-31,5.525476369797471
WDI:BM.GSR.INSF.ZS:AUS,1991-12-31,7.257186625660913
WDI:BM.GSR.INSF.ZS:AUS,1992-12-31,8.285691691595561
WDI:BM.GSR.INSF.ZS:AUS,1993-12-31,9.467173352308748
WDI:BM.GSR.INSF.ZS:AUS,1994-12-31,9.576234234691935
WDI:BM.GSR.INSF.ZS:AUS,1995-12-31,7.80579288758019
WDI:BM.GSR.INSF.ZS:AUS,1996-12-31,7.034422150772351
WDI:BM.GSR.INSF.ZS:AUS,1997-12-31,6.033946202531743
WDI:BM.GSR.INSF.ZS:AUS,1998-12-31,5.144023261079509
WDI:BM.GSR.INSF.ZS:AUS,1999-12-31,5.408797090778217
WDI:BM.GSR.INSF.ZS:AUS,2000-12-31,5.222143103712436
WDI:BM.GSR.INSF.ZS:AUS,2001-12-31,4.586394181450649
WDI:BM.GSR.INSF.ZS:AUS,2002-12-31,4.367779293867321
WDI:BM.GSR.INSF.ZS:AUS,2003-12-31,4.405933088972443
WDI:BM.GSR.INSF.ZS:AUS,2004-12-31,3.852851184094577
WDI:BM.GSR.INSF.ZS:AUS,2005-12-31,4.048665981346593
WDI:BM.GSR.INSF.ZS:AUS,2006-12-31,4.291853040973178
WDI:BM.GSR.INSF.ZS:AUS,2007-12-31,4.338253693111558
WDI:BM.GSR.INSF.ZS:AUS,2008-12-31,3.556034852989055
WDI:BM.GSR.INSF.ZS:AUS,2009-12-31,2.992298351649263
WDI:BM.GSR.INSF.ZS:AUS,2010-12-31,3.572304052872725
WDI:BM.GSR.INSF.ZS:AUS,2011-12-31,3.337886408468453
WDI:BM.GSR.INSF.ZS:AUS,2012-12-31,2.931313076782796
WDI:BM.GSR.INSF.ZS:AUS,2013-12-31,3.3763692224257307
WDI:BM.GSR.INSF.ZS:AUS,2014-12-31,4.111245043851953
WDI:BM.GSR.INSF.ZS:AUS,2015-12-31,4.434434672316208
WDI:BM.GSR.INSF.ZS:AUS,2016-12-31,3.817120660426174
WDI:BM.GSR.INSF.ZS:AUS,2017-12-31,4.10357938678873
WDI:BM.GSR.INSF.ZS:AUS,2018-12-31,3.363328718885729
WDI:BM.GSR.INSF.ZS:AUS,2019-12-31,3.404950942362967
WDI:BM.GSR.INSF.ZS:AUS,2020-12-31,5.335232146631933
WDI:BM.GSR.INSF.ZS:AUS,2021-12-31,5.398447834092236
WDI:BM.GSR.INSF.ZS:AUS,2022-12-31,3.4242347846105683
WDI:BM.GSR.INSF.ZS:AUS,2023-12-31,2.58500382802601
WDI:BM.GSR.INSF.ZS:AUS,2024-12-31,2.60137248856574
WDI:BM.GSR.INSF.ZS:AUS,2025-12-31,2.43359488273623
WDI:BM.GSR.INSF.ZS:AUT,2005-12-31,4.632451071022109
WDI:BM.GSR.INSF.ZS:AUT,2006-12-31,6.806421482026829
WDI:BM.GSR.INSF.ZS:AUT,2007-12-31,8.059322144692418
WDI:BM.GSR.INSF.ZS:AUT,2008-12-31,6.034785330157459
WDI:BM.GSR.INSF.ZS:AUT,2009-12-31,6.451107852763855
WDI:BM.GSR.INSF.ZS:AUT,2010-12-31,6.439035748637193
WDI:BM.GSR.INSF.ZS:AUT,2011-12-31,6.386941234056458
WDI:BM.GSR.INSF.ZS:AUT,2012-12-31,6.046847485617044
WDI:BM.GSR.INSF.ZS:AUT,2013-12-31,5.258968239280359
WDI:BM.GSR.INSF.ZS:AUT,2014-12-31,5.191468007476926
WDI:BM.GSR.INSF.ZS:AUT,2015-12-31,5.441091246584833
WDI:BM.GSR.INSF.ZS:AUT,2016-12-31,5.8317712225503415
WDI:BM.GSR.INSF.ZS:AUT,2017-12-31,5.831017818294423
WDI:BM.GSR.INSF.ZS:AUT,2018-12-31,5.1641159550020355
WDI:BM.GSR.INSF.ZS:AUT,2019-12-31,4.975320587100291
WDI:BM.GSR.INSF.ZS:AUT,2020-12-31,5.427407127154604
WDI:BM.GSR.INSF.ZS:AUT,2021-12-31,5.757206118718043
WDI:BM.GSR.INSF.ZS:AUT,2022-12-31,3.85037263357091
WDI:BM.GSR.INSF.ZS:AUT,2023-12-31,4.03427597018676
WDI:BM.GSR.INSF.ZS:AUT,2024-12-31,4.78774661829339
WDI:BM.GSR.INSF.ZS:AUT,2025-12-31,4.27347806938596
WDI:BM.GSR.INSF.ZS:AZE,1995-12-31,0.8091544418147381
WDI:BM.GSR.INSF.ZS:AZE,1996-12-31,0.7346470337406893
WDI:BM.GSR.INSF.ZS:AZE,1997-12-31,1.3324535714384107
WDI:BM.GSR.INSF.ZS:AZE,1998-12-31,0.9966137393992063
WDI:BM.GSR.INSF.ZS:AZE,2001-12-31,1.7642679340918832
WDI:BM.GSR.INSF.ZS:AZE,2002-12-31,1.0189130471394647
WDI:BM.GSR.INSF.ZS:AZE,2003-12-31,1.1982874629687068
WDI:BM.GSR.INSF.ZS:AZE,2004-12-31,1.3450895568974857
WDI:BM.GSR.INSF.ZS:AZE,2005-12-31,1.9188731758688131
WDI:BM.GSR.INSF.ZS:AZE,2006-12-31,4.046416660995032
WDI:BM.GSR.INSF.ZS:AZE,2007-12-31,5.559878293749262
WDI:BM.GSR.INSF.ZS:AZE,2008-12-31,1.6668360709577539
WDI:BM.GSR.INSF.ZS:AZE,2009-12-31,2.416686833853325
WDI:BM.GSR.INSF.ZS:AZE,2010-12-31,3.049128236997993
WDI:BM.GSR.INSF.ZS:AZE,2011-12-31,2.6880378991287097
WDI:BM.GSR.INSF.ZS:AZE,2012-12-31,2.3490022316200916
WDI:BM.GSR.INSF.ZS:AZE,2013-12-31,2.036976027806
WDI:BM.GSR.INSF.ZS:AZE,2014-12-31,1.5482845837488077
WDI:BM.GSR.INSF.ZS:AZE,2015-12-31,1.829686685497076
WDI:BM.GSR.INSF.ZS:AZE,2016-12-31,1.7283845586852242
WDI:BM.GSR.INSF.ZS:AZE,2017-12-31,2.0172161960357733
WDI:BM.GSR.INSF.ZS:AZE,2018-12-31,2.978642279427845
WDI:BM.GSR.INSF.ZS:AZE,2019-12-31,3.1435646118164136
WDI:BM.GSR.INSF.ZS:AZE,2020-12-31,3.10494802581065
WDI:BM.GSR.INSF.ZS:AZE,2021-12-31,3.488077805647426
WDI:BM.GSR.INSF.ZS:AZE,2022-12-31,3.0195167784128607
WDI:BM.GSR.INSF.ZS:AZE,2023-12-31,3.13925192531504
WDI:BM.GSR.INSF.ZS:AZE,2024-12-31,3.07221273404587
WDI:BM.GSR.INSF.ZS:AZE,2025-12-31,2.68822090634997
WDI:BM.GSR.INSF.ZS:BDI,1985-12-31,4.4434137291280145
WDI:BM.GSR.INSF.ZS:BDI,1986-12-31,3.30069810999489
WDI:BM.GSR.INSF.ZS:BDI,1987-12-31,2.9289215686274526
WDI:BM.GSR.INSF.ZS:BDI,1988-12-31,2.883804563492066
WDI:BM.GSR.INSF.ZS:BDI,1989-12-31,3.467165702619932
WDI:BM.GSR.INSF.ZS:BDI,1990-12-31,2.877258944266946
WDI:BM.GSR.INSF.ZS:BDI,1991-12-31,3.0171657589308283
WDI:BM.GSR.INSF.ZS:BDI,1992-12-31,2.610476862953459
WDI:BM.GSR.INSF.ZS:BDI,1993-12-31,2.0732450948742933
WDI:BM.GSR.INSF.ZS:BDI,1994-12-31,3.130925793266188
WDI:BM.GSR.INSF.ZS:BDI,1995-12-31,4.400884020370908
WDI:BM.GSR.INSF.ZS:BDI,1996-12-31,3.736225895316806
WDI:BM.GSR.INSF.ZS:BDI,1997-12-31,9.318369448826616
WDI:BM.GSR.INSF.ZS:BDI,1998-12-31,4.85611510791367
WDI:BM.GSR.INSF.ZS:BDI,1999-12-31,6.795015371885467
WDI:BM.GSR.INSF.ZS:BDI,2000-12-31,3.6329961069228847
WDI:BM.GSR.INSF.ZS:BDI,2001-12-31,3.891827854673993
WDI:BM.GSR.INSF.ZS:BDI,2002-12-31,2.7121101152948723
WDI:BM.GSR.INSF.ZS:BDI,2003-12-31,3.401982347396381
WDI:BM.GSR.INSF.ZS:BDI,2004-12-31,4.965050657148313
WDI:BM.GSR.INSF.ZS:BDI,2005-12-31,3.2370308105092858
WDI:BM.GSR.INSF.ZS:BDI,2006-12-31,2.318694973957641
WDI:BM.GSR.INSF.ZS:BDI,2007-12-31,1.7507354997312798
WDI:BM.GSR.INSF.ZS:BDI,2008-12-31,2.8522224547090675
WDI:BM.GSR.INSF.ZS:BDI,2009-12-31,2.5836709748559046
WDI:BM.GSR.INSF.ZS:BDI,2010-12-31,2.3574547114826854
WDI:BM.GSR.INSF.ZS:BDI,2011-12-31,1.977752104996296
WDI:BM.GSR.INSF.ZS:BDI,2012-12-31,1.5538038722159082
WDI:BM.GSR.INSF.ZS:BDI,2013-12-31,1.8980798334586644
WDI:BM.GSR.INSF.ZS:BDI,2014-12-31,2.649813649398867
WDI:BM.GSR.INSF.ZS:BDI,2015-12-31,5.228690171317905
WDI:BM.GSR.INSF.ZS:BDI,2016-12-31,2.764997340187803
WDI:BM.GSR.INSF.ZS:BDI,2017-12-31,2.102133866300172
WDI:BM.GSR.INSF.ZS:BDI,2018-12-31,1.5119664352986721
WDI:BM.GSR.INSF.ZS:BDI,2019-12-31,0.9374993906089018
WDI:BM.GSR.INSF.ZS:BDI,2020-12-31,0.8557922267311197
WDI:BM.GSR.INSF.ZS:BDI,2021-12-31,0.527841110532145
WDI:BM.GSR.INSF.ZS:BDI,2022-12-31,2.8717970597994436
WDI:BM.GSR.INSF.ZS:BDI,2023-12-31,3.59495605368135
WDI:BM.GSR.INSF.ZS:BDI,2024-12-31,10.4568485205666
WDI:BM.GSR.INSF.ZS:BDI,2025-12-31,10.1475108471006
WDI:BM.GSR.INSF.ZS:BEL,2002-12-31,7.357532061541515
WDI:BM.GSR.INSF.ZS:BEL,2003-12-31,7.509849059247752
WDI:BM.GSR.INSF.ZS:BEL,2004-12-31,7.5922880629235605
WDI:BM.GSR.INSF.ZS:BEL,2005-12-31,7.651599900510388
WDI:BM.GSR.INSF.ZS:BEL,2006-12-31,7.374215512788404
WDI:BM.GSR.INSF.ZS:BEL,2007-12-31,4.950361871067459
WDI:BM.GSR.INSF.ZS:BEL,2008-12-31,7.91322259155259
WDI:BM.GSR.INSF.ZS:BEL,2009-12-31,8.133561918358131
WDI:BM.GSR.INSF.ZS:BEL,2010-12-31,8.61489596701835
WDI:BM.GSR.INSF.ZS:BEL,2011-12-31,8.84640781717296
WDI:BM.GSR.INSF.ZS:BEL,2012-12-31,8.072518520080864
WDI:BM.GSR.INSF.ZS:BEL,2013-12-31,7.75682142725636
WDI:BM.GSR.INSF.ZS:BEL,2014-12-31,7.277276529336498
WDI:BM.GSR.INSF.ZS:BEL,2015-12-31,6.750437347530257
WDI:BM.GSR.INSF.ZS:BEL,2016-12-31,7.070418132694161
WDI:BM.GSR.INSF.ZS:BEL,2017-12-31,7.448472735962838
WDI:BM.GSR.INSF.ZS:BEL,2018-12-31,6.789151928310957
WDI:BM.GSR.INSF.ZS:BEL,2019-12-31,6.900367694346844
WDI:BM.GSR.INSF.ZS:BEL,2020-12-31,7.615470106639304
WDI:BM.GSR.INSF.ZS:BEL,2021-12-31,7.979982555340218
WDI:BM.GSR.INSF.ZS:BEL,2022-12-31,7.659570081380653
WDI:BM.GSR.INSF.ZS:BEL,2023-12-31,8.30940095287291
WDI:BM.GSR.INSF.ZS:BEL,2024-12-31,8.87720708122898
WDI:BM.GSR.INSF.ZS:BEL,2025-12-31,8.89730061462968
WDI:BM.GSR.INSF.ZS:BEN,1974-12-31,10.418157652591766
WDI:BM.GSR.INSF.ZS:BEN,1975-12-31,10.149133413945982
WDI:BM.GSR.INSF.ZS:BEN,1976-12-31,12.072752230610854
WDI:BM.GSR.INSF.ZS:BEN,1977-12-31,12.656348163801479
WDI:BM.GSR.INSF.ZS:BEN,1978-12-31,11.756168359941908
WDI:BM.GSR.INSF.ZS:BEN,1979-12-31,10.742942050519998
WDI:BM.GSR.INSF.ZS:BEN,1980-12-31,10.146885760362716
WDI:BM.GSR.INSF.ZS:BEN,1981-12-31,13.031702220961142
WDI:BM.GSR.INSF.ZS:BEN,1982-12-31,13.58420980740331
WDI:BM.GSR.INSF.ZS:BEN,1983-12-31,10.931955602236842
WDI:BM.GSR.INSF.ZS:BEN,1984-12-31,10.924964030531376
WDI:BM.GSR.INSF.ZS:BEN,1985-12-31,5.180000000000016
WDI:BM.GSR.INSF.ZS:BEN,1986-12-31,5.956416464891086
WDI:BM.GSR.INSF.ZS:BEN,1987-12-31,5.871121718377098
WDI:BM.GSR.INSF.ZS:BEN,1988-12-31,6.000986899702332
WDI:BM.GSR.INSF.ZS:BEN,1989-12-31,5.998499190352681
WDI:BM.GSR.INSF.ZS:BEN,1990-12-31,4.922131873757176
WDI:BM.GSR.INSF.ZS:BEN,1991-12-31,3.0011742180605188
WDI:BM.GSR.INSF.ZS:BEN,1992-12-31,4.557787649590772
WDI:BM.GSR.INSF.ZS:BEN,1993-12-31,5.949720445028936
WDI:BM.GSR.INSF.ZS:BEN,1994-12-31,6.4204971380061675
WDI:BM.GSR.INSF.ZS:BEN,1995-12-31,8.975279787591019
WDI:BM.GSR.INSF.ZS:BEN,1996-12-31,9.764741762806706
WDI:BM.GSR.INSF.ZS:BEN,1997-12-31,12.025448580943412
WDI:BM.GSR.INSF.ZS:BEN,1998-12-31,9.729753637931804
WDI:BM.GSR.INSF.ZS:BEN,1999-12-31,9.187418868712784
WDI:BM.GSR.INSF.ZS:BEN,2000-12-31,8.92806451847699
WDI:BM.GSR.INSF.ZS:BEN,2001-12-31,9.86563645143875
WDI:BM.GSR.INSF.ZS:BEN,2002-12-31,10.87337200394004
WDI:BM.GSR.INSF.ZS:BEN,2003-12-31,12.890471612527579
WDI:BM.GSR.INSF.ZS:BEN,2004-12-31,10.66159158687806
WDI:BM.GSR.INSF.ZS:BEN,2005-12-31,10.67944802852883
WDI:BM.GSR.INSF.ZS:BEN,2006-12-31,9.514139590854393
WDI:BM.GSR.INSF.ZS:BEN,2007-12-31,9.625481274063686
WDI:BM.GSR.INSF.ZS:BEN,2008-12-31,4.746684414009307
WDI:BM.GSR.INSF.ZS:BEN,2009-12-31,4.763572380334136
WDI:BM.GSR.INSF.ZS:BEN,2010-12-31,4.7282056512511845
WDI:BM.GSR.INSF.ZS:BEN,2011-12-31,4.736347115209532
WDI:BM.GSR.INSF.ZS:BEN,2012-12-31,7.377592999862742
WDI:BM.GSR.INSF.ZS:BEN,2013-12-31,2.9763564333281494
WDI:BM.GSR.INSF.ZS:BEN,2014-12-31,2.3961813515356463
WDI:BM.GSR.INSF.ZS:BEN,2015-12-31,2.544029418874667
WDI:BM.GSR.INSF.ZS:BEN,2016-12-31,1.9061862700229582
WDI:BM.GSR.INSF.ZS:BEN,2017-12-31,1.8091836561401873
WDI:BM.GSR.INSF.ZS:BEN,2018-12-31,1.8581720045931633
WDI:BM.GSR.INSF.ZS:BEN,2019-12-31,1.7778605133225587
WDI:BM.GSR.INSF.ZS:BEN,2020-12-31,1.5044812421149374
WDI:BM.GSR.INSF.ZS:BEN,2021-12-31,2.1173145898545958
WDI:BM.GSR.INSF.ZS:BEN,2022-12-31,1.8968384697696163
WDI:BM.GSR.INSF.ZS:BEN,2023-12-31,2.66037869528207
WDI:BM.GSR.INSF.ZS:BFA,2005-12-31,13.320209627452122
WDI:BM.GSR.INSF.ZS:BFA,2006-12-31,16.180018345413387
WDI:BM.GSR.INSF.ZS:BFA,2007-12-31,15.537279575814713
WDI:BM.GSR.INSF.ZS:BFA,2008-12-31,15.80621410690622
WDI:BM.GSR.INSF.ZS:BFA,2009-12-31,13.980573724678619
WDI:BM.GSR.INSF.ZS:BFA,2010-12-31,12.04212964533372
WDI:BM.GSR.INSF.ZS:BFA,2011-12-31,13.065241823907552
WDI:BM.GSR.INSF.ZS:BFA,2012-12-31,20.508169301933997
WDI:BM.GSR.INSF.ZS:BFA,2013-12-31,17.398904559555074
WDI:BM.GSR.INSF.ZS:BFA,2014-12-31,18.30565954907862
WDI:BM.GSR.INSF.ZS:BFA,2015-12-31,18.552747937778157
WDI:BM.GSR.INSF.ZS:BFA,2016-12-31,17.840128132839823
WDI:BM.GSR.INSF.ZS:BFA,2017-12-31,16.67199290628116
WDI:BM.GSR.INSF.ZS:BFA,2018-12-31,16.67185571851325
WDI:BM.GSR.INSF.ZS:BFA,2019-12-31,16.628801904412626
WDI:BM.GSR.INSF.ZS:BFA,2020-12-31,19.38383788709304
WDI:BM.GSR.INSF.ZS:BFA,2021-12-31,18.877272100949565
WDI:BM.GSR.INSF.ZS:BFA,2022-12-31,16.27372592601813
WDI:BM.GSR.INSF.ZS:BFA,2023-12-31,16.498322013684
WDI:BM.GSR.INSF.ZS:BFA,2024-12-31,16.0993993614606
WDI:BM.GSR.INSF.ZS:BGD,1976-12-31,6.5018349622766065
WDI:BM.GSR.INSF.ZS:BGD,1977-12-31,6.326085534398615
WDI:BM.GSR.INSF.ZS:BGD,1978-12-31,6.041276007791135
WDI:BM.GSR.INSF.ZS:BGD,1979-12-31,5.9514242757600115
WDI:BM.GSR.INSF.ZS:BGD,1980-12-31,6.008464191441478
WDI:BM.GSR.INSF.ZS:BGD,1981-12-31,5.980379153507114
WDI:BM.GSR.INSF.ZS:BGD,1982-12-31,5.680080492182326
WDI:BM.GSR.INSF.ZS:BGD,1983-12-31,5.1826055807703195
WDI:BM.GSR.INSF.ZS:BGD,1984-12-31,5.660622873083481
WDI:BM.GSR.INSF.ZS:BGD,1985-12-31,5.4276668496899045
WDI:BM.GSR.INSF.ZS:BGD,1986-12-31,4.968070077593612
WDI:BM.GSR.INSF.ZS:BGD,1987-12-31,5.412175695605726
WDI:BM.GSR.INSF.ZS:BGD,1988-12-31,5.031137405343697
WDI:BM.GSR.INSF.ZS:BGD,1989-12-31,4.94198447231464
WDI:BM.GSR.INSF.ZS:BGD,1990-12-31,5.208777885020406
WDI:BM.GSR.INSF.ZS:BGD,1991-12-31,4.876897154750739
WDI:BM.GSR.INSF.ZS:BGD,1992-12-31,4.857328985054502
WDI:BM.GSR.INSF.ZS:BGD,1993-12-31,4.549473736867499
WDI:BM.GSR.INSF.ZS:BGD,1994-12-31,4.735226178583747
WDI:BM.GSR.INSF.ZS:BGD,1995-12-31,4.382418042050959
WDI:BM.GSR.INSF.ZS:BGD,1996-12-31,8.524659999777803
WDI:BM.GSR.INSF.ZS:BGD,1997-12-31,7.970575348859188
WDI:BM.GSR.INSF.ZS:BGD,1998-12-31,8.112486187387894
WDI:BM.GSR.INSF.ZS:BGD,1999-12-31,7.435002373484935
WDI:BM.GSR.INSF.ZS:BGD,2000-12-31,7.393597784479941
WDI:BM.GSR.INSF.ZS:BGD,2001-12-31,7.385720507195667
WDI:BM.GSR.INSF.ZS:BGD,2002-12-31,7.327683075895195
WDI:BM.GSR.INSF.ZS:BGD,2003-12-31,7.105882375385339
WDI:BM.GSR.INSF.ZS:BGD,2004-12-31,7.378293513089537
WDI:BM.GSR.INSF.ZS:BGD,2005-12-31,6.9324208736021005
WDI:BM.GSR.INSF.ZS:BGD,2006-12-31,7.694699010471156
WDI:BM.GSR.INSF.ZS:BGD,2007-12-31,5.682784762859756
WDI:BM.GSR.INSF.ZS:BGD,2008-12-31,1.1742177462507415
WDI:BM.GSR.INSF.ZS:BGD,2009-12-31,1.6315390526695985
WDI:BM.GSR.INSF.ZS:BGD,2010-12-31,1.6327435659652647
WDI:BM.GSR.INSF.ZS:BGD,2011-12-31,2.008009286798104
WDI:BM.GSR.INSF.ZS:BGD,2012-12-31,5.075724840924719
WDI:BM.GSR.INSF.ZS:BGD,2013-12-31,7.295754410882725
WDI:BM.GSR.INSF.ZS:BGD,2014-12-31,10.521797685857361
WDI:BM.GSR.INSF.ZS:BGD,2015-12-31,6.3900378553652075
WDI:BM.GSR.INSF.ZS:BGD,2016-12-31,11.458420027554762
WDI:BM.GSR.INSF.ZS:BGD,2017-12-31,11.385461920764897
WDI:BM.GSR.INSF.ZS:BGD,2018-12-31,16.536700554945664
WDI:BM.GSR.INSF.ZS:BGD,2019-12-31,11.624727122890848
WDI:BM.GSR.INSF.ZS:BGD,2020-12-31,7.60786575420927
WDI:BM.GSR.INSF.ZS:BGD,2021-12-31,6.95074367212197
WDI:BM.GSR.INSF.ZS:BGD,2022-12-31,6.881962036769522
WDI:BM.GSR.INSF.ZS:BGD,2023-12-31,9.18896223358535
WDI:BM.GSR.INSF.ZS:BGD,2024-12-31,6.34396209220047
WDI:BM.GSR.INSF.ZS:BGD,2025-12-31,5.46059174566764
WDI:BM.GSR.INSF.ZS:BGR,1980-12-31,5.701275045537341
WDI:BM.GSR.INSF.ZS:BGR,1981-12-31,6.617862371888726
WDI:BM.GSR.INSF.ZS:BGR,1982-12-31,6.476190476190475
WDI:BM.GSR.INSF.ZS:BGR,1983-12-31,6.17056856187291
WDI:BM.GSR.INSF.ZS:BGR,1984-12-31,6.058519793459553
WDI:BM.GSR.INSF.ZS:BGR,1985-12-31,5.886850152905199
WDI:BM.GSR.INSF.ZS:BGR,1986-12-31,5.657686212361331
WDI:BM.GSR.INSF.ZS:BGR,1987-12-31,5.7034795763993955
WDI:BM.GSR.INSF.ZS:BGR,1988-12-31,5.914634146341463
WDI:BM.GSR.INSF.ZS:BGR,1989-12-31,4.471337579617835
WDI:BM.GSR.INSF.ZS:BGR,1990-12-31,4.5
WDI:BM.GSR.INSF.ZS:BGR,1997-12-31,8.65265760197775
WDI:BM.GSR.INSF.ZS:BGR,1998-12-31,2.4615996754724705
WDI:BM.GSR.INSF.ZS:BGR,1999-12-31,4.4482698360291835
WDI:BM.GSR.INSF.ZS:BGR,2000-12-31,5.350166541155801
WDI:BM.GSR.INSF.ZS:BGR,2001-12-31,3.248302192741867
WDI:BM.GSR.INSF.ZS:BGR,2002-12-31,4.5759855056783785
WDI:BM.GSR.INSF.ZS:BGR,2003-12-31,3.9424303717162807
WDI:BM.GSR.INSF.ZS:BGR,2004-12-31,3.6897932078745574
WDI:BM.GSR.INSF.ZS:BGR,2005-12-31,3.7207788865800016
WDI:BM.GSR.INSF.ZS:BGR,2006-12-31,4.476577593879377
WDI:BM.GSR.INSF.ZS:BGR,2007-12-31,5.767988377591558
WDI:BM.GSR.INSF.ZS:BGR,2008-12-31,4.347010299171353
WDI:BM.GSR.INSF.ZS:BGR,2009-12-31,8.050155336893821
WDI:BM.GSR.INSF.ZS:BGR,2010-12-31,4.784454700594062
WDI:BM.GSR.INSF.ZS:BGR,2011-12-31,4.198842375232997
WDI:BM.GSR.INSF.ZS:BGR,2012-12-31,3.946644266141413
WDI:BM.GSR.INSF.ZS:BGR,2013-12-31,4.8328712530174895
WDI:BM.GSR.INSF.ZS:BGR,2014-12-31,4.755907765514033
WDI:BM.GSR.INSF.ZS:BGR,2015-12-31,12.470850352766432
WDI:BM.GSR.INSF.ZS:BGR,2016-12-31,8.04140439441566
WDI:BM.GSR.INSF.ZS:BGR,2017-12-31,8.901011062291502
WDI:BM.GSR.INSF.ZS:BGR,2018-12-31,16.043961293316407
WDI:BM.GSR.INSF.ZS:BGR,2019-12-31,13.397668159004251
WDI:BM.GSR.INSF.ZS:BGR,2020-12-31,12.723830791057683
WDI:BM.GSR.INSF.ZS:BGR,2021-12-31,12.47097699754424
WDI:BM.GSR.INSF.ZS:BGR,2022-12-31,9.768033365137972
WDI:BM.GSR.INSF.ZS:BGR,2023-12-31,7.7348164899618
WDI:BM.GSR.INSF.ZS:BGR,2024-12-31,7.22439846669746
WDI:BM.GSR.INSF.ZS:BGR,2025-12-31,6.31129330668334
WDI:BM.GSR.INSF.ZS:BHR,1975-12-31,6.755994358251023
WDI:BM.GSR.INSF.ZS:BHR,1976-12-31,6.902286902286914
WDI:BM.GSR.INSF.ZS:BHR,1977-12-31,6.885665529010226
WDI:BM.GSR.INSF.ZS:BHR,1978-12-31,6.069277108433738
WDI:BM.GSR.INSF.ZS:BHR,1979-12-31,6.29340892983698
WDI:BM.GSR.INSF.ZS:BHR,1980-12-31,7.004479283314674
WDI:BM.GSR.INSF.ZS:BHR,1981-12-31,6.482127288578902
WDI:BM.GSR.INSF.ZS:BHR,1982-12-31,4.821428571428576
WDI:BM.GSR.INSF.ZS:BHR,1983-12-31,6.528221512247076
WDI:BM.GSR.INSF.ZS:BHR,1984-12-31,6.267369429803553
WDI:BM.GSR.INSF.ZS:BHR,1985-12-31,6.3581927054980865
WDI:BM.GSR.INSF.ZS:BHR,1986-12-31,7.349593495934943
WDI:BM.GSR.INSF.ZS:BHR,1987-12-31,5.167173252279619
WDI:BM.GSR.INSF.ZS:BHR,1988-12-31,4.899497487437172
WDI:BM.GSR.INSF.ZS:BHR,1989-12-31,5.630975143403434
WDI:BM.GSR.INSF.ZS:BHR,1990-12-31,3.9798206278026784
WDI:BM.GSR.INSF.ZS:BHR,1991-12-31,4.4300647088103515
WDI:BM.GSR.INSF.ZS:BHR,1992-12-31,4.491413474240414
WDI:BM.GSR.INSF.ZS:BHR,1993-12-31,4.159049360146247
WDI:BM.GSR.INSF.ZS:BHR,1994-12-31,4.020530367835749
WDI:BM.GSR.INSF.ZS:BHR,1995-12-31,3.582214765100663
WDI:BM.GSR.INSF.ZS:BHR,1996-12-31,3.8671874999999964
WDI:BM.GSR.INSF.ZS:BHR,1997-12-31,3.9128613322161674
WDI:BM.GSR.INSF.ZS:BHR,1998-12-31,4.1044471644226785
WDI:BM.GSR.INSF.ZS:BHR,1999-12-31,3.4211352925312104
WDI:BM.GSR.INSF.ZS:BHR,2000-12-31,3.4121542487716545
WDI:BM.GSR.INSF.ZS:BHR,2001-12-31,3.614255253460329
WDI:BM.GSR.INSF.ZS:BHR,2002-12-31,3.5330826107801
WDI:BM.GSR.INSF.ZS:BHR,2003-12-31,3.9602516398040666
WDI:BM.GSR.INSF.ZS:BHR,2004-12-31,14.209928487627518
WDI:BM.GSR.INSF.ZS:BHR,2005-12-31,16.533333333333385
WDI:BM.GSR.INSF.ZS:BHR,2006-12-31,19.03789121394377
WDI:BM.GSR.INSF.ZS:BHR,2007-12-31,20.693456336486566
WDI:BM.GSR.INSF.ZS:BHR,2008-12-31,21.13454736014673
WDI:BM.GSR.INSF.ZS:BHR,2009-12-31,23.97952948365414
WDI:BM.GSR.INSF.ZS:BHR,2010-12-31,22.66089627251151
WDI:BM.GSR.INSF.ZS:BHR,2011-12-31,4.770450127112304
WDI:BM.GSR.INSF.ZS:BHR,2012-12-31,49.50765575501579
WDI:BM.GSR.INSF.ZS:BHR,2013-12-31,53.16825708143177
WDI:BM.GSR.INSF.ZS:BHR,2014-12-31,55.13332442144818
WDI:BM.GSR.INSF.ZS:BHR,2015-12-31,55.83168596441672
WDI:BM.GSR.INSF.ZS:BHR,2016-12-31,50.25071811057121
WDI:BM.GSR.INSF.ZS:BHR,2017-12-31,47.71603043018447
WDI:BM.GSR.INSF.ZS:BHR,2018-12-31,50.73871821501559
WDI:BM.GSR.INSF.ZS:BHR,2019-12-31,48.38191271466835
WDI:BM.GSR.INSF.ZS:BHR,2020-12-31,42.80095950016731
WDI:BM.GSR.INSF.ZS:BHR,2021-12-31,38.35799787868068
WDI:BM.GSR.INSF.ZS:BHR,2022-12-31,38.6426162053541
WDI:BM.GSR.INSF.ZS:BHR,2023-12-31,35.393332745392
WDI:BM.GSR.INSF.ZS:BHR,2024-12-31,34.9632463568757
WDI:BM.GSR.INSF.ZS:BHS,1976-12-31,1.529497450837582
WDI:BM.GSR.INSF.ZS:BHS,1977-12-31,1.056168987037926
WDI:BM.GSR.INSF.ZS:BHS,1978-12-31,1.4220416455053326
WDI:BM.GSR.INSF.ZS:BHS,1979-12-31,1.4925373134328357
WDI:BM.GSR.INSF.ZS:BHS,1980-12-31,1.5168752370117558
WDI:BM.GSR.INSF.ZS:BHS,1981-12-31,1.3522215067611076
WDI:BM.GSR.INSF.ZS:BHS,1982-12-31,1.2424154868535104
WDI:BM.GSR.INSF.ZS:BHS,1983-12-31,1.2841091492776886
WDI:BM.GSR.INSF.ZS:BHS,1984-12-31,1.4825174825174825
WDI:BM.GSR.INSF.ZS:BHS,1985-12-31,1.6905737704918034
WDI:BM.GSR.INSF.ZS:BHS,1986-12-31,1.7716064160881013
WDI:BM.GSR.INSF.ZS:BHS,1987-12-31,1.6453777873998703
WDI:BM.GSR.INSF.ZS:BHS,1988-12-31,1.5472312703583062
WDI:BM.GSR.INSF.ZS:BHS,1989-12-31,5.019157088122606
WDI:BM.GSR.INSF.ZS:BHS,1990-12-31,4.81675392670157
WDI:BM.GSR.INSF.ZS:BHS,1991-12-31,5.244946275723912
WDI:BM.GSR.INSF.ZS:BHS,1992-12-31,5.955383123181377
WDI:BM.GSR.INSF.ZS:BHS,1993-12-31,9.053439954908937
WDI:BM.GSR.INSF.ZS:BHS,1994-12-31,11.463647959183673
WDI:BM.GSR.INSF.ZS:BHS,1995-12-31,11.641370677515257
WDI:BM.GSR.INSF.ZS:BHS,1996-12-31,10.086616373288628
WDI:BM.GSR.INSF.ZS:BHS,1997-12-31,7.751196172248803
WDI:BM.GSR.INSF.ZS:BHS,1998-12-31,6.02482591583409
WDI:BM.GSR.INSF.ZS:BHS,1999-12-31,6.44815766923736
WDI:BM.GSR.INSF.ZS:BHS,2000-12-31,7.224475469932143
WDI:BM.GSR.INSF.ZS:BHS,2001-12-31,8.579942457870942
WDI:BM.GSR.INSF.ZS:BHS,2002-12-31,9.11978134620182
WDI:BM.GSR.INSF.ZS:BHS,2003-12-31,9.679427326486149
WDI:BM.GSR.INSF.ZS:BHS,2004-12-31,6.624705595711849
WDI:BM.GSR.INSF.ZS:BHS,2005-12-31,7.5320498022003095
WDI:BM.GSR.INSF.ZS:BHS,2006-12-31,7.495328611247339
WDI:BM.GSR.INSF.ZS:BHS,2007-12-31,6.775809736586397
WDI:BM.GSR.INSF.ZS:BHS,2008-12-31,7.596396747366837
WDI:BM.GSR.INSF.ZS:BHS,2009-12-31,7.737886716669607
WDI:BM.GSR.INSF.ZS:BHS,2010-12-31,13.991218340899739
WDI:BM.GSR.INSF.ZS:BHS,2011-12-31,14.380884807302907
WDI:BM.GSR.INSF.ZS:BHS,2012-12-31,12.594453523891158
WDI:BM.GSR.INSF.ZS:BHS,2013-12-31,9.701793195952014
WDI:BM.GSR.INSF.ZS:BHS,2014-12-31,8.322377254840752
WDI:BM.GSR.INSF.ZS:BHS,2015-12-31,11.102839450319951
WDI:BM.GSR.INSF.ZS:BHS,2016-12-31,8.528849544580549
WDI:BM.GSR.INSF.ZS:BHS,2017-12-31,6.2913696859772
WDI:BM.GSR.INSF.ZS:BHS,2018-12-31,8.557919974025578
WDI:BM.GSR.INSF.ZS:BHS,2019-12-31,7.8617552485769835
WDI:BM.GSR.INSF.ZS:BHS,2020-12-31,11.07177416207423
WDI:BM.GSR.INSF.ZS:BHS,2021-12-31,16.432162319081804
WDI:BM.GSR.INSF.ZS:BHS,2022-12-31,13.767225525765475
WDI:BM.GSR.INSF.ZS:BHS,2023-12-31,12.2765376110824
WDI:BM.GSR.INSF.ZS:BHS,2024-12-31,11.2757145635665
WDI:BM.GSR.INSF.ZS:BIH,1998-12-31,9.249927575855036
WDI:BM.GSR.INSF.ZS:BIH,1999-12-31,9.250761907178008
WDI:BM.GSR.INSF.ZS:BIH,2000-12-31,9.31513886596959
WDI:BM.GSR.INSF.ZS:BIH,2001-12-31,11.212939558881288
WDI:BM.GSR.INSF.ZS:BIH,2002-12-31,12.036942704080685
WDI:BM.GSR.INSF.ZS:BIH,2003-12-31,11.338566239192263
WDI:BM.GSR.INSF.ZS:BIH,2004-12-31,12.207039795868889
WDI:BM.GSR.INSF.ZS:BIH,2005-12-31,7.899320483392794
WDI:BM.GSR.INSF.ZS:BIH,2006-12-31,7.8274337127146625
WDI:BM.GSR.INSF.ZS:BIH,2007-12-31,4.443804759656687
WDI:BM.GSR.INSF.ZS:BIH,2008-12-31,3.0876574737117846
WDI:BM.GSR.INSF.ZS:BIH,2009-12-31,1.8984296350893537
WDI:BM.GSR.INSF.ZS:BIH,2010-12-31,2.8229942713588274
WDI:BM.GSR.INSF.ZS:BIH,2011-12-31,3.246957987842183
WDI:BM.GSR.INSF.ZS:BIH,2012-12-31,4.174147411962316
WDI:BM.GSR.INSF.ZS:BIH,2013-12-31,8.65496175167428
WDI:BM.GSR.INSF.ZS:BIH,2014-12-31,8.911716792981828
WDI:BM.GSR.INSF.ZS:BIH,2015-12-31,7.237636882512937
WDI:BM.GSR.INSF.ZS:BIH,2016-12-31,8.865728552373076
WDI:BM.GSR.INSF.ZS:BIH,2017-12-31,10.016953032171493
WDI:BM.GSR.INSF.ZS:BIH,2018-12-31,9.552727001593421
WDI:BM.GSR.INSF.ZS:BIH,2019-12-31,8.349842931627748
WDI:BM.GSR.INSF.ZS:BIH,2020-12-31,11.121407179195467
WDI:BM.GSR.INSF.ZS:BIH,2021-12-31,8.173742665357608
WDI:BM.GSR.INSF.ZS:BIH,2022-12-31,4.84380594208419
WDI:BM.GSR.INSF.ZS:BIH,2023-12-31,6.29766334828013
WDI:BM.GSR.INSF.ZS:BIH,2024-12-31,4.37665580174856
WDI:BM.GSR.INSF.ZS:BIH,2025-12-31,4.803376125556
WDI:BM.GSR.INSF.ZS:BLR,1993-12-31,11.257309941520468
WDI:BM.GSR.INSF.ZS:BLR,1994-12-31,5.569493226292022
WDI:BM.GSR.INSF.ZS:BLR,1995-12-31,3.489601691928093
WDI:BM.GSR.INSF.ZS:BLR,1996-12-31,3.4831795177136056
WDI:BM.GSR.INSF.ZS:BLR,1997-12-31,3.2072368421052633
WDI:BM.GSR.INSF.ZS:BLR,1998-12-31,3.6468756949077163
WDI:BM.GSR.INSF.ZS:BLR,1999-12-31,3.415516851391088
WDI:BM.GSR.INSF.ZS:BLR,2000-12-31,2.518115942028986
WDI:BM.GSR.INSF.ZS:BLR,2001-12-31,1.970074812967581
WDI:BM.GSR.INSF.ZS:BLR,2002-12-31,1.746161959451541
WDI:BM.GSR.INSF.ZS:BLR,2003-12-31,0.8372519784378942
WDI:BM.GSR.INSF.ZS:BLR,2004-12-31,1.6296740651869626
WDI:BM.GSR.INSF.ZS:BLR,2005-12-31,4.110429447852761
WDI:BM.GSR.INSF.ZS:BLR,2006-12-31,3.301969493308398
WDI:BM.GSR.INSF.ZS:BLR,2007-12-31,4.626232788603554
WDI:BM.GSR.INSF.ZS:BLR,2008-12-31,5.384420930988408
WDI:BM.GSR.INSF.ZS:BLR,2009-12-31,6.638967073225216
WDI:BM.GSR.INSF.ZS:BLR,2010-12-31,5.237764779749512
WDI:BM.GSR.INSF.ZS:BLR,2011-12-31,5.4625211179940125
WDI:BM.GSR.INSF.ZS:BLR,2012-12-31,6.2587610358311
WDI:BM.GSR.INSF.ZS:BLR,2013-12-31,4.72284317811541
WDI:BM.GSR.INSF.ZS:BLR,2014-12-31,6.1881617774691895
WDI:BM.GSR.INSF.ZS:BLR,2015-12-31,6.521099005639992
WDI:BM.GSR.INSF.ZS:BLR,2016-12-31,5.899940658237093
WDI:BM.GSR.INSF.ZS:BLR,2017-12-31,6.518586051137541
WDI:BM.GSR.INSF.ZS:BLR,2018-12-31,5.6454745565194875
WDI:BM.GSR.INSF.ZS:BLR,2019-12-31,4.632445917774512
WDI:BM.GSR.INSF.ZS:BLR,2020-12-31,5.372395296059418
WDI:BM.GSR.INSF.ZS:BLR,2021-12-31,3.8179126645446773
WDI:BM.GSR.INSF.ZS:BLZ,1984-12-31,4.965986394557823
WDI:BM.GSR.INSF.ZS:BLZ,1985-12-31,5.208711433756806
WDI:BM.GSR.INSF.ZS:BLZ,1986-12-31,3.399750933997509
WDI:BM.GSR.INSF.ZS:BLZ,1987-12-31,3.4820457018498367
WDI:BM.GSR.INSF.ZS:BLZ,1988-12-31,3.8050609184629804
WDI:BM.GSR.INSF.ZS:BLZ,1989-12-31,3.7920000000000003
WDI:BM.GSR.INSF.ZS:BLZ,1990-12-31,3.875
WDI:BM.GSR.INSF.ZS:BLZ,1991-12-31,4.0469208211143695
WDI:BM.GSR.INSF.ZS:BLZ,1992-12-31,3.700980392156863
WDI:BM.GSR.INSF.ZS:BLZ,1993-12-31,3.34054054054054
WDI:BM.GSR.INSF.ZS:BLZ,1994-12-31,9.281227795935768
WDI:BM.GSR.INSF.ZS:BLZ,1995-12-31,8.779287562105175
WDI:BM.GSR.INSF.ZS:BLZ,1996-12-31,8.730636597514916
WDI:BM.GSR.INSF.ZS:BLZ,1997-12-31,8.61974904528096
WDI:BM.GSR.INSF.ZS:BLZ,1998-12-31,8.686868686868687
WDI:BM.GSR.INSF.ZS:BLZ,1999-12-31,8.532556422944653
WDI:BM.GSR.INSF.ZS:BLZ,2000-12-31,9.360709096326202
WDI:BM.GSR.INSF.ZS:BLZ,2001-12-31,10.997376685608742
WDI:BM.GSR.INSF.ZS:BLZ,2002-12-31,15.870968477429853
WDI:BM.GSR.INSF.ZS:BLZ,2003-12-31,18.73895351175615
WDI:BM.GSR.INSF.ZS:BLZ,2004-12-31,21.90115934311692
WDI:BM.GSR.INSF.ZS:BLZ,2005-12-31,21.96487952849293
WDI:BM.GSR.INSF.ZS:BLZ,2006-12-31,17.176272408005502
WDI:BM.GSR.INSF.ZS:BLZ,2007-12-31,24.702512158358374
WDI:BM.GSR.INSF.ZS:BLZ,2008-12-31,14.967543913002146
WDI:BM.GSR.INSF.ZS:BLZ,2009-12-31,16.104882571032665
WDI:BM.GSR.INSF.ZS:BLZ,2010-12-31,16.288401160379625
WDI:BM.GSR.INSF.ZS:BLZ,2011-12-31,15.154017948982895
WDI:BM.GSR.INSF.ZS:BLZ,2012-12-31,17.789322653916624
WDI:BM.GSR.INSF.ZS:BLZ,2013-12-31,14.597178456044976
WDI:BM.GSR.INSF.ZS:BLZ,2014-12-31,14.998441173842478
WDI:BM.GSR.INSF.ZS:BLZ,2015-12-31,19.94981155182586
WDI:BM.GSR.INSF.ZS:BLZ,2016-12-31,16.00044194716421
WDI:BM.GSR.INSF.ZS:BLZ,2017-12-31,15.942453583310561
WDI:BM.GSR.INSF.ZS:BLZ,2018-12-31,19.93388538180839
WDI:BM.GSR.INSF.ZS:BLZ,2019-12-31,12.821454542335282
WDI:BM.GSR.INSF.ZS:BLZ,2020-12-31,15.049279790177117
WDI:BM.GSR.INSF.ZS:BLZ,2021-12-31,15.156804493095777
WDI:BM.GSR.INSF.ZS:BLZ,2022-12-31,7.711652388210427
WDI:BM.GSR.INSF.ZS:BLZ,2023-12-31,10.0112513486415
WDI:BM.GSR.INSF.ZS:BLZ,2024-12-31,12.4429605127786
WDI:BM.GSR.INSF.ZS:BLZ,2025-12-31,13.9695389019504
WDI:BM.GSR.INSF.ZS:BMU,2006-12-31,10.713291256729162
WDI:BM.GSR.INSF.ZS:BMU,2007-12-31,14.338180843823242
WDI:BM.GSR.INSF.ZS:BMU,2008-12-31,12.245797370026366
WDI:BM.GSR.INSF.ZS:BMU,2009-12-31,14.941035304442865
WDI:BM.GSR.INSF.ZS:BMU,2010-12-31,13.65983363887167
WDI:BM.GSR.INSF.ZS:BMU,2011-12-31,17.103732404082013
WDI:BM.GSR.INSF.ZS:BMU,2012-12-31,20.01505102663884
WDI:BM.GSR.INSF.ZS:BMU,2013-12-31,19.108415698082535
WDI:BM.GSR.INSF.ZS:BMU,2014-12-31,19.082145262423026
WDI:BM.GSR.INSF.ZS:BMU,2015-12-31,13.051496527124332
WDI:BM.GSR.INSF.ZS:BMU,2016-12-31,13.974731567907913
WDI:BM.GSR.INSF.ZS:BMU,2017-12-31,13.229610842692061
WDI:BM.GSR.INSF.ZS:BMU,2018-12-31,15.388710511448226
WDI:BM.GSR.INSF.ZS:BMU,2019-12-31,14.310108110304117
WDI:BM.GSR.INSF.ZS:BMU,2020-12-31,19.4156314805286
WDI:BM.GSR.INSF.ZS:BMU,2021-12-31,18.99922094766464
WDI:BM.GSR.INSF.ZS:BMU,2022-12-31,18.214328606188033
WDI:BM.GSR.INSF.ZS:BMU,2023-12-31,17.5719591070124
WDI:BM.GSR.INSF.ZS:BOL,1976-12-31,11.216859279401767
WDI:BM.GSR.INSF.ZS:BOL,1977-12-31,11.54480483782298
WDI:BM.GSR.INSF.ZS:BOL,1978-12-31,10.570918822479928
WDI:BM.GSR.INSF.ZS:BOL,1979-12-31,8.509554140127388
WDI:BM.GSR.INSF.ZS:BOL,1980-12-31,9.129593810444876
WDI:BM.GSR.INSF.ZS:BOL,1981-12-31,7.629768605378362
WDI:BM.GSR.INSF.ZS:BOL,1982-12-31,6.2246278755074425
WDI:BM.GSR.INSF.ZS:BOL,1983-12-31,6.704824202780049
WDI:BM.GSR.INSF.ZS:BOL,1984-12-31,5.2465483234714005
WDI:BM.GSR.INSF.ZS:BOL,1985-12-31,6.745225518082081
WDI:BM.GSR.INSF.ZS:BOL,1986-12-31,8.258746948738812
WDI:BM.GSR.INSF.ZS:BOL,1987-12-31,9.770540340488527
WDI:BM.GSR.INSF.ZS:BOL,1988-12-31,9.57613814756672
WDI:BM.GSR.INSF.ZS:BOL,1989-12-31,9.49027498323273
WDI:BM.GSR.INSF.ZS:BOL,1990-12-31,9.368963296844816
WDI:BM.GSR.INSF.ZS:BOL,1991-12-31,9.447300771208226
WDI:BM.GSR.INSF.ZS:BOL,1992-12-31,9.131832797427652
WDI:BM.GSR.INSF.ZS:BOL,1993-12-31,8.050979173142679
WDI:BM.GSR.INSF.ZS:BOL,1994-12-31,11.11111111111111
WDI:BM.GSR.INSF.ZS:BOL,1995-12-31,8.509423186750428
WDI:BM.GSR.INSF.ZS:BOL,1996-12-31,9.685763029002256
WDI:BM.GSR.INSF.ZS:BOL,1997-12-31,6.0658164971103785
WDI:BM.GSR.INSF.ZS:BOL,1998-12-31,8.44494892167991
WDI:BM.GSR.INSF.ZS:BOL,1999-12-31,12.608405603735823
WDI:BM.GSR.INSF.ZS:BOL,2000-12-31,13.84707492302429
WDI:BM.GSR.INSF.ZS:BOL,2001-12-31,19.301839207417913
WDI:BM.GSR.INSF.ZS:BOL,2002-12-31,24.242144497397845
WDI:BM.GSR.INSF.ZS:BOL,2003-12-31,19.668264516831897
WDI:BM.GSR.INSF.ZS:BOL,2004-12-31,19.549303986499012
WDI:BM.GSR.INSF.ZS:BOL,2005-12-31,17.972596891079064
WDI:BM.GSR.INSF.ZS:BOL,2006-12-31,14.786338199145451
WDI:BM.GSR.INSF.ZS:BOL,2007-12-31,12.305577474704354
WDI:BM.GSR.INSF.ZS:BOL,2008-12-31,12.865522451056579
WDI:BM.GSR.INSF.ZS:BOL,2009-12-31,12.888502499456639
WDI:BM.GSR.INSF.ZS:BOL,2010-12-31,12.947445736980459
WDI:BM.GSR.INSF.ZS:BOL,2011-12-31,12.136022643258283
WDI:BM.GSR.INSF.ZS:BOL,2012-12-31,12.906037088397577
WDI:BM.GSR.INSF.ZS:BOL,2013-12-31,13.112146163237407
WDI:BM.GSR.INSF.ZS:BOL,2014-12-31,8.158960486811152
WDI:BM.GSR.INSF.ZS:BOL,2015-12-31,6.926275978623335
WDI:BM.GSR.INSF.ZS:BOL,2016-12-31,4.95198230939581
WDI:BM.GSR.INSF.ZS:BOL,2017-12-31,5.315974750213674
WDI:BM.GSR.INSF.ZS:BOL,2018-12-31,5.956177977164565
WDI:BM.GSR.INSF.ZS:BOL,2019-12-31,6.1276486070904035
WDI:BM.GSR.INSF.ZS:BOL,2020-12-31,10.350576398408952
WDI:BM.GSR.INSF.ZS:BOL,2021-12-31,6.9129007355928875
WDI:BM.GSR.INSF.ZS:BOL,2022-12-31,8.02063463273739
WDI:BM.GSR.INSF.ZS:BOL,2023-12-31,9.17027100924432
WDI:BM.GSR.INSF.ZS:BOL,2024-12-31,10.0553793927963
WDI:BM.GSR.INSF.ZS:BOL,2025-12-31,10.3223797582095
WDI:BM.GSR.INSF.ZS:BRA,1975-12-31,2.1166134185303513
WDI:BM.GSR.INSF.ZS:BRA,1976-12-31,2.8044563964656164
WDI:BM.GSR.INSF.ZS:BRA,1977-12-31,2.1482277121374866
WDI:BM.GSR.INSF.ZS:BRA,1978-12-31,0.7482108002602472
WDI:BM.GSR.INSF.ZS:BRA,1979-12-31,0.8160042116346408
WDI:BM.GSR.INSF.ZS:BRA,1980-12-31,1.047012933689181
WDI:BM.GSR.INSF.ZS:BRA,1981-12-31,1.26508369015181
WDI:BM.GSR.INSF.ZS:BRA,1982-12-31,1.8714100426162683
WDI:BM.GSR.INSF.ZS:BRA,1983-12-31,1.9849915274751877
WDI:BM.GSR.INSF.ZS:BRA,1984-12-31,4.058441558441558
WDI:BM.GSR.INSF.ZS:BRA,1985-12-31,3.5883905013192616
WDI:BM.GSR.INSF.ZS:BRA,1986-12-31,4.032809295967191
WDI:BM.GSR.INSF.ZS:BRA,1987-12-31,5.607043558850788
WDI:BM.GSR.INSF.ZS:BRA,1988-12-31,3.772161448509996
WDI:BM.GSR.INSF.ZS:BRA,1989-12-31,2.9068784857191146
WDI:BM.GSR.INSF.ZS:BRA,1990-12-31,2.4458327794762726
WDI:BM.GSR.INSF.ZS:BRA,1991-12-31,2.662968099861304
WDI:BM.GSR.INSF.ZS:BRA,1992-12-31,2.328398384925976
WDI:BM.GSR.INSF.ZS:BRA,1993-12-31,7.158555729984302
WDI:BM.GSR.INSF.ZS:BRA,1994-12-31,2.5551004486054225
WDI:BM.GSR.INSF.ZS:BRA,1995-12-31,9.229640498899487
WDI:BM.GSR.INSF.ZS:BRA,1996-12-31,2.9566721711095383
WDI:BM.GSR.INSF.ZS:BRA,1997-12-31,8.653744264585173
WDI:BM.GSR.INSF.ZS:BRA,1998-12-31,6.427265184165698
WDI:BM.GSR.INSF.ZS:BRA,1999-12-31,6.0938907829705595
WDI:BM.GSR.INSF.ZS:BRA,2000-12-31,5.740824524893872
WDI:BM.GSR.INSF.ZS:BRA,2001-12-31,6.233581488872681
WDI:BM.GSR.INSF.ZS:BRA,2002-12-31,8.437697053403095
WDI:BM.GSR.INSF.ZS:BRA,2003-12-31,8.316951964475278
WDI:BM.GSR.INSF.ZS:BRA,2004-12-31,6.38043108606601
WDI:BM.GSR.INSF.ZS:BRA,2005-12-31,5.798463950806885
WDI:BM.GSR.INSF.ZS:BRA,2006-12-31,5.4836415668733185
WDI:BM.GSR.INSF.ZS:BRA,2007-12-31,5.551123421878314
WDI:BM.GSR.INSF.ZS:BRA,2008-12-31,5.675910944298076
WDI:BM.GSR.INSF.ZS:BRA,2009-12-31,7.1886757358943285
WDI:BM.GSR.INSF.ZS:BRA,2010-12-31,4.640031807100735
WDI:BM.GSR.INSF.ZS:BRA,2011-12-31,4.30007041111564
WDI:BM.GSR.INSF.ZS:BRA,2012-12-31,3.927189957307932
WDI:BM.GSR.INSF.ZS:BRA,2013-12-31,3.439902228787927
WDI:BM.GSR.INSF.ZS:BRA,2014-12-31,2.7718329111768334
WDI:BM.GSR.INSF.ZS:BRA,2015-12-31,3.3040397031646878
WDI:BM.GSR.INSF.ZS:BRA,2016-12-31,3.451972266610782
WDI:BM.GSR.INSF.ZS:BRA,2017-12-31,2.8363782827687087
WDI:BM.GSR.INSF.ZS:BRA,2018-12-31,2.574945707542738
WDI:BM.GSR.INSF.ZS:BRA,2019-12-31,3.1514419908804783
WDI:BM.GSR.INSF.ZS:BRA,2020-12-31,3.8601541580113725
WDI:BM.GSR.INSF.ZS:BRA,2021-12-31,4.531949968651555
WDI:BM.GSR.INSF.ZS:BRA,2022-12-31,3.599465177046802
WDI:BM.GSR.INSF.ZS:BRA,2023-12-31,4.34270641360916
WDI:BM.GSR.INSF.ZS:BRA,2024-12-31,4.48237593396616
WDI:BM.GSR.INSF.ZS:BRA,2025-12-31,3.16470836253402
WDI:BM.GSR.INSF.ZS:BRB,1967-12-31,7.772556889247603
WDI:BM.GSR.INSF.ZS:BRB,1968-12-31,5.968460634481618
WDI:BM.GSR.INSF.ZS:BRB,1969-12-31,4.959841113147126
WDI:BM.GSR.INSF.ZS:BRB,1970-12-31,4.415287974095638
WDI:BM.GSR.INSF.ZS:BRB,1971-12-31,4.185503953510718
WDI:BM.GSR.INSF.ZS:BRB,1972-12-31,3.922644585649768
WDI:BM.GSR.INSF.ZS:BRB,1973-12-31,3.8581084062194417
WDI:BM.GSR.INSF.ZS:BRB,1974-12-31,4.673869388884297
WDI:BM.GSR.INSF.ZS:BRB,1975-12-31,4.465443502824144
WDI:BM.GSR.INSF.ZS:BRB,1976-12-31,4.247164307760367
WDI:BM.GSR.INSF.ZS:BRB,1977-12-31,3.5194946698534206
WDI:BM.GSR.INSF.ZS:BRB,1978-12-31,3.4467463191229273
WDI:BM.GSR.INSF.ZS:BRB,1979-12-31,1.3013496203879311
WDI:BM.GSR.INSF.ZS:BRB,1980-12-31,2.3411800355735775
WDI:BM.GSR.INSF.ZS:BRB,1981-12-31,2.388134704255347
WDI:BM.GSR.INSF.ZS:BRB,1982-12-31,2.4303720656367562
WDI:BM.GSR.INSF.ZS:BRB,1983-12-31,2.4557123616839753
WDI:BM.GSR.INSF.ZS:BRB,1984-12-31,3.6126213562001324
WDI:BM.GSR.INSF.ZS:BRB,1985-12-31,3.461332609818476
WDI:BM.GSR.INSF.ZS:BRB,1986-12-31,4.507716067003829
WDI:BM.GSR.INSF.ZS:BRB,1987-12-31,4.774972542459946
WDI:BM.GSR.INSF.ZS:BRB,1988-12-31,4.709200263191699
WDI:BM.GSR.INSF.ZS:BRB,1989-12-31,5.103270818639835
WDI:BM.GSR.INSF.ZS:BRB,1990-12-31,7.754907120951551
WDI:BM.GSR.INSF.ZS:BRB,1991-12-31,6.630781426162059
WDI:BM.GSR.INSF.ZS:BRB,1992-12-31,7.3938724969365754
WDI:BM.GSR.INSF.ZS:BRB,1993-12-31,7.564165165433738
WDI:BM.GSR.INSF.ZS:BRB,1994-12-31,9.791401009962847
WDI:BM.GSR.INSF.ZS:BRB,1995-12-31,8.704130487017615
WDI:BM.GSR.INSF.ZS:BRB,1996-12-31,7.529990581019905
WDI:BM.GSR.INSF.ZS:BRB,1997-12-31,6.4487145086227065
WDI:BM.GSR.INSF.ZS:BRB,1998-12-31,6.682621845860615
WDI:BM.GSR.INSF.ZS:BRB,1999-12-31,6.730964609516445
WDI:BM.GSR.INSF.ZS:BRB,2000-12-31,10.120518332537035
WDI:BM.GSR.INSF.ZS:BRB,2001-12-31,6.8310355312181406
WDI:BM.GSR.INSF.ZS:BRB,2002-12-31,6.747273081160415
WDI:BM.GSR.INSF.ZS:BRB,2003-12-31,5.599569755494872
WDI:BM.GSR.INSF.ZS:BRB,2004-12-31,5.335130199124024
WDI:BM.GSR.INSF.ZS:BRB,2005-12-31,5.913705705541124
WDI:BM.GSR.INSF.ZS:BRB,2006-12-31,6.284669979794119
WDI:BM.GSR.INSF.ZS:BRB,2007-12-31,5.590592815061218
WDI:BM.GSR.INSF.ZS:BRB,2008-12-31,4.518914969218924
WDI:BM.GSR.INSF.ZS:BRB,2009-12-31,3.9669515637046624
WDI:BM.GSR.INSF.ZS:BRB,2010-12-31,3.6098521574388123
WDI:BM.GSR.INSF.ZS:BRB,2011-12-31,5.41455179567223
WDI:BM.GSR.INSF.ZS:BRB,2012-12-31,5.049693820626761
WDI:BM.GSR.INSF.ZS:BRB,2013-12-31,4.929109090918639
WDI:BM.GSR.INSF.ZS:BRB,2014-12-31,3.281682607870047
WDI:BM.GSR.INSF.ZS:BRB,2015-12-31,8.142198691632217
WDI:BM.GSR.INSF.ZS:BRB,2016-12-31,10.09667354429992
WDI:BM.GSR.INSF.ZS:BRB,2017-12-31,6.2746236372535975
WDI:BM.GSR.INSF.ZS:BRN,2001-12-31,0.9169545445830044
WDI:BM.GSR.INSF.ZS:BRN,2002-12-31,0.9507115241026209
WDI:BM.GSR.INSF.ZS:BRN,2003-12-31,0.9056116332969985
WDI:BM.GSR.INSF.ZS:BRN,2004-12-31,1.0223476775943534
WDI:BM.GSR.INSF.ZS:BRN,2005-12-31,1.1741211404428809
WDI:BM.GSR.INSF.ZS:BRN,2006-12-31,1.3402385569058788
WDI:BM.GSR.INSF.ZS:BRN,2007-12-31,1.5679432748046462
WDI:BM.GSR.INSF.ZS:BRN,2008-12-31,1.4838269268723294
WDI:BM.GSR.INSF.ZS:BRN,2009-12-31,1.5026585893644624
WDI:BM.GSR.INSF.ZS:BRN,2015-12-31,0.6966649215920254
WDI:BM.GSR.INSF.ZS:BRN,2016-12-31,3.4306837400102355
WDI:BM.GSR.INSF.ZS:BRN,2017-12-31,3.492400398134701
WDI:BM.GSR.INSF.ZS:BRN,2018-12-31,1.4664156110785331
WDI:BM.GSR.INSF.ZS:BRN,2019-12-31,0.7898119875817319
WDI:BM.GSR.INSF.ZS:BRN,2020-12-31,1.2650869153154396
WDI:BM.GSR.INSF.ZS:BRN,2021-12-31,6.54945168879098
WDI:BM.GSR.INSF.ZS:BRN,2022-12-31,6.632507177932273
WDI:BM.GSR.INSF.ZS:BRN,2023-12-31,3.37550540765182
WDI:BM.GSR.INSF.ZS:BRN,2024-12-31,2.63333562886475
WDI:BM.GSR.INSF.ZS:BRN,2025-12-31,2.28427616428363
WDI:BM.GSR.INSF.ZS:BTN,2006-12-31,3.04761570577444
WDI:BM.GSR.INSF.ZS:BTN,2007-12-31,2.659321740876716
WDI:BM.GSR.INSF.ZS:BTN,2008-12-31,2.0588879260156925
WDI:BM.GSR.INSF.ZS:BTN,2009-12-31,2.6367899097707332
WDI:BM.GSR.INSF.ZS:BTN,2010-12-31,3.3378035235187307
WDI:BM.GSR.INSF.ZS:BTN,2011-12-31,3.3427669746301576
WDI:BM.GSR.INSF.ZS:BTN,2012-12-31,3.1687453082620665
WDI:BM.GSR.INSF.ZS:BTN,2013-12-31,2.205098855056278
WDI:BM.GSR.INSF.ZS:BTN,2014-12-31,2.0948287931939524
WDI:BM.GSR.INSF.ZS:BTN,2015-12-31,2.631291139504373
WDI:BM.GSR.INSF.ZS:BTN,2016-12-31,2.7405083966896533
WDI:BM.GSR.INSF.ZS:BTN,2017-12-31,4.321643682359289
WDI:BM.GSR.INSF.ZS:BTN,2018-12-31,4.4138669984316765
WDI:BM.GSR.INSF.ZS:BTN,2019-12-31,7.073674135871336
WDI:BM.GSR.INSF.ZS:BTN,2020-12-31,5.527027739034995
WDI:BM.GSR.INSF.ZS:BTN,2021-12-31,10.39106437671208
WDI:BM.GSR.INSF.ZS:BTN,2022-12-31,8.715682344487945
WDI:BM.GSR.INSF.ZS:BTN,2023-12-31,7.78269372775607
WDI:BM.GSR.INSF.ZS:BTN,2024-12-31,11.0031840269601
WDI:BM.GSR.INSF.ZS:BWA,1975-12-31,1.0854092526690389
WDI:BM.GSR.INSF.ZS:BWA,1976-12-31,1.4809384164222779
WDI:BM.GSR.INSF.ZS:BWA,1977-12-31,1.6512549537648529
WDI:BM.GSR.INSF.ZS:BWA,1978-12-31,1.8957345971564052
WDI:BM.GSR.INSF.ZS:BWA,1979-12-31,4.066455696202529
WDI:BM.GSR.INSF.ZS:BWA,1980-12-31,3.676996424314663
WDI:BM.GSR.INSF.ZS:BWA,1981-12-31,3.577878103837484
WDI:BM.GSR.INSF.ZS:BWA,1982-12-31,4.588235294117653
WDI:BM.GSR.INSF.ZS:BWA,1983-12-31,4.928167174575512
WDI:BM.GSR.INSF.ZS:BWA,1984-12-31,5.7165991902833895
WDI:BM.GSR.INSF.ZS:BWA,1985-12-31,5.048348106365847
WDI:BM.GSR.INSF.ZS:BWA,1986-12-31,5.570054945054967
WDI:BM.GSR.INSF.ZS:BWA,1987-12-31,6.398243045387988
WDI:BM.GSR.INSF.ZS:BWA,1988-12-31,7.643151626202492
WDI:BM.GSR.INSF.ZS:BWA,1989-12-31,6.751578489005004
WDI:BM.GSR.INSF.ZS:BWA,1990-12-31,5.433228481555606
WDI:BM.GSR.INSF.ZS:BWA,1991-12-31,3.9570671149618506
WDI:BM.GSR.INSF.ZS:BWA,1992-12-31,5.252073186784262
WDI:BM.GSR.INSF.ZS:BWA,1993-12-31,5.766793409378959
WDI:BM.GSR.INSF.ZS:BWA,1994-12-31,12.429850746268635
WDI:BM.GSR.INSF.ZS:BWA,1995-12-31,7.99025578562728
WDI:BM.GSR.INSF.ZS:BWA,1996-12-31,4.1479306151762545
WDI:BM.GSR.INSF.ZS:BWA,1997-12-31,4.371869461235889
WDI:BM.GSR.INSF.ZS:BWA,1998-12-31,3.6726446049489776
WDI:BM.GSR.INSF.ZS:BWA,1999-12-31,4.082484555017521
WDI:BM.GSR.INSF.ZS:BWA,2000-12-31,3.8493663331527657
WDI:BM.GSR.INSF.ZS:BWA,2001-12-31,4.589529158288388
WDI:BM.GSR.INSF.ZS:BWA,2002-12-31,5.1107333300491655
WDI:BM.GSR.INSF.ZS:BWA,2003-12-31,7.988006802112238
WDI:BM.GSR.INSF.ZS:BWA,2004-12-31,9.805738056424259
WDI:BM.GSR.INSF.ZS:BWA,2005-12-31,5.889064876115434
WDI:BM.GSR.INSF.ZS:BWA,2006-12-31,6.246173989682388
WDI:BM.GSR.INSF.ZS:BWA,2007-12-31,5.428979939928088
WDI:BM.GSR.INSF.ZS:BWA,2008-12-31,3.3966824951333603
WDI:BM.GSR.INSF.ZS:BWA,2009-12-31,3.048211063776977
WDI:BM.GSR.INSF.ZS:BWA,2010-12-31,3.561454795274584
WDI:BM.GSR.INSF.ZS:BWA,2011-12-31,4.36094436439941
WDI:BM.GSR.INSF.ZS:BWA,2012-12-31,0.519671829477672
WDI:BM.GSR.INSF.ZS:BWA,2013-12-31,0.6821043378688181
WDI:BM.GSR.INSF.ZS:BWA,2014-12-31,0.4592044846989044
WDI:BM.GSR.INSF.ZS:BWA,2015-12-31,2.441841894756187
WDI:BM.GSR.INSF.ZS:BWA,2016-12-31,1.463211303683757
WDI:BM.GSR.INSF.ZS:BWA,2017-12-31,2.1240320292707864
WDI:BM.GSR.INSF.ZS:BWA,2018-12-31,6.523063110668478
WDI:BM.GSR.INSF.ZS:BWA,2019-12-31,7.827677866910318
WDI:BM.GSR.INSF.ZS:BWA,2020-12-31,4.382989953786909
WDI:BM.GSR.INSF.ZS:BWA,2021-12-31,2.4422015964656185
WDI:BM.GSR.INSF.ZS:BWA,2022-12-31,1.3489428493498574
WDI:BM.GSR.INSF.ZS:BWA,2023-12-31,2.57879325910263
WDI:BM.GSR.INSF.ZS:BWA,2024-12-31,2.0780004801877
WDI:BM.GSR.INSF.ZS:CAF,1977-12-31,6.695254099785592
WDI:BM.GSR.INSF.ZS:CAF,1978-12-31,5.391904833913007
WDI:BM.GSR.INSF.ZS:CAF,1979-12-31,5.321664108839045
WDI:BM.GSR.INSF.ZS:CAF,1980-12-31,4.721825014133221
WDI:BM.GSR.INSF.ZS:CAF,1981-12-31,5.767893537945087
WDI:BM.GSR.INSF.ZS:CAF,1982-12-31,5.1035409873576985
WDI:BM.GSR.INSF.ZS:CAF,1983-12-31,5.059487646820583
WDI:BM.GSR.INSF.ZS:CAF,1984-12-31,6.72883825672274
WDI:BM.GSR.INSF.ZS:CAF,1985-12-31,6.9230769230768985
WDI:BM.GSR.INSF.ZS:CAF,1986-12-31,7.6772536388470165
WDI:BM.GSR.INSF.ZS:CAF,1987-12-31,7.78594207895191
WDI:BM.GSR.INSF.ZS:CAF,1988-12-31,7.261309325330704
WDI:BM.GSR.INSF.ZS:CAF,1989-12-31,7.486545138888894
WDI:BM.GSR.INSF.ZS:CAF,1990-12-31,8.790150359555485
WDI:BM.GSR.INSF.ZS:CAF,1991-12-31,8.888024278266332
WDI:BM.GSR.INSF.ZS:CAF,1992-12-31,8.375395882818689
WDI:BM.GSR.INSF.ZS:CAF,1993-12-31,7.925245655840894
WDI:BM.GSR.INSF.ZS:CAF,1994-12-31,7.911392405063304
WDI:BM.GSR.INSF.ZS:CAN,1981-12-31,7.8442921633508504
WDI:BM.GSR.INSF.ZS:CAN,1982-12-31,8.778304989788753
WDI:BM.GSR.INSF.ZS:CAN,1983-12-31,8.690017549052666
WDI:BM.GSR.INSF.ZS:CAN,1984-12-31,8.469592492668196
WDI:BM.GSR.INSF.ZS:CAN,1985-12-31,9.318993872545105
WDI:BM.GSR.INSF.ZS:CAN,1986-12-31,8.614325778876175
WDI:BM.GSR.INSF.ZS:CAN,1987-12-31,8.353237051423706
WDI:BM.GSR.INSF.ZS:CAN,1988-12-31,6.92669042644361
WDI:BM.GSR.INSF.ZS:CAN,1989-12-31,6.899304342238952
WDI:BM.GSR.INSF.ZS:CAN,1990-12-31,5.973760007612779
WDI:BM.GSR.INSF.ZS:CAN,1991-12-31,6.654228714993617
WDI:BM.GSR.INSF.ZS:CAN,1992-12-31,6.5878585417027375
WDI:BM.GSR.INSF.ZS:CAN,1993-12-31,6.855798835940327
WDI:BM.GSR.INSF.ZS:CAN,1994-12-31,7.587841267359345
WDI:BM.GSR.INSF.ZS:CAN,1995-12-31,7.29891932887305
WDI:BM.GSR.INSF.ZS:CAN,1996-12-31,8.263903278001687
WDI:BM.GSR.INSF.ZS:CAN,1997-12-31,8.662300266553304
WDI:BM.GSR.INSF.ZS:CAN,1998-12-31,8.61213537227171
WDI:BM.GSR.INSF.ZS:CAN,1999-12-31,7.93044879768606
WDI:BM.GSR.INSF.ZS:CAN,2000-12-31,7.814878644968686
WDI:BM.GSR.INSF.ZS:CAN,2001-12-31,8.623973020463902
WDI:BM.GSR.INSF.ZS:CAN,2002-12-31,9.318463637727186
WDI:BM.GSR.INSF.ZS:CAN,2003-12-31,9.13223711242806
WDI:BM.GSR.INSF.ZS:CAN,2004-12-31,8.486044895333837
WDI:BM.GSR.INSF.ZS:CAN,2005-12-31,8.624474544122135
WDI:BM.GSR.INSF.ZS:CAN,2006-12-31,9.557172249802464
WDI:BM.GSR.INSF.ZS:CAN,2007-12-31,9.610091799241888
WDI:BM.GSR.INSF.ZS:CAN,2008-12-31,8.879829443322066
WDI:BM.GSR.INSF.ZS:CAN,2009-12-31,9.559935402269886
WDI:BM.GSR.INSF.ZS:CAN,2010-12-31,10.31609975530254
WDI:BM.GSR.INSF.ZS:CAN,2011-12-31,9.334059545943155
WDI:BM.GSR.INSF.ZS:CAN,2012-12-31,8.494730463329361
WDI:BM.GSR.INSF.ZS:CAN,2013-12-31,8.84665950488618
WDI:BM.GSR.INSF.ZS:CAN,2014-12-31,9.173913455192608
WDI:BM.GSR.INSF.ZS:CAN,2015-12-31,10.25056794264032
WDI:BM.GSR.INSF.ZS:CAN,2016-12-31,11.365293102243623
WDI:BM.GSR.INSF.ZS:CAN,2017-12-31,10.918740915381765
WDI:BM.GSR.INSF.ZS:CAN,2018-12-31,10.997661759200566
WDI:BM.GSR.INSF.ZS:CAN,2019-12-31,10.103688855265647
WDI:BM.GSR.INSF.ZS:CAN,2020-12-31,14.27207449609641
WDI:BM.GSR.INSF.ZS:CAN,2021-12-31,13.715390659191723
WDI:BM.GSR.INSF.ZS:CAN,2022-12-31,10.154598365345562
WDI:BM.GSR.INSF.ZS:CAN,2023-12-31,9.14206545732522
WDI:BM.GSR.INSF.ZS:CAN,2024-12-31,9.3502976130121
WDI:BM.GSR.INSF.ZS:CAN,2025-12-31,8.94694861074949
WDI:BM.GSR.INSF.ZS:CEB,1993-12-31,5.0224486828048445
WDI:BM.GSR.INSF.ZS:CEB,1994-12-31,4.534994476746547
WDI:BM.GSR.INSF.ZS:CEB,1995-12-31,7.066706710023063
WDI:BM.GSR.INSF.ZS:CEB,1996-12-31,7.237237540691163
WDI:BM.GSR.INSF.ZS:CEB,1997-12-31,8.162004776902103
WDI:BM.GSR.INSF.ZS:CEB,1998-12-31,8.515299066133327
WDI:BM.GSR.INSF.ZS:CEB,1999-12-31,7.356605107216186
WDI:BM.GSR.INSF.ZS:CEB,2000-12-31,6.2468441754280075
WDI:BM.GSR.INSF.ZS:CEB,2001-12-31,6.004022439414229
WDI:BM.GSR.INSF.ZS:CEB,2002-12-31,6.818237914469715
WDI:BM.GSR.INSF.ZS:CEB,2003-12-31,6.674053353050921
WDI:BM.GSR.INSF.ZS:CEB,2004-12-31,7.032403003617373
WDI:BM.GSR.INSF.ZS:CEB,2005-12-31,6.665952782218674
WDI:BM.GSR.INSF.ZS:CEB,2006-12-31,6.520149574396717
WDI:BM.GSR.INSF.ZS:CEB,2007-12-31,5.741120987787842
WDI:BM.GSR.INSF.ZS:CEB,2008-12-31,6.109543869812125
WDI:BM.GSR.INSF.ZS:CEB,2009-12-31,6.470050155970134
WDI:BM.GSR.INSF.ZS:CEB,2010-12-31,6.68171329497318
WDI:BM.GSR.INSF.ZS:CEB,2011-12-31,6.808471092839553
WDI:BM.GSR.INSF.ZS:CEB,2012-12-31,6.41143417683101
WDI:BM.GSR.INSF.ZS:CEB,2013-12-31,5.7995664579511015
WDI:BM.GSR.INSF.ZS:CEB,2014-12-31,5.747134170225019
WDI:BM.GSR.INSF.ZS:CEB,2015-12-31,5.5924239267751865
WDI:BM.GSR.INSF.ZS:CEB,2016-12-31,5.265065075355704
WDI:BM.GSR.INSF.ZS:CEB,2017-12-31,4.67752095806421
WDI:BM.GSR.INSF.ZS:CEB,2018-12-31,4.871160301233933
WDI:BM.GSR.INSF.ZS:CEB,2019-12-31,4.531384904771771
WDI:BM.GSR.INSF.ZS:CEB,2020-12-31,5.156535789252767
WDI:BM.GSR.INSF.ZS:CEB,2021-12-31,4.960064247701214
WDI:BM.GSR.INSF.ZS:CEB,2022-12-31,4.322281591894896
WDI:BM.GSR.INSF.ZS:CEB,2023-12-31,4.96141176797325
WDI:BM.GSR.INSF.ZS:CEB,2024-12-31,4.79132185082122
WDI:BM.GSR.INSF.ZS:CEB,2025-12-31,4.91516179063974
WDI:BM.GSR.INSF.ZS:CHE,1977-12-31,1.6389440668538509
WDI:BM.GSR.INSF.ZS:CHE,1978-12-31,1.5232962122206832
WDI:BM.GSR.INSF.ZS:CHE,1979-12-31,1.555270435321011
WDI:BM.GSR.INSF.ZS:CHE,1980-12-31,1.6085867995169079
WDI:BM.GSR.INSF.ZS:CHE,1981-12-31,1.5074771526449604
WDI:BM.GSR.INSF.ZS:CHE,1982-12-31,1.387866488137668
WDI:BM.GSR.INSF.ZS:CHE,1983-12-31,1.421361623236172
WDI:BM.GSR.INSF.ZS:CHE,1984-12-31,1.382098533283191
WDI:BM.GSR.INSF.ZS:CHE,1985-12-31,1.3195495041183412
WDI:BM.GSR.INSF.ZS:CHE,1986-12-31,1.3500891568311109
WDI:BM.GSR.INSF.ZS:CHE,1987-12-31,1.2293066710375313
WDI:BM.GSR.INSF.ZS:CHE,1988-12-31,1.2739797052070199
WDI:BM.GSR.INSF.ZS:CHE,1989-12-31,1.3502025983200547
WDI:BM.GSR.INSF.ZS:CHE,1990-12-31,1.3434688975948408
WDI:BM.GSR.INSF.ZS:CHE,1991-12-31,1.243330498155347
WDI:BM.GSR.INSF.ZS:CHE,1992-12-31,1.1673365937806852
WDI:BM.GSR.INSF.ZS:CHE,1993-12-31,1.1305535804771842
WDI:BM.GSR.INSF.ZS:CHE,1994-12-31,1.0988627163502076
WDI:BM.GSR.INSF.ZS:CHE,1995-12-31,1.0958270824364802
WDI:BM.GSR.INSF.ZS:CHE,1996-12-31,1.166025190042735
WDI:BM.GSR.INSF.ZS:CHE,1997-12-31,1.241025385465333
WDI:BM.GSR.INSF.ZS:CHE,1998-12-31,4.749119250239006
WDI:BM.GSR.INSF.ZS:CHE,1999-12-31,5.266317028378477
WDI:BM.GSR.INSF.ZS:CHE,2000-12-31,8.435854166215506
WDI:BM.GSR.INSF.ZS:CHE,2001-12-31,7.659320398551666
WDI:BM.GSR.INSF.ZS:CHE,2002-12-31,6.96539846805485
WDI:BM.GSR.INSF.ZS:CHE,2003-12-31,6.83529137841255
WDI:BM.GSR.INSF.ZS:CHE,2004-12-31,6.883463853295786
WDI:BM.GSR.INSF.ZS:CHE,2005-12-31,8.185132497900542
WDI:BM.GSR.INSF.ZS:CHE,2006-12-31,9.723460502914543
WDI:BM.GSR.INSF.ZS:CHE,2007-12-31,10.993926739778361
WDI:BM.GSR.INSF.ZS:CHE,2008-12-31,11.006416969258268
WDI:BM.GSR.INSF.ZS:CHE,2009-12-31,9.764504988024495
WDI:BM.GSR.INSF.ZS:CHE,2010-12-31,8.861039027336664
WDI:BM.GSR.INSF.ZS:CHE,2011-12-31,8.106474940007292
WDI:BM.GSR.INSF.ZS:CHE,2012-12-31,6.5683819290854695
WDI:BM.GSR.INSF.ZS:CHE,2013-12-31,6.220692550313822
WDI:BM.GSR.INSF.ZS:CHE,2014-12-31,5.601289151753062
WDI:BM.GSR.INSF.ZS:CHE,2015-12-31,5.747936958006121
WDI:BM.GSR.INSF.ZS:CHE,2016-12-31,5.3553886991376265
WDI:BM.GSR.INSF.ZS:CHE,2017-12-31,5.106427784672066
WDI:BM.GSR.INSF.ZS:CHE,2018-12-31,5.143412394384772
WDI:BM.GSR.INSF.ZS:CHE,2019-12-31,4.8346042445061
WDI:BM.GSR.INSF.ZS:CHE,2020-12-31,5.054402705835202
WDI:BM.GSR.INSF.ZS:CHE,2021-12-31,5.336438643514028
WDI:BM.GSR.INSF.ZS:CHE,2022-12-31,5.004645444372304
WDI:BM.GSR.INSF.ZS:CHE,2023-12-31,4.66526568540328
WDI:BM.GSR.INSF.ZS:CHE,2024-12-31,4.66652930356893
WDI:BM.GSR.INSF.ZS:CHE,2025-12-31,4.75741041446368
WDI:BM.GSR.INSF.ZS:CHL,1976-12-31,4.466019417475728
WDI:BM.GSR.INSF.ZS:CHL,1977-12-31,3.8147138964577656
WDI:BM.GSR.INSF.ZS:CHL,1978-12-31,2.263648468708389
WDI:BM.GSR.INSF.ZS:CHL,1979-12-31,2.480916030534351
WDI:BM.GSR.INSF.ZS:CHL,1980-12-31,2.6531901452937463
WDI:BM.GSR.INSF.ZS:CHL,1981-12-31,2.191011235955056
WDI:BM.GSR.INSF.ZS:CHL,1982-12-31,1.6312056737588652
WDI:BM.GSR.INSF.ZS:CHL,1983-12-31,1.132686084142395
WDI:BM.GSR.INSF.ZS:CHL,1984-12-31,1.0770505385252693
WDI:BM.GSR.INSF.ZS:CHL,1985-12-31,3.5909301249421564
WDI:BM.GSR.INSF.ZS:CHL,1986-12-31,3.8129400823701345
WDI:BM.GSR.INSF.ZS:CHL,1987-12-31,3.889778489458233
WDI:BM.GSR.INSF.ZS:CHL,1988-12-31,4.07773534037295
WDI:BM.GSR.INSF.ZS:CHL,1989-12-31,3.3189467194008753
WDI:BM.GSR.INSF.ZS:CHL,1990-12-31,3.1069541638772633
WDI:BM.GSR.INSF.ZS:CHL,1991-12-31,2.436577325498065
WDI:BM.GSR.INSF.ZS:CHL,1992-12-31,1.2776025236593058
WDI:BM.GSR.INSF.ZS:CHL,1993-12-31,3.8276289863533535
WDI:BM.GSR.INSF.ZS:CHL,1994-12-31,5.189073523019827
WDI:BM.GSR.INSF.ZS:CHL,1995-12-31,3.937653814602133
WDI:BM.GSR.INSF.ZS:CHL,1996-12-31,6.420030319903414
WDI:BM.GSR.INSF.ZS:CHL,1997-12-31,6.872590256545302
WDI:BM.GSR.INSF.ZS:CHL,1998-12-31,6.7009438165838455
WDI:BM.GSR.INSF.ZS:CHL,1999-12-31,8.468718027139523
WDI:BM.GSR.INSF.ZS:CHL,2000-12-31,8.50997975772482
WDI:BM.GSR.INSF.ZS:CHL,2001-12-31,8.190461354177907
WDI:BM.GSR.INSF.ZS:CHL,2002-12-31,11.35370182539652
WDI:BM.GSR.INSF.ZS:CHL,2003-12-31,11.565781158866885
WDI:BM.GSR.INSF.ZS:CHL,2004-12-31,10.249625713170833
WDI:BM.GSR.INSF.ZS:CHL,2005-12-31,12.363540349764193
WDI:BM.GSR.INSF.ZS:CHL,2006-12-31,14.979869422481084
WDI:BM.GSR.INSF.ZS:CHL,2007-12-31,13.662292552210362
WDI:BM.GSR.INSF.ZS:CHL,2008-12-31,12.036255995136889
WDI:BM.GSR.INSF.ZS:CHL,2009-12-31,14.772400185307363
WDI:BM.GSR.INSF.ZS:CHL,2010-12-31,14.666054609340042
WDI:BM.GSR.INSF.ZS:CHL,2011-12-31,11.827802396505394
WDI:BM.GSR.INSF.ZS:CHL,2012-12-31,10.05547794161554
WDI:BM.GSR.INSF.ZS:CHL,2013-12-31,9.663486920119807
WDI:BM.GSR.INSF.ZS:CHL,2014-12-31,10.038619155071824
WDI:BM.GSR.INSF.ZS:CHL,2015-12-31,11.578054829544008
WDI:BM.GSR.INSF.ZS:CHL,2016-12-31,11.404460620746141
WDI:BM.GSR.INSF.ZS:CHL,2017-12-31,10.993767828741282
WDI:BM.GSR.INSF.ZS:CHL,2018-12-31,10.371819196248733
WDI:BM.GSR.INSF.ZS:CHL,2019-12-31,10.752959498222983
WDI:BM.GSR.INSF.ZS:CHL,2020-12-31,12.863054216250866
WDI:BM.GSR.INSF.ZS:CHL,2021-12-31,11.098395014630738
WDI:BM.GSR.INSF.ZS:CHL,2022-12-31,14.824332215027535
WDI:BM.GSR.INSF.ZS:CHL,2023-12-31,12.537345259629
WDI:BM.GSR.INSF.ZS:CHL,2024-12-31,11.5042463130628
WDI:BM.GSR.INSF.ZS:CHL,2025-12-31,11.6952735704599
WDI:BM.GSR.INSF.ZS:CHN,1982-12-31,4.397233201581028
WDI:BM.GSR.INSF.ZS:CHN,1983-12-31,5.516549648946841
WDI:BM.GSR.INSF.ZS:CHN,1984-12-31,4.2352117605880295
WDI:BM.GSR.INSF.ZS:CHN,1985-12-31,2.733755942947702
WDI:BM.GSR.INSF.ZS:CHN,1986-12-31,3.6028119507908607
WDI:BM.GSR.INSF.ZS:CHN,1987-12-31,5.714285714285714
WDI:BM.GSR.INSF.ZS:CHN,1988-12-31,5.911740216486262
WDI:BM.GSR.INSF.ZS:CHN,1989-12-31,4.782608695652174
WDI:BM.GSR.INSF.ZS:CHN,1990-12-31,2.159926470588235
WDI:BM.GSR.INSF.ZS:CHN,1991-12-31,5.192914341179326
WDI:BM.GSR.INSF.ZS:CHN,1992-12-31,2.90438838244647
WDI:BM.GSR.INSF.ZS:CHN,1993-12-31,3.007643735460286
WDI:BM.GSR.INSF.ZS:CHN,1994-12-31,11.534449966255599
WDI:BM.GSR.INSF.ZS:CHN,1995-12-31,16.94227687467143
WDI:BM.GSR.INSF.ZS:CHN,1996-12-31,1.0316581802081026
WDI:BM.GSR.INSF.ZS:CHN,1997-12-31,4.844755640427187
WDI:BM.GSR.INSF.ZS:CHN,1998-12-31,7.061461549772092
WDI:BM.GSR.INSF.ZS:CHN,1999-12-31,6.5032547419565825
WDI:BM.GSR.INSF.ZS:CHN,2000-12-31,7.082871237600065
WDI:BM.GSR.INSF.ZS:CHN,2001-12-31,7.065919862128394
WDI:BM.GSR.INSF.ZS:CHN,2002-12-31,7.132984790006897
WDI:BM.GSR.INSF.ZS:CHN,2003-12-31,8.635514458838644
WDI:BM.GSR.INSF.ZS:CHN,2004-12-31,8.591681373543857
WDI:BM.GSR.INSF.ZS:CHN,2005-12-31,8.763814620426555
WDI:BM.GSR.INSF.ZS:CHN,2006-12-31,9.641746351858718
WDI:BM.GSR.INSF.ZS:CHN,2007-12-31,8.622958662488662
WDI:BM.GSR.INSF.ZS:CHN,2008-12-31,8.372803199166976
WDI:BM.GSR.INSF.ZS:CHN,2009-12-31,7.52047084586702
WDI:BM.GSR.INSF.ZS:CHN,2010-12-31,8.863374650715977
WDI:BM.GSR.INSF.ZS:CHN,2011-12-31,8.265121299607891
WDI:BM.GSR.INSF.ZS:CHN,2012-12-31,8.007763644105209
WDI:BM.GSR.INSF.ZS:CHN,2013-12-31,7.798955889902887
WDI:BM.GSR.INSF.ZS:CHN,2014-12-31,6.328325074190823
WDI:BM.GSR.INSF.ZS:CHN,2015-12-31,2.6252945996282695
WDI:BM.GSR.INSF.ZS:CHN,2016-12-31,3.3849369778918876
WDI:BM.GSR.INSF.ZS:CHN,2017-12-31,2.7712778236765083
WDI:BM.GSR.INSF.ZS:CHN,2018-12-31,2.5949666529792976
WDI:BM.GSR.INSF.ZS:CHN,2019-12-31,2.655132882727641
WDI:BM.GSR.INSF.ZS:CHN,2020-12-31,4.304230178584579
WDI:BM.GSR.INSF.ZS:CHN,2021-12-31,5.394945445106006
WDI:BM.GSR.INSF.ZS:CHN,2022-12-31,4.950856472960419
WDI:BM.GSR.INSF.ZS:CHN,2023-12-31,3.8869231404757
WDI:BM.GSR.INSF.ZS:CHN,2024-12-31,3.09193447938271
WDI:BM.GSR.INSF.ZS:CHN,2025-12-31,3.0363627914143
WDI:BM.GSR.INSF.ZS:CIV,2005-12-31,8.065622195315578
WDI:BM.GSR.INSF.ZS:CIV,2006-12-31,8.157186894945504
WDI:BM.GSR.INSF.ZS:CIV,2007-12-31,8.198447811495862
WDI:BM.GSR.INSF.ZS:CIV,2008-12-31,7.600826914659294
WDI:BM.GSR.INSF.ZS:CIV,2009-12-31,7.876879846466905
WDI:BM.GSR.INSF.ZS:CIV,2010-12-31,7.309616542621826
WDI:BM.GSR.INSF.ZS:CIV,2011-12-31,7.741207558881477
WDI:BM.GSR.INSF.ZS:CIV,2012-12-31,7.706131716916438
WDI:BM.GSR.INSF.ZS:CIV,2013-12-31,3.444039300974196
WDI:BM.GSR.INSF.ZS:CIV,2014-12-31,4.427466891871348
WDI:BM.GSR.INSF.ZS:CIV,2015-12-31,3.681256292685769
WDI:BM.GSR.INSF.ZS:CIV,2016-12-31,3.1353292508711363
WDI:BM.GSR.INSF.ZS:CIV,2017-12-31,4.2376100074707415
WDI:BM.GSR.INSF.ZS:CIV,2018-12-31,4.854946349017632
WDI:BM.GSR.INSF.ZS:CIV,2019-12-31,3.8184048151880043
WDI:BM.GSR.INSF.ZS:CIV,2020-12-31,4.93450375534073
WDI:BM.GSR.INSF.ZS:CIV,2021-12-31,4.548656879454949
WDI:BM.GSR.INSF.ZS:CIV,2022-12-31,3.400595350052802
WDI:BM.GSR.INSF.ZS:CIV,2023-12-31,3.27948259818845
WDI:BM.GSR.INSF.ZS:CIV,2024-12-31,3.87360483149582
WDI:BM.GSR.INSF.ZS:CMR,1977-12-31,7.763877080043727
WDI:BM.GSR.INSF.ZS:CMR,1978-12-31,7.557295645530942
WDI:BM.GSR.INSF.ZS:CMR,1979-12-31,7.152538943961153
WDI:BM.GSR.INSF.ZS:CMR,1980-12-31,5.414328161109279
WDI:BM.GSR.INSF.ZS:CMR,1981-12-31,5.13127098809402
WDI:BM.GSR.INSF.ZS:CMR,1982-12-31,6.278881560312382
WDI:BM.GSR.INSF.ZS:CMR,1983-12-31,4.6407141811795665
WDI:BM.GSR.INSF.ZS:CMR,1984-12-31,4.719917640646755
WDI:BM.GSR.INSF.ZS:CMR,1985-12-31,5.484331161729031
WDI:BM.GSR.INSF.ZS:CMR,1986-12-31,8.069005597528522
WDI:BM.GSR.INSF.ZS:CMR,1987-12-31,5.532089788175785
WDI:BM.GSR.INSF.ZS:CMR,1988-12-31,3.896152270272276
WDI:BM.GSR.INSF.ZS:CMR,1989-12-31,4.253833308030987
WDI:BM.GSR.INSF.ZS:CMR,1990-12-31,7.028641714988628
WDI:BM.GSR.INSF.ZS:CMR,1991-12-31,3.7017150437446675
WDI:BM.GSR.INSF.ZS:CMR,1992-12-31,6.820453031312451
WDI:BM.GSR.INSF.ZS:CMR,1993-12-31,5.899451989516315
WDI:BM.GSR.INSF.ZS:CMR,1994-12-31,6.523009495982465
WDI:BM.GSR.INSF.ZS:CMR,1995-12-31,7.030936118923263
WDI:BM.GSR.INSF.ZS:CMR,1996-12-31,2.9035825092462146
WDI:BM.GSR.INSF.ZS:CMR,1997-12-31,3.742823337481851
WDI:BM.GSR.INSF.ZS:CMR,1998-12-31,8.367191150529813
WDI:BM.GSR.INSF.ZS:CMR,1999-12-31,6.038536800732053
WDI:BM.GSR.INSF.ZS:CMR,2000-12-31,3.7878770269662527
WDI:BM.GSR.INSF.ZS:CMR,2001-12-31,3.3930690993464365
WDI:BM.GSR.INSF.ZS:CMR,2002-12-31,2.143254247265239
WDI:BM.GSR.INSF.ZS:CMR,2003-12-31,7.598347677388979
WDI:BM.GSR.INSF.ZS:CMR,2004-12-31,7.064185966265489
WDI:BM.GSR.INSF.ZS:CMR,2005-12-31,7.822073169467478
WDI:BM.GSR.INSF.ZS:CMR,2006-12-31,5.889616526618605
WDI:BM.GSR.INSF.ZS:CMR,2007-12-31,5.9618955260948345
WDI:BM.GSR.INSF.ZS:CMR,2008-12-31,6.2203093069774535
WDI:BM.GSR.INSF.ZS:CMR,2009-12-31,7.599869386288306
WDI:BM.GSR.INSF.ZS:CMR,2010-12-31,6.980184677739322
WDI:BM.GSR.INSF.ZS:CMR,2011-12-31,8.0074262852425
WDI:BM.GSR.INSF.ZS:CMR,2012-12-31,7.257467133020308
WDI:BM.GSR.INSF.ZS:CMR,2013-12-31,6.280371226765451
WDI:BM.GSR.INSF.ZS:CMR,2014-12-31,6.640733283172439
WDI:BM.GSR.INSF.ZS:CMR,2015-12-31,7.220683287165272
WDI:BM.GSR.INSF.ZS:CMR,2016-12-31,8.222604458438939
WDI:BM.GSR.INSF.ZS:CMR,2017-12-31,7.164086150043142
WDI:BM.GSR.INSF.ZS:CMR,2018-12-31,6.996277310571303
WDI:BM.GSR.INSF.ZS:CMR,2019-12-31,6.761285993137485
WDI:BM.GSR.INSF.ZS:CMR,2020-12-31,7.183468571708931
WDI:BM.GSR.INSF.ZS:CMR,2021-12-31,6.195520587434696
WDI:BM.GSR.INSF.ZS:CMR,2022-12-31,4.4698197545780545
WDI:BM.GSR.INSF.ZS:CMR,2023-12-31,8.04374188190404
WDI:BM.GSR.INSF.ZS:CMR,2024-12-31,9.24160379129216
WDI:BM.GSR.INSF.ZS:COD,2005-12-31,9.6647280191584
WDI:BM.GSR.INSF.ZS:COD,2006-12-31,13.314197394568335
WDI:BM.GSR.INSF.ZS:COD,2007-12-31,14.966617210682493
WDI:BM.GSR.INSF.ZS:COD,2008-12-31,14.112211849876166
WDI:BM.GSR.INSF.ZS:COD,2009-12-31,14.809311540366519
WDI:BM.GSR.INSF.ZS:COD,2010-12-31,13.497577646749539
WDI:BM.GSR.INSF.ZS:COD,2011-12-31,13.178511985840272
WDI:BM.GSR.INSF.ZS:COD,2012-12-31,20.46709863279056
WDI:BM.GSR.INSF.ZS:COD,2013-12-31,18.439744422879162
WDI:BM.GSR.INSF.ZS:COD,2014-12-31,15.65623967057106
WDI:BM.GSR.INSF.ZS:COD,2015-12-31,20.070415716321357
WDI:BM.GSR.INSF.ZS:COD,2016-12-31,16.62109700838573
WDI:BM.GSR.INSF.ZS:COD,2017-12-31,23.092018088743878
WDI:BM.GSR.INSF.ZS:COD,2018-12-31,21.394713457354538
WDI:BM.GSR.INSF.ZS:COD,2019-12-31,22.926461381413297
WDI:BM.GSR.INSF.ZS:COD,2020-12-31,21.791932605177006
WDI:BM.GSR.INSF.ZS:COD,2021-12-31,19.2099412847724
WDI:BM.GSR.INSF.ZS:COD,2022-12-31,18.461836135884273
WDI:BM.GSR.INSF.ZS:COD,2023-12-31,19.1277971430959
WDI:BM.GSR.INSF.ZS:COD,2024-12-31,21.2705639655168
WDI:BM.GSR.INSF.ZS:COD,2025-12-31,18.2464306330851
WDI:BM.GSR.INSF.ZS:COG,1978-12-31,4.416596857743669
WDI:BM.GSR.INSF.ZS:COG,1979-12-31,5.355187751261637
WDI:BM.GSR.INSF.ZS:COG,1980-12-31,3.4648262262755796
WDI:BM.GSR.INSF.ZS:COG,1981-12-31,3.8609253755984856
WDI:BM.GSR.INSF.ZS:COG,1982-12-31,3.1373062421449474
WDI:BM.GSR.INSF.ZS:COG,1983-12-31,4.079199919183763
WDI:BM.GSR.INSF.ZS:COG,1984-12-31,6.261200140367305
WDI:BM.GSR.INSF.ZS:COG,1985-12-31,5.00717840127051
WDI:BM.GSR.INSF.ZS:COG,1986-12-31,4.120781527531081
WDI:BM.GSR.INSF.ZS:COG,1987-12-31,4.56745111037455
WDI:BM.GSR.INSF.ZS:COG,1988-12-31,4.369777617934426
WDI:BM.GSR.INSF.ZS:COG,1989-12-31,2.309644670050763
WDI:BM.GSR.INSF.ZS:COG,1990-12-31,1.5090735434574958
WDI:BM.GSR.INSF.ZS:COG,1991-12-31,1.4015322217215025
WDI:BM.GSR.INSF.ZS:COG,1992-12-31,1.3165983606557377
WDI:BM.GSR.INSF.ZS:COG,1993-12-31,1.3283208020050148
WDI:BM.GSR.INSF.ZS:COG,1994-12-31,1.4089347079037793
WDI:BM.GSR.INSF.ZS:COG,1995-12-31,7.254595851785766
WDI:BM.GSR.INSF.ZS:COG,1996-12-31,4.863195223267149
WDI:BM.GSR.INSF.ZS:COG,1997-12-31,5.840557250737659
WDI:BM.GSR.INSF.ZS:COG,1998-12-31,3.5145708993213196
WDI:BM.GSR.INSF.ZS:COG,1999-12-31,3.4431820731643454
WDI:BM.GSR.INSF.ZS:COG,2000-12-31,4.583051156986436
WDI:BM.GSR.INSF.ZS:COG,2001-12-31,4.334768757904176
WDI:BM.GSR.INSF.ZS:COG,2002-12-31,3.8171897372392705
WDI:BM.GSR.INSF.ZS:COG,2003-12-31,7.881289308176104
WDI:BM.GSR.INSF.ZS:COG,2004-12-31,6.258148631029965
WDI:BM.GSR.INSF.ZS:COG,2005-12-31,8.963210702341174
WDI:BM.GSR.INSF.ZS:COG,2006-12-31,6.196294836420981
WDI:BM.GSR.INSF.ZS:COG,2007-12-31,5.476405952574493
WDI:BM.GSR.INSF.ZS:COG,2008-12-31,5.991098598546781
WDI:BM.GSR.INSF.ZS:COG,2009-12-31,5.6418470330225
WDI:BM.GSR.INSF.ZS:COG,2010-12-31,4.440352177796244
WDI:BM.GSR.INSF.ZS:COG,2011-12-31,2.961158295852145
WDI:BM.GSR.INSF.ZS:COG,2012-12-31,3.110266330600808
WDI:BM.GSR.INSF.ZS:COG,2013-12-31,5.041281891974834
WDI:BM.GSR.INSF.ZS:COG,2014-12-31,4.500031945456641
WDI:BM.GSR.INSF.ZS:COG,2015-12-31,3.5094063607905004
WDI:BM.GSR.INSF.ZS:COG,2016-12-31,7.381441069976637
WDI:BM.GSR.INSF.ZS:COG,2019-12-31,5.282143645161437
WDI:BM.GSR.INSF.ZS:COG,2020-12-31,3.6766999961626143
WDI:BM.GSR.INSF.ZS:COG,2021-12-31,2.052200181676074
WDI:BM.GSR.INSF.ZS:COL,1968-12-31,9.176954732533101
WDI:BM.GSR.INSF.ZS:COL,1969-12-31,8.939929328648097
WDI:BM.GSR.INSF.ZS:COL,1970-12-31,8.023952095831248
WDI:BM.GSR.INSF.ZS:COL,1971-12-31,9.05773159628149
WDI:BM.GSR.INSF.ZS:COL,1972-12-31,8.160462011033378
WDI:BM.GSR.INSF.ZS:COL,1973-12-31,7.916653684590462
WDI:BM.GSR.INSF.ZS:COL,1974-12-31,7.139698178806666
WDI:BM.GSR.INSF.ZS:COL,1975-12-31,7.140820814043103
WDI:BM.GSR.INSF.ZS:COL,1976-12-31,6.982146306511574
WDI:BM.GSR.INSF.ZS:COL,1977-12-31,8.212206520319343
WDI:BM.GSR.INSF.ZS:COL,1978-12-31,9.014741303634558
WDI:BM.GSR.INSF.ZS:COL,1979-12-31,9.52247346248188
WDI:BM.GSR.INSF.ZS:COL,1980-12-31,10.201960154872165
WDI:BM.GSR.INSF.ZS:COL,1981-12-31,11.27204155795636
WDI:BM.GSR.INSF.ZS:COL,1982-12-31,12.13158861526178
WDI:BM.GSR.INSF.ZS:COL,1983-12-31,12.06605222734255
WDI:BM.GSR.INSF.ZS:COL,1984-12-31,14.029275808936825
WDI:BM.GSR.INSF.ZS:COL,1985-12-31,12.824106517168884
WDI:BM.GSR.INSF.ZS:COL,1986-12-31,11.799287410926365
WDI:BM.GSR.INSF.ZS:COL,1987-12-31,12.012873025160912
WDI:BM.GSR.INSF.ZS:COL,1988-12-31,13.604790419161677
WDI:BM.GSR.INSF.ZS:COL,1989-12-31,13.993610223642172
WDI:BM.GSR.INSF.ZS:COL,1990-12-31,13.16
WDI:BM.GSR.INSF.ZS:COL,1991-12-31,12.792494481236202
WDI:BM.GSR.INSF.ZS:COL,1992-12-31,12.355174283883056
WDI:BM.GSR.INSF.ZS:COL,1993-12-31,12.315249709139483
WDI:BM.GSR.INSF.ZS:COL,1994-12-31,11.37591648868547
WDI:BM.GSR.INSF.ZS:COL,1995-12-31,11.717073027553978
WDI:BM.GSR.INSF.ZS:COL,1996-12-31,12.433918342524137
WDI:BM.GSR.INSF.ZS:COL,1997-12-31,14.268417243948825
WDI:BM.GSR.INSF.ZS:COL,1998-12-31,11.096321455837375
WDI:BM.GSR.INSF.ZS:COL,1999-12-31,10.02005821270145
WDI:BM.GSR.INSF.ZS:COL,2000-12-31,13.129099558297538
WDI:BM.GSR.INSF.ZS:COL,2001-12-31,14.953043902858862
WDI:BM.GSR.INSF.ZS:COL,2002-12-31,17.919189401411725
WDI:BM.GSR.INSF.ZS:COL,2003-12-31,14.944836365192426
WDI:BM.GSR.INSF.ZS:COL,2004-12-31,13.542834416927718
WDI:BM.GSR.INSF.ZS:COL,2005-12-31,11.596968331504316
WDI:BM.GSR.INSF.ZS:COL,2006-12-31,11.02407767717128
WDI:BM.GSR.INSF.ZS:COL,2007-12-31,9.514604396852953
WDI:BM.GSR.INSF.ZS:COL,2008-12-31,9.579818372818579
WDI:BM.GSR.INSF.ZS:COL,2009-12-31,11.57676695098287
WDI:BM.GSR.INSF.ZS:COL,2010-12-31,13.593375780730476
WDI:BM.GSR.INSF.ZS:COL,2011-12-31,13.97113384280931
WDI:BM.GSR.INSF.ZS:COL,2012-12-31,13.444822358141284
WDI:BM.GSR.INSF.ZS:COL,2013-12-31,13.09433732506282
WDI:BM.GSR.INSF.ZS:COL,2014-12-31,12.695312607344068
WDI:BM.GSR.INSF.ZS:COL,2015-12-31,11.791546053230864
WDI:BM.GSR.INSF.ZS:COL,2016-12-31,11.379425360635313
WDI:BM.GSR.INSF.ZS:COL,2017-12-31,14.679006134146949
WDI:BM.GSR.INSF.ZS:COL,2018-12-31,14.403712963285479
WDI:BM.GSR.INSF.ZS:COL,2019-12-31,15.864135173533375
WDI:BM.GSR.INSF.ZS:COL,2020-12-31,25.45465074804295
WDI:BM.GSR.INSF.ZS:COL,2021-12-31,19.499529913527777
WDI:BM.GSR.INSF.ZS:COL,2022-12-31,10.401308141702827
WDI:BM.GSR.INSF.ZS:COL,2023-12-31,10.2568598153925
WDI:BM.GSR.INSF.ZS:COL,2024-12-31,9.24072479546488
WDI:BM.GSR.INSF.ZS:COL,2025-12-31,10.6046268975549
WDI:BM.GSR.INSF.ZS:COM,1980-12-31,5.631453534551269
WDI:BM.GSR.INSF.ZS:COM,1981-12-31,2.950414424894583
WDI:BM.GSR.INSF.ZS:COM,1982-12-31,2.9637169201293307
WDI:BM.GSR.INSF.ZS:COM,1983-12-31,3.9529298751200836
WDI:BM.GSR.INSF.ZS:COM,1984-12-31,2.6005834447550797
WDI:BM.GSR.INSF.ZS:COM,1985-12-31,2.358449612403103
WDI:BM.GSR.INSF.ZS:COM,1986-12-31,2.0256883241101313
WDI:BM.GSR.INSF.ZS:COM,1987-12-31,2.8583936957732967
WDI:BM.GSR.INSF.ZS:COM,1988-12-31,2.866555529094227
WDI:BM.GSR.INSF.ZS:COM,1989-12-31,2.4796201028888043
WDI:BM.GSR.INSF.ZS:COM,1990-12-31,2.7092566268082594
WDI:BM.GSR.INSF.ZS:COM,1991-12-31,2.93392466698714
WDI:BM.GSR.INSF.ZS:COM,2003-12-31,8.80106067302228
WDI:BM.GSR.INSF.ZS:COM,2004-12-31,9.52380952380953
WDI:BM.GSR.INSF.ZS:COM,2005-12-31,9.99668983780206
WDI:BM.GSR.INSF.ZS:COM,2006-12-31,9.929986814492906
WDI:BM.GSR.INSF.ZS:COM,2007-12-31,10.240024827490526
WDI:BM.GSR.INSF.ZS:COM,2008-12-31,10.58510911430101
WDI:BM.GSR.INSF.ZS:COM,2009-12-31,11.581203197180267
WDI:BM.GSR.INSF.ZS:COM,2010-12-31,11.476319476399265
WDI:BM.GSR.INSF.ZS:COM,2011-12-31,11.841063806404465
WDI:BM.GSR.INSF.ZS:COM,2012-12-31,12.103947127137262
WDI:BM.GSR.INSF.ZS:COM,2014-12-31,9.29543606463298
WDI:BM.GSR.INSF.ZS:COM,2015-12-31,8.148192252941671
WDI:BM.GSR.INSF.ZS:COM,2016-12-31,8.164242395138688
WDI:BM.GSR.INSF.ZS:COM,2017-12-31,7.988491937694898
WDI:BM.GSR.INSF.ZS:COM,2018-12-31,8.242287610371418
WDI:BM.GSR.INSF.ZS:COM,2019-12-31,7.54012524344241
WDI:BM.GSR.INSF.ZS:COM,2020-12-31,8.385459955196453
WDI:BM.GSR.INSF.ZS:COM,2021-12-31,9.353832305899004
WDI:BM.GSR.INSF.ZS:COM,2022-12-31,8.389620755016578
WDI:BM.GSR.INSF.ZS:COM,2023-12-31,6.49418877149878
WDI:BM.GSR.INSF.ZS:CPV,1977-12-31,0.5542168674698792
WDI:BM.GSR.INSF.ZS:CPV,1978-12-31,1.5548780487804863
WDI:BM.GSR.INSF.ZS:CPV,1979-12-31,0.15114578254509994
WDI:BM.GSR.INSF.ZS:CPV,1980-12-31,1.019660113295568
WDI:BM.GSR.INSF.ZS:CPV,1981-12-31,0.5334928229665089
WDI:BM.GSR.INSF.ZS:CPV,1982-12-31,0.522022838499186
WDI:BM.GSR.INSF.ZS:CPV,1983-12-31,0.20804755372656616
WDI:BM.GSR.INSF.ZS:CPV,1984-12-31,2.4402614968440175
WDI:BM.GSR.INSF.ZS:CPV,1985-12-31,1.2577738291661322
WDI:BM.GSR.INSF.ZS:CPV,1986-12-31,0.6344365935291901
WDI:BM.GSR.INSF.ZS:CPV,1998-12-31,2.6038076292945695
WDI:BM.GSR.INSF.ZS:CPV,1999-12-31,5.20032011176012
WDI:BM.GSR.INSF.ZS:CPV,2000-12-31,3.2033602279599296
WDI:BM.GSR.INSF.ZS:CPV,2001-12-31,5.224347048642873
WDI:BM.GSR.INSF.ZS:CPV,2002-12-31,3.727981975385133
WDI:BM.GSR.INSF.ZS:CPV,2003-12-31,3.686117891063609
WDI:BM.GSR.INSF.ZS:CPV,2004-12-31,4.6803316602838105
WDI:BM.GSR.INSF.ZS:CPV,2005-12-31,5.29776797685404
WDI:BM.GSR.INSF.ZS:CPV,2006-12-31,4.7919935156463795
WDI:BM.GSR.INSF.ZS:CPV,2007-12-31,4.849619810799255
WDI:BM.GSR.INSF.ZS:CPV,2008-12-31,5.13526597753897
WDI:BM.GSR.INSF.ZS:CPV,2009-12-31,5.365421769123828
WDI:BM.GSR.INSF.ZS:CPV,2010-12-31,5.957409820722784
WDI:BM.GSR.INSF.ZS:CPV,2011-12-31,6.878040691265317
WDI:BM.GSR.INSF.ZS:CPV,2012-12-31,5.572685633657615
WDI:BM.GSR.INSF.ZS:CPV,2013-12-31,4.684686721908664
WDI:BM.GSR.INSF.ZS:CPV,2014-12-31,6.6592702745810595
WDI:BM.GSR.INSF.ZS:CPV,2015-12-31,5.051568163490644
WDI:BM.GSR.INSF.ZS:CPV,2016-12-31,2.5747827243372607
WDI:BM.GSR.INSF.ZS:CPV,2017-12-31,3.177881307321033
WDI:BM.GSR.INSF.ZS:CPV,2018-12-31,2.0251101682640287
WDI:BM.GSR.INSF.ZS:CPV,2019-12-31,2.3791250733192033
WDI:BM.GSR.INSF.ZS:CPV,2020-12-31,4.910643566878466
WDI:BM.GSR.INSF.ZS:CPV,2021-12-31,3.7499533851958993
WDI:BM.GSR.INSF.ZS:CPV,2022-12-31,3.8825612291832714
WDI:BM.GSR.INSF.ZS:CPV,2023-12-31,3.2588947754931
WDI:BM.GSR.INSF.ZS:CPV,2024-12-31,3.71496392882213
WDI:BM.GSR.INSF.ZS:CPV,2025-12-31,3.50267878396936
WDI:BM.GSR.INSF.ZS:CRI,1977-12-31,7.839195979899498
WDI:BM.GSR.INSF.ZS:CRI,1978-12-31,7.608220376038479
WDI:BM.GSR.INSF.ZS:CRI,1979-12-31,7.383808095952024
WDI:BM.GSR.INSF.ZS:CRI,1980-12-31,6.743535988819008
WDI:BM.GSR.INSF.ZS:CRI,1981-12-31,8.018433179723502
WDI:BM.GSR.INSF.ZS:CRI,1982-12-31,6.075738660008323
WDI:BM.GSR.INSF.ZS:CRI,1983-12-31,6.906077348066299
WDI:BM.GSR.INSF.ZS:CRI,1984-12-31,8.304630692690393
WDI:BM.GSR.INSF.ZS:CRI,1985-12-31,7.916222932197373
WDI:BM.GSR.INSF.ZS:CRI,1986-12-31,8.465085638998683
WDI:BM.GSR.INSF.ZS:CRI,1987-12-31,7.005880848887752
WDI:BM.GSR.INSF.ZS:CRI,1988-12-31,7.410903941468019
WDI:BM.GSR.INSF.ZS:CRI,1989-12-31,6.491935483870968
WDI:BM.GSR.INSF.ZS:CRI,1990-12-31,5.9123158086228855
WDI:BM.GSR.INSF.ZS:CRI,1991-12-31,2.299925205684368
WDI:BM.GSR.INSF.ZS:CRI,1992-12-31,6.037151702786378
WDI:BM.GSR.INSF.ZS:CRI,1993-12-31,6.308182263596277
WDI:BM.GSR.INSF.ZS:CRI,1994-12-31,6.2783397279386115
WDI:BM.GSR.INSF.ZS:CRI,1995-12-31,4.5273511059203315
WDI:BM.GSR.INSF.ZS:CRI,1996-12-31,3.9810994405202487
WDI:BM.GSR.INSF.ZS:CRI,1997-12-31,4.11781239961452
WDI:BM.GSR.INSF.ZS:CRI,1998-12-31,3.2205831044631914
WDI:BM.GSR.INSF.ZS:CRI,1999-12-31,3.748267664125578
WDI:BM.GSR.INSF.ZS:CRI,2000-12-31,16.730815361493054
WDI:BM.GSR.INSF.ZS:CRI,2001-12-31,13.822792300785919
WDI:BM.GSR.INSF.ZS:CRI,2002-12-31,11.25605658480891
WDI:BM.GSR.INSF.ZS:CRI,2003-12-31,9.769244171601697
WDI:BM.GSR.INSF.ZS:CRI,2004-12-31,10.42139494244348
WDI:BM.GSR.INSF.ZS:CRI,2005-12-31,12.579533264724862
WDI:BM.GSR.INSF.ZS:CRI,2006-12-31,14.618411315052585
WDI:BM.GSR.INSF.ZS:CRI,2007-12-31,13.120974957537237
WDI:BM.GSR.INSF.ZS:CRI,2008-12-31,13.57968033818329
WDI:BM.GSR.INSF.ZS:CRI,2009-12-31,13.287200606813181
WDI:BM.GSR.INSF.ZS:CRI,2010-12-31,10.607001678949834
WDI:BM.GSR.INSF.ZS:CRI,2011-12-31,10.312747922016861
WDI:BM.GSR.INSF.ZS:CRI,2012-12-31,9.87390848753928
WDI:BM.GSR.INSF.ZS:CRI,2013-12-31,12.6215771737366
WDI:BM.GSR.INSF.ZS:CRI,2014-12-31,14.06030598287567
WDI:BM.GSR.INSF.ZS:CRI,2015-12-31,12.480065748200065
WDI:BM.GSR.INSF.ZS:CRI,2016-12-31,11.43116872227831
WDI:BM.GSR.INSF.ZS:CRI,2017-12-31,10.333157314209231
WDI:BM.GSR.INSF.ZS:CRI,2018-12-31,10.079095435735617
WDI:BM.GSR.INSF.ZS:CRI,2019-12-31,11.161713129684978
WDI:BM.GSR.INSF.ZS:CRI,2020-12-31,14.993988416382342
WDI:BM.GSR.INSF.ZS:CRI,2021-12-31,12.044236076442546
WDI:BM.GSR.INSF.ZS:CRI,2022-12-31,7.1555094272548665
WDI:BM.GSR.INSF.ZS:CRI,2023-12-31,10.6453564376302
WDI:BM.GSR.INSF.ZS:CRI,2024-12-31,9.90452567306393
WDI:BM.GSR.INSF.ZS:CRI,2025-12-31,10.0393314152943
WDI:BM.GSR.INSF.ZS:CSS,1976-12-31,6.190686922060357
WDI:BM.GSR.INSF.ZS:CSS,1977-12-31,5.94495784118086
WDI:BM.GSR.INSF.ZS:CSS,1978-12-31,6.453815066019081
WDI:BM.GSR.INSF.ZS:CSS,1979-12-31,6.317240195624908
WDI:BM.GSR.INSF.ZS:CSS,1980-12-31,6.893635094304633
WDI:BM.GSR.INSF.ZS:CSS,1981-12-31,6.416603715897541
WDI:BM.GSR.INSF.ZS:CSS,1982-12-31,7.232734538379919
WDI:BM.GSR.INSF.ZS:CSS,1983-12-31,6.494406404440649
WDI:BM.GSR.INSF.ZS:CSS,1984-12-31,5.581615740362578
WDI:BM.GSR.INSF.ZS:CSS,1985-12-31,5.248071444103838
WDI:BM.GSR.INSF.ZS:CSS,1986-12-31,5.920129278259229
WDI:BM.GSR.INSF.ZS:CSS,1987-12-31,7.250117006670944
WDI:BM.GSR.INSF.ZS:CSS,1988-12-31,6.366091963795482
WDI:BM.GSR.INSF.ZS:CSS,1989-12-31,6.939578962742142
WDI:BM.GSR.INSF.ZS:CSS,1990-12-31,7.160809339965565
WDI:BM.GSR.INSF.ZS:CSS,1991-12-31,8.73315332343274
WDI:BM.GSR.INSF.ZS:CSS,1992-12-31,8.763076970981441
WDI:BM.GSR.INSF.ZS:CSS,1993-12-31,8.919507290484194
WDI:BM.GSR.INSF.ZS:CSS,1994-12-31,9.429350756225093
WDI:BM.GSR.INSF.ZS:CSS,1995-12-31,8.9981575291426
WDI:BM.GSR.INSF.ZS:CSS,1996-12-31,8.247996956181895
WDI:BM.GSR.INSF.ZS:CSS,1997-12-31,7.184553783778076
WDI:BM.GSR.INSF.ZS:CSS,1998-12-31,6.0069444270832815
WDI:BM.GSR.INSF.ZS:CSS,1999-12-31,7.141265292789684
WDI:BM.GSR.INSF.ZS:CSS,2000-12-31,7.476583378382667
WDI:BM.GSR.INSF.ZS:CSS,2001-12-31,8.122533502802733
WDI:BM.GSR.INSF.ZS:CSS,2002-12-31,8.263528568202503
WDI:BM.GSR.INSF.ZS:CSS,2003-12-31,8.591967056697047
WDI:BM.GSR.INSF.ZS:CSS,2004-12-31,7.327437933778724
WDI:BM.GSR.INSF.ZS:CSS,2005-12-31,7.722537831953657
WDI:BM.GSR.INSF.ZS:CSS,2006-12-31,7.373806970707713
WDI:BM.GSR.INSF.ZS:CSS,2007-12-31,7.209742968142203
WDI:BM.GSR.INSF.ZS:CSS,2008-12-31,7.31418363491908
WDI:BM.GSR.INSF.ZS:CSS,2009-12-31,7.416459643752517
WDI:BM.GSR.INSF.ZS:CSS,2010-12-31,10.357758388401363
WDI:BM.GSR.INSF.ZS:CSS,2011-12-31,10.119440818611546
WDI:BM.GSR.INSF.ZS:CSS,2012-12-31,10.206727083495903
WDI:BM.GSR.INSF.ZS:CSS,2013-12-31,9.942055154098798
WDI:BM.GSR.INSF.ZS:CSS,2014-12-31,9.349488727014535
WDI:BM.GSR.INSF.ZS:CSS,2015-12-31,10.419821351159861
WDI:BM.GSR.INSF.ZS:CSS,2016-12-31,9.877999735638722
WDI:BM.GSR.INSF.ZS:CSS,2017-12-31,8.48028442949738
WDI:BM.GSR.INSF.ZS:CSS,2018-12-31,9.994918738972071
WDI:BM.GSR.INSF.ZS:CSS,2019-12-31,9.146365906085848
WDI:BM.GSR.INSF.ZS:CSS,2020-12-31,11.412895458007725
WDI:BM.GSR.INSF.ZS:CSS,2021-12-31,11.567136789304639
WDI:BM.GSR.INSF.ZS:CSS,2022-12-31,15.362902091129255
WDI:BM.GSR.INSF.ZS:CSS,2023-12-31,7.92905120437063
WDI:BM.GSR.INSF.ZS:CSS,2024-12-31,11.3068609591071
WDI:BM.GSR.INSF.ZS:CSS,2025-12-31,9.66690417016708
WDI:BM.GSR.INSF.ZS:CUW,2011-12-31,2.694299814677792
WDI:BM.GSR.INSF.ZS:CUW,2012-12-31,2.6350461133069834
WDI:BM.GSR.INSF.ZS:CUW,2013-12-31,2.6001142232511816
WDI:BM.GSR.INSF.ZS:CUW,2014-12-31,2.687064145253498
WDI:BM.GSR.INSF.ZS:CUW,2015-12-31,2.093882080420104
WDI:BM.GSR.INSF.ZS:CUW,2016-12-31,2.118378880691837
WDI:BM.GSR.INSF.ZS:CUW,2017-12-31,4.474940561563065
WDI:BM.GSR.INSF.ZS:CUW,2018-12-31,3.8005917021103883
WDI:BM.GSR.INSF.ZS:CUW,2019-12-31,4.146180800932997
WDI:BM.GSR.INSF.ZS:CUW,2020-12-31,7.671145460848298
WDI:BM.GSR.INSF.ZS:CUW,2021-12-31,7.142776985384843
WDI:BM.GSR.INSF.ZS:CUW,2022-12-31,3.307336388014686
WDI:BM.GSR.INSF.ZS:CUW,2023-12-31,3.68975608025416
WDI:BM.GSR.INSF.ZS:CYM,2016-12-31,35.103914999999496
WDI:BM.GSR.INSF.ZS:CYM,2017-12-31,40.48470458812205
WDI:BM.GSR.INSF.ZS:CYM,2018-12-31,36.980002585548306
WDI:BM.GSR.INSF.ZS:CYM,2019-12-31,37.45352170450348
WDI:BM.GSR.INSF.ZS:CYM,2020-12-31,38.68511997218027
WDI:BM.GSR.INSF.ZS:CYM,2021-12-31,37.195744345700966
WDI:BM.GSR.INSF.ZS:CYM,2022-12-31,30.668490109802963
WDI:BM.GSR.INSF.ZS:CYM,2023-12-31,30.6836183375951
WDI:BM.GSR.INSF.ZS:CYM,2024-12-31,30.2489935358658
WDI:BM.GSR.INSF.ZS:CYP,1976-12-31,6.11353711790393
WDI:BM.GSR.INSF.ZS:CYP,1977-12-31,6.313993174061458
WDI:BM.GSR.INSF.ZS:CYP,1978-12-31,6.477093206951033
WDI:BM.GSR.INSF.ZS:CYP,1979-12-31,6.343283582089544
WDI:BM.GSR.INSF.ZS:CYP,1980-12-31,2.0105820105820142
WDI:BM.GSR.INSF.ZS:CYP,1981-12-31,1.5611448395490028
WDI:BM.GSR.INSF.ZS:CYP,1982-12-31,1.0714285714285734
WDI:BM.GSR.INSF.ZS:CYP,1983-12-31,0.7260726072607243
WDI:BM.GSR.INSF.ZS:CYP,1984-12-31,0.28280542986425344
WDI:BM.GSR.INSF.ZS:CYP,1985-12-31,1.2445887445887456
WDI:BM.GSR.INSF.ZS:CYP,1986-12-31,6.04246053347851
WDI:BM.GSR.INSF.ZS:CYP,1987-12-31,5.7021677662582375
WDI:BM.GSR.INSF.ZS:CYP,1988-12-31,5.510465612985895
WDI:BM.GSR.INSF.ZS:CYP,1989-12-31,6.148282097649186
WDI:BM.GSR.INSF.ZS:CYP,1990-12-31,5.7661159701976
WDI:BM.GSR.INSF.ZS:CYP,1991-12-31,5.31600708800945
WDI:BM.GSR.INSF.ZS:CYP,1992-12-31,5.737292400603927
WDI:BM.GSR.INSF.ZS:CYP,1993-12-31,5.676741130091982
WDI:BM.GSR.INSF.ZS:CYP,1994-12-31,5.6092387461701545
WDI:BM.GSR.INSF.ZS:CYP,1995-12-31,6.516248526688003
WDI:BM.GSR.INSF.ZS:CYP,1996-12-31,6.7357512953368195
WDI:BM.GSR.INSF.ZS:CYP,1997-12-31,6.99757028809444
WDI:BM.GSR.INSF.ZS:CYP,1998-12-31,7.6208897485493265
WDI:BM.GSR.INSF.ZS:CYP,1999-12-31,8.160132262635827
WDI:BM.GSR.INSF.ZS:CYP,2000-12-31,7.205837640620248
WDI:BM.GSR.INSF.ZS:CYP,2001-12-31,6.873745063689515
WDI:BM.GSR.INSF.ZS:CYP,2002-12-31,5.15445743207367
WDI:BM.GSR.INSF.ZS:CYP,2003-12-31,4.02910008145176
WDI:BM.GSR.INSF.ZS:CYP,2004-12-31,6.465320307626482
WDI:BM.GSR.INSF.ZS:CYP,2005-12-31,5.8215393020858155
WDI:BM.GSR.INSF.ZS:CYP,2006-12-31,6.968557742878893
WDI:BM.GSR.INSF.ZS:CYP,2007-12-31,6.528062637507813
WDI:BM.GSR.INSF.ZS:CYP,2008-12-31,17.952570800891245
WDI:BM.GSR.INSF.ZS:CYP,2009-12-31,18.88993849277589
WDI:BM.GSR.INSF.ZS:CYP,2010-12-31,22.43418995313185
WDI:BM.GSR.INSF.ZS:CYP,2011-12-31,20.04841710582916
WDI:BM.GSR.INSF.ZS:CYP,2012-12-31,17.104692401695093
WDI:BM.GSR.INSF.ZS:CYP,2013-12-31,20.418503909766205
WDI:BM.GSR.INSF.ZS:CYP,2014-12-31,28.411177791154852
WDI:BM.GSR.INSF.ZS:CYP,2015-12-31,25.4480746733186
WDI:BM.GSR.INSF.ZS:CYP,2016-12-31,28.48396213753532
WDI:BM.GSR.INSF.ZS:CYP,2017-12-31,26.352988040597292
WDI:BM.GSR.INSF.ZS:CYP,2018-12-31,26.71858431165401
WDI:BM.GSR.INSF.ZS:CYP,2019-12-31,26.172721922585623
WDI:BM.GSR.INSF.ZS:CYP,2020-12-31,31.386491301290764
WDI:BM.GSR.INSF.ZS:CYP,2021-12-31,25.0064026366629
WDI:BM.GSR.INSF.ZS:CYP,2022-12-31,26.81143643242233
WDI:BM.GSR.INSF.ZS:CYP,2023-12-31,17.1878073088037
WDI:BM.GSR.INSF.ZS:CYP,2024-12-31,17.3132032421402
WDI:BM.GSR.INSF.ZS:CYP,2025-12-31,17.0037987880172
WDI:BM.GSR.INSF.ZS:CZE,1993-12-31,13.593689968829736
WDI:BM.GSR.INSF.ZS:CZE,1994-12-31,3.8566536792963166
WDI:BM.GSR.INSF.ZS:CZE,1995-12-31,5.03586104032878
WDI:BM.GSR.INSF.ZS:CZE,1996-12-31,4.44254592315548
WDI:BM.GSR.INSF.ZS:CZE,1997-12-31,4.93780869819749
WDI:BM.GSR.INSF.ZS:CZE,1998-12-31,6.795151738676876
WDI:BM.GSR.INSF.ZS:CZE,1999-12-31,5.950688835016507
WDI:BM.GSR.INSF.ZS:CZE,2000-12-31,8.534757935512927
WDI:BM.GSR.INSF.ZS:CZE,2001-12-31,6.025694313099824
WDI:BM.GSR.INSF.ZS:CZE,2002-12-31,12.235110885750656
WDI:BM.GSR.INSF.ZS:CZE,2003-12-31,9.345829788554742
WDI:BM.GSR.INSF.ZS:CZE,2004-12-31,14.19772986395443
WDI:BM.GSR.INSF.ZS:CZE,2005-12-31,14.268652455530557
WDI:BM.GSR.INSF.ZS:CZE,2006-12-31,14.060306844866535
WDI:BM.GSR.INSF.ZS:CZE,2007-12-31,10.067368980346814
WDI:BM.GSR.INSF.ZS:CZE,2008-12-31,8.72469025254439
WDI:BM.GSR.INSF.ZS:CZE,2009-12-31,7.652205479622312
WDI:BM.GSR.INSF.ZS:CZE,2010-12-31,6.623092781921086
WDI:BM.GSR.INSF.ZS:CZE,2011-12-31,6.588598725657452
WDI:BM.GSR.INSF.ZS:CZE,2012-12-31,6.077487692833948
WDI:BM.GSR.INSF.ZS:CZE,2013-12-31,6.875678374593609
WDI:BM.GSR.INSF.ZS:CZE,2014-12-31,8.470759770816942
WDI:BM.GSR.INSF.ZS:CZE,2015-12-31,5.445149998695115
WDI:BM.GSR.INSF.ZS:CZE,2016-12-31,4.960995137127981
WDI:BM.GSR.INSF.ZS:CZE,2017-12-31,4.567933947341675
WDI:BM.GSR.INSF.ZS:CZE,2018-12-31,4.46186610806303
WDI:BM.GSR.INSF.ZS:CZE,2019-12-31,4.837287275670856
WDI:BM.GSR.INSF.ZS:CZE,2020-12-31,6.0371944780162075
WDI:BM.GSR.INSF.ZS:CZE,2021-12-31,5.625141082835717
WDI:BM.GSR.INSF.ZS:CZE,2022-12-31,5.18363661580072
WDI:BM.GSR.INSF.ZS:CZE,2023-12-31,7.2491622354426
WDI:BM.GSR.INSF.ZS:CZE,2024-12-31,6.63782579492985
WDI:BM.GSR.INSF.ZS:CZE,2025-12-31,6.12435230542833
WDI:BM.GSR.INSF.ZS:DEU,1976-12-31,0.5237729904922805
WDI:BM.GSR.INSF.ZS:DEU,1977-12-31,0.5260085123835808
WDI:BM.GSR.INSF.ZS:DEU,1978-12-31,0.542036032684923
WDI:BM.GSR.INSF.ZS:DEU,1979-12-31,0.5406438017124912
WDI:BM.GSR.INSF.ZS:DEU,1980-12-31,0.869359406743609
WDI:BM.GSR.INSF.ZS:DEU,1981-12-31,0.8038206859778626
WDI:BM.GSR.INSF.ZS:DEU,1982-12-31,0.726458740776742
WDI:BM.GSR.INSF.ZS:DEU,1983-12-31,0.8230842001019032
WDI:BM.GSR.INSF.ZS:DEU,1984-12-31,0.9404110426558733
WDI:BM.GSR.INSF.ZS:DEU,1985-12-31,1.0507885539312374
WDI:BM.GSR.INSF.ZS:DEU,1986-12-31,1.2239786047753503
WDI:BM.GSR.INSF.ZS:DEU,1987-12-31,1.2570749762566276
WDI:BM.GSR.INSF.ZS:DEU,1988-12-31,1.4505279081054192
WDI:BM.GSR.INSF.ZS:DEU,1989-12-31,1.2330162259831567
WDI:BM.GSR.INSF.ZS:DEU,1990-12-31,0.964569614485228
WDI:BM.GSR.INSF.ZS:DEU,1991-12-31,2.489358724863473
WDI:BM.GSR.INSF.ZS:DEU,1992-12-31,2.678857078501883
WDI:BM.GSR.INSF.ZS:DEU,1993-12-31,2.916118113125192
WDI:BM.GSR.INSF.ZS:DEU,1994-12-31,2.5634519639740425
WDI:BM.GSR.INSF.ZS:DEU,1995-12-31,2.839216935209806
WDI:BM.GSR.INSF.ZS:DEU,1996-12-31,3.445390032712274
WDI:BM.GSR.INSF.ZS:DEU,1997-12-31,3.7955777453862236
WDI:BM.GSR.INSF.ZS:DEU,1998-12-31,3.704764438478949
WDI:BM.GSR.INSF.ZS:DEU,1999-12-31,3.9805001690891477
WDI:BM.GSR.INSF.ZS:DEU,2000-12-31,3.172152683734847
WDI:BM.GSR.INSF.ZS:DEU,2001-12-31,3.358187713588841
WDI:BM.GSR.INSF.ZS:DEU,2002-12-31,3.6657896594098496
WDI:BM.GSR.INSF.ZS:DEU,2003-12-31,3.485859016770222
WDI:BM.GSR.INSF.ZS:DEU,2004-12-31,4.65238244567704
WDI:BM.GSR.INSF.ZS:DEU,2005-12-31,4.871290559823632
WDI:BM.GSR.INSF.ZS:DEU,2006-12-31,5.3936099265753645
WDI:BM.GSR.INSF.ZS:DEU,2007-12-31,6.169285559855172
WDI:BM.GSR.INSF.ZS:DEU,2008-12-31,5.646961629442395
WDI:BM.GSR.INSF.ZS:DEU,2009-12-31,6.141268527917124
WDI:BM.GSR.INSF.ZS:DEU,2010-12-31,5.732089859710465
WDI:BM.GSR.INSF.ZS:DEU,2011-12-31,6.403384039690967
WDI:BM.GSR.INSF.ZS:DEU,2012-12-31,6.076892357854582
WDI:BM.GSR.INSF.ZS:DEU,2013-12-31,6.321582184380603
WDI:BM.GSR.INSF.ZS:DEU,2014-12-31,6.899254934155843
WDI:BM.GSR.INSF.ZS:DEU,2015-12-31,6.596094776559546
WDI:BM.GSR.INSF.ZS:DEU,2016-12-31,6.322179873391705
WDI:BM.GSR.INSF.ZS:DEU,2017-12-31,5.604692577423557
WDI:BM.GSR.INSF.ZS:DEU,2018-12-31,5.8982523545461705
WDI:BM.GSR.INSF.ZS:DEU,2019-12-31,6.0526753313099695
WDI:BM.GSR.INSF.ZS:DEU,2020-12-31,8.231856055732235
WDI:BM.GSR.INSF.ZS:DEU,2021-12-31,8.80184597449587
WDI:BM.GSR.INSF.ZS:DEU,2022-12-31,7.485345057332466
WDI:BM.GSR.INSF.ZS:DEU,2023-12-31,7.92206186036352
WDI:BM.GSR.INSF.ZS:DEU,2024-12-31,7.81026106042514
WDI:BM.GSR.INSF.ZS:DEU,2025-12-31,8.27462075779367
WDI:BM.GSR.INSF.ZS:DJI,1991-12-31,10.413411849537313
WDI:BM.GSR.INSF.ZS:DJI,1992-12-31,9.937781836862827
WDI:BM.GSR.INSF.ZS:DJI,1993-12-31,7.577618941255329
WDI:BM.GSR.INSF.ZS:DJI,1994-12-31,8.263046012480295
WDI:BM.GSR.INSF.ZS:DJI,1995-12-31,8.430930930930923
WDI:BM.GSR.INSF.ZS:DJI,1996-12-31,10.648283954238783
WDI:BM.GSR.INSF.ZS:DJI,1997-12-31,8.629886737303615
WDI:BM.GSR.INSF.ZS:DJI,1998-12-31,10.386387805742642
WDI:BM.GSR.INSF.ZS:DJI,1999-12-31,13.335624677779698
WDI:BM.GSR.INSF.ZS:DJI,2000-12-31,11.295549758912337
WDI:BM.GSR.INSF.ZS:DJI,2001-12-31,10.96413126430933
WDI:BM.GSR.INSF.ZS:DJI,2002-12-31,11.856659658104029
WDI:BM.GSR.INSF.ZS:DJI,2003-12-31,10.992610010077257
WDI:BM.GSR.INSF.ZS:DJI,2004-12-31,11.161299723153151
WDI:BM.GSR.INSF.ZS:DJI,2005-12-31,10.30823987643543
WDI:BM.GSR.INSF.ZS:DJI,2006-12-31,9.549322407815946
WDI:BM.GSR.INSF.ZS:DJI,2007-12-31,8.04219541490422
WDI:BM.GSR.INSF.ZS:DJI,2008-12-31,11.200903719151881
WDI:BM.GSR.INSF.ZS:DJI,2009-12-31,8.943770672546824
WDI:BM.GSR.INSF.ZS:DJI,2010-12-31,9.20940776423914
WDI:BM.GSR.INSF.ZS:DJI,2011-12-31,7.611981313547648
WDI:BM.GSR.INSF.ZS:DJI,2012-12-31,7.398811407673077
WDI:BM.GSR.INSF.ZS:DJI,2013-12-31,3.0393636427576602
WDI:BM.GSR.INSF.ZS:DJI,2014-12-31,4.11120186653152
WDI:BM.GSR.INSF.ZS:DJI,2015-12-31,5.763650258704622
WDI:BM.GSR.INSF.ZS:DJI,2016-12-31,5.647320426793422
WDI:BM.GSR.INSF.ZS:DJI,2017-12-31,3.630136434702004
WDI:BM.GSR.INSF.ZS:DJI,2018-12-31,3.630401643367065
WDI:BM.GSR.INSF.ZS:DJI,2019-12-31,3.615159563104494
WDI:BM.GSR.INSF.ZS:DJI,2020-12-31,3.2236242829338466
WDI:BM.GSR.INSF.ZS:DJI,2021-12-31,3.09495085331823
WDI:BM.GSR.INSF.ZS:DJI,2022-12-31,3.312271486522058
WDI:BM.GSR.INSF.ZS:DJI,2023-12-31,3.36241395279306
WDI:BM.GSR.INSF.ZS:DJI,2024-12-31,2.55583848410001
WDI:BM.GSR.INSF.ZS:DMA,1976-12-31,9.45606694560673
WDI:BM.GSR.INSF.ZS:DMA,1977-12-31,8.691437802907915
WDI:BM.GSR.INSF.ZS:DMA,1978-12-31,7.641921397379911
WDI:BM.GSR.INSF.ZS:DMA,1979-12-31,7.991735537190081
WDI:BM.GSR.INSF.ZS:DMA,1980-12-31,7.634345794392523
WDI:BM.GSR.INSF.ZS:DMA,1981-12-31,6.532905296950239
WDI:BM.GSR.INSF.ZS:DMA,1982-12-31,6.24398073836276
WDI:BM.GSR.INSF.ZS:DMA,1983-12-31,6.2237762237762215
WDI:BM.GSR.INSF.ZS:DMA,1984-12-31,5.35756154747948
WDI:BM.GSR.INSF.ZS:DMA,1985-12-31,4.406779661016949
WDI:BM.GSR.INSF.ZS:DMA,1986-12-31,7.255113024757757
WDI:BM.GSR.INSF.ZS:DMA,1987-12-31,7.869634340222555
WDI:BM.GSR.INSF.ZS:DMA,1988-12-31,10.728952772073935
WDI:BM.GSR.INSF.ZS:DMA,1989-12-31,12.213302752293574
WDI:BM.GSR.INSF.ZS:DMA,1990-12-31,11.864197530864166
WDI:BM.GSR.INSF.ZS:DMA,1991-12-31,11.47023086269746
WDI:BM.GSR.INSF.ZS:DMA,1992-12-31,7.335019544722919
WDI:BM.GSR.INSF.ZS:DMA,1993-12-31,8.182484043109744
WDI:BM.GSR.INSF.ZS:DMA,1994-12-31,8.620519403574594
WDI:BM.GSR.INSF.ZS:DMA,1995-12-31,8.821762636231009
WDI:BM.GSR.INSF.ZS:DMA,1996-12-31,9.013819095477396
WDI:BM.GSR.INSF.ZS:DMA,1997-12-31,8.22273908879464
WDI:BM.GSR.INSF.ZS:DMA,1998-12-31,8.683826456149651
WDI:BM.GSR.INSF.ZS:DMA,1999-12-31,7.209637949425858
WDI:BM.GSR.INSF.ZS:DMA,2000-12-31,11.903294475870505
WDI:BM.GSR.INSF.ZS:DMA,2001-12-31,10.987988763889529
WDI:BM.GSR.INSF.ZS:DMA,2002-12-31,11.730427221871345
WDI:BM.GSR.INSF.ZS:DMA,2003-12-31,10.313108638652603
WDI:BM.GSR.INSF.ZS:DMA,2004-12-31,9.98025963014789
WDI:BM.GSR.INSF.ZS:DMA,2005-12-31,12.558855451381124
WDI:BM.GSR.INSF.ZS:DMA,2006-12-31,12.334633307610476
WDI:BM.GSR.INSF.ZS:DMA,2007-12-31,13.0226950954141
WDI:BM.GSR.INSF.ZS:DMA,2008-12-31,13.156357197458671
WDI:BM.GSR.INSF.ZS:DMA,2009-12-31,12.181950466180263
WDI:BM.GSR.INSF.ZS:DMA,2010-12-31,11.391629809725686
WDI:BM.GSR.INSF.ZS:DMA,2011-12-31,13.373313388359934
WDI:BM.GSR.INSF.ZS:DMA,2012-12-31,13.563466582756481
WDI:BM.GSR.INSF.ZS:DMA,2013-12-31,12.729826413959486
WDI:BM.GSR.INSF.ZS:DMA,2014-12-31,12.3724213945386
WDI:BM.GSR.INSF.ZS:DMA,2015-12-31,12.612119790186274
WDI:BM.GSR.INSF.ZS:DMA,2016-12-31,9.540304706025248
WDI:BM.GSR.INSF.ZS:DMA,2017-12-31,12.946254787695343
WDI:BM.GSR.INSF.ZS:DMA,2018-12-31,14.167609398334715
WDI:BM.GSR.INSF.ZS:DMA,2019-12-31,14.031110257934904
WDI:BM.GSR.INSF.ZS:DMA,2020-12-31,14.710834123287494
WDI:BM.GSR.INSF.ZS:DMA,2021-12-31,16.937715867354036
WDI:BM.GSR.INSF.ZS:DMA,2022-12-31,18.585114619186733
WDI:BM.GSR.INSF.ZS:DMA,2023-12-31,16.7848203204606
WDI:BM.GSR.INSF.ZS:DMA,2024-12-31,11.4462836729872
WDI:BM.GSR.INSF.ZS:DMA,2025-12-31,13.0262617606214
WDI:BM.GSR.INSF.ZS:DNK,1975-12-31,1.8955708451737083
WDI:BM.GSR.INSF.ZS:DNK,1976-12-31,1.8290001351832146
WDI:BM.GSR.INSF.ZS:DNK,1977-12-31,1.71233941975407
WDI:BM.GSR.INSF.ZS:DNK,1978-12-31,1.7097962138999143
WDI:BM.GSR.INSF.ZS:DNK,1981-12-31,1.9894377513484207
WDI:BM.GSR.INSF.ZS:DNK,1982-12-31,1.7755683046366353
WDI:BM.GSR.INSF.ZS:DNK,1983-12-31,1.7739815312646174
WDI:BM.GSR.INSF.ZS:DNK,1984-12-31,1.555136183575369
WDI:BM.GSR.INSF.ZS:DNK,1985-12-31,1.718117962043737
WDI:BM.GSR.INSF.ZS:DNK,1986-12-31,1.5343749620395193
WDI:BM.GSR.INSF.ZS:DNK,1987-12-31,1.4745391563604862
WDI:BM.GSR.INSF.ZS:DNK,1988-12-31,1.5693941946645977
WDI:BM.GSR.INSF.ZS:DNK,1989-12-31,1.6920279160489518
WDI:BM.GSR.INSF.ZS:DNK,1990-12-31,1.5768664477156185
WDI:BM.GSR.INSF.ZS:DNK,1991-12-31,1.7436723984121
WDI:BM.GSR.INSF.ZS:DNK,2005-12-31,1.590317312622892
WDI:BM.GSR.INSF.ZS:DNK,2006-12-31,1.5464194743525044
WDI:BM.GSR.INSF.ZS:DNK,2007-12-31,1.517813086253665
WDI:BM.GSR.INSF.ZS:DNK,2008-12-31,1.6666133473106546
WDI:BM.GSR.INSF.ZS:DNK,2009-12-31,2.468643161728854
WDI:BM.GSR.INSF.ZS:DNK,2010-12-31,2.6118722980452653
WDI:BM.GSR.INSF.ZS:DNK,2011-12-31,1.9682061741286376
WDI:BM.GSR.INSF.ZS:DNK,2012-12-31,1.942916301696914
WDI:BM.GSR.INSF.ZS:DNK,2013-12-31,1.9811074020195174
WDI:BM.GSR.INSF.ZS:DNK,2014-12-31,1.963071359581578
WDI:BM.GSR.INSF.ZS:DNK,2015-12-31,1.6979407261677675
WDI:BM.GSR.INSF.ZS:DNK,2016-12-31,1.7029896350377192
WDI:BM.GSR.INSF.ZS:DNK,2017-12-31,1.4167823060289342
WDI:BM.GSR.INSF.ZS:DNK,2018-12-31,1.2675818436088941
WDI:BM.GSR.INSF.ZS:DNK,2019-12-31,1.2797667446358498
WDI:BM.GSR.INSF.ZS:DNK,2020-12-31,1.4660371677161304
WDI:BM.GSR.INSF.ZS:DNK,2021-12-31,1.5639740030255422
WDI:BM.GSR.INSF.ZS:DNK,2022-12-31,1.4329730013989153
WDI:BM.GSR.INSF.ZS:DNK,2023-12-31,1.71688268144026
WDI:BM.GSR.INSF.ZS:DNK,2024-12-31,1.63558776417867
WDI:BM.GSR.INSF.ZS:DOM,1968-12-31,3.28011611030479
WDI:BM.GSR.INSF.ZS:DOM,1969-12-31,3.2452830188679247
WDI:BM.GSR.INSF.ZS:DOM,1970-12-31,4.025522041763341
WDI:BM.GSR.INSF.ZS:DOM,1971-12-31,4.263959390862944
WDI:BM.GSR.INSF.ZS:DOM,1972-12-31,4.380403458213256
WDI:BM.GSR.INSF.ZS:DOM,1973-12-31,4.309859154929577
WDI:BM.GSR.INSF.ZS:DOM,1974-12-31,5.529991783073131
WDI:BM.GSR.INSF.ZS:DOM,1975-12-31,4.9047820567075755
WDI:BM.GSR.INSF.ZS:DOM,1976-12-31,4.191696113074205
WDI:BM.GSR.INSF.ZS:DOM,1977-12-31,3.89987888574889
WDI:BM.GSR.INSF.ZS:DOM,1978-12-31,3.4979423868312756
WDI:BM.GSR.INSF.ZS:DOM,1979-12-31,3.5726643598615917
WDI:BM.GSR.INSF.ZS:DOM,1980-12-31,4.107769423558897
WDI:BM.GSR.INSF.ZS:DOM,1981-12-31,3.8641941641668938
WDI:BM.GSR.INSF.ZS:DOM,1982-12-31,4.507753335737468
WDI:BM.GSR.INSF.ZS:DOM,1983-12-31,4.561286001339584
WDI:BM.GSR.INSF.ZS:DOM,1984-12-31,3.8163606010016693
WDI:BM.GSR.INSF.ZS:DOM,1985-12-31,3.8724954462659382
WDI:BM.GSR.INSF.ZS:DOM,1986-12-31,3.6700812433768983
WDI:BM.GSR.INSF.ZS:DOM,1987-12-31,4.450610432852386
WDI:BM.GSR.INSF.ZS:DOM,1988-12-31,4.055415617128463
WDI:BM.GSR.INSF.ZS:DOM,1989-12-31,4.620185065633742
WDI:BM.GSR.INSF.ZS:DOM,1990-12-31,4.012261580381471
WDI:BM.GSR.INSF.ZS:DOM,1991-12-31,3.659503442520342
WDI:BM.GSR.INSF.ZS:DOM,1992-12-31,4.175824175824175
WDI:BM.GSR.INSF.ZS:DOM,1993-12-31,13.911143481427532
WDI:BM.GSR.INSF.ZS:DOM,1994-12-31,12.713060471175769
WDI:BM.GSR.INSF.ZS:DOM,1995-12-31,10.140728476821192
WDI:BM.GSR.INSF.ZS:DOM,1996-12-31,12.671660424469414
WDI:BM.GSR.INSF.ZS:DOM,1997-12-31,13.916161529924015
WDI:BM.GSR.INSF.ZS:DOM,1998-12-31,13.027661993179235
WDI:BM.GSR.INSF.ZS:DOM,1999-12-31,6.899038461538462
WDI:BM.GSR.INSF.ZS:DOM,2000-12-31,6.96861574310056
WDI:BM.GSR.INSF.ZS:DOM,2001-12-31,8.333982397382973
WDI:BM.GSR.INSF.ZS:DOM,2002-12-31,8.899885801294252
WDI:BM.GSR.INSF.ZS:DOM,2003-12-31,10.488764966376907
WDI:BM.GSR.INSF.ZS:DOM,2004-12-31,9.287239216268125
WDI:BM.GSR.INSF.ZS:DOM,2005-12-31,8.117981328642944
WDI:BM.GSR.INSF.ZS:DOM,2006-12-31,8.261641835386628
WDI:BM.GSR.INSF.ZS:DOM,2007-12-31,7.577296321372151
WDI:BM.GSR.INSF.ZS:DOM,2008-12-31,7.05237760128682
WDI:BM.GSR.INSF.ZS:DOM,2009-12-31,8.136779752288637
WDI:BM.GSR.INSF.ZS:DOM,2010-12-31,17.15169082125604
WDI:BM.GSR.INSF.ZS:DOM,2011-12-31,21.503966885132805
WDI:BM.GSR.INSF.ZS:DOM,2012-12-31,21.231921048153822
WDI:BM.GSR.INSF.ZS:DOM,2013-12-31,19.03322175431019
WDI:BM.GSR.INSF.ZS:DOM,2014-12-31,17.637551350259276
WDI:BM.GSR.INSF.ZS:DOM,2015-12-31,16.219281663516067
WDI:BM.GSR.INSF.ZS:DOM,2016-12-31,13.405151946818613
WDI:BM.GSR.INSF.ZS:DOM,2017-12-31,13.616570910190507
WDI:BM.GSR.INSF.ZS:DOM,2018-12-31,11.505961042608053
WDI:BM.GSR.INSF.ZS:DOM,2019-12-31,10.758066788783992
WDI:BM.GSR.INSF.ZS:DOM,2020-12-31,17.720291532422035
WDI:BM.GSR.INSF.ZS:DOM,2021-12-31,13.67802531875312
WDI:BM.GSR.INSF.ZS:DOM,2022-12-31,14.723802129921859
WDI:BM.GSR.INSF.ZS:DOM,2023-12-31,12.9122682515746
WDI:BM.GSR.INSF.ZS:DOM,2024-12-31,11.8219837449696
WDI:BM.GSR.INSF.ZS:DOM,2025-12-31,11.8804342051673
WDI:BM.GSR.INSF.ZS:DZA,1977-12-31,6.868321810182283
WDI:BM.GSR.INSF.ZS:DZA,1978-12-31,6.41516709511564
WDI:BM.GSR.INSF.ZS:DZA,1979-12-31,6.203794037940393
WDI:BM.GSR.INSF.ZS:DZA,1980-12-31,6.706977637009293
WDI:BM.GSR.INSF.ZS:DZA,1981-12-31,5.426528179805899
WDI:BM.GSR.INSF.ZS:DZA,1982-12-31,6.1278226135159075
WDI:BM.GSR.INSF.ZS:DZA,1983-12-31,4.918594687232206
WDI:BM.GSR.INSF.ZS:DZA,1984-12-31,4.946403604163416
WDI:BM.GSR.INSF.ZS:DZA,1985-12-31,3.6362231494359443
WDI:BM.GSR.INSF.ZS:DZA,1986-12-31,5.965315503552036
WDI:BM.GSR.INSF.ZS:DZA,1987-12-31,6.287009491429386
WDI:BM.GSR.INSF.ZS:DZA,1988-12-31,7.245922208281096
WDI:BM.GSR.INSF.ZS:DZA,1989-12-31,6.980166346769054
WDI:BM.GSR.INSF.ZS:DZA,1990-12-31,8.487112752917428
WDI:BM.GSR.INSF.ZS:DZA,1991-12-31,8.412207396463414
WDI:BM.GSR.INSF.ZS:DZA,2005-12-31,3.4625751606883712
WDI:BM.GSR.INSF.ZS:DZA,2006-12-31,3.3491833781269023
WDI:BM.GSR.INSF.ZS:DZA,2007-12-31,3.6685311288369027
WDI:BM.GSR.INSF.ZS:DZA,2008-12-31,3.5404920287791417
WDI:BM.GSR.INSF.ZS:DZA,2009-12-31,2.1407767445011436
WDI:BM.GSR.INSF.ZS:DZA,2010-12-31,2.3433865231256426
WDI:BM.GSR.INSF.ZS:DZA,2011-12-31,1.8171303101236942
WDI:BM.GSR.INSF.ZS:DZA,2012-12-31,2.12283091487893
WDI:BM.GSR.INSF.ZS:DZA,2013-12-31,2.4083522268689754
WDI:BM.GSR.INSF.ZS:DZA,2014-12-31,2.3010962029757356
WDI:BM.GSR.INSF.ZS:DZA,2015-12-31,2.421260483286721
WDI:BM.GSR.INSF.ZS:DZA,2016-12-31,2.1535445846589085
WDI:BM.GSR.INSF.ZS:DZA,2017-12-31,2.7236930959863717
WDI:BM.GSR.INSF.ZS:DZA,2018-12-31,2.5081685573699204
WDI:BM.GSR.INSF.ZS:DZA,2019-12-31,2.027394356451554
WDI:BM.GSR.INSF.ZS:DZA,2020-12-31,2.604107465256101
WDI:BM.GSR.INSF.ZS:DZA,2021-12-31,3.023182306112989
WDI:BM.GSR.INSF.ZS:DZA,2022-12-31,3.1295428740352778
WDI:BM.GSR.INSF.ZS:DZA,2023-12-31,3.06183044984522
WDI:BM.GSR.INSF.ZS:DZA,2024-12-31,2.68720195261038
WDI:BM.GSR.INSF.ZS:EAP,1982-12-31,3.8754469673312983
WDI:BM.GSR.INSF.ZS:EAP,1983-12-31,4.340179255475255
WDI:BM.GSR.INSF.ZS:EAP,1984-12-31,3.925699801394328
WDI:BM.GSR.INSF.ZS:EAP,1985-12-31,3.1492051692036678
WDI:BM.GSR.INSF.ZS:EAP,1986-12-31,3.7999419141761326
WDI:BM.GSR.INSF.ZS:EAP,1987-12-31,4.401665315632592
WDI:BM.GSR.INSF.ZS:EAP,1988-12-31,4.747887729416836
WDI:BM.GSR.INSF.ZS:EAP,1989-12-31,4.484181294699313
WDI:BM.GSR.INSF.ZS:EAP,1990-12-31,4.004124991390371
WDI:BM.GSR.INSF.ZS:EAP,1991-12-31,4.494469457750704
WDI:BM.GSR.INSF.ZS:EAP,1992-12-31,4.020062608895103
WDI:BM.GSR.INSF.ZS:EAP,1993-12-31,3.7062637135810914
WDI:BM.GSR.INSF.ZS:EAP,1994-12-31,6.41694327795442
WDI:BM.GSR.INSF.ZS:EAP,1995-12-31,8.849803773968947
WDI:BM.GSR.INSF.ZS:EAP,1996-12-31,2.736810890410134
WDI:BM.GSR.INSF.ZS:EAP,1997-12-31,3.8205117341610397
WDI:BM.GSR.INSF.ZS:EAP,1998-12-31,4.73622931386504
WDI:BM.GSR.INSF.ZS:EAP,1999-12-31,4.662734042865528
WDI:BM.GSR.INSF.ZS:EAP,2000-12-31,4.862153058417834
WDI:BM.GSR.INSF.ZS:EAP,2001-12-31,5.040870607110428
WDI:BM.GSR.INSF.ZS:EAP,2002-12-31,5.275357607537081
WDI:BM.GSR.INSF.ZS:EAP,2003-12-31,6.176435291722129
WDI:BM.GSR.INSF.ZS:EAP,2004-12-31,6.631576184780414
WDI:BM.GSR.INSF.ZS:EAP,2005-12-31,6.626678647114377
WDI:BM.GSR.INSF.ZS:EAP,2006-12-31,7.168511784718792
WDI:BM.GSR.INSF.ZS:EAP,2007-12-31,6.787987305618825
WDI:BM.GSR.INSF.ZS:EAP,2008-12-31,6.972917691638576
WDI:BM.GSR.INSF.ZS:EAP,2009-12-31,6.928163273339694
WDI:BM.GSR.INSF.ZS:EAP,2010-12-31,8.1137622254655
WDI:BM.GSR.INSF.ZS:EAP,2011-12-31,7.716788677642522
WDI:BM.GSR.INSF.ZS:EAP,2012-12-31,7.507331883543501
WDI:BM.GSR.INSF.ZS:EAP,2013-12-31,7.266358946557166
WDI:BM.GSR.INSF.ZS:EAP,2014-12-31,6.180348126816748
WDI:BM.GSR.INSF.ZS:EAP,2015-12-31,3.4197680517610687
WDI:BM.GSR.INSF.ZS:EAP,2016-12-31,4.04749228674956
WDI:BM.GSR.INSF.ZS:EAP,2017-12-31,3.6282666543926108
WDI:BM.GSR.INSF.ZS:EAP,2018-12-31,3.476833360754302
WDI:BM.GSR.INSF.ZS:EAP,2019-12-31,3.6063361876288416
WDI:BM.GSR.INSF.ZS:EAP,2020-12-31,5.340972815826212
WDI:BM.GSR.INSF.ZS:EAP,2021-12-31,6.045536790068591
WDI:BM.GSR.INSF.ZS:EAP,2022-12-31,5.847780212436303
WDI:BM.GSR.INSF.ZS:EAP,2023-12-31,5.17606192516265
WDI:BM.GSR.INSF.ZS:EAP,2024-12-31,4.49216416549254
WDI:BM.GSR.INSF.ZS:EAP,2025-12-31,4.31340535303438
WDI:BM.GSR.INSF.ZS:EAR,1977-12-31,4.343011228736361
WDI:BM.GSR.INSF.ZS:EAR,1978-12-31,3.804124181062449
WDI:BM.GSR.INSF.ZS:EAR,1979-12-31,3.6507299241370426
WDI:BM.GSR.INSF.ZS:EAR,1980-12-31,4.282400035700042
WDI:BM.GSR.INSF.ZS:EAR,1981-12-31,3.952102850513427
WDI:BM.GSR.INSF.ZS:EAR,1982-12-31,4.13813225707622
WDI:BM.GSR.INSF.ZS:EAR,1983-12-31,4.019762704712129
WDI:BM.GSR.INSF.ZS:EAR,1984-12-31,4.100995389613782
WDI:BM.GSR.INSF.ZS:EAR,1985-12-31,4.15106335445385
WDI:BM.GSR.INSF.ZS:EAR,1986-12-31,4.3627871477852604
WDI:BM.GSR.INSF.ZS:EAR,1987-12-31,4.58115622491481
WDI:BM.GSR.INSF.ZS:EAR,1988-12-31,4.715982781831938
WDI:BM.GSR.INSF.ZS:EAR,1989-12-31,4.22954337561692
WDI:BM.GSR.INSF.ZS:EAR,1990-12-31,4.526368319405083
WDI:BM.GSR.INSF.ZS:EAR,1991-12-31,3.6513243865964125
WDI:BM.GSR.INSF.ZS:EAR,1992-12-31,3.8247545441414257
WDI:BM.GSR.INSF.ZS:EAR,1993-12-31,4.671988553008208
WDI:BM.GSR.INSF.ZS:EAR,1994-12-31,4.904691377054758
WDI:BM.GSR.INSF.ZS:EAR,1995-12-31,5.28309385287365
WDI:BM.GSR.INSF.ZS:EAR,1996-12-31,6.688305912851963
WDI:BM.GSR.INSF.ZS:EAR,1997-12-31,6.797816553830893
WDI:BM.GSR.INSF.ZS:EAR,1998-12-31,5.251277112322716
WDI:BM.GSR.INSF.ZS:EAR,1999-12-31,5.341400261170429
WDI:BM.GSR.INSF.ZS:EAR,2000-12-31,6.145583221520347
WDI:BM.GSR.INSF.ZS:EAR,2001-12-31,6.961942328510212
WDI:BM.GSR.INSF.ZS:EAR,2002-12-31,7.237099048716149
WDI:BM.GSR.INSF.ZS:EAR,2003-12-31,6.733624058001182
WDI:BM.GSR.INSF.ZS:EAR,2004-12-31,6.835194620426032
WDI:BM.GSR.INSF.ZS:EAR,2005-12-31,7.173866492639448
WDI:BM.GSR.INSF.ZS:EAR,2006-12-31,7.285200407297322
WDI:BM.GSR.INSF.ZS:EAR,2007-12-31,7.679939724494986
WDI:BM.GSR.INSF.ZS:EAR,2008-12-31,7.266037874072997
WDI:BM.GSR.INSF.ZS:EAR,2009-12-31,7.756618367703014
WDI:BM.GSR.INSF.ZS:EAR,2010-12-31,7.635147138182435
WDI:BM.GSR.INSF.ZS:EAR,2011-12-31,8.472846200768332
WDI:BM.GSR.INSF.ZS:EAR,2012-12-31,8.272244861852105
WDI:BM.GSR.INSF.ZS:EAR,2013-12-31,8.837794998047851
WDI:BM.GSR.INSF.ZS:EAR,2014-12-31,8.034945353964126
WDI:BM.GSR.INSF.ZS:EAR,2015-12-31,7.751246552762601
WDI:BM.GSR.INSF.ZS:EAR,2016-12-31,7.923700574870982
WDI:BM.GSR.INSF.ZS:EAR,2017-12-31,7.946522854560892
WDI:BM.GSR.INSF.ZS:EAR,2018-12-31,7.465519736689292
WDI:BM.GSR.INSF.ZS:EAR,2019-12-31,7.328505039512203
WDI:BM.GSR.INSF.ZS:EAR,2020-12-31,9.051014560610694
WDI:BM.GSR.INSF.ZS:EAR,2021-12-31,9.257353585026676
WDI:BM.GSR.INSF.ZS:EAR,2022-12-31,7.831321147653882
WDI:BM.GSR.INSF.ZS:EAR,2023-12-31,8.33117128637271
WDI:BM.GSR.INSF.ZS:EAR,2024-12-31,8.03664337187292
WDI:BM.GSR.INSF.ZS:EAR,2025-12-31,6.9958103490078
WDI:BM.GSR.INSF.ZS:EAS,1996-12-31,3.9670039383957256
WDI:BM.GSR.INSF.ZS:EAS,1997-12-31,4.110370935589629
WDI:BM.GSR.INSF.ZS:EAS,1998-12-31,4.276770598887337
WDI:BM.GSR.INSF.ZS:EAS,1999-12-31,4.3183015348901845
WDI:BM.GSR.INSF.ZS:EAS,2000-12-31,3.877742145842817
WDI:BM.GSR.INSF.ZS:EAS,2001-12-31,4.042321997763366
WDI:BM.GSR.INSF.ZS:EAS,2002-12-31,4.40725566798377
WDI:BM.GSR.INSF.ZS:EAS,2003-12-31,4.767556282494348
WDI:BM.GSR.INSF.ZS:EAS,2004-12-31,4.659764102760508
WDI:BM.GSR.INSF.ZS:EAS,2005-12-31,4.389082175665862
WDI:BM.GSR.INSF.ZS:EAS,2006-12-31,5.263113368787308
WDI:BM.GSR.INSF.ZS:EAS,2007-12-31,5.333802943184661
WDI:BM.GSR.INSF.ZS:EAS,2008-12-31,5.338290969179276
WDI:BM.GSR.INSF.ZS:EAS,2009-12-31,5.5749323814225855
WDI:BM.GSR.INSF.ZS:EAS,2010-12-31,6.210941092693066
WDI:BM.GSR.INSF.ZS:EAS,2011-12-31,6.0493980682333595
WDI:BM.GSR.INSF.ZS:EAS,2012-12-31,5.931118544173232
WDI:BM.GSR.INSF.ZS:EAS,2013-12-31,6.03686062762093
WDI:BM.GSR.INSF.ZS:EAS,2014-12-31,5.454029164356913
WDI:BM.GSR.INSF.ZS:EAS,2015-12-31,4.342300288635276
WDI:BM.GSR.INSF.ZS:EAS,2016-12-31,4.818340537086709
WDI:BM.GSR.INSF.ZS:EAS,2017-12-31,4.739175434033006
WDI:BM.GSR.INSF.ZS:EAS,2018-12-31,4.687522643107431
WDI:BM.GSR.INSF.ZS:EAS,2019-12-31,4.979709462650263
WDI:BM.GSR.INSF.ZS:EAS,2020-12-31,7.207416322820867
WDI:BM.GSR.INSF.ZS:EAS,2021-12-31,7.1526272207001105
WDI:BM.GSR.INSF.ZS:EAS,2022-12-31,6.753818564828743
WDI:BM.GSR.INSF.ZS:EAS,2023-12-31,6.61245990278141
WDI:BM.GSR.INSF.ZS:EAS,2024-12-31,6.39467485739798
WDI:BM.GSR.INSF.ZS:EAS,2025-12-31,5.93818305992269
WDI:BM.GSR.INSF.ZS:ECA,1994-12-31,9.343275914591391
WDI:BM.GSR.INSF.ZS:ECA,1995-12-31,6.942176513467201
WDI:BM.GSR.INSF.ZS:ECA,1996-12-31,6.795827208748352
WDI:BM.GSR.INSF.ZS:ECA,1997-12-31,6.579317111697893
WDI:BM.GSR.INSF.ZS:ECA,1998-12-31,6.993122554734765
WDI:BM.GSR.INSF.ZS:ECA,1999-12-31,7.86925150205431
WDI:BM.GSR.INSF.ZS:ECA,2000-12-31,8.759065019151919
WDI:BM.GSR.INSF.ZS:ECA,2001-12-31,8.61665913633395
WDI:BM.GSR.INSF.ZS:ECA,2002-12-31,8.524537368769547
WDI:BM.GSR.INSF.ZS:ECA,2003-12-31,8.89907864708608
WDI:BM.GSR.INSF.ZS:ECA,2004-12-31,7.222157419134907
WDI:BM.GSR.INSF.ZS:ECA,2005-12-31,6.159639487566167
WDI:BM.GSR.INSF.ZS:ECA,2006-12-31,7.610528707839844
WDI:BM.GSR.INSF.ZS:ECA,2007-12-31,7.793930979949525
WDI:BM.GSR.INSF.ZS:ECA,2008-12-31,8.294903309232096
WDI:BM.GSR.INSF.ZS:ECA,2009-12-31,8.597094290564954
WDI:BM.GSR.INSF.ZS:ECA,2010-12-31,7.010144211457528
WDI:BM.GSR.INSF.ZS:ECA,2011-12-31,7.137755594991876
WDI:BM.GSR.INSF.ZS:ECA,2012-12-31,6.52767803965011
WDI:BM.GSR.INSF.ZS:ECA,2013-12-31,7.06936859782636
WDI:BM.GSR.INSF.ZS:ECA,2014-12-31,7.245958444211843
WDI:BM.GSR.INSF.ZS:ECA,2015-12-31,7.684147913511682
WDI:BM.GSR.INSF.ZS:ECA,2016-12-31,6.600700293323681
WDI:BM.GSR.INSF.ZS:ECA,2017-12-31,6.421617767263818
WDI:BM.GSR.INSF.ZS:ECA,2018-12-31,5.35935425559676
WDI:BM.GSR.INSF.ZS:ECA,2019-12-31,4.997404732559799
WDI:BM.GSR.INSF.ZS:ECA,2020-12-31,6.862292264635938
WDI:BM.GSR.INSF.ZS:ECA,2021-12-31,6.1311039217770285
WDI:BM.GSR.INSF.ZS:ECA,2022-12-31,5.224693386700791
WDI:BM.GSR.INSF.ZS:ECA,2023-12-31,5.63877411912635
WDI:BM.GSR.INSF.ZS:ECA,2024-12-31,5.9331760163513
WDI:BM.GSR.INSF.ZS:ECS,1982-12-31,4.218711431707248
WDI:BM.GSR.INSF.ZS:ECS,1983-12-31,4.149833945872198
WDI:BM.GSR.INSF.ZS:ECS,1986-12-31,4.167502560548386
WDI:BM.GSR.INSF.ZS:ECS,1987-12-31,4.250033076239694
WDI:BM.GSR.INSF.ZS:ECS,1988-12-31,4.973809816644323
WDI:BM.GSR.INSF.ZS:ECS,1989-12-31,5.365267141432893
WDI:BM.GSR.INSF.ZS:ECS,1990-12-31,6.030496014122498
WDI:BM.GSR.INSF.ZS:ECS,1991-12-31,6.711160918972296
WDI:BM.GSR.INSF.ZS:ECS,1992-12-31,8.930221841305816
WDI:BM.GSR.INSF.ZS:ECS,1993-12-31,7.644854544946445
WDI:BM.GSR.INSF.ZS:ECS,1994-12-31,4.541487733528165
WDI:BM.GSR.INSF.ZS:ECS,1995-12-31,4.6005440493598915
WDI:BM.GSR.INSF.ZS:ECS,1996-12-31,4.663209249358188
WDI:BM.GSR.INSF.ZS:ECS,1997-12-31,4.9040911310803885
WDI:BM.GSR.INSF.ZS:ECS,1998-12-31,4.664387881623273
WDI:BM.GSR.INSF.ZS:ECS,1999-12-31,5.883555489793682
WDI:BM.GSR.INSF.ZS:ECS,2000-12-31,5.696407472984598
WDI:BM.GSR.INSF.ZS:ECS,2001-12-31,5.792267878876379
WDI:BM.GSR.INSF.ZS:ECS,2002-12-31,6.471501485716215
WDI:BM.GSR.INSF.ZS:ECS,2003-12-31,6.690196976935207
WDI:BM.GSR.INSF.ZS:ECS,2004-12-31,7.387311756510426
WDI:BM.GSR.INSF.ZS:ECS,2005-12-31,7.600089938883207
WDI:BM.GSR.INSF.ZS:ECS,2006-12-31,8.588286003847818
WDI:BM.GSR.INSF.ZS:ECS,2007-12-31,8.462552722061382
WDI:BM.GSR.INSF.ZS:ECS,2008-12-31,8.079437401211145
WDI:BM.GSR.INSF.ZS:ECS,2009-12-31,8.539746027075596
WDI:BM.GSR.INSF.ZS:ECS,2010-12-31,8.503477629964994
WDI:BM.GSR.INSF.ZS:ECS,2011-12-31,8.483920543415053
WDI:BM.GSR.INSF.ZS:ECS,2012-12-31,8.251496141257071
WDI:BM.GSR.INSF.ZS:ECS,2013-12-31,8.497146534782914
WDI:BM.GSR.INSF.ZS:ECS,2014-12-31,8.604721660227353
WDI:BM.GSR.INSF.ZS:ECS,2015-12-31,8.566164055658795
WDI:BM.GSR.INSF.ZS:ECS,2016-12-31,8.492877095477068
WDI:BM.GSR.INSF.ZS:ECS,2017-12-31,8.213043240556035
WDI:BM.GSR.INSF.ZS:ECS,2018-12-31,8.179741938673459
WDI:BM.GSR.INSF.ZS:ECS,2019-12-31,7.687280125869328
WDI:BM.GSR.INSF.ZS:ECS,2020-12-31,9.232801498646547
WDI:BM.GSR.INSF.ZS:ECS,2021-12-31,10.061217401348285
WDI:BM.GSR.INSF.ZS:ECS,2022-12-31,8.419834943083757
WDI:BM.GSR.INSF.ZS:ECS,2023-12-31,8.35263330428455
WDI:BM.GSR.INSF.ZS:ECS,2024-12-31,8.50948441969499
WDI:BM.GSR.INSF.ZS:ECS,2025-12-31,9.2400957438879
WDI:BM.GSR.INSF.ZS:ECU,1976-12-31,14.899328859060404
WDI:BM.GSR.INSF.ZS:ECU,1977-12-31,14.035252643948295
WDI:BM.GSR.INSF.ZS:ECU,1978-12-31,14.824173510212676
WDI:BM.GSR.INSF.ZS:ECU,1979-12-31,14.204425711275025
WDI:BM.GSR.INSF.ZS:ECU,1980-12-31,12.447790879386277
WDI:BM.GSR.INSF.ZS:ECU,1981-12-31,11.268128970394342
WDI:BM.GSR.INSF.ZS:ECU,1982-12-31,8.630705394190871
WDI:BM.GSR.INSF.ZS:ECU,1983-12-31,9.816700610997964
WDI:BM.GSR.INSF.ZS:ECU,1984-12-31,7.476635514018691
WDI:BM.GSR.INSF.ZS:ECU,1985-12-31,6.60377358490566
WDI:BM.GSR.INSF.ZS:ECU,1986-12-31,7.547169811320755
WDI:BM.GSR.INSF.ZS:ECU,1987-12-31,6.944444444444445
WDI:BM.GSR.INSF.ZS:ECU,1988-12-31,7.755775577557755
WDI:BM.GSR.INSF.ZS:ECU,1989-12-31,9.904153354632587
WDI:BM.GSR.INSF.ZS:ECU,1990-12-31,7.587064676616915
WDI:BM.GSR.INSF.ZS:ECU,1991-12-31,6.888888888888889
WDI:BM.GSR.INSF.ZS:ECU,1992-12-31,6.752411575562702
WDI:BM.GSR.INSF.ZS:ECU,1993-12-31,5.046885374128005
WDI:BM.GSR.INSF.ZS:ECU,1994-12-31,5.66199829970021
WDI:BM.GSR.INSF.ZS:ECU,1995-12-31,5.6694986037172335
WDI:BM.GSR.INSF.ZS:ECU,1996-12-31,4.340447461482416
WDI:BM.GSR.INSF.ZS:ECU,1997-12-31,2.8916341394712486
WDI:BM.GSR.INSF.ZS:ECU,1998-12-31,0.9547266994536396
WDI:BM.GSR.INSF.ZS:ECU,1999-12-31,3.5398678674619397
WDI:BM.GSR.INSF.ZS:ECU,2000-12-31,3.255613017689024
WDI:BM.GSR.INSF.ZS:ECU,2001-12-31,5.397654465615853
WDI:BM.GSR.INSF.ZS:ECU,2002-12-31,6.634453207035121
WDI:BM.GSR.INSF.ZS:ECU,2003-12-31,7.535381585258939
WDI:BM.GSR.INSF.ZS:ECU,2004-12-31,7.127496750916559
WDI:BM.GSR.INSF.ZS:ECU,2005-12-31,6.763244921502356
WDI:BM.GSR.INSF.ZS:ECU,2006-12-31,6.113706073143038
WDI:BM.GSR.INSF.ZS:ECU,2007-12-31,5.61767078524163
WDI:BM.GSR.INSF.ZS:ECU,2008-12-31,6.064220618992793
WDI:BM.GSR.INSF.ZS:ECU,2009-12-31,6.1345349693454665
WDI:BM.GSR.INSF.ZS:ECU,2010-12-31,7.755645288359048
WDI:BM.GSR.INSF.ZS:ECU,2011-12-31,9.87939619735933
WDI:BM.GSR.INSF.ZS:ECU,2012-12-31,11.582981690816926
WDI:BM.GSR.INSF.ZS:ECU,2013-12-31,15.659945988259045
WDI:BM.GSR.INSF.ZS:ECU,2014-12-31,14.935041031373425
WDI:BM.GSR.INSF.ZS:ECU,2015-12-31,13.975891439043503
WDI:BM.GSR.INSF.ZS:ECU,2016-12-31,13.01772763513583
WDI:BM.GSR.INSF.ZS:ECU,2017-12-31,10.052351986600396
WDI:BM.GSR.INSF.ZS:ECU,2018-12-31,9.769561270588213
WDI:BM.GSR.INSF.ZS:ECU,2019-12-31,11.124744127392876
WDI:BM.GSR.INSF.ZS:ECU,2020-12-31,16.556723996398524
WDI:BM.GSR.INSF.ZS:ECU,2021-12-31,11.599963159872962
WDI:BM.GSR.INSF.ZS:ECU,2022-12-31,9.78325085959122
WDI:BM.GSR.INSF.ZS:ECU,2023-12-31,11.5520468489084
WDI:BM.GSR.INSF.ZS:ECU,2024-12-31,12.6680400880302
WDI:BM.GSR.INSF.ZS:ECU,2025-12-31,13.9997338673684
WDI:BM.GSR.INSF.ZS:EGY,1977-12-31,3.406283092128485
WDI:BM.GSR.INSF.ZS:EGY,1978-12-31,4.010562799141761
WDI:BM.GSR.INSF.ZS:EGY,1979-12-31,4.166330888870993
WDI:BM.GSR.INSF.ZS:EGY,1980-12-31,3.438395415472787
WDI:BM.GSR.INSF.ZS:EGY,1981-12-31,4.026190339440568
WDI:BM.GSR.INSF.ZS:EGY,1982-12-31,3.635030379216423
WDI:BM.GSR.INSF.ZS:EGY,1983-12-31,3.9335122857732796
WDI:BM.GSR.INSF.ZS:EGY,1984-12-31,4.835732742709486
WDI:BM.GSR.INSF.ZS:EGY,1985-12-31,4.527541424093134
WDI:BM.GSR.INSF.ZS:EGY,1986-12-31,4.396281893199271
WDI:BM.GSR.INSF.ZS:EGY,1987-12-31,4.81425519720732
WDI:BM.GSR.INSF.ZS:EGY,1988-12-31,4.908231368186873
WDI:BM.GSR.INSF.ZS:EGY,1989-12-31,3.765956857641304
WDI:BM.GSR.INSF.ZS:EGY,1990-12-31,4.078669482576557
WDI:BM.GSR.INSF.ZS:EGY,1991-12-31,3.626634958382877
WDI:BM.GSR.INSF.ZS:EGY,1992-12-31,2.547770700636943
WDI:BM.GSR.INSF.ZS:EGY,1993-12-31,2.57126886528787
WDI:BM.GSR.INSF.ZS:EGY,1994-12-31,3.4012400354295833
WDI:BM.GSR.INSF.ZS:EGY,1995-12-31,4.268417812435872
WDI:BM.GSR.INSF.ZS:EGY,1996-12-31,3.8158929976396543
WDI:BM.GSR.INSF.ZS:EGY,1997-12-31,2.886052763744867
WDI:BM.GSR.INSF.ZS:EGY,1998-12-31,6.993222427603205
WDI:BM.GSR.INSF.ZS:EGY,1999-12-31,7.548632101061768
WDI:BM.GSR.INSF.ZS:EGY,2000-12-31,6.269133501929988
WDI:BM.GSR.INSF.ZS:EGY,2001-12-31,6.231791373552192
WDI:BM.GSR.INSF.ZS:EGY,2002-12-31,6.435308626145067
WDI:BM.GSR.INSF.ZS:EGY,2003-12-31,6.926764843881237
WDI:BM.GSR.INSF.ZS:EGY,2004-12-31,7.67111075090165
WDI:BM.GSR.INSF.ZS:EGY,2005-12-31,9.316622415089313
WDI:BM.GSR.INSF.ZS:EGY,2006-12-31,9.030010718113612
WDI:BM.GSR.INSF.ZS:EGY,2007-12-31,9.531180276662205
WDI:BM.GSR.INSF.ZS:EGY,2008-12-31,9.398293490170254
WDI:BM.GSR.INSF.ZS:EGY,2009-12-31,10.369424191974282
WDI:BM.GSR.INSF.ZS:EGY,2010-12-31,10.143568628250337
WDI:BM.GSR.INSF.ZS:EGY,2011-12-31,10.74870643088645
WDI:BM.GSR.INSF.ZS:EGY,2012-12-31,9.942615377133688
WDI:BM.GSR.INSF.ZS:EGY,2013-12-31,9.59000956867812
WDI:BM.GSR.INSF.ZS:EGY,2014-12-31,10.079432009846379
WDI:BM.GSR.INSF.ZS:EGY,2015-12-31,9.845367003636072
WDI:BM.GSR.INSF.ZS:EGY,2016-12-31,10.540576607311738
WDI:BM.GSR.INSF.ZS:EGY,2017-12-31,10.015151515151516
WDI:BM.GSR.INSF.ZS:EGY,2018-12-31,10.652399966029542
WDI:BM.GSR.INSF.ZS:EGY,2019-12-31,10.700041345784648
WDI:BM.GSR.INSF.ZS:EGY,2020-12-31,11.69744710867148
WDI:BM.GSR.INSF.ZS:EGY,2021-12-31,10.267973179893888
WDI:BM.GSR.INSF.ZS:EGY,2022-12-31,9.619592949454924
WDI:BM.GSR.INSF.ZS:EGY,2023-12-31,11.6147037154641
WDI:BM.GSR.INSF.ZS:EGY,2024-12-31,10.0659043296089
WDI:BM.GSR.INSF.ZS:EGY,2025-12-31,10.9519718061882
WDI:BM.GSR.INSF.ZS:EMU,1976-12-31,3.82239360226063
WDI:BM.GSR.INSF.ZS:EMU,1977-12-31,3.9543351876890487
WDI:BM.GSR.INSF.ZS:EMU,1978-12-31,4.0751252132779205
WDI:BM.GSR.INSF.ZS:EMU,1979-12-31,4.095098267884984
WDI:BM.GSR.INSF.ZS:EMU,1980-12-31,4.062281228707463
WDI:BM.GSR.INSF.ZS:EMU,1981-12-31,4.1262234848377
WDI:BM.GSR.INSF.ZS:EMU,1982-12-31,4.504344300817495
WDI:BM.GSR.INSF.ZS:EMU,1983-12-31,4.452436632736758
WDI:BM.GSR.INSF.ZS:EMU,1984-12-31,4.980415776451164
WDI:BM.GSR.INSF.ZS:EMU,1985-12-31,5.399175999213224
WDI:BM.GSR.INSF.ZS:EMU,1986-12-31,5.0344189998257995
WDI:BM.GSR.INSF.ZS:EMU,1987-12-31,4.965006159922722
WDI:BM.GSR.INSF.ZS:EMU,1988-12-31,6.051947926830429
WDI:BM.GSR.INSF.ZS:EMU,1989-12-31,6.625238163185287
WDI:BM.GSR.INSF.ZS:EMU,1990-12-31,7.36236252814351
WDI:BM.GSR.INSF.ZS:EMU,1991-12-31,7.868840840614965
WDI:BM.GSR.INSF.ZS:EMU,1992-12-31,10.391993862466432
WDI:BM.GSR.INSF.ZS:EMU,1993-12-31,8.960793528757758
WDI:BM.GSR.INSF.ZS:EMU,1994-12-31,4.899783606952255
WDI:BM.GSR.INSF.ZS:EMU,1995-12-31,4.969605488737209
WDI:BM.GSR.INSF.ZS:EMU,1996-12-31,4.905941866970575
WDI:BM.GSR.INSF.ZS:EMU,1997-12-31,5.074277090689418
WDI:BM.GSR.INSF.ZS:EMU,1998-12-31,4.466206168095446
WDI:BM.GSR.INSF.ZS:EMU,1999-12-31,6.247888601558638
WDI:BM.GSR.INSF.ZS:EMU,2000-12-31,5.651184719681116
WDI:BM.GSR.INSF.ZS:EMU,2001-12-31,5.780987013516606
WDI:BM.GSR.INSF.ZS:EMU,2002-12-31,6.384900616975861
WDI:BM.GSR.INSF.ZS:EMU,2003-12-31,6.098615007462816
WDI:BM.GSR.INSF.ZS:EMU,2004-12-31,7.446159677982407
WDI:BM.GSR.INSF.ZS:EMU,2005-12-31,8.272377965704774
WDI:BM.GSR.INSF.ZS:EMU,2006-12-31,9.445310041358743
WDI:BM.GSR.INSF.ZS:EMU,2007-12-31,9.660015766020736
WDI:BM.GSR.INSF.ZS:EMU,2008-12-31,9.307784986451823
WDI:BM.GSR.INSF.ZS:EMU,2009-12-31,9.68835218383353
WDI:BM.GSR.INSF.ZS:EMU,2010-12-31,10.051787651082472
WDI:BM.GSR.INSF.ZS:EMU,2011-12-31,9.947747198543388
WDI:BM.GSR.INSF.ZS:EMU,2012-12-31,10.004910630588185
WDI:BM.GSR.INSF.ZS:EMU,2013-12-31,10.08630471682733
WDI:BM.GSR.INSF.ZS:EMU,2014-12-31,10.157214811702474
WDI:BM.GSR.INSF.ZS:EMU,2015-12-31,9.873046042064418
WDI:BM.GSR.INSF.ZS:EMU,2016-12-31,9.703335530175575
WDI:BM.GSR.INSF.ZS:EMU,2017-12-31,9.343093030469017
WDI:BM.GSR.INSF.ZS:EMU,2018-12-31,9.288624912564497
WDI:BM.GSR.INSF.ZS:EMU,2019-12-31,8.7260168632399
WDI:BM.GSR.INSF.ZS:EMU,2020-12-31,10.530174637895884
WDI:BM.GSR.INSF.ZS:EMU,2021-12-31,11.717670504139415
WDI:BM.GSR.INSF.ZS:EMU,2022-12-31,9.966607662568336
WDI:BM.GSR.INSF.ZS:EMU,2023-12-31,9.78736245562176
WDI:BM.GSR.INSF.ZS:EMU,2024-12-31,10.0509524786459
WDI:BM.GSR.INSF.ZS:EMU,2025-12-31,11.4690418175811
WDI:BM.GSR.INSF.ZS:ERI,1998-12-31,0.2871668087042212
WDI:BM.GSR.INSF.ZS:ERI,1999-12-31,0.45783310931209636
WDI:BM.GSR.INSF.ZS:ERI,2000-12-31,1.566255247684686
WDI:BM.GSR.INSF.ZS:ESP,1975-12-31,6.251015095360371
WDI:BM.GSR.INSF.ZS:ESP,1976-12-31,5.966872270941987
WDI:BM.GSR.INSF.ZS:ESP,1977-12-31,5.297005133104515
WDI:BM.GSR.INSF.ZS:ESP,1978-12-31,5.650276198009372
WDI:BM.GSR.INSF.ZS:ESP,1979-12-31,6.1214084399252116
WDI:BM.GSR.INSF.ZS:ESP,1980-12-31,5.382959871723806
WDI:BM.GSR.INSF.ZS:ESP,1981-12-31,5.7325316448590655
WDI:BM.GSR.INSF.ZS:ESP,1982-12-31,5.727326208170515
WDI:BM.GSR.INSF.ZS:ESP,1983-12-31,4.685761714762096
WDI:BM.GSR.INSF.ZS:ESP,1984-12-31,5.311090352687044
WDI:BM.GSR.INSF.ZS:ESP,1985-12-31,5.068608761844792
WDI:BM.GSR.INSF.ZS:ESP,1986-12-31,6.248977196726068
WDI:BM.GSR.INSF.ZS:ESP,1987-12-31,5.586712026612473
WDI:BM.GSR.INSF.ZS:ESP,1988-12-31,4.712977589559339
WDI:BM.GSR.INSF.ZS:ESP,1989-12-31,4.86557737655183
WDI:BM.GSR.INSF.ZS:ESP,1990-12-31,5.959236568492778
WDI:BM.GSR.INSF.ZS:ESP,1991-12-31,5.579594199851657
WDI:BM.GSR.INSF.ZS:ESP,1992-12-31,6.3296948283369705
WDI:BM.GSR.INSF.ZS:ESP,1993-12-31,8.659464168029949
WDI:BM.GSR.INSF.ZS:ESP,1994-12-31,8.11289288087609
WDI:BM.GSR.INSF.ZS:ESP,1995-12-31,7.211049368379317
WDI:BM.GSR.INSF.ZS:ESP,1996-12-31,6.31609709834851
WDI:BM.GSR.INSF.ZS:ESP,1997-12-31,4.703525788507488
WDI:BM.GSR.INSF.ZS:ESP,1998-12-31,4.819209600751857
WDI:BM.GSR.INSF.ZS:ESP,2013-12-31,9.383188229413967
WDI:BM.GSR.INSF.ZS:ESP,2014-12-31,9.99429335104077
WDI:BM.GSR.INSF.ZS:ESP,2015-12-31,9.024503588482768
WDI:BM.GSR.INSF.ZS:ESP,2016-12-31,8.176308922535465
WDI:BM.GSR.INSF.ZS:ESP,2017-12-31,6.961782764940418
WDI:BM.GSR.INSF.ZS:ESP,2018-12-31,5.8095495964279875
WDI:BM.GSR.INSF.ZS:ESP,2019-12-31,5.710859560699664
WDI:BM.GSR.INSF.ZS:ESP,2020-12-31,8.870938602626007
WDI:BM.GSR.INSF.ZS:ESP,2021-12-31,7.6200675394157065
WDI:BM.GSR.INSF.ZS:ESP,2022-12-31,5.649895672976349
WDI:BM.GSR.INSF.ZS:ESP,2023-12-31,4.97012870453842
WDI:BM.GSR.INSF.ZS:ESP,2024-12-31,5.07371850619214
WDI:BM.GSR.INSF.ZS:ESP,2025-12-31,6.03241420208121
WDI:BM.GSR.INSF.ZS:EST,1992-12-31,0.24492028187458154
WDI:BM.GSR.INSF.ZS:EST,1993-12-31,2.9041585688707245
WDI:BM.GSR.INSF.ZS:EST,1994-12-31,3.259112165448296
WDI:BM.GSR.INSF.ZS:EST,1995-12-31,3.93286077583226
WDI:BM.GSR.INSF.ZS:EST,1996-12-31,4.398956184506667
WDI:BM.GSR.INSF.ZS:EST,1997-12-31,3.35577867450149
WDI:BM.GSR.INSF.ZS:EST,1998-12-31,3.4149414374547318
WDI:BM.GSR.INSF.ZS:EST,1999-12-31,2.0002659297337324
WDI:BM.GSR.INSF.ZS:EST,2000-12-31,1.228917976988198
WDI:BM.GSR.INSF.ZS:EST,2001-12-31,1.5305653847943856
WDI:BM.GSR.INSF.ZS:EST,2002-12-31,1.3351957282320495
WDI:BM.GSR.INSF.ZS:EST,2008-12-31,3.8090034381791247
WDI:BM.GSR.INSF.ZS:EST,2009-12-31,3.146388923033088
WDI:BM.GSR.INSF.ZS:EST,2010-12-31,3.8534192930283226
WDI:BM.GSR.INSF.ZS:EST,2011-12-31,2.711613472857235
WDI:BM.GSR.INSF.ZS:EST,2012-12-31,2.805342218755927
WDI:BM.GSR.INSF.ZS:EST,2013-12-31,3.0461355141516164
WDI:BM.GSR.INSF.ZS:EST,2014-12-31,3.1121310994618065
WDI:BM.GSR.INSF.ZS:EST,2015-12-31,3.4149123990970978
WDI:BM.GSR.INSF.ZS:EST,2016-12-31,2.8876479535060793
WDI:BM.GSR.INSF.ZS:EST,2017-12-31,2.684192988693488
WDI:BM.GSR.INSF.ZS:EST,2018-12-31,2.153889985806836
WDI:BM.GSR.INSF.ZS:EST,2019-12-31,1.9300387473989564
WDI:BM.GSR.INSF.ZS:EST,2020-12-31,2.0888510016194517
WDI:BM.GSR.INSF.ZS:EST,2021-12-31,2.149942221719627
WDI:BM.GSR.INSF.ZS:EST,2022-12-31,1.9987909860075819
WDI:BM.GSR.INSF.ZS:EST,2023-12-31,2.46290097937248
WDI:BM.GSR.INSF.ZS:EST,2024-12-31,2.46958412734998
WDI:BM.GSR.INSF.ZS:EST,2025-12-31,2.15036727145914
WDI:BM.GSR.INSF.ZS:ETH,1977-12-31,3.914097679251834
WDI:BM.GSR.INSF.ZS:ETH,1978-12-31,3.772378516624053
WDI:BM.GSR.INSF.ZS:ETH,1979-12-31,2.3428886438809258
WDI:BM.GSR.INSF.ZS:ETH,1983-12-31,4.275891706059304
WDI:BM.GSR.INSF.ZS:ETH,1984-12-31,4.1116848346385275
WDI:BM.GSR.INSF.ZS:ETH,1985-12-31,4.032114183764477
WDI:BM.GSR.INSF.ZS:ETH,1986-12-31,4.462222222222232
WDI:BM.GSR.INSF.ZS:ETH,1987-12-31,3.925262992620504
WDI:BM.GSR.INSF.ZS:ETH,1988-12-31,3.7465242206936895
WDI:BM.GSR.INSF.ZS:ETH,1989-12-31,3.2715864953689793
WDI:BM.GSR.INSF.ZS:ETH,1990-12-31,3.3117932148626643
WDI:BM.GSR.INSF.ZS:ETH,1991-12-31,2.1406727828746215
WDI:BM.GSR.INSF.ZS:ETH,1992-12-31,4.017146063990246
WDI:BM.GSR.INSF.ZS:ETH,1993-12-31,7.163400441442044
WDI:BM.GSR.INSF.ZS:ETH,1994-12-31,7.5130268385195595
WDI:BM.GSR.INSF.ZS:ETH,1995-12-31,7.050627953910167
WDI:BM.GSR.INSF.ZS:ETH,1996-12-31,5.504113360375297
WDI:BM.GSR.INSF.ZS:ETH,1997-12-31,5.266043613828273
WDI:BM.GSR.INSF.ZS:ETH,1998-12-31,5.265908483068064
WDI:BM.GSR.INSF.ZS:ETH,1999-12-31,5.235485584779174
WDI:BM.GSR.INSF.ZS:ETH,2000-12-31,3.4964241944073486
WDI:BM.GSR.INSF.ZS:ETH,2001-12-31,5.706133703135022
WDI:BM.GSR.INSF.ZS:ETH,2002-12-31,5.184480254701347
WDI:BM.GSR.INSF.ZS:ETH,2003-12-31,6.041862406806351
WDI:BM.GSR.INSF.ZS:ETH,2004-12-31,4.865893413372943
WDI:BM.GSR.INSF.ZS:ETH,2005-12-31,4.990891835347097
WDI:BM.GSR.INSF.ZS:ETH,2006-12-31,5.624913686350311
WDI:BM.GSR.INSF.ZS:ETH,2007-12-31,4.0864000961808715
WDI:BM.GSR.INSF.ZS:ETH,2008-12-31,4.083499935327278
WDI:BM.GSR.INSF.ZS:ETH,2009-12-31,4.381710464858603
WDI:BM.GSR.INSF.ZS:ETH,2010-12-31,4.1339646211247585
WDI:BM.GSR.INSF.ZS:ETH,2011-12-31,3.3826482213463613
WDI:BM.GSR.INSF.ZS:ETH,2012-12-31,4.016340736912736
WDI:BM.GSR.INSF.ZS:ETH,2013-12-31,4.271793973122274
WDI:BM.GSR.INSF.ZS:ETH,2014-12-31,4.111277768233453
WDI:BM.GSR.INSF.ZS:ETH,2015-12-31,4.00131672224907
WDI:BM.GSR.INSF.ZS:ETH,2016-12-31,3.709436140522794
WDI:BM.GSR.INSF.ZS:ETH,2017-12-31,3.9767945189763148
WDI:BM.GSR.INSF.ZS:ETH,2018-12-31,3.3088670367117343
WDI:BM.GSR.INSF.ZS:ETH,2019-12-31,3.1533169492260855
WDI:BM.GSR.INSF.ZS:ETH,2020-12-31,4.110748020611942
WDI:BM.GSR.INSF.ZS:ETH,2021-12-31,4.351808811639906
WDI:BM.GSR.INSF.ZS:ETH,2022-12-31,3.42204519109339
WDI:BM.GSR.INSF.ZS:ETH,2023-12-31,2.94225918260552
WDI:BM.GSR.INSF.ZS:ETH,2024-12-31,13.282199961427
WDI:BM.GSR.INSF.ZS:EUU,1976-12-31,3.858516484260414
WDI:BM.GSR.INSF.ZS:EUU,1977-12-31,3.9793941339952967
WDI:BM.GSR.INSF.ZS:EUU,1978-12-31,4.074949725045568
WDI:BM.GSR.INSF.ZS:EUU,1979-12-31,4.112323139488012
WDI:BM.GSR.INSF.ZS:EUU,1980-12-31,4.091098839209417
WDI:BM.GSR.INSF.ZS:EUU,1981-12-31,4.075285685662251
WDI:BM.GSR.INSF.ZS:EUU,1982-12-31,4.476521379574773
WDI:BM.GSR.INSF.ZS:EUU,1983-12-31,4.409220796068562
WDI:BM.GSR.INSF.ZS:EUU,1984-12-31,4.877661344236474
WDI:BM.GSR.INSF.ZS:EUU,1985-12-31,5.206589160765234
WDI:BM.GSR.INSF.ZS:EUU,1986-12-31,4.93070545918952
WDI:BM.GSR.INSF.ZS:EUU,1987-12-31,4.938564032176849
WDI:BM.GSR.INSF.ZS:EUU,1988-12-31,5.871693761857576
WDI:BM.GSR.INSF.ZS:EUU,1989-12-31,6.32939381385207
WDI:BM.GSR.INSF.ZS:EUU,1990-12-31,7.067629379492002
WDI:BM.GSR.INSF.ZS:EUU,1991-12-31,7.65566061981436
WDI:BM.GSR.INSF.ZS:EUU,1992-12-31,10.1911107410258
WDI:BM.GSR.INSF.ZS:EUU,1993-12-31,8.582113366202304
WDI:BM.GSR.INSF.ZS:EUU,1994-12-31,4.798744917388447
WDI:BM.GSR.INSF.ZS:EUU,1995-12-31,4.970711075358279
WDI:BM.GSR.INSF.ZS:EUU,1996-12-31,4.9014261520124345
WDI:BM.GSR.INSF.ZS:EUU,1997-12-31,5.13814306506732
WDI:BM.GSR.INSF.ZS:EUU,1998-12-31,4.660426875837464
WDI:BM.GSR.INSF.ZS:EUU,1999-12-31,6.157194572514121
WDI:BM.GSR.INSF.ZS:EUU,2000-12-31,5.5750818023019155
WDI:BM.GSR.INSF.ZS:EUU,2001-12-31,5.652423353738517
WDI:BM.GSR.INSF.ZS:EUU,2002-12-31,6.254516039330537
WDI:BM.GSR.INSF.ZS:EUU,2003-12-31,5.970970199633799
WDI:BM.GSR.INSF.ZS:EUU,2004-12-31,7.198459627958181
WDI:BM.GSR.INSF.ZS:EUU,2005-12-31,7.710038091501066
WDI:BM.GSR.INSF.ZS:EUU,2006-12-31,8.66133255104976
WDI:BM.GSR.INSF.ZS:EUU,2007-12-31,8.720759390880506
WDI:BM.GSR.INSF.ZS:EUU,2008-12-31,8.408391580270429
WDI:BM.GSR.INSF.ZS:EUU,2009-12-31,8.853152256069455
WDI:BM.GSR.INSF.ZS:EUU,2010-12-31,9.181545384783927
WDI:BM.GSR.INSF.ZS:EUU,2011-12-31,9.064490899022937
WDI:BM.GSR.INSF.ZS:EUU,2012-12-31,9.068945623799005
WDI:BM.GSR.INSF.ZS:EUU,2013-12-31,9.217390083932983
WDI:BM.GSR.INSF.ZS:EUU,2014-12-31,9.298760177775856
WDI:BM.GSR.INSF.ZS:EUU,2015-12-31,9.089973972456486
WDI:BM.GSR.INSF.ZS:EUU,2016-12-31,8.92249871346076
WDI:BM.GSR.INSF.ZS:EUU,2017-12-31,8.587752053308543
WDI:BM.GSR.INSF.ZS:EUU,2018-12-31,8.542539828851583
WDI:BM.GSR.INSF.ZS:EUU,2019-12-31,8.029823882635778
WDI:BM.GSR.INSF.ZS:EUU,2020-12-31,9.657273992622484
WDI:BM.GSR.INSF.ZS:EUU,2021-12-31,10.620276610121692
WDI:BM.GSR.INSF.ZS:EUU,2022-12-31,8.986710592411654
WDI:BM.GSR.INSF.ZS:EUU,2023-12-31,8.89270808726282
WDI:BM.GSR.INSF.ZS:EUU,2024-12-31,9.06623439165214
WDI:BM.GSR.INSF.ZS:EUU,2025-12-31,10.2996708753681
WDI:BM.GSR.INSF.ZS:FCS,2005-12-31,6.608789393636249
WDI:BM.GSR.INSF.ZS:FCS,2006-12-31,6.573774298892859
WDI:BM.GSR.INSF.ZS:FCS,2007-12-31,6.95127331426608
WDI:BM.GSR.INSF.ZS:FCS,2008-12-31,7.933178178279406
WDI:BM.GSR.INSF.ZS:FCS,2009-12-31,8.17721469581454
WDI:BM.GSR.INSF.ZS:FCS,2010-12-31,8.750519359332614
WDI:BM.GSR.INSF.ZS:FCS,2011-12-31,7.8520892394168555
WDI:BM.GSR.INSF.ZS:FCS,2012-12-31,9.174254914297114
WDI:BM.GSR.INSF.ZS:FCS,2013-12-31,9.664261444170695
WDI:BM.GSR.INSF.ZS:FCS,2014-12-31,10.2951565803448
WDI:BM.GSR.INSF.ZS:FCS,2015-12-31,10.465900412611468
WDI:BM.GSR.INSF.ZS:FCS,2016-12-31,9.519887414036596
WDI:BM.GSR.INSF.ZS:FCS,2017-12-31,10.889482635436448
WDI:BM.GSR.INSF.ZS:FCS,2018-12-31,8.81348242860833
WDI:BM.GSR.INSF.ZS:FCS,2019-12-31,8.944773953661642
WDI:BM.GSR.INSF.ZS:FCS,2020-12-31,10.491835028916736
WDI:BM.GSR.INSF.ZS:FCS,2021-12-31,10.010489235145133
WDI:BM.GSR.INSF.ZS:FCS,2022-12-31,8.521733225021
WDI:BM.GSR.INSF.ZS:FCS,2023-12-31,9.676317096978162
WDI:BM.GSR.INSF.ZS:FIN,1975-12-31,2.01914794188409
WDI:BM.GSR.INSF.ZS:FIN,1976-12-31,1.709181866566728
WDI:BM.GSR.INSF.ZS:FIN,1977-12-31,1.6754459243394766
WDI:BM.GSR.INSF.ZS:FIN,1978-12-31,2.5741120341931922
WDI:BM.GSR.INSF.ZS:FIN,1979-12-31,2.5826415518670958
WDI:BM.GSR.INSF.ZS:FIN,1980-12-31,2.337510297510254
WDI:BM.GSR.INSF.ZS:FIN,1981-12-31,1.1844310159497125
WDI:BM.GSR.INSF.ZS:FIN,1982-12-31,1.9815429522005408
WDI:BM.GSR.INSF.ZS:FIN,1983-12-31,1.605791015164523
WDI:BM.GSR.INSF.ZS:FIN,1984-12-31,1.3598645458413992
WDI:BM.GSR.INSF.ZS:FIN,1985-12-31,1.2106416245860745
WDI:BM.GSR.INSF.ZS:FIN,1986-12-31,4.421589689536843
WDI:BM.GSR.INSF.ZS:FIN,1987-12-31,3.9282591104095275
WDI:BM.GSR.INSF.ZS:FIN,1988-12-31,2.650458407545908
WDI:BM.GSR.INSF.ZS:FIN,1989-12-31,2.540700122740249
WDI:BM.GSR.INSF.ZS:FIN,1990-12-31,1.0868289366674306
WDI:BM.GSR.INSF.ZS:FIN,1991-12-31,4.324210443974125
WDI:BM.GSR.INSF.ZS:FIN,1992-12-31,5.410003408079765
WDI:BM.GSR.INSF.ZS:FIN,1993-12-31,6.110110592248452
WDI:BM.GSR.INSF.ZS:FIN,1994-12-31,4.660482090525693
WDI:BM.GSR.INSF.ZS:FIN,1995-12-31,4.897886744146714
WDI:BM.GSR.INSF.ZS:FIN,1996-12-31,1.912195614544567
WDI:BM.GSR.INSF.ZS:FIN,1997-12-31,1.3681313912776205
WDI:BM.GSR.INSF.ZS:FIN,1998-12-31,1.4412665215438154
WDI:BM.GSR.INSF.ZS:FIN,1999-12-31,0.8205285557685525
WDI:BM.GSR.INSF.ZS:FIN,2000-12-31,0.4356966868048612
WDI:BM.GSR.INSF.ZS:FIN,2001-12-31,0.7478076802319946
WDI:BM.GSR.INSF.ZS:FIN,2002-12-31,1.0073067628096275
WDI:BM.GSR.INSF.ZS:FIN,2003-12-31,0.5809799546925538
WDI:BM.GSR.INSF.ZS:FIN,2004-12-31,1.452248777115185
WDI:BM.GSR.INSF.ZS:FIN,2005-12-31,1.3869370336645388
WDI:BM.GSR.INSF.ZS:FIN,2006-12-31,3.40138242236222
WDI:BM.GSR.INSF.ZS:FIN,2007-12-31,4.338526114221411
WDI:BM.GSR.INSF.ZS:FIN,2008-12-31,3.1597800570201615
WDI:BM.GSR.INSF.ZS:FIN,2009-12-31,3.2450040938774753
WDI:BM.GSR.INSF.ZS:FIN,2010-12-31,4.0745711887843425
WDI:BM.GSR.INSF.ZS:FIN,2011-12-31,3.5445444259708645
WDI:BM.GSR.INSF.ZS:FIN,2012-12-31,4.1217431314793584
WDI:BM.GSR.INSF.ZS:FIN,2013-12-31,7.859673306499805
WDI:BM.GSR.INSF.ZS:FIN,2014-12-31,7.281967628026967
WDI:BM.GSR.INSF.ZS:FIN,2015-12-31,6.4250845574666675
WDI:BM.GSR.INSF.ZS:FIN,2016-12-31,6.208808230484587
WDI:BM.GSR.INSF.ZS:FIN,2017-12-31,4.2021177889678265
WDI:BM.GSR.INSF.ZS:FIN,2018-12-31,4.35392816293887
WDI:BM.GSR.INSF.ZS:FIN,2019-12-31,4.277383718948873
WDI:BM.GSR.INSF.ZS:FIN,2020-12-31,5.4796121972923935
WDI:BM.GSR.INSF.ZS:FIN,2021-12-31,5.2310343166345605
WDI:BM.GSR.INSF.ZS:FIN,2022-12-31,4.1318894848247325
WDI:BM.GSR.INSF.ZS:FIN,2023-12-31,3.73271224638423
WDI:BM.GSR.INSF.ZS:FIN,2024-12-31,4.217931423061
WDI:BM.GSR.INSF.ZS:FIN,2025-12-31,4.53869381580108
WDI:BM.GSR.INSF.ZS:FJI,1979-12-31,7.6465971521471205
WDI:BM.GSR.INSF.ZS:FJI,1980-12-31,8.933490751672535
WDI:BM.GSR.INSF.ZS:FJI,1981-12-31,5.832286870378151
WDI:BM.GSR.INSF.ZS:FJI,1982-12-31,6.414256986339371
WDI:BM.GSR.INSF.ZS:FJI,1983-12-31,7.211212418054417
WDI:BM.GSR.INSF.ZS:FJI,1984-12-31,7.083273407162391
WDI:BM.GSR.INSF.ZS:FJI,1985-12-31,8.410596026490099
WDI:BM.GSR.INSF.ZS:FJI,1986-12-31,11.198208286674102
WDI:BM.GSR.INSF.ZS:FJI,1987-12-31,10.171853228053859
WDI:BM.GSR.INSF.ZS:FJI,1988-12-31,11.18320610687022
WDI:BM.GSR.INSF.ZS:FJI,1989-12-31,9.261465157832065
WDI:BM.GSR.INSF.ZS:FJI,1990-12-31,9.470094438614908
WDI:BM.GSR.INSF.ZS:FJI,1991-12-31,7.733770799156307
WDI:BM.GSR.INSF.ZS:FJI,1992-12-31,8.720420683610872
WDI:BM.GSR.INSF.ZS:FJI,1993-12-31,9.272727272727256
WDI:BM.GSR.INSF.ZS:FJI,1994-12-31,9.61179544606196
WDI:BM.GSR.INSF.ZS:FJI,1995-12-31,8.16981805208703
WDI:BM.GSR.INSF.ZS:FJI,1996-12-31,8.681394546082165
WDI:BM.GSR.INSF.ZS:FJI,1997-12-31,7.633196721311472
WDI:BM.GSR.INSF.ZS:FJI,1998-12-31,6.978406978406968
WDI:BM.GSR.INSF.ZS:FJI,1999-12-31,7.007033081531652
WDI:BM.GSR.INSF.ZS:FJI,2000-12-31,5.4610226272990605
WDI:BM.GSR.INSF.ZS:FJI,2001-12-31,5.662767996577785
WDI:BM.GSR.INSF.ZS:FJI,2002-12-31,6.657236542593399
WDI:BM.GSR.INSF.ZS:FJI,2003-12-31,6.185034236210041
WDI:BM.GSR.INSF.ZS:FJI,2004-12-31,5.645872789770805
WDI:BM.GSR.INSF.ZS:FJI,2005-12-31,5.757028265183953
WDI:BM.GSR.INSF.ZS:FJI,2006-12-31,5.738351672132645
WDI:BM.GSR.INSF.ZS:FJI,2007-12-31,5.928839331442011
WDI:BM.GSR.INSF.ZS:FJI,2008-12-31,8.222982455082215
WDI:BM.GSR.INSF.ZS:FJI,2009-12-31,5.858354632189231
WDI:BM.GSR.INSF.ZS:FJI,2010-12-31,6.709352952299441
WDI:BM.GSR.INSF.ZS:FJI,2011-12-31,6.437218198809963
WDI:BM.GSR.INSF.ZS:FJI,2012-12-31,6.914232344442636
WDI:BM.GSR.INSF.ZS:FJI,2013-12-31,7.323574982526833
WDI:BM.GSR.INSF.ZS:FJI,2014-12-31,7.196036198156229
WDI:BM.GSR.INSF.ZS:FJI,2015-12-31,7.0105832145798725
WDI:BM.GSR.INSF.ZS:FJI,2016-12-31,6.764745260805609
WDI:BM.GSR.INSF.ZS:FJI,2017-12-31,6.598737049847776
WDI:BM.GSR.INSF.ZS:FJI,2018-12-31,7.02637415634997
WDI:BM.GSR.INSF.ZS:FJI,2019-12-31,7.035184116841991
WDI:BM.GSR.INSF.ZS:FJI,2020-12-31,9.971677694914224
WDI:BM.GSR.INSF.ZS:FJI,2021-12-31,10.067028904925248
WDI:BM.GSR.INSF.ZS:FJI,2022-12-31,7.71033308641854
WDI:BM.GSR.INSF.ZS:FJI,2023-12-31,7.47464285249388
WDI:BM.GSR.INSF.ZS:FJI,2024-12-31,7.75366886742431
WDI:BM.GSR.INSF.ZS:FRA,1975-12-31,4.373375844568894
WDI:BM.GSR.INSF.ZS:FRA,1976-12-31,4.618852887458418
WDI:BM.GSR.INSF.ZS:FRA,1977-12-31,4.790861084831914
WDI:BM.GSR.INSF.ZS:FRA,1978-12-31,4.945245570117955
WDI:BM.GSR.INSF.ZS:FRA,1979-12-31,4.706582795990983
WDI:BM.GSR.INSF.ZS:FRA,1980-12-31,4.6194800654420405
WDI:BM.GSR.INSF.ZS:FRA,1981-12-31,4.4055266217727445
WDI:BM.GSR.INSF.ZS:FRA,1982-12-31,5.345047877009742
WDI:BM.GSR.INSF.ZS:FRA,1983-12-31,6.169152735833512
WDI:BM.GSR.INSF.ZS:FRA,1984-12-31,6.647787580204217
WDI:BM.GSR.INSF.ZS:FRA,1985-12-31,6.955971580521673
WDI:BM.GSR.INSF.ZS:FRA,1986-12-31,6.905036869244953
WDI:BM.GSR.INSF.ZS:FRA,1987-12-31,7.028684663459228
WDI:BM.GSR.INSF.ZS:FRA,1988-12-31,11.97065583197847
WDI:BM.GSR.INSF.ZS:FRA,1989-12-31,14.725155462960643
WDI:BM.GSR.INSF.ZS:FRA,1990-12-31,18.329354418348956
WDI:BM.GSR.INSF.ZS:FRA,1991-12-31,18.019577156888218
WDI:BM.GSR.INSF.ZS:FRA,1992-12-31,28.184116575866508
WDI:BM.GSR.INSF.ZS:FRA,1993-12-31,21.506605834258018
WDI:BM.GSR.INSF.ZS:FRA,1994-12-31,5.433977883626334
WDI:BM.GSR.INSF.ZS:FRA,1995-12-31,5.254473146097774
WDI:BM.GSR.INSF.ZS:FRA,1996-12-31,4.37732138260971
WDI:BM.GSR.INSF.ZS:FRA,1997-12-31,3.9464710492344803
WDI:BM.GSR.INSF.ZS:FRA,1998-12-31,3.9688086499853217
WDI:BM.GSR.INSF.ZS:FRA,1999-12-31,3.864631909677136
WDI:BM.GSR.INSF.ZS:FRA,2000-12-31,2.732003811196107
WDI:BM.GSR.INSF.ZS:FRA,2001-12-31,2.3765881875677635
WDI:BM.GSR.INSF.ZS:FRA,2002-12-31,1.9157211141772208
WDI:BM.GSR.INSF.ZS:FRA,2003-12-31,2.032860775871555
WDI:BM.GSR.INSF.ZS:FRA,2004-12-31,2.62668803841787
WDI:BM.GSR.INSF.ZS:FRA,2005-12-31,2.116371637539336
WDI:BM.GSR.INSF.ZS:FRA,2006-12-31,2.7228161684200467
WDI:BM.GSR.INSF.ZS:FRA,2007-12-31,2.953744800412097
WDI:BM.GSR.INSF.ZS:FRA,2008-12-31,4.429336119292012
WDI:BM.GSR.INSF.ZS:FRA,2009-12-31,4.902549114850528
WDI:BM.GSR.INSF.ZS:FRA,2010-12-31,5.324861288835306
WDI:BM.GSR.INSF.ZS:FRA,2011-12-31,4.852973692045878
WDI:BM.GSR.INSF.ZS:FRA,2012-12-31,5.314441027899537
WDI:BM.GSR.INSF.ZS:FRA,2013-12-31,6.795451152078648
WDI:BM.GSR.INSF.ZS:FRA,2014-12-31,5.950904715517282
WDI:BM.GSR.INSF.ZS:FRA,2015-12-31,5.626460773478162
WDI:BM.GSR.INSF.ZS:FRA,2016-12-31,6.709676245497691
WDI:BM.GSR.INSF.ZS:FRA,2017-12-31,6.952236603209501
WDI:BM.GSR.INSF.ZS:FRA,2018-12-31,7.071301831086075
WDI:BM.GSR.INSF.ZS:FRA,2019-12-31,7.022212054012631
WDI:BM.GSR.INSF.ZS:FRA,2020-12-31,8.512460923146936
WDI:BM.GSR.INSF.ZS:FRA,2021-12-31,8.987004684028713
WDI:BM.GSR.INSF.ZS:FRA,2022-12-31,8.252684165508
WDI:BM.GSR.INSF.ZS:FRA,2023-12-31,9.18119815379085
WDI:BM.GSR.INSF.ZS:FRA,2024-12-31,9.97782785341126
WDI:BM.GSR.INSF.ZS:FRA,2025-12-31,10.4467688713951
WDI:BM.GSR.INSF.ZS:FRO,1998-12-31,10.264608599779493
WDI:BM.GSR.INSF.ZS:FRO,1999-12-31,9.99155940071745
WDI:BM.GSR.INSF.ZS:FRO,2000-12-31,8.582895955541833
WDI:BM.GSR.INSF.ZS:FRO,2001-12-31,10.052256532066508
WDI:BM.GSR.INSF.ZS:FRO,2002-12-31,8.988338633954262
WDI:BM.GSR.INSF.ZS:FRO,2003-12-31,5.119128658951668
WDI:BM.GSR.INSF.ZS:FRO,2004-12-31,3.1402799004547495
WDI:BM.GSR.INSF.ZS:FRO,2005-12-31,2.3392286011797037
WDI:BM.GSR.INSF.ZS:FRO,2006-12-31,2.041457773264016
WDI:BM.GSR.INSF.ZS:FRO,2007-12-31,1.0323477623790762
WDI:BM.GSR.INSF.ZS:FRO,2008-12-31,1.4183364091793222
WDI:BM.GSR.INSF.ZS:FRO,2009-12-31,1.6960420162335887
WDI:BM.GSR.INSF.ZS:FRO,2010-12-31,1.4938577802759185
WDI:BM.GSR.INSF.ZS:FRO,2011-12-31,0.8204725254578324
WDI:BM.GSR.INSF.ZS:FSM,2009-12-31,2.1803750088020752
WDI:BM.GSR.INSF.ZS:FSM,2010-12-31,2.705723310013145
WDI:BM.GSR.INSF.ZS:FSM,2011-12-31,2.524619289340101
WDI:BM.GSR.INSF.ZS:FSM,2012-12-31,2.9340001459270884
WDI:BM.GSR.INSF.ZS:FSM,2013-12-31,2.5212740273930323
WDI:BM.GSR.INSF.ZS:FSM,2014-12-31,2.667590056548952
WDI:BM.GSR.INSF.ZS:GAB,1978-12-31,6.240122746451866
WDI:BM.GSR.INSF.ZS:GAB,1979-12-31,5.39285261690534
WDI:BM.GSR.INSF.ZS:GAB,1980-12-31,5.731502578246791
WDI:BM.GSR.INSF.ZS:GAB,1981-12-31,4.910986775178024
WDI:BM.GSR.INSF.ZS:GAB,1982-12-31,4.174415930075905
WDI:BM.GSR.INSF.ZS:GAB,1983-12-31,6.047322223635647
WDI:BM.GSR.INSF.ZS:GAB,1984-12-31,3.5631951466127285
WDI:BM.GSR.INSF.ZS:GAB,1985-12-31,4.386817254506069
WDI:BM.GSR.INSF.ZS:GAB,1986-12-31,4.656176393614239
WDI:BM.GSR.INSF.ZS:GAB,1987-12-31,5.43785935426803
WDI:BM.GSR.INSF.ZS:GAB,1988-12-31,5.892361829848889
WDI:BM.GSR.INSF.ZS:GAB,1989-12-31,4.84322255089612
WDI:BM.GSR.INSF.ZS:GAB,1990-12-31,5.141209954024655
WDI:BM.GSR.INSF.ZS:GAB,1991-12-31,5.890631282669882
WDI:BM.GSR.INSF.ZS:GAB,1992-12-31,5.714869281045744
WDI:BM.GSR.INSF.ZS:GAB,1993-12-31,4.924033149171281
WDI:BM.GSR.INSF.ZS:GAB,1994-12-31,3.638344226579519
WDI:BM.GSR.INSF.ZS:GAB,1995-12-31,8.504627955314108
WDI:BM.GSR.INSF.ZS:GAB,1996-12-31,8.69802783232306
WDI:BM.GSR.INSF.ZS:GAB,1997-12-31,8.582534969850943
WDI:BM.GSR.INSF.ZS:GAB,1998-12-31,8.267906607271867
WDI:BM.GSR.INSF.ZS:GAB,1999-12-31,9.172651710021357
WDI:BM.GSR.INSF.ZS:GAB,2000-12-31,8.207700498795045
WDI:BM.GSR.INSF.ZS:GAB,2001-12-31,6.7958989731980735
WDI:BM.GSR.INSF.ZS:GAB,2002-12-31,6.383430391003761
WDI:BM.GSR.INSF.ZS:GAB,2003-12-31,5.633715538057629
WDI:BM.GSR.INSF.ZS:GAB,2004-12-31,5.695862874825075
WDI:BM.GSR.INSF.ZS:GAB,2005-12-31,6.415538552089462
WDI:BM.GSR.INSF.ZS:GAB,2007-12-31,3.2871550807979375
WDI:BM.GSR.INSF.ZS:GAB,2008-12-31,4.266854720762132
WDI:BM.GSR.INSF.ZS:GAB,2009-12-31,7.307746586062337
WDI:BM.GSR.INSF.ZS:GAB,2010-12-31,6.080525901962635
WDI:BM.GSR.INSF.ZS:GAB,2011-12-31,6.434926930302214
WDI:BM.GSR.INSF.ZS:GAB,2012-12-31,6.65620637012489
WDI:BM.GSR.INSF.ZS:GAB,2013-12-31,5.1859844738183005
WDI:BM.GSR.INSF.ZS:GAB,2014-12-31,4.506435214308787
WDI:BM.GSR.INSF.ZS:GAB,2015-12-31,5.5922095133826755
WDI:BM.GSR.INSF.ZS:GBR,1986-12-31,1.3417191125642385
WDI:BM.GSR.INSF.ZS:GBR,1987-12-31,2.060900909806016
WDI:BM.GSR.INSF.ZS:GBR,1988-12-31,2.100227388936935
WDI:BM.GSR.INSF.ZS:GBR,1989-12-31,2.209757895625728
WDI:BM.GSR.INSF.ZS:GBR,1990-12-31,2.200174158079899
WDI:BM.GSR.INSF.ZS:GBR,1991-12-31,3.8026233867565327
WDI:BM.GSR.INSF.ZS:GBR,1992-12-31,3.617333176284485
WDI:BM.GSR.INSF.ZS:GBR,1993-12-31,3.624324456053407
WDI:BM.GSR.INSF.ZS:GBR,1994-12-31,4.071552501741173
WDI:BM.GSR.INSF.ZS:GBR,1995-12-31,4.16451722379449
WDI:BM.GSR.INSF.ZS:GBR,1996-12-31,4.706024693439938
WDI:BM.GSR.INSF.ZS:GBR,1997-12-31,5.1164321137164865
WDI:BM.GSR.INSF.ZS:GBR,1998-12-31,4.776788735507242
WDI:BM.GSR.INSF.ZS:GBR,1999-12-31,5.028195296370114
WDI:BM.GSR.INSF.ZS:GBR,2000-12-31,5.2085061872608165
WDI:BM.GSR.INSF.ZS:GBR,2001-12-31,5.849849346780129
WDI:BM.GSR.INSF.ZS:GBR,2002-12-31,7.56825408068474
WDI:BM.GSR.INSF.ZS:GBR,2003-12-31,9.754399081921118
WDI:BM.GSR.INSF.ZS:GBR,2004-12-31,9.80159409258228
WDI:BM.GSR.INSF.ZS:GBR,2005-12-31,8.991810975301817
WDI:BM.GSR.INSF.ZS:GBR,2006-12-31,10.239859806241775
WDI:BM.GSR.INSF.ZS:GBR,2007-12-31,8.783280010184187
WDI:BM.GSR.INSF.ZS:GBR,2008-12-31,7.951001032951356
WDI:BM.GSR.INSF.ZS:GBR,2009-12-31,8.996237089492567
WDI:BM.GSR.INSF.ZS:GBR,2010-12-31,8.143260918853622
WDI:BM.GSR.INSF.ZS:GBR,2011-12-31,9.289161421832537
WDI:BM.GSR.INSF.ZS:GBR,2012-12-31,7.959020790837423
WDI:BM.GSR.INSF.ZS:GBR,2013-12-31,9.139596209707209
WDI:BM.GSR.INSF.ZS:GBR,2014-12-31,9.569563081129036
WDI:BM.GSR.INSF.ZS:GBR,2015-12-31,9.39779529071386
WDI:BM.GSR.INSF.ZS:GBR,2016-12-31,10.081232280516762
WDI:BM.GSR.INSF.ZS:GBR,2017-12-31,10.111797795980069
WDI:BM.GSR.INSF.ZS:GBR,2018-12-31,10.449031012795963
WDI:BM.GSR.INSF.ZS:GBR,2019-12-31,9.367340377532846
WDI:BM.GSR.INSF.ZS:GBR,2020-12-31,10.42151572966607
WDI:BM.GSR.INSF.ZS:GBR,2021-12-31,11.787184676694752
WDI:BM.GSR.INSF.ZS:GBR,2022-12-31,8.78178343177293
WDI:BM.GSR.INSF.ZS:GBR,2023-12-31,9.11365996629627
WDI:BM.GSR.INSF.ZS:GBR,2024-12-31,9.33654805224254
WDI:BM.GSR.INSF.ZS:GBR,2025-12-31,9.69641022789486
WDI:BM.GSR.INSF.ZS:GEO,1997-12-31,8.41009211053264
WDI:BM.GSR.INSF.ZS:GEO,1998-12-31,5.214368482039398
WDI:BM.GSR.INSF.ZS:GEO,1999-12-31,4.017857142857143
WDI:BM.GSR.INSF.ZS:GEO,2000-12-31,6.901431638196141
WDI:BM.GSR.INSF.ZS:GEO,2001-12-31,6.356904640793726
WDI:BM.GSR.INSF.ZS:GEO,2002-12-31,5.700913594137128
WDI:BM.GSR.INSF.ZS:GEO,2003-12-31,7.478998547573992
WDI:BM.GSR.INSF.ZS:GEO,2004-12-31,9.23796952298446
WDI:BM.GSR.INSF.ZS:GEO,2005-12-31,9.61515447449907
WDI:BM.GSR.INSF.ZS:GEO,2006-12-31,11.525213953396127
WDI:BM.GSR.INSF.ZS:GEO,2007-12-31,13.157547145640569
WDI:BM.GSR.INSF.ZS:GEO,2008-12-31,13.490074860463944
WDI:BM.GSR.INSF.ZS:GEO,2009-12-31,12.804605000594533
WDI:BM.GSR.INSF.ZS:GEO,2010-12-31,12.322016680324282
WDI:BM.GSR.INSF.ZS:GEO,2011-12-31,12.406324031667989
WDI:BM.GSR.INSF.ZS:GEO,2012-12-31,10.859868780799111
WDI:BM.GSR.INSF.ZS:GEO,2013-12-31,8.62112818791899
WDI:BM.GSR.INSF.ZS:GEO,2014-12-31,9.280505284259487
WDI:BM.GSR.INSF.ZS:GEO,2015-12-31,8.241740775846692
WDI:BM.GSR.INSF.ZS:GEO,2016-12-31,7.983222314834208
WDI:BM.GSR.INSF.ZS:GEO,2017-12-31,7.208346768403845
WDI:BM.GSR.INSF.ZS:GEO,2018-12-31,6.911281505376171
WDI:BM.GSR.INSF.ZS:GEO,2019-12-31,5.799147981837821
WDI:BM.GSR.INSF.ZS:GEO,2020-12-31,8.510640914362394
WDI:BM.GSR.INSF.ZS:GEO,2021-12-31,7.921692189388859
WDI:BM.GSR.INSF.ZS:GEO,2022-12-31,7.753424869120471
WDI:BM.GSR.INSF.ZS:GEO,2023-12-31,6.82337662270062
WDI:BM.GSR.INSF.ZS:GEO,2024-12-31,7.38385220016373
WDI:BM.GSR.INSF.ZS:GEO,2025-12-31,7.69867237999058
WDI:BM.GSR.INSF.ZS:GHA,1975-12-31,3.9593526533701136
WDI:BM.GSR.INSF.ZS:GHA,1976-12-31,3.7554293351132855
WDI:BM.GSR.INSF.ZS:GHA,1977-12-31,2.691538974020212
WDI:BM.GSR.INSF.ZS:GHA,1978-12-31,2.5077519379817526
WDI:BM.GSR.INSF.ZS:GHA,1979-12-31,3.372464964075064
WDI:BM.GSR.INSF.ZS:GHA,1980-12-31,2.345313078918118
WDI:BM.GSR.INSF.ZS:GHA,1981-12-31,2.255333559092448
WDI:BM.GSR.INSF.ZS:GHA,1982-12-31,1.8536371603856265
WDI:BM.GSR.INSF.ZS:GHA,1983-12-31,2.902746844840386
WDI:BM.GSR.INSF.ZS:GHA,1984-12-31,2.558282208588957
WDI:BM.GSR.INSF.ZS:GHA,1985-12-31,6.744186046511628
WDI:BM.GSR.INSF.ZS:GHA,1986-12-31,5.29595015576324
WDI:BM.GSR.INSF.ZS:GHA,1987-12-31,6.03222180591982
WDI:BM.GSR.INSF.ZS:GHA,1988-12-31,7.2388059701492535
WDI:BM.GSR.INSF.ZS:GHA,1989-12-31,7.3939833272924975
WDI:BM.GSR.INSF.ZS:GHA,1990-12-31,8.386023294509151
WDI:BM.GSR.INSF.ZS:GHA,1991-12-31,4.905575111787651
WDI:BM.GSR.INSF.ZS:GHA,1992-12-31,6.607100869974136
WDI:BM.GSR.INSF.ZS:GHA,1993-12-31,6.939142151358634
WDI:BM.GSR.INSF.ZS:GHA,1994-12-31,4.800380228136882
WDI:BM.GSR.INSF.ZS:GHA,1995-12-31,4.971507991660876
WDI:BM.GSR.INSF.ZS:GHA,1996-12-31,5.273399246704331
WDI:BM.GSR.INSF.ZS:GHA,1997-12-31,5.343671058919916
WDI:BM.GSR.INSF.ZS:GHA,1998-12-31,5.442002941934701
WDI:BM.GSR.INSF.ZS:GHA,1999-12-31,5.9640866873065015
WDI:BM.GSR.INSF.ZS:GHA,2000-12-31,5.223814555074615
WDI:BM.GSR.INSF.ZS:GHA,2001-12-31,5.3958951136097975
WDI:BM.GSR.INSF.ZS:GHA,2002-12-31,4.734300915460655
WDI:BM.GSR.INSF.ZS:GHA,2003-12-31,3.853860395162092
WDI:BM.GSR.INSF.ZS:GHA,2004-12-31,4.343275726758256
WDI:BM.GSR.INSF.ZS:GHA,2005-12-31,4.506018286575435
WDI:BM.GSR.INSF.ZS:GHA,2006-12-31,4.559304093211991
WDI:BM.GSR.INSF.ZS:GHA,2007-12-31,4.128179766639077
WDI:BM.GSR.INSF.ZS:GHA,2008-12-31,4.682496202463391
WDI:BM.GSR.INSF.ZS:GHA,2009-12-31,2.977269020631167
WDI:BM.GSR.INSF.ZS:GHA,2010-12-31,3.8944336597596587
WDI:BM.GSR.INSF.ZS:GHA,2011-12-31,3.637221858108808
WDI:BM.GSR.INSF.ZS:GHA,2012-12-31,3.580676813051368
WDI:BM.GSR.INSF.ZS:GHA,2013-12-31,3.031276787318578
WDI:BM.GSR.INSF.ZS:GHA,2014-12-31,2.533256610441439
WDI:BM.GSR.INSF.ZS:GHA,2015-12-31,1.6205814451751792
WDI:BM.GSR.INSF.ZS:GHA,2016-12-31,1.5021987935530086
WDI:BM.GSR.INSF.ZS:GHA,2017-12-31,1.1688654353562007
WDI:BM.GSR.INSF.ZS:GHA,2018-12-31,1.103357702292747
WDI:BM.GSR.INSF.ZS:GHA,2019-12-31,0.8534495856751966
WDI:BM.GSR.INSF.ZS:GHA,2020-12-31,4.214260503038731
WDI:BM.GSR.INSF.ZS:GHA,2021-12-31,9.317666245769605
WDI:BM.GSR.INSF.ZS:GHA,2022-12-31,7.085627235055939
WDI:BM.GSR.INSF.ZS:GHA,2023-12-31,9.07332801213772
WDI:BM.GSR.INSF.ZS:GHA,2024-12-31,9.73423983142779
WDI:BM.GSR.INSF.ZS:GHA,2025-12-31,14.2490102253977
WDI:BM.GSR.INSF.ZS:GIN,1986-12-31,5.947874199184625
WDI:BM.GSR.INSF.ZS:GIN,1987-12-31,4.454545454545455
WDI:BM.GSR.INSF.ZS:GIN,1988-12-31,3.8214904679376085
WDI:BM.GSR.INSF.ZS:GIN,1989-12-31,3.5146475728529083
WDI:BM.GSR.INSF.ZS:GIN,1990-12-31,3.6324029952348535
WDI:BM.GSR.INSF.ZS:GIN,1991-12-31,3.053566807556284
WDI:BM.GSR.INSF.ZS:GIN,1992-12-31,2.724989924667514
WDI:BM.GSR.INSF.ZS:GIN,1993-12-31,2.7721352610825667
WDI:BM.GSR.INSF.ZS:GIN,1994-12-31,7.149882520080871
WDI:BM.GSR.INSF.ZS:GIN,1995-12-31,4.6515450783776355
WDI:BM.GSR.INSF.ZS:GIN,1996-12-31,6.353708023435265
WDI:BM.GSR.INSF.ZS:GIN,1997-12-31,2.1341501337147832
WDI:BM.GSR.INSF.ZS:GIN,1998-12-31,2.2286300052240864
WDI:BM.GSR.INSF.ZS:GIN,1999-12-31,1.842447080927809
WDI:BM.GSR.INSF.ZS:GIN,2000-12-31,2.4723163904500534
WDI:BM.GSR.INSF.ZS:GIN,2001-12-31,2.209511151582967
WDI:BM.GSR.INSF.ZS:GIN,2002-12-31,2.7683322241771733
WDI:BM.GSR.INSF.ZS:GIN,2003-12-31,6.112467675874299
WDI:BM.GSR.INSF.ZS:GIN,2004-12-31,8.750353406841956
WDI:BM.GSR.INSF.ZS:GIN,2005-12-31,3.058390613066722
WDI:BM.GSR.INSF.ZS:GIN,2006-12-31,9.883092641713331
WDI:BM.GSR.INSF.ZS:GIN,2007-12-31,4.779471776957984
WDI:BM.GSR.INSF.ZS:GIN,2008-12-31,3.4045319048793066
WDI:BM.GSR.INSF.ZS:GIN,2009-12-31,7.758184899937554
WDI:BM.GSR.INSF.ZS:GIN,2010-12-31,6.834013334660165
WDI:BM.GSR.INSF.ZS:GIN,2011-12-31,7.321899736147758
WDI:BM.GSR.INSF.ZS:GIN,2012-12-31,5.326545258814031
WDI:BM.GSR.INSF.ZS:GIN,2013-12-31,6.607947789054506
WDI:BM.GSR.INSF.ZS:GIN,2014-12-31,8.223947685840919
WDI:BM.GSR.INSF.ZS:GIN,2015-12-31,18.753861424713897
WDI:BM.GSR.INSF.ZS:GIN,2016-12-31,14.54629334401062
WDI:BM.GSR.INSF.ZS:GIN,2017-12-31,12.845917773427166
WDI:BM.GSR.INSF.ZS:GIN,2018-12-31,10.216407904464745
WDI:BM.GSR.INSF.ZS:GIN,2019-12-31,11.70332902011528
WDI:BM.GSR.INSF.ZS:GIN,2020-12-31,4.234610818732672
WDI:BM.GSR.INSF.ZS:GIN,2021-12-31,12.939087470084152
WDI:BM.GSR.INSF.ZS:GIN,2022-12-31,17.34625188978029
WDI:BM.GSR.INSF.ZS:GIN,2023-12-31,7.27139263022594
WDI:BM.GSR.INSF.ZS:GIN,2024-12-31,7.93915644079163
WDI:BM.GSR.INSF.ZS:GMB,1978-12-31,6.909788867562355
WDI:BM.GSR.INSF.ZS:GMB,1979-12-31,5.638340716874737
WDI:BM.GSR.INSF.ZS:GMB,1980-12-31,7.4064135247551235
WDI:BM.GSR.INSF.ZS:GMB,1981-12-31,6.854949273375387
WDI:BM.GSR.INSF.ZS:GMB,1982-12-31,5.798756502981862
WDI:BM.GSR.INSF.ZS:GMB,1983-12-31,6.705264575198584
WDI:BM.GSR.INSF.ZS:GMB,1984-12-31,8.517640863612428
WDI:BM.GSR.INSF.ZS:GMB,1985-12-31,8.593059936908523
WDI:BM.GSR.INSF.ZS:GMB,1986-12-31,8.73867986182431
WDI:BM.GSR.INSF.ZS:GMB,1987-12-31,3.8485297751420724
WDI:BM.GSR.INSF.ZS:GMB,1988-12-31,3.9490680937442337
WDI:BM.GSR.INSF.ZS:GMB,1989-12-31,4.450313263844005
WDI:BM.GSR.INSF.ZS:GMB,1990-12-31,6.060318439598499
WDI:BM.GSR.INSF.ZS:GMB,1991-12-31,4.602911690349582
WDI:BM.GSR.INSF.ZS:GMB,1992-12-31,4.770393144501859
WDI:BM.GSR.INSF.ZS:GMB,1993-12-31,4.699319356648022
WDI:BM.GSR.INSF.ZS:GMB,1994-12-31,4.430896863804918
WDI:BM.GSR.INSF.ZS:GMB,1995-12-31,3.915355200414386
WDI:BM.GSR.INSF.ZS:GMB,1996-12-31,4.702770916120708
WDI:BM.GSR.INSF.ZS:GMB,1997-12-31,4.6284689930316825
WDI:BM.GSR.INSF.ZS:GMB,2003-12-31,9.882314140656472
WDI:BM.GSR.INSF.ZS:GMB,2004-12-31,10.340799274775804
WDI:BM.GSR.INSF.ZS:GMB,2005-12-31,10.7592459648125
WDI:BM.GSR.INSF.ZS:GMB,2006-12-31,5.366748634087566
WDI:BM.GSR.INSF.ZS:GMB,2007-12-31,7.699995973420369
WDI:BM.GSR.INSF.ZS:GMB,2008-12-31,7.994523112775561
WDI:BM.GSR.INSF.ZS:GMB,2009-12-31,7.353021003394154
WDI:BM.GSR.INSF.ZS:GMB,2010-12-31,7.187996091523259
WDI:BM.GSR.INSF.ZS:GMB,2011-12-31,10.702254658314017
WDI:BM.GSR.INSF.ZS:GMB,2012-12-31,12.381181501887163
WDI:BM.GSR.INSF.ZS:GMB,2013-12-31,12.081237590722543
WDI:BM.GSR.INSF.ZS:GMB,2014-12-31,9.709500056259959
WDI:BM.GSR.INSF.ZS:GMB,2015-12-31,12.579850574813275
WDI:BM.GSR.INSF.ZS:GMB,2016-12-31,12.07375763331583
WDI:BM.GSR.INSF.ZS:GMB,2017-12-31,12.032067011218677
WDI:BM.GSR.INSF.ZS:GMB,2018-12-31,11.82876972862424
WDI:BM.GSR.INSF.ZS:GMB,2019-12-31,11.471024751166343
WDI:BM.GSR.INSF.ZS:GMB,2020-12-31,12.31143970533764
WDI:BM.GSR.INSF.ZS:GMB,2021-12-31,11.672078686431812
WDI:BM.GSR.INSF.ZS:GMB,2022-12-31,11.712398993091316
WDI:BM.GSR.INSF.ZS:GMB,2023-12-31,18.1127118048153
WDI:BM.GSR.INSF.ZS:GMB,2024-12-31,19.7782517351087
WDI:BM.GSR.INSF.ZS:GNB,1982-12-31,5.0
WDI:BM.GSR.INSF.ZS:GNB,1983-12-31,4.545454545454546
WDI:BM.GSR.INSF.ZS:GNB,1984-12-31,2.7830188679245285
WDI:BM.GSR.INSF.ZS:GNB,1985-12-31,3.266932270916335
WDI:BM.GSR.INSF.ZS:GNB,1986-12-31,5.069444444444445
WDI:BM.GSR.INSF.ZS:GNB,1987-12-31,3.6535947712418304
WDI:BM.GSR.INSF.ZS:GNB,1988-12-31,4.304093567251463
WDI:BM.GSR.INSF.ZS:GNB,1989-12-31,3.143368259647329
WDI:BM.GSR.INSF.ZS:GNB,1990-12-31,4.835339767187344
WDI:BM.GSR.INSF.ZS:GNB,1991-12-31,3.3093735177144525
WDI:BM.GSR.INSF.ZS:GNB,1992-12-31,4.32826615390197
WDI:BM.GSR.INSF.ZS:GNB,1993-12-31,3.6378258195751925
WDI:BM.GSR.INSF.ZS:GNB,1994-12-31,4.205090372556252
WDI:BM.GSR.INSF.ZS:GNB,1995-12-31,4.212637913741224
WDI:BM.GSR.INSF.ZS:GNB,1996-12-31,4.102564102564102
WDI:BM.GSR.INSF.ZS:GNB,1997-12-31,5.124282982791587
WDI:BM.GSR.INSF.ZS:GNB,2001-12-31,0.15775003380357838
WDI:BM.GSR.INSF.ZS:GNB,2002-12-31,1.1329817783114897
WDI:BM.GSR.INSF.ZS:GNB,2003-12-31,1.0312217839661657
WDI:BM.GSR.INSF.ZS:GNB,2004-12-31,0.38880581072420384
WDI:BM.GSR.INSF.ZS:GNB,2005-12-31,4.192786408649053
WDI:BM.GSR.INSF.ZS:GNB,2006-12-31,2.9620681323991205
WDI:BM.GSR.INSF.ZS:GNB,2007-12-31,1.9490035169988298
WDI:BM.GSR.INSF.ZS:GNB,2008-12-31,4.872035689128902
WDI:BM.GSR.INSF.ZS:GNB,2009-12-31,4.983885819521183
WDI:BM.GSR.INSF.ZS:GNB,2010-12-31,4.7581903276130975
WDI:BM.GSR.INSF.ZS:GNB,2011-12-31,6.423070767280537
WDI:BM.GSR.INSF.ZS:GNB,2012-12-31,1.7326893153526912
WDI:BM.GSR.INSF.ZS:GNB,2013-12-31,5.442753542304489
WDI:BM.GSR.INSF.ZS:GNB,2014-12-31,4.828738243154775
WDI:BM.GSR.INSF.ZS:GNB,2015-12-31,6.348285461585103
WDI:BM.GSR.INSF.ZS:GNB,2016-12-31,4.551601021064106
WDI:BM.GSR.INSF.ZS:GNB,2017-12-31,2.3530820814268614
WDI:BM.GSR.INSF.ZS:GNB,2018-12-31,3.707458536402714
WDI:BM.GSR.INSF.ZS:GNB,2019-12-31,3.209871899687383
WDI:BM.GSR.INSF.ZS:GNB,2020-12-31,2.8715697498176893
WDI:BM.GSR.INSF.ZS:GNB,2021-12-31,2.6326392401265344
WDI:BM.GSR.INSF.ZS:GNB,2022-12-31,2.7308624336777125
WDI:BM.GSR.INSF.ZS:GNB,2023-12-31,2.61518032421143
WDI:BM.GSR.INSF.ZS:GNB,2024-12-31,3.89503487178238
WDI:BM.GSR.INSF.ZS:GNQ,1987-12-31,1.604645456775984
WDI:BM.GSR.INSF.ZS:GNQ,1988-12-31,1.582649472450176
WDI:BM.GSR.INSF.ZS:GRC,1976-12-31,7.23781388478582
WDI:BM.GSR.INSF.ZS:GRC,1977-12-31,6.393244873341375
WDI:BM.GSR.INSF.ZS:GRC,1978-12-31,6.2944162436548226
WDI:BM.GSR.INSF.ZS:GRC,1979-12-31,6.116207951070336
WDI:BM.GSR.INSF.ZS:GRC,1980-12-31,5.812324929971989
WDI:BM.GSR.INSF.ZS:GRC,1981-12-31,4.883720930232558
WDI:BM.GSR.INSF.ZS:GRC,1982-12-31,4.353393085787452
WDI:BM.GSR.INSF.ZS:GRC,1983-12-31,4.677533664068037
WDI:BM.GSR.INSF.ZS:GRC,1984-12-31,5.653170359052712
WDI:BM.GSR.INSF.ZS:GRC,1985-12-31,5.781584582441114
WDI:BM.GSR.INSF.ZS:GRC,1986-12-31,4.955527318932655
WDI:BM.GSR.INSF.ZS:GRC,1987-12-31,5.909617612977984
WDI:BM.GSR.INSF.ZS:GRC,1988-12-31,4.898336414048059
WDI:BM.GSR.INSF.ZS:GRC,1989-12-31,4.761904761904762
WDI:BM.GSR.INSF.ZS:GRC,1990-12-31,5.0
WDI:BM.GSR.INSF.ZS:GRC,1991-12-31,4.384327773985257
WDI:BM.GSR.INSF.ZS:GRC,1992-12-31,4.106998108619292
WDI:BM.GSR.INSF.ZS:GRC,1993-12-31,4.288554387957967
WDI:BM.GSR.INSF.ZS:GRC,1994-12-31,4.001059883412824
WDI:BM.GSR.INSF.ZS:GRC,1995-12-31,4.166666666666666
WDI:BM.GSR.INSF.ZS:GRC,1996-12-31,4.742803209060878
WDI:BM.GSR.INSF.ZS:GRC,1997-12-31,4.537634408602151
WDI:BM.GSR.INSF.ZS:GRC,1999-12-31,3.1795176117537904
WDI:BM.GSR.INSF.ZS:GRC,2000-12-31,2.5945020064382356
WDI:BM.GSR.INSF.ZS:GRC,2001-12-31,2.524106703485096
WDI:BM.GSR.INSF.ZS:GRC,2002-12-31,4.372075467724614
WDI:BM.GSR.INSF.ZS:GRC,2003-12-31,5.130221318626291
WDI:BM.GSR.INSF.ZS:GRC,2004-12-31,4.751766969267395
WDI:BM.GSR.INSF.ZS:GRC,2005-12-31,5.418705159599954
WDI:BM.GSR.INSF.ZS:GRC,2006-12-31,6.421330141217653
WDI:BM.GSR.INSF.ZS:GRC,2007-12-31,8.174521016199401
WDI:BM.GSR.INSF.ZS:GRC,2008-12-31,6.868715398191758
WDI:BM.GSR.INSF.ZS:GRC,2009-12-31,8.033039999211269
WDI:BM.GSR.INSF.ZS:GRC,2010-12-31,9.308460758748513
WDI:BM.GSR.INSF.ZS:GRC,2011-12-31,9.844578465682822
WDI:BM.GSR.INSF.ZS:GRC,2012-12-31,13.116204873281271
WDI:BM.GSR.INSF.ZS:GRC,2013-12-31,12.140495214686219
WDI:BM.GSR.INSF.ZS:GRC,2014-12-31,10.906398410743408
WDI:BM.GSR.INSF.ZS:GRC,2015-12-31,8.445831065945574
WDI:BM.GSR.INSF.ZS:GRC,2016-12-31,8.887326226837152
WDI:BM.GSR.INSF.ZS:GRC,2017-12-31,8.164495559423921
WDI:BM.GSR.INSF.ZS:GRC,2018-12-31,7.950695437796229
WDI:BM.GSR.INSF.ZS:GRC,2019-12-31,7.31681297026595
WDI:BM.GSR.INSF.ZS:GRC,2020-12-31,8.893030365800122
WDI:BM.GSR.INSF.ZS:GRC,2021-12-31,9.638914164955944
WDI:BM.GSR.INSF.ZS:GRC,2022-12-31,8.64273940746258
WDI:BM.GSR.INSF.ZS:GRC,2023-12-31,9.2620317509494
WDI:BM.GSR.INSF.ZS:GRC,2024-12-31,8.59172835229215
WDI:BM.GSR.INSF.ZS:GRD,1977-12-31,6.553191489361701
WDI:BM.GSR.INSF.ZS:GRD,1978-12-31,5.061728395061727
WDI:BM.GSR.INSF.ZS:GRD,1979-12-31,3.751864002385921
WDI:BM.GSR.INSF.ZS:GRD,1980-12-31,4.795850066934426
WDI:BM.GSR.INSF.ZS:GRD,1981-12-31,4.72752420470266
WDI:BM.GSR.INSF.ZS:GRD,1982-12-31,3.4960562779791213
WDI:BM.GSR.INSF.ZS:GRD,1983-12-31,4.248595505617982
WDI:BM.GSR.INSF.ZS:GRD,1984-12-31,3.2527206771463217
WDI:BM.GSR.INSF.ZS:GRD,1985-12-31,3.444639718804929
WDI:BM.GSR.INSF.ZS:GRD,1986-12-31,8.769322235433993
WDI:BM.GSR.INSF.ZS:GRD,1987-12-31,8.797153024911005
WDI:BM.GSR.INSF.ZS:GRD,1988-12-31,8.529411764705872
WDI:BM.GSR.INSF.ZS:GRD,1989-12-31,8.448060075093894
WDI:BM.GSR.INSF.ZS:GRD,1990-12-31,7.3192942515651715
WDI:BM.GSR.INSF.ZS:GRD,1991-12-31,9.003150086373344
WDI:BM.GSR.INSF.ZS:GRD,1992-12-31,9.528784870964364
WDI:BM.GSR.INSF.ZS:GRD,1993-12-31,10.753461607624553
WDI:BM.GSR.INSF.ZS:GRD,1994-12-31,9.270887842316412
WDI:BM.GSR.INSF.ZS:GRD,1995-12-31,7.843321435280856
WDI:BM.GSR.INSF.ZS:GRD,1996-12-31,7.522018567007866
WDI:BM.GSR.INSF.ZS:GRD,1997-12-31,9.416522241478908
WDI:BM.GSR.INSF.ZS:GRD,1998-12-31,8.974291294937444
WDI:BM.GSR.INSF.ZS:GRD,1999-12-31,8.049675928024284
WDI:BM.GSR.INSF.ZS:GRD,2000-12-31,10.148269031469063
WDI:BM.GSR.INSF.ZS:GRD,2001-12-31,11.792450415478497
WDI:BM.GSR.INSF.ZS:GRD,2002-12-31,10.331290639009993
WDI:BM.GSR.INSF.ZS:GRD,2003-12-31,12.062282460730906
WDI:BM.GSR.INSF.ZS:GRD,2004-12-31,10.642237953364292
WDI:BM.GSR.INSF.ZS:GRD,2005-12-31,12.018491290876531
WDI:BM.GSR.INSF.ZS:GRD,2006-12-31,11.715792459613649
WDI:BM.GSR.INSF.ZS:GRD,2007-12-31,11.870347669894752
WDI:BM.GSR.INSF.ZS:GRD,2008-12-31,10.530519959730839
WDI:BM.GSR.INSF.ZS:GRD,2009-12-31,10.220284159439995
WDI:BM.GSR.INSF.ZS:GRD,2010-12-31,9.87882995932677
WDI:BM.GSR.INSF.ZS:GRD,2011-12-31,9.581814764331906
WDI:BM.GSR.INSF.ZS:GRD,2012-12-31,9.103493190981624
WDI:BM.GSR.INSF.ZS:GRD,2013-12-31,9.516035599419117
WDI:BM.GSR.INSF.ZS:GRD,2014-12-31,8.452059035756722
WDI:BM.GSR.INSF.ZS:GRD,2015-12-31,7.367160183916349
WDI:BM.GSR.INSF.ZS:GRD,2016-12-31,8.02352038650358
WDI:BM.GSR.INSF.ZS:GRD,2017-12-31,8.916014294660856
WDI:BM.GSR.INSF.ZS:GRD,2018-12-31,9.512363452061262
WDI:BM.GSR.INSF.ZS:GRD,2019-12-31,9.32981528269608
WDI:BM.GSR.INSF.ZS:GRD,2020-12-31,9.896480227800266
WDI:BM.GSR.INSF.ZS:GRD,2021-12-31,11.083368477527653
WDI:BM.GSR.INSF.ZS:GRD,2022-12-31,9.093548354675884
WDI:BM.GSR.INSF.ZS:GRD,2023-12-31,7.32396265592581
WDI:BM.GSR.INSF.ZS:GRD,2024-12-31,8.87794547885837
WDI:BM.GSR.INSF.ZS:GRD,2025-12-31,8.96558923951312
WDI:BM.GSR.INSF.ZS:GTM,1977-12-31,5.036818851251841
WDI:BM.GSR.INSF.ZS:GTM,1978-12-31,2.7700831024930745
WDI:BM.GSR.INSF.ZS:GTM,1979-12-31,3.6543983294179063
WDI:BM.GSR.INSF.ZS:GTM,1980-12-31,3.3442757488715635
WDI:BM.GSR.INSF.ZS:GTM,1981-12-31,3.8818913896345237
WDI:BM.GSR.INSF.ZS:GTM,1982-12-31,4.884469143024276
WDI:BM.GSR.INSF.ZS:GTM,1983-12-31,6.594259115593483
WDI:BM.GSR.INSF.ZS:GTM,1984-12-31,10.631364562118126
WDI:BM.GSR.INSF.ZS:GTM,1985-12-31,6.5
WDI:BM.GSR.INSF.ZS:GTM,1986-12-31,5.64373897707231
WDI:BM.GSR.INSF.ZS:GTM,1987-12-31,3.7379576107899806
WDI:BM.GSR.INSF.ZS:GTM,1988-12-31,4.498269896193772
WDI:BM.GSR.INSF.ZS:GTM,1989-12-31,4.855399310161847
WDI:BM.GSR.INSF.ZS:GTM,1990-12-31,3.2577534532186605
WDI:BM.GSR.INSF.ZS:GTM,1991-12-31,4.068462401795736
WDI:BM.GSR.INSF.ZS:GTM,1992-12-31,3.636017513801637
WDI:BM.GSR.INSF.ZS:GTM,1993-12-31,4.6408462719672405
WDI:BM.GSR.INSF.ZS:GTM,1994-12-31,4.837959373546286
WDI:BM.GSR.INSF.ZS:GTM,1995-12-31,8.37410071942446
WDI:BM.GSR.INSF.ZS:GTM,1996-12-31,7.5628978478326765
WDI:BM.GSR.INSF.ZS:GTM,1997-12-31,6.54880860876249
WDI:BM.GSR.INSF.ZS:GTM,1998-12-31,5.077039656478909
WDI:BM.GSR.INSF.ZS:GTM,1999-12-31,4.059693942076641
WDI:BM.GSR.INSF.ZS:GTM,2000-12-31,7.809847198641766
WDI:BM.GSR.INSF.ZS:GTM,2001-12-31,9.776020869884197
WDI:BM.GSR.INSF.ZS:GTM,2002-12-31,10.915803595543004
WDI:BM.GSR.INSF.ZS:GTM,2003-12-31,12.61642740038711
WDI:BM.GSR.INSF.ZS:GTM,2004-12-31,13.092315703340029
WDI:BM.GSR.INSF.ZS:GTM,2005-12-31,9.009381898454746
WDI:BM.GSR.INSF.ZS:GTM,2006-12-31,10.78497525865947
WDI:BM.GSR.INSF.ZS:GTM,2007-12-31,10.2880658436214
WDI:BM.GSR.INSF.ZS:GTM,2008-12-31,10.371731016681977
WDI:BM.GSR.INSF.ZS:GTM,2009-12-31,9.965107649719773
WDI:BM.GSR.INSF.ZS:GTM,2010-12-31,10.297671111212502
WDI:BM.GSR.INSF.ZS:GTM,2011-12-31,11.94061693422674
WDI:BM.GSR.INSF.ZS:GTM,2012-12-31,14.518837334812309
WDI:BM.GSR.INSF.ZS:GTM,2013-12-31,13.83498400693736
WDI:BM.GSR.INSF.ZS:GTM,2014-12-31,14.333142806130232
WDI:BM.GSR.INSF.ZS:GTM,2015-12-31,13.23774328624327
WDI:BM.GSR.INSF.ZS:GTM,2016-12-31,12.953049019577497
WDI:BM.GSR.INSF.ZS:GTM,2017-12-31,14.646650045270015
WDI:BM.GSR.INSF.ZS:GTM,2018-12-31,14.394839025641854
WDI:BM.GSR.INSF.ZS:GTM,2019-12-31,13.57870539884403
WDI:BM.GSR.INSF.ZS:GTM,2020-12-31,16.465538270464787
WDI:BM.GSR.INSF.ZS:GTM,2021-12-31,13.081785408758915
WDI:BM.GSR.INSF.ZS:GTM,2022-12-31,11.264602985330765
WDI:BM.GSR.INSF.ZS:GTM,2023-12-31,11.6794565824052
WDI:BM.GSR.INSF.ZS:GTM,2024-12-31,10.6515621279536
WDI:BM.GSR.INSF.ZS:GUY,1977-12-31,10.78114912846998
WDI:BM.GSR.INSF.ZS:GUY,1978-12-31,10.90078328981725
WDI:BM.GSR.INSF.ZS:GUY,1979-12-31,10.824175824175827
WDI:BM.GSR.INSF.ZS:GUY,1980-12-31,11.837778589696754
WDI:BM.GSR.INSF.ZS:GUY,1981-12-31,13.484358144552322
WDI:BM.GSR.INSF.ZS:GUY,1982-12-31,10.762173606210347
WDI:BM.GSR.INSF.ZS:GUY,1983-12-31,10.427989130434732
WDI:BM.GSR.INSF.ZS:GUY,1984-12-31,7.5625823451910446
WDI:BM.GSR.INSF.ZS:GUY,1985-12-31,6.534026678724876
WDI:BM.GSR.INSF.ZS:GUY,1992-12-31,3.168359319124589
WDI:BM.GSR.INSF.ZS:GUY,1993-12-31,3.2680621201890614
WDI:BM.GSR.INSF.ZS:GUY,1994-12-31,3.1329645055013366
WDI:BM.GSR.INSF.ZS:GUY,1995-12-31,3.1251818657975905
WDI:BM.GSR.INSF.ZS:GUY,1996-12-31,6.631989596879063
WDI:BM.GSR.INSF.ZS:GUY,1997-12-31,11.818181818181818
WDI:BM.GSR.INSF.ZS:GUY,1998-12-31,5.23289246693502
WDI:BM.GSR.INSF.ZS:GUY,1999-12-31,10.106681639528354
WDI:BM.GSR.INSF.ZS:GUY,2000-12-31,9.316770186335404
WDI:BM.GSR.INSF.ZS:GUY,2001-12-31,10.654885654885655
WDI:BM.GSR.INSF.ZS:GUY,2002-12-31,12.002042900919307
WDI:BM.GSR.INSF.ZS:GUY,2003-12-31,15.398024404416036
WDI:BM.GSR.INSF.ZS:GUY,2004-12-31,9.50440295200108
WDI:BM.GSR.INSF.ZS:GUY,2005-12-31,10.31255755608763
WDI:BM.GSR.INSF.ZS:GUY,2006-12-31,8.863281679753236
WDI:BM.GSR.INSF.ZS:GUY,2007-12-31,8.380451972011345
WDI:BM.GSR.INSF.ZS:GUY,2008-12-31,10.620459433973322
WDI:BM.GSR.INSF.ZS:GUY,2009-12-31,8.329026107111641
WDI:BM.GSR.INSF.ZS:GUY,2010-12-31,9.017305271073722
WDI:BM.GSR.INSF.ZS:GUY,2011-12-31,8.99938383765334
WDI:BM.GSR.INSF.ZS:GUY,2012-12-31,9.869264189211881
WDI:BM.GSR.INSF.ZS:GUY,2013-12-31,11.295188057882786
WDI:BM.GSR.INSF.ZS:GUY,2014-12-31,12.585116964624598
WDI:BM.GSR.INSF.ZS:GUY,2015-12-31,11.8806557770076
WDI:BM.GSR.INSF.ZS:GUY,2016-12-31,14.931486117129793
WDI:BM.GSR.INSF.ZS:GUY,2017-12-31,8.972038391917462
WDI:BM.GSR.INSF.ZS:GUY,2018-12-31,6.059835694702569
WDI:BM.GSR.INSF.ZS:GUY,2019-12-31,5.357018451903763
WDI:BM.GSR.INSF.ZS:GUY,2020-12-31,2.178091118194072
WDI:BM.GSR.INSF.ZS:GUY,2021-12-31,3.40980640714871
WDI:BM.GSR.INSF.ZS:GUY,2022-12-31,1.1148849917220782
WDI:BM.GSR.INSF.ZS:GUY,2023-12-31,1.16463319355054
WDI:BM.GSR.INSF.ZS:HIC,1982-12-31,3.677014601059664
WDI:BM.GSR.INSF.ZS:HIC,1983-12-31,3.5910696940461437
WDI:BM.GSR.INSF.ZS:HIC,1984-12-31,3.823839386744656
WDI:BM.GSR.INSF.ZS:HIC,1985-12-31,4.295308420111562
WDI:BM.GSR.INSF.ZS:HIC,1986-12-31,4.357753573187482
WDI:BM.GSR.INSF.ZS:HIC,1987-12-31,4.658045142888082
WDI:BM.GSR.INSF.ZS:HIC,1988-12-31,4.768325486781952
WDI:BM.GSR.INSF.ZS:HIC,1989-12-31,4.624596007031593
WDI:BM.GSR.INSF.ZS:HIC,1990-12-31,5.273209902596671
WDI:BM.GSR.INSF.ZS:HIC,1991-12-31,5.743172670236375
WDI:BM.GSR.INSF.ZS:HIC,1992-12-31,7.216083727933798
WDI:BM.GSR.INSF.ZS:HIC,1993-12-31,6.503398381506447
WDI:BM.GSR.INSF.ZS:HIC,1994-12-31,4.680187621052171
WDI:BM.GSR.INSF.ZS:HIC,1995-12-31,4.861977149885438
WDI:BM.GSR.INSF.ZS:HIC,1996-12-31,4.7246073349562225
WDI:BM.GSR.INSF.ZS:HIC,1997-12-31,4.8742255133727825
WDI:BM.GSR.INSF.ZS:HIC,1998-12-31,4.900278624566039
WDI:BM.GSR.INSF.ZS:HIC,1999-12-31,6.4048914578136555
WDI:BM.GSR.INSF.ZS:HIC,2000-12-31,6.4399695218042305
WDI:BM.GSR.INSF.ZS:HIC,2001-12-31,6.996288301850817
WDI:BM.GSR.INSF.ZS:HIC,2002-12-31,7.692806380983204
WDI:BM.GSR.INSF.ZS:HIC,2003-12-31,7.847255644180154
WDI:BM.GSR.INSF.ZS:HIC,2004-12-31,8.247261152976375
WDI:BM.GSR.INSF.ZS:HIC,2005-12-31,8.265281178075325
WDI:BM.GSR.INSF.ZS:HIC,2006-12-31,9.481605703882432
WDI:BM.GSR.INSF.ZS:HIC,2007-12-31,9.645345712403646
WDI:BM.GSR.INSF.ZS:HIC,2008-12-31,9.2624845946176
WDI:BM.GSR.INSF.ZS:HIC,2009-12-31,9.926494882003992
WDI:BM.GSR.INSF.ZS:HIC,2010-12-31,9.855267398878226
WDI:BM.GSR.INSF.ZS:HIC,2011-12-31,9.496958096688092
WDI:BM.GSR.INSF.ZS:HIC,2012-12-31,9.244925662987928
WDI:BM.GSR.INSF.ZS:HIC,2013-12-31,9.204138470065347
WDI:BM.GSR.INSF.ZS:HIC,2014-12-31,9.131388981591135
WDI:BM.GSR.INSF.ZS:HIC,2015-12-31,9.187457509103096
WDI:BM.GSR.INSF.ZS:HIC,2016-12-31,9.340249674354222
WDI:BM.GSR.INSF.ZS:HIC,2017-12-31,9.056359095149244
WDI:BM.GSR.INSF.ZS:HIC,2018-12-31,8.88893743656888
WDI:BM.GSR.INSF.ZS:HIC,2019-12-31,8.69333897156915
WDI:BM.GSR.INSF.ZS:HIC,2020-12-31,10.87241541850873
WDI:BM.GSR.INSF.ZS:HIC,2021-12-31,11.13779265308758
WDI:BM.GSR.INSF.ZS:HIC,2022-12-31,9.603019673424852
WDI:BM.GSR.INSF.ZS:HIC,2023-12-31,9.5716892043681
WDI:BM.GSR.INSF.ZS:HIC,2024-12-31,9.88516099795874
WDI:BM.GSR.INSF.ZS:HIC,2025-12-31,10.5579033177146
WDI:BM.GSR.INSF.ZS:HKG,1998-12-31,4.132540438826098
WDI:BM.GSR.INSF.ZS:HKG,1999-12-31,4.222730795956143
WDI:BM.GSR.INSF.ZS:HKG,2000-12-31,3.4712924788530537
WDI:BM.GSR.INSF.ZS:HKG,2001-12-31,3.632494518622546
WDI:BM.GSR.INSF.ZS:HKG,2002-12-31,4.145801467660131
WDI:BM.GSR.INSF.ZS:HKG,2003-12-31,3.7733837554999967
WDI:BM.GSR.INSF.ZS:HKG,2004-12-31,3.8781787958587235
WDI:BM.GSR.INSF.ZS:HKG,2005-12-31,3.778753547299142
WDI:BM.GSR.INSF.ZS:HKG,2006-12-31,4.480188661407564
WDI:BM.GSR.INSF.ZS:HKG,2007-12-31,5.485085247530889
WDI:BM.GSR.INSF.ZS:HKG,2008-12-31,5.4175357919104865
WDI:BM.GSR.INSF.ZS:HKG,2009-12-31,6.454861966317049
WDI:BM.GSR.INSF.ZS:HKG,2010-12-31,6.726843534674673
WDI:BM.GSR.INSF.ZS:HKG,2011-12-31,6.832538037189358
WDI:BM.GSR.INSF.ZS:HKG,2012-12-31,6.72933236464172
WDI:BM.GSR.INSF.ZS:HKG,2013-12-31,7.390228308268479
WDI:BM.GSR.INSF.ZS:HKG,2014-12-31,7.947120580845366
WDI:BM.GSR.INSF.ZS:HKG,2015-12-31,8.453873716464697
WDI:BM.GSR.INSF.ZS:HKG,2016-12-31,8.240444287351936
WDI:BM.GSR.INSF.ZS:HKG,2017-12-31,8.838754749263746
WDI:BM.GSR.INSF.ZS:HKG,2018-12-31,9.44180727338834
WDI:BM.GSR.INSF.ZS:HKG,2019-12-31,9.856952228568975
WDI:BM.GSR.INSF.ZS:HKG,2020-12-31,16.12962760974015
WDI:BM.GSR.INSF.ZS:HKG,2021-12-31,14.992052166170627
WDI:BM.GSR.INSF.ZS:HKG,2022-12-31,14.870543550930327
WDI:BM.GSR.INSF.ZS:HKG,2023-12-31,12.4021672362918
WDI:BM.GSR.INSF.ZS:HKG,2024-12-31,11.8772210778124
WDI:BM.GSR.INSF.ZS:HND,1974-12-31,10.029282576866771
WDI:BM.GSR.INSF.ZS:HND,1975-12-31,10.440677966101696
WDI:BM.GSR.INSF.ZS:HND,1976-12-31,11.503347534996957
WDI:BM.GSR.INSF.ZS:HND,1977-12-31,11.81214421252372
WDI:BM.GSR.INSF.ZS:HND,1978-12-31,12.103980503655565
WDI:BM.GSR.INSF.ZS:HND,1979-12-31,11.774628879892038
WDI:BM.GSR.INSF.ZS:HND,1980-12-31,12.331129634952573
WDI:BM.GSR.INSF.ZS:HND,1981-12-31,13.962725328444852
WDI:BM.GSR.INSF.ZS:HND,1982-12-31,14.62738301559792
WDI:BM.GSR.INSF.ZS:HND,1983-12-31,13.703820650457846
WDI:BM.GSR.INSF.ZS:HND,1984-12-31,16.57111657111657
WDI:BM.GSR.INSF.ZS:HND,1985-12-31,13.312852022529443
WDI:BM.GSR.INSF.ZS:HND,1986-12-31,12.990936555891238
WDI:BM.GSR.INSF.ZS:HND,1987-12-31,14.770537963740551
WDI:BM.GSR.INSF.ZS:HND,1988-12-31,14.344827586206895
WDI:BM.GSR.INSF.ZS:HND,1989-12-31,15.271149674620391
WDI:BM.GSR.INSF.ZS:HND,1990-12-31,14.513193812556871
WDI:BM.GSR.INSF.ZS:HND,1991-12-31,14.15968239964711
WDI:BM.GSR.INSF.ZS:HND,1992-12-31,14.555921052631579
WDI:BM.GSR.INSF.ZS:HND,1993-12-31,4.038004750593824
WDI:BM.GSR.INSF.ZS:HND,1994-12-31,2.4115755627009645
WDI:BM.GSR.INSF.ZS:HND,1995-12-31,2.39736290080911
WDI:BM.GSR.INSF.ZS:HND,1996-12-31,1.881638846737481
WDI:BM.GSR.INSF.ZS:HND,1997-12-31,1.9018743109151046
WDI:BM.GSR.INSF.ZS:HND,1998-12-31,0.738585496866607
WDI:BM.GSR.INSF.ZS:HND,1999-12-31,0.696656050955414
WDI:BM.GSR.INSF.ZS:HND,2000-12-31,1.6502389180565946
WDI:BM.GSR.INSF.ZS:HND,2001-12-31,1.6117643066577683
WDI:BM.GSR.INSF.ZS:HND,2002-12-31,1.7311684670239678
WDI:BM.GSR.INSF.ZS:HND,2003-12-31,3.9355924121219057
WDI:BM.GSR.INSF.ZS:HND,2004-12-31,2.8574077705520957
WDI:BM.GSR.INSF.ZS:HND,2005-12-31,2.2909808292712626
WDI:BM.GSR.INSF.ZS:HND,2006-12-31,2.300340499106257
WDI:BM.GSR.INSF.ZS:HND,2007-12-31,8.17548663381283
WDI:BM.GSR.INSF.ZS:HND,2008-12-31,6.7580490167317455
WDI:BM.GSR.INSF.ZS:HND,2009-12-31,6.258434158544465
WDI:BM.GSR.INSF.ZS:HND,2010-12-31,9.235440590083249
WDI:BM.GSR.INSF.ZS:HND,2011-12-31,7.15892294369261
WDI:BM.GSR.INSF.ZS:HND,2012-12-31,5.013955142546203
WDI:BM.GSR.INSF.ZS:HND,2013-12-31,7.082673502766604
WDI:BM.GSR.INSF.ZS:HND,2014-12-31,4.722277319894151
WDI:BM.GSR.INSF.ZS:HND,2015-12-31,6.504990607425247
WDI:BM.GSR.INSF.ZS:HND,2016-12-31,7.1898946824374645
WDI:BM.GSR.INSF.ZS:HND,2017-12-31,7.666255710916949
WDI:BM.GSR.INSF.ZS:HND,2018-12-31,7.0183210607145945
WDI:BM.GSR.INSF.ZS:HND,2019-12-31,7.175833587862279
WDI:BM.GSR.INSF.ZS:HND,2020-12-31,10.31360559738815
WDI:BM.GSR.INSF.ZS:HND,2021-12-31,6.831719093052656
WDI:BM.GSR.INSF.ZS:HND,2022-12-31,5.280226331121342
WDI:BM.GSR.INSF.ZS:HND,2023-12-31,6.16011007230032
WDI:BM.GSR.INSF.ZS:HND,2024-12-31,8.57720616510991
WDI:BM.GSR.INSF.ZS:HND,2025-12-31,8.30559254876389
WDI:BM.GSR.INSF.ZS:HPC,1978-12-31,5.202951676806752
WDI:BM.GSR.INSF.ZS:HPC,1979-12-31,6.0081575119576796
WDI:BM.GSR.INSF.ZS:HPC,1980-12-31,5.68591819801332
WDI:BM.GSR.INSF.ZS:HPC,1981-12-31,5.3226748575145875
WDI:BM.GSR.INSF.ZS:HPC,1982-12-31,5.568334557454255
WDI:BM.GSR.INSF.ZS:HPC,1983-12-31,5.343908706152852
WDI:BM.GSR.INSF.ZS:HPC,1984-12-31,5.753101796332271
WDI:BM.GSR.INSF.ZS:HPC,1985-12-31,5.4235005487274135
WDI:BM.GSR.INSF.ZS:HPC,1986-12-31,5.951065371446178
WDI:BM.GSR.INSF.ZS:HPC,1987-12-31,5.584504655200721
WDI:BM.GSR.INSF.ZS:HPC,1988-12-31,5.2160012815406365
WDI:BM.GSR.INSF.ZS:HPC,1989-12-31,5.227981336719638
WDI:BM.GSR.INSF.ZS:HPC,1990-12-31,5.35126739187553
WDI:BM.GSR.INSF.ZS:HPC,1991-12-31,4.559062807532057
WDI:BM.GSR.INSF.ZS:HPC,1992-12-31,5.119177074084308
WDI:BM.GSR.INSF.ZS:HPC,1993-12-31,4.316232972451893
WDI:BM.GSR.INSF.ZS:HPC,1994-12-31,4.085709919729113
WDI:BM.GSR.INSF.ZS:HPC,1995-12-31,4.268525697261165
WDI:BM.GSR.INSF.ZS:HPC,1996-12-31,4.462364362850034
WDI:BM.GSR.INSF.ZS:HPC,1997-12-31,4.236268117242262
WDI:BM.GSR.INSF.ZS:HPC,1998-12-31,4.622912765675621
WDI:BM.GSR.INSF.ZS:HPC,1999-12-31,4.282012923031794
WDI:BM.GSR.INSF.ZS:HPC,2000-12-31,4.5044590736244245
WDI:BM.GSR.INSF.ZS:HPC,2001-12-31,5.459092305698533
WDI:BM.GSR.INSF.ZS:HPC,2002-12-31,5.165877229113398
WDI:BM.GSR.INSF.ZS:HPC,2003-12-31,6.733214558321094
WDI:BM.GSR.INSF.ZS:HPC,2004-12-31,5.821736201652351
WDI:BM.GSR.INSF.ZS:HPC,2005-12-31,7.113021672870977
WDI:BM.GSR.INSF.ZS:HPC,2006-12-31,6.230320185024084
WDI:BM.GSR.INSF.ZS:HPC,2007-12-31,6.322510507443567
WDI:BM.GSR.INSF.ZS:HPC,2008-12-31,6.2311634683494175
WDI:BM.GSR.INSF.ZS:HPC,2009-12-31,6.1852185521833905
WDI:BM.GSR.INSF.ZS:HPC,2010-12-31,6.137751588636178
WDI:BM.GSR.INSF.ZS:HPC,2011-12-31,5.818351570371152
WDI:BM.GSR.INSF.ZS:HPC,2012-12-31,6.133601003292435
WDI:BM.GSR.INSF.ZS:HPC,2013-12-31,5.849057268308089
WDI:BM.GSR.INSF.ZS:HPC,2014-12-31,5.811203208697656
WDI:BM.GSR.INSF.ZS:HPC,2015-12-31,5.199355814135625
WDI:BM.GSR.INSF.ZS:HPC,2016-12-31,5.160198639780036
WDI:BM.GSR.INSF.ZS:HPC,2017-12-31,6.158289671371844
WDI:BM.GSR.INSF.ZS:HPC,2018-12-31,5.480143811128643
WDI:BM.GSR.INSF.ZS:HPC,2019-12-31,5.4315743662417315
WDI:BM.GSR.INSF.ZS:HPC,2020-12-31,6.161711005749767
WDI:BM.GSR.INSF.ZS:HPC,2021-12-31,7.119797586635239
WDI:BM.GSR.INSF.ZS:HPC,2022-12-31,6.406009787837053
WDI:BM.GSR.INSF.ZS:HPC,2023-12-31,6.88074951659524
WDI:BM.GSR.INSF.ZS:HPC,2024-12-31,9.28330858360724
WDI:BM.GSR.INSF.ZS:HRV,1993-12-31,3.538126170522605
WDI:BM.GSR.INSF.ZS:HRV,1994-12-31,3.614215397414511
WDI:BM.GSR.INSF.ZS:HRV,1995-12-31,3.2251567424395953
WDI:BM.GSR.INSF.ZS:HRV,1996-12-31,4.081446701075757
WDI:BM.GSR.INSF.ZS:HRV,1997-12-31,3.8213127574020107
WDI:BM.GSR.INSF.ZS:HRV,1998-12-31,5.665377949169356
WDI:BM.GSR.INSF.ZS:HRV,1999-12-31,4.231001152962789
WDI:BM.GSR.INSF.ZS:HRV,2000-12-31,6.7446638754769195
WDI:BM.GSR.INSF.ZS:HRV,2001-12-31,6.685825057843843
WDI:BM.GSR.INSF.ZS:HRV,2002-12-31,7.675601846343209
WDI:BM.GSR.INSF.ZS:HRV,2003-12-31,8.037614513537747
WDI:BM.GSR.INSF.ZS:HRV,2004-12-31,5.572942353410586
WDI:BM.GSR.INSF.ZS:HRV,2005-12-31,6.582743526821315
WDI:BM.GSR.INSF.ZS:HRV,2006-12-31,8.317772821919608
WDI:BM.GSR.INSF.ZS:HRV,2007-12-31,6.906368829449397
WDI:BM.GSR.INSF.ZS:HRV,2008-12-31,6.3614835560018665
WDI:BM.GSR.INSF.ZS:HRV,2009-12-31,8.649115287153027
WDI:BM.GSR.INSF.ZS:HRV,2010-12-31,8.421134120476877
WDI:BM.GSR.INSF.ZS:HRV,2011-12-31,8.974516751950251
WDI:BM.GSR.INSF.ZS:HRV,2012-12-31,8.268165842006118
WDI:BM.GSR.INSF.ZS:HRV,2013-12-31,8.398041603818717
WDI:BM.GSR.INSF.ZS:HRV,2014-12-31,9.35434995424968
WDI:BM.GSR.INSF.ZS:HRV,2015-12-31,9.577871263370662
WDI:BM.GSR.INSF.ZS:HRV,2016-12-31,11.698015410188617
WDI:BM.GSR.INSF.ZS:HRV,2017-12-31,9.46226172254936
WDI:BM.GSR.INSF.ZS:HRV,2018-12-31,8.843421533343756
WDI:BM.GSR.INSF.ZS:HRV,2019-12-31,9.518693306660337
WDI:BM.GSR.INSF.ZS:HRV,2020-12-31,8.46394615612847
WDI:BM.GSR.INSF.ZS:HRV,2021-12-31,7.824024229102863
WDI:BM.GSR.INSF.ZS:HRV,2022-12-31,5.76699116390012
WDI:BM.GSR.INSF.ZS:HRV,2023-12-31,3.85567842268433
WDI:BM.GSR.INSF.ZS:HRV,2024-12-31,5.23242788726284
WDI:BM.GSR.INSF.ZS:HTI,1971-12-31,4.9678012879484825
WDI:BM.GSR.INSF.ZS:HTI,1972-12-31,4.766187050359719
WDI:BM.GSR.INSF.ZS:HTI,1973-12-31,2.834302325581396
WDI:BM.GSR.INSF.ZS:HTI,1974-12-31,3.103044496487118
WDI:BM.GSR.INSF.ZS:HTI,1975-12-31,3.751339764201501
WDI:BM.GSR.INSF.ZS:HTI,1976-12-31,3.675634710117469
WDI:BM.GSR.INSF.ZS:HTI,1977-12-31,3.7705956907477813
WDI:BM.GSR.INSF.ZS:HTI,1978-12-31,2.853768943121433
WDI:BM.GSR.INSF.ZS:HTI,1979-12-31,2.7623285131627733
WDI:BM.GSR.INSF.ZS:HTI,1980-12-31,2.7290689059026922
WDI:BM.GSR.INSF.ZS:HTI,1981-12-31,3.157356512846734
WDI:BM.GSR.INSF.ZS:HTI,1982-12-31,2.6368688660281427
WDI:BM.GSR.INSF.ZS:HTI,1983-12-31,2.9068409992995563
WDI:BM.GSR.INSF.ZS:HTI,1984-12-31,3.1094658910629347
WDI:BM.GSR.INSF.ZS:HTI,1985-12-31,3.126471419154346
WDI:BM.GSR.INSF.ZS:HTI,1986-12-31,5.180921052631579
WDI:BM.GSR.INSF.ZS:HTI,1987-12-31,5.595213100986774
WDI:BM.GSR.INSF.ZS:HTI,1988-12-31,4.961444805194805
WDI:BM.GSR.INSF.ZS:HTI,1989-12-31,5.104850667231519
WDI:BM.GSR.INSF.ZS:HTI,1994-12-31,5.007824726134586
WDI:BM.GSR.INSF.ZS:HTI,1995-12-31,1.4059259779972584
WDI:BM.GSR.INSF.ZS:HTI,2004-12-31,1.3909827904992178
WDI:BM.GSR.INSF.ZS:HTI,2005-12-31,1.0654518066756067
WDI:BM.GSR.INSF.ZS:HTI,2006-12-31,1.06343535122017
WDI:BM.GSR.INSF.ZS:HTI,2007-12-31,1.0349136346931276
WDI:BM.GSR.INSF.ZS:HTI,2008-12-31,0.9221278960407354
WDI:BM.GSR.INSF.ZS:HTI,2009-12-31,0.7911062652561671
WDI:BM.GSR.INSF.ZS:HTI,2010-12-31,0.02457682578017556
WDI:BM.GSR.INSF.ZS:HTI,2011-12-31,0.03867567854535813
WDI:BM.GSR.INSF.ZS:HTI,2012-12-31,0.01881688056979665
WDI:BM.GSR.INSF.ZS:HTI,2013-12-31,0.0012425409916432624
WDI:BM.GSR.INSF.ZS:HTI,2014-12-31,0.5299392043824349
WDI:BM.GSR.INSF.ZS:HTI,2015-12-31,0.40080489070652286
WDI:BM.GSR.INSF.ZS:HTI,2016-12-31,0.7348096649569793
WDI:BM.GSR.INSF.ZS:HTI,2017-12-31,0.6636921446077444
WDI:BM.GSR.INSF.ZS:HTI,2018-12-31,0.7484918725415933
WDI:BM.GSR.INSF.ZS:HTI,2019-12-31,0.8908446602260138
WDI:BM.GSR.INSF.ZS:HTI,2020-12-31,1.0488189330171553
WDI:BM.GSR.INSF.ZS:HTI,2021-12-31,2.206032796641502
WDI:BM.GSR.INSF.ZS:HTI,2022-12-31,0.9138950711876752
WDI:BM.GSR.INSF.ZS:HTI,2023-12-31,1.00492116717624
WDI:BM.GSR.INSF.ZS:HTI,2024-12-31,4.38870309262292
WDI:BM.GSR.INSF.ZS:HUN,1982-12-31,6.698447431489013
WDI:BM.GSR.INSF.ZS:HUN,1983-12-31,6.103406619956499
WDI:BM.GSR.INSF.ZS:HUN,1984-12-31,5.470965309200605
WDI:BM.GSR.INSF.ZS:HUN,1985-12-31,4.5780439342090675
WDI:BM.GSR.INSF.ZS:HUN,1986-12-31,5.469734989901453
WDI:BM.GSR.INSF.ZS:HUN,1987-12-31,5.602081916618718
WDI:BM.GSR.INSF.ZS:HUN,1988-12-31,3.5940960602680505
WDI:BM.GSR.INSF.ZS:HUN,1989-12-31,2.756374255868813
WDI:BM.GSR.INSF.ZS:HUN,1990-12-31,0.9240798953265665
WDI:BM.GSR.INSF.ZS:HUN,1991-12-31,0.7168275991405147
WDI:BM.GSR.INSF.ZS:HUN,1992-12-31,0.5098259508657543
WDI:BM.GSR.INSF.ZS:HUN,1993-12-31,0.6841646862864865
WDI:BM.GSR.INSF.ZS:HUN,1994-12-31,0.7876067974612282
WDI:BM.GSR.INSF.ZS:HUN,1995-12-31,4.93006280365152
WDI:BM.GSR.INSF.ZS:HUN,1996-12-31,5.980833775735395
WDI:BM.GSR.INSF.ZS:HUN,1997-12-31,8.227069935177138
WDI:BM.GSR.INSF.ZS:HUN,1998-12-31,8.68911666132504
WDI:BM.GSR.INSF.ZS:HUN,1999-12-31,7.148282762603228
WDI:BM.GSR.INSF.ZS:HUN,2000-12-31,6.766560978519415
WDI:BM.GSR.INSF.ZS:HUN,2001-12-31,6.163318120991269
WDI:BM.GSR.INSF.ZS:HUN,2002-12-31,4.6839728138167755
WDI:BM.GSR.INSF.ZS:HUN,2003-12-31,5.658844141721433
WDI:BM.GSR.INSF.ZS:HUN,2004-12-31,6.3324426504960565
WDI:BM.GSR.INSF.ZS:HUN,2005-12-31,4.111915108835747
WDI:BM.GSR.INSF.ZS:HUN,2006-12-31,4.254480028341199
WDI:BM.GSR.INSF.ZS:HUN,2007-12-31,3.9761533249038963
WDI:BM.GSR.INSF.ZS:HUN,2008-12-31,4.376635453540739
WDI:BM.GSR.INSF.ZS:HUN,2009-12-31,4.707320185441961
WDI:BM.GSR.INSF.ZS:HUN,2010-12-31,3.939050684979835
WDI:BM.GSR.INSF.ZS:HUN,2011-12-31,3.5332026473514593
WDI:BM.GSR.INSF.ZS:HUN,2012-12-31,2.800782383119779
WDI:BM.GSR.INSF.ZS:HUN,2013-12-31,2.6035444948656274
WDI:BM.GSR.INSF.ZS:HUN,2014-12-31,3.0879830524891845
WDI:BM.GSR.INSF.ZS:HUN,2015-12-31,3.5192514190845583
WDI:BM.GSR.INSF.ZS:HUN,2016-12-31,4.1701398829287015
WDI:BM.GSR.INSF.ZS:HUN,2017-12-31,3.784785051245812
WDI:BM.GSR.INSF.ZS:HUN,2018-12-31,3.653787589942125
WDI:BM.GSR.INSF.ZS:HUN,2019-12-31,3.1363290781538917
WDI:BM.GSR.INSF.ZS:HUN,2020-12-31,4.25878059531335
WDI:BM.GSR.INSF.ZS:HUN,2021-12-31,4.5957050108081035
WDI:BM.GSR.INSF.ZS:HUN,2022-12-31,3.6632620649340337
WDI:BM.GSR.INSF.ZS:HUN,2023-12-31,4.53306086551452
WDI:BM.GSR.INSF.ZS:HUN,2024-12-31,3.88766633126394
WDI:BM.GSR.INSF.ZS:HUN,2025-12-31,4.55600498024571
WDI:BM.GSR.INSF.ZS:IBD,1982-12-31,5.740748030839352
WDI:BM.GSR.INSF.ZS:IBD,1983-12-31,5.960738452248816
WDI:BM.GSR.INSF.ZS:IBD,1984-12-31,6.040590714599683
WDI:BM.GSR.INSF.ZS:IBD,1985-12-31,5.690663659199136
WDI:BM.GSR.INSF.ZS:IBD,1986-12-31,5.949239672291227
WDI:BM.GSR.INSF.ZS:IBD,1987-12-31,6.337839100698386
WDI:BM.GSR.INSF.ZS:IBD,1988-12-31,5.889259298172342
WDI:BM.GSR.INSF.ZS:IBD,1989-12-31,5.435846542240374
WDI:BM.GSR.INSF.ZS:IBD,1990-12-31,5.324054957764821
WDI:BM.GSR.INSF.ZS:IBD,1991-12-31,5.324297413060596
WDI:BM.GSR.INSF.ZS:IBD,1992-12-31,4.91775717202969
WDI:BM.GSR.INSF.ZS:IBD,1993-12-31,5.629024975195071
WDI:BM.GSR.INSF.ZS:IBD,1994-12-31,5.9664466613880185
WDI:BM.GSR.INSF.ZS:IBD,1995-12-31,7.491486491878623
WDI:BM.GSR.INSF.ZS:IBD,1996-12-31,6.159877834388342
WDI:BM.GSR.INSF.ZS:IBD,1997-12-31,7.281909392497724
WDI:BM.GSR.INSF.ZS:IBD,1998-12-31,6.184051916539203
WDI:BM.GSR.INSF.ZS:IBD,1999-12-31,5.965244684151716
WDI:BM.GSR.INSF.ZS:IBD,2000-12-31,6.581690002816159
WDI:BM.GSR.INSF.ZS:IBD,2001-12-31,6.9187255134301
WDI:BM.GSR.INSF.ZS:IBD,2002-12-31,7.15761236239242
WDI:BM.GSR.INSF.ZS:IBD,2003-12-31,7.257038153122615
WDI:BM.GSR.INSF.ZS:IBD,2004-12-31,7.0839270562671635
WDI:BM.GSR.INSF.ZS:IBD,2005-12-31,7.05668538275843
WDI:BM.GSR.INSF.ZS:IBD,2006-12-31,7.413828847192405
WDI:BM.GSR.INSF.ZS:IBD,2007-12-31,7.493932831417841
WDI:BM.GSR.INSF.ZS:IBD,2008-12-31,7.385895939533257
WDI:BM.GSR.INSF.ZS:IBD,2009-12-31,7.744402011999968
WDI:BM.GSR.INSF.ZS:IBD,2010-12-31,8.145451970460824
WDI:BM.GSR.INSF.ZS:IBD,2011-12-31,7.982050709458065
WDI:BM.GSR.INSF.ZS:IBD,2012-12-31,7.45842871949561
WDI:BM.GSR.INSF.ZS:IBD,2013-12-31,7.454281023508148
WDI:BM.GSR.INSF.ZS:IBD,2014-12-31,6.675071069717654
WDI:BM.GSR.INSF.ZS:IBD,2015-12-31,5.560972681407907
WDI:BM.GSR.INSF.ZS:IBD,2016-12-31,5.7491846188761535
WDI:BM.GSR.INSF.ZS:IBD,2017-12-31,5.534628890083492
WDI:BM.GSR.INSF.ZS:IBD,2018-12-31,5.145183890540674
WDI:BM.GSR.INSF.ZS:IBD,2019-12-31,5.298647111453547
WDI:BM.GSR.INSF.ZS:IBD,2020-12-31,7.098640654140202
WDI:BM.GSR.INSF.ZS:IBD,2021-12-31,7.084676963600553
WDI:BM.GSR.INSF.ZS:IBD,2022-12-31,6.450479240597482
WDI:BM.GSR.INSF.ZS:IBD,2023-12-31,6.10798837314839
WDI:BM.GSR.INSF.ZS:IBD,2024-12-31,5.66176313947055
WDI:BM.GSR.INSF.ZS:IBD,2025-12-31,4.98024601644125
WDI:BM.GSR.INSF.ZS:IBT,1982-12-31,5.5235495758116215
WDI:BM.GSR.INSF.ZS:IBT,1983-12-31,5.711120578526987
WDI:BM.GSR.INSF.ZS:IBT,1984-12-31,5.8023184383119375
WDI:BM.GSR.INSF.ZS:IBT,1985-12-31,5.492157497912545
WDI:BM.GSR.INSF.ZS:IBT,1986-12-31,5.7706639919391804
WDI:BM.GSR.INSF.ZS:IBT,1987-12-31,6.055082428264546
WDI:BM.GSR.INSF.ZS:IBT,1988-12-31,5.688838587608573
WDI:BM.GSR.INSF.ZS:IBT,1989-12-31,5.269070976349218
WDI:BM.GSR.INSF.ZS:IBT,1990-12-31,5.15612390569833
WDI:BM.GSR.INSF.ZS:IBT,1991-12-31,5.13272758802516
WDI:BM.GSR.INSF.ZS:IBT,1992-12-31,4.836372269673257
WDI:BM.GSR.INSF.ZS:IBT,1993-12-31,5.428526366219905
WDI:BM.GSR.INSF.ZS:IBT,1994-12-31,5.762485731601965
WDI:BM.GSR.INSF.ZS:IBT,1995-12-31,7.18673539106329
WDI:BM.GSR.INSF.ZS:IBT,1996-12-31,6.027345538307985
WDI:BM.GSR.INSF.ZS:IBT,1997-12-31,7.107631935503376
WDI:BM.GSR.INSF.ZS:IBT,1998-12-31,6.105333883803985
WDI:BM.GSR.INSF.ZS:IBT,1999-12-31,5.864005845611802
WDI:BM.GSR.INSF.ZS:IBT,2000-12-31,6.425797103242682
WDI:BM.GSR.INSF.ZS:IBT,2001-12-31,6.870466365162124
WDI:BM.GSR.INSF.ZS:IBT,2002-12-31,6.976634344684711
WDI:BM.GSR.INSF.ZS:IBT,2003-12-31,7.166745775558257
WDI:BM.GSR.INSF.ZS:IBT,2004-12-31,6.980977791794638
WDI:BM.GSR.INSF.ZS:IBT,2005-12-31,6.89984214766426
WDI:BM.GSR.INSF.ZS:IBT,2006-12-31,7.188465121206721
WDI:BM.GSR.INSF.ZS:IBT,2007-12-31,7.225136087035926
WDI:BM.GSR.INSF.ZS:IBT,2008-12-31,7.1746481467663346
WDI:BM.GSR.INSF.ZS:IBT,2009-12-31,7.451534987039136
WDI:BM.GSR.INSF.ZS:IBT,2010-12-31,7.815819064327236
WDI:BM.GSR.INSF.ZS:IBT,2011-12-31,7.692814337563331
WDI:BM.GSR.INSF.ZS:IBT,2012-12-31,7.291936806003697
WDI:BM.GSR.INSF.ZS:IBT,2013-12-31,7.31046156750127
WDI:BM.GSR.INSF.ZS:IBT,2014-12-31,6.641288680281238
WDI:BM.GSR.INSF.ZS:IBT,2015-12-31,5.586818116973024
WDI:BM.GSR.INSF.ZS:IBT,2016-12-31,5.798329640821681
WDI:BM.GSR.INSF.ZS:IBT,2017-12-31,5.6263760530532245
WDI:BM.GSR.INSF.ZS:IBT,2018-12-31,5.2181729770415055
WDI:BM.GSR.INSF.ZS:IBT,2019-12-31,5.315261711426206
WDI:BM.GSR.INSF.ZS:IBT,2020-12-31,7.045848203260241
WDI:BM.GSR.INSF.ZS:IBT,2021-12-31,7.0732644142777845
WDI:BM.GSR.INSF.ZS:IBT,2022-12-31,6.4397451855813825
WDI:BM.GSR.INSF.ZS:IBT,2023-12-31,6.17884980882851
WDI:BM.GSR.INSF.ZS:IBT,2024-12-31,5.85127931165506
WDI:BM.GSR.INSF.ZS:IBT,2025-12-31,5.18830134923994
WDI:BM.GSR.INSF.ZS:IDA,1977-12-31,4.397392229798001
WDI:BM.GSR.INSF.ZS:IDA,1978-12-31,4.5840918282581
WDI:BM.GSR.INSF.ZS:IDA,1979-12-31,4.655672320169918
WDI:BM.GSR.INSF.ZS:IDA,1980-12-31,4.421964704602454
WDI:BM.GSR.INSF.ZS:IDA,1981-12-31,4.6277821238431684
WDI:BM.GSR.INSF.ZS:IDA,1982-12-31,4.505242321389509
WDI:BM.GSR.INSF.ZS:IDA,1983-12-31,4.568390041290537
WDI:BM.GSR.INSF.ZS:IDA,1984-12-31,4.673930550124717
WDI:BM.GSR.INSF.ZS:IDA,1985-12-31,4.623044888898341
WDI:BM.GSR.INSF.ZS:IDA,1986-12-31,4.9846614145237895
WDI:BM.GSR.INSF.ZS:IDA,1987-12-31,4.81719897276685
WDI:BM.GSR.INSF.ZS:IDA,1988-12-31,4.727791606774518
WDI:BM.GSR.INSF.ZS:IDA,1989-12-31,4.481353037759464
WDI:BM.GSR.INSF.ZS:IDA,1990-12-31,4.323347330388046
WDI:BM.GSR.INSF.ZS:IDA,1991-12-31,4.230413333253781
WDI:BM.GSR.INSF.ZS:IDA,1992-12-31,4.335162696260328
WDI:BM.GSR.INSF.ZS:IDA,1993-12-31,4.0960335508350285
WDI:BM.GSR.INSF.ZS:IDA,1994-12-31,4.135549502327585
WDI:BM.GSR.INSF.ZS:IDA,1995-12-31,4.204269206253442
WDI:BM.GSR.INSF.ZS:IDA,1996-12-31,4.699624620619422
WDI:BM.GSR.INSF.ZS:IDA,1997-12-31,5.068197718109079
WDI:BM.GSR.INSF.ZS:IDA,1998-12-31,5.226746482169571
WDI:BM.GSR.INSF.ZS:IDA,1999-12-31,4.787569862935765
WDI:BM.GSR.INSF.ZS:IDA,2000-12-31,4.578189980868926
WDI:BM.GSR.INSF.ZS:IDA,2001-12-31,6.312843029819354
WDI:BM.GSR.INSF.ZS:IDA,2002-12-31,4.901343532193278
WDI:BM.GSR.INSF.ZS:IDA,2003-12-31,5.98425285097345
WDI:BM.GSR.INSF.ZS:IDA,2004-12-31,5.701946875372309
WDI:BM.GSR.INSF.ZS:IDA,2005-12-31,5.472019775277263
WDI:BM.GSR.INSF.ZS:IDA,2006-12-31,5.358688035589635
WDI:BM.GSR.INSF.ZS:IDA,2007-12-31,4.969822869228413
WDI:BM.GSR.INSF.ZS:IDA,2008-12-31,5.426917039082729
WDI:BM.GSR.INSF.ZS:IDA,2009-12-31,4.930589648776577
WDI:BM.GSR.INSF.ZS:IDA,2010-12-31,4.852387529753551
WDI:BM.GSR.INSF.ZS:IDA,2011-12-31,5.003393879953726
WDI:BM.GSR.INSF.ZS:IDA,2012-12-31,5.6942323860091
WDI:BM.GSR.INSF.ZS:IDA,2013-12-31,5.8436957302404124
WDI:BM.GSR.INSF.ZS:IDA,2014-12-31,6.288249890105633
WDI:BM.GSR.INSF.ZS:IDA,2015-12-31,5.855626482278717
WDI:BM.GSR.INSF.ZS:IDA,2016-12-31,6.346809242923924
WDI:BM.GSR.INSF.ZS:IDA,2017-12-31,6.613216015150769
WDI:BM.GSR.INSF.ZS:IDA,2018-12-31,5.925866856105501
WDI:BM.GSR.INSF.ZS:IDA,2019-12-31,5.464495722658428
WDI:BM.GSR.INSF.ZS:IDA,2020-12-31,6.568586301319457
WDI:BM.GSR.INSF.ZS:IDA,2021-12-31,6.959625571420435
WDI:BM.GSR.INSF.ZS:IDA,2022-12-31,6.330212447271222
WDI:BM.GSR.INSF.ZS:IDA,2023-12-31,6.94029707542049
WDI:BM.GSR.INSF.ZS:IDA,2024-12-31,8.14060374796078
WDI:BM.GSR.INSF.ZS:IDB,1977-12-31,3.4756346887911547
WDI:BM.GSR.INSF.ZS:IDB,1978-12-31,4.510204420036723
WDI:BM.GSR.INSF.ZS:IDB,1979-12-31,3.9477120155228618
WDI:BM.GSR.INSF.ZS:IDB,1980-12-31,3.736238787974107
WDI:BM.GSR.INSF.ZS:IDB,1981-12-31,4.176976489906655
WDI:BM.GSR.INSF.ZS:IDB,1982-12-31,3.929009015049884
WDI:BM.GSR.INSF.ZS:IDB,1983-12-31,4.0799597560953895
WDI:BM.GSR.INSF.ZS:IDB,1984-12-31,4.051796986698242
WDI:BM.GSR.INSF.ZS:IDB,1985-12-31,4.102120697310066
WDI:BM.GSR.INSF.ZS:IDB,1986-12-31,4.541329490937032
WDI:BM.GSR.INSF.ZS:IDB,1987-12-31,4.448843286583473
WDI:BM.GSR.INSF.ZS:IDB,1988-12-31,4.315283593642692
WDI:BM.GSR.INSF.ZS:IDB,1989-12-31,3.8801098071438305
WDI:BM.GSR.INSF.ZS:IDB,1990-12-31,3.7102008813368474
WDI:BM.GSR.INSF.ZS:IDB,1991-12-31,3.8452749433951747
WDI:BM.GSR.INSF.ZS:IDB,1992-12-31,3.7914903794134096
WDI:BM.GSR.INSF.ZS:IDB,1993-12-31,3.893245547013225
WDI:BM.GSR.INSF.ZS:IDB,1994-12-31,4.229925343394355
WDI:BM.GSR.INSF.ZS:IDB,1995-12-31,4.871384931731609
WDI:BM.GSR.INSF.ZS:IDB,1996-12-31,4.438909555571968
WDI:BM.GSR.INSF.ZS:IDB,1997-12-31,5.449871734973967
WDI:BM.GSR.INSF.ZS:IDB,1998-12-31,5.647331720422944
WDI:BM.GSR.INSF.ZS:IDB,1999-12-31,5.033818760210118
WDI:BM.GSR.INSF.ZS:IDB,2000-12-31,4.240282258427627
WDI:BM.GSR.INSF.ZS:IDB,2001-12-31,4.513909942412444
WDI:BM.GSR.INSF.ZS:IDB,2002-12-31,4.47597758883498
WDI:BM.GSR.INSF.ZS:IDB,2005-12-31,4.899907715413642
WDI:BM.GSR.INSF.ZS:IDB,2006-12-31,4.261337300988169
WDI:BM.GSR.INSF.ZS:IDB,2007-12-31,3.924231394491251
WDI:BM.GSR.INSF.ZS:IDB,2008-12-31,5.188042674901573
WDI:BM.GSR.INSF.ZS:IDB,2009-12-31,4.531730595064353
WDI:BM.GSR.INSF.ZS:IDB,2010-12-31,4.256368718243635
WDI:BM.GSR.INSF.ZS:IDB,2011-12-31,4.640083158606598
WDI:BM.GSR.INSF.ZS:IDB,2012-12-31,5.162001618406451
WDI:BM.GSR.INSF.ZS:IDB,2013-12-31,5.032212299040578
WDI:BM.GSR.INSF.ZS:IDB,2014-12-31,5.921458778823257
WDI:BM.GSR.INSF.ZS:IDB,2015-12-31,6.0268254808667665
WDI:BM.GSR.INSF.ZS:IDB,2016-12-31,6.537695435911125
WDI:BM.GSR.INSF.ZS:IDB,2017-12-31,6.246893675403458
WDI:BM.GSR.INSF.ZS:IDB,2018-12-31,4.870305011427488
WDI:BM.GSR.INSF.ZS:IDB,2019-12-31,4.719879826998237
WDI:BM.GSR.INSF.ZS:IDB,2020-12-31,6.869782234991186
WDI:BM.GSR.INSF.ZS:IDB,2021-12-31,6.460581033530062
WDI:BM.GSR.INSF.ZS:IDB,2022-12-31,6.056920315443909
WDI:BM.GSR.INSF.ZS:IDB,2023-12-31,7.06286775584372
WDI:BM.GSR.INSF.ZS:IDB,2024-12-31,7.41376682061629
WDI:BM.GSR.INSF.ZS:IDN,1981-12-31,3.8075230092036816
WDI:BM.GSR.INSF.ZS:IDN,1982-12-31,4.220485396955985
WDI:BM.GSR.INSF.ZS:IDN,1983-12-31,4.7459986082115515
WDI:BM.GSR.INSF.ZS:IDN,1984-12-31,3.887709365416372
WDI:BM.GSR.INSF.ZS:IDN,1985-12-31,2.7108081791626097
WDI:BM.GSR.INSF.ZS:IDN,1986-12-31,3.031015037593985
WDI:BM.GSR.INSF.ZS:IDN,1987-12-31,3.0495495495495497
WDI:BM.GSR.INSF.ZS:IDN,1988-12-31,3.260963960052106
WDI:BM.GSR.INSF.ZS:IDN,1989-12-31,3.257951829380401
WDI:BM.GSR.INSF.ZS:IDN,1990-12-31,3.8688903566710704
WDI:BM.GSR.INSF.ZS:IDN,1991-12-31,4.145338208409506
WDI:BM.GSR.INSF.ZS:IDN,1992-12-31,3.624691358024691
WDI:BM.GSR.INSF.ZS:IDN,1993-12-31,3.1596587446678854
WDI:BM.GSR.INSF.ZS:IDN,1994-12-31,3.1114225648213036
WDI:BM.GSR.INSF.ZS:IDN,1995-12-31,3.3308714918759232
WDI:BM.GSR.INSF.ZS:IDN,1996-12-31,3.2102516678776674
WDI:BM.GSR.INSF.ZS:IDN,1997-12-31,3.0649726019148553
WDI:BM.GSR.INSF.ZS:IDN,1998-12-31,2.7599767361837526
WDI:BM.GSR.INSF.ZS:IDN,1999-12-31,2.1972021271327162
WDI:BM.GSR.INSF.ZS:IDN,2000-12-31,2.065355222259408
WDI:BM.GSR.INSF.ZS:IDN,2001-12-31,1.8030710927795897
WDI:BM.GSR.INSF.ZS:IDN,2002-12-31,1.8377948876144214
WDI:BM.GSR.INSF.ZS:IDN,2003-12-31,1.7217404744421276
WDI:BM.GSR.INSF.ZS:IDN,2004-12-31,4.536996394077534
WDI:BM.GSR.INSF.ZS:IDN,2005-12-31,3.9527270292431536
WDI:BM.GSR.INSF.ZS:IDN,2006-12-31,3.3821958255715905
WDI:BM.GSR.INSF.ZS:IDN,2007-12-31,4.21883004234816
WDI:BM.GSR.INSF.ZS:IDN,2008-12-31,3.5981485676083684
WDI:BM.GSR.INSF.ZS:IDN,2009-12-31,7.443470461256639
WDI:BM.GSR.INSF.ZS:IDN,2010-12-31,6.615428729040248
WDI:BM.GSR.INSF.ZS:IDN,2011-12-31,6.450700134079448
WDI:BM.GSR.INSF.ZS:IDN,2012-12-31,5.23348977335277
WDI:BM.GSR.INSF.ZS:IDN,2013-12-31,5.029804363839066
WDI:BM.GSR.INSF.ZS:IDN,2014-12-31,4.725281178405035
WDI:BM.GSR.INSF.ZS:IDN,2015-12-31,5.455487643919252
WDI:BM.GSR.INSF.ZS:IDN,2016-12-31,5.441441891744682
WDI:BM.GSR.INSF.ZS:IDN,2017-12-31,5.303774980633825
WDI:BM.GSR.INSF.ZS:IDN,2018-12-31,4.897105134213942
WDI:BM.GSR.INSF.ZS:IDN,2019-12-31,4.474163841996025
WDI:BM.GSR.INSF.ZS:IDN,2020-12-31,8.972639183588102
WDI:BM.GSR.INSF.ZS:IDN,2021-12-31,8.928782202957999
WDI:BM.GSR.INSF.ZS:IDN,2022-12-31,9.933313842204178
WDI:BM.GSR.INSF.ZS:IDN,2023-12-31,10.2085173349204
WDI:BM.GSR.INSF.ZS:IDN,2024-12-31,10.2252729525956
WDI:BM.GSR.INSF.ZS:IDN,2025-12-31,9.45449017970464
WDI:BM.GSR.INSF.ZS:IDX,1977-12-31,5.9314761875749555
WDI:BM.GSR.INSF.ZS:IDX,1978-12-31,4.6755872060866315
WDI:BM.GSR.INSF.ZS:IDX,1979-12-31,5.488487671679998
WDI:BM.GSR.INSF.ZS:IDX,1980-12-31,5.415604124599466
WDI:BM.GSR.INSF.ZS:IDX,1981-12-31,5.281309920353344
WDI:BM.GSR.INSF.ZS:IDX,1982-12-31,5.209493879124085
WDI:BM.GSR.INSF.ZS:IDX,1983-12-31,5.070463620353422
WDI:BM.GSR.INSF.ZS:IDX,1984-12-31,5.226052391735942
WDI:BM.GSR.INSF.ZS:IDX,1985-12-31,5.069419431481736
WDI:BM.GSR.INSF.ZS:IDX,1986-12-31,5.3381550848690145
WDI:BM.GSR.INSF.ZS:IDX,1987-12-31,5.08262242907928
WDI:BM.GSR.INSF.ZS:IDX,1988-12-31,5.0213079882150105
WDI:BM.GSR.INSF.ZS:IDX,1989-12-31,4.957037503770475
WDI:BM.GSR.INSF.ZS:IDX,1990-12-31,4.890446669485452
WDI:BM.GSR.INSF.ZS:IDX,1991-12-31,4.615763175711867
WDI:BM.GSR.INSF.ZS:IDX,1992-12-31,4.833300253238593
WDI:BM.GSR.INSF.ZS:IDX,1993-12-31,4.3224137536782745
WDI:BM.GSR.INSF.ZS:IDX,1994-12-31,4.02909853762314
WDI:BM.GSR.INSF.ZS:IDX,1995-12-31,3.6992858216476137
WDI:BM.GSR.INSF.ZS:IDX,1997-12-31,4.715079515026361
WDI:BM.GSR.INSF.ZS:IDX,1998-12-31,4.888949804969959
WDI:BM.GSR.INSF.ZS:IDX,1999-12-31,4.53719604272189
WDI:BM.GSR.INSF.ZS:IDX,2000-12-31,4.885166419476754
WDI:BM.GSR.INSF.ZS:IDX,2002-12-31,5.326363271079495
WDI:BM.GSR.INSF.ZS:IDX,2003-12-31,5.316042620001714
WDI:BM.GSR.INSF.ZS:IDX,2004-12-31,5.0914230886696314
WDI:BM.GSR.INSF.ZS:IDX,2005-12-31,6.03014784616244
WDI:BM.GSR.INSF.ZS:IDX,2006-12-31,6.638835552617622
WDI:BM.GSR.INSF.ZS:IDX,2007-12-31,6.191025796576193
WDI:BM.GSR.INSF.ZS:IDX,2008-12-31,5.708301088260645
WDI:BM.GSR.INSF.ZS:IDX,2009-12-31,5.350144876668936
WDI:BM.GSR.INSF.ZS:IDX,2010-12-31,5.440325846218337
WDI:BM.GSR.INSF.ZS:IDX,2011-12-31,5.363290987917267
WDI:BM.GSR.INSF.ZS:IDX,2012-12-31,6.172902056265703
WDI:BM.GSR.INSF.ZS:IDX,2013-12-31,6.473135432374752
WDI:BM.GSR.INSF.ZS:IDX,2014-12-31,6.574153081909152
WDI:BM.GSR.INSF.ZS:IDX,2015-12-31,5.732744349749237
WDI:BM.GSR.INSF.ZS:IDX,2016-12-31,6.2354067925711965
WDI:BM.GSR.INSF.ZS:IDX,2017-12-31,6.866770519595811
WDI:BM.GSR.INSF.ZS:IDX,2018-12-31,6.761485995623898
WDI:BM.GSR.INSF.ZS:IDX,2019-12-31,6.1070159680092
WDI:BM.GSR.INSF.ZS:IDX,2020-12-31,6.37045956877775
WDI:BM.GSR.INSF.ZS:IDX,2021-12-31,7.28172014786978
WDI:BM.GSR.INSF.ZS:IDX,2022-12-31,6.507946352333034
WDI:BM.GSR.INSF.ZS:IDX,2023-12-31,6.86291071726027
WDI:BM.GSR.INSF.ZS:IDX,2024-12-31,8.69445993383646
WDI:BM.GSR.INSF.ZS:IND,1975-12-31,5.583106375068811
WDI:BM.GSR.INSF.ZS:IND,1976-12-31,4.739780019820467
WDI:BM.GSR.INSF.ZS:IND,1977-12-31,4.953247971333498
WDI:BM.GSR.INSF.ZS:IND,1978-12-31,5.4869479186912065
WDI:BM.GSR.INSF.ZS:IND,1979-12-31,5.229859075953609
WDI:BM.GSR.INSF.ZS:IND,1980-12-31,5.260857723260315
WDI:BM.GSR.INSF.ZS:IND,1981-12-31,4.927540323557063
WDI:BM.GSR.INSF.ZS:IND,1982-12-31,4.7060636849974475
WDI:BM.GSR.INSF.ZS:IND,1983-12-31,4.378189328771855
WDI:BM.GSR.INSF.ZS:IND,1984-12-31,4.679867421502464
WDI:BM.GSR.INSF.ZS:IND,1985-12-31,4.719281354891084
WDI:BM.GSR.INSF.ZS:IND,1986-12-31,4.656927331015479
WDI:BM.GSR.INSF.ZS:IND,1987-12-31,4.45027003920798
WDI:BM.GSR.INSF.ZS:IND,1988-12-31,5.012801858692662
WDI:BM.GSR.INSF.ZS:IND,1989-12-31,5.65041135374277
WDI:BM.GSR.INSF.ZS:IND,1990-12-31,5.646743598631572
WDI:BM.GSR.INSF.ZS:IND,1991-12-31,5.880781920125126
WDI:BM.GSR.INSF.ZS:IND,1992-12-31,5.981236709896007
WDI:BM.GSR.INSF.ZS:IND,1993-12-31,6.753937110125349
WDI:BM.GSR.INSF.ZS:IND,1994-12-31,5.9958635708366765
WDI:BM.GSR.INSF.ZS:IND,1995-12-31,5.442047992015754
WDI:BM.GSR.INSF.ZS:IND,1996-12-31,5.2576015919153205
WDI:BM.GSR.INSF.ZS:IND,1997-12-31,5.2275155839222345
WDI:BM.GSR.INSF.ZS:IND,1998-12-31,4.320568379860898
WDI:BM.GSR.INSF.ZS:IND,1999-12-31,3.5560311585976194
WDI:BM.GSR.INSF.ZS:IND,2000-12-31,10.893636735131928
WDI:BM.GSR.INSF.ZS:IND,2001-12-31,12.890162299592198
WDI:BM.GSR.INSF.ZS:IND,2002-12-31,11.058586121540433
WDI:BM.GSR.INSF.ZS:IND,2003-12-31,6.6410011378732525
WDI:BM.GSR.INSF.ZS:IND,2004-12-31,7.161971629451679
WDI:BM.GSR.INSF.ZS:IND,2005-12-31,6.782522726904343
WDI:BM.GSR.INSF.ZS:IND,2006-12-31,7.897444500308423
WDI:BM.GSR.INSF.ZS:IND,2007-12-31,9.156928689874148
WDI:BM.GSR.INSF.ZS:IND,2008-12-31,8.386622069599328
WDI:BM.GSR.INSF.ZS:IND,2009-12-31,9.515983521870517
WDI:BM.GSR.INSF.ZS:IND,2010-12-31,10.404754430755448
WDI:BM.GSR.INSF.ZS:IND,2011-12-31,12.54951112356373
WDI:BM.GSR.INSF.ZS:IND,2012-12-31,8.488263669671694
WDI:BM.GSR.INSF.ZS:IND,2013-12-31,8.936650436737544
WDI:BM.GSR.INSF.ZS:IND,2014-12-31,6.499972502693812
WDI:BM.GSR.INSF.ZS:IND,2015-12-31,5.152338116826752
WDI:BM.GSR.INSF.ZS:IND,2016-12-31,6.59151565625745
WDI:BM.GSR.INSF.ZS:IND,2017-12-31,6.916763628306938
WDI:BM.GSR.INSF.ZS:IND,2018-12-31,4.5072775864818455
WDI:BM.GSR.INSF.ZS:IND,2019-12-31,3.2148906227097234
WDI:BM.GSR.INSF.ZS:IND,2020-12-31,5.631568397564205
WDI:BM.GSR.INSF.ZS:IND,2021-12-31,5.603848659119806
WDI:BM.GSR.INSF.ZS:IND,2022-12-31,4.653587204978166
WDI:BM.GSR.INSF.ZS:IND,2023-12-31,4.10094504336553
WDI:BM.GSR.INSF.ZS:IND,2024-12-31,3.7955335203766
WDI:BM.GSR.INSF.ZS:IND,2025-12-31,2.92059115213059
WDI:BM.GSR.INSF.ZS:IRL,2005-12-31,15.027315282354076
WDI:BM.GSR.INSF.ZS:IRL,2006-12-31,17.443264227129163
WDI:BM.GSR.INSF.ZS:IRL,2007-12-31,17.00090674120414
WDI:BM.GSR.INSF.ZS:IRL,2008-12-31,14.269529596025793
WDI:BM.GSR.INSF.ZS:IRL,2009-12-31,14.06278180289233
WDI:BM.GSR.INSF.ZS:IRL,2010-12-31,13.33678702604204
WDI:BM.GSR.INSF.ZS:IRL,2011-12-31,12.863384346143869
WDI:BM.GSR.INSF.ZS:IRL,2012-12-31,14.094409512115465
WDI:BM.GSR.INSF.ZS:IRL,2013-12-31,11.740207234421565
WDI:BM.GSR.INSF.ZS:IRL,2014-12-31,11.218544974424391
WDI:BM.GSR.INSF.ZS:IRL,2015-12-31,9.833202185597173
WDI:BM.GSR.INSF.ZS:IRL,2016-12-31,8.378714313987947
WDI:BM.GSR.INSF.ZS:IRL,2017-12-31,8.619952536760506
WDI:BM.GSR.INSF.ZS:IRL,2018-12-31,10.008432076020616
WDI:BM.GSR.INSF.ZS:IRL,2019-12-31,6.8449444793700716
WDI:BM.GSR.INSF.ZS:IRL,2020-12-31,7.64007669946486
WDI:BM.GSR.INSF.ZS:IRL,2021-12-31,10.027111761031756
WDI:BM.GSR.INSF.ZS:IRL,2022-12-31,9.620840188472682
WDI:BM.GSR.INSF.ZS:IRL,2023-12-31,8.91864820772333
WDI:BM.GSR.INSF.ZS:IRL,2024-12-31,8.77780537719948
WDI:BM.GSR.INSF.ZS:IRN,1976-12-31,3.221895028581327
WDI:BM.GSR.INSF.ZS:IRN,1977-12-31,2.487501524204365
WDI:BM.GSR.INSF.ZS:IRN,1978-12-31,1.7979731938542007
WDI:BM.GSR.INSF.ZS:IRN,1979-12-31,2.10896309314587
WDI:BM.GSR.INSF.ZS:IRN,1980-12-31,6.4330844342332
WDI:BM.GSR.INSF.ZS:IRN,1981-12-31,7.933634992458521
WDI:BM.GSR.INSF.ZS:IRN,1982-12-31,8.199934661875204
WDI:BM.GSR.INSF.ZS:IRN,1983-12-31,11.794991809033466
WDI:BM.GSR.INSF.ZS:IRN,1984-12-31,10.383991346673877
WDI:BM.GSR.INSF.ZS:IRN,1985-12-31,10.187424425634825
WDI:BM.GSR.INSF.ZS:IRN,1986-12-31,10.429447852760736
WDI:BM.GSR.INSF.ZS:IRN,1987-12-31,11.045531197301855
WDI:BM.GSR.INSF.ZS:IRN,1988-12-31,8.832271762208068
WDI:BM.GSR.INSF.ZS:IRN,1989-12-31,8.714380384360505
WDI:BM.GSR.INSF.ZS:IRN,1990-12-31,10.070671378091872
WDI:BM.GSR.INSF.ZS:IRN,1991-12-31,8.57392825896763
WDI:BM.GSR.INSF.ZS:IRN,1992-12-31,10.202317136434376
WDI:BM.GSR.INSF.ZS:IRN,1993-12-31,7.375
WDI:BM.GSR.INSF.ZS:IRN,1994-12-31,7.811531308121513
WDI:BM.GSR.INSF.ZS:IRN,1995-12-31,9.277469003847798
WDI:BM.GSR.INSF.ZS:IRN,1996-12-31,9.763217645150828
WDI:BM.GSR.INSF.ZS:IRN,1997-12-31,7.772174428952833
WDI:BM.GSR.INSF.ZS:IRN,1998-12-31,10.181159420289855
WDI:BM.GSR.INSF.ZS:IRN,1999-12-31,8.017908017908018
WDI:BM.GSR.INSF.ZS:IRN,2000-12-31,9.277003484320558
WDI:BM.GSR.INSF.ZS:IRQ,2005-12-31,16.09483960948396
WDI:BM.GSR.INSF.ZS:IRQ,2006-12-31,17.80327868852459
WDI:BM.GSR.INSF.ZS:IRQ,2007-12-31,23.85111805327195
WDI:BM.GSR.INSF.ZS:IRQ,2008-12-31,26.768357105124142
WDI:BM.GSR.INSF.ZS:IRQ,2009-12-31,29.164671672641916
WDI:BM.GSR.INSF.ZS:IRQ,2010-12-31,28.069143813048107
WDI:BM.GSR.INSF.ZS:IRQ,2011-12-31,27.256382596188423
WDI:BM.GSR.INSF.ZS:IRQ,2012-12-31,26.73989917989617
WDI:BM.GSR.INSF.ZS:IRQ,2013-12-31,22.04261865420774
WDI:BM.GSR.INSF.ZS:IRQ,2014-12-31,18.894428027806715
WDI:BM.GSR.INSF.ZS:IRQ,2015-12-31,17.34175438596491
WDI:BM.GSR.INSF.ZS:IRQ,2016-12-31,15.353455292121263
WDI:BM.GSR.INSF.ZS:IRQ,2017-12-31,15.538945712037766
WDI:BM.GSR.INSF.ZS:IRQ,2018-12-31,17.05249356955162
WDI:BM.GSR.INSF.ZS:IRQ,2019-12-31,16.50564839557575
WDI:BM.GSR.INSF.ZS:IRQ,2020-12-31,23.1666184134337
WDI:BM.GSR.INSF.ZS:IRQ,2021-12-31,16.03610704500244
WDI:BM.GSR.INSF.ZS:IRQ,2022-12-31,15.169440860891727
WDI:BM.GSR.INSF.ZS:IRQ,2023-12-31,16.4012732541315
WDI:BM.GSR.INSF.ZS:IRQ,2024-12-31,19.0978404029306
WDI:BM.GSR.INSF.ZS:ISL,1976-12-31,10.836177474402731
WDI:BM.GSR.INSF.ZS:ISL,1977-12-31,9.078771695594126
WDI:BM.GSR.INSF.ZS:ISL,1978-12-31,6.350858927641853
WDI:BM.GSR.INSF.ZS:ISL,1979-12-31,4.142011834319527
WDI:BM.GSR.INSF.ZS:ISL,1980-12-31,4.071537290715373
WDI:BM.GSR.INSF.ZS:ISL,1981-12-31,4.397163120567376
WDI:BM.GSR.INSF.ZS:ISL,1982-12-31,4.1491085899513775
WDI:BM.GSR.INSF.ZS:ISL,1983-12-31,5.450659066619166
WDI:BM.GSR.INSF.ZS:ISL,1984-12-31,4.824702476680605
WDI:BM.GSR.INSF.ZS:ISL,1985-12-31,4.601818682832736
WDI:BM.GSR.INSF.ZS:ISL,1986-12-31,6.1563169164882225
WDI:BM.GSR.INSF.ZS:ISL,1987-12-31,5.373602667189645
WDI:BM.GSR.INSF.ZS:ISL,1988-12-31,7.038834951456311
WDI:BM.GSR.INSF.ZS:ISL,1989-12-31,5.80032336297494
WDI:BM.GSR.INSF.ZS:ISL,1990-12-31,2.725705656784887
WDI:BM.GSR.INSF.ZS:ISL,1991-12-31,3.6060082580731394
WDI:BM.GSR.INSF.ZS:ISL,1992-12-31,2.9574682538382584
WDI:BM.GSR.INSF.ZS:ISL,1993-12-31,3.837173800058958
WDI:BM.GSR.INSF.ZS:ISL,1994-12-31,5.041373762029167
WDI:BM.GSR.INSF.ZS:ISL,2009-12-31,5.678155354800947
WDI:BM.GSR.INSF.ZS:ISL,2010-12-31,9.000677709430935
WDI:BM.GSR.INSF.ZS:ISL,2011-12-31,10.174689062518764
WDI:BM.GSR.INSF.ZS:ISL,2012-12-31,8.827356627830502
WDI:BM.GSR.INSF.ZS:ISL,2013-12-31,5.58200040978243
WDI:BM.GSR.INSF.ZS:ISL,2014-12-31,4.077726037882963
WDI:BM.GSR.INSF.ZS:ISL,2015-12-31,2.9570230652414793
WDI:BM.GSR.INSF.ZS:ISL,2016-12-31,3.162873814029331
WDI:BM.GSR.INSF.ZS:ISL,2017-12-31,2.9163093712295396
WDI:BM.GSR.INSF.ZS:ISL,2018-12-31,2.2017704032667242
WDI:BM.GSR.INSF.ZS:ISL,2019-12-31,2.153863440515557
WDI:BM.GSR.INSF.ZS:ISL,2020-12-31,3.1140949559743203
WDI:BM.GSR.INSF.ZS:ISL,2021-12-31,4.821557874567993
WDI:BM.GSR.INSF.ZS:ISL,2022-12-31,4.348632230307587
WDI:BM.GSR.INSF.ZS:ISL,2023-12-31,4.47991159448863
WDI:BM.GSR.INSF.ZS:ISL,2024-12-31,5.13693499126737
WDI:BM.GSR.INSF.ZS:ISL,2025-12-31,6.15993599258087
WDI:BM.GSR.INSF.ZS:ISR,1960-12-31,9.166666666666666
WDI:BM.GSR.INSF.ZS:ISR,1961-12-31,9.271523178807946
WDI:BM.GSR.INSF.ZS:ISR,1965-12-31,17.708333333333336
WDI:BM.GSR.INSF.ZS:ISR,1966-12-31,20.0
WDI:BM.GSR.INSF.ZS:ISR,1967-12-31,20.0
WDI:BM.GSR.INSF.ZS:ISR,1968-12-31,22.514619883040936
WDI:BM.GSR.INSF.ZS:ISR,1969-12-31,21.749408983451538
WDI:BM.GSR.INSF.ZS:ISR,1970-12-31,25.165562913907287
WDI:BM.GSR.INSF.ZS:ISR,1971-12-31,22.310126582278482
WDI:BM.GSR.INSF.ZS:ISR,1972-12-31,10.25236593059937
WDI:BM.GSR.INSF.ZS:ISR,1973-12-31,9.545454545454547
WDI:BM.GSR.INSF.ZS:ISR,1974-12-31,6.043956043956044
WDI:BM.GSR.INSF.ZS:ISR,1975-12-31,5.425709515859766
WDI:BM.GSR.INSF.ZS:ISR,1976-12-31,5.567765567765568
WDI:BM.GSR.INSF.ZS:ISR,1977-12-31,4.551365409622886
WDI:BM.GSR.INSF.ZS:ISR,1978-12-31,2.9173419773095626
WDI:BM.GSR.INSF.ZS:ISR,1979-12-31,1.969057665260197
WDI:BM.GSR.INSF.ZS:ISR,1980-12-31,1.774891774891775
WDI:BM.GSR.INSF.ZS:ISR,1981-12-31,-0.09011715229798738
WDI:BM.GSR.INSF.ZS:ISR,1982-12-31,0.7385353027608074
WDI:BM.GSR.INSF.ZS:ISR,1983-12-31,0.8111198456371044
WDI:BM.GSR.INSF.ZS:ISR,1984-12-31,1.9630896394470572
WDI:BM.GSR.INSF.ZS:ISR,1985-12-31,5.207986688851913
WDI:BM.GSR.INSF.ZS:ISR,1986-12-31,3.914486884827259
WDI:BM.GSR.INSF.ZS:ISR,1987-12-31,3.929319448951297
WDI:BM.GSR.INSF.ZS:ISR,1988-12-31,2.811969162419966
WDI:BM.GSR.INSF.ZS:ISR,1989-12-31,2.9747427502338635
WDI:BM.GSR.INSF.ZS:ISR,1990-12-31,4.338460913210461
WDI:BM.GSR.INSF.ZS:ISR,1991-12-31,2.6805198818099303
WDI:BM.GSR.INSF.ZS:ISR,1992-12-31,0.7611146180899991
WDI:BM.GSR.INSF.ZS:ISR,1993-12-31,3.1887954481508114
WDI:BM.GSR.INSF.ZS:ISR,1994-12-31,2.715522352662161
WDI:BM.GSR.INSF.ZS:ISR,1995-12-31,3.382782246053023
WDI:BM.GSR.INSF.ZS:ISR,1996-12-31,3.063807113360863
WDI:BM.GSR.INSF.ZS:ISR,1997-12-31,3.11329384092691
WDI:BM.GSR.INSF.ZS:ISR,1998-12-31,2.9178330659788845
WDI:BM.GSR.INSF.ZS:ISR,1999-12-31,3.3315066422267994
WDI:BM.GSR.INSF.ZS:ISR,2000-12-31,2.834672263636583
WDI:BM.GSR.INSF.ZS:ISR,2001-12-31,2.7618306250202718
WDI:BM.GSR.INSF.ZS:ISR,2002-12-31,3.4677896372416597
WDI:BM.GSR.INSF.ZS:ISR,2003-12-31,3.8204776236475717
WDI:BM.GSR.INSF.ZS:ISR,2004-12-31,3.0789154552123725
WDI:BM.GSR.INSF.ZS:ISR,2005-12-31,2.484480714235893
WDI:BM.GSR.INSF.ZS:ISR,2006-12-31,2.738875564472386
WDI:BM.GSR.INSF.ZS:ISR,2007-12-31,2.7544048903272205
WDI:BM.GSR.INSF.ZS:ISR,2008-12-31,3.2354836012766857
WDI:BM.GSR.INSF.ZS:ISR,2009-12-31,3.3141428467321052
WDI:BM.GSR.INSF.ZS:ISR,2010-12-31,3.0245776959410775
WDI:BM.GSR.INSF.ZS:ISR,2011-12-31,3.2091679337436867
WDI:BM.GSR.INSF.ZS:ISR,2012-12-31,2.761353629387344
WDI:BM.GSR.INSF.ZS:ISR,2013-12-31,2.6434346225889516
WDI:BM.GSR.INSF.ZS:ISR,2014-12-31,2.1482798974233317
WDI:BM.GSR.INSF.ZS:ISR,2015-12-31,1.957036227926452
WDI:BM.GSR.INSF.ZS:ISR,2016-12-31,2.809981040448315
WDI:BM.GSR.INSF.ZS:ISR,2017-12-31,2.1168117207322728
WDI:BM.GSR.INSF.ZS:ISR,2018-12-31,1.8440806194219517
WDI:BM.GSR.INSF.ZS:ISR,2019-12-31,2.0588767015295613
WDI:BM.GSR.INSF.ZS:ISR,2020-12-31,2.4857642663288004
WDI:BM.GSR.INSF.ZS:ISR,2021-12-31,1.6221792896744736
WDI:BM.GSR.INSF.ZS:ISR,2022-12-31,1.0460733139255867
WDI:BM.GSR.INSF.ZS:ISR,2023-12-31,1.31858765637366
WDI:BM.GSR.INSF.ZS:ISR,2024-12-31,1.57908949749083
WDI:BM.GSR.INSF.ZS:ISR,2025-12-31,1.44091622864343
WDI:BM.GSR.INSF.ZS:ITA,1970-12-31,10.454545454545455
WDI:BM.GSR.INSF.ZS:ITA,1971-12-31,11.278621902734766
WDI:BM.GSR.INSF.ZS:ITA,1972-12-31,12.905808851721003
WDI:BM.GSR.INSF.ZS:ITA,1973-12-31,13.58839733346062
WDI:BM.GSR.INSF.ZS:ITA,1974-12-31,14.495157394519412
WDI:BM.GSR.INSF.ZS:ITA,1975-12-31,16.349836773546574
WDI:BM.GSR.INSF.ZS:ITA,1976-12-31,14.130837954809152
WDI:BM.GSR.INSF.ZS:ITA,1977-12-31,15.130955220661049
WDI:BM.GSR.INSF.ZS:ITA,1978-12-31,15.69440258203917
WDI:BM.GSR.INSF.ZS:ITA,1979-12-31,15.599416152450427
WDI:BM.GSR.INSF.ZS:ITA,1980-12-31,14.55097264822403
WDI:BM.GSR.INSF.ZS:ITA,1981-12-31,15.868685001441
WDI:BM.GSR.INSF.ZS:ITA,1982-12-31,17.113572501031463
WDI:BM.GSR.INSF.ZS:ITA,1983-12-31,15.365906126847076
WDI:BM.GSR.INSF.ZS:ITA,1984-12-31,15.85644705359059
WDI:BM.GSR.INSF.ZS:ITA,1985-12-31,17.280166169099115
WDI:BM.GSR.INSF.ZS:ITA,1986-12-31,13.547650533414174
WDI:BM.GSR.INSF.ZS:ITA,1987-12-31,13.010394664759442
WDI:BM.GSR.INSF.ZS:ITA,1988-12-31,12.530299954483015
WDI:BM.GSR.INSF.ZS:ITA,1989-12-31,11.777446655502805
WDI:BM.GSR.INSF.ZS:ITA,1990-12-31,11.156694745309379
WDI:BM.GSR.INSF.ZS:ITA,1991-12-31,11.229254579228092
WDI:BM.GSR.INSF.ZS:ITA,1992-12-31,10.930090274828538
WDI:BM.GSR.INSF.ZS:ITA,1993-12-31,11.096394300466555
WDI:BM.GSR.INSF.ZS:ITA,1994-12-31,11.219584808305774
WDI:BM.GSR.INSF.ZS:ITA,1995-12-31,10.73249860072833
WDI:BM.GSR.INSF.ZS:ITA,1996-12-31,10.98059507525745
WDI:BM.GSR.INSF.ZS:ITA,1997-12-31,12.67384710489415
WDI:BM.GSR.INSF.ZS:ITA,1998-12-31,8.348790895083903
WDI:BM.GSR.INSF.ZS:ITA,1999-12-31,9.236198652635077
WDI:BM.GSR.INSF.ZS:ITA,2000-12-31,6.921347842789678
WDI:BM.GSR.INSF.ZS:ITA,2001-12-31,8.740539157865038
WDI:BM.GSR.INSF.ZS:ITA,2002-12-31,9.04890541490931
WDI:BM.GSR.INSF.ZS:ITA,2003-12-31,7.788872437569504
WDI:BM.GSR.INSF.ZS:ITA,2004-12-31,9.790134153901256
WDI:BM.GSR.INSF.ZS:ITA,2005-12-31,9.20036294537189
WDI:BM.GSR.INSF.ZS:ITA,2006-12-31,10.069814561571823
WDI:BM.GSR.INSF.ZS:ITA,2007-12-31,9.166560441920133
WDI:BM.GSR.INSF.ZS:ITA,2008-12-31,10.437951925561807
WDI:BM.GSR.INSF.ZS:ITA,2009-12-31,10.236387807772648
WDI:BM.GSR.INSF.ZS:ITA,2010-12-31,10.184621026619137
WDI:BM.GSR.INSF.ZS:ITA,2011-12-31,10.176460426077831
WDI:BM.GSR.INSF.ZS:ITA,2012-12-31,11.044163255492096
WDI:BM.GSR.INSF.ZS:ITA,2013-12-31,10.276755379598983
WDI:BM.GSR.INSF.ZS:ITA,2014-12-31,10.558335438162612
WDI:BM.GSR.INSF.ZS:ITA,2015-12-31,11.050975480643435
WDI:BM.GSR.INSF.ZS:ITA,2016-12-31,11.31330127244626
WDI:BM.GSR.INSF.ZS:ITA,2017-12-31,11.450821338982905
WDI:BM.GSR.INSF.ZS:ITA,2018-12-31,11.41821623903778
WDI:BM.GSR.INSF.ZS:ITA,2019-12-31,11.141288336685857
WDI:BM.GSR.INSF.ZS:ITA,2020-12-31,15.205348603505065
WDI:BM.GSR.INSF.ZS:ITA,2021-12-31,14.228275680932933
WDI:BM.GSR.INSF.ZS:ITA,2022-12-31,10.774188833089134
WDI:BM.GSR.INSF.ZS:ITA,2023-12-31,9.65951859187323
WDI:BM.GSR.INSF.ZS:ITA,2024-12-31,10.4641954205783
WDI:BM.GSR.INSF.ZS:ITA,2025-12-31,10.5914127238492
WDI:BM.GSR.INSF.ZS:JAM,1976-12-31,13.221153846153847
WDI:BM.GSR.INSF.ZS:JAM,1977-12-31,15.953307392996107
WDI:BM.GSR.INSF.ZS:JAM,1978-12-31,14.247580914247582
WDI:BM.GSR.INSF.ZS:JAM,1979-12-31,12.40058910162003
WDI:BM.GSR.INSF.ZS:JAM,1980-12-31,11.814003784806705
WDI:BM.GSR.INSF.ZS:JAM,1981-12-31,11.471382952591501
WDI:BM.GSR.INSF.ZS:JAM,1982-12-31,10.976744186046512
WDI:BM.GSR.INSF.ZS:JAM,1983-12-31,10.463674683858171
WDI:BM.GSR.INSF.ZS:JAM,1984-12-31,8.157894736842106
WDI:BM.GSR.INSF.ZS:JAM,1985-12-31,8.098336948662329
WDI:BM.GSR.INSF.ZS:JAM,1986-12-31,9.52843947496354
WDI:BM.GSR.INSF.ZS:JAM,1987-12-31,8.527472527472527
WDI:BM.GSR.INSF.ZS:JAM,1988-12-31,6.923890063424948
WDI:BM.GSR.INSF.ZS:JAM,1989-12-31,5.979467258601554
WDI:BM.GSR.INSF.ZS:JAM,1990-12-31,6.380843131631774
WDI:BM.GSR.INSF.ZS:JAM,1991-12-31,6.608981053259734
WDI:BM.GSR.INSF.ZS:JAM,1992-12-31,6.131019036954087
WDI:BM.GSR.INSF.ZS:JAM,1993-12-31,7.115968427443837
WDI:BM.GSR.INSF.ZS:JAM,1994-12-31,8.49994766042081
WDI:BM.GSR.INSF.ZS:JAM,1995-12-31,8.905598840369631
WDI:BM.GSR.INSF.ZS:JAM,1996-12-31,7.570483814827707
WDI:BM.GSR.INSF.ZS:JAM,1997-12-31,6.446374928959973
WDI:BM.GSR.INSF.ZS:JAM,1998-12-31,5.7900432900432905
WDI:BM.GSR.INSF.ZS:JAM,1999-12-31,4.512471655328798
WDI:BM.GSR.INSF.ZS:JAM,2000-12-31,7.423550087873462
WDI:BM.GSR.INSF.ZS:JAM,2001-12-31,8.177554660149283
WDI:BM.GSR.INSF.ZS:JAM,2002-12-31,8.517617746393347
WDI:BM.GSR.INSF.ZS:JAM,2003-12-31,7.160769571730811
WDI:BM.GSR.INSF.ZS:JAM,2004-12-31,9.094273333407715
WDI:BM.GSR.INSF.ZS:JAM,2005-12-31,9.755935896526529
WDI:BM.GSR.INSF.ZS:JAM,2006-12-31,10.437110106313389
WDI:BM.GSR.INSF.ZS:JAM,2007-12-31,10.300652990235996
WDI:BM.GSR.INSF.ZS:JAM,2008-12-31,10.001500916427895
WDI:BM.GSR.INSF.ZS:JAM,2009-12-31,10.659915129149605
WDI:BM.GSR.INSF.ZS:JAM,2010-12-31,10.94214784783092
WDI:BM.GSR.INSF.ZS:JAM,2011-12-31,9.446960628399857
WDI:BM.GSR.INSF.ZS:JAM,2012-12-31,9.4857022619545
WDI:BM.GSR.INSF.ZS:JAM,2013-12-31,8.421323349650338
WDI:BM.GSR.INSF.ZS:JAM,2014-12-31,9.57782933176891
WDI:BM.GSR.INSF.ZS:JAM,2015-12-31,8.869053067320266
WDI:BM.GSR.INSF.ZS:JAM,2016-12-31,8.90800767938655
WDI:BM.GSR.INSF.ZS:JAM,2017-12-31,7.416893598074134
WDI:BM.GSR.INSF.ZS:JAM,2018-12-31,7.337938181511336
WDI:BM.GSR.INSF.ZS:JAM,2019-12-31,6.80008694739834
WDI:BM.GSR.INSF.ZS:JAM,2020-12-31,9.440359963416785
WDI:BM.GSR.INSF.ZS:JAM,2021-12-31,5.55708828953234
WDI:BM.GSR.INSF.ZS:JAM,2022-12-31,5.981588759508983
WDI:BM.GSR.INSF.ZS:JAM,2023-12-31,5.17019625174979
WDI:BM.GSR.INSF.ZS:JAM,2024-12-31,6.17339879443601
WDI:BM.GSR.INSF.ZS:JOR,1972-12-31,5.8641975308642
WDI:BM.GSR.INSF.ZS:JOR,1973-12-31,5.236907730673353
WDI:BM.GSR.INSF.ZS:JOR,1974-12-31,5.585585585585603
WDI:BM.GSR.INSF.ZS:JOR,1975-12-31,6.71641791044776
WDI:BM.GSR.INSF.ZS:JOR,1976-12-31,6.842923794712277
WDI:BM.GSR.INSF.ZS:JOR,1977-12-31,8.27106344367588
WDI:BM.GSR.INSF.ZS:JOR,1978-12-31,5.792949435993433
WDI:BM.GSR.INSF.ZS:JOR,1979-12-31,4.523723892833888
WDI:BM.GSR.INSF.ZS:JOR,1980-12-31,6.001354982986366
WDI:BM.GSR.INSF.ZS:JOR,1981-12-31,3.5936855726655477
WDI:BM.GSR.INSF.ZS:JOR,1982-12-31,2.3035985532558216
WDI:BM.GSR.INSF.ZS:JOR,1983-12-31,0.5490810991207097
WDI:BM.GSR.INSF.ZS:JOR,1984-12-31,0.8637813841137033
WDI:BM.GSR.INSF.ZS:JOR,1985-12-31,2.3390681025510283
WDI:BM.GSR.INSF.ZS:JOR,1986-12-31,2.99885674106021
WDI:BM.GSR.INSF.ZS:JOR,1987-12-31,5.458730171869241
WDI:BM.GSR.INSF.ZS:JOR,1988-12-31,4.790103971267385
WDI:BM.GSR.INSF.ZS:JOR,1989-12-31,4.560483474756799
WDI:BM.GSR.INSF.ZS:JOR,1990-12-31,4.6012762281395085
WDI:BM.GSR.INSF.ZS:JOR,1991-12-31,5.103966113688338
WDI:BM.GSR.INSF.ZS:JOR,1992-12-31,5.51824813466337
WDI:BM.GSR.INSF.ZS:JOR,1993-12-31,5.696042156770493
WDI:BM.GSR.INSF.ZS:JOR,1994-12-31,5.262913158573572
WDI:BM.GSR.INSF.ZS:JOR,1995-12-31,5.2485299298364
WDI:BM.GSR.INSF.ZS:JOR,1996-12-31,6.011652542372882
WDI:BM.GSR.INSF.ZS:JOR,1997-12-31,5.330764290301877
WDI:BM.GSR.INSF.ZS:JOR,1998-12-31,4.514904720487083
WDI:BM.GSR.INSF.ZS:JOR,1999-12-31,4.693080820666165
WDI:BM.GSR.INSF.ZS:JOR,2000-12-31,5.3157506757310165
WDI:BM.GSR.INSF.ZS:JOR,2001-12-31,5.598232297894869
WDI:BM.GSR.INSF.ZS:JOR,2002-12-31,5.37827709785884
WDI:BM.GSR.INSF.ZS:JOR,2003-12-31,6.039567002612915
WDI:BM.GSR.INSF.ZS:JOR,2004-12-31,7.6048376495333425
WDI:BM.GSR.INSF.ZS:JOR,2005-12-31,8.239471786051155
WDI:BM.GSR.INSF.ZS:JOR,2006-12-31,7.762795555977588
WDI:BM.GSR.INSF.ZS:JOR,2007-12-31,7.783302924792082
WDI:BM.GSR.INSF.ZS:JOR,2008-12-31,8.222638332686934
WDI:BM.GSR.INSF.ZS:JOR,2009-12-31,7.441431470208448
WDI:BM.GSR.INSF.ZS:JOR,2010-12-31,7.0310756972111434
WDI:BM.GSR.INSF.ZS:JOR,2011-12-31,8.449773413897296
WDI:BM.GSR.INSF.ZS:JOR,2012-12-31,9.112040911204097
WDI:BM.GSR.INSF.ZS:JOR,2013-12-31,9.532099444139034
WDI:BM.GSR.INSF.ZS:JOR,2014-12-31,10.801774968087036
WDI:BM.GSR.INSF.ZS:JOR,2015-12-31,11.886360164961072
WDI:BM.GSR.INSF.ZS:JOR,2016-12-31,13.155288822205561
WDI:BM.GSR.INSF.ZS:JOR,2017-12-31,11.58646835812189
WDI:BM.GSR.INSF.ZS:JOR,2018-12-31,10.457573124819001
WDI:BM.GSR.INSF.ZS:JOR,2019-12-31,10.545183400728432
WDI:BM.GSR.INSF.ZS:JOR,2020-12-31,14.957906712172909
WDI:BM.GSR.INSF.ZS:JOR,2021-12-31,13.462842419311116
WDI:BM.GSR.INSF.ZS:JOR,2022-12-31,11.720048626789394
WDI:BM.GSR.INSF.ZS:JOR,2023-12-31,10.8045871137107
WDI:BM.GSR.INSF.ZS:JOR,2024-12-31,11.2659270174222
WDI:BM.GSR.INSF.ZS:JPN,1996-12-31,3.7691649240170264
WDI:BM.GSR.INSF.ZS:JPN,1997-12-31,3.7874476992385038
WDI:BM.GSR.INSF.ZS:JPN,1998-12-31,4.008845606011887
WDI:BM.GSR.INSF.ZS:JPN,1999-12-31,4.340083531392554
WDI:BM.GSR.INSF.ZS:JPN,2000-12-31,3.303997118063642
WDI:BM.GSR.INSF.ZS:JPN,2001-12-31,3.8646855325728486
WDI:BM.GSR.INSF.ZS:JPN,2002-12-31,4.369375676178931
WDI:BM.GSR.INSF.ZS:JPN,2003-12-31,5.045912673995548
WDI:BM.GSR.INSF.ZS:JPN,2004-12-31,4.450861264192847
WDI:BM.GSR.INSF.ZS:JPN,2005-12-31,3.295318679186327
WDI:BM.GSR.INSF.ZS:JPN,2006-12-31,5.346045170180148
WDI:BM.GSR.INSF.ZS:JPN,2007-12-31,4.870421429174118
WDI:BM.GSR.INSF.ZS:JPN,2008-12-31,5.088592398466875
WDI:BM.GSR.INSF.ZS:JPN,2009-12-31,5.26065173534342
WDI:BM.GSR.INSF.ZS:JPN,2010-12-31,6.047149654448422
WDI:BM.GSR.INSF.ZS:JPN,2011-12-31,5.762496008457857
WDI:BM.GSR.INSF.ZS:JPN,2012-12-31,5.734629122018333
WDI:BM.GSR.INSF.ZS:JPN,2013-12-31,6.041590902310918
WDI:BM.GSR.INSF.ZS:JPN,2014-12-31,5.398784194044719
WDI:BM.GSR.INSF.ZS:JPN,2015-12-31,6.03956987948437
WDI:BM.GSR.INSF.ZS:JPN,2016-12-31,6.414784273653888
WDI:BM.GSR.INSF.ZS:JPN,2017-12-31,7.265178774232152
WDI:BM.GSR.INSF.ZS:JPN,2018-12-31,7.465204025589387
WDI:BM.GSR.INSF.ZS:JPN,2019-12-31,7.6375697552906825
WDI:BM.GSR.INSF.ZS:JPN,2020-12-31,10.649948912136711
WDI:BM.GSR.INSF.ZS:JPN,2021-12-31,10.340104452947484
WDI:BM.GSR.INSF.ZS:JPN,2022-12-31,10.581527561755575
WDI:BM.GSR.INSF.ZS:JPN,2023-12-31,12.070344444556
WDI:BM.GSR.INSF.ZS:JPN,2024-12-31,13.0907854297587
WDI:BM.GSR.INSF.ZS:JPN,2025-12-31,12.7124565541164
WDI:BM.GSR.INSF.ZS:KAZ,1998-12-31,1.7849406463911273
WDI:BM.GSR.INSF.ZS:KAZ,1999-12-31,2.8708567288534685
WDI:BM.GSR.INSF.ZS:KAZ,2000-12-31,2.7403113607468033
WDI:BM.GSR.INSF.ZS:KAZ,2001-12-31,1.9009376191107308
WDI:BM.GSR.INSF.ZS:KAZ,2002-12-31,2.460556402353938
WDI:BM.GSR.INSF.ZS:KAZ,2003-12-31,2.8595971290938906
WDI:BM.GSR.INSF.ZS:KAZ,2004-12-31,2.4535234317785672
WDI:BM.GSR.INSF.ZS:KAZ,2005-12-31,2.9380532698122335
WDI:BM.GSR.INSF.ZS:KAZ,2006-12-31,4.9497471858646644
WDI:BM.GSR.INSF.ZS:KAZ,2007-12-31,3.7009350987685283
WDI:BM.GSR.INSF.ZS:KAZ,2008-12-31,5.231027087547728
WDI:BM.GSR.INSF.ZS:KAZ,2009-12-31,6.056346282938849
WDI:BM.GSR.INSF.ZS:KAZ,2010-12-31,5.082376744164894
WDI:BM.GSR.INSF.ZS:KAZ,2011-12-31,4.832257588429133
WDI:BM.GSR.INSF.ZS:KAZ,2012-12-31,3.220005624644784
WDI:BM.GSR.INSF.ZS:KAZ,2013-12-31,2.366290441143473
WDI:BM.GSR.INSF.ZS:KAZ,2014-12-31,1.3404437406402598
WDI:BM.GSR.INSF.ZS:KAZ,2015-12-31,1.7066676430342593
WDI:BM.GSR.INSF.ZS:KAZ,2016-12-31,4.340672724686684
WDI:BM.GSR.INSF.ZS:KAZ,2017-12-31,2.6595916328059293
WDI:BM.GSR.INSF.ZS:KAZ,2018-12-31,2.414019781539351
WDI:BM.GSR.INSF.ZS:KAZ,2019-12-31,2.4384114188492063
WDI:BM.GSR.INSF.ZS:KAZ,2020-12-31,3.042277236348646
WDI:BM.GSR.INSF.ZS:KAZ,2021-12-31,3.6810159420784765
WDI:BM.GSR.INSF.ZS:KAZ,2022-12-31,5.198478665725804
WDI:BM.GSR.INSF.ZS:KAZ,2023-12-31,5.43321323917925
WDI:BM.GSR.INSF.ZS:KAZ,2024-12-31,5.67483069561208
WDI:BM.GSR.INSF.ZS:KAZ,2025-12-31,5.54966656815863
WDI:BM.GSR.INSF.ZS:KEN,1975-12-31,5.8349328214971035
WDI:BM.GSR.INSF.ZS:KEN,1976-12-31,5.659229208924934
WDI:BM.GSR.INSF.ZS:KEN,1977-12-31,5.956325301204826
WDI:BM.GSR.INSF.ZS:KEN,1978-12-31,7.130776200543639
WDI:BM.GSR.INSF.ZS:KEN,1979-12-31,5.793960923623442
WDI:BM.GSR.INSF.ZS:KEN,1980-12-31,11.155292853304688
WDI:BM.GSR.INSF.ZS:KEN,1981-12-31,7.345638321248084
WDI:BM.GSR.INSF.ZS:KEN,1982-12-31,7.607446564008267
WDI:BM.GSR.INSF.ZS:KEN,1983-12-31,7.2349318081830125
WDI:BM.GSR.INSF.ZS:KEN,1984-12-31,7.953625322046361
WDI:BM.GSR.INSF.ZS:KEN,1985-12-31,8.209207853757611
WDI:BM.GSR.INSF.ZS:KEN,1986-12-31,8.570580377022408
WDI:BM.GSR.INSF.ZS:KEN,1987-12-31,8.54184226369658
WDI:BM.GSR.INSF.ZS:KEN,1988-12-31,8.856049330214761
WDI:BM.GSR.INSF.ZS:KEN,1989-12-31,8.589619600257887
WDI:BM.GSR.INSF.ZS:KEN,1990-12-31,7.60743466600136
WDI:BM.GSR.INSF.ZS:KEN,1991-12-31,6.719084855414289
WDI:BM.GSR.INSF.ZS:KEN,1992-12-31,7.663410969196096
WDI:BM.GSR.INSF.ZS:KEN,1993-12-31,8.622373372458902
WDI:BM.GSR.INSF.ZS:KEN,1994-12-31,10.508970917820799
WDI:BM.GSR.INSF.ZS:KEN,1995-12-31,8.446740422941952
WDI:BM.GSR.INSF.ZS:KEN,1996-12-31,10.285042456008622
WDI:BM.GSR.INSF.ZS:KEN,1997-12-31,11.362360568587599
WDI:BM.GSR.INSF.ZS:KEN,1998-12-31,11.30969527928194
WDI:BM.GSR.INSF.ZS:KEN,1999-12-31,11.40555819024448
WDI:BM.GSR.INSF.ZS:KEN,2000-12-31,8.6223733724589
WDI:BM.GSR.INSF.ZS:KEN,2001-12-31,10.508970917820774
WDI:BM.GSR.INSF.ZS:KEN,2002-12-31,8.446740422941938
WDI:BM.GSR.INSF.ZS:KEN,2003-12-31,10.285042456008616
WDI:BM.GSR.INSF.ZS:KEN,2004-12-31,11.39809585261864
WDI:BM.GSR.INSF.ZS:KEN,2005-12-31,6.660145333230151
WDI:BM.GSR.INSF.ZS:KEN,2006-12-31,6.75388793614506
WDI:BM.GSR.INSF.ZS:KEN,2007-12-31,4.4139586615737265
WDI:BM.GSR.INSF.ZS:KEN,2008-12-31,5.955955267620592
WDI:BM.GSR.INSF.ZS:KEN,2009-12-31,6.952775922175715
WDI:BM.GSR.INSF.ZS:KEN,2010-12-31,8.619985107420614
WDI:BM.GSR.INSF.ZS:KEN,2011-12-31,9.991089888220653
WDI:BM.GSR.INSF.ZS:KEN,2012-12-31,9.98472687968142
WDI:BM.GSR.INSF.ZS:KEN,2013-12-31,10.952085533394866
WDI:BM.GSR.INSF.ZS:KEN,2014-12-31,8.528346303863968
WDI:BM.GSR.INSF.ZS:KEN,2015-12-31,7.966182793538628
WDI:BM.GSR.INSF.ZS:KEN,2016-12-31,8.793980451508629
WDI:BM.GSR.INSF.ZS:KEN,2017-12-31,10.685649963541545
WDI:BM.GSR.INSF.ZS:KEN,2018-12-31,9.3141321923824
WDI:BM.GSR.INSF.ZS:KEN,2019-12-31,8.960362693213426
WDI:BM.GSR.INSF.ZS:KEN,2020-12-31,10.238662430313623
WDI:BM.GSR.INSF.ZS:KEN,2021-12-31,10.084095481393804
WDI:BM.GSR.INSF.ZS:KEN,2022-12-31,11.245664977513417
WDI:BM.GSR.INSF.ZS:KEN,2023-12-31,15.1355763919625
WDI:BM.GSR.INSF.ZS:KEN,2024-12-31,13.7875423670882
WDI:BM.GSR.INSF.ZS:KGZ,1993-12-31,7.582088375576491
WDI:BM.GSR.INSF.ZS:KGZ,1994-12-31,4.141529201648174
WDI:BM.GSR.INSF.ZS:KGZ,1995-12-31,4.253945149733744
WDI:BM.GSR.INSF.ZS:KGZ,1996-12-31,4.338642186508606
WDI:BM.GSR.INSF.ZS:KGZ,1997-12-31,7.541636727946116
WDI:BM.GSR.INSF.ZS:KGZ,1998-12-31,10.53946225128425
WDI:BM.GSR.INSF.ZS:KGZ,1999-12-31,10.442960135875282
WDI:BM.GSR.INSF.ZS:KGZ,2000-12-31,8.822976692397269
WDI:BM.GSR.INSF.ZS:KGZ,2001-12-31,9.287338410265841
WDI:BM.GSR.INSF.ZS:KGZ,2002-12-31,14.877998969096584
WDI:BM.GSR.INSF.ZS:KGZ,2003-12-31,12.200349758835069
WDI:BM.GSR.INSF.ZS:KGZ,2004-12-31,11.644652620803791
WDI:BM.GSR.INSF.ZS:KGZ,2005-12-31,6.658481839869021
WDI:BM.GSR.INSF.ZS:KGZ,2006-12-31,4.7506634830990695
WDI:BM.GSR.INSF.ZS:KGZ,2007-12-31,3.053306853777378
WDI:BM.GSR.INSF.ZS:KGZ,2008-12-31,2.194486472835437
WDI:BM.GSR.INSF.ZS:KGZ,2009-12-31,2.1465071504572624
WDI:BM.GSR.INSF.ZS:KGZ,2010-12-31,3.893220663887166
WDI:BM.GSR.INSF.ZS:KGZ,2011-12-31,2.374504646530384
WDI:BM.GSR.INSF.ZS:KGZ,2012-12-31,1.8770329155033059
WDI:BM.GSR.INSF.ZS:KGZ,2013-12-31,2.4790703544678787
WDI:BM.GSR.INSF.ZS:KGZ,2014-12-31,2.030096394402149
WDI:BM.GSR.INSF.ZS:KGZ,2015-12-31,2.633532196413087
WDI:BM.GSR.INSF.ZS:KGZ,2016-12-31,2.32026560761609
WDI:BM.GSR.INSF.ZS:KGZ,2017-12-31,4.0389006334626885
WDI:BM.GSR.INSF.ZS:KGZ,2018-12-31,2.0057444051961966
WDI:BM.GSR.INSF.ZS:KGZ,2019-12-31,2.2945016511769567
WDI:BM.GSR.INSF.ZS:KGZ,2020-12-31,2.9458145473639767
WDI:BM.GSR.INSF.ZS:KGZ,2021-12-31,2.9851968895316294
WDI:BM.GSR.INSF.ZS:KGZ,2022-12-31,3.054731372335805
WDI:BM.GSR.INSF.ZS:KGZ,2023-12-31,5.53400805685511
WDI:BM.GSR.INSF.ZS:KGZ,2024-12-31,11.6592251394238
WDI:BM.GSR.INSF.ZS:KHM,1993-12-31,2.784738702557379
WDI:BM.GSR.INSF.ZS:KHM,1994-12-31,3.29512893982808
WDI:BM.GSR.INSF.ZS:KHM,1995-12-31,4.151144225651943
WDI:BM.GSR.INSF.ZS:KHM,1996-12-31,4.0968342644320295
WDI:BM.GSR.INSF.ZS:KHM,1997-12-31,4.25531914893617
WDI:BM.GSR.INSF.ZS:KHM,1998-12-31,3.5743278279980895
WDI:BM.GSR.INSF.ZS:KHM,1999-12-31,3.8733751381692825
WDI:BM.GSR.INSF.ZS:KHM,2000-12-31,4.355291245251911
WDI:BM.GSR.INSF.ZS:KHM,2001-12-31,4.512739368578192
WDI:BM.GSR.INSF.ZS:KHM,2002-12-31,4.571600060528068
WDI:BM.GSR.INSF.ZS:KHM,2003-12-31,4.863010421420457
WDI:BM.GSR.INSF.ZS:KHM,2004-12-31,5.042583429425397
WDI:BM.GSR.INSF.ZS:KHM,2005-12-31,6.7438914132554055
WDI:BM.GSR.INSF.ZS:KHM,2006-12-31,5.617242130906505
WDI:BM.GSR.INSF.ZS:KHM,2007-12-31,5.9694052263428246
WDI:BM.GSR.INSF.ZS:KHM,2008-12-31,5.563758108338166
WDI:BM.GSR.INSF.ZS:KHM,2009-12-31,5.516572797242979
WDI:BM.GSR.INSF.ZS:KHM,2010-12-31,8.831206009002594
WDI:BM.GSR.INSF.ZS:KHM,2011-12-31,6.137271657064685
WDI:BM.GSR.INSF.ZS:KHM,2012-12-31,6.828435246210448
WDI:BM.GSR.INSF.ZS:KHM,2013-12-31,7.940910498823841
WDI:BM.GSR.INSF.ZS:KHM,2014-12-31,6.73907215813309
WDI:BM.GSR.INSF.ZS:KHM,2015-12-31,6.301476088796944
WDI:BM.GSR.INSF.ZS:KHM,2016-12-31,6.220276621386519
WDI:BM.GSR.INSF.ZS:KHM,2017-12-31,6.164222130130938
WDI:BM.GSR.INSF.ZS:KHM,2018-12-31,6.283599346151679
WDI:BM.GSR.INSF.ZS:KHM,2019-12-31,5.2599373388586015
WDI:BM.GSR.INSF.ZS:KHM,2020-12-31,8.756245910277134
WDI:BM.GSR.INSF.ZS:KHM,2021-12-31,10.708558812767855
WDI:BM.GSR.INSF.ZS:KHM,2022-12-31,9.234223461296736
WDI:BM.GSR.INSF.ZS:KHM,2023-12-31,8.0911491233375
WDI:BM.GSR.INSF.ZS:KHM,2024-12-31,9.05175137764316
WDI:BM.GSR.INSF.ZS:KHM,2025-12-31,8.84319131812308
WDI:BM.GSR.INSF.ZS:KIR,1979-12-31,6.775219913906036
WDI:BM.GSR.INSF.ZS:KIR,1980-12-31,5.530465497666205
WDI:BM.GSR.INSF.ZS:KIR,1981-12-31,5.693765586034934
WDI:BM.GSR.INSF.ZS:KIR,1982-12-31,5.3162970106075385
WDI:BM.GSR.INSF.ZS:KIR,1983-12-31,4.957114808308363
WDI:BM.GSR.INSF.ZS:KIR,1984-12-31,4.828932497688266
WDI:BM.GSR.INSF.ZS:KIR,1985-12-31,3.3087776251717007
WDI:BM.GSR.INSF.ZS:KIR,1986-12-31,3.9375707392625428
WDI:BM.GSR.INSF.ZS:KIR,1987-12-31,5.951255383968914
WDI:BM.GSR.INSF.ZS:KIR,1988-12-31,5.275791890622572
WDI:BM.GSR.INSF.ZS:KIR,1989-12-31,3.0359533371581517
WDI:BM.GSR.INSF.ZS:KIR,1990-12-31,5.766599597585516
WDI:BM.GSR.INSF.ZS:KIR,1991-12-31,6.478824245586588
WDI:BM.GSR.INSF.ZS:KIR,1992-12-31,4.321615613578985
WDI:BM.GSR.INSF.ZS:KIR,1993-12-31,7.2169941876556605
WDI:BM.GSR.INSF.ZS:KIR,1994-12-31,8.720859517534974
WDI:BM.GSR.INSF.ZS:KIR,2006-12-31,7.111463927298242
WDI:BM.GSR.INSF.ZS:KIR,2007-12-31,6.928801706587853
WDI:BM.GSR.INSF.ZS:KIR,2008-12-31,5.1208215444102425
WDI:BM.GSR.INSF.ZS:KIR,2009-12-31,4.045688077018691
WDI:BM.GSR.INSF.ZS:KIR,2010-12-31,4.987195427665763
WDI:BM.GSR.INSF.ZS:KIR,2011-12-31,4.657681962862094
WDI:BM.GSR.INSF.ZS:KIR,2012-12-31,3.466898122945504
WDI:BM.GSR.INSF.ZS:KIR,2013-12-31,3.0777374723873616
WDI:BM.GSR.INSF.ZS:KIR,2014-12-31,2.8589072730655753
WDI:BM.GSR.INSF.ZS:KIR,2015-12-31,2.393434848188508
WDI:BM.GSR.INSF.ZS:KIR,2016-12-31,2.2655999152343993
WDI:BM.GSR.INSF.ZS:KIR,2017-12-31,3.0392114794086633
WDI:BM.GSR.INSF.ZS:KIR,2018-12-31,5.0479590510717625
WDI:BM.GSR.INSF.ZS:KIR,2019-12-31,2.4855669789355503
WDI:BM.GSR.INSF.ZS:KIR,2020-12-31,2.0645691055363917
WDI:BM.GSR.INSF.ZS:KIR,2021-12-31,1.9747574173265101
WDI:BM.GSR.INSF.ZS:KIR,2022-12-31,0.7461645325721667
WDI:BM.GSR.INSF.ZS:KIR,2023-12-31,1.10800861524453
WDI:BM.GSR.INSF.ZS:KIR,2024-12-31,1.54319079515569
WDI:BM.GSR.INSF.ZS:KIR,2025-12-31,2.10477840509646
WDI:BM.GSR.INSF.ZS:KNA,1980-12-31,6.916243654822332
WDI:BM.GSR.INSF.ZS:KNA,1981-12-31,5.968074150360452
WDI:BM.GSR.INSF.ZS:KNA,1982-12-31,3.1154747948417385
WDI:BM.GSR.INSF.ZS:KNA,1983-12-31,4.271047227926085
WDI:BM.GSR.INSF.ZS:KNA,1984-12-31,5.092891760904685
WDI:BM.GSR.INSF.ZS:KNA,1985-12-31,4.475951184493898
WDI:BM.GSR.INSF.ZS:KNA,1986-12-31,7.634246279922391
WDI:BM.GSR.INSF.ZS:KNA,1987-12-31,7.668339968841956
WDI:BM.GSR.INSF.ZS:KNA,1988-12-31,7.779265208984057
WDI:BM.GSR.INSF.ZS:KNA,1989-12-31,7.237926226391165
WDI:BM.GSR.INSF.ZS:KNA,1990-12-31,6.670201484623547
WDI:BM.GSR.INSF.ZS:KNA,1991-12-31,6.692120055148992
WDI:BM.GSR.INSF.ZS:KNA,1992-12-31,7.430172647563954
WDI:BM.GSR.INSF.ZS:KNA,1993-12-31,8.478922904311572
WDI:BM.GSR.INSF.ZS:KNA,1994-12-31,12.97779245438786
WDI:BM.GSR.INSF.ZS:KNA,1995-12-31,10.532687651331733
WDI:BM.GSR.INSF.ZS:KNA,1996-12-31,9.912466042861462
WDI:BM.GSR.INSF.ZS:KNA,1997-12-31,8.849758591309287
WDI:BM.GSR.INSF.ZS:KNA,1998-12-31,9.43452558667224
WDI:BM.GSR.INSF.ZS:KNA,1999-12-31,9.657469077069457
WDI:BM.GSR.INSF.ZS:KNA,2000-12-31,13.197936493689783
WDI:BM.GSR.INSF.ZS:KNA,2001-12-31,13.788013049746503
WDI:BM.GSR.INSF.ZS:KNA,2002-12-31,11.449957920218742
WDI:BM.GSR.INSF.ZS:KNA,2003-12-31,11.826236397332496
WDI:BM.GSR.INSF.ZS:KNA,2004-12-31,12.25977735645578
WDI:BM.GSR.INSF.ZS:KNA,2005-12-31,10.996231934011218
WDI:BM.GSR.INSF.ZS:KNA,2006-12-31,10.140702414795486
WDI:BM.GSR.INSF.ZS:KNA,2007-12-31,10.801737177463483
WDI:BM.GSR.INSF.ZS:KNA,2008-12-31,9.36295322046873
WDI:BM.GSR.INSF.ZS:KNA,2009-12-31,9.21435170270544
WDI:BM.GSR.INSF.ZS:KNA,2010-12-31,7.640992894937998
WDI:BM.GSR.INSF.ZS:KNA,2011-12-31,7.418510589306789
WDI:BM.GSR.INSF.ZS:KNA,2012-12-31,7.396143408804981
WDI:BM.GSR.INSF.ZS:KNA,2013-12-31,8.223853011871388
WDI:BM.GSR.INSF.ZS:KNA,2014-12-31,8.210439444704893
WDI:BM.GSR.INSF.ZS:KNA,2015-12-31,9.862915043500227
WDI:BM.GSR.INSF.ZS:KNA,2016-12-31,10.741123795380624
WDI:BM.GSR.INSF.ZS:KNA,2017-12-31,9.756113008451665
WDI:BM.GSR.INSF.ZS:KNA,2018-12-31,10.597081680265202
WDI:BM.GSR.INSF.ZS:KNA,2019-12-31,11.497546064582298
WDI:BM.GSR.INSF.ZS:KNA,2020-12-31,17.57379128136082
WDI:BM.GSR.INSF.ZS:KNA,2021-12-31,19.50120581211952
WDI:BM.GSR.INSF.ZS:KNA,2022-12-31,15.83978537022514
WDI:BM.GSR.INSF.ZS:KNA,2023-12-31,13.7271633479825
WDI:BM.GSR.INSF.ZS:KNA,2024-12-31,18.060964932621
WDI:BM.GSR.INSF.ZS:KNA,2025-12-31,18.380767077819
WDI:BM.GSR.INSF.ZS:KOR,1976-12-31,8.312342569269521
WDI:BM.GSR.INSF.ZS:KOR,1977-12-31,6.222222222222222
WDI:BM.GSR.INSF.ZS:KOR,1978-12-31,5.007824726134586
WDI:BM.GSR.INSF.ZS:KOR,1979-12-31,5.481016271767057
WDI:BM.GSR.INSF.ZS:KOR,1980-12-31,0.41444958421348166
WDI:BM.GSR.INSF.ZS:KOR,1981-12-31,0.5036496350364963
WDI:BM.GSR.INSF.ZS:KOR,1982-12-31,0.8721804511278195
WDI:BM.GSR.INSF.ZS:KOR,1983-12-31,0.46348490542402604
WDI:BM.GSR.INSF.ZS:KOR,1984-12-31,3.8068111455108364
WDI:BM.GSR.INSF.ZS:KOR,1985-12-31,2.8520105015890564
WDI:BM.GSR.INSF.ZS:KOR,1986-12-31,2.3033145257810017
WDI:BM.GSR.INSF.ZS:KOR,1987-12-31,0.9578064354576187
WDI:BM.GSR.INSF.ZS:KOR,1988-12-31,1.3269252552712913
WDI:BM.GSR.INSF.ZS:KOR,1989-12-31,0.4124484439445069
WDI:BM.GSR.INSF.ZS:KOR,1990-12-31,-0.09134017412935323
WDI:BM.GSR.INSF.ZS:KOR,1991-12-31,0.2260349699029524
WDI:BM.GSR.INSF.ZS:KOR,1992-12-31,1.3767705798901817
WDI:BM.GSR.INSF.ZS:KOR,1993-12-31,1.3233628517873348
WDI:BM.GSR.INSF.ZS:KOR,1994-12-31,1.4389494272143057
WDI:BM.GSR.INSF.ZS:KOR,1995-12-31,1.488808759338944
WDI:BM.GSR.INSF.ZS:KOR,1996-12-31,1.0333761232349166
WDI:BM.GSR.INSF.ZS:KOR,1997-12-31,0.8010766904650517
WDI:BM.GSR.INSF.ZS:KOR,1998-12-31,1.025283816646503
WDI:BM.GSR.INSF.ZS:KOR,1999-12-31,0.26375324173701925
WDI:BM.GSR.INSF.ZS:KOR,2000-12-31,1.0095173656746133
WDI:BM.GSR.INSF.ZS:KOR,2001-12-31,1.3824452454233738
WDI:BM.GSR.INSF.ZS:KOR,2002-12-31,1.73707034578582
WDI:BM.GSR.INSF.ZS:KOR,2003-12-31,1.2101779064956557
WDI:BM.GSR.INSF.ZS:KOR,2004-12-31,1.1675772325419689
WDI:BM.GSR.INSF.ZS:KOR,2005-12-31,1.6259561606736344
WDI:BM.GSR.INSF.ZS:KOR,2006-12-31,2.1755205403970184
WDI:BM.GSR.INSF.ZS:KOR,2007-12-31,2.7974305082738815
WDI:BM.GSR.INSF.ZS:KOR,2008-12-31,2.550944419507355
WDI:BM.GSR.INSF.ZS:KOR,2009-12-31,3.8843903809279547
WDI:BM.GSR.INSF.ZS:KOR,2010-12-31,2.8848088401438274
WDI:BM.GSR.INSF.ZS:KOR,2011-12-31,2.6419805060019765
WDI:BM.GSR.INSF.ZS:KOR,2012-12-31,2.835982024515721
WDI:BM.GSR.INSF.ZS:KOR,2013-12-31,2.703984387112072
WDI:BM.GSR.INSF.ZS:KOR,2014-12-31,2.1760984231598615
WDI:BM.GSR.INSF.ZS:KOR,2015-12-31,2.27327860840281
WDI:BM.GSR.INSF.ZS:KOR,2016-12-31,2.3945250674335137
WDI:BM.GSR.INSF.ZS:KOR,2017-12-31,2.5025428005131474
WDI:BM.GSR.INSF.ZS:KOR,2018-12-31,2.035447650415004
WDI:BM.GSR.INSF.ZS:KOR,2019-12-31,2.438014694966951
WDI:BM.GSR.INSF.ZS:KOR,2020-12-31,2.941818589119296
WDI:BM.GSR.INSF.ZS:KOR,2021-12-31,3.088214231798
WDI:BM.GSR.INSF.ZS:KOR,2022-12-31,2.3359468794315363
WDI:BM.GSR.INSF.ZS:KOR,2023-12-31,3.89088881001876
WDI:BM.GSR.INSF.ZS:KOR,2024-12-31,4.08211946175955
WDI:BM.GSR.INSF.ZS:KOR,2025-12-31,3.59920698743494
WDI:BM.GSR.INSF.ZS:KWT,1975-12-31,4.090909090909086
WDI:BM.GSR.INSF.ZS:KWT,1976-12-31,3.157894736842104
WDI:BM.GSR.INSF.ZS:KWT,1977-12-31,1.9851116625310194
WDI:BM.GSR.INSF.ZS:KWT,1978-12-31,2.156862745098044
WDI:BM.GSR.INSF.ZS:KWT,1979-12-31,2.076677316293936
WDI:BM.GSR.INSF.ZS:KWT,1980-12-31,0.6031363088057903
WDI:BM.GSR.INSF.ZS:KWT,1981-12-31,4.8148148148148096
WDI:BM.GSR.INSF.ZS:KWT,1982-12-31,4.6766169154228745
WDI:BM.GSR.INSF.ZS:KWT,1983-12-31,3.981042654028429
WDI:BM.GSR.INSF.ZS:KWT,1984-12-31,3.646308113035541
WDI:BM.GSR.INSF.ZS:KWT,1985-12-31,1.1391375101708707
WDI:BM.GSR.INSF.ZS:KWT,1986-12-31,1.158645276292336
WDI:BM.GSR.INSF.ZS:KWT,1987-12-31,1.056338028169014
WDI:BM.GSR.INSF.ZS:KWT,1988-12-31,1.1935208866155156
WDI:BM.GSR.INSF.ZS:KWT,1989-12-31,1.2396694214876025
WDI:BM.GSR.INSF.ZS:KWT,1992-12-31,1.2630014858841
WDI:BM.GSR.INSF.ZS:KWT,1993-12-31,1.2408759124087603
WDI:BM.GSR.INSF.ZS:KWT,1994-12-31,1.1976047904191613
WDI:BM.GSR.INSF.ZS:KWT,1995-12-31,1.212651581447682
WDI:BM.GSR.INSF.ZS:KWT,1996-12-31,1.3169157832356644
WDI:BM.GSR.INSF.ZS:KWT,1997-12-31,1.2853470437018006
WDI:BM.GSR.INSF.ZS:KWT,1998-12-31,1.24245651402201
WDI:BM.GSR.INSF.ZS:KWT,1999-12-31,1.2068855999491832
WDI:BM.GSR.INSF.ZS:KWT,2000-12-31,1.17257369990063
WDI:BM.GSR.INSF.ZS:KWT,2001-12-31,1.1752527097795653
WDI:BM.GSR.INSF.ZS:KWT,2002-12-31,1.2342200180342662
WDI:BM.GSR.INSF.ZS:KWT,2003-12-31,1.7956781982347576
WDI:BM.GSR.INSF.ZS:KWT,2004-12-31,1.733973198116616
WDI:BM.GSR.INSF.ZS:KWT,2005-12-31,1.473651118009974
WDI:BM.GSR.INSF.ZS:KWT,2006-12-31,1.3184321347586732
WDI:BM.GSR.INSF.ZS:KWT,2007-12-31,1.26301911667766
WDI:BM.GSR.INSF.ZS:KWT,2008-12-31,2.357712076201264
WDI:BM.GSR.INSF.ZS:KWT,2009-12-31,4.226860075196605
WDI:BM.GSR.INSF.ZS:KWT,2010-12-31,7.786113712211957
WDI:BM.GSR.INSF.ZS:KWT,2011-12-31,7.783668909140508
WDI:BM.GSR.INSF.ZS:KWT,2012-12-31,7.772820613099686
WDI:BM.GSR.INSF.ZS:KWT,2013-12-31,3.3678679115171377
WDI:BM.GSR.INSF.ZS:KWT,2014-12-31,2.807831683278938
WDI:BM.GSR.INSF.ZS:KWT,2015-12-31,3.773772460076423
WDI:BM.GSR.INSF.ZS:KWT,2016-12-31,4.2620918528608085
WDI:BM.GSR.INSF.ZS:KWT,2017-12-31,5.650797872634744
WDI:BM.GSR.INSF.ZS:KWT,2018-12-31,13.198989555483449
WDI:BM.GSR.INSF.ZS:KWT,2019-12-31,5.603768572360675
WDI:BM.GSR.INSF.ZS:KWT,2020-12-31,9.939208253749806
WDI:BM.GSR.INSF.ZS:KWT,2021-12-31,14.461209007949504
WDI:BM.GSR.INSF.ZS:KWT,2022-12-31,9.928568810468501
WDI:BM.GSR.INSF.ZS:KWT,2023-12-31,10.1489140445093
WDI:BM.GSR.INSF.ZS:KWT,2024-12-31,9.88904240923751
WDI:BM.GSR.INSF.ZS:KWT,2025-12-31,8.63142401939132
WDI:BM.GSR.INSF.ZS:LAC,1979-12-31,6.184328805168185
WDI:BM.GSR.INSF.ZS:LAC,1980-12-31,6.36320060951156
WDI:BM.GSR.INSF.ZS:LAC,1981-12-31,6.769663484043716
WDI:BM.GSR.INSF.ZS:LAC,1982-12-31,6.731336883283928
WDI:BM.GSR.INSF.ZS:LAC,1983-12-31,7.008959380919455
WDI:BM.GSR.INSF.ZS:LAC,1984-12-31,8.24904669356286
WDI:BM.GSR.INSF.ZS:LAC,1985-12-31,7.6064069031752926
WDI:BM.GSR.INSF.ZS:LAC,1986-12-31,7.395207703145535
WDI:BM.GSR.INSF.ZS:LAC,1987-12-31,8.188235818779244
WDI:BM.GSR.INSF.ZS:LAC,1988-12-31,7.600684056470712
WDI:BM.GSR.INSF.ZS:LAC,1989-12-31,6.899674792729681
WDI:BM.GSR.INSF.ZS:LAC,1990-12-31,5.860004226673472
WDI:BM.GSR.INSF.ZS:LAC,1991-12-31,5.933133743654036
WDI:BM.GSR.INSF.ZS:LAC,1992-12-31,5.216545715133615
WDI:BM.GSR.INSF.ZS:LAC,1993-12-31,8.051254208319644
WDI:BM.GSR.INSF.ZS:LAC,1994-12-31,7.145029198036805
WDI:BM.GSR.INSF.ZS:LAC,1995-12-31,9.356112679921075
WDI:BM.GSR.INSF.ZS:LAC,1996-12-31,13.375156168024184
WDI:BM.GSR.INSF.ZS:LAC,1997-12-31,15.037439026445538
WDI:BM.GSR.INSF.ZS:LAC,1998-12-31,7.6675218758828185
WDI:BM.GSR.INSF.ZS:LAC,1999-12-31,7.862457305217573
WDI:BM.GSR.INSF.ZS:LAC,2000-12-31,8.557894763221851
WDI:BM.GSR.INSF.ZS:LAC,2001-12-31,9.463780876535093
WDI:BM.GSR.INSF.ZS:LAC,2002-12-31,11.234806159710388
WDI:BM.GSR.INSF.ZS:LAC,2003-12-31,11.548319670866684
WDI:BM.GSR.INSF.ZS:LAC,2004-12-31,10.36331087132601
WDI:BM.GSR.INSF.ZS:LAC,2005-12-31,9.57015165552961
WDI:BM.GSR.INSF.ZS:LAC,2006-12-31,9.021031864385145
WDI:BM.GSR.INSF.ZS:LAC,2007-12-31,9.271216620114973
WDI:BM.GSR.INSF.ZS:LAC,2008-12-31,8.614914590756175
WDI:BM.GSR.INSF.ZS:LAC,2009-12-31,10.235309924809581
WDI:BM.GSR.INSF.ZS:LAC,2010-12-31,8.456052289049715
WDI:BM.GSR.INSF.ZS:LAC,2011-12-31,8.871937945055087
WDI:BM.GSR.INSF.ZS:LAC,2012-12-31,8.263097839611776
WDI:BM.GSR.INSF.ZS:LAC,2013-12-31,8.38419700879681
WDI:BM.GSR.INSF.ZS:LAC,2014-12-31,7.7410844408113375
WDI:BM.GSR.INSF.ZS:LAC,2015-12-31,8.301721426193584
WDI:BM.GSR.INSF.ZS:LAC,2016-12-31,8.174629164712599
WDI:BM.GSR.INSF.ZS:LAC,2017-12-31,8.2145277852032
WDI:BM.GSR.INSF.ZS:LAC,2018-12-31,8.62773744058539
WDI:BM.GSR.INSF.ZS:LAC,2019-12-31,9.755232939539749
WDI:BM.GSR.INSF.ZS:LAC,2020-12-31,12.618562205798785
WDI:BM.GSR.INSF.ZS:LAC,2021-12-31,11.231215846052637
WDI:BM.GSR.INSF.ZS:LAC,2022-12-31,8.682278734501278
WDI:BM.GSR.INSF.ZS:LAC,2023-12-31,9.34922102395984
WDI:BM.GSR.INSF.ZS:LAC,2024-12-31,9.31681482824007
WDI:BM.GSR.INSF.ZS:LAC,2025-12-31,8.19042843891195
WDI:BM.GSR.INSF.ZS:LAO,1984-12-31,0.5217391304347827
WDI:BM.GSR.INSF.ZS:LAO,1985-12-31,3.9627039627039626
WDI:BM.GSR.INSF.ZS:LAO,1986-12-31,4.733727810650888
WDI:BM.GSR.INSF.ZS:LAO,1987-12-31,4.986876640419948
WDI:BM.GSR.INSF.ZS:LAO,1988-12-31,4.868913857677903
WDI:BM.GSR.INSF.ZS:LAO,1989-12-31,6.5891472868217065
WDI:BM.GSR.INSF.ZS:LAO,1990-12-31,6.0606060606060606
WDI:BM.GSR.INSF.ZS:LAO,1991-12-31,3.9915966386554618
WDI:BM.GSR.INSF.ZS:LAO,1992-12-31,3.9270687237026647
WDI:BM.GSR.INSF.ZS:LAO,1993-12-31,5.665349143610013
WDI:BM.GSR.INSF.ZS:LAO,1994-12-31,0.6574621959237344
WDI:BM.GSR.INSF.ZS:LAO,1995-12-31,3.8651315789473686
WDI:BM.GSR.INSF.ZS:LAO,1996-12-31,4.603174603174604
WDI:BM.GSR.INSF.ZS:LAO,1997-12-31,2.391200382592061
WDI:BM.GSR.INSF.ZS:LAO,1998-12-31,2.509760178471835
WDI:BM.GSR.INSF.ZS:LAO,2001-12-31,-2.5529648719500333
WDI:BM.GSR.INSF.ZS:LAO,2002-12-31,-6.196365726644359
WDI:BM.GSR.INSF.ZS:LAO,2003-12-31,-15.178600045576152
WDI:BM.GSR.INSF.ZS:LAO,2004-12-31,-15.332269307445065
WDI:BM.GSR.INSF.ZS:LAO,2005-12-31,-22.281979748496482
WDI:BM.GSR.INSF.ZS:LAO,2006-12-31,-33.03877101955115
WDI:BM.GSR.INSF.ZS:LAO,2007-12-31,-36.777210118773354
WDI:BM.GSR.INSF.ZS:LAO,2008-12-31,10.47603585545145
WDI:BM.GSR.INSF.ZS:LAO,2009-12-31,8.091656012466238
WDI:BM.GSR.INSF.ZS:LAO,2010-12-31,5.011857082738825
WDI:BM.GSR.INSF.ZS:LAO,2011-12-31,10.127862821903976
WDI:BM.GSR.INSF.ZS:LAO,2012-12-31,4.467172657100821
WDI:BM.GSR.INSF.ZS:LAO,2013-12-31,5.021413339149642
WDI:BM.GSR.INSF.ZS:LAO,2014-12-31,1.0994059473712545
WDI:BM.GSR.INSF.ZS:LAO,2015-12-31,1.9596011357992886
WDI:BM.GSR.INSF.ZS:LAO,2016-12-31,1.158802901341024
WDI:BM.GSR.INSF.ZS:LAO,2017-12-31,3.570571928876651
WDI:BM.GSR.INSF.ZS:LAO,2018-12-31,2.9047573920058194
WDI:BM.GSR.INSF.ZS:LAO,2019-12-31,3.5495480955035332
WDI:BM.GSR.INSF.ZS:LAO,2020-12-31,3.6498070421541415
WDI:BM.GSR.INSF.ZS:LAO,2021-12-31,7.396573718033672
WDI:BM.GSR.INSF.ZS:LAO,2022-12-31,3.4778203075139666
WDI:BM.GSR.INSF.ZS:LAO,2023-12-31,2.18008202379973
WDI:BM.GSR.INSF.ZS:LAO,2024-12-31,2.09067697995077
WDI:BM.GSR.INSF.ZS:LBN,2002-12-31,3.5587740801012173
WDI:BM.GSR.INSF.ZS:LBN,2003-12-31,3.441725735947237
WDI:BM.GSR.INSF.ZS:LBN,2004-12-31,2.2524247730705533
WDI:BM.GSR.INSF.ZS:LBN,2005-12-31,3.2682667606528852
WDI:BM.GSR.INSF.ZS:LBN,2006-12-31,3.2032895575370155
WDI:BM.GSR.INSF.ZS:LBN,2007-12-31,3.0729675006802655
WDI:BM.GSR.INSF.ZS:LBN,2008-12-31,2.4410157175136744
WDI:BM.GSR.INSF.ZS:LBN,2009-12-31,0.08351986836492595
WDI:BM.GSR.INSF.ZS:LBN,2010-12-31,10.584176683605435
WDI:BM.GSR.INSF.ZS:LBN,2011-12-31,7.9300364674771515
WDI:BM.GSR.INSF.ZS:LBN,2012-12-31,8.92766399134831
WDI:BM.GSR.INSF.ZS:LBN,2013-12-31,9.178370075373225
WDI:BM.GSR.INSF.ZS:LBN,2014-12-31,11.247123839432309
WDI:BM.GSR.INSF.ZS:LBN,2015-12-31,15.456075945325498
WDI:BM.GSR.INSF.ZS:LBN,2016-12-31,16.539605618253912
WDI:BM.GSR.INSF.ZS:LBN,2017-12-31,20.133751681850466
WDI:BM.GSR.INSF.ZS:LBN,2018-12-31,16.425992849671932
WDI:BM.GSR.INSF.ZS:LBN,2019-12-31,15.453811615415455
WDI:BM.GSR.INSF.ZS:LBN,2020-12-31,16.773592277181955
WDI:BM.GSR.INSF.ZS:LBN,2021-12-31,14.436054049124202
WDI:BM.GSR.INSF.ZS:LBN,2022-12-31,8.683137889547837
WDI:BM.GSR.INSF.ZS:LBN,2023-12-31,6.51870820654152
WDI:BM.GSR.INSF.ZS:LBR,1979-12-31,10.0
WDI:BM.GSR.INSF.ZS:LBR,1980-12-31,10.0
WDI:BM.GSR.INSF.ZS:LBR,1981-12-31,10.0
WDI:BM.GSR.INSF.ZS:LBR,1982-12-31,5.586956521739117
WDI:BM.GSR.INSF.ZS:LBR,1983-12-31,4.544618215271382
WDI:BM.GSR.INSF.ZS:LBR,1984-12-31,4.702702702702709
WDI:BM.GSR.INSF.ZS:LBR,1985-12-31,4.451371571072336
WDI:BM.GSR.INSF.ZS:LBR,1986-12-31,4.285714285714299
WDI:BM.GSR.INSF.ZS:LBR,1987-12-31,5.552560646900293
WDI:BM.GSR.INSF.ZS:LBR,2004-12-31,0.3946122061464014
WDI:BM.GSR.INSF.ZS:LBR,2005-12-31,0.41065423682928265
WDI:BM.GSR.INSF.ZS:LBR,2006-12-31,0.37500623251505955
WDI:BM.GSR.INSF.ZS:LBR,2007-12-31,0.4211239573084293
WDI:BM.GSR.INSF.ZS:LBR,2008-12-31,0.7547388884547935
WDI:BM.GSR.INSF.ZS:LBR,2009-12-31,0.2871122222397736
WDI:BM.GSR.INSF.ZS:LBR,2010-12-31,5.271230345048478
WDI:BM.GSR.INSF.ZS:LBR,2011-12-31,5.852176920154038
WDI:BM.GSR.INSF.ZS:LBR,2012-12-31,5.999079697015791
WDI:BM.GSR.INSF.ZS:LBR,2013-12-31,4.871063274463512
WDI:BM.GSR.INSF.ZS:LBR,2014-12-31,7.016561323963387
WDI:BM.GSR.INSF.ZS:LBR,2015-12-31,12.010989709570246
WDI:BM.GSR.INSF.ZS:LBR,2016-12-31,15.714355720702757
WDI:BM.GSR.INSF.ZS:LBR,2017-12-31,15.2950734785293
WDI:BM.GSR.INSF.ZS:LBR,2018-12-31,32.19193985001737
WDI:BM.GSR.INSF.ZS:LBR,2019-12-31,11.731435254771263
WDI:BM.GSR.INSF.ZS:LBR,2020-12-31,7.156629064981833
WDI:BM.GSR.INSF.ZS:LBR,2021-12-31,5.2234910275785325
WDI:BM.GSR.INSF.ZS:LBR,2022-12-31,7.95748123266309
WDI:BM.GSR.INSF.ZS:LBR,2023-12-31,8.74087965149458
WDI:BM.GSR.INSF.ZS:LBR,2024-12-31,9.09823338386114
WDI:BM.GSR.INSF.ZS:LBY,1977-12-31,4.205607476635512
WDI:BM.GSR.INSF.ZS:LBY,1978-12-31,4.430970149253718
WDI:BM.GSR.INSF.ZS:LBY,1979-12-31,4.911795226565214
WDI:BM.GSR.INSF.ZS:LBY,1980-12-31,5.0014667057788085
WDI:BM.GSR.INSF.ZS:LBY,1981-12-31,5.86794070807301
WDI:BM.GSR.INSF.ZS:LBY,1982-12-31,5.38323889054576
WDI:BM.GSR.INSF.ZS:LBY,1983-12-31,4.304056025678444
WDI:BM.GSR.INSF.ZS:LBY,1984-12-31,4.263803680981603
WDI:BM.GSR.INSF.ZS:LBY,1985-12-31,3.654358583936039
WDI:BM.GSR.INSF.ZS:LBY,1986-12-31,5.1849605821709845
WDI:BM.GSR.INSF.ZS:LBY,1987-12-31,4.133207368918272
WDI:BM.GSR.INSF.ZS:LBY,1988-12-31,1.9670729099850313
WDI:BM.GSR.INSF.ZS:LBY,1989-12-31,2.1636240703177756
WDI:BM.GSR.INSF.ZS:LBY,1990-12-31,2.7275044608717853
WDI:BM.GSR.INSF.ZS:LBY,2000-12-31,0.5586592178770949
WDI:BM.GSR.INSF.ZS:LBY,2001-12-31,0.4835589941972921
WDI:BM.GSR.INSF.ZS:LBY,2002-12-31,1.5544041450777202
WDI:BM.GSR.INSF.ZS:LBY,2003-12-31,4.3206011271133375
WDI:BM.GSR.INSF.ZS:LBY,2004-12-31,6.112852664576803
WDI:BM.GSR.INSF.ZS:LBY,2005-12-31,7.662835249042145
WDI:BM.GSR.INSF.ZS:LBY,2006-12-31,7.722308892355695
WDI:BM.GSR.INSF.ZS:LBY,2007-12-31,7.240577721885599
WDI:BM.GSR.INSF.ZS:LBY,2008-12-31,5.572947838497306
WDI:BM.GSR.INSF.ZS:LBY,2009-12-31,11.722299032194352
WDI:BM.GSR.INSF.ZS:LBY,2010-12-31,10.624408395077847
WDI:BM.GSR.INSF.ZS:LBY,2011-12-31,5.674357103775305
WDI:BM.GSR.INSF.ZS:LBY,2012-12-31,17.987678497405625
WDI:BM.GSR.INSF.ZS:LBY,2013-12-31,19.393259753290444
WDI:BM.GSR.INSF.ZS:LBY,2014-12-31,33.59799358914178
WDI:BM.GSR.INSF.ZS:LBY,2015-12-31,37.628799587841314
WDI:BM.GSR.INSF.ZS:LBY,2016-12-31,25.251474158862298
WDI:BM.GSR.INSF.ZS:LBY,2017-12-31,19.454194454194454
WDI:BM.GSR.INSF.ZS:LBY,2018-12-31,22.85782009244262
WDI:BM.GSR.INSF.ZS:LBY,2019-12-31,24.474279956555307
WDI:BM.GSR.INSF.ZS:LBY,2020-12-31,17.185662225478666
WDI:BM.GSR.INSF.ZS:LBY,2021-12-31,21.61979832410169
WDI:BM.GSR.INSF.ZS:LBY,2022-12-31,24.238399298108792
WDI:BM.GSR.INSF.ZS:LBY,2023-12-31,25.6233527276344
WDI:BM.GSR.INSF.ZS:LCA,1976-12-31,6.751479289940826
WDI:BM.GSR.INSF.ZS:LCA,1977-12-31,6.426996029995586
WDI:BM.GSR.INSF.ZS:LCA,1978-12-31,5.870129870129883
WDI:BM.GSR.INSF.ZS:LCA,1979-12-31,6.867403314917126
WDI:BM.GSR.INSF.ZS:LCA,1980-12-31,5.079418157498735
WDI:BM.GSR.INSF.ZS:LCA,1981-12-31,4.963160369963939
WDI:BM.GSR.INSF.ZS:LCA,1982-12-31,3.873465029364645
WDI:BM.GSR.INSF.ZS:LCA,1983-12-31,3.2375077112893265
WDI:BM.GSR.INSF.ZS:LCA,1984-12-31,2.8170649124504052
WDI:BM.GSR.INSF.ZS:LCA,1985-12-31,2.9952209109528782
WDI:BM.GSR.INSF.ZS:LCA,1986-12-31,7.80275190154688
WDI:BM.GSR.INSF.ZS:LCA,1987-12-31,8.223867526470812
WDI:BM.GSR.INSF.ZS:LCA,1988-12-31,7.985593641331347
WDI:BM.GSR.INSF.ZS:LCA,1989-12-31,8.049439135853762
WDI:BM.GSR.INSF.ZS:LCA,1990-12-31,7.173149710429107
WDI:BM.GSR.INSF.ZS:LCA,1991-12-31,7.81185341854798
WDI:BM.GSR.INSF.ZS:LCA,1992-12-31,10.775164862510884
WDI:BM.GSR.INSF.ZS:LCA,1993-12-31,7.542118054125304
WDI:BM.GSR.INSF.ZS:LCA,1994-12-31,6.89826832130286
WDI:BM.GSR.INSF.ZS:LCA,1995-12-31,5.843071786310536
WDI:BM.GSR.INSF.ZS:LCA,1996-12-31,6.098372557323488
WDI:BM.GSR.INSF.ZS:LCA,1997-12-31,6.583024485084171
WDI:BM.GSR.INSF.ZS:LCA,1998-12-31,5.920591778979534
WDI:BM.GSR.INSF.ZS:LCA,1999-12-31,6.554617562294389
WDI:BM.GSR.INSF.ZS:LCA,2000-12-31,9.774144327299897
WDI:BM.GSR.INSF.ZS:LCA,2001-12-31,9.742907717516289
WDI:BM.GSR.INSF.ZS:LCA,2002-12-31,9.964838654237896
WDI:BM.GSR.INSF.ZS:LCA,2003-12-31,9.678983017736483
WDI:BM.GSR.INSF.ZS:LCA,2004-12-31,9.39949906275006
WDI:BM.GSR.INSF.ZS:LCA,2005-12-31,9.36474048937385
WDI:BM.GSR.INSF.ZS:LCA,2006-12-31,10.236581358404335
WDI:BM.GSR.INSF.ZS:LCA,2007-12-31,8.08154750872298
WDI:BM.GSR.INSF.ZS:LCA,2008-12-31,9.45511382625354
WDI:BM.GSR.INSF.ZS:LCA,2009-12-31,9.342246393153484
WDI:BM.GSR.INSF.ZS:LCA,2010-12-31,9.458554692871731
WDI:BM.GSR.INSF.ZS:LCA,2011-12-31,10.063405962049845
WDI:BM.GSR.INSF.ZS:LCA,2012-12-31,10.48201476186888
WDI:BM.GSR.INSF.ZS:LCA,2013-12-31,10.419832407584149
WDI:BM.GSR.INSF.ZS:LCA,2014-12-31,8.936523366368936
WDI:BM.GSR.INSF.ZS:LCA,2015-12-31,8.054078546452814
WDI:BM.GSR.INSF.ZS:LCA,2016-12-31,9.357737653099159
WDI:BM.GSR.INSF.ZS:LCA,2017-12-31,8.968727274678352
WDI:BM.GSR.INSF.ZS:LCA,2018-12-31,8.388581317072495
WDI:BM.GSR.INSF.ZS:LCA,2019-12-31,8.260516167760503
WDI:BM.GSR.INSF.ZS:LCA,2020-12-31,13.369669450476158
WDI:BM.GSR.INSF.ZS:LCA,2021-12-31,11.255347782388684
WDI:BM.GSR.INSF.ZS:LCA,2022-12-31,7.932977499314994
WDI:BM.GSR.INSF.ZS:LCA,2023-12-31,7.84076618627245
WDI:BM.GSR.INSF.ZS:LCA,2024-12-31,7.47627780593492
WDI:BM.GSR.INSF.ZS:LCA,2025-12-31,7.41287898475422
WDI:BM.GSR.INSF.ZS:LCN,1979-12-31,5.647439195846856
WDI:BM.GSR.INSF.ZS:LCN,1980-12-31,6.003709283289128
WDI:BM.GSR.INSF.ZS:LCN,1981-12-31,6.129965008219412
WDI:BM.GSR.INSF.ZS:LCN,1982-12-31,6.28309536076384
WDI:BM.GSR.INSF.ZS:LCN,1983-12-31,6.140404986072428
WDI:BM.GSR.INSF.ZS:LCN,1984-12-31,6.904990271142067
WDI:BM.GSR.INSF.ZS:LCN,1985-12-31,6.943539296272133
WDI:BM.GSR.INSF.ZS:LCN,1986-12-31,6.8114400463952816
WDI:BM.GSR.INSF.ZS:LCN,1987-12-31,7.534596958577537
WDI:BM.GSR.INSF.ZS:LCN,1988-12-31,7.002939966941689
WDI:BM.GSR.INSF.ZS:LCN,1989-12-31,6.2012990801448975
WDI:BM.GSR.INSF.ZS:LCN,1990-12-31,5.600080761672766
WDI:BM.GSR.INSF.ZS:LCN,1991-12-31,5.455800761947575
WDI:BM.GSR.INSF.ZS:LCN,1992-12-31,4.810308570007351
WDI:BM.GSR.INSF.ZS:LCN,1993-12-31,7.225102458863993
WDI:BM.GSR.INSF.ZS:LCN,1994-12-31,6.621027774196572
WDI:BM.GSR.INSF.ZS:LCN,1995-12-31,8.145504908357557
WDI:BM.GSR.INSF.ZS:LCN,1996-12-31,11.136345236590223
WDI:BM.GSR.INSF.ZS:LCN,1997-12-31,13.155638632231552
WDI:BM.GSR.INSF.ZS:LCN,1998-12-31,7.454738400712766
WDI:BM.GSR.INSF.ZS:LCN,1999-12-31,7.642916902232215
WDI:BM.GSR.INSF.ZS:LCN,2000-12-31,8.326537098559376
WDI:BM.GSR.INSF.ZS:LCN,2001-12-31,9.040168248365195
WDI:BM.GSR.INSF.ZS:LCN,2002-12-31,10.929821296244734
WDI:BM.GSR.INSF.ZS:LCN,2003-12-31,11.16767336985303
WDI:BM.GSR.INSF.ZS:LCN,2004-12-31,9.948310569411456
WDI:BM.GSR.INSF.ZS:LCN,2005-12-31,9.695526049564611
WDI:BM.GSR.INSF.ZS:LCN,2006-12-31,9.476088183609733
WDI:BM.GSR.INSF.ZS:LCN,2007-12-31,9.591298264447136
WDI:BM.GSR.INSF.ZS:LCN,2008-12-31,8.976700964757017
WDI:BM.GSR.INSF.ZS:LCN,2009-12-31,10.392524167930583
WDI:BM.GSR.INSF.ZS:LCN,2010-12-31,8.91386101521927
WDI:BM.GSR.INSF.ZS:LCN,2011-12-31,8.94712474813401
WDI:BM.GSR.INSF.ZS:LCN,2012-12-31,8.331982625216527
WDI:BM.GSR.INSF.ZS:LCN,2013-12-31,8.606616324541134
WDI:BM.GSR.INSF.ZS:LCN,2014-12-31,7.8987929656048905
WDI:BM.GSR.INSF.ZS:LCN,2015-12-31,8.543272774966827
WDI:BM.GSR.INSF.ZS:LCN,2016-12-31,8.521863318597282
WDI:BM.GSR.INSF.ZS:LCN,2017-12-31,8.674765215436343
WDI:BM.GSR.INSF.ZS:LCN,2018-12-31,8.825686963901
WDI:BM.GSR.INSF.ZS:LCN,2019-12-31,9.797878670101339
WDI:BM.GSR.INSF.ZS:LCN,2020-12-31,12.627047227699139
WDI:BM.GSR.INSF.ZS:LCN,2021-12-31,11.284061682413
WDI:BM.GSR.INSF.ZS:LCN,2022-12-31,9.533884431040244
WDI:BM.GSR.INSF.ZS:LCN,2023-12-31,9.70682806729977
WDI:BM.GSR.INSF.ZS:LCN,2024-12-31,9.78889944133488
WDI:BM.GSR.INSF.ZS:LCN,2025-12-31,8.71516500173874
WDI:BM.GSR.INSF.ZS:LDC,1983-12-31,4.704671378606359
WDI:BM.GSR.INSF.ZS:LDC,1984-12-31,4.92558636112599
WDI:BM.GSR.INSF.ZS:LDC,1985-12-31,4.509095338861834
WDI:BM.GSR.INSF.ZS:LDC,1986-12-31,4.784049389664581
WDI:BM.GSR.INSF.ZS:LDC,1987-12-31,4.51730563958407
WDI:BM.GSR.INSF.ZS:LDC,1988-12-31,4.274026756261278
WDI:BM.GSR.INSF.ZS:LDC,1989-12-31,4.332052681495943
WDI:BM.GSR.INSF.ZS:LDC,1990-12-31,3.865264704913129
WDI:BM.GSR.INSF.ZS:LDC,1991-12-31,3.946428065957096
WDI:BM.GSR.INSF.ZS:LDC,1992-12-31,3.930481428439287
WDI:BM.GSR.INSF.ZS:LDC,1993-12-31,3.677744817171881
WDI:BM.GSR.INSF.ZS:LDC,1994-12-31,3.5501873714000225
WDI:BM.GSR.INSF.ZS:LDC,1995-12-31,3.212124814938389
WDI:BM.GSR.INSF.ZS:LDC,1997-12-31,3.8317064438961643
WDI:BM.GSR.INSF.ZS:LDC,1998-12-31,4.257697864576303
WDI:BM.GSR.INSF.ZS:LDC,2002-12-31,4.747135181294915
WDI:BM.GSR.INSF.ZS:LDC,2003-12-31,5.602806190422395
WDI:BM.GSR.INSF.ZS:LDC,2004-12-31,5.09079470345624
WDI:BM.GSR.INSF.ZS:LDC,2005-12-31,5.273801533647072
WDI:BM.GSR.INSF.ZS:LDC,2006-12-31,5.903434631686446
WDI:BM.GSR.INSF.ZS:LDC,2007-12-31,5.466918912218584
WDI:BM.GSR.INSF.ZS:LDC,2008-12-31,6.9733132607341854
WDI:BM.GSR.INSF.ZS:LDC,2009-12-31,4.830701918157588
WDI:BM.GSR.INSF.ZS:LDC,2010-12-31,5.542882929706666
WDI:BM.GSR.INSF.ZS:LDC,2011-12-31,4.068684023339179
WDI:BM.GSR.INSF.ZS:LDC,2012-12-31,4.541718303179645
WDI:BM.GSR.INSF.ZS:LDC,2013-12-31,5.48882487424552
WDI:BM.GSR.INSF.ZS:LDC,2014-12-31,5.2161310366664875
WDI:BM.GSR.INSF.ZS:LDC,2015-12-31,5.148114072144286
WDI:BM.GSR.INSF.ZS:LDC,2016-12-31,6.1472211138486035
WDI:BM.GSR.INSF.ZS:LDC,2017-12-31,7.141575429890008
WDI:BM.GSR.INSF.ZS:LDC,2018-12-31,7.443019830245917
WDI:BM.GSR.INSF.ZS:LDC,2019-12-31,6.735432747010948
WDI:BM.GSR.INSF.ZS:LDC,2020-12-31,6.667217196024199
WDI:BM.GSR.INSF.ZS:LDC,2021-12-31,7.058408662952663
WDI:BM.GSR.INSF.ZS:LDC,2022-12-31,6.555944710416402
WDI:BM.GSR.INSF.ZS:LDC,2023-12-31,6.99103696427072
WDI:BM.GSR.INSF.ZS:LDC,2024-12-31,8.37453563582893
WDI:BM.GSR.INSF.ZS:LIC,2005-12-31,6.597691293247066
WDI:BM.GSR.INSF.ZS:LIC,2006-12-31,7.631327317785745
WDI:BM.GSR.INSF.ZS:LIC,2007-12-31,7.269089978413686
WDI:BM.GSR.INSF.ZS:LIC,2008-12-31,6.827575086440904
WDI:BM.GSR.INSF.ZS:LIC,2009-12-31,6.3971249613774415
WDI:BM.GSR.INSF.ZS:LIC,2010-12-31,6.443840381145531
WDI:BM.GSR.INSF.ZS:LIC,2011-12-31,6.338501766394048
WDI:BM.GSR.INSF.ZS:LIC,2012-12-31,7.166454408832015
WDI:BM.GSR.INSF.ZS:LIC,2013-12-31,7.131842488806367
WDI:BM.GSR.INSF.ZS:LIC,2014-12-31,7.662960845284496
WDI:BM.GSR.INSF.ZS:LIC,2015-12-31,6.819271120236504
WDI:BM.GSR.INSF.ZS:LIC,2016-12-31,6.656264604575708
WDI:BM.GSR.INSF.ZS:LIC,2017-12-31,9.590191598688854
WDI:BM.GSR.INSF.ZS:LIC,2018-12-31,7.087866545608851
WDI:BM.GSR.INSF.ZS:LIC,2019-12-31,7.885071539679759
WDI:BM.GSR.INSF.ZS:LIC,2020-12-31,7.624007085350381
WDI:BM.GSR.INSF.ZS:LKA,1975-12-31,8.09234507901425
WDI:BM.GSR.INSF.ZS:LKA,1976-12-31,8.114942528761484
WDI:BM.GSR.INSF.ZS:LKA,1977-12-31,8.401552064307214
WDI:BM.GSR.INSF.ZS:LKA,1978-12-31,6.837108451771523
WDI:BM.GSR.INSF.ZS:LKA,1979-12-31,6.985658143603786
WDI:BM.GSR.INSF.ZS:LKA,1980-12-31,6.494792756360347
WDI:BM.GSR.INSF.ZS:LKA,1981-12-31,5.941785760980043
WDI:BM.GSR.INSF.ZS:LKA,1982-12-31,6.10318388025363
WDI:BM.GSR.INSF.ZS:LKA,1983-12-31,6.647939006096797
WDI:BM.GSR.INSF.ZS:LKA,1984-12-31,7.682898120932559
WDI:BM.GSR.INSF.ZS:LKA,1985-12-31,6.789154807305731
WDI:BM.GSR.INSF.ZS:LKA,1986-12-31,9.408834261759393
WDI:BM.GSR.INSF.ZS:LKA,1987-12-31,7.357042314080086
WDI:BM.GSR.INSF.ZS:LKA,1988-12-31,7.30396685723877
WDI:BM.GSR.INSF.ZS:LKA,1989-12-31,6.672260937179997
WDI:BM.GSR.INSF.ZS:LKA,1990-12-31,6.591066984015706
WDI:BM.GSR.INSF.ZS:LKA,1991-12-31,5.369887591312137
WDI:BM.GSR.INSF.ZS:LKA,1992-12-31,5.353173658032913
WDI:BM.GSR.INSF.ZS:LKA,1993-12-31,5.531004790733754
WDI:BM.GSR.INSF.ZS:LKA,1994-12-31,5.705197571131321
WDI:BM.GSR.INSF.ZS:LKA,1995-12-31,5.2898124063146605
WDI:BM.GSR.INSF.ZS:LKA,1996-12-31,6.010189171908473
WDI:BM.GSR.INSF.ZS:LKA,1997-12-31,6.034035810538961
WDI:BM.GSR.INSF.ZS:LKA,1998-12-31,5.674927252235755
WDI:BM.GSR.INSF.ZS:LKA,1999-12-31,5.623637256846408
WDI:BM.GSR.INSF.ZS:LKA,2000-12-31,5.789224312659304
WDI:BM.GSR.INSF.ZS:LKA,2001-12-31,21.54106453054818
WDI:BM.GSR.INSF.ZS:LKA,2002-12-31,5.5776052515306445
WDI:BM.GSR.INSF.ZS:LKA,2003-12-31,5.704343123685283
WDI:BM.GSR.INSF.ZS:LKA,2004-12-31,5.788582082237647
WDI:BM.GSR.INSF.ZS:LKA,2005-12-31,5.886082216653294
WDI:BM.GSR.INSF.ZS:LKA,2006-12-31,5.8375842346915325
WDI:BM.GSR.INSF.ZS:LKA,2007-12-31,5.879312001537427
WDI:BM.GSR.INSF.ZS:LKA,2008-12-31,6.236444822453753
WDI:BM.GSR.INSF.ZS:LKA,2009-12-31,5.885762311394433
WDI:BM.GSR.INSF.ZS:LKA,2010-12-31,5.919689139978571
WDI:BM.GSR.INSF.ZS:LKA,2011-12-31,6.428045317941206
WDI:BM.GSR.INSF.ZS:LKA,2012-12-31,13.49112791067365
WDI:BM.GSR.INSF.ZS:LKA,2013-12-31,11.790595667504016
WDI:BM.GSR.INSF.ZS:LKA,2014-12-31,11.787642354463083
WDI:BM.GSR.INSF.ZS:LKA,2015-12-31,11.580154625190769
WDI:BM.GSR.INSF.ZS:LKA,2016-12-31,11.55295542603752
WDI:BM.GSR.INSF.ZS:LKA,2017-12-31,11.532896890174541
WDI:BM.GSR.INSF.ZS:LKA,2018-12-31,11.816114204858655
WDI:BM.GSR.INSF.ZS:LKA,2019-12-31,12.366554159972843
WDI:BM.GSR.INSF.ZS:LKA,2020-12-31,13.630661216407262
WDI:BM.GSR.INSF.ZS:LKA,2021-12-31,15.610792513301583
WDI:BM.GSR.INSF.ZS:LKA,2022-12-31,13.941007741743444
WDI:BM.GSR.INSF.ZS:LKA,2023-12-31,4.58371471429853
WDI:BM.GSR.INSF.ZS:LKA,2024-12-31,3.50719863861391
WDI:BM.GSR.INSF.ZS:LMC,1977-12-31,4.07285769159952
WDI:BM.GSR.INSF.ZS:LMC,1978-12-31,4.229187251091201
WDI:BM.GSR.INSF.ZS:LMC,1979-12-31,4.259550487379606
WDI:BM.GSR.INSF.ZS:LMC,1980-12-31,4.138012784772428
WDI:BM.GSR.INSF.ZS:LMC,1981-12-31,4.191434502492399
WDI:BM.GSR.INSF.ZS:LMC,1982-12-31,3.8243082146183864
WDI:BM.GSR.INSF.ZS:LMC,1983-12-31,3.744185733176074
WDI:BM.GSR.INSF.ZS:LMC,1984-12-31,4.122809762781756
WDI:BM.GSR.INSF.ZS:LMC,1985-12-31,4.247329984362706
WDI:BM.GSR.INSF.ZS:LMC,1986-12-31,4.482381804600412
WDI:BM.GSR.INSF.ZS:LMC,1987-12-31,4.586812721827363
WDI:BM.GSR.INSF.ZS:LMC,1988-12-31,4.632226279379974
WDI:BM.GSR.INSF.ZS:LMC,1989-12-31,4.493330943203518
WDI:BM.GSR.INSF.ZS:LMC,1990-12-31,4.387313288124614
WDI:BM.GSR.INSF.ZS:LMC,1991-12-31,4.46570797341793
WDI:BM.GSR.INSF.ZS:LMC,1992-12-31,4.382380416451398
WDI:BM.GSR.INSF.ZS:LMC,1993-12-31,4.235823458624171
WDI:BM.GSR.INSF.ZS:LMC,1994-12-31,4.283951420435155
WDI:BM.GSR.INSF.ZS:LMC,1995-12-31,4.121126402042958
WDI:BM.GSR.INSF.ZS:LMC,1996-12-31,3.995272433546147
WDI:BM.GSR.INSF.ZS:LMC,1997-12-31,3.752657392908698
WDI:BM.GSR.INSF.ZS:LMC,1998-12-31,4.264514987323627
WDI:BM.GSR.INSF.ZS:LMC,1999-12-31,4.530620400174905
WDI:BM.GSR.INSF.ZS:LMC,2000-12-31,6.780449460884156
WDI:BM.GSR.INSF.ZS:LMC,2001-12-31,7.97163761152144
WDI:BM.GSR.INSF.ZS:LMC,2002-12-31,6.936745404332762
WDI:BM.GSR.INSF.ZS:LMC,2003-12-31,5.982571614240678
WDI:BM.GSR.INSF.ZS:LMC,2004-12-31,6.178899173978729
WDI:BM.GSR.INSF.ZS:LMC,2005-12-31,5.772949580264144
WDI:BM.GSR.INSF.ZS:LMC,2006-12-31,6.2705468708061645
WDI:BM.GSR.INSF.ZS:LMC,2007-12-31,6.598314526798385
WDI:BM.GSR.INSF.ZS:LMC,2008-12-31,7.036077143368968
WDI:BM.GSR.INSF.ZS:LMC,2009-12-31,6.405971499548993
WDI:BM.GSR.INSF.ZS:LMC,2010-12-31,7.707420375566433
WDI:BM.GSR.INSF.ZS:LMC,2011-12-31,7.869197694381749
WDI:BM.GSR.INSF.ZS:LMC,2012-12-31,6.695553967063314
WDI:BM.GSR.INSF.ZS:LMC,2013-12-31,7.05905055773063
WDI:BM.GSR.INSF.ZS:LMC,2014-12-31,6.255794283522157
WDI:BM.GSR.INSF.ZS:LMC,2015-12-31,6.183546821758153
WDI:BM.GSR.INSF.ZS:LMC,2016-12-31,7.249586639318937
WDI:BM.GSR.INSF.ZS:LMC,2017-12-31,7.345434009127933
WDI:BM.GSR.INSF.ZS:LMC,2018-12-31,6.136000456060943
WDI:BM.GSR.INSF.ZS:LMC,2019-12-31,5.4265033359119625
WDI:BM.GSR.INSF.ZS:LMC,2020-12-31,6.992107744819592
WDI:BM.GSR.INSF.ZS:LMC,2021-12-31,6.947190385060428
WDI:BM.GSR.INSF.ZS:LMC,2022-12-31,6.099446433140053
WDI:BM.GSR.INSF.ZS:LMC,2023-12-31,5.62285200705232
WDI:BM.GSR.INSF.ZS:LMC,2024-12-31,5.49056499415714
WDI:BM.GSR.INSF.ZS:LMC,2025-12-31,5.10026100012249
WDI:BM.GSR.INSF.ZS:LMY,1982-12-31,5.527289265211125
WDI:BM.GSR.INSF.ZS:LMY,1983-12-31,5.932179145925376
WDI:BM.GSR.INSF.ZS:LMY,1984-12-31,6.103174337268563
WDI:BM.GSR.INSF.ZS:LMY,1985-12-31,5.591770355799742
WDI:BM.GSR.INSF.ZS:LMY,1986-12-31,5.910979226830216
WDI:BM.GSR.INSF.ZS:LMY,1987-12-31,6.181445093542296
WDI:BM.GSR.INSF.ZS:LMY,1988-12-31,5.8161011621456975
WDI:BM.GSR.INSF.ZS:LMY,1989-12-31,5.5192453032775735
WDI:BM.GSR.INSF.ZS:LMY,1990-12-31,5.310100148824703
WDI:BM.GSR.INSF.ZS:LMY,1991-12-31,5.3866681871971265
WDI:BM.GSR.INSF.ZS:LMY,1992-12-31,5.139858822215096
WDI:BM.GSR.INSF.ZS:LMY,1993-12-31,5.694140102443271
WDI:BM.GSR.INSF.ZS:LMY,1994-12-31,6.3327247962184785
WDI:BM.GSR.INSF.ZS:LMY,1995-12-31,8.042112530705984
WDI:BM.GSR.INSF.ZS:LMY,1996-12-31,6.402929010628336
WDI:BM.GSR.INSF.ZS:LMY,1997-12-31,7.350610836726063
WDI:BM.GSR.INSF.ZS:LMY,1998-12-31,5.990904895040245
WDI:BM.GSR.INSF.ZS:LMY,1999-12-31,5.753165778802756
WDI:BM.GSR.INSF.ZS:LMY,2000-12-31,6.614851541247775
WDI:BM.GSR.INSF.ZS:LMY,2001-12-31,7.1583793356212295
WDI:BM.GSR.INSF.ZS:LMY,2002-12-31,7.207141968229145
WDI:BM.GSR.INSF.ZS:LMY,2003-12-31,7.366598738226548
WDI:BM.GSR.INSF.ZS:LMY,2004-12-31,7.164656054287053
WDI:BM.GSR.INSF.ZS:LMY,2005-12-31,6.979127309948948
WDI:BM.GSR.INSF.ZS:LMY,2006-12-31,7.315035039399571
WDI:BM.GSR.INSF.ZS:LMY,2007-12-31,7.277021710326292
WDI:BM.GSR.INSF.ZS:LMY,2008-12-31,7.334814462525654
WDI:BM.GSR.INSF.ZS:LMY,2009-12-31,7.571054290763406
WDI:BM.GSR.INSF.ZS:LMY,2010-12-31,7.968674887864895
WDI:BM.GSR.INSF.ZS:LMY,2011-12-31,7.950147999615189
WDI:BM.GSR.INSF.ZS:LMY,2012-12-31,7.583144201466509
WDI:BM.GSR.INSF.ZS:LMY,2013-12-31,7.639873726179792
WDI:BM.GSR.INSF.ZS:LMY,2014-12-31,6.903248661263107
WDI:BM.GSR.INSF.ZS:LMY,2015-12-31,5.513926814028175
WDI:BM.GSR.INSF.ZS:LMY,2016-12-31,5.764785632612106
WDI:BM.GSR.INSF.ZS:LMY,2017-12-31,5.643994314261196
WDI:BM.GSR.INSF.ZS:LMY,2018-12-31,5.242973119897765
WDI:BM.GSR.INSF.ZS:LMY,2019-12-31,5.349896371807059
WDI:BM.GSR.INSF.ZS:LMY,2020-12-31,7.124143139753162
WDI:BM.GSR.INSF.ZS:LMY,2021-12-31,7.232157966699254
WDI:BM.GSR.INSF.ZS:LMY,2022-12-31,6.49738711965997
WDI:BM.GSR.INSF.ZS:LMY,2023-12-31,6.34076074681729
WDI:BM.GSR.INSF.ZS:LMY,2024-12-31,5.96014223684062
WDI:BM.GSR.INSF.ZS:LMY,2025-12-31,5.22706474473004
WDI:BM.GSR.INSF.ZS:LSO,1975-12-31,3.2624113475177365
WDI:BM.GSR.INSF.ZS:LSO,1976-12-31,3.7362637362637354
WDI:BM.GSR.INSF.ZS:LSO,1977-12-31,3.4722222222222223
WDI:BM.GSR.INSF.ZS:LSO,1978-12-31,3.4230769230769234
WDI:BM.GSR.INSF.ZS:LSO,1979-12-31,3.53535353535352
WDI:BM.GSR.INSF.ZS:LSO,1980-12-31,2.8316326530612153
WDI:BM.GSR.INSF.ZS:LSO,1981-12-31,3.4297520661156886
WDI:BM.GSR.INSF.ZS:LSO,1982-12-31,0.7965017419198424
WDI:BM.GSR.INSF.ZS:LSO,1983-12-31,0.7576883165675831
WDI:BM.GSR.INSF.ZS:LSO,1984-12-31,0.6842082777896675
WDI:BM.GSR.INSF.ZS:LSO,1985-12-31,0.667835592684834
WDI:BM.GSR.INSF.ZS:LSO,1986-12-31,0.7457106518034837
WDI:BM.GSR.INSF.ZS:LSO,1987-12-31,0.5803734617276064
WDI:BM.GSR.INSF.ZS:LSO,1988-12-31,0.730215399104916
WDI:BM.GSR.INSF.ZS:LSO,1989-12-31,0.578346945854821
WDI:BM.GSR.INSF.ZS:LSO,1990-12-31,0.6427469183075549
WDI:BM.GSR.INSF.ZS:LSO,1991-12-31,0.7898449549121059
WDI:BM.GSR.INSF.ZS:LSO,1992-12-31,0.9610153797201789
WDI:BM.GSR.INSF.ZS:LSO,1993-12-31,1.088212575212692
WDI:BM.GSR.INSF.ZS:LSO,1994-12-31,1.0839030509870515
WDI:BM.GSR.INSF.ZS:LSO,1995-12-31,1.146332581
WDI:BM.GSR.INSF.ZS:LSO,1996-12-31,1.115072473000756
WDI:BM.GSR.INSF.ZS:LSO,1997-12-31,1.2939851748066233
WDI:BM.GSR.INSF.ZS:LSO,1998-12-31,1.6377709464305639
WDI:BM.GSR.INSF.ZS:LSO,1999-12-31,1.770041990255485
WDI:BM.GSR.INSF.ZS:LSO,2000-12-31,3.0121743563826455
WDI:BM.GSR.INSF.ZS:LSO,2001-12-31,3.1484056671428124
WDI:BM.GSR.INSF.ZS:LSO,2002-12-31,3.463003179991549
WDI:BM.GSR.INSF.ZS:LSO,2003-12-31,3.1824940127372283
WDI:BM.GSR.INSF.ZS:LSO,2004-12-31,3.6505185769279263
WDI:BM.GSR.INSF.ZS:LSO,2005-12-31,4.314200297584196
WDI:BM.GSR.INSF.ZS:LSO,2006-12-31,3.6846966849551697
WDI:BM.GSR.INSF.ZS:LSO,2007-12-31,3.4972046937547874
WDI:BM.GSR.INSF.ZS:LSO,2008-12-31,4.153299882244249
WDI:BM.GSR.INSF.ZS:LSO,2009-12-31,3.1731436353472158
WDI:BM.GSR.INSF.ZS:LSO,2010-12-31,3.422964022642353
WDI:BM.GSR.INSF.ZS:LSO,2011-12-31,3.0586118232035773
WDI:BM.GSR.INSF.ZS:LSO,2012-12-31,3.381177373648444
WDI:BM.GSR.INSF.ZS:LSO,2013-12-31,3.443371826960981
WDI:BM.GSR.INSF.ZS:LSO,2014-12-31,3.5102786636356074
WDI:BM.GSR.INSF.ZS:LSO,2015-12-31,3.9344344528272748
WDI:BM.GSR.INSF.ZS:LSO,2016-12-31,2.7651647335957366
WDI:BM.GSR.INSF.ZS:LSO,2017-12-31,2.683689900746865
WDI:BM.GSR.INSF.ZS:LSO,2018-12-31,2.5569128809388215
WDI:BM.GSR.INSF.ZS:LSO,2019-12-31,2.533924375874862
WDI:BM.GSR.INSF.ZS:LSO,2020-12-31,2.6646642578178104
WDI:BM.GSR.INSF.ZS:LSO,2021-12-31,2.855396187779299
WDI:BM.GSR.INSF.ZS:LSO,2022-12-31,2.568611473811338
WDI:BM.GSR.INSF.ZS:LSO,2023-12-31,2.55719789618709
WDI:BM.GSR.INSF.ZS:LSO,2024-12-31,2.55718518441989
WDI:BM.GSR.INSF.ZS:LSO,2025-12-31,2.30405851105703
WDI:BM.GSR.INSF.ZS:LTE,1982-12-31,4.5235661616738545
WDI:BM.GSR.INSF.ZS:LTE,1983-12-31,4.463967520240274
WDI:BM.GSR.INSF.ZS:LTE,1984-12-31,4.753573763483276
WDI:BM.GSR.INSF.ZS:LTE,1985-12-31,4.115997159853966
WDI:BM.GSR.INSF.ZS:LTE,1986-12-31,4.512306949918399
WDI:BM.GSR.INSF.ZS:LTE,1987-12-31,5.028386294070111
WDI:BM.GSR.INSF.ZS:LTE,1988-12-31,4.822533823614843
WDI:BM.GSR.INSF.ZS:LTE,1989-12-31,4.430724688194391
WDI:BM.GSR.INSF.ZS:LTE,1990-12-31,4.226697643527169
WDI:BM.GSR.INSF.ZS:LTE,1991-12-31,4.734139670242132
WDI:BM.GSR.INSF.ZS:LTE,1992-12-31,3.9841838135491283
WDI:BM.GSR.INSF.ZS:LTE,1993-12-31,4.785096717983052
WDI:BM.GSR.INSF.ZS:LTE,1994-12-31,5.51987846105905
WDI:BM.GSR.INSF.ZS:LTE,1995-12-31,7.867245323894534
WDI:BM.GSR.INSF.ZS:LTE,1996-12-31,3.9842660775375855
WDI:BM.GSR.INSF.ZS:LTE,1997-12-31,5.837266024615124
WDI:BM.GSR.INSF.ZS:LTE,1998-12-31,6.105744911952262
WDI:BM.GSR.INSF.ZS:LTE,1999-12-31,5.566552579499609
WDI:BM.GSR.INSF.ZS:LTE,2000-12-31,5.506469464444922
WDI:BM.GSR.INSF.ZS:LTE,2001-12-31,5.816834903178434
WDI:BM.GSR.INSF.ZS:LTE,2002-12-31,5.910919933330634
WDI:BM.GSR.INSF.ZS:LTE,2003-12-31,6.415154246178602
WDI:BM.GSR.INSF.ZS:LTE,2004-12-31,6.247620521088426
WDI:BM.GSR.INSF.ZS:LTE,2005-12-31,8.06420022846179
WDI:BM.GSR.INSF.ZS:LTE,2006-12-31,8.756916148160066
WDI:BM.GSR.INSF.ZS:LTE,2007-12-31,8.32762366571629
WDI:BM.GSR.INSF.ZS:LTE,2008-12-31,7.8186210823734905
WDI:BM.GSR.INSF.ZS:LTE,2009-12-31,7.916384527345743
WDI:BM.GSR.INSF.ZS:LTE,2010-12-31,8.481293210628223
WDI:BM.GSR.INSF.ZS:LTE,2011-12-31,7.910216070267498
WDI:BM.GSR.INSF.ZS:LTE,2012-12-31,7.681279856563463
WDI:BM.GSR.INSF.ZS:LTE,2013-12-31,7.098586222639691
WDI:BM.GSR.INSF.ZS:LTE,2014-12-31,6.576863925425937
WDI:BM.GSR.INSF.ZS:LTE,2015-12-31,5.389459327228248
WDI:BM.GSR.INSF.ZS:LTE,2016-12-31,5.608412876000065
WDI:BM.GSR.INSF.ZS:LTE,2017-12-31,5.405280309939798
WDI:BM.GSR.INSF.ZS:LTE,2018-12-31,5.623714448768201
WDI:BM.GSR.INSF.ZS:LTE,2019-12-31,5.151433463024958
WDI:BM.GSR.INSF.ZS:LTE,2020-12-31,6.726585086588645
WDI:BM.GSR.INSF.ZS:LTE,2021-12-31,7.5068397536396425
WDI:BM.GSR.INSF.ZS:LTE,2022-12-31,6.994199665545136
WDI:BM.GSR.INSF.ZS:LTE,2023-12-31,6.07663039907245
WDI:BM.GSR.INSF.ZS:LTE,2024-12-31,5.80026273322546
WDI:BM.GSR.INSF.ZS:LTE,2025-12-31,4.19957828584932
WDI:BM.GSR.INSF.ZS:LTU,1994-12-31,0.06119958251946694
WDI:BM.GSR.INSF.ZS:LTU,1995-12-31,0.9876939754682512
WDI:BM.GSR.INSF.ZS:LTU,1996-12-31,0.9383254215999557
WDI:BM.GSR.INSF.ZS:LTU,1997-12-31,2.660202501754347
WDI:BM.GSR.INSF.ZS:LTU,1998-12-31,3.0909638813552025
WDI:BM.GSR.INSF.ZS:LTU,1999-12-31,1.043780622727991
WDI:BM.GSR.INSF.ZS:LTU,2000-12-31,1.9846913561617479
WDI:BM.GSR.INSF.ZS:LTU,2001-12-31,3.978615849001709
WDI:BM.GSR.INSF.ZS:LTU,2002-12-31,4.0943358544710975
WDI:BM.GSR.INSF.ZS:LTU,2003-12-31,1.2875198327909905
WDI:BM.GSR.INSF.ZS:LTU,2004-12-31,3.1147961442236007
WDI:BM.GSR.INSF.ZS:LTU,2005-12-31,2.0610047258874182
WDI:BM.GSR.INSF.ZS:LTU,2006-12-31,2.9481075406057577
WDI:BM.GSR.INSF.ZS:LTU,2007-12-31,3.4331480083220756
WDI:BM.GSR.INSF.ZS:LTU,2008-12-31,3.3578318314004414
WDI:BM.GSR.INSF.ZS:LTU,2009-12-31,2.74900644217106
WDI:BM.GSR.INSF.ZS:LTU,2010-12-31,2.827356905095328
WDI:BM.GSR.INSF.ZS:LTU,2011-12-31,2.386442412891986
WDI:BM.GSR.INSF.ZS:LTU,2012-12-31,2.714009679885911
WDI:BM.GSR.INSF.ZS:LTU,2013-12-31,2.8436531096801545
WDI:BM.GSR.INSF.ZS:LTU,2014-12-31,2.783897527248014
WDI:BM.GSR.INSF.ZS:LTU,2015-12-31,3.0829816531375123
WDI:BM.GSR.INSF.ZS:LTU,2016-12-31,2.877266295782928
WDI:BM.GSR.INSF.ZS:LTU,2017-12-31,2.6136964994191265
WDI:BM.GSR.INSF.ZS:LTU,2018-12-31,2.7414326151291695
WDI:BM.GSR.INSF.ZS:LTU,2019-12-31,2.522214282166544
WDI:BM.GSR.INSF.ZS:LTU,2020-12-31,2.920085885668933
WDI:BM.GSR.INSF.ZS:LTU,2021-12-31,4.012614257803154
WDI:BM.GSR.INSF.ZS:LTU,2022-12-31,3.9051488135883528
WDI:BM.GSR.INSF.ZS:LTU,2023-12-31,4.24434501438869
WDI:BM.GSR.INSF.ZS:LTU,2024-12-31,4.09818649858023
WDI:BM.GSR.INSF.ZS:LTU,2025-12-31,4.24398907775367
WDI:BM.GSR.INSF.ZS:LUX,1999-12-31,58.49758080311158
WDI:BM.GSR.INSF.ZS:LUX,2000-12-31,59.137325437815115
WDI:BM.GSR.INSF.ZS:LUX,2001-12-31,55.895448237841016
WDI:BM.GSR.INSF.ZS:LUX,2002-12-31,67.04420210951925
WDI:BM.GSR.INSF.ZS:LUX,2003-12-31,63.36206388573331
WDI:BM.GSR.INSF.ZS:LUX,2004-12-31,63.50819455927519
WDI:BM.GSR.INSF.ZS:LUX,2005-12-31,67.41009805924179
WDI:BM.GSR.INSF.ZS:LUX,2006-12-31,70.06590871644806
WDI:BM.GSR.INSF.ZS:LUX,2007-12-31,71.79984804193641
WDI:BM.GSR.INSF.ZS:LUX,2008-12-31,66.87727373551961
WDI:BM.GSR.INSF.ZS:LUX,2009-12-31,63.32020824643529
WDI:BM.GSR.INSF.ZS:LUX,2010-12-31,62.403035358531135
WDI:BM.GSR.INSF.ZS:LUX,2011-12-31,60.062689783667
WDI:BM.GSR.INSF.ZS:LUX,2012-12-31,55.24390501253359
WDI:BM.GSR.INSF.ZS:LUX,2013-12-31,54.69447004788178
WDI:BM.GSR.INSF.ZS:LUX,2014-12-31,55.09494673772802
WDI:BM.GSR.INSF.ZS:LUX,2015-12-31,58.06330566992979
WDI:BM.GSR.INSF.ZS:LUX,2016-12-31,55.01030529512363
WDI:BM.GSR.INSF.ZS:LUX,2017-12-31,54.070867043344336
WDI:BM.GSR.INSF.ZS:LUX,2018-12-31,52.01847686468031
WDI:BM.GSR.INSF.ZS:LUX,2019-12-31,49.300936381159
WDI:BM.GSR.INSF.ZS:LUX,2020-12-31,48.22398634450833
WDI:BM.GSR.INSF.ZS:LUX,2021-12-31,48.04954510431496
WDI:BM.GSR.INSF.ZS:LUX,2022-12-31,44.03397583746976
WDI:BM.GSR.INSF.ZS:LUX,2023-12-31,42.7070180866572
WDI:BM.GSR.INSF.ZS:LUX,2024-12-31,50.9639559701437
WDI:BM.GSR.INSF.ZS:LUX,2025-12-31,49.2441798533579
WDI:BM.GSR.INSF.ZS:LVA,1992-12-31,3.6503349622712706
WDI:BM.GSR.INSF.ZS:LVA,1993-12-31,5.6895760286749555
WDI:BM.GSR.INSF.ZS:LVA,1994-12-31,9.065075592860392
WDI:BM.GSR.INSF.ZS:LVA,1995-12-31,6.391014122754954
WDI:BM.GSR.INSF.ZS:LVA,1996-12-31,4.213437580018313
WDI:BM.GSR.INSF.ZS:LVA,1997-12-31,3.1635618228099025
WDI:BM.GSR.INSF.ZS:LVA,1998-12-31,9.15823214539483
WDI:BM.GSR.INSF.ZS:LVA,1999-12-31,7.965599887212744
WDI:BM.GSR.INSF.ZS:LVA,2008-12-31,7.104187147787158
WDI:BM.GSR.INSF.ZS:LVA,2009-12-31,9.12275217940597
WDI:BM.GSR.INSF.ZS:LVA,2010-12-31,9.218609278633133
WDI:BM.GSR.INSF.ZS:LVA,2011-12-31,10.085688507894384
WDI:BM.GSR.INSF.ZS:LVA,2012-12-31,8.789570098414682
WDI:BM.GSR.INSF.ZS:LVA,2013-12-31,9.700898410101638
WDI:BM.GSR.INSF.ZS:LVA,2014-12-31,7.689594288813057
WDI:BM.GSR.INSF.ZS:LVA,2015-12-31,7.667822721497662
WDI:BM.GSR.INSF.ZS:LVA,2016-12-31,6.8547555739890065
WDI:BM.GSR.INSF.ZS:LVA,2017-12-31,7.127188244519991
WDI:BM.GSR.INSF.ZS:LVA,2018-12-31,5.244976633833498
WDI:BM.GSR.INSF.ZS:LVA,2019-12-31,4.514251152399472
WDI:BM.GSR.INSF.ZS:LVA,2020-12-31,5.435257033559112
WDI:BM.GSR.INSF.ZS:LVA,2021-12-31,3.3061313202332077
WDI:BM.GSR.INSF.ZS:LVA,2022-12-31,3.2021627618957273
WDI:BM.GSR.INSF.ZS:LVA,2023-12-31,3.30652958086607
WDI:BM.GSR.INSF.ZS:LVA,2024-12-31,2.45786813716756
WDI:BM.GSR.INSF.ZS:LVA,2025-12-31,3.03185011869294
WDI:BM.GSR.INSF.ZS:MAC,2002-12-31,13.679506809488624
WDI:BM.GSR.INSF.ZS:MAC,2003-12-31,14.169197504555294
WDI:BM.GSR.INSF.ZS:MAC,2004-12-31,14.394290294739115
WDI:BM.GSR.INSF.ZS:MAC,2005-12-31,14.750691540961983
WDI:BM.GSR.INSF.ZS:MAC,2006-12-31,14.898941018712039
WDI:BM.GSR.INSF.ZS:MAC,2007-12-31,14.51798111150539
WDI:BM.GSR.INSF.ZS:MAC,2008-12-31,13.378066668947564
WDI:BM.GSR.INSF.ZS:MAC,2009-12-31,11.045125266296914
WDI:BM.GSR.INSF.ZS:MAC,2010-12-31,12.63303617707365
WDI:BM.GSR.INSF.ZS:MAC,2011-12-31,12.301780740878595
WDI:BM.GSR.INSF.ZS:MAC,2012-12-31,13.264157708744989
WDI:BM.GSR.INSF.ZS:MAC,2013-12-31,14.175853231488816
WDI:BM.GSR.INSF.ZS:MAC,2014-12-31,13.44246573951522
WDI:BM.GSR.INSF.ZS:MAC,2015-12-31,15.07676853285053
WDI:BM.GSR.INSF.ZS:MAC,2016-12-31,17.704406995929954
WDI:BM.GSR.INSF.ZS:MAC,2017-12-31,16.891259998604898
WDI:BM.GSR.INSF.ZS:MAC,2018-12-31,15.391417575965477
WDI:BM.GSR.INSF.ZS:MAC,2019-12-31,17.89497251360656
WDI:BM.GSR.INSF.ZS:MAC,2020-12-31,29.699361731553974
WDI:BM.GSR.INSF.ZS:MAC,2021-12-31,33.22359348541811
WDI:BM.GSR.INSF.ZS:MAC,2022-12-31,32.84491054133012
WDI:BM.GSR.INSF.ZS:MAC,2023-12-31,23.8428523350461
WDI:BM.GSR.INSF.ZS:MAC,2024-12-31,21.317091231873
WDI:BM.GSR.INSF.ZS:MAR,1975-12-31,4.062572421784473
WDI:BM.GSR.INSF.ZS:MAR,1976-12-31,2.470096829314601
WDI:BM.GSR.INSF.ZS:MAR,1977-12-31,2.8075874470677045
WDI:BM.GSR.INSF.ZS:MAR,1978-12-31,2.4941019902002335
WDI:BM.GSR.INSF.ZS:MAR,1979-12-31,2.7808417997097266
WDI:BM.GSR.INSF.ZS:MAR,1980-12-31,3.3024818723103344
WDI:BM.GSR.INSF.ZS:MAR,1981-12-31,3.40832547487539
WDI:BM.GSR.INSF.ZS:MAR,1982-12-31,3.5297048200274177
WDI:BM.GSR.INSF.ZS:MAR,1983-12-31,3.2102135859964673
WDI:BM.GSR.INSF.ZS:MAR,1984-12-31,4.033438332929488
WDI:BM.GSR.INSF.ZS:MAR,1985-12-31,3.7098901098901065
WDI:BM.GSR.INSF.ZS:MAR,1986-12-31,2.5033246786144217
WDI:BM.GSR.INSF.ZS:MAR,1987-12-31,2.848904267589405
WDI:BM.GSR.INSF.ZS:MAR,1988-12-31,3.145782867209889
WDI:BM.GSR.INSF.ZS:MAR,1989-12-31,3.652698516223702
WDI:BM.GSR.INSF.ZS:MAR,1990-12-31,3.870868433573095
WDI:BM.GSR.INSF.ZS:MAR,1991-12-31,6.488488166156826
WDI:BM.GSR.INSF.ZS:MAR,1992-12-31,6.763609246830702
WDI:BM.GSR.INSF.ZS:MAR,1993-12-31,4.697624190064804
WDI:BM.GSR.INSF.ZS:MAR,1994-12-31,4.881266490765193
WDI:BM.GSR.INSF.ZS:MAR,1995-12-31,2.5156453311853304
WDI:BM.GSR.INSF.ZS:MAR,1996-12-31,2.375434530706841
WDI:BM.GSR.INSF.ZS:MAR,1997-12-31,2.3255813953488444
WDI:BM.GSR.INSF.ZS:MAR,1998-12-31,1.9308296201994468
WDI:BM.GSR.INSF.ZS:MAR,1999-12-31,1.8384599714809577
WDI:BM.GSR.INSF.ZS:MAR,2000-12-31,1.5343144325025984
WDI:BM.GSR.INSF.ZS:MAR,2001-12-31,1.7903379382924327
WDI:BM.GSR.INSF.ZS:MAR,2002-12-31,1.886345520446379
WDI:BM.GSR.INSF.ZS:MAR,2003-12-31,1.9901192223905513
WDI:BM.GSR.INSF.ZS:MAR,2004-12-31,2.366033023576818
WDI:BM.GSR.INSF.ZS:MAR,2005-12-31,2.0885694445417617
WDI:BM.GSR.INSF.ZS:MAR,2006-12-31,2.0880996741654343
WDI:BM.GSR.INSF.ZS:MAR,2007-12-31,2.093961905378789
WDI:BM.GSR.INSF.ZS:MAR,2008-12-31,2.4810163563358447
WDI:BM.GSR.INSF.ZS:MAR,2009-12-31,3.5791043437026095
WDI:BM.GSR.INSF.ZS:MAR,2010-12-31,3.3000227608658865
WDI:BM.GSR.INSF.ZS:MAR,2011-12-31,2.889641752356013
WDI:BM.GSR.INSF.ZS:MAR,2012-12-31,3.395620731989648
WDI:BM.GSR.INSF.ZS:MAR,2013-12-31,3.617034330527756
WDI:BM.GSR.INSF.ZS:MAR,2014-12-31,2.3491125048855754
WDI:BM.GSR.INSF.ZS:MAR,2015-12-31,2.673555597456271
WDI:BM.GSR.INSF.ZS:MAR,2016-12-31,1.3958546256149629
WDI:BM.GSR.INSF.ZS:MAR,2017-12-31,1.5050093570596117
WDI:BM.GSR.INSF.ZS:MAR,2018-12-31,1.4551944767922853
WDI:BM.GSR.INSF.ZS:MAR,2019-12-31,3.1551860609775857
WDI:BM.GSR.INSF.ZS:MAR,2020-12-31,4.196071830033852
WDI:BM.GSR.INSF.ZS:MAR,2021-12-31,3.939248804762438
WDI:BM.GSR.INSF.ZS:MAR,2022-12-31,2.4366776652388555
WDI:BM.GSR.INSF.ZS:MAR,2023-12-31,2.34597461179347
WDI:BM.GSR.INSF.ZS:MAR,2024-12-31,1.99237995628524
WDI:BM.GSR.INSF.ZS:MAR,2025-12-31,2.31809628990996
WDI:BM.GSR.INSF.ZS:MDA,1994-12-31,4.163606432822591
WDI:BM.GSR.INSF.ZS:MDA,1995-12-31,9.143235533822331
WDI:BM.GSR.INSF.ZS:MDA,1996-12-31,1.7967670212126676
WDI:BM.GSR.INSF.ZS:MDA,1997-12-31,1.6253789066583046
WDI:BM.GSR.INSF.ZS:MDA,1998-12-31,2.927099601995063
WDI:BM.GSR.INSF.ZS:MDA,1999-12-31,4.0466969747993495
WDI:BM.GSR.INSF.ZS:MDA,2000-12-31,1.5132843693005373
WDI:BM.GSR.INSF.ZS:MDA,2001-12-31,1.8931807343824512
WDI:BM.GSR.INSF.ZS:MDA,2002-12-31,1.3944455234026023
WDI:BM.GSR.INSF.ZS:MDA,2003-12-31,1.8078214564325203
WDI:BM.GSR.INSF.ZS:MDA,2004-12-31,1.43089613377476
WDI:BM.GSR.INSF.ZS:MDA,2005-12-31,1.5646290466569561
WDI:BM.GSR.INSF.ZS:MDA,2006-12-31,2.1475389813947805
WDI:BM.GSR.INSF.ZS:MDA,2007-12-31,1.8162979216188213
WDI:BM.GSR.INSF.ZS:MDA,2008-12-31,2.368894555593952
WDI:BM.GSR.INSF.ZS:MDA,2009-12-31,2.766485841530585
WDI:BM.GSR.INSF.ZS:MDA,2010-12-31,3.483892579978784
WDI:BM.GSR.INSF.ZS:MDA,2011-12-31,2.649298644960612
WDI:BM.GSR.INSF.ZS:MDA,2012-12-31,1.4688633847435517
WDI:BM.GSR.INSF.ZS:MDA,2013-12-31,1.4073842239699543
WDI:BM.GSR.INSF.ZS:MDA,2014-12-31,1.7466775690346479
WDI:BM.GSR.INSF.ZS:MDA,2015-12-31,1.4272088176069524
WDI:BM.GSR.INSF.ZS:MDA,2016-12-31,1.6675937651639783
WDI:BM.GSR.INSF.ZS:MDA,2017-12-31,1.8481250065853942
WDI:BM.GSR.INSF.ZS:MDA,2018-12-31,1.7370368719069063
WDI:BM.GSR.INSF.ZS:MDA,2019-12-31,1.5333180595507812
WDI:BM.GSR.INSF.ZS:MDA,2020-12-31,1.7539272967012982
WDI:BM.GSR.INSF.ZS:MDA,2021-12-31,1.7153721084280344
WDI:BM.GSR.INSF.ZS:MDA,2022-12-31,2.3663459504409543
WDI:BM.GSR.INSF.ZS:MDA,2023-12-31,2.47033634929027
WDI:BM.GSR.INSF.ZS:MDA,2024-12-31,2.53442302627842
WDI:BM.GSR.INSF.ZS:MDA,2025-12-31,1.89327520148002
WDI:BM.GSR.INSF.ZS:MDG,1974-12-31,3.895551257253396
WDI:BM.GSR.INSF.ZS:MDG,1975-12-31,4.31452883706273
WDI:BM.GSR.INSF.ZS:MDG,1976-12-31,3.741258741258762
WDI:BM.GSR.INSF.ZS:MDG,1977-12-31,5.035820895522393
WDI:BM.GSR.INSF.ZS:MDG,1978-12-31,4.9816272965879485
WDI:BM.GSR.INSF.ZS:MDG,1979-12-31,4.816578483245125
WDI:BM.GSR.INSF.ZS:MDG,1980-12-31,4.755447204022549
WDI:BM.GSR.INSF.ZS:MDG,1981-12-31,3.483902759526942
WDI:BM.GSR.INSF.ZS:MDG,1982-12-31,3.75732456767187
WDI:BM.GSR.INSF.ZS:MDG,1983-12-31,3.079309414620995
WDI:BM.GSR.INSF.ZS:MDG,1984-12-31,2.646566164154118
WDI:BM.GSR.INSF.ZS:MDG,1985-12-31,2.7994944479552175
WDI:BM.GSR.INSF.ZS:MDG,1986-12-31,2.6817494055767708
WDI:BM.GSR.INSF.ZS:MDG,1987-12-31,2.5754884547069254
WDI:BM.GSR.INSF.ZS:MDG,1988-12-31,2.3641064984513993
WDI:BM.GSR.INSF.ZS:MDG,1989-12-31,1.6648545800489252
WDI:BM.GSR.INSF.ZS:MDG,1990-12-31,2.502692998204666
WDI:BM.GSR.INSF.ZS:MDG,1991-12-31,2.529787979674086
WDI:BM.GSR.INSF.ZS:MDG,1992-12-31,2.0174962066575453
WDI:BM.GSR.INSF.ZS:MDG,1993-12-31,2.2634387028697955
WDI:BM.GSR.INSF.ZS:MDG,1994-12-31,1.533679638933832
WDI:BM.GSR.INSF.ZS:MDG,1995-12-31,2.249505476812357
WDI:BM.GSR.INSF.ZS:MDG,1996-12-31,0.7353072194339694
WDI:BM.GSR.INSF.ZS:MDG,1997-12-31,1.888281755266869
WDI:BM.GSR.INSF.ZS:MDG,1998-12-31,1.315511902049633
WDI:BM.GSR.INSF.ZS:MDG,1999-12-31,1.364013758747481
WDI:BM.GSR.INSF.ZS:MDG,2000-12-31,1.1935896564997848
WDI:BM.GSR.INSF.ZS:MDG,2001-12-31,1.0757905032590234
WDI:BM.GSR.INSF.ZS:MDG,2002-12-31,1.230709478431452
WDI:BM.GSR.INSF.ZS:MDG,2003-12-31,2.3717545992861044
WDI:BM.GSR.INSF.ZS:MDG,2004-12-31,1.7782407799146798
WDI:BM.GSR.INSF.ZS:MDG,2005-12-31,0.9813463548440242
WDI:BM.GSR.INSF.ZS:MDG,2006-12-31,0.42670989639272927
WDI:BM.GSR.INSF.ZS:MDG,2007-12-31,0.2422952639255973
WDI:BM.GSR.INSF.ZS:MDG,2008-12-31,0.18000136790240484
WDI:BM.GSR.INSF.ZS:MDG,2009-12-31,0.34695580054491537
WDI:BM.GSR.INSF.ZS:MDG,2010-12-31,0.23574782920871862
WDI:BM.GSR.INSF.ZS:MDG,2011-12-31,0.27772628464481736
WDI:BM.GSR.INSF.ZS:MDG,2012-12-31,0.3051754473399203
WDI:BM.GSR.INSF.ZS:MDG,2013-12-31,0.5925013505882547
WDI:BM.GSR.INSF.ZS:MDG,2014-12-31,0.4665334580581444
WDI:BM.GSR.INSF.ZS:MDG,2015-12-31,0.5909810415639869
WDI:BM.GSR.INSF.ZS:MDG,2016-12-31,0.534061358085975
WDI:BM.GSR.INSF.ZS:MDG,2017-12-31,1.4371515754686273
WDI:BM.GSR.INSF.ZS:MDG,2018-12-31,1.6484032168549732
WDI:BM.GSR.INSF.ZS:MDG,2019-12-31,2.0131579129920585
WDI:BM.GSR.INSF.ZS:MDG,2020-12-31,2.1791603064510237
WDI:BM.GSR.INSF.ZS:MDG,2021-12-31,1.9529625140887847
WDI:BM.GSR.INSF.ZS:MDG,2022-12-31,1.5242849235319018
WDI:BM.GSR.INSF.ZS:MDG,2023-12-31,1.89770921148212
WDI:BM.GSR.INSF.ZS:MDG,2024-12-31,1.38898536728051
WDI:BM.GSR.INSF.ZS:MDV,1977-12-31,10.0
WDI:BM.GSR.INSF.ZS:MDV,1978-12-31,10.0
WDI:BM.GSR.INSF.ZS:MDV,1979-12-31,0.08
WDI:BM.GSR.INSF.ZS:MDV,1980-12-31,0.06960556844547564
WDI:BM.GSR.INSF.ZS:MDV,1981-12-31,0.7707129094412332
WDI:BM.GSR.INSF.ZS:MDV,1982-12-31,0.12578616352201258
WDI:BM.GSR.INSF.ZS:MDV,1983-12-31,0.4884318766066838
WDI:BM.GSR.INSF.ZS:MDV,1984-12-31,1.3157894736842104
WDI:BM.GSR.INSF.ZS:MDV,1985-12-31,1.2592592592592593
WDI:BM.GSR.INSF.ZS:MDV,1986-12-31,1.1613402726999011
WDI:BM.GSR.INSF.ZS:MDV,1987-12-31,2.0077492074674184
WDI:BM.GSR.INSF.ZS:MDV,1988-12-31,3.0920590302178494
WDI:BM.GSR.INSF.ZS:MDV,1989-12-31,3.115480476322348
WDI:BM.GSR.INSF.ZS:MDV,1990-12-31,2.7086017829436977
WDI:BM.GSR.INSF.ZS:MDV,1991-12-31,2.9046037019458946
WDI:BM.GSR.INSF.ZS:MDV,1992-12-31,3.0566801619433197
WDI:BM.GSR.INSF.ZS:MDV,1993-12-31,2.6675989861026133
WDI:BM.GSR.INSF.ZS:MDV,1994-12-31,3.2891980881944014
WDI:BM.GSR.INSF.ZS:MDV,1995-12-31,3.527748677163905
WDI:BM.GSR.INSF.ZS:MDV,1996-12-31,3.4581636295761373
WDI:BM.GSR.INSF.ZS:MDV,1997-12-31,3.7363059106692145
WDI:BM.GSR.INSF.ZS:MDV,1998-12-31,3.6517581029907062
WDI:BM.GSR.INSF.ZS:MDV,1999-12-31,3.793638163372183
WDI:BM.GSR.INSF.ZS:MDV,2000-12-31,3.613437914521868
WDI:BM.GSR.INSF.ZS:MDV,2001-12-31,3.654755431417863
WDI:BM.GSR.INSF.ZS:MDV,2002-12-31,3.594911541012584
WDI:BM.GSR.INSF.ZS:MDV,2003-12-31,3.9926886076470014
WDI:BM.GSR.INSF.ZS:MDV,2004-12-31,4.1583868668132675
WDI:BM.GSR.INSF.ZS:MDV,2005-12-31,3.5657698787765755
WDI:BM.GSR.INSF.ZS:MDV,2006-12-31,4.088264707372282
WDI:BM.GSR.INSF.ZS:MDV,2007-12-31,3.890745995819868
WDI:BM.GSR.INSF.ZS:MDV,2008-12-31,3.594905244077198
WDI:BM.GSR.INSF.ZS:MDV,2009-12-31,4.89886173948954
WDI:BM.GSR.INSF.ZS:MDV,2010-12-31,4.442225912158143
WDI:BM.GSR.INSF.ZS:MDV,2011-12-31,3.9407806833769925
WDI:BM.GSR.INSF.ZS:MDV,2012-12-31,5.041053452291566
WDI:BM.GSR.INSF.ZS:MDV,2013-12-31,4.899166396690376
WDI:BM.GSR.INSF.ZS:MDV,2014-12-31,4.901352569428847
WDI:BM.GSR.INSF.ZS:MDV,2015-12-31,4.748822319669629
WDI:BM.GSR.INSF.ZS:MDV,2016-12-31,4.553494352548231
WDI:BM.GSR.INSF.ZS:MDV,2017-12-31,4.701106034503672
WDI:BM.GSR.INSF.ZS:MDV,2018-12-31,5.189872431840622
WDI:BM.GSR.INSF.ZS:MDV,2019-12-31,5.330442520530819
WDI:BM.GSR.INSF.ZS:MDV,2020-12-31,10.227801121872377
WDI:BM.GSR.INSF.ZS:MDV,2021-12-31,8.213122457078583
WDI:BM.GSR.INSF.ZS:MDV,2022-12-31,5.961879974102677
WDI:BM.GSR.INSF.ZS:MDV,2023-12-31,5.70890668970481
WDI:BM.GSR.INSF.ZS:MDV,2024-12-31,6.36243066486028
WDI:BM.GSR.INSF.ZS:MEA,2011-12-31,8.408997144604438
WDI:BM.GSR.INSF.ZS:MEA,2012-12-31,9.51056134957374
WDI:BM.GSR.INSF.ZS:MEA,2013-12-31,9.370614641129864
WDI:BM.GSR.INSF.ZS:MEA,2014-12-31,8.894571727322385
WDI:BM.GSR.INSF.ZS:MEA,2015-12-31,9.06888258870758
WDI:BM.GSR.INSF.ZS:MEA,2016-12-31,9.204149676106375
WDI:BM.GSR.INSF.ZS:MEA,2017-12-31,8.344037259532682
WDI:BM.GSR.INSF.ZS:MEA,2018-12-31,9.227409658845382
WDI:BM.GSR.INSF.ZS:MEA,2019-12-31,8.708332117171771
WDI:BM.GSR.INSF.ZS:MEA,2020-12-31,9.504109360095041
WDI:BM.GSR.INSF.ZS:MEA,2021-12-31,10.346880154547804
WDI:BM.GSR.INSF.ZS:MEA,2022-12-31,8.610936361178121
WDI:BM.GSR.INSF.ZS:MEA,2023-12-31,8.07993736487578
WDI:BM.GSR.INSF.ZS:MEA,2024-12-31,8.11557622037952
WDI:BM.GSR.INSF.ZS:MEX,1979-12-31,8.54723525811059
WDI:BM.GSR.INSF.ZS:MEX,1980-12-31,8.536997236720909
WDI:BM.GSR.INSF.ZS:MEX,1981-12-31,8.740723288962187
WDI:BM.GSR.INSF.ZS:MEX,1982-12-31,9.398285525881965
WDI:BM.GSR.INSF.ZS:MEX,1983-12-31,9.861514406968952
WDI:BM.GSR.INSF.ZS:MEX,1984-12-31,9.596943648519579
WDI:BM.GSR.INSF.ZS:MEX,1985-12-31,8.218682114409848
WDI:BM.GSR.INSF.ZS:MEX,1986-12-31,7.500962649210628
WDI:BM.GSR.INSF.ZS:MEX,1987-12-31,8.431261770244822
WDI:BM.GSR.INSF.ZS:MEX,1988-12-31,7.9796210794459475
WDI:BM.GSR.INSF.ZS:MEX,1989-12-31,7.016497461928934
WDI:BM.GSR.INSF.ZS:MEX,1990-12-31,6.016661823113436
WDI:BM.GSR.INSF.ZS:MEX,1991-12-31,5.9567478784560635
WDI:BM.GSR.INSF.ZS:MEX,1992-12-31,5.880926498871143
WDI:BM.GSR.INSF.ZS:MEX,1993-12-31,9.846422048812883
WDI:BM.GSR.INSF.ZS:MEX,1994-12-31,10.538534848469746
WDI:BM.GSR.INSF.ZS:MEX,1995-12-31,11.586577159102372
WDI:BM.GSR.INSF.ZS:MEX,1996-12-31,37.11265267160452
WDI:BM.GSR.INSF.ZS:MEX,1997-12-31,37.38429579762921
WDI:BM.GSR.INSF.ZS:MEX,1998-12-31,10.177426317261034
WDI:BM.GSR.INSF.ZS:MEX,1999-12-31,11.297481852919598
WDI:BM.GSR.INSF.ZS:MEX,2000-12-31,13.346455491244273
WDI:BM.GSR.INSF.ZS:MEX,2001-12-31,14.526658359522507
WDI:BM.GSR.INSF.ZS:MEX,2002-12-31,15.12565684932698
WDI:BM.GSR.INSF.ZS:MEX,2003-12-31,16.056153710416428
WDI:BM.GSR.INSF.ZS:MEX,2004-12-31,15.058083141302658
WDI:BM.GSR.INSF.ZS:MEX,2005-12-31,14.375925729918043
WDI:BM.GSR.INSF.ZS:MEX,2006-12-31,14.182584472819219
WDI:BM.GSR.INSF.ZS:MEX,2007-12-31,16.282165217777504
WDI:BM.GSR.INSF.ZS:MEX,2008-12-31,15.050357600536465
WDI:BM.GSR.INSF.ZS:MEX,2009-12-31,18.021757558068813
WDI:BM.GSR.INSF.ZS:MEX,2010-12-31,15.72527198864567
WDI:BM.GSR.INSF.ZS:MEX,2011-12-31,17.776567811564558
WDI:BM.GSR.INSF.ZS:MEX,2012-12-31,16.4382036208596
WDI:BM.GSR.INSF.ZS:MEX,2013-12-31,18.084855663054032
WDI:BM.GSR.INSF.ZS:MEX,2014-12-31,15.933650084270257
WDI:BM.GSR.INSF.ZS:MEX,2015-12-31,16.52963095154208
WDI:BM.GSR.INSF.ZS:MEX,2016-12-31,15.756406662629995
WDI:BM.GSR.INSF.ZS:MEX,2017-12-31,16.404113365592462
WDI:BM.GSR.INSF.ZS:MEX,2018-12-31,16.94140498156164
WDI:BM.GSR.INSF.ZS:MEX,2019-12-31,19.49183501291094
WDI:BM.GSR.INSF.ZS:MEX,2020-12-31,22.4648298456346
WDI:BM.GSR.INSF.ZS:MEX,2021-12-31,18.664372683975326
WDI:BM.GSR.INSF.ZS:MEX,2022-12-31,15.409636116724041
WDI:BM.GSR.INSF.ZS:MEX,2023-12-31,16.384292581574
WDI:BM.GSR.INSF.ZS:MEX,2024-12-31,17.357799038802
WDI:BM.GSR.INSF.ZS:MEX,2025-12-31,15.6413480818091
WDI:BM.GSR.INSF.ZS:MHL,2005-12-31,2.9523500626132617
WDI:BM.GSR.INSF.ZS:MHL,2006-12-31,2.951767652386426
WDI:BM.GSR.INSF.ZS:MHL,2007-12-31,2.460492012529087
WDI:BM.GSR.INSF.ZS:MHL,2008-12-31,2.5670935953059018
WDI:BM.GSR.INSF.ZS:MHL,2009-12-31,1.7414438487386563
WDI:BM.GSR.INSF.ZS:MHL,2010-12-31,2.2555186119826787
WDI:BM.GSR.INSF.ZS:MHL,2011-12-31,2.108401921393311
WDI:BM.GSR.INSF.ZS:MHL,2012-12-31,2.01382485222932
WDI:BM.GSR.INSF.ZS:MHL,2013-12-31,4.678505248989976
WDI:BM.GSR.INSF.ZS:MHL,2014-12-31,4.2375003325498035
WDI:BM.GSR.INSF.ZS:MHL,2015-12-31,5.272333888814405
WDI:BM.GSR.INSF.ZS:MHL,2016-12-31,4.72393571873855
WDI:BM.GSR.INSF.ZS:MHL,2017-12-31,6.106072284083409
WDI:BM.GSR.INSF.ZS:MHL,2018-12-31,5.630799882788991
WDI:BM.GSR.INSF.ZS:MHL,2019-12-31,0.10106920230477023
WDI:BM.GSR.INSF.ZS:MHL,2020-12-31,0.111494971003083
WDI:BM.GSR.INSF.ZS:MHL,2021-12-31,0.2586048073319232
WDI:BM.GSR.INSF.ZS:MIC,1982-12-31,5.536790072912045
WDI:BM.GSR.INSF.ZS:MIC,1983-12-31,5.968847205459508
WDI:BM.GSR.INSF.ZS:MIC,1984-12-31,6.143219404928591
WDI:BM.GSR.INSF.ZS:MIC,1985-12-31,5.6358461794492944
WDI:BM.GSR.INSF.ZS:MIC,1986-12-31,5.9584495712985115
WDI:BM.GSR.INSF.ZS:MIC,1987-12-31,6.246371493811384
WDI:BM.GSR.INSF.ZS:MIC,1988-12-31,5.869748957324182
WDI:BM.GSR.INSF.ZS:MIC,1989-12-31,5.552882353525428
WDI:BM.GSR.INSF.ZS:MIC,1990-12-31,5.338307259661088
WDI:BM.GSR.INSF.ZS:MIC,1991-12-31,5.411487595251606
WDI:BM.GSR.INSF.ZS:MIC,1992-12-31,5.152036795820212
WDI:BM.GSR.INSF.ZS:MIC,1993-12-31,5.716998106527233
WDI:BM.GSR.INSF.ZS:MIC,1994-12-31,6.391905924585616
WDI:BM.GSR.INSF.ZS:MIC,1995-12-31,8.12212741707575
WDI:BM.GSR.INSF.ZS:MIC,1996-12-31,6.451480613684447
WDI:BM.GSR.INSF.ZS:MIC,1997-12-31,7.4011252879184255
WDI:BM.GSR.INSF.ZS:MIC,1998-12-31,6.02943017903803
WDI:BM.GSR.INSF.ZS:MIC,1999-12-31,5.790911243711893
WDI:BM.GSR.INSF.ZS:MIC,2000-12-31,6.663452433347906
WDI:BM.GSR.INSF.ZS:MIC,2001-12-31,7.191917022696757
WDI:BM.GSR.INSF.ZS:MIC,2002-12-31,7.261733198221174
WDI:BM.GSR.INSF.ZS:MIC,2003-12-31,7.443958340000912
WDI:BM.GSR.INSF.ZS:MIC,2004-12-31,7.243653977435667
WDI:BM.GSR.INSF.ZS:MIC,2005-12-31,6.989110635382756
WDI:BM.GSR.INSF.ZS:MIC,2006-12-31,7.306208894977525
WDI:BM.GSR.INSF.ZS:MIC,2007-12-31,7.277230834362052
WDI:BM.GSR.INSF.ZS:MIC,2008-12-31,7.348770572725827
WDI:BM.GSR.INSF.ZS:MIC,2009-12-31,7.603015606046571
WDI:BM.GSR.INSF.ZS:MIC,2010-12-31,8.009906093442616
WDI:BM.GSR.INSF.ZS:MIC,2011-12-31,7.988461798242041
WDI:BM.GSR.INSF.ZS:MIC,2012-12-31,7.592885165402893
WDI:BM.GSR.INSF.ZS:MIC,2013-12-31,7.651355710862458
WDI:BM.GSR.INSF.ZS:MIC,2014-12-31,6.886681276728153
WDI:BM.GSR.INSF.ZS:MIC,2015-12-31,5.489225765809811
WDI:BM.GSR.INSF.ZS:MIC,2016-12-31,5.748766898805314
WDI:BM.GSR.INSF.ZS:MIC,2017-12-31,5.58377958778872
WDI:BM.GSR.INSF.ZS:MIC,2018-12-31,5.211290749615419
WDI:BM.GSR.INSF.ZS:MIC,2019-12-31,5.308724321024163
WDI:BM.GSR.INSF.ZS:MIC,2020-12-31,7.113460867074804
WDI:BM.GSR.INSF.ZS:MIC,2021-12-31,7.213235370834658
WDI:BM.GSR.INSF.ZS:MIC,2022-12-31,6.478303828457508
WDI:BM.GSR.INSF.ZS:MIC,2023-12-31,6.3272920316548
WDI:BM.GSR.INSF.ZS:MIC,2024-12-31,5.88410308420161
WDI:BM.GSR.INSF.ZS:MIC,2025-12-31,5.18216941293089
WDI:BM.GSR.INSF.ZS:MKD,1996-12-31,20.051089697988747
WDI:BM.GSR.INSF.ZS:MKD,1997-12-31,15.898158328752062
WDI:BM.GSR.INSF.ZS:MKD,1998-12-31,3.435174902832605
WDI:BM.GSR.INSF.ZS:MKD,1999-12-31,3.427004690489457
WDI:BM.GSR.INSF.ZS:MKD,2000-12-31,2.9877493852919965
WDI:BM.GSR.INSF.ZS:MKD,2001-12-31,4.735393248998129
WDI:BM.GSR.INSF.ZS:MKD,2002-12-31,3.2423703822546077
WDI:BM.GSR.INSF.ZS:MKD,2003-12-31,2.5054744552031183
WDI:BM.GSR.INSF.ZS:MKD,2004-12-31,1.9056561884166958
WDI:BM.GSR.INSF.ZS:MKD,2005-12-31,2.631747144832084
WDI:BM.GSR.INSF.ZS:MKD,2006-12-31,2.6400202198534832
WDI:BM.GSR.INSF.ZS:MKD,2007-12-31,1.4727963681394307
WDI:BM.GSR.INSF.ZS:MKD,2008-12-31,1.43590352132901
WDI:BM.GSR.INSF.ZS:MKD,2009-12-31,3.102750724565456
WDI:BM.GSR.INSF.ZS:MKD,2010-12-31,3.1840786249886612
WDI:BM.GSR.INSF.ZS:MKD,2011-12-31,2.5941680472131954
WDI:BM.GSR.INSF.ZS:MKD,2012-12-31,3.282341208379305
WDI:BM.GSR.INSF.ZS:MKD,2013-12-31,3.893880973538006
WDI:BM.GSR.INSF.ZS:MKD,2014-12-31,3.9077398397651146
WDI:BM.GSR.INSF.ZS:MKD,2015-12-31,3.4915159566446854
WDI:BM.GSR.INSF.ZS:MKD,2016-12-31,3.631777525174601
WDI:BM.GSR.INSF.ZS:MKD,2017-12-31,3.395908043303988
WDI:BM.GSR.INSF.ZS:MKD,2018-12-31,2.6393494873222108
WDI:BM.GSR.INSF.ZS:MKD,2019-12-31,2.514165752049679
WDI:BM.GSR.INSF.ZS:MKD,2020-12-31,2.7106898690935552
WDI:BM.GSR.INSF.ZS:MKD,2021-12-31,2.655212799487815
WDI:BM.GSR.INSF.ZS:MKD,2022-12-31,2.5242980811197455
WDI:BM.GSR.INSF.ZS:MKD,2023-12-31,1.50727485887416
WDI:BM.GSR.INSF.ZS:MKD,2024-12-31,1.24137617155726
WDI:BM.GSR.INSF.ZS:MKD,2025-12-31,1.11847152700282
WDI:BM.GSR.INSF.ZS:MLI,1975-12-31,5.12978142076506
WDI:BM.GSR.INSF.ZS:MLI,1976-12-31,5.45309593409513
WDI:BM.GSR.INSF.ZS:MLI,1977-12-31,4.98933901918976
WDI:BM.GSR.INSF.ZS:MLI,1978-12-31,5.676470588235295
WDI:BM.GSR.INSF.ZS:MLI,1979-12-31,5.437589670014349
WDI:BM.GSR.INSF.ZS:MLI,1980-12-31,6.234636871508365
WDI:BM.GSR.INSF.ZS:MLI,1981-12-31,6.830065359477129
WDI:BM.GSR.INSF.ZS:MLI,1982-12-31,6.127221702525758
WDI:BM.GSR.INSF.ZS:MLI,1983-12-31,6.187106918239006
WDI:BM.GSR.INSF.ZS:MLI,1984-12-31,6.387455339420376
WDI:BM.GSR.INSF.ZS:MLI,1985-12-31,5.337609723160033
WDI:BM.GSR.INSF.ZS:MLI,1986-12-31,4.736842105263165
WDI:BM.GSR.INSF.ZS:MLI,1987-12-31,4.394710071210577
WDI:BM.GSR.INSF.ZS:MLI,1988-12-31,1.5591397849462367
WDI:BM.GSR.INSF.ZS:MLI,1989-12-31,1.8297625940938023
WDI:BM.GSR.INSF.ZS:MLI,1990-12-31,1.8260357353229946
WDI:BM.GSR.INSF.ZS:MLI,1991-12-31,1.790633608815431
WDI:BM.GSR.INSF.ZS:MLI,1992-12-31,1.516220028208746
WDI:BM.GSR.INSF.ZS:MLI,1993-12-31,1.7226191641381992
WDI:BM.GSR.INSF.ZS:MLI,1994-12-31,1.386284870177832
WDI:BM.GSR.INSF.ZS:MLI,1995-12-31,1.2816966343937297
WDI:BM.GSR.INSF.ZS:MLI,1996-12-31,1.6993830622546273
WDI:BM.GSR.INSF.ZS:MLI,1997-12-31,1.9922171369832855
WDI:BM.GSR.INSF.ZS:MLI,1998-12-31,2.169939406732905
WDI:BM.GSR.INSF.ZS:MLI,1999-12-31,1.721309004465845
WDI:BM.GSR.INSF.ZS:MLI,2000-12-31,3.961837473620613
WDI:BM.GSR.INSF.ZS:MLI,2001-12-31,3.4179785218348386
WDI:BM.GSR.INSF.ZS:MLI,2002-12-31,5.572306219186383
WDI:BM.GSR.INSF.ZS:MLI,2003-12-31,5.61255601565602
WDI:BM.GSR.INSF.ZS:MLI,2004-12-31,6.46982274118227
WDI:BM.GSR.INSF.ZS:MLI,2005-12-31,6.735651391477587
WDI:BM.GSR.INSF.ZS:MLI,2006-12-31,4.980355578167839
WDI:BM.GSR.INSF.ZS:MLI,2007-12-31,4.314598305266544
WDI:BM.GSR.INSF.ZS:MLI,2008-12-31,4.629005242435473
WDI:BM.GSR.INSF.ZS:MLI,2009-12-31,5.80771979985703
WDI:BM.GSR.INSF.ZS:MLI,2010-12-31,4.47793453059299
WDI:BM.GSR.INSF.ZS:MLI,2011-12-31,3.0755043357567993
WDI:BM.GSR.INSF.ZS:MLI,2012-12-31,3.4937341568650027
WDI:BM.GSR.INSF.ZS:MLI,2013-12-31,2.296440887679066
WDI:BM.GSR.INSF.ZS:MLI,2014-12-31,1.7941960144785367
WDI:BM.GSR.INSF.ZS:MLI,2015-12-31,1.8855501709714637
WDI:BM.GSR.INSF.ZS:MLI,2016-12-31,1.754836123353662
WDI:BM.GSR.INSF.ZS:MLI,2017-12-31,2.8296259300179436
WDI:BM.GSR.INSF.ZS:MLI,2018-12-31,2.347103208272331
WDI:BM.GSR.INSF.ZS:MLI,2019-12-31,2.855029051537613
WDI:BM.GSR.INSF.ZS:MLI,2020-12-31,2.6341237708717316
WDI:BM.GSR.INSF.ZS:MLI,2021-12-31,2.414182438017553
WDI:BM.GSR.INSF.ZS:MLI,2022-12-31,2.3904685296698664
WDI:BM.GSR.INSF.ZS:MLI,2023-12-31,2.75212802969885
WDI:BM.GSR.INSF.ZS:MLI,2024-12-31,4.03285801430085
WDI:BM.GSR.INSF.ZS:MLT,1971-12-31,19.411764705882337
WDI:BM.GSR.INSF.ZS:MLT,1972-12-31,19.411764705882337
WDI:BM.GSR.INSF.ZS:MLT,1973-12-31,19.895287958115134
WDI:BM.GSR.INSF.ZS:MLT,1974-12-31,15.248226950354518
WDI:BM.GSR.INSF.ZS:MLT,1975-12-31,15.259740259740232
WDI:BM.GSR.INSF.ZS:MLT,1976-12-31,14.794520547945108
WDI:BM.GSR.INSF.ZS:MLT,1977-12-31,13.195876288659738
WDI:BM.GSR.INSF.ZS:MLT,1978-12-31,14.074074074074087
WDI:BM.GSR.INSF.ZS:MLT,1979-12-31,13.33333333333337
WDI:BM.GSR.INSF.ZS:MLT,1980-12-31,12.753277711561378
WDI:BM.GSR.INSF.ZS:MLT,1981-12-31,12.738853503184702
WDI:BM.GSR.INSF.ZS:MLT,1982-12-31,11.834319526627235
WDI:BM.GSR.INSF.ZS:MLT,1983-12-31,14.955357142857126
WDI:BM.GSR.INSF.ZS:MLT,1984-12-31,15.822130299896642
WDI:BM.GSR.INSF.ZS:MLT,1985-12-31,18.048780487804912
WDI:BM.GSR.INSF.ZS:MLT,1986-12-31,17.876588021778566
WDI:BM.GSR.INSF.ZS:MLT,1987-12-31,15.322580645161315
WDI:BM.GSR.INSF.ZS:MLT,1988-12-31,15.24926686217011
WDI:BM.GSR.INSF.ZS:MLT,1989-12-31,16.225165562913926
WDI:BM.GSR.INSF.ZS:MLT,1990-12-31,15.379040607385255
WDI:BM.GSR.INSF.ZS:MLT,1991-12-31,15.852327893106475
WDI:BM.GSR.INSF.ZS:MLT,1992-12-31,17.562944646430665
WDI:BM.GSR.INSF.ZS:MLT,1993-12-31,13.236185223955538
WDI:BM.GSR.INSF.ZS:MLT,1994-12-31,12.500950353531511
WDI:BM.GSR.INSF.ZS:MLT,1995-12-31,11.813650334468123
WDI:BM.GSR.INSF.ZS:MLT,1996-12-31,10.989389515844316
WDI:BM.GSR.INSF.ZS:MLT,1997-12-31,9.015717251700817
WDI:BM.GSR.INSF.ZS:MLT,1998-12-31,8.17781154623775
WDI:BM.GSR.INSF.ZS:MLT,1999-12-31,6.546540321896144
WDI:BM.GSR.INSF.ZS:MLT,2000-12-31,8.936783209574797
WDI:BM.GSR.INSF.ZS:MLT,2001-12-31,9.161323914708147
WDI:BM.GSR.INSF.ZS:MLT,2002-12-31,8.769112363286446
WDI:BM.GSR.INSF.ZS:MLT,2003-12-31,7.93990193211324
WDI:BM.GSR.INSF.ZS:MLT,2004-12-31,58.043613541100356
WDI:BM.GSR.INSF.ZS:MLT,2005-12-31,52.820740994136706
WDI:BM.GSR.INSF.ZS:MLT,2006-12-31,42.657093490971185
WDI:BM.GSR.INSF.ZS:MLT,2007-12-31,41.906288133712806
WDI:BM.GSR.INSF.ZS:MLT,2008-12-31,36.6456184924853
WDI:BM.GSR.INSF.ZS:MLT,2009-12-31,29.776436483917852
WDI:BM.GSR.INSF.ZS:MLT,2010-12-31,35.014157093488535
WDI:BM.GSR.INSF.ZS:MLT,2011-12-31,37.54453699872011
WDI:BM.GSR.INSF.ZS:MLT,2012-12-31,35.06793525918101
WDI:BM.GSR.INSF.ZS:MLT,2013-12-31,34.239972015628624
WDI:BM.GSR.INSF.ZS:MLT,2014-12-31,33.233986700615844
WDI:BM.GSR.INSF.ZS:MLT,2015-12-31,27.552825498285227
WDI:BM.GSR.INSF.ZS:MLT,2016-12-31,27.10829243991914
WDI:BM.GSR.INSF.ZS:MLT,2017-12-31,2.832100549765237
WDI:BM.GSR.INSF.ZS:MLT,2018-12-31,2.7991260768254462
WDI:BM.GSR.INSF.ZS:MLT,2019-12-31,2.8478395496081457
WDI:BM.GSR.INSF.ZS:MLT,2020-12-31,2.8079112877421895
WDI:BM.GSR.INSF.ZS:MLT,2021-12-31,3.627783883367988
WDI:BM.GSR.INSF.ZS:MLT,2022-12-31,2.720188684749408
WDI:BM.GSR.INSF.ZS:MLT,2023-12-31,2.20465013689127
WDI:BM.GSR.INSF.ZS:MLT,2024-12-31,2.59480094839328
WDI:BM.GSR.INSF.ZS:MMR,1976-12-31,6.001055994218363
WDI:BM.GSR.INSF.ZS:MMR,1977-12-31,1.8814860689776323
WDI:BM.GSR.INSF.ZS:MMR,1978-12-31,3.708646173888428
WDI:BM.GSR.INSF.ZS:MMR,1979-12-31,2.345041753906266
WDI:BM.GSR.INSF.ZS:MMR,1980-12-31,6.92262269895047
WDI:BM.GSR.INSF.ZS:MMR,1981-12-31,4.144745488801721
WDI:BM.GSR.INSF.ZS:MMR,1982-12-31,4.6186472443529585
WDI:BM.GSR.INSF.ZS:MMR,1983-12-31,2.3080942552509778
WDI:BM.GSR.INSF.ZS:MMR,1984-12-31,2.2276914718057714
WDI:BM.GSR.INSF.ZS:MMR,1985-12-31,10.019128389578189
WDI:BM.GSR.INSF.ZS:MMR,1986-12-31,8.149011354259942
WDI:BM.GSR.INSF.ZS:MMR,1987-12-31,0.9992604143259645
WDI:BM.GSR.INSF.ZS:MMR,1988-12-31,6.717796418276047
WDI:BM.GSR.INSF.ZS:MMR,1989-12-31,4.75466584558903
WDI:BM.GSR.INSF.ZS:MMR,1990-12-31,2.4996782577211096
WDI:BM.GSR.INSF.ZS:MMR,1991-12-31,5.076227396320329
WDI:BM.GSR.INSF.ZS:MMR,1992-12-31,10.980776980050315
WDI:BM.GSR.INSF.ZS:MMR,1993-12-31,3.99870836764217
WDI:BM.GSR.INSF.ZS:MMR,1994-12-31,5.6383758567556415
WDI:BM.GSR.INSF.ZS:MMR,1995-12-31,0.4771043258901648
WDI:BM.GSR.INSF.ZS:MMR,2012-12-31,5.814048500356529
WDI:BM.GSR.INSF.ZS:MMR,2013-12-31,4.732068552331053
WDI:BM.GSR.INSF.ZS:MMR,2014-12-31,1.8343626913619633
WDI:BM.GSR.INSF.ZS:MMR,2015-12-31,1.7769916330242428
WDI:BM.GSR.INSF.ZS:MMR,2016-12-31,1.8650014030807869
WDI:BM.GSR.INSF.ZS:MMR,2017-12-31,1.9403914489765843
WDI:BM.GSR.INSF.ZS:MMR,2018-12-31,1.6219338484989958
WDI:BM.GSR.INSF.ZS:MMR,2019-12-31,1.6394615050659815
WDI:BM.GSR.INSF.ZS:MNA,1977-12-31,3.441809824661734
WDI:BM.GSR.INSF.ZS:MNA,1978-12-31,3.0664018551772076
WDI:BM.GSR.INSF.ZS:MNA,1979-12-31,3.715217003804411
WDI:BM.GSR.INSF.ZS:MNA,1980-12-31,5.27630342765098
WDI:BM.GSR.INSF.ZS:MNA,1981-12-31,5.278049915203997
WDI:BM.GSR.INSF.ZS:MNA,1982-12-31,5.136763567615908
WDI:BM.GSR.INSF.ZS:MNA,1983-12-31,5.8970794239651285
WDI:BM.GSR.INSF.ZS:MNA,1984-12-31,5.518815873109131
WDI:BM.GSR.INSF.ZS:MNA,1985-12-31,5.0948246913908575
WDI:BM.GSR.INSF.ZS:MNA,1986-12-31,5.356602964910781
WDI:BM.GSR.INSF.ZS:MNA,1987-12-31,5.735907128802332
WDI:BM.GSR.INSF.ZS:MNA,1988-12-31,5.0584416255771165
WDI:BM.GSR.INSF.ZS:MNA,1989-12-31,4.804820007877384
WDI:BM.GSR.INSF.ZS:MNA,1990-12-31,5.441530022637322
WDI:BM.GSR.INSF.ZS:MNA,1991-12-31,6.025224193498032
WDI:BM.GSR.INSF.ZS:MNA,2005-12-31,6.704632395354084
WDI:BM.GSR.INSF.ZS:MNA,2006-12-31,7.0367660588388725
WDI:BM.GSR.INSF.ZS:MNA,2007-12-31,7.117054457248252
WDI:BM.GSR.INSF.ZS:MNA,2008-12-31,7.349460661484672
WDI:BM.GSR.INSF.ZS:MNA,2009-12-31,7.758515267132596
WDI:BM.GSR.INSF.ZS:MNA,2010-12-31,9.39956580671316
WDI:BM.GSR.INSF.ZS:MNA,2011-12-31,8.965594407479404
WDI:BM.GSR.INSF.ZS:MNA,2012-12-31,10.597221751780022
WDI:BM.GSR.INSF.ZS:MNA,2013-12-31,10.836468018751736
WDI:BM.GSR.INSF.ZS:MNA,2014-12-31,11.498718734725296
WDI:BM.GSR.INSF.ZS:MNA,2015-12-31,11.458373086381217
WDI:BM.GSR.INSF.ZS:MNA,2016-12-31,10.062253796607852
WDI:BM.GSR.INSF.ZS:MNA,2017-12-31,10.204319334616441
WDI:BM.GSR.INSF.ZS:MNA,2018-12-31,10.131547213590254
WDI:BM.GSR.INSF.ZS:MNA,2019-12-31,11.094601060209083
WDI:BM.GSR.INSF.ZS:MNA,2020-12-31,12.146539549828372
WDI:BM.GSR.INSF.ZS:MNA,2021-12-31,10.778644744665485
WDI:BM.GSR.INSF.ZS:MNA,2022-12-31,10.135152837493628
WDI:BM.GSR.INSF.ZS:MNA,2023-12-31,11.2157106346267
WDI:BM.GSR.INSF.ZS:MNA,2024-12-31,10.6031948498164
WDI:BM.GSR.INSF.ZS:MNE,2007-12-31,7.328501709707743
WDI:BM.GSR.INSF.ZS:MNE,2008-12-31,3.9547314090827963
WDI:BM.GSR.INSF.ZS:MNE,2009-12-31,5.217049136309311
WDI:BM.GSR.INSF.ZS:MNE,2010-12-31,1.3818448888515573
WDI:BM.GSR.INSF.ZS:MNE,2011-12-31,1.7930931375918417
WDI:BM.GSR.INSF.ZS:MNE,2012-12-31,1.3887105528900403
WDI:BM.GSR.INSF.ZS:MNE,2013-12-31,1.294195871980319
WDI:BM.GSR.INSF.ZS:MNE,2014-12-31,1.455886597425431
WDI:BM.GSR.INSF.ZS:MNE,2015-12-31,1.7476478113428437
WDI:BM.GSR.INSF.ZS:MNE,2016-12-31,1.2540595619714396
WDI:BM.GSR.INSF.ZS:MNE,2017-12-31,1.183286305900286
WDI:BM.GSR.INSF.ZS:MNE,2018-12-31,1.4724356908286889
WDI:BM.GSR.INSF.ZS:MNE,2019-12-31,2.53386230390532
WDI:BM.GSR.INSF.ZS:MNE,2020-12-31,3.6277060360192097
WDI:BM.GSR.INSF.ZS:MNE,2021-12-31,2.5430502117876177
WDI:BM.GSR.INSF.ZS:MNE,2022-12-31,1.6225293033163766
WDI:BM.GSR.INSF.ZS:MNE,2023-12-31,1.19543306863944
WDI:BM.GSR.INSF.ZS:MNE,2024-12-31,1.7838370263565
WDI:BM.GSR.INSF.ZS:MNE,2025-12-31,1.58061550671592
WDI:BM.GSR.INSF.ZS:MNG,1986-12-31,8.550573514077165
WDI:BM.GSR.INSF.ZS:MNG,1987-12-31,8.296514482081491
WDI:BM.GSR.INSF.ZS:MNG,1988-12-31,7.852927825692238
WDI:BM.GSR.INSF.ZS:MNG,1989-12-31,7.955376737381127
WDI:BM.GSR.INSF.ZS:MNG,1990-12-31,7.236645777379887
WDI:BM.GSR.INSF.ZS:MNG,1991-12-31,6.896551724137931
WDI:BM.GSR.INSF.ZS:MNG,1992-12-31,5.784061696658098
WDI:BM.GSR.INSF.ZS:MNG,1993-12-31,5.541561712846348
WDI:BM.GSR.INSF.ZS:MNG,1996-12-31,1.773049645390071
WDI:BM.GSR.INSF.ZS:MNG,1997-12-31,0.9514747859181731
WDI:BM.GSR.INSF.ZS:MNG,1998-12-31,2.301963439404191
WDI:BM.GSR.INSF.ZS:MNG,1999-12-31,0.4672316384180791
WDI:BM.GSR.INSF.ZS:MNG,2000-12-31,0.47323686610588955
WDI:BM.GSR.INSF.ZS:MNG,2001-12-31,0.4883156128437439
WDI:BM.GSR.INSF.ZS:MNG,2002-12-31,0.3003085044664597
WDI:BM.GSR.INSF.ZS:MNG,2003-12-31,0.2669289613959247
WDI:BM.GSR.INSF.ZS:MNG,2004-12-31,6.812845992406364
WDI:BM.GSR.INSF.ZS:MNG,2005-12-31,4.051753329303141
WDI:BM.GSR.INSF.ZS:MNG,2006-12-31,2.3495166623756
WDI:BM.GSR.INSF.ZS:MNG,2007-12-31,2.8354307317406757
WDI:BM.GSR.INSF.ZS:MNG,2008-12-31,2.6467439554184513
WDI:BM.GSR.INSF.ZS:MNG,2009-12-31,3.1580396220923923
WDI:BM.GSR.INSF.ZS:MNG,2010-12-31,3.7360524963130803
WDI:BM.GSR.INSF.ZS:MNG,2011-12-31,2.702371440936834
WDI:BM.GSR.INSF.ZS:MNG,2012-12-31,3.728216534939314
WDI:BM.GSR.INSF.ZS:MNG,2013-12-31,3.222461468637372
WDI:BM.GSR.INSF.ZS:MNG,2014-12-31,6.059628401776338
WDI:BM.GSR.INSF.ZS:MNG,2015-12-31,5.896084277933082
WDI:BM.GSR.INSF.ZS:MNG,2016-12-31,11.01896506559633
WDI:BM.GSR.INSF.ZS:MNG,2017-12-31,3.204861569192632
WDI:BM.GSR.INSF.ZS:MNG,2018-12-31,3.5539380154195213
WDI:BM.GSR.INSF.ZS:MNG,2019-12-31,7.274712046810898
WDI:BM.GSR.INSF.ZS:MNG,2020-12-31,8.316961632269852
WDI:BM.GSR.INSF.ZS:MNG,2021-12-31,7.157898927225877
WDI:BM.GSR.INSF.ZS:MNG,2022-12-31,5.425628345503893
WDI:BM.GSR.INSF.ZS:MNG,2023-12-31,5.57526851627413
WDI:BM.GSR.INSF.ZS:MNG,2024-12-31,5.44641978262664
WDI:BM.GSR.INSF.ZS:MOZ,2005-12-31,3.0690894900115464
WDI:BM.GSR.INSF.ZS:MOZ,2006-12-31,1.9110876147161886
WDI:BM.GSR.INSF.ZS:MOZ,2007-12-31,2.726419832818084
WDI:BM.GSR.INSF.ZS:MOZ,2008-12-31,1.3819967284239976
WDI:BM.GSR.INSF.ZS:MOZ,2009-12-31,1.9421339375196922
WDI:BM.GSR.INSF.ZS:MOZ,2010-12-31,4.249501930292919
WDI:BM.GSR.INSF.ZS:MOZ,2011-12-31,2.953956426359783
WDI:BM.GSR.INSF.ZS:MOZ,2012-12-31,1.9295969300160476
WDI:BM.GSR.INSF.ZS:MOZ,2013-12-31,3.33319241554814
WDI:BM.GSR.INSF.ZS:MOZ,2014-12-31,3.3745561621142626
WDI:BM.GSR.INSF.ZS:MOZ,2015-12-31,5.240612740116292
WDI:BM.GSR.INSF.ZS:MOZ,2016-12-31,4.6988625467032685
WDI:BM.GSR.INSF.ZS:MOZ,2017-12-31,23.11893037415688
WDI:BM.GSR.INSF.ZS:MOZ,2018-12-31,5.982031324316845
WDI:BM.GSR.INSF.ZS:MOZ,2019-12-31,15.77489824771274
WDI:BM.GSR.INSF.ZS:MOZ,2020-12-31,11.225429366095504
WDI:BM.GSR.INSF.ZS:MOZ,2021-12-31,10.540501860736532
WDI:BM.GSR.INSF.ZS:MOZ,2022-12-31,9.419038107970318
WDI:BM.GSR.INSF.ZS:MOZ,2023-12-31,7.81787097710361
WDI:BM.GSR.INSF.ZS:MOZ,2024-12-31,6.55753902626394
WDI:BM.GSR.INSF.ZS:MRT,1975-12-31,4.896042924211938
WDI:BM.GSR.INSF.ZS:MRT,1976-12-31,5.6370126304228405
WDI:BM.GSR.INSF.ZS:MRT,1977-12-31,4.263793666340186
WDI:BM.GSR.INSF.ZS:MRT,1978-12-31,3.672999424294753
WDI:BM.GSR.INSF.ZS:MRT,1979-12-31,3.5472884464238956
WDI:BM.GSR.INSF.ZS:MRT,1980-12-31,3.1196726900784224
WDI:BM.GSR.INSF.ZS:MRT,1981-12-31,3.500323206205569
WDI:BM.GSR.INSF.ZS:MRT,1982-12-31,2.8641490926925077
WDI:BM.GSR.INSF.ZS:MRT,1983-12-31,2.3324065492740265
WDI:BM.GSR.INSF.ZS:MRT,1984-12-31,2.000352640394961
WDI:BM.GSR.INSF.ZS:MRT,1985-12-31,1.7667481033817687
WDI:BM.GSR.INSF.ZS:MRT,1986-12-31,2.051706571574126
WDI:BM.GSR.INSF.ZS:MRT,1987-12-31,1.865101899173453
WDI:BM.GSR.INSF.ZS:MRT,1988-12-31,1.841444750535665
WDI:BM.GSR.INSF.ZS:MRT,1989-12-31,1.6024814200601918
WDI:BM.GSR.INSF.ZS:MRT,1990-12-31,2.8365515365787353
WDI:BM.GSR.INSF.ZS:MRT,1991-12-31,2.310428455941798
WDI:BM.GSR.INSF.ZS:MRT,1992-12-31,2.4505903490759833
WDI:BM.GSR.INSF.ZS:MRT,1993-12-31,2.1878077164085568
WDI:BM.GSR.INSF.ZS:MRT,1994-12-31,1.9346621380050018
WDI:BM.GSR.INSF.ZS:MRT,1995-12-31,1.3005185027345714
WDI:BM.GSR.INSF.ZS:MRT,2012-12-31,0.9947241267799556
WDI:BM.GSR.INSF.ZS:MRT,2013-12-31,0.6519325498550551
WDI:BM.GSR.INSF.ZS:MRT,2014-12-31,0.44064247870073353
WDI:BM.GSR.INSF.ZS:MRT,2015-12-31,1.3508183021318807
WDI:BM.GSR.INSF.ZS:MRT,2016-12-31,1.480289641412399
WDI:BM.GSR.INSF.ZS:MRT,2017-12-31,0.7904195447969967
WDI:BM.GSR.INSF.ZS:MRT,2018-12-31,0.5754356305512807
WDI:BM.GSR.INSF.ZS:MRT,2019-12-31,0.41537663716889023
WDI:BM.GSR.INSF.ZS:MRT,2020-12-31,1.3714235859676498
WDI:BM.GSR.INSF.ZS:MRT,2021-12-31,0.00983206699296418
WDI:BM.GSR.INSF.ZS:MRT,2022-12-31,0.050420074405003505
WDI:BM.GSR.INSF.ZS:MRT,2023-12-31,0.0369898652729143
WDI:BM.GSR.INSF.ZS:MUS,1976-12-31,-30.224719101123583
WDI:BM.GSR.INSF.ZS:MUS,1977-12-31,7.340025094102922
WDI:BM.GSR.INSF.ZS:MUS,1978-12-31,8.82618510158016
WDI:BM.GSR.INSF.ZS:MUS,1979-12-31,8.771769019248419
WDI:BM.GSR.INSF.ZS:MUS,1980-12-31,7.157816005983561
WDI:BM.GSR.INSF.ZS:MUS,1981-12-31,7.253731343283524
WDI:BM.GSR.INSF.ZS:MUS,1982-12-31,10.084856396866867
WDI:BM.GSR.INSF.ZS:MUS,1983-12-31,9.157113958192916
WDI:BM.GSR.INSF.ZS:MUS,1984-12-31,9.24268502581757
WDI:BM.GSR.INSF.ZS:MUS,1985-12-31,10.952853598014856
WDI:BM.GSR.INSF.ZS:MUS,1986-12-31,9.6931407942238
WDI:BM.GSR.INSF.ZS:MUS,1987-12-31,7.519647909462454
WDI:BM.GSR.INSF.ZS:MUS,1988-12-31,5.822631451417487
WDI:BM.GSR.INSF.ZS:MUS,1989-12-31,6.038535645472071
WDI:BM.GSR.INSF.ZS:MUS,1990-12-31,5.285280485855844
WDI:BM.GSR.INSF.ZS:MUS,1991-12-31,5.040604074654512
WDI:BM.GSR.INSF.ZS:MUS,1992-12-31,4.573500491642082
WDI:BM.GSR.INSF.ZS:MUS,1993-12-31,5.58270880851525
WDI:BM.GSR.INSF.ZS:MUS,1994-12-31,4.15774992357078
WDI:BM.GSR.INSF.ZS:MUS,1995-12-31,4.511210762331831
WDI:BM.GSR.INSF.ZS:MUS,1996-12-31,3.725782414306998
WDI:BM.GSR.INSF.ZS:MUS,1997-12-31,3.683068017366136
WDI:BM.GSR.INSF.ZS:MUS,1998-12-31,3.6860741858710124
WDI:BM.GSR.INSF.ZS:MUS,1999-12-31,3.6802791559893104
WDI:BM.GSR.INSF.ZS:MUS,2000-12-31,6.51140815563738
WDI:BM.GSR.INSF.ZS:MUS,2001-12-31,10.138526015599785
WDI:BM.GSR.INSF.ZS:MUS,2002-12-31,4.65807224700698
WDI:BM.GSR.INSF.ZS:MUS,2003-12-31,5.067470148751714
WDI:BM.GSR.INSF.ZS:MUS,2004-12-31,5.973634755586045
WDI:BM.GSR.INSF.ZS:MUS,2005-12-31,5.324819518215456
WDI:BM.GSR.INSF.ZS:MUS,2006-12-31,5.384149417195819
WDI:BM.GSR.INSF.ZS:MUS,2007-12-31,5.522792793083437
WDI:BM.GSR.INSF.ZS:MUS,2008-12-31,5.534943051750245
WDI:BM.GSR.INSF.ZS:MUS,2009-12-31,5.387830687503746
WDI:BM.GSR.INSF.ZS:MUS,2010-12-31,7.459304850216003
WDI:BM.GSR.INSF.ZS:MUS,2011-12-31,12.088555644547796
WDI:BM.GSR.INSF.ZS:MUS,2012-12-31,7.925540319773088
WDI:BM.GSR.INSF.ZS:MUS,2013-12-31,8.523625432007837
WDI:BM.GSR.INSF.ZS:MUS,2014-12-31,7.606188326761247
WDI:BM.GSR.INSF.ZS:MUS,2015-12-31,6.634639612251475
WDI:BM.GSR.INSF.ZS:MUS,2016-12-31,4.189810974409988
WDI:BM.GSR.INSF.ZS:MUS,2017-12-31,5.375272675821785
WDI:BM.GSR.INSF.ZS:MUS,2018-12-31,5.493135880483094
WDI:BM.GSR.INSF.ZS:MUS,2019-12-31,5.7228307475544264
WDI:BM.GSR.INSF.ZS:MUS,2020-12-31,9.023515790182444
WDI:BM.GSR.INSF.ZS:MUS,2021-12-31,10.684500220858865
WDI:BM.GSR.INSF.ZS:MUS,2022-12-31,9.388083854252221
WDI:BM.GSR.INSF.ZS:MUS,2023-12-31,9.70432577759906
WDI:BM.GSR.INSF.ZS:MUS,2024-12-31,6.57375337267477
WDI:BM.GSR.INSF.ZS:MWI,1977-12-31,8.388312912346855
WDI:BM.GSR.INSF.ZS:MWI,1978-12-31,6.1569016881827165
WDI:BM.GSR.INSF.ZS:MWI,1979-12-31,6.011029411764712
WDI:BM.GSR.INSF.ZS:MWI,1980-12-31,7.393103448275842
WDI:BM.GSR.INSF.ZS:MWI,1981-12-31,7.130898021308921
WDI:BM.GSR.INSF.ZS:MWI,1982-12-31,7.4576271186440986
WDI:BM.GSR.INSF.ZS:MWI,1983-12-31,7.255163224517001
WDI:BM.GSR.INSF.ZS:MWI,1984-12-31,7.6273726273726155
WDI:BM.GSR.INSF.ZS:MWI,1985-12-31,8.22168087697923
WDI:BM.GSR.INSF.ZS:MWI,1986-12-31,7.871552079044887
WDI:BM.GSR.INSF.ZS:MWI,1987-12-31,8.297604035308899
WDI:BM.GSR.INSF.ZS:MWI,1988-12-31,8.526045777426988
WDI:BM.GSR.INSF.ZS:MWI,1989-12-31,8.766844249451582
WDI:BM.GSR.INSF.ZS:MWI,1990-12-31,8.651194539249147
WDI:BM.GSR.INSF.ZS:MWI,1991-12-31,8.106674672270591
WDI:BM.GSR.INSF.ZS:MWI,1992-12-31,8.492095994757959
WDI:BM.GSR.INSF.ZS:MWI,1993-12-31,8.400873362445397
WDI:BM.GSR.INSF.ZS:MWI,1994-12-31,0.3380778919684998
WDI:BM.GSR.INSF.ZS:MWI,1995-12-31,0.052242201587488823
WDI:BM.GSR.INSF.ZS:MWI,1996-12-31,0.1046259217104102
WDI:BM.GSR.INSF.ZS:MWI,1997-12-31,0.2628940865864813
WDI:BM.GSR.INSF.ZS:MWI,1998-12-31,0.18771860910770166
WDI:BM.GSR.INSF.ZS:MWI,1999-12-31,0.33668549407266984
WDI:BM.GSR.INSF.ZS:MWI,2000-12-31,0.2422772798097082
WDI:BM.GSR.INSF.ZS:MWI,2001-12-31,0.0423183318739018
WDI:BM.GSR.INSF.ZS:MWI,2002-12-31,0.01051933177138405
WDI:BM.GSR.INSF.ZS:MWI,2003-12-31,2.6313239994187834
WDI:BM.GSR.INSF.ZS:MWI,2004-12-31,2.862731297618418
WDI:BM.GSR.INSF.ZS:MWI,2005-12-31,3.1347083377465537
WDI:BM.GSR.INSF.ZS:MWI,2006-12-31,3.1580168213020747
WDI:BM.GSR.INSF.ZS:MWI,2007-12-31,4.9189331287069775
WDI:BM.GSR.INSF.ZS:MWI,2008-12-31,3.3402188945812954
WDI:BM.GSR.INSF.ZS:MWI,2009-12-31,4.0356041633962825
WDI:BM.GSR.INSF.ZS:MWI,2010-12-31,3.5125333533188794
WDI:BM.GSR.INSF.ZS:MWI,2011-12-31,10.689064712095723
WDI:BM.GSR.INSF.ZS:MWI,2012-12-31,12.950960812984095
WDI:BM.GSR.INSF.ZS:MWI,2013-12-31,9.246789370223246
WDI:BM.GSR.INSF.ZS:MWI,2014-12-31,8.057357708617676
WDI:BM.GSR.INSF.ZS:MWI,2015-12-31,10.049534254477443
WDI:BM.GSR.INSF.ZS:MWI,2016-12-31,8.810662156939964
WDI:BM.GSR.INSF.ZS:MWI,2017-12-31,7.731172722934831
WDI:BM.GSR.INSF.ZS:MWI,2018-12-31,8.01330616351178
WDI:BM.GSR.INSF.ZS:MWI,2019-12-31,5.261610268069275
WDI:BM.GSR.INSF.ZS:MWI,2020-12-31,3.9655724159637336
WDI:BM.GSR.INSF.ZS:MWI,2021-12-31,4.9253265741004535
WDI:BM.GSR.INSF.ZS:MWI,2022-12-31,3.9742048837215043
WDI:BM.GSR.INSF.ZS:MWI,2023-12-31,4.19023743742272
WDI:BM.GSR.INSF.ZS:MWI,2024-12-31,4.18981212581127
WDI:BM.GSR.INSF.ZS:MYS,1999-12-31,2.978890595420941
WDI:BM.GSR.INSF.ZS:MYS,2000-12-31,2.770261564231417
WDI:BM.GSR.INSF.ZS:MYS,2001-12-31,3.2214234931669203
WDI:BM.GSR.INSF.ZS:MYS,2002-12-31,3.257506183821908
WDI:BM.GSR.INSF.ZS:MYS,2003-12-31,3.4073595965205983
WDI:BM.GSR.INSF.ZS:MYS,2004-12-31,3.1928671546615726
WDI:BM.GSR.INSF.ZS:MYS,2005-12-31,2.902880915400387
WDI:BM.GSR.INSF.ZS:MYS,2006-12-31,3.1285083502395934
WDI:BM.GSR.INSF.ZS:MYS,2007-12-31,3.096554716433725
WDI:BM.GSR.INSF.ZS:MYS,2008-12-31,3.3978849519536363
WDI:BM.GSR.INSF.ZS:MYS,2009-12-31,3.7908933985523725
WDI:BM.GSR.INSF.ZS:MYS,2010-12-31,8.174140532335041
WDI:BM.GSR.INSF.ZS:MYS,2011-12-31,7.888663495944104
WDI:BM.GSR.INSF.ZS:MYS,2012-12-31,7.848391781983836
WDI:BM.GSR.INSF.ZS:MYS,2013-12-31,7.132917924333924
WDI:BM.GSR.INSF.ZS:MYS,2014-12-31,7.011965235592317
WDI:BM.GSR.INSF.ZS:MYS,2015-12-31,6.960695165225617
WDI:BM.GSR.INSF.ZS:MYS,2016-12-31,6.881382452582575
WDI:BM.GSR.INSF.ZS:MYS,2017-12-31,6.680007421265252
WDI:BM.GSR.INSF.ZS:MYS,2018-12-31,6.925970988797474
WDI:BM.GSR.INSF.ZS:MYS,2019-12-31,6.902861724825099
WDI:BM.GSR.INSF.ZS:MYS,2020-12-31,8.506065797004284
WDI:BM.GSR.INSF.ZS:MYS,2021-12-31,8.401405880288907
WDI:BM.GSR.INSF.ZS:MYS,2022-12-31,7.374837172211679
WDI:BM.GSR.INSF.ZS:MYS,2023-12-31,6.13943094911499
WDI:BM.GSR.INSF.ZS:MYS,2024-12-31,5.88311533641427
WDI:BM.GSR.INSF.ZS:NAC,1970-12-31,1.3651877133105803
WDI:BM.GSR.INSF.ZS:NAC,1971-12-31,1.605651894669236
WDI:BM.GSR.INSF.ZS:NAC,1972-12-31,1.5249266862170088
WDI:BM.GSR.INSF.ZS:NAC,1973-12-31,1.2572027239392352
WDI:BM.GSR.INSF.ZS:NAC,1974-12-31,1.0156971375807942
WDI:BM.GSR.INSF.ZS:NAC,1975-12-31,1.5267175572519083
WDI:BM.GSR.INSF.ZS:NAC,1976-12-31,2.127659574468085
WDI:BM.GSR.INSF.ZS:NAC,1977-12-31,2.2801302931596092
WDI:BM.GSR.INSF.ZS:NAC,1978-12-31,2.5244556642473968
WDI:BM.GSR.INSF.ZS:NAC,1979-12-31,2.428926304167817
WDI:BM.GSR.INSF.ZS:NAC,1980-12-31,2.0990969001708564
WDI:BM.GSR.INSF.ZS:NAC,1981-12-31,3.4457556110306635
WDI:BM.GSR.INSF.ZS:NAC,1982-12-31,3.5633922502091044
WDI:BM.GSR.INSF.ZS:NAC,1983-12-31,3.701063570411091
WDI:BM.GSR.INSF.ZS:NAC,1984-12-31,3.4825444012181257
WDI:BM.GSR.INSF.ZS:NAC,1985-12-31,4.374962516832358
WDI:BM.GSR.INSF.ZS:NAC,1986-12-31,5.5474207491252825
WDI:BM.GSR.INSF.ZS:NAC,1987-12-31,6.255580161760537
WDI:BM.GSR.INSF.ZS:NAC,1988-12-31,4.788287479721735
WDI:BM.GSR.INSF.ZS:NAC,1989-12-31,3.5721436045791606
WDI:BM.GSR.INSF.ZS:NAC,1990-12-31,4.144969878380513
WDI:BM.GSR.INSF.ZS:NAC,1991-12-31,4.795468674935825
WDI:BM.GSR.INSF.ZS:NAC,1992-12-31,4.7996956953489445
WDI:BM.GSR.INSF.ZS:NAC,1993-12-31,5.104448988636145
WDI:BM.GSR.INSF.ZS:NAC,1994-12-31,5.505005793093815
WDI:BM.GSR.INSF.ZS:NAC,1995-12-31,5.72875992979155
WDI:BM.GSR.INSF.ZS:NAC,1996-12-31,5.962644824943916
WDI:BM.GSR.INSF.ZS:NAC,1997-12-31,6.121153162542986
WDI:BM.GSR.INSF.ZS:NAC,1998-12-31,6.764587550865211
WDI:BM.GSR.INSF.ZS:NAC,1999-12-31,10.589870347368201
WDI:BM.GSR.INSF.ZS:NAC,2000-12-31,11.780657197707244
WDI:BM.GSR.INSF.ZS:NAC,2001-12-31,13.750197594481731
WDI:BM.GSR.INSF.ZS:NAC,2002-12-31,14.871794964702104
WDI:BM.GSR.INSF.ZS:NAC,2003-12-31,15.06290736741082
WDI:BM.GSR.INSF.ZS:NAC,2004-12-31,15.224992245328341
WDI:BM.GSR.INSF.ZS:NAC,2005-12-31,14.918178897331046
WDI:BM.GSR.INSF.ZS:NAC,2006-12-31,17.359125955999883
WDI:BM.GSR.INSF.ZS:NAC,2007-12-31,18.9763858317362
WDI:BM.GSR.INSF.ZS:NAC,2008-12-31,18.778652872669245
WDI:BM.GSR.INSF.ZS:NAC,2009-12-31,19.718744688679475
WDI:BM.GSR.INSF.ZS:NAC,2010-12-31,18.839183921025118
WDI:BM.GSR.INSF.ZS:NAC,2011-12-31,17.435209505911715
WDI:BM.GSR.INSF.ZS:NAC,2012-12-31,16.65410444215614
WDI:BM.GSR.INSF.ZS:NAC,2013-12-31,15.90268370724444
WDI:BM.GSR.INSF.ZS:NAC,2014-12-31,15.891628713455214
WDI:BM.GSR.INSF.ZS:NAC,2015-12-31,15.535513223028456
WDI:BM.GSR.INSF.ZS:NAC,2016-12-31,15.834280036086621
WDI:BM.GSR.INSF.ZS:NAC,2017-12-31,15.505255684117373
WDI:BM.GSR.INSF.ZS:NAC,2018-12-31,14.337415940242721
WDI:BM.GSR.INSF.ZS:NAC,2019-12-31,14.914363744179646
WDI:BM.GSR.INSF.ZS:NAC,2020-12-31,20.553892178628423
WDI:BM.GSR.INSF.ZS:NAC,2021-12-31,18.388828159180576
WDI:BM.GSR.INSF.ZS:NAC,2022-12-31,15.718716827643691
WDI:BM.GSR.INSF.ZS:NAC,2023-12-31,16.3973695250337
WDI:BM.GSR.INSF.ZS:NAC,2024-12-31,17.2668811394848
WDI:BM.GSR.INSF.ZS:NAC,2025-12-31,18.0063651385237
WDI:BM.GSR.INSF.ZS:NAM,1990-12-31,6.526246862381302
WDI:BM.GSR.INSF.ZS:NAM,1991-12-31,5.83581388062039
WDI:BM.GSR.INSF.ZS:NAM,1992-12-31,6.566385053918536
WDI:BM.GSR.INSF.ZS:NAM,1993-12-31,6.5699873896595085
WDI:BM.GSR.INSF.ZS:NAM,1994-12-31,7.558628983764268
WDI:BM.GSR.INSF.ZS:NAM,1995-12-31,9.239076092390752
WDI:BM.GSR.INSF.ZS:NAM,1996-12-31,9.961164271129453
WDI:BM.GSR.INSF.ZS:NAM,1997-12-31,13.980156148340917
WDI:BM.GSR.INSF.ZS:NAM,1998-12-31,12.115932847640156
WDI:BM.GSR.INSF.ZS:NAM,1999-12-31,6.848597593574201
WDI:BM.GSR.INSF.ZS:NAM,2000-12-31,6.250425525920218
WDI:BM.GSR.INSF.ZS:NAM,2001-12-31,5.837176540382112
WDI:BM.GSR.INSF.ZS:NAM,2002-12-31,5.649102010689613
WDI:BM.GSR.INSF.ZS:NAM,2003-12-31,8.270942680323905
WDI:BM.GSR.INSF.ZS:NAM,2004-12-31,4.942515365350688
WDI:BM.GSR.INSF.ZS:NAM,2005-12-31,5.125314970138194
WDI:BM.GSR.INSF.ZS:NAM,2006-12-31,5.249997340820042
WDI:BM.GSR.INSF.ZS:NAM,2007-12-31,5.991028494839993
WDI:BM.GSR.INSF.ZS:NAM,2008-12-31,3.150856184308301
WDI:BM.GSR.INSF.ZS:NAM,2009-12-31,6.0246437165642055
WDI:BM.GSR.INSF.ZS:NAM,2010-12-31,6.76302520706598
WDI:BM.GSR.INSF.ZS:NAM,2011-12-31,6.274276232508578
WDI:BM.GSR.INSF.ZS:NAM,2012-12-31,4.350614912625921
WDI:BM.GSR.INSF.ZS:NAM,2013-12-31,3.29457414640607
WDI:BM.GSR.INSF.ZS:NAM,2014-12-31,2.7305794495623577
WDI:BM.GSR.INSF.ZS:NAM,2015-12-31,3.9368089077588477
WDI:BM.GSR.INSF.ZS:NAM,2016-12-31,2.500050224641049
WDI:BM.GSR.INSF.ZS:NAM,2017-12-31,4.127856651733045
WDI:BM.GSR.INSF.ZS:NAM,2018-12-31,5.454347715669958
WDI:BM.GSR.INSF.ZS:NAM,2019-12-31,5.572284292495672
WDI:BM.GSR.INSF.ZS:NAM,2020-12-31,2.0685317320775036
WDI:BM.GSR.INSF.ZS:NAM,2021-12-31,1.549642045245351
WDI:BM.GSR.INSF.ZS:NAM,2022-12-31,1.8004319049200468
WDI:BM.GSR.INSF.ZS:NAM,2023-12-31,1.62390650093611
WDI:BM.GSR.INSF.ZS:NAM,2024-12-31,1.85402434954024
WDI:BM.GSR.INSF.ZS:NCL,2002-12-31,3.8058665855559544
WDI:BM.GSR.INSF.ZS:NCL,2003-12-31,4.513957277659407
WDI:BM.GSR.INSF.ZS:NCL,2004-12-31,4.775909130932459
WDI:BM.GSR.INSF.ZS:NCL,2005-12-31,2.5830047424446887
WDI:BM.GSR.INSF.ZS:NCL,2006-12-31,1.9275340588321084
WDI:BM.GSR.INSF.ZS:NCL,2007-12-31,2.3058510795173564
WDI:BM.GSR.INSF.ZS:NCL,2008-12-31,2.571804006795923
WDI:BM.GSR.INSF.ZS:NCL,2009-12-31,3.3030644458212506
WDI:BM.GSR.INSF.ZS:NCL,2010-12-31,2.5893298050185733
WDI:BM.GSR.INSF.ZS:NCL,2011-12-31,5.026645680098481
WDI:BM.GSR.INSF.ZS:NCL,2012-12-31,3.230942109187293
WDI:BM.GSR.INSF.ZS:NCL,2013-12-31,3.59073814047648
WDI:BM.GSR.INSF.ZS:NCL,2014-12-31,3.4933031265744
WDI:BM.GSR.INSF.ZS:NCL,2015-12-31,4.237395143026122
WDI:BM.GSR.INSF.ZS:NCL,2016-12-31,4.543198627586354
WDI:BM.GSR.INSF.ZS:NER,1974-12-31,8.062429241468545
WDI:BM.GSR.INSF.ZS:NER,1975-12-31,7.914946103930927
WDI:BM.GSR.INSF.ZS:NER,1976-12-31,7.3208446041423025
WDI:BM.GSR.INSF.ZS:NER,1977-12-31,6.045523233849651
WDI:BM.GSR.INSF.ZS:NER,1978-12-31,5.7342448658473915
WDI:BM.GSR.INSF.ZS:NER,1979-12-31,5.8800822470515035
WDI:BM.GSR.INSF.ZS:NER,1980-12-31,6.692512597770565
WDI:BM.GSR.INSF.ZS:NER,1981-12-31,6.815613862136965
WDI:BM.GSR.INSF.ZS:NER,1982-12-31,7.114337568058057
WDI:BM.GSR.INSF.ZS:NER,1983-12-31,7.634377400358446
WDI:BM.GSR.INSF.ZS:NER,1984-12-31,7.7460013267487655
WDI:BM.GSR.INSF.ZS:NER,1985-12-31,7.477254073310906
WDI:BM.GSR.INSF.ZS:NER,1986-12-31,4.391791203644591
WDI:BM.GSR.INSF.ZS:NER,1987-12-31,5.18701177768961
WDI:BM.GSR.INSF.ZS:NER,1988-12-31,5.083377726120706
WDI:BM.GSR.INSF.ZS:NER,1989-12-31,5.7088383916669025
WDI:BM.GSR.INSF.ZS:NER,1990-12-31,3.9261418853255723
WDI:BM.GSR.INSF.ZS:NER,1991-12-31,3.8878133012401346
WDI:BM.GSR.INSF.ZS:NER,1992-12-31,3.874774503908606
WDI:BM.GSR.INSF.ZS:NER,1993-12-31,4.414254999334073
WDI:BM.GSR.INSF.ZS:NER,1994-12-31,1.5469519853154317
WDI:BM.GSR.INSF.ZS:NER,1995-12-31,2.0382569207007157
WDI:BM.GSR.INSF.ZS:NER,1996-12-31,2.139370154111226
WDI:BM.GSR.INSF.ZS:NER,1997-12-31,2.5136260911951065
WDI:BM.GSR.INSF.ZS:NER,1998-12-31,2.0633799708699363
WDI:BM.GSR.INSF.ZS:NER,1999-12-31,2.26617552850737
WDI:BM.GSR.INSF.ZS:NER,2000-12-31,2.65843264563748
WDI:BM.GSR.INSF.ZS:NER,2001-12-31,1.9472113839798137
WDI:BM.GSR.INSF.ZS:NER,2002-12-31,2.017747926907052
WDI:BM.GSR.INSF.ZS:NER,2003-12-31,1.879682542503935
WDI:BM.GSR.INSF.ZS:NER,2004-12-31,2.8316214523756367
WDI:BM.GSR.INSF.ZS:NER,2005-12-31,2.155752619438973
WDI:BM.GSR.INSF.ZS:NER,2006-12-31,3.085071783673283
WDI:BM.GSR.INSF.ZS:NER,2007-12-31,3.272770414562223
WDI:BM.GSR.INSF.ZS:NER,2008-12-31,3.6507246861178824
WDI:BM.GSR.INSF.ZS:NER,2009-12-31,3.5118679199113307
WDI:BM.GSR.INSF.ZS:NER,2010-12-31,5.138097116154546
WDI:BM.GSR.INSF.ZS:NER,2011-12-31,1.2933920619036139
WDI:BM.GSR.INSF.ZS:NER,2012-12-31,0.6436942944490913
WDI:BM.GSR.INSF.ZS:NER,2013-12-31,0.33622064014259306
WDI:BM.GSR.INSF.ZS:NER,2014-12-31,1.3910892626935636
WDI:BM.GSR.INSF.ZS:NER,2015-12-31,1.4825529277451277
WDI:BM.GSR.INSF.ZS:NER,2016-12-31,1.053737633074267
WDI:BM.GSR.INSF.ZS:NER,2017-12-31,1.2135561288684928
WDI:BM.GSR.INSF.ZS:NER,2018-12-31,1.1311968421866718
WDI:BM.GSR.INSF.ZS:NER,2019-12-31,1.1057789606066726
WDI:BM.GSR.INSF.ZS:NER,2020-12-31,1.2058473450594025
WDI:BM.GSR.INSF.ZS:NER,2021-12-31,1.0249726026988162
WDI:BM.GSR.INSF.ZS:NER,2022-12-31,0.8821169010840464
WDI:BM.GSR.INSF.ZS:NER,2023-12-31,1.0953937374955
WDI:BM.GSR.INSF.ZS:NER,2024-12-31,1.00884310665647
WDI:BM.GSR.INSF.ZS:NGA,1977-12-31,3.1441048034934282
WDI:BM.GSR.INSF.ZS:NGA,1978-12-31,4.344827586206876
WDI:BM.GSR.INSF.ZS:NGA,1979-12-31,3.669238187078107
WDI:BM.GSR.INSF.ZS:NGA,1980-12-31,2.7681660899653835
WDI:BM.GSR.INSF.ZS:NGA,1981-12-31,4.139819587628855
WDI:BM.GSR.INSF.ZS:NGA,1982-12-31,3.2485997414907346
WDI:BM.GSR.INSF.ZS:NGA,1983-12-31,3.891140706427332
WDI:BM.GSR.INSF.ZS:NGA,1984-12-31,3.2414793328499067
WDI:BM.GSR.INSF.ZS:NGA,1985-12-31,3.8175675675675773
WDI:BM.GSR.INSF.ZS:NGA,1986-12-31,2.09170530654303
WDI:BM.GSR.INSF.ZS:NGA,1987-12-31,3.3561839474435846
WDI:BM.GSR.INSF.ZS:NGA,1988-12-31,4.632675438596493
WDI:BM.GSR.INSF.ZS:NGA,1989-12-31,3.457473081102442
WDI:BM.GSR.INSF.ZS:NGA,1990-12-31,3.0062542013987605
WDI:BM.GSR.INSF.ZS:NGA,1991-12-31,4.450797517194161
WDI:BM.GSR.INSF.ZS:NGA,1992-12-31,4.7513610385933704
WDI:BM.GSR.INSF.ZS:NGA,1993-12-31,2.951289246193365
WDI:BM.GSR.INSF.ZS:NGA,1994-12-31,2.557193619112428
WDI:BM.GSR.INSF.ZS:NGA,1995-12-31,2.426882772455121
WDI:BM.GSR.INSF.ZS:NGA,1996-12-31,0.9711272075791793
WDI:BM.GSR.INSF.ZS:NGA,1997-12-31,2.33973135979509
WDI:BM.GSR.INSF.ZS:NGA,1998-12-31,2.0457912205366786
WDI:BM.GSR.INSF.ZS:NGA,1999-12-31,2.678568646695021
WDI:BM.GSR.INSF.ZS:NGA,2000-12-31,2.6800495739153254
WDI:BM.GSR.INSF.ZS:NGA,2001-12-31,2.6800482412558764
WDI:BM.GSR.INSF.ZS:NGA,2002-12-31,2.6799450665183673
WDI:BM.GSR.INSF.ZS:NGA,2005-12-31,0.44917049742910686
WDI:BM.GSR.INSF.ZS:NGA,2006-12-31,2.193426878385051
WDI:BM.GSR.INSF.ZS:NGA,2007-12-31,1.1907047427281814
WDI:BM.GSR.INSF.ZS:NGA,2008-12-31,4.289876342513015
WDI:BM.GSR.INSF.ZS:NGA,2009-12-31,2.359327191547244
WDI:BM.GSR.INSF.ZS:NGA,2010-12-31,2.5089755941518943
WDI:BM.GSR.INSF.ZS:NGA,2011-12-31,4.155849224199936
WDI:BM.GSR.INSF.ZS:NGA,2012-12-31,4.836963638335499
WDI:BM.GSR.INSF.ZS:NGA,2013-12-31,4.417820319677101
WDI:BM.GSR.INSF.ZS:NGA,2014-12-31,6.327911564454046
WDI:BM.GSR.INSF.ZS:NGA,2015-12-31,7.400695599783741
WDI:BM.GSR.INSF.ZS:NGA,2016-12-31,9.03723949726795
WDI:BM.GSR.INSF.ZS:NGA,2017-12-31,7.403938413389836
WDI:BM.GSR.INSF.ZS:NGA,2018-12-31,3.9277893585239863
WDI:BM.GSR.INSF.ZS:NGA,2019-12-31,3.6595936556033335
WDI:BM.GSR.INSF.ZS:NGA,2020-12-31,6.41969290429683
WDI:BM.GSR.INSF.ZS:NGA,2021-12-31,6.852794539107726
WDI:BM.GSR.INSF.ZS:NGA,2022-12-31,6.01203072156842
WDI:BM.GSR.INSF.ZS:NGA,2023-12-31,5.93254135307698
WDI:BM.GSR.INSF.ZS:NGA,2024-12-31,8.28326851758983
WDI:BM.GSR.INSF.ZS:NGA,2025-12-31,8.50946397471391
WDI:BM.GSR.INSF.ZS:NIC,1977-12-31,5.747126436781609
WDI:BM.GSR.INSF.ZS:NIC,1978-12-31,-26.923076923076923
WDI:BM.GSR.INSF.ZS:NIC,1979-12-31,6.472491909385113
WDI:BM.GSR.INSF.ZS:NIC,1980-12-31,5.207328833172613
WDI:BM.GSR.INSF.ZS:NIC,1981-12-31,3.3575317604355717
WDI:BM.GSR.INSF.ZS:NIC,1982-12-31,4.057971014492753
WDI:BM.GSR.INSF.ZS:NIC,1983-12-31,5.694227769110764
WDI:BM.GSR.INSF.ZS:NIC,1984-12-31,5.100671140939597
WDI:BM.GSR.INSF.ZS:NIC,1985-12-31,5.632716049382716
WDI:BM.GSR.INSF.ZS:NIC,1986-12-31,4.714016341923319
WDI:BM.GSR.INSF.ZS:NIC,1987-12-31,5.1713395638629285
WDI:BM.GSR.INSF.ZS:NIC,1988-12-31,5.792903692976104
WDI:BM.GSR.INSF.ZS:NIC,1989-12-31,4.614093959731544
WDI:BM.GSR.INSF.ZS:NIC,1990-12-31,5.1647373107747105
WDI:BM.GSR.INSF.ZS:NIC,1991-12-31,4.1116005873715125
WDI:BM.GSR.INSF.ZS:NIC,1992-12-31,4.11328388401888
WDI:BM.GSR.INSF.ZS:NIC,1993-12-31,3.1289910600255424
WDI:BM.GSR.INSF.ZS:NIC,1994-12-31,3.5858877964141125
WDI:BM.GSR.INSF.ZS:NIC,1995-12-31,3.0839002267573696
WDI:BM.GSR.INSF.ZS:NIC,1996-12-31,3.1645569620253164
WDI:BM.GSR.INSF.ZS:NIC,1997-12-31,2.380952380952381
WDI:BM.GSR.INSF.ZS:NIC,1998-12-31,2.5765496639283048
WDI:BM.GSR.INSF.ZS:NIC,1999-12-31,3.4956677621750822
WDI:BM.GSR.INSF.ZS:NIC,2000-12-31,7.1285999429712
WDI:BM.GSR.INSF.ZS:NIC,2001-12-31,8.028594995875721
WDI:BM.GSR.INSF.ZS:NIC,2002-12-31,10.43894203714125
WDI:BM.GSR.INSF.ZS:NIC,2003-12-31,7.590233545647558
WDI:BM.GSR.INSF.ZS:NIC,2004-12-31,9.58435207823961
WDI:BM.GSR.INSF.ZS:NIC,2005-12-31,9.103078982597054
WDI:BM.GSR.INSF.ZS:NIC,2006-12-31,8.417450812660393
WDI:BM.GSR.INSF.ZS:NIC,2007-12-31,8.480046948356808
WDI:BM.GSR.INSF.ZS:NIC,2008-12-31,7.865312941781262
WDI:BM.GSR.INSF.ZS:NIC,2009-12-31,8.488139468419549
WDI:BM.GSR.INSF.ZS:NIC,2010-12-31,9.809864976577568
WDI:BM.GSR.INSF.ZS:NIC,2011-12-31,9.51270692469107
WDI:BM.GSR.INSF.ZS:NIC,2012-12-31,9.098824553765782
WDI:BM.GSR.INSF.ZS:NIC,2013-12-31,8.42336568394067
WDI:BM.GSR.INSF.ZS:NIC,2014-12-31,10.379419944378228
WDI:BM.GSR.INSF.ZS:NIC,2015-12-31,10.886545596563172
WDI:BM.GSR.INSF.ZS:NIC,2016-12-31,10.158666799720587
WDI:BM.GSR.INSF.ZS:NIC,2017-12-31,8.209606986899564
WDI:BM.GSR.INSF.ZS:NIC,2018-12-31,11.031804345544243
WDI:BM.GSR.INSF.ZS:NIC,2019-12-31,11.771589047507607
WDI:BM.GSR.INSF.ZS:NIC,2020-12-31,17.45513866231648
WDI:BM.GSR.INSF.ZS:NIC,2021-12-31,16.261100219121207
WDI:BM.GSR.INSF.ZS:NIC,2022-12-31,14.822471910112359
WDI:BM.GSR.INSF.ZS:NIC,2023-12-31,15.9669769892851
WDI:BM.GSR.INSF.ZS:NIC,2024-12-31,15.9494640122512
WDI:BM.GSR.INSF.ZS:NLD,1967-12-31,1.66186196371036
WDI:BM.GSR.INSF.ZS:NLD,1968-12-31,0.9109609168380837
WDI:BM.GSR.INSF.ZS:NLD,1969-12-31,2.1320584054787446
WDI:BM.GSR.INSF.ZS:NLD,1970-12-31,2.5047736717960296
WDI:BM.GSR.INSF.ZS:NLD,1971-12-31,2.478489746405678
WDI:BM.GSR.INSF.ZS:NLD,1972-12-31,1.5834514593756108
WDI:BM.GSR.INSF.ZS:NLD,1973-12-31,1.9593935444434356
WDI:BM.GSR.INSF.ZS:NLD,1974-12-31,2.173103909072232
WDI:BM.GSR.INSF.ZS:NLD,1975-12-31,3.0371880286844553
WDI:BM.GSR.INSF.ZS:NLD,1976-12-31,2.1467597897650585
WDI:BM.GSR.INSF.ZS:NLD,1977-12-31,1.6638320676551563
WDI:BM.GSR.INSF.ZS:NLD,1978-12-31,2.003484466450379
WDI:BM.GSR.INSF.ZS:NLD,1979-12-31,2.311225208007326
WDI:BM.GSR.INSF.ZS:NLD,1980-12-31,2.2884423562695417
WDI:BM.GSR.INSF.ZS:NLD,1981-12-31,2.039429865882789
WDI:BM.GSR.INSF.ZS:NLD,1982-12-31,1.754326978770927
WDI:BM.GSR.INSF.ZS:NLD,1983-12-31,1.5624184469274218
WDI:BM.GSR.INSF.ZS:NLD,1984-12-31,2.2160388358349454
WDI:BM.GSR.INSF.ZS:NLD,1985-12-31,2.398240646776609
WDI:BM.GSR.INSF.ZS:NLD,1986-12-31,2.4482631294289363
WDI:BM.GSR.INSF.ZS:NLD,1987-12-31,2.051575094266155
WDI:BM.GSR.INSF.ZS:NLD,1988-12-31,2.151172225904717
WDI:BM.GSR.INSF.ZS:NLD,1989-12-31,2.0982371592035305
WDI:BM.GSR.INSF.ZS:NLD,1990-12-31,0.5601027077961386
WDI:BM.GSR.INSF.ZS:NLD,1991-12-31,1.421157776082916
WDI:BM.GSR.INSF.ZS:NLD,1992-12-31,1.7136899931538199
WDI:BM.GSR.INSF.ZS:NLD,1993-12-31,1.2334204696344475
WDI:BM.GSR.INSF.ZS:NLD,1994-12-31,1.9246555357473538
WDI:BM.GSR.INSF.ZS:NLD,1995-12-31,2.947787731720463
WDI:BM.GSR.INSF.ZS:NLD,1996-12-31,2.9037963557145403
WDI:BM.GSR.INSF.ZS:NLD,1997-12-31,2.623192267273685
WDI:BM.GSR.INSF.ZS:NLD,1998-12-31,2.8225452569002973
WDI:BM.GSR.INSF.ZS:NLD,1999-12-31,2.6547947354778594
WDI:BM.GSR.INSF.ZS:NLD,2000-12-31,2.9247912272161622
WDI:BM.GSR.INSF.ZS:NLD,2001-12-31,3.253020849576767
WDI:BM.GSR.INSF.ZS:NLD,2002-12-31,4.100859730572201
WDI:BM.GSR.INSF.ZS:NLD,2003-12-31,2.964437171569977
WDI:BM.GSR.INSF.ZS:NLD,2004-12-31,3.980378399748847
WDI:BM.GSR.INSF.ZS:NLD,2005-12-31,3.981315189763558
WDI:BM.GSR.INSF.ZS:NLD,2006-12-31,3.9793134158446106
WDI:BM.GSR.INSF.ZS:NLD,2007-12-31,3.980219035643685
WDI:BM.GSR.INSF.ZS:NLD,2008-12-31,3.9777510707437553
WDI:BM.GSR.INSF.ZS:NLD,2009-12-31,6.7376321634433705
WDI:BM.GSR.INSF.ZS:NLD,2010-12-31,7.372459392627547
WDI:BM.GSR.INSF.ZS:NLD,2011-12-31,6.713472799224593
WDI:BM.GSR.INSF.ZS:NLD,2012-12-31,6.369753011126932
WDI:BM.GSR.INSF.ZS:NLD,2013-12-31,6.455540764487204
WDI:BM.GSR.INSF.ZS:NLD,2014-12-31,6.074307508413179
WDI:BM.GSR.INSF.ZS:NLD,2015-12-31,5.61118265629756
WDI:BM.GSR.INSF.ZS:NLD,2016-12-31,5.997687021153694
WDI:BM.GSR.INSF.ZS:NLD,2017-12-31,5.404836062907091
WDI:BM.GSR.INSF.ZS:NLD,2018-12-31,4.61186337634134
WDI:BM.GSR.INSF.ZS:NLD,2019-12-31,5.001893496075615
WDI:BM.GSR.INSF.ZS:NLD,2020-12-31,6.78385150721512
WDI:BM.GSR.INSF.ZS:NLD,2021-12-31,9.735387564391967
WDI:BM.GSR.INSF.ZS:NLD,2022-12-31,6.803939078897639
WDI:BM.GSR.INSF.ZS:NLD,2023-12-31,6.55862254080886
WDI:BM.GSR.INSF.ZS:NLD,2024-12-31,6.58332383085349
WDI:BM.GSR.INSF.ZS:NOR,1975-12-31,4.272277404540599
WDI:BM.GSR.INSF.ZS:NOR,1976-12-31,2.192178873735864
WDI:BM.GSR.INSF.ZS:NOR,1977-12-31,2.4672153874887117
WDI:BM.GSR.INSF.ZS:NOR,1978-12-31,2.0861838954854806
WDI:BM.GSR.INSF.ZS:NOR,1979-12-31,2.387151198927174
WDI:BM.GSR.INSF.ZS:NOR,1980-12-31,3.3674822680212415
WDI:BM.GSR.INSF.ZS:NOR,1981-12-31,2.1970663146288745
WDI:BM.GSR.INSF.ZS:NOR,1982-12-31,2.0701475752646803
WDI:BM.GSR.INSF.ZS:NOR,1983-12-31,2.250913004557409
WDI:BM.GSR.INSF.ZS:NOR,1984-12-31,2.722069113439368
WDI:BM.GSR.INSF.ZS:NOR,1985-12-31,2.689742330545221
WDI:BM.GSR.INSF.ZS:NOR,1986-12-31,2.225610366975156
WDI:BM.GSR.INSF.ZS:NOR,1987-12-31,1.1787854632745465
WDI:BM.GSR.INSF.ZS:NOR,1988-12-31,1.3165438439666244
WDI:BM.GSR.INSF.ZS:NOR,1989-12-31,1.1490563728455483
WDI:BM.GSR.INSF.ZS:NOR,1990-12-31,1.6796624001582856
WDI:BM.GSR.INSF.ZS:NOR,1991-12-31,1.130566361702805
WDI:BM.GSR.INSF.ZS:NOR,1992-12-31,6.222470980458964
WDI:BM.GSR.INSF.ZS:NOR,1993-12-31,6.4240806033843505
WDI:BM.GSR.INSF.ZS:NOR,1994-12-31,6.178795315168255
WDI:BM.GSR.INSF.ZS:NOR,1995-12-31,5.276071419319519
WDI:BM.GSR.INSF.ZS:NOR,1996-12-31,5.681423702262369
WDI:BM.GSR.INSF.ZS:NOR,1997-12-31,3.8144134754851415
WDI:BM.GSR.INSF.ZS:NOR,1998-12-31,4.1517642639986
WDI:BM.GSR.INSF.ZS:NOR,1999-12-31,5.75690687775244
WDI:BM.GSR.INSF.ZS:NOR,2000-12-31,5.951460671037115
WDI:BM.GSR.INSF.ZS:NOR,2001-12-31,6.074799573283944
WDI:BM.GSR.INSF.ZS:NOR,2002-12-31,6.94405160902228
WDI:BM.GSR.INSF.ZS:NOR,2003-12-31,7.943175415564483
WDI:BM.GSR.INSF.ZS:NOR,2004-12-31,6.539710599522603
WDI:BM.GSR.INSF.ZS:NOR,2005-12-31,4.891686144045915
WDI:BM.GSR.INSF.ZS:NOR,2006-12-31,4.868747013128486
WDI:BM.GSR.INSF.ZS:NOR,2007-12-31,3.371361880467201
WDI:BM.GSR.INSF.ZS:NOR,2008-12-31,2.7155752028588998
WDI:BM.GSR.INSF.ZS:NOR,2009-12-31,4.612190258332025
WDI:BM.GSR.INSF.ZS:NOR,2010-12-31,3.667938585509119
WDI:BM.GSR.INSF.ZS:NOR,2011-12-31,5.135343688073545
WDI:BM.GSR.INSF.ZS:NOR,2017-12-31,3.91798390303819
WDI:BM.GSR.INSF.ZS:NOR,2018-12-31,4.011854534081443
WDI:BM.GSR.INSF.ZS:NOR,2019-12-31,4.455838614397247
WDI:BM.GSR.INSF.ZS:NOR,2020-12-31,6.204383623494076
WDI:BM.GSR.INSF.ZS:NOR,2021-12-31,4.897691338158759
WDI:BM.GSR.INSF.ZS:NOR,2022-12-31,3.822837285992252
WDI:BM.GSR.INSF.ZS:NOR,2023-12-31,3.89712588991924
WDI:BM.GSR.INSF.ZS:NOR,2024-12-31,3.59048339280799
WDI:BM.GSR.INSF.ZS:NOR,2025-12-31,3.69779699588048
WDI:BM.GSR.INSF.ZS:NPL,1976-12-31,2.577233751650193
WDI:BM.GSR.INSF.ZS:NPL,1977-12-31,2.582815237770311
WDI:BM.GSR.INSF.ZS:NPL,1978-12-31,2.790294159637921
WDI:BM.GSR.INSF.ZS:NPL,1979-12-31,2.547944150939742
WDI:BM.GSR.INSF.ZS:NPL,1980-12-31,2.451452949735997
WDI:BM.GSR.INSF.ZS:NPL,1981-12-31,2.4473413978746383
WDI:BM.GSR.INSF.ZS:NPL,1982-12-31,2.5823576046745806
WDI:BM.GSR.INSF.ZS:NPL,1983-12-31,2.828392777918072
WDI:BM.GSR.INSF.ZS:NPL,1984-12-31,2.269329538068215
WDI:BM.GSR.INSF.ZS:NPL,1985-12-31,2.3566221037548103
WDI:BM.GSR.INSF.ZS:NPL,1986-12-31,2.504957553518891
WDI:BM.GSR.INSF.ZS:NPL,1987-12-31,2.441538740843789
WDI:BM.GSR.INSF.ZS:NPL,1988-12-31,2.7075172346428427
WDI:BM.GSR.INSF.ZS:NPL,1989-12-31,2.6326705622342748
WDI:BM.GSR.INSF.ZS:NPL,1990-12-31,3.065293963056199
WDI:BM.GSR.INSF.ZS:NPL,1991-12-31,3.1836996990943915
WDI:BM.GSR.INSF.ZS:NPL,1992-12-31,2.7210175452478023
WDI:BM.GSR.INSF.ZS:NPL,1993-12-31,2.781882622170966
WDI:BM.GSR.INSF.ZS:NPL,1994-12-31,2.735838320626018
WDI:BM.GSR.INSF.ZS:NPL,1995-12-31,2.9273548836995635
WDI:BM.GSR.INSF.ZS:NPL,2002-12-31,6.874592948970827
WDI:BM.GSR.INSF.ZS:NPL,2003-12-31,6.477789497184496
WDI:BM.GSR.INSF.ZS:NPL,2004-12-31,4.734149333371699
WDI:BM.GSR.INSF.ZS:NPL,2005-12-31,6.053140919853689
WDI:BM.GSR.INSF.ZS:NPL,2006-12-31,5.823192206495676
WDI:BM.GSR.INSF.ZS:NPL,2007-12-31,4.247863230078738
WDI:BM.GSR.INSF.ZS:NPL,2008-12-31,3.581894820963448
WDI:BM.GSR.INSF.ZS:NPL,2009-12-31,3.197039451161823
WDI:BM.GSR.INSF.ZS:NPL,2010-12-31,3.4429699712089423
WDI:BM.GSR.INSF.ZS:NPL,2011-12-31,4.340687339945277
WDI:BM.GSR.INSF.ZS:NPL,2012-12-31,3.453358819702759
WDI:BM.GSR.INSF.ZS:NPL,2013-12-31,2.997166340387394
WDI:BM.GSR.INSF.ZS:NPL,2014-12-31,3.4745417375249033
WDI:BM.GSR.INSF.ZS:NPL,2015-12-31,3.3648773833588956
WDI:BM.GSR.INSF.ZS:NPL,2016-12-31,3.709999597649347
WDI:BM.GSR.INSF.ZS:NPL,2017-12-31,3.3911182151791848
WDI:BM.GSR.INSF.ZS:NPL,2018-12-31,3.5722396622203676
WDI:BM.GSR.INSF.ZS:NPL,2019-12-31,3.9899088786654664
WDI:BM.GSR.INSF.ZS:NPL,2020-12-31,6.814729331131413
WDI:BM.GSR.INSF.ZS:NPL,2021-12-31,7.391503833475431
WDI:BM.GSR.INSF.ZS:NPL,2022-12-31,5.122004340579775
WDI:BM.GSR.INSF.ZS:NPL,2023-12-31,3.96038382313159
WDI:BM.GSR.INSF.ZS:NPL,2024-12-31,4.39608498593263
WDI:BM.GSR.INSF.ZS:NRU,2008-12-31,2.0620886728383447
WDI:BM.GSR.INSF.ZS:NRU,2009-12-31,1.6748536297587542
WDI:BM.GSR.INSF.ZS:NRU,2010-12-31,1.7231966221176374
WDI:BM.GSR.INSF.ZS:NRU,2011-12-31,1.1429619807145888
WDI:BM.GSR.INSF.ZS:NRU,2012-12-31,1.2218932388636605
WDI:BM.GSR.INSF.ZS:NRU,2013-12-31,0.6603795839907131
WDI:BM.GSR.INSF.ZS:NRU,2014-12-31,0.6536518323455329
WDI:BM.GSR.INSF.ZS:NRU,2015-12-31,0.8062314028704091
WDI:BM.GSR.INSF.ZS:NRU,2016-12-31,0.5844916667438219
WDI:BM.GSR.INSF.ZS:NRU,2017-12-31,0.6373460166557688
WDI:BM.GSR.INSF.ZS:NRU,2018-12-31,1.9957018880980768
WDI:BM.GSR.INSF.ZS:NRU,2019-12-31,2.89615438322016
WDI:BM.GSR.INSF.ZS:NRU,2020-12-31,3.29840138467919
WDI:BM.GSR.INSF.ZS:NRU,2021-12-31,3.4723055330422463
WDI:BM.GSR.INSF.ZS:NRU,2022-12-31,3.534888330641022
WDI:BM.GSR.INSF.ZS:NRU,2023-12-31,3.35909890647949
WDI:BM.GSR.INSF.ZS:NRU,2024-12-31,2.02858231826912
WDI:BM.GSR.INSF.ZS:NZL,2000-12-31,3.618812167223727
WDI:BM.GSR.INSF.ZS:NZL,2001-12-31,4.055612554511534
WDI:BM.GSR.INSF.ZS:NZL,2002-12-31,5.22003088547683
WDI:BM.GSR.INSF.ZS:NZL,2003-12-31,5.428185058141653
WDI:BM.GSR.INSF.ZS:NZL,2004-12-31,5.4029765571492865
WDI:BM.GSR.INSF.ZS:NZL,2005-12-31,5.372775151059348
WDI:BM.GSR.INSF.ZS:NZL,2006-12-31,4.7589344115074494
WDI:BM.GSR.INSF.ZS:NZL,2007-12-31,5.009759207201405
WDI:BM.GSR.INSF.ZS:NZL,2008-12-31,4.24701743332516
WDI:BM.GSR.INSF.ZS:NZL,2009-12-31,5.56699246045314
WDI:BM.GSR.INSF.ZS:NZL,2010-12-31,5.3433625003074425
WDI:BM.GSR.INSF.ZS:NZL,2011-12-31,6.52195879578895
WDI:BM.GSR.INSF.ZS:NZL,2012-12-31,7.428994749170202
WDI:BM.GSR.INSF.ZS:NZL,2013-12-31,8.552524553994626
WDI:BM.GSR.INSF.ZS:NZL,2014-12-31,7.955073278003004
WDI:BM.GSR.INSF.ZS:NZL,2015-12-31,8.883100823226922
WDI:BM.GSR.INSF.ZS:NZL,2016-12-31,8.916632621473703
WDI:BM.GSR.INSF.ZS:NZL,2017-12-31,9.216130880511013
WDI:BM.GSR.INSF.ZS:NZL,2018-12-31,10.211781223323168
WDI:BM.GSR.INSF.ZS:NZL,2019-12-31,11.894546278685599
WDI:BM.GSR.INSF.ZS:NZL,2020-12-31,17.40537341057645
WDI:BM.GSR.INSF.ZS:NZL,2021-12-31,13.672954728821923
WDI:BM.GSR.INSF.ZS:NZL,2022-12-31,10.990186647687798
WDI:BM.GSR.INSF.ZS:NZL,2023-12-31,12.8867897707417
WDI:BM.GSR.INSF.ZS:NZL,2024-12-31,13.9105172476935
WDI:BM.GSR.INSF.ZS:NZL,2025-12-31,12.9587791006564
WDI:BM.GSR.INSF.ZS:OED,1977-12-31,3.518442159168154
WDI:BM.GSR.INSF.ZS:OED,1978-12-31,3.5917933229936527
WDI:BM.GSR.INSF.ZS:OED,1979-12-31,3.74507965137755
WDI:BM.GSR.INSF.ZS:OED,1980-12-31,3.6450100684060347
WDI:BM.GSR.INSF.ZS:OED,1981-12-31,3.8526272094052083
WDI:BM.GSR.INSF.ZS:OED,1982-12-31,4.0891784521021535
WDI:BM.GSR.INSF.ZS:OED,1983-12-31,4.038171624558649
WDI:BM.GSR.INSF.ZS:OED,1984-12-31,4.306179199911807
WDI:BM.GSR.INSF.ZS:OED,1985-12-31,4.796021619149704
WDI:BM.GSR.INSF.ZS:OED,1986-12-31,4.660765947968248
WDI:BM.GSR.INSF.ZS:OED,1987-12-31,4.887702450261461
WDI:BM.GSR.INSF.ZS:OED,1988-12-31,4.918711054768839
WDI:BM.GSR.INSF.ZS:OED,1989-12-31,4.792067329783028
WDI:BM.GSR.INSF.ZS:OED,1990-12-31,5.400784380400787
WDI:BM.GSR.INSF.ZS:OED,1991-12-31,6.0340534486249515
WDI:BM.GSR.INSF.ZS:OED,1992-12-31,7.6131745645879665
WDI:BM.GSR.INSF.ZS:OED,1993-12-31,6.890842766987937
WDI:BM.GSR.INSF.ZS:OED,1994-12-31,5.023159198943663
WDI:BM.GSR.INSF.ZS:OED,1995-12-31,5.054104329957126
WDI:BM.GSR.INSF.ZS:OED,1996-12-31,5.198828119274869
WDI:BM.GSR.INSF.ZS:OED,1997-12-31,5.419276671103965
WDI:BM.GSR.INSF.ZS:OED,1998-12-31,5.119231660948286
WDI:BM.GSR.INSF.ZS:OED,1999-12-31,6.7798319645254645
WDI:BM.GSR.INSF.ZS:OED,2000-12-31,6.961428298084179
WDI:BM.GSR.INSF.ZS:OED,2001-12-31,7.62952995782533
WDI:BM.GSR.INSF.ZS:OED,2002-12-31,8.35154874588054
WDI:BM.GSR.INSF.ZS:OED,2003-12-31,8.4829615672316
WDI:BM.GSR.INSF.ZS:OED,2004-12-31,8.797990174187559
WDI:BM.GSR.INSF.ZS:OED,2005-12-31,8.729314842296686
WDI:BM.GSR.INSF.ZS:OED,2006-12-31,10.113231881666357
WDI:BM.GSR.INSF.ZS:OED,2007-12-31,10.249048604547392
WDI:BM.GSR.INSF.ZS:OED,2008-12-31,9.835747463352998
WDI:BM.GSR.INSF.ZS:OED,2009-12-31,10.614468727399018
WDI:BM.GSR.INSF.ZS:OED,2010-12-31,10.446431370641127
WDI:BM.GSR.INSF.ZS:OED,2011-12-31,10.107939936989789
WDI:BM.GSR.INSF.ZS:OED,2012-12-31,9.852437691124754
WDI:BM.GSR.INSF.ZS:OED,2013-12-31,9.854992384955029
WDI:BM.GSR.INSF.ZS:OED,2014-12-31,9.813149566583471
WDI:BM.GSR.INSF.ZS:OED,2015-12-31,9.749095827659554
WDI:BM.GSR.INSF.ZS:OED,2016-12-31,9.729085017271293
WDI:BM.GSR.INSF.ZS:OED,2017-12-31,9.539015220657026
WDI:BM.GSR.INSF.ZS:OED,2018-12-31,9.24180696656254
WDI:BM.GSR.INSF.ZS:OED,2019-12-31,9.07296994324347
WDI:BM.GSR.INSF.ZS:OED,2020-12-31,11.265378309797677
WDI:BM.GSR.INSF.ZS:OED,2021-12-31,11.517159271015698
WDI:BM.GSR.INSF.ZS:OED,2022-12-31,9.830744382328847
WDI:BM.GSR.INSF.ZS:OED,2023-12-31,10.0525035030778
WDI:BM.GSR.INSF.ZS:OED,2024-12-31,10.4038554486729
WDI:BM.GSR.INSF.ZS:OED,2025-12-31,11.3465152425273
WDI:BM.GSR.INSF.ZS:OMN,1974-12-31,5.921787709497228
WDI:BM.GSR.INSF.ZS:OMN,1975-12-31,6.504672897196208
WDI:BM.GSR.INSF.ZS:OMN,1976-12-31,6.284779050736492
WDI:BM.GSR.INSF.ZS:OMN,1977-12-31,6.2461059190031
WDI:BM.GSR.INSF.ZS:OMN,1978-12-31,6.5667166416791325
WDI:BM.GSR.INSF.ZS:OMN,1979-12-31,6.07891491985202
WDI:BM.GSR.INSF.ZS:OMN,1980-12-31,3.7919463087248375
WDI:BM.GSR.INSF.ZS:OMN,1981-12-31,3.8870741950536596
WDI:BM.GSR.INSF.ZS:OMN,1982-12-31,4.09334985543163
WDI:BM.GSR.INSF.ZS:OMN,1983-12-31,3.8131313131313056
WDI:BM.GSR.INSF.ZS:OMN,1984-12-31,4.3607404218682655
WDI:BM.GSR.INSF.ZS:OMN,1985-12-31,4.719740048740856
WDI:BM.GSR.INSF.ZS:OMN,1986-12-31,3.7262357414448664
WDI:BM.GSR.INSF.ZS:OMN,1987-12-31,4.108108108108099
WDI:BM.GSR.INSF.ZS:OMN,1988-12-31,4.477611940298494
WDI:BM.GSR.INSF.ZS:OMN,1989-12-31,4.345645234838124
WDI:BM.GSR.INSF.ZS:OMN,1990-12-31,4.064422728917831
WDI:BM.GSR.INSF.ZS:OMN,1991-12-31,3.612990527740187
WDI:BM.GSR.INSF.ZS:OMN,1992-12-31,4.365411436541139
WDI:BM.GSR.INSF.ZS:OMN,1993-12-31,4.949784791965565
WDI:BM.GSR.INSF.ZS:OMN,1994-12-31,4.651834729846861
WDI:BM.GSR.INSF.ZS:OMN,1995-12-31,4.646251319957755
WDI:BM.GSR.INSF.ZS:OMN,1996-12-31,4.487613884496672
WDI:BM.GSR.INSF.ZS:OMN,1997-12-31,4.127024942144511
WDI:BM.GSR.INSF.ZS:OMN,1998-12-31,4.399555814076466
WDI:BM.GSR.INSF.ZS:OMN,1999-12-31,5.993580391012535
WDI:BM.GSR.INSF.ZS:OMN,2000-12-31,6.465742626094871
WDI:BM.GSR.INSF.ZS:OMN,2001-12-31,5.067104902766376
WDI:BM.GSR.INSF.ZS:OMN,2002-12-31,9.129893484575996
WDI:BM.GSR.INSF.ZS:OMN,2003-12-31,8.59106529209621
WDI:BM.GSR.INSF.ZS:OMN,2004-12-31,7.554081481114787
WDI:BM.GSR.INSF.ZS:OMN,2005-12-31,9.048815980949886
WDI:BM.GSR.INSF.ZS:OMN,2006-12-31,10.844995928124238
WDI:BM.GSR.INSF.ZS:OMN,2007-12-31,13.04874543664031
WDI:BM.GSR.INSF.ZS:OMN,2008-12-31,10.65895801387788
WDI:BM.GSR.INSF.ZS:OMN,2009-12-31,15.082462653119007
WDI:BM.GSR.INSF.ZS:OMN,2010-12-31,14.072544518778646
WDI:BM.GSR.INSF.ZS:OMN,2011-12-31,12.339885597400434
WDI:BM.GSR.INSF.ZS:OMN,2012-12-31,11.795492434240161
WDI:BM.GSR.INSF.ZS:OMN,2013-12-31,11.234573363547158
WDI:BM.GSR.INSF.ZS:OMN,2014-12-31,11.643888969573782
WDI:BM.GSR.INSF.ZS:OMN,2015-12-31,12.478250015262834
WDI:BM.GSR.INSF.ZS:OMN,2016-12-31,11.752346218647189
WDI:BM.GSR.INSF.ZS:OMN,2017-12-31,11.759939394062462
WDI:BM.GSR.INSF.ZS:OMN,2018-12-31,11.6275536461043
WDI:BM.GSR.INSF.ZS:OMN,2019-12-31,11.807817702116914
WDI:BM.GSR.INSF.ZS:OMN,2020-12-31,17.677291909357038
WDI:BM.GSR.INSF.ZS:OMN,2021-12-31,16.35254997240682
WDI:BM.GSR.INSF.ZS:OMN,2022-12-31,13.984649741706201
WDI:BM.GSR.INSF.ZS:OMN,2023-12-31,13.6585401291931
WDI:BM.GSR.INSF.ZS:OMN,2024-12-31,14.4112748753445
WDI:BM.GSR.INSF.ZS:OSS,1992-12-31,7.215937453366771
WDI:BM.GSR.INSF.ZS:OSS,1993-12-31,6.699057952068514
WDI:BM.GSR.INSF.ZS:OSS,1994-12-31,6.158624446261207
WDI:BM.GSR.INSF.ZS:OSS,1995-12-31,6.7048393893885025
WDI:BM.GSR.INSF.ZS:OSS,1996-12-31,6.425083527002396
WDI:BM.GSR.INSF.ZS:OSS,1997-12-31,5.967887706389224
WDI:BM.GSR.INSF.ZS:OSS,1998-12-31,5.816287584649668
WDI:BM.GSR.INSF.ZS:OSS,1999-12-31,5.419693147269305
WDI:BM.GSR.INSF.ZS:OSS,2000-12-31,5.745859125487512
WDI:BM.GSR.INSF.ZS:OSS,2001-12-31,5.504085480749021
WDI:BM.GSR.INSF.ZS:OSS,2002-12-31,4.405040389369042
WDI:BM.GSR.INSF.ZS:OSS,2008-12-31,18.25141422178962
WDI:BM.GSR.INSF.ZS:OSS,2009-12-31,16.08764601804829
WDI:BM.GSR.INSF.ZS:OSS,2010-12-31,19.421285302398058
WDI:BM.GSR.INSF.ZS:OSS,2011-12-31,19.646011902539957
WDI:BM.GSR.INSF.ZS:OSS,2012-12-31,17.731319273893558
WDI:BM.GSR.INSF.ZS:OSS,2013-12-31,17.93836925376461
WDI:BM.GSR.INSF.ZS:OSS,2014-12-31,19.325750333868847
WDI:BM.GSR.INSF.ZS:OSS,2015-12-31,16.11109578859734
WDI:BM.GSR.INSF.ZS:OSS,2016-12-31,16.163401058774763
WDI:BM.GSR.INSF.ZS:OSS,2017-12-31,8.74068428520832
WDI:BM.GSR.INSF.ZS:OSS,2018-12-31,8.364288844718835
WDI:BM.GSR.INSF.ZS:OSS,2019-12-31,8.896633299996054
WDI:BM.GSR.INSF.ZS:OSS,2020-12-31,11.715514725370905
WDI:BM.GSR.INSF.ZS:OSS,2021-12-31,10.990432125354749
WDI:BM.GSR.INSF.ZS:OSS,2022-12-31,11.522832452377294
WDI:BM.GSR.INSF.ZS:OSS,2023-12-31,7.79755705927538
WDI:BM.GSR.INSF.ZS:OSS,2024-12-31,8.23080986322359
WDI:BM.GSR.INSF.ZS:PAK,1976-12-31,2.2283482655639766
WDI:BM.GSR.INSF.ZS:PAK,1977-12-31,1.3552361396303907
WDI:BM.GSR.INSF.ZS:PAK,1978-12-31,1.6382699868938366
WDI:BM.GSR.INSF.ZS:PAK,1979-12-31,1.9874342864469756
WDI:BM.GSR.INSF.ZS:PAK,1980-12-31,3.018736988202628
WDI:BM.GSR.INSF.ZS:PAK,1981-12-31,1.975935533723373
WDI:BM.GSR.INSF.ZS:PAK,1982-12-31,3.1548182635816278
WDI:BM.GSR.INSF.ZS:PAK,1983-12-31,2.283125629313065
WDI:BM.GSR.INSF.ZS:PAK,1984-12-31,2.3904957589762605
WDI:BM.GSR.INSF.ZS:PAK,1985-12-31,1.9764844792973597
WDI:BM.GSR.INSF.ZS:PAK,1986-12-31,2.029997179901319
WDI:BM.GSR.INSF.ZS:PAK,1987-12-31,2.1393956204004647
WDI:BM.GSR.INSF.ZS:PAK,1988-12-31,2.0809354481296443
WDI:BM.GSR.INSF.ZS:PAK,1989-12-31,1.6421485266509512
WDI:BM.GSR.INSF.ZS:PAK,1990-12-31,1.2125971344882203
WDI:BM.GSR.INSF.ZS:PAK,1991-12-31,2.7530678287123
WDI:BM.GSR.INSF.ZS:PAK,1992-12-31,1.3719860051955162
WDI:BM.GSR.INSF.ZS:PAK,1993-12-31,3.070867430903937
WDI:BM.GSR.INSF.ZS:PAK,1994-12-31,3.7588364676398034
WDI:BM.GSR.INSF.ZS:PAK,1995-12-31,3.5753653999848876
WDI:BM.GSR.INSF.ZS:PAK,1996-12-31,3.307773176086189
WDI:BM.GSR.INSF.ZS:PAK,1997-12-31,3.9160154366417497
WDI:BM.GSR.INSF.ZS:PAK,1998-12-31,3.515263644773358
WDI:BM.GSR.INSF.ZS:PAK,1999-12-31,3.5696821515892423
WDI:BM.GSR.INSF.ZS:PAK,2000-12-31,3.708920187793427
WDI:BM.GSR.INSF.ZS:PAK,2001-12-31,4.522840343735866
WDI:BM.GSR.INSF.ZS:PAK,2002-12-31,5.659494855004677
WDI:BM.GSR.INSF.ZS:PAK,2003-12-31,4.517326732673268
WDI:BM.GSR.INSF.ZS:PAK,2004-12-31,3.0947054436987322
WDI:BM.GSR.INSF.ZS:PAK,2005-12-31,3.292939936775553
WDI:BM.GSR.INSF.ZS:PAK,2006-12-31,3.0231737442653803
WDI:BM.GSR.INSF.ZS:PAK,2007-12-31,2.973063596736336
WDI:BM.GSR.INSF.ZS:PAK,2008-12-31,3.531693375523119
WDI:BM.GSR.INSF.ZS:PAK,2009-12-31,3.9150894197353763
WDI:BM.GSR.INSF.ZS:PAK,2010-12-31,3.415586226125749
WDI:BM.GSR.INSF.ZS:PAK,2011-12-31,3.935752820009809
WDI:BM.GSR.INSF.ZS:PAK,2012-12-31,4.708230597628273
WDI:BM.GSR.INSF.ZS:PAK,2013-12-31,5.532503457814661
WDI:BM.GSR.INSF.ZS:PAK,2014-12-31,5.10276399716513
WDI:BM.GSR.INSF.ZS:PAK,2015-12-31,5.404791643011241
WDI:BM.GSR.INSF.ZS:PAK,2016-12-31,4.955641854011737
WDI:BM.GSR.INSF.ZS:PAK,2017-12-31,4.5907265110027105
WDI:BM.GSR.INSF.ZS:PAK,2018-12-31,5.0471825881283925
WDI:BM.GSR.INSF.ZS:PAK,2019-12-31,6.5759579480602275
WDI:BM.GSR.INSF.ZS:PAK,2020-12-31,9.154729200355067
WDI:BM.GSR.INSF.ZS:PAK,2021-12-31,6.6779218458342715
WDI:BM.GSR.INSF.ZS:PAK,2022-12-31,7.102944249727947
WDI:BM.GSR.INSF.ZS:PAK,2023-12-31,9.12485327373335
WDI:BM.GSR.INSF.ZS:PAK,2024-12-31,9.74535321395798
WDI:BM.GSR.INSF.ZS:PAK,2025-12-31,10.1626686207116
WDI:BM.GSR.INSF.ZS:PAN,1977-12-31,5.707317073170732
WDI:BM.GSR.INSF.ZS:PAN,1978-12-31,7.5795644891122285
WDI:BM.GSR.INSF.ZS:PAN,1979-12-31,7.021202641640597
WDI:BM.GSR.INSF.ZS:PAN,1980-12-31,10.186125211505923
WDI:BM.GSR.INSF.ZS:PAN,1981-12-31,9.115281501340483
WDI:BM.GSR.INSF.ZS:PAN,1982-12-31,7.70080479722266
WDI:BM.GSR.INSF.ZS:PAN,1983-12-31,9.646418857660926
WDI:BM.GSR.INSF.ZS:PAN,1984-12-31,9.145627821434543
WDI:BM.GSR.INSF.ZS:PAN,1985-12-31,12.672846072025528
WDI:BM.GSR.INSF.ZS:PAN,1986-12-31,10.373808329152032
WDI:BM.GSR.INSF.ZS:PAN,1987-12-31,12.65715496539059
WDI:BM.GSR.INSF.ZS:PAN,1988-12-31,9.635767970707265
WDI:BM.GSR.INSF.ZS:PAN,1989-12-31,8.647334606702554
WDI:BM.GSR.INSF.ZS:PAN,1990-12-31,9.855072463768117
WDI:BM.GSR.INSF.ZS:PAN,1991-12-31,7.89349670122526
WDI:BM.GSR.INSF.ZS:PAN,1992-12-31,5.42483660130719
WDI:BM.GSR.INSF.ZS:PAN,1993-12-31,9.124386252045827
WDI:BM.GSR.INSF.ZS:PAN,1994-12-31,7.214654767496477
WDI:BM.GSR.INSF.ZS:PAN,1995-12-31,8.490912428859923
WDI:BM.GSR.INSF.ZS:PAN,1996-12-31,8.229498696030136
WDI:BM.GSR.INSF.ZS:PAN,1997-12-31,12.189285162884051
WDI:BM.GSR.INSF.ZS:PAN,1998-12-31,16.781390932826966
WDI:BM.GSR.INSF.ZS:PAN,1999-12-31,11.616642158982787
WDI:BM.GSR.INSF.ZS:PAN,2000-12-31,7.184381778741865
WDI:BM.GSR.INSF.ZS:PAN,2001-12-31,10.179533213644525
WDI:BM.GSR.INSF.ZS:PAN,2002-12-31,20.536800486618002
WDI:BM.GSR.INSF.ZS:PAN,2003-12-31,18.476846536548027
WDI:BM.GSR.INSF.ZS:PAN,2004-12-31,15.237182558696693
WDI:BM.GSR.INSF.ZS:PAN,2005-12-31,14.542546737991508
WDI:BM.GSR.INSF.ZS:PAN,2006-12-31,13.616110178809096
WDI:BM.GSR.INSF.ZS:PAN,2007-12-31,17.050441076679483
WDI:BM.GSR.INSF.ZS:PAN,2008-12-31,17.942882314073856
WDI:BM.GSR.INSF.ZS:PAN,2009-12-31,15.613133794951978
WDI:BM.GSR.INSF.ZS:PAN,2010-12-31,19.62150689777149
WDI:BM.GSR.INSF.ZS:PAN,2011-12-31,19.12985336161579
WDI:BM.GSR.INSF.ZS:PAN,2012-12-31,17.808560805296093
WDI:BM.GSR.INSF.ZS:PAN,2013-12-31,16.756767268201617
WDI:BM.GSR.INSF.ZS:PAN,2014-12-31,13.389062057240011
WDI:BM.GSR.INSF.ZS:PAN,2015-12-31,16.611385214975748
WDI:BM.GSR.INSF.ZS:PAN,2016-12-31,16.16269114544768
WDI:BM.GSR.INSF.ZS:PAN,2017-12-31,15.896351688003682
WDI:BM.GSR.INSF.ZS:PAN,2018-12-31,6.616000917042651
WDI:BM.GSR.INSF.ZS:PAN,2019-12-31,6.28221533825738
WDI:BM.GSR.INSF.ZS:PAN,2020-12-31,10.60540335495279
WDI:BM.GSR.INSF.ZS:PAN,2021-12-31,11.182815327277455
WDI:BM.GSR.INSF.ZS:PAN,2022-12-31,12.755631075666876
WDI:BM.GSR.INSF.ZS:PAN,2023-12-31,16.9055001275572
WDI:BM.GSR.INSF.ZS:PAN,2024-12-31,17.8697997792719
WDI:BM.GSR.INSF.ZS:PAN,2025-12-31,17.5103507848771
WDI:BM.GSR.INSF.ZS:PER,1977-12-31,8.142201834862385
WDI:BM.GSR.INSF.ZS:PER,1978-12-31,8.049403747870528
WDI:BM.GSR.INSF.ZS:PER,1979-12-31,4.0364350776924445
WDI:BM.GSR.INSF.ZS:PER,1980-12-31,7.207002387177447
WDI:BM.GSR.INSF.ZS:PER,1981-12-31,7.359705611775529
WDI:BM.GSR.INSF.ZS:PER,1982-12-31,7.103825136612022
WDI:BM.GSR.INSF.ZS:PER,1983-12-31,5.492227979274611
WDI:BM.GSR.INSF.ZS:PER,1984-12-31,11.045010663374116
WDI:BM.GSR.INSF.ZS:PER,1985-12-31,13.062098501070663
WDI:BM.GSR.INSF.ZS:PER,1986-12-31,12.533085766207087
WDI:BM.GSR.INSF.ZS:PER,1987-12-31,11.291861094640234
WDI:BM.GSR.INSF.ZS:PER,1988-12-31,13.334921837104611
WDI:BM.GSR.INSF.ZS:PER,1989-12-31,12.303577398863256
WDI:BM.GSR.INSF.ZS:PER,1990-12-31,10.0
WDI:BM.GSR.INSF.ZS:PER,1991-12-31,9.98389694041868
WDI:BM.GSR.INSF.ZS:PER,1992-12-31,13.380281690140844
WDI:BM.GSR.INSF.ZS:PER,1993-12-31,11.905052003019215
WDI:BM.GSR.INSF.ZS:PER,1994-12-31,11.933207135284485
WDI:BM.GSR.INSF.ZS:PER,1995-12-31,9.697009075739855
WDI:BM.GSR.INSF.ZS:PER,1996-12-31,10.196000374027363
WDI:BM.GSR.INSF.ZS:PER,1997-12-31,9.284768549632808
WDI:BM.GSR.INSF.ZS:PER,1998-12-31,8.451185131938848
WDI:BM.GSR.INSF.ZS:PER,1999-12-31,7.2276956291073295
WDI:BM.GSR.INSF.ZS:PER,2000-12-31,7.2138310421290885
WDI:BM.GSR.INSF.ZS:PER,2001-12-31,7.698195253852788
WDI:BM.GSR.INSF.ZS:PER,2002-12-31,10.264610839450906
WDI:BM.GSR.INSF.ZS:PER,2003-12-31,10.86722080849764
WDI:BM.GSR.INSF.ZS:PER,2004-12-31,8.351260485763822
WDI:BM.GSR.INSF.ZS:PER,2005-12-31,8.048559417757156
WDI:BM.GSR.INSF.ZS:PER,2006-12-31,8.722080951408888
WDI:BM.GSR.INSF.ZS:PER,2007-12-31,7.825479828954688
WDI:BM.GSR.INSF.ZS:PER,2008-12-31,8.139183581062062
WDI:BM.GSR.INSF.ZS:PER,2009-12-31,10.767964183557806
WDI:BM.GSR.INSF.ZS:PER,2010-12-31,8.742686460627857
WDI:BM.GSR.INSF.ZS:PER,2011-12-31,9.839115874829444
WDI:BM.GSR.INSF.ZS:PER,2012-12-31,7.297306696636902
WDI:BM.GSR.INSF.ZS:PER,2013-12-31,7.113580532872674
WDI:BM.GSR.INSF.ZS:PER,2014-12-31,7.825456974489016
WDI:BM.GSR.INSF.ZS:PER,2015-12-31,8.77935329155052
WDI:BM.GSR.INSF.ZS:PER,2016-12-31,9.229723508855741
WDI:BM.GSR.INSF.ZS:PER,2017-12-31,8.652780456559759
WDI:BM.GSR.INSF.ZS:PER,2018-12-31,8.824564651785856
WDI:BM.GSR.INSF.ZS:PER,2019-12-31,8.606212258398449
WDI:BM.GSR.INSF.ZS:PER,2020-12-31,11.02459427302318
WDI:BM.GSR.INSF.ZS:PER,2021-12-31,8.392191620831422
WDI:BM.GSR.INSF.ZS:PER,2022-12-31,8.157552340367673
WDI:BM.GSR.INSF.ZS:PER,2023-12-31,9.40081266310291
WDI:BM.GSR.INSF.ZS:PER,2024-12-31,9.5780011200673
WDI:BM.GSR.INSF.ZS:PER,2025-12-31,7.92227060201679
WDI:BM.GSR.INSF.ZS:PHL,1977-12-31,1.2850467289719625
WDI:BM.GSR.INSF.ZS:PHL,1978-12-31,1.0
WDI:BM.GSR.INSF.ZS:PHL,1979-12-31,0.9322033898305085
WDI:BM.GSR.INSF.ZS:PHL,1980-12-31,0.7644197359277276
WDI:BM.GSR.INSF.ZS:PHL,1981-12-31,0.9191176470588236
WDI:BM.GSR.INSF.ZS:PHL,1982-12-31,0.6582556226001097
WDI:BM.GSR.INSF.ZS:PHL,1983-12-31,0.4616272360069244
WDI:BM.GSR.INSF.ZS:PHL,1984-12-31,0.5862646566164154
WDI:BM.GSR.INSF.ZS:PHL,1985-12-31,0.6920415224913495
WDI:BM.GSR.INSF.ZS:PHL,1986-12-31,2.251184834123223
WDI:BM.GSR.INSF.ZS:PHL,1987-12-31,2.857142857142857
WDI:BM.GSR.INSF.ZS:PHL,1988-12-31,3.058103975535168
WDI:BM.GSR.INSF.ZS:PHL,1989-12-31,3.1969309462915603
WDI:BM.GSR.INSF.ZS:PHL,1990-12-31,3.3503691084611016
WDI:BM.GSR.INSF.ZS:PHL,1991-12-31,2.6053215077605323
WDI:BM.GSR.INSF.ZS:PHL,1992-12-31,3.2062391681109186
WDI:BM.GSR.INSF.ZS:PHL,1993-12-31,3.0097087378640777
WDI:BM.GSR.INSF.ZS:PHL,1994-12-31,2.170176192522561
WDI:BM.GSR.INSF.ZS:PHL,1995-12-31,1.573779959572625
WDI:BM.GSR.INSF.ZS:PHL,1996-12-31,0.8484462827447238
WDI:BM.GSR.INSF.ZS:PHL,1997-12-31,0.7789264976632205
WDI:BM.GSR.INSF.ZS:PHL,1998-12-31,0.4254477095082616
WDI:BM.GSR.INSF.ZS:PHL,1999-12-31,3.302894890227317
WDI:BM.GSR.INSF.ZS:PHL,2000-12-31,3.5829998094149036
WDI:BM.GSR.INSF.ZS:PHL,2001-12-31,3.770794824399261
WDI:BM.GSR.INSF.ZS:PHL,2002-12-31,4.46835673901149
WDI:BM.GSR.INSF.ZS:PHL,2003-12-31,4.364712409839097
WDI:BM.GSR.INSF.ZS:PHL,2004-12-31,4.705882352941177
WDI:BM.GSR.INSF.ZS:PHL,2005-12-31,3.5757414772698044
WDI:BM.GSR.INSF.ZS:PHL,2006-12-31,4.627217030789445
WDI:BM.GSR.INSF.ZS:PHL,2007-12-31,5.759777100009161
WDI:BM.GSR.INSF.ZS:PHL,2008-12-31,12.904913620720974
WDI:BM.GSR.INSF.ZS:PHL,2009-12-31,10.622154790293733
WDI:BM.GSR.INSF.ZS:PHL,2010-12-31,9.219283379122755
WDI:BM.GSR.INSF.ZS:PHL,2011-12-31,9.847418672817449
WDI:BM.GSR.INSF.ZS:PHL,2012-12-31,7.957698510611315
WDI:BM.GSR.INSF.ZS:PHL,2013-12-31,6.782616636259068
WDI:BM.GSR.INSF.ZS:PHL,2014-12-31,5.649058341365014
WDI:BM.GSR.INSF.ZS:PHL,2015-12-31,5.708876099284327
WDI:BM.GSR.INSF.ZS:PHL,2016-12-31,7.879375004702113
WDI:BM.GSR.INSF.ZS:PHL,2017-12-31,7.680748691222209
WDI:BM.GSR.INSF.ZS:PHL,2018-12-31,7.583076137817163
WDI:BM.GSR.INSF.ZS:PHL,2019-12-31,8.55932325745781
WDI:BM.GSR.INSF.ZS:PHL,2020-12-31,10.760510319613688
WDI:BM.GSR.INSF.ZS:PHL,2021-12-31,11.544090130869566
WDI:BM.GSR.INSF.ZS:PHL,2022-12-31,11.846809591122307
WDI:BM.GSR.INSF.ZS:PHL,2023-12-31,12.0155736752692
WDI:BM.GSR.INSF.ZS:PHL,2024-12-31,10.8140384468221
WDI:BM.GSR.INSF.ZS:PHL,2025-12-31,10.6182305794946
WDI:BM.GSR.INSF.ZS:PLW,2005-12-31,2.504665699079407
WDI:BM.GSR.INSF.ZS:PLW,2006-12-31,2.7013043596194013
WDI:BM.GSR.INSF.ZS:PLW,2007-12-31,2.408801561963972
WDI:BM.GSR.INSF.ZS:PLW,2008-12-31,2.1722798686179527
WDI:BM.GSR.INSF.ZS:PLW,2009-12-31,2.370837738872904
WDI:BM.GSR.INSF.ZS:PLW,2010-12-31,2.2720007429916915
WDI:BM.GSR.INSF.ZS:PLW,2011-12-31,2.5072739151910732
WDI:BM.GSR.INSF.ZS:PLW,2012-12-31,1.6825706886333516
WDI:BM.GSR.INSF.ZS:PLW,2013-12-31,2.7678743209234304
WDI:BM.GSR.INSF.ZS:PLW,2014-12-31,2.6379053062417843
WDI:BM.GSR.INSF.ZS:PLW,2015-12-31,1.6003369761350712
WDI:BM.GSR.INSF.ZS:PLW,2016-12-31,6.152043821042966
WDI:BM.GSR.INSF.ZS:PLW,2017-12-31,6.35712926504384
WDI:BM.GSR.INSF.ZS:PLW,2018-12-31,6.51597223325338
WDI:BM.GSR.INSF.ZS:PLW,2019-12-31,6.97973276355923
WDI:BM.GSR.INSF.ZS:PLW,2020-12-31,7.977577328999744
WDI:BM.GSR.INSF.ZS:PLW,2021-12-31,9.69741494099821
WDI:BM.GSR.INSF.ZS:PLW,2022-12-31,6.731004352574866
WDI:BM.GSR.INSF.ZS:PLW,2023-12-31,6.11120154407832
WDI:BM.GSR.INSF.ZS:PNG,1976-12-31,3.255111642869039
WDI:BM.GSR.INSF.ZS:PNG,1977-12-31,4.0156046587245795
WDI:BM.GSR.INSF.ZS:PNG,1978-12-31,4.427397615789685
WDI:BM.GSR.INSF.ZS:PNG,1979-12-31,4.6374423427483835
WDI:BM.GSR.INSF.ZS:PNG,1980-12-31,4.764205403490811
WDI:BM.GSR.INSF.ZS:PNG,1981-12-31,4.328999612121839
WDI:BM.GSR.INSF.ZS:PNG,1982-12-31,3.950553316511317
WDI:BM.GSR.INSF.ZS:PNG,1983-12-31,4.020129108138696
WDI:BM.GSR.INSF.ZS:PNG,1984-12-31,3.66917908026677
WDI:BM.GSR.INSF.ZS:PNG,1985-12-31,3.5545824085128657
WDI:BM.GSR.INSF.ZS:PNG,1986-12-31,3.9536974660974438
WDI:BM.GSR.INSF.ZS:PNG,1987-12-31,3.8356725893717294
WDI:BM.GSR.INSF.ZS:PNG,1988-12-31,3.672589241591023
WDI:BM.GSR.INSF.ZS:PNG,1989-12-31,4.62295308687915
WDI:BM.GSR.INSF.ZS:PNG,1990-12-31,3.8631354909148734
WDI:BM.GSR.INSF.ZS:PNG,1991-12-31,2.8427824775971375
WDI:BM.GSR.INSF.ZS:PNG,1992-12-31,2.024623289069118
WDI:BM.GSR.INSF.ZS:PNG,1993-12-31,1.8287724146887205
WDI:BM.GSR.INSF.ZS:PNG,1994-12-31,3.185645548380346
WDI:BM.GSR.INSF.ZS:PNG,1995-12-31,2.799427985199657
WDI:BM.GSR.INSF.ZS:PNG,1996-12-31,7.584512628572472
WDI:BM.GSR.INSF.ZS:PNG,1997-12-31,6.852460614728012
WDI:BM.GSR.INSF.ZS:PNG,1998-12-31,6.162293738517987
WDI:BM.GSR.INSF.ZS:PNG,1999-12-31,6.408628331789555
WDI:BM.GSR.INSF.ZS:PNG,2000-12-31,5.206704043628324
WDI:BM.GSR.INSF.ZS:PNG,2001-12-31,7.297399626293479
WDI:BM.GSR.INSF.ZS:PNG,2002-12-31,7.630651494445997
WDI:BM.GSR.INSF.ZS:PNG,2003-12-31,9.333244914437275
WDI:BM.GSR.INSF.ZS:PNG,2004-12-31,11.071683823134261
WDI:BM.GSR.INSF.ZS:PNG,2005-12-31,10.119898757651692
WDI:BM.GSR.INSF.ZS:PNG,2006-12-31,9.267700614938752
WDI:BM.GSR.INSF.ZS:PNG,2007-12-31,16.97352209802298
WDI:BM.GSR.INSF.ZS:PNG,2008-12-31,17.627125727187714
WDI:BM.GSR.INSF.ZS:PNG,2009-12-31,13.686549274985174
WDI:BM.GSR.INSF.ZS:PNG,2010-12-31,12.721088782161303
WDI:BM.GSR.INSF.ZS:PNG,2011-12-31,7.261131654895256
WDI:BM.GSR.INSF.ZS:PNG,2012-12-31,6.104108182085538
WDI:BM.GSR.INSF.ZS:PNG,2013-12-31,6.177495362529737
WDI:BM.GSR.INSF.ZS:PNG,2014-12-31,7.129539773216904
WDI:BM.GSR.INSF.ZS:PNG,2015-12-31,2.6030085177313493
WDI:BM.GSR.INSF.ZS:PNG,2016-12-31,2.2331309366327057
WDI:BM.GSR.INSF.ZS:PNG,2017-12-31,2.620810644513519
WDI:BM.GSR.INSF.ZS:PNG,2018-12-31,2.050247129744038
WDI:BM.GSR.INSF.ZS:PNG,2019-12-31,2.8377319086535753
WDI:BM.GSR.INSF.ZS:PNG,2020-12-31,2.337876562126292
WDI:BM.GSR.INSF.ZS:PNG,2021-12-31,3.4726306648818963
WDI:BM.GSR.INSF.ZS:PNG,2022-12-31,1.87662491851105
WDI:BM.GSR.INSF.ZS:PNG,2023-12-31,7.02375773738761
WDI:BM.GSR.INSF.ZS:PNG,2024-12-31,2.09896006469624
WDI:BM.GSR.INSF.ZS:POL,1976-12-31,3.094405594405594
WDI:BM.GSR.INSF.ZS:POL,1977-12-31,2.6585179526355995
WDI:BM.GSR.INSF.ZS:POL,1978-12-31,2.353714661406969
WDI:BM.GSR.INSF.ZS:POL,1979-12-31,2.25979602791197
WDI:BM.GSR.INSF.ZS:POL,1980-12-31,2.0168067226890756
WDI:BM.GSR.INSF.ZS:POL,1981-12-31,1.7892298784018528
WDI:BM.GSR.INSF.ZS:POL,1982-12-31,2.494887525562372
WDI:BM.GSR.INSF.ZS:POL,1983-12-31,1.9910263600673024
WDI:BM.GSR.INSF.ZS:POL,1984-12-31,1.6243928764166218
WDI:BM.GSR.INSF.ZS:POL,1985-12-31,1.5059588299024917
WDI:BM.GSR.INSF.ZS:POL,1986-12-31,1.8290258449304173
WDI:BM.GSR.INSF.ZS:POL,1987-12-31,1.5680473372781067
WDI:BM.GSR.INSF.ZS:POL,1988-12-31,1.5682196339434276
WDI:BM.GSR.INSF.ZS:POL,1989-12-31,1.509990173599738
WDI:BM.GSR.INSF.ZS:POL,1990-12-31,0.9659290481208289
WDI:BM.GSR.INSF.ZS:POL,1991-12-31,1.633266533066132
WDI:BM.GSR.INSF.ZS:POL,1992-12-31,0.6971569839307787
WDI:BM.GSR.INSF.ZS:POL,1993-12-31,1.0327733406774993
WDI:BM.GSR.INSF.ZS:POL,1994-12-31,9.406582016066338
WDI:BM.GSR.INSF.ZS:POL,1995-12-31,13.379097786494818
WDI:BM.GSR.INSF.ZS:POL,1996-12-31,14.614535708655211
WDI:BM.GSR.INSF.ZS:POL,1997-12-31,17.900052237506532
WDI:BM.GSR.INSF.ZS:POL,1998-12-31,18.266908212560388
WDI:BM.GSR.INSF.ZS:POL,1999-12-31,13.620739043254082
WDI:BM.GSR.INSF.ZS:POL,2000-12-31,6.002667852378836
WDI:BM.GSR.INSF.ZS:POL,2001-12-31,8.017395182872434
WDI:BM.GSR.INSF.ZS:POL,2002-12-31,6.024616713452818
WDI:BM.GSR.INSF.ZS:POL,2003-12-31,6.385509102552374
WDI:BM.GSR.INSF.ZS:POL,2004-12-31,4.893517068587535
WDI:BM.GSR.INSF.ZS:POL,2005-12-31,5.885893920139121
WDI:BM.GSR.INSF.ZS:POL,2006-12-31,4.678577041965736
WDI:BM.GSR.INSF.ZS:POL,2007-12-31,5.139038585902134
WDI:BM.GSR.INSF.ZS:POL,2008-12-31,5.763865260292617
WDI:BM.GSR.INSF.ZS:POL,2009-12-31,6.3893397112838475
WDI:BM.GSR.INSF.ZS:POL,2010-12-31,8.104196816208393
WDI:BM.GSR.INSF.ZS:POL,2011-12-31,8.38354972976331
WDI:BM.GSR.INSF.ZS:POL,2012-12-31,7.858306188925081
WDI:BM.GSR.INSF.ZS:POL,2013-12-31,6.413165139002329
WDI:BM.GSR.INSF.ZS:POL,2014-12-31,6.494951223686463
WDI:BM.GSR.INSF.ZS:POL,2015-12-31,6.2000249875062465
WDI:BM.GSR.INSF.ZS:POL,2016-12-31,5.994029850746268
WDI:BM.GSR.INSF.ZS:POL,2017-12-31,5.125686831417727
WDI:BM.GSR.INSF.ZS:POL,2018-12-31,4.9780278546350765
WDI:BM.GSR.INSF.ZS:POL,2019-12-31,4.623110968422501
WDI:BM.GSR.INSF.ZS:POL,2020-12-31,4.953126153391895
WDI:BM.GSR.INSF.ZS:POL,2021-12-31,4.825484653475272
WDI:BM.GSR.INSF.ZS:POL,2022-12-31,4.98106258035373
WDI:BM.GSR.INSF.ZS:POL,2023-12-31,5.25393251635715
WDI:BM.GSR.INSF.ZS:POL,2024-12-31,5.26667111674788
WDI:BM.GSR.INSF.ZS:POL,2025-12-31,5.17596189419164
WDI:BM.GSR.INSF.ZS:PRE,2005-12-31,6.518914319053846
WDI:BM.GSR.INSF.ZS:PRE,2006-12-31,6.309878715344768
WDI:BM.GSR.INSF.ZS:PRE,2007-12-31,5.765141548422617
WDI:BM.GSR.INSF.ZS:PRE,2008-12-31,8.324330632419978
WDI:BM.GSR.INSF.ZS:PRE,2009-12-31,7.395282831165287
WDI:BM.GSR.INSF.ZS:PRE,2010-12-31,7.870424243729255
WDI:BM.GSR.INSF.ZS:PRE,2011-12-31,7.074346399315009
WDI:BM.GSR.INSF.ZS:PRE,2012-12-31,7.702799999040435
WDI:BM.GSR.INSF.ZS:PRE,2013-12-31,8.046319357696145
WDI:BM.GSR.INSF.ZS:PRE,2014-12-31,7.552286519382065
WDI:BM.GSR.INSF.ZS:PRE,2015-12-31,8.049492390899864
WDI:BM.GSR.INSF.ZS:PRE,2016-12-31,8.43637782544133
WDI:BM.GSR.INSF.ZS:PRE,2017-12-31,9.173983120099498
WDI:BM.GSR.INSF.ZS:PRE,2018-12-31,7.979469474295954
WDI:BM.GSR.INSF.ZS:PRE,2019-12-31,7.841352583396736
WDI:BM.GSR.INSF.ZS:PRE,2020-12-31,9.664832293135394
WDI:BM.GSR.INSF.ZS:PRE,2021-12-31,8.88339622617474
WDI:BM.GSR.INSF.ZS:PRE,2022-12-31,8.729097552586463
WDI:BM.GSR.INSF.ZS:PRE,2023-12-31,9.6782989768888
WDI:BM.GSR.INSF.ZS:PRE,2024-12-31,11.8931474718324
WDI:BM.GSR.INSF.ZS:PRT,1975-12-31,2.834564377439499
WDI:BM.GSR.INSF.ZS:PRT,1976-12-31,5.204633090977802
WDI:BM.GSR.INSF.ZS:PRT,1977-12-31,5.958392850274441
WDI:BM.GSR.INSF.ZS:PRT,1978-12-31,5.417946719362263
WDI:BM.GSR.INSF.ZS:PRT,1979-12-31,4.795867098829149
WDI:BM.GSR.INSF.ZS:PRT,1980-12-31,4.9289294460370146
WDI:BM.GSR.INSF.ZS:PRT,1981-12-31,4.913791214032418
WDI:BM.GSR.INSF.ZS:PRT,1982-12-31,5.2912563525363
WDI:BM.GSR.INSF.ZS:PRT,1983-12-31,5.136389970734523
WDI:BM.GSR.INSF.ZS:PRT,1984-12-31,5.202606693351653
WDI:BM.GSR.INSF.ZS:PRT,1985-12-31,5.662583365400385
WDI:BM.GSR.INSF.ZS:PRT,1986-12-31,5.740402275524316
WDI:BM.GSR.INSF.ZS:PRT,1987-12-31,5.6623195113807405
WDI:BM.GSR.INSF.ZS:PRT,1988-12-31,5.322867292281091
WDI:BM.GSR.INSF.ZS:PRT,1989-12-31,5.051914932690479
WDI:BM.GSR.INSF.ZS:PRT,1990-12-31,4.824835367450018
WDI:BM.GSR.INSF.ZS:PRT,1991-12-31,5.038147198033268
WDI:BM.GSR.INSF.ZS:PRT,1992-12-31,4.798030808214068
WDI:BM.GSR.INSF.ZS:PRT,1993-12-31,7.596809789200141
WDI:BM.GSR.INSF.ZS:PRT,1994-12-31,7.4823474464701185
WDI:BM.GSR.INSF.ZS:PRT,1995-12-31,8.577725500446215
WDI:BM.GSR.INSF.ZS:PRT,1996-12-31,4.262464952552376
WDI:BM.GSR.INSF.ZS:PRT,1997-12-31,4.348596183190357
WDI:BM.GSR.INSF.ZS:PRT,1998-12-31,3.4808594350550592
WDI:BM.GSR.INSF.ZS:PRT,1999-12-31,5.523899349482933
WDI:BM.GSR.INSF.ZS:PRT,2000-12-31,6.779513805517445
WDI:BM.GSR.INSF.ZS:PRT,2001-12-31,4.6709338271076755
WDI:BM.GSR.INSF.ZS:PRT,2002-12-31,6.713318057050086
WDI:BM.GSR.INSF.ZS:PRT,2003-12-31,7.515645571233506
WDI:BM.GSR.INSF.ZS:PRT,2004-12-31,8.255850396934614
WDI:BM.GSR.INSF.ZS:PRT,2005-12-31,9.053273615664619
WDI:BM.GSR.INSF.ZS:PRT,2006-12-31,8.15513180472411
WDI:BM.GSR.INSF.ZS:PRT,2007-12-31,8.980834983066984
WDI:BM.GSR.INSF.ZS:PRT,2008-12-31,9.26712572371389
WDI:BM.GSR.INSF.ZS:PRT,2009-12-31,8.414950235905833
WDI:BM.GSR.INSF.ZS:PRT,2010-12-31,9.361164026749465
WDI:BM.GSR.INSF.ZS:PRT,2011-12-31,8.40695118685804
WDI:BM.GSR.INSF.ZS:PRT,2012-12-31,8.379773124322549
WDI:BM.GSR.INSF.ZS:PRT,2013-12-31,7.222365523674544
WDI:BM.GSR.INSF.ZS:PRT,2014-12-31,7.369206961301593
WDI:BM.GSR.INSF.ZS:PRT,2015-12-31,7.484159664437411
WDI:BM.GSR.INSF.ZS:PRT,2016-12-31,6.768727223016824
WDI:BM.GSR.INSF.ZS:PRT,2017-12-31,6.351509551260939
WDI:BM.GSR.INSF.ZS:PRT,2018-12-31,5.399322853797901
WDI:BM.GSR.INSF.ZS:PRT,2019-12-31,6.056130085156115
WDI:BM.GSR.INSF.ZS:PRT,2020-12-31,8.759787653537861
WDI:BM.GSR.INSF.ZS:PRT,2021-12-31,7.277198203224882
WDI:BM.GSR.INSF.ZS:PRT,2022-12-31,5.959041749731613
WDI:BM.GSR.INSF.ZS:PRT,2023-12-31,5.76527703543717
WDI:BM.GSR.INSF.ZS:PRT,2024-12-31,5.37634999035589
WDI:BM.GSR.INSF.ZS:PRY,1975-12-31,7.441016333938294
WDI:BM.GSR.INSF.ZS:PRY,1976-12-31,6.5743944636678195
WDI:BM.GSR.INSF.ZS:PRY,1977-12-31,7.628294036061026
WDI:BM.GSR.INSF.ZS:PRY,1978-12-31,7.740585774058577
WDI:BM.GSR.INSF.ZS:PRY,1979-12-31,6.160830090791181
WDI:BM.GSR.INSF.ZS:PRY,1980-12-31,7.874015748031496
WDI:BM.GSR.INSF.ZS:PRY,1981-12-31,6.3756743501716535
WDI:BM.GSR.INSF.ZS:PRY,1982-12-31,4.234918098282062
WDI:BM.GSR.INSF.ZS:PRY,1983-12-31,4.3837357052096575
WDI:BM.GSR.INSF.ZS:PRY,1984-12-31,5.002359603586597
WDI:BM.GSR.INSF.ZS:PRY,1985-12-31,8.596783139212425
WDI:BM.GSR.INSF.ZS:PRY,1986-12-31,9.648732770120054
WDI:BM.GSR.INSF.ZS:PRY,1987-12-31,11.431915723761216
WDI:BM.GSR.INSF.ZS:PRY,1988-12-31,10.538563829787234
WDI:BM.GSR.INSF.ZS:PRY,1989-12-31,9.950576606260295
WDI:BM.GSR.INSF.ZS:PRY,1990-12-31,9.46568401658222
WDI:BM.GSR.INSF.ZS:PRY,1991-12-31,9.146208994134259
WDI:BM.GSR.INSF.ZS:PRY,1992-12-31,5.877287405812702
WDI:BM.GSR.INSF.ZS:PRY,1993-12-31,7.1356275303643715
WDI:BM.GSR.INSF.ZS:PRY,1994-12-31,10.53252443545669
WDI:BM.GSR.INSF.ZS:PRY,1995-12-31,11.83340368650626
WDI:BM.GSR.INSF.ZS:PRY,1996-12-31,13.129933211900424
WDI:BM.GSR.INSF.ZS:PRY,1997-12-31,12.32813932172319
WDI:BM.GSR.INSF.ZS:PRY,1998-12-31,12.971001910053829
WDI:BM.GSR.INSF.ZS:PRY,1999-12-31,13.568246253543945
WDI:BM.GSR.INSF.ZS:PRY,2000-12-31,13.461355642171311
WDI:BM.GSR.INSF.ZS:PRY,2001-12-31,14.448795720392127
WDI:BM.GSR.INSF.ZS:PRY,2002-12-31,15.142559599200652
WDI:BM.GSR.INSF.ZS:PRY,2003-12-31,13.707903378356837
WDI:BM.GSR.INSF.ZS:PRY,2004-12-31,14.749751408684123
WDI:BM.GSR.INSF.ZS:PRY,2005-12-31,15.925241938077095
WDI:BM.GSR.INSF.ZS:PRY,2006-12-31,12.95300487647382
WDI:BM.GSR.INSF.ZS:PRY,2007-12-31,11.387383201516105
WDI:BM.GSR.INSF.ZS:PRY,2008-12-31,8.230368146923349
WDI:BM.GSR.INSF.ZS:PRY,2009-12-31,6.754519256632882
WDI:BM.GSR.INSF.ZS:PRY,2010-12-31,7.696680593146301
WDI:BM.GSR.INSF.ZS:PRY,2011-12-31,8.27612863773133
WDI:BM.GSR.INSF.ZS:PRY,2012-12-31,7.715491585635663
WDI:BM.GSR.INSF.ZS:PRY,2013-12-31,8.500588934278667
WDI:BM.GSR.INSF.ZS:PRY,2014-12-31,8.275059911670754
WDI:BM.GSR.INSF.ZS:PRY,2015-12-31,8.228920553346617
WDI:BM.GSR.INSF.ZS:PRY,2016-12-31,7.250372267626518
WDI:BM.GSR.INSF.ZS:PRY,2017-12-31,6.011390856812743
WDI:BM.GSR.INSF.ZS:PRY,2018-12-31,6.900485632844809
WDI:BM.GSR.INSF.ZS:PRY,2019-12-31,6.721285285580442
WDI:BM.GSR.INSF.ZS:PRY,2020-12-31,9.419421304890175
WDI:BM.GSR.INSF.ZS:PRY,2021-12-31,7.357886946642517
WDI:BM.GSR.INSF.ZS:PRY,2022-12-31,3.902851084994805
WDI:BM.GSR.INSF.ZS:PRY,2023-12-31,7.27752550966785
WDI:BM.GSR.INSF.ZS:PRY,2024-12-31,6.34104808731438
WDI:BM.GSR.INSF.ZS:PRY,2025-12-31,6.22281112639863
WDI:BM.GSR.INSF.ZS:PSE,1998-12-31,2.737695600865939
WDI:BM.GSR.INSF.ZS:PSE,1999-12-31,2.5765887464828796
WDI:BM.GSR.INSF.ZS:PSE,2000-12-31,1.8916330617570425
WDI:BM.GSR.INSF.ZS:PSE,2001-12-31,1.6110806114509462
WDI:BM.GSR.INSF.ZS:PSE,2002-12-31,2.114850797719548
WDI:BM.GSR.INSF.ZS:PSE,2003-12-31,1.3439704611261323
WDI:BM.GSR.INSF.ZS:PSE,2004-12-31,2.1967724772703496
WDI:BM.GSR.INSF.ZS:PSE,2005-12-31,1.5306205804273725
WDI:BM.GSR.INSF.ZS:PSE,2006-12-31,1.4308390294920172
WDI:BM.GSR.INSF.ZS:PSE,2007-12-31,1.7138580379707151
WDI:BM.GSR.INSF.ZS:PSE,2008-12-31,1.2803888526525196
WDI:BM.GSR.INSF.ZS:PSE,2009-12-31,1.5378096806267603
WDI:BM.GSR.INSF.ZS:PSE,2010-12-31,1.6166438030934829
WDI:BM.GSR.INSF.ZS:PSE,2011-12-31,1.8605810246003367
WDI:BM.GSR.INSF.ZS:PSE,2012-12-31,2.265807971315653
WDI:BM.GSR.INSF.ZS:PSE,2013-12-31,2.209999762489539
WDI:BM.GSR.INSF.ZS:PSE,2014-12-31,2.4872206814559457
WDI:BM.GSR.INSF.ZS:PSE,2015-12-31,3.476033189985403
WDI:BM.GSR.INSF.ZS:PSE,2016-12-31,2.884024218541994
WDI:BM.GSR.INSF.ZS:PSE,2017-12-31,2.5715147366569377
WDI:BM.GSR.INSF.ZS:PSE,2018-12-31,4.270843391398077
WDI:BM.GSR.INSF.ZS:PSE,2019-12-31,1.9386695351280439
WDI:BM.GSR.INSF.ZS:PSE,2020-12-31,2.2789086654279025
WDI:BM.GSR.INSF.ZS:PSE,2021-12-31,2.512829697837811
WDI:BM.GSR.INSF.ZS:PSE,2022-12-31,2.386167982552646
WDI:BM.GSR.INSF.ZS:PSE,2023-12-31,3.82310866114772
WDI:BM.GSR.INSF.ZS:PSE,2024-12-31,5.09127815229253
WDI:BM.GSR.INSF.ZS:PSE,2025-12-31,5.32032338765145
WDI:BM.GSR.INSF.ZS:PSS,1979-12-31,7.279398787732071
WDI:BM.GSR.INSF.ZS:PSS,1980-12-31,7.57625148647688
WDI:BM.GSR.INSF.ZS:PSS,1981-12-31,5.497489216256729
WDI:BM.GSR.INSF.ZS:PSS,1982-12-31,5.687463510028112
WDI:BM.GSR.INSF.ZS:PSS,1983-12-31,6.071580804560052
WDI:BM.GSR.INSF.ZS:PSS,1984-12-31,5.831279127032399
WDI:BM.GSR.INSF.ZS:PSS,1985-12-31,6.372965146210072
WDI:BM.GSR.INSF.ZS:PSS,1986-12-31,8.151677838150121
WDI:BM.GSR.INSF.ZS:PSS,1987-12-31,7.834144780042557
WDI:BM.GSR.INSF.ZS:PSS,1988-12-31,7.926945678800854
WDI:BM.GSR.INSF.ZS:PSS,1989-12-31,6.937739050789729
WDI:BM.GSR.INSF.ZS:PSS,1990-12-31,7.139583566528777
WDI:BM.GSR.INSF.ZS:PSS,1991-12-31,6.144428661886738
WDI:BM.GSR.INSF.ZS:PSS,1992-12-31,6.815853284101705
WDI:BM.GSR.INSF.ZS:PSS,1993-12-31,7.74361773186016
WDI:BM.GSR.INSF.ZS:PSS,1994-12-31,7.499008750081886
WDI:BM.GSR.INSF.ZS:PSS,1995-12-31,6.943098975711934
WDI:BM.GSR.INSF.ZS:PSS,1996-12-31,7.206773175856564
WDI:BM.GSR.INSF.ZS:PSS,1997-12-31,6.141425770221736
WDI:BM.GSR.INSF.ZS:PSS,1998-12-31,8.252554812013818
WDI:BM.GSR.INSF.ZS:PSS,1999-12-31,5.8256873771232565
WDI:BM.GSR.INSF.ZS:PSS,2000-12-31,6.1474007722973045
WDI:BM.GSR.INSF.ZS:PSS,2001-12-31,8.953340912862991
WDI:BM.GSR.INSF.ZS:PSS,2002-12-31,6.343343424934136
WDI:BM.GSR.INSF.ZS:PSS,2003-12-31,5.093889123898088
WDI:BM.GSR.INSF.ZS:PSS,2004-12-31,5.709863216851321
WDI:BM.GSR.INSF.ZS:PSS,2005-12-31,5.087660531978512
WDI:BM.GSR.INSF.ZS:PSS,2006-12-31,5.294060955588983
WDI:BM.GSR.INSF.ZS:PSS,2007-12-31,5.3919246073471525
WDI:BM.GSR.INSF.ZS:PSS,2008-12-31,6.32629336688138
WDI:BM.GSR.INSF.ZS:PSS,2009-12-31,4.932555248264899
WDI:BM.GSR.INSF.ZS:PSS,2010-12-31,5.015289124288313
WDI:BM.GSR.INSF.ZS:PSS,2011-12-31,5.308861141233603
WDI:BM.GSR.INSF.ZS:PSS,2012-12-31,5.6495661121314855
WDI:BM.GSR.INSF.ZS:PSS,2013-12-31,6.0789299560991195
WDI:BM.GSR.INSF.ZS:PSS,2014-12-31,5.639129735600992
WDI:BM.GSR.INSF.ZS:PSS,2015-12-31,5.20969880634579
WDI:BM.GSR.INSF.ZS:PSS,2016-12-31,5.445747665728939
WDI:BM.GSR.INSF.ZS:PSS,2017-12-31,5.714401714278974
WDI:BM.GSR.INSF.ZS:PSS,2018-12-31,5.983296483926312
WDI:BM.GSR.INSF.ZS:PSS,2019-12-31,5.2867428901308084
WDI:BM.GSR.INSF.ZS:PSS,2020-12-31,6.39549597378397
WDI:BM.GSR.INSF.ZS:PSS,2021-12-31,6.827153452600763
WDI:BM.GSR.INSF.ZS:PSS,2022-12-31,5.975842336589642
WDI:BM.GSR.INSF.ZS:PSS,2023-12-31,6.07577054388831
WDI:BM.GSR.INSF.ZS:PSS,2024-12-31,6.47784758097605
WDI:BM.GSR.INSF.ZS:PST,1981-12-31,3.706918446016613
WDI:BM.GSR.INSF.ZS:PST,1982-12-31,3.9766471083887875
WDI:BM.GSR.INSF.ZS:PST,1983-12-31,3.959483213115145
WDI:BM.GSR.INSF.ZS:PST,1984-12-31,4.188826474573678
WDI:BM.GSR.INSF.ZS:PST,1985-12-31,4.676022905884538
WDI:BM.GSR.INSF.ZS:PST,1986-12-31,4.619128901574378
WDI:BM.GSR.INSF.ZS:PST,1987-12-31,4.891700789331796
WDI:BM.GSR.INSF.ZS:PST,1988-12-31,4.953402350377254
WDI:BM.GSR.INSF.ZS:PST,1989-12-31,4.843805423909793
WDI:BM.GSR.INSF.ZS:PST,1990-12-31,5.4764082174584034
WDI:BM.GSR.INSF.ZS:PST,1991-12-31,6.150111084060335
WDI:BM.GSR.INSF.ZS:PST,1992-12-31,7.749052688580799
WDI:BM.GSR.INSF.ZS:PST,1993-12-31,6.86520563517354
WDI:BM.GSR.INSF.ZS:PST,1994-12-31,4.899595503853069
WDI:BM.GSR.INSF.ZS:PST,1995-12-31,5.037770888276717
WDI:BM.GSR.INSF.ZS:PST,1996-12-31,4.85399212847278
WDI:BM.GSR.INSF.ZS:PST,1997-12-31,4.985285731184638
WDI:BM.GSR.INSF.ZS:PST,1998-12-31,4.922795173650211
WDI:BM.GSR.INSF.ZS:PST,1999-12-31,6.5516449947988535
WDI:BM.GSR.INSF.ZS:PST,2000-12-31,6.672353925303673
WDI:BM.GSR.INSF.ZS:PST,2001-12-31,7.241249882811287
WDI:BM.GSR.INSF.ZS:PST,2002-12-31,7.961856621433969
WDI:BM.GSR.INSF.ZS:PST,2003-12-31,8.109596193754532
WDI:BM.GSR.INSF.ZS:PST,2004-12-31,8.512302006595426
WDI:BM.GSR.INSF.ZS:PST,2005-12-31,8.184844742293265
WDI:BM.GSR.INSF.ZS:PST,2006-12-31,9.476687528870976
WDI:BM.GSR.INSF.ZS:PST,2007-12-31,9.696853808316973
WDI:BM.GSR.INSF.ZS:PST,2008-12-31,9.401031828637471
WDI:BM.GSR.INSF.ZS:PST,2009-12-31,10.171944253162412
WDI:BM.GSR.INSF.ZS:PST,2010-12-31,10.043925773606535
WDI:BM.GSR.INSF.ZS:PST,2011-12-31,9.679174402165668
WDI:BM.GSR.INSF.ZS:PST,2012-12-31,9.352674642619611
WDI:BM.GSR.INSF.ZS:PST,2013-12-31,9.455007757434615
WDI:BM.GSR.INSF.ZS:PST,2014-12-31,9.437993566700017
WDI:BM.GSR.INSF.ZS:PST,2015-12-31,9.467815931634533
WDI:BM.GSR.INSF.ZS:PST,2016-12-31,9.651748406495857
WDI:BM.GSR.INSF.ZS:PST,2017-12-31,9.333565919683847
WDI:BM.GSR.INSF.ZS:PST,2018-12-31,8.981784499993113
WDI:BM.GSR.INSF.ZS:PST,2019-12-31,9.10652615395754
WDI:BM.GSR.INSF.ZS:PST,2020-12-31,11.549879734261987
WDI:BM.GSR.INSF.ZS:PST,2021-12-31,11.490611112999925
WDI:BM.GSR.INSF.ZS:PST,2022-12-31,9.760863928397058
WDI:BM.GSR.INSF.ZS:PST,2023-12-31,9.98468546677209
WDI:BM.GSR.INSF.ZS:PST,2024-12-31,10.3500496134773
WDI:BM.GSR.INSF.ZS:PST,2025-12-31,11.1593058576446
WDI:BM.GSR.INSF.ZS:PYF,2002-12-31,3.132587907311372
WDI:BM.GSR.INSF.ZS:PYF,2003-12-31,3.510248146442914
WDI:BM.GSR.INSF.ZS:PYF,2004-12-31,3.45932802829355
WDI:BM.GSR.INSF.ZS:PYF,2005-12-31,3.7167270346308268
WDI:BM.GSR.INSF.ZS:PYF,2006-12-31,5.689280513085007
WDI:BM.GSR.INSF.ZS:PYF,2007-12-31,3.3657517856294525
WDI:BM.GSR.INSF.ZS:PYF,2008-12-31,5.322363396770295
WDI:BM.GSR.INSF.ZS:PYF,2009-12-31,7.982200524532606
WDI:BM.GSR.INSF.ZS:PYF,2010-12-31,3.9256840840964444
WDI:BM.GSR.INSF.ZS:PYF,2011-12-31,5.109690072344808
WDI:BM.GSR.INSF.ZS:PYF,2012-12-31,4.829275441784244
WDI:BM.GSR.INSF.ZS:PYF,2013-12-31,6.355549852483847
WDI:BM.GSR.INSF.ZS:PYF,2014-12-31,5.800681215337534
WDI:BM.GSR.INSF.ZS:PYF,2015-12-31,3.9718763161607233
WDI:BM.GSR.INSF.ZS:PYF,2016-12-31,5.179254833061897
WDI:BM.GSR.INSF.ZS:QAT,2011-12-31,6.565670550255629
WDI:BM.GSR.INSF.ZS:QAT,2012-12-31,4.241602408669348
WDI:BM.GSR.INSF.ZS:QAT,2013-12-31,5.225850312931158
WDI:BM.GSR.INSF.ZS:QAT,2014-12-31,7.188542476610903
WDI:BM.GSR.INSF.ZS:QAT,2015-12-31,8.838442448804692
WDI:BM.GSR.INSF.ZS:QAT,2016-12-31,9.708213570246485
WDI:BM.GSR.INSF.ZS:QAT,2017-12-31,8.585240484640815
WDI:BM.GSR.INSF.ZS:QAT,2018-12-31,9.730040400966917
WDI:BM.GSR.INSF.ZS:QAT,2019-12-31,9.836014707479414
WDI:BM.GSR.INSF.ZS:QAT,2020-12-31,9.90815518606493
WDI:BM.GSR.INSF.ZS:QAT,2021-12-31,9.012144194307105
WDI:BM.GSR.INSF.ZS:QAT,2022-12-31,10.329601114975102
WDI:BM.GSR.INSF.ZS:QAT,2023-12-31,2.96346283620939
WDI:BM.GSR.INSF.ZS:QAT,2024-12-31,3.47655381880139
WDI:BM.GSR.INSF.ZS:QAT,2025-12-31,4.01062254046995
WDI:BM.GSR.INSF.ZS:ROU,1971-12-31,4.323432343234323
WDI:BM.GSR.INSF.ZS:ROU,1972-12-31,4.610169491525424
WDI:BM.GSR.INSF.ZS:ROU,1973-12-31,6.461126005361931
WDI:BM.GSR.INSF.ZS:ROU,1974-12-31,6.737451737451737
WDI:BM.GSR.INSF.ZS:ROU,1975-12-31,5.930232558139535
WDI:BM.GSR.INSF.ZS:ROU,1976-12-31,6.754966887417218
WDI:BM.GSR.INSF.ZS:ROU,1977-12-31,6.793168880455408
WDI:BM.GSR.INSF.ZS:ROU,1978-12-31,6.816208393632417
WDI:BM.GSR.INSF.ZS:ROU,1979-12-31,8.184818481848184
WDI:BM.GSR.INSF.ZS:ROU,1980-12-31,8.535885167464114
WDI:BM.GSR.INSF.ZS:ROU,1981-12-31,8.68836291913215
WDI:BM.GSR.INSF.ZS:ROU,1982-12-31,8.061497326203208
WDI:BM.GSR.INSF.ZS:ROU,1983-12-31,7.038567493112947
WDI:BM.GSR.INSF.ZS:ROU,1984-12-31,7.144702842377261
WDI:BM.GSR.INSF.ZS:ROU,1985-12-31,8.606870229007633
WDI:BM.GSR.INSF.ZS:ROU,1986-12-31,8.278301886792452
WDI:BM.GSR.INSF.ZS:ROU,1987-12-31,8.58252427184466
WDI:BM.GSR.INSF.ZS:ROU,1988-12-31,7.9375
WDI:BM.GSR.INSF.ZS:ROU,1989-12-31,8.71111111111111
WDI:BM.GSR.INSF.ZS:ROU,1990-12-31,7.280813214739518
WDI:BM.GSR.INSF.ZS:ROU,1991-12-31,5.067155067155067
WDI:BM.GSR.INSF.ZS:ROU,1992-12-31,4.429175475687104
WDI:BM.GSR.INSF.ZS:ROU,1993-12-31,3.7199124726477026
WDI:BM.GSR.INSF.ZS:ROU,1994-12-31,5.400981996726677
WDI:BM.GSR.INSF.ZS:ROU,1995-12-31,5.240174672489083
WDI:BM.GSR.INSF.ZS:ROU,1996-12-31,4.51050743208611
WDI:BM.GSR.INSF.ZS:ROU,1997-12-31,5.023547880690738
WDI:BM.GSR.INSF.ZS:ROU,1998-12-31,5.119825708061002
WDI:BM.GSR.INSF.ZS:ROU,1999-12-31,5.962732919254658
WDI:BM.GSR.INSF.ZS:ROU,2000-12-31,7.756696428571429
WDI:BM.GSR.INSF.ZS:ROU,2001-12-31,6.879471656576774
WDI:BM.GSR.INSF.ZS:ROU,2002-12-31,8.857299070530345
WDI:BM.GSR.INSF.ZS:ROU,2003-12-31,9.208185053380783
WDI:BM.GSR.INSF.ZS:ROU,2004-12-31,7.50332005312085
WDI:BM.GSR.INSF.ZS:ROU,2005-12-31,5.308057130552939
WDI:BM.GSR.INSF.ZS:ROU,2006-12-31,5.23434335042309
WDI:BM.GSR.INSF.ZS:ROU,2007-12-31,4.960750938089647
WDI:BM.GSR.INSF.ZS:ROU,2008-12-31,4.292697048217343
WDI:BM.GSR.INSF.ZS:ROU,2009-12-31,6.7222041912569725
WDI:BM.GSR.INSF.ZS:ROU,2010-12-31,7.398195481066059
WDI:BM.GSR.INSF.ZS:ROU,2011-12-31,9.800699764649057
WDI:BM.GSR.INSF.ZS:ROU,2012-12-31,10.135643593542392
WDI:BM.GSR.INSF.ZS:ROU,2013-12-31,9.68477243196309
WDI:BM.GSR.INSF.ZS:ROU,2014-12-31,6.156684017523339
WDI:BM.GSR.INSF.ZS:ROU,2015-12-31,5.044456492121075
WDI:BM.GSR.INSF.ZS:ROU,2016-12-31,4.462584743992624
WDI:BM.GSR.INSF.ZS:ROU,2017-12-31,2.7862310822294565
WDI:BM.GSR.INSF.ZS:ROU,2018-12-31,3.9845916691630534
WDI:BM.GSR.INSF.ZS:ROU,2019-12-31,3.3450299412984346
WDI:BM.GSR.INSF.ZS:ROU,2020-12-31,4.598350885806135
WDI:BM.GSR.INSF.ZS:ROU,2021-12-31,4.4335656486803865
WDI:BM.GSR.INSF.ZS:ROU,2022-12-31,2.413526496279222
WDI:BM.GSR.INSF.ZS:ROU,2023-12-31,3.65703729615579
WDI:BM.GSR.INSF.ZS:ROU,2024-12-31,3.56369813026963
WDI:BM.GSR.INSF.ZS:ROU,2025-12-31,4.31399322510572
WDI:BM.GSR.INSF.ZS:RUS,1994-12-31,0.819582382283026
WDI:BM.GSR.INSF.ZS:RUS,1995-12-31,0.35822816134620145
WDI:BM.GSR.INSF.ZS:RUS,1996-12-31,0.6620018644921402
WDI:BM.GSR.INSF.ZS:RUS,1997-12-31,1.9471608336571027
WDI:BM.GSR.INSF.ZS:RUS,1998-12-31,2.4046763450518553
WDI:BM.GSR.INSF.ZS:RUS,1999-12-31,2.5275492587699766
WDI:BM.GSR.INSF.ZS:RUS,2000-12-31,2.7422276621787027
WDI:BM.GSR.INSF.ZS:RUS,2001-12-31,2.8598151514277195
WDI:BM.GSR.INSF.ZS:RUS,2002-12-31,2.9870250746161506
WDI:BM.GSR.INSF.ZS:RUS,2003-12-31,3.943877623146946
WDI:BM.GSR.INSF.ZS:RUS,2004-12-31,5.409492624321521
WDI:BM.GSR.INSF.ZS:RUS,2005-12-31,5.140166247970454
WDI:BM.GSR.INSF.ZS:RUS,2006-12-31,5.166954450858058
WDI:BM.GSR.INSF.ZS:RUS,2007-12-31,6.182054451522931
WDI:BM.GSR.INSF.ZS:RUS,2008-12-31,5.51280193224257
WDI:BM.GSR.INSF.ZS:RUS,2009-12-31,4.767594553348555
WDI:BM.GSR.INSF.ZS:RUS,2010-12-31,4.8717492635035855
WDI:BM.GSR.INSF.ZS:RUS,2011-12-31,4.015658065208567
WDI:BM.GSR.INSF.ZS:RUS,2012-12-31,3.7713126453215757
WDI:BM.GSR.INSF.ZS:RUS,2013-12-31,3.7262741013411085
WDI:BM.GSR.INSF.ZS:RUS,2014-12-31,3.352798358714216
WDI:BM.GSR.INSF.ZS:RUS,2015-12-31,3.823781755292568
WDI:BM.GSR.INSF.ZS:RUS,2016-12-31,4.029423245200144
WDI:BM.GSR.INSF.ZS:RUS,2017-12-31,3.880427848479314
WDI:BM.GSR.INSF.ZS:RUS,2018-12-31,2.9962207583818934
WDI:BM.GSR.INSF.ZS:RUS,2019-12-31,3.462608322331272
WDI:BM.GSR.INSF.ZS:RUS,2020-12-31,5.339456750585653
WDI:BM.GSR.INSF.ZS:RUS,2021-12-31,4.824047116000628
WDI:BM.GSR.INSF.ZS:RUS,2022-12-31,3.278563054433331
WDI:BM.GSR.INSF.ZS:RUS,2023-12-31,1.66143507474337
WDI:BM.GSR.INSF.ZS:RUS,2024-12-31,1.73342675313441
WDI:BM.GSR.INSF.ZS:RUS,2025-12-31,1.56590405041867
WDI:BM.GSR.INSF.ZS:RWA,2010-12-31,0.5865294777232484
WDI:BM.GSR.INSF.ZS:RWA,2011-12-31,0.4987851337103649
WDI:BM.GSR.INSF.ZS:RWA,2012-12-31,0.8688252851612411
WDI:BM.GSR.INSF.ZS:RWA,2013-12-31,1.0340986287869818
WDI:BM.GSR.INSF.ZS:RWA,2014-12-31,0.9202504477918035
WDI:BM.GSR.INSF.ZS:RWA,2015-12-31,0.9442042897938674
WDI:BM.GSR.INSF.ZS:RWA,2016-12-31,1.084547935244731
WDI:BM.GSR.INSF.ZS:RWA,2017-12-31,1.3542261632149737
WDI:BM.GSR.INSF.ZS:RWA,2018-12-31,1.3728795051604672
WDI:BM.GSR.INSF.ZS:RWA,2019-12-31,1.4265916661531919
WDI:BM.GSR.INSF.ZS:RWA,2020-12-31,2.6864313521225007
WDI:BM.GSR.INSF.ZS:RWA,2021-12-31,7.17043049576587
WDI:BM.GSR.INSF.ZS:RWA,2022-12-31,1.9601580375727228
WDI:BM.GSR.INSF.ZS:RWA,2023-12-31,4.06751613439677
WDI:BM.GSR.INSF.ZS:RWA,2024-12-31,3.82271852510611
WDI:BM.GSR.INSF.ZS:SAS,1975-12-31,5.834593671848425
WDI:BM.GSR.INSF.ZS:SAS,1976-12-31,5.084000064873651
WDI:BM.GSR.INSF.ZS:SAS,1977-12-31,5.285333384367231
WDI:BM.GSR.INSF.ZS:SAS,1978-12-31,5.60294809512425
WDI:BM.GSR.INSF.ZS:SAS,1979-12-31,5.353611645207278
WDI:BM.GSR.INSF.ZS:SAS,1980-12-31,5.342802767832169
WDI:BM.GSR.INSF.ZS:SAS,1981-12-31,5.023228293258266
WDI:BM.GSR.INSF.ZS:SAS,1982-12-31,4.835662640799009
WDI:BM.GSR.INSF.ZS:SAS,1983-12-31,4.585444783620148
WDI:BM.GSR.INSF.ZS:SAS,1984-12-31,4.952799868145782
WDI:BM.GSR.INSF.ZS:SAS,1985-12-31,4.9035854776966135
WDI:BM.GSR.INSF.ZS:SAS,1986-12-31,5.090589208124931
WDI:BM.GSR.INSF.ZS:SAS,1987-12-31,4.74123869375516
WDI:BM.GSR.INSF.ZS:SAS,1988-12-31,5.142278928286458
WDI:BM.GSR.INSF.ZS:SAS,1989-12-31,5.5883842259156316
WDI:BM.GSR.INSF.ZS:SAS,1990-12-31,5.614401458094605
WDI:BM.GSR.INSF.ZS:SAS,1991-12-31,5.656758242039366
WDI:BM.GSR.INSF.ZS:SAS,1992-12-31,5.716598395772483
WDI:BM.GSR.INSF.ZS:SAS,1993-12-31,6.247892818592205
WDI:BM.GSR.INSF.ZS:SAS,1994-12-31,5.738725469770194
WDI:BM.GSR.INSF.ZS:SAS,1995-12-31,5.237410228545479
WDI:BM.GSR.INSF.ZS:SAS,1996-12-31,5.596685257254223
WDI:BM.GSR.INSF.ZS:SAS,1997-12-31,5.521102345615041
WDI:BM.GSR.INSF.ZS:SAS,1998-12-31,4.696290673744886
WDI:BM.GSR.INSF.ZS:SAS,1999-12-31,3.973300081499456
WDI:BM.GSR.INSF.ZS:SAS,2000-12-31,10.235939987267562
WDI:BM.GSR.INSF.ZS:SAS,2001-12-31,13.130766114043514
WDI:BM.GSR.INSF.ZS:SAS,2002-12-31,10.411955916768298
WDI:BM.GSR.INSF.ZS:SAS,2003-12-31,6.6013479703320295
WDI:BM.GSR.INSF.ZS:SAS,2004-12-31,7.071470632055555
WDI:BM.GSR.INSF.ZS:SAS,2005-12-31,6.734300584999548
WDI:BM.GSR.INSF.ZS:SAS,2006-12-31,7.7781805524694345
WDI:BM.GSR.INSF.ZS:SAS,2007-12-31,8.830827366308009
WDI:BM.GSR.INSF.ZS:SAS,2008-12-31,7.751549161233308
WDI:BM.GSR.INSF.ZS:SAS,2009-12-31,8.790082932955187
WDI:BM.GSR.INSF.ZS:SAS,2010-12-31,9.696951524927409
WDI:BM.GSR.INSF.ZS:SAS,2011-12-31,11.497718486937368
WDI:BM.GSR.INSF.ZS:SAS,2012-12-31,8.333814121616912
WDI:BM.GSR.INSF.ZS:SAS,2013-12-31,8.819473853650827
WDI:BM.GSR.INSF.ZS:SAS,2014-12-31,6.977023399748986
WDI:BM.GSR.INSF.ZS:SAS,2015-12-31,5.490856689782743
WDI:BM.GSR.INSF.ZS:SAS,2016-12-31,7.065985364299474
WDI:BM.GSR.INSF.ZS:SAS,2017-12-31,7.309864207585265
WDI:BM.GSR.INSF.ZS:SAS,2018-12-31,5.555765191330668
WDI:BM.GSR.INSF.ZS:SAS,2019-12-31,4.077841693928524
WDI:BM.GSR.INSF.ZS:SAS,2020-12-31,5.92841439375771
WDI:BM.GSR.INSF.ZS:SAS,2021-12-31,5.799396619823505
WDI:BM.GSR.INSF.ZS:SAS,2022-12-31,4.85241511326609
WDI:BM.GSR.INSF.ZS:SAS,2023-12-31,4.37052652307053
WDI:BM.GSR.INSF.ZS:SAS,2024-12-31,3.97116114611377
WDI:BM.GSR.INSF.ZS:SAS,2025-12-31,3.09222847527391
WDI:BM.GSR.INSF.ZS:SAU,1971-12-31,2.380952380952381
WDI:BM.GSR.INSF.ZS:SAU,1972-12-31,2.3696682464454977
WDI:BM.GSR.INSF.ZS:SAU,1973-12-31,1.9774011299435033
WDI:BM.GSR.INSF.ZS:SAU,1974-12-31,1.6927083333333333
WDI:BM.GSR.INSF.ZS:SAU,1975-12-31,2.079272254710853
WDI:BM.GSR.INSF.ZS:SAU,1976-12-31,2.6062120671188826
WDI:BM.GSR.INSF.ZS:SAU,1977-12-31,2.87213476940072
WDI:BM.GSR.INSF.ZS:SAU,1978-12-31,2.3702492848385797
WDI:BM.GSR.INSF.ZS:SAU,1979-12-31,1.307047162618453
WDI:BM.GSR.INSF.ZS:SAU,1980-12-31,1.5213284279606263
WDI:BM.GSR.INSF.ZS:SAU,1981-12-31,1.3372520205731058
WDI:BM.GSR.INSF.ZS:SAU,1982-12-31,1.7743555406762614
WDI:BM.GSR.INSF.ZS:SAU,1983-12-31,1.6081417029210672
WDI:BM.GSR.INSF.ZS:SAU,1984-12-31,1.5633097253411676
WDI:BM.GSR.INSF.ZS:SAU,1985-12-31,1.2616272853629877
WDI:BM.GSR.INSF.ZS:SAU,1986-12-31,1.009162129863234
WDI:BM.GSR.INSF.ZS:SAU,1987-12-31,0.9784458309699392
WDI:BM.GSR.INSF.ZS:SAU,1988-12-31,1.4839978544609378
WDI:BM.GSR.INSF.ZS:SAU,1989-12-31,1.0613999731291113
WDI:BM.GSR.INSF.ZS:SAU,1990-12-31,1.262806766738143
WDI:BM.GSR.INSF.ZS:SAU,1991-12-31,0.8808147536471227
WDI:BM.GSR.INSF.ZS:SAU,1992-12-31,0.9369959552346213
WDI:BM.GSR.INSF.ZS:SAU,1993-12-31,0.9518767941147591
WDI:BM.GSR.INSF.ZS:SAU,1994-12-31,1.1014568498072776
WDI:BM.GSR.INSF.ZS:SAU,1995-12-31,1.2637176229479865
WDI:BM.GSR.INSF.ZS:SAU,1996-12-31,0.9904874952602338
WDI:BM.GSR.INSF.ZS:SAU,1997-12-31,0.9140882514771141
WDI:BM.GSR.INSF.ZS:SAU,1998-12-31,1.4679247372209103
WDI:BM.GSR.INSF.ZS:SAU,1999-12-31,1.2276204692160215
WDI:BM.GSR.INSF.ZS:SAU,2000-12-31,0.9883198562443832
WDI:BM.GSR.INSF.ZS:SAU,2001-12-31,1.3353303799423393
WDI:BM.GSR.INSF.ZS:SAU,2002-12-31,1.3344188777961672
WDI:BM.GSR.INSF.ZS:SAU,2003-12-31,1.4613509121616892
WDI:BM.GSR.INSF.ZS:SAU,2004-12-31,1.437751404127075
WDI:BM.GSR.INSF.ZS:SAU,2005-12-31,6.2385166492832775
WDI:BM.GSR.INSF.ZS:SAU,2006-12-31,5.441327539903257
WDI:BM.GSR.INSF.ZS:SAU,2007-12-31,4.912086303431919
WDI:BM.GSR.INSF.ZS:SAU,2008-12-31,4.578991947667588
WDI:BM.GSR.INSF.ZS:SAU,2009-12-31,4.4966012786501315
WDI:BM.GSR.INSF.ZS:SAU,2010-12-31,4.6063720169594715
WDI:BM.GSR.INSF.ZS:SAU,2011-12-31,6.050927463155325
WDI:BM.GSR.INSF.ZS:SAU,2012-12-31,5.8791896189829576
WDI:BM.GSR.INSF.ZS:SAU,2013-12-31,5.407939160628432
WDI:BM.GSR.INSF.ZS:SAU,2014-12-31,4.23157799479154
WDI:BM.GSR.INSF.ZS:SAU,2015-12-31,4.21993284308216
WDI:BM.GSR.INSF.ZS:SAU,2016-12-31,5.044355204526393
WDI:BM.GSR.INSF.ZS:SAU,2017-12-31,5.640968821734437
WDI:BM.GSR.INSF.ZS:SAU,2018-12-31,5.815696734574663
WDI:BM.GSR.INSF.ZS:SAU,2019-12-31,5.644226447667556
WDI:BM.GSR.INSF.ZS:SAU,2020-12-31,4.840590026902778
WDI:BM.GSR.INSF.ZS:SAU,2021-12-31,9.906589944762567
WDI:BM.GSR.INSF.ZS:SAU,2022-12-31,6.299108477101921
WDI:BM.GSR.INSF.ZS:SAU,2023-12-31,7.23841249478207
WDI:BM.GSR.INSF.ZS:SAU,2024-12-31,6.76776605310216
WDI:BM.GSR.INSF.ZS:SAU,2025-12-31,6.47603168158745
WDI:BM.GSR.INSF.ZS:SDN,1977-12-31,4.62539430514501
WDI:BM.GSR.INSF.ZS:SDN,1978-12-31,3.1194054587767863
WDI:BM.GSR.INSF.ZS:SDN,1979-12-31,3.6916338801842357
WDI:BM.GSR.INSF.ZS:SDN,1980-12-31,4.458923512747876
WDI:BM.GSR.INSF.ZS:SDN,1981-12-31,3.464995928467359
WDI:BM.GSR.INSF.ZS:SDN,1982-12-31,2.2626071973675903
WDI:BM.GSR.INSF.ZS:SDN,1983-12-31,2.025514771709938
WDI:BM.GSR.INSF.ZS:SDN,1984-12-31,1.8972972972972946
WDI:BM.GSR.INSF.ZS:SDN,1985-12-31,1.0875527727173178
WDI:BM.GSR.INSF.ZS:SDN,1986-12-31,1.5847691980429697
WDI:BM.GSR.INSF.ZS:SDN,1987-12-31,3.0059680021772452
WDI:BM.GSR.INSF.ZS:SDN,1988-12-31,2.896984011627907
WDI:BM.GSR.INSF.ZS:SDN,1989-12-31,5.614643318838864
WDI:BM.GSR.INSF.ZS:SDN,1990-12-31,4.3464912280701755
WDI:BM.GSR.INSF.ZS:SDN,1991-12-31,6.467308667004562
WDI:BM.GSR.INSF.ZS:SDN,1992-12-31,4.605585497305242
WDI:BM.GSR.INSF.ZS:SDN,1993-12-31,0.18213277479282397
WDI:BM.GSR.INSF.ZS:SDN,1994-12-31,2.9056772463120253
WDI:BM.GSR.INSF.ZS:SDN,1995-12-31,0.2901915264074289
WDI:BM.GSR.INSF.ZS:SDN,1996-12-31,0.5478906211087314
WDI:BM.GSR.INSF.ZS:SDN,1997-12-31,0.23148148148148145
WDI:BM.GSR.INSF.ZS:SDN,1998-12-31,0.049019607843137254
WDI:BM.GSR.INSF.ZS:SDN,1999-12-31,-0.07275372862859221
WDI:BM.GSR.INSF.ZS:SDN,2000-12-31,0.030883261272390366
WDI:BM.GSR.INSF.ZS:SDN,2002-12-31,0.07822239604976901
WDI:BM.GSR.INSF.ZS:SDN,2003-12-31,0.019270375411000976
WDI:BM.GSR.INSF.ZS:SDN,2004-12-31,0.15499798032934722
WDI:BM.GSR.INSF.ZS:SDN,2005-12-31,13.455083550782303
WDI:BM.GSR.INSF.ZS:SDN,2006-12-31,6.775394131966651
WDI:BM.GSR.INSF.ZS:SDN,2007-12-31,6.8368326884056545
WDI:BM.GSR.INSF.ZS:SDN,2008-12-31,8.011326825127659
WDI:BM.GSR.INSF.ZS:SDN,2009-12-31,10.107114945165684
WDI:BM.GSR.INSF.ZS:SDN,2010-12-31,8.92028780448558
WDI:BM.GSR.INSF.ZS:SDN,2011-12-31,7.582092836253486
WDI:BM.GSR.INSF.ZS:SDN,2012-12-31,9.141540342963955
WDI:BM.GSR.INSF.ZS:SDN,2013-12-31,10.63284055037778
WDI:BM.GSR.INSF.ZS:SDN,2014-12-31,13.60409939440691
WDI:BM.GSR.INSF.ZS:SDN,2015-12-31,0.4291164627155496
WDI:BM.GSR.INSF.ZS:SDN,2016-12-31,1.1611836941264295
WDI:BM.GSR.INSF.ZS:SDN,2017-12-31,5.0957265516851695
WDI:BM.GSR.INSF.ZS:SDN,2018-12-31,6.116126180832417
WDI:BM.GSR.INSF.ZS:SDN,2019-12-31,7.483504614365989
WDI:BM.GSR.INSF.ZS:SDN,2020-12-31,6.680497511678042
WDI:BM.GSR.INSF.ZS:SDN,2021-12-31,9.581010541386146
WDI:BM.GSR.INSF.ZS:SDN,2022-12-31,3.375884873364775
WDI:BM.GSR.INSF.ZS:SEN,1974-12-31,10.961601575320023
WDI:BM.GSR.INSF.ZS:SEN,1975-12-31,12.791016159956198
WDI:BM.GSR.INSF.ZS:SEN,1976-12-31,8.389261744966445
WDI:BM.GSR.INSF.ZS:SEN,1977-12-31,8.472194338486215
WDI:BM.GSR.INSF.ZS:SEN,1978-12-31,7.841076308597865
WDI:BM.GSR.INSF.ZS:SEN,1979-12-31,7.0367346938775475
WDI:BM.GSR.INSF.ZS:SEN,1980-12-31,6.503272524718011
WDI:BM.GSR.INSF.ZS:SEN,1981-12-31,5.006695432227341
WDI:BM.GSR.INSF.ZS:SEN,1982-12-31,5.314151497357593
WDI:BM.GSR.INSF.ZS:SEN,1983-12-31,5.845329762303299
WDI:BM.GSR.INSF.ZS:SEN,1984-12-31,5.944207335931215
WDI:BM.GSR.INSF.ZS:SEN,1985-12-31,5.6570561456752575
WDI:BM.GSR.INSF.ZS:SEN,1986-12-31,5.605528087210336
WDI:BM.GSR.INSF.ZS:SEN,1987-12-31,4.93990225861841
WDI:BM.GSR.INSF.ZS:SEN,1988-12-31,5.514610809412973
WDI:BM.GSR.INSF.ZS:SEN,1989-12-31,5.484126500517946
WDI:BM.GSR.INSF.ZS:SEN,1990-12-31,4.8059149722735635
WDI:BM.GSR.INSF.ZS:SEN,1991-12-31,4.691147167662966
WDI:BM.GSR.INSF.ZS:SEN,1992-12-31,4.735504735504727
WDI:BM.GSR.INSF.ZS:SEN,1993-12-31,4.258809234507882
WDI:BM.GSR.INSF.ZS:SEN,1994-12-31,4.722912706536037
WDI:BM.GSR.INSF.ZS:SEN,1995-12-31,4.892245859607793
WDI:BM.GSR.INSF.ZS:SEN,1996-12-31,9.62052725059372
WDI:BM.GSR.INSF.ZS:SEN,1997-12-31,9.381596400541167
WDI:BM.GSR.INSF.ZS:SEN,1998-12-31,10.659575036342064
WDI:BM.GSR.INSF.ZS:SEN,1999-12-31,9.696928436078101
WDI:BM.GSR.INSF.ZS:SEN,2000-12-31,9.839623067334706
WDI:BM.GSR.INSF.ZS:SEN,2001-12-31,14.124120660966396
WDI:BM.GSR.INSF.ZS:SEN,2002-12-31,10.486705975607254
WDI:BM.GSR.INSF.ZS:SEN,2003-12-31,10.684712449845899
WDI:BM.GSR.INSF.ZS:SEN,2004-12-31,9.919735739554742
WDI:BM.GSR.INSF.ZS:SEN,2005-12-31,9.776353343002855
WDI:BM.GSR.INSF.ZS:SEN,2006-12-31,9.328400553802854
WDI:BM.GSR.INSF.ZS:SEN,2007-12-31,8.358718575302127
WDI:BM.GSR.INSF.ZS:SEN,2008-12-31,10.649481453503974
WDI:BM.GSR.INSF.ZS:SEN,2009-12-31,11.13486811789206
WDI:BM.GSR.INSF.ZS:SEN,2010-12-31,11.02569654973298
WDI:BM.GSR.INSF.ZS:SEN,2011-12-31,10.152669249458258
WDI:BM.GSR.INSF.ZS:SEN,2012-12-31,11.233118845357065
WDI:BM.GSR.INSF.ZS:SEN,2013-12-31,10.069886717461992
WDI:BM.GSR.INSF.ZS:SEN,2014-12-31,10.072764095629394
WDI:BM.GSR.INSF.ZS:SEN,2015-12-31,9.747496986230985
WDI:BM.GSR.INSF.ZS:SEN,2016-12-31,9.826002426338226
WDI:BM.GSR.INSF.ZS:SEN,2017-12-31,9.251979111708764
WDI:BM.GSR.INSF.ZS:SEN,2018-12-31,8.93778387674968
WDI:BM.GSR.INSF.ZS:SEN,2019-12-31,8.156009545792523
WDI:BM.GSR.INSF.ZS:SEN,2020-12-31,5.221742786457582
WDI:BM.GSR.INSF.ZS:SEN,2021-12-31,6.071833274054169
WDI:BM.GSR.INSF.ZS:SEN,2022-12-31,7.477819469603338
WDI:BM.GSR.INSF.ZS:SEN,2023-12-31,6.4751407105115
WDI:BM.GSR.INSF.ZS:SGP,1972-12-31,3.8913362701908794
WDI:BM.GSR.INSF.ZS:SGP,1973-12-31,4.223602484472049
WDI:BM.GSR.INSF.ZS:SGP,1974-12-31,5.15041020966271
WDI:BM.GSR.INSF.ZS:SGP,1975-12-31,4.714098646879094
WDI:BM.GSR.INSF.ZS:SGP,1976-12-31,4.491362763915566
WDI:BM.GSR.INSF.ZS:SGP,1977-12-31,4.364569961489106
WDI:BM.GSR.INSF.ZS:SGP,1978-12-31,4.063654447286167
WDI:BM.GSR.INSF.ZS:SGP,1979-12-31,4.104979811574701
WDI:BM.GSR.INSF.ZS:SGP,1980-12-31,4.25020048115475
WDI:BM.GSR.INSF.ZS:SGP,1981-12-31,4.218795461157988
WDI:BM.GSR.INSF.ZS:SGP,1982-12-31,4.229724485836246
WDI:BM.GSR.INSF.ZS:SGP,1983-12-31,3.853853853853854
WDI:BM.GSR.INSF.ZS:SGP,1984-12-31,3.728300128160298
WDI:BM.GSR.INSF.ZS:SGP,1985-12-31,3.2352941176470336
WDI:BM.GSR.INSF.ZS:SGP,1986-12-31,5.355204438547823
WDI:BM.GSR.INSF.ZS:SGP,1987-12-31,8.71051439397058
WDI:BM.GSR.INSF.ZS:SGP,1988-12-31,9.60021943358705
WDI:BM.GSR.INSF.ZS:SGP,1989-12-31,9.213412488676939
WDI:BM.GSR.INSF.ZS:SGP,1990-12-31,9.014179823917363
WDI:BM.GSR.INSF.ZS:SGP,1991-12-31,9.1174977794696
WDI:BM.GSR.INSF.ZS:SGP,1992-12-31,5.595071805138041
WDI:BM.GSR.INSF.ZS:SGP,1993-12-31,5.5870502889193805
WDI:BM.GSR.INSF.ZS:SGP,1994-12-31,5.547259580281261
WDI:BM.GSR.INSF.ZS:SGP,1995-12-31,10.58308262876704
WDI:BM.GSR.INSF.ZS:SGP,1996-12-31,9.996826404316106
WDI:BM.GSR.INSF.ZS:SGP,1997-12-31,9.454507012474464
WDI:BM.GSR.INSF.ZS:SGP,1998-12-31,7.76951552816913
WDI:BM.GSR.INSF.ZS:SGP,1999-12-31,6.790308451288681
WDI:BM.GSR.INSF.ZS:SGP,2000-12-31,6.124703474580213
WDI:BM.GSR.INSF.ZS:SGP,2001-12-31,4.859344526413971
WDI:BM.GSR.INSF.ZS:SGP,2002-12-31,4.842724787617384
WDI:BM.GSR.INSF.ZS:SGP,2003-12-31,4.5368886739023075
WDI:BM.GSR.INSF.ZS:SGP,2004-12-31,4.032916722641422
WDI:BM.GSR.INSF.ZS:SGP,2005-12-31,3.9420264547954704
WDI:BM.GSR.INSF.ZS:SGP,2006-12-31,4.122616447480514
WDI:BM.GSR.INSF.ZS:SGP,2007-12-31,5.0196305809273
WDI:BM.GSR.INSF.ZS:SGP,2008-12-31,4.7742474263816375
WDI:BM.GSR.INSF.ZS:SGP,2009-12-31,4.363141931105755
WDI:BM.GSR.INSF.ZS:SGP,2010-12-31,4.913342876780099
WDI:BM.GSR.INSF.ZS:SGP,2011-12-31,4.880551739772276
WDI:BM.GSR.INSF.ZS:SGP,2012-12-31,4.534997901829704
WDI:BM.GSR.INSF.ZS:SGP,2013-12-31,4.75323176522149
WDI:BM.GSR.INSF.ZS:SGP,2014-12-31,4.314567454123927
WDI:BM.GSR.INSF.ZS:SGP,2015-12-31,4.7551592535479275
WDI:BM.GSR.INSF.ZS:SGP,2016-12-31,5.6969726267668745
WDI:BM.GSR.INSF.ZS:SGP,2017-12-31,5.326706294389568
WDI:BM.GSR.INSF.ZS:SGP,2018-12-31,5.779623671581985
WDI:BM.GSR.INSF.ZS:SGP,2019-12-31,6.196932418991782
WDI:BM.GSR.INSF.ZS:SGP,2020-12-31,7.845718865351476
WDI:BM.GSR.INSF.ZS:SGP,2021-12-31,6.836367542022432
WDI:BM.GSR.INSF.ZS:SGP,2022-12-31,6.687896856874183
WDI:BM.GSR.INSF.ZS:SGP,2023-12-31,6.43966836080118
WDI:BM.GSR.INSF.ZS:SGP,2024-12-31,6.38660321815604
WDI:BM.GSR.INSF.ZS:SGP,2025-12-31,6.42146981753549
WDI:BM.GSR.INSF.ZS:SLB,1975-12-31,5.866666666666658
WDI:BM.GSR.INSF.ZS:SLB,1976-12-31,5.675675675675669
WDI:BM.GSR.INSF.ZS:SLB,1977-12-31,5.416666666666678
WDI:BM.GSR.INSF.ZS:SLB,1978-12-31,4.078947368421074
WDI:BM.GSR.INSF.ZS:SLB,1979-12-31,5.555555555555576
WDI:BM.GSR.INSF.ZS:SLB,1980-12-31,4.56896551724138
WDI:BM.GSR.INSF.ZS:SLB,1981-12-31,4.024390243902419
WDI:BM.GSR.INSF.ZS:SLB,1982-12-31,3.2033426183843825
WDI:BM.GSR.INSF.ZS:SLB,1983-12-31,3.5969387755101883
WDI:BM.GSR.INSF.ZS:SLB,1984-12-31,3.4146341463414434
WDI:BM.GSR.INSF.ZS:SLB,1985-12-31,3.2081377151799693
WDI:BM.GSR.INSF.ZS:SLB,1986-12-31,2.405063291139235
WDI:BM.GSR.INSF.ZS:SLB,1987-12-31,2.7081243731193547
WDI:BM.GSR.INSF.ZS:SLB,1988-12-31,2.4583031182015906
WDI:BM.GSR.INSF.ZS:SLB,1989-12-31,2.5086906141367296
WDI:BM.GSR.INSF.ZS:SLB,1990-12-31,1.9648241206030153
WDI:BM.GSR.INSF.ZS:SLB,1991-12-31,2.082637729549247
WDI:BM.GSR.INSF.ZS:SLB,1992-12-31,2.2407002188183753
WDI:BM.GSR.INSF.ZS:SLB,1993-12-31,4.743390357698288
WDI:BM.GSR.INSF.ZS:SLB,1994-12-31,2.236879839403509
WDI:BM.GSR.INSF.ZS:SLB,1995-12-31,2.9389312977099125
WDI:BM.GSR.INSF.ZS:SLB,1996-12-31,2.066929133858259
WDI:BM.GSR.INSF.ZS:SLB,1997-12-31,2.5351405622489978
WDI:BM.GSR.INSF.ZS:SLB,1998-12-31,17.936024371667926
WDI:BM.GSR.INSF.ZS:SLB,1999-12-31,0.14174344436569708
WDI:BM.GSR.INSF.ZS:SLB,2000-12-31,5.008121277747699
WDI:BM.GSR.INSF.ZS:SLB,2001-12-31,19.790043027412406
WDI:BM.GSR.INSF.ZS:SLB,2002-12-31,9.556862319382278
WDI:BM.GSR.INSF.ZS:SLB,2003-12-31,3.245272615760818
WDI:BM.GSR.INSF.ZS:SLB,2004-12-31,10.13674364324708
WDI:BM.GSR.INSF.ZS:SLB,2005-12-31,5.242271860379265
WDI:BM.GSR.INSF.ZS:SLB,2006-12-31,6.6062044005581715
WDI:BM.GSR.INSF.ZS:SLB,2007-12-31,5.778996098500729
WDI:BM.GSR.INSF.ZS:SLB,2008-12-31,6.843039307156654
WDI:BM.GSR.INSF.ZS:SLB,2009-12-31,7.528668893311442
WDI:BM.GSR.INSF.ZS:SLB,2010-12-31,5.776603878531439
WDI:BM.GSR.INSF.ZS:SLB,2011-12-31,5.939182876041121
WDI:BM.GSR.INSF.ZS:SLB,2012-12-31,4.617508226830677
WDI:BM.GSR.INSF.ZS:SLB,2013-12-31,3.006649468800146
WDI:BM.GSR.INSF.ZS:SLB,2014-12-31,3.943204390275765
WDI:BM.GSR.INSF.ZS:SLB,2015-12-31,4.225775701201022
WDI:BM.GSR.INSF.ZS:SLB,2016-12-31,4.5431273192919965
WDI:BM.GSR.INSF.ZS:SLB,2017-12-31,5.716635347297521
WDI:BM.GSR.INSF.ZS:SLB,2018-12-31,5.896827580449539
WDI:BM.GSR.INSF.ZS:SLB,2019-12-31,4.75789818735912
WDI:BM.GSR.INSF.ZS:SLB,2020-12-31,5.446865169397201
WDI:BM.GSR.INSF.ZS:SLB,2021-12-31,5.076010039292541
WDI:BM.GSR.INSF.ZS:SLB,2022-12-31,3.8356630254034365
WDI:BM.GSR.INSF.ZS:SLB,2023-12-31,4.64408616059198
WDI:BM.GSR.INSF.ZS:SLB,2024-12-31,3.69680261861739
WDI:BM.GSR.INSF.ZS:SLE,1977-12-31,5.507745266781403
WDI:BM.GSR.INSF.ZS:SLE,1978-12-31,10.37414965986395
WDI:BM.GSR.INSF.ZS:SLE,1979-12-31,12.777053455019555
WDI:BM.GSR.INSF.ZS:SLE,1980-12-31,11.941964285714196
WDI:BM.GSR.INSF.ZS:SLE,1981-12-31,5.2098408104196805
WDI:BM.GSR.INSF.ZS:SLE,1982-12-31,14.88888888888878
WDI:BM.GSR.INSF.ZS:SLE,1983-12-31,17.506297229219147
WDI:BM.GSR.INSF.ZS:SLE,1984-12-31,14.070351758793965
WDI:BM.GSR.INSF.ZS:SLE,1985-12-31,14.24644983967017
WDI:BM.GSR.INSF.ZS:SLE,1986-12-31,11.349075599487449
WDI:BM.GSR.INSF.ZS:SLE,1987-12-31,5.505806632153357
WDI:BM.GSR.INSF.ZS:SLE,1988-12-31,9.970648403451026
WDI:BM.GSR.INSF.ZS:SLE,1989-12-31,8.717891278375147
WDI:BM.GSR.INSF.ZS:SLE,1990-12-31,4.296504042672149
WDI:BM.GSR.INSF.ZS:SLE,1991-12-31,5.283983620817686
WDI:BM.GSR.INSF.ZS:SLE,1992-12-31,5.1356197233784355
WDI:BM.GSR.INSF.ZS:SLE,1993-12-31,4.949018013348937
WDI:BM.GSR.INSF.ZS:SLE,1994-12-31,3.1938898396399864
WDI:BM.GSR.INSF.ZS:SLE,1995-12-31,3.255674470039169
WDI:BM.GSR.INSF.ZS:SLE,1996-12-31,4.1780428838420836
WDI:BM.GSR.INSF.ZS:SLE,1997-12-31,3.7552295229906876
WDI:BM.GSR.INSF.ZS:SLE,1998-12-31,5.132187270324309
WDI:BM.GSR.INSF.ZS:SLE,1999-12-31,1.7498194321243383
WDI:BM.GSR.INSF.ZS:SLE,2000-12-31,2.612755672781193
WDI:BM.GSR.INSF.ZS:SLE,2001-12-31,3.373319265162028
WDI:BM.GSR.INSF.ZS:SLE,2002-12-31,7.500716301753256
WDI:BM.GSR.INSF.ZS:SLE,2003-12-31,7.485123423084176
WDI:BM.GSR.INSF.ZS:SLE,2004-12-31,6.601663933514709
WDI:BM.GSR.INSF.ZS:SLE,2005-12-31,9.117161159113044
WDI:BM.GSR.INSF.ZS:SLE,2006-12-31,9.035077160588747
WDI:BM.GSR.INSF.ZS:SLE,2007-12-31,9.03225776077081
WDI:BM.GSR.INSF.ZS:SLE,2008-12-31,9.308805206323125
WDI:BM.GSR.INSF.ZS:SLE,2009-12-31,7.0511967849575825
WDI:BM.GSR.INSF.ZS:SLE,2010-12-31,2.7303563806891766
WDI:BM.GSR.INSF.ZS:SLE,2011-12-31,4.06306951151195
WDI:BM.GSR.INSF.ZS:SLE,2012-12-31,4.362652414103213
WDI:BM.GSR.INSF.ZS:SLE,2013-12-31,7.408429602790038
WDI:BM.GSR.INSF.ZS:SLE,2014-12-31,4.6913301673512295
WDI:BM.GSR.INSF.ZS:SLE,2015-12-31,5.669203057222676
WDI:BM.GSR.INSF.ZS:SLE,2016-12-31,7.9944513108895485
WDI:BM.GSR.INSF.ZS:SLE,2017-12-31,9.392725279736585
WDI:BM.GSR.INSF.ZS:SLE,2018-12-31,9.992378424053367
WDI:BM.GSR.INSF.ZS:SLE,2019-12-31,9.458751445455539
WDI:BM.GSR.INSF.ZS:SLE,2020-12-31,16.978386607512448
WDI:BM.GSR.INSF.ZS:SLE,2021-12-31,14.482848325136116
WDI:BM.GSR.INSF.ZS:SLE,2022-12-31,10.066243383256598
WDI:BM.GSR.INSF.ZS:SLE,2023-12-31,13.3821830321497
WDI:BM.GSR.INSF.ZS:SLE,2024-12-31,9.43847447498069
WDI:BM.GSR.INSF.ZS:SLV,1976-12-31,9.799346710219318
WDI:BM.GSR.INSF.ZS:SLV,1977-12-31,9.969325153374232
WDI:BM.GSR.INSF.ZS:SLV,1978-12-31,7.600062295592587
WDI:BM.GSR.INSF.ZS:SLV,1979-12-31,8.51516764236296
WDI:BM.GSR.INSF.ZS:SLV,1980-12-31,11.247623226561357
WDI:BM.GSR.INSF.ZS:SLV,1981-12-31,12.66514806378132
WDI:BM.GSR.INSF.ZS:SLV,1982-12-31,11.33417641479608
WDI:BM.GSR.INSF.ZS:SLV,1983-12-31,12.798440799090466
WDI:BM.GSR.INSF.ZS:SLV,1984-12-31,14.399074227144984
WDI:BM.GSR.INSF.ZS:SLV,1985-12-31,12.807814004677399
WDI:BM.GSR.INSF.ZS:SLV,1986-12-31,11.161630976826046
WDI:BM.GSR.INSF.ZS:SLV,1987-12-31,13.40949660835416
WDI:BM.GSR.INSF.ZS:SLV,1988-12-31,12.882249560632689
WDI:BM.GSR.INSF.ZS:SLV,1989-12-31,13.612485336869485
WDI:BM.GSR.INSF.ZS:SLV,1990-12-31,11.331786542923433
WDI:BM.GSR.INSF.ZS:SLV,1991-12-31,10.798593671521854
WDI:BM.GSR.INSF.ZS:SLV,1992-12-31,11.085601836667749
WDI:BM.GSR.INSF.ZS:SLV,1993-12-31,11.173848439821688
WDI:BM.GSR.INSF.ZS:SLV,1994-12-31,11.057692307692314
WDI:BM.GSR.INSF.ZS:SLV,1995-12-31,10.553439390544478
WDI:BM.GSR.INSF.ZS:SLV,1996-12-31,6.745133544590315
WDI:BM.GSR.INSF.ZS:SLV,1997-12-31,16.20239774330042
WDI:BM.GSR.INSF.ZS:SLV,1998-12-31,13.922155688622748
WDI:BM.GSR.INSF.ZS:SLV,1999-12-31,17.1377882909521
WDI:BM.GSR.INSF.ZS:SLV,2000-12-31,15.61564660955723
WDI:BM.GSR.INSF.ZS:SLV,2001-12-31,11.191626409017713
WDI:BM.GSR.INSF.ZS:SLV,2002-12-31,12.489258092237181
WDI:BM.GSR.INSF.ZS:SLV,2003-12-31,11.558098636101906
WDI:BM.GSR.INSF.ZS:SLV,2004-12-31,12.894898999160139
WDI:BM.GSR.INSF.ZS:SLV,2005-12-31,10.96239414382087
WDI:BM.GSR.INSF.ZS:SLV,2006-12-31,11.585355954217064
WDI:BM.GSR.INSF.ZS:SLV,2007-12-31,10.278845862726694
WDI:BM.GSR.INSF.ZS:SLV,2008-12-31,11.62602618488113
WDI:BM.GSR.INSF.ZS:SLV,2009-12-31,13.4364918880021
WDI:BM.GSR.INSF.ZS:SLV,2010-12-31,12.122041617937542
WDI:BM.GSR.INSF.ZS:SLV,2011-12-31,13.114124886530679
WDI:BM.GSR.INSF.ZS:SLV,2012-12-31,15.960258216579081
WDI:BM.GSR.INSF.ZS:SLV,2013-12-31,17.989982490203367
WDI:BM.GSR.INSF.ZS:SLV,2014-12-31,20.40226479737629
WDI:BM.GSR.INSF.ZS:SLV,2015-12-31,18.03191564069884
WDI:BM.GSR.INSF.ZS:SLV,2016-12-31,16.843491206889617
WDI:BM.GSR.INSF.ZS:SLV,2017-12-31,17.98593917578849
WDI:BM.GSR.INSF.ZS:SLV,2018-12-31,18.55047443270433
WDI:BM.GSR.INSF.ZS:SLV,2019-12-31,19.251847549303942
WDI:BM.GSR.INSF.ZS:SLV,2020-12-31,26.353861233641947
WDI:BM.GSR.INSF.ZS:SLV,2021-12-31,18.80235224071514
WDI:BM.GSR.INSF.ZS:SLV,2022-12-31,13.42258137789736
WDI:BM.GSR.INSF.ZS:SLV,2023-12-31,15.1455763347548
WDI:BM.GSR.INSF.ZS:SLV,2024-12-31,16.2770645766896
WDI:BM.GSR.INSF.ZS:SLV,2025-12-31,14.1298794532896
WDI:BM.GSR.INSF.ZS:SMR,2017-12-31,2.272481360161212
WDI:BM.GSR.INSF.ZS:SMR,2018-12-31,1.9414337835012416
WDI:BM.GSR.INSF.ZS:SMR,2019-12-31,2.7151954333607913
WDI:BM.GSR.INSF.ZS:SMR,2020-12-31,2.7073746401770253
WDI:BM.GSR.INSF.ZS:SMR,2021-12-31,2.5919435513953055
WDI:BM.GSR.INSF.ZS:SMR,2022-12-31,2.2527031714854706
WDI:BM.GSR.INSF.ZS:SMR,2023-12-31,3.22373105507907
WDI:BM.GSR.INSF.ZS:SRB,2007-12-31,2.7293548625663235
WDI:BM.GSR.INSF.ZS:SRB,2008-12-31,3.2458656914721136
WDI:BM.GSR.INSF.ZS:SRB,2009-12-31,4.701127497962452
WDI:BM.GSR.INSF.ZS:SRB,2010-12-31,3.0403799773334144
WDI:BM.GSR.INSF.ZS:SRB,2011-12-31,3.6769098647585587
WDI:BM.GSR.INSF.ZS:SRB,2012-12-31,3.1952792164430095
WDI:BM.GSR.INSF.ZS:SRB,2013-12-31,3.0632819835090372
WDI:BM.GSR.INSF.ZS:SRB,2014-12-31,3.608168061616468
WDI:BM.GSR.INSF.ZS:SRB,2015-12-31,3.625142572668945
WDI:BM.GSR.INSF.ZS:SRB,2016-12-31,2.369192729605062
WDI:BM.GSR.INSF.ZS:SRB,2017-12-31,2.59701781632128
WDI:BM.GSR.INSF.ZS:SRB,2018-12-31,2.521633773490181
WDI:BM.GSR.INSF.ZS:SRB,2019-12-31,3.214004000639006
WDI:BM.GSR.INSF.ZS:SRB,2020-12-31,4.359696594543838
WDI:BM.GSR.INSF.ZS:SRB,2021-12-31,4.019216003138252
WDI:BM.GSR.INSF.ZS:SRB,2022-12-31,2.7831330386580118
WDI:BM.GSR.INSF.ZS:SRB,2023-12-31,1.74700881446348
WDI:BM.GSR.INSF.ZS:SRB,2024-12-31,2.41488774209349
WDI:BM.GSR.INSF.ZS:SRB,2025-12-31,1.64371832450057
WDI:BM.GSR.INSF.ZS:SSA,1977-12-31,6.444507751698721
WDI:BM.GSR.INSF.ZS:SSA,1978-12-31,6.983457052714641
WDI:BM.GSR.INSF.ZS:SSA,1979-12-31,6.62668807314633
WDI:BM.GSR.INSF.ZS:SSA,1980-12-31,5.983140023219045
WDI:BM.GSR.INSF.ZS:SSA,1981-12-31,6.465261312641279
WDI:BM.GSR.INSF.ZS:SSA,1982-12-31,6.29333675745295
WDI:BM.GSR.INSF.ZS:SSA,1983-12-31,7.061634475065764
WDI:BM.GSR.INSF.ZS:SSA,1984-12-31,6.902135587836936
WDI:BM.GSR.INSF.ZS:SSA,1985-12-31,6.358315457295095
WDI:BM.GSR.INSF.ZS:SSA,1986-12-31,6.802753340965446
WDI:BM.GSR.INSF.ZS:SSA,1987-12-31,6.429872481190451
WDI:BM.GSR.INSF.ZS:SSA,1988-12-31,5.675576991941539
WDI:BM.GSR.INSF.ZS:SSA,1989-12-31,5.434818994008333
WDI:BM.GSR.INSF.ZS:SSA,1990-12-31,5.723921926319132
WDI:BM.GSR.INSF.ZS:SSA,1991-12-31,4.997201586121337
WDI:BM.GSR.INSF.ZS:SSA,1992-12-31,5.424970044859035
WDI:BM.GSR.INSF.ZS:SSA,1993-12-31,5.029197031174569
WDI:BM.GSR.INSF.ZS:SSA,1994-12-31,5.1139676275602755
WDI:BM.GSR.INSF.ZS:SSA,1995-12-31,7.242277541760077
WDI:BM.GSR.INSF.ZS:SSA,1996-12-31,5.502896794772308
WDI:BM.GSR.INSF.ZS:SSA,1997-12-31,5.781862290295182
WDI:BM.GSR.INSF.ZS:SSA,1998-12-31,5.5633604337399
WDI:BM.GSR.INSF.ZS:SSA,1999-12-31,4.96658423758701
WDI:BM.GSR.INSF.ZS:SSA,2000-12-31,4.61055944627042
WDI:BM.GSR.INSF.ZS:SSA,2001-12-31,4.574287396141523
WDI:BM.GSR.INSF.ZS:SSA,2002-12-31,4.309590347880574
WDI:BM.GSR.INSF.ZS:SSA,2003-12-31,5.671442603328818
WDI:BM.GSR.INSF.ZS:SSA,2004-12-31,5.761733579532593
WDI:BM.GSR.INSF.ZS:SSA,2005-12-31,5.117115634773362
WDI:BM.GSR.INSF.ZS:SSA,2006-12-31,4.829961012737711
WDI:BM.GSR.INSF.ZS:SSA,2007-12-31,4.2273306632256205
WDI:BM.GSR.INSF.ZS:SSA,2008-12-31,5.770216095727097
WDI:BM.GSR.INSF.ZS:SSA,2009-12-31,4.157021234212815
WDI:BM.GSR.INSF.ZS:SSA,2010-12-31,4.627584515359897
WDI:BM.GSR.INSF.ZS:SSA,2011-12-31,4.344867448338777
WDI:BM.GSR.INSF.ZS:SSA,2012-12-31,4.514991450306861
WDI:BM.GSR.INSF.ZS:SSA,2013-12-31,4.791474170987112
WDI:BM.GSR.INSF.ZS:SSA,2014-12-31,4.8933459194541715
WDI:BM.GSR.INSF.ZS:SSA,2015-12-31,5.263713376230456
WDI:BM.GSR.INSF.ZS:SSA,2016-12-31,5.572787121998976
WDI:BM.GSR.INSF.ZS:SSA,2017-12-31,6.160913352737645
WDI:BM.GSR.INSF.ZS:SSA,2018-12-31,5.256466249055674
WDI:BM.GSR.INSF.ZS:SSA,2019-12-31,4.846632535889167
WDI:BM.GSR.INSF.ZS:SSA,2020-12-31,6.395508497151954
WDI:BM.GSR.INSF.ZS:SSA,2021-12-31,7.120141035271188
WDI:BM.GSR.INSF.ZS:SSA,2022-12-31,6.421795523072775
WDI:BM.GSR.INSF.ZS:SSA,2023-12-31,6.67262856254118
WDI:BM.GSR.INSF.ZS:SSA,2024-12-31,8.26356394796996
WDI:BM.GSR.INSF.ZS:SSD,2014-12-31,17.85748163658697
WDI:BM.GSR.INSF.ZS:SSD,2015-12-31,10.485173154005432
WDI:BM.GSR.INSF.ZS:SSD,2016-12-31,17.582186234817815
WDI:BM.GSR.INSF.ZS:SSD,2017-12-31,12.126745435016112
WDI:BM.GSR.INSF.ZS:SSD,2018-12-31,1.8951416417536975
WDI:BM.GSR.INSF.ZS:SSD,2019-12-31,1.0694760153101694
WDI:BM.GSR.INSF.ZS:SSD,2020-12-31,1.1296740316772802
WDI:BM.GSR.INSF.ZS:SSD,2021-12-31,0.866265351243892
WDI:BM.GSR.INSF.ZS:SSD,2022-12-31,2.2753900523391617
WDI:BM.GSR.INSF.ZS:SSD,2023-12-31,0.931145937323768
WDI:BM.GSR.INSF.ZS:SSF,1977-12-31,6.394298301450048
WDI:BM.GSR.INSF.ZS:SSF,1978-12-31,6.925375349523632
WDI:BM.GSR.INSF.ZS:SSF,1979-12-31,6.55229094500704
WDI:BM.GSR.INSF.ZS:SSF,1980-12-31,5.977342255560613
WDI:BM.GSR.INSF.ZS:SSF,1981-12-31,6.457874564536001
WDI:BM.GSR.INSF.ZS:SSF,1982-12-31,6.285059441558596
WDI:BM.GSR.INSF.ZS:SSF,1983-12-31,7.000575440146455
WDI:BM.GSR.INSF.ZS:SSF,1984-12-31,6.8231285986497205
WDI:BM.GSR.INSF.ZS:SSF,1985-12-31,6.286356327621007
WDI:BM.GSR.INSF.ZS:SSF,1986-12-31,6.721017224565949
WDI:BM.GSR.INSF.ZS:SSF,1987-12-31,6.34047052352162
WDI:BM.GSR.INSF.ZS:SSF,1988-12-31,5.614064400286555
WDI:BM.GSR.INSF.ZS:SSF,1989-12-31,5.398757500999707
WDI:BM.GSR.INSF.ZS:SSF,1990-12-31,5.682573511384015
WDI:BM.GSR.INSF.ZS:SSF,1991-12-31,4.969288303693724
WDI:BM.GSR.INSF.ZS:SSF,1992-12-31,5.409478415743091
WDI:BM.GSR.INSF.ZS:SSF,1993-12-31,5.077414500721516
WDI:BM.GSR.INSF.ZS:SSF,1994-12-31,5.161628620661288
WDI:BM.GSR.INSF.ZS:SSF,1995-12-31,7.244511534696442
WDI:BM.GSR.INSF.ZS:SSF,1996-12-31,5.518023367010155
WDI:BM.GSR.INSF.ZS:SSF,1997-12-31,5.808701881002445
WDI:BM.GSR.INSF.ZS:SSF,1998-12-31,5.583969022848558
WDI:BM.GSR.INSF.ZS:SSF,1999-12-31,4.958224367936633
WDI:BM.GSR.INSF.ZS:SSF,2000-12-31,4.604863303361775
WDI:BM.GSR.INSF.ZS:SSF,2001-12-31,4.626937403465165
WDI:BM.GSR.INSF.ZS:SSF,2002-12-31,4.359297405139436
WDI:BM.GSR.INSF.ZS:SSF,2003-12-31,5.697429073548633
WDI:BM.GSR.INSF.ZS:SSF,2004-12-31,5.750891905641294
WDI:BM.GSR.INSF.ZS:SSF,2005-12-31,5.130228547484361
WDI:BM.GSR.INSF.ZS:SSF,2006-12-31,4.863808627914832
WDI:BM.GSR.INSF.ZS:SSF,2007-12-31,4.227768114307617
WDI:BM.GSR.INSF.ZS:SSF,2008-12-31,5.7289410042218885
WDI:BM.GSR.INSF.ZS:SSF,2009-12-31,4.164216538664036
WDI:BM.GSR.INSF.ZS:SSF,2010-12-31,4.616566293067206
WDI:BM.GSR.INSF.ZS:SSF,2011-12-31,4.311886642552777
WDI:BM.GSR.INSF.ZS:SSF,2012-12-31,4.489742846154017
WDI:BM.GSR.INSF.ZS:SSF,2013-12-31,4.765434564351839
WDI:BM.GSR.INSF.ZS:SSF,2014-12-31,4.8541193852630595
WDI:BM.GSR.INSF.ZS:SSF,2015-12-31,5.192691426920081
WDI:BM.GSR.INSF.ZS:SSF,2016-12-31,5.439221365944299
WDI:BM.GSR.INSF.ZS:SSF,2017-12-31,6.016041128989968
WDI:BM.GSR.INSF.ZS:SSF,2018-12-31,5.130014307335922
WDI:BM.GSR.INSF.ZS:SSF,2019-12-31,4.747023606084171
WDI:BM.GSR.INSF.ZS:SSF,2020-12-31,6.254956750913877
WDI:BM.GSR.INSF.ZS:SSF,2021-12-31,6.912206870887116
WDI:BM.GSR.INSF.ZS:SSF,2022-12-31,6.210694158345915
WDI:BM.GSR.INSF.ZS:SSF,2023-12-31,6.64060579540884
WDI:BM.GSR.INSF.ZS:SSF,2024-12-31,8.21826583615759
WDI:BM.GSR.INSF.ZS:SST,1992-12-31,7.708533262399386
WDI:BM.GSR.INSF.ZS:SST,1993-12-31,7.563719667251368
WDI:BM.GSR.INSF.ZS:SST,1994-12-31,7.334903660685957
WDI:BM.GSR.INSF.ZS:SST,1995-12-31,7.42701655587522
WDI:BM.GSR.INSF.ZS:SST,1996-12-31,7.039171369580146
WDI:BM.GSR.INSF.ZS:SST,1997-12-31,6.369150199901568
WDI:BM.GSR.INSF.ZS:SST,1998-12-31,6.037528743385935
WDI:BM.GSR.INSF.ZS:SST,1999-12-31,5.990188165496509
WDI:BM.GSR.INSF.ZS:SST,2000-12-31,6.379771900686776
WDI:BM.GSR.INSF.ZS:SST,2001-12-31,6.469499942758784
WDI:BM.GSR.INSF.ZS:SST,2002-12-31,5.670750480743007
WDI:BM.GSR.INSF.ZS:SST,2006-12-31,15.68855788035435
WDI:BM.GSR.INSF.ZS:SST,2007-12-31,15.548271114284852
WDI:BM.GSR.INSF.ZS:SST,2008-12-31,16.051113622344985
WDI:BM.GSR.INSF.ZS:SST,2009-12-31,14.442258484696971
WDI:BM.GSR.INSF.ZS:SST,2010-12-31,17.548284693516727
WDI:BM.GSR.INSF.ZS:SST,2011-12-31,17.317915665022806
WDI:BM.GSR.INSF.ZS:SST,2012-12-31,15.74495547395412
WDI:BM.GSR.INSF.ZS:SST,2013-12-31,15.906432221863778
WDI:BM.GSR.INSF.ZS:SST,2014-12-31,16.8870681501119
WDI:BM.GSR.INSF.ZS:SST,2015-12-31,14.665416924479024
WDI:BM.GSR.INSF.ZS:SST,2016-12-31,14.611535255145863
WDI:BM.GSR.INSF.ZS:SST,2017-12-31,8.586733835550005
WDI:BM.GSR.INSF.ZS:SST,2018-12-31,8.552798254855979
WDI:BM.GSR.INSF.ZS:SST,2019-12-31,8.814308444383492
WDI:BM.GSR.INSF.ZS:SST,2020-12-31,11.537158653882434
WDI:BM.GSR.INSF.ZS:SST,2021-12-31,10.986156596970398
WDI:BM.GSR.INSF.ZS:SST,2022-12-31,12.03366519524166
WDI:BM.GSR.INSF.ZS:SST,2023-12-31,7.78237938254892
WDI:BM.GSR.INSF.ZS:SST,2024-12-31,8.57370980080909
WDI:BM.GSR.INSF.ZS:STP,1974-12-31,5.514135239119721
WDI:BM.GSR.INSF.ZS:STP,1975-12-31,6.542625710758303
WDI:BM.GSR.INSF.ZS:STP,1976-12-31,6.684887876614972
WDI:BM.GSR.INSF.ZS:STP,1977-12-31,5.631255003138932
WDI:BM.GSR.INSF.ZS:STP,1978-12-31,6.198517277236855
WDI:BM.GSR.INSF.ZS:STP,1979-12-31,4.408523144746508
WDI:BM.GSR.INSF.ZS:STP,1980-12-31,5.346310547759171
WDI:BM.GSR.INSF.ZS:STP,1981-12-31,11.069797782126557
WDI:BM.GSR.INSF.ZS:STP,1982-12-31,10.812393266650407
WDI:BM.GSR.INSF.ZS:STP,1983-12-31,8.078381795195948
WDI:BM.GSR.INSF.ZS:STP,1984-12-31,7.1711266022037226
WDI:BM.GSR.INSF.ZS:STP,1985-12-31,5.031039834454211
WDI:BM.GSR.INSF.ZS:STP,1986-12-31,4.734587003094514
WDI:BM.GSR.INSF.ZS:STP,1987-12-31,3.4565778159931186
WDI:BM.GSR.INSF.ZS:STP,1988-12-31,3.675638371290547
WDI:BM.GSR.INSF.ZS:STP,1989-12-31,3.1922714420358136
WDI:BM.GSR.INSF.ZS:STP,1990-12-31,3.4035476718403546
WDI:BM.GSR.INSF.ZS:STP,1997-12-31,7.48598272465525
WDI:BM.GSR.INSF.ZS:STP,1998-12-31,8.272966912231938
WDI:BM.GSR.INSF.ZS:STP,1999-12-31,6.885034832601182
WDI:BM.GSR.INSF.ZS:STP,2000-12-31,7.041174612252207
WDI:BM.GSR.INSF.ZS:STP,2001-12-31,7.246457506048079
WDI:BM.GSR.INSF.ZS:STP,2002-12-31,7.348012025124927
WDI:BM.GSR.INSF.ZS:STP,2003-12-31,7.2488348200019175
WDI:BM.GSR.INSF.ZS:STP,2004-12-31,7.190800580724055
WDI:BM.GSR.INSF.ZS:STP,2005-12-31,6.064428046683486
WDI:BM.GSR.INSF.ZS:STP,2006-12-31,6.613343864255704
WDI:BM.GSR.INSF.ZS:STP,2007-12-31,5.722179378928905
WDI:BM.GSR.INSF.ZS:STP,2008-12-31,6.51074446557834
WDI:BM.GSR.INSF.ZS:STP,2009-12-31,6.676547620277612
WDI:BM.GSR.INSF.ZS:STP,2010-12-31,6.127273040151693
WDI:BM.GSR.INSF.ZS:STP,2011-12-31,6.551171749806621
WDI:BM.GSR.INSF.ZS:STP,2012-12-31,3.7143582862931965
WDI:BM.GSR.INSF.ZS:STP,2013-12-31,1.6412370434157189
WDI:BM.GSR.INSF.ZS:STP,2014-12-31,1.255907409098103
WDI:BM.GSR.INSF.ZS:STP,2015-12-31,5.864745057798286
WDI:BM.GSR.INSF.ZS:STP,2016-12-31,1.4240949534538485
WDI:BM.GSR.INSF.ZS:STP,2017-12-31,1.683480669181767
WDI:BM.GSR.INSF.ZS:STP,2018-12-31,2.4768431224061684
WDI:BM.GSR.INSF.ZS:STP,2019-12-31,3.178271327606791
WDI:BM.GSR.INSF.ZS:STP,2020-12-31,4.57593302264917
WDI:BM.GSR.INSF.ZS:STP,2021-12-31,4.219349171813822
WDI:BM.GSR.INSF.ZS:STP,2022-12-31,1.1207107838195098
WDI:BM.GSR.INSF.ZS:STP,2023-12-31,3.88304278297291
WDI:BM.GSR.INSF.ZS:STP,2024-12-31,9.39863657855198
WDI:BM.GSR.INSF.ZS:SUR,2005-12-31,1.4454775993237532
WDI:BM.GSR.INSF.ZS:SUR,2006-12-31,1.6412922391385074
WDI:BM.GSR.INSF.ZS:SUR,2007-12-31,1.6577540106951874
WDI:BM.GSR.INSF.ZS:SUR,2008-12-31,1.9081532416502949
WDI:BM.GSR.INSF.ZS:SUR,2009-12-31,1.8927444794952681
WDI:BM.GSR.INSF.ZS:SUR,2010-12-31,2.4903474903474905
WDI:BM.GSR.INSF.ZS:SUR,2011-12-31,2.679572015328163
WDI:BM.GSR.INSF.ZS:SUR,2012-12-31,3.577864772343437
WDI:BM.GSR.INSF.ZS:SUR,2013-12-31,4.594880365056831
WDI:BM.GSR.INSF.ZS:SUR,2014-12-31,3.181665659870745
WDI:BM.GSR.INSF.ZS:SUR,2015-12-31,5.290591215169621
WDI:BM.GSR.INSF.ZS:SUR,2016-12-31,6.504090578614063
WDI:BM.GSR.INSF.ZS:SUR,2017-12-31,3.7418854316043713
WDI:BM.GSR.INSF.ZS:SUR,2018-12-31,4.725690298863968
WDI:BM.GSR.INSF.ZS:SUR,2019-12-31,3.054518546581049
WDI:BM.GSR.INSF.ZS:SUR,2020-12-31,4.468779385202737
WDI:BM.GSR.INSF.ZS:SUR,2021-12-31,5.676812167008796
WDI:BM.GSR.INSF.ZS:SUR,2022-12-31,4.395096080281221
WDI:BM.GSR.INSF.ZS:SUR,2023-12-31,3.89208199010449
WDI:BM.GSR.INSF.ZS:SUR,2024-12-31,4.56279328627313
WDI:BM.GSR.INSF.ZS:SUR,2025-12-31,2.20526907004486
WDI:BM.GSR.INSF.ZS:SVK,1994-12-31,4.443123165300316
WDI:BM.GSR.INSF.ZS:SVK,1995-12-31,4.789906093788165
WDI:BM.GSR.INSF.ZS:SVK,1996-12-31,8.951638672378435
WDI:BM.GSR.INSF.ZS:SVK,1997-12-31,6.144273986098955
WDI:BM.GSR.INSF.ZS:SVK,1998-12-31,3.7701390071896794
WDI:BM.GSR.INSF.ZS:SVK,1999-12-31,5.213074134054608
WDI:BM.GSR.INSF.ZS:SVK,2000-12-31,4.8314948833806755
WDI:BM.GSR.INSF.ZS:SVK,2001-12-31,3.4349479277828254
WDI:BM.GSR.INSF.ZS:SVK,2002-12-31,7.608220822701363
WDI:BM.GSR.INSF.ZS:SVK,2003-12-31,8.493091945755626
WDI:BM.GSR.INSF.ZS:SVK,2008-12-31,11.621252377535038
WDI:BM.GSR.INSF.ZS:SVK,2009-12-31,8.193442831546946
WDI:BM.GSR.INSF.ZS:SVK,2010-12-31,9.339090180339205
WDI:BM.GSR.INSF.ZS:SVK,2011-12-31,8.852637238673736
WDI:BM.GSR.INSF.ZS:SVK,2012-12-31,9.084556642732702
WDI:BM.GSR.INSF.ZS:SVK,2013-12-31,4.439703885035929
WDI:BM.GSR.INSF.ZS:SVK,2014-12-31,3.2275471464118612
WDI:BM.GSR.INSF.ZS:SVK,2015-12-31,4.9255614564735355
WDI:BM.GSR.INSF.ZS:SVK,2016-12-31,3.890619986902473
WDI:BM.GSR.INSF.ZS:SVK,2017-12-31,4.630859775738078
WDI:BM.GSR.INSF.ZS:SVK,2018-12-31,4.350463197337931
WDI:BM.GSR.INSF.ZS:SVK,2019-12-31,4.336482090884821
WDI:BM.GSR.INSF.ZS:SVK,2020-12-31,5.460668564602498
WDI:BM.GSR.INSF.ZS:SVK,2021-12-31,4.8550723096526465
WDI:BM.GSR.INSF.ZS:SVK,2022-12-31,3.6202990888103646
WDI:BM.GSR.INSF.ZS:SVK,2023-12-31,4.39474869342564
WDI:BM.GSR.INSF.ZS:SVK,2024-12-31,4.20958882030613
WDI:BM.GSR.INSF.ZS:SVK,2025-12-31,4.09313185685503
WDI:BM.GSR.INSF.ZS:SVN,1992-12-31,2.476392368471767
WDI:BM.GSR.INSF.ZS:SVN,1993-12-31,1.5824651071358367
WDI:BM.GSR.INSF.ZS:SVN,1994-12-31,1.6562258645842272
WDI:BM.GSR.INSF.ZS:SVN,1995-12-31,1.7445482866043613
WDI:BM.GSR.INSF.ZS:SVN,1996-12-31,2.040270252190782
WDI:BM.GSR.INSF.ZS:SVN,1997-12-31,2.305065452475811
WDI:BM.GSR.INSF.ZS:SVN,1998-12-31,2.9571831355320963
WDI:BM.GSR.INSF.ZS:SVN,1999-12-31,2.1943367715656
WDI:BM.GSR.INSF.ZS:SVN,2000-12-31,2.420249653259362
WDI:BM.GSR.INSF.ZS:SVN,2001-12-31,2.3895431955885353
WDI:BM.GSR.INSF.ZS:SVN,2002-12-31,2.404671934043284
WDI:BM.GSR.INSF.ZS:SVN,2003-12-31,2.287062667332214
WDI:BM.GSR.INSF.ZS:SVN,2004-12-31,2.147907510032486
WDI:BM.GSR.INSF.ZS:SVN,2005-12-31,2.174061666780611
WDI:BM.GSR.INSF.ZS:SVN,2006-12-31,2.4365477133297317
WDI:BM.GSR.INSF.ZS:SVN,2007-12-31,2.5336408018712393
WDI:BM.GSR.INSF.ZS:SVN,2008-12-31,3.6595057996331573
WDI:BM.GSR.INSF.ZS:SVN,2009-12-31,5.023932994212484
WDI:BM.GSR.INSF.ZS:SVN,2010-12-31,4.807869684496458
WDI:BM.GSR.INSF.ZS:SVN,2011-12-31,5.059631703536461
WDI:BM.GSR.INSF.ZS:SVN,2012-12-31,4.383166800414945
WDI:BM.GSR.INSF.ZS:SVN,2013-12-31,4.145270173689223
WDI:BM.GSR.INSF.ZS:SVN,2014-12-31,4.953690868407022
WDI:BM.GSR.INSF.ZS:SVN,2015-12-31,5.307947913043383
WDI:BM.GSR.INSF.ZS:SVN,2016-12-31,5.562968713569621
WDI:BM.GSR.INSF.ZS:SVN,2017-12-31,4.593402775415093
WDI:BM.GSR.INSF.ZS:SVN,2018-12-31,4.001302369985621
WDI:BM.GSR.INSF.ZS:SVN,2019-12-31,3.87684458869155
WDI:BM.GSR.INSF.ZS:SVN,2020-12-31,4.457851621024923
WDI:BM.GSR.INSF.ZS:SVN,2021-12-31,3.8875883640609334
WDI:BM.GSR.INSF.ZS:SVN,2022-12-31,3.2248521656010873
WDI:BM.GSR.INSF.ZS:SVN,2023-12-31,3.31235737270106
WDI:BM.GSR.INSF.ZS:SVN,2024-12-31,3.56629010016291
WDI:BM.GSR.INSF.ZS:SVN,2025-12-31,6.29170321405948
WDI:BM.GSR.INSF.ZS:SWE,1970-12-31,6.42002176278562
WDI:BM.GSR.INSF.ZS:SWE,1971-12-31,6.879361914257238
WDI:BM.GSR.INSF.ZS:SWE,1972-12-31,7.812499999999986
WDI:BM.GSR.INSF.ZS:SWE,1973-12-31,7.50825082508252
WDI:BM.GSR.INSF.ZS:SWE,1974-12-31,6.907477820025354
WDI:BM.GSR.INSF.ZS:SWE,1975-12-31,5.873579591664706
WDI:BM.GSR.INSF.ZS:SWE,1976-12-31,5.339994038762614
WDI:BM.GSR.INSF.ZS:SWE,1977-12-31,5.693147532501954
WDI:BM.GSR.INSF.ZS:SWE,1978-12-31,5.717262228337037
WDI:BM.GSR.INSF.ZS:SWE,1979-12-31,4.341196337288913
WDI:BM.GSR.INSF.ZS:SWE,1980-12-31,4.413337544194886
WDI:BM.GSR.INSF.ZS:SWE,1981-12-31,4.256989931091945
WDI:BM.GSR.INSF.ZS:SWE,1982-12-31,5.48042422198818
WDI:BM.GSR.INSF.ZS:SWE,1983-12-31,5.671666283761867
WDI:BM.GSR.INSF.ZS:SWE,1984-12-31,6.0003802610961685
WDI:BM.GSR.INSF.ZS:SWE,1985-12-31,5.417822426094996
WDI:BM.GSR.INSF.ZS:SWE,1986-12-31,6.175842356129603
WDI:BM.GSR.INSF.ZS:SWE,1987-12-31,7.2753502161291905
WDI:BM.GSR.INSF.ZS:SWE,1988-12-31,7.063342869873784
WDI:BM.GSR.INSF.ZS:SWE,1989-12-31,6.545406298336394
WDI:BM.GSR.INSF.ZS:SWE,1990-12-31,7.912772984744383
WDI:BM.GSR.INSF.ZS:SWE,1991-12-31,9.919773368458145
WDI:BM.GSR.INSF.ZS:SWE,1992-12-31,10.540090834513082
WDI:BM.GSR.INSF.ZS:SWE,1993-12-31,2.6507707871599786
WDI:BM.GSR.INSF.ZS:SWE,1994-12-31,2.529067692509999
WDI:BM.GSR.INSF.ZS:SWE,1995-12-31,1.4140099638647117
WDI:BM.GSR.INSF.ZS:SWE,1996-12-31,1.412648968303849
WDI:BM.GSR.INSF.ZS:SWE,1997-12-31,1.6085801417705894
WDI:BM.GSR.INSF.ZS:SWE,1998-12-31,2.4536447986648344
WDI:BM.GSR.INSF.ZS:SWE,1999-12-31,2.1860641286768523
WDI:BM.GSR.INSF.ZS:SWE,2000-12-31,3.1476152334176404
WDI:BM.GSR.INSF.ZS:SWE,2001-12-31,2.489642358215616
WDI:BM.GSR.INSF.ZS:SWE,2002-12-31,2.604908162752356
WDI:BM.GSR.INSF.ZS:SWE,2003-12-31,2.7737147504372244
WDI:BM.GSR.INSF.ZS:SWE,2004-12-31,2.295414524757345
WDI:BM.GSR.INSF.ZS:SWE,2005-12-31,3.1238977963285333
WDI:BM.GSR.INSF.ZS:SWE,2006-12-31,3.22456321811184
WDI:BM.GSR.INSF.ZS:SWE,2007-12-31,1.9198668705614208
WDI:BM.GSR.INSF.ZS:SWE,2008-12-31,1.8911430249844456
WDI:BM.GSR.INSF.ZS:SWE,2009-12-31,1.9582241471786208
WDI:BM.GSR.INSF.ZS:SWE,2010-12-31,1.7576867644004945
WDI:BM.GSR.INSF.ZS:SWE,2011-12-31,1.801629703411906
WDI:BM.GSR.INSF.ZS:SWE,2012-12-31,1.5945111071406934
WDI:BM.GSR.INSF.ZS:SWE,2013-12-31,2.986527427632595
WDI:BM.GSR.INSF.ZS:SWE,2014-12-31,3.012800774800469
WDI:BM.GSR.INSF.ZS:SWE,2015-12-31,3.429622806815586
WDI:BM.GSR.INSF.ZS:SWE,2016-12-31,3.4597801182301815
WDI:BM.GSR.INSF.ZS:SWE,2017-12-31,3.894222066771695
WDI:BM.GSR.INSF.ZS:SWE,2018-12-31,3.972100504882372
WDI:BM.GSR.INSF.ZS:SWE,2019-12-31,3.3515502025064507
WDI:BM.GSR.INSF.ZS:SWE,2020-12-31,3.421358748428418
WDI:BM.GSR.INSF.ZS:SWE,2021-12-31,3.2518644978653226
WDI:BM.GSR.INSF.ZS:SWE,2022-12-31,2.935470765289705
WDI:BM.GSR.INSF.ZS:SWE,2023-12-31,2.77419501932076
WDI:BM.GSR.INSF.ZS:SWE,2024-12-31,2.53352807587437
WDI:BM.GSR.INSF.ZS:SWE,2025-12-31,2.47443691275288
WDI:BM.GSR.INSF.ZS:SWZ,1974-12-31,0.8673469387755088
WDI:BM.GSR.INSF.ZS:SWZ,1975-12-31,2.6027397260273943
WDI:BM.GSR.INSF.ZS:SWZ,1976-12-31,4.0983606557377055
WDI:BM.GSR.INSF.ZS:SWZ,1977-12-31,4.074999999999999
WDI:BM.GSR.INSF.ZS:SWZ,1978-12-31,6.714801444043321
WDI:BM.GSR.INSF.ZS:SWZ,1979-12-31,1.854493580599146
WDI:BM.GSR.INSF.ZS:SWZ,1980-12-31,8.796147672552166
WDI:BM.GSR.INSF.ZS:SWZ,1981-12-31,6.289592760180984
WDI:BM.GSR.INSF.ZS:SWZ,1982-12-31,5.308747855917704
WDI:BM.GSR.INSF.ZS:SWZ,1983-12-31,6.9498069498069555
WDI:BM.GSR.INSF.ZS:SWZ,1984-12-31,6.645768025078374
WDI:BM.GSR.INSF.ZS:SWZ,1985-12-31,8.47372210223183
WDI:BM.GSR.INSF.ZS:SWZ,1986-12-31,9.236234458259323
WDI:BM.GSR.INSF.ZS:SWZ,1994-12-31,0.6676365638647589
WDI:BM.GSR.INSF.ZS:SWZ,1995-12-31,3.8054314801046756
WDI:BM.GSR.INSF.ZS:SWZ,1996-12-31,2.871103442992616
WDI:BM.GSR.INSF.ZS:SWZ,1997-12-31,2.7195318683247627
WDI:BM.GSR.INSF.ZS:SWZ,1998-12-31,2.356465057308695
WDI:BM.GSR.INSF.ZS:SWZ,1999-12-31,2.498512908785448
WDI:BM.GSR.INSF.ZS:SWZ,2000-12-31,1.613781252655462
WDI:BM.GSR.INSF.ZS:SWZ,2001-12-31,2.311642518864236
WDI:BM.GSR.INSF.ZS:SWZ,2002-12-31,5.318529291763266
WDI:BM.GSR.INSF.ZS:SWZ,2003-12-31,10.29812731184729
WDI:BM.GSR.INSF.ZS:SWZ,2004-12-31,27.75565259880323
WDI:BM.GSR.INSF.ZS:SWZ,2005-12-31,32.3089376375449
WDI:BM.GSR.INSF.ZS:SWZ,2006-12-31,16.95961618511623
WDI:BM.GSR.INSF.ZS:SWZ,2007-12-31,11.875967226299498
WDI:BM.GSR.INSF.ZS:SWZ,2008-12-31,1.3804049464394132
WDI:BM.GSR.INSF.ZS:SWZ,2009-12-31,5.375821487840106
WDI:BM.GSR.INSF.ZS:SWZ,2010-12-31,5.384881614039363
WDI:BM.GSR.INSF.ZS:SWZ,2011-12-31,2.6586869974314142
WDI:BM.GSR.INSF.ZS:SWZ,2012-12-31,5.991797128911103
WDI:BM.GSR.INSF.ZS:SWZ,2013-12-31,1.707294560579823
WDI:BM.GSR.INSF.ZS:SWZ,2014-12-31,5.5562390576726015
WDI:BM.GSR.INSF.ZS:SWZ,2015-12-31,1.6628181039594303
WDI:BM.GSR.INSF.ZS:SWZ,2016-12-31,2.8789503959508753
WDI:BM.GSR.INSF.ZS:SWZ,2017-12-31,1.994594241045004
WDI:BM.GSR.INSF.ZS:SWZ,2018-12-31,12.982583219775204
WDI:BM.GSR.INSF.ZS:SWZ,2019-12-31,2.9526184852138564
WDI:BM.GSR.INSF.ZS:SWZ,2020-12-31,1.645148749297323
WDI:BM.GSR.INSF.ZS:SWZ,2021-12-31,1.6391524115479512
WDI:BM.GSR.INSF.ZS:SWZ,2022-12-31,1.6146844876252504
WDI:BM.GSR.INSF.ZS:SWZ,2023-12-31,4.25180551160922
WDI:BM.GSR.INSF.ZS:SWZ,2024-12-31,1.40847368562873
WDI:BM.GSR.INSF.ZS:SXM,2011-12-31,2.7715197596921013
WDI:BM.GSR.INSF.ZS:SXM,2012-12-31,2.1258539483175616
WDI:BM.GSR.INSF.ZS:SXM,2013-12-31,2.788997066451258
WDI:BM.GSR.INSF.ZS:SXM,2014-12-31,4.719656612884669
WDI:BM.GSR.INSF.ZS:SXM,2015-12-31,3.258180648015934
WDI:BM.GSR.INSF.ZS:SXM,2016-12-31,3.769374340663793
WDI:BM.GSR.INSF.ZS:SXM,2017-12-31,2.441664891266963
WDI:BM.GSR.INSF.ZS:SXM,2018-12-31,5.098216292505097
WDI:BM.GSR.INSF.ZS:SXM,2019-12-31,3.774308658836413
WDI:BM.GSR.INSF.ZS:SXM,2020-12-31,6.814152406474017
WDI:BM.GSR.INSF.ZS:SXM,2021-12-31,3.616009053010761
WDI:BM.GSR.INSF.ZS:SXM,2022-12-31,2.723539554378676
WDI:BM.GSR.INSF.ZS:SXM,2023-12-31,2.00496316606121
WDI:BM.GSR.INSF.ZS:SYC,1976-12-31,5.443196004993797
WDI:BM.GSR.INSF.ZS:SYC,1977-12-31,3.162650602409636
WDI:BM.GSR.INSF.ZS:SYC,1978-12-31,3.3023735810113504
WDI:BM.GSR.INSF.ZS:SYC,1979-12-31,3.566272330742129
WDI:BM.GSR.INSF.ZS:SYC,1980-12-31,3.6944454831531206
WDI:BM.GSR.INSF.ZS:SYC,1981-12-31,3.45895729031086
WDI:BM.GSR.INSF.ZS:SYC,1982-12-31,3.5147223675049037
WDI:BM.GSR.INSF.ZS:SYC,1983-12-31,3.292736005187591
WDI:BM.GSR.INSF.ZS:SYC,1984-12-31,2.8251666274135707
WDI:BM.GSR.INSF.ZS:SYC,1985-12-31,2.5131221968540807
WDI:BM.GSR.INSF.ZS:SYC,1986-12-31,2.1230931313852506
WDI:BM.GSR.INSF.ZS:SYC,1987-12-31,2.0046467556217547
WDI:BM.GSR.INSF.ZS:SYC,1988-12-31,2.9264976879550524
WDI:BM.GSR.INSF.ZS:SYC,1989-12-31,7.665202139951973
WDI:BM.GSR.INSF.ZS:SYC,1990-12-31,6.976100573898401
WDI:BM.GSR.INSF.ZS:SYC,1991-12-31,8.507116467545647
WDI:BM.GSR.INSF.ZS:SYC,1992-12-31,7.908574751533831
WDI:BM.GSR.INSF.ZS:SYC,1993-12-31,8.524121013900245
WDI:BM.GSR.INSF.ZS:SYC,1994-12-31,7.920435623959325
WDI:BM.GSR.INSF.ZS:SYC,1995-12-31,8.2764962832401
WDI:BM.GSR.INSF.ZS:SYC,1996-12-31,8.162505409131603
WDI:BM.GSR.INSF.ZS:SYC,1997-12-31,11.801607527935696
WDI:BM.GSR.INSF.ZS:SYC,1998-12-31,10.021351085167145
WDI:BM.GSR.INSF.ZS:SYC,1999-12-31,2.9080126474713985
WDI:BM.GSR.INSF.ZS:SYC,2000-12-31,6.749695247444762
WDI:BM.GSR.INSF.ZS:SYC,2001-12-31,7.752691501205511
WDI:BM.GSR.INSF.ZS:SYC,2002-12-31,7.9175970497991095
WDI:BM.GSR.INSF.ZS:SYC,2003-12-31,7.398816404983243
WDI:BM.GSR.INSF.ZS:SYC,2004-12-31,8.082625745576658
WDI:BM.GSR.INSF.ZS:SYC,2005-12-31,8.4311195678188
WDI:BM.GSR.INSF.ZS:SYC,2006-12-31,8.968725809042573
WDI:BM.GSR.INSF.ZS:SYC,2007-12-31,5.368738639353532
WDI:BM.GSR.INSF.ZS:SYC,2008-12-31,4.929766947113863
WDI:BM.GSR.INSF.ZS:SYC,2009-12-31,4.788911536196562
WDI:BM.GSR.INSF.ZS:SYC,2010-12-31,5.152793936407937
WDI:BM.GSR.INSF.ZS:SYC,2011-12-31,2.0888016572330312
WDI:BM.GSR.INSF.ZS:SYC,2012-12-31,1.4987785122499278
WDI:BM.GSR.INSF.ZS:SYC,2013-12-31,2.0663955352411825
WDI:BM.GSR.INSF.ZS:SYC,2014-12-31,1.911442642031387
WDI:BM.GSR.INSF.ZS:SYC,2015-12-31,1.9888652425456774
WDI:BM.GSR.INSF.ZS:SYC,2016-12-31,1.547274407754374
WDI:BM.GSR.INSF.ZS:SYC,2017-12-31,1.4047302595501374
WDI:BM.GSR.INSF.ZS:SYC,2018-12-31,1.633103517371055
WDI:BM.GSR.INSF.ZS:SYC,2019-12-31,2.1062744940096394
WDI:BM.GSR.INSF.ZS:SYC,2020-12-31,3.266766740661687
WDI:BM.GSR.INSF.ZS:SYC,2021-12-31,2.455075268652409
WDI:BM.GSR.INSF.ZS:SYC,2022-12-31,2.779192422913947
WDI:BM.GSR.INSF.ZS:SYC,2023-12-31,2.82366789433285
WDI:BM.GSR.INSF.ZS:SYC,2024-12-31,2.92798357328851
WDI:BM.GSR.INSF.ZS:SYR,1977-12-31,4.94140157856972
WDI:BM.GSR.INSF.ZS:SYR,1978-12-31,4.437348981705212
WDI:BM.GSR.INSF.ZS:SYR,1979-12-31,4.644975427893577
WDI:BM.GSR.INSF.ZS:SYR,1980-12-31,2.1996161228406907
WDI:BM.GSR.INSF.ZS:SYR,1981-12-31,4.749969283695786
WDI:BM.GSR.INSF.ZS:SYR,1982-12-31,4.038309114927345
WDI:BM.GSR.INSF.ZS:SYR,1983-12-31,4.346298031865042
WDI:BM.GSR.INSF.ZS:SYR,1984-12-31,3.688569850911099
WDI:BM.GSR.INSF.ZS:SYR,1985-12-31,4.0092355053873785
WDI:BM.GSR.INSF.ZS:SYR,1986-12-31,3.15684029765312
WDI:BM.GSR.INSF.ZS:SYR,1987-12-31,3.861429192636614
WDI:BM.GSR.INSF.ZS:SYR,1988-12-31,3.8796354494028913
WDI:BM.GSR.INSF.ZS:SYR,1989-12-31,3.1739020696617866
WDI:BM.GSR.INSF.ZS:SYR,1990-12-31,3.4539952930628712
WDI:BM.GSR.INSF.ZS:SYR,1991-12-31,3.823206624763045
WDI:BM.GSR.INSF.ZS:SYR,1992-12-31,4.631158697032937
WDI:BM.GSR.INSF.ZS:SYR,2003-12-31,1.8272425249169437
WDI:BM.GSR.INSF.ZS:SYR,2004-12-31,2.8635346756152127
WDI:BM.GSR.INSF.ZS:SYR,2005-12-31,3.0945315811784653
WDI:BM.GSR.INSF.ZS:SYR,2006-12-31,14.682539682539684
WDI:BM.GSR.INSF.ZS:SYR,2007-12-31,9.041756761673092
WDI:BM.GSR.INSF.ZS:SYR,2008-12-31,7.725905592697126
WDI:BM.GSR.INSF.ZS:SYR,2009-12-31,4.887141370710393
WDI:BM.GSR.INSF.ZS:SYR,2010-12-31,3.8187311173136043
WDI:BM.GSR.INSF.ZS:TCA,2014-12-31,3.095078790912319
WDI:BM.GSR.INSF.ZS:TCA,2015-12-31,3.0829484699520933
WDI:BM.GSR.INSF.ZS:TCA,2016-12-31,7.392060566117261
WDI:BM.GSR.INSF.ZS:TCA,2017-12-31,9.220117300432227
WDI:BM.GSR.INSF.ZS:TCA,2018-12-31,10.116862909531186
WDI:BM.GSR.INSF.ZS:TCD,1977-12-31,5.595088161209084
WDI:BM.GSR.INSF.ZS:TCD,1978-12-31,5.276619286747829
WDI:BM.GSR.INSF.ZS:TCD,1979-12-31,0.08293736501079918
WDI:BM.GSR.INSF.ZS:TCD,1980-12-31,0.7117716073523686
WDI:BM.GSR.INSF.ZS:TCD,1981-12-31,0.8356343554715895
WDI:BM.GSR.INSF.ZS:TCD,1982-12-31,2.0666850372003327
WDI:BM.GSR.INSF.ZS:TCD,1983-12-31,4.1341764447299925
WDI:BM.GSR.INSF.ZS:TCD,1984-12-31,4.91831186320095
WDI:BM.GSR.INSF.ZS:TCD,1985-12-31,4.96672549984087
WDI:BM.GSR.INSF.ZS:TCD,1986-12-31,5.965563514055181
WDI:BM.GSR.INSF.ZS:TCD,1987-12-31,5.478291563713372
WDI:BM.GSR.INSF.ZS:TCD,1988-12-31,5.3837739569852605
WDI:BM.GSR.INSF.ZS:TCD,1989-12-31,5.73119933113364
WDI:BM.GSR.INSF.ZS:TCD,1990-12-31,4.345726702076284
WDI:BM.GSR.INSF.ZS:TCD,1991-12-31,6.97248019084946
WDI:BM.GSR.INSF.ZS:TCD,1992-12-31,4.877465026125062
WDI:BM.GSR.INSF.ZS:TCD,1993-12-31,4.906040167640561
WDI:BM.GSR.INSF.ZS:TCD,1994-12-31,1.3322855697666023
WDI:BM.GSR.INSF.ZS:TEA,1982-12-31,3.8754469673313006
WDI:BM.GSR.INSF.ZS:TEA,1983-12-31,4.340179255475256
WDI:BM.GSR.INSF.ZS:TEA,1984-12-31,3.925699801394328
WDI:BM.GSR.INSF.ZS:TEA,1985-12-31,3.1492051692036678
WDI:BM.GSR.INSF.ZS:TEA,1986-12-31,3.7999419141761326
WDI:BM.GSR.INSF.ZS:TEA,1987-12-31,4.401665315632592
WDI:BM.GSR.INSF.ZS:TEA,1988-12-31,4.747887729416837
WDI:BM.GSR.INSF.ZS:TEA,1989-12-31,4.484181294699313
WDI:BM.GSR.INSF.ZS:TEA,1990-12-31,4.004124991390372
WDI:BM.GSR.INSF.ZS:TEA,1991-12-31,4.494469457750704
WDI:BM.GSR.INSF.ZS:TEA,1992-12-31,4.020062608895102
WDI:BM.GSR.INSF.ZS:TEA,1993-12-31,3.706263713581092
WDI:BM.GSR.INSF.ZS:TEA,1994-12-31,6.41694327795442
WDI:BM.GSR.INSF.ZS:TEA,1995-12-31,8.849803773968945
WDI:BM.GSR.INSF.ZS:TEA,1996-12-31,2.7368108904101343
WDI:BM.GSR.INSF.ZS:TEA,1997-12-31,3.8205117341610406
WDI:BM.GSR.INSF.ZS:TEA,1998-12-31,4.73622931386504
WDI:BM.GSR.INSF.ZS:TEA,1999-12-31,4.662734042865529
WDI:BM.GSR.INSF.ZS:TEA,2000-12-31,4.862153058417833
WDI:BM.GSR.INSF.ZS:TEA,2001-12-31,5.0408706071104294
WDI:BM.GSR.INSF.ZS:TEA,2002-12-31,5.275357607537081
WDI:BM.GSR.INSF.ZS:TEA,2003-12-31,6.176435291722129
WDI:BM.GSR.INSF.ZS:TEA,2004-12-31,6.631576184780412
WDI:BM.GSR.INSF.ZS:TEA,2005-12-31,6.625903834443767
WDI:BM.GSR.INSF.ZS:TEA,2006-12-31,7.167725347542898
WDI:BM.GSR.INSF.ZS:TEA,2007-12-31,6.787313333258587
WDI:BM.GSR.INSF.ZS:TEA,2008-12-31,6.97212030695361
WDI:BM.GSR.INSF.ZS:TEA,2009-12-31,6.927375281487192
WDI:BM.GSR.INSF.ZS:TEA,2010-12-31,8.1128089536712
WDI:BM.GSR.INSF.ZS:TEA,2011-12-31,7.715974383289594
WDI:BM.GSR.INSF.ZS:TEA,2012-12-31,7.506460332961659
WDI:BM.GSR.INSF.ZS:TEA,2013-12-31,7.265513631713741
WDI:BM.GSR.INSF.ZS:TEA,2014-12-31,6.179693170405343
WDI:BM.GSR.INSF.ZS:TEA,2015-12-31,3.4194392848511073
WDI:BM.GSR.INSF.ZS:TEA,2016-12-31,4.047481925652174
WDI:BM.GSR.INSF.ZS:TEA,2017-12-31,3.6283821444170257
WDI:BM.GSR.INSF.ZS:TEA,2018-12-31,3.4770271770875483
WDI:BM.GSR.INSF.ZS:TEA,2019-12-31,3.6066067542870988
WDI:BM.GSR.INSF.ZS:TEA,2020-12-31,5.341089319987982
WDI:BM.GSR.INSF.ZS:TEA,2021-12-31,6.045601065026427
WDI:BM.GSR.INSF.ZS:TEA,2022-12-31,5.847637974381999
WDI:BM.GSR.INSF.ZS:TEA,2023-12-31,5.17596512641643
WDI:BM.GSR.INSF.ZS:TEA,2024-12-31,4.49190557352225
WDI:BM.GSR.INSF.ZS:TEA,2025-12-31,4.31340535303438
WDI:BM.GSR.INSF.ZS:TEC,1994-12-31,4.186090554685649
WDI:BM.GSR.INSF.ZS:TEC,1995-12-31,4.469019372883302
WDI:BM.GSR.INSF.ZS:TEC,1996-12-31,4.8871593352765785
WDI:BM.GSR.INSF.ZS:TEC,1997-12-31,5.8129286642740965
WDI:BM.GSR.INSF.ZS:TEC,1998-12-31,6.5839977543263
WDI:BM.GSR.INSF.ZS:TEC,1999-12-31,6.672801220688291
WDI:BM.GSR.INSF.ZS:TEC,2000-12-31,5.847025781685791
WDI:BM.GSR.INSF.ZS:TEC,2001-12-31,5.847805003369413
WDI:BM.GSR.INSF.ZS:TEC,2002-12-31,5.654990259783924
WDI:BM.GSR.INSF.ZS:TEC,2003-12-31,6.283438231072247
WDI:BM.GSR.INSF.ZS:TEC,2004-12-31,5.974021571528573
WDI:BM.GSR.INSF.ZS:TEC,2005-12-31,5.619938502171219
WDI:BM.GSR.INSF.ZS:TEC,2006-12-31,6.0102521637731785
WDI:BM.GSR.INSF.ZS:TEC,2007-12-31,6.554522687986111
WDI:BM.GSR.INSF.ZS:TEC,2008-12-31,6.423585363750447
WDI:BM.GSR.INSF.ZS:TEC,2009-12-31,6.688584841943895
WDI:BM.GSR.INSF.ZS:TEC,2010-12-31,6.329101664024312
WDI:BM.GSR.INSF.ZS:TEC,2011-12-31,6.093262609214366
WDI:BM.GSR.INSF.ZS:TEC,2012-12-31,5.570419692971011
WDI:BM.GSR.INSF.ZS:TEC,2013-12-31,5.494539360004186
WDI:BM.GSR.INSF.ZS:TEC,2014-12-31,5.311031011456396
WDI:BM.GSR.INSF.ZS:TEC,2015-12-31,5.899883256579387
WDI:BM.GSR.INSF.ZS:TEC,2016-12-31,5.581585506685757
WDI:BM.GSR.INSF.ZS:TEC,2017-12-31,5.145001056265765
WDI:BM.GSR.INSF.ZS:TEC,2018-12-31,4.650948605694884
WDI:BM.GSR.INSF.ZS:TEC,2019-12-31,4.52679034116139
WDI:BM.GSR.INSF.ZS:TEC,2020-12-31,5.979520222144644
WDI:BM.GSR.INSF.ZS:TEC,2021-12-31,5.506384529603307
WDI:BM.GSR.INSF.ZS:TEC,2022-12-31,4.575518121956962
WDI:BM.GSR.INSF.ZS:TEC,2023-12-31,4.44839670480409
WDI:BM.GSR.INSF.ZS:TEC,2024-12-31,4.63303255849272
WDI:BM.GSR.INSF.ZS:TGO,1974-12-31,8.552488589437067
WDI:BM.GSR.INSF.ZS:TGO,1975-12-31,7.237863749915598
WDI:BM.GSR.INSF.ZS:TGO,1976-12-31,7.231520223152025
WDI:BM.GSR.INSF.ZS:TGO,1977-12-31,7.150263739236283
WDI:BM.GSR.INSF.ZS:TGO,1978-12-31,7.7985136251032525
WDI:BM.GSR.INSF.ZS:TGO,1979-12-31,7.937790998448015
WDI:BM.GSR.INSF.ZS:TGO,1980-12-31,6.615581098339712
WDI:BM.GSR.INSF.ZS:TGO,1981-12-31,6.116685996671896
WDI:BM.GSR.INSF.ZS:TGO,1982-12-31,7.89279402223758
WDI:BM.GSR.INSF.ZS:TGO,1983-12-31,5.835673844233439
WDI:BM.GSR.INSF.ZS:TGO,1984-12-31,7.308200386139646
WDI:BM.GSR.INSF.ZS:TGO,1985-12-31,4.047414011448257
WDI:BM.GSR.INSF.ZS:TGO,1986-12-31,8.036537333445061
WDI:BM.GSR.INSF.ZS:TGO,1987-12-31,7.349605606147774
WDI:BM.GSR.INSF.ZS:TGO,1988-12-31,6.670244704224873
WDI:BM.GSR.INSF.ZS:TGO,1989-12-31,4.586274792296977
WDI:BM.GSR.INSF.ZS:TGO,1990-12-31,8.111768157811573
WDI:BM.GSR.INSF.ZS:TGO,1991-12-31,6.834336379622052
WDI:BM.GSR.INSF.ZS:TGO,1992-12-31,10.245353159851287
WDI:BM.GSR.INSF.ZS:TGO,1993-12-31,12.23905260258883
WDI:BM.GSR.INSF.ZS:TGO,1994-12-31,6.518646259969812
WDI:BM.GSR.INSF.ZS:TGO,1995-12-31,3.9859491632921844
WDI:BM.GSR.INSF.ZS:TGO,1996-12-31,12.206272020499119
WDI:BM.GSR.INSF.ZS:TGO,1997-12-31,9.1173499066222
WDI:BM.GSR.INSF.ZS:TGO,1998-12-31,15.795868772782512
WDI:BM.GSR.INSF.ZS:TGO,1999-12-31,13.892170884895272
WDI:BM.GSR.INSF.ZS:TGO,2000-12-31,14.359213102229852
WDI:BM.GSR.INSF.ZS:TGO,2001-12-31,15.141299896033471
WDI:BM.GSR.INSF.ZS:TGO,2002-12-31,13.23657558916363
WDI:BM.GSR.INSF.ZS:TGO,2003-12-31,11.728395061728415
WDI:BM.GSR.INSF.ZS:TGO,2004-12-31,11.292759125242233
WDI:BM.GSR.INSF.ZS:TGO,2005-12-31,13.214066278100356
WDI:BM.GSR.INSF.ZS:TGO,2006-12-31,12.76634255471651
WDI:BM.GSR.INSF.ZS:TGO,2007-12-31,11.242870316609189
WDI:BM.GSR.INSF.ZS:TGO,2008-12-31,10.156055707535439
WDI:BM.GSR.INSF.ZS:TGO,2009-12-31,9.20555880562172
WDI:BM.GSR.INSF.ZS:TGO,2010-12-31,10.72397850805947
WDI:BM.GSR.INSF.ZS:TGO,2011-12-31,9.887875852996656
WDI:BM.GSR.INSF.ZS:TGO,2012-12-31,9.706917568549876
WDI:BM.GSR.INSF.ZS:TGO,2013-12-31,9.11098459399839
WDI:BM.GSR.INSF.ZS:TGO,2014-12-31,10.503202881010216
WDI:BM.GSR.INSF.ZS:TGO,2015-12-31,10.85959374156132
WDI:BM.GSR.INSF.ZS:TGO,2016-12-31,10.7367018705234
WDI:BM.GSR.INSF.ZS:TGO,2017-12-31,10.964203183336922
WDI:BM.GSR.INSF.ZS:TGO,2018-12-31,11.045787284025979
WDI:BM.GSR.INSF.ZS:TGO,2019-12-31,10.89233554433152
WDI:BM.GSR.INSF.ZS:TGO,2020-12-31,12.081658927699104
WDI:BM.GSR.INSF.ZS:THA,1975-12-31,5.193283873486916
WDI:BM.GSR.INSF.ZS:THA,1976-12-31,4.857742231545809
WDI:BM.GSR.INSF.ZS:THA,1977-12-31,5.711138168956915
WDI:BM.GSR.INSF.ZS:THA,1978-12-31,5.622514687100835
WDI:BM.GSR.INSF.ZS:THA,1979-12-31,5.803503948997313
WDI:BM.GSR.INSF.ZS:THA,1980-12-31,5.921499811587757
WDI:BM.GSR.INSF.ZS:THA,1981-12-31,5.797784964463289
WDI:BM.GSR.INSF.ZS:THA,1982-12-31,5.444389079751404
WDI:BM.GSR.INSF.ZS:THA,1983-12-31,5.660334381121602
WDI:BM.GSR.INSF.ZS:THA,1984-12-31,5.630515838898635
WDI:BM.GSR.INSF.ZS:THA,1985-12-31,5.33742310622273
WDI:BM.GSR.INSF.ZS:THA,1986-12-31,5.22922428925913
WDI:BM.GSR.INSF.ZS:THA,1987-12-31,5.694423081428396
WDI:BM.GSR.INSF.ZS:THA,1988-12-31,5.741730386997155
WDI:BM.GSR.INSF.ZS:THA,1989-12-31,5.750413160091655
WDI:BM.GSR.INSF.ZS:THA,1990-12-31,5.325728511169045
WDI:BM.GSR.INSF.ZS:THA,1991-12-31,4.84051305647967
WDI:BM.GSR.INSF.ZS:THA,1992-12-31,5.485537595506618
WDI:BM.GSR.INSF.ZS:THA,1993-12-31,4.926457760173778
WDI:BM.GSR.INSF.ZS:THA,1994-12-31,4.912947836312867
WDI:BM.GSR.INSF.ZS:THA,1995-12-31,5.104087369419854
WDI:BM.GSR.INSF.ZS:THA,1996-12-31,4.902330322525308
WDI:BM.GSR.INSF.ZS:THA,1997-12-31,5.13940623708675
WDI:BM.GSR.INSF.ZS:THA,1998-12-31,4.932402325857979
WDI:BM.GSR.INSF.ZS:THA,1999-12-31,4.818595194075504
WDI:BM.GSR.INSF.ZS:THA,2000-12-31,5.181206509851977
WDI:BM.GSR.INSF.ZS:THA,2001-12-31,5.503316607815552
WDI:BM.GSR.INSF.ZS:THA,2002-12-31,5.817222108695926
WDI:BM.GSR.INSF.ZS:THA,2003-12-31,6.193642026178641
WDI:BM.GSR.INSF.ZS:THA,2004-12-31,5.5918541779896715
WDI:BM.GSR.INSF.ZS:THA,2005-12-31,5.901924046419481
WDI:BM.GSR.INSF.ZS:THA,2006-12-31,5.602296465982419
WDI:BM.GSR.INSF.ZS:THA,2007-12-31,4.850247890468527
WDI:BM.GSR.INSF.ZS:THA,2008-12-31,4.85809620410714
WDI:BM.GSR.INSF.ZS:THA,2009-12-31,5.287796988072606
WDI:BM.GSR.INSF.ZS:THA,2010-12-31,5.233724481200625
WDI:BM.GSR.INSF.ZS:THA,2011-12-31,5.410196520747636
WDI:BM.GSR.INSF.ZS:THA,2012-12-31,6.260598949050151
WDI:BM.GSR.INSF.ZS:THA,2013-12-31,5.970745602956011
WDI:BM.GSR.INSF.ZS:THA,2014-12-31,5.577127178329021
WDI:BM.GSR.INSF.ZS:THA,2015-12-31,5.320537699430849
WDI:BM.GSR.INSF.ZS:THA,2016-12-31,4.80111543142001
WDI:BM.GSR.INSF.ZS:THA,2017-12-31,6.004078287384142
WDI:BM.GSR.INSF.ZS:THA,2018-12-31,6.074335220575873
WDI:BM.GSR.INSF.ZS:THA,2019-12-31,6.2650881332777075
WDI:BM.GSR.INSF.ZS:THA,2020-12-31,7.459598346689297
WDI:BM.GSR.INSF.ZS:THA,2021-12-31,6.080591252751985
WDI:BM.GSR.INSF.ZS:THA,2022-12-31,6.166896950930858
WDI:BM.GSR.INSF.ZS:THA,2023-12-31,7.33364309588611
WDI:BM.GSR.INSF.ZS:THA,2024-12-31,6.98926331354255
WDI:BM.GSR.INSF.ZS:THA,2025-12-31,7.05928702222098
WDI:BM.GSR.INSF.ZS:TJK,2002-12-31,6.216002067169665
WDI:BM.GSR.INSF.ZS:TJK,2003-12-31,7.42291606155031
WDI:BM.GSR.INSF.ZS:TJK,2004-12-31,7.8157929778977735
WDI:BM.GSR.INSF.ZS:TJK,2005-12-31,7.303226862379278
WDI:BM.GSR.INSF.ZS:TJK,2006-12-31,14.010566530151275
WDI:BM.GSR.INSF.ZS:TJK,2007-12-31,4.743763474119793
WDI:BM.GSR.INSF.ZS:TJK,2008-12-31,10.69213088703639
WDI:BM.GSR.INSF.ZS:TJK,2009-12-31,10.598141822957288
WDI:BM.GSR.INSF.ZS:TJK,2010-12-31,1.843318313229993
WDI:BM.GSR.INSF.ZS:TJK,2011-12-31,1.6732832097010566
WDI:BM.GSR.INSF.ZS:TJK,2012-12-31,2.1089740555808154
WDI:BM.GSR.INSF.ZS:TJK,2013-12-31,22.956336981004224
WDI:BM.GSR.INSF.ZS:TJK,2014-12-31,1.9176223611417458
WDI:BM.GSR.INSF.ZS:TJK,2015-12-31,0.6783526148603491
WDI:BM.GSR.INSF.ZS:TJK,2016-12-31,0.7493712662608045
WDI:BM.GSR.INSF.ZS:TJK,2017-12-31,3.044706847739491
WDI:BM.GSR.INSF.ZS:TJK,2018-12-31,5.129558129880813
WDI:BM.GSR.INSF.ZS:TJK,2019-12-31,1.6434967665263498
WDI:BM.GSR.INSF.ZS:TJK,2020-12-31,0.4969175602313736
WDI:BM.GSR.INSF.ZS:TJK,2021-12-31,1.356948159461989
WDI:BM.GSR.INSF.ZS:TJK,2022-12-31,2.1827300812710635
WDI:BM.GSR.INSF.ZS:TJK,2023-12-31,7.6209432485439
WDI:BM.GSR.INSF.ZS:TJK,2024-12-31,14.3120778050323
WDI:BM.GSR.INSF.ZS:TJK,2025-12-31,19.129145287774
WDI:BM.GSR.INSF.ZS:TLA,1979-12-31,5.695031460951812
WDI:BM.GSR.INSF.ZS:TLA,1980-12-31,6.051686953089711
WDI:BM.GSR.INSF.ZS:TLA,1981-12-31,6.182038950085305
WDI:BM.GSR.INSF.ZS:TLA,1982-12-31,6.347909095060058
WDI:BM.GSR.INSF.ZS:TLA,1983-12-31,6.231865659171091
WDI:BM.GSR.INSF.ZS:TLA,1984-12-31,7.001375551548769
WDI:BM.GSR.INSF.ZS:TLA,1985-12-31,7.046262194261114
WDI:BM.GSR.INSF.ZS:TLA,1986-12-31,6.924584105972631
WDI:BM.GSR.INSF.ZS:TLA,1987-12-31,7.677860622550757
WDI:BM.GSR.INSF.ZS:TLA,1988-12-31,7.1321509521362945
WDI:BM.GSR.INSF.ZS:TLA,1989-12-31,6.244443994745834
WDI:BM.GSR.INSF.ZS:TLA,1990-12-31,5.633545104615739
WDI:BM.GSR.INSF.ZS:TLA,1991-12-31,5.383320065100697
WDI:BM.GSR.INSF.ZS:TLA,1992-12-31,4.721790675300969
WDI:BM.GSR.INSF.ZS:TLA,1993-12-31,7.14873935713487
WDI:BM.GSR.INSF.ZS:TLA,1994-12-31,6.514218655211831
WDI:BM.GSR.INSF.ZS:TLA,1995-12-31,8.164002724544355
WDI:BM.GSR.INSF.ZS:TLA,1996-12-31,11.497509714704542
WDI:BM.GSR.INSF.ZS:TLA,1997-12-31,13.560943925891133
WDI:BM.GSR.INSF.ZS:TLA,1998-12-31,7.549759232285704
WDI:BM.GSR.INSF.ZS:TLA,1999-12-31,7.73215167355313
WDI:BM.GSR.INSF.ZS:TLA,2000-12-31,8.401913662304008
WDI:BM.GSR.INSF.ZS:TLA,2001-12-31,9.107959318655757
WDI:BM.GSR.INSF.ZS:TLA,2002-12-31,11.042164819249397
WDI:BM.GSR.INSF.ZS:TLA,2003-12-31,11.29475166486819
WDI:BM.GSR.INSF.ZS:TLA,2004-12-31,10.067803896703696
WDI:BM.GSR.INSF.ZS:TLA,2005-12-31,9.782569271334706
WDI:BM.GSR.INSF.ZS:TLA,2006-12-31,9.557766251408404
WDI:BM.GSR.INSF.ZS:TLA,2007-12-31,9.668634377009123
WDI:BM.GSR.INSF.ZS:TLA,2008-12-31,9.023127086489051
WDI:BM.GSR.INSF.ZS:TLA,2009-12-31,10.45115338322144
WDI:BM.GSR.INSF.ZS:TLA,2010-12-31,8.906665391209328
WDI:BM.GSR.INSF.ZS:TLA,2011-12-31,8.973882598466586
WDI:BM.GSR.INSF.ZS:TLA,2012-12-31,8.353675455681987
WDI:BM.GSR.INSF.ZS:TLA,2013-12-31,8.649007413693187
WDI:BM.GSR.INSF.ZS:TLA,2014-12-31,7.935275522861594
WDI:BM.GSR.INSF.ZS:TLA,2015-12-31,8.579430163552232
WDI:BM.GSR.INSF.ZS:TLA,2016-12-31,8.44098764815962
WDI:BM.GSR.INSF.ZS:TLA,2017-12-31,8.568655243180428
WDI:BM.GSR.INSF.ZS:TLA,2018-12-31,8.713470606944535
WDI:BM.GSR.INSF.ZS:TLA,2019-12-31,9.701365340430504
WDI:BM.GSR.INSF.ZS:TLA,2020-12-31,12.501933002761355
WDI:BM.GSR.INSF.ZS:TLA,2021-12-31,11.115000436463143
WDI:BM.GSR.INSF.ZS:TLA,2022-12-31,9.420103728938491
WDI:BM.GSR.INSF.ZS:TLA,2023-12-31,9.60258805931513
WDI:BM.GSR.INSF.ZS:TLA,2024-12-31,9.64820369575203
WDI:BM.GSR.INSF.ZS:TLA,2025-12-31,8.71516500173875
WDI:BM.GSR.INSF.ZS:TLS,2006-12-31,2.111370805052945
WDI:BM.GSR.INSF.ZS:TLS,2007-12-31,2.9743485371870806
WDI:BM.GSR.INSF.ZS:TLS,2008-12-31,4.617527506338501
WDI:BM.GSR.INSF.ZS:TLS,2009-12-31,1.2687832645631563
WDI:BM.GSR.INSF.ZS:TLS,2010-12-31,1.033220602678717
WDI:BM.GSR.INSF.ZS:TLS,2011-12-31,1.0562847986101411
WDI:BM.GSR.INSF.ZS:TLS,2012-12-31,1.3263862432297193
WDI:BM.GSR.INSF.ZS:TLS,2013-12-31,3.2866161376445784
WDI:BM.GSR.INSF.ZS:TLS,2014-12-31,2.0580549330461255
WDI:BM.GSR.INSF.ZS:TLS,2015-12-31,4.534256901863236
WDI:BM.GSR.INSF.ZS:TLS,2016-12-31,4.049603878736115
WDI:BM.GSR.INSF.ZS:TLS,2017-12-31,6.2035172675947265
WDI:BM.GSR.INSF.ZS:TLS,2018-12-31,5.875789296733878
WDI:BM.GSR.INSF.ZS:TLS,2019-12-31,4.726862778394474
WDI:BM.GSR.INSF.ZS:TLS,2020-12-31,2.457388126452803
WDI:BM.GSR.INSF.ZS:TLS,2021-12-31,4.289915600109376
WDI:BM.GSR.INSF.ZS:TLS,2022-12-31,5.7917159866806855
WDI:BM.GSR.INSF.ZS:TLS,2023-12-31,7.73661332435068
WDI:BM.GSR.INSF.ZS:TLS,2024-12-31,12.3480435502189
WDI:BM.GSR.INSF.ZS:TLS,2025-12-31,11.8687900668528
WDI:BM.GSR.INSF.ZS:TMN,1977-12-31,3.4418098246617346
WDI:BM.GSR.INSF.ZS:TMN,1978-12-31,3.0664018551772076
WDI:BM.GSR.INSF.ZS:TMN,1979-12-31,3.7152170038044106
WDI:BM.GSR.INSF.ZS:TMN,1980-12-31,5.27630342765098
WDI:BM.GSR.INSF.ZS:TMN,1981-12-31,5.278049915203997
WDI:BM.GSR.INSF.ZS:TMN,1982-12-31,5.136763567615909
WDI:BM.GSR.INSF.ZS:TMN,1983-12-31,5.897079423965129
WDI:BM.GSR.INSF.ZS:TMN,1984-12-31,5.518815873109131
WDI:BM.GSR.INSF.ZS:TMN,1985-12-31,5.094824691390857
WDI:BM.GSR.INSF.ZS:TMN,1986-12-31,5.356602964910781
WDI:BM.GSR.INSF.ZS:TMN,1987-12-31,5.735907128802332
WDI:BM.GSR.INSF.ZS:TMN,1988-12-31,5.058441625577117
WDI:BM.GSR.INSF.ZS:TMN,1989-12-31,4.804820007877384
WDI:BM.GSR.INSF.ZS:TMN,1990-12-31,5.4415300226373216
WDI:BM.GSR.INSF.ZS:TMN,1991-12-31,6.0252241934980315
WDI:BM.GSR.INSF.ZS:TMN,2005-12-31,6.750639467673053
WDI:BM.GSR.INSF.ZS:TMN,2006-12-31,7.082881005796793
WDI:BM.GSR.INSF.ZS:TMN,2007-12-31,7.170834852125413
WDI:BM.GSR.INSF.ZS:TMN,2008-12-31,7.399993820535439
WDI:BM.GSR.INSF.ZS:TMN,2009-12-31,7.818666400820274
WDI:BM.GSR.INSF.ZS:TMN,2010-12-31,9.490864081782325
WDI:BM.GSR.INSF.ZS:TMN,2011-12-31,9.042249169453223
WDI:BM.GSR.INSF.ZS:TMN,2012-12-31,10.69490510244131
WDI:BM.GSR.INSF.ZS:TMN,2013-12-31,10.925211909422352
WDI:BM.GSR.INSF.ZS:TMN,2014-12-31,11.588481549829433
WDI:BM.GSR.INSF.ZS:TMN,2015-12-31,11.585950693737548
WDI:BM.GSR.INSF.ZS:TMN,2016-12-31,10.17726509047495
WDI:BM.GSR.INSF.ZS:TMN,2017-12-31,10.331888922837384
WDI:BM.GSR.INSF.ZS:TMN,2018-12-31,10.236116111613404
WDI:BM.GSR.INSF.ZS:TMN,2019-12-31,11.26161458741583
WDI:BM.GSR.INSF.ZS:TMN,2020-12-31,12.363133125839688
WDI:BM.GSR.INSF.ZS:TMN,2021-12-31,10.950063462592222
WDI:BM.GSR.INSF.ZS:TMN,2022-12-31,10.295508198550008
WDI:BM.GSR.INSF.ZS:TMN,2023-12-31,11.355567098474
WDI:BM.GSR.INSF.ZS:TMN,2024-12-31,10.6771925131968
WDI:BM.GSR.INSF.ZS:TON,1971-12-31,7.901840490797548
WDI:BM.GSR.INSF.ZS:TON,1972-12-31,6.422976501305487
WDI:BM.GSR.INSF.ZS:TON,1973-12-31,6.384395813510947
WDI:BM.GSR.INSF.ZS:TON,1974-12-31,6.365671641791016
WDI:BM.GSR.INSF.ZS:TON,1975-12-31,6.843325604504797
WDI:BM.GSR.INSF.ZS:TON,1976-12-31,5.313283208020046
WDI:BM.GSR.INSF.ZS:TON,1977-12-31,4.263237518910748
WDI:BM.GSR.INSF.ZS:TON,1978-12-31,6.044201373099439
WDI:BM.GSR.INSF.ZS:TON,1979-12-31,6.713435589291569
WDI:BM.GSR.INSF.ZS:TON,1980-12-31,4.4374287910093875
WDI:BM.GSR.INSF.ZS:TON,1981-12-31,6.22062642098693
WDI:BM.GSR.INSF.ZS:TON,1982-12-31,5.976423197481369
WDI:BM.GSR.INSF.ZS:TON,1983-12-31,4.40507307821491
WDI:BM.GSR.INSF.ZS:TON,1984-12-31,3.76343040577301
WDI:BM.GSR.INSF.ZS:TON,1985-12-31,2.97296461847434
WDI:BM.GSR.INSF.ZS:TON,1986-12-31,4.726607237282802
WDI:BM.GSR.INSF.ZS:TON,1987-12-31,4.244964488742554
WDI:BM.GSR.INSF.ZS:TON,1988-12-31,3.761567392251852
WDI:BM.GSR.INSF.ZS:TON,1989-12-31,4.447384620411043
WDI:BM.GSR.INSF.ZS:TON,1990-12-31,4.58919585021531
WDI:BM.GSR.INSF.ZS:TON,1991-12-31,4.7540009484777785
WDI:BM.GSR.INSF.ZS:TON,1992-12-31,4.791611349420189
WDI:BM.GSR.INSF.ZS:TON,1993-12-31,5.691588464510285
WDI:BM.GSR.INSF.ZS:TON,1994-12-31,5.065889205245163
WDI:BM.GSR.INSF.ZS:TON,2003-12-31,1.3731693637766444
WDI:BM.GSR.INSF.ZS:TON,2004-12-31,6.233283421324652
WDI:BM.GSR.INSF.ZS:TON,2005-12-31,8.295953129390647
WDI:BM.GSR.INSF.ZS:TON,2006-12-31,8.098694229048006
WDI:BM.GSR.INSF.ZS:TON,2007-12-31,8.169784666216918
WDI:BM.GSR.INSF.ZS:TON,2008-12-31,4.990697625127333
WDI:BM.GSR.INSF.ZS:TON,2009-12-31,5.77952129557734
WDI:BM.GSR.INSF.ZS:TON,2010-12-31,4.63604369926023
WDI:BM.GSR.INSF.ZS:TON,2011-12-31,5.492350459285935
WDI:BM.GSR.INSF.ZS:TON,2012-12-31,6.978612478063807
WDI:BM.GSR.INSF.ZS:TON,2013-12-31,7.125899827868001
WDI:BM.GSR.INSF.ZS:TON,2014-12-31,6.905289419649304
WDI:BM.GSR.INSF.ZS:TON,2015-12-31,1.6345504287035135
WDI:BM.GSR.INSF.ZS:TON,2016-12-31,2.0476516835450798
WDI:BM.GSR.INSF.ZS:TON,2017-12-31,1.442225447289188
WDI:BM.GSR.INSF.ZS:TON,2018-12-31,1.5039401987658114
WDI:BM.GSR.INSF.ZS:TON,2019-12-31,1.1884341347057994
WDI:BM.GSR.INSF.ZS:TON,2020-12-31,1.2796168819923515
WDI:BM.GSR.INSF.ZS:TON,2021-12-31,1.6419540370882495
WDI:BM.GSR.INSF.ZS:TON,2022-12-31,1.016386705089526
WDI:BM.GSR.INSF.ZS:TON,2023-12-31,2.20454256009721
WDI:BM.GSR.INSF.ZS:TON,2024-12-31,2.68735715593221
WDI:BM.GSR.INSF.ZS:TSA,1975-12-31,5.834593671848425
WDI:BM.GSR.INSF.ZS:TSA,1976-12-31,5.084000064873651
WDI:BM.GSR.INSF.ZS:TSA,1977-12-31,5.285333384367231
WDI:BM.GSR.INSF.ZS:TSA,1978-12-31,5.60294809512425
WDI:BM.GSR.INSF.ZS:TSA,1979-12-31,5.353611645207279
WDI:BM.GSR.INSF.ZS:TSA,1980-12-31,5.342802767832169
WDI:BM.GSR.INSF.ZS:TSA,1981-12-31,5.023228293258266
WDI:BM.GSR.INSF.ZS:TSA,1982-12-31,4.8356626407990095
WDI:BM.GSR.INSF.ZS:TSA,1983-12-31,4.585444783620149
WDI:BM.GSR.INSF.ZS:TSA,1984-12-31,4.952799868145782
WDI:BM.GSR.INSF.ZS:TSA,1985-12-31,4.903585477696613
WDI:BM.GSR.INSF.ZS:TSA,1986-12-31,5.090589208124931
WDI:BM.GSR.INSF.ZS:TSA,1987-12-31,4.74123869375516
WDI:BM.GSR.INSF.ZS:TSA,1988-12-31,5.142278928286458
WDI:BM.GSR.INSF.ZS:TSA,1989-12-31,5.588384225915631
WDI:BM.GSR.INSF.ZS:TSA,1990-12-31,5.614401458094605
WDI:BM.GSR.INSF.ZS:TSA,1991-12-31,5.656758242039366
WDI:BM.GSR.INSF.ZS:TSA,1992-12-31,5.716598395772484
WDI:BM.GSR.INSF.ZS:TSA,1993-12-31,6.247892818592205
WDI:BM.GSR.INSF.ZS:TSA,1994-12-31,5.738725469770195
WDI:BM.GSR.INSF.ZS:TSA,1995-12-31,5.237410228545479
WDI:BM.GSR.INSF.ZS:TSA,1996-12-31,5.596685257254223
WDI:BM.GSR.INSF.ZS:TSA,1997-12-31,5.521102345615041
WDI:BM.GSR.INSF.ZS:TSA,1998-12-31,4.696290673744885
WDI:BM.GSR.INSF.ZS:TSA,1999-12-31,3.973300081499456
WDI:BM.GSR.INSF.ZS:TSA,2000-12-31,10.235939987267562
WDI:BM.GSR.INSF.ZS:TSA,2001-12-31,13.13076611404351
WDI:BM.GSR.INSF.ZS:TSA,2002-12-31,10.411955916768298
WDI:BM.GSR.INSF.ZS:TSA,2003-12-31,6.601347970332028
WDI:BM.GSR.INSF.ZS:TSA,2004-12-31,7.071470632055555
WDI:BM.GSR.INSF.ZS:TSA,2005-12-31,6.734300584999547
WDI:BM.GSR.INSF.ZS:TSA,2006-12-31,7.778180552469433
WDI:BM.GSR.INSF.ZS:TSA,2007-12-31,8.830827366308007
WDI:BM.GSR.INSF.ZS:TSA,2008-12-31,7.751549161233308
WDI:BM.GSR.INSF.ZS:TSA,2009-12-31,8.790082932955187
WDI:BM.GSR.INSF.ZS:TSA,2010-12-31,9.696951524927407
WDI:BM.GSR.INSF.ZS:TSA,2011-12-31,11.497718486937368
WDI:BM.GSR.INSF.ZS:TSA,2012-12-31,8.333814121616914
WDI:BM.GSR.INSF.ZS:TSA,2013-12-31,8.819473853650827
WDI:BM.GSR.INSF.ZS:TSA,2014-12-31,6.977023399748986
WDI:BM.GSR.INSF.ZS:TSA,2015-12-31,5.490856689782743
WDI:BM.GSR.INSF.ZS:TSA,2016-12-31,7.065985364299476
WDI:BM.GSR.INSF.ZS:TSA,2017-12-31,7.309864207585264
WDI:BM.GSR.INSF.ZS:TSA,2018-12-31,5.555765191330668
WDI:BM.GSR.INSF.ZS:TSA,2019-12-31,4.077841693928523
WDI:BM.GSR.INSF.ZS:TSA,2020-12-31,5.92841439375771
WDI:BM.GSR.INSF.ZS:TSA,2021-12-31,5.799396619823505
WDI:BM.GSR.INSF.ZS:TSA,2022-12-31,4.85241511326609
WDI:BM.GSR.INSF.ZS:TSA,2023-12-31,4.37052652307053
WDI:BM.GSR.INSF.ZS:TSA,2024-12-31,3.97116114611377
WDI:BM.GSR.INSF.ZS:TSA,2025-12-31,3.09222847527391
WDI:BM.GSR.INSF.ZS:TSS,1977-12-31,6.394298301450046
WDI:BM.GSR.INSF.ZS:TSS,1978-12-31,6.925375349523634
WDI:BM.GSR.INSF.ZS:TSS,1979-12-31,6.552290945007041
WDI:BM.GSR.INSF.ZS:TSS,1980-12-31,5.977342255560614
WDI:BM.GSR.INSF.ZS:TSS,1981-12-31,6.457874564536002
WDI:BM.GSR.INSF.ZS:TSS,1982-12-31,6.285059441558595
WDI:BM.GSR.INSF.ZS:TSS,1983-12-31,7.0005754401464575
WDI:BM.GSR.INSF.ZS:TSS,1984-12-31,6.823128598649719
WDI:BM.GSR.INSF.ZS:TSS,1985-12-31,6.286356327621007
WDI:BM.GSR.INSF.ZS:TSS,1986-12-31,6.721017224565949
WDI:BM.GSR.INSF.ZS:TSS,1987-12-31,6.340470523521619
WDI:BM.GSR.INSF.ZS:TSS,1988-12-31,5.614064400286552
WDI:BM.GSR.INSF.ZS:TSS,1989-12-31,5.398757500999706
WDI:BM.GSR.INSF.ZS:TSS,1990-12-31,5.682573511384015
WDI:BM.GSR.INSF.ZS:TSS,1991-12-31,4.969288303693724
WDI:BM.GSR.INSF.ZS:TSS,1992-12-31,5.409478415743091
WDI:BM.GSR.INSF.ZS:TSS,1993-12-31,5.077414500721516
WDI:BM.GSR.INSF.ZS:TSS,1994-12-31,5.161628620661288
WDI:BM.GSR.INSF.ZS:TSS,1995-12-31,7.244511534696444
WDI:BM.GSR.INSF.ZS:TSS,1996-12-31,5.518023367010153
WDI:BM.GSR.INSF.ZS:TSS,1997-12-31,5.808701881002444
WDI:BM.GSR.INSF.ZS:TSS,1998-12-31,5.58396902284856
WDI:BM.GSR.INSF.ZS:TSS,1999-12-31,4.958224367936633
WDI:BM.GSR.INSF.ZS:TSS,2000-12-31,4.604863303361774
WDI:BM.GSR.INSF.ZS:TSS,2001-12-31,4.626937403465165
WDI:BM.GSR.INSF.ZS:TSS,2002-12-31,4.359297405139435
WDI:BM.GSR.INSF.ZS:TSS,2003-12-31,5.697429073548634
WDI:BM.GSR.INSF.ZS:TSS,2004-12-31,5.750891905641293
WDI:BM.GSR.INSF.ZS:TSS,2005-12-31,5.1302285474843625
WDI:BM.GSR.INSF.ZS:TSS,2006-12-31,4.863808627914831
WDI:BM.GSR.INSF.ZS:TSS,2007-12-31,4.227768114307616
WDI:BM.GSR.INSF.ZS:TSS,2008-12-31,5.72894100422189
WDI:BM.GSR.INSF.ZS:TSS,2009-12-31,4.164216538664036
WDI:BM.GSR.INSF.ZS:TSS,2010-12-31,4.616566293067205
WDI:BM.GSR.INSF.ZS:TSS,2011-12-31,4.311886642552778
WDI:BM.GSR.INSF.ZS:TSS,2012-12-31,4.489742846154019
WDI:BM.GSR.INSF.ZS:TSS,2013-12-31,4.765434564351837
WDI:BM.GSR.INSF.ZS:TSS,2014-12-31,4.8541193852630595
WDI:BM.GSR.INSF.ZS:TSS,2015-12-31,5.1926914269200815
WDI:BM.GSR.INSF.ZS:TSS,2016-12-31,5.439221365944299
WDI:BM.GSR.INSF.ZS:TSS,2017-12-31,6.016041128989967
WDI:BM.GSR.INSF.ZS:TSS,2018-12-31,5.13001430733592
WDI:BM.GSR.INSF.ZS:TSS,2019-12-31,4.747023606084172
WDI:BM.GSR.INSF.ZS:TSS,2020-12-31,6.254956750913878
WDI:BM.GSR.INSF.ZS:TSS,2021-12-31,6.912206870887112
WDI:BM.GSR.INSF.ZS:TSS,2022-12-31,6.210694158345918
WDI:BM.GSR.INSF.ZS:TSS,2023-12-31,6.64060579540884
WDI:BM.GSR.INSF.ZS:TSS,2024-12-31,8.21826583615759
WDI:BM.GSR.INSF.ZS:TTO,1975-12-31,9.086661994860998
WDI:BM.GSR.INSF.ZS:TTO,1976-12-31,9.29827616228453
WDI:BM.GSR.INSF.ZS:TTO,1977-12-31,8.919308357348697
WDI:BM.GSR.INSF.ZS:TTO,1978-12-31,9.170869004339147
WDI:BM.GSR.INSF.ZS:TTO,1979-12-31,8.980667838312815
WDI:BM.GSR.INSF.ZS:TTO,1980-12-31,9.207128099173541
WDI:BM.GSR.INSF.ZS:TTO,1981-12-31,8.481492276304277
WDI:BM.GSR.INSF.ZS:TTO,1982-12-31,10.274813485692698
WDI:BM.GSR.INSF.ZS:TTO,1983-12-31,9.04489947532155
WDI:BM.GSR.INSF.ZS:TTO,1984-12-31,7.632689100362986
WDI:BM.GSR.INSF.ZS:TTO,1985-12-31,7.55598064588727
WDI:BM.GSR.INSF.ZS:TTO,1986-12-31,8.823396260582198
WDI:BM.GSR.INSF.ZS:TTO,1987-12-31,13.564473462036345
WDI:BM.GSR.INSF.ZS:TTO,1988-12-31,11.68615314076112
WDI:BM.GSR.INSF.ZS:TTO,1989-12-31,9.834135901551628
WDI:BM.GSR.INSF.ZS:TTO,1990-12-31,9.48733058338244
WDI:BM.GSR.INSF.ZS:TTO,1991-12-31,13.701404482014695
WDI:BM.GSR.INSF.ZS:TTO,1992-12-31,14.096067674525703
WDI:BM.GSR.INSF.ZS:TTO,1993-12-31,11.828344752975129
WDI:BM.GSR.INSF.ZS:TTO,1994-12-31,10.00847522921644
WDI:BM.GSR.INSF.ZS:TTO,1995-12-31,7.333008966428048
WDI:BM.GSR.INSF.ZS:TTO,1996-12-31,2.159430277969211
WDI:BM.GSR.INSF.ZS:TTO,1997-12-31,0.4722029843228616
WDI:BM.GSR.INSF.ZS:TTO,1998-12-31,0.11813716346452813
WDI:BM.GSR.INSF.ZS:TTO,1999-12-31,1.4233576642335766
WDI:BM.GSR.INSF.ZS:TTO,2000-12-31,0.025740025734767205
WDI:BM.GSR.INSF.ZS:TTO,2001-12-31,2.18918918947396
WDI:BM.GSR.INSF.ZS:TTO,2002-12-31,0.05361930294906167
WDI:BM.GSR.INSF.ZS:TTO,2003-12-31,0.026673779674579887
WDI:BM.GSR.INSF.ZS:TTO,2004-12-31,0.053633681952266025
WDI:BM.GSR.INSF.ZS:TTO,2005-12-31,5.600440690414984
WDI:BM.GSR.INSF.ZS:TTO,2006-12-31,0.08269018743109151
WDI:BM.GSR.INSF.ZS:TTO,2007-12-31,0.07810466024472794
WDI:BM.GSR.INSF.ZS:TTO,2008-12-31,2.2392638036809815
WDI:BM.GSR.INSF.ZS:TTO,2009-12-31,6.444038612053222
WDI:BM.GSR.INSF.ZS:TTO,2010-12-31,19.275250578257516
WDI:BM.GSR.INSF.ZS:TTO,2011-12-31,10.862425224064488
WDI:BM.GSR.INSF.ZS:TTO,2012-12-31,11.345048658272672
WDI:BM.GSR.INSF.ZS:TTO,2013-12-31,12.254249097915046
WDI:BM.GSR.INSF.ZS:TTO,2014-12-31,12.412357599783487
WDI:BM.GSR.INSF.ZS:TTO,2015-12-31,11.63685866798724
WDI:BM.GSR.INSF.ZS:TTO,2016-12-31,10.32765621021371
WDI:BM.GSR.INSF.ZS:TTO,2017-12-31,9.73837215349365
WDI:BM.GSR.INSF.ZS:TTO,2018-12-31,13.226859392325208
WDI:BM.GSR.INSF.ZS:TTO,2019-12-31,15.284946835844126
WDI:BM.GSR.INSF.ZS:TTO,2020-12-31,22.151041075919373
WDI:BM.GSR.INSF.ZS:TTO,2021-12-31,18.093459115155312
WDI:BM.GSR.INSF.ZS:TTO,2022-12-31,36.91651184938201
WDI:BM.GSR.INSF.ZS:TTO,2023-12-31,16.5298115329797
WDI:BM.GSR.INSF.ZS:TTO,2024-12-31,16.4368122762395
WDI:BM.GSR.INSF.ZS:TTO,2025-12-31,17.8814470077664
WDI:BM.GSR.INSF.ZS:TUN,1976-12-31,5.433070866141729
WDI:BM.GSR.INSF.ZS:TUN,1977-12-31,5.925925925925933
WDI:BM.GSR.INSF.ZS:TUN,1978-12-31,5.0
WDI:BM.GSR.INSF.ZS:TUN,1979-12-31,6.022099447513813
WDI:BM.GSR.INSF.ZS:TUN,1980-12-31,5.679012345679012
WDI:BM.GSR.INSF.ZS:TUN,1981-12-31,5.769230769230771
WDI:BM.GSR.INSF.ZS:TUN,1982-12-31,4.736842105263148
WDI:BM.GSR.INSF.ZS:TUN,1983-12-31,4.784688995215312
WDI:BM.GSR.INSF.ZS:TUN,1984-12-31,5.642105263157886
WDI:BM.GSR.INSF.ZS:TUN,1985-12-31,5.303326810176123
WDI:BM.GSR.INSF.ZS:TUN,1986-12-31,6.954887218045121
WDI:BM.GSR.INSF.ZS:TUN,1987-12-31,6.545454545454553
WDI:BM.GSR.INSF.ZS:TUN,1988-12-31,6.220839813374806
WDI:BM.GSR.INSF.ZS:TUN,1989-12-31,5.882352941176465
WDI:BM.GSR.INSF.ZS:TUN,1990-12-31,5.921938088829061
WDI:BM.GSR.INSF.ZS:TUN,1991-12-31,6.555269922879169
WDI:BM.GSR.INSF.ZS:TUN,1992-12-31,5.273437500000006
WDI:BM.GSR.INSF.ZS:TUN,1993-12-31,4.922850844966927
WDI:BM.GSR.INSF.ZS:TUN,1994-12-31,5.010893246187378
WDI:BM.GSR.INSF.ZS:TUN,1995-12-31,5.942142298670871
WDI:BM.GSR.INSF.ZS:TUN,1996-12-31,6.936416184971129
WDI:BM.GSR.INSF.ZS:TUN,1997-12-31,8.56924254016835
WDI:BM.GSR.INSF.ZS:TUN,1998-12-31,9.010989010989002
WDI:BM.GSR.INSF.ZS:TUN,1999-12-31,8.166189111747913
WDI:BM.GSR.INSF.ZS:TUN,2000-12-31,7.107231920199538
WDI:BM.GSR.INSF.ZS:TUN,2001-12-31,7.058217413704308
WDI:BM.GSR.INSF.ZS:TUN,2002-12-31,7.397959183673512
WDI:BM.GSR.INSF.ZS:TUN,2003-12-31,7.160867372667684
WDI:BM.GSR.INSF.ZS:TUN,2004-12-31,7.565511411665263
WDI:BM.GSR.INSF.ZS:TUN,2005-12-31,8.48884010245153
WDI:BM.GSR.INSF.ZS:TUN,2006-12-31,8.789286168723756
WDI:BM.GSR.INSF.ZS:TUN,2007-12-31,8.291095495910623
WDI:BM.GSR.INSF.ZS:TUN,2008-12-31,8.133935477432095
WDI:BM.GSR.INSF.ZS:TUN,2009-12-31,9.626095925734909
WDI:BM.GSR.INSF.ZS:TUN,2010-12-31,8.909864570058527
WDI:BM.GSR.INSF.ZS:TUN,2011-12-31,8.679616424883225
WDI:BM.GSR.INSF.ZS:TUN,2012-12-31,8.217641284532327
WDI:BM.GSR.INSF.ZS:TUN,2013-12-31,7.924296332172206
WDI:BM.GSR.INSF.ZS:TUN,2014-12-31,8.697987042234008
WDI:BM.GSR.INSF.ZS:TUN,2015-12-31,8.867346093296854
WDI:BM.GSR.INSF.ZS:TUN,2016-12-31,8.526628316941904
WDI:BM.GSR.INSF.ZS:TUN,2017-12-31,8.151952945003094
WDI:BM.GSR.INSF.ZS:TUN,2018-12-31,2.54455145517364
WDI:BM.GSR.INSF.ZS:TUN,2019-12-31,2.5809579972855663
WDI:BM.GSR.INSF.ZS:TUN,2020-12-31,3.896556211899666
WDI:BM.GSR.INSF.ZS:TUN,2021-12-31,3.801061983978899
WDI:BM.GSR.INSF.ZS:TUN,2022-12-31,3.350911081923227
WDI:BM.GSR.INSF.ZS:TUN,2023-12-31,3.54012676771152
WDI:BM.GSR.INSF.ZS:TUN,2024-12-31,3.46905001215848
WDI:BM.GSR.INSF.ZS:TUR,1974-12-31,3.087431693989071
WDI:BM.GSR.INSF.ZS:TUR,1975-12-31,3.2568807339449544
WDI:BM.GSR.INSF.ZS:TUR,1976-12-31,2.9787234042553195
WDI:BM.GSR.INSF.ZS:TUR,1977-12-31,2.532751091703057
WDI:BM.GSR.INSF.ZS:TUR,1978-12-31,4.451612903225807
WDI:BM.GSR.INSF.ZS:TUR,1979-12-31,4.141689373297003
WDI:BM.GSR.INSF.ZS:TUR,1980-12-31,4.1652021089630935
WDI:BM.GSR.INSF.ZS:TUR,1981-12-31,3.9957264957264953
WDI:BM.GSR.INSF.ZS:TUR,1982-12-31,2.1241513094083415
WDI:BM.GSR.INSF.ZS:TUR,1983-12-31,1.6981132075471699
WDI:BM.GSR.INSF.ZS:TUR,1992-12-31,8.717241379310344
WDI:BM.GSR.INSF.ZS:TUR,1993-12-31,9.498480243161096
WDI:BM.GSR.INSF.ZS:TUR,1994-12-31,8.514013749338973
WDI:BM.GSR.INSF.ZS:TUR,1995-12-31,7.802547770700636
WDI:BM.GSR.INSF.ZS:TUR,1996-12-31,7.998755057578586
WDI:BM.GSR.INSF.ZS:TUR,1997-12-31,7.571126263813778
WDI:BM.GSR.INSF.ZS:TUR,1998-12-31,9.018056400892677
WDI:BM.GSR.INSF.ZS:TUR,1999-12-31,9.833500949826798
WDI:BM.GSR.INSF.ZS:TUR,2000-12-31,12.424874279406353
WDI:BM.GSR.INSF.ZS:TUR,2001-12-31,16.464414562151525
WDI:BM.GSR.INSF.ZS:TUR,2002-12-31,16.156849983729256
WDI:BM.GSR.INSF.ZS:TUR,2003-12-31,13.043478260869565
WDI:BM.GSR.INSF.ZS:TUR,2004-12-31,11.745387810296533
WDI:BM.GSR.INSF.ZS:TUR,2005-12-31,10.686192468619247
WDI:BM.GSR.INSF.ZS:TUR,2006-12-31,13.536795471326608
WDI:BM.GSR.INSF.ZS:TUR,2007-12-31,13.516400653512632
WDI:BM.GSR.INSF.ZS:TUR,2008-12-31,13.36519446275544
WDI:BM.GSR.INSF.ZS:TUR,2009-12-31,12.030427150380339
WDI:BM.GSR.INSF.ZS:TUR,2010-12-31,10.07917174177832
WDI:BM.GSR.INSF.ZS:TUR,2011-12-31,12.042733819812087
WDI:BM.GSR.INSF.ZS:TUR,2012-12-31,11.986464588695071
WDI:BM.GSR.INSF.ZS:TUR,2013-12-31,13.522735986504102
WDI:BM.GSR.INSF.ZS:TUR,2014-12-31,14.724470955830139
WDI:BM.GSR.INSF.ZS:TUR,2015-12-31,14.631340822821212
WDI:BM.GSR.INSF.ZS:TUR,2016-12-31,11.499115452657488
WDI:BM.GSR.INSF.ZS:TUR,2017-12-31,11.572743478735402
WDI:BM.GSR.INSF.ZS:TUR,2018-12-31,9.131272802368004
WDI:BM.GSR.INSF.ZS:TUR,2019-12-31,8.152813343483977
WDI:BM.GSR.INSF.ZS:TUR,2020-12-31,11.031345214741851
WDI:BM.GSR.INSF.ZS:TUR,2021-12-31,9.328892589508744
WDI:BM.GSR.INSF.ZS:TUR,2022-12-31,8.159560374858938
WDI:BM.GSR.INSF.ZS:TUR,2023-12-31,8.71640593662254
WDI:BM.GSR.INSF.ZS:TUR,2024-12-31,8.72984593335722
WDI:BM.GSR.INSF.ZS:TUV,2001-12-31,1.3039710805592788
WDI:BM.GSR.INSF.ZS:TUV,2002-12-31,1.0017051003649424
WDI:BM.GSR.INSF.ZS:TUV,2003-12-31,0.9450297040435556
WDI:BM.GSR.INSF.ZS:TUV,2004-12-31,0.45879998227782653
WDI:BM.GSR.INSF.ZS:TUV,2005-12-31,0.8902010377487803
WDI:BM.GSR.INSF.ZS:TUV,2006-12-31,0.9814793295812113
WDI:BM.GSR.INSF.ZS:TUV,2007-12-31,0.746863830635487
WDI:BM.GSR.INSF.ZS:TUV,2008-12-31,0.4938539816176709
WDI:BM.GSR.INSF.ZS:TUV,2009-12-31,0.500934955356851
WDI:BM.GSR.INSF.ZS:TUV,2010-12-31,0.5188932644249477
WDI:BM.GSR.INSF.ZS:TUV,2011-12-31,0.48036086719089227
WDI:BM.GSR.INSF.ZS:TUV,2012-12-31,0.5097634807444991
WDI:BM.GSR.INSF.ZS:TUV,2013-12-31,4.3162894723877825
WDI:BM.GSR.INSF.ZS:TUV,2014-12-31,3.7823684708605634
WDI:BM.GSR.INSF.ZS:TUV,2015-12-31,3.271217771461507
WDI:BM.GSR.INSF.ZS:TUV,2016-12-31,2.984979830919742
WDI:BM.GSR.INSF.ZS:TUV,2017-12-31,3.1394849157263516
WDI:BM.GSR.INSF.ZS:TUV,2018-12-31,2.9047803374981513
WDI:BM.GSR.INSF.ZS:TUV,2019-12-31,2.7714533533000596
WDI:BM.GSR.INSF.ZS:TUV,2020-12-31,4.14790365576183
WDI:BM.GSR.INSF.ZS:TUV,2021-12-31,4.415249151963992
WDI:BM.GSR.INSF.ZS:TUV,2022-12-31,3.463480252683366
WDI:BM.GSR.INSF.ZS:TUV,2023-12-31,4.30449720520114
WDI:BM.GSR.INSF.ZS:TZA,1976-12-31,5.266723116025308
WDI:BM.GSR.INSF.ZS:TZA,1977-12-31,5.658572479734313
WDI:BM.GSR.INSF.ZS:TZA,1978-12-31,5.946088794917494
WDI:BM.GSR.INSF.ZS:TZA,1979-12-31,6.0399590164096
WDI:BM.GSR.INSF.ZS:TZA,1980-12-31,5.5169561621129555
WDI:BM.GSR.INSF.ZS:TZA,1981-12-31,6.293103448282598
WDI:BM.GSR.INSF.ZS:TZA,1982-12-31,7.371651785695691
WDI:BM.GSR.INSF.ZS:TZA,1983-12-31,6.555555555556793
WDI:BM.GSR.INSF.ZS:TZA,1984-12-31,6.498316498338708
WDI:BM.GSR.INSF.ZS:TZA,1985-12-31,6.221551960505509
WDI:BM.GSR.INSF.ZS:TZA,1986-12-31,6.2332402234574955
WDI:BM.GSR.INSF.ZS:TZA,1987-12-31,6.662736666913477
WDI:BM.GSR.INSF.ZS:TZA,1988-12-31,5.8590106277086145
WDI:BM.GSR.INSF.ZS:TZA,1989-12-31,5.8682297532621055
WDI:BM.GSR.INSF.ZS:TZA,1990-12-31,6.157683741651115
WDI:BM.GSR.INSF.ZS:TZA,1991-12-31,6.119904514289929
WDI:BM.GSR.INSF.ZS:TZA,1992-12-31,5.843682957075895
WDI:BM.GSR.INSF.ZS:TZA,1993-12-31,2.717705522827379
WDI:BM.GSR.INSF.ZS:TZA,1994-12-31,3.886159844059479
WDI:BM.GSR.INSF.ZS:TZA,1995-12-31,2.504331322206379
WDI:BM.GSR.INSF.ZS:TZA,1996-12-31,3.522843594357245
WDI:BM.GSR.INSF.ZS:TZA,1997-12-31,2.6635305302004637
WDI:BM.GSR.INSF.ZS:TZA,1998-12-31,4.456953874313162
WDI:BM.GSR.INSF.ZS:TZA,1999-12-31,2.0754716981127808
WDI:BM.GSR.INSF.ZS:TZA,2000-12-31,3.165298944891934
WDI:BM.GSR.INSF.ZS:TZA,2001-12-31,3.501941573442715
WDI:BM.GSR.INSF.ZS:TZA,2002-12-31,5.0474840068040265
WDI:BM.GSR.INSF.ZS:TZA,2003-12-31,5.7360969807943665
WDI:BM.GSR.INSF.ZS:TZA,2004-12-31,4.403433036350835
WDI:BM.GSR.INSF.ZS:TZA,2005-12-31,4.032512232085334
WDI:BM.GSR.INSF.ZS:TZA,2006-12-31,4.501699466921298
WDI:BM.GSR.INSF.ZS:TZA,2007-12-31,4.824357165448513
WDI:BM.GSR.INSF.ZS:TZA,2008-12-31,4.032200948114737
WDI:BM.GSR.INSF.ZS:TZA,2009-12-31,3.7508589744716603
WDI:BM.GSR.INSF.ZS:TZA,2010-12-31,3.8508982036514636
WDI:BM.GSR.INSF.ZS:TZA,2011-12-31,3.550579912956447
WDI:BM.GSR.INSF.ZS:TZA,2012-12-31,3.321443316212392
WDI:BM.GSR.INSF.ZS:TZA,2013-12-31,2.361780750378103
WDI:BM.GSR.INSF.ZS:TZA,2014-12-31,1.9755037703861458
WDI:BM.GSR.INSF.ZS:TZA,2015-12-31,2.1392675171904583
WDI:BM.GSR.INSF.ZS:TZA,2016-12-31,1.456442830378789
WDI:BM.GSR.INSF.ZS:TZA,2017-12-31,2.5459477362212337
WDI:BM.GSR.INSF.ZS:TZA,2018-12-31,4.157950353466689
WDI:BM.GSR.INSF.ZS:TZA,2019-12-31,4.55390553414462
WDI:BM.GSR.INSF.ZS:TZA,2020-12-31,5.434227188367314
WDI:BM.GSR.INSF.ZS:TZA,2021-12-31,4.808790256775767
WDI:BM.GSR.INSF.ZS:TZA,2022-12-31,5.873526108689862
WDI:BM.GSR.INSF.ZS:TZA,2023-12-31,7.46946839061265
WDI:BM.GSR.INSF.ZS:TZA,2024-12-31,7.77586933559001
WDI:BM.GSR.INSF.ZS:UGA,1980-12-31,4.424635332252836
WDI:BM.GSR.INSF.ZS:UGA,1981-12-31,3.1474103585657374
WDI:BM.GSR.INSF.ZS:UGA,1982-12-31,5.261845386533666
WDI:BM.GSR.INSF.ZS:UGA,1983-12-31,5.706666666666667
WDI:BM.GSR.INSF.ZS:UGA,1984-12-31,8.809234507897933
WDI:BM.GSR.INSF.ZS:UGA,1985-12-31,5.288683602771362
WDI:BM.GSR.INSF.ZS:UGA,1986-12-31,5.923371647509579
WDI:BM.GSR.INSF.ZS:UGA,1987-12-31,5.623281393217232
WDI:BM.GSR.INSF.ZS:UGA,1988-12-31,5.735544217687075
WDI:BM.GSR.INSF.ZS:UGA,1989-12-31,6.395446880269814
WDI:BM.GSR.INSF.ZS:UGA,1990-12-31,6.482334869431644
WDI:BM.GSR.INSF.ZS:UGA,1991-12-31,4.023986765922249
WDI:BM.GSR.INSF.ZS:UGA,1992-12-31,4.392410173597093
WDI:BM.GSR.INSF.ZS:UGA,1993-12-31,4.196376786871823
WDI:BM.GSR.INSF.ZS:UGA,1994-12-31,4.217281686912674
WDI:BM.GSR.INSF.ZS:UGA,1995-12-31,4.245526114694958
WDI:BM.GSR.INSF.ZS:UGA,1996-12-31,3.940054253568728
WDI:BM.GSR.INSF.ZS:UGA,1997-12-31,4.0187181365586735
WDI:BM.GSR.INSF.ZS:UGA,1998-12-31,4.134047520944925
WDI:BM.GSR.INSF.ZS:UGA,1999-12-31,3.0772900763358777
WDI:BM.GSR.INSF.ZS:UGA,2000-12-31,3.2476024411508284
WDI:BM.GSR.INSF.ZS:UGA,2001-12-31,4.547464735221277
WDI:BM.GSR.INSF.ZS:UGA,2002-12-31,5.673894103911737
WDI:BM.GSR.INSF.ZS:UGA,2003-12-31,8.34068835052417
WDI:BM.GSR.INSF.ZS:UGA,2004-12-31,8.51523168052161
WDI:BM.GSR.INSF.ZS:UGA,2005-12-31,8.466857038122164
WDI:BM.GSR.INSF.ZS:UGA,2006-12-31,7.8181316857412755
WDI:BM.GSR.INSF.ZS:UGA,2007-12-31,8.153249889763629
WDI:BM.GSR.INSF.ZS:UGA,2008-12-31,7.6737419918706165
WDI:BM.GSR.INSF.ZS:UGA,2009-12-31,5.290466210663433
WDI:BM.GSR.INSF.ZS:UGA,2010-12-31,3.537213947946221
WDI:BM.GSR.INSF.ZS:UGA,2011-12-31,4.011763729986743
WDI:BM.GSR.INSF.ZS:UGA,2012-12-31,4.038775296405965
WDI:BM.GSR.INSF.ZS:UGA,2013-12-31,3.3501028673868545
WDI:BM.GSR.INSF.ZS:UGA,2014-12-31,3.227768608056615
WDI:BM.GSR.INSF.ZS:UGA,2015-12-31,3.3850219999097773
WDI:BM.GSR.INSF.ZS:UGA,2016-12-31,3.8756710118812605
WDI:BM.GSR.INSF.ZS:UGA,2017-12-31,3.1686813969099212
WDI:BM.GSR.INSF.ZS:UGA,2018-12-31,3.268695804086049
WDI:BM.GSR.INSF.ZS:UGA,2019-12-31,2.868580035702991
WDI:BM.GSR.INSF.ZS:UGA,2020-12-31,2.985399331196081
WDI:BM.GSR.INSF.ZS:UGA,2021-12-31,3.2176634356011875
WDI:BM.GSR.INSF.ZS:UGA,2022-12-31,3.4828744978229285
WDI:BM.GSR.INSF.ZS:UGA,2023-12-31,3.37164855396198
WDI:BM.GSR.INSF.ZS:UGA,2024-12-31,3.42624527446115
WDI:BM.GSR.INSF.ZS:UKR,1994-12-31,12.617370892018778
WDI:BM.GSR.INSF.ZS:UKR,1995-12-31,5.539853024307519
WDI:BM.GSR.INSF.ZS:UKR,1996-12-31,2.275189599133261
WDI:BM.GSR.INSF.ZS:UKR,1997-12-31,3.4752389226759344
WDI:BM.GSR.INSF.ZS:UKR,1998-12-31,3.5142522452167126
WDI:BM.GSR.INSF.ZS:UKR,1999-12-31,3.6055603822762814
WDI:BM.GSR.INSF.ZS:UKR,2000-12-31,5.273631840796019
WDI:BM.GSR.INSF.ZS:UKR,2001-12-31,4.202616198163095
WDI:BM.GSR.INSF.ZS:UKR,2002-12-31,7.217366788835636
WDI:BM.GSR.INSF.ZS:UKR,2003-12-31,14.324022346368714
WDI:BM.GSR.INSF.ZS:UKR,2004-12-31,8.160192713038242
WDI:BM.GSR.INSF.ZS:UKR,2005-12-31,4.9504950495049505
WDI:BM.GSR.INSF.ZS:UKR,2006-12-31,5.8663769690385665
WDI:BM.GSR.INSF.ZS:UKR,2007-12-31,8.880407124681934
WDI:BM.GSR.INSF.ZS:UKR,2008-12-31,9.939536031589338
WDI:BM.GSR.INSF.ZS:UKR,2009-12-31,12.335640138408305
WDI:BM.GSR.INSF.ZS:UKR,2010-12-31,9.227501573316552
WDI:BM.GSR.INSF.ZS:UKR,2011-12-31,7.7710528282149
WDI:BM.GSR.INSF.ZS:UKR,2012-12-31,7.409692233874837
WDI:BM.GSR.INSF.ZS:UKR,2013-12-31,7.208883925801849
WDI:BM.GSR.INSF.ZS:UKR,2014-12-31,7.223750202232648
WDI:BM.GSR.INSF.ZS:UKR,2015-12-31,8.291479425500043
WDI:BM.GSR.INSF.ZS:UKR,2016-12-31,5.485408478969814
WDI:BM.GSR.INSF.ZS:UKR,2017-12-31,5.088561993395377
WDI:BM.GSR.INSF.ZS:UKR,2018-12-31,4.117241379310345
WDI:BM.GSR.INSF.ZS:UKR,2019-12-31,4.148902322621699
WDI:BM.GSR.INSF.ZS:UKR,2020-12-31,6.288068792547474
WDI:BM.GSR.INSF.ZS:UKR,2021-12-31,5.471567267683772
WDI:BM.GSR.INSF.ZS:UKR,2022-12-31,2.9166516261776705
WDI:BM.GSR.INSF.ZS:UKR,2023-12-31,2.75659824046921
WDI:BM.GSR.INSF.ZS:UKR,2024-12-31,3.16518726997186
WDI:BM.GSR.INSF.ZS:UMC,1982-12-31,6.513421186062466
WDI:BM.GSR.INSF.ZS:UMC,1983-12-31,7.222137595872742
WDI:BM.GSR.INSF.ZS:UMC,1984-12-31,7.25987255584979
WDI:BM.GSR.INSF.ZS:UMC,1985-12-31,6.453200453085843
WDI:BM.GSR.INSF.ZS:UMC,1986-12-31,6.882650124092756
WDI:BM.GSR.INSF.ZS:UMC,1987-12-31,7.276174573155787
WDI:BM.GSR.INSF.ZS:UMC,1988-12-31,6.615698111613395
WDI:BM.GSR.INSF.ZS:UMC,1989-12-31,6.167662860941953
WDI:BM.GSR.INSF.ZS:UMC,1990-12-31,5.869523458834414
WDI:BM.GSR.INSF.ZS:UMC,1991-12-31,5.927293744818359
WDI:BM.GSR.INSF.ZS:UMC,1992-12-31,5.495379741102294
WDI:BM.GSR.INSF.ZS:UMC,1993-12-31,6.34103270373951
WDI:BM.GSR.INSF.ZS:UMC,1994-12-31,7.271331408393665
WDI:BM.GSR.INSF.ZS:UMC,1995-12-31,9.674805716504853
WDI:BM.GSR.INSF.ZS:UMC,1996-12-31,7.455558940312228
WDI:BM.GSR.INSF.ZS:UMC,1997-12-31,8.89628343694475
WDI:BM.GSR.INSF.ZS:UMC,1998-12-31,6.769219903694641
WDI:BM.GSR.INSF.ZS:UMC,1999-12-31,6.259389474863029
WDI:BM.GSR.INSF.ZS:UMC,2000-12-31,6.623186150995589
WDI:BM.GSR.INSF.ZS:UMC,2001-12-31,6.907487682467422
WDI:BM.GSR.INSF.ZS:UMC,2002-12-31,7.382103537656888
WDI:BM.GSR.INSF.ZS:UMC,2003-12-31,7.963970930000362
WDI:BM.GSR.INSF.ZS:UMC,2004-12-31,7.647212313601461
WDI:BM.GSR.INSF.ZS:UMC,2005-12-31,7.504060572316459
WDI:BM.GSR.INSF.ZS:UMC,2006-12-31,7.779771584101365
WDI:BM.GSR.INSF.ZS:UMC,2007-12-31,7.5833822612631465
WDI:BM.GSR.INSF.ZS:UMC,2008-12-31,7.478406666956291
WDI:BM.GSR.INSF.ZS:UMC,2009-12-31,8.085178309540373
WDI:BM.GSR.INSF.ZS:UMC,2010-12-31,8.132137171119165
WDI:BM.GSR.INSF.ZS:UMC,2011-12-31,8.031562194999044
WDI:BM.GSR.INSF.ZS:UMC,2012-12-31,7.900363099993125
WDI:BM.GSR.INSF.ZS:UMC,2013-12-31,7.838691012334011
WDI:BM.GSR.INSF.ZS:UMC,2014-12-31,7.074437449237713
WDI:BM.GSR.INSF.ZS:UMC,2015-12-31,5.278574549594289
WDI:BM.GSR.INSF.ZS:UMC,2016-12-31,5.289042759665742
WDI:BM.GSR.INSF.ZS:UMC,2017-12-31,5.0169974947282245
WDI:BM.GSR.INSF.ZS:UMC,2018-12-31,4.909048195773334
WDI:BM.GSR.INSF.ZS:UMC,2019-12-31,5.267519074309484
WDI:BM.GSR.INSF.ZS:UMC,2020-12-31,7.157101676573751
WDI:BM.GSR.INSF.ZS:UMC,2021-12-31,7.306183848324672
WDI:BM.GSR.INSF.ZS:UMC,2022-12-31,6.618143829601758
WDI:BM.GSR.INSF.ZS:UMC,2023-12-31,6.53491678728979
WDI:BM.GSR.INSF.ZS:UMC,2024-12-31,5.99442381692454
WDI:BM.GSR.INSF.ZS:UMC,2025-12-31,5.20667424419305
WDI:BM.GSR.INSF.ZS:URY,1978-12-31,3.782642089093702
WDI:BM.GSR.INSF.ZS:URY,1979-12-31,4.378891194782093
WDI:BM.GSR.INSF.ZS:URY,1980-12-31,7.47844374342797
WDI:BM.GSR.INSF.ZS:URY,1981-12-31,7.029057125914212
WDI:BM.GSR.INSF.ZS:URY,1982-12-31,4.503747029793456
WDI:BM.GSR.INSF.ZS:URY,1983-12-31,0.6476190476190476
WDI:BM.GSR.INSF.ZS:URY,1984-12-31,0.9202270690170301
WDI:BM.GSR.INSF.ZS:URY,1985-12-31,0.7685512367491166
WDI:BM.GSR.INSF.ZS:URY,1986-12-31,1.1727023815673916
WDI:BM.GSR.INSF.ZS:URY,1987-12-31,1.308033458709931
WDI:BM.GSR.INSF.ZS:URY,1988-12-31,1.4995403100529436
WDI:BM.GSR.INSF.ZS:URY,1989-12-31,1.285212937494072
WDI:BM.GSR.INSF.ZS:URY,1990-12-31,1.3757961783439492
WDI:BM.GSR.INSF.ZS:URY,1991-12-31,1.6308078297711188
WDI:BM.GSR.INSF.ZS:URY,1992-12-31,1.5783257578468917
WDI:BM.GSR.INSF.ZS:URY,1993-12-31,1.8286556366802869
WDI:BM.GSR.INSF.ZS:URY,1994-12-31,1.4972144846796658
WDI:BM.GSR.INSF.ZS:URY,1995-12-31,4.3022035676810075
WDI:BM.GSR.INSF.ZS:URY,1996-12-31,6.901072705601907
WDI:BM.GSR.INSF.ZS:URY,1997-12-31,7.011028584289894
WDI:BM.GSR.INSF.ZS:URY,1998-12-31,7.344952467179719
WDI:BM.GSR.INSF.ZS:URY,1999-12-31,6.219618596534962
WDI:BM.GSR.INSF.ZS:URY,2000-12-31,5.96980793339284
WDI:BM.GSR.INSF.ZS:URY,2001-12-31,5.155763016773136
WDI:BM.GSR.INSF.ZS:URY,2002-12-31,5.995594013252846
WDI:BM.GSR.INSF.ZS:URY,2003-12-31,5.737575361403356
WDI:BM.GSR.INSF.ZS:URY,2004-12-31,4.81448146171567
WDI:BM.GSR.INSF.ZS:URY,2005-12-31,3.8533535509952603
WDI:BM.GSR.INSF.ZS:URY,2006-12-31,4.567889058219144
WDI:BM.GSR.INSF.ZS:URY,2007-12-31,4.933553270893171
WDI:BM.GSR.INSF.ZS:URY,2008-12-31,3.4196325966297714
WDI:BM.GSR.INSF.ZS:URY,2009-12-31,4.911389248241707
WDI:BM.GSR.INSF.ZS:URY,2010-12-31,3.777996572956704
WDI:BM.GSR.INSF.ZS:URY,2011-12-31,4.082333237880851
WDI:BM.GSR.INSF.ZS:URY,2012-12-31,5.267311844024639
WDI:BM.GSR.INSF.ZS:URY,2013-12-31,5.627972846723635
WDI:BM.GSR.INSF.ZS:URY,2014-12-31,6.708493511169896
WDI:BM.GSR.INSF.ZS:URY,2015-12-31,6.358030211878445
WDI:BM.GSR.INSF.ZS:URY,2016-12-31,6.721637242199987
WDI:BM.GSR.INSF.ZS:URY,2017-12-31,6.269689674005201
WDI:BM.GSR.INSF.ZS:URY,2018-12-31,5.726448923632207
WDI:BM.GSR.INSF.ZS:URY,2019-12-31,5.422741491501133
WDI:BM.GSR.INSF.ZS:URY,2020-12-31,6.5664493662206915
WDI:BM.GSR.INSF.ZS:URY,2021-12-31,6.313983753185719
WDI:BM.GSR.INSF.ZS:URY,2022-12-31,5.577408606104647
WDI:BM.GSR.INSF.ZS:URY,2023-12-31,5.62619215343348
WDI:BM.GSR.INSF.ZS:URY,2024-12-31,6.28374070578665
WDI:BM.GSR.INSF.ZS:URY,2025-12-31,6.47930077365264
WDI:BM.GSR.INSF.ZS:USA,1970-12-31,1.3651877133105803
WDI:BM.GSR.INSF.ZS:USA,1971-12-31,1.605651894669236
WDI:BM.GSR.INSF.ZS:USA,1972-12-31,1.5249266862170088
WDI:BM.GSR.INSF.ZS:USA,1973-12-31,1.2572027239392352
WDI:BM.GSR.INSF.ZS:USA,1974-12-31,1.0156971375807942
WDI:BM.GSR.INSF.ZS:USA,1975-12-31,1.5267175572519083
WDI:BM.GSR.INSF.ZS:USA,1976-12-31,2.127659574468085
WDI:BM.GSR.INSF.ZS:USA,1977-12-31,2.2801302931596092
WDI:BM.GSR.INSF.ZS:USA,1978-12-31,2.5244556642473968
WDI:BM.GSR.INSF.ZS:USA,1979-12-31,2.428926304167817
WDI:BM.GSR.INSF.ZS:USA,1980-12-31,2.0990969001708564
WDI:BM.GSR.INSF.ZS:USA,1981-12-31,2.250445632798574
WDI:BM.GSR.INSF.ZS:USA,1982-12-31,2.3510971786833856
WDI:BM.GSR.INSF.ZS:USA,1983-12-31,2.524880206413564
WDI:BM.GSR.INSF.ZS:USA,1984-12-31,2.480944552383799
WDI:BM.GSR.INSF.ZS:USA,1985-12-31,3.4013605442176873
WDI:BM.GSR.INSF.ZS:USA,1986-12-31,4.953965917313306
WDI:BM.GSR.INSF.ZS:USA,1987-12-31,5.857731368272641
WDI:BM.GSR.INSF.ZS:USA,1988-12-31,4.344166708918522
WDI:BM.GSR.INSF.ZS:USA,1989-12-31,2.799726855916496
WDI:BM.GSR.INSF.ZS:USA,1990-12-31,3.722274156539475
WDI:BM.GSR.INSF.ZS:USA,1991-12-31,4.337552742616034
WDI:BM.GSR.INSF.ZS:USA,1992-12-31,4.355426927194861
WDI:BM.GSR.INSF.ZS:USA,1993-12-31,4.664258994433268
WDI:BM.GSR.INSF.ZS:USA,1994-12-31,5.022731542363329
WDI:BM.GSR.INSF.ZS:USA,1995-12-31,5.373735945124107
WDI:BM.GSR.INSF.ZS:USA,1996-12-31,5.442150114716486
WDI:BM.GSR.INSF.ZS:USA,1997-12-31,5.5666363367941525
WDI:BM.GSR.INSF.ZS:USA,1998-12-31,6.390998251012863
WDI:BM.GSR.INSF.ZS:USA,1999-12-31,11.119582399373803
WDI:BM.GSR.INSF.ZS:USA,2000-12-31,12.551996342716437
WDI:BM.GSR.INSF.ZS:USA,2001-12-31,14.722705122546593
WDI:BM.GSR.INSF.ZS:USA,2002-12-31,15.907212211804916
WDI:BM.GSR.INSF.ZS:USA,2003-12-31,16.24818698433079
WDI:BM.GSR.INSF.ZS:USA,2004-12-31,16.56199996558903
WDI:BM.GSR.INSF.ZS:USA,2005-12-31,16.232360307729756
WDI:BM.GSR.INSF.ZS:USA,2006-12-31,19.004611672024527
WDI:BM.GSR.INSF.ZS:USA,2007-12-31,20.996458822461182
WDI:BM.GSR.INSF.ZS:USA,2008-12-31,20.910971116129797
WDI:BM.GSR.INSF.ZS:USA,2009-12-31,21.805413443064626
WDI:BM.GSR.INSF.ZS:USA,2010-12-31,20.773513575438194
WDI:BM.GSR.INSF.ZS:USA,2011-12-31,19.33503423259834
WDI:BM.GSR.INSF.ZS:USA,2012-12-31,18.62882257868747
WDI:BM.GSR.INSF.ZS:USA,2013-12-31,17.648233437469806
WDI:BM.GSR.INSF.ZS:USA,2014-12-31,17.447931514771405
WDI:BM.GSR.INSF.ZS:USA,2015-12-31,16.653288113824726
WDI:BM.GSR.INSF.ZS:USA,2016-12-31,16.748328753240173
WDI:BM.GSR.INSF.ZS:USA,2017-12-31,16.433842340037614
WDI:BM.GSR.INSF.ZS:USA,2018-12-31,15.056071862376768
WDI:BM.GSR.INSF.ZS:USA,2019-12-31,15.929019483868819
WDI:BM.GSR.INSF.ZS:USA,2020-12-31,21.949478669171484
WDI:BM.GSR.INSF.ZS:USA,2021-12-31,19.384870225859775
WDI:BM.GSR.INSF.ZS:USA,2022-12-31,16.849826624178238
WDI:BM.GSR.INSF.ZS:USA,2023-12-31,17.9105692337581
WDI:BM.GSR.INSF.ZS:USA,2024-12-31,18.850371039863
WDI:BM.GSR.INSF.ZS:USA,2025-12-31,19.7032598900454
WDI:BM.GSR.INSF.ZS:UZB,2005-12-31,5.010210930954862
WDI:BM.GSR.INSF.ZS:UZB,2006-12-31,5.304082372290746
WDI:BM.GSR.INSF.ZS:UZB,2007-12-31,5.179861366819818
WDI:BM.GSR.INSF.ZS:UZB,2008-12-31,5.170295840843054
WDI:BM.GSR.INSF.ZS:UZB,2009-12-31,4.882454499412876
WDI:BM.GSR.INSF.ZS:UZB,2010-12-31,1.133743223207757
WDI:BM.GSR.INSF.ZS:UZB,2011-12-31,0.9608731612907068
WDI:BM.GSR.INSF.ZS:UZB,2012-12-31,1.7026213052211712
WDI:BM.GSR.INSF.ZS:UZB,2013-12-31,1.646177520489192
WDI:BM.GSR.INSF.ZS:UZB,2014-12-31,2.979039959875441
WDI:BM.GSR.INSF.ZS:UZB,2015-12-31,2.4204341112942904
WDI:BM.GSR.INSF.ZS:UZB,2016-12-31,3.466844271562433
WDI:BM.GSR.INSF.ZS:UZB,2017-12-31,4.0768602427116925
WDI:BM.GSR.INSF.ZS:UZB,2018-12-31,3.604715845826114
WDI:BM.GSR.INSF.ZS:UZB,2019-12-31,3.383642207064936
WDI:BM.GSR.INSF.ZS:UZB,2020-12-31,4.430530257837257
WDI:BM.GSR.INSF.ZS:UZB,2021-12-31,4.134216765972059
WDI:BM.GSR.INSF.ZS:UZB,2022-12-31,3.536125476605766
WDI:BM.GSR.INSF.ZS:UZB,2023-12-31,4.2619937704048
WDI:BM.GSR.INSF.ZS:UZB,2024-12-31,3.32289810668373
WDI:BM.GSR.INSF.ZS:UZB,2025-12-31,3.5330389418884
WDI:BM.GSR.INSF.ZS:VCT,1978-12-31,5.884691848906554
WDI:BM.GSR.INSF.ZS:VCT,1979-12-31,4.290030211480358
WDI:BM.GSR.INSF.ZS:VCT,1980-12-31,4.556097560975638
WDI:BM.GSR.INSF.ZS:VCT,1981-12-31,3.979933110367912
WDI:BM.GSR.INSF.ZS:VCT,1982-12-31,4.337527757216879
WDI:BM.GSR.INSF.ZS:VCT,1983-12-31,4.619684082624556
WDI:BM.GSR.INSF.ZS:VCT,1984-12-31,4.437768240343357
WDI:BM.GSR.INSF.ZS:VCT,1985-12-31,4.419181479950392
WDI:BM.GSR.INSF.ZS:VCT,1986-12-31,7.454786060873397
WDI:BM.GSR.INSF.ZS:VCT,1987-12-31,7.630088972768938
WDI:BM.GSR.INSF.ZS:VCT,1988-12-31,8.867948883438762
WDI:BM.GSR.INSF.ZS:VCT,1989-12-31,7.776810963671949
WDI:BM.GSR.INSF.ZS:VCT,1990-12-31,8.777028598000461
WDI:BM.GSR.INSF.ZS:VCT,1991-12-31,12.778969957081548
WDI:BM.GSR.INSF.ZS:VCT,1992-12-31,6.710189240558619
WDI:BM.GSR.INSF.ZS:VCT,1993-12-31,8.728715490163662
WDI:BM.GSR.INSF.ZS:VCT,1994-12-31,5.3823210412147535
WDI:BM.GSR.INSF.ZS:VCT,1995-12-31,6.823829672912889
WDI:BM.GSR.INSF.ZS:VCT,1996-12-31,7.112411731026149
WDI:BM.GSR.INSF.ZS:VCT,1997-12-31,5.705967976710331
WDI:BM.GSR.INSF.ZS:VCT,1998-12-31,6.240337315530571
WDI:BM.GSR.INSF.ZS:VCT,1999-12-31,8.170473275253121
WDI:BM.GSR.INSF.ZS:VCT,2000-12-31,9.325157044603262
WDI:BM.GSR.INSF.ZS:VCT,2001-12-31,8.920649876644138
WDI:BM.GSR.INSF.ZS:VCT,2002-12-31,10.020426735733205
WDI:BM.GSR.INSF.ZS:VCT,2003-12-31,10.352753296357015
WDI:BM.GSR.INSF.ZS:VCT,2004-12-31,10.193877242276576
WDI:BM.GSR.INSF.ZS:VCT,2005-12-31,10.670349158428975
WDI:BM.GSR.INSF.ZS:VCT,2006-12-31,11.097786381102082
WDI:BM.GSR.INSF.ZS:VCT,2007-12-31,9.840935446579282
WDI:BM.GSR.INSF.ZS:VCT,2008-12-31,9.8751985559222
WDI:BM.GSR.INSF.ZS:VCT,2009-12-31,10.033877142256541
WDI:BM.GSR.INSF.ZS:VCT,2010-12-31,10.861160711101302
WDI:BM.GSR.INSF.ZS:VCT,2011-12-31,11.462323876711709
WDI:BM.GSR.INSF.ZS:VCT,2012-12-31,9.892343955224419
WDI:BM.GSR.INSF.ZS:VCT,2013-12-31,10.007171899015438
WDI:BM.GSR.INSF.ZS:VCT,2014-12-31,10.038244283591565
WDI:BM.GSR.INSF.ZS:VCT,2015-12-31,9.923900121259264
WDI:BM.GSR.INSF.ZS:VCT,2016-12-31,10.937672133315534
WDI:BM.GSR.INSF.ZS:VCT,2017-12-31,12.566368960312444
WDI:BM.GSR.INSF.ZS:VCT,2018-12-31,15.397996255867852
WDI:BM.GSR.INSF.ZS:VCT,2019-12-31,10.319373273988804
WDI:BM.GSR.INSF.ZS:VCT,2020-12-31,17.86969431496893
WDI:BM.GSR.INSF.ZS:VCT,2021-12-31,17.028561805458544
WDI:BM.GSR.INSF.ZS:VCT,2022-12-31,13.308345707761562
WDI:BM.GSR.INSF.ZS:VCT,2023-12-31,14.0317363459283
WDI:BM.GSR.INSF.ZS:VCT,2024-12-31,11.3810065280519
WDI:BM.GSR.INSF.ZS:VCT,2025-12-31,13.2856956298949
WDI:BM.GSR.INSF.ZS:VEN,1970-12-31,8.723809523809525
WDI:BM.GSR.INSF.ZS:VEN,1971-12-31,9.377104377104377
WDI:BM.GSR.INSF.ZS:VEN,1972-12-31,8.842105263157894
WDI:BM.GSR.INSF.ZS:VEN,1973-12-31,8.275401069518717
WDI:BM.GSR.INSF.ZS:VEN,1974-12-31,6.412948381452319
WDI:BM.GSR.INSF.ZS:VEN,1975-12-31,5.558930741190766
WDI:BM.GSR.INSF.ZS:VEN,1976-12-31,6.5764023210831715
WDI:BM.GSR.INSF.ZS:VEN,1977-12-31,5.269035532994923
WDI:BM.GSR.INSF.ZS:VEN,1978-12-31,4.556543837357053
WDI:BM.GSR.INSF.ZS:VEN,1979-12-31,4.510131108462455
WDI:BM.GSR.INSF.ZS:VEN,1980-12-31,4.791911591817541
WDI:BM.GSR.INSF.ZS:VEN,1981-12-31,4.38152610441767
WDI:BM.GSR.INSF.ZS:VEN,1982-12-31,5.867768595041322
WDI:BM.GSR.INSF.ZS:VEN,1983-12-31,3.987318164863857
WDI:BM.GSR.INSF.ZS:VEN,1984-12-31,3.2332826747720365
WDI:BM.GSR.INSF.ZS:VEN,1985-12-31,4.131179637787567
WDI:BM.GSR.INSF.ZS:VEN,1986-12-31,4.967411545623836
WDI:BM.GSR.INSF.ZS:VEN,1987-12-31,5.138516532618409
WDI:BM.GSR.INSF.ZS:VEN,1988-12-31,5.6444289207125395
WDI:BM.GSR.INSF.ZS:VEN,1989-12-31,1.9042717447246524
WDI:BM.GSR.INSF.ZS:VEN,1990-12-31,3.9783700270374664
WDI:BM.GSR.INSF.ZS:VEN,1991-12-31,2.088698140200286
WDI:BM.GSR.INSF.ZS:VEN,1992-12-31,1.6605166051660518
WDI:BM.GSR.INSF.ZS:VEN,1993-12-31,1.9260231998249069
WDI:BM.GSR.INSF.ZS:VEN,1994-12-31,2.305414551607445
WDI:BM.GSR.INSF.ZS:VEN,1995-12-31,2.449979583503471
WDI:BM.GSR.INSF.ZS:VEN,1996-12-31,2.7970600244997956
WDI:BM.GSR.INSF.ZS:VEN,1997-12-31,7.209951764407211
WDI:BM.GSR.INSF.ZS:VEN,1998-12-31,5.873959571938169
WDI:BM.GSR.INSF.ZS:VEN,1999-12-31,5.757225433526012
WDI:BM.GSR.INSF.ZS:VEN,2000-12-31,5.086264844275151
WDI:BM.GSR.INSF.ZS:VEN,2001-12-31,5.608871827681808
WDI:BM.GSR.INSF.ZS:VEN,2002-12-31,7.150127226463105
WDI:BM.GSR.INSF.ZS:VEN,2003-12-31,7.727272727272727
WDI:BM.GSR.INSF.ZS:VEN,2004-12-31,6.104328523862375
WDI:BM.GSR.INSF.ZS:VEN,2005-12-31,8.699719363891488
WDI:BM.GSR.INSF.ZS:VEN,2006-12-31,8.747913188647747
WDI:BM.GSR.INSF.ZS:VEN,2007-12-31,8.94057786661821
WDI:BM.GSR.INSF.ZS:VEN,2008-12-31,8.77655567274371
WDI:BM.GSR.INSF.ZS:VEN,2009-12-31,8.937668564578964
WDI:BM.GSR.INSF.ZS:VEN,2010-12-31,6.535993303571429
WDI:BM.GSR.INSF.ZS:VEN,2011-12-31,5.0562462995855535
WDI:BM.GSR.INSF.ZS:VEN,2012-12-31,5.826641960057648
WDI:BM.GSR.INSF.ZS:VEN,2013-12-31,8.244749805548354
WDI:BM.GSR.INSF.ZS:VEN,2014-12-31,5.5731735964294105
WDI:BM.GSR.INSF.ZS:VEN,2015-12-31,5.554751916678721
WDI:BM.GSR.INSF.ZS:VEN,2016-12-31,3.821790540540541
WDI:BM.GSR.INSF.ZS:VUT,1982-12-31,5.952208544532947
WDI:BM.GSR.INSF.ZS:VUT,1983-12-31,5.380011968880902
WDI:BM.GSR.INSF.ZS:VUT,1984-12-31,5.06914482221675
WDI:BM.GSR.INSF.ZS:VUT,1985-12-31,5.064450407906442
WDI:BM.GSR.INSF.ZS:VUT,1986-12-31,5.84725536992841
WDI:BM.GSR.INSF.ZS:VUT,1987-12-31,7.225231996792468
WDI:BM.GSR.INSF.ZS:VUT,1988-12-31,6.466174117534622
WDI:BM.GSR.INSF.ZS:VUT,1989-12-31,5.979173735958978
WDI:BM.GSR.INSF.ZS:VUT,1990-12-31,6.568253175741234
WDI:BM.GSR.INSF.ZS:VUT,1991-12-31,5.427067549426041
WDI:BM.GSR.INSF.ZS:VUT,1992-12-31,4.926380988210309
WDI:BM.GSR.INSF.ZS:VUT,1993-12-31,4.361270588251838
WDI:BM.GSR.INSF.ZS:VUT,1994-12-31,4.807384493618563
WDI:BM.GSR.INSF.ZS:VUT,1995-12-31,4.728179780155528
WDI:BM.GSR.INSF.ZS:VUT,1996-12-31,4.387093466412297
WDI:BM.GSR.INSF.ZS:VUT,1997-12-31,3.702515927945951
WDI:BM.GSR.INSF.ZS:VUT,1998-12-31,9.645999560013456
WDI:BM.GSR.INSF.ZS:VUT,1999-12-31,6.340251646801338
WDI:BM.GSR.INSF.ZS:VUT,2000-12-31,10.635781932188953
WDI:BM.GSR.INSF.ZS:VUT,2001-12-31,11.083123123615435
WDI:BM.GSR.INSF.ZS:VUT,2002-12-31,2.6874987523929073
WDI:BM.GSR.INSF.ZS:VUT,2003-12-31,3.0495430214140864
WDI:BM.GSR.INSF.ZS:VUT,2004-12-31,3.621532321017331
WDI:BM.GSR.INSF.ZS:VUT,2005-12-31,4.89815032982514
WDI:BM.GSR.INSF.ZS:VUT,2006-12-31,5.397218994630269
WDI:BM.GSR.INSF.ZS:VUT,2007-12-31,6.560253104549278
WDI:BM.GSR.INSF.ZS:VUT,2008-12-31,4.960538070686736
WDI:BM.GSR.INSF.ZS:VUT,2009-12-31,7.6306192397509065
WDI:BM.GSR.INSF.ZS:VUT,2010-12-31,6.506945164715251
WDI:BM.GSR.INSF.ZS:VUT,2011-12-31,8.902830019425073
WDI:BM.GSR.INSF.ZS:VUT,2012-12-31,10.400513572475749
WDI:BM.GSR.INSF.ZS:VUT,2013-12-31,10.220051587775442
WDI:BM.GSR.INSF.ZS:VUT,2014-12-31,5.389493344572479
WDI:BM.GSR.INSF.ZS:VUT,2015-12-31,3.330900386415507
WDI:BM.GSR.INSF.ZS:VUT,2016-12-31,3.0289420345764757
WDI:BM.GSR.INSF.ZS:VUT,2017-12-31,6.340258530939634
WDI:BM.GSR.INSF.ZS:VUT,2018-12-31,5.7922837051947385
WDI:BM.GSR.INSF.ZS:VUT,2019-12-31,3.6694809613314416
WDI:BM.GSR.INSF.ZS:VUT,2020-12-31,4.1182999560023426
WDI:BM.GSR.INSF.ZS:VUT,2021-12-31,4.558787504379113
WDI:BM.GSR.INSF.ZS:VUT,2022-12-31,4.692700993363584
WDI:BM.GSR.INSF.ZS:WLD,1982-12-31,4.077306747806453
WDI:BM.GSR.INSF.ZS:WLD,1983-12-31,4.029585387898783
WDI:BM.GSR.INSF.ZS:WLD,1984-12-31,4.224267638771439
WDI:BM.GSR.INSF.ZS:WLD,1985-12-31,4.525639532882908
WDI:BM.GSR.INSF.ZS:WLD,1986-12-31,4.581544516686917
WDI:BM.GSR.INSF.ZS:WLD,1987-12-31,4.858227029100804
WDI:BM.GSR.INSF.ZS:WLD,1988-12-31,4.911681201496569
WDI:BM.GSR.INSF.ZS:WLD,1989-12-31,4.733771002562606
WDI:BM.GSR.INSF.ZS:WLD,1990-12-31,5.27192742141419
WDI:BM.GSR.INSF.ZS:WLD,1991-12-31,5.677290280671242
WDI:BM.GSR.INSF.ZS:WLD,1992-12-31,6.8781847587260305
WDI:BM.GSR.INSF.ZS:WLD,1993-12-31,6.342567574958335
WDI:BM.GSR.INSF.ZS:WLD,1994-12-31,4.951100477402907
WDI:BM.GSR.INSF.ZS:WLD,1995-12-31,5.3981075310798285
WDI:BM.GSR.INSF.ZS:WLD,1996-12-31,4.970386769354958
WDI:BM.GSR.INSF.ZS:WLD,1997-12-31,5.297216973636974
WDI:BM.GSR.INSF.ZS:WLD,1998-12-31,5.072280144766113
WDI:BM.GSR.INSF.ZS:WLD,1999-12-31,6.3001902723258825
WDI:BM.GSR.INSF.ZS:WLD,2000-12-31,6.462986839326511
WDI:BM.GSR.INSF.ZS:WLD,2001-12-31,7.017611646520584
WDI:BM.GSR.INSF.ZS:WLD,2002-12-31,7.612308393978234
WDI:BM.GSR.INSF.ZS:WLD,2003-12-31,7.769931144944108
WDI:BM.GSR.INSF.ZS:WLD,2004-12-31,8.061432666873701
WDI:BM.GSR.INSF.ZS:WLD,2005-12-31,8.038986573392066
WDI:BM.GSR.INSF.ZS:WLD,2006-12-31,9.083726811632946
WDI:BM.GSR.INSF.ZS:WLD,2007-12-31,9.188512908593621
WDI:BM.GSR.INSF.ZS:WLD,2008-12-31,8.879616848240506
WDI:BM.GSR.INSF.ZS:WLD,2009-12-31,9.44847742859134
WDI:BM.GSR.INSF.ZS:WLD,2010-12-31,9.426664582430458
WDI:BM.GSR.INSF.ZS:WLD,2011-12-31,9.12733992057414
WDI:BM.GSR.INSF.ZS:WLD,2012-12-31,8.833352915448218
WDI:BM.GSR.INSF.ZS:WLD,2013-12-31,8.82615516550213
WDI:BM.GSR.INSF.ZS:WLD,2014-12-31,8.569702292100574
WDI:BM.GSR.INSF.ZS:WLD,2015-12-31,8.276358804974606
WDI:BM.GSR.INSF.ZS:WLD,2016-12-31,8.464677250058974
WDI:BM.GSR.INSF.ZS:WLD,2017-12-31,8.240909924704244
WDI:BM.GSR.INSF.ZS:WLD,2018-12-31,8.006275919960805
WDI:BM.GSR.INSF.ZS:WLD,2019-12-31,7.912180105035197
WDI:BM.GSR.INSF.ZS:WLD,2020-12-31,10.083499414243818
WDI:BM.GSR.INSF.ZS:WLD,2021-12-31,10.300152276279897
WDI:BM.GSR.INSF.ZS:WLD,2022-12-31,8.919288252098344
WDI:BM.GSR.INSF.ZS:WLD,2023-12-31,8.88193400211666
WDI:BM.GSR.INSF.ZS:WLD,2024-12-31,9.03377128878233
WDI:BM.GSR.INSF.ZS:WLD,2025-12-31,9.38638723023867
WDI:BM.GSR.INSF.ZS:WSM,1977-12-31,7.999999999999999
WDI:BM.GSR.INSF.ZS:WSM,1978-12-31,7.831325301204815
WDI:BM.GSR.INSF.ZS:WSM,1979-12-31,7.466340269277846
WDI:BM.GSR.INSF.ZS:WSM,1980-12-31,4.172767203513905
WDI:BM.GSR.INSF.ZS:WSM,1981-12-31,4.92487479131889
WDI:BM.GSR.INSF.ZS:WSM,1982-12-31,3.942181340341659
WDI:BM.GSR.INSF.ZS:WSM,1983-12-31,3.8900414937759287
WDI:BM.GSR.INSF.ZS:WSM,1984-12-31,4.09872190392245
WDI:BM.GSR.INSF.ZS:WSM,1985-12-31,4.620329449578157
WDI:BM.GSR.INSF.ZS:WSM,1986-12-31,3.7947235272858695
WDI:BM.GSR.INSF.ZS:WSM,1987-12-31,4.102240454402021
WDI:BM.GSR.INSF.ZS:WSM,1988-12-31,4.135932560590093
WDI:BM.GSR.INSF.ZS:WSM,1989-12-31,4.101242090461697
WDI:BM.GSR.INSF.ZS:WSM,1990-12-31,3.2494758909853254
WDI:BM.GSR.INSF.ZS:WSM,1991-12-31,4.562417238473572
WDI:BM.GSR.INSF.ZS:WSM,1992-12-31,5.069554663430115
WDI:BM.GSR.INSF.ZS:WSM,1993-12-31,5.18171637992466
WDI:BM.GSR.INSF.ZS:WSM,1994-12-31,4.285714285714256
WDI:BM.GSR.INSF.ZS:WSM,1995-12-31,4.0206777713957385
WDI:BM.GSR.INSF.ZS:WSM,1996-12-31,5.2650260293421685
WDI:BM.GSR.INSF.ZS:WSM,1997-12-31,2.875804250341184
WDI:BM.GSR.INSF.ZS:WSM,1998-12-31,2.7874970842080726
WDI:BM.GSR.INSF.ZS:WSM,1999-12-31,5.813167500337981
WDI:BM.GSR.INSF.ZS:WSM,2004-12-31,6.753210262768299
WDI:BM.GSR.INSF.ZS:WSM,2005-12-31,1.3895045339435466
WDI:BM.GSR.INSF.ZS:WSM,2006-12-31,1.8266617738569295
WDI:BM.GSR.INSF.ZS:WSM,2007-12-31,2.073642965501856
WDI:BM.GSR.INSF.ZS:WSM,2008-12-31,1.156027405298885
WDI:BM.GSR.INSF.ZS:WSM,2009-12-31,0.910487935325683
WDI:BM.GSR.INSF.ZS:WSM,2010-12-31,0.9975528933344835
WDI:BM.GSR.INSF.ZS:WSM,2011-12-31,1.4403249139151344
WDI:BM.GSR.INSF.ZS:WSM,2012-12-31,1.968772398886374
WDI:BM.GSR.INSF.ZS:WSM,2013-12-31,8.875288305298257
WDI:BM.GSR.INSF.ZS:WSM,2014-12-31,9.951292182751006
WDI:BM.GSR.INSF.ZS:WSM,2015-12-31,9.733965264963127
WDI:BM.GSR.INSF.ZS:WSM,2016-12-31,12.808326514370757
WDI:BM.GSR.INSF.ZS:WSM,2017-12-31,7.473925991807412
WDI:BM.GSR.INSF.ZS:WSM,2018-12-31,6.958248021190008
WDI:BM.GSR.INSF.ZS:WSM,2019-12-31,7.04924293177545
WDI:BM.GSR.INSF.ZS:WSM,2020-12-31,6.4454901463197185
WDI:BM.GSR.INSF.ZS:WSM,2021-12-31,11.714085823568022
WDI:BM.GSR.INSF.ZS:WSM,2022-12-31,12.414085546848467
WDI:BM.GSR.INSF.ZS:WSM,2023-12-31,8.98750730633567
WDI:BM.GSR.INSF.ZS:WSM,2024-12-31,13.9548941729996
WDI:BM.GSR.INSF.ZS:WSM,2025-12-31,9.0811970901476
WDI:BM.GSR.INSF.ZS:XKX,2004-12-31,6.797398729855248
WDI:BM.GSR.INSF.ZS:XKX,2005-12-31,6.741274665531762
WDI:BM.GSR.INSF.ZS:XKX,2006-12-31,6.964157290026369
WDI:BM.GSR.INSF.ZS:XKX,2007-12-31,9.651220384252728
WDI:BM.GSR.INSF.ZS:XKX,2008-12-31,10.666632208294667
WDI:BM.GSR.INSF.ZS:XKX,2009-12-31,8.898241082406825
WDI:BM.GSR.INSF.ZS:XKX,2010-12-31,7.244089345265955
WDI:BM.GSR.INSF.ZS:XKX,2011-12-31,7.535890715789595
WDI:BM.GSR.INSF.ZS:XKX,2012-12-31,7.915418478334869
WDI:BM.GSR.INSF.ZS:XKX,2013-12-31,9.799417643917414
WDI:BM.GSR.INSF.ZS:XKX,2014-12-31,8.185134072061096
WDI:BM.GSR.INSF.ZS:XKX,2015-12-31,8.367493492037834
WDI:BM.GSR.INSF.ZS:XKX,2016-12-31,9.69610047875146
WDI:BM.GSR.INSF.ZS:XKX,2017-12-31,8.9196051095117
WDI:BM.GSR.INSF.ZS:XKX,2018-12-31,8.288109647207078
WDI:BM.GSR.INSF.ZS:XKX,2019-12-31,8.076620018603311
WDI:BM.GSR.INSF.ZS:XKX,2020-12-31,9.765551924214606
WDI:BM.GSR.INSF.ZS:XKX,2021-12-31,8.468471223004471
WDI:BM.GSR.INSF.ZS:XKX,2022-12-31,8.191709588276417
WDI:BM.GSR.INSF.ZS:XKX,2023-12-31,7.68957339660543
WDI:BM.GSR.INSF.ZS:XKX,2024-12-31,6.73422879350705
WDI:BM.GSR.INSF.ZS:XKX,2025-12-31,6.10601462864134
WDI:BM.GSR.INSF.ZS:YEM,2005-12-31,8.634813267339478
WDI:BM.GSR.INSF.ZS:YEM,2006-12-31,7.266611322544823
WDI:BM.GSR.INSF.ZS:YEM,2007-12-31,9.124748275418828
WDI:BM.GSR.INSF.ZS:YEM,2008-12-31,8.910460921160801
WDI:BM.GSR.INSF.ZS:YEM,2009-12-31,8.291958556378615
WDI:BM.GSR.INSF.ZS:YEM,2010-12-31,10.024933862188465
WDI:BM.GSR.INSF.ZS:YEM,2011-12-31,10.055588664276788
WDI:BM.GSR.INSF.ZS:YEM,2012-12-31,12.123026764272774
WDI:BM.GSR.INSF.ZS:YEM,2013-12-31,11.892569664922219
WDI:BM.GSR.INSF.ZS:YEM,2014-12-31,11.29663140101372
WDI:BM.GSR.INSF.ZS:YEM,2015-12-31,13.467736624755023
WDI:BM.GSR.INSF.ZS:YEM,2016-12-31,12.36148921368547
WDI:BM.GSR.INSF.ZS:ZAF,1960-12-31,15.642458100558699
WDI:BM.GSR.INSF.ZS:ZAF,1961-12-31,14.534883720930223
WDI:BM.GSR.INSF.ZS:ZAF,1962-12-31,16.23036649214663
WDI:BM.GSR.INSF.ZS:ZAF,1963-12-31,15.163934426229511
WDI:BM.GSR.INSF.ZS:ZAF,1964-12-31,13.919413919413934
WDI:BM.GSR.INSF.ZS:ZAF,1965-12-31,13.190184049079756
WDI:BM.GSR.INSF.ZS:ZAF,1966-12-31,11.953352769679306
WDI:BM.GSR.INSF.ZS:ZAF,1967-12-31,12.435233160621761
WDI:BM.GSR.INSF.ZS:ZAF,1968-12-31,12.135922330097097
WDI:BM.GSR.INSF.ZS:ZAF,1969-12-31,11.57894736842106
WDI:BM.GSR.INSF.ZS:ZAF,1970-12-31,10.787671232876708
WDI:BM.GSR.INSF.ZS:ZAF,1971-12-31,10.76903251745648
WDI:BM.GSR.INSF.ZS:ZAF,1972-12-31,11.067609468003347
WDI:BM.GSR.INSF.ZS:ZAF,1973-12-31,11.48410429140452
WDI:BM.GSR.INSF.ZS:ZAF,1974-12-31,10.679003611519079
WDI:BM.GSR.INSF.ZS:ZAF,1975-12-31,12.193993037481153
WDI:BM.GSR.INSF.ZS:ZAF,1976-12-31,13.735849056603774
WDI:BM.GSR.INSF.ZS:ZAF,1977-12-31,14.085404716379859
WDI:BM.GSR.INSF.ZS:ZAF,1978-12-31,13.599126160567995
WDI:BM.GSR.INSF.ZS:ZAF,1979-12-31,13.407645578556918
WDI:BM.GSR.INSF.ZS:ZAF,1980-12-31,11.982157182203416
WDI:BM.GSR.INSF.ZS:ZAF,1981-12-31,12.44245043389619
WDI:BM.GSR.INSF.ZS:ZAF,1982-12-31,12.100904031725584
WDI:BM.GSR.INSF.ZS:ZAF,1983-12-31,13.776777123947367
WDI:BM.GSR.INSF.ZS:ZAF,1984-12-31,13.254093677466633
WDI:BM.GSR.INSF.ZS:ZAF,1985-12-31,13.54852683458272
WDI:BM.GSR.INSF.ZS:ZAF,1986-12-31,12.999599861835435
WDI:BM.GSR.INSF.ZS:ZAF,1987-12-31,11.04217334991605
WDI:BM.GSR.INSF.ZS:ZAF,1988-12-31,8.736755217242981
WDI:BM.GSR.INSF.ZS:ZAF,1989-12-31,8.612508420733619
WDI:BM.GSR.INSF.ZS:ZAF,1990-12-31,10.94267070429233
WDI:BM.GSR.INSF.ZS:ZAF,1991-12-31,8.264049348128706
WDI:BM.GSR.INSF.ZS:ZAF,1992-12-31,8.409412233818205
WDI:BM.GSR.INSF.ZS:ZAF,1993-12-31,8.052077982870495
WDI:BM.GSR.INSF.ZS:ZAF,1994-12-31,8.56886600844789
WDI:BM.GSR.INSF.ZS:ZAF,1995-12-31,13.599046897380374
WDI:BM.GSR.INSF.ZS:ZAF,1996-12-31,8.634362176365936
WDI:BM.GSR.INSF.ZS:ZAF,1997-12-31,8.393082573832135
WDI:BM.GSR.INSF.ZS:ZAF,1998-12-31,7.222325911360848
WDI:BM.GSR.INSF.ZS:ZAF,1999-12-31,6.894805532484787
WDI:BM.GSR.INSF.ZS:ZAF,2000-12-31,6.502215852407714
WDI:BM.GSR.INSF.ZS:ZAF,2001-12-31,5.347212879760777
WDI:BM.GSR.INSF.ZS:ZAF,2002-12-31,5.446509271678609
WDI:BM.GSR.INSF.ZS:ZAF,2003-12-31,4.9654156800410885
WDI:BM.GSR.INSF.ZS:ZAF,2004-12-31,5.229075039029857
WDI:BM.GSR.INSF.ZS:ZAF,2005-12-31,5.4488595734093055
WDI:BM.GSR.INSF.ZS:ZAF,2006-12-31,4.469060351809679
WDI:BM.GSR.INSF.ZS:ZAF,2007-12-31,3.9409274221172366
WDI:BM.GSR.INSF.ZS:ZAF,2008-12-31,3.010394814211444
WDI:BM.GSR.INSF.ZS:ZAF,2009-12-31,1.7969102263432686
WDI:BM.GSR.INSF.ZS:ZAF,2010-12-31,2.4328806706819606
WDI:BM.GSR.INSF.ZS:ZAF,2011-12-31,2.5844861765284874
WDI:BM.GSR.INSF.ZS:ZAF,2012-12-31,2.990569221670394
WDI:BM.GSR.INSF.ZS:ZAF,2013-12-31,3.2273146638412196
WDI:BM.GSR.INSF.ZS:ZAF,2014-12-31,3.93904545746205
WDI:BM.GSR.INSF.ZS:ZAF,2015-12-31,4.121388544332652
WDI:BM.GSR.INSF.ZS:ZAF,2016-12-31,3.9753404511346715
WDI:BM.GSR.INSF.ZS:ZAF,2017-12-31,3.709276343070201
WDI:BM.GSR.INSF.ZS:ZAF,2018-12-31,3.9324533011987914
WDI:BM.GSR.INSF.ZS:ZAF,2019-12-31,3.5106703668533896
WDI:BM.GSR.INSF.ZS:ZAF,2020-12-31,5.555160598147077
WDI:BM.GSR.INSF.ZS:ZAF,2021-12-31,5.426197309050624
WDI:BM.GSR.INSF.ZS:ZAF,2022-12-31,4.513393817145022
WDI:BM.GSR.INSF.ZS:ZAF,2023-12-31,4.33264858648639
WDI:BM.GSR.INSF.ZS:ZAF,2024-12-31,6.36789756662854
WDI:BM.GSR.INSF.ZS:ZAF,2025-12-31,5.58272476137974
WDI:BM.GSR.INSF.ZS:ZMB,1978-12-31,4.538763493621198
WDI:BM.GSR.INSF.ZS:ZMB,1979-12-31,4.144736842105263
WDI:BM.GSR.INSF.ZS:ZMB,1980-12-31,4.039318077100291
WDI:BM.GSR.INSF.ZS:ZMB,1981-12-31,3.3704020530367833
WDI:BM.GSR.INSF.ZS:ZMB,1982-12-31,4.013705335291238
WDI:BM.GSR.INSF.ZS:ZMB,1983-12-31,4.1017964071856285
WDI:BM.GSR.INSF.ZS:ZMB,1984-12-31,4.475043029259897
WDI:BM.GSR.INSF.ZS:ZMB,1985-12-31,5.383104125736739
WDI:BM.GSR.INSF.ZS:ZMB,1986-12-31,5.432595573440644
WDI:BM.GSR.INSF.ZS:ZMB,1987-12-31,4.977578475336323
WDI:BM.GSR.INSF.ZS:ZMB,1988-12-31,5.119335869941197
WDI:BM.GSR.INSF.ZS:ZMB,1989-12-31,4.528046857400316
WDI:BM.GSR.INSF.ZS:ZMB,1990-12-31,5.05050505050505
WDI:BM.GSR.INSF.ZS:ZMB,1991-12-31,3.390297684674752
WDI:BM.GSR.INSF.ZS:ZMB,1997-12-31,-0.03549875754348598
WDI:BM.GSR.INSF.ZS:ZMB,1998-12-31,0.1079136690647482
WDI:BM.GSR.INSF.ZS:ZMB,1999-12-31,0.2943100065402224
WDI:BM.GSR.INSF.ZS:ZMB,2000-12-31,5.917043056349973
WDI:BM.GSR.INSF.ZS:ZMB,2001-12-31,6.9007540642168355
WDI:BM.GSR.INSF.ZS:ZMB,2002-12-31,6.483457844183564
WDI:BM.GSR.INSF.ZS:ZMB,2003-12-31,6.965790778383739
WDI:BM.GSR.INSF.ZS:ZMB,2004-12-31,7.80236977420076
WDI:BM.GSR.INSF.ZS:ZMB,2005-12-31,3.624128646872679
WDI:BM.GSR.INSF.ZS:ZMB,2006-12-31,3.5353946684775153
WDI:BM.GSR.INSF.ZS:ZMB,2007-12-31,2.9245973502274687
WDI:BM.GSR.INSF.ZS:ZMB,2008-12-31,3.6258379910990843
WDI:BM.GSR.INSF.ZS:ZMB,2009-12-31,3.5355089358392253
WDI:BM.GSR.INSF.ZS:ZMB,2010-12-31,3.6137093546825274
WDI:BM.GSR.INSF.ZS:ZMB,2011-12-31,9.025493463325596
WDI:BM.GSR.INSF.ZS:ZMB,2012-12-31,10.84379293741205
WDI:BM.GSR.INSF.ZS:ZMB,2013-12-31,7.516906662048936
WDI:BM.GSR.INSF.ZS:ZMB,2014-12-31,8.952421560200898
WDI:BM.GSR.INSF.ZS:ZMB,2015-12-31,10.698455767857167
WDI:BM.GSR.INSF.ZS:ZMB,2016-12-31,10.35468814930863
WDI:BM.GSR.INSF.ZS:ZMB,2017-12-31,10.938035231543019
WDI:BM.GSR.INSF.ZS:ZMB,2018-12-31,8.572284942068533
WDI:BM.GSR.INSF.ZS:ZMB,2019-12-31,9.108113186591623
WDI:BM.GSR.INSF.ZS:ZMB,2020-12-31,6.649114236039607
WDI:BM.GSR.INSF.ZS:ZMB,2021-12-31,2.386216760657804
WDI:BM.GSR.INSF.ZS:ZMB,2022-12-31,10.560797301243706
WDI:BM.GSR.INSF.ZS:ZMB,2023-12-31,11.3192046320034
WDI:BM.GSR.INSF.ZS:ZMB,2024-12-31,7.77195037334205
WDI:BM.GSR.INSF.ZS:ZWE,1977-12-31,2.70877192982456
WDI:BM.GSR.INSF.ZS:ZWE,1978-12-31,2.817715019255457
WDI:BM.GSR.INSF.ZS:ZWE,1979-12-31,2.469398616285257
WDI:BM.GSR.INSF.ZS:ZWE,1980-12-31,2.5599685410931787
WDI:BM.GSR.INSF.ZS:ZWE,1981-12-31,3.4897099450420495
WDI:BM.GSR.INSF.ZS:ZWE,1982-12-31,3.6786359951254113
WDI:BM.GSR.INSF.ZS:ZWE,1983-12-31,4.4058049976846645
WDI:BM.GSR.INSF.ZS:ZWE,1984-12-31,4.016632795959675
WDI:BM.GSR.INSF.ZS:ZWE,1985-12-31,2.1624604803497136
WDI:BM.GSR.INSF.ZS:ZWE,1986-12-31,3.221051690370519
WDI:BM.GSR.INSF.ZS:ZWE,1987-12-31,3.0256166445758335
WDI:BM.GSR.INSF.ZS:ZWE,1988-12-31,3.010781671159028
WDI:BM.GSR.INSF.ZS:ZWE,1989-12-31,3.1464771376891547
WDI:BM.GSR.INSF.ZS:ZWE,1990-12-31,3.1191440106051993
WDI:BM.GSR.INSF.ZS:ZWE,1991-12-31,3.315678535315658
WDI:BM.GSR.INSF.ZS:ZWE,1992-12-31,4.159956394398537
WDI:BM.GSR.INSF.ZS:ZWE,1993-12-31,3.578266269262646
WDI:BM.GSR.INSF.ZS:ZWE,1994-12-31,2.571683358217321
WDI:BM.GSR.INSF.ZS:ZWE,2017-12-31,8.922946099018562
WDI:BM.GSR.INSF.ZS:ZWE,2018-12-31,9.683088791952692
WDI:BM.GSR.INSF.ZS:ZWE,2019-12-31,12.409561539962976
WDI:BM.GSR.INSF.ZS:ZWE,2020-12-31,11.515255823224562
WDI:BM.GSR.INSF.ZS:ZWE,2021-12-31,10.506154171292364
WDI:BM.GSR.INSF.ZS:ZWE,2022-12-31,8.666313402895133
WDI:BM.GSR.INSF.ZS:ZWE,2023-12-31,7.13934072151196
WDI:BM.GSR.INSF.ZS:ZWE,2024-12-31,6.96756036872645
