series_id,obs_date,value
WDI:DT.ODA.ODAT.GI.ZS:ABW,1995-12-31,6.274728075317704
WDI:DT.ODA.ODAT.GI.ZS:ABW,1996-12-31,4.972788226044871
WDI:DT.ODA.ODAT.GI.ZS:ABW,1997-12-31,5.413184493816082
WDI:DT.ODA.ODAT.GI.ZS:ABW,1998-12-31,2.1328466042008913
WDI:DT.ODA.ODAT.GI.ZS:ABW,1999-12-31,-1.387626071937946
WDI:DT.ODA.ODAT.GI.ZS:AFE,1994-12-31,21.641865324187634
WDI:DT.ODA.ODAT.GI.ZS:AFE,1995-12-31,20.085469288529822
WDI:DT.ODA.ODAT.GI.ZS:AFE,1996-12-31,15.786913118193693
WDI:DT.ODA.ODAT.GI.ZS:AFE,1997-12-31,15.626122781246565
WDI:DT.ODA.ODAT.GI.ZS:AFE,1998-12-31,14.840491246477558
WDI:DT.ODA.ODAT.GI.ZS:AFE,1999-12-31,14.9606526066793
WDI:DT.ODA.ODAT.GI.ZS:AFE,2000-12-31,14.672486234972004
WDI:DT.ODA.ODAT.GI.ZS:AFE,2001-12-31,17.891185478058095
WDI:DT.ODA.ODAT.GI.ZS:AFE,2002-12-31,23.96232994176659
WDI:DT.ODA.ODAT.GI.ZS:AFE,2003-12-31,25.196673875923654
WDI:DT.ODA.ODAT.GI.ZS:AFE,2004-12-31,18.449874001069887
WDI:DT.ODA.ODAT.GI.ZS:AFE,2005-12-31,16.181707099407095
WDI:DT.ODA.ODAT.GI.ZS:AFE,2006-12-31,15.407288281292308
WDI:DT.ODA.ODAT.GI.ZS:AFE,2007-12-31,14.126083288321128
WDI:DT.ODA.ODAT.GI.ZS:AFE,2008-12-31,13.649538565036535
WDI:DT.ODA.ODAT.GI.ZS:AFE,2009-12-31,14.646531720695846
WDI:DT.ODA.ODAT.GI.ZS:AFE,2010-12-31,13.395542297736426
WDI:DT.ODA.ODAT.GI.ZS:AFE,2011-12-31,13.16323097983333
WDI:DT.ODA.ODAT.GI.ZS:AFE,2012-12-31,11.620770827194493
WDI:DT.ODA.ODAT.GI.ZS:AFE,2013-12-31,12.532942382133106
WDI:DT.ODA.ODAT.GI.ZS:AFE,2014-12-31,10.670036099649035
WDI:DT.ODA.ODAT.GI.ZS:AFE,2015-12-31,11.936221353771705
WDI:DT.ODA.ODAT.GI.ZS:AFE,2016-12-31,13.670352174563389
WDI:DT.ODA.ODAT.GI.ZS:AFE,2017-12-31,12.939839571735586
WDI:DT.ODA.ODAT.GI.ZS:AFE,2018-12-31,12.370377095772927
WDI:DT.ODA.ODAT.GI.ZS:AFE,2019-12-31,12.858479787676558
WDI:DT.ODA.ODAT.GI.ZS:AFE,2020-12-31,20.083478081102037
WDI:DT.ODA.ODAT.GI.ZS:AFE,2021-12-31,15.902408523783734
WDI:DT.ODA.ODAT.GI.ZS:AFG,1960-12-31,19.823067109527408
WDI:DT.ODA.ODAT.GI.ZS:AFG,1961-12-31,38.05241845254071
WDI:DT.ODA.ODAT.GI.ZS:AFG,1962-12-31,16.209565103512514
WDI:DT.ODA.ODAT.GI.ZS:AFG,1963-12-31,34.37810466191286
WDI:DT.ODA.ODAT.GI.ZS:AFG,1964-12-31,41.55298173085807
WDI:DT.ODA.ODAT.GI.ZS:AFG,1965-12-31,47.58529158778503
WDI:DT.ODA.ODAT.GI.ZS:AFG,1966-12-31,43.166040308765595
WDI:DT.ODA.ODAT.GI.ZS:AFG,1967-12-31,47.40000211275542
WDI:DT.ODA.ODAT.GI.ZS:AFG,1968-12-31,32.89499974250798
WDI:DT.ODA.ODAT.GI.ZS:AFG,1969-12-31,29.90853658536586
WDI:DT.ODA.ODAT.GI.ZS:AFG,1970-12-31,28.894184669378326
WDI:DT.ODA.ODAT.GI.ZS:AFG,1971-12-31,44.44000158937577
WDI:DT.ODA.ODAT.GI.ZS:AFG,1972-12-31,52.83191181355693
WDI:DT.ODA.ODAT.GI.ZS:AFG,1973-12-31,43.98947696315913
WDI:DT.ODA.ODAT.GI.ZS:AFG,1974-12-31,25.89353024487218
WDI:DT.ODA.ODAT.GI.ZS:AFG,1975-12-31,28.98173222175011
WDI:DT.ODA.ODAT.GI.ZS:AFG,1976-12-31,20.12101861805067
WDI:DT.ODA.ODAT.GI.ZS:AFG,1977-12-31,22.560000743100858
WDI:DT.ODA.ODAT.GI.ZS:AFG,1978-12-31,16.274271449653604
WDI:DT.ODA.ODAT.GI.ZS:AFG,2020-12-31,183.4614160608585
WDI:DT.ODA.ODAT.GI.ZS:AFG,2021-12-31,253.0861985737269
WDI:DT.ODA.ODAT.GI.ZS:AFG,2022-12-31,161.70602233110435
WDI:DT.ODA.ODAT.GI.ZS:AFG,2023-12-31,116.672833699192
WDI:DT.ODA.ODAT.GI.ZS:AGO,2002-12-31,8.03261919463
WDI:DT.ODA.ODAT.GI.ZS:AGO,2003-12-31,8.139088820616628
WDI:DT.ODA.ODAT.GI.ZS:AGO,2004-12-31,12.963438881214657
WDI:DT.ODA.ODAT.GI.ZS:AGO,2005-12-31,3.575824094942316
WDI:DT.ODA.ODAT.GI.ZS:AGO,2006-12-31,1.155433780609647
WDI:DT.ODA.ODAT.GI.ZS:AGO,2007-12-31,1.3246271400418614
WDI:DT.ODA.ODAT.GI.ZS:AGO,2008-12-31,1.2031783928407636
WDI:DT.ODA.ODAT.GI.ZS:AGO,2009-12-31,0.6944178105636393
WDI:DT.ODA.ODAT.GI.ZS:AGO,2010-12-31,0.8124218895758248
WDI:DT.ODA.ODAT.GI.ZS:AGO,2011-12-31,0.5615395221136404
WDI:DT.ODA.ODAT.GI.ZS:AGO,2012-12-31,0.6066702993249702
WDI:DT.ODA.ODAT.GI.ZS:AGO,2013-12-31,0.7106644911612662
WDI:DT.ODA.ODAT.GI.ZS:AGO,2014-12-31,0.5312842124093782
WDI:DT.ODA.ODAT.GI.ZS:AGO,2015-12-31,1.2732856898393325
WDI:DT.ODA.ODAT.GI.ZS:AGO,2016-12-31,1.1445061225555702
WDI:DT.ODA.ODAT.GI.ZS:AGO,2017-12-31,0.906197513189822
WDI:DT.ODA.ODAT.GI.ZS:AGO,2018-12-31,0.7508040587059848
WDI:DT.ODA.ODAT.GI.ZS:AGO,2019-12-31,0.11396823333067012
WDI:DT.ODA.ODAT.GI.ZS:AGO,2020-12-31,0.9763843849439359
WDI:DT.ODA.ODAT.GI.ZS:AGO,2021-12-31,1.9581109988739605
WDI:DT.ODA.ODAT.GI.ZS:AGO,2022-12-31,0.515709049251982
WDI:DT.ODA.ODAT.GI.ZS:AGO,2023-12-31,1.11572366687415
WDI:DT.ODA.ODAT.GI.ZS:ALB,1988-12-31,0.9048006968396747
WDI:DT.ODA.ODAT.GI.ZS:ALB,1989-12-31,1.3958825485119921
WDI:DT.ODA.ODAT.GI.ZS:ALB,1990-12-31,1.7941570460925678
WDI:DT.ODA.ODAT.GI.ZS:ALB,1991-12-31,397.0660942626778
WDI:DT.ODA.ODAT.GI.ZS:ALB,1992-12-31,1110.3919535523391
WDI:DT.ODA.ODAT.GI.ZS:ALB,1993-12-31,166.97780473707346
WDI:DT.ODA.ODAT.GI.ZS:ALB,1994-12-31,45.88737384377991
WDI:DT.ODA.ODAT.GI.ZS:ALB,1995-12-31,37.84392872413541
WDI:DT.ODA.ODAT.GI.ZS:ALB,1996-12-31,33.13424072888828
WDI:DT.ODA.ODAT.GI.ZS:ALB,1997-12-31,37.12146970251819
WDI:DT.ODA.ODAT.GI.ZS:ALB,1998-12-31,45.3493103087365
WDI:DT.ODA.ODAT.GI.ZS:ALB,1999-12-31,61.247665776781666
WDI:DT.ODA.ODAT.GI.ZS:ALB,2000-12-31,26.04954790175718
WDI:DT.ODA.ODAT.GI.ZS:ALB,2001-12-31,17.305827346159237
WDI:DT.ODA.ODAT.GI.ZS:ALB,2002-12-31,17.647238453180456
WDI:DT.ODA.ODAT.GI.ZS:ALB,2003-12-31,16.39574430494763
WDI:DT.ODA.ODAT.GI.ZS:ALB,2004-12-31,11.183254698909858
WDI:DT.ODA.ODAT.GI.ZS:ALB,2005-12-31,9.941844456876721
WDI:DT.ODA.ODAT.GI.ZS:ALB,2006-12-31,9.48407994484107
WDI:DT.ODA.ODAT.GI.ZS:ALB,2007-12-31,7.783264405942382
WDI:DT.ODA.ODAT.GI.ZS:ALB,2008-12-31,8.262078734242506
WDI:DT.ODA.ODAT.GI.ZS:ALB,2009-12-31,8.92492509091117
WDI:DT.ODA.ODAT.GI.ZS:ALB,2010-12-31,8.151535385820296
WDI:DT.ODA.ODAT.GI.ZS:ALB,2011-12-31,8.644195110618362
WDI:DT.ODA.ODAT.GI.ZS:ALB,2012-12-31,9.594814816016568
WDI:DT.ODA.ODAT.GI.ZS:ALB,2013-12-31,7.260688788439166
WDI:DT.ODA.ODAT.GI.ZS:ALB,2014-12-31,7.471040331172758
WDI:DT.ODA.ODAT.GI.ZS:ALB,2015-12-31,10.505678922287427
WDI:DT.ODA.ODAT.GI.ZS:ALB,2016-12-31,5.320519468502451
WDI:DT.ODA.ODAT.GI.ZS:ALB,2017-12-31,4.591179417305395
WDI:DT.ODA.ODAT.GI.ZS:ALB,2018-12-31,8.258357907670282
WDI:DT.ODA.ODAT.GI.ZS:ALB,2019-12-31,0.7137717031610323
WDI:DT.ODA.ODAT.GI.ZS:ALB,2020-12-31,7.772471114850249
WDI:DT.ODA.ODAT.GI.ZS:ALB,2021-12-31,12.270905368780088
WDI:DT.ODA.ODAT.GI.ZS:ALB,2022-12-31,6.214692700684981
WDI:DT.ODA.ODAT.GI.ZS:ALB,2023-12-31,6.54954424455449
WDI:DT.ODA.ODAT.GI.ZS:ARB,1970-12-31,8.501005850525972
WDI:DT.ODA.ODAT.GI.ZS:ARB,1971-12-31,7.86571136325048
WDI:DT.ODA.ODAT.GI.ZS:ARB,1972-12-31,8.049736281769585
WDI:DT.ODA.ODAT.GI.ZS:ARB,1973-12-31,25.15732668074337
WDI:DT.ODA.ODAT.GI.ZS:ARB,1974-12-31,10.122343553421464
WDI:DT.ODA.ODAT.GI.ZS:ARB,1975-12-31,14.53319662636865
WDI:DT.ODA.ODAT.GI.ZS:ARB,1976-12-31,10.372264676496384
WDI:DT.ODA.ODAT.GI.ZS:ARB,1977-12-31,10.268085314969166
WDI:DT.ODA.ODAT.GI.ZS:ARB,1978-12-31,8.372617174981484
WDI:DT.ODA.ODAT.GI.ZS:ARB,1979-12-31,8.472872314500787
WDI:DT.ODA.ODAT.GI.ZS:ARB,1980-12-31,7.637505232118581
WDI:DT.ODA.ODAT.GI.ZS:ARB,1981-12-31,6.590044904352592
WDI:DT.ODA.ODAT.GI.ZS:ARB,1982-12-31,5.323445182741509
WDI:DT.ODA.ODAT.GI.ZS:ARB,1983-12-31,5.1856254279499
WDI:DT.ODA.ODAT.GI.ZS:ARB,1984-12-31,4.881154335403382
WDI:DT.ODA.ODAT.GI.ZS:ARB,1985-12-31,6.327110332157747
WDI:DT.ODA.ODAT.GI.ZS:ARB,1986-12-31,6.473657588221925
WDI:DT.ODA.ODAT.GI.ZS:ARB,1987-12-31,7.273537124578784
WDI:DT.ODA.ODAT.GI.ZS:ARB,1988-12-31,5.460005589075425
WDI:DT.ODA.ODAT.GI.ZS:ARB,1989-12-31,6.268121514923876
WDI:DT.ODA.ODAT.GI.ZS:ARB,1990-12-31,6.589951333942487
WDI:DT.ODA.ODAT.GI.ZS:ARB,1991-12-31,11.5688169448064
WDI:DT.ODA.ODAT.GI.ZS:ARB,1992-12-31,7.949599243045976
WDI:DT.ODA.ODAT.GI.ZS:ARB,1993-12-31,6.7443233938921185
WDI:DT.ODA.ODAT.GI.ZS:ARB,1994-12-31,7.291842656025262
WDI:DT.ODA.ODAT.GI.ZS:ARB,1995-12-31,5.244284365411281
WDI:DT.ODA.ODAT.GI.ZS:ARB,1996-12-31,5.343600313552339
WDI:DT.ODA.ODAT.GI.ZS:ARB,1997-12-31,5.147190837005131
WDI:DT.ODA.ODAT.GI.ZS:ARB,1998-12-31,4.883155942775636
WDI:DT.ODA.ODAT.GI.ZS:ARB,1999-12-31,3.7923783109649367
WDI:DT.ODA.ODAT.GI.ZS:ARB,2000-12-31,3.344235360413176
WDI:DT.ODA.ODAT.GI.ZS:ARB,2001-12-31,3.4177800851976117
WDI:DT.ODA.ODAT.GI.ZS:ARB,2002-12-31,3.378065489138276
WDI:DT.ODA.ODAT.GI.ZS:ARB,2003-12-31,5.150321550678357
WDI:DT.ODA.ODAT.GI.ZS:ARB,2004-12-31,5.497099983594367
WDI:DT.ODA.ODAT.GI.ZS:ARB,2005-12-31,11.321097609725237
WDI:DT.ODA.ODAT.GI.ZS:ARB,2006-12-31,5.404114236919078
WDI:DT.ODA.ODAT.GI.ZS:ARB,2007-12-31,4.482771355927758
WDI:DT.ODA.ODAT.GI.ZS:ARB,2008-12-31,4.065617636870696
WDI:DT.ODA.ODAT.GI.ZS:ARB,2009-12-31,2.7710514076872634
WDI:DT.ODA.ODAT.GI.ZS:ARB,2010-12-31,2.123730822541302
WDI:DT.ODA.ODAT.GI.ZS:ARB,2011-12-31,2.1883988415929827
WDI:DT.ODA.ODAT.GI.ZS:ARB,2012-12-31,2.271030599538937
WDI:DT.ODA.ODAT.GI.ZS:ARB,2013-12-31,3.1880244916635068
WDI:DT.ODA.ODAT.GI.ZS:ARB,2014-12-31,2.9868134062287957
WDI:DT.ODA.ODAT.GI.ZS:ARB,2015-12-31,2.9638384453393374
WDI:DT.ODA.ODAT.GI.ZS:ARB,2016-12-31,4.105581543482976
WDI:DT.ODA.ODAT.GI.ZS:ARB,2017-12-31,4.425332658665457
WDI:DT.ODA.ODAT.GI.ZS:ARB,2018-12-31,4.651548779883621
WDI:DT.ODA.ODAT.GI.ZS:ARB,2019-12-31,3.90540624498847
WDI:DT.ODA.ODAT.GI.ZS:ARB,2020-12-31,5.195770535386728
WDI:DT.ODA.ODAT.GI.ZS:ARB,2021-12-31,5.237799037330643
WDI:DT.ODA.ODAT.GI.ZS:ARG,1960-12-31,1.1825211470326966
WDI:DT.ODA.ODAT.GI.ZS:ARG,1961-12-31,0.980142723468451
WDI:DT.ODA.ODAT.GI.ZS:ARG,1962-12-31,1.3842074721451254
WDI:DT.ODA.ODAT.GI.ZS:ARG,1963-12-31,0.834720311856283
WDI:DT.ODA.ODAT.GI.ZS:ARG,1964-12-31,-0.09620895052531421
WDI:DT.ODA.ODAT.GI.ZS:ARG,1965-12-31,-0.8990006827543936
WDI:DT.ODA.ODAT.GI.ZS:ARG,1966-12-31,-0.1577847888809997
WDI:DT.ODA.ODAT.GI.ZS:ARG,1967-12-31,0.17450240216430432
WDI:DT.ODA.ODAT.GI.ZS:ARG,1968-12-31,0.04743398081154934
WDI:DT.ODA.ODAT.GI.ZS:ARG,1969-12-31,0.23444464269015056
WDI:DT.ODA.ODAT.GI.ZS:ARG,1970-12-31,-0.031609448513762704
WDI:DT.ODA.ODAT.GI.ZS:ARG,1971-12-31,0.06203288598410911
WDI:DT.ODA.ODAT.GI.ZS:ARG,1972-12-31,0.022775885429604466
WDI:DT.ODA.ODAT.GI.ZS:ARG,1973-12-31,0.1235147711287579
WDI:DT.ODA.ODAT.GI.ZS:ARG,1974-12-31,0.0989167704219852
WDI:DT.ODA.ODAT.GI.ZS:ARG,1975-12-31,0.07772782418103373
WDI:DT.ODA.ODAT.GI.ZS:ARG,1976-12-31,0.08960767009138096
WDI:DT.ODA.ODAT.GI.ZS:ARG,1977-12-31,0.09328931107192309
WDI:DT.ODA.ODAT.GI.ZS:ARG,1978-12-31,0.06770106100412134
WDI:DT.ODA.ODAT.GI.ZS:ARG,1979-12-31,0.1578763833411032
WDI:DT.ODA.ODAT.GI.ZS:ARG,1980-12-31,0.22470432606165286
WDI:DT.ODA.ODAT.GI.ZS:ARG,1981-12-31,0.20630012210536577
WDI:DT.ODA.ODAT.GI.ZS:ARG,1982-12-31,0.1607868686362883
WDI:DT.ODA.ODAT.GI.ZS:ARG,1983-12-31,0.15847948516931235
WDI:DT.ODA.ODAT.GI.ZS:ARG,1984-12-31,0.14026802996780469
WDI:DT.ODA.ODAT.GI.ZS:ARG,1985-12-31,0.2520490496403944
WDI:DT.ODA.ODAT.GI.ZS:ARG,1986-12-31,0.3984922631443776
WDI:DT.ODA.ODAT.GI.ZS:ARG,1987-12-31,0.3919103947483682
WDI:DT.ODA.ODAT.GI.ZS:ARG,1988-12-31,0.6023915584346958
WDI:DT.ODA.ODAT.GI.ZS:ARG,1989-12-31,1.6957875740426616
WDI:DT.ODA.ODAT.GI.ZS:ARG,1990-12-31,0.867470781974448
WDI:DT.ODA.ODAT.GI.ZS:ARG,1991-12-31,1.0002782820615528
WDI:DT.ODA.ODAT.GI.ZS:ARG,1992-12-31,0.6980344423992918
WDI:DT.ODA.ODAT.GI.ZS:ARG,1993-12-31,0.5276767943040694
WDI:DT.ODA.ODAT.GI.ZS:ARG,1994-12-31,0.31307696884903585
WDI:DT.ODA.ODAT.GI.ZS:ARG,1995-12-31,0.31040953694235235
WDI:DT.ODA.ODAT.GI.ZS:ARG,1996-12-31,0.2292612614011385
WDI:DT.ODA.ODAT.GI.ZS:ARG,1997-12-31,0.16273933710489236
WDI:DT.ODA.ODAT.GI.ZS:ARG,1998-12-31,0.11797453364788395
WDI:DT.ODA.ODAT.GI.ZS:ARG,1999-12-31,0.1626634137830217
WDI:DT.ODA.ODAT.GI.ZS:ARG,2000-12-31,0.1496170577878789
WDI:DT.ODA.ODAT.GI.ZS:ARG,2001-12-31,0.3754434596260208
WDI:DT.ODA.ODAT.GI.ZS:ARG,2002-12-31,0.9332629722544907
WDI:DT.ODA.ODAT.GI.ZS:ARG,2003-12-31,0.6521810546455008
WDI:DT.ODA.ODAT.GI.ZS:ARG,2004-12-31,0.33681574857600527
WDI:DT.ODA.ODAT.GI.ZS:ARG,2005-12-31,0.25005601978781244
WDI:DT.ODA.ODAT.GI.ZS:ARG,2006-12-31,0.26289585157227513
WDI:DT.ODA.ODAT.GI.ZS:ARG,2007-12-31,0.15613227173731423
WDI:DT.ODA.ODAT.GI.ZS:ARG,2008-12-31,0.1766612830821984
WDI:DT.ODA.ODAT.GI.ZS:ARG,2009-12-31,0.21707231909384345
WDI:DT.ODA.ODAT.GI.ZS:ARG,2010-12-31,0.16438795677498982
WDI:DT.ODA.ODAT.GI.ZS:ARG,2011-12-31,0.09950084782582846
WDI:DT.ODA.ODAT.GI.ZS:ARG,2012-12-31,0.19730052224679065
WDI:DT.ODA.ODAT.GI.ZS:ARG,2013-12-31,0.03635085669021912
WDI:DT.ODA.ODAT.GI.ZS:ARG,2014-12-31,0.05370344392369874
WDI:DT.ODA.ODAT.GI.ZS:ARG,2015-12-31,-0.01858549980115817
WDI:DT.ODA.ODAT.GI.ZS:ARG,2016-12-31,0.0026601449747311553
WDI:DT.ODA.ODAT.GI.ZS:ARG,2017-12-31,-0.000994475829476078
WDI:DT.ODA.ODAT.GI.ZS:ARG,2018-12-31,0.08397819295968832
WDI:DT.ODA.ODAT.GI.ZS:ARG,2019-12-31,0.01492383693336171
WDI:DT.ODA.ODAT.GI.ZS:ARG,2020-12-31,0.18537540613586556
WDI:DT.ODA.ODAT.GI.ZS:ARG,2021-12-31,0.17800591643678765
WDI:DT.ODA.ODAT.GI.ZS:ARG,2022-12-31,0.34960733543067307
WDI:DT.ODA.ODAT.GI.ZS:ARG,2023-12-31,0.205768934542397
WDI:DT.ODA.ODAT.GI.ZS:ARM,1991-12-31,0.33034700662931815
WDI:DT.ODA.ODAT.GI.ZS:ARM,1992-12-31,108.12381790372243
WDI:DT.ODA.ODAT.GI.ZS:ARM,1993-12-31,92.29650300999566
WDI:DT.ODA.ODAT.GI.ZS:ARM,1994-12-31,52.0485677438389
WDI:DT.ODA.ODAT.GI.ZS:ARM,1995-12-31,71.25404885537345
WDI:DT.ODA.ODAT.GI.ZS:ARM,1996-12-31,86.75788323138178
WDI:DT.ODA.ODAT.GI.ZS:ARM,1997-12-31,43.591481003862214
WDI:DT.ODA.ODAT.GI.ZS:ARM,1998-12-31,45.21656963026203
WDI:DT.ODA.ODAT.GI.ZS:ARM,1999-12-31,54.59063813871463
WDI:DT.ODA.ODAT.GI.ZS:ARM,2000-12-31,51.51776558302862
WDI:DT.ODA.ODAT.GI.ZS:ARM,2001-12-31,43.582379340548236
WDI:DT.ODA.ODAT.GI.ZS:ARM,2002-12-31,48.87512064329192
WDI:DT.ODA.ODAT.GI.ZS:ARM,2003-12-31,31.467643284615864
WDI:DT.ODA.ODAT.GI.ZS:ARM,2004-12-31,24.589234446643786
WDI:DT.ODA.ODAT.GI.ZS:ARM,2005-12-31,9.848694744347931
WDI:DT.ODA.ODAT.GI.ZS:ARM,2006-12-31,7.989481317979603
WDI:DT.ODA.ODAT.GI.ZS:ARM,2007-12-31,8.618356340838378
WDI:DT.ODA.ODAT.GI.ZS:ARM,2008-12-31,5.294604884744093
WDI:DT.ODA.ODAT.GI.ZS:ARM,2009-12-31,11.398906429129271
WDI:DT.ODA.ODAT.GI.ZS:ARM,2010-12-31,8.262395533663973
WDI:DT.ODA.ODAT.GI.ZS:ARM,2011-12-31,11.613483414154722
WDI:DT.ODA.ODAT.GI.ZS:ARM,2012-12-31,10.322823759262334
WDI:DT.ODA.ODAT.GI.ZS:ARM,2013-12-31,11.379782427912465
WDI:DT.ODA.ODAT.GI.ZS:ARM,2014-12-31,10.823321087005889
WDI:DT.ODA.ODAT.GI.ZS:ARM,2015-12-31,15.882727677325025
WDI:DT.ODA.ODAT.GI.ZS:ARM,2016-12-31,17.181316659625683
WDI:DT.ODA.ODAT.GI.ZS:ARM,2017-12-31,12.127947865659246
WDI:DT.ODA.ODAT.GI.ZS:ARM,2018-12-31,5.082024858543074
WDI:DT.ODA.ODAT.GI.ZS:ARM,2019-12-31,17.639297637319252
WDI:DT.ODA.ODAT.GI.ZS:ARM,2020-12-31,5.1324562321464535
WDI:DT.ODA.ODAT.GI.ZS:ARM,2021-12-31,5.10787592900628
WDI:DT.ODA.ODAT.GI.ZS:ARM,2022-12-31,6.938724923896121
WDI:DT.ODA.ODAT.GI.ZS:ARM,2023-12-31,3.6971324087555
WDI:DT.ODA.ODAT.GI.ZS:AZE,1991-12-31,0.1807228987475476
WDI:DT.ODA.ODAT.GI.ZS:AZE,1992-12-31,-241.14131179398402
WDI:DT.ODA.ODAT.GI.ZS:AZE,1993-12-31,6.973301776349597
WDI:DT.ODA.ODAT.GI.ZS:AZE,1994-12-31,81.57353810091611
WDI:DT.ODA.ODAT.GI.ZS:AZE,1995-12-31,20.796025752491904
WDI:DT.ODA.ODAT.GI.ZS:AZE,1996-12-31,10.459808152057642
WDI:DT.ODA.ODAT.GI.ZS:AZE,1997-12-31,13.56789258799744
WDI:DT.ODA.ODAT.GI.ZS:AZE,1998-12-31,8.112643867785089
WDI:DT.ODA.ODAT.GI.ZS:AZE,1999-12-31,14.08778210495292
WDI:DT.ODA.ODAT.GI.ZS:AZE,2000-12-31,12.899599411067072
WDI:DT.ODA.ODAT.GI.ZS:AZE,2001-12-31,19.56600077369181
WDI:DT.ODA.ODAT.GI.ZS:AZE,2002-12-31,16.269647271682533
WDI:DT.ODA.ODAT.GI.ZS:AZE,2003-12-31,7.8065507496104765
WDI:DT.ODA.ODAT.GI.ZS:AZE,2004-12-31,3.492917614347065
WDI:DT.ODA.ODAT.GI.ZS:AZE,2005-12-31,3.824454447901699
WDI:DT.ODA.ODAT.GI.ZS:AZE,2006-12-31,3.253821178089731
WDI:DT.ODA.ODAT.GI.ZS:AZE,2007-12-31,2.998445260820185
WDI:DT.ODA.ODAT.GI.ZS:AZE,2008-12-31,2.46489110412895
WDI:DT.ODA.ODAT.GI.ZS:AZE,2009-12-31,2.5924174615201174
WDI:DT.ODA.ODAT.GI.ZS:AZE,2010-12-31,1.270303635357847
WDI:DT.ODA.ODAT.GI.ZS:AZE,2011-12-31,2.1528416481041557
WDI:DT.ODA.ODAT.GI.ZS:AZE,2012-12-31,1.844256450789529
WDI:DT.ODA.ODAT.GI.ZS:AZE,2013-12-31,-0.3722423816284141
WDI:DT.ODA.ODAT.GI.ZS:AZE,2014-12-31,1.047122748562796
WDI:DT.ODA.ODAT.GI.ZS:AZE,2015-12-31,0.4696662992036144
WDI:DT.ODA.ODAT.GI.ZS:AZE,2016-12-31,0.8168099597496784
WDI:DT.ODA.ODAT.GI.ZS:AZE,2017-12-31,1.2398749636535908
WDI:DT.ODA.ODAT.GI.ZS:AZE,2018-12-31,0.9218505639157927
WDI:DT.ODA.ODAT.GI.ZS:AZE,2019-12-31,1.2299279108720864
WDI:DT.ODA.ODAT.GI.ZS:AZE,2020-12-31,1.227558120195679
WDI:DT.ODA.ODAT.GI.ZS:AZE,2021-12-31,0.11539634172854941
WDI:DT.ODA.ODAT.GI.ZS:AZE,2022-12-31,0.5126646321027574
WDI:DT.ODA.ODAT.GI.ZS:AZE,2023-12-31,0.958863393558333
WDI:DT.ODA.ODAT.GI.ZS:BEN,1960-12-31,0.07739104992148071
WDI:DT.ODA.ODAT.GI.ZS:BEN,1961-12-31,5.728456102070455
WDI:DT.ODA.ODAT.GI.ZS:BEN,1962-12-31,14.27698018406575
WDI:DT.ODA.ODAT.GI.ZS:BEN,1963-12-31,14.44148803970306
WDI:DT.ODA.ODAT.GI.ZS:BEN,1964-12-31,68.7997510469059
WDI:DT.ODA.ODAT.GI.ZS:BEN,1965-12-31,70.26441763090806
WDI:DT.ODA.ODAT.GI.ZS:BEN,1966-12-31,56.107794069618514
WDI:DT.ODA.ODAT.GI.ZS:BEN,1967-12-31,44.930795229882285
WDI:DT.ODA.ODAT.GI.ZS:BEN,1968-12-31,32.539764547103104
WDI:DT.ODA.ODAT.GI.ZS:BEN,1969-12-31,31.372907682539775
WDI:DT.ODA.ODAT.GI.ZS:BEN,1970-12-31,38.112088065747805
WDI:DT.ODA.ODAT.GI.ZS:BEN,1971-12-31,84.08672372917314
WDI:DT.ODA.ODAT.GI.ZS:BEN,1972-12-31,36.54583043546079
WDI:DT.ODA.ODAT.GI.ZS:BEN,1973-12-31,40.15037648543057
WDI:DT.ODA.ODAT.GI.ZS:BEN,1974-12-31,32.70379225830904
WDI:DT.ODA.ODAT.GI.ZS:BEN,1975-12-31,41.41596839216508
WDI:DT.ODA.ODAT.GI.ZS:BEN,1976-12-31,43.637054792597866
WDI:DT.ODA.ODAT.GI.ZS:BEN,1977-12-31,36.667936485346644
WDI:DT.ODA.ODAT.GI.ZS:BEN,1978-12-31,40.43978136083655
WDI:DT.ODA.ODAT.GI.ZS:BEN,1979-12-31,37.49662172640625
WDI:DT.ODA.ODAT.GI.ZS:BEN,1980-12-31,41.42488012005741
WDI:DT.ODA.ODAT.GI.ZS:BEN,1981-12-31,40.1372059332674
WDI:DT.ODA.ODAT.GI.ZS:BEN,1982-12-31,22.773841084699217
WDI:DT.ODA.ODAT.GI.ZS:BEN,1983-12-31,44.763398446168715
WDI:DT.ODA.ODAT.GI.ZS:BEN,1984-12-31,55.851545810077596
WDI:DT.ODA.ODAT.GI.ZS:BEN,1985-12-31,100.45306548835899
WDI:DT.ODA.ODAT.GI.ZS:BEN,1986-12-31,74.8587872241241
WDI:DT.ODA.ODAT.GI.ZS:BEN,1987-12-31,66.19726066498083
WDI:DT.ODA.ODAT.GI.ZS:BEN,1988-12-31,62.36557151367664
WDI:DT.ODA.ODAT.GI.ZS:BEN,1989-12-31,150.88861908491705
WDI:DT.ODA.ODAT.GI.ZS:BEN,1990-12-31,96.8436875496374
WDI:DT.ODA.ODAT.GI.ZS:BEN,1991-12-31,92.37220087220304
WDI:DT.ODA.ODAT.GI.ZS:BEN,1992-12-31,116.50751118313138
WDI:DT.ODA.ODAT.GI.ZS:BEN,1993-12-31,78.78404277142688
WDI:DT.ODA.ODAT.GI.ZS:BEN,1994-12-31,90.11824029320383
WDI:DT.ODA.ODAT.GI.ZS:BEN,1995-12-31,60.37065661415111
WDI:DT.ODA.ODAT.GI.ZS:BEN,1996-12-31,69.5674623375824
WDI:DT.ODA.ODAT.GI.ZS:BEN,1997-12-31,52.57298646893431
WDI:DT.ODA.ODAT.GI.ZS:BEN,1998-12-31,46.0445700295892
WDI:DT.ODA.ODAT.GI.ZS:BEN,1999-12-31,31.69412983876711
WDI:DT.ODA.ODAT.GI.ZS:BEN,2000-12-31,43.43717865930222
WDI:DT.ODA.ODAT.GI.ZS:BEN,2001-12-31,43.084781160784466
WDI:DT.ODA.ODAT.GI.ZS:BEN,2002-12-31,35.60732863006936
WDI:DT.ODA.ODAT.GI.ZS:BEN,2003-12-31,37.23029688917427
WDI:DT.ODA.ODAT.GI.ZS:BEN,2004-12-31,41.58804612616864
WDI:DT.ODA.ODAT.GI.ZS:BEN,2005-12-31,43.977657228903
WDI:DT.ODA.ODAT.GI.ZS:BEN,2006-12-31,44.207438148303865
WDI:DT.ODA.ODAT.GI.ZS:BEN,2007-12-31,35.527187625584425
WDI:DT.ODA.ODAT.GI.ZS:BEN,2008-12-31,47.344243056100545
WDI:DT.ODA.ODAT.GI.ZS:BEN,2009-12-31,46.80223159006332
WDI:DT.ODA.ODAT.GI.ZS:BEN,2010-12-31,40.38943629913134
WDI:DT.ODA.ODAT.GI.ZS:BEN,2011-12-31,38.207989061755406
WDI:DT.ODA.ODAT.GI.ZS:BEN,2012-12-31,29.840310948676184
WDI:DT.ODA.ODAT.GI.ZS:BEN,2013-12-31,27.961458938917332
WDI:DT.ODA.ODAT.GI.ZS:BEN,2014-12-31,23.42653584368012
WDI:DT.ODA.ODAT.GI.ZS:BEN,2015-12-31,18.493759172068597
WDI:DT.ODA.ODAT.GI.ZS:BEN,2016-12-31,20.896450031612275
WDI:DT.ODA.ODAT.GI.ZS:BEN,2017-12-31,22.34353090682034
WDI:DT.ODA.ODAT.GI.ZS:BEN,2018-12-31,15.270394192049071
WDI:DT.ODA.ODAT.GI.ZS:BEN,2019-12-31,16.1091134775638
WDI:DT.ODA.ODAT.GI.ZS:BEN,2020-12-31,26.127576755282416
WDI:DT.ODA.ODAT.GI.ZS:BEN,2021-12-31,16.686344009606703
WDI:DT.ODA.ODAT.GI.ZS:BEN,2022-12-31,15.631818284042515
WDI:DT.ODA.ODAT.GI.ZS:BEN,2023-12-31,15.2345341457438
WDI:DT.ODA.ODAT.GI.ZS:BFA,1960-12-31,0.710390607769816
WDI:DT.ODA.ODAT.GI.ZS:BFA,1961-12-31,4.453797898775854
WDI:DT.ODA.ODAT.GI.ZS:BFA,1962-12-31,13.403143520184027
WDI:DT.ODA.ODAT.GI.ZS:BFA,1963-12-31,11.937560009532335
WDI:DT.ODA.ODAT.GI.ZS:BFA,1964-12-31,38.93672472936332
WDI:DT.ODA.ODAT.GI.ZS:BFA,1965-12-31,46.872907514519504
WDI:DT.ODA.ODAT.GI.ZS:BFA,1966-12-31,48.74233277129601
WDI:DT.ODA.ODAT.GI.ZS:BFA,1967-12-31,54.25479297060677
WDI:DT.ODA.ODAT.GI.ZS:BFA,1968-12-31,59.90105470405071
WDI:DT.ODA.ODAT.GI.ZS:BFA,1969-12-31,52.212540482153514
WDI:DT.ODA.ODAT.GI.ZS:BFA,1970-12-31,46.70944423273241
WDI:DT.ODA.ODAT.GI.ZS:BFA,1971-12-31,40.12355925525769
WDI:DT.ODA.ODAT.GI.ZS:BFA,1972-12-31,34.33139456128878
WDI:DT.ODA.ODAT.GI.ZS:BFA,1973-12-31,40.872620662566135
WDI:DT.ODA.ODAT.GI.ZS:BFA,1974-12-31,50.24174757665483
WDI:DT.ODA.ODAT.GI.ZS:BFA,1975-12-31,40.75085074611848
WDI:DT.ODA.ODAT.GI.ZS:BFA,1976-12-31,35.80211927397161
WDI:DT.ODA.ODAT.GI.ZS:BFA,1977-12-31,49.28707220355646
WDI:DT.ODA.ODAT.GI.ZS:BFA,1978-12-31,58.03681461810988
WDI:DT.ODA.ODAT.GI.ZS:BFA,1979-12-31,68.40743468146455
WDI:DT.ODA.ODAT.GI.ZS:BFA,1980-12-31,72.05939496384714
WDI:DT.ODA.ODAT.GI.ZS:BFA,1981-12-31,85.60907273719516
WDI:DT.ODA.ODAT.GI.ZS:BFA,1982-12-31,66.83012313085267
WDI:DT.ODA.ODAT.GI.ZS:BFA,1983-12-31,66.06994691565852
WDI:DT.ODA.ODAT.GI.ZS:BFA,1984-12-31,88.47486530231848
WDI:DT.ODA.ODAT.GI.ZS:BFA,1985-12-31,52.894912369289756
WDI:DT.ODA.ODAT.GI.ZS:BFA,1986-12-31,65.58107320131212
WDI:DT.ODA.ODAT.GI.ZS:BFA,1987-12-31,58.87011324709116
WDI:DT.ODA.ODAT.GI.ZS:BFA,1988-12-31,58.34488436771728
WDI:DT.ODA.ODAT.GI.ZS:BFA,1989-12-31,49.692614247664515
WDI:DT.ODA.ODAT.GI.ZS:BFA,1990-12-31,55.668519106296785
WDI:DT.ODA.ODAT.GI.ZS:BFA,1991-12-31,63.004875567266524
WDI:DT.ODA.ODAT.GI.ZS:BFA,1992-12-31,66.88754360776106
WDI:DT.ODA.ODAT.GI.ZS:BFA,1993-12-31,75.32638443707404
WDI:DT.ODA.ODAT.GI.ZS:BFA,1994-12-31,84.1170613545653
WDI:DT.ODA.ODAT.GI.ZS:BFA,1995-12-31,86.14847407431535
WDI:DT.ODA.ODAT.GI.ZS:BFA,1996-12-31,64.97754741862623
WDI:DT.ODA.ODAT.GI.ZS:BFA,1997-12-31,55.0539743498569
WDI:DT.ODA.ODAT.GI.ZS:BFA,1998-12-31,59.00834661361915
WDI:DT.ODA.ODAT.GI.ZS:BFA,1999-12-31,68.01562223256603
WDI:DT.ODA.ODAT.GI.ZS:BFA,2000-12-31,41.56752984552234
WDI:DT.ODA.ODAT.GI.ZS:BFA,2001-12-31,90.46018114374564
WDI:DT.ODA.ODAT.GI.ZS:BFA,2002-12-31,90.35530694942662
WDI:DT.ODA.ODAT.GI.ZS:BFA,2003-12-31,73.79551626155593
WDI:DT.ODA.ODAT.GI.ZS:BFA,2004-12-31,76.5230469471231
WDI:DT.ODA.ODAT.GI.ZS:BFA,2005-12-31,64.6763055705325
WDI:DT.ODA.ODAT.GI.ZS:BFA,2006-12-31,85.29763034271983
WDI:DT.ODA.ODAT.GI.ZS:BFA,2007-12-31,67.73469079294097
WDI:DT.ODA.ODAT.GI.ZS:BFA,2008-12-31,51.053412271758134
WDI:DT.ODA.ODAT.GI.ZS:BFA,2009-12-31,57.36313776249047
WDI:DT.ODA.ODAT.GI.ZS:BFA,2010-12-31,38.045128334600136
WDI:DT.ODA.ODAT.GI.ZS:BFA,2011-12-31,36.74266174340033
WDI:DT.ODA.ODAT.GI.ZS:BFA,2012-12-31,37.21154680301162
WDI:DT.ODA.ODAT.GI.ZS:BFA,2013-12-31,32.78540475841173
WDI:DT.ODA.ODAT.GI.ZS:BFA,2014-12-31,41.82696089878854
WDI:DT.ODA.ODAT.GI.ZS:BFA,2015-12-31,43.47928399178083
WDI:DT.ODA.ODAT.GI.ZS:BFA,2016-12-31,38.57511799128829
WDI:DT.ODA.ODAT.GI.ZS:BFA,2017-12-31,28.665760172627998
WDI:DT.ODA.ODAT.GI.ZS:BFA,2018-12-31,34.37847530354251
WDI:DT.ODA.ODAT.GI.ZS:BFA,2019-12-31,34.99881604501541
WDI:DT.ODA.ODAT.GI.ZS:BFA,2020-12-31,56.94987878530702
WDI:DT.ODA.ODAT.GI.ZS:BFA,2021-12-31,52.760140373636375
WDI:DT.ODA.ODAT.GI.ZS:BFA,2022-12-31,41.40331761807965
WDI:DT.ODA.ODAT.GI.ZS:BFA,2023-12-31,35.2552718764074
WDI:DT.ODA.ODAT.GI.ZS:BGD,1971-12-31,2.1330768967193743
WDI:DT.ODA.ODAT.GI.ZS:BGD,1972-12-31,75.74744391531831
WDI:DT.ODA.ODAT.GI.ZS:BGD,1973-12-31,59.824040817433044
WDI:DT.ODA.ODAT.GI.ZS:BGD,1974-12-31,57.58601848913175
WDI:DT.ODA.ODAT.GI.ZS:BGD,1975-12-31,88.25039316442117
WDI:DT.ODA.ODAT.GI.ZS:BGD,1976-12-31,49.04642956429445
WDI:DT.ODA.ODAT.GI.ZS:BGD,1977-12-31,69.45454907294577
WDI:DT.ODA.ODAT.GI.ZS:BGD,1978-12-31,62.51357319048311
WDI:DT.ODA.ODAT.GI.ZS:BGD,1979-12-31,64.34752908283265
WDI:DT.ODA.ODAT.GI.ZS:BGD,1980-12-31,46.937718546257045
WDI:DT.ODA.ODAT.GI.ZS:BGD,1981-12-31,30.348100481425615
WDI:DT.ODA.ODAT.GI.ZS:BGD,1982-12-31,40.54166352311128
WDI:DT.ODA.ODAT.GI.ZS:BGD,1983-12-31,34.056103196431664
WDI:DT.ODA.ODAT.GI.ZS:BGD,1984-12-31,35.55800776741286
WDI:DT.ODA.ODAT.GI.ZS:BGD,1985-12-31,27.864535054907908
WDI:DT.ODA.ODAT.GI.ZS:BGD,1986-12-31,36.56707774068914
WDI:DT.ODA.ODAT.GI.ZS:BGD,1987-12-31,43.061466126707394
WDI:DT.ODA.ODAT.GI.ZS:BGD,1988-12-31,33.29637063718258
WDI:DT.ODA.ODAT.GI.ZS:BGD,1989-12-31,31.954736223880744
WDI:DT.ODA.ODAT.GI.ZS:BGD,1990-12-31,34.39750229747322
WDI:DT.ODA.ODAT.GI.ZS:BGD,1991-12-31,30.82308398396717
WDI:DT.ODA.ODAT.GI.ZS:BGD,1992-12-31,27.311594661071513
WDI:DT.ODA.ODAT.GI.ZS:BGD,1993-12-31,19.578352183299984
WDI:DT.ODA.ODAT.GI.ZS:BGD,1994-12-31,22.283293607024703
WDI:DT.ODA.ODAT.GI.ZS:BGD,1995-12-31,14.241930373632488
WDI:DT.ODA.ODAT.GI.ZS:BGD,1996-12-31,10.022983254990603
WDI:DT.ODA.ODAT.GI.ZS:BGD,1997-12-31,8.20088648338206
WDI:DT.ODA.ODAT.GI.ZS:BGD,1998-12-31,8.858860728524604
WDI:DT.ODA.ODAT.GI.ZS:BGD,1999-12-31,8.630748473394668
WDI:DT.ODA.ODAT.GI.ZS:BGD,2000-12-31,7.68373812451327
WDI:DT.ODA.ODAT.GI.ZS:BGD,2001-12-31,7.036805884887837
WDI:DT.ODA.ODAT.GI.ZS:BGD,2002-12-31,6.061295912573987
WDI:DT.ODA.ODAT.GI.ZS:BGD,2003-12-31,8.768160667355266
WDI:DT.ODA.ODAT.GI.ZS:BGD,2004-12-31,8.734706496818877
WDI:DT.ODA.ODAT.GI.ZS:BGD,2005-12-31,6.974371909987713
WDI:DT.ODA.ODAT.GI.ZS:BGD,2006-12-31,5.475731932810836
WDI:DT.ODA.ODAT.GI.ZS:BGD,2007-12-31,6.278566264537397
WDI:DT.ODA.ODAT.GI.ZS:BGD,2008-12-31,7.354242530554091
WDI:DT.ODA.ODAT.GI.ZS:BGD,2009-12-31,4.0319029306196335
WDI:DT.ODA.ODAT.GI.ZS:BGD,2010-12-31,4.032988474917368
WDI:DT.ODA.ODAT.GI.ZS:BGD,2011-12-31,4.07628880128972
WDI:DT.ODA.ODAT.GI.ZS:BGD,2012-12-31,5.7171881830155975
WDI:DT.ODA.ODAT.GI.ZS:BGD,2013-12-31,6.1844332239407125
WDI:DT.ODA.ODAT.GI.ZS:BGD,2014-12-31,4.903412543606567
WDI:DT.ODA.ODAT.GI.ZS:BGD,2015-12-31,4.599688316620736
WDI:DT.ODA.ODAT.GI.ZS:BGD,2016-12-31,3.1579989715018066
WDI:DT.ODA.ODAT.GI.ZS:BGD,2017-12-31,4.160313452374506
WDI:DT.ODA.ODAT.GI.ZS:BGD,2018-12-31,2.97729951246893
WDI:DT.ODA.ODAT.GI.ZS:BGD,2019-12-31,3.8736015331485367
WDI:DT.ODA.ODAT.GI.ZS:BGD,2020-12-31,4.591717527321468
WDI:DT.ODA.ODAT.GI.ZS:BGD,2021-12-31,3.9424986673653635
WDI:DT.ODA.ODAT.GI.ZS:BGD,2022-12-31,3.5296376133317797
WDI:DT.ODA.ODAT.GI.ZS:BGD,2023-12-31,4.19828270515042
WDI:DT.ODA.ODAT.GI.ZS:BHR,1980-12-31,14.571535374088668
WDI:DT.ODA.ODAT.GI.ZS:BHR,1981-12-31,13.662391089600224
WDI:DT.ODA.ODAT.GI.ZS:BHR,1982-12-31,11.794892419062942
WDI:DT.ODA.ODAT.GI.ZS:BHR,1983-12-31,15.587611020634471
WDI:DT.ODA.ODAT.GI.ZS:BHR,1984-12-31,12.700898841993336
WDI:DT.ODA.ODAT.GI.ZS:BHR,1985-12-31,5.68877611481742
WDI:DT.ODA.ODAT.GI.ZS:BHR,1986-12-31,12.243377226185428
WDI:DT.ODA.ODAT.GI.ZS:BHR,1987-12-31,1.0236649391355241
WDI:DT.ODA.ODAT.GI.ZS:BHR,1988-12-31,-0.3489900286472376
WDI:DT.ODA.ODAT.GI.ZS:BHR,1989-12-31,-0.18490080928029776
WDI:DT.ODA.ODAT.GI.ZS:BHR,1990-12-31,19.785686949866054
WDI:DT.ODA.ODAT.GI.ZS:BHR,1991-12-31,7.173085989633172
WDI:DT.ODA.ODAT.GI.ZS:BHR,1992-12-31,5.731942955184055
WDI:DT.ODA.ODAT.GI.ZS:BHR,1993-12-31,11.706532583052857
WDI:DT.ODA.ODAT.GI.ZS:BHR,1994-12-31,8.76327015674897
WDI:DT.ODA.ODAT.GI.ZS:BHR,1995-12-31,11.687245886310249
WDI:DT.ODA.ODAT.GI.ZS:BHR,1996-12-31,15.053652875614626
WDI:DT.ODA.ODAT.GI.ZS:BHR,1997-12-31,13.566693767350701
WDI:DT.ODA.ODAT.GI.ZS:BHR,1998-12-31,15.07623378016148
WDI:DT.ODA.ODAT.GI.ZS:BHR,1999-12-31,11.82260183008705
WDI:DT.ODA.ODAT.GI.ZS:BHR,2000-12-31,4.022817909200471
WDI:DT.ODA.ODAT.GI.ZS:BHR,2001-12-31,5.021606767640752
WDI:DT.ODA.ODAT.GI.ZS:BHR,2002-12-31,2.7492704364189278
WDI:DT.ODA.ODAT.GI.ZS:BHR,2003-12-31,5.01275019035455
WDI:DT.ODA.ODAT.GI.ZS:BHR,2004-12-31,2.157571501969679
WDI:DT.ODA.ODAT.GI.ZS:BHS,1977-12-31,0.5269058282599854
WDI:DT.ODA.ODAT.GI.ZS:BHS,1978-12-31,0.826271156133232
WDI:DT.ODA.ODAT.GI.ZS:BHS,1979-12-31,0.60875512017434
WDI:DT.ODA.ODAT.GI.ZS:BHS,1980-12-31,0.5814905639167322
WDI:DT.ODA.ODAT.GI.ZS:BHS,1981-12-31,0.5171130899162536
WDI:DT.ODA.ODAT.GI.ZS:BHS,1982-12-31,0.38961040509211625
WDI:DT.ODA.ODAT.GI.ZS:BHS,1983-12-31,0.25262559911861626
WDI:DT.ODA.ODAT.GI.ZS:BHS,1984-12-31,3.008690429083908
WDI:DT.ODA.ODAT.GI.ZS:BHS,1985-12-31,0.15733872512453834
WDI:DT.ODA.ODAT.GI.ZS:BHS,1986-12-31,0.36004390465310426
WDI:DT.ODA.ODAT.GI.ZS:BHS,1987-12-31,0.12546559217700157
WDI:DT.ODA.ODAT.GI.ZS:BHS,1989-12-31,0.40641978147616953
WDI:DT.ODA.ODAT.GI.ZS:BHS,1990-12-31,0.338247779416005
WDI:DT.ODA.ODAT.GI.ZS:BHS,1991-12-31,0.3021875742290122
WDI:DT.ODA.ODAT.GI.ZS:BHS,1992-12-31,0.3267106040920851
WDI:DT.ODA.ODAT.GI.ZS:BHS,1993-12-31,0.1607405102986725
WDI:DT.ODA.ODAT.GI.ZS:BHS,1994-12-31,0.11865211200759374
WDI:DT.ODA.ODAT.GI.ZS:BHS,1995-12-31,0.4629385384729988
WDI:DT.ODA.ODAT.GI.ZS:BIH,1995-12-31,258.9276106683563
WDI:DT.ODA.ODAT.GI.ZS:BIH,1996-12-31,74.18409932967538
WDI:DT.ODA.ODAT.GI.ZS:BIH,1997-12-31,55.89734455352623
WDI:DT.ODA.ODAT.GI.ZS:BIH,1998-12-31,58.48792085901062
WDI:DT.ODA.ODAT.GI.ZS:BIH,1999-12-31,98.02531678723538
WDI:DT.ODA.ODAT.GI.ZS:BIH,2000-12-31,43.732018772251365
WDI:DT.ODA.ODAT.GI.ZS:BIH,2001-12-31,34.94219840235139
WDI:DT.ODA.ODAT.GI.ZS:BIH,2002-12-31,26.244929434732455
WDI:DT.ODA.ODAT.GI.ZS:BIH,2003-12-31,21.045171178168914
WDI:DT.ODA.ODAT.GI.ZS:BIH,2004-12-31,22.1334258612724
WDI:DT.ODA.ODAT.GI.ZS:BIH,2005-12-31,16.332728047486743
WDI:DT.ODA.ODAT.GI.ZS:BIH,2006-12-31,16.16639741840919
WDI:DT.ODA.ODAT.GI.ZS:BIH,2007-12-31,12.461479239904259
WDI:DT.ODA.ODAT.GI.ZS:BIH,2008-12-31,7.529621849208376
WDI:DT.ODA.ODAT.GI.ZS:BIH,2009-12-31,9.991771198739514
WDI:DT.ODA.ODAT.GI.ZS:BIH,2010-12-31,10.953652066892596
WDI:DT.ODA.ODAT.GI.ZS:BIH,2011-12-31,14.801676008089409
WDI:DT.ODA.ODAT.GI.ZS:BIH,2012-12-31,14.409014839384081
WDI:DT.ODA.ODAT.GI.ZS:BIH,2013-12-31,13.231528399286066
WDI:DT.ODA.ODAT.GI.ZS:BIH,2014-12-31,14.74218659238304
WDI:DT.ODA.ODAT.GI.ZS:BIH,2015-12-31,9.799594558241111
WDI:DT.ODA.ODAT.GI.ZS:BIH,2016-12-31,11.171200896751328
WDI:DT.ODA.ODAT.GI.ZS:BIH,2017-12-31,9.552609077084105
WDI:DT.ODA.ODAT.GI.ZS:BIH,2018-12-31,7.005723913498636
WDI:DT.ODA.ODAT.GI.ZS:BIH,2019-12-31,8.943111516531237
WDI:DT.ODA.ODAT.GI.ZS:BIH,2020-12-31,9.268683173166323
WDI:DT.ODA.ODAT.GI.ZS:BIH,2021-12-31,9.099489186654166
WDI:DT.ODA.ODAT.GI.ZS:BIH,2022-12-31,4.164070384504391
WDI:DT.ODA.ODAT.GI.ZS:BIH,2023-12-31,4.12344536194633
WDI:DT.ODA.ODAT.GI.ZS:BLR,2005-12-31,0.6746996021406708
WDI:DT.ODA.ODAT.GI.ZS:BLR,2006-12-31,0.6284553897814927
WDI:DT.ODA.ODAT.GI.ZS:BLR,2007-12-31,0.5534657252520249
WDI:DT.ODA.ODAT.GI.ZS:BLR,2008-12-31,0.4859971669892472
WDI:DT.ODA.ODAT.GI.ZS:BLR,2009-12-31,0.5237093538450412
WDI:DT.ODA.ODAT.GI.ZS:BLR,2010-12-31,0.5811741320628642
WDI:DT.ODA.ODAT.GI.ZS:BLR,2011-12-31,0.5211557105643142
WDI:DT.ODA.ODAT.GI.ZS:BLR,2012-12-31,0.4462492942935617
WDI:DT.ODA.ODAT.GI.ZS:BLR,2013-12-31,0.36561223819508926
WDI:DT.ODA.ODAT.GI.ZS:BLR,2014-12-31,0.43923889278939965
WDI:DT.ODA.ODAT.GI.ZS:BLR,2015-12-31,0.6379858480760323
WDI:DT.ODA.ODAT.GI.ZS:BLR,2016-12-31,-0.17656227694845922
WDI:DT.ODA.ODAT.GI.ZS:BLR,2017-12-31,-1.630838892781862
WDI:DT.ODA.ODAT.GI.ZS:BLR,2018-12-31,0.7069937955862238
WDI:DT.ODA.ODAT.GI.ZS:BLR,2019-12-31,1.1347412077729073
WDI:DT.ODA.ODAT.GI.ZS:BLR,2020-12-31,1.9408744900415287
WDI:DT.ODA.ODAT.GI.ZS:BLR,2021-12-31,0.8303058778078342
WDI:DT.ODA.ODAT.GI.ZS:BLR,2022-12-31,0.11013297217512871
WDI:DT.ODA.ODAT.GI.ZS:BLR,2023-12-31,0.640693099055791
WDI:DT.ODA.ODAT.GI.ZS:BLZ,1980-12-31,31.420095122712805
WDI:DT.ODA.ODAT.GI.ZS:BLZ,1981-12-31,22.97525176383896
WDI:DT.ODA.ODAT.GI.ZS:BLZ,1982-12-31,34.25058050669934
WDI:DT.ODA.ODAT.GI.ZS:BLZ,1983-12-31,40.07711576559763
WDI:DT.ODA.ODAT.GI.ZS:BLZ,1984-12-31,27.89675942609761
WDI:DT.ODA.ODAT.GI.ZS:BLZ,1985-12-31,47.6063013748361
WDI:DT.ODA.ODAT.GI.ZS:BLZ,1986-12-31,51.5935977489031
WDI:DT.ODA.ODAT.GI.ZS:BLZ,1987-12-31,39.81403478197945
WDI:DT.ODA.ODAT.GI.ZS:BLZ,1988-12-31,32.47309545817125
WDI:DT.ODA.ODAT.GI.ZS:BLZ,1989-12-31,26.128139989151695
WDI:DT.ODA.ODAT.GI.ZS:BLZ,1990-12-31,25.147972471188325
WDI:DT.ODA.ODAT.GI.ZS:BLZ,1991-12-31,15.073030428732299
WDI:DT.ODA.ODAT.GI.ZS:BLZ,1992-12-31,16.35164528893976
WDI:DT.ODA.ODAT.GI.ZS:BLZ,1993-12-31,16.556675003732888
WDI:DT.ODA.ODAT.GI.ZS:BLZ,1994-12-31,22.76940870591633
WDI:DT.ODA.ODAT.GI.ZS:BLZ,1995-12-31,11.81904738584771
WDI:DT.ODA.ODAT.GI.ZS:BLZ,1996-12-31,13.623374085755671
WDI:DT.ODA.ODAT.GI.ZS:BLZ,1997-12-31,8.862958402234161
WDI:DT.ODA.ODAT.GI.ZS:BLZ,1998-12-31,9.404262478523053
WDI:DT.ODA.ODAT.GI.ZS:BLZ,1999-12-31,22.228092523895
WDI:DT.ODA.ODAT.GI.ZS:BLZ,2000-12-31,5.414002120526177
WDI:DT.ODA.ODAT.GI.ZS:BLZ,2001-12-31,8.733690894028099
WDI:DT.ODA.ODAT.GI.ZS:BLZ,2002-12-31,9.071114419584642
WDI:DT.ODA.ODAT.GI.ZS:BLZ,2003-12-31,5.475121900885769
WDI:DT.ODA.ODAT.GI.ZS:BLZ,2004-12-31,2.865872942590672
WDI:DT.ODA.ODAT.GI.ZS:BLZ,2005-12-31,4.474141310283216
WDI:DT.ODA.ODAT.GI.ZS:BLZ,2006-12-31,2.81954655900756
WDI:DT.ODA.ODAT.GI.ZS:BLZ,2007-12-31,7.213199371731113
WDI:DT.ODA.ODAT.GI.ZS:BLZ,2008-12-31,6.393434251645569
WDI:DT.ODA.ODAT.GI.ZS:BLZ,2009-12-31,9.579092819106744
WDI:DT.ODA.ODAT.GI.ZS:BLZ,2010-12-31,9.05124019182735
WDI:DT.ODA.ODAT.GI.ZS:BLZ,2011-12-31,9.654173184302513
WDI:DT.ODA.ODAT.GI.ZS:BLZ,2012-12-31,10.457373985482121
WDI:DT.ODA.ODAT.GI.ZS:BLZ,2013-12-31,17.8280033199497
WDI:DT.ODA.ODAT.GI.ZS:BLZ,2014-12-31,10.275543832376858
WDI:DT.ODA.ODAT.GI.ZS:BLZ,2015-12-31,7.7060631493202845
WDI:DT.ODA.ODAT.GI.ZS:BLZ,2016-12-31,8.685298022423973
WDI:DT.ODA.ODAT.GI.ZS:BLZ,2017-12-31,10.02404066668386
WDI:DT.ODA.ODAT.GI.ZS:BLZ,2018-12-31,8.952667210224071
WDI:DT.ODA.ODAT.GI.ZS:BLZ,2019-12-31,8.927711438817308
WDI:DT.ODA.ODAT.GI.ZS:BLZ,2020-12-31,18.512074341868043
WDI:DT.ODA.ODAT.GI.ZS:BLZ,2021-12-31,14.79363668488299
WDI:DT.ODA.ODAT.GI.ZS:BLZ,2022-12-31,3.6557932471315837
WDI:DT.ODA.ODAT.GI.ZS:BLZ,2023-12-31,5.5191799942955
WDI:DT.ODA.ODAT.GI.ZS:BOL,1970-12-31,17.8680004119873
WDI:DT.ODA.ODAT.GI.ZS:BOL,1971-12-31,17.361825898595743
WDI:DT.ODA.ODAT.GI.ZS:BOL,1972-12-31,18.84281010481876
WDI:DT.ODA.ODAT.GI.ZS:BOL,1973-12-31,9.341877966148914
WDI:DT.ODA.ODAT.GI.ZS:BOL,1974-12-31,17.632832898172325
WDI:DT.ODA.ODAT.GI.ZS:BOL,1975-12-31,8.56178038032891
WDI:DT.ODA.ODAT.GI.ZS:BOL,1976-12-31,10.464802340457315
WDI:DT.ODA.ODAT.GI.ZS:BOL,1977-12-31,11.025554989982181
WDI:DT.ODA.ODAT.GI.ZS:BOL,1978-12-31,12.38247355210053
WDI:DT.ODA.ODAT.GI.ZS:BOL,1979-12-31,13.417645650771364
WDI:DT.ODA.ODAT.GI.ZS:BOL,1980-12-31,18.271778185204877
WDI:DT.ODA.ODAT.GI.ZS:BOL,1981-12-31,13.214871614333438
WDI:DT.ODA.ODAT.GI.ZS:BOL,1982-12-31,12.528299107142862
WDI:DT.ODA.ODAT.GI.ZS:BOL,1983-12-31,21.32296068445736
WDI:DT.ODA.ODAT.GI.ZS:BOL,1984-12-31,10.778352985142613
WDI:DT.ODA.ODAT.GI.ZS:BOL,1985-12-31,15.210439553667326
WDI:DT.ODA.ODAT.GI.ZS:BOL,1986-12-31,46.80639463880526
WDI:DT.ODA.ODAT.GI.ZS:BOL,1987-12-31,48.02632012521993
WDI:DT.ODA.ODAT.GI.ZS:BOL,1988-12-31,63.561206785793644
WDI:DT.ODA.ODAT.GI.ZS:BOL,1989-12-31,88.62031361131432
WDI:DT.ODA.ODAT.GI.ZS:BOL,1990-12-31,79.51444653232005
WDI:DT.ODA.ODAT.GI.ZS:BOL,1991-12-31,57.40417226738881
WDI:DT.ODA.ODAT.GI.ZS:BOL,1992-12-31,69.67653436600808
WDI:DT.ODA.ODAT.GI.ZS:BOL,1993-12-31,57.54605022876572
WDI:DT.ODA.ODAT.GI.ZS:BOL,1994-12-31,62.71716862800856
WDI:DT.ODA.ODAT.GI.ZS:BOL,1995-12-31,66.31306931506566
WDI:DT.ODA.ODAT.GI.ZS:BOL,1996-12-31,63.28581504700068
WDI:DT.ODA.ODAT.GI.ZS:BOL,1997-12-31,40.37909904040366
WDI:DT.ODA.ODAT.GI.ZS:BOL,1998-12-31,27.38793263725603
WDI:DT.ODA.ODAT.GI.ZS:BOL,1999-12-31,33.42262009787709
WDI:DT.ODA.ODAT.GI.ZS:BOL,2000-12-31,27.964318029060564
WDI:DT.ODA.ODAT.GI.ZS:BOL,2001-12-31,58.188815018928054
WDI:DT.ODA.ODAT.GI.ZS:BOL,2002-12-31,46.603285410183645
WDI:DT.ODA.ODAT.GI.ZS:BOL,2003-12-31,71.308931576685
WDI:DT.ODA.ODAT.GI.ZS:BOL,2004-12-31,73.07863518666679
WDI:DT.ODA.ODAT.GI.ZS:BOL,2005-12-31,39.88575547495803
WDI:DT.ODA.ODAT.GI.ZS:BOL,2006-12-31,50.86145994802484
WDI:DT.ODA.ODAT.GI.ZS:BOL,2007-12-31,22.022146292836606
WDI:DT.ODA.ODAT.GI.ZS:BOL,2008-12-31,20.12980692227772
WDI:DT.ODA.ODAT.GI.ZS:BOL,2009-12-31,20.7858634366578
WDI:DT.ODA.ODAT.GI.ZS:BOL,2010-12-31,15.373603106350577
WDI:DT.ODA.ODAT.GI.ZS:BOL,2011-12-31,11.497804071583229
WDI:DT.ODA.ODAT.GI.ZS:BOL,2012-12-31,13.824275416125573
WDI:DT.ODA.ODAT.GI.ZS:BOL,2013-12-31,12.044833914802485
WDI:DT.ODA.ODAT.GI.ZS:BOL,2014-12-31,9.71935236393106
WDI:DT.ODA.ODAT.GI.ZS:BOL,2015-12-31,11.823255849462576
WDI:DT.ODA.ODAT.GI.ZS:BOL,2016-12-31,9.74527522558572
WDI:DT.ODA.ODAT.GI.ZS:BOL,2017-12-31,8.478105870553499
WDI:DT.ODA.ODAT.GI.ZS:BOL,2018-12-31,6.265151659575315
WDI:DT.ODA.ODAT.GI.ZS:BOL,2019-12-31,6.368894421369344
WDI:DT.ODA.ODAT.GI.ZS:BOL,2020-12-31,4.658837198564818
WDI:DT.ODA.ODAT.GI.ZS:BOL,2021-12-31,5.964974048485669
WDI:DT.ODA.ODAT.GI.ZS:BOL,2022-12-31,3.6519001766688
WDI:DT.ODA.ODAT.GI.ZS:BOL,2023-12-31,7.69315418949027
WDI:DT.ODA.ODAT.GI.ZS:BRA,1960-12-31,1.3262799511549164
WDI:DT.ODA.ODAT.GI.ZS:BRA,1961-12-31,8.933916289641974
WDI:DT.ODA.ODAT.GI.ZS:BRA,1962-12-31,4.607470239849053
WDI:DT.ODA.ODAT.GI.ZS:BRA,1963-12-31,4.177351513857264
WDI:DT.ODA.ODAT.GI.ZS:BRA,1964-12-31,5.967935715460658
WDI:DT.ODA.ODAT.GI.ZS:BRA,1965-12-31,5.3756169011945945
WDI:DT.ODA.ODAT.GI.ZS:BRA,1966-12-31,5.961115094336104
WDI:DT.ODA.ODAT.GI.ZS:BRA,1967-12-31,3.490705136410098
WDI:DT.ODA.ODAT.GI.ZS:BRA,1968-12-31,3.427796104732448
WDI:DT.ODA.ODAT.GI.ZS:BRA,1969-12-31,1.661075759174135
WDI:DT.ODA.ODAT.GI.ZS:BRA,1970-12-31,1.5739023072225709
WDI:DT.ODA.ODAT.GI.ZS:BRA,1971-12-31,1.1555241931473836
WDI:DT.ODA.ODAT.GI.ZS:BRA,1972-12-31,0.7619510562480096
WDI:DT.ODA.ODAT.GI.ZS:BRA,1973-12-31,0.3532725991301881
WDI:DT.ODA.ODAT.GI.ZS:BRA,1974-12-31,0.4863135449066924
WDI:DT.ODA.ODAT.GI.ZS:BRA,1975-12-31,0.3993108627208142
WDI:DT.ODA.ODAT.GI.ZS:BRA,1976-12-31,0.26217386253254477
WDI:DT.ODA.ODAT.GI.ZS:BRA,1977-12-31,0.17376766495025292
WDI:DT.ODA.ODAT.GI.ZS:BRA,1978-12-31,0.1935381705537584
WDI:DT.ODA.ODAT.GI.ZS:BRA,1979-12-31,0.17136249723061805
WDI:DT.ODA.ODAT.GI.ZS:BRA,1980-12-31,0.1515401192804914
WDI:DT.ODA.ODAT.GI.ZS:BRA,1981-12-31,0.37331882007769696
WDI:DT.ODA.ODAT.GI.ZS:BRA,1982-12-31,0.2990538081414482
WDI:DT.ODA.ODAT.GI.ZS:BRA,1983-12-31,0.3146657914651518
WDI:DT.ODA.ODAT.GI.ZS:BRA,1984-12-31,0.4667259426257265
WDI:DT.ODA.ODAT.GI.ZS:BRA,1985-12-31,0.19849698453092232
WDI:DT.ODA.ODAT.GI.ZS:BRA,1986-12-31,0.28857875552773943
WDI:DT.ODA.ODAT.GI.ZS:BRA,1987-12-31,0.4468212392640375
WDI:DT.ODA.ODAT.GI.ZS:BRA,1988-12-31,0.2918554965995126
WDI:DT.ODA.ODAT.GI.ZS:BRA,1989-12-31,0.2091695393677296
WDI:DT.ODA.ODAT.GI.ZS:BRA,1990-12-31,0.22129330510198753
WDI:DT.ODA.ODAT.GI.ZS:BRA,1991-12-31,0.289592616830301
WDI:DT.ODA.ODAT.GI.ZS:BRA,1992-12-31,-0.37911436831432416
WDI:DT.ODA.ODAT.GI.ZS:BRA,1993-12-31,0.2572709723600666
WDI:DT.ODA.ODAT.GI.ZS:BRA,1994-12-31,0.22336198718488987
WDI:DT.ODA.ODAT.GI.ZS:BRA,1995-12-31,0.1986931634238237
WDI:DT.ODA.ODAT.GI.ZS:BRA,1996-12-31,0.1755640905968551
WDI:DT.ODA.ODAT.GI.ZS:BRA,1997-12-31,0.14646138310534368
WDI:DT.ODA.ODAT.GI.ZS:BRA,1998-12-31,0.16611165062089062
WDI:DT.ODA.ODAT.GI.ZS:BRA,1999-12-31,0.13846348909393366
WDI:DT.ODA.ODAT.GI.ZS:BRA,2000-12-31,0.2063602738638926
WDI:DT.ODA.ODAT.GI.ZS:BRA,2001-12-31,0.24012775143798107
WDI:DT.ODA.ODAT.GI.ZS:BRA,2002-12-31,0.2657619080661782
WDI:DT.ODA.ODAT.GI.ZS:BRA,2003-12-31,0.24367912866376504
WDI:DT.ODA.ODAT.GI.ZS:BRA,2004-12-31,0.14870394917804863
WDI:DT.ODA.ODAT.GI.ZS:BRA,2005-12-31,0.14161518729029934
WDI:DT.ODA.ODAT.GI.ZS:BRA,2006-12-31,0.05584270363388381
WDI:DT.ODA.ODAT.GI.ZS:BRA,2007-12-31,0.11866827361222498
WDI:DT.ODA.ODAT.GI.ZS:BRA,2008-12-31,0.12782102077457885
WDI:DT.ODA.ODAT.GI.ZS:BRA,2009-12-31,0.11962136500515219
WDI:DT.ODA.ODAT.GI.ZS:BRA,2010-12-31,0.09077450946826228
WDI:DT.ODA.ODAT.GI.ZS:BRA,2011-12-31,0.14722959648074008
WDI:DT.ODA.ODAT.GI.ZS:BRA,2012-12-31,0.24404999442500513
WDI:DT.ODA.ODAT.GI.ZS:BRA,2013-12-31,0.21544041722061655
WDI:DT.ODA.ODAT.GI.ZS:BRA,2014-12-31,0.1811356070999118
WDI:DT.ODA.ODAT.GI.ZS:BRA,2015-12-31,0.31969533620681423
WDI:DT.ODA.ODAT.GI.ZS:BRA,2016-12-31,0.2509706843401773
WDI:DT.ODA.ODAT.GI.ZS:BRA,2017-12-31,0.09074637311339437
WDI:DT.ODA.ODAT.GI.ZS:BRA,2018-12-31,0.15377630202082368
WDI:DT.ODA.ODAT.GI.ZS:BRA,2019-12-31,0.0941133607653548
WDI:DT.ODA.ODAT.GI.ZS:BRA,2020-12-31,0.2579721504434383
WDI:DT.ODA.ODAT.GI.ZS:BRA,2021-12-31,0.34206925944086586
WDI:DT.ODA.ODAT.GI.ZS:BRA,2022-12-31,0.16382501858035187
WDI:DT.ODA.ODAT.GI.ZS:BRA,2023-12-31,0.202692668361881
WDI:DT.ODA.ODAT.GI.ZS:BRN,1989-12-31,0.8219201819228596
WDI:DT.ODA.ODAT.GI.ZS:BRN,1990-12-31,0.5899855912271765
WDI:DT.ODA.ODAT.GI.ZS:BRN,1991-12-31,0.4741266718951924
WDI:DT.ODA.ODAT.GI.ZS:BRN,1992-12-31,0.5518960633173198
WDI:DT.ODA.ODAT.GI.ZS:BRN,1993-12-31,0.4164748676852522
WDI:DT.ODA.ODAT.GI.ZS:BRN,1994-12-31,0.44909758466205674
WDI:DT.ODA.ODAT.GI.ZS:BRN,1995-12-31,0.2471763697533105
WDI:DT.ODA.ODAT.GI.ZS:BTN,1980-12-31,19.8692508413773
WDI:DT.ODA.ODAT.GI.ZS:BTN,1981-12-31,20.5352637549051
WDI:DT.ODA.ODAT.GI.ZS:BTN,1982-12-31,21.460573722567066
WDI:DT.ODA.ODAT.GI.ZS:BTN,1983-12-31,19.394108352930505
WDI:DT.ODA.ODAT.GI.ZS:BTN,1984-12-31,26.36583352203653
WDI:DT.ODA.ODAT.GI.ZS:BTN,1985-12-31,27.53484513097291
WDI:DT.ODA.ODAT.GI.ZS:BTN,1986-12-31,43.67781004349036
WDI:DT.ODA.ODAT.GI.ZS:BTN,1987-12-31,39.189837027286885
WDI:DT.ODA.ODAT.GI.ZS:BTN,1988-12-31,32.904590419901425
WDI:DT.ODA.ODAT.GI.ZS:BTN,1989-12-31,41.43512789010017
WDI:DT.ODA.ODAT.GI.ZS:BTN,1990-12-31,51.707286367099194
WDI:DT.ODA.ODAT.GI.ZS:BTN,1991-12-31,71.04661046540677
WDI:DT.ODA.ODAT.GI.ZS:BTN,1992-12-31,55.091552351009355
WDI:DT.ODA.ODAT.GI.ZS:BTN,1993-12-31,66.49765824927165
WDI:DT.ODA.ODAT.GI.ZS:BTN,1994-12-31,57.17325144867065
WDI:DT.ODA.ODAT.GI.ZS:BTN,1995-12-31,53.47247330600923
WDI:DT.ODA.ODAT.GI.ZS:BTN,1996-12-31,50.23837798103611
WDI:DT.ODA.ODAT.GI.ZS:BTN,1997-12-31,61.904407227182624
WDI:DT.ODA.ODAT.GI.ZS:BTN,1998-12-31,46.0780926173417
WDI:DT.ODA.ODAT.GI.ZS:BTN,1999-12-31,46.621563255342
WDI:DT.ODA.ODAT.GI.ZS:BTN,2000-12-31,18.91625364478832
WDI:DT.ODA.ODAT.GI.ZS:BTN,2001-12-31,17.93075038000417
WDI:DT.ODA.ODAT.GI.ZS:BTN,2002-12-31,15.648521423120382
WDI:DT.ODA.ODAT.GI.ZS:BTN,2003-12-31,16.715916541548147
WDI:DT.ODA.ODAT.GI.ZS:BTN,2004-12-31,14.481761414782829
WDI:DT.ODA.ODAT.GI.ZS:BTN,2005-12-31,14.954733068338339
WDI:DT.ODA.ODAT.GI.ZS:BTN,2006-12-31,20.502254455904104
WDI:DT.ODA.ODAT.GI.ZS:BTN,2007-12-31,17.74529490604886
WDI:DT.ODA.ODAT.GI.ZS:BTN,2008-12-31,13.580454216408395
WDI:DT.ODA.ODAT.GI.ZS:BTN,2009-12-31,15.171302310219719
WDI:DT.ODA.ODAT.GI.ZS:BTN,2010-12-31,8.124912944570085
WDI:DT.ODA.ODAT.GI.ZS:BTN,2011-12-31,8.793760590004206
WDI:DT.ODA.ODAT.GI.ZS:BTN,2012-12-31,11.794771692460431
WDI:DT.ODA.ODAT.GI.ZS:BTN,2013-12-31,10.994324940482379
WDI:DT.ODA.ODAT.GI.ZS:BTN,2014-12-31,11.065768250099012
WDI:DT.ODA.ODAT.GI.ZS:BTN,2015-12-31,7.879124402976241
WDI:DT.ODA.ODAT.GI.ZS:BTN,2016-12-31,3.880509209315614
WDI:DT.ODA.ODAT.GI.ZS:BTN,2017-12-31,8.445103442080255
WDI:DT.ODA.ODAT.GI.ZS:BTN,2018-12-31,7.734040448487107
WDI:DT.ODA.ODAT.GI.ZS:BTN,2019-12-31,14.252432812067568
WDI:DT.ODA.ODAT.GI.ZS:BTN,2020-12-31,21.214247227275017
WDI:DT.ODA.ODAT.GI.ZS:BTN,2021-12-31,10.442118022893752
WDI:DT.ODA.ODAT.GI.ZS:BTN,2022-12-31,12.074812075764816
WDI:DT.ODA.ODAT.GI.ZS:BTN,2023-12-31,11.4999928336626
WDI:DT.ODA.ODAT.GI.ZS:BWA,1960-12-31,187.4859063309818
WDI:DT.ODA.ODAT.GI.ZS:BWA,1961-12-31,224.26604984272478
WDI:DT.ODA.ODAT.GI.ZS:BWA,1962-12-31,167.06935035298352
WDI:DT.ODA.ODAT.GI.ZS:BWA,1963-12-31,142.67728211623552
WDI:DT.ODA.ODAT.GI.ZS:BWA,1964-12-31,173.52409033155737
WDI:DT.ODA.ODAT.GI.ZS:BWA,1965-12-31,169.6147203822964
WDI:DT.ODA.ODAT.GI.ZS:BWA,1966-12-31,159.25037811532817
WDI:DT.ODA.ODAT.GI.ZS:BWA,1967-12-31,122.36759966467004
WDI:DT.ODA.ODAT.GI.ZS:BWA,1968-12-31,82.20922161570006
WDI:DT.ODA.ODAT.GI.ZS:BWA,1969-12-31,45.14466481635134
WDI:DT.ODA.ODAT.GI.ZS:BWA,1970-12-31,32.55385172273551
WDI:DT.ODA.ODAT.GI.ZS:BWA,1971-12-31,27.455537834550654
WDI:DT.ODA.ODAT.GI.ZS:BWA,1972-12-31,37.48961754760741
WDI:DT.ODA.ODAT.GI.ZS:BWA,1973-12-31,29.028048426867482
WDI:DT.ODA.ODAT.GI.ZS:BWA,1974-12-31,24.878892183224355
WDI:DT.ODA.ODAT.GI.ZS:BWA,1975-12-31,34.23038301175858
WDI:DT.ODA.ODAT.GI.ZS:BWA,1976-12-31,37.71166190278773
WDI:DT.ODA.ODAT.GI.ZS:BWA,1977-12-31,31.263347740667978
WDI:DT.ODA.ODAT.GI.ZS:BWA,1978-12-31,32.03169522493361
WDI:DT.ODA.ODAT.GI.ZS:BWA,1979-12-31,32.57734171879566
WDI:DT.ODA.ODAT.GI.ZS:BWA,1980-12-31,24.774707991190603
WDI:DT.ODA.ODAT.GI.ZS:BWA,1981-12-31,20.697465610617606
WDI:DT.ODA.ODAT.GI.ZS:BWA,1982-12-31,26.461672700176425
WDI:DT.ODA.ODAT.GI.ZS:BWA,1983-12-31,29.932525041756342
WDI:DT.ODA.ODAT.GI.ZS:BWA,1984-12-31,27.899896761090393
WDI:DT.ODA.ODAT.GI.ZS:BWA,1985-12-31,37.30232966281654
WDI:DT.ODA.ODAT.GI.ZS:BWA,1986-12-31,33.64244409455405
WDI:DT.ODA.ODAT.GI.ZS:BWA,1987-12-31,50.82944927002346
WDI:DT.ODA.ODAT.GI.ZS:BWA,1988-12-31,24.01775431656362
WDI:DT.ODA.ODAT.GI.ZS:BWA,1989-12-31,14.183949891208538
WDI:DT.ODA.ODAT.GI.ZS:BWA,1990-12-31,10.252419117392142
WDI:DT.ODA.ODAT.GI.ZS:BWA,1991-12-31,10.009651724389943
WDI:DT.ODA.ODAT.GI.ZS:BWA,1992-12-31,8.820879277234846
WDI:DT.ODA.ODAT.GI.ZS:BWA,1993-12-31,10.849721807657946
WDI:DT.ODA.ODAT.GI.ZS:BWA,1994-12-31,7.6970064597539105
WDI:DT.ODA.ODAT.GI.ZS:BWA,1995-12-31,6.985773830295986
WDI:DT.ODA.ODAT.GI.ZS:BWA,1996-12-31,6.56116589247427
WDI:DT.ODA.ODAT.GI.ZS:BWA,1997-12-31,10.071993881346057
WDI:DT.ODA.ODAT.GI.ZS:BWA,1998-12-31,5.8464270368103755
WDI:DT.ODA.ODAT.GI.ZS:BWA,1999-12-31,4.332590800687681
WDI:DT.ODA.ODAT.GI.ZS:BWA,2000-12-31,1.7901053122211252
WDI:DT.ODA.ODAT.GI.ZS:BWA,2001-12-31,1.7632067120039503
WDI:DT.ODA.ODAT.GI.ZS:BWA,2002-12-31,2.271931906001498
WDI:DT.ODA.ODAT.GI.ZS:BWA,2003-12-31,1.2390598219843023
WDI:DT.ODA.ODAT.GI.ZS:BWA,2004-12-31,1.6595594506621556
WDI:DT.ODA.ODAT.GI.ZS:BWA,2005-12-31,1.9177329745007945
WDI:DT.ODA.ODAT.GI.ZS:BWA,2006-12-31,3.0954524997999835
WDI:DT.ODA.ODAT.GI.ZS:BWA,2007-12-31,4.309163345718564
WDI:DT.ODA.ODAT.GI.ZS:BWA,2008-12-31,18.998609334504053
WDI:DT.ODA.ODAT.GI.ZS:BWA,2009-12-31,8.551675893595514
WDI:DT.ODA.ODAT.GI.ZS:BWA,2010-12-31,3.492725490151618
WDI:DT.ODA.ODAT.GI.ZS:BWA,2011-12-31,2.004811244177295
WDI:DT.ODA.ODAT.GI.ZS:BWA,2012-12-31,1.4595150782988213
WDI:DT.ODA.ODAT.GI.ZS:BWA,2013-12-31,3.0238150448409638
WDI:DT.ODA.ODAT.GI.ZS:BWA,2014-12-31,2.5436642471545396
WDI:DT.ODA.ODAT.GI.ZS:BWA,2015-12-31,1.7029365760606596
WDI:DT.ODA.ODAT.GI.ZS:BWA,2016-12-31,2.721155136127409
WDI:DT.ODA.ODAT.GI.ZS:BWA,2017-12-31,2.5350356649637744
WDI:DT.ODA.ODAT.GI.ZS:BWA,2018-12-31,1.9460184599436683
WDI:DT.ODA.ODAT.GI.ZS:BWA,2019-12-31,1.3187488302621335
WDI:DT.ODA.ODAT.GI.ZS:BWA,2020-12-31,1.6385022793940318
WDI:DT.ODA.ODAT.GI.ZS:BWA,2021-12-31,1.9032370562621506
WDI:DT.ODA.ODAT.GI.ZS:BWA,2022-12-31,1.6669673302587045
WDI:DT.ODA.ODAT.GI.ZS:BWA,2023-12-31,4.86324262204286
WDI:DT.ODA.ODAT.GI.ZS:CAF,1960-12-31,0.13621953534957207
WDI:DT.ODA.ODAT.GI.ZS:CAF,1961-12-31,1.60951936912342
WDI:DT.ODA.ODAT.GI.ZS:CAF,1962-12-31,3.934023889471837
WDI:DT.ODA.ODAT.GI.ZS:CAF,1963-12-31,7.030905377609955
WDI:DT.ODA.ODAT.GI.ZS:CAF,1964-12-31,53.428652159218956
WDI:DT.ODA.ODAT.GI.ZS:CAF,1965-12-31,48.95014522888194
WDI:DT.ODA.ODAT.GI.ZS:CAF,1966-12-31,46.9185945746145
WDI:DT.ODA.ODAT.GI.ZS:CAF,1967-12-31,57.502705335595
WDI:DT.ODA.ODAT.GI.ZS:CAF,1968-12-31,55.58952391163695
WDI:DT.ODA.ODAT.GI.ZS:CAF,1969-12-31,64.372735401326
WDI:DT.ODA.ODAT.GI.ZS:CAF,1970-12-31,42.28379713056211
WDI:DT.ODA.ODAT.GI.ZS:CAF,1971-12-31,41.171094060499684
WDI:DT.ODA.ODAT.GI.ZS:CAF,1972-12-31,60.415960289734706
WDI:DT.ODA.ODAT.GI.ZS:CAF,1973-12-31,45.28542018570134
WDI:DT.ODA.ODAT.GI.ZS:CAF,1974-12-31,83.85691130246677
WDI:DT.ODA.ODAT.GI.ZS:CAF,1975-12-31,104.76456495535713
WDI:DT.ODA.ODAT.GI.ZS:CAF,1976-12-31,71.66662402876983
WDI:DT.ODA.ODAT.GI.ZS:CAF,1977-12-31,76.58723075861599
WDI:DT.ODA.ODAT.GI.ZS:CAF,1978-12-31,76.64777083986402
WDI:DT.ODA.ODAT.GI.ZS:CAF,1979-12-31,121.45533260185606
WDI:DT.ODA.ODAT.GI.ZS:CAF,1980-12-31,197.17040457721933
WDI:DT.ODA.ODAT.GI.ZS:CAF,1981-12-31,166.66197301564137
WDI:DT.ODA.ODAT.GI.ZS:CAF,1982-12-31,179.25069303979544
WDI:DT.ODA.ODAT.GI.ZS:CAF,1983-12-31,118.5025474477632
WDI:DT.ODA.ODAT.GI.ZS:CAF,1984-12-31,167.76331887128032
WDI:DT.ODA.ODAT.GI.ZS:CAF,1985-12-31,78.05393318504547
WDI:DT.ODA.ODAT.GI.ZS:CAF,1986-12-31,94.22711187547367
WDI:DT.ODA.ODAT.GI.ZS:CAF,1987-12-31,118.66286081622113
WDI:DT.ODA.ODAT.GI.ZS:CAF,1988-12-31,153.97927128928225
WDI:DT.ODA.ODAT.GI.ZS:CAF,1989-12-31,130.12642845353886
WDI:DT.ODA.ODAT.GI.ZS:CAF,1990-12-31,135.9412271688787
WDI:DT.ODA.ODAT.GI.ZS:CAF,1991-12-31,99.55769133947318
WDI:DT.ODA.ODAT.GI.ZS:CAF,1992-12-31,101.44872134818961
WDI:DT.ODA.ODAT.GI.ZS:CAF,1993-12-31,126.95560076470038
WDI:DT.ODA.ODAT.GI.ZS:CAF,1994-12-31,168.16720445820667
WDI:DT.ODA.ODAT.GI.ZS:CAF,1995-12-31,106.53901345295967
WDI:DT.ODA.ODAT.GI.ZS:CAF,1996-12-31,230.6831397627411
WDI:DT.ODA.ODAT.GI.ZS:CAF,1997-12-31,96.85672377657303
WDI:DT.ODA.ODAT.GI.ZS:CAF,1998-12-31,113.22700391531058
WDI:DT.ODA.ODAT.GI.ZS:CAF,1999-12-31,91.67102037309719
WDI:DT.ODA.ODAT.GI.ZS:CAF,2000-12-31,74.77339682033751
WDI:DT.ODA.ODAT.GI.ZS:CAF,2001-12-31,79.7969929353104
WDI:DT.ODA.ODAT.GI.ZS:CAF,2002-12-31,62.599239246500524
WDI:DT.ODA.ODAT.GI.ZS:CAF,2003-12-31,70.39082998797934
WDI:DT.ODA.ODAT.GI.ZS:CAF,2004-12-31,126.97593660691575
WDI:DT.ODA.ODAT.GI.ZS:CAF,2005-12-31,67.40877636433125
WDI:DT.ODA.ODAT.GI.ZS:CAF,2006-12-31,89.29115714954878
WDI:DT.ODA.ODAT.GI.ZS:CAF,2007-12-31,99.08911310733146
WDI:DT.ODA.ODAT.GI.ZS:CAF,2008-12-31,102.61640071010993
WDI:DT.ODA.ODAT.GI.ZS:CAF,2009-12-31,88.33592864915164
WDI:DT.ODA.ODAT.GI.ZS:CAF,2010-12-31,67.34675131551698
WDI:DT.ODA.ODAT.GI.ZS:CAF,2011-12-31,80.4202164884836
WDI:DT.ODA.ODAT.GI.ZS:CAF,2012-12-31,83.84847563742606
WDI:DT.ODA.ODAT.GI.ZS:CAF,2013-12-31,159.5416352156137
WDI:DT.ODA.ODAT.GI.ZS:CAF,2014-12-31,146.63355230837553
WDI:DT.ODA.ODAT.GI.ZS:CAF,2015-12-31,131.67685553613475
WDI:DT.ODA.ODAT.GI.ZS:CAF,2016-12-31,123.61149014902028
WDI:DT.ODA.ODAT.GI.ZS:CAF,2017-12-31,96.49986846519269
WDI:DT.ODA.ODAT.GI.ZS:CAF,2018-12-31,111.0129949639073
WDI:DT.ODA.ODAT.GI.ZS:CAF,2019-12-31,117.29556630671405
WDI:DT.ODA.ODAT.GI.ZS:CAF,2020-12-31,137.8463284925898
WDI:DT.ODA.ODAT.GI.ZS:CAF,2021-12-31,103.44232466637733
WDI:DT.ODA.ODAT.GI.ZS:CAF,2022-12-31,117.97871546405571
WDI:DT.ODA.ODAT.GI.ZS:CAF,2023-12-31,121.540556272833
WDI:DT.ODA.ODAT.GI.ZS:CEB,1995-12-31,0.11611159868173952
WDI:DT.ODA.ODAT.GI.ZS:CEB,1996-12-31,0.2074324516955814
WDI:DT.ODA.ODAT.GI.ZS:CEB,1997-12-31,0.1288130882332973
WDI:DT.ODA.ODAT.GI.ZS:CEB,1998-12-31,0.067258284709764
WDI:DT.ODA.ODAT.GI.ZS:CEB,1999-12-31,0.07173149190792366
WDI:DT.ODA.ODAT.GI.ZS:CEB,2000-12-31,0.11512616949912718
WDI:DT.ODA.ODAT.GI.ZS:CEB,2001-12-31,0.20795978773133755
WDI:DT.ODA.ODAT.GI.ZS:CEB,2002-12-31,0.14728099111595977
WDI:DT.ODA.ODAT.GI.ZS:CEB,2003-12-31,0.0796758985085121
WDI:DT.ODA.ODAT.GI.ZS:CEB,2004-12-31,0.06228290861215922
WDI:DT.ODA.ODAT.GI.ZS:CEB,2005-12-31,0.0559726031461103
WDI:DT.ODA.ODAT.GI.ZS:CEB,2006-12-31,0.07332682642174257
WDI:DT.ODA.ODAT.GI.ZS:CEB,2007-12-31,0.04436090777108027
WDI:DT.ODA.ODAT.GI.ZS:CEB,2008-12-31,0.054944109707629224
WDI:DT.ODA.ODAT.GI.ZS:CEB,2009-12-31,0.05685200772407979
WDI:DT.ODA.ODAT.GI.ZS:CEB,2010-12-31,0.0433638051015373
WDI:DT.ODA.ODAT.GI.ZS:CHL,1960-12-31,2.983278220116148
WDI:DT.ODA.ODAT.GI.ZS:CHL,1961-12-31,16.528549226923317
WDI:DT.ODA.ODAT.GI.ZS:CHL,1962-12-31,18.814659978502384
WDI:DT.ODA.ODAT.GI.ZS:CHL,1963-12-31,15.454975777469732
WDI:DT.ODA.ODAT.GI.ZS:CHL,1964-12-31,12.774919814943711
WDI:DT.ODA.ODAT.GI.ZS:CHL,1965-12-31,11.179786852380618
WDI:DT.ODA.ODAT.GI.ZS:CHL,1966-12-31,10.238076083599246
WDI:DT.ODA.ODAT.GI.ZS:CHL,1967-12-31,7.910700640074859
WDI:DT.ODA.ODAT.GI.ZS:CHL,1968-12-31,6.2221175126622414
WDI:DT.ODA.ODAT.GI.ZS:CHL,1969-12-31,5.684140544583455
WDI:DT.ODA.ODAT.GI.ZS:CHL,1970-12-31,3.6182426070680664
WDI:DT.ODA.ODAT.GI.ZS:CHL,1971-12-31,1.6527487961753857
WDI:DT.ODA.ODAT.GI.ZS:CHL,1972-12-31,2.514350522404243
WDI:DT.ODA.ODAT.GI.ZS:CHL,1973-12-31,2.7638734599646875
WDI:DT.ODA.ODAT.GI.ZS:CHL,1974-12-31,0.42273276402947063
WDI:DT.ODA.ODAT.GI.ZS:CHL,1975-12-31,10.602932515566685
WDI:DT.ODA.ODAT.GI.ZS:CHL,1976-12-31,0.7425816791922525
WDI:DT.ODA.ODAT.GI.ZS:CHL,1977-12-31,0.5016561737408559
WDI:DT.ODA.ODAT.GI.ZS:CHL,1978-12-31,0.12429924616920301
WDI:DT.ODA.ODAT.GI.ZS:CHL,1979-12-31,-0.7313670578247722
WDI:DT.ODA.ODAT.GI.ZS:CHL,1980-12-31,-0.11764027294143913
WDI:DT.ODA.ODAT.GI.ZS:CHL,1981-12-31,0.0068007795346532
WDI:DT.ODA.ODAT.GI.ZS:CHL,1982-12-31,-0.03583235336615159
WDI:DT.ODA.ODAT.GI.ZS:CHL,1983-12-31,0.34458954213961
WDI:DT.ODA.ODAT.GI.ZS:CHL,1984-12-31,0.3040865323266583
WDI:DT.ODA.ODAT.GI.ZS:CHL,1985-12-31,1.6347617320368337
WDI:DT.ODA.ODAT.GI.ZS:CHL,1986-12-31,0.1046111203979665
WDI:DT.ODA.ODAT.GI.ZS:CHL,1987-12-31,0.5806100213095642
WDI:DT.ODA.ODAT.GI.ZS:CHL,1988-12-31,0.8614471549834017
WDI:DT.ODA.ODAT.GI.ZS:CHL,1989-12-31,0.8897058389468397
WDI:DT.ODA.ODAT.GI.ZS:CHL,1990-12-31,1.2692287886994167
WDI:DT.ODA.ODAT.GI.ZS:CHL,1991-12-31,1.4004825887210057
WDI:DT.ODA.ODAT.GI.ZS:CHL,1992-12-31,1.1806873882900466
WDI:DT.ODA.ODAT.GI.ZS:CHL,1993-12-31,1.2882975171792856
WDI:DT.ODA.ODAT.GI.ZS:CHL,1994-12-31,1.0581951009006791
WDI:DT.ODA.ODAT.GI.ZS:CHL,1995-12-31,0.7909569756842403
WDI:DT.ODA.ODAT.GI.ZS:CHL,1996-12-31,0.8372413145377089
WDI:DT.ODA.ODAT.GI.ZS:CHL,1997-12-31,0.5106160077767287
WDI:DT.ODA.ODAT.GI.ZS:CHL,1998-12-31,0.4583810810715091
WDI:DT.ODA.ODAT.GI.ZS:CHL,1999-12-31,0.4176212789249151
WDI:DT.ODA.ODAT.GI.ZS:CHL,2000-12-31,0.2716311857657454
WDI:DT.ODA.ODAT.GI.ZS:CHL,2001-12-31,0.3239635269552745
WDI:DT.ODA.ODAT.GI.ZS:CHL,2002-12-31,-0.04174639688581095
WDI:DT.ODA.ODAT.GI.ZS:CHL,2003-12-31,0.4487941969230561
WDI:DT.ODA.ODAT.GI.ZS:CHL,2004-12-31,0.25707375852118497
WDI:DT.ODA.ODAT.GI.ZS:CHL,2005-12-31,0.6000624514293657
WDI:DT.ODA.ODAT.GI.ZS:CHL,2006-12-31,0.28971450075676625
WDI:DT.ODA.ODAT.GI.ZS:CHL,2007-12-31,0.27566546257987523
WDI:DT.ODA.ODAT.GI.ZS:CHL,2008-12-31,0.19801395016265377
WDI:DT.ODA.ODAT.GI.ZS:CHL,2009-12-31,0.19293280611983782
WDI:DT.ODA.ODAT.GI.ZS:CHL,2010-12-31,0.3339441969761897
WDI:DT.ODA.ODAT.GI.ZS:CHL,2011-12-31,0.24064655024745715
WDI:DT.ODA.ODAT.GI.ZS:CHL,2012-12-31,0.16659896047995193
WDI:DT.ODA.ODAT.GI.ZS:CHL,2013-12-31,0.1056125170977198
WDI:DT.ODA.ODAT.GI.ZS:CHL,2014-12-31,0.37607399802971075
WDI:DT.ODA.ODAT.GI.ZS:CHL,2015-12-31,0.08753511085080133
WDI:DT.ODA.ODAT.GI.ZS:CHL,2016-12-31,0.3018427864409319
WDI:DT.ODA.ODAT.GI.ZS:CHL,2017-12-31,0.11246676171905776
WDI:DT.ODA.ODAT.GI.ZS:CHN,1979-12-31,0.026039117977529887
WDI:DT.ODA.ODAT.GI.ZS:CHN,1980-12-31,0.0990210465955884
WDI:DT.ODA.ODAT.GI.ZS:CHN,1981-12-31,0.7374233068659184
WDI:DT.ODA.ODAT.GI.ZS:CHN,1982-12-31,0.7979826098914135
WDI:DT.ODA.ODAT.GI.ZS:CHN,1983-12-31,0.9080943365571926
WDI:DT.ODA.ODAT.GI.ZS:CHN,1984-12-31,0.8923804736520834
WDI:DT.ODA.ODAT.GI.ZS:CHN,1985-12-31,0.7764762854919395
WDI:DT.ODA.ODAT.GI.ZS:CHN,1986-12-31,0.9651615750778559
WDI:DT.ODA.ODAT.GI.ZS:CHN,1987-12-31,1.3519289903998042
WDI:DT.ODA.ODAT.GI.ZS:CHN,1988-12-31,1.5697857297320112
WDI:DT.ODA.ODAT.GI.ZS:CHN,1989-12-31,1.5975666144862004
WDI:DT.ODA.ODAT.GI.ZS:CHN,1990-12-31,1.6473945753927923
WDI:DT.ODA.ODAT.GI.ZS:CHN,1991-12-31,1.4041722445336904
WDI:DT.ODA.ODAT.GI.ZS:CHN,1992-12-31,1.7741174960582196
WDI:DT.ODA.ODAT.GI.ZS:CHN,1993-12-31,1.6494628400256794
WDI:DT.ODA.ODAT.GI.ZS:CHN,1994-12-31,1.3717057069615541
WDI:DT.ODA.ODAT.GI.ZS:CHN,1995-12-31,1.2002772874434546
WDI:DT.ODA.ODAT.GI.ZS:CHN,1996-12-31,0.8094760628386353
WDI:DT.ODA.ODAT.GI.ZS:CHN,1997-12-31,0.5958093229543221
WDI:DT.ODA.ODAT.GI.ZS:CHN,1998-12-31,0.6771038684573611
WDI:DT.ODA.ODAT.GI.ZS:CHN,1999-12-31,0.6369649143262711
WDI:DT.ODA.ODAT.GI.ZS:CHN,2000-12-31,0.42495129088084405
WDI:DT.ODA.ODAT.GI.ZS:CHN,2001-12-31,0.311129562451979
WDI:DT.ODA.ODAT.GI.ZS:CHN,2002-12-31,0.2812857421425989
WDI:DT.ODA.ODAT.GI.ZS:CHN,2003-12-31,0.2050739043974728
WDI:DT.ODA.ODAT.GI.ZS:CHN,2004-12-31,0.2069892466792835
WDI:DT.ODA.ODAT.GI.ZS:CHN,2005-12-31,0.1931312449539249
WDI:DT.ODA.ODAT.GI.ZS:CHN,2006-12-31,0.11449392538265778
WDI:DT.ODA.ODAT.GI.ZS:CHN,2007-12-31,0.10024812508133568
WDI:DT.ODA.ODAT.GI.ZS:CHN,2008-12-31,0.06666203975269265
WDI:DT.ODA.ODAT.GI.ZS:CHN,2009-12-31,0.048953234850669596
WDI:DT.ODA.ODAT.GI.ZS:CHN,2010-12-31,0.03354457547549925
WDI:DT.ODA.ODAT.GI.ZS:CHN,2011-12-31,-0.017004308467196895
WDI:DT.ODA.ODAT.GI.ZS:CHN,2012-12-31,-0.004542772177834338
WDI:DT.ODA.ODAT.GI.ZS:CHN,2013-12-31,-0.01467380117540715
WDI:DT.ODA.ODAT.GI.ZS:CHN,2014-12-31,-0.019580618323504016
WDI:DT.ODA.ODAT.GI.ZS:CHN,2015-12-31,-0.006353447924841068
WDI:DT.ODA.ODAT.GI.ZS:CHN,2016-12-31,-0.01639456205204537
WDI:DT.ODA.ODAT.GI.ZS:CHN,2017-12-31,-0.018556706444432032
WDI:DT.ODA.ODAT.GI.ZS:CHN,2018-12-31,-0.011509107273731667
WDI:DT.ODA.ODAT.GI.ZS:CHN,2019-12-31,-0.00977035679382321
WDI:DT.ODA.ODAT.GI.ZS:CHN,2020-12-31,-0.008937775998453886
WDI:DT.ODA.ODAT.GI.ZS:CHN,2021-12-31,-0.007232915470385359
WDI:DT.ODA.ODAT.GI.ZS:CHN,2022-12-31,-0.0036152728733789474
WDI:DT.ODA.ODAT.GI.ZS:CHN,2023-12-31,-0.00355522530464947
WDI:DT.ODA.ODAT.GI.ZS:CIV,1960-12-31,0.14230638289457034
WDI:DT.ODA.ODAT.GI.ZS:CIV,1961-12-31,2.7472971424545976
WDI:DT.ODA.ODAT.GI.ZS:CIV,1962-12-31,10.041591784382152
WDI:DT.ODA.ODAT.GI.ZS:CIV,1963-12-31,6.391512091203633
WDI:DT.ODA.ODAT.GI.ZS:CIV,1964-12-31,19.388458177408403
WDI:DT.ODA.ODAT.GI.ZS:CIV,1965-12-31,19.19726745587942
WDI:DT.ODA.ODAT.GI.ZS:CIV,1966-12-31,16.08768948254697
WDI:DT.ODA.ODAT.GI.ZS:CIV,1967-12-31,15.880364280321075
WDI:DT.ODA.ODAT.GI.ZS:CIV,1968-12-31,19.647435702923964
WDI:DT.ODA.ODAT.GI.ZS:CIV,1969-12-31,18.68254912973812
WDI:DT.ODA.ODAT.GI.ZS:CIV,1970-12-31,16.058867608031967
WDI:DT.ODA.ODAT.GI.ZS:CIV,1971-12-31,14.787031711852485
WDI:DT.ODA.ODAT.GI.ZS:CIV,1972-12-31,12.505543614174755
WDI:DT.ODA.ODAT.GI.ZS:CIV,1973-12-31,10.889925498477284
WDI:DT.ODA.ODAT.GI.ZS:CIV,1974-12-31,11.187515371750099
WDI:DT.ODA.ODAT.GI.ZS:CIV,1975-12-31,11.40561105391879
WDI:DT.ODA.ODAT.GI.ZS:CIV,1976-12-31,10.025470151920647
WDI:DT.ODA.ODAT.GI.ZS:CIV,1977-12-31,6.0704547051514925
WDI:DT.ODA.ODAT.GI.ZS:CIV,1978-12-31,5.5095584751232
WDI:DT.ODA.ODAT.GI.ZS:CIV,1979-12-31,6.254540245190951
WDI:DT.ODA.ODAT.GI.ZS:CIV,1980-12-31,7.76975496925475
WDI:DT.ODA.ODAT.GI.ZS:CIV,1981-12-31,5.625261932254557
WDI:DT.ODA.ODAT.GI.ZS:CIV,1982-12-31,7.775190346735633
WDI:DT.ODA.ODAT.GI.ZS:CIV,1983-12-31,12.335802301136326
WDI:DT.ODA.ODAT.GI.ZS:CIV,1984-12-31,15.429601420548341
WDI:DT.ODA.ODAT.GI.ZS:CIV,1985-12-31,12.986576457419584
WDI:DT.ODA.ODAT.GI.ZS:CIV,1986-12-31,15.787422154303421
WDI:DT.ODA.ODAT.GI.ZS:CIV,1987-12-31,19.354198443988636
WDI:DT.ODA.ODAT.GI.ZS:CIV,1988-12-31,32.73915434023548
WDI:DT.ODA.ODAT.GI.ZS:CIV,1989-12-31,45.414597200603176
WDI:DT.ODA.ODAT.GI.ZS:CIV,1990-12-31,95.05435031974481
WDI:DT.ODA.ODAT.GI.ZS:CIV,1991-12-31,81.58822280735396
WDI:DT.ODA.ODAT.GI.ZS:CIV,1992-12-31,97.8608592310139
WDI:DT.ODA.ODAT.GI.ZS:CIV,1993-12-31,70.59410939202142
WDI:DT.ODA.ODAT.GI.ZS:CIV,1994-12-31,139.7658610914845
WDI:DT.ODA.ODAT.GI.ZS:CIV,1995-12-31,70.66110853193585
WDI:DT.ODA.ODAT.GI.ZS:CIV,1996-12-31,41.006421362239074
WDI:DT.ODA.ODAT.GI.ZS:CIV,1997-12-31,14.984865455385316
WDI:DT.ODA.ODAT.GI.ZS:CIV,1998-12-31,24.319689336103735
WDI:DT.ODA.ODAT.GI.ZS:CIV,1999-12-31,16.222887610724694
WDI:DT.ODA.ODAT.GI.ZS:CIV,2000-12-31,13.319644533258163
WDI:DT.ODA.ODAT.GI.ZS:CIV,2001-12-31,7.784226728351149
WDI:DT.ODA.ODAT.GI.ZS:CIV,2002-12-31,49.17618175500692
WDI:DT.ODA.ODAT.GI.ZS:CIV,2003-12-31,8.546145662933519
WDI:DT.ODA.ODAT.GI.ZS:CIV,2004-12-31,4.6444408682935245
WDI:DT.ODA.ODAT.GI.ZS:CIV,2005-12-31,2.743327677247256
WDI:DT.ODA.ODAT.GI.ZS:CIV,2006-12-31,6.893505571108344
WDI:DT.ODA.ODAT.GI.ZS:CIV,2007-12-31,4.333559082109836
WDI:DT.ODA.ODAT.GI.ZS:CIV,2008-12-31,9.436448398765567
WDI:DT.ODA.ODAT.GI.ZS:CIV,2009-12-31,48.09759103725772
WDI:DT.ODA.ODAT.GI.ZS:CIV,2010-12-31,8.671659188825508
WDI:DT.ODA.ODAT.GI.ZS:CIV,2011-12-31,23.612096770091075
WDI:DT.ODA.ODAT.GI.ZS:CIV,2012-12-31,39.174054763295594
WDI:DT.ODA.ODAT.GI.ZS:CIV,2013-12-31,12.999225343862722
WDI:DT.ODA.ODAT.GI.ZS:CIV,2014-12-31,8.37253883046089
WDI:DT.ODA.ODAT.GI.ZS:CIV,2015-12-31,6.082600803526792
WDI:DT.ODA.ODAT.GI.ZS:CIV,2016-12-31,5.484154000760446
WDI:DT.ODA.ODAT.GI.ZS:CIV,2017-12-31,7.584310879101238
WDI:DT.ODA.ODAT.GI.ZS:CIV,2018-12-31,7.372160923729984
WDI:DT.ODA.ODAT.GI.ZS:CIV,2019-12-31,8.847992369652506
WDI:DT.ODA.ODAT.GI.ZS:CIV,2020-12-31,11.418274995397342
WDI:DT.ODA.ODAT.GI.ZS:CIV,2021-12-31,9.193583514778398
WDI:DT.ODA.ODAT.GI.ZS:CIV,2022-12-31,10.092937811977238
WDI:DT.ODA.ODAT.GI.ZS:CIV,2023-12-31,11.9852604965154
WDI:DT.ODA.ODAT.GI.ZS:CMR,1965-12-31,31.64226723433878
WDI:DT.ODA.ODAT.GI.ZS:CMR,1966-12-31,42.78679269877125
WDI:DT.ODA.ODAT.GI.ZS:CMR,1967-12-31,29.38042721698312
WDI:DT.ODA.ODAT.GI.ZS:CMR,1968-12-31,34.24406327248716
WDI:DT.ODA.ODAT.GI.ZS:CMR,1969-12-31,31.900390571463273
WDI:DT.ODA.ODAT.GI.ZS:CMR,1970-12-31,32.122380188049846
WDI:DT.ODA.ODAT.GI.ZS:CMR,1971-12-31,23.402870733575178
WDI:DT.ODA.ODAT.GI.ZS:CMR,1972-12-31,22.993404808847725
WDI:DT.ODA.ODAT.GI.ZS:CMR,1973-12-31,16.09667158934535
WDI:DT.ODA.ODAT.GI.ZS:CMR,1974-12-31,16.795052276571948
WDI:DT.ODA.ODAT.GI.ZS:CMR,1975-12-31,19.20930969573648
WDI:DT.ODA.ODAT.GI.ZS:CMR,1976-12-31,26.496422357725947
WDI:DT.ODA.ODAT.GI.ZS:CMR,1977-12-31,18.553158590093155
WDI:DT.ODA.ODAT.GI.ZS:CMR,1978-12-31,12.327342826635004
WDI:DT.ODA.ODAT.GI.ZS:CMR,1979-12-31,16.398108796967637
WDI:DT.ODA.ODAT.GI.ZS:CMR,1980-12-31,18.90448777073857
WDI:DT.ODA.ODAT.GI.ZS:CMR,1981-12-31,11.031162348456453
WDI:DT.ODA.ODAT.GI.ZS:CMR,1982-12-31,12.930750608755371
WDI:DT.ODA.ODAT.GI.ZS:CMR,1983-12-31,7.152903046383523
WDI:DT.ODA.ODAT.GI.ZS:CMR,1984-12-31,9.646363169611643
WDI:DT.ODA.ODAT.GI.ZS:CMR,1985-12-31,7.170900824363459
WDI:DT.ODA.ODAT.GI.ZS:CMR,1986-12-31,7.156526253768268
WDI:DT.ODA.ODAT.GI.ZS:CMR,1987-12-31,6.301743043360833
WDI:DT.ODA.ODAT.GI.ZS:CMR,1988-12-31,10.779399197674067
WDI:DT.ODA.ODAT.GI.ZS:CMR,1989-12-31,24.042474201007344
WDI:DT.ODA.ODAT.GI.ZS:CMR,1990-12-31,20.25938136831011
WDI:DT.ODA.ODAT.GI.ZS:CMR,1991-12-31,26.15200381403364
WDI:DT.ODA.ODAT.GI.ZS:CMR,1992-12-31,41.39059565419927
WDI:DT.ODA.ODAT.GI.ZS:CMR,1993-12-31,24.416216062072994
WDI:DT.ODA.ODAT.GI.ZS:CMR,1994-12-31,49.45828435707293
WDI:DT.ODA.ODAT.GI.ZS:CMR,1995-12-31,23.29886002674528
WDI:DT.ODA.ODAT.GI.ZS:CMR,1996-12-31,21.353013518441774
WDI:DT.ODA.ODAT.GI.ZS:CMR,1997-12-31,26.20868151108412
WDI:DT.ODA.ODAT.GI.ZS:CMR,1998-12-31,23.91944351369791
WDI:DT.ODA.ODAT.GI.ZS:CMR,1999-12-31,21.260648246895943
WDI:DT.ODA.ODAT.GI.ZS:CMR,2000-12-31,20.76117161408866
WDI:DT.ODA.ODAT.GI.ZS:CMR,2001-12-31,22.276316382078416
WDI:DT.ODA.ODAT.GI.ZS:CMR,2002-12-31,25.091697153382754
WDI:DT.ODA.ODAT.GI.ZS:CMR,2003-12-31,30.646729082240178
WDI:DT.ODA.ODAT.GI.ZS:CMR,2004-12-31,21.979562973857643
WDI:DT.ODA.ODAT.GI.ZS:CMR,2005-12-31,11.435077796952225
WDI:DT.ODA.ODAT.GI.ZS:CMR,2006-12-31,46.172480559473264
WDI:DT.ODA.ODAT.GI.ZS:CMR,2007-12-31,44.11226864384123
WDI:DT.ODA.ODAT.GI.ZS:CMR,2008-12-31,10.078642512804711
WDI:DT.ODA.ODAT.GI.ZS:CMR,2009-12-31,12.418145072632768
WDI:DT.ODA.ODAT.GI.ZS:CMR,2010-12-31,9.074646703138608
WDI:DT.ODA.ODAT.GI.ZS:CMR,2011-12-31,10.667354184712845
WDI:DT.ODA.ODAT.GI.ZS:CMR,2012-12-31,11.001163904840599
WDI:DT.ODA.ODAT.GI.ZS:CMR,2013-12-31,11.953117488387088
WDI:DT.ODA.ODAT.GI.ZS:CMR,2014-12-31,11.92658688036254
WDI:DT.ODA.ODAT.GI.ZS:CMR,2015-12-31,11.298402630241982
WDI:DT.ODA.ODAT.GI.ZS:CMR,2016-12-31,11.290192239045268
WDI:DT.ODA.ODAT.GI.ZS:CMR,2017-12-31,17.334803217716015
WDI:DT.ODA.ODAT.GI.ZS:CMR,2018-12-31,14.927891517978969
WDI:DT.ODA.ODAT.GI.ZS:CMR,2019-12-31,17.293529185908906
WDI:DT.ODA.ODAT.GI.ZS:CMR,2020-12-31,19.471462500504714
WDI:DT.ODA.ODAT.GI.ZS:CMR,2021-12-31,14.00035159223406
WDI:DT.ODA.ODAT.GI.ZS:CMR,2022-12-31,14.008460051600904
WDI:DT.ODA.ODAT.GI.ZS:CMR,2023-12-31,9.98806779552477
WDI:DT.ODA.ODAT.GI.ZS:COD,1994-12-31,55.74924390722921
WDI:DT.ODA.ODAT.GI.ZS:COD,1995-12-31,36.81519570180398
WDI:DT.ODA.ODAT.GI.ZS:COD,1996-12-31,10.336792165697371
WDI:DT.ODA.ODAT.GI.ZS:COD,1997-12-31,103.68677494519018
WDI:DT.ODA.ODAT.GI.ZS:COD,1998-12-31,97.27926035999333
WDI:DT.ODA.ODAT.GI.ZS:COD,1999-12-31,93.72119488962319
WDI:DT.ODA.ODAT.GI.ZS:COD,2000-12-31,6.47660128509666
WDI:DT.ODA.ODAT.GI.ZS:COD,2001-12-31,49.45903614880568
WDI:DT.ODA.ODAT.GI.ZS:COD,2002-12-31,181.22790219120085
WDI:DT.ODA.ODAT.GI.ZS:COD,2003-12-31,636.3512051849782
WDI:DT.ODA.ODAT.GI.ZS:COD,2004-12-31,152.05313320250076
WDI:DT.ODA.ODAT.GI.ZS:COD,2005-12-31,87.08515116087679
WDI:DT.ODA.ODAT.GI.ZS:COD,2006-12-31,81.4526000959116
WDI:DT.ODA.ODAT.GI.ZS:COD,2007-12-31,46.26490959915398
WDI:DT.ODA.ODAT.GI.ZS:COD,2008-12-31,40.510405310762835
WDI:DT.ODA.ODAT.GI.ZS:COD,2009-12-31,69.1721498566513
WDI:DT.ODA.ODAT.GI.ZS:COD,2010-12-31,54.76091346461466
WDI:DT.ODA.ODAT.GI.ZS:COD,2011-12-31,82.80792366615209
WDI:DT.ODA.ODAT.GI.ZS:COD,2012-12-31,36.2964587513615
WDI:DT.ODA.ODAT.GI.ZS:COD,2013-12-31,26.353927153338464
WDI:DT.ODA.ODAT.GI.ZS:COD,2014-12-31,19.558925144199595
WDI:DT.ODA.ODAT.GI.ZS:COD,2015-12-31,22.899391218963412
WDI:DT.ODA.ODAT.GI.ZS:COD,2016-12-31,21.16680332134567
WDI:DT.ODA.ODAT.GI.ZS:COD,2017-12-31,22.15789010508848
WDI:DT.ODA.ODAT.GI.ZS:COD,2018-12-31,18.78929591704577
WDI:DT.ODA.ODAT.GI.ZS:COD,2019-12-31,26.899185248907663
WDI:DT.ODA.ODAT.GI.ZS:COD,2020-12-31,33.168051009114485
WDI:DT.ODA.ODAT.GI.ZS:COD,2021-12-31,18.77779590166684
WDI:DT.ODA.ODAT.GI.ZS:COD,2022-12-31,12.733539220286627
WDI:DT.ODA.ODAT.GI.ZS:COD,2023-12-31,18.2648446479686
WDI:DT.ODA.ODAT.GI.ZS:COG,1960-12-31,0.028545330270601393
WDI:DT.ODA.ODAT.GI.ZS:COG,1961-12-31,0.19375180067832723
WDI:DT.ODA.ODAT.GI.ZS:COG,1962-12-31,5.0790243920284865
WDI:DT.ODA.ODAT.GI.ZS:COG,1963-12-31,14.4251325368522
WDI:DT.ODA.ODAT.GI.ZS:COG,1964-12-31,47.089483539746595
WDI:DT.ODA.ODAT.GI.ZS:COG,1965-12-31,35.63500561746125
WDI:DT.ODA.ODAT.GI.ZS:COG,1966-12-31,37.7206405023645
WDI:DT.ODA.ODAT.GI.ZS:COG,1967-12-31,25.1348857605663
WDI:DT.ODA.ODAT.GI.ZS:COG,1968-12-31,28.752497132863507
WDI:DT.ODA.ODAT.GI.ZS:COG,1969-12-31,24.25828562591755
WDI:DT.ODA.ODAT.GI.ZS:COG,1970-12-31,23.118727084607887
WDI:DT.ODA.ODAT.GI.ZS:COG,1971-12-31,20.03334477117557
WDI:DT.ODA.ODAT.GI.ZS:COG,1972-12-31,19.341652266112767
WDI:DT.ODA.ODAT.GI.ZS:COG,1973-12-31,15.371266981680023
WDI:DT.ODA.ODAT.GI.ZS:COG,1974-12-31,18.428036717809913
WDI:DT.ODA.ODAT.GI.ZS:COG,1975-12-31,18.641556606455882
WDI:DT.ODA.ODAT.GI.ZS:COG,1976-12-31,31.050736751737457
WDI:DT.ODA.ODAT.GI.ZS:COG,1977-12-31,23.64913022253708
WDI:DT.ODA.ODAT.GI.ZS:COG,1978-12-31,33.41538900651289
WDI:DT.ODA.ODAT.GI.ZS:COG,1979-12-31,28.968106777925417
WDI:DT.ODA.ODAT.GI.ZS:COG,1980-12-31,14.940365989633062
WDI:DT.ODA.ODAT.GI.ZS:COG,1981-12-31,8.377952756890334
WDI:DT.ODA.ODAT.GI.ZS:COG,1982-12-31,7.123805636189903
WDI:DT.ODA.ODAT.GI.ZS:COG,1983-12-31,13.316223388664422
WDI:DT.ODA.ODAT.GI.ZS:COG,1984-12-31,14.478220369202022
WDI:DT.ODA.ODAT.GI.ZS:COG,1985-12-31,10.546982021570022
WDI:DT.ODA.ODAT.GI.ZS:COG,1986-12-31,19.688918535486014
WDI:DT.ODA.ODAT.GI.ZS:COG,1987-12-31,30.339116065242557
WDI:DT.ODA.ODAT.GI.ZS:COG,1988-12-31,21.021723969779693
WDI:DT.ODA.ODAT.GI.ZS:COG,1989-12-31,26.812097868014472
WDI:DT.ODA.ODAT.GI.ZS:COG,1990-12-31,48.7830217484681
WDI:DT.ODA.ODAT.GI.ZS:COG,1991-12-31,23.82534155115384
WDI:DT.ODA.ODAT.GI.ZS:COG,1992-12-31,18.15151234812335
WDI:DT.ODA.ODAT.GI.ZS:COG,1993-12-31,15.706555975588246
WDI:DT.ODA.ODAT.GI.ZS:COG,1994-12-31,37.74147258819258
WDI:DT.ODA.ODAT.GI.ZS:COG,1995-12-31,16.39275361010982
WDI:DT.ODA.ODAT.GI.ZS:COG,1996-12-31,51.76897202473987
WDI:DT.ODA.ODAT.GI.ZS:COG,1997-12-31,52.026080740874235
WDI:DT.ODA.ODAT.GI.ZS:COG,1998-12-31,12.493609560316338
WDI:DT.ODA.ODAT.GI.ZS:COG,1999-12-31,21.490893439215235
WDI:DT.ODA.ODAT.GI.ZS:COG,2000-12-31,4.402136845179749
WDI:DT.ODA.ODAT.GI.ZS:COG,2001-12-31,10.024318374962347
WDI:DT.ODA.ODAT.GI.ZS:COG,2002-12-31,8.04400655310237
WDI:DT.ODA.ODAT.GI.ZS:COG,2003-12-31,7.57864128802007
WDI:DT.ODA.ODAT.GI.ZS:COG,2004-12-31,11.042383943095029
WDI:DT.ODA.ODAT.GI.ZS:COG,2005-12-31,82.64626138780568
WDI:DT.ODA.ODAT.GI.ZS:COG,2006-12-31,11.31343103583225
WDI:DT.ODA.ODAT.GI.ZS:COG,2007-12-31,2.169204861785321
WDI:DT.ODA.ODAT.GI.ZS:COG,2008-12-31,9.928659157931456
WDI:DT.ODA.ODAT.GI.ZS:COG,2009-12-31,5.378962595413551
WDI:DT.ODA.ODAT.GI.ZS:COG,2010-12-31,20.84402786101236
WDI:DT.ODA.ODAT.GI.ZS:COG,2011-12-31,4.529382899892775
WDI:DT.ODA.ODAT.GI.ZS:COG,2012-12-31,1.8076043757988838
WDI:DT.ODA.ODAT.GI.ZS:COG,2013-12-31,1.786183437146227
WDI:DT.ODA.ODAT.GI.ZS:COG,2014-12-31,1.1213425313477605
WDI:DT.ODA.ODAT.GI.ZS:COG,2015-12-31,0.9300177346410164
WDI:DT.ODA.ODAT.GI.ZS:COG,2016-12-31,1.1162341376475422
WDI:DT.ODA.ODAT.GI.ZS:COG,2017-12-31,1.9689929829312847
WDI:DT.ODA.ODAT.GI.ZS:COG,2018-12-31,3.359538165876967
WDI:DT.ODA.ODAT.GI.ZS:COG,2019-12-31,4.904585764028064
WDI:DT.ODA.ODAT.GI.ZS:COG,2020-12-31,7.973907177074809
WDI:DT.ODA.ODAT.GI.ZS:COG,2021-12-31,6.308898591365408
WDI:DT.ODA.ODAT.GI.ZS:COG,2022-12-31,21.229894622302115
WDI:DT.ODA.ODAT.GI.ZS:COG,2023-12-31,9.77325414758028
WDI:DT.ODA.ODAT.GI.ZS:COL,1960-12-31,-0.8793615073479774
WDI:DT.ODA.ODAT.GI.ZS:COL,1961-12-31,5.6413290940591585
WDI:DT.ODA.ODAT.GI.ZS:COL,1962-12-31,5.453809511082844
WDI:DT.ODA.ODAT.GI.ZS:COL,1963-12-31,8.327504183527756
WDI:DT.ODA.ODAT.GI.ZS:COL,1964-12-31,4.027992439732684
WDI:DT.ODA.ODAT.GI.ZS:COL,1965-12-31,4.691815336130405
WDI:DT.ODA.ODAT.GI.ZS:COL,1966-12-31,8.064043847067182
WDI:DT.ODA.ODAT.GI.ZS:COL,1967-12-31,9.62568603162944
WDI:DT.ODA.ODAT.GI.ZS:COL,1968-12-31,10.328534980362724
WDI:DT.ODA.ODAT.GI.ZS:COL,1969-12-31,9.221936089746904
WDI:DT.ODA.ODAT.GI.ZS:COL,1970-12-31,9.147943888012339
WDI:DT.ODA.ODAT.GI.ZS:COL,1971-12-31,6.856064559519578
WDI:DT.ODA.ODAT.GI.ZS:COL,1972-12-31,6.536279745389134
WDI:DT.ODA.ODAT.GI.ZS:COL,1973-12-31,6.8563536359573325
WDI:DT.ODA.ODAT.GI.ZS:COL,1974-12-31,3.279094577398297
WDI:DT.ODA.ODAT.GI.ZS:COL,1975-12-31,3.168768031097221
WDI:DT.ODA.ODAT.GI.ZS:COL,1976-12-31,2.5189607998338297
WDI:DT.ODA.ODAT.GI.ZS:COL,1977-12-31,1.1023769643256125
WDI:DT.ODA.ODAT.GI.ZS:COL,1978-12-31,1.3534539265448045
WDI:DT.ODA.ODAT.GI.ZS:COL,1979-12-31,0.7790655669073839
WDI:DT.ODA.ODAT.GI.ZS:COL,1980-12-31,0.6635231085076376
WDI:DT.ODA.ODAT.GI.ZS:COL,1981-12-31,0.7106180652714802
WDI:DT.ODA.ODAT.GI.ZS:COL,1982-12-31,0.7736015441845322
WDI:DT.ODA.ODAT.GI.ZS:COL,1983-12-31,0.5681017060036443
WDI:DT.ODA.ODAT.GI.ZS:COL,1984-12-31,0.6883819813437564
WDI:DT.ODA.ODAT.GI.ZS:COL,1985-12-31,0.7904625301433484
WDI:DT.ODA.ODAT.GI.ZS:COL,1986-12-31,0.7984032890394439
WDI:DT.ODA.ODAT.GI.ZS:COL,1987-12-31,1.124867120009651
WDI:DT.ODA.ODAT.GI.ZS:COL,1988-12-31,0.9265038419067345
WDI:DT.ODA.ODAT.GI.ZS:COL,1989-12-31,0.9515816577621529
WDI:DT.ODA.ODAT.GI.ZS:COL,1990-12-31,1.0249411588148465
WDI:DT.ODA.ODAT.GI.ZS:COL,1991-12-31,1.3982641766880444
WDI:DT.ODA.ODAT.GI.ZS:COL,1992-12-31,1.9879692709630166
WDI:DT.ODA.ODAT.GI.ZS:COL,1993-12-31,0.6410933087067525
WDI:DT.ODA.ODAT.GI.ZS:COL,1994-12-31,0.4407210689402743
WDI:DT.ODA.ODAT.GI.ZS:COL,1995-12-31,0.7615526946122353
WDI:DT.ODA.ODAT.GI.ZS:COL,1996-12-31,0.906333609957231
WDI:DT.ODA.ODAT.GI.ZS:COL,1997-12-31,0.854876923528282
WDI:DT.ODA.ODAT.GI.ZS:COL,1998-12-31,0.9232984225303883
WDI:DT.ODA.ODAT.GI.ZS:COL,1999-12-31,2.8680216146341553
WDI:DT.ODA.ODAT.GI.ZS:COL,2000-12-31,1.3602635940033299
WDI:DT.ODA.ODAT.GI.ZS:COL,2001-12-31,2.5401682242567376
WDI:DT.ODA.ODAT.GI.ZS:COL,2002-12-31,2.7120430484540865
WDI:DT.ODA.ODAT.GI.ZS:COL,2003-12-31,4.614994527283389
WDI:DT.ODA.ODAT.GI.ZS:COL,2004-12-31,2.35475154173438
WDI:DT.ODA.ODAT.GI.ZS:COL,2005-12-31,2.0394379045096103
WDI:DT.ODA.ODAT.GI.ZS:COL,2006-12-31,2.7071996897214414
WDI:DT.ODA.ODAT.GI.ZS:COL,2007-12-31,1.5335515927379064
WDI:DT.ODA.ODAT.GI.ZS:COL,2008-12-31,1.7024023210142791
WDI:DT.ODA.ODAT.GI.ZS:COL,2009-12-31,2.072374894114653
WDI:DT.ODA.ODAT.GI.ZS:COL,2010-12-31,1.0581240565495902
WDI:DT.ODA.ODAT.GI.ZS:COL,2011-12-31,1.315878437758488
WDI:DT.ODA.ODAT.GI.ZS:COL,2012-12-31,0.932663627440155
WDI:DT.ODA.ODAT.GI.ZS:COL,2013-12-31,1.0116775161384055
WDI:DT.ODA.ODAT.GI.ZS:COL,2014-12-31,1.3377406521466157
WDI:DT.ODA.ODAT.GI.ZS:COL,2015-12-31,1.9433097761440123
WDI:DT.ODA.ODAT.GI.ZS:COL,2016-12-31,1.6893305066798405
WDI:DT.ODA.ODAT.GI.ZS:COL,2017-12-31,1.2624015523823247
WDI:DT.ODA.ODAT.GI.ZS:COL,2018-12-31,2.51422954654413
WDI:DT.ODA.ODAT.GI.ZS:COL,2019-12-31,1.266385601429754
WDI:DT.ODA.ODAT.GI.ZS:COL,2020-12-31,3.6168473471833016
WDI:DT.ODA.ODAT.GI.ZS:COL,2021-12-31,3.1832289796729127
WDI:DT.ODA.ODAT.GI.ZS:COL,2022-12-31,2.7555574979693196
WDI:DT.ODA.ODAT.GI.ZS:COL,2023-12-31,1.71597084265654
WDI:DT.ODA.ODAT.GI.ZS:COM,1980-12-31,98.49036487944335
WDI:DT.ODA.ODAT.GI.ZS:COM,1981-12-31,120.68383519338167
WDI:DT.ODA.ODAT.GI.ZS:COM,1982-12-31,104.37852930793011
WDI:DT.ODA.ODAT.GI.ZS:COM,1983-12-31,106.3063039222132
WDI:DT.ODA.ODAT.GI.ZS:COM,1984-12-31,125.09356237973024
WDI:DT.ODA.ODAT.GI.ZS:COM,1985-12-31,136.09055220773885
WDI:DT.ODA.ODAT.GI.ZS:COM,1986-12-31,98.61457512992749
WDI:DT.ODA.ODAT.GI.ZS:COM,1987-12-31,95.65619158249888
WDI:DT.ODA.ODAT.GI.ZS:COM,1988-12-31,84.38406061301289
WDI:DT.ODA.ODAT.GI.ZS:COM,1989-12-31,74.31827168234094
WDI:DT.ODA.ODAT.GI.ZS:COM,1990-12-31,61.94551805451234
WDI:DT.ODA.ODAT.GI.ZS:COM,1991-12-31,87.58041009722449
WDI:DT.ODA.ODAT.GI.ZS:COM,1992-12-31,60.77623066347007
WDI:DT.ODA.ODAT.GI.ZS:COM,1993-12-31,62.99863077180107
WDI:DT.ODA.ODAT.GI.ZS:COM,1994-12-31,68.1393123961594
WDI:DT.ODA.ODAT.GI.ZS:COM,1995-12-31,58.70270955479343
WDI:DT.ODA.ODAT.GI.ZS:COM,1996-12-31,55.35392171602487
WDI:DT.ODA.ODAT.GI.ZS:COM,1997-12-31,46.13821055744708
WDI:DT.ODA.ODAT.GI.ZS:COM,1998-12-31,61.86609847965185
WDI:DT.ODA.ODAT.GI.ZS:COM,1999-12-31,32.9199178458113
WDI:DT.ODA.ODAT.GI.ZS:COM,2000-12-31,31.518405257383264
WDI:DT.ODA.ODAT.GI.ZS:COM,2001-12-31,41.140667289006984
WDI:DT.ODA.ODAT.GI.ZS:COM,2002-12-31,35.76911017853514
WDI:DT.ODA.ODAT.GI.ZS:COM,2003-12-31,24.940663282666915
WDI:DT.ODA.ODAT.GI.ZS:COM,2004-12-31,23.037175577643875
WDI:DT.ODA.ODAT.GI.ZS:COM,2005-12-31,19.57069342322555
WDI:DT.ODA.ODAT.GI.ZS:COM,2006-12-31,25.764315835763195
WDI:DT.ODA.ODAT.GI.ZS:COM,2007-12-31,33.52524918916815
WDI:DT.ODA.ODAT.GI.ZS:COM,2008-12-31,23.853404774050723
WDI:DT.ODA.ODAT.GI.ZS:COM,2009-12-31,31.17915473466139
WDI:DT.ODA.ODAT.GI.ZS:COM,2010-12-31,28.777513298764234
WDI:DT.ODA.ODAT.GI.ZS:COM,2011-12-31,33.76696991173452
WDI:DT.ODA.ODAT.GI.ZS:COM,2012-12-31,61.931590076341614
WDI:DT.ODA.ODAT.GI.ZS:COM,2013-12-31,44.48964359231551
WDI:DT.ODA.ODAT.GI.ZS:COM,2014-12-31,42.884112969082636
WDI:DT.ODA.ODAT.GI.ZS:COM,2015-12-31,49.96570294376348
WDI:DT.ODA.ODAT.GI.ZS:COM,2016-12-31,42.24494400639238
WDI:DT.ODA.ODAT.GI.ZS:COM,2017-12-31,46.442106526980965
WDI:DT.ODA.ODAT.GI.ZS:COM,2018-12-31,51.89270974712304
WDI:DT.ODA.ODAT.GI.ZS:COM,2019-12-31,49.22116998117641
WDI:DT.ODA.ODAT.GI.ZS:COM,2020-12-31,92.81911633792784
WDI:DT.ODA.ODAT.GI.ZS:COM,2021-12-31,90.97108974091358
WDI:DT.ODA.ODAT.GI.ZS:COM,2022-12-31,85.25994269077312
WDI:DT.ODA.ODAT.GI.ZS:COM,2023-12-31,85.3825536984521
WDI:DT.ODA.ODAT.GI.ZS:CPV,2007-12-31,21.293905288560218
WDI:DT.ODA.ODAT.GI.ZS:CPV,2008-12-31,24.64893771939537
WDI:DT.ODA.ODAT.GI.ZS:CPV,2009-12-31,25.68323282483756
WDI:DT.ODA.ODAT.GI.ZS:CPV,2010-12-31,37.1512155955326
WDI:DT.ODA.ODAT.GI.ZS:CPV,2011-12-31,27.344533479669465
WDI:DT.ODA.ODAT.GI.ZS:CPV,2012-12-31,36.47316021007856
WDI:DT.ODA.ODAT.GI.ZS:CPV,2013-12-31,40.294765525806206
WDI:DT.ODA.ODAT.GI.ZS:CPV,2014-12-31,32.38048031111458
WDI:DT.ODA.ODAT.GI.ZS:CPV,2015-12-31,30.087331259677086
WDI:DT.ODA.ODAT.GI.ZS:CPV,2016-12-31,21.817469241477532
WDI:DT.ODA.ODAT.GI.ZS:CPV,2017-12-31,21.036792558055144
WDI:DT.ODA.ODAT.GI.ZS:CPV,2018-12-31,13.9047191204145
WDI:DT.ODA.ODAT.GI.ZS:CPV,2019-12-31,28.97780733282312
WDI:DT.ODA.ODAT.GI.ZS:CPV,2020-12-31,30.191262998877104
WDI:DT.ODA.ODAT.GI.ZS:CPV,2021-12-31,25.721985247457308
WDI:DT.ODA.ODAT.GI.ZS:CPV,2022-12-31,17.069098918155586
WDI:DT.ODA.ODAT.GI.ZS:CPV,2023-12-31,18.6925788954937
WDI:DT.ODA.ODAT.GI.ZS:CRI,1960-12-31,4.740076551140185
WDI:DT.ODA.ODAT.GI.ZS:CRI,1961-12-31,7.659507940613122
WDI:DT.ODA.ODAT.GI.ZS:CRI,1962-12-31,9.869481969929685
WDI:DT.ODA.ODAT.GI.ZS:CRI,1963-12-31,8.42955747372138
WDI:DT.ODA.ODAT.GI.ZS:CRI,1964-12-31,13.274849253885701
WDI:DT.ODA.ODAT.GI.ZS:CRI,1965-12-31,13.030376922240972
WDI:DT.ODA.ODAT.GI.ZS:CRI,1966-12-31,10.326991127328775
WDI:DT.ODA.ODAT.GI.ZS:CRI,1967-12-31,9.512820597343472
WDI:DT.ODA.ODAT.GI.ZS:CRI,1968-12-31,8.537518825914862
WDI:DT.ODA.ODAT.GI.ZS:CRI,1969-12-31,8.094817781486256
WDI:DT.ODA.ODAT.GI.ZS:CRI,1970-12-31,5.9678892438398625
WDI:DT.ODA.ODAT.GI.ZS:CRI,1971-12-31,5.4016808261257445
WDI:DT.ODA.ODAT.GI.ZS:CRI,1972-12-31,5.74150958653806
WDI:DT.ODA.ODAT.GI.ZS:CRI,1973-12-31,4.426992100999797
WDI:DT.ODA.ODAT.GI.ZS:CRI,1974-12-31,3.577106055195392
WDI:DT.ODA.ODAT.GI.ZS:CRI,1975-12-31,4.757838275823511
WDI:DT.ODA.ODAT.GI.ZS:CRI,1976-12-31,2.3578317013862553
WDI:DT.ODA.ODAT.GI.ZS:CRI,1977-12-31,2.244958031398394
WDI:DT.ODA.ODAT.GI.ZS:CRI,1978-12-31,4.311675697981151
WDI:DT.ODA.ODAT.GI.ZS:CRI,1979-12-31,2.9631387017605966
WDI:DT.ODA.ODAT.GI.ZS:CRI,1980-12-31,1.9237599881708516
WDI:DT.ODA.ODAT.GI.ZS:CRI,1981-12-31,4.063801948441063
WDI:DT.ODA.ODAT.GI.ZS:CRI,1982-12-31,9.902505450317962
WDI:DT.ODA.ODAT.GI.ZS:CRI,1983-12-31,29.49490553944799
WDI:DT.ODA.ODAT.GI.ZS:CRI,1984-12-31,24.011056900608793
WDI:DT.ODA.ODAT.GI.ZS:CRI,1985-12-31,24.813495009268735
WDI:DT.ODA.ODAT.GI.ZS:CRI,1986-12-31,16.304099405522614
WDI:DT.ODA.ODAT.GI.ZS:CRI,1987-12-31,18.260065342752277
WDI:DT.ODA.ODAT.GI.ZS:CRI,1988-12-31,16.13689570409162
WDI:DT.ODA.ODAT.GI.ZS:CRI,1989-12-31,16.14068426276255
WDI:DT.ODA.ODAT.GI.ZS:CRI,1990-12-31,14.257389217734124
WDI:DT.ODA.ODAT.GI.ZS:CRI,1991-12-31,13.85947245221686
WDI:DT.ODA.ODAT.GI.ZS:CRI,1992-12-31,9.077966226450759
WDI:DT.ODA.ODAT.GI.ZS:CRI,1993-12-31,5.8234051515208405
WDI:DT.ODA.ODAT.GI.ZS:CRI,1994-12-31,4.063644595551084
WDI:DT.ODA.ODAT.GI.ZS:CRI,1995-12-31,2.036826385460888
WDI:DT.ODA.ODAT.GI.ZS:CRI,1996-12-31,-0.010291144443129174
WDI:DT.ODA.ODAT.GI.ZS:CRI,1997-12-31,0.14830903847926902
WDI:DT.ODA.ODAT.GI.ZS:CRI,1998-12-31,0.9602486832276949
WDI:DT.ODA.ODAT.GI.ZS:CRI,1999-12-31,0.11465394909554932
WDI:DT.ODA.ODAT.GI.ZS:CRI,2000-12-31,0.8197504654482778
WDI:DT.ODA.ODAT.GI.ZS:CRI,2001-12-31,0.4439347260581361
WDI:DT.ODA.ODAT.GI.ZS:CRI,2002-12-31,0.4016378002277247
WDI:DT.ODA.ODAT.GI.ZS:CRI,2003-12-31,1.2214642684552341
WDI:DT.ODA.ODAT.GI.ZS:CRI,2004-12-31,0.7313308026291223
WDI:DT.ODA.ODAT.GI.ZS:CRI,2005-12-31,0.858167522457932
WDI:DT.ODA.ODAT.GI.ZS:CRI,2006-12-31,0.6652439670778987
WDI:DT.ODA.ODAT.GI.ZS:CRI,2007-12-31,1.0288478146691755
WDI:DT.ODA.ODAT.GI.ZS:CRI,2008-12-31,1.0174763935190985
WDI:DT.ODA.ODAT.GI.ZS:CRI,2009-12-31,1.9849052615641276
WDI:DT.ODA.ODAT.GI.ZS:CRI,2010-12-31,1.2973312904321999
WDI:DT.ODA.ODAT.GI.ZS:CRI,2011-12-31,0.4147112762210776
WDI:DT.ODA.ODAT.GI.ZS:CRI,2012-12-31,0.3035328958387625
WDI:DT.ODA.ODAT.GI.ZS:CRI,2013-12-31,0.32883899337633304
WDI:DT.ODA.ODAT.GI.ZS:CRI,2014-12-31,0.5455512111996925
WDI:DT.ODA.ODAT.GI.ZS:CRI,2015-12-31,1.0458827529407315
WDI:DT.ODA.ODAT.GI.ZS:CRI,2016-12-31,0.9061388683024724
WDI:DT.ODA.ODAT.GI.ZS:CRI,2017-12-31,0.9079831358027347
WDI:DT.ODA.ODAT.GI.ZS:CRI,2018-12-31,0.8671024357711465
WDI:DT.ODA.ODAT.GI.ZS:CRI,2019-12-31,0.5530132229394993
WDI:DT.ODA.ODAT.GI.ZS:CRI,2020-12-31,2.0820091832077448
WDI:DT.ODA.ODAT.GI.ZS:CRI,2021-12-31,0.6681031002485213
WDI:DT.ODA.ODAT.GI.ZS:CRI,2022-12-31,5.233345138825272
WDI:DT.ODA.ODAT.GI.ZS:CRI,2023-12-31,1.04263447677633
WDI:DT.ODA.ODAT.GI.ZS:CUB,1970-12-31,0.12330439039172178
WDI:DT.ODA.ODAT.GI.ZS:CUB,1971-12-31,0.13828072889519608
WDI:DT.ODA.ODAT.GI.ZS:CUB,1972-12-31,0.1692091871626787
WDI:DT.ODA.ODAT.GI.ZS:CUB,1973-12-31,0.20050694222784066
WDI:DT.ODA.ODAT.GI.ZS:CUB,1974-12-31,0.5157062604441719
WDI:DT.ODA.ODAT.GI.ZS:CUB,1975-12-31,0.5805532684436507
WDI:DT.ODA.ODAT.GI.ZS:CUB,1976-12-31,1.2741674000135936
WDI:DT.ODA.ODAT.GI.ZS:CUB,1977-12-31,1.2200690261916372
WDI:DT.ODA.ODAT.GI.ZS:CUB,1978-12-31,1.041371325728821
WDI:DT.ODA.ODAT.GI.ZS:CUB,1979-12-31,0.9490645230288421
WDI:DT.ODA.ODAT.GI.ZS:CUB,1980-12-31,0.8656039285523551
WDI:DT.ODA.ODAT.GI.ZS:CUB,1981-12-31,0.5194619036181828
WDI:DT.ODA.ODAT.GI.ZS:CUB,1982-12-31,0.6543814475932215
WDI:DT.ODA.ODAT.GI.ZS:CUB,1983-12-31,0.6548266529175782
WDI:DT.ODA.ODAT.GI.ZS:CUB,1984-12-31,0.5834877543886884
WDI:DT.ODA.ODAT.GI.ZS:CUB,1985-12-31,0.6369197931568509
WDI:DT.ODA.ODAT.GI.ZS:CUB,1986-12-31,0.675211353166917
WDI:DT.ODA.ODAT.GI.ZS:CUB,1987-12-31,0.8483303937551528
WDI:DT.ODA.ODAT.GI.ZS:CUB,1988-12-31,0.9286373499953177
WDI:DT.ODA.ODAT.GI.ZS:CUB,1989-12-31,0.7989440876710838
WDI:DT.ODA.ODAT.GI.ZS:CUB,1990-12-31,0.7292271607274639
WDI:DT.ODA.ODAT.GI.ZS:CUB,1991-12-31,1.0851489948182202
WDI:DT.ODA.ODAT.GI.ZS:CUB,1992-12-31,1.7156569156695303
WDI:DT.ODA.ODAT.GI.ZS:CUB,1993-12-31,3.069398499499225
WDI:DT.ODA.ODAT.GI.ZS:CUB,1994-12-31,3.1596624354482614
WDI:DT.ODA.ODAT.GI.ZS:CUB,1995-12-31,2.981123671676995
WDI:DT.ODA.ODAT.GI.ZS:CUB,1996-12-31,1.4387729751245435
WDI:DT.ODA.ODAT.GI.ZS:CUB,1997-12-31,1.7241051865066512
WDI:DT.ODA.ODAT.GI.ZS:CUB,1998-12-31,2.3587038827124864
WDI:DT.ODA.ODAT.GI.ZS:CUB,1999-12-31,1.7658101162606477
WDI:DT.ODA.ODAT.GI.ZS:CUB,2000-12-31,1.1792910461801083
WDI:DT.ODA.ODAT.GI.ZS:CUB,2001-12-31,1.5046354649373648
WDI:DT.ODA.ODAT.GI.ZS:CUB,2002-12-31,2.0106506001887183
WDI:DT.ODA.ODAT.GI.ZS:CUB,2003-12-31,2.507081419622916
WDI:DT.ODA.ODAT.GI.ZS:CUB,2004-12-31,2.95849815966142
WDI:DT.ODA.ODAT.GI.ZS:CUB,2005-12-31,1.9618836850661503
WDI:DT.ODA.ODAT.GI.ZS:CUB,2006-12-31,1.435342590746431
WDI:DT.ODA.ODAT.GI.ZS:CUB,2007-12-31,1.747092353143536
WDI:DT.ODA.ODAT.GI.ZS:CUB,2008-12-31,1.5017406227172196
WDI:DT.ODA.ODAT.GI.ZS:CUB,2009-12-31,1.790358364459161
WDI:DT.ODA.ODAT.GI.ZS:CUB,2010-12-31,2.136333211263017
WDI:DT.ODA.ODAT.GI.ZS:CUB,2011-12-31,1.493520560450623
WDI:DT.ODA.ODAT.GI.ZS:CUB,2012-12-31,1.3672683920179098
WDI:DT.ODA.ODAT.GI.ZS:CUB,2013-12-31,1.372326892606963
WDI:DT.ODA.ODAT.GI.ZS:CUB,2014-12-31,4.260370727081724
WDI:DT.ODA.ODAT.GI.ZS:CUB,2015-12-31,6.820060048369876
WDI:DT.ODA.ODAT.GI.ZS:CUB,2016-12-31,30.887830496511242
WDI:DT.ODA.ODAT.GI.ZS:CUB,2017-12-31,7.366439552256206
WDI:DT.ODA.ODAT.GI.ZS:CUB,2018-12-31,6.227610709203902
WDI:DT.ODA.ODAT.GI.ZS:CUB,2019-12-31,4.188695845506485
WDI:DT.ODA.ODAT.GI.ZS:CUB,2020-12-31,5.000347637273314
WDI:DT.ODA.ODAT.GI.ZS:CYP,1975-12-31,28.222413531141015
WDI:DT.ODA.ODAT.GI.ZS:CYP,1976-12-31,36.6838519062115
WDI:DT.ODA.ODAT.GI.ZS:CYP,1977-12-31,37.06055256102715
WDI:DT.ODA.ODAT.GI.ZS:CYP,1978-12-31,13.270222928181097
WDI:DT.ODA.ODAT.GI.ZS:CYP,1979-12-31,5.9931549993623126
WDI:DT.ODA.ODAT.GI.ZS:CYP,1980-12-31,6.466726242612266
WDI:DT.ODA.ODAT.GI.ZS:CYP,1981-12-31,6.206784117584689
WDI:DT.ODA.ODAT.GI.ZS:CYP,1982-12-31,4.5085866270162045
WDI:DT.ODA.ODAT.GI.ZS:CYP,1983-12-31,2.854459602271362
WDI:DT.ODA.ODAT.GI.ZS:CYP,1984-12-31,2.1976055602085403
WDI:DT.ODA.ODAT.GI.ZS:CYP,1985-12-31,4.998726588030551
WDI:DT.ODA.ODAT.GI.ZS:CYP,1986-12-31,4.365904220809794
WDI:DT.ODA.ODAT.GI.ZS:CYP,1987-12-31,4.368464247480704
WDI:DT.ODA.ODAT.GI.ZS:CYP,1988-12-31,3.7632016954922736
WDI:DT.ODA.ODAT.GI.ZS:CYP,1989-12-31,2.8898786982089324
WDI:DT.ODA.ODAT.GI.ZS:CYP,1990-12-31,2.541422847375179
WDI:DT.ODA.ODAT.GI.ZS:CYP,1991-12-31,2.6664107225258684
WDI:DT.ODA.ODAT.GI.ZS:CYP,1992-12-31,1.3192417621628825
WDI:DT.ODA.ODAT.GI.ZS:CYP,1993-12-31,2.1292012666095506
WDI:DT.ODA.ODAT.GI.ZS:CYP,1994-12-31,2.323829943599402
WDI:DT.ODA.ODAT.GI.ZS:CYP,1995-12-31,0.8130835503256132
WDI:DT.ODA.ODAT.GI.ZS:CYP,1996-12-31,0.9318495174446775
WDI:DT.ODA.ODAT.GI.ZS:DJI,2013-12-31,12.827919055784868
WDI:DT.ODA.ODAT.GI.ZS:DJI,2014-12-31,240.11854591801693
WDI:DT.ODA.ODAT.GI.ZS:DJI,2015-12-31,-181.25041977951037
WDI:DT.ODA.ODAT.GI.ZS:DJI,2016-12-31,32.43717244364211
WDI:DT.ODA.ODAT.GI.ZS:DJI,2017-12-31,23.862578356978357
WDI:DT.ODA.ODAT.GI.ZS:DJI,2018-12-31,220.72353175205572
WDI:DT.ODA.ODAT.GI.ZS:DJI,2019-12-31,374.20399302963614
WDI:DT.ODA.ODAT.GI.ZS:DJI,2020-12-31,-3333.9912507429963
WDI:DT.ODA.ODAT.GI.ZS:DJI,2021-12-31,-33.50946464149842
WDI:DT.ODA.ODAT.GI.ZS:DJI,2022-12-31,-16.120526252257005
WDI:DT.ODA.ODAT.GI.ZS:DJI,2023-12-31,-152.711865004018
WDI:DT.ODA.ODAT.GI.ZS:DOM,1960-12-31,0.21226415937801538
WDI:DT.ODA.ODAT.GI.ZS:DOM,1961-12-31,0.2586206999318345
WDI:DT.ODA.ODAT.GI.ZS:DOM,1962-12-31,22.51783909540051
WDI:DT.ODA.ODAT.GI.ZS:DOM,1963-12-31,31.466488499631918
WDI:DT.ODA.ODAT.GI.ZS:DOM,1964-12-31,12.511974576307502
WDI:DT.ODA.ODAT.GI.ZS:DOM,1965-12-31,91.09446969449793
WDI:DT.ODA.ODAT.GI.ZS:DOM,1966-12-31,33.53205216236603
WDI:DT.ODA.ODAT.GI.ZS:DOM,1967-12-31,36.44057334990106
WDI:DT.ODA.ODAT.GI.ZS:DOM,1968-12-31,26.069921639541892
WDI:DT.ODA.ODAT.GI.ZS:DOM,1969-12-31,15.419095260367055
WDI:DT.ODA.ODAT.GI.ZS:DOM,1970-12-31,12.35336352860832
WDI:DT.ODA.ODAT.GI.ZS:DOM,1971-12-31,8.198924603000773
WDI:DT.ODA.ODAT.GI.ZS:DOM,1972-12-31,6.265318861194675
WDI:DT.ODA.ODAT.GI.ZS:DOM,1973-12-31,3.7789597870245615
WDI:DT.ODA.ODAT.GI.ZS:DOM,1974-12-31,2.4067917984703695
WDI:DT.ODA.ODAT.GI.ZS:DOM,1975-12-31,2.2977535359290315
WDI:DT.ODA.ODAT.GI.ZS:DOM,1976-12-31,2.753671261408852
WDI:DT.ODA.ODAT.GI.ZS:DOM,1977-12-31,1.5037849490405193
WDI:DT.ODA.ODAT.GI.ZS:DOM,1978-12-31,1.7882043175688824
WDI:DT.ODA.ODAT.GI.ZS:DOM,1979-12-31,3.2993239972027473
WDI:DT.ODA.ODAT.GI.ZS:DOM,1980-12-31,4.256890613682123
WDI:DT.ODA.ODAT.GI.ZS:DOM,1981-12-31,3.7869168833360805
WDI:DT.ODA.ODAT.GI.ZS:DOM,1982-12-31,6.191763807414875
WDI:DT.ODA.ODAT.GI.ZS:DOM,1983-12-31,3.3651172294636407
WDI:DT.ODA.ODAT.GI.ZS:DOM,1984-12-31,7.105057515721685
WDI:DT.ODA.ODAT.GI.ZS:DOM,1985-12-31,19.06337800976652
WDI:DT.ODA.ODAT.GI.ZS:DOM,1986-12-31,5.862042891910382
WDI:DT.ODA.ODAT.GI.ZS:DOM,1987-12-31,8.597583144193555
WDI:DT.ODA.ODAT.GI.ZS:DOM,1988-12-31,8.778938135224902
WDI:DT.ODA.ODAT.GI.ZS:DOM,1989-12-31,7.633295305466703
WDI:DT.ODA.ODAT.GI.ZS:DOM,1990-12-31,5.504095926530712
WDI:DT.ODA.ODAT.GI.ZS:DOM,1991-12-31,4.734692405262953
WDI:DT.ODA.ODAT.GI.ZS:DOM,1992-12-31,3.657376047807051
WDI:DT.ODA.ODAT.GI.ZS:DOM,1993-12-31,0.15902063002479636
WDI:DT.ODA.ODAT.GI.ZS:DOM,1994-12-31,1.9066735100040657
WDI:DT.ODA.ODAT.GI.ZS:DOM,1995-12-31,3.2319898676502485
WDI:DT.ODA.ODAT.GI.ZS:DOM,1996-12-31,2.2609332796565402
WDI:DT.ODA.ODAT.GI.ZS:DOM,1997-12-31,1.458363193129974
WDI:DT.ODA.ODAT.GI.ZS:DOM,1998-12-31,1.7654470627222716
WDI:DT.ODA.ODAT.GI.ZS:DOM,1999-12-31,3.090607695076667
WDI:DT.ODA.ODAT.GI.ZS:DOM,2000-12-31,0.90424173562792
WDI:DT.ODA.ODAT.GI.ZS:DOM,2001-12-31,1.7112715175904452
WDI:DT.ODA.ODAT.GI.ZS:DOM,2002-12-31,2.201117985946843
WDI:DT.ODA.ODAT.GI.ZS:DOM,2003-12-31,2.0633054484844813
WDI:DT.ODA.ODAT.GI.ZS:DOM,2004-12-31,2.2611132082099545
WDI:DT.ODA.ODAT.GI.ZS:DOM,2005-12-31,1.0718851883737541
WDI:DT.ODA.ODAT.GI.ZS:DOM,2006-12-31,0.7353128554325784
WDI:DT.ODA.ODAT.GI.ZS:DOM,2007-12-31,1.1904623011866198
WDI:DT.ODA.ODAT.GI.ZS:DOM,2008-12-31,1.2333791458665815
WDI:DT.ODA.ODAT.GI.ZS:DOM,2009-12-31,1.238877939567981
WDI:DT.ODA.ODAT.GI.ZS:DOM,2010-12-31,1.375448242113102
WDI:DT.ODA.ODAT.GI.ZS:DOM,2011-12-31,1.7017205578653642
WDI:DT.ODA.ODAT.GI.ZS:DOM,2012-12-31,1.8082579084504564
WDI:DT.ODA.ODAT.GI.ZS:DOM,2013-12-31,1.0624059275981221
WDI:DT.ODA.ODAT.GI.ZS:DOM,2014-12-31,1.1075158312903723
WDI:DT.ODA.ODAT.GI.ZS:DOM,2015-12-31,1.7416586883989376
WDI:DT.ODA.ODAT.GI.ZS:DOM,2016-12-31,1.054810503486245
WDI:DT.ODA.ODAT.GI.ZS:DOM,2017-12-31,0.7028363360230967
WDI:DT.ODA.ODAT.GI.ZS:DOM,2018-12-31,0.4168731615701414
WDI:DT.ODA.ODAT.GI.ZS:DOM,2019-12-31,0.5853083904043295
WDI:DT.ODA.ODAT.GI.ZS:DOM,2020-12-31,1.9212961030474123
WDI:DT.ODA.ODAT.GI.ZS:DOM,2021-12-31,1.565006611107143
WDI:DT.ODA.ODAT.GI.ZS:DOM,2022-12-31,1.0579550734244123
WDI:DT.ODA.ODAT.GI.ZS:DOM,2023-12-31,1.98002880095181
WDI:DT.ODA.ODAT.GI.ZS:DZA,1960-12-31,30.902243479405524
WDI:DT.ODA.ODAT.GI.ZS:DZA,1961-12-31,38.114074131794226
WDI:DT.ODA.ODAT.GI.ZS:DZA,1962-12-31,56.08923405447831
WDI:DT.ODA.ODAT.GI.ZS:DZA,1963-12-31,36.0378492119134
WDI:DT.ODA.ODAT.GI.ZS:DZA,1964-12-31,35.84717867664865
WDI:DT.ODA.ODAT.GI.ZS:DZA,1965-12-31,20.627036077331535
WDI:DT.ODA.ODAT.GI.ZS:DZA,1966-12-31,24.100447929229674
WDI:DT.ODA.ODAT.GI.ZS:DZA,1967-12-31,13.626285522734758
WDI:DT.ODA.ODAT.GI.ZS:DZA,1968-12-31,11.14192043470011
WDI:DT.ODA.ODAT.GI.ZS:DZA,1969-12-31,9.527799451567702
WDI:DT.ODA.ODAT.GI.ZS:DZA,1970-12-31,6.856342023636229
WDI:DT.ODA.ODAT.GI.ZS:DZA,1971-12-31,6.754318646164993
WDI:DT.ODA.ODAT.GI.ZS:DZA,1972-12-31,4.751931172433686
WDI:DT.ODA.ODAT.GI.ZS:DZA,1973-12-31,3.5659603240209456
WDI:DT.ODA.ODAT.GI.ZS:DZA,1974-12-31,2.427672669730898
WDI:DT.ODA.ODAT.GI.ZS:DZA,1975-12-31,3.330384362127927
WDI:DT.ODA.ODAT.GI.ZS:DZA,1976-12-31,1.8915475918017604
WDI:DT.ODA.ODAT.GI.ZS:DZA,1977-12-31,1.3126317901720497
WDI:DT.ODA.ODAT.GI.ZS:DZA,1978-12-31,1.382181447896814
WDI:DT.ODA.ODAT.GI.ZS:DZA,1979-12-31,0.7836625403590193
WDI:DT.ODA.ODAT.GI.ZS:DZA,1980-12-31,1.239828765309906
WDI:DT.ODA.ODAT.GI.ZS:DZA,1981-12-31,1.0184210302912973
WDI:DT.ODA.ODAT.GI.ZS:DZA,1982-12-31,0.7991838092575407
WDI:DT.ODA.ODAT.GI.ZS:DZA,1983-12-31,0.5087690896334197
WDI:DT.ODA.ODAT.GI.ZS:DZA,1984-12-31,0.6406894007980118
WDI:DT.ODA.ODAT.GI.ZS:DZA,1985-12-31,0.8595190731390442
WDI:DT.ODA.ODAT.GI.ZS:DZA,1986-12-31,0.7829241073419733
WDI:DT.ODA.ODAT.GI.ZS:DZA,1987-12-31,1.1605127971970415
WDI:DT.ODA.ODAT.GI.ZS:DZA,1988-12-31,1.0530244068983217
WDI:DT.ODA.ODAT.GI.ZS:DZA,1989-12-31,0.9456009470884836
WDI:DT.ODA.ODAT.GI.ZS:DZA,1990-12-31,1.8695767517753883
WDI:DT.ODA.ODAT.GI.ZS:DZA,1991-12-31,1.4506943037659124
WDI:DT.ODA.ODAT.GI.ZS:DZA,1992-12-31,2.5384771800876593
WDI:DT.ODA.ODAT.GI.ZS:DZA,1993-12-31,2.2458254650385956
WDI:DT.ODA.ODAT.GI.ZS:DZA,1994-12-31,2.309048006551274
WDI:DT.ODA.ODAT.GI.ZS:DZA,1995-12-31,2.291005937559475
WDI:DT.ODA.ODAT.GI.ZS:DZA,1996-12-31,2.5459092944502286
WDI:DT.ODA.ODAT.GI.ZS:DZA,1997-12-31,2.2921888774190204
WDI:DT.ODA.ODAT.GI.ZS:DZA,1998-12-31,3.209476180516642
WDI:DT.ODA.ODAT.GI.ZS:DZA,1999-12-31,1.080722587934471
WDI:DT.ODA.ODAT.GI.ZS:DZA,2000-12-31,1.5487565845524416
WDI:DT.ODA.ODAT.GI.ZS:DZA,2001-12-31,1.1383550998625889
WDI:DT.ODA.ODAT.GI.ZS:DZA,2002-12-31,0.9331885911242753
WDI:DT.ODA.ODAT.GI.ZS:DZA,2003-12-31,1.0148568737301928
WDI:DT.ODA.ODAT.GI.ZS:DZA,2004-12-31,1.049751290428184
WDI:DT.ODA.ODAT.GI.ZS:DZA,2005-12-31,1.0409491139743339
WDI:DT.ODA.ODAT.GI.ZS:DZA,2006-12-31,0.6440400095922982
WDI:DT.ODA.ODAT.GI.ZS:DZA,2007-12-31,0.8257953287572093
WDI:DT.ODA.ODAT.GI.ZS:DZA,2008-12-31,0.5067322180396485
WDI:DT.ODA.ODAT.GI.ZS:DZA,2009-12-31,0.4366799528871571
WDI:DT.ODA.ODAT.GI.ZS:DZA,2010-12-31,0.2614819486786546
WDI:DT.ODA.ODAT.GI.ZS:DZA,2011-12-31,0.22276320262888488
WDI:DT.ODA.ODAT.GI.ZS:DZA,2012-12-31,0.161007968079571
WDI:DT.ODA.ODAT.GI.ZS:DZA,2013-12-31,0.19864079130182122
WDI:DT.ODA.ODAT.GI.ZS:DZA,2014-12-31,0.14333236190536663
WDI:DT.ODA.ODAT.GI.ZS:DZA,2015-12-31,0.07326849935020188
WDI:DT.ODA.ODAT.GI.ZS:DZA,2016-12-31,0.15483342207739656
WDI:DT.ODA.ODAT.GI.ZS:DZA,2017-12-31,0.19056181329204377
WDI:DT.ODA.ODAT.GI.ZS:DZA,2018-12-31,0.15998990175608943
WDI:DT.ODA.ODAT.GI.ZS:DZA,2019-12-31,0.20036277768056587
WDI:DT.ODA.ODAT.GI.ZS:DZA,2020-12-31,0.2980914676765174
WDI:DT.ODA.ODAT.GI.ZS:DZA,2021-12-31,0.2974587954334188
WDI:DT.ODA.ODAT.GI.ZS:DZA,2022-12-31,0.2732651130335864
WDI:DT.ODA.ODAT.GI.ZS:DZA,2023-12-31,0.216933664123564
WDI:DT.ODA.ODAT.GI.ZS:EAP,1960-12-31,3.1149186077695736
WDI:DT.ODA.ODAT.GI.ZS:EAP,1961-12-31,5.87938770444319
WDI:DT.ODA.ODAT.GI.ZS:EAP,1962-12-31,8.96616970392008
WDI:DT.ODA.ODAT.GI.ZS:EAP,1963-12-31,6.2535018835726985
WDI:DT.ODA.ODAT.GI.ZS:EAP,1964-12-31,4.302221132079218
WDI:DT.ODA.ODAT.GI.ZS:EAP,1965-12-31,4.457609927831287
WDI:DT.ODA.ODAT.GI.ZS:EAP,1966-12-31,4.35616036740595
WDI:DT.ODA.ODAT.GI.ZS:EAP,1967-12-31,6.507307519524913
WDI:DT.ODA.ODAT.GI.ZS:EAP,1968-12-31,6.491349988369004
WDI:DT.ODA.ODAT.GI.ZS:EAP,1969-12-31,6.384655024991745
WDI:DT.ODA.ODAT.GI.ZS:EAP,1970-12-31,4.476989300727693
WDI:DT.ODA.ODAT.GI.ZS:EAP,1971-12-31,4.6906905719550736
WDI:DT.ODA.ODAT.GI.ZS:EAP,1972-12-31,4.954171756498154
WDI:DT.ODA.ODAT.GI.ZS:EAP,1973-12-31,3.9555164663151303
WDI:DT.ODA.ODAT.GI.ZS:EAP,1974-12-31,4.270074980668681
WDI:DT.ODA.ODAT.GI.ZS:EAP,1975-12-31,3.125372004898582
WDI:DT.ODA.ODAT.GI.ZS:EAP,1976-12-31,2.931977684873724
WDI:DT.ODA.ODAT.GI.ZS:EAP,1977-12-31,2.5262033659521177
WDI:DT.ODA.ODAT.GI.ZS:EAP,1978-12-31,3.283238804398414
WDI:DT.ODA.ODAT.GI.ZS:EAP,1979-12-31,3.3801446256794416
WDI:DT.ODA.ODAT.GI.ZS:EAP,1980-12-31,3.460613308440082
WDI:DT.ODA.ODAT.GI.ZS:EAP,1981-12-31,3.73387315114
WDI:DT.ODA.ODAT.GI.ZS:EAP,1982-12-31,3.226769856093171
WDI:DT.ODA.ODAT.GI.ZS:EAP,1983-12-31,2.917659038755478
WDI:DT.ODA.ODAT.GI.ZS:EAP,1984-12-31,2.786271503485131
WDI:DT.ODA.ODAT.GI.ZS:EAP,1985-12-31,2.385751461697552
WDI:DT.ODA.ODAT.GI.ZS:EAP,1986-12-31,3.132538786122542
WDI:DT.ODA.ODAT.GI.ZS:EAP,1987-12-31,3.917554969411958
WDI:DT.ODA.ODAT.GI.ZS:EAP,1988-12-31,3.7204380006318276
WDI:DT.ODA.ODAT.GI.ZS:EAP,1989-12-31,3.5035013176140892
WDI:DT.ODA.ODAT.GI.ZS:EAP,1990-12-31,3.573734456952941
WDI:DT.ODA.ODAT.GI.ZS:EAP,1991-12-31,3.097149326955764
WDI:DT.ODA.ODAT.GI.ZS:EAP,1992-12-31,3.4669115667969224
WDI:DT.ODA.ODAT.GI.ZS:EAP,1993-12-31,2.8660659256987406
WDI:DT.ODA.ODAT.GI.ZS:EAP,1994-12-31,2.487677176565333
WDI:DT.ODA.ODAT.GI.ZS:EAP,1995-12-31,2.124861674413088
WDI:DT.ODA.ODAT.GI.ZS:EAP,1996-12-31,1.519760438805106
WDI:DT.ODA.ODAT.GI.ZS:EAP,1997-12-31,1.3076733757787335
WDI:DT.ODA.ODAT.GI.ZS:EAP,1998-12-31,1.9071532177839345
WDI:DT.ODA.ODAT.GI.ZS:EAP,1999-12-31,2.123044370991799
WDI:DT.ODA.ODAT.GI.ZS:EAP,2000-12-31,1.5544817313704833
WDI:DT.ODA.ODAT.GI.ZS:EAP,2001-12-31,1.1809957645559905
WDI:DT.ODA.ODAT.GI.ZS:EAP,2002-12-31,1.0424580409279296
WDI:DT.ODA.ODAT.GI.ZS:EAP,2003-12-31,0.8231891364686739
WDI:DT.ODA.ODAT.GI.ZS:EAP,2004-12-31,0.6645251606153779
WDI:DT.ODA.ODAT.GI.ZS:EAP,2005-12-31,0.8091302952629333
WDI:DT.ODA.ODAT.GI.ZS:EAP,2006-12-31,0.5569818383427242
WDI:DT.ODA.ODAT.GI.ZS:EAP,2007-12-31,0.47770444147595653
WDI:DT.ODA.ODAT.GI.ZS:EAP,2008-12-31,0.36254563619671515
WDI:DT.ODA.ODAT.GI.ZS:EAP,2009-12-31,0.35286558291768017
WDI:DT.ODA.ODAT.GI.ZS:EAP,2010-12-31,0.25314588284472067
WDI:DT.ODA.ODAT.GI.ZS:EAP,2011-12-31,0.18010244046075802
WDI:DT.ODA.ODAT.GI.ZS:EAP,2012-12-31,0.19060519297296066
WDI:DT.ODA.ODAT.GI.ZS:EAP,2013-12-31,0.232597237213335
WDI:DT.ODA.ODAT.GI.ZS:EAP,2014-12-31,0.1720030472748909
WDI:DT.ODA.ODAT.GI.ZS:EAP,2015-12-31,0.15549799435439185
WDI:DT.ODA.ODAT.GI.ZS:EAP,2016-12-31,0.13961519448390042
WDI:DT.ODA.ODAT.GI.ZS:EAP,2017-12-31,0.13781371779798995
WDI:DT.ODA.ODAT.GI.ZS:EAP,2018-12-31,0.11872892125403657
WDI:DT.ODA.ODAT.GI.ZS:EAP,2019-12-31,0.10071481622690322
WDI:DT.ODA.ODAT.GI.ZS:EAP,2020-12-31,0.17789565904620352
WDI:DT.ODA.ODAT.GI.ZS:EAP,2021-12-31,0.12240008626832448
WDI:DT.ODA.ODAT.GI.ZS:EAP,2022-12-31,0.11005288162135654
WDI:DT.ODA.ODAT.GI.ZS:EAP,2023-12-31,0.12675373102804
WDI:DT.ODA.ODAT.GI.ZS:EAR,1970-12-31,5.028384556969361
WDI:DT.ODA.ODAT.GI.ZS:EAR,1971-12-31,5.1992132181079596
WDI:DT.ODA.ODAT.GI.ZS:EAR,1972-12-31,4.631841444539223
WDI:DT.ODA.ODAT.GI.ZS:EAR,1973-12-31,5.8736640435693
WDI:DT.ODA.ODAT.GI.ZS:EAR,1974-12-31,4.947502850589413
WDI:DT.ODA.ODAT.GI.ZS:EAR,1975-12-31,6.3564536969754295
WDI:DT.ODA.ODAT.GI.ZS:EAR,1976-12-31,5.483652275944162
WDI:DT.ODA.ODAT.GI.ZS:EAR,1977-12-31,4.4759879237194236
WDI:DT.ODA.ODAT.GI.ZS:EAR,1978-12-31,4.612284313469074
WDI:DT.ODA.ODAT.GI.ZS:EAR,1979-12-31,5.384333849950626
WDI:DT.ODA.ODAT.GI.ZS:EAR,1980-12-31,4.910228093330534
WDI:DT.ODA.ODAT.GI.ZS:EAR,1981-12-31,3.900886478113478
WDI:DT.ODA.ODAT.GI.ZS:EAR,1982-12-31,4.127626484702098
WDI:DT.ODA.ODAT.GI.ZS:EAR,1983-12-31,3.8925454747886175
WDI:DT.ODA.ODAT.GI.ZS:EAR,1984-12-31,3.964940395920847
WDI:DT.ODA.ODAT.GI.ZS:EAR,1985-12-31,4.53891549994108
WDI:DT.ODA.ODAT.GI.ZS:EAR,1986-12-31,5.208066396439673
WDI:DT.ODA.ODAT.GI.ZS:EAR,1987-12-31,5.330462776100952
WDI:DT.ODA.ODAT.GI.ZS:EAR,1988-12-31,4.951359993345667
WDI:DT.ODA.ODAT.GI.ZS:EAR,1989-12-31,4.781454135220731
WDI:DT.ODA.ODAT.GI.ZS:EAR,1990-12-31,5.9156046713254105
WDI:DT.ODA.ODAT.GI.ZS:EAR,1991-12-31,5.985918951399726
WDI:DT.ODA.ODAT.GI.ZS:EAR,1992-12-31,4.825287324428844
WDI:DT.ODA.ODAT.GI.ZS:EAR,1993-12-31,3.9945410246851347
WDI:DT.ODA.ODAT.GI.ZS:EAR,1994-12-31,4.130805563362888
WDI:DT.ODA.ODAT.GI.ZS:EAR,1995-12-31,3.389118836126126
WDI:DT.ODA.ODAT.GI.ZS:EAR,1996-12-31,3.3271805061392405
WDI:DT.ODA.ODAT.GI.ZS:EAR,1997-12-31,2.3444359360843006
WDI:DT.ODA.ODAT.GI.ZS:EAR,1998-12-31,2.596694575676264
WDI:DT.ODA.ODAT.GI.ZS:EAR,1999-12-31,2.5524575246862335
WDI:DT.ODA.ODAT.GI.ZS:EAR,2000-12-31,2.2130938199949957
WDI:DT.ODA.ODAT.GI.ZS:EAR,2001-12-31,2.5973837655992322
WDI:DT.ODA.ODAT.GI.ZS:EAR,2002-12-31,2.6099299850976645
WDI:DT.ODA.ODAT.GI.ZS:EAR,2003-12-31,2.4089113675231353
WDI:DT.ODA.ODAT.GI.ZS:EAR,2004-12-31,1.9502519927735003
WDI:DT.ODA.ODAT.GI.ZS:EAR,2005-12-31,1.9037069015901822
WDI:DT.ODA.ODAT.GI.ZS:EAR,2006-12-31,1.5497426742757388
WDI:DT.ODA.ODAT.GI.ZS:EAR,2007-12-31,1.3182105680959624
WDI:DT.ODA.ODAT.GI.ZS:EAR,2008-12-31,1.4503641174869029
WDI:DT.ODA.ODAT.GI.ZS:EAR,2009-12-31,1.6227583421134963
WDI:DT.ODA.ODAT.GI.ZS:EAR,2010-12-31,1.4009533180499825
WDI:DT.ODA.ODAT.GI.ZS:EAR,2011-12-31,1.3425639914594214
WDI:DT.ODA.ODAT.GI.ZS:EAR,2012-12-31,1.2422187866074592
WDI:DT.ODA.ODAT.GI.ZS:EAR,2013-12-31,1.700245536731344
WDI:DT.ODA.ODAT.GI.ZS:EAR,2014-12-31,1.5927212377287367
WDI:DT.ODA.ODAT.GI.ZS:EAR,2015-12-31,1.644818021242645
WDI:DT.ODA.ODAT.GI.ZS:EAR,2016-12-31,1.8231730033844171
WDI:DT.ODA.ODAT.GI.ZS:EAR,2017-12-31,1.7254862156076338
WDI:DT.ODA.ODAT.GI.ZS:EAR,2018-12-31,1.8455433942452086
WDI:DT.ODA.ODAT.GI.ZS:EAR,2019-12-31,1.7275581863582463
WDI:DT.ODA.ODAT.GI.ZS:EAR,2020-12-31,2.2716552510600065
WDI:DT.ODA.ODAT.GI.ZS:EAR,2021-12-31,1.931568602408161
WDI:DT.ODA.ODAT.GI.ZS:EAS,1960-12-31,0.9823592226809458
WDI:DT.ODA.ODAT.GI.ZS:EAS,1961-12-31,1.4736623077765303
WDI:DT.ODA.ODAT.GI.ZS:EAS,1962-12-31,1.9949824436809058
WDI:DT.ODA.ODAT.GI.ZS:EAS,1963-12-31,1.4988076490109727
WDI:DT.ODA.ODAT.GI.ZS:EAS,1964-12-31,1.1035086191808599
WDI:DT.ODA.ODAT.GI.ZS:EAS,1965-12-31,1.1857915605957507
WDI:DT.ODA.ODAT.GI.ZS:EAS,1966-12-31,1.2215994837431954
WDI:DT.ODA.ODAT.GI.ZS:EAS,1967-12-31,1.5906317992135588
WDI:DT.ODA.ODAT.GI.ZS:EAS,1968-12-31,1.536879901343604
WDI:DT.ODA.ODAT.GI.ZS:EAS,1969-12-31,1.4909290161291497
WDI:DT.ODA.ODAT.GI.ZS:EAS,1970-12-31,1.1623195484268014
WDI:DT.ODA.ODAT.GI.ZS:EAS,1971-12-31,1.2672661144204285
WDI:DT.ODA.ODAT.GI.ZS:EAS,1972-12-31,1.169282408890465
WDI:DT.ODA.ODAT.GI.ZS:EAS,1973-12-31,0.8760106559283556
WDI:DT.ODA.ODAT.GI.ZS:EAS,1974-12-31,0.9088373503111422
WDI:DT.ODA.ODAT.GI.ZS:EAS,1975-12-31,0.794190948540489
WDI:DT.ODA.ODAT.GI.ZS:EAS,1976-12-31,0.6577470791886718
WDI:DT.ODA.ODAT.GI.ZS:EAS,1977-12-31,0.5657952345260033
WDI:DT.ODA.ODAT.GI.ZS:EAS,1978-12-31,0.5761715260381339
WDI:DT.ODA.ODAT.GI.ZS:EAS,1979-12-31,0.5988703504592557
WDI:DT.ODA.ODAT.GI.ZS:EAS,1980-12-31,0.6396253832875739
WDI:DT.ODA.ODAT.GI.ZS:EAS,1981-12-31,0.6663533377851025
WDI:DT.ODA.ODAT.GI.ZS:EAS,1982-12-31,0.628419002567326
WDI:DT.ODA.ODAT.GI.ZS:EAS,1983-12-31,0.61320979199992
WDI:DT.ODA.ODAT.GI.ZS:EAS,1984-12-31,0.5870739726722136
WDI:DT.ODA.ODAT.GI.ZS:EAS,1985-12-31,0.555173221875288
WDI:DT.ODA.ODAT.GI.ZS:EAS,1986-12-31,0.5363157712928932
WDI:DT.ODA.ODAT.GI.ZS:EAS,1987-12-31,0.5324681981265316
WDI:DT.ODA.ODAT.GI.ZS:EAS,1988-12-31,0.4803775944115031
WDI:DT.ODA.ODAT.GI.ZS:EAS,1989-12-31,0.47485776767704835
WDI:DT.ODA.ODAT.GI.ZS:EAS,1990-12-31,0.48612716800873823
WDI:DT.ODA.ODAT.GI.ZS:EAS,1991-12-31,0.4181439757977411
WDI:DT.ODA.ODAT.GI.ZS:EAS,1992-12-31,0.5135219798540562
WDI:DT.ODA.ODAT.GI.ZS:EAS,1993-12-31,0.45050929327811834
WDI:DT.ODA.ODAT.GI.ZS:EAS,1994-12-31,0.41950669924405193
WDI:DT.ODA.ODAT.GI.ZS:EAS,1995-12-31,0.383728098105369
WDI:DT.ODA.ODAT.GI.ZS:EAS,1996-12-31,0.31583671034589456
WDI:DT.ODA.ODAT.GI.ZS:EAS,1997-12-31,0.2863809877795796
WDI:DT.ODA.ODAT.GI.ZS:EAS,1998-12-31,0.42478722572036975
WDI:DT.ODA.ODAT.GI.ZS:EAS,1999-12-31,0.4575265689994802
WDI:DT.ODA.ODAT.GI.ZS:EAS,2000-12-31,0.3373904538255683
WDI:DT.ODA.ODAT.GI.ZS:EAS,2001-12-31,0.31651761536335715
WDI:DT.ODA.ODAT.GI.ZS:EAS,2002-12-31,0.3171555922202935
WDI:DT.ODA.ODAT.GI.ZS:EAS,2003-12-31,0.27219448953591563
WDI:DT.ODA.ODAT.GI.ZS:EAS,2004-12-31,0.23184495495058477
WDI:DT.ODA.ODAT.GI.ZS:EAS,2005-12-31,0.2975530726047455
WDI:DT.ODA.ODAT.GI.ZS:EAS,2006-12-31,0.22630525538856694
WDI:DT.ODA.ODAT.GI.ZS:EAS,2007-12-31,0.2191289466299453
WDI:DT.ODA.ODAT.GI.ZS:EAS,2008-12-31,0.18449980613487238
WDI:DT.ODA.ODAT.GI.ZS:EAS,2009-12-31,0.20440892059255655
WDI:DT.ODA.ODAT.GI.ZS:EAS,2010-12-31,0.151347203621927
WDI:DT.ODA.ODAT.GI.ZS:EAS,2011-12-31,0.11134866075476267
WDI:DT.ODA.ODAT.GI.ZS:EAS,2012-12-31,0.12109529436734037
WDI:DT.ODA.ODAT.GI.ZS:EAS,2013-12-31,0.15725788823681944
WDI:DT.ODA.ODAT.GI.ZS:EAS,2014-12-31,0.11947312574388022
WDI:DT.ODA.ODAT.GI.ZS:EAS,2015-12-31,0.11037289156972131
WDI:DT.ODA.ODAT.GI.ZS:EAS,2016-12-31,0.09797418717275702
WDI:DT.ODA.ODAT.GI.ZS:EAS,2017-12-31,0.09819321376426968
WDI:DT.ODA.ODAT.GI.ZS:EAS,2018-12-31,0.08662643150729242
WDI:DT.ODA.ODAT.GI.ZS:EAS,2019-12-31,0.07403269551542516
WDI:DT.ODA.ODAT.GI.ZS:EAS,2020-12-31,0.1320915619126253
WDI:DT.ODA.ODAT.GI.ZS:EAS,2021-12-31,0.09305041585665393
WDI:DT.ODA.ODAT.GI.ZS:EAS,2022-12-31,0.08484503484413405
WDI:DT.ODA.ODAT.GI.ZS:EAS,2023-12-31,0.0966409627084977
WDI:DT.ODA.ODAT.GI.ZS:ECA,1990-12-31,1.5600161684341534
WDI:DT.ODA.ODAT.GI.ZS:ECA,1991-12-31,2.7767496896837756
WDI:DT.ODA.ODAT.GI.ZS:ECA,1992-12-31,2.7261763005595543
WDI:DT.ODA.ODAT.GI.ZS:ECA,1993-12-31,4.129745146042329
WDI:DT.ODA.ODAT.GI.ZS:ECA,1994-12-31,4.637396477028152
WDI:DT.ODA.ODAT.GI.ZS:ECA,1995-12-31,3.3825217959279965
WDI:DT.ODA.ODAT.GI.ZS:ECA,1996-12-31,3.1751862605339203
WDI:DT.ODA.ODAT.GI.ZS:ECA,1997-12-31,2.5941353059615717
WDI:DT.ODA.ODAT.GI.ZS:ECA,1998-12-31,2.978391573505409
WDI:DT.ODA.ODAT.GI.ZS:ECA,1999-12-31,6.054705404415171
WDI:DT.ODA.ODAT.GI.ZS:ECA,2000-12-31,5.104306974046208
WDI:DT.ODA.ODAT.GI.ZS:ECA,2001-12-31,6.442520208853171
WDI:DT.ODA.ODAT.GI.ZS:ECA,2002-12-31,7.409829843442969
WDI:DT.ODA.ODAT.GI.ZS:ECA,2003-12-31,3.9856336169329807
WDI:DT.ODA.ODAT.GI.ZS:ECA,2004-12-31,2.977846764667614
WDI:DT.ODA.ODAT.GI.ZS:ECA,2005-12-31,2.2918961526642248
WDI:DT.ODA.ODAT.GI.ZS:ECA,2006-12-31,2.29684875837986
WDI:DT.ODA.ODAT.GI.ZS:ECA,2007-12-31,1.7330245300685383
WDI:DT.ODA.ODAT.GI.ZS:ECA,2008-12-31,1.7859526719545775
WDI:DT.ODA.ODAT.GI.ZS:ECA,2009-12-31,2.7683240992439107
WDI:DT.ODA.ODAT.GI.ZS:ECA,2010-12-31,1.8205642361852927
WDI:DT.ODA.ODAT.GI.ZS:ECA,2011-12-31,2.337528475784877
WDI:DT.ODA.ODAT.GI.ZS:ECA,2012-12-31,2.2056037705343576
WDI:DT.ODA.ODAT.GI.ZS:ECA,2013-12-31,1.7742852964854587
WDI:DT.ODA.ODAT.GI.ZS:ECA,2014-12-31,2.1685315575379147
WDI:DT.ODA.ODAT.GI.ZS:ECA,2015-12-31,2.0138576420515015
WDI:DT.ODA.ODAT.GI.ZS:ECA,2016-12-31,2.3891738182511135
WDI:DT.ODA.ODAT.GI.ZS:ECA,2017-12-31,2.2126982260430794
WDI:DT.ODA.ODAT.GI.ZS:ECA,2018-12-31,1.9585684869152802
WDI:DT.ODA.ODAT.GI.ZS:ECA,2019-12-31,1.835845257474716
WDI:DT.ODA.ODAT.GI.ZS:ECA,2020-12-31,2.4453988719436293
WDI:DT.ODA.ODAT.GI.ZS:ECA,2021-12-31,2.072949440035573
WDI:DT.ODA.ODAT.GI.ZS:ECA,2022-12-31,6.406702468373088
WDI:DT.ODA.ODAT.GI.ZS:ECA,2023-12-31,7.2122071088549
WDI:DT.ODA.ODAT.GI.ZS:ECS,1970-12-31,0.048011371497482545
WDI:DT.ODA.ODAT.GI.ZS:ECS,1971-12-31,0.06345551680112022
WDI:DT.ODA.ODAT.GI.ZS:ECS,1972-12-31,0.07191502791327516
WDI:DT.ODA.ODAT.GI.ZS:ECS,1973-12-31,0.04270153022284704
WDI:DT.ODA.ODAT.GI.ZS:ECS,1974-12-31,0.024624577899542213
WDI:DT.ODA.ODAT.GI.ZS:ECS,1975-12-31,0.0200355047890162
WDI:DT.ODA.ODAT.GI.ZS:ECS,1976-12-31,0.03358698591908635
WDI:DT.ODA.ODAT.GI.ZS:ECS,1977-12-31,0.028182592424042467
WDI:DT.ODA.ODAT.GI.ZS:ECS,1978-12-31,0.021617620805601936
WDI:DT.ODA.ODAT.GI.ZS:ECS,1979-12-31,0.05570606723324779
WDI:DT.ODA.ODAT.GI.ZS:ECS,1980-12-31,0.08271400595205836
WDI:DT.ODA.ODAT.GI.ZS:ECS,1981-12-31,0.0780768410061098
WDI:DT.ODA.ODAT.GI.ZS:ECS,1982-12-31,0.07249310815741349
WDI:DT.ODA.ODAT.GI.ZS:ECS,1983-12-31,0.0431945491683417
WDI:DT.ODA.ODAT.GI.ZS:ECS,1984-12-31,0.03179481120581639
WDI:DT.ODA.ODAT.GI.ZS:ECS,1985-12-31,0.02920006030451175
WDI:DT.ODA.ODAT.GI.ZS:ECS,1986-12-31,0.03424296942374224
WDI:DT.ODA.ODAT.GI.ZS:ECS,1987-12-31,0.031092836988581465
WDI:DT.ODA.ODAT.GI.ZS:ECS,1988-12-31,0.022139629269342178
WDI:DT.ODA.ODAT.GI.ZS:ECS,1989-12-31,0.013046832318828016
WDI:DT.ODA.ODAT.GI.ZS:ECS,1990-12-31,0.062326154233438166
WDI:DT.ODA.ODAT.GI.ZS:ECS,1991-12-31,0.09995075971621951
WDI:DT.ODA.ODAT.GI.ZS:ECS,1992-12-31,0.10263776485389524
WDI:DT.ODA.ODAT.GI.ZS:ECS,1993-12-31,0.19081295181344085
WDI:DT.ODA.ODAT.GI.ZS:ECS,1994-12-31,0.14434221955473545
WDI:DT.ODA.ODAT.GI.ZS:ECS,1995-12-31,0.1322876073454419
WDI:DT.ODA.ODAT.GI.ZS:ECS,1996-12-31,0.13347190783476487
WDI:DT.ODA.ODAT.GI.ZS:ECS,1997-12-31,0.1159051982236181
WDI:DT.ODA.ODAT.GI.ZS:ECS,1998-12-31,0.12292129068180611
WDI:DT.ODA.ODAT.GI.ZS:ECS,1999-12-31,0.19929392768845006
WDI:DT.ODA.ODAT.GI.ZS:ECS,2000-12-31,0.2003993868917268
WDI:DT.ODA.ODAT.GI.ZS:ECS,2001-12-31,0.19889447386948378
WDI:DT.ODA.ODAT.GI.ZS:ECS,2002-12-31,0.26678619893732625
WDI:DT.ODA.ODAT.GI.ZS:ECS,2003-12-31,0.15918692690591318
WDI:DT.ODA.ODAT.GI.ZS:ECS,2004-12-31,0.14116669281804314
WDI:DT.ODA.ODAT.GI.ZS:ECS,2005-12-31,0.1340753646397072
WDI:DT.ODA.ODAT.GI.ZS:ECS,2006-12-31,0.1481544476611754
WDI:DT.ODA.ODAT.GI.ZS:ECS,2007-12-31,0.11717740457170363
WDI:DT.ODA.ODAT.GI.ZS:ECS,2008-12-31,0.13094553481771143
WDI:DT.ODA.ODAT.GI.ZS:ECS,2009-12-31,0.18738176913717794
WDI:DT.ODA.ODAT.GI.ZS:ECS,2010-12-31,0.1510094199976312
WDI:DT.ODA.ODAT.GI.ZS:ECS,2011-12-31,0.20312355401598423
WDI:DT.ODA.ODAT.GI.ZS:ECS,2012-12-31,0.21147438932986196
WDI:DT.ODA.ODAT.GI.ZS:ECS,2013-12-31,0.18437016822712776
WDI:DT.ODA.ODAT.GI.ZS:ECS,2014-12-31,0.2072540252810966
WDI:DT.ODA.ODAT.GI.ZS:ECS,2015-12-31,0.19609496715099994
WDI:DT.ODA.ODAT.GI.ZS:ECS,2016-12-31,0.22199884366360897
WDI:DT.ODA.ODAT.GI.ZS:ECS,2017-12-31,0.20426080200038554
WDI:DT.ODA.ODAT.GI.ZS:ECS,2018-12-31,0.15905485483633208
WDI:DT.ODA.ODAT.GI.ZS:ECS,2019-12-31,0.1403435780322873
WDI:DT.ODA.ODAT.GI.ZS:ECS,2020-12-31,0.203359793285959
WDI:DT.ODA.ODAT.GI.ZS:ECS,2021-12-31,0.17221247477609988
WDI:DT.ODA.ODAT.GI.ZS:ECS,2022-12-31,0.5897909889115737
WDI:DT.ODA.ODAT.GI.ZS:ECS,2023-12-31,0.729650311752399
WDI:DT.ODA.ODAT.GI.ZS:ECU,1960-12-31,1.2739048037821314
WDI:DT.ODA.ODAT.GI.ZS:ECU,1961-12-31,2.639496314573798
WDI:DT.ODA.ODAT.GI.ZS:ECU,1962-12-31,3.721932680746212
WDI:DT.ODA.ODAT.GI.ZS:ECU,1963-12-31,3.7191644716779986
WDI:DT.ODA.ODAT.GI.ZS:ECU,1964-12-31,3.4364640604250236
WDI:DT.ODA.ODAT.GI.ZS:ECU,1965-12-31,3.955152086483307
WDI:DT.ODA.ODAT.GI.ZS:ECU,1966-12-31,5.161793054860973
WDI:DT.ODA.ODAT.GI.ZS:ECU,1967-12-31,5.246965872571558
WDI:DT.ODA.ODAT.GI.ZS:ECU,1968-12-31,5.662688584846838
WDI:DT.ODA.ODAT.GI.ZS:ECU,1969-12-31,2.824662419210292
WDI:DT.ODA.ODAT.GI.ZS:ECU,1970-12-31,4.078684000753525
WDI:DT.ODA.ODAT.GI.ZS:ECU,1971-12-31,4.225474341612252
WDI:DT.ODA.ODAT.GI.ZS:ECU,1972-12-31,3.1403387825003217
WDI:DT.ODA.ODAT.GI.ZS:ECU,1973-12-31,4.678591895914397
WDI:DT.ODA.ODAT.GI.ZS:ECU,1974-12-31,1.9915880103281363
WDI:DT.ODA.ODAT.GI.ZS:ECU,1975-12-31,2.9619852237734476
WDI:DT.ODA.ODAT.GI.ZS:ECU,1976-12-31,2.880511379718281
WDI:DT.ODA.ODAT.GI.ZS:ECU,1977-12-31,1.414747986434842
WDI:DT.ODA.ODAT.GI.ZS:ECU,1978-12-31,1.1679014612146084
WDI:DT.ODA.ODAT.GI.ZS:ECU,1979-12-31,2.144410412280024
WDI:DT.ODA.ODAT.GI.ZS:ECU,1980-12-31,0.8372246281029743
WDI:DT.ODA.ODAT.GI.ZS:ECU,1981-12-31,0.6972530300929468
WDI:DT.ODA.ODAT.GI.ZS:ECU,1982-12-31,1.1103865307788432
WDI:DT.ODA.ODAT.GI.ZS:ECU,1983-12-31,1.5967862625374907
WDI:DT.ODA.ODAT.GI.ZS:ECU,1984-12-31,2.584373176400457
WDI:DT.ODA.ODAT.GI.ZS:ECU,1985-12-31,2.935843513354546
WDI:DT.ODA.ODAT.GI.ZS:ECU,1986-12-31,3.2008802112741
WDI:DT.ODA.ODAT.GI.ZS:ECU,1987-12-31,6.6287622479377974
WDI:DT.ODA.ODAT.GI.ZS:ECU,1988-12-31,5.417381223778279
WDI:DT.ODA.ODAT.GI.ZS:ECU,1989-12-31,4.502656875344699
WDI:DT.ODA.ODAT.GI.ZS:ECU,1990-12-31,4.711783300360143
WDI:DT.ODA.ODAT.GI.ZS:ECU,1991-12-31,6.504127201559934
WDI:DT.ODA.ODAT.GI.ZS:ECU,1992-12-31,6.587717086796263
WDI:DT.ODA.ODAT.GI.ZS:ECU,1993-12-31,5.757794470624391
WDI:DT.ODA.ODAT.GI.ZS:ECU,1994-12-31,4.852748909776276
WDI:DT.ODA.ODAT.GI.ZS:ECU,1995-12-31,4.772984888412491
WDI:DT.ODA.ODAT.GI.ZS:ECU,1996-12-31,6.326945107258325
WDI:DT.ODA.ODAT.GI.ZS:ECU,1997-12-31,3.378238480141034
WDI:DT.ODA.ODAT.GI.ZS:ECU,1998-12-31,3.2376849301458974
WDI:DT.ODA.ODAT.GI.ZS:ECU,1999-12-31,4.945793642249583
WDI:DT.ODA.ODAT.GI.ZS:ECU,2000-12-31,5.153551601875854
WDI:DT.ODA.ODAT.GI.ZS:ECU,2001-12-31,4.004520712680782
WDI:DT.ODA.ODAT.GI.ZS:ECU,2002-12-31,4.391208041901737
WDI:DT.ODA.ODAT.GI.ZS:ECU,2003-12-31,4.152826349824883
WDI:DT.ODA.ODAT.GI.ZS:ECU,2004-12-31,3.223288930072643
WDI:DT.ODA.ODAT.GI.ZS:ECU,2005-12-31,3.664784353843116
WDI:DT.ODA.ODAT.GI.ZS:ECU,2006-12-31,2.583469013030617
WDI:DT.ODA.ODAT.GI.ZS:ECU,2007-12-31,2.5195189200705177
WDI:DT.ODA.ODAT.GI.ZS:ECU,2008-12-31,1.8840612732990352
WDI:DT.ODA.ODAT.GI.ZS:ECU,2009-12-31,1.757003183979473
WDI:DT.ODA.ODAT.GI.ZS:ECU,2010-12-31,1.0302485219389348
WDI:DT.ODA.ODAT.GI.ZS:ECU,2011-12-31,0.9753755672877695
WDI:DT.ODA.ODAT.GI.ZS:ECU,2012-12-31,0.7332825150334761
WDI:DT.ODA.ODAT.GI.ZS:ECU,2013-12-31,0.626369218279844
WDI:DT.ODA.ODAT.GI.ZS:ECU,2014-12-31,0.650379563984449
WDI:DT.ODA.ODAT.GI.ZS:ECU,2015-12-31,1.4426743229101757
WDI:DT.ODA.ODAT.GI.ZS:ECU,2016-12-31,1.2324558740739338
WDI:DT.ODA.ODAT.GI.ZS:ECU,2017-12-31,0.8989193419043832
WDI:DT.ODA.ODAT.GI.ZS:ECU,2018-12-31,1.667963803342299
WDI:DT.ODA.ODAT.GI.ZS:ECU,2019-12-31,2.243627086275084
WDI:DT.ODA.ODAT.GI.ZS:ECU,2020-12-31,2.0488632645687055
WDI:DT.ODA.ODAT.GI.ZS:ECU,2021-12-31,1.3585616651893409
WDI:DT.ODA.ODAT.GI.ZS:ECU,2022-12-31,1.4510781283023613
WDI:DT.ODA.ODAT.GI.ZS:ECU,2023-12-31,2.21543362297829
WDI:DT.ODA.ODAT.GI.ZS:EGY,1960-12-31,27.478928127067746
WDI:DT.ODA.ODAT.GI.ZS:EGY,1961-12-31,16.30714082344914
WDI:DT.ODA.ODAT.GI.ZS:EGY,1962-12-31,26.083713595443985
WDI:DT.ODA.ODAT.GI.ZS:EGY,1963-12-31,26.78144255734005
WDI:DT.ODA.ODAT.GI.ZS:EGY,1964-12-31,25.749922282117417
WDI:DT.ODA.ODAT.GI.ZS:EGY,1965-12-31,14.69268731450094
WDI:DT.ODA.ODAT.GI.ZS:EGY,1966-12-31,11.237538291415417
WDI:DT.ODA.ODAT.GI.ZS:EGY,1967-12-31,4.1846887268648345
WDI:DT.ODA.ODAT.GI.ZS:EGY,1968-12-31,3.3291768542790874
WDI:DT.ODA.ODAT.GI.ZS:EGY,1969-12-31,1.4118438682503456
WDI:DT.ODA.ODAT.GI.ZS:EGY,1970-12-31,14.556409619662828
WDI:DT.ODA.ODAT.GI.ZS:EGY,1971-12-31,12.523185271127618
WDI:DT.ODA.ODAT.GI.ZS:EGY,1972-12-31,13.37173738743474
WDI:DT.ODA.ODAT.GI.ZS:EGY,1973-12-31,66.54842260395067
WDI:DT.ODA.ODAT.GI.ZS:EGY,1974-12-31,78.95098455308589
WDI:DT.ODA.ODAT.GI.ZS:EGY,1975-12-31,83.28201153504178
WDI:DT.ODA.ODAT.GI.ZS:EGY,1976-12-31,84.47383083898308
WDI:DT.ODA.ODAT.GI.ZS:EGY,1977-12-31,76.38708833976358
WDI:DT.ODA.ODAT.GI.ZS:EGY,1978-12-31,63.68744481104285
WDI:DT.ODA.ODAT.GI.ZS:EGY,1979-12-31,27.110215740411576
WDI:DT.ODA.ODAT.GI.ZS:EGY,1980-12-31,23.210234263046118
WDI:DT.ODA.ODAT.GI.ZS:EGY,1981-12-31,18.263700477248953
WDI:DT.ODA.ODAT.GI.ZS:EGY,1982-12-31,18.19886761712147
WDI:DT.ODA.ODAT.GI.ZS:EGY,1983-12-31,15.260659087390485
WDI:DT.ODA.ODAT.GI.ZS:EGY,1984-12-31,17.131668285624237
WDI:DT.ODA.ODAT.GI.ZS:EGY,1985-12-31,15.265940263957825
WDI:DT.ODA.ODAT.GI.ZS:EGY,1986-12-31,13.727933056640623
WDI:DT.ODA.ODAT.GI.ZS:EGY,1987-12-31,16.370020324707056
WDI:DT.ODA.ODAT.GI.ZS:EGY,1988-12-31,12.920992711684281
WDI:DT.ODA.ODAT.GI.ZS:EGY,1989-12-31,13.051174573530504
WDI:DT.ODA.ODAT.GI.ZS:EGY,1990-12-31,48.80624853755081
WDI:DT.ODA.ODAT.GI.ZS:EGY,1991-12-31,60.95580183462079
WDI:DT.ODA.ODAT.GI.ZS:EGY,1992-12-31,45.83578689199081
WDI:DT.ODA.ODAT.GI.ZS:EGY,1993-12-31,26.88566978870739
WDI:DT.ODA.ODAT.GI.ZS:EGY,1994-12-31,25.147086524519608
WDI:DT.ODA.ODAT.GI.ZS:EGY,1995-12-31,16.73284391216644
WDI:DT.ODA.ODAT.GI.ZS:EGY,1996-12-31,17.888756122295714
WDI:DT.ODA.ODAT.GI.ZS:EGY,1997-12-31,14.586872093315042
WDI:DT.ODA.ODAT.GI.ZS:EGY,1998-12-31,10.82263501213592
WDI:DT.ODA.ODAT.GI.ZS:EGY,1999-12-31,8.262059879251339
WDI:DT.ODA.ODAT.GI.ZS:EGY,2000-12-31,7.022155002955374
WDI:DT.ODA.ODAT.GI.ZS:EGY,2001-12-31,7.365542978068357
WDI:DT.ODA.ODAT.GI.ZS:EGY,2002-12-31,8.539338500618584
WDI:DT.ODA.ODAT.GI.ZS:EGY,2003-12-31,7.502640216367457
WDI:DT.ODA.ODAT.GI.ZS:EGY,2004-12-31,11.262194972722762
WDI:DT.ODA.ODAT.GI.ZS:EGY,2005-12-31,6.491908613725142
WDI:DT.ODA.ODAT.GI.ZS:EGY,2006-12-31,4.517648062215555
WDI:DT.ODA.ODAT.GI.ZS:EGY,2007-12-31,4.186695227294469
WDI:DT.ODA.ODAT.GI.ZS:EGY,2008-12-31,4.6318839132637155
WDI:DT.ODA.ODAT.GI.ZS:EGY,2009-12-31,2.707447832336426
WDI:DT.ODA.ODAT.GI.ZS:EGY,2010-12-31,1.3032449124227221
WDI:DT.ODA.ODAT.GI.ZS:EGY,2011-12-31,1.0498316541073933
WDI:DT.ODA.ODAT.GI.ZS:EGY,2012-12-31,4.053873485673197
WDI:DT.ODA.ODAT.GI.ZS:EGY,2013-12-31,13.447693111171521
WDI:DT.ODA.ODAT.GI.ZS:EGY,2014-12-31,8.484876310764648
WDI:DT.ODA.ODAT.GI.ZS:EGY,2015-12-31,5.364257576189783
WDI:DT.ODA.ODAT.GI.ZS:EGY,2016-12-31,4.87469091796876
WDI:DT.ODA.ODAT.GI.ZS:EGY,2017-12-31,0.07115607946871813
WDI:DT.ODA.ODAT.GI.ZS:EGY,2018-12-31,3.8422214468102207
WDI:DT.ODA.ODAT.GI.ZS:EGY,2019-12-31,2.5943404548831204
WDI:DT.ODA.ODAT.GI.ZS:EGY,2020-12-31,2.1642783718270544
WDI:DT.ODA.ODAT.GI.ZS:EGY,2021-12-31,10.46369072784688
WDI:DT.ODA.ODAT.GI.ZS:EGY,2022-12-31,6.14699355996791
WDI:DT.ODA.ODAT.GI.ZS:EGY,2023-12-31,0.735275602574174
WDI:DT.ODA.ODAT.GI.ZS:EMU,1970-12-31,0.013117157720831836
WDI:DT.ODA.ODAT.GI.ZS:EMU,1971-12-31,0.010409788368852979
WDI:DT.ODA.ODAT.GI.ZS:EMU,1972-12-31,0.008929867395420812
WDI:DT.ODA.ODAT.GI.ZS:EMU,1973-12-31,0.010717651601197236
WDI:DT.ODA.ODAT.GI.ZS:EMU,1974-12-31,0.011392177431027254
WDI:DT.ODA.ODAT.GI.ZS:EMU,1975-12-31,0.01684722420571407
WDI:DT.ODA.ODAT.GI.ZS:EMU,1976-12-31,0.020653710409045255
WDI:DT.ODA.ODAT.GI.ZS:EMU,1977-12-31,0.027270060291896093
WDI:DT.ODA.ODAT.GI.ZS:EMU,1978-12-31,0.015752738855141103
WDI:DT.ODA.ODAT.GI.ZS:EMU,1979-12-31,0.011792468410373113
WDI:DT.ODA.ODAT.GI.ZS:EMU,1980-12-31,0.008615969565733772
WDI:DT.ODA.ODAT.GI.ZS:EMU,1981-12-31,0.014777816800383604
WDI:DT.ODA.ODAT.GI.ZS:EMU,1982-12-31,0.009410614480621027
WDI:DT.ODA.ODAT.GI.ZS:EMU,1983-12-31,0.011167303211037826
WDI:DT.ODA.ODAT.GI.ZS:EMU,1984-12-31,0.005265697800281078
WDI:DT.ODA.ODAT.GI.ZS:EMU,1985-12-31,0.010136873427441732
WDI:DT.ODA.ODAT.GI.ZS:EMU,1986-12-31,0.005488597495413744
WDI:DT.ODA.ODAT.GI.ZS:EMU,1987-12-31,0.004213867225655519
WDI:DT.ODA.ODAT.GI.ZS:EMU,1988-12-31,0.0037905423335055336
WDI:DT.ODA.ODAT.GI.ZS:EMU,1989-12-31,0.003084812932860468
WDI:DT.ODA.ODAT.GI.ZS:EMU,1990-12-31,0.0029866910489625502
WDI:DT.ODA.ODAT.GI.ZS:EMU,1991-12-31,0.004092209453693892
WDI:DT.ODA.ODAT.GI.ZS:EMU,1992-12-31,0.001934797180339327
WDI:DT.ODA.ODAT.GI.ZS:EMU,1993-12-31,0.005366808188489667
WDI:DT.ODA.ODAT.GI.ZS:EMU,1994-12-31,0.00823908032802339
WDI:DT.ODA.ODAT.GI.ZS:EMU,1995-12-31,0.004932759387127645
WDI:DT.ODA.ODAT.GI.ZS:EMU,1996-12-31,0.010678747639204796
WDI:DT.ODA.ODAT.GI.ZS:EMU,1997-12-31,0.00781644533675807
WDI:DT.ODA.ODAT.GI.ZS:EMU,1998-12-31,0.003807127751246419
WDI:DT.ODA.ODAT.GI.ZS:EMU,1999-12-31,0.003439903992702711
WDI:DT.ODA.ODAT.GI.ZS:EMU,2000-12-31,0.005369446497929897
WDI:DT.ODA.ODAT.GI.ZS:EMU,2001-12-31,0.008385151355278979
WDI:DT.ODA.ODAT.GI.ZS:EMU,2002-12-31,0.004037644687674354
WDI:DT.ODA.ODAT.GI.ZS:ERI,1992-12-31,2.683430913348946
WDI:DT.ODA.ODAT.GI.ZS:ERI,1993-12-31,85.15371024832241
WDI:DT.ODA.ODAT.GI.ZS:ERI,1994-12-31,115.33632483934673
WDI:DT.ODA.ODAT.GI.ZS:ERI,1995-12-31,113.83662672798984
WDI:DT.ODA.ODAT.GI.ZS:ERI,1996-12-31,82.30837111883545
WDI:DT.ODA.ODAT.GI.ZS:ERI,1997-12-31,57.51768111373363
WDI:DT.ODA.ODAT.GI.ZS:ERI,1998-12-31,70.13200868887117
WDI:DT.ODA.ODAT.GI.ZS:ERI,1999-12-31,47.79698970436548
WDI:DT.ODA.ODAT.GI.ZS:ERI,2000-12-31,114.56990622102825
WDI:DT.ODA.ODAT.GI.ZS:ERI,2001-12-31,107.31508943380337
WDI:DT.ODA.ODAT.GI.ZS:ERI,2002-12-31,105.1817881177378
WDI:DT.ODA.ODAT.GI.ZS:ERI,2003-12-31,137.21497027425377
WDI:DT.ODA.ODAT.GI.ZS:ERI,2004-12-31,117.26438893525814
WDI:DT.ODA.ODAT.GI.ZS:ERI,2005-12-31,156.54509772208172
WDI:DT.ODA.ODAT.GI.ZS:ERI,2006-12-31,76.15555378518044
WDI:DT.ODA.ODAT.GI.ZS:ERI,2007-12-31,94.9071526726458
WDI:DT.ODA.ODAT.GI.ZS:ERI,2008-12-31,82.87275734650702
WDI:DT.ODA.ODAT.GI.ZS:ERI,2009-12-31,82.92119661468371
WDI:DT.ODA.ODAT.GI.ZS:ERI,2010-12-31,79.08350027137568
WDI:DT.ODA.ODAT.GI.ZS:ERI,2011-12-31,51.16564123583465
WDI:DT.ODA.ODAT.GI.ZS:ETH,2011-12-31,34.075396411636376
WDI:DT.ODA.ODAT.GI.ZS:ETH,2012-12-31,20.18555576203439
WDI:DT.ODA.ODAT.GI.ZS:ETH,2013-12-31,23.927093409095626
WDI:DT.ODA.ODAT.GI.ZS:ETH,2014-12-31,16.962161012163676
WDI:DT.ODA.ODAT.GI.ZS:ETH,2015-12-31,12.823077270461148
WDI:DT.ODA.ODAT.GI.ZS:ETH,2016-12-31,15.970249126360384
WDI:DT.ODA.ODAT.GI.ZS:ETH,2017-12-31,14.049745017889684
WDI:DT.ODA.ODAT.GI.ZS:ETH,2018-12-31,17.35454441781912
WDI:DT.ODA.ODAT.GI.ZS:ETH,2019-12-31,14.443512244219498
WDI:DT.ODA.ODAT.GI.ZS:ETH,2020-12-31,17.585592333971036
WDI:DT.ODA.ODAT.GI.ZS:ETH,2021-12-31,13.321992514414797
WDI:DT.ODA.ODAT.GI.ZS:ETH,2022-12-31,15.798861567828798
WDI:DT.ODA.ODAT.GI.ZS:ETH,2023-12-31,17.932940159255
WDI:DT.ODA.ODAT.GI.ZS:EUU,1970-12-31,0.01156146976099665
WDI:DT.ODA.ODAT.GI.ZS:EUU,1971-12-31,0.009228351165619918
WDI:DT.ODA.ODAT.GI.ZS:EUU,1972-12-31,0.007923015089876417
WDI:DT.ODA.ODAT.GI.ZS:EUU,1973-12-31,0.009561675652169156
WDI:DT.ODA.ODAT.GI.ZS:EUU,1974-12-31,0.010135571869906023
WDI:DT.ODA.ODAT.GI.ZS:EUU,1975-12-31,0.014817526321629425
WDI:DT.ODA.ODAT.GI.ZS:EUU,1976-12-31,0.018150586591495994
WDI:DT.ODA.ODAT.GI.ZS:EUU,1977-12-31,0.024213112370738327
WDI:DT.ODA.ODAT.GI.ZS:EUU,1978-12-31,0.0141382434173016
WDI:DT.ODA.ODAT.GI.ZS:EUU,1979-12-31,0.010577700597001994
WDI:DT.ODA.ODAT.GI.ZS:EUU,1980-12-31,0.0077510907684790594
WDI:DT.ODA.ODAT.GI.ZS:EUU,1981-12-31,0.013276057135111985
WDI:DT.ODA.ODAT.GI.ZS:EUU,1982-12-31,0.008471524804489584
WDI:DT.ODA.ODAT.GI.ZS:EUU,1983-12-31,0.010067548769391334
WDI:DT.ODA.ODAT.GI.ZS:EUU,1984-12-31,0.004703818610200242
WDI:DT.ODA.ODAT.GI.ZS:EUU,1985-12-31,0.008986046703526153
WDI:DT.ODA.ODAT.GI.ZS:EUU,1986-12-31,0.0048889775131743165
WDI:DT.ODA.ODAT.GI.ZS:EUU,1987-12-31,0.0037555742320499017
WDI:DT.ODA.ODAT.GI.ZS:EUU,1988-12-31,0.0033921565947329408
WDI:DT.ODA.ODAT.GI.ZS:EUU,1989-12-31,0.002753420214261248
WDI:DT.ODA.ODAT.GI.ZS:EUU,1990-12-31,0.002685839275328757
WDI:DT.ODA.ODAT.GI.ZS:EUU,1991-12-31,0.003734793066308889
WDI:DT.ODA.ODAT.GI.ZS:EUU,1992-12-31,0.0017739795427410005
WDI:DT.ODA.ODAT.GI.ZS:EUU,1993-12-31,0.004940783909234366
WDI:DT.ODA.ODAT.GI.ZS:EUU,1994-12-31,0.014538275845659627
WDI:DT.ODA.ODAT.GI.ZS:EUU,1995-12-31,0.00737240601236562
WDI:DT.ODA.ODAT.GI.ZS:EUU,1996-12-31,0.016922636164341295
WDI:DT.ODA.ODAT.GI.ZS:EUU,1997-12-31,0.009408036444032045
WDI:DT.ODA.ODAT.GI.ZS:EUU,1998-12-31,0.005595064922238199
WDI:DT.ODA.ODAT.GI.ZS:EUU,1999-12-31,0.005772493779259673
WDI:DT.ODA.ODAT.GI.ZS:EUU,2000-12-31,0.008635280519964412
WDI:DT.ODA.ODAT.GI.ZS:EUU,2001-12-31,0.014119700871450026
WDI:DT.ODA.ODAT.GI.ZS:EUU,2002-12-31,0.010988595984280182
WDI:DT.ODA.ODAT.GI.ZS:EUU,2003-12-31,0.005562473664798437
WDI:DT.ODA.ODAT.GI.ZS:EUU,2004-12-31,0.004745726565696543
WDI:DT.ODA.ODAT.GI.ZS:EUU,2005-12-31,0.004639031823892847
WDI:DT.ODA.ODAT.GI.ZS:EUU,2006-12-31,0.006597623983160683
WDI:DT.ODA.ODAT.GI.ZS:EUU,2007-12-31,0.004550536284226421
WDI:DT.ODA.ODAT.GI.ZS:EUU,2008-12-31,0.00619241361575732
WDI:DT.ODA.ODAT.GI.ZS:EUU,2009-12-31,0.005573455216667978
WDI:DT.ODA.ODAT.GI.ZS:EUU,2010-12-31,0.0042929283702110585
WDI:DT.ODA.ODAT.GI.ZS:FJI,2023-12-31,17.5397141378157
WDI:DT.ODA.ODAT.GI.ZS:GAB,1970-12-31,22.962722371970795
WDI:DT.ODA.ODAT.GI.ZS:GAB,1971-12-31,19.438859865636054
WDI:DT.ODA.ODAT.GI.ZS:GAB,1972-12-31,12.94900551576105
WDI:DT.ODA.ODAT.GI.ZS:GAB,1973-12-31,14.438060786245108
WDI:DT.ODA.ODAT.GI.ZS:GAB,1974-12-31,3.0801190894840937
WDI:DT.ODA.ODAT.GI.ZS:GAB,1975-12-31,4.466700996209639
WDI:DT.ODA.ODAT.GI.ZS:GAB,1976-12-31,1.535432082776594
WDI:DT.ODA.ODAT.GI.ZS:GAB,1977-12-31,1.665448381869726
WDI:DT.ODA.ODAT.GI.ZS:GAB,1978-12-31,5.1908019431486805
WDI:DT.ODA.ODAT.GI.ZS:GAB,1979-12-31,3.671002062237879
WDI:DT.ODA.ODAT.GI.ZS:GAB,1980-12-31,4.716031346893343
WDI:DT.ODA.ODAT.GI.ZS:GAB,1981-12-31,3.0748745290838384
WDI:DT.ODA.ODAT.GI.ZS:GAB,1982-12-31,4.882127371279522
WDI:DT.ODA.ODAT.GI.ZS:GAB,1983-12-31,5.3183308325673275
WDI:DT.ODA.ODAT.GI.ZS:GAB,1984-12-31,6.41210473354496
WDI:DT.ODA.ODAT.GI.ZS:GAB,1985-12-31,4.331491033526424
WDI:DT.ODA.ODAT.GI.ZS:GAB,1986-12-31,4.983890188109949
WDI:DT.ODA.ODAT.GI.ZS:GAB,1987-12-31,9.508514686381845
WDI:DT.ODA.ODAT.GI.ZS:GAB,1988-12-31,7.358521015216571
WDI:DT.ODA.ODAT.GI.ZS:GAB,1989-12-31,11.992096551981561
WDI:DT.ODA.ODAT.GI.ZS:GAB,1990-12-31,10.170596916025993
WDI:DT.ODA.ODAT.GI.ZS:GAB,1991-12-31,9.979396069769388
WDI:DT.ODA.ODAT.GI.ZS:GAB,1992-12-31,5.462881722930293
WDI:DT.ODA.ODAT.GI.ZS:GAB,1993-12-31,10.26104110725599
WDI:DT.ODA.ODAT.GI.ZS:GAB,1994-12-31,19.753797128397522
WDI:DT.ODA.ODAT.GI.ZS:GAB,1995-12-31,12.438904290154007
WDI:DT.ODA.ODAT.GI.ZS:GAB,1996-12-31,8.941213266500128
WDI:DT.ODA.ODAT.GI.ZS:GAB,1997-12-31,2.369707504948347
WDI:DT.ODA.ODAT.GI.ZS:GAB,1998-12-31,2.5171003365163536
WDI:DT.ODA.ODAT.GI.ZS:GAB,1999-12-31,3.9171128131349873
WDI:DT.ODA.ODAT.GI.ZS:GAB,2000-12-31,1.0647802182870905
WDI:DT.ODA.ODAT.GI.ZS:GAB,2001-12-31,0.7558853165849669
WDI:DT.ODA.ODAT.GI.ZS:GAB,2002-12-31,5.349450467943603
WDI:DT.ODA.ODAT.GI.ZS:GAB,2003-12-31,-0.7404398231146336
WDI:DT.ODA.ODAT.GI.ZS:GAB,2004-12-31,2.397437532264299
WDI:DT.ODA.ODAT.GI.ZS:GAB,2005-12-31,2.457077685840276
WDI:DT.ODA.ODAT.GI.ZS:GAB,2006-12-31,1.2568668981669058
WDI:DT.ODA.ODAT.GI.ZS:GAB,2007-12-31,1.7170402535574212
WDI:DT.ODA.ODAT.GI.ZS:GAB,2008-12-31,1.6411408038583941
WDI:DT.ODA.ODAT.GI.ZS:GAB,2009-12-31,2.2996095166787316
WDI:DT.ODA.ODAT.GI.ZS:GAB,2010-12-31,2.4353332765509674
WDI:DT.ODA.ODAT.GI.ZS:GAB,2011-12-31,1.4313905804046958
WDI:DT.ODA.ODAT.GI.ZS:GAB,2012-12-31,1.4870501807823069
WDI:DT.ODA.ODAT.GI.ZS:GAB,2013-12-31,1.698477698187305
WDI:DT.ODA.ODAT.GI.ZS:GAB,2014-12-31,1.7394526027446313
WDI:DT.ODA.ODAT.GI.ZS:GAB,2015-12-31,2.349590857532585
WDI:DT.ODA.ODAT.GI.ZS:GAB,2016-12-31,1.100031126778066
WDI:DT.ODA.ODAT.GI.ZS:GAB,2017-12-31,3.3445492054141193
WDI:DT.ODA.ODAT.GI.ZS:GAB,2018-12-31,3.6015592447900855
WDI:DT.ODA.ODAT.GI.ZS:GAB,2019-12-31,3.164882188521403
WDI:DT.ODA.ODAT.GI.ZS:GAB,2020-12-31,1.7902380401613645
WDI:DT.ODA.ODAT.GI.ZS:GAB,2021-12-31,2.9432774988252928
WDI:DT.ODA.ODAT.GI.ZS:GAB,2022-12-31,4.114237816563025
WDI:DT.ODA.ODAT.GI.ZS:GAB,2023-12-31,1.51652051485904
WDI:DT.ODA.ODAT.GI.ZS:GEO,1991-12-31,0.011744444077765495
WDI:DT.ODA.ODAT.GI.ZS:GEO,1992-12-31,2.357451333589742
WDI:DT.ODA.ODAT.GI.ZS:GEO,1993-12-31,64.65164496747339
WDI:DT.ODA.ODAT.GI.ZS:GEO,1994-12-31,266.52132708908965
WDI:DT.ODA.ODAT.GI.ZS:GEO,1995-12-31,192.44149207819197
WDI:DT.ODA.ODAT.GI.ZS:GEO,1996-12-31,51.01113624865147
WDI:DT.ODA.ODAT.GI.ZS:GEO,1997-12-31,38.651090958694724
WDI:DT.ODA.ODAT.GI.ZS:GEO,1998-12-31,21.253572522177166
WDI:DT.ODA.ODAT.GI.ZS:GEO,1999-12-31,33.32542435806099
WDI:DT.ODA.ODAT.GI.ZS:GEO,2000-12-31,21.157421283922336
WDI:DT.ODA.ODAT.GI.ZS:GEO,2001-12-31,30.123710169312996
WDI:DT.ODA.ODAT.GI.ZS:GEO,2002-12-31,32.775775960479336
WDI:DT.ODA.ODAT.GI.ZS:GEO,2003-12-31,19.690393490281892
WDI:DT.ODA.ODAT.GI.ZS:GEO,2004-12-31,19.783514179547666
WDI:DT.ODA.ODAT.GI.ZS:GEO,2005-12-31,13.728477886621112
WDI:DT.ODA.ODAT.GI.ZS:GEO,2006-12-31,15.50963975981652
WDI:DT.ODA.ODAT.GI.ZS:GEO,2007-12-31,11.2223203085299
WDI:DT.ODA.ODAT.GI.ZS:GEO,2008-12-31,23.09114316467634
WDI:DT.ODA.ODAT.GI.ZS:GEO,2009-12-31,52.73215682212182
WDI:DT.ODA.ODAT.GI.ZS:GEO,2010-12-31,20.29224307623458
WDI:DT.ODA.ODAT.GI.ZS:GEO,2011-12-31,15.23363179583904
WDI:DT.ODA.ODAT.GI.ZS:GEO,2012-12-31,14.991091901226453
WDI:DT.ODA.ODAT.GI.ZS:GEO,2013-12-31,17.002198269077283
WDI:DT.ODA.ODAT.GI.ZS:GEO,2014-12-31,12.23344062504266
WDI:DT.ODA.ODAT.GI.ZS:GEO,2015-12-31,10.971681234510115
WDI:DT.ODA.ODAT.GI.ZS:GEO,2016-12-31,10.366163338419469
WDI:DT.ODA.ODAT.GI.ZS:GEO,2017-12-31,10.810653496093707
WDI:DT.ODA.ODAT.GI.ZS:GEO,2018-12-31,11.783055641743514
WDI:DT.ODA.ODAT.GI.ZS:GEO,2019-12-31,10.29041970612342
WDI:DT.ODA.ODAT.GI.ZS:GEO,2020-12-31,26.44669002876129
WDI:DT.ODA.ODAT.GI.ZS:GEO,2021-12-31,19.750402042007416
WDI:DT.ODA.ODAT.GI.ZS:GEO,2022-12-31,6.266497483839855
WDI:DT.ODA.ODAT.GI.ZS:GEO,2023-12-31,4.74672214439651
WDI:DT.ODA.ODAT.GI.ZS:GHA,1960-12-31,0.9900532939025806
WDI:DT.ODA.ODAT.GI.ZS:GHA,1961-12-31,1.1338665463371362
WDI:DT.ODA.ODAT.GI.ZS:GHA,1962-12-31,2.3698631175996066
WDI:DT.ODA.ODAT.GI.ZS:GHA,1963-12-31,6.241566371084617
WDI:DT.ODA.ODAT.GI.ZS:GHA,1964-12-31,5.989784380633037
WDI:DT.ODA.ODAT.GI.ZS:GHA,1965-12-31,12.594349944395624
WDI:DT.ODA.ODAT.GI.ZS:GHA,1966-12-31,22.76842717502565
WDI:DT.ODA.ODAT.GI.ZS:GHA,1967-12-31,25.146815452426047
WDI:DT.ODA.ODAT.GI.ZS:GHA,1968-12-31,33.56336384241001
WDI:DT.ODA.ODAT.GI.ZS:GHA,1969-12-31,30.798646453358508
WDI:DT.ODA.ODAT.GI.ZS:GHA,1970-12-31,18.835379999270398
WDI:DT.ODA.ODAT.GI.ZS:GHA,1971-12-31,16.65417846323089
WDI:DT.ODA.ODAT.GI.ZS:GHA,1972-12-31,39.02071872021946
WDI:DT.ODA.ODAT.GI.ZS:GHA,1973-12-31,15.070532994524385
WDI:DT.ODA.ODAT.GI.ZS:GHA,1974-12-31,9.617631498136014
WDI:DT.ODA.ODAT.GI.ZS:GHA,1975-12-31,34.74922593434661
WDI:DT.ODA.ODAT.GI.ZS:GHA,1984-12-31,70.23819252169176
WDI:DT.ODA.ODAT.GI.ZS:GHA,1985-12-31,45.08124562733216
WDI:DT.ODA.ODAT.GI.ZS:GHA,1986-12-31,66.83322103588698
WDI:DT.ODA.ODAT.GI.ZS:GHA,1987-12-31,77.24496824816899
WDI:DT.ODA.ODAT.GI.ZS:GHA,1988-12-31,98.03300155061775
WDI:DT.ODA.ODAT.GI.ZS:GHA,1989-12-31,103.14411239624025
WDI:DT.ODA.ODAT.GI.ZS:GHA,1990-12-31,65.80122680824658
WDI:DT.ODA.ODAT.GI.ZS:GHA,1991-12-31,83.79725078802296
WDI:DT.ODA.ODAT.GI.ZS:GHA,1992-12-31,74.78983471258867
WDI:DT.ODA.ODAT.GI.ZS:GHA,1993-12-31,47.31509778314634
WDI:DT.ODA.ODAT.GI.ZS:GHA,1994-12-31,41.976344956019446
WDI:DT.ODA.ODAT.GI.ZS:GHA,1995-12-31,50.21166919747583
WDI:DT.ODA.ODAT.GI.ZS:GHA,1996-12-31,44.31029230514524
WDI:DT.ODA.ODAT.GI.ZS:GHA,1997-12-31,28.907379550527406
WDI:DT.ODA.ODAT.GI.ZS:GHA,1998-12-31,40.708869391240235
WDI:DT.ODA.ODAT.GI.ZS:GHA,1999-12-31,37.64001142732948
WDI:DT.ODA.ODAT.GI.ZS:GHA,2000-12-31,50.22930649104712
WDI:DT.ODA.ODAT.GI.ZS:GHA,2001-12-31,45.61360054793014
WDI:DT.ODA.ODAT.GI.ZS:GHA,2002-12-31,56.75056065928575
WDI:DT.ODA.ODAT.GI.ZS:GHA,2003-12-31,56.26484956625282
WDI:DT.ODA.ODAT.GI.ZS:GHA,2004-12-31,56.30269940518035
WDI:DT.ODA.ODAT.GI.ZS:GHA,2005-12-31,36.989023837707045
WDI:DT.ODA.ODAT.GI.ZS:GHA,2006-12-31,26.348055663570086
WDI:DT.ODA.ODAT.GI.ZS:GHA,2007-12-31,30.446319135029636
WDI:DT.ODA.ODAT.GI.ZS:GHA,2008-12-31,27.742664971720355
WDI:DT.ODA.ODAT.GI.ZS:GHA,2009-12-31,37.02296666448866
WDI:DT.ODA.ODAT.GI.ZS:GHA,2010-12-31,32.458143001925194
WDI:DT.ODA.ODAT.GI.ZS:GHA,2011-12-31,35.79791833526875
WDI:DT.ODA.ODAT.GI.ZS:GHA,2012-12-31,25.693431502473324
WDI:DT.ODA.ODAT.GI.ZS:GHA,2013-12-31,8.53146770496311
WDI:DT.ODA.ODAT.GI.ZS:GHA,2014-12-31,7.561382698596941
WDI:DT.ODA.ODAT.GI.ZS:GHA,2015-12-31,12.92439317936091
WDI:DT.ODA.ODAT.GI.ZS:GHA,2016-12-31,9.226607629536582
WDI:DT.ODA.ODAT.GI.ZS:GHA,2017-12-31,10.69463214359853
WDI:DT.ODA.ODAT.GI.ZS:GHA,2018-12-31,7.311681057017412
WDI:DT.ODA.ODAT.GI.ZS:GHA,2019-12-31,7.150711233189308
WDI:DT.ODA.ODAT.GI.ZS:GHA,2020-12-31,17.285087340026713
WDI:DT.ODA.ODAT.GI.ZS:GHA,2021-12-31,9.151681395031371
WDI:DT.ODA.ODAT.GI.ZS:GHA,2022-12-31,8.655770346510257
WDI:DT.ODA.ODAT.GI.ZS:GHA,2023-12-31,19.2909857390676
WDI:DT.ODA.ODAT.GI.ZS:GIN,1986-12-31,56.48886794812291
WDI:DT.ODA.ODAT.GI.ZS:GIN,1987-12-31,66.5058697907818
WDI:DT.ODA.ODAT.GI.ZS:GIN,1988-12-31,62.58218584807212
WDI:DT.ODA.ODAT.GI.ZS:GIN,1989-12-31,86.9023436179791
WDI:DT.ODA.ODAT.GI.ZS:GIN,1990-12-31,54.37732560667615
WDI:DT.ODA.ODAT.GI.ZS:GIN,1991-12-31,68.78764398500184
WDI:DT.ODA.ODAT.GI.ZS:GIN,1992-12-31,77.59792951284126
WDI:DT.ODA.ODAT.GI.ZS:GIN,1993-12-31,70.45624957887672
WDI:DT.ODA.ODAT.GI.ZS:GIN,1994-12-31,56.777097434527434
WDI:DT.ODA.ODAT.GI.ZS:GIN,1995-12-31,51.67407893609434
WDI:DT.ODA.ODAT.GI.ZS:GIN,1996-12-31,37.068974334242064
WDI:DT.ODA.ODAT.GI.ZS:GIN,1997-12-31,47.97861562382312
WDI:DT.ODA.ODAT.GI.ZS:GIN,1998-12-31,52.167865686977564
WDI:DT.ODA.ODAT.GI.ZS:GIN,1999-12-31,34.620517984866616
WDI:DT.ODA.ODAT.GI.ZS:GIN,2000-12-31,25.016361473318298
WDI:DT.ODA.ODAT.GI.ZS:GIN,2001-12-31,62.04004651763143
WDI:DT.ODA.ODAT.GI.ZS:GIN,2002-12-31,59.26584880526612
WDI:DT.ODA.ODAT.GI.ZS:GIN,2003-12-31,33.64282643241184
WDI:DT.ODA.ODAT.GI.ZS:GIN,2004-12-31,36.469292150397386
WDI:DT.ODA.ODAT.GI.ZS:GIN,2005-12-31,33.622598424304606
WDI:DT.ODA.ODAT.GI.ZS:GIN,2006-12-31,16.70110245249434
WDI:DT.ODA.ODAT.GI.ZS:GIN,2007-12-31,17.510462074413155
WDI:DT.ODA.ODAT.GI.ZS:GIN,2008-12-31,19.236099048027025
WDI:DT.ODA.ODAT.GI.ZS:GIN,2009-12-31,15.208684576774056
WDI:DT.ODA.ODAT.GI.ZS:GIN,2010-12-31,15.773929158083497
WDI:DT.ODA.ODAT.GI.ZS:GIN,2011-12-31,12.38416033853023
WDI:DT.ODA.ODAT.GI.ZS:GIN,2012-12-31,31.857536715849495
WDI:DT.ODA.ODAT.GI.ZS:GIN,2013-12-31,23.751150043203634
WDI:DT.ODA.ODAT.GI.ZS:GIN,2014-12-31,28.114600973739723
WDI:DT.ODA.ODAT.GI.ZS:GIN,2015-12-31,25.38363978253085
WDI:DT.ODA.ODAT.GI.ZS:GIN,2016-12-31,12.523197714102613
WDI:DT.ODA.ODAT.GI.ZS:GIN,2017-12-31,20.537970076420752
WDI:DT.ODA.ODAT.GI.ZS:GIN,2018-12-31,28.21691703334008
WDI:DT.ODA.ODAT.GI.ZS:GIN,2019-12-31,21.22007234405328
WDI:DT.ODA.ODAT.GI.ZS:GIN,2020-12-31,16.377181725695465
WDI:DT.ODA.ODAT.GI.ZS:GIN,2021-12-31,21.649643861790835
WDI:DT.ODA.ODAT.GI.ZS:GIN,2022-12-31,18.002577652410466
WDI:DT.ODA.ODAT.GI.ZS:GIN,2023-12-31,10.1297344171816
WDI:DT.ODA.ODAT.GI.ZS:GMB,1966-12-31,99.28913571742393
WDI:DT.ODA.ODAT.GI.ZS:GMB,1967-12-31,70.15957940153021
WDI:DT.ODA.ODAT.GI.ZS:GMB,1968-12-31,133.97620928832015
WDI:DT.ODA.ODAT.GI.ZS:GMB,1969-12-31,80.91929322494603
WDI:DT.ODA.ODAT.GI.ZS:GMB,1970-12-31,36.35731940039831
WDI:DT.ODA.ODAT.GI.ZS:GMB,1971-12-31,113.25136836116674
WDI:DT.ODA.ODAT.GI.ZS:GMB,1972-12-31,114.14402567738846
WDI:DT.ODA.ODAT.GI.ZS:GMB,1973-12-31,105.48306936395855
WDI:DT.ODA.ODAT.GI.ZS:GMB,1974-12-31,178.5628953374895
WDI:DT.ODA.ODAT.GI.ZS:GMB,1975-12-31,81.6896526610205
WDI:DT.ODA.ODAT.GI.ZS:GMB,1976-12-31,82.2963695380454
WDI:DT.ODA.ODAT.GI.ZS:GMB,1977-12-31,115.88726258484634
WDI:DT.ODA.ODAT.GI.ZS:GMB,1978-12-31,85.98738455514629
WDI:DT.ODA.ODAT.GI.ZS:GMB,1979-12-31,56.94759396113761
WDI:DT.ODA.ODAT.GI.ZS:GMB,1980-12-31,81.79212082899912
WDI:DT.ODA.ODAT.GI.ZS:GMB,1981-12-31,121.57538452750218
WDI:DT.ODA.ODAT.GI.ZS:GMB,1982-12-31,95.02187893555904
WDI:DT.ODA.ODAT.GI.ZS:GMB,1983-12-31,100.18397867259243
WDI:DT.ODA.ODAT.GI.ZS:GMB,1984-12-31,159.34278479381442
WDI:DT.ODA.ODAT.GI.ZS:GMB,1985-12-31,141.0721798830678
WDI:DT.ODA.ODAT.GI.ZS:GMB,1986-12-31,329.0497047641368
WDI:DT.ODA.ODAT.GI.ZS:GMB,1987-12-31,273.3687925465036
WDI:DT.ODA.ODAT.GI.ZS:GMB,1988-12-31,190.7980076038936
WDI:DT.ODA.ODAT.GI.ZS:GMB,1989-12-31,170.50960711994153
WDI:DT.ODA.ODAT.GI.ZS:GMB,1990-12-31,137.28247559142653
WDI:DT.ODA.ODAT.GI.ZS:GMB,1991-12-31,70.90061091013933
WDI:DT.ODA.ODAT.GI.ZS:GMB,1992-12-31,61.471087734342525
WDI:DT.ODA.ODAT.GI.ZS:GMB,1993-12-31,213.05310040748608
WDI:DT.ODA.ODAT.GI.ZS:GMB,1994-12-31,196.95841311572258
WDI:DT.ODA.ODAT.GI.ZS:GMB,1995-12-31,83.7217203627329
WDI:DT.ODA.ODAT.GI.ZS:GMB,1996-12-31,62.70884338436792
WDI:DT.ODA.ODAT.GI.ZS:GMB,1997-12-31,93.52618778418633
WDI:DT.ODA.ODAT.GI.ZS:GMB,1998-12-31,96.12285722681216
WDI:DT.ODA.ODAT.GI.ZS:GMB,1999-12-31,88.67104228952292
WDI:DT.ODA.ODAT.GI.ZS:GMB,2000-12-31,138.98112768094236
WDI:DT.ODA.ODAT.GI.ZS:GMB,2001-12-31,68.6621671414759
WDI:DT.ODA.ODAT.GI.ZS:GMB,2002-12-31,153.19793865118646
WDI:DT.ODA.ODAT.GI.ZS:GMB,2003-12-31,129.4424887611815
WDI:DT.ODA.ODAT.GI.ZS:GMB,2004-12-31,44.537133339564136
WDI:DT.ODA.ODAT.GI.ZS:GMB,2005-12-31,42.741457851685176
WDI:DT.ODA.ODAT.GI.ZS:GMB,2006-12-31,45.465045332972345
WDI:DT.ODA.ODAT.GI.ZS:GMB,2007-12-31,60.442440292307666
WDI:DT.ODA.ODAT.GI.ZS:GMB,2008-12-31,57.58295412304697
WDI:DT.ODA.ODAT.GI.ZS:GMB,2009-12-31,66.95479031615386
WDI:DT.ODA.ODAT.GI.ZS:GMB,2010-12-31,49.72016929412037
WDI:DT.ODA.ODAT.GI.ZS:GMB,2011-12-31,74.65171402845874
WDI:DT.ODA.ODAT.GI.ZS:GMB,2012-12-31,47.04501351662053
WDI:DT.ODA.ODAT.GI.ZS:GMB,2013-12-31,55.484772060944465
WDI:DT.ODA.ODAT.GI.ZS:GMB,2014-12-31,49.0066859907362
WDI:DT.ODA.ODAT.GI.ZS:GMB,2015-12-31,40.62596526744491
WDI:DT.ODA.ODAT.GI.ZS:GMB,2016-12-31,24.85238900453269
WDI:DT.ODA.ODAT.GI.ZS:GMB,2017-12-31,82.32921666554248
WDI:DT.ODA.ODAT.GI.ZS:GMB,2018-12-31,67.12219607885307
WDI:DT.ODA.ODAT.GI.ZS:GMB,2019-12-31,42.64838207318753
WDI:DT.ODA.ODAT.GI.ZS:GMB,2020-12-31,51.536395439519126
WDI:DT.ODA.ODAT.GI.ZS:GMB,2021-12-31,40.71212612166802
WDI:DT.ODA.ODAT.GI.ZS:GMB,2022-12-31,43.16579105993207
WDI:DT.ODA.ODAT.GI.ZS:GMB,2023-12-31,52.5908117050708
WDI:DT.ODA.ODAT.GI.ZS:GNB,1971-12-31,0.19241799666189405
WDI:DT.ODA.ODAT.GI.ZS:GNB,1973-12-31,0.02060423012580427
WDI:DT.ODA.ODAT.GI.ZS:GNB,1974-12-31,23.29964871614751
WDI:DT.ODA.ODAT.GI.ZS:GNB,1975-12-31,47.5897836954614
WDI:DT.ODA.ODAT.GI.ZS:GNB,1976-12-31,52.31547399743094
WDI:DT.ODA.ODAT.GI.ZS:GNB,1977-12-31,66.05399034437909
WDI:DT.ODA.ODAT.GI.ZS:GNB,1978-12-31,71.71091807372412
WDI:DT.ODA.ODAT.GI.ZS:GNB,1979-12-31,78.06577356364511
WDI:DT.ODA.ODAT.GI.ZS:GNB,1980-12-31,71.67349250489804
WDI:DT.ODA.ODAT.GI.ZS:GNB,1981-12-31,61.91751964498254
WDI:DT.ODA.ODAT.GI.ZS:GNB,1982-12-31,51.99991625705045
WDI:DT.ODA.ODAT.GI.ZS:GNB,1983-12-31,65.40809593302606
WDI:DT.ODA.ODAT.GI.ZS:GNB,1984-12-31,40.0512382530966
WDI:DT.ODA.ODAT.GI.ZS:GNB,1985-12-31,59.37714760440625
WDI:DT.ODA.ODAT.GI.ZS:GNB,1986-12-31,86.02501004668206
WDI:DT.ODA.ODAT.GI.ZS:GNB,1987-12-31,69.79747786706699
WDI:DT.ODA.ODAT.GI.ZS:GNB,1988-12-31,52.75648449585233
WDI:DT.ODA.ODAT.GI.ZS:GNB,1989-12-31,53.1973772607972
WDI:DT.ODA.ODAT.GI.ZS:GNB,1990-12-31,66.57507757480194
WDI:DT.ODA.ODAT.GI.ZS:GNB,1991-12-31,54.461648762966064
WDI:DT.ODA.ODAT.GI.ZS:GNB,1992-12-31,37.910487441895704
WDI:DT.ODA.ODAT.GI.ZS:GNB,1993-12-31,49.748971952915596
WDI:DT.ODA.ODAT.GI.ZS:GNB,1994-12-31,130.75756191366656
WDI:DT.ODA.ODAT.GI.ZS:GNB,1995-12-31,79.87473251712393
WDI:DT.ODA.ODAT.GI.ZS:GNB,1996-12-31,111.55333061961188
WDI:DT.ODA.ODAT.GI.ZS:GNB,1997-12-31,33.07806590472337
WDI:DT.ODA.ODAT.GI.ZS:GNB,1998-12-31,53.07093466752434
WDI:DT.ODA.ODAT.GI.ZS:GNB,1999-12-31,41.372259437476416
WDI:DT.ODA.ODAT.GI.ZS:GNB,2000-12-31,103.26484842703438
WDI:DT.ODA.ODAT.GI.ZS:GNB,2001-12-31,77.90367349351821
WDI:DT.ODA.ODAT.GI.ZS:GNB,2002-12-31,54.37131136524622
WDI:DT.ODA.ODAT.GI.ZS:GNB,2003-12-31,94.97773755042161
WDI:DT.ODA.ODAT.GI.ZS:GNB,2004-12-31,63.79199321529841
WDI:DT.ODA.ODAT.GI.ZS:GNB,2005-12-31,57.16626812335298
WDI:DT.ODA.ODAT.GI.ZS:GNB,2006-12-31,69.19659363228737
WDI:DT.ODA.ODAT.GI.ZS:GNB,2007-12-31,68.68899973824396
WDI:DT.ODA.ODAT.GI.ZS:GNB,2008-12-31,82.14214835634573
WDI:DT.ODA.ODAT.GI.ZS:GNB,2009-12-31,91.38833674407321
WDI:DT.ODA.ODAT.GI.ZS:GNB,2010-12-31,64.45419975734958
WDI:DT.ODA.ODAT.GI.ZS:GNB,2011-12-31,65.79782989119657
WDI:DT.ODA.ODAT.GI.ZS:GNB,2012-12-31,39.524060492485056
WDI:DT.ODA.ODAT.GI.ZS:GNB,2013-12-31,49.49595424138321
WDI:DT.ODA.ODAT.GI.ZS:GNB,2014-12-31,48.22228996599867
WDI:DT.ODA.ODAT.GI.ZS:GNB,2015-12-31,56.18432920323926
WDI:DT.ODA.ODAT.GI.ZS:GNB,2016-12-31,89.45350810727054
WDI:DT.ODA.ODAT.GI.ZS:GNB,2017-12-31,42.55481522890061
WDI:DT.ODA.ODAT.GI.ZS:GNB,2018-12-31,51.56389322455739
WDI:DT.ODA.ODAT.GI.ZS:GNB,2019-12-31,31.38173264849875
WDI:DT.ODA.ODAT.GI.ZS:GNB,2020-12-31,34.00447785320166
WDI:DT.ODA.ODAT.GI.ZS:GNB,2021-12-31,41.71938576741669
WDI:DT.ODA.ODAT.GI.ZS:GNB,2022-12-31,35.608158718670154
WDI:DT.ODA.ODAT.GI.ZS:GNB,2023-12-31,34.7348973898519
WDI:DT.ODA.ODAT.GI.ZS:GNQ,2005-12-31,1.175418832822066
WDI:DT.ODA.ODAT.GI.ZS:GNQ,2006-12-31,0.9805301996039113
WDI:DT.ODA.ODAT.GI.ZS:GNQ,2007-12-31,0.8108935322001501
WDI:DT.ODA.ODAT.GI.ZS:GNQ,2008-12-31,0.5898001340563517
WDI:DT.ODA.ODAT.GI.ZS:GNQ,2009-12-31,0.5368784650296949
WDI:DT.ODA.ODAT.GI.ZS:GNQ,2010-12-31,1.3938565387184718
WDI:DT.ODA.ODAT.GI.ZS:GNQ,2011-12-31,0.35861909838804773
WDI:DT.ODA.ODAT.GI.ZS:GNQ,2012-12-31,0.1568560604179429
WDI:DT.ODA.ODAT.GI.ZS:GNQ,2013-12-31,0.06952984736990071
WDI:DT.ODA.ODAT.GI.ZS:GNQ,2014-12-31,0.008271308092303148
WDI:DT.ODA.ODAT.GI.ZS:GNQ,2015-12-31,0.22983529303569786
WDI:DT.ODA.ODAT.GI.ZS:GNQ,2016-12-31,0.3688492323729918
WDI:DT.ODA.ODAT.GI.ZS:GNQ,2017-12-31,0.40458846912548185
WDI:DT.ODA.ODAT.GI.ZS:GNQ,2018-12-31,0.4106443082137293
WDI:DT.ODA.ODAT.GI.ZS:GNQ,2019-12-31,5.095187019755673
WDI:DT.ODA.ODAT.GI.ZS:GNQ,2020-12-31,1.0699310392636208
WDI:DT.ODA.ODAT.GI.ZS:GNQ,2021-12-31,1.4159005438384096
WDI:DT.ODA.ODAT.GI.ZS:GNQ,2022-12-31,1.23633989704948
WDI:DT.ODA.ODAT.GI.ZS:GNQ,2023-12-31,1.75665053377273
WDI:DT.ODA.ODAT.GI.ZS:GTM,1960-12-31,15.469766661178234
WDI:DT.ODA.ODAT.GI.ZS:GTM,1961-12-31,16.114583611488335
WDI:DT.ODA.ODAT.GI.ZS:GTM,1962-12-31,9.94023858788479
WDI:DT.ODA.ODAT.GI.ZS:GTM,1963-12-31,7.944486235999924
WDI:DT.ODA.ODAT.GI.ZS:GTM,1964-12-31,7.303303211658919
WDI:DT.ODA.ODAT.GI.ZS:GTM,1965-12-31,7.844243577048701
WDI:DT.ODA.ODAT.GI.ZS:GTM,1966-12-31,6.918449452854078
WDI:DT.ODA.ODAT.GI.ZS:GTM,1967-12-31,8.043593893907975
WDI:DT.ODA.ODAT.GI.ZS:GTM,1968-12-31,6.814268486770561
WDI:DT.ODA.ODAT.GI.ZS:GTM,1969-12-31,6.913643195182013
WDI:DT.ODA.ODAT.GI.ZS:GTM,1970-12-31,5.941851035578133
WDI:DT.ODA.ODAT.GI.ZS:GTM,1971-12-31,4.182136455475762
WDI:DT.ODA.ODAT.GI.ZS:GTM,1972-12-31,7.448979412180651
WDI:DT.ODA.ODAT.GI.ZS:GTM,1973-12-31,5.224687383172184
WDI:DT.ODA.ODAT.GI.ZS:GTM,1974-12-31,3.7704081762404593
WDI:DT.ODA.ODAT.GI.ZS:GTM,1975-12-31,5.124403492642161
WDI:DT.ODA.ODAT.GI.ZS:GTM,1976-12-31,5.357448777107342
WDI:DT.ODA.ODAT.GI.ZS:GTM,1977-12-31,3.8462940883688583
WDI:DT.ODA.ODAT.GI.ZS:GTM,1978-12-31,2.4443768539358963
WDI:DT.ODA.ODAT.GI.ZS:GTM,1979-12-31,3.1980833965619597
WDI:DT.ODA.ODAT.GI.ZS:GTM,1980-12-31,3.3567999267578164
WDI:DT.ODA.ODAT.GI.ZS:GTM,1981-12-31,2.6309684218182654
WDI:DT.ODA.ODAT.GI.ZS:GTM,1982-12-31,3.5531228650781723
WDI:DT.ODA.ODAT.GI.ZS:GTM,1983-12-31,5.688622754491018
WDI:DT.ODA.ODAT.GI.ZS:GTM,1984-12-31,4.432886379327923
WDI:DT.ODA.ODAT.GI.ZS:GTM,1985-12-31,6.801228889024922
WDI:DT.ODA.ODAT.GI.ZS:GTM,1986-12-31,16.37046770608069
WDI:DT.ODA.ODAT.GI.ZS:GTM,1987-12-31,24.18821235511507
WDI:DT.ODA.ODAT.GI.ZS:GTM,1988-12-31,19.651164185155867
WDI:DT.ODA.ODAT.GI.ZS:GTM,1989-12-31,20.981443298969072
WDI:DT.ODA.ODAT.GI.ZS:GTM,1990-12-31,17.865194648828936
WDI:DT.ODA.ODAT.GI.ZS:GTM,1991-12-31,14.218001206261185
WDI:DT.ODA.ODAT.GI.ZS:GTM,1992-12-31,10.36896070498429
WDI:DT.ODA.ODAT.GI.ZS:GTM,1993-12-31,11.131289631116683
WDI:DT.ODA.ODAT.GI.ZS:GTM,1994-12-31,9.628477589538525
WDI:DT.ODA.ODAT.GI.ZS:GTM,1995-12-31,9.307070778235824
WDI:DT.ODA.ODAT.GI.ZS:GTM,1996-12-31,9.194258881282048
WDI:DT.ODA.ODAT.GI.ZS:GTM,1997-12-31,10.52790971762547
WDI:DT.ODA.ODAT.GI.ZS:GTM,1998-12-31,6.825546130692459
WDI:DT.ODA.ODAT.GI.ZS:GTM,1999-12-31,8.836186126473612
WDI:DT.ODA.ODAT.GI.ZS:GTM,2000-12-31,7.577883919438384
WDI:DT.ODA.ODAT.GI.ZS:GTM,2001-12-31,6.178126607991755
WDI:DT.ODA.ODAT.GI.ZS:GTM,2002-12-31,5.930097698165722
WDI:DT.ODA.ODAT.GI.ZS:GTM,2003-12-31,5.82798188672565
WDI:DT.ODA.ODAT.GI.ZS:GTM,2004-12-31,4.673944307806194
WDI:DT.ODA.ODAT.GI.ZS:GTM,2005-12-31,5.017910009684003
WDI:DT.ODA.ODAT.GI.ZS:GTM,2006-12-31,7.952914188451573
WDI:DT.ODA.ODAT.GI.ZS:GTM,2007-12-31,6.544040999195444
WDI:DT.ODA.ODAT.GI.ZS:GTM,2008-12-31,8.404531024747905
WDI:DT.ODA.ODAT.GI.ZS:GTM,2009-12-31,7.726461899799536
WDI:DT.ODA.ODAT.GI.ZS:GTM,2010-12-31,6.951824150131287
WDI:DT.ODA.ODAT.GI.ZS:GTM,2011-12-31,4.8718984540397035
WDI:DT.ODA.ODAT.GI.ZS:GTM,2012-12-31,4.0460723484120695
WDI:DT.ODA.ODAT.GI.ZS:GTM,2013-12-31,5.914702674953939
WDI:DT.ODA.ODAT.GI.ZS:GTM,2014-12-31,3.2094893161722684
WDI:DT.ODA.ODAT.GI.ZS:GTM,2015-12-31,4.460385669439505
WDI:DT.ODA.ODAT.GI.ZS:GTM,2016-12-31,2.8990589240537674
WDI:DT.ODA.ODAT.GI.ZS:GTM,2017-12-31,3.76727473051539
WDI:DT.ODA.ODAT.GI.ZS:GTM,2018-12-31,3.949805374798445
WDI:DT.ODA.ODAT.GI.ZS:GTM,2019-12-31,3.521298353357636
WDI:DT.ODA.ODAT.GI.ZS:GTM,2020-12-31,4.523441219766489
WDI:DT.ODA.ODAT.GI.ZS:GTM,2021-12-31,3.5475152156942547
WDI:DT.ODA.ODAT.GI.ZS:GTM,2022-12-31,2.772588697213827
WDI:DT.ODA.ODAT.GI.ZS:GTM,2023-12-31,2.59456211301694
WDI:DT.ODA.ODAT.GI.ZS:GUY,1960-12-31,15.729909811245319
WDI:DT.ODA.ODAT.GI.ZS:GUY,1961-12-31,21.047173293435765
WDI:DT.ODA.ODAT.GI.ZS:GUY,1962-12-31,25.652683951151463
WDI:DT.ODA.ODAT.GI.ZS:GUY,1963-12-31,20.712934505869217
WDI:DT.ODA.ODAT.GI.ZS:GUY,1964-12-31,16.215392899771246
WDI:DT.ODA.ODAT.GI.ZS:GUY,1965-12-31,14.743175695906787
WDI:DT.ODA.ODAT.GI.ZS:GUY,1966-12-31,15.8825432432109
WDI:DT.ODA.ODAT.GI.ZS:GUY,1967-12-31,17.572860335608826
WDI:DT.ODA.ODAT.GI.ZS:GUY,1968-12-31,29.63831837226217
WDI:DT.ODA.ODAT.GI.ZS:GUY,1969-12-31,34.874759887224855
WDI:DT.ODA.ODAT.GI.ZS:GUY,1970-12-31,27.85889998726218
WDI:DT.ODA.ODAT.GI.ZS:GUY,1971-12-31,31.265462046005325
WDI:DT.ODA.ODAT.GI.ZS:GUY,1972-12-31,22.006728410520353
WDI:DT.ODA.ODAT.GI.ZS:GUY,1973-12-31,9.680342062925682
WDI:DT.ODA.ODAT.GI.ZS:GUY,1974-12-31,10.594208946969522
WDI:DT.ODA.ODAT.GI.ZS:GUY,1975-12-31,6.174223361061457
WDI:DT.ODA.ODAT.GI.ZS:GUY,1976-12-31,12.943596173117214
WDI:DT.ODA.ODAT.GI.ZS:GUY,1977-12-31,8.87614652651162
WDI:DT.ODA.ODAT.GI.ZS:GUY,1978-12-31,25.076923003563557
WDI:DT.ODA.ODAT.GI.ZS:GUY,1979-12-31,17.937956065157056
WDI:DT.ODA.ODAT.GI.ZS:GUY,1980-12-31,13.48684191221169
WDI:DT.ODA.ODAT.GI.ZS:GUY,1981-12-31,29.03952044641189
WDI:DT.ODA.ODAT.GI.ZS:GUY,1982-12-31,20.335179484782135
WDI:DT.ODA.ODAT.GI.ZS:GUY,1983-12-31,14.531847170204138
WDI:DT.ODA.ODAT.GI.ZS:GUY,1984-12-31,8.158333301544191
WDI:DT.ODA.ODAT.GI.ZS:GUY,1985-12-31,6.604011625820033
WDI:DT.ODA.ODAT.GI.ZS:GUY,1986-12-31,11.897818787637163
WDI:DT.ODA.ODAT.GI.ZS:GUY,1987-12-31,21.449400550789928
WDI:DT.ODA.ODAT.GI.ZS:GUY,1988-12-31,26.0
WDI:DT.ODA.ODAT.GI.ZS:GUY,1989-12-31,46.880629126296036
WDI:DT.ODA.ODAT.GI.ZS:GUY,1990-12-31,133.45121117727788
WDI:DT.ODA.ODAT.GI.ZS:GUY,1991-12-31,92.1798718186393
WDI:DT.ODA.ODAT.GI.ZS:GUY,1992-12-31,34.904222390435066
WDI:DT.ODA.ODAT.GI.ZS:GUY,1993-12-31,47.91792443149711
WDI:DT.ODA.ODAT.GI.ZS:GUY,1994-12-31,46.25047669274431
WDI:DT.ODA.ODAT.GI.ZS:GUY,1995-12-31,32.964042000101394
WDI:DT.ODA.ODAT.GI.ZS:GUY,1996-12-31,39.515377386581605
WDI:DT.ODA.ODAT.GI.ZS:GUY,1997-12-31,98.59568434743277
WDI:DT.ODA.ODAT.GI.ZS:GUY,1998-12-31,36.32652889272266
WDI:DT.ODA.ODAT.GI.ZS:GUY,1999-12-31,32.027205097585814
WDI:DT.ODA.ODAT.GI.ZS:GUY,2000-12-31,37.55410391577282
WDI:DT.ODA.ODAT.GI.ZS:GUY,2001-12-31,41.609983960108046
WDI:DT.ODA.ODAT.GI.ZS:GUY,2002-12-31,31.199940830038074
WDI:DT.ODA.ODAT.GI.ZS:GUY,2003-12-31,38.076244499551784
WDI:DT.ODA.ODAT.GI.ZS:GUY,2004-12-31,54.63182737923968
WDI:DT.ODA.ODAT.GI.ZS:GUY,2005-12-31,38.001620201965075
WDI:DT.ODA.ODAT.GI.ZS:HIC,1970-12-31,0.09916165017144266
WDI:DT.ODA.ODAT.GI.ZS:HIC,1971-12-31,0.09914518882742406
WDI:DT.ODA.ODAT.GI.ZS:HIC,1972-12-31,0.09716748295920612
WDI:DT.ODA.ODAT.GI.ZS:HIC,1973-12-31,0.08129204643997835
WDI:DT.ODA.ODAT.GI.ZS:HIC,1974-12-31,0.07564610599574313
WDI:DT.ODA.ODAT.GI.ZS:HIC,1975-12-31,0.11470944824458185
WDI:DT.ODA.ODAT.GI.ZS:HIC,1976-12-31,0.11974278676270948
WDI:DT.ODA.ODAT.GI.ZS:HIC,1977-12-31,0.13050338426367705
WDI:DT.ODA.ODAT.GI.ZS:HIC,1978-12-31,0.09424758476452404
WDI:DT.ODA.ODAT.GI.ZS:HIC,1979-12-31,0.10526168159097242
WDI:DT.ODA.ODAT.GI.ZS:HIC,1980-12-31,0.0930303902804726
WDI:DT.ODA.ODAT.GI.ZS:HIC,1981-12-31,0.09909617754510593
WDI:DT.ODA.ODAT.GI.ZS:HIC,1982-12-31,0.09025073763253487
WDI:DT.ODA.ODAT.GI.ZS:HIC,1983-12-31,0.1167887750731028
WDI:DT.ODA.ODAT.GI.ZS:HIC,1984-12-31,0.10028435346639024
WDI:DT.ODA.ODAT.GI.ZS:HIC,1985-12-31,0.12365726265346798
WDI:DT.ODA.ODAT.GI.ZS:HIC,1986-12-31,0.10706994467494281
WDI:DT.ODA.ODAT.GI.ZS:HIC,1987-12-31,0.07508746308645442
WDI:DT.ODA.ODAT.GI.ZS:HIC,1988-12-31,0.05876152545807267
WDI:DT.ODA.ODAT.GI.ZS:HIC,1989-12-31,0.05871586794990827
WDI:DT.ODA.ODAT.GI.ZS:HIC,1990-12-31,0.06438691701630052
WDI:DT.ODA.ODAT.GI.ZS:HIC,1991-12-31,0.06590711805378192
WDI:DT.ODA.ODAT.GI.ZS:HIC,1992-12-31,0.06905262681919243
WDI:DT.ODA.ODAT.GI.ZS:HIC,1993-12-31,0.06001019145479708
WDI:DT.ODA.ODAT.GI.ZS:HIC,1994-12-31,0.05576536549659333
WDI:DT.ODA.ODAT.GI.ZS:HIC,1995-12-31,0.03695327460383217
WDI:DT.ODA.ODAT.GI.ZS:HIC,1996-12-31,0.06303558050901957
WDI:DT.ODA.ODAT.GI.ZS:HIC,1997-12-31,0.026410392568765914
WDI:DT.ODA.ODAT.GI.ZS:HIC,1998-12-31,0.03382188040865502
WDI:DT.ODA.ODAT.GI.ZS:HIC,1999-12-31,0.01908655200898698
WDI:DT.ODA.ODAT.GI.ZS:HIC,2000-12-31,0.008555026862903629
WDI:DT.ODA.ODAT.GI.ZS:HIC,2001-12-31,0.009127484497933202
WDI:DT.ODA.ODAT.GI.ZS:HIC,2002-12-31,0.009076944233558775
WDI:DT.ODA.ODAT.GI.ZS:HIC,2003-12-31,0.008790234916062045
WDI:DT.ODA.ODAT.GI.ZS:HIC,2004-12-31,0.007374485805092194
WDI:DT.ODA.ODAT.GI.ZS:HIC,2005-12-31,0.006467022633285891
WDI:DT.ODA.ODAT.GI.ZS:HIC,2006-12-31,0.0070333024702810415
WDI:DT.ODA.ODAT.GI.ZS:HIC,2007-12-31,0.004819840001111116
WDI:DT.ODA.ODAT.GI.ZS:HIC,2008-12-31,0.0073670863937567175
WDI:DT.ODA.ODAT.GI.ZS:HIC,2009-12-31,0.009134759255640458
WDI:DT.ODA.ODAT.GI.ZS:HIC,2010-12-31,0.008456963272573398
WDI:DT.ODA.ODAT.GI.ZS:HIC,2011-12-31,0.0048737235246857375
WDI:DT.ODA.ODAT.GI.ZS:HIC,2012-12-31,0.003996781863852233
WDI:DT.ODA.ODAT.GI.ZS:HIC,2013-12-31,0.0033713117127840324
WDI:DT.ODA.ODAT.GI.ZS:HIC,2014-12-31,0.003570527614962515
WDI:DT.ODA.ODAT.GI.ZS:HIC,2015-12-31,0.0025616459806463757
WDI:DT.ODA.ODAT.GI.ZS:HIC,2016-12-31,0.0038858116989208265
WDI:DT.ODA.ODAT.GI.ZS:HIC,2017-12-31,0.0031552124671678987
WDI:DT.ODA.ODAT.GI.ZS:HIC,2018-12-31,0.002964936560651195
WDI:DT.ODA.ODAT.GI.ZS:HIC,2019-12-31,0.002643302650426173
WDI:DT.ODA.ODAT.GI.ZS:HIC,2020-12-31,0.0041807797796288
WDI:DT.ODA.ODAT.GI.ZS:HIC,2021-12-31,0.002779403687618172
WDI:DT.ODA.ODAT.GI.ZS:HIC,2022-12-31,0.006924668477225747
WDI:DT.ODA.ODAT.GI.ZS:HIC,2023-12-31,0.0047772164214577
WDI:DT.ODA.ODAT.GI.ZS:HKG,1960-12-31,1.5941538957197299
WDI:DT.ODA.ODAT.GI.ZS:HKG,1961-12-31,1.5428151780433563
WDI:DT.ODA.ODAT.GI.ZS:HKG,1962-12-31,0.41645883529594413
WDI:DT.ODA.ODAT.GI.ZS:HKG,1963-12-31,0.8408794092886234
WDI:DT.ODA.ODAT.GI.ZS:HKG,1964-12-31,0.03501007209150055
WDI:DT.ODA.ODAT.GI.ZS:HKG,1965-12-31,0.5001540357362909
WDI:DT.ODA.ODAT.GI.ZS:HKG,1966-12-31,0.3588694823736358
WDI:DT.ODA.ODAT.GI.ZS:HKG,1967-12-31,0.4894240214692899
WDI:DT.ODA.ODAT.GI.ZS:HKG,1968-12-31,0.2924037975673903
WDI:DT.ODA.ODAT.GI.ZS:HKG,1969-12-31,0.24727095840036561
WDI:DT.ODA.ODAT.GI.ZS:HKG,1970-12-31,0.18179878678857853
WDI:DT.ODA.ODAT.GI.ZS:HKG,1971-12-31,0.33314961789331604
WDI:DT.ODA.ODAT.GI.ZS:HKG,1972-12-31,0.21611473650328963
WDI:DT.ODA.ODAT.GI.ZS:HKG,1973-12-31,0.0495222072007226
WDI:DT.ODA.ODAT.GI.ZS:HKG,1974-12-31,0.045365286642552995
WDI:DT.ODA.ODAT.GI.ZS:HKG,1975-12-31,-0.049442748127268586
WDI:DT.ODA.ODAT.GI.ZS:HKG,1976-12-31,0.08200164895465199
WDI:DT.ODA.ODAT.GI.ZS:HKG,1977-12-31,0.04965188150225321
WDI:DT.ODA.ODAT.GI.ZS:HKG,1978-12-31,0.04466064923242327
WDI:DT.ODA.ODAT.GI.ZS:HKG,1979-12-31,0.16200822037320484
WDI:DT.ODA.ODAT.GI.ZS:HKG,1980-12-31,0.10825784237334735
WDI:DT.ODA.ODAT.GI.ZS:HKG,1981-12-31,0.0877379799802028
WDI:DT.ODA.ODAT.GI.ZS:HKG,1982-12-31,0.07926104623496133
WDI:DT.ODA.ODAT.GI.ZS:HKG,1983-12-31,0.11007828453094343
WDI:DT.ODA.ODAT.GI.ZS:HKG,1984-12-31,0.1680357338252075
WDI:DT.ODA.ODAT.GI.ZS:HKG,1985-12-31,0.26682256335275
WDI:DT.ODA.ODAT.GI.ZS:HKG,1986-12-31,0.19189630147905856
WDI:DT.ODA.ODAT.GI.ZS:HKG,1987-12-31,0.14693518748816967
WDI:DT.ODA.ODAT.GI.ZS:HKG,1988-12-31,0.13055092474591914
WDI:DT.ODA.ODAT.GI.ZS:HKG,1989-12-31,0.22262927063310015
WDI:DT.ODA.ODAT.GI.ZS:HKG,1990-12-31,0.1825666583618688
WDI:DT.ODA.ODAT.GI.ZS:HKG,1991-12-31,0.15060983661542274
WDI:DT.ODA.ODAT.GI.ZS:HKG,1992-12-31,-0.13274005250105528
WDI:DT.ODA.ODAT.GI.ZS:HKG,1993-12-31,0.09229681668081825
WDI:DT.ODA.ODAT.GI.ZS:HKG,1994-12-31,0.06305033133226429
WDI:DT.ODA.ODAT.GI.ZS:HKG,1995-12-31,0.03574431949462921
WDI:DT.ODA.ODAT.GI.ZS:HKG,1996-12-31,0.02598888866044035
WDI:DT.ODA.ODAT.GI.ZS:HND,1960-12-31,3.235294037506363
WDI:DT.ODA.ODAT.GI.ZS:HND,1961-12-31,4.7172237484498005
WDI:DT.ODA.ODAT.GI.ZS:HND,1962-12-31,3.246825021778531
WDI:DT.ODA.ODAT.GI.ZS:HND,1963-12-31,10.382978966895575
WDI:DT.ODA.ODAT.GI.ZS:HND,1964-12-31,13.909090958632467
WDI:DT.ODA.ODAT.GI.ZS:HND,1965-12-31,12.824175908015272
WDI:DT.ODA.ODAT.GI.ZS:HND,1966-12-31,9.187912693329867
WDI:DT.ODA.ODAT.GI.ZS:HND,1967-12-31,6.229624352837016
WDI:DT.ODA.ODAT.GI.ZS:HND,1968-12-31,12.050519549297547
WDI:DT.ODA.ODAT.GI.ZS:HND,1969-12-31,7.72345040082859
WDI:DT.ODA.ODAT.GI.ZS:HND,1970-12-31,7.285079477597753
WDI:DT.ODA.ODAT.GI.ZS:HND,1971-12-31,7.826666514078799
WDI:DT.ODA.ODAT.GI.ZS:HND,1972-12-31,10.394699814580367
WDI:DT.ODA.ODAT.GI.ZS:HND,1973-12-31,7.041617663630275
WDI:DT.ODA.ODAT.GI.ZS:HND,1974-12-31,6.1166875784190715
WDI:DT.ODA.ODAT.GI.ZS:HND,1975-12-31,14.141300664455164
WDI:DT.ODA.ODAT.GI.ZS:HND,1976-12-31,11.689837627362326
WDI:DT.ODA.ODAT.GI.ZS:HND,1977-12-31,7.4180230392389594
WDI:DT.ODA.ODAT.GI.ZS:HND,1978-12-31,8.570939982955888
WDI:DT.ODA.ODAT.GI.ZS:HND,1979-12-31,10.481363357102346
WDI:DT.ODA.ODAT.GI.ZS:HND,1980-12-31,11.622454448017148
WDI:DT.ODA.ODAT.GI.ZS:HND,1981-12-31,12.903178358606532
WDI:DT.ODA.ODAT.GI.ZS:HND,1982-12-31,23.56151223320594
WDI:DT.ODA.ODAT.GI.ZS:HND,1983-12-31,27.36615845057311
WDI:DT.ODA.ODAT.GI.ZS:HND,1984-12-31,31.5104008698932
WDI:DT.ODA.ODAT.GI.ZS:HND,1985-12-31,33.750887170110516
WDI:DT.ODA.ODAT.GI.ZS:HND,1986-12-31,43.63784665579119
WDI:DT.ODA.ODAT.GI.ZS:HND,1987-12-31,32.745595452968594
WDI:DT.ODA.ODAT.GI.ZS:HND,1988-12-31,33.005427617061194
WDI:DT.ODA.ODAT.GI.ZS:HND,1989-12-31,31.25534336638891
WDI:DT.ODA.ODAT.GI.ZS:HND,1990-12-31,52.881067165306405
WDI:DT.ODA.ODAT.GI.ZS:HND,1991-12-31,37.58750654704242
WDI:DT.ODA.ODAT.GI.ZS:HND,1992-12-31,32.52410056095752
WDI:DT.ODA.ODAT.GI.ZS:HND,1993-12-31,22.341556168437286
WDI:DT.ODA.ODAT.GI.ZS:HND,1994-12-31,18.63357102337166
WDI:DT.ODA.ODAT.GI.ZS:HND,1995-12-31,29.148329497050913
WDI:DT.ODA.ODAT.GI.ZS:HND,1996-12-31,18.26381725227646
WDI:DT.ODA.ODAT.GI.ZS:HND,1997-12-31,17.28809555278693
WDI:DT.ODA.ODAT.GI.ZS:HND,1998-12-31,16.019182920219137
WDI:DT.ODA.ODAT.GI.ZS:HND,1999-12-31,36.608569704408204
WDI:DT.ODA.ODAT.GI.ZS:HND,2000-12-31,19.668266545542927
WDI:DT.ODA.ODAT.GI.ZS:HND,2001-12-31,28.26282206398273
WDI:DT.ODA.ODAT.GI.ZS:HND,2002-12-31,20.043818839459856
WDI:DT.ODA.ODAT.GI.ZS:HND,2003-12-31,15.247799518593341
WDI:DT.ODA.ODAT.GI.ZS:HND,2004-12-31,20.507262991585403
WDI:DT.ODA.ODAT.GI.ZS:HND,2005-12-31,24.09357753649444
WDI:DT.ODA.ODAT.GI.ZS:HND,2006-12-31,16.74845366788029
WDI:DT.ODA.ODAT.GI.ZS:HND,2007-12-31,9.793305194858293
WDI:DT.ODA.ODAT.GI.ZS:HND,2008-12-31,9.230440799225862
WDI:DT.ODA.ODAT.GI.ZS:HND,2009-12-31,13.923432961817229
WDI:DT.ODA.ODAT.GI.ZS:HND,2010-12-31,10.243756248574003
WDI:DT.ODA.ODAT.GI.ZS:HND,2011-12-31,7.801850420296945
WDI:DT.ODA.ODAT.GI.ZS:HND,2012-12-31,12.439902885656856
WDI:DT.ODA.ODAT.GI.ZS:HND,2013-12-31,15.5472324441338
WDI:DT.ODA.ODAT.GI.ZS:HND,2014-12-31,13.833213930892423
WDI:DT.ODA.ODAT.GI.ZS:HND,2015-12-31,10.258576382076823
WDI:DT.ODA.ODAT.GI.ZS:HND,2016-12-31,8.122908690688302
WDI:DT.ODA.ODAT.GI.ZS:HND,2017-12-31,7.700854664476271
WDI:DT.ODA.ODAT.GI.ZS:HND,2018-12-31,10.397270620289047
WDI:DT.ODA.ODAT.GI.ZS:HND,2019-12-31,7.932631832445662
WDI:DT.ODA.ODAT.GI.ZS:HND,2020-12-31,25.787880912329296
WDI:DT.ODA.ODAT.GI.ZS:HND,2021-12-31,9.072219834535845
WDI:DT.ODA.ODAT.GI.ZS:HND,2022-12-31,9.518315465293878
WDI:DT.ODA.ODAT.GI.ZS:HND,2023-12-31,7.22570149765535
WDI:DT.ODA.ODAT.GI.ZS:HPC,1990-12-31,63.02225132280037
WDI:DT.ODA.ODAT.GI.ZS:HPC,1991-12-31,60.15541195167613
WDI:DT.ODA.ODAT.GI.ZS:HPC,1992-12-31,75.1997852371025
WDI:DT.ODA.ODAT.GI.ZS:HPC,1993-12-31,64.7374707802499
WDI:DT.ODA.ODAT.GI.ZS:HPC,1994-12-31,75.1487808691097
WDI:DT.ODA.ODAT.GI.ZS:HPC,1995-12-31,69.8794905448759
WDI:DT.ODA.ODAT.GI.ZS:HPC,1996-12-31,50.85539918304319
WDI:DT.ODA.ODAT.GI.ZS:HPC,1997-12-31,44.42099998962404
WDI:DT.ODA.ODAT.GI.ZS:HPC,1998-12-31,38.28437249540998
WDI:DT.ODA.ODAT.GI.ZS:HPC,1999-12-31,36.267094485961955
WDI:DT.ODA.ODAT.GI.ZS:HPC,2000-12-31,31.89455555951635
WDI:DT.ODA.ODAT.GI.ZS:HPC,2001-12-31,40.18521055584088
WDI:DT.ODA.ODAT.GI.ZS:HPC,2002-12-31,48.86158975786567
WDI:DT.ODA.ODAT.GI.ZS:HPC,2003-12-31,53.32745017561091
WDI:DT.ODA.ODAT.GI.ZS:HPC,2004-12-31,47.93653107629991
WDI:DT.ODA.ODAT.GI.ZS:HPC,2005-12-31,42.82922600003691
WDI:DT.ODA.ODAT.GI.ZS:HPC,2006-12-31,41.41190345314266
WDI:DT.ODA.ODAT.GI.ZS:HPC,2007-12-31,38.72691903980602
WDI:DT.ODA.ODAT.GI.ZS:HPC,2008-12-31,32.65381733567623
WDI:DT.ODA.ODAT.GI.ZS:HPC,2009-12-31,39.12635529379341
WDI:DT.ODA.ODAT.GI.ZS:HPC,2010-12-31,36.2804586599236
WDI:DT.ODA.ODAT.GI.ZS:HPC,2011-12-31,31.7611941312142
WDI:DT.ODA.ODAT.GI.ZS:HPC,2012-12-31,27.554964327012765
WDI:DT.ODA.ODAT.GI.ZS:HPC,2013-12-31,22.554085738436562
WDI:DT.ODA.ODAT.GI.ZS:HPC,2014-12-31,19.693943408107103
WDI:DT.ODA.ODAT.GI.ZS:HPC,2015-12-31,20.38281756186924
WDI:DT.ODA.ODAT.GI.ZS:HPC,2016-12-31,20.35779071940207
WDI:DT.ODA.ODAT.GI.ZS:HPC,2017-12-31,20.96149739023879
WDI:DT.ODA.ODAT.GI.ZS:HPC,2018-12-31,19.5488195402666
WDI:DT.ODA.ODAT.GI.ZS:HPC,2019-12-31,19.917943583825107
WDI:DT.ODA.ODAT.GI.ZS:HPC,2020-12-31,27.252988471311486
WDI:DT.ODA.ODAT.GI.ZS:HPC,2021-12-31,21.666377491739812
WDI:DT.ODA.ODAT.GI.ZS:HRV,1995-12-31,1.4451537065871074
WDI:DT.ODA.ODAT.GI.ZS:HRV,1996-12-31,2.833065755938451
WDI:DT.ODA.ODAT.GI.ZS:HRV,1997-12-31,0.6772617648830521
WDI:DT.ODA.ODAT.GI.ZS:HRV,1998-12-31,0.7268332700428708
WDI:DT.ODA.ODAT.GI.ZS:HRV,1999-12-31,0.9990623135794117
WDI:DT.ODA.ODAT.GI.ZS:HRV,2000-12-31,1.531822395587085
WDI:DT.ODA.ODAT.GI.ZS:HRV,2001-12-31,2.3714258147970675
WDI:DT.ODA.ODAT.GI.ZS:HRV,2002-12-31,2.0540723321108745
WDI:DT.ODA.ODAT.GI.ZS:HRV,2003-12-31,1.2544765854158277
WDI:DT.ODA.ODAT.GI.ZS:HRV,2004-12-31,1.0990321132633547
WDI:DT.ODA.ODAT.GI.ZS:HRV,2005-12-31,1.0516958993651337
WDI:DT.ODA.ODAT.GI.ZS:HRV,2006-12-31,1.4107753129077067
WDI:DT.ODA.ODAT.GI.ZS:HRV,2007-12-31,0.9759800003426928
WDI:DT.ODA.ODAT.GI.ZS:HRV,2008-12-31,1.1914045437716652
WDI:DT.ODA.ODAT.GI.ZS:HRV,2009-12-31,1.1114931089243498
WDI:DT.ODA.ODAT.GI.ZS:HRV,2010-12-31,1.252714422978166
WDI:DT.ODA.ODAT.GI.ZS:HTI,1988-12-31,29.45166247518444
WDI:DT.ODA.ODAT.GI.ZS:HTI,1989-12-31,36.11583965853277
WDI:DT.ODA.ODAT.GI.ZS:HTI,1990-12-31,25.24550882788063
WDI:DT.ODA.ODAT.GI.ZS:HTI,1991-12-31,20.15625278198351
WDI:DT.ODA.ODAT.GI.ZS:HTI,1992-12-31,20.130908579236557
WDI:DT.ODA.ODAT.GI.ZS:HTI,1993-12-31,46.41016247768906
WDI:DT.ODA.ODAT.GI.ZS:HTI,1994-12-31,278.2803125601684
WDI:DT.ODA.ODAT.GI.ZS:HTI,1995-12-31,89.21203071029899
WDI:DT.ODA.ODAT.GI.ZS:HTI,1996-12-31,40.48308590242788
WDI:DT.ODA.ODAT.GI.ZS:HTI,1997-12-31,34.285600079691754
WDI:DT.ODA.ODAT.GI.ZS:HTI,1998-12-31,36.23931142031358
WDI:DT.ODA.ODAT.GI.ZS:HTI,1999-12-31,18.58095497292874
WDI:DT.ODA.ODAT.GI.ZS:HTI,2000-12-31,32.03304323094333
WDI:DT.ODA.ODAT.GI.ZS:HTI,2001-12-31,33.36511907472179
WDI:DT.ODA.ODAT.GI.ZS:HTI,2002-12-31,25.78462482759481
WDI:DT.ODA.ODAT.GI.ZS:HTI,2003-12-31,22.074722613721857
WDI:DT.ODA.ODAT.GI.ZS:HTI,2004-12-31,40.330339141180396
WDI:DT.ODA.ODAT.GI.ZS:HTI,2005-12-31,53.1296414904875
WDI:DT.ODA.ODAT.GI.ZS:HTI,2006-12-31,48.48147232675378
WDI:DT.ODA.ODAT.GI.ZS:HTI,2007-12-31,73.1376997908564
WDI:DT.ODA.ODAT.GI.ZS:HTI,2008-12-31,62.644556382103545
WDI:DT.ODA.ODAT.GI.ZS:HTI,2009-12-31,67.76655511723602
WDI:DT.ODA.ODAT.GI.ZS:HTI,2010-12-31,93.7214408623596
WDI:DT.ODA.ODAT.GI.ZS:HTI,2011-12-31,55.153214618193935
WDI:DT.ODA.ODAT.GI.ZS:HTI,2012-12-31,53.04885881636191
WDI:DT.ODA.ODAT.GI.ZS:HTI,2013-12-31,43.23704958459068
WDI:DT.ODA.ODAT.GI.ZS:HTI,2014-12-31,43.159044269096995
WDI:DT.ODA.ODAT.GI.ZS:HTI,2015-12-31,50.40165154111882
WDI:DT.ODA.ODAT.GI.ZS:HTI,2016-12-31,56.04071192131368
WDI:DT.ODA.ODAT.GI.ZS:HTI,2017-12-31,38.52111707871817
WDI:DT.ODA.ODAT.GI.ZS:HTI,2018-12-31,38.629458196805594
WDI:DT.ODA.ODAT.GI.ZS:HTI,2019-12-31,25.041047310109192
WDI:DT.ODA.ODAT.GI.ZS:HTI,2020-12-31,34.61310077912221
WDI:DT.ODA.ODAT.GI.ZS:HTI,2021-12-31,25.200749479096356
WDI:DT.ODA.ODAT.GI.ZS:HTI,2022-12-31,27.9856035254337
WDI:DT.ODA.ODAT.GI.ZS:HTI,2023-12-31,39.6558903227722
WDI:DT.ODA.ODAT.GI.ZS:IBD,1970-12-31,2.371786388422566
WDI:DT.ODA.ODAT.GI.ZS:IBD,1971-12-31,2.3367520153494628
WDI:DT.ODA.ODAT.GI.ZS:IBD,1972-12-31,2.013186210758066
WDI:DT.ODA.ODAT.GI.ZS:IBD,1973-12-31,1.957227234062751
WDI:DT.ODA.ODAT.GI.ZS:IBD,1974-12-31,1.9650877216549758
WDI:DT.ODA.ODAT.GI.ZS:IBD,1975-12-31,2.223502241545484
WDI:DT.ODA.ODAT.GI.ZS:IBD,1976-12-31,2.053659711059677
WDI:DT.ODA.ODAT.GI.ZS:IBD,1977-12-31,1.7155986831887657
WDI:DT.ODA.ODAT.GI.ZS:IBD,1978-12-31,1.8763097962395319
WDI:DT.ODA.ODAT.GI.ZS:IBD,1979-12-31,1.7939836216783906
WDI:DT.ODA.ODAT.GI.ZS:IBD,1980-12-31,1.840637292345509
WDI:DT.ODA.ODAT.GI.ZS:IBD,1981-12-31,1.6738529808984244
WDI:DT.ODA.ODAT.GI.ZS:IBD,1982-12-31,1.6437509405166546
WDI:DT.ODA.ODAT.GI.ZS:IBD,1983-12-31,1.6871736425130635
WDI:DT.ODA.ODAT.GI.ZS:IBD,1984-12-31,1.626942767417837
WDI:DT.ODA.ODAT.GI.ZS:IBD,1985-12-31,1.6277570549910543
WDI:DT.ODA.ODAT.GI.ZS:IBD,1986-12-31,1.7836454199699079
WDI:DT.ODA.ODAT.GI.ZS:IBD,1987-12-31,1.9266820429296259
WDI:DT.ODA.ODAT.GI.ZS:IBD,1988-12-31,1.7947548806503764
WDI:DT.ODA.ODAT.GI.ZS:IBD,1989-12-31,1.7076282548257433
WDI:DT.ODA.ODAT.GI.ZS:IBD,1990-12-31,2.33059543616613
WDI:DT.ODA.ODAT.GI.ZS:IBD,1991-12-31,2.6393739409763675
WDI:DT.ODA.ODAT.GI.ZS:IBD,1992-12-31,2.2113141758572907
WDI:DT.ODA.ODAT.GI.ZS:IBD,1993-12-31,1.9147688163309966
WDI:DT.ODA.ODAT.GI.ZS:IBD,1994-12-31,1.8394344358538595
WDI:DT.ODA.ODAT.GI.ZS:IBD,1995-12-31,1.6273707057513125
WDI:DT.ODA.ODAT.GI.ZS:IBD,1996-12-31,1.4337240816946395
WDI:DT.ODA.ODAT.GI.ZS:IBD,1997-12-31,1.1831272351573534
WDI:DT.ODA.ODAT.GI.ZS:IBD,1998-12-31,1.393582969984356
WDI:DT.ODA.ODAT.GI.ZS:IBD,1999-12-31,1.5930599309950166
WDI:DT.ODA.ODAT.GI.ZS:IBD,2000-12-31,1.2914636292552553
WDI:DT.ODA.ODAT.GI.ZS:IBD,2001-12-31,1.2296163193177452
WDI:DT.ODA.ODAT.GI.ZS:IBD,2002-12-31,1.2707728911062917
WDI:DT.ODA.ODAT.GI.ZS:IBD,2003-12-31,1.179115019928048
WDI:DT.ODA.ODAT.GI.ZS:IBD,2004-12-31,1.0349237478702449
WDI:DT.ODA.ODAT.GI.ZS:IBD,2005-12-31,1.6391267786276094
WDI:DT.ODA.ODAT.GI.ZS:IBD,2006-12-31,0.9416166867267773
WDI:DT.ODA.ODAT.GI.ZS:IBD,2007-12-31,0.7280785187876397
WDI:DT.ODA.ODAT.GI.ZS:IBD,2008-12-31,0.6858048440693552
WDI:DT.ODA.ODAT.GI.ZS:IBD,2009-12-31,0.5627832644403103
WDI:DT.ODA.ODAT.GI.ZS:IBD,2010-12-31,0.40843137002470054
WDI:DT.ODA.ODAT.GI.ZS:IBD,2011-12-31,0.39539115984872236
WDI:DT.ODA.ODAT.GI.ZS:IBD,2012-12-31,0.3527779734145863
WDI:DT.ODA.ODAT.GI.ZS:IBD,2013-12-31,0.3796201283419481
WDI:DT.ODA.ODAT.GI.ZS:IBD,2014-12-31,0.3850187785013245
WDI:DT.ODA.ODAT.GI.ZS:IBD,2015-12-31,0.3610750285643499
WDI:DT.ODA.ODAT.GI.ZS:IBD,2016-12-31,0.38320024004048153
WDI:DT.ODA.ODAT.GI.ZS:IBD,2017-12-31,0.3360333145659893
WDI:DT.ODA.ODAT.GI.ZS:IBD,2018-12-31,0.27717695461952635
WDI:DT.ODA.ODAT.GI.ZS:IBD,2019-12-31,0.23951981644124024
WDI:DT.ODA.ODAT.GI.ZS:IBD,2020-12-31,0.34524759986060327
WDI:DT.ODA.ODAT.GI.ZS:IBD,2021-12-31,0.3214817843914762
WDI:DT.ODA.ODAT.GI.ZS:IBT,1970-12-31,3.354570969829633
WDI:DT.ODA.ODAT.GI.ZS:IBT,1971-12-31,3.3515707571301587
WDI:DT.ODA.ODAT.GI.ZS:IBT,1972-12-31,3.149748798921613
WDI:DT.ODA.ODAT.GI.ZS:IBT,1973-12-31,3.2010011817198794
WDI:DT.ODA.ODAT.GI.ZS:IBT,1974-12-31,3.426377332333761
WDI:DT.ODA.ODAT.GI.ZS:IBT,1975-12-31,3.8617464242567094
WDI:DT.ODA.ODAT.GI.ZS:IBT,1976-12-31,3.502880865063171
WDI:DT.ODA.ODAT.GI.ZS:IBT,1977-12-31,3.1000916730897385
WDI:DT.ODA.ODAT.GI.ZS:IBT,1978-12-31,3.4251067424954136
WDI:DT.ODA.ODAT.GI.ZS:IBT,1979-12-31,3.7230498228435716
WDI:DT.ODA.ODAT.GI.ZS:IBT,1980-12-31,3.6529970723226195
WDI:DT.ODA.ODAT.GI.ZS:IBT,1981-12-31,3.159270443883218
WDI:DT.ODA.ODAT.GI.ZS:IBT,1982-12-31,3.2587394384375377
WDI:DT.ODA.ODAT.GI.ZS:IBT,1983-12-31,3.2530529230196876
WDI:DT.ODA.ODAT.GI.ZS:IBT,1984-12-31,3.175039496405083
WDI:DT.ODA.ODAT.GI.ZS:IBT,1985-12-31,3.1882217082298387
WDI:DT.ODA.ODAT.GI.ZS:IBT,1986-12-31,3.6518914215943776
WDI:DT.ODA.ODAT.GI.ZS:IBT,1987-12-31,3.986470645856013
WDI:DT.ODA.ODAT.GI.ZS:IBT,1988-12-31,3.7743816317512233
WDI:DT.ODA.ODAT.GI.ZS:IBT,1989-12-31,3.6014451430693484
WDI:DT.ODA.ODAT.GI.ZS:IBT,1990-12-31,4.297149612741619
WDI:DT.ODA.ODAT.GI.ZS:IBT,1991-12-31,4.636339170328201
WDI:DT.ODA.ODAT.GI.ZS:IBT,1992-12-31,4.16346128634124
WDI:DT.ODA.ODAT.GI.ZS:IBT,1993-12-31,3.654921167390225
WDI:DT.ODA.ODAT.GI.ZS:IBT,1994-12-31,3.666063349340599
WDI:DT.ODA.ODAT.GI.ZS:IBT,1995-12-31,3.175104256699352
WDI:DT.ODA.ODAT.GI.ZS:IBT,1996-12-31,2.6685569478227746
WDI:DT.ODA.ODAT.GI.ZS:IBT,1997-12-31,2.2457273677014125
WDI:DT.ODA.ODAT.GI.ZS:IBT,1998-12-31,2.5338541020456846
WDI:DT.ODA.ODAT.GI.ZS:IBT,1999-12-31,2.7058759189857553
WDI:DT.ODA.ODAT.GI.ZS:IBT,2000-12-31,2.286446029471568
WDI:DT.ODA.ODAT.GI.ZS:IBT,2001-12-31,2.3832935170038287
WDI:DT.ODA.ODAT.GI.ZS:IBT,2002-12-31,2.64554506287919
WDI:DT.ODA.ODAT.GI.ZS:IBT,2003-12-31,2.631046234876937
WDI:DT.ODA.ODAT.GI.ZS:IBT,2004-12-31,2.2927686278722716
WDI:DT.ODA.ODAT.GI.ZS:IBT,2005-12-31,2.9182145223684626
WDI:DT.ODA.ODAT.GI.ZS:IBT,2006-12-31,2.2760532696145703
WDI:DT.ODA.ODAT.GI.ZS:IBT,2007-12-31,1.6855737658525307
WDI:DT.ODA.ODAT.GI.ZS:IBT,2008-12-31,1.4921303467443467
WDI:DT.ODA.ODAT.GI.ZS:IBT,2009-12-31,1.5238078734979097
WDI:DT.ODA.ODAT.GI.ZS:IBT,2010-12-31,1.2347115689344803
WDI:DT.ODA.ODAT.GI.ZS:IBT,2011-12-31,1.1081816032378629
WDI:DT.ODA.ODAT.GI.ZS:IBT,2012-12-31,1.0280349737632453
WDI:DT.ODA.ODAT.GI.ZS:IBT,2013-12-31,1.0796766644292581
WDI:DT.ODA.ODAT.GI.ZS:IBT,2014-12-31,1.0285645038167635
WDI:DT.ODA.ODAT.GI.ZS:IBT,2015-12-31,1.054269667006149
WDI:DT.ODA.ODAT.GI.ZS:IBT,2016-12-31,1.09974420622239
WDI:DT.ODA.ODAT.GI.ZS:IBT,2017-12-31,1.0673258310642313
WDI:DT.ODA.ODAT.GI.ZS:IBT,2018-12-31,0.9899885137707096
WDI:DT.ODA.ODAT.GI.ZS:IBT,2019-12-31,0.9559012069975475
WDI:DT.ODA.ODAT.GI.ZS:IBT,2020-12-31,1.241039245873046
WDI:DT.ODA.ODAT.GI.ZS:IBT,2021-12-31,1.0007924761440488
WDI:DT.ODA.ODAT.GI.ZS:IDA,1984-12-31,21.58351856290947
WDI:DT.ODA.ODAT.GI.ZS:IDA,1985-12-31,22.49916367593833
WDI:DT.ODA.ODAT.GI.ZS:IDA,1986-12-31,24.881952368910785
WDI:DT.ODA.ODAT.GI.ZS:IDA,1987-12-31,25.692072252083214
WDI:DT.ODA.ODAT.GI.ZS:IDA,1988-12-31,26.269250449333683
WDI:DT.ODA.ODAT.GI.ZS:IDA,1989-12-31,27.225473180297055
WDI:DT.ODA.ODAT.GI.ZS:IDA,1990-12-31,28.7619460061427
WDI:DT.ODA.ODAT.GI.ZS:IDA,1991-12-31,26.837873244610535
WDI:DT.ODA.ODAT.GI.ZS:IDA,1992-12-31,28.976810841503635
WDI:DT.ODA.ODAT.GI.ZS:IDA,1993-12-31,27.48305199539604
WDI:DT.ODA.ODAT.GI.ZS:IDA,1994-12-31,30.873279159625895
WDI:DT.ODA.ODAT.GI.ZS:IDA,1995-12-31,26.530416679510125
WDI:DT.ODA.ODAT.GI.ZS:IDA,1996-12-31,20.26941479071879
WDI:DT.ODA.ODAT.GI.ZS:IDA,1997-12-31,18.23426812555482
WDI:DT.ODA.ODAT.GI.ZS:IDA,1998-12-31,17.338645204155213
WDI:DT.ODA.ODAT.GI.ZS:IDA,1999-12-31,16.74901963019626
WDI:DT.ODA.ODAT.GI.ZS:IDA,2000-12-31,13.826169096139434
WDI:DT.ODA.ODAT.GI.ZS:IDA,2001-12-31,17.121813257158024
WDI:DT.ODA.ODAT.GI.ZS:IDA,2002-12-31,20.554046122406017
WDI:DT.ODA.ODAT.GI.ZS:IDA,2003-12-31,21.692619848120408
WDI:DT.ODA.ODAT.GI.ZS:IDA,2004-12-31,19.95617861611559
WDI:DT.ODA.ODAT.GI.ZS:IDA,2005-12-31,21.22512406732994
WDI:DT.ODA.ODAT.GI.ZS:IDA,2006-12-31,21.866676245275034
WDI:DT.ODA.ODAT.GI.ZS:IDA,2007-12-31,17.24800123843093
WDI:DT.ODA.ODAT.GI.ZS:IDA,2008-12-31,14.85208131149446
WDI:DT.ODA.ODAT.GI.ZS:IDA,2009-12-31,17.399757432587165
WDI:DT.ODA.ODAT.GI.ZS:IDA,2010-12-31,16.677318131415284
WDI:DT.ODA.ODAT.GI.ZS:IDA,2011-12-31,15.438584508279499
WDI:DT.ODA.ODAT.GI.ZS:IDA,2012-12-31,13.977195146904814
WDI:DT.ODA.ODAT.GI.ZS:IDA,2013-12-31,13.683111258172925
WDI:DT.ODA.ODAT.GI.ZS:IDA,2014-12-31,11.955068595889257
WDI:DT.ODA.ODAT.GI.ZS:IDA,2015-12-31,11.916688874070438
WDI:DT.ODA.ODAT.GI.ZS:IDA,2016-12-31,11.545158390410498
WDI:DT.ODA.ODAT.GI.ZS:IDA,2017-12-31,11.919520036954198
WDI:DT.ODA.ODAT.GI.ZS:IDA,2018-12-31,11.586288720443285
WDI:DT.ODA.ODAT.GI.ZS:IDA,2019-12-31,11.526274802114168
WDI:DT.ODA.ODAT.GI.ZS:IDA,2020-12-31,14.718398122681227
WDI:DT.ODA.ODAT.GI.ZS:IDA,2021-12-31,12.002800342890254
WDI:DT.ODA.ODAT.GI.ZS:IDN,1967-12-31,51.09614103330311
WDI:DT.ODA.ODAT.GI.ZS:IDN,1968-12-31,52.32940291986754
WDI:DT.ODA.ODAT.GI.ZS:IDN,1969-12-31,33.793960638678094
WDI:DT.ODA.ODAT.GI.ZS:IDN,1970-12-31,37.25085596776275
WDI:DT.ODA.ODAT.GI.ZS:IDN,1971-12-31,39.64724096525862
WDI:DT.ODA.ODAT.GI.ZS:IDN,1972-12-31,23.968307637556286
WDI:DT.ODA.ODAT.GI.ZS:IDN,1973-12-31,20.520169618113947
WDI:DT.ODA.ODAT.GI.ZS:IDN,1974-12-31,15.009512908205295
WDI:DT.ODA.ODAT.GI.ZS:IDN,1975-12-31,10.795292524081225
WDI:DT.ODA.ODAT.GI.ZS:IDN,1976-12-31,8.33107747593895
WDI:DT.ODA.ODAT.GI.ZS:IDN,1977-12-31,5.422309613890809
WDI:DT.ODA.ODAT.GI.ZS:IDN,1978-12-31,5.92400166465774
WDI:DT.ODA.ODAT.GI.ZS:IDN,1979-12-31,6.658191108516361
WDI:DT.ODA.ODAT.GI.ZS:IDN,1980-12-31,6.193155386209988
WDI:DT.ODA.ODAT.GI.ZS:IDN,1981-12-31,5.273725704872874
WDI:DT.ODA.ODAT.GI.ZS:IDN,1982-12-31,4.394454112535364
WDI:DT.ODA.ODAT.GI.ZS:IDN,1983-12-31,3.0828581529212506
WDI:DT.ODA.ODAT.GI.ZS:IDN,1984-12-31,3.142089233472585
WDI:DT.ODA.ODAT.GI.ZS:IDN,1985-12-31,2.7331497725284355
WDI:DT.ODA.ODAT.GI.ZS:IDN,1986-12-31,3.1675879105523816
WDI:DT.ODA.ODAT.GI.ZS:IDN,1987-12-31,5.835029078802385
WDI:DT.ODA.ODAT.GI.ZS:IDN,1988-12-31,6.3627809542401295
WDI:DT.ODA.ODAT.GI.ZS:IDN,1989-12-31,6.101882912603145
WDI:DT.ODA.ODAT.GI.ZS:IDN,1990-12-31,4.587342391098435
WDI:DT.ODA.ODAT.GI.ZS:IDN,1991-12-31,4.820463168204471
WDI:DT.ODA.ODAT.GI.ZS:IDN,1992-12-31,4.968343894524631
WDI:DT.ODA.ODAT.GI.ZS:IDN,1993-12-31,4.198444485391226
WDI:DT.ODA.ODAT.GI.ZS:IDN,1994-12-31,2.8775589180696084
WDI:DT.ODA.ODAT.GI.ZS:IDN,1995-12-31,2.0350880727557326
WDI:DT.ODA.ODAT.GI.ZS:IDN,1996-12-31,1.4723846010476167
WDI:DT.ODA.ODAT.GI.ZS:IDN,1997-12-31,1.219755662732546
WDI:DT.ODA.ODAT.GI.ZS:IDN,1998-12-31,4.8345083702106635
WDI:DT.ODA.ODAT.GI.ZS:IDN,1999-12-31,6.880097361531179
WDI:DT.ODA.ODAT.GI.ZS:IDN,2000-12-31,4.482219947746843
WDI:DT.ODA.ODAT.GI.ZS:IDN,2001-12-31,4.0321868180680775
WDI:DT.ODA.ODAT.GI.ZS:IDN,2002-12-31,3.094629236026909
WDI:DT.ODA.ODAT.GI.ZS:IDN,2003-12-31,2.8929889347081317
WDI:DT.ODA.ODAT.GI.ZS:IDN,2004-12-31,0.15790761963430644
WDI:DT.ODA.ODAT.GI.ZS:IDN,2005-12-31,3.471411039057542
WDI:DT.ODA.ODAT.GI.ZS:IDN,2006-12-31,1.3282408323646706
WDI:DT.ODA.ODAT.GI.ZS:IDN,2007-12-31,0.6842821080494802
WDI:DT.ODA.ODAT.GI.ZS:IDN,2008-12-31,0.8072303506471425
WDI:DT.ODA.ODAT.GI.ZS:IDN,2009-12-31,0.5399201314098203
WDI:DT.ODA.ODAT.GI.ZS:IDN,2010-12-31,0.4884002324500499
WDI:DT.ODA.ODAT.GI.ZS:IDN,2011-12-31,0.12158121449252945
WDI:DT.ODA.ODAT.GI.ZS:IDN,2012-12-31,0.02143718105935471
WDI:DT.ODA.ODAT.GI.ZS:IDN,2013-12-31,0.02250420488538192
WDI:DT.ODA.ODAT.GI.ZS:IDN,2014-12-31,-0.12391649856281618
WDI:DT.ODA.ODAT.GI.ZS:IDN,2015-12-31,-0.009704836574434545
WDI:DT.ODA.ODAT.GI.ZS:IDN,2016-12-31,-0.03431716581551346
WDI:DT.ODA.ODAT.GI.ZS:IDN,2017-12-31,0.08183670459624354
WDI:DT.ODA.ODAT.GI.ZS:IDN,2018-12-31,0.26717781152896497
WDI:DT.ODA.ODAT.GI.ZS:IDN,2019-12-31,-0.18335985788629383
WDI:DT.ODA.ODAT.GI.ZS:IDN,2020-12-31,0.3535938383957496
WDI:DT.ODA.ODAT.GI.ZS:IDN,2021-12-31,0.16802759149259852
WDI:DT.ODA.ODAT.GI.ZS:IDN,2022-12-31,0.17016653625363443
WDI:DT.ODA.ODAT.GI.ZS:IDN,2023-12-31,0.277631144917086
WDI:DT.ODA.ODAT.GI.ZS:IDX,1990-12-31,52.6290510668725
WDI:DT.ODA.ODAT.GI.ZS:IDX,1991-12-31,48.93770049579425
WDI:DT.ODA.ODAT.GI.ZS:IDX,1992-12-31,55.28819258300267
WDI:DT.ODA.ODAT.GI.ZS:IDX,1993-12-31,49.9758665123356
WDI:DT.ODA.ODAT.GI.ZS:IDX,1994-12-31,55.26398861184557
WDI:DT.ODA.ODAT.GI.ZS:IDX,1995-12-31,50.976807575526536
WDI:DT.ODA.ODAT.GI.ZS:IDX,1996-12-31,35.87020775033279
WDI:DT.ODA.ODAT.GI.ZS:IDX,1997-12-31,31.439176918520577
WDI:DT.ODA.ODAT.GI.ZS:IDX,1998-12-31,29.811163496281324
WDI:DT.ODA.ODAT.GI.ZS:IDX,1999-12-31,26.931494538436556
WDI:DT.ODA.ODAT.GI.ZS:IDX,2000-12-31,23.313107626139022
WDI:DT.ODA.ODAT.GI.ZS:IDX,2001-12-31,27.805873220813975
WDI:DT.ODA.ODAT.GI.ZS:IDX,2002-12-31,32.212897137419624
WDI:DT.ODA.ODAT.GI.ZS:IDX,2003-12-31,36.27105130536608
WDI:DT.ODA.ODAT.GI.ZS:IDX,2004-12-31,33.057012410700764
WDI:DT.ODA.ODAT.GI.ZS:IDX,2005-12-31,28.68767173183216
WDI:DT.ODA.ODAT.GI.ZS:IDX,2006-12-31,27.519304246828046
WDI:DT.ODA.ODAT.GI.ZS:IDX,2007-12-31,27.488360345212094
WDI:DT.ODA.ODAT.GI.ZS:IDX,2008-12-31,24.89265861206067
WDI:DT.ODA.ODAT.GI.ZS:IDX,2009-12-31,28.360460426539564
WDI:DT.ODA.ODAT.GI.ZS:IDX,2010-12-31,26.29796913012969
WDI:DT.ODA.ODAT.GI.ZS:IDX,2011-12-31,23.68772514426027
WDI:DT.ODA.ODAT.GI.ZS:IDX,2012-12-31,22.340043203402523
WDI:DT.ODA.ODAT.GI.ZS:IDX,2013-12-31,21.117703232030465
WDI:DT.ODA.ODAT.GI.ZS:IDX,2014-12-31,18.186381402382544
WDI:DT.ODA.ODAT.GI.ZS:IDX,2015-12-31,18.478457228017568
WDI:DT.ODA.ODAT.GI.ZS:IDX,2016-12-31,17.932149392013795
WDI:DT.ODA.ODAT.GI.ZS:IDX,2017-12-31,18.35610166311736
WDI:DT.ODA.ODAT.GI.ZS:IDX,2018-12-31,17.894878122348896
WDI:DT.ODA.ODAT.GI.ZS:IDX,2019-12-31,17.045228870040212
WDI:DT.ODA.ODAT.GI.ZS:IDX,2020-12-31,21.697191399994768
WDI:DT.ODA.ODAT.GI.ZS:IDX,2021-12-31,17.793832504378507
WDI:DT.ODA.ODAT.GI.ZS:IND,1960-12-31,10.988482073548884
WDI:DT.ODA.ODAT.GI.ZS:IND,1961-12-31,8.159180799853637
WDI:DT.ODA.ODAT.GI.ZS:IND,1962-12-31,8.871269917702431
WDI:DT.ODA.ODAT.GI.ZS:IND,1963-12-31,10.626697621885192
WDI:DT.ODA.ODAT.GI.ZS:IND,1964-12-31,11.024065957901536
WDI:DT.ODA.ODAT.GI.ZS:IND,1965-12-31,10.750670654201496
WDI:DT.ODA.ODAT.GI.ZS:IND,1966-12-31,14.93461444748006
WDI:DT.ODA.ODAT.GI.ZS:IND,1967-12-31,15.14929567473434
WDI:DT.ODA.ODAT.GI.ZS:IND,1968-12-31,9.814775785360602
WDI:DT.ODA.ODAT.GI.ZS:IND,1969-12-31,8.780167323943727
WDI:DT.ODA.ODAT.GI.ZS:IND,1970-12-31,7.254201558338302
WDI:DT.ODA.ODAT.GI.ZS:IND,1971-12-31,7.7501731532651315
WDI:DT.ODA.ODAT.GI.ZS:IND,1972-12-31,4.394344946412459
WDI:DT.ODA.ODAT.GI.ZS:IND,1973-12-31,4.86923419296326
WDI:DT.ODA.ODAT.GI.ZS:IND,1974-12-31,5.491644288620148
WDI:DT.ODA.ODAT.GI.ZS:IND,1975-12-31,8.340028893933107
WDI:DT.ODA.ODAT.GI.ZS:IND,1976-12-31,8.746320757117177
WDI:DT.ODA.ODAT.GI.ZS:IND,1977-12-31,3.8582661475223023
WDI:DT.ODA.ODAT.GI.ZS:IND,1978-12-31,3.6371424290758814
WDI:DT.ODA.ODAT.GI.ZS:IND,1979-12-31,3.7761650018747095
WDI:DT.ODA.ODAT.GI.ZS:IND,1980-12-31,5.999358758879858
WDI:DT.ODA.ODAT.GI.ZS:IND,1981-12-31,3.9882797744574803
WDI:DT.ODA.ODAT.GI.ZS:IND,1982-12-31,3.2424312687079673
WDI:DT.ODA.ODAT.GI.ZS:IND,1983-12-31,3.9861788723427987
WDI:DT.ODA.ODAT.GI.ZS:IND,1984-12-31,3.3713569570831217
WDI:DT.ODA.ODAT.GI.ZS:IND,1985-12-31,2.580915995051417
WDI:DT.ODA.ODAT.GI.ZS:IND,1986-12-31,3.066167855552403
WDI:DT.ODA.ODAT.GI.ZS:IND,1987-12-31,2.3526646020154875
WDI:DT.ODA.ODAT.GI.ZS:IND,1988-12-31,2.498538206143388
WDI:DT.ODA.ODAT.GI.ZS:IND,1989-12-31,2.220964235425574
WDI:DT.ODA.ODAT.GI.ZS:IND,1990-12-31,1.5898620595223556
WDI:DT.ODA.ODAT.GI.ZS:IND,1991-12-31,4.025455996547532
WDI:DT.ODA.ODAT.GI.ZS:IND,1992-12-31,3.066502477325883
WDI:DT.ODA.ODAT.GI.ZS:IND,1993-12-31,2.31108546363745
WDI:DT.ODA.ODAT.GI.ZS:IND,1994-12-31,2.697030476230973
WDI:DT.ODA.ODAT.GI.ZS:IND,1995-12-31,1.6498334824579737
WDI:DT.ODA.ODAT.GI.ZS:IND,1996-12-31,2.1294392704528575
WDI:DT.ODA.ODAT.GI.ZS:IND,1997-12-31,1.5407438319781213
WDI:DT.ODA.ODAT.GI.ZS:IND,1998-12-31,1.528924424272416
WDI:DT.ODA.ODAT.GI.ZS:IND,1999-12-31,1.0495182205838405
WDI:DT.ODA.ODAT.GI.ZS:IND,2000-12-31,1.1502510815287281
WDI:DT.ODA.ODAT.GI.ZS:IND,2001-12-31,1.1913140120738661
WDI:DT.ODA.ODAT.GI.ZS:IND,2002-12-31,1.1158396732214932
WDI:DT.ODA.ODAT.GI.ZS:IND,2003-12-31,0.3846565953568187
WDI:DT.ODA.ODAT.GI.ZS:IND,2004-12-31,0.31271666940788156
WDI:DT.ODA.ODAT.GI.ZS:IND,2005-12-31,0.6109525390895999
WDI:DT.ODA.ODAT.GI.ZS:IND,2006-12-31,0.37731777684227674
WDI:DT.ODA.ODAT.GI.ZS:IND,2007-12-31,0.26040903376004226
WDI:DT.ODA.ODAT.GI.ZS:IND,2008-12-31,0.43668911248076037
WDI:DT.ODA.ODAT.GI.ZS:IND,2009-12-31,0.4663427170136709
WDI:DT.ODA.ODAT.GI.ZS:IND,2010-12-31,0.38416775564009115
WDI:DT.ODA.ODAT.GI.ZS:IND,2011-12-31,0.4530931503881323
WDI:DT.ODA.ODAT.GI.ZS:IND,2012-12-31,0.23997197970907422
WDI:DT.ODA.ODAT.GI.ZS:IND,2013-12-31,0.38883665723205596
WDI:DT.ODA.ODAT.GI.ZS:IND,2014-12-31,0.42815911011881597
WDI:DT.ODA.ODAT.GI.ZS:IND,2015-12-31,0.46985354491417325
WDI:DT.ODA.ODAT.GI.ZS:IND,2016-12-31,0.3869204332147267
WDI:DT.ODA.ODAT.GI.ZS:IND,2017-12-31,0.38931177419384516
WDI:DT.ODA.ODAT.GI.ZS:IND,2018-12-31,0.28162340278700276
WDI:DT.ODA.ODAT.GI.ZS:IND,2019-12-31,0.29896529152624224
WDI:DT.ODA.ODAT.GI.ZS:IND,2020-12-31,0.23211626495909884
WDI:DT.ODA.ODAT.GI.ZS:IND,2021-12-31,0.3083753420734815
WDI:DT.ODA.ODAT.GI.ZS:IND,2022-12-31,0.25050889699499473
WDI:DT.ODA.ODAT.GI.ZS:IND,2023-12-31,0.196739080882974
WDI:DT.ODA.ODAT.GI.ZS:IRN,1960-12-31,2.5689363140931194
WDI:DT.ODA.ODAT.GI.ZS:IRN,1961-12-31,11.643507672880476
WDI:DT.ODA.ODAT.GI.ZS:IRN,1962-12-31,4.919798184839583
WDI:DT.ODA.ODAT.GI.ZS:IRN,1963-12-31,2.8838995622623127
WDI:DT.ODA.ODAT.GI.ZS:IRN,1964-12-31,0.29825263548781905
WDI:DT.ODA.ODAT.GI.ZS:IRN,1965-12-31,1.0849695088764335
WDI:DT.ODA.ODAT.GI.ZS:IRN,1966-12-31,0.48807330833229395
WDI:DT.ODA.ODAT.GI.ZS:IRN,1967-12-31,1.2453923363903918
WDI:DT.ODA.ODAT.GI.ZS:IRN,1968-12-31,0.2347248915624685
WDI:DT.ODA.ODAT.GI.ZS:IRN,1969-12-31,0.43554983321260576
WDI:DT.ODA.ODAT.GI.ZS:IRN,1970-12-31,0.4696939644807846
WDI:DT.ODA.ODAT.GI.ZS:IRN,1971-12-31,0.15796844039578853
WDI:DT.ODA.ODAT.GI.ZS:IRN,1972-12-31,0.1290790727494104
WDI:DT.ODA.ODAT.GI.ZS:IRN,1973-12-31,-0.03937513456534356
WDI:DT.ODA.ODAT.GI.ZS:IRN,1974-12-31,0.0633266666902225
WDI:DT.ODA.ODAT.GI.ZS:IRN,1975-12-31,0.007091918702714097
WDI:DT.ODA.ODAT.GI.ZS:IRN,1976-12-31,-0.016682952535778735
WDI:DT.ODA.ODAT.GI.ZS:IRN,1977-12-31,0.09911937325890567
WDI:DT.ODA.ODAT.GI.ZS:IRN,1978-12-31,0.7964838989648266
WDI:DT.ODA.ODAT.GI.ZS:IRN,1979-12-31,0.025834586858951535
WDI:DT.ODA.ODAT.GI.ZS:IRN,1980-12-31,0.062347227987527454
WDI:DT.ODA.ODAT.GI.ZS:IRN,1981-12-31,0.012017104853787262
WDI:DT.ODA.ODAT.GI.ZS:IRN,1982-12-31,-0.0018682998524660731
WDI:DT.ODA.ODAT.GI.ZS:IRN,1983-12-31,0.07532942742995946
WDI:DT.ODA.ODAT.GI.ZS:IRN,1984-12-31,0.014545514569987053
WDI:DT.ODA.ODAT.GI.ZS:IRN,1985-12-31,0.02613195407168705
WDI:DT.ODA.ODAT.GI.ZS:IRN,1986-12-31,0.05664591195489437
WDI:DT.ODA.ODAT.GI.ZS:IRN,1987-12-31,0.26323412775748095
WDI:DT.ODA.ODAT.GI.ZS:IRN,1988-12-31,0.3857306751498437
WDI:DT.ODA.ODAT.GI.ZS:IRN,1989-12-31,0.32871323318393725
WDI:DT.ODA.ODAT.GI.ZS:IRN,1990-12-31,0.25827573708812984
WDI:DT.ODA.ODAT.GI.ZS:IRN,1991-12-31,0.34835778941361306
WDI:DT.ODA.ODAT.GI.ZS:IRN,1992-12-31,0.20913191690598468
WDI:DT.ODA.ODAT.GI.ZS:IRN,1993-12-31,0.7250558049589388
WDI:DT.ODA.ODAT.GI.ZS:IRN,1994-12-31,0.7770460437036095
WDI:DT.ODA.ODAT.GI.ZS:IRN,1995-12-31,0.6424168087961954
WDI:DT.ODA.ODAT.GI.ZS:IRN,1996-12-31,0.3615707822910025
WDI:DT.ODA.ODAT.GI.ZS:IRN,1997-12-31,0.4958330783834658
WDI:DT.ODA.ODAT.GI.ZS:IRN,1998-12-31,0.4407326231529166
WDI:DT.ODA.ODAT.GI.ZS:IRN,1999-12-31,0.43590083136359375
WDI:DT.ODA.ODAT.GI.ZS:IRN,2000-12-31,0.3376116404410358
WDI:DT.ODA.ODAT.GI.ZS:IRN,2001-12-31,0.2561369144934917
WDI:DT.ODA.ODAT.GI.ZS:IRN,2002-12-31,0.22800388563091242
WDI:DT.ODA.ODAT.GI.ZS:IRN,2003-12-31,0.20487854985326465
WDI:DT.ODA.ODAT.GI.ZS:IRN,2004-12-31,0.2184307850610392
WDI:DT.ODA.ODAT.GI.ZS:IRN,2005-12-31,0.11557028234588289
WDI:DT.ODA.ODAT.GI.ZS:IRN,2006-12-31,0.11420963330359504
WDI:DT.ODA.ODAT.GI.ZS:IRN,2007-12-31,0.07468297669728363
WDI:DT.ODA.ODAT.GI.ZS:IRN,2008-12-31,0.05924968414432097
WDI:DT.ODA.ODAT.GI.ZS:IRN,2009-12-31,0.05466590470925589
WDI:DT.ODA.ODAT.GI.ZS:IRN,2010-12-31,0.05649491734669258
WDI:DT.ODA.ODAT.GI.ZS:IRN,2011-12-31,0.04668946455967919
WDI:DT.ODA.ODAT.GI.ZS:IRN,2012-12-31,0.06483747834942986
WDI:DT.ODA.ODAT.GI.ZS:IRN,2013-12-31,0.0752585606507796
WDI:DT.ODA.ODAT.GI.ZS:IRN,2014-12-31,0.04753358598524774
WDI:DT.ODA.ODAT.GI.ZS:IRN,2015-12-31,0.08474268471038447
WDI:DT.ODA.ODAT.GI.ZS:IRN,2016-12-31,0.07165605298677354
WDI:DT.ODA.ODAT.GI.ZS:IRN,2017-12-31,0.07779292037483822
WDI:DT.ODA.ODAT.GI.ZS:IRN,2018-12-31,0.11161581411171285
WDI:DT.ODA.ODAT.GI.ZS:IRN,2019-12-31,0.14694663212508208
WDI:DT.ODA.ODAT.GI.ZS:IRN,2020-12-31,0.1756815085485592
WDI:DT.ODA.ODAT.GI.ZS:IRN,2021-12-31,0.18037872568132063
WDI:DT.ODA.ODAT.GI.ZS:IRN,2022-12-31,0.16899873059978016
WDI:DT.ODA.ODAT.GI.ZS:IRN,2023-12-31,0.12021231461563
WDI:DT.ODA.ODAT.GI.ZS:IRQ,1970-12-31,1.419414561076512
WDI:DT.ODA.ODAT.GI.ZS:IRQ,1971-12-31,2.7618243628267867
WDI:DT.ODA.ODAT.GI.ZS:IRQ,1972-12-31,2.766249065210743
WDI:DT.ODA.ODAT.GI.ZS:IRQ,1973-12-31,1.1224770291929789
WDI:DT.ODA.ODAT.GI.ZS:IRQ,1974-12-31,0.13163863480160204
WDI:DT.ODA.ODAT.GI.ZS:IRQ,1975-12-31,2.2950443463447834
WDI:DT.ODA.ODAT.GI.ZS:IRQ,1976-12-31,0.46151280119362276
WDI:DT.ODA.ODAT.GI.ZS:IRQ,1977-12-31,1.6159044034065637
WDI:DT.ODA.ODAT.GI.ZS:IRQ,1978-12-31,1.4996273330097243
WDI:DT.ODA.ODAT.GI.ZS:IRQ,1979-12-31,0.2602992096428963
WDI:DT.ODA.ODAT.GI.ZS:IRQ,1980-12-31,0.07672050388957391
WDI:DT.ODA.ODAT.GI.ZS:IRQ,1981-12-31,1.1226767977000098
WDI:DT.ODA.ODAT.GI.ZS:IRQ,1982-12-31,0.014735213438999795
WDI:DT.ODA.ODAT.GI.ZS:IRQ,1983-12-31,0.10751173529826416
WDI:DT.ODA.ODAT.GI.ZS:IRQ,1984-12-31,-0.022731649726419598
WDI:DT.ODA.ODAT.GI.ZS:IRQ,1985-12-31,0.1683403340540412
WDI:DT.ODA.ODAT.GI.ZS:IRQ,1986-12-31,0.30564446581111127
WDI:DT.ODA.ODAT.GI.ZS:IRQ,1987-12-31,0.7576081780912075
WDI:DT.ODA.ODAT.GI.ZS:IRQ,1988-12-31,0.04709814646004254
WDI:DT.ODA.ODAT.GI.ZS:IRQ,1989-12-31,-0.4408294040454366
WDI:DT.ODA.ODAT.GI.ZS:IRQ,1990-12-31,0.07890449774598676
WDI:DT.ODA.ODAT.GI.ZS:IRQ,1991-12-31,-1051.8520422619129
WDI:DT.ODA.ODAT.GI.ZS:IRQ,1992-12-31,78.45797893354658
WDI:DT.ODA.ODAT.GI.ZS:IRQ,1993-12-31,27.54889211503301
WDI:DT.ODA.ODAT.GI.ZS:IRQ,1994-12-31,10.918019521664183
WDI:DT.ODA.ODAT.GI.ZS:IRQ,1995-12-31,5.016690383895348
WDI:DT.ODA.ODAT.GI.ZS:IRQ,1996-12-31,5.778161438654029
WDI:DT.ODA.ODAT.GI.ZS:IRQ,1997-12-31,25.425271666226894
WDI:DT.ODA.ODAT.GI.ZS:IRQ,1998-12-31,7.726685131680242
WDI:DT.ODA.ODAT.GI.ZS:IRQ,1999-12-31,0.542313959548708
WDI:DT.ODA.ODAT.GI.ZS:IRQ,2000-12-31,0.7223576010275577
WDI:DT.ODA.ODAT.GI.ZS:IRQ,2001-12-31,0.781099118148412
WDI:DT.ODA.ODAT.GI.ZS:IRQ,2002-12-31,1.8890909158518094
WDI:DT.ODA.ODAT.GI.ZS:IRQ,2003-12-31,97.97818705240962
WDI:DT.ODA.ODAT.GI.ZS:IRQ,2004-12-31,75.04339587249504
WDI:DT.ODA.ODAT.GI.ZS:IRQ,2005-12-31,198.85482613180378
WDI:DT.ODA.ODAT.GI.ZS:IRQ,2006-12-31,72.12864556420064
WDI:DT.ODA.ODAT.GI.ZS:IRQ,2007-12-31,110.91024820824609
WDI:DT.ODA.ODAT.GI.ZS:IRQ,2008-12-31,49.461052670739306
WDI:DT.ODA.ODAT.GI.ZS:IRQ,2009-12-31,22.128815526191882
WDI:DT.ODA.ODAT.GI.ZS:IRQ,2010-12-31,9.629089731756201
WDI:DT.ODA.ODAT.GI.ZS:IRQ,2011-12-31,6.150484284609894
WDI:DT.ODA.ODAT.GI.ZS:IRQ,2012-12-31,4.437907286739081
WDI:DT.ODA.ODAT.GI.ZS:IRQ,2013-12-31,3.2415382994148527
WDI:DT.ODA.ODAT.GI.ZS:IRQ,2014-12-31,3.290864185346002
WDI:DT.ODA.ODAT.GI.ZS:IRQ,2015-12-31,4.367423582075746
WDI:DT.ODA.ODAT.GI.ZS:IRQ,2016-12-31,7.675161218025569
WDI:DT.ODA.ODAT.GI.ZS:IRQ,2017-12-31,8.699136501854527
WDI:DT.ODA.ODAT.GI.ZS:IRQ,2018-12-31,5.753875052016431
WDI:DT.ODA.ODAT.GI.ZS:IRQ,2019-12-31,3.9367258438355366
WDI:DT.ODA.ODAT.GI.ZS:IRQ,2020-12-31,5.83902080234266
WDI:DT.ODA.ODAT.GI.ZS:IRQ,2021-12-31,4.026420592684166
WDI:DT.ODA.ODAT.GI.ZS:IRQ,2022-12-31,2.2481624182803044
WDI:DT.ODA.ODAT.GI.ZS:IRQ,2023-12-31,3.67967633424547
WDI:DT.ODA.ODAT.GI.ZS:ISR,1970-12-31,2.617127065500501
WDI:DT.ODA.ODAT.GI.ZS:ISR,1971-12-31,2.874427909281716
WDI:DT.ODA.ODAT.GI.ZS:ISR,1972-12-31,2.5928626498582235
WDI:DT.ODA.ODAT.GI.ZS:ISR,1973-12-31,4.262084611366164
WDI:DT.ODA.ODAT.GI.ZS:ISR,1974-12-31,1.972986515736426
WDI:DT.ODA.ODAT.GI.ZS:ISR,1975-12-31,8.332977022929198
WDI:DT.ODA.ODAT.GI.ZS:ISR,1976-12-31,13.820408740181932
WDI:DT.ODA.ODAT.GI.ZS:ISR,1977-12-31,16.336816726368838
WDI:DT.ODA.ODAT.GI.ZS:ISR,1978-12-31,17.36026073719938
WDI:DT.ODA.ODAT.GI.ZS:ISR,1979-12-31,17.34930662689561
WDI:DT.ODA.ODAT.GI.ZS:ISR,1980-12-31,13.340416521643968
WDI:DT.ODA.ODAT.GI.ZS:ISR,1981-12-31,11.576705442727846
WDI:DT.ODA.ODAT.GI.ZS:ISR,1982-12-31,10.836735871080338
WDI:DT.ODA.ODAT.GI.ZS:ISR,1983-12-31,14.95022219323765
WDI:DT.ODA.ODAT.GI.ZS:ISR,1984-12-31,15.928341053325992
WDI:DT.ODA.ODAT.GI.ZS:ISR,1985-12-31,31.348759426213945
WDI:DT.ODA.ODAT.GI.ZS:ISR,1986-12-31,25.222878980072842
WDI:DT.ODA.ODAT.GI.ZS:ISR,1987-12-31,13.306473159407862
WDI:DT.ODA.ODAT.GI.ZS:ISR,1988-12-31,11.36544977558439
WDI:DT.ODA.ODAT.GI.ZS:ISR,1989-12-31,11.346190007031868
WDI:DT.ODA.ODAT.GI.ZS:ISR,1990-12-31,9.87221903531302
WDI:DT.ODA.ODAT.GI.ZS:ISR,1991-12-31,8.491211953333314
WDI:DT.ODA.ODAT.GI.ZS:ISR,1992-12-31,9.040378199855272
WDI:DT.ODA.ODAT.GI.ZS:ISR,1993-12-31,5.379792092819222
WDI:DT.ODA.ODAT.GI.ZS:ISR,1994-12-31,4.737784742236727
WDI:DT.ODA.ODAT.GI.ZS:ISR,1995-12-31,1.1004744152030181
WDI:DT.ODA.ODAT.GI.ZS:ISR,1996-12-31,6.588233717368584
WDI:DT.ODA.ODAT.GI.ZS:JOR,1976-12-31,98.39330902405726
WDI:DT.ODA.ODAT.GI.ZS:JOR,1977-12-31,52.251438287153654
WDI:DT.ODA.ODAT.GI.ZS:JOR,1978-12-31,54.84522690115122
WDI:DT.ODA.ODAT.GI.ZS:JOR,1979-12-31,141.61781907123517
WDI:DT.ODA.ODAT.GI.ZS:JOR,1980-12-31,108.44538838445987
WDI:DT.ODA.ODAT.GI.ZS:JOR,1981-12-31,61.89374766693414
WDI:DT.ODA.ODAT.GI.ZS:JOR,1982-12-31,48.96324031960664
WDI:DT.ODA.ODAT.GI.ZS:JOR,1983-12-31,52.58243187945686
WDI:DT.ODA.ODAT.GI.ZS:JOR,1984-12-31,47.207347123282325
WDI:DT.ODA.ODAT.GI.ZS:JOR,1985-12-31,57.77370709952285
WDI:DT.ODA.ODAT.GI.ZS:JOR,1986-12-31,49.84259107541306
WDI:DT.ODA.ODAT.GI.ZS:JOR,1987-12-31,42.42977614984222
WDI:DT.ODA.ODAT.GI.ZS:JOR,1988-12-31,33.43534569363445
WDI:DT.ODA.ODAT.GI.ZS:JOR,1989-12-31,34.5061638433972
WDI:DT.ODA.ODAT.GI.ZS:JOR,1990-12-31,74.28297590211724
WDI:DT.ODA.ODAT.GI.ZS:JOR,1991-12-31,86.60043883516988
WDI:DT.ODA.ODAT.GI.ZS:JOR,1992-12-31,23.916792967512947
WDI:DT.ODA.ODAT.GI.ZS:JOR,1993-12-31,15.136758666200741
WDI:DT.ODA.ODAT.GI.ZS:JOR,1994-12-31,17.997591324020785
WDI:DT.ODA.ODAT.GI.ZS:JOR,1995-12-31,24.372682302558566
WDI:DT.ODA.ODAT.GI.ZS:JOR,1996-12-31,24.073543522377502
WDI:DT.ODA.ODAT.GI.ZS:JOR,1997-12-31,25.50889887314084
WDI:DT.ODA.ODAT.GI.ZS:JOR,1998-12-31,23.97560922709944
WDI:DT.ODA.ODAT.GI.ZS:JOR,1999-12-31,24.75776883559712
WDI:DT.ODA.ODAT.GI.ZS:JOR,2000-12-31,29.291253850483866
WDI:DT.ODA.ODAT.GI.ZS:JOR,2001-12-31,23.82552262540447
WDI:DT.ODA.ODAT.GI.ZS:JOR,2002-12-31,29.22180474854858
WDI:DT.ODA.ODAT.GI.ZS:JOR,2003-12-31,62.18000378081686
WDI:DT.ODA.ODAT.GI.ZS:JOR,2004-12-31,19.34823394075674
WDI:DT.ODA.ODAT.GI.ZS:JOR,2005-12-31,16.51247195414646
WDI:DT.ODA.ODAT.GI.ZS:JOR,2006-12-31,13.441565915015245
WDI:DT.ODA.ODAT.GI.ZS:JOR,2007-12-31,12.193625666405044
WDI:DT.ODA.ODAT.GI.ZS:JOR,2008-12-31,8.986735720717276
WDI:DT.ODA.ODAT.GI.ZS:JOR,2009-12-31,9.273196234024267
WDI:DT.ODA.ODAT.GI.ZS:JOR,2010-12-31,9.271758210358795
WDI:DT.ODA.ODAT.GI.ZS:JOR,2011-12-31,10.392310331532332
WDI:DT.ODA.ODAT.GI.ZS:JOR,2012-12-31,11.790838544235363
WDI:DT.ODA.ODAT.GI.ZS:JOR,2013-12-31,15.279498318217453
WDI:DT.ODA.ODAT.GI.ZS:JOR,2014-12-31,28.361753816288278
WDI:DT.ODA.ODAT.GI.ZS:JOR,2015-12-31,22.34191869413907
WDI:DT.ODA.ODAT.GI.ZS:JOR,2016-12-31,29.21796951604691
WDI:DT.ODA.ODAT.GI.ZS:JOR,2017-12-31,28.972332935860894
WDI:DT.ODA.ODAT.GI.ZS:JOR,2018-12-31,23.90740464001266
WDI:DT.ODA.ODAT.GI.ZS:JOR,2019-12-31,28.240793271562364
WDI:DT.ODA.ODAT.GI.ZS:JOR,2020-12-31,33.228966870799226
WDI:DT.ODA.ODAT.GI.ZS:JOR,2021-12-31,29.473499768249305
WDI:DT.ODA.ODAT.GI.ZS:KAZ,1992-12-31,0.15373368032355034
WDI:DT.ODA.ODAT.GI.ZS:KAZ,1993-12-31,0.3274510434397363
WDI:DT.ODA.ODAT.GI.ZS:KAZ,1994-12-31,0.8595302634585953
WDI:DT.ODA.ODAT.GI.ZS:KAZ,1995-12-31,1.2388614810140908
WDI:DT.ODA.ODAT.GI.ZS:KAZ,1996-12-31,3.4887120742942574
WDI:DT.ODA.ODAT.GI.ZS:KAZ,1997-12-31,3.5934693769487756
WDI:DT.ODA.ODAT.GI.ZS:KAZ,1998-12-31,6.017479772802175
WDI:DT.ODA.ODAT.GI.ZS:KAZ,1999-12-31,5.612233353798849
WDI:DT.ODA.ODAT.GI.ZS:KAZ,2000-12-31,5.570837487910714
WDI:DT.ODA.ODAT.GI.ZS:KAZ,2001-12-31,2.512587275017589
WDI:DT.ODA.ODAT.GI.ZS:KAZ,2002-12-31,2.8157110105590166
WDI:DT.ODA.ODAT.GI.ZS:KAZ,2003-12-31,3.653568972163722
WDI:DT.ODA.ODAT.GI.ZS:KAZ,2004-12-31,2.3993067200020373
WDI:DT.ODA.ODAT.GI.ZS:KAZ,2005-12-31,1.2729663744330937
WDI:DT.ODA.ODAT.GI.ZS:KAZ,2006-12-31,0.6508365484697698
WDI:DT.ODA.ODAT.GI.ZS:KAZ,2007-12-31,0.7013426646059552
WDI:DT.ODA.ODAT.GI.ZS:KAZ,2008-12-31,0.9199841312064836
WDI:DT.ODA.ODAT.GI.ZS:KAZ,2009-12-31,0.8694035608961234
WDI:DT.ODA.ODAT.GI.ZS:KAZ,2010-12-31,0.5279401363919497
WDI:DT.ODA.ODAT.GI.ZS:KAZ,2011-12-31,0.4537948250274793
WDI:DT.ODA.ODAT.GI.ZS:KAZ,2012-12-31,0.25126414473387265
WDI:DT.ODA.ODAT.GI.ZS:KAZ,2013-12-31,0.15609828467623016
WDI:DT.ODA.ODAT.GI.ZS:KAZ,2014-12-31,0.16250292262427496
WDI:DT.ODA.ODAT.GI.ZS:KAZ,2015-12-31,0.15876785361225013
WDI:DT.ODA.ODAT.GI.ZS:KAZ,2016-12-31,0.16434735905439388
WDI:DT.ODA.ODAT.GI.ZS:KAZ,2017-12-31,0.13532878770521095
WDI:DT.ODA.ODAT.GI.ZS:KAZ,2018-12-31,0.1765754140180373
WDI:DT.ODA.ODAT.GI.ZS:KAZ,2019-12-31,0.10882590402622314
WDI:DT.ODA.ODAT.GI.ZS:KAZ,2020-12-31,0.1523763098898333
WDI:DT.ODA.ODAT.GI.ZS:KAZ,2021-12-31,0.11190795420492355
WDI:DT.ODA.ODAT.GI.ZS:KAZ,2022-12-31,0.1326069486502506
WDI:DT.ODA.ODAT.GI.ZS:KAZ,2023-12-31,0.107264153319691
WDI:DT.ODA.ODAT.GI.ZS:KEN,1964-12-31,43.46261165213573
WDI:DT.ODA.ODAT.GI.ZS:KEN,1965-12-31,50.21583060094724
WDI:DT.ODA.ODAT.GI.ZS:KEN,1966-12-31,25.567562759049483
WDI:DT.ODA.ODAT.GI.ZS:KEN,1967-12-31,14.764323426830895
WDI:DT.ODA.ODAT.GI.ZS:KEN,1968-12-31,22.37580103511438
WDI:DT.ODA.ODAT.GI.ZS:KEN,1969-12-31,19.75436206190413
WDI:DT.ODA.ODAT.GI.ZS:KEN,1970-12-31,14.660475631696393
WDI:DT.ODA.ODAT.GI.ZS:KEN,1971-12-31,15.717583281792646
WDI:DT.ODA.ODAT.GI.ZS:KEN,1972-12-31,15.280004880913792
WDI:DT.ODA.ODAT.GI.ZS:KEN,1973-12-31,14.664826366369718
WDI:DT.ODA.ODAT.GI.ZS:KEN,1974-12-31,15.240576739246853
WDI:DT.ODA.ODAT.GI.ZS:KEN,1975-12-31,21.11150047626506
WDI:DT.ODA.ODAT.GI.ZS:KEN,1976-12-31,21.979149893983458
WDI:DT.ODA.ODAT.GI.ZS:KEN,1977-12-31,15.077621083327086
WDI:DT.ODA.ODAT.GI.ZS:KEN,1978-12-31,15.545477918012155
WDI:DT.ODA.ODAT.GI.ZS:KEN,1979-12-31,30.813777834527773
WDI:DT.ODA.ODAT.GI.ZS:KEN,1980-12-31,22.172722029813645
WDI:DT.ODA.ODAT.GI.ZS:KEN,1981-12-31,28.533681727504927
WDI:DT.ODA.ODAT.GI.ZS:KEN,1982-12-31,34.46762480636367
WDI:DT.ODA.ODAT.GI.ZS:KEN,1983-12-31,31.658844849670587
WDI:DT.ODA.ODAT.GI.ZS:KEN,1984-12-31,33.29807023961488
WDI:DT.ODA.ODAT.GI.ZS:KEN,1985-12-31,27.461136855869654
WDI:DT.ODA.ODAT.GI.ZS:KEN,1986-12-31,28.10988454541945
WDI:DT.ODA.ODAT.GI.ZS:KEN,1987-12-31,28.78102630559941
WDI:DT.ODA.ODAT.GI.ZS:KEN,1988-12-31,39.129232295622764
WDI:DT.ODA.ODAT.GI.ZS:KEN,1989-12-31,51.4578730142487
WDI:DT.ODA.ODAT.GI.ZS:KEN,1990-12-31,57.02767853584449
WDI:DT.ODA.ODAT.GI.ZS:KEN,1991-12-31,53.61267740607819
WDI:DT.ODA.ODAT.GI.ZS:KEN,1992-12-31,63.70711210746144
WDI:DT.ODA.ODAT.GI.ZS:KEN,1993-12-31,90.39557316716083
WDI:DT.ODA.ODAT.GI.ZS:KEN,1994-12-31,49.15272583384734
WDI:DT.ODA.ODAT.GI.ZS:KEN,1995-12-31,37.13944089453576
WDI:DT.ODA.ODAT.GI.ZS:KEN,1996-12-31,32.99102082341888
WDI:DT.ODA.ODAT.GI.ZS:KEN,1997-12-31,22.59238685968353
WDI:DT.ODA.ODAT.GI.ZS:KEN,1998-12-31,17.650673793804753
WDI:DT.ODA.ODAT.GI.ZS:KEN,1999-12-31,15.549749606735167
WDI:DT.ODA.ODAT.GI.ZS:KEN,2000-12-31,23.22802016951498
WDI:DT.ODA.ODAT.GI.ZS:KEN,2001-12-31,19.36014812939
WDI:DT.ODA.ODAT.GI.ZS:KEN,2002-12-31,19.505099894641525
WDI:DT.ODA.ODAT.GI.ZS:KEN,2003-12-31,21.285447454380424
WDI:DT.ODA.ODAT.GI.ZS:KEN,2004-12-31,24.02539268548079
WDI:DT.ODA.ODAT.GI.ZS:KEN,2005-12-31,22.876613742903412
WDI:DT.ODA.ODAT.GI.ZS:KEN,2006-12-31,19.56790311456572
WDI:DT.ODA.ODAT.GI.ZS:KEN,2007-12-31,20.33381326841381
WDI:DT.ODA.ODAT.GI.ZS:KEN,2008-12-31,19.366450975903835
WDI:DT.ODA.ODAT.GI.ZS:KEN,2009-12-31,22.13132510267233
WDI:DT.ODA.ODAT.GI.ZS:KEN,2010-12-31,15.428921963629472
WDI:DT.ODA.ODAT.GI.ZS:KEN,2011-12-31,24.16528728718227
WDI:DT.ODA.ODAT.GI.ZS:KEN,2012-12-31,21.201583582479287
WDI:DT.ODA.ODAT.GI.ZS:KEN,2013-12-31,23.932323684036486
WDI:DT.ODA.ODAT.GI.ZS:KEN,2014-12-31,15.618389567024094
WDI:DT.ODA.ODAT.GI.ZS:KEN,2015-12-31,15.89495025256695
WDI:DT.ODA.ODAT.GI.ZS:KEN,2016-12-31,15.117794916413018
WDI:DT.ODA.ODAT.GI.ZS:KEN,2017-12-31,14.631187764793427
WDI:DT.ODA.ODAT.GI.ZS:KEN,2018-12-31,13.94333751308547
WDI:DT.ODA.ODAT.GI.ZS:KEN,2019-12-31,16.343656998456098
WDI:DT.ODA.ODAT.GI.ZS:KEN,2020-12-31,20.17409214702059
WDI:DT.ODA.ODAT.GI.ZS:KEN,2021-12-31,14.209462372127845
WDI:DT.ODA.ODAT.GI.ZS:KEN,2022-12-31,12.103192930147982
WDI:DT.ODA.ODAT.GI.ZS:KEN,2023-12-31,14.5720569505116
WDI:DT.ODA.ODAT.GI.ZS:KGZ,1992-12-31,4.569493172358249
WDI:DT.ODA.ODAT.GI.ZS:KGZ,1993-12-31,40.19660722042333
WDI:DT.ODA.ODAT.GI.ZS:KGZ,1994-12-31,112.90389966195804
WDI:DT.ODA.ODAT.GI.ZS:KGZ,1995-12-31,80.3082770039351
WDI:DT.ODA.ODAT.GI.ZS:KGZ,1996-12-31,44.34970743381183
WDI:DT.ODA.ODAT.GI.ZS:KGZ,1997-12-31,48.96637577237683
WDI:DT.ODA.ODAT.GI.ZS:KGZ,1998-12-31,77.18451655577758
WDI:DT.ODA.ODAT.GI.ZS:KGZ,1999-12-31,90.41006456467777
WDI:DT.ODA.ODAT.GI.ZS:KGZ,2000-12-31,70.5463401506541
WDI:DT.ODA.ODAT.GI.ZS:KGZ,2001-12-31,47.14606629536688
WDI:DT.ODA.ODAT.GI.ZS:KGZ,2002-12-31,56.07368513245186
WDI:DT.ODA.ODAT.GI.ZS:KGZ,2003-12-31,76.77684791569571
WDI:DT.ODA.ODAT.GI.ZS:KGZ,2004-12-31,64.5140851895054
WDI:DT.ODA.ODAT.GI.ZS:KGZ,2005-12-31,58.888322225970846
WDI:DT.ODA.ODAT.GI.ZS:KGZ,2006-12-31,39.45458680595711
WDI:DT.ODA.ODAT.GI.ZS:KGZ,2007-12-31,25.12278684034421
WDI:DT.ODA.ODAT.GI.ZS:KGZ,2008-12-31,21.255953009538807
WDI:DT.ODA.ODAT.GI.ZS:KGZ,2009-12-31,21.846495573487797
WDI:DT.ODA.ODAT.GI.ZS:KGZ,2010-12-31,24.905392705118054
WDI:DT.ODA.ODAT.GI.ZS:KGZ,2011-12-31,27.734727583339513
WDI:DT.ODA.ODAT.GI.ZS:KGZ,2012-12-31,20.374374410060568
WDI:DT.ODA.ODAT.GI.ZS:KGZ,2013-12-31,21.695269265234366
WDI:DT.ODA.ODAT.GI.ZS:KGZ,2014-12-31,22.825706997576354
WDI:DT.ODA.ODAT.GI.ZS:KGZ,2015-12-31,33.4585293613593
WDI:DT.ODA.ODAT.GI.ZS:KGZ,2016-12-31,22.466085057698447
WDI:DT.ODA.ODAT.GI.ZS:KGZ,2017-12-31,18.346129872755945
WDI:DT.ODA.ODAT.GI.ZS:KGZ,2018-12-31,14.734350962257883
WDI:DT.ODA.ODAT.GI.ZS:KGZ,2019-12-31,13.769857903854826
WDI:DT.ODA.ODAT.GI.ZS:KGZ,2020-12-31,22.9494622964239
WDI:DT.ODA.ODAT.GI.ZS:KGZ,2021-12-31,18.51534865810592
WDI:DT.ODA.ODAT.GI.ZS:KGZ,2022-12-31,16.999289322740896
WDI:DT.ODA.ODAT.GI.ZS:KGZ,2023-12-31,8.42110845012065
WDI:DT.ODA.ODAT.GI.ZS:KHM,1960-12-31,21.225557682669525
WDI:DT.ODA.ODAT.GI.ZS:KHM,1961-12-31,22.023750066757163
WDI:DT.ODA.ODAT.GI.ZS:KHM,1962-12-31,18.466666539510083
WDI:DT.ODA.ODAT.GI.ZS:KHM,1963-12-31,18.472223453703787
WDI:DT.ODA.ODAT.GI.ZS:KHM,1964-12-31,10.34534814649071
WDI:DT.ODA.ODAT.GI.ZS:KHM,1965-12-31,8.306097170201744
WDI:DT.ODA.ODAT.GI.ZS:KHM,1966-12-31,7.048276046226776
WDI:DT.ODA.ODAT.GI.ZS:KHM,1967-12-31,9.75799970626831
WDI:DT.ODA.ODAT.GI.ZS:KHM,1968-12-31,6.755660457457583
WDI:DT.ODA.ODAT.GI.ZS:KHM,1969-12-31,9.327930894391264
WDI:DT.ODA.ODAT.GI.ZS:KHM,1970-12-31,20.916363915252738
WDI:DT.ODA.ODAT.GI.ZS:KHM,1993-12-31,97.84492214761111
WDI:DT.ODA.ODAT.GI.ZS:KHM,1994-12-31,89.11742679837268
WDI:DT.ODA.ODAT.GI.ZS:KHM,1995-12-31,100.95947868285297
WDI:DT.ODA.ODAT.GI.ZS:KHM,1996-12-31,74.48261556653402
WDI:DT.ODA.ODAT.GI.ZS:KHM,1997-12-31,62.7778900776018
WDI:DT.ODA.ODAT.GI.ZS:KHM,1998-12-31,83.49993570229091
WDI:DT.ODA.ODAT.GI.ZS:KHM,1999-12-31,42.066027288966254
WDI:DT.ODA.ODAT.GI.ZS:KHM,2000-12-31,45.97913751246697
WDI:DT.ODA.ODAT.GI.ZS:KHM,2001-12-31,43.81287045795
WDI:DT.ODA.ODAT.GI.ZS:KHM,2002-12-31,37.909174853120156
WDI:DT.ODA.ODAT.GI.ZS:KHM,2003-12-31,36.579123988798784
WDI:DT.ODA.ODAT.GI.ZS:KHM,2004-12-31,28.858512159132154
WDI:DT.ODA.ODAT.GI.ZS:KHM,2005-12-31,26.37527832544863
WDI:DT.ODA.ODAT.GI.ZS:KHM,2006-12-31,22.594009529250382
WDI:DT.ODA.ODAT.GI.ZS:KHM,2007-12-31,24.44918329715847
WDI:DT.ODA.ODAT.GI.ZS:KHM,2008-12-31,21.800445407448272
WDI:DT.ODA.ODAT.GI.ZS:KHM,2009-12-31,19.376396354066593
WDI:DT.ODA.ODAT.GI.ZS:KHM,2010-12-31,20.928697013186433
WDI:DT.ODA.ODAT.GI.ZS:KHM,2011-12-31,19.2952745160869
WDI:DT.ODA.ODAT.GI.ZS:KHM,2012-12-31,18.36486151295723
WDI:DT.ODA.ODAT.GI.ZS:KHM,2013-12-31,15.19579675932331
WDI:DT.ODA.ODAT.GI.ZS:KHM,2014-12-31,12.133828173537449
WDI:DT.ODA.ODAT.GI.ZS:KHM,2015-12-31,9.40337465884605
WDI:DT.ODA.ODAT.GI.ZS:KHM,2016-12-31,9.02750516504041
WDI:DT.ODA.ODAT.GI.ZS:KHM,2017-12-31,9.52182014911173
WDI:DT.ODA.ODAT.GI.ZS:KHM,2018-12-31,7.688750587035205
WDI:DT.ODA.ODAT.GI.ZS:KHM,2019-12-31,8.400739147821055
WDI:DT.ODA.ODAT.GI.ZS:KHM,2020-12-31,12.595796361578806
WDI:DT.ODA.ODAT.GI.ZS:KHM,2021-12-31,12.242927513368386
WDI:DT.ODA.ODAT.GI.ZS:KHM,2022-12-31,11.195157849863756
WDI:DT.ODA.ODAT.GI.ZS:KHM,2023-12-31,11.2182476643292
WDI:DT.ODA.ODAT.GI.ZS:KIR,2006-12-31,144.20864833404897
WDI:DT.ODA.ODAT.GI.ZS:KIR,2007-12-31,129.67506798394396
WDI:DT.ODA.ODAT.GI.ZS:KIR,2008-12-31,129.92535109097545
WDI:DT.ODA.ODAT.GI.ZS:KIR,2009-12-31,102.08898183973109
WDI:DT.ODA.ODAT.GI.ZS:KIR,2010-12-31,84.22297493511405
WDI:DT.ODA.ODAT.GI.ZS:KIR,2011-12-31,169.23727115101116
WDI:DT.ODA.ODAT.GI.ZS:KIR,2012-12-31,114.4119427867257
WDI:DT.ODA.ODAT.GI.ZS:KIR,2013-12-31,102.6710128923481
WDI:DT.ODA.ODAT.GI.ZS:KIR,2014-12-31,140.52213508966616
WDI:DT.ODA.ODAT.GI.ZS:KIR,2015-12-31,89.77771465508071
WDI:DT.ODA.ODAT.GI.ZS:KIR,2016-12-31,98.3381123495743
WDI:DT.ODA.ODAT.GI.ZS:KIR,2017-12-31,128.10864520230226
WDI:DT.ODA.ODAT.GI.ZS:KIR,2018-12-31,180.6698288736993
WDI:DT.ODA.ODAT.GI.ZS:KIR,2019-12-31,164.15353772352935
WDI:DT.ODA.ODAT.GI.ZS:KIR,2020-12-31,178.7854630312129
WDI:DT.ODA.ODAT.GI.ZS:KIR,2021-12-31,143.50953760070666
WDI:DT.ODA.ODAT.GI.ZS:KIR,2022-12-31,167.27145037031931
WDI:DT.ODA.ODAT.GI.ZS:KIR,2023-12-31,136.243194081736
WDI:DT.ODA.ODAT.GI.ZS:KOR,1960-12-31,59.49650065343178
WDI:DT.ODA.ODAT.GI.ZS:KOR,1961-12-31,73.3231212649535
WDI:DT.ODA.ODAT.GI.ZS:KOR,1962-12-31,58.49009690057658
WDI:DT.ODA.ODAT.GI.ZS:KOR,1963-12-31,34.395561641689234
WDI:DT.ODA.ODAT.GI.ZS:KOR,1964-12-31,31.46130286639813
WDI:DT.ODA.ODAT.GI.ZS:KOR,1965-12-31,47.02859395947421
WDI:DT.ODA.ODAT.GI.ZS:KOR,1966-12-31,26.708736214208393
WDI:DT.ODA.ODAT.GI.ZS:KOR,1967-12-31,23.807123237886675
WDI:DT.ODA.ODAT.GI.ZS:KOR,1968-12-31,14.281008767946101
WDI:DT.ODA.ODAT.GI.ZS:KOR,1969-12-31,14.565186780578543
WDI:DT.ODA.ODAT.GI.ZS:KOR,1970-12-31,11.45432600457374
WDI:DT.ODA.ODAT.GI.ZS:KOR,1971-12-31,12.874610127441406
WDI:DT.ODA.ODAT.GI.ZS:KOR,1972-12-31,15.220536905370174
WDI:DT.ODA.ODAT.GI.ZS:KOR,1973-12-31,7.57633342776204
WDI:DT.ODA.ODAT.GI.ZS:KOR,1974-12-31,3.851420385523648
WDI:DT.ODA.ODAT.GI.ZS:KOR,1975-12-31,3.8765111470315827
WDI:DT.ODA.ODAT.GI.ZS:KOR,1976-12-31,2.547219550137321
WDI:DT.ODA.ODAT.GI.ZS:KOR,1977-12-31,2.003824822913664
WDI:DT.ODA.ODAT.GI.ZS:KOR,1978-12-31,0.8925058197586929
WDI:DT.ODA.ODAT.GI.ZS:KOR,1979-12-31,0.5220521687260611
WDI:DT.ODA.ODAT.GI.ZS:KOR,1980-12-31,0.6040228983047249
WDI:DT.ODA.ODAT.GI.ZS:KOR,1981-12-31,1.3495816389738657
WDI:DT.ODA.ODAT.GI.ZS:KOR,1982-12-31,0.12885262720930837
WDI:DT.ODA.ODAT.GI.ZS:KOR,1983-12-31,0.02559506690977354
WDI:DT.ODA.ODAT.GI.ZS:KOR,1984-12-31,-0.1113698430294532
WDI:DT.ODA.ODAT.GI.ZS:KOR,1985-12-31,-0.0256017139966135
WDI:DT.ODA.ODAT.GI.ZS:KOR,1986-12-31,-0.04363069085249468
WDI:DT.ODA.ODAT.GI.ZS:KOR,1987-12-31,0.020862445811808007
WDI:DT.ODA.ODAT.GI.ZS:KOR,1988-12-31,0.01265141028524627
WDI:DT.ODA.ODAT.GI.ZS:KOR,1989-12-31,0.054300260836503
WDI:DT.ODA.ODAT.GI.ZS:KOR,1990-12-31,0.04457997174984223
WDI:DT.ODA.ODAT.GI.ZS:KOR,1991-12-31,0.038319625497191964
WDI:DT.ODA.ODAT.GI.ZS:KOR,1992-12-31,-0.0021600451692109553
WDI:DT.ODA.ODAT.GI.ZS:KOR,1993-12-31,-0.022725842833754874
WDI:DT.ODA.ODAT.GI.ZS:KOR,1994-12-31,-0.06126934339102014
WDI:DT.ODA.ODAT.GI.ZS:KOR,1995-12-31,0.024710932822355897
WDI:DT.ODA.ODAT.GI.ZS:KOR,1996-12-31,-0.05940908455433744
WDI:DT.ODA.ODAT.GI.ZS:KOR,1997-12-31,-0.07248367994182683
WDI:DT.ODA.ODAT.GI.ZS:KOR,1998-12-31,-0.04507274564462131
WDI:DT.ODA.ODAT.GI.ZS:KOR,1999-12-31,-0.0341872687501127
WDI:DT.ODA.ODAT.GI.ZS:KWT,1965-12-31,-0.3874093472729293
WDI:DT.ODA.ODAT.GI.ZS:KWT,1966-12-31,-0.34058671552045483
WDI:DT.ODA.ODAT.GI.ZS:KWT,1967-12-31,-0.2764978174386488
WDI:DT.ODA.ODAT.GI.ZS:KWT,1968-12-31,0.0020885555088727007
WDI:DT.ODA.ODAT.GI.ZS:KWT,1969-12-31,0.0623583040651979
WDI:DT.ODA.ODAT.GI.ZS:KWT,1970-12-31,0.10048235359426208
WDI:DT.ODA.ODAT.GI.ZS:KWT,1971-12-31,0.1401311547870254
WDI:DT.ODA.ODAT.GI.ZS:KWT,1972-12-31,0.14249625651466152
WDI:DT.ODA.ODAT.GI.ZS:KWT,1973-12-31,0.07579493824213855
WDI:DT.ODA.ODAT.GI.ZS:KWT,1974-12-31,0.0431104406355058
WDI:DT.ODA.ODAT.GI.ZS:KWT,1975-12-31,0.021571008294612577
WDI:DT.ODA.ODAT.GI.ZS:KWT,1976-12-31,0.008745832698818483
WDI:DT.ODA.ODAT.GI.ZS:KWT,1977-12-31,0.015472015378688723
WDI:DT.ODA.ODAT.GI.ZS:KWT,1978-12-31,0.029962894813329755
WDI:DT.ODA.ODAT.GI.ZS:KWT,1979-12-31,0.03463084589693254
WDI:DT.ODA.ODAT.GI.ZS:KWT,1980-12-31,0.2571032154788419
WDI:DT.ODA.ODAT.GI.ZS:KWT,1981-12-31,0.225561983061968
WDI:DT.ODA.ODAT.GI.ZS:KWT,1982-12-31,0.10779876675230109
WDI:DT.ODA.ODAT.GI.ZS:KWT,1983-12-31,0.09974674206309286
WDI:DT.ODA.ODAT.GI.ZS:KWT,1984-12-31,0.09797788406717359
WDI:DT.ODA.ODAT.GI.ZS:KWT,1985-12-31,0.10411812789125933
WDI:DT.ODA.ODAT.GI.ZS:KWT,1986-12-31,0.1252978433406922
WDI:DT.ODA.ODAT.GI.ZS:KWT,1987-12-31,0.08638224556121679
WDI:DT.ODA.ODAT.GI.ZS:KWT,1988-12-31,0.18290926181826053
WDI:DT.ODA.ODAT.GI.ZS:KWT,1989-12-31,0.1578414135871045
WDI:DT.ODA.ODAT.GI.ZS:KWT,1990-12-31,0.3959461087366938
WDI:DT.ODA.ODAT.GI.ZS:KWT,1991-12-31,0.2551911072567939
WDI:DT.ODA.ODAT.GI.ZS:KWT,1992-12-31,0.1470377524574073
WDI:DT.ODA.ODAT.GI.ZS:KWT,1993-12-31,0.04932099292346883
WDI:DT.ODA.ODAT.GI.ZS:KWT,1994-12-31,0.11137499477239263
WDI:DT.ODA.ODAT.GI.ZS:KWT,1995-12-31,0.10542255078851315
WDI:DT.ODA.ODAT.GI.ZS:LAC,1960-12-31,1.9122305740699872
WDI:DT.ODA.ODAT.GI.ZS:LAC,1961-12-31,4.976869232583316
WDI:DT.ODA.ODAT.GI.ZS:LAC,1962-12-31,4.987624325632358
WDI:DT.ODA.ODAT.GI.ZS:LAC,1963-12-31,4.793622282161061
WDI:DT.ODA.ODAT.GI.ZS:LAC,1964-12-31,3.0183294182842904
WDI:DT.ODA.ODAT.GI.ZS:LAC,1965-12-31,3.823074229413328
WDI:DT.ODA.ODAT.GI.ZS:LAC,1966-12-31,4.141231400302199
WDI:DT.ODA.ODAT.GI.ZS:LAC,1967-12-31,3.6011931887919437
WDI:DT.ODA.ODAT.GI.ZS:LAC,1968-12-31,3.584292596240041
WDI:DT.ODA.ODAT.GI.ZS:LAC,1969-12-31,2.562461999600214
WDI:DT.ODA.ODAT.GI.ZS:LAC,1970-12-31,2.4725573072655287
WDI:DT.ODA.ODAT.GI.ZS:LAC,1971-12-31,2.0427216573713265
WDI:DT.ODA.ODAT.GI.ZS:LAC,1972-12-31,1.8924384955386429
WDI:DT.ODA.ODAT.GI.ZS:LAC,1973-12-31,1.3843243189018093
WDI:DT.ODA.ODAT.GI.ZS:LAC,1974-12-31,1.0616973200613677
WDI:DT.ODA.ODAT.GI.ZS:LAC,1975-12-31,1.149412420191647
WDI:DT.ODA.ODAT.GI.ZS:LAC,1976-12-31,1.1414831356993884
WDI:DT.ODA.ODAT.GI.ZS:LAC,1977-12-31,1.0037371410804339
WDI:DT.ODA.ODAT.GI.ZS:LAC,1978-12-31,1.0275817041438486
WDI:DT.ODA.ODAT.GI.ZS:LAC,1979-12-31,1.1471474184046373
WDI:DT.ODA.ODAT.GI.ZS:LAC,1980-12-31,1.1202012810656188
WDI:DT.ODA.ODAT.GI.ZS:LAC,1981-12-31,1.077804884926376
WDI:DT.ODA.ODAT.GI.ZS:LAC,1982-12-31,1.4300809267648231
WDI:DT.ODA.ODAT.GI.ZS:LAC,1983-12-31,2.0094406989156086
WDI:DT.ODA.ODAT.GI.ZS:LAC,1984-12-31,2.087185417999686
WDI:DT.ODA.ODAT.GI.ZS:LAC,1985-12-31,2.387270842511801
WDI:DT.ODA.ODAT.GI.ZS:LAC,1986-12-31,2.7083244553931647
WDI:DT.ODA.ODAT.GI.ZS:LAC,1987-12-31,2.673319749127088
WDI:DT.ODA.ODAT.GI.ZS:LAC,1988-12-31,2.339091042138289
WDI:DT.ODA.ODAT.GI.ZS:LAC,1989-12-31,2.128844093651218
WDI:DT.ODA.ODAT.GI.ZS:LAC,1990-12-31,2.463615270442104
WDI:DT.ODA.ODAT.GI.ZS:LAC,1991-12-31,2.7598435135232102
WDI:DT.ODA.ODAT.GI.ZS:LAC,1992-12-31,2.3104454688334264
WDI:DT.ODA.ODAT.GI.ZS:LAC,1993-12-31,1.7465001980891282
WDI:DT.ODA.ODAT.GI.ZS:LAC,1994-12-31,1.4870422540831123
WDI:DT.ODA.ODAT.GI.ZS:LAC,1995-12-31,1.8840293126831225
WDI:DT.ODA.ODAT.GI.ZS:LAC,1996-12-31,1.5962943850412508
WDI:DT.ODA.ODAT.GI.ZS:LAC,1997-12-31,1.181034506493912
WDI:DT.ODA.ODAT.GI.ZS:LAC,1998-12-31,1.1173148361627825
WDI:DT.ODA.ODAT.GI.ZS:LAC,1999-12-31,1.464680479341666
WDI:DT.ODA.ODAT.GI.ZS:LAC,2000-12-31,1.1152900648032027
WDI:DT.ODA.ODAT.GI.ZS:LAC,2001-12-31,1.450074405122321
WDI:DT.ODA.ODAT.GI.ZS:LAC,2002-12-31,1.428461140892936
WDI:DT.ODA.ODAT.GI.ZS:LAC,2003-12-31,1.6688454471125138
WDI:DT.ODA.ODAT.GI.ZS:LAC,2004-12-31,1.5740013866397184
WDI:DT.ODA.ODAT.GI.ZS:LAC,2005-12-31,1.2504933611892735
WDI:DT.ODA.ODAT.GI.ZS:LAC,2006-12-31,1.1445404226654474
WDI:DT.ODA.ODAT.GI.ZS:LAC,2007-12-31,0.8710904182030759
WDI:DT.ODA.ODAT.GI.ZS:LAC,2008-12-31,0.8974589869137508
WDI:DT.ODA.ODAT.GI.ZS:LAC,2009-12-31,1.0853111555516222
WDI:DT.ODA.ODAT.GI.ZS:LAC,2010-12-31,0.8704607360903508
WDI:DT.ODA.ODAT.GI.ZS:LAC,2011-12-31,0.8057165416871456
WDI:DT.ODA.ODAT.GI.ZS:LAC,2012-12-31,0.8079562172318644
WDI:DT.ODA.ODAT.GI.ZS:LAC,2013-12-31,0.75459902202651
WDI:DT.ODA.ODAT.GI.ZS:LAC,2014-12-31,0.7791402528772023
WDI:DT.ODA.ODAT.GI.ZS:LAC,2015-12-31,0.9871710074378004
WDI:DT.ODA.ODAT.GI.ZS:LAC,2016-12-31,1.2957333293644009
WDI:DT.ODA.ODAT.GI.ZS:LAC,2017-12-31,0.8962302842462759
WDI:DT.ODA.ODAT.GI.ZS:LAC,2018-12-31,1.09926349633451
WDI:DT.ODA.ODAT.GI.ZS:LAC,2019-12-31,0.9488352767971729
WDI:DT.ODA.ODAT.GI.ZS:LAC,2020-12-31,1.664833230668757
WDI:DT.ODA.ODAT.GI.ZS:LAC,2021-12-31,1.1621584001846061
WDI:DT.ODA.ODAT.GI.ZS:LAC,2022-12-31,1.1199133578074474
WDI:DT.ODA.ODAT.GI.ZS:LAC,2023-12-31,0.938064356011331
WDI:DT.ODA.ODAT.GI.ZS:LAO,1984-12-31,30.809210348760047
WDI:DT.ODA.ODAT.GI.ZS:LAO,1985-12-31,21.455998134679994
WDI:DT.ODA.ODAT.GI.ZS:LAO,1986-12-31,32.9414525480569
WDI:DT.ODA.ODAT.GI.ZS:LAO,1987-12-31,48.85222730523715
WDI:DT.ODA.ODAT.GI.ZS:LAO,1988-12-31,86.74965837276207
WDI:DT.ODA.ODAT.GI.ZS:LAO,2000-12-31,100.5840202817494
WDI:DT.ODA.ODAT.GI.ZS:LAO,2001-12-31,85.42808385840434
WDI:DT.ODA.ODAT.GI.ZS:LAO,2002-12-31,45.900425561527754
WDI:DT.ODA.ODAT.GI.ZS:LAO,2003-12-31,45.14427488947812
WDI:DT.ODA.ODAT.GI.ZS:LAO,2004-12-31,30.73833297710089
WDI:DT.ODA.ODAT.GI.ZS:LAO,2005-12-31,25.898729358938116
WDI:DT.ODA.ODAT.GI.ZS:LAO,2006-12-31,29.573063032239066
WDI:DT.ODA.ODAT.GI.ZS:LAO,2007-12-31,25.21554185781161
WDI:DT.ODA.ODAT.GI.ZS:LAO,2008-12-31,26.50708443164768
WDI:DT.ODA.ODAT.GI.ZS:LAO,2009-12-31,18.837824804801365
WDI:DT.ODA.ODAT.GI.ZS:LAO,2010-12-31,17.871276751862233
WDI:DT.ODA.ODAT.GI.ZS:LAO,2011-12-31,15.144740995809988
WDI:DT.ODA.ODAT.GI.ZS:LAO,2012-12-31,12.396323206961258
WDI:DT.ODA.ODAT.GI.ZS:LAO,2013-12-31,11.527005013907242
WDI:DT.ODA.ODAT.GI.ZS:LAO,2014-12-31,11.988100903873308
WDI:DT.ODA.ODAT.GI.ZS:LAO,2015-12-31,10.347926726633906
WDI:DT.ODA.ODAT.GI.ZS:LAO,2016-12-31,8.65419934818986
WDI:DT.ODA.ODAT.GI.ZS:LBN,1990-12-31,32.141991103403214
WDI:DT.ODA.ODAT.GI.ZS:LBN,1991-12-31,9.121358388109796
WDI:DT.ODA.ODAT.GI.ZS:LBN,1992-12-31,6.440389860588006
WDI:DT.ODA.ODAT.GI.ZS:LBN,1993-12-31,5.694912946781009
WDI:DT.ODA.ODAT.GI.ZS:LBN,1994-12-31,6.481166318725746
WDI:DT.ODA.ODAT.GI.ZS:LBN,1995-12-31,4.4776606474782
WDI:DT.ODA.ODAT.GI.ZS:LBN,1996-12-31,4.9390761978442015
WDI:DT.ODA.ODAT.GI.ZS:LBN,1997-12-31,5.6763955175901835
WDI:DT.ODA.ODAT.GI.ZS:LBN,1998-12-31,6.957611618053091
WDI:DT.ODA.ODAT.GI.ZS:LBN,1999-12-31,4.898830899225745
WDI:DT.ODA.ODAT.GI.ZS:LBN,2000-12-31,5.7107642670625784
WDI:DT.ODA.ODAT.GI.ZS:LBN,2001-12-31,4.941387796794749
WDI:DT.ODA.ODAT.GI.ZS:LBN,2002-12-31,5.68178678858242
WDI:DT.ODA.ODAT.GI.ZS:LBN,2003-12-31,13.89351065769995
WDI:DT.ODA.ODAT.GI.ZS:LBN,2004-12-31,5.463425693511708
WDI:DT.ODA.ODAT.GI.ZS:LBN,2005-12-31,4.6732778233736365
WDI:DT.ODA.ODAT.GI.ZS:LBN,2006-12-31,18.09934512869905
WDI:DT.ODA.ODAT.GI.ZS:LBN,2007-12-31,16.238759812866412
WDI:DT.ODA.ODAT.GI.ZS:LBN,2008-12-31,13.105173669433901
WDI:DT.ODA.ODAT.GI.ZS:LBN,2009-12-31,6.0869492619656755
WDI:DT.ODA.ODAT.GI.ZS:LBN,2010-12-31,4.361805190940622
WDI:DT.ODA.ODAT.GI.ZS:LBN,2011-12-31,4.435964655739332
WDI:DT.ODA.ODAT.GI.ZS:LBN,2012-12-31,6.521961328202765
WDI:DT.ODA.ODAT.GI.ZS:LBN,2013-12-31,4.801984502703662
WDI:DT.ODA.ODAT.GI.ZS:LBN,2014-12-31,6.836706550267216
WDI:DT.ODA.ODAT.GI.ZS:LBN,2015-12-31,8.702582984293906
WDI:DT.ODA.ODAT.GI.ZS:LBN,2016-12-31,9.540941594319763
WDI:DT.ODA.ODAT.GI.ZS:LBN,2017-12-31,11.278142770671797
WDI:DT.ODA.ODAT.GI.ZS:LBN,2018-12-31,11.520570340238686
WDI:DT.ODA.ODAT.GI.ZS:LBN,2019-12-31,19.46261897000734
WDI:DT.ODA.ODAT.GI.ZS:LBN,2020-12-31,55.402534490462585
WDI:DT.ODA.ODAT.GI.ZS:LBN,2021-12-31,113.34299784972212
WDI:DT.ODA.ODAT.GI.ZS:LBN,2022-12-31,555.0279400094641
WDI:DT.ODA.ODAT.GI.ZS:LBN,2023-12-31,458.556475773391
WDI:DT.ODA.ODAT.GI.ZS:LBY,1990-12-31,0.15499745509020027
WDI:DT.ODA.ODAT.GI.ZS:LBY,1991-12-31,0.17855406383716527
WDI:DT.ODA.ODAT.GI.ZS:LBY,1992-12-31,0.0796596076895285
WDI:DT.ODA.ODAT.GI.ZS:LBY,1993-12-31,0.05749633812727026
WDI:DT.ODA.ODAT.GI.ZS:LBY,1994-12-31,0.08453975650374652
WDI:DT.ODA.ODAT.GI.ZS:LBY,1995-12-31,0.18801715920879758
WDI:DT.ODA.ODAT.GI.ZS:LBY,1996-12-31,0.0872165664778719
WDI:DT.ODA.ODAT.GI.ZS:LBY,1997-12-31,0.10487402451631349
WDI:DT.ODA.ODAT.GI.ZS:LBY,1998-12-31,0.17027793892274679
WDI:DT.ODA.ODAT.GI.ZS:LBY,1999-12-31,0.13779466571018167
WDI:DT.ODA.ODAT.GI.ZS:LBY,2005-12-31,0.529157325888774
WDI:DT.ODA.ODAT.GI.ZS:LBY,2006-12-31,0.29655002687442755
WDI:DT.ODA.ODAT.GI.ZS:LBY,2007-12-31,0.14929754961673813
WDI:DT.ODA.ODAT.GI.ZS:LBY,2008-12-31,0.39498073422803553
WDI:DT.ODA.ODAT.GI.ZS:LBY,2009-12-31,0.2530783087656794
WDI:DT.ODA.ODAT.GI.ZS:LBY,2010-12-31,0.05098483961442224
WDI:DT.ODA.ODAT.GI.ZS:LBY,2011-12-31,15.764719368821101
WDI:DT.ODA.ODAT.GI.ZS:LBY,2012-12-31,0.6186108439537055
WDI:DT.ODA.ODAT.GI.ZS:LBY,2013-12-31,0.7884124502167469
WDI:DT.ODA.ODAT.GI.ZS:LBY,2014-12-31,1.3976816954034406
WDI:DT.ODA.ODAT.GI.ZS:LBY,2015-12-31,1.858399548248055
WDI:DT.ODA.ODAT.GI.ZS:LBY,2016-12-31,2.6057909252414118
WDI:DT.ODA.ODAT.GI.ZS:LBY,2017-12-31,4.691306410769927
WDI:DT.ODA.ODAT.GI.ZS:LBY,2018-12-31,2.614807097562981
WDI:DT.ODA.ODAT.GI.ZS:LBY,2019-12-31,3.093669634720405
WDI:DT.ODA.ODAT.GI.ZS:LBY,2020-12-31,6.701409546485746
WDI:DT.ODA.ODAT.GI.ZS:LBY,2021-12-31,8.044144067980524
WDI:DT.ODA.ODAT.GI.ZS:LBY,2022-12-31,5.823236407558924
WDI:DT.ODA.ODAT.GI.ZS:LBY,2023-12-31,4.8395111313486
WDI:DT.ODA.ODAT.GI.ZS:LCN,1960-12-31,1.4911058488096887
WDI:DT.ODA.ODAT.GI.ZS:LCN,1961-12-31,3.9330718236215403
WDI:DT.ODA.ODAT.GI.ZS:LCN,1962-12-31,3.866440492452314
WDI:DT.ODA.ODAT.GI.ZS:LCN,1963-12-31,3.7194108801436268
WDI:DT.ODA.ODAT.GI.ZS:LCN,1964-12-31,2.3988736791836036
WDI:DT.ODA.ODAT.GI.ZS:LCN,1965-12-31,3.070526959517591
WDI:DT.ODA.ODAT.GI.ZS:LCN,1966-12-31,3.3193381569668743
WDI:DT.ODA.ODAT.GI.ZS:LCN,1967-12-31,2.7985971131488623
WDI:DT.ODA.ODAT.GI.ZS:LCN,1968-12-31,2.7926413232978016
WDI:DT.ODA.ODAT.GI.ZS:LCN,1969-12-31,2.0404830358134154
WDI:DT.ODA.ODAT.GI.ZS:LCN,1970-12-31,1.9385453260311096
WDI:DT.ODA.ODAT.GI.ZS:LCN,1971-12-31,1.575248902241816
WDI:DT.ODA.ODAT.GI.ZS:LCN,1972-12-31,1.4761447871486055
WDI:DT.ODA.ODAT.GI.ZS:LCN,1973-12-31,1.1123865001340691
WDI:DT.ODA.ODAT.GI.ZS:LCN,1974-12-31,0.8710738240653699
WDI:DT.ODA.ODAT.GI.ZS:LCN,1975-12-31,0.9594479935520458
WDI:DT.ODA.ODAT.GI.ZS:LCN,1976-12-31,0.9261006352679889
WDI:DT.ODA.ODAT.GI.ZS:LCN,1977-12-31,0.7868196117392516
WDI:DT.ODA.ODAT.GI.ZS:LCN,1978-12-31,0.8177362035230679
WDI:DT.ODA.ODAT.GI.ZS:LCN,1979-12-31,0.9258339691786445
WDI:DT.ODA.ODAT.GI.ZS:LCN,1980-12-31,0.9209146568054218
WDI:DT.ODA.ODAT.GI.ZS:LCN,1981-12-31,0.8975072537607546
WDI:DT.ODA.ODAT.GI.ZS:LCN,1982-12-31,1.179975425993049
WDI:DT.ODA.ODAT.GI.ZS:LCN,1983-12-31,1.7322119107010319
WDI:DT.ODA.ODAT.GI.ZS:LCN,1984-12-31,1.7761078446297511
WDI:DT.ODA.ODAT.GI.ZS:LCN,1985-12-31,2.0340379983178796
WDI:DT.ODA.ODAT.GI.ZS:LCN,1986-12-31,2.2682233613963043
WDI:DT.ODA.ODAT.GI.ZS:LCN,1987-12-31,2.271225483657934
WDI:DT.ODA.ODAT.GI.ZS:LCN,1988-12-31,1.9697397976910243
WDI:DT.ODA.ODAT.GI.ZS:LCN,1989-12-31,1.909546795338958
WDI:DT.ODA.ODAT.GI.ZS:LCN,1990-12-31,2.1736972587233208
WDI:DT.ODA.ODAT.GI.ZS:LCN,1991-12-31,2.386327133006646
WDI:DT.ODA.ODAT.GI.ZS:LCN,1992-12-31,1.9523236092119967
WDI:DT.ODA.ODAT.GI.ZS:LCN,1993-12-31,1.5244513235587986
WDI:DT.ODA.ODAT.GI.ZS:LCN,1994-12-31,1.3296661152507996
WDI:DT.ODA.ODAT.GI.ZS:LCN,1995-12-31,1.6063213825652904
WDI:DT.ODA.ODAT.GI.ZS:LCN,1996-12-31,1.376397715645069
WDI:DT.ODA.ODAT.GI.ZS:LCN,1997-12-31,0.9945073017480852
WDI:DT.ODA.ODAT.GI.ZS:LCN,1998-12-31,0.9393209760839538
WDI:DT.ODA.ODAT.GI.ZS:LCN,1999-12-31,1.2146022018859146
WDI:DT.ODA.ODAT.GI.ZS:LCN,2000-12-31,0.9364835546804787
WDI:DT.ODA.ODAT.GI.ZS:LCN,2001-12-31,1.1907885380788574
WDI:DT.ODA.ODAT.GI.ZS:LCN,2002-12-31,1.1966113517421428
WDI:DT.ODA.ODAT.GI.ZS:LCN,2003-12-31,1.4182680887192765
WDI:DT.ODA.ODAT.GI.ZS:LCN,2004-12-31,1.3232196056374383
WDI:DT.ODA.ODAT.GI.ZS:LCN,2005-12-31,1.0448314422881477
WDI:DT.ODA.ODAT.GI.ZS:LCN,2006-12-31,0.9462707701677434
WDI:DT.ODA.ODAT.GI.ZS:LCN,2007-12-31,0.7180940158205409
WDI:DT.ODA.ODAT.GI.ZS:LCN,2008-12-31,0.7383227410527062
WDI:DT.ODA.ODAT.GI.ZS:LCN,2009-12-31,0.8785230014857772
WDI:DT.ODA.ODAT.GI.ZS:LCN,2010-12-31,0.7297451411432718
WDI:DT.ODA.ODAT.GI.ZS:LCN,2011-12-31,0.6884968442821546
WDI:DT.ODA.ODAT.GI.ZS:LCN,2012-12-31,0.6712947729481883
WDI:DT.ODA.ODAT.GI.ZS:LCN,2013-12-31,0.6308843711376798
WDI:DT.ODA.ODAT.GI.ZS:LCN,2014-12-31,0.6733086741327146
WDI:DT.ODA.ODAT.GI.ZS:LCN,2015-12-31,0.8425101766346181
WDI:DT.ODA.ODAT.GI.ZS:LCN,2016-12-31,1.1127798266474331
WDI:DT.ODA.ODAT.GI.ZS:LCN,2017-12-31,0.7785073760643355
WDI:DT.ODA.ODAT.GI.ZS:LCN,2018-12-31,0.937666970652352
WDI:DT.ODA.ODAT.GI.ZS:LCN,2019-12-31,0.8086977630800413
WDI:DT.ODA.ODAT.GI.ZS:LCN,2020-12-31,1.4340602770435449
WDI:DT.ODA.ODAT.GI.ZS:LCN,2021-12-31,1.0002983369469334
WDI:DT.ODA.ODAT.GI.ZS:LCN,2022-12-31,0.9672145857781733
WDI:DT.ODA.ODAT.GI.ZS:LCN,2023-12-31,0.816888769010393
WDI:DT.ODA.ODAT.GI.ZS:LDC,1994-12-31,58.329530988308
WDI:DT.ODA.ODAT.GI.ZS:LDC,1995-12-31,54.33792839397624
WDI:DT.ODA.ODAT.GI.ZS:LDC,1996-12-31,35.705552483580924
WDI:DT.ODA.ODAT.GI.ZS:LDC,1997-12-31,34.12662110156472
WDI:DT.ODA.ODAT.GI.ZS:LDC,1998-12-31,30.152136106165493
WDI:DT.ODA.ODAT.GI.ZS:LDC,1999-12-31,27.633076937447953
WDI:DT.ODA.ODAT.GI.ZS:LDC,2000-12-31,23.974598618459055
WDI:DT.ODA.ODAT.GI.ZS:LDC,2001-12-31,27.747300330035774
WDI:DT.ODA.ODAT.GI.ZS:LDC,2002-12-31,32.68095747529336
WDI:DT.ODA.ODAT.GI.ZS:LDC,2003-12-31,38.12970831442213
WDI:DT.ODA.ODAT.GI.ZS:LDC,2004-12-31,34.07920292670937
WDI:DT.ODA.ODAT.GI.ZS:LDC,2005-12-31,29.034753659266656
WDI:DT.ODA.ODAT.GI.ZS:LDC,2006-12-31,28.246438583713367
WDI:DT.ODA.ODAT.GI.ZS:LDC,2007-12-31,27.811009378845753
WDI:DT.ODA.ODAT.GI.ZS:LDC,2008-12-31,23.733438905806832
WDI:DT.ODA.ODAT.GI.ZS:LDC,2009-12-31,23.60435956246263
WDI:DT.ODA.ODAT.GI.ZS:LDC,2010-12-31,24.571385062798406
WDI:DT.ODA.ODAT.GI.ZS:LDC,2011-12-31,21.802927513327784
WDI:DT.ODA.ODAT.GI.ZS:LDC,2012-12-31,19.068484791277072
WDI:DT.ODA.ODAT.GI.ZS:LDC,2013-12-31,19.311644930725755
WDI:DT.ODA.ODAT.GI.ZS:LDC,2014-12-31,16.18739223460194
WDI:DT.ODA.ODAT.GI.ZS:LDC,2015-12-31,17.26570330984208
WDI:DT.ODA.ODAT.GI.ZS:LDC,2016-12-31,16.672857698996545
WDI:DT.ODA.ODAT.GI.ZS:LDC,2017-12-31,16.4896965972116
WDI:DT.ODA.ODAT.GI.ZS:LDC,2018-12-31,16.578428421582004
WDI:DT.ODA.ODAT.GI.ZS:LDC,2019-12-31,15.247061478341815
WDI:DT.ODA.ODAT.GI.ZS:LDC,2020-12-31,19.609587632956806
WDI:DT.ODA.ODAT.GI.ZS:LDC,2021-12-31,16.540156116743717
WDI:DT.ODA.ODAT.GI.ZS:LIC,1991-12-31,53.45941083136847
WDI:DT.ODA.ODAT.GI.ZS:LIC,1992-12-31,75.6113897436227
WDI:DT.ODA.ODAT.GI.ZS:LIC,1993-12-31,77.11724372467673
WDI:DT.ODA.ODAT.GI.ZS:LIC,1994-12-31,88.9120824455494
WDI:DT.ODA.ODAT.GI.ZS:LIC,1995-12-31,79.98993024654666
WDI:DT.ODA.ODAT.GI.ZS:LIC,1996-12-31,54.29134280811097
WDI:DT.ODA.ODAT.GI.ZS:LIC,1997-12-31,62.602532090990714
WDI:DT.ODA.ODAT.GI.ZS:LIC,1998-12-31,57.20384294496168
WDI:DT.ODA.ODAT.GI.ZS:LIC,1999-12-31,48.9173359296979
WDI:DT.ODA.ODAT.GI.ZS:LIC,2000-12-31,31.973022921619442
WDI:DT.ODA.ODAT.GI.ZS:LIC,2001-12-31,43.174483804210524
WDI:DT.ODA.ODAT.GI.ZS:LIC,2002-12-31,54.35705533321169
WDI:DT.ODA.ODAT.GI.ZS:LIC,2003-12-31,68.68624919553447
WDI:DT.ODA.ODAT.GI.ZS:LIC,2004-12-31,56.833913963337444
WDI:DT.ODA.ODAT.GI.ZS:LIC,2005-12-31,52.06363662188823
WDI:DT.ODA.ODAT.GI.ZS:LIC,2006-12-31,48.51658673219583
WDI:DT.ODA.ODAT.GI.ZS:LIC,2007-12-31,48.60245150007035
WDI:DT.ODA.ODAT.GI.ZS:LIC,2008-12-31,42.42302161657377
WDI:DT.ODA.ODAT.GI.ZS:LIC,2009-12-31,44.49278670992506
WDI:DT.ODA.ODAT.GI.ZS:LIC,2010-12-31,39.147352694480794
WDI:DT.ODA.ODAT.GI.ZS:LIC,2011-12-31,42.58335767260939
WDI:DT.ODA.ODAT.GI.ZS:LIC,2012-12-31,40.640332228311266
WDI:DT.ODA.ODAT.GI.ZS:LIC,2013-12-31,38.190001480756976
WDI:DT.ODA.ODAT.GI.ZS:LIC,2014-12-31,37.74387245530011
WDI:DT.ODA.ODAT.GI.ZS:LIC,2015-12-31,47.116188281010494
WDI:DT.ODA.ODAT.GI.ZS:LIC,2016-12-31,58.89508557804677
WDI:DT.ODA.ODAT.GI.ZS:LIC,2017-12-31,65.67210507218985
WDI:DT.ODA.ODAT.GI.ZS:LIC,2018-12-31,61.3920702116101
WDI:DT.ODA.ODAT.GI.ZS:LIC,2019-12-31,57.06298784514872
WDI:DT.ODA.ODAT.GI.ZS:LIC,2020-12-31,73.47977096695652
WDI:DT.ODA.ODAT.GI.ZS:LIC,2021-12-31,60.98699682570834
WDI:DT.ODA.ODAT.GI.ZS:LIC,2022-12-31,43.5766256330283
WDI:DT.ODA.ODAT.GI.ZS:LIC,2023-12-31,36.6127568155123
WDI:DT.ODA.ODAT.GI.ZS:LKA,1960-12-31,5.536841644818492
WDI:DT.ODA.ODAT.GI.ZS:LKA,1961-12-31,4.496694728950111
WDI:DT.ODA.ODAT.GI.ZS:LKA,1962-12-31,5.947809447241007
WDI:DT.ODA.ODAT.GI.ZS:LKA,1963-12-31,5.114452426419413
WDI:DT.ODA.ODAT.GI.ZS:LKA,1964-12-31,4.693999143360579
WDI:DT.ODA.ODAT.GI.ZS:LKA,1965-12-31,7.024876514521409
WDI:DT.ODA.ODAT.GI.ZS:LKA,1966-12-31,11.901991297510378
WDI:DT.ODA.ODAT.GI.ZS:LKA,1967-12-31,16.468235240263095
WDI:DT.ODA.ODAT.GI.ZS:LKA,1968-12-31,18.217716464019663
WDI:DT.ODA.ODAT.GI.ZS:LKA,1969-12-31,13.161801403353685
WDI:DT.ODA.ODAT.GI.ZS:LKA,1970-12-31,11.293279118130862
WDI:DT.ODA.ODAT.GI.ZS:LKA,1971-12-31,13.620701036620284
WDI:DT.ODA.ODAT.GI.ZS:LKA,1972-12-31,12.580451133849499
WDI:DT.ODA.ODAT.GI.ZS:LKA,1973-12-31,14.010126620908329
WDI:DT.ODA.ODAT.GI.ZS:LKA,1974-12-31,13.704163537287165
WDI:DT.ODA.ODAT.GI.ZS:LKA,1975-12-31,23.947445619739728
WDI:DT.ODA.ODAT.GI.ZS:LKA,1976-12-31,27.536909302854895
WDI:DT.ODA.ODAT.GI.ZS:LKA,1977-12-31,29.532935047312925
WDI:DT.ODA.ODAT.GI.ZS:LKA,1978-12-31,54.368566584860204
WDI:DT.ODA.ODAT.GI.ZS:LKA,1979-12-31,35.643986908182285
WDI:DT.ODA.ODAT.GI.ZS:LKA,1980-12-31,28.0469188602735
WDI:DT.ODA.ODAT.GI.ZS:LKA,1981-12-31,29.80366439851651
WDI:DT.ODA.ODAT.GI.ZS:LKA,1982-12-31,27.091789168379282
WDI:DT.ODA.ODAT.GI.ZS:LKA,1983-12-31,29.49688997543386
WDI:DT.ODA.ODAT.GI.ZS:LKA,1984-12-31,27.449163045505614
WDI:DT.ODA.ODAT.GI.ZS:LKA,1985-12-31,30.823742309084327
WDI:DT.ODA.ODAT.GI.ZS:LKA,1986-12-31,33.485032480138024
WDI:DT.ODA.ODAT.GI.ZS:LKA,1987-12-31,27.52607953771784
WDI:DT.ODA.ODAT.GI.ZS:LKA,1988-12-31,35.88989709280963
WDI:DT.ODA.ODAT.GI.ZS:LKA,1989-12-31,35.67054163245906
WDI:DT.ODA.ODAT.GI.ZS:LKA,1990-12-31,34.53216358409301
WDI:DT.ODA.ODAT.GI.ZS:LKA,1991-12-31,35.86523850345248
WDI:DT.ODA.ODAT.GI.ZS:LKA,1992-12-31,21.675232816850297
WDI:DT.ODA.ODAT.GI.ZS:LKA,1993-12-31,20.60861395817015
WDI:DT.ODA.ODAT.GI.ZS:LKA,1994-12-31,16.181802610144235
WDI:DT.ODA.ODAT.GI.ZS:LKA,1995-12-31,14.062392657871223
WDI:DT.ODA.ODAT.GI.ZS:LKA,1996-12-31,10.316313550710142
WDI:DT.ODA.ODAT.GI.ZS:LKA,1997-12-31,6.8957586406836215
WDI:DT.ODA.ODAT.GI.ZS:LKA,1998-12-31,8.115580401609503
WDI:DT.ODA.ODAT.GI.ZS:LKA,1999-12-31,4.243915208232663
WDI:DT.ODA.ODAT.GI.ZS:LKA,2000-12-31,4.779967536580975
WDI:DT.ODA.ODAT.GI.ZS:LKA,2001-12-31,7.67426628762103
WDI:DT.ODA.ODAT.GI.ZS:LKA,2002-12-31,6.48836055597459
WDI:DT.ODA.ODAT.GI.ZS:LKA,2003-12-31,12.648554143829701
WDI:DT.ODA.ODAT.GI.ZS:LKA,2004-12-31,7.8257294994083795
WDI:DT.ODA.ODAT.GI.ZS:LKA,2005-12-31,15.88032408542194
WDI:DT.ODA.ODAT.GI.ZS:LKA,2006-12-31,8.660888746402259
WDI:DT.ODA.ODAT.GI.ZS:LKA,2007-12-31,5.601550745774785
WDI:DT.ODA.ODAT.GI.ZS:LKA,2008-12-31,5.656260622931277
WDI:DT.ODA.ODAT.GI.ZS:LKA,2009-12-31,5.900510926949212
WDI:DT.ODA.ODAT.GI.ZS:LKA,2015-12-31,1.5258260442330893
WDI:DT.ODA.ODAT.GI.ZS:LKA,2016-12-31,1.1642323388605147
WDI:DT.ODA.ODAT.GI.ZS:LKA,2017-12-31,0.8433607575190473
WDI:DT.ODA.ODAT.GI.ZS:LKA,2018-12-31,-0.6879573469070016
WDI:DT.ODA.ODAT.GI.ZS:LKA,2019-12-31,0.6356366543485995
WDI:DT.ODA.ODAT.GI.ZS:LKA,2020-12-31,0.7915702277706262
WDI:DT.ODA.ODAT.GI.ZS:LKA,2021-12-31,0.47756370444513274
WDI:DT.ODA.ODAT.GI.ZS:LKA,2022-12-31,0.06061582850510589
WDI:DT.ODA.ODAT.GI.ZS:LKA,2023-12-31,4.0534117985598
WDI:DT.ODA.ODAT.GI.ZS:LMC,1960-12-31,12.502008008025395
WDI:DT.ODA.ODAT.GI.ZS:LMC,1961-12-31,11.12989657413801
WDI:DT.ODA.ODAT.GI.ZS:LMC,1962-12-31,11.922567720412557
WDI:DT.ODA.ODAT.GI.ZS:LMC,1963-12-31,13.13922774627178
WDI:DT.ODA.ODAT.GI.ZS:LMC,1964-12-31,13.162660320314846
WDI:DT.ODA.ODAT.GI.ZS:LMC,1965-12-31,12.979902964581786
WDI:DT.ODA.ODAT.GI.ZS:LMC,1966-12-31,16.454815351333078
WDI:DT.ODA.ODAT.GI.ZS:LMC,1967-12-31,15.679957438118855
WDI:DT.ODA.ODAT.GI.ZS:LMC,1968-12-31,12.757695998269353
WDI:DT.ODA.ODAT.GI.ZS:LMC,1969-12-31,11.759005590173862
WDI:DT.ODA.ODAT.GI.ZS:LMC,1970-12-31,11.000269671020991
WDI:DT.ODA.ODAT.GI.ZS:LMC,1971-12-31,11.175835524421348
WDI:DT.ODA.ODAT.GI.ZS:LMC,1972-12-31,10.929271527426055
WDI:DT.ODA.ODAT.GI.ZS:LMC,1973-12-31,13.237569933846933
WDI:DT.ODA.ODAT.GI.ZS:LMC,1974-12-31,13.983142260748771
WDI:DT.ODA.ODAT.GI.ZS:LMC,1975-12-31,18.507079271061556
WDI:DT.ODA.ODAT.GI.ZS:LMC,1976-12-31,17.21085413377136
WDI:DT.ODA.ODAT.GI.ZS:LMC,1977-12-31,13.50722262084892
WDI:DT.ODA.ODAT.GI.ZS:LMC,1978-12-31,13.426614187218464
WDI:DT.ODA.ODAT.GI.ZS:LMC,1979-12-31,12.801877927840533
WDI:DT.ODA.ODAT.GI.ZS:LMC,1980-12-31,14.12289505220216
WDI:DT.ODA.ODAT.GI.ZS:LMC,1981-12-31,10.466522568246853
WDI:DT.ODA.ODAT.GI.ZS:LMC,1982-12-31,9.64380538343834
WDI:DT.ODA.ODAT.GI.ZS:LMC,1983-12-31,9.584049812930353
WDI:DT.ODA.ODAT.GI.ZS:LMC,1984-12-31,9.526928608961919
WDI:DT.ODA.ODAT.GI.ZS:LMC,1985-12-31,8.769102166239506
WDI:DT.ODA.ODAT.GI.ZS:LMC,1986-12-31,9.961658214643496
WDI:DT.ODA.ODAT.GI.ZS:LMC,1987-12-31,9.567159975226629
WDI:DT.ODA.ODAT.GI.ZS:LMC,1988-12-31,9.77441470820077
WDI:DT.ODA.ODAT.GI.ZS:LMC,1989-12-31,9.800436441175279
WDI:DT.ODA.ODAT.GI.ZS:LMC,1990-12-31,12.628428408384451
WDI:DT.ODA.ODAT.GI.ZS:LMC,1991-12-31,15.647475314663332
WDI:DT.ODA.ODAT.GI.ZS:LMC,1992-12-31,13.145470529739978
WDI:DT.ODA.ODAT.GI.ZS:LMC,1993-12-31,11.765982671712639
WDI:DT.ODA.ODAT.GI.ZS:LMC,1994-12-31,11.65201281581292
WDI:DT.ODA.ODAT.GI.ZS:LMC,1995-12-31,9.399279643339824
WDI:DT.ODA.ODAT.GI.ZS:LMC,1996-12-31,8.982911114141649
WDI:DT.ODA.ODAT.GI.ZS:LMC,1997-12-31,7.056944657066806
WDI:DT.ODA.ODAT.GI.ZS:LMC,1998-12-31,7.293389776766903
WDI:DT.ODA.ODAT.GI.ZS:LMC,1999-12-31,6.14953495317084
WDI:DT.ODA.ODAT.GI.ZS:LMC,2000-12-31,6.296123102418891
WDI:DT.ODA.ODAT.GI.ZS:LMC,2001-12-31,6.460529937270983
WDI:DT.ODA.ODAT.GI.ZS:LMC,2002-12-31,6.414859969983377
WDI:DT.ODA.ODAT.GI.ZS:LMC,2003-12-31,5.9511227409734495
WDI:DT.ODA.ODAT.GI.ZS:LMC,2004-12-31,5.381940918276544
WDI:DT.ODA.ODAT.GI.ZS:LMC,2005-12-31,5.591939064247105
WDI:DT.ODA.ODAT.GI.ZS:LMC,2006-12-31,5.8088459281145175
WDI:DT.ODA.ODAT.GI.ZS:LMC,2007-12-31,3.680968610709729
WDI:DT.ODA.ODAT.GI.ZS:LMC,2008-12-31,3.7324111978366945
WDI:DT.ODA.ODAT.GI.ZS:LMC,2009-12-31,3.967048361245215
WDI:DT.ODA.ODAT.GI.ZS:LMC,2010-12-31,2.95465092543334
WDI:DT.ODA.ODAT.GI.ZS:LMC,2011-12-31,3.161194624889448
WDI:DT.ODA.ODAT.GI.ZS:LMC,2012-12-31,3.329339370892915
WDI:DT.ODA.ODAT.GI.ZS:LMC,2013-12-31,4.125968033392633
WDI:DT.ODA.ODAT.GI.ZS:LMC,2014-12-31,3.588892296948138
WDI:DT.ODA.ODAT.GI.ZS:LMC,2015-12-31,3.355274682882515
WDI:DT.ODA.ODAT.GI.ZS:LMC,2016-12-31,3.1100521536503467
WDI:DT.ODA.ODAT.GI.ZS:LMC,2017-12-31,2.8546946046117716
WDI:DT.ODA.ODAT.GI.ZS:LMC,2018-12-31,2.5382773067510063
WDI:DT.ODA.ODAT.GI.ZS:LMC,2019-12-31,2.695808411603299
WDI:DT.ODA.ODAT.GI.ZS:LMC,2020-12-31,3.6006969795011696
WDI:DT.ODA.ODAT.GI.ZS:LMC,2021-12-31,3.0611148363614733
WDI:DT.ODA.ODAT.GI.ZS:LMC,2022-12-31,2.5883844288545137
WDI:DT.ODA.ODAT.GI.ZS:LMC,2023-12-31,2.91643785270093
WDI:DT.ODA.ODAT.GI.ZS:LMY,1960-12-31,6.957349784045635
WDI:DT.ODA.ODAT.GI.ZS:LMY,1961-12-31,10.269312107802385
WDI:DT.ODA.ODAT.GI.ZS:LMY,1962-12-31,11.638909184368545
WDI:DT.ODA.ODAT.GI.ZS:LMY,1963-12-31,10.638915347978593
WDI:DT.ODA.ODAT.GI.ZS:LMY,1964-12-31,8.692956991218137
WDI:DT.ODA.ODAT.GI.ZS:LMY,1965-12-31,7.99450870848958
WDI:DT.ODA.ODAT.GI.ZS:LMY,1966-12-31,7.805023513771579
WDI:DT.ODA.ODAT.GI.ZS:LMY,1967-12-31,8.37037574296211
WDI:DT.ODA.ODAT.GI.ZS:LMY,1968-12-31,7.087065447741393
WDI:DT.ODA.ODAT.GI.ZS:LMY,1969-12-31,6.232233923817396
WDI:DT.ODA.ODAT.GI.ZS:LMY,1970-12-31,5.645406663152642
WDI:DT.ODA.ODAT.GI.ZS:LMY,1971-12-31,5.887942762353089
WDI:DT.ODA.ODAT.GI.ZS:LMY,1972-12-31,5.682630437097778
WDI:DT.ODA.ODAT.GI.ZS:LMY,1973-12-31,5.771550490232097
WDI:DT.ODA.ODAT.GI.ZS:LMY,1974-12-31,5.825913777937544
WDI:DT.ODA.ODAT.GI.ZS:LMY,1975-12-31,6.336573994862961
WDI:DT.ODA.ODAT.GI.ZS:LMY,1976-12-31,5.82460692960846
WDI:DT.ODA.ODAT.GI.ZS:LMY,1977-12-31,5.307395954728161
WDI:DT.ODA.ODAT.GI.ZS:LMY,1978-12-31,6.566949065602007
WDI:DT.ODA.ODAT.GI.ZS:LMY,1979-12-31,6.679459619000637
WDI:DT.ODA.ODAT.GI.ZS:LMY,1980-12-31,6.480386958640018
WDI:DT.ODA.ODAT.GI.ZS:LMY,1981-12-31,5.581811849698478
WDI:DT.ODA.ODAT.GI.ZS:LMY,1982-12-31,5.509457854143485
WDI:DT.ODA.ODAT.GI.ZS:LMY,1983-12-31,5.462755944188249
WDI:DT.ODA.ODAT.GI.ZS:LMY,1984-12-31,5.491076549320906
WDI:DT.ODA.ODAT.GI.ZS:LMY,1985-12-31,5.423246227570262
WDI:DT.ODA.ODAT.GI.ZS:LMY,1986-12-31,6.395695531914998
WDI:DT.ODA.ODAT.GI.ZS:LMY,1987-12-31,6.897900883552971
WDI:DT.ODA.ODAT.GI.ZS:LMY,1988-12-31,6.496529603829505
WDI:DT.ODA.ODAT.GI.ZS:LMY,1989-12-31,6.1332220143854075
WDI:DT.ODA.ODAT.GI.ZS:LMY,1990-12-31,6.480603723173443
WDI:DT.ODA.ODAT.GI.ZS:LMY,1991-12-31,7.466127802886945
WDI:DT.ODA.ODAT.GI.ZS:LMY,1992-12-31,6.725132686370899
WDI:DT.ODA.ODAT.GI.ZS:LMY,1993-12-31,5.736433986566915
WDI:DT.ODA.ODAT.GI.ZS:LMY,1994-12-31,5.367927820893955
WDI:DT.ODA.ODAT.GI.ZS:LMY,1995-12-31,4.698052444583147
WDI:DT.ODA.ODAT.GI.ZS:LMY,1996-12-31,4.1021410387751125
WDI:DT.ODA.ODAT.GI.ZS:LMY,1997-12-31,3.4512887898615805
WDI:DT.ODA.ODAT.GI.ZS:LMY,1998-12-31,3.8254419637607473
WDI:DT.ODA.ODAT.GI.ZS:LMY,1999-12-31,4.014869351032831
WDI:DT.ODA.ODAT.GI.ZS:LMY,2000-12-31,3.480558574689991
WDI:DT.ODA.ODAT.GI.ZS:LMY,2001-12-31,3.483267743208322
WDI:DT.ODA.ODAT.GI.ZS:LMY,2002-12-31,3.9980694128129377
WDI:DT.ODA.ODAT.GI.ZS:LMY,2003-12-31,3.8986400139886896
WDI:DT.ODA.ODAT.GI.ZS:LMY,2004-12-31,3.49794862133827
WDI:DT.ODA.ODAT.GI.ZS:LMY,2005-12-31,4.093496138243941
WDI:DT.ODA.ODAT.GI.ZS:LMY,2006-12-31,3.3716403018625365
WDI:DT.ODA.ODAT.GI.ZS:LMY,2007-12-31,2.652286517342011
WDI:DT.ODA.ODAT.GI.ZS:LMY,2008-12-31,2.501109653672027
WDI:DT.ODA.ODAT.GI.ZS:LMY,2009-12-31,2.419225245923341
WDI:DT.ODA.ODAT.GI.ZS:LMY,2010-12-31,1.8572607823846758
WDI:DT.ODA.ODAT.GI.ZS:LMY,2011-12-31,1.8063538422920542
WDI:DT.ODA.ODAT.GI.ZS:LMY,2012-12-31,1.6255367830970666
WDI:DT.ODA.ODAT.GI.ZS:LMY,2013-12-31,1.7222914191974321
WDI:DT.ODA.ODAT.GI.ZS:LMY,2014-12-31,1.7696902687247391
WDI:DT.ODA.ODAT.GI.ZS:LMY,2015-12-31,1.6900135128072622
WDI:DT.ODA.ODAT.GI.ZS:LMY,2016-12-31,1.8226538582298586
WDI:DT.ODA.ODAT.GI.ZS:LMY,2017-12-31,1.7115810687744808
WDI:DT.ODA.ODAT.GI.ZS:LMY,2018-12-31,1.5714763708735133
WDI:DT.ODA.ODAT.GI.ZS:LMY,2019-12-31,1.5309274744945838
WDI:DT.ODA.ODAT.GI.ZS:LMY,2020-12-31,1.8683184760282456
WDI:DT.ODA.ODAT.GI.ZS:LMY,2021-12-31,1.6208437812993828
WDI:DT.ODA.ODAT.GI.ZS:LMY,2022-12-31,1.8722973512797163
WDI:DT.ODA.ODAT.GI.ZS:LMY,2023-12-31,1.97085211687428
WDI:DT.ODA.ODAT.GI.ZS:LSO,1960-12-31,222.85722382564526
WDI:DT.ODA.ODAT.GI.ZS:LSO,1961-12-31,295.7143944632533
WDI:DT.ODA.ODAT.GI.ZS:LSO,1962-12-31,201.70075511355617
WDI:DT.ODA.ODAT.GI.ZS:LSO,1963-12-31,138.9163084356046
WDI:DT.ODA.ODAT.GI.ZS:LSO,1964-12-31,112.30162919468351
WDI:DT.ODA.ODAT.GI.ZS:LSO,1965-12-31,150.63497725584236
WDI:DT.ODA.ODAT.GI.ZS:LSO,1966-12-31,218.46698567688128
WDI:DT.ODA.ODAT.GI.ZS:LSO,1967-12-31,200.87471202581767
WDI:DT.ODA.ODAT.GI.ZS:LSO,1968-12-31,174.33869811079262
WDI:DT.ODA.ODAT.GI.ZS:LSO,1969-12-31,169.74032367303997
WDI:DT.ODA.ODAT.GI.ZS:LSO,1970-12-31,139.00004906051637
WDI:DT.ODA.ODAT.GI.ZS:LSO,1971-12-31,237.02290943466159
WDI:DT.ODA.ODAT.GI.ZS:LSO,1972-12-31,151.9879159614019
WDI:DT.ODA.ODAT.GI.ZS:LSO,1973-12-31,80.55707568149577
WDI:DT.ODA.ODAT.GI.ZS:LSO,1974-12-31,107.77551007876762
WDI:DT.ODA.ODAT.GI.ZS:LSO,1975-12-31,105.3059375074004
WDI:DT.ODA.ODAT.GI.ZS:LSO,1976-12-31,56.3636231773984
WDI:DT.ODA.ODAT.GI.ZS:LSO,1977-12-31,79.7173673944473
WDI:DT.ODA.ODAT.GI.ZS:LSO,1978-12-31,74.07794227123259
WDI:DT.ODA.ODAT.GI.ZS:LSO,1979-12-31,68.10913444888119
WDI:DT.ODA.ODAT.GI.ZS:LSO,1980-12-31,58.27772718721687
WDI:DT.ODA.ODAT.GI.ZS:LSO,1981-12-31,63.24623427428193
WDI:DT.ODA.ODAT.GI.ZS:LSO,2007-12-31,31.220957238918995
WDI:DT.ODA.ODAT.GI.ZS:LSO,2008-12-31,29.26909050441876
WDI:DT.ODA.ODAT.GI.ZS:LSO,2009-12-31,22.99942190431101
WDI:DT.ODA.ODAT.GI.ZS:LSO,2010-12-31,31.204937927639325
WDI:DT.ODA.ODAT.GI.ZS:LSO,2011-12-31,39.29712726237083
WDI:DT.ODA.ODAT.GI.ZS:LSO,2012-12-31,31.21375337198463
WDI:DT.ODA.ODAT.GI.ZS:LSO,2013-12-31,41.47051746546671
WDI:DT.ODA.ODAT.GI.ZS:LSO,2014-12-31,12.876494688839554
WDI:DT.ODA.ODAT.GI.ZS:LSO,2015-12-31,12.042429158517892
WDI:DT.ODA.ODAT.GI.ZS:LSO,2016-12-31,18.418456295955984
WDI:DT.ODA.ODAT.GI.ZS:LSO,2017-12-31,28.43736324614823
WDI:DT.ODA.ODAT.GI.ZS:LSO,2018-12-31,28.045344851126814
WDI:DT.ODA.ODAT.GI.ZS:LSO,2019-12-31,22.045260113737346
WDI:DT.ODA.ODAT.GI.ZS:LSO,2020-12-31,31.89000736670808
WDI:DT.ODA.ODAT.GI.ZS:LSO,2021-12-31,26.25954848515531
WDI:DT.ODA.ODAT.GI.ZS:LSO,2022-12-31,23.844077843760726
WDI:DT.ODA.ODAT.GI.ZS:LSO,2023-12-31,29.8887860162702
WDI:DT.ODA.ODAT.GI.ZS:LTE,1970-12-31,1.3891838749293621
WDI:DT.ODA.ODAT.GI.ZS:LTE,1971-12-31,1.254930764242931
WDI:DT.ODA.ODAT.GI.ZS:LTE,1972-12-31,1.265113116411006
WDI:DT.ODA.ODAT.GI.ZS:LTE,1973-12-31,0.9208754698967512
WDI:DT.ODA.ODAT.GI.ZS:LTE,1974-12-31,1.1149716556823066
WDI:DT.ODA.ODAT.GI.ZS:LTE,1975-12-31,0.9556976218707612
WDI:DT.ODA.ODAT.GI.ZS:LTE,1976-12-31,0.8755202715457433
WDI:DT.ODA.ODAT.GI.ZS:LTE,1977-12-31,1.084452386387079
WDI:DT.ODA.ODAT.GI.ZS:LTE,1978-12-31,1.1042956430820943
WDI:DT.ODA.ODAT.GI.ZS:LTE,1979-12-31,1.025665983219121
WDI:DT.ODA.ODAT.GI.ZS:LTE,1980-12-31,1.2183241574086374
WDI:DT.ODA.ODAT.GI.ZS:LTE,1981-12-31,1.3461285650404284
WDI:DT.ODA.ODAT.GI.ZS:LTE,1982-12-31,1.2033990139470014
WDI:DT.ODA.ODAT.GI.ZS:LTE,1983-12-31,1.2342592601697528
WDI:DT.ODA.ODAT.GI.ZS:LTE,1984-12-31,1.1578090088546011
WDI:DT.ODA.ODAT.GI.ZS:LTE,1985-12-31,1.1295105316708953
WDI:DT.ODA.ODAT.GI.ZS:LTE,1986-12-31,1.1468681884552818
WDI:DT.ODA.ODAT.GI.ZS:LTE,1987-12-31,1.284833585388643
WDI:DT.ODA.ODAT.GI.ZS:LTE,1988-12-31,1.1806656194169363
WDI:DT.ODA.ODAT.GI.ZS:LTE,1989-12-31,1.0698244710126272
WDI:DT.ODA.ODAT.GI.ZS:LTE,1990-12-31,1.478139392242044
WDI:DT.ODA.ODAT.GI.ZS:LTE,1991-12-31,1.4031598463843564
WDI:DT.ODA.ODAT.GI.ZS:LTE,1992-12-31,1.432147545626056
WDI:DT.ODA.ODAT.GI.ZS:LTE,1993-12-31,1.395032934656657
WDI:DT.ODA.ODAT.GI.ZS:LTE,1994-12-31,1.3406081943474055
WDI:DT.ODA.ODAT.GI.ZS:LTE,1995-12-31,1.1967555896467177
WDI:DT.ODA.ODAT.GI.ZS:LTE,1996-12-31,0.9750155995191798
WDI:DT.ODA.ODAT.GI.ZS:LTE,1997-12-31,0.8690079487447927
WDI:DT.ODA.ODAT.GI.ZS:LTE,1998-12-31,1.1363963368091363
WDI:DT.ODA.ODAT.GI.ZS:LTE,1999-12-31,1.3609802004998695
WDI:DT.ODA.ODAT.GI.ZS:LTE,2000-12-31,1.0211828254453614
WDI:DT.ODA.ODAT.GI.ZS:LTE,2001-12-31,0.9064961594349765
WDI:DT.ODA.ODAT.GI.ZS:LTE,2002-12-31,0.9475412788406501
WDI:DT.ODA.ODAT.GI.ZS:LTE,2003-12-31,0.74301375316225
WDI:DT.ODA.ODAT.GI.ZS:LTE,2004-12-31,0.6693353231314058
WDI:DT.ODA.ODAT.GI.ZS:LTE,2005-12-31,0.5775351506267931
WDI:DT.ODA.ODAT.GI.ZS:LTE,2006-12-31,0.5298154533815684
WDI:DT.ODA.ODAT.GI.ZS:LTE,2007-12-31,0.416325812514299
WDI:DT.ODA.ODAT.GI.ZS:LTE,2008-12-31,0.35229291117237616
WDI:DT.ODA.ODAT.GI.ZS:LTE,2009-12-31,0.36941771774776516
WDI:DT.ODA.ODAT.GI.ZS:LTE,2010-12-31,0.25576251427005925
WDI:DT.ODA.ODAT.GI.ZS:LTE,2011-12-31,0.23781940060203557
WDI:DT.ODA.ODAT.GI.ZS:LTE,2012-12-31,0.24029354602977201
WDI:DT.ODA.ODAT.GI.ZS:LTE,2013-12-31,0.20166859516220956
WDI:DT.ODA.ODAT.GI.ZS:LTE,2014-12-31,0.2125047788804165
WDI:DT.ODA.ODAT.GI.ZS:LTE,2015-12-31,0.1925530904214723
WDI:DT.ODA.ODAT.GI.ZS:LTE,2016-12-31,0.18602522774766223
WDI:DT.ODA.ODAT.GI.ZS:LTE,2017-12-31,0.17741408960558558
WDI:DT.ODA.ODAT.GI.ZS:LTE,2018-12-31,0.1214346131283977
WDI:DT.ODA.ODAT.GI.ZS:LTE,2019-12-31,0.09801684713607664
WDI:DT.ODA.ODAT.GI.ZS:LTE,2020-12-31,0.16131202470471256
WDI:DT.ODA.ODAT.GI.ZS:LTE,2021-12-31,0.1224949810988677
WDI:DT.ODA.ODAT.GI.ZS:MAC,1982-12-31,0.28642811106214106
WDI:DT.ODA.ODAT.GI.ZS:MAC,1983-12-31,0.20261432563237822
WDI:DT.ODA.ODAT.GI.ZS:MAC,1984-12-31,0.15505606364541866
WDI:DT.ODA.ODAT.GI.ZS:MAC,1985-12-31,0.13568309915634122
WDI:DT.ODA.ODAT.GI.ZS:MAC,1986-12-31,0.09335718429220541
WDI:DT.ODA.ODAT.GI.ZS:MAC,1987-12-31,0.028812259115473127
WDI:DT.ODA.ODAT.GI.ZS:MAC,1988-12-31,0.060847722207012775
WDI:DT.ODA.ODAT.GI.ZS:MAC,1989-12-31,0.04963829798443147
WDI:DT.ODA.ODAT.GI.ZS:MAC,1990-12-31,0.031057713694716924
WDI:DT.ODA.ODAT.GI.ZS:MAC,1991-12-31,0.01154042987541666
WDI:DT.ODA.ODAT.GI.ZS:MAC,1992-12-31,0.008258860642161987
WDI:DT.ODA.ODAT.GI.ZS:MAC,1993-12-31,0.009933225218093613
WDI:DT.ODA.ODAT.GI.ZS:MAC,1994-12-31,0.014366058893361284
WDI:DT.ODA.ODAT.GI.ZS:MAC,1995-12-31,-0.2161899411575554
WDI:DT.ODA.ODAT.GI.ZS:MAC,1996-12-31,0.0227286728157977
WDI:DT.ODA.ODAT.GI.ZS:MAC,1997-12-31,0.026513115099154765
WDI:DT.ODA.ODAT.GI.ZS:MAC,1998-12-31,0.04595534500633568
WDI:DT.ODA.ODAT.GI.ZS:MAC,1999-12-31,0.03086401089594301
WDI:DT.ODA.ODAT.GI.ZS:MAR,1960-12-31,28.656943825387888
WDI:DT.ODA.ODAT.GI.ZS:MAR,1961-12-31,56.68522496589993
WDI:DT.ODA.ODAT.GI.ZS:MAR,1962-12-31,29.324164440211153
WDI:DT.ODA.ODAT.GI.ZS:MAR,1963-12-31,29.612974482622402
WDI:DT.ODA.ODAT.GI.ZS:MAR,1964-12-31,34.65333439567221
WDI:DT.ODA.ODAT.GI.ZS:MAR,1965-12-31,34.05927032756819
WDI:DT.ODA.ODAT.GI.ZS:MAR,1966-12-31,33.80889009919001
WDI:DT.ODA.ODAT.GI.ZS:MAR,1967-12-31,15.409352827556692
WDI:DT.ODA.ODAT.GI.ZS:MAR,1968-12-31,22.50752653369668
WDI:DT.ODA.ODAT.GI.ZS:MAR,1969-12-31,14.976966252418954
WDI:DT.ODA.ODAT.GI.ZS:MAR,1970-12-31,11.698879006897823
WDI:DT.ODA.ODAT.GI.ZS:MAR,1971-12-31,16.950876095637106
WDI:DT.ODA.ODAT.GI.ZS:MAR,1972-12-31,13.085257806545325
WDI:DT.ODA.ODAT.GI.ZS:MAR,1973-12-31,8.94535499421684
WDI:DT.ODA.ODAT.GI.ZS:MAR,1974-12-31,7.307355920285631
WDI:DT.ODA.ODAT.GI.ZS:MAR,1975-12-31,11.841380400339675
WDI:DT.ODA.ODAT.GI.ZS:MAR,1976-12-31,8.987637558373045
WDI:DT.ODA.ODAT.GI.ZS:MAR,1977-12-31,16.861171105486157
WDI:DT.ODA.ODAT.GI.ZS:MAR,1978-12-31,12.73822686074125
WDI:DT.ODA.ODAT.GI.ZS:MAR,1979-12-31,13.78860652776219
WDI:DT.ODA.ODAT.GI.ZS:MAR,1980-12-31,17.60085458126386
WDI:DT.ODA.ODAT.GI.ZS:MAR,1981-12-31,18.505146598974033
WDI:DT.ODA.ODAT.GI.ZS:MAR,1982-12-31,14.381157155517732
WDI:DT.ODA.ODAT.GI.ZS:MAR,1983-12-31,10.433880263977516
WDI:DT.ODA.ODAT.GI.ZS:MAR,1984-12-31,7.366483392474652
WDI:DT.ODA.ODAT.GI.ZS:MAR,1985-12-31,18.827063196469023
WDI:DT.ODA.ODAT.GI.ZS:MAR,1986-12-31,7.997979029555327
WDI:DT.ODA.ODAT.GI.ZS:MAR,1987-12-31,7.788703164030822
WDI:DT.ODA.ODAT.GI.ZS:MAR,1988-12-31,7.691113700560387
WDI:DT.ODA.ODAT.GI.ZS:MAR,1989-12-31,6.265977502778848
WDI:DT.ODA.ODAT.GI.ZS:MAR,1990-12-31,13.239729435316114
WDI:DT.ODA.ODAT.GI.ZS:MAR,1991-12-31,17.375012099357587
WDI:DT.ODA.ODAT.GI.ZS:MAR,1992-12-31,10.208252379624975
WDI:DT.ODA.ODAT.GI.ZS:MAR,1993-12-31,9.30728502295218
WDI:DT.ODA.ODAT.GI.ZS:MAR,1994-12-31,7.479415446182572
WDI:DT.ODA.ODAT.GI.ZS:MAR,1995-12-31,5.050382694716507
WDI:DT.ODA.ODAT.GI.ZS:MAR,1996-12-31,6.15010545797446
WDI:DT.ODA.ODAT.GI.ZS:MAR,1997-12-31,4.833430724451205
WDI:DT.ODA.ODAT.GI.ZS:MAR,1998-12-31,4.569838854653648
WDI:DT.ODA.ODAT.GI.ZS:MAR,1999-12-31,6.340920411627496
WDI:DT.ODA.ODAT.GI.ZS:MAR,2000-12-31,4.36849716645122
WDI:DT.ODA.ODAT.GI.ZS:MAR,2001-12-31,4.532119574372185
WDI:DT.ODA.ODAT.GI.ZS:MAR,2002-12-31,3.1704096436009603
WDI:DT.ODA.ODAT.GI.ZS:MAR,2003-12-31,3.865751464549642
WDI:DT.ODA.ODAT.GI.ZS:MAR,2004-12-31,4.2320652834284695
WDI:DT.ODA.ODAT.GI.ZS:MAR,2005-12-31,3.88106524782909
WDI:DT.ODA.ODAT.GI.ZS:MAR,2006-12-31,5.193065675245101
WDI:DT.ODA.ODAT.GI.ZS:MAR,2007-12-31,4.552203558611366
WDI:DT.ODA.ODAT.GI.ZS:MAR,2008-12-31,4.019236938140315
WDI:DT.ODA.ODAT.GI.ZS:MAR,2009-12-31,3.212697061807638
WDI:DT.ODA.ODAT.GI.ZS:MAR,2010-12-31,3.057184213905916
WDI:DT.ODA.ODAT.GI.ZS:MAR,2011-12-31,3.971161005318284
WDI:DT.ODA.ODAT.GI.ZS:MAR,2012-12-31,4.275090273421911
WDI:DT.ODA.ODAT.GI.ZS:MAR,2013-12-31,5.422567432456738
WDI:DT.ODA.ODAT.GI.ZS:MAR,2014-12-31,6.1103267514778805
WDI:DT.ODA.ODAT.GI.ZS:MAR,2015-12-31,4.556680096119379
WDI:DT.ODA.ODAT.GI.ZS:MAR,2016-12-31,5.783816448883933
WDI:DT.ODA.ODAT.GI.ZS:MAR,2017-12-31,6.46894150019849
WDI:DT.ODA.ODAT.GI.ZS:MAR,2018-12-31,1.9993987634346673
WDI:DT.ODA.ODAT.GI.ZS:MAR,2019-12-31,1.9084847029173773
WDI:DT.ODA.ODAT.GI.ZS:MAR,2020-12-31,5.238744272978169
WDI:DT.ODA.ODAT.GI.ZS:MAR,2021-12-31,2.2846361719293142
WDI:DT.ODA.ODAT.GI.ZS:MAR,2022-12-31,3.543207265631023
WDI:DT.ODA.ODAT.GI.ZS:MAR,2023-12-31,1.822206767437
WDI:DT.ODA.ODAT.GI.ZS:MDA,1997-12-31,14.205189118346018
WDI:DT.ODA.ODAT.GI.ZS:MDA,1998-12-31,9.050960328586697
WDI:DT.ODA.ODAT.GI.ZS:MDA,1999-12-31,40.03483158417042
WDI:DT.ODA.ODAT.GI.ZS:MDA,2000-12-31,39.7517783620566
WDI:DT.ODA.ODAT.GI.ZS:MDA,2001-12-31,34.58972928316135
WDI:DT.ODA.ODAT.GI.ZS:MDA,2002-12-31,39.72196147026488
WDI:DT.ODA.ODAT.GI.ZS:MDA,2003-12-31,25.93227022316845
WDI:DT.ODA.ODAT.GI.ZS:MDA,2004-12-31,17.506635661873286
WDI:DT.ODA.ODAT.GI.ZS:MDA,2005-12-31,18.423344032925133
WDI:DT.ODA.ODAT.GI.ZS:MDA,2006-12-31,20.143033191821537
WDI:DT.ODA.ODAT.GI.ZS:MDA,2007-12-31,16.11712281214868
WDI:DT.ODA.ODAT.GI.ZS:MDA,2008-12-31,12.553384900312652
WDI:DT.ODA.ODAT.GI.ZS:MDA,2009-12-31,19.524729428044488
WDI:DT.ODA.ODAT.GI.ZS:MDA,2010-12-31,24.48039267177414
WDI:DT.ODA.ODAT.GI.ZS:MDA,2011-12-31,22.815965323097213
WDI:DT.ODA.ODAT.GI.ZS:MDA,2012-12-31,22.561810909007974
WDI:DT.ODA.ODAT.GI.ZS:MDA,2013-12-31,14.723246690739844
WDI:DT.ODA.ODAT.GI.ZS:MDA,2014-12-31,23.156643227130697
WDI:DT.ODA.ODAT.GI.ZS:MDA,2015-12-31,16.659688818768732
WDI:DT.ODA.ODAT.GI.ZS:MDA,2016-12-31,14.933549012104422
WDI:DT.ODA.ODAT.GI.ZS:MDA,2017-12-31,11.651344790610116
WDI:DT.ODA.ODAT.GI.ZS:MDA,2018-12-31,8.679804379957792
WDI:DT.ODA.ODAT.GI.ZS:MDA,2019-12-31,11.61056809747486
WDI:DT.ODA.ODAT.GI.ZS:MDA,2020-12-31,19.087282331447135
WDI:DT.ODA.ODAT.GI.ZS:MDA,2021-12-31,16.24130051754292
WDI:DT.ODA.ODAT.GI.ZS:MDA,2022-12-31,22.32818874834809
WDI:DT.ODA.ODAT.GI.ZS:MDA,2023-12-31,31.3237059102491
WDI:DT.ODA.ODAT.GI.ZS:MDG,1960-12-31,5.655667105940246
WDI:DT.ODA.ODAT.GI.ZS:MDG,1961-12-31,3.65198814791613
WDI:DT.ODA.ODAT.GI.ZS:MDG,1962-12-31,13.3804123629573
WDI:DT.ODA.ODAT.GI.ZS:MDG,1963-12-31,16.154069056551286
WDI:DT.ODA.ODAT.GI.ZS:MDG,1964-12-31,83.87814765377405
WDI:DT.ODA.ODAT.GI.ZS:MDG,1965-12-31,93.78648628062636
WDI:DT.ODA.ODAT.GI.ZS:MDG,1966-12-31,62.09490685271606
WDI:DT.ODA.ODAT.GI.ZS:MDG,1967-12-31,49.24873352153495
WDI:DT.ODA.ODAT.GI.ZS:MDG,1968-12-31,45.6691734613939
WDI:DT.ODA.ODAT.GI.ZS:MDG,1969-12-31,40.00335279899439
WDI:DT.ODA.ODAT.GI.ZS:MDG,1970-12-31,43.50567948116368
WDI:DT.ODA.ODAT.GI.ZS:MDG,1971-12-31,34.834704135323946
WDI:DT.ODA.ODAT.GI.ZS:MDG,1972-12-31,46.22858137574059
WDI:DT.ODA.ODAT.GI.ZS:MDG,1973-12-31,34.91029901677715
WDI:DT.ODA.ODAT.GI.ZS:MDG,1974-12-31,37.78760644085217
WDI:DT.ODA.ODAT.GI.ZS:MDG,1975-12-31,44.252377176536285
WDI:DT.ODA.ODAT.GI.ZS:MDG,1976-12-31,34.56590163122123
WDI:DT.ODA.ODAT.GI.ZS:MDG,1977-12-31,31.790436132070667
WDI:DT.ODA.ODAT.GI.ZS:MDG,1978-12-31,35.34839683865423
WDI:DT.ODA.ODAT.GI.ZS:MDG,1979-12-31,24.5934914485143
WDI:DT.ODA.ODAT.GI.ZS:MDG,1980-12-31,9.471801685308698
WDI:DT.ODA.ODAT.GI.ZS:MDG,1981-12-31,13.716762749696054
WDI:DT.ODA.ODAT.GI.ZS:MDG,1982-12-31,19.04582999661948
WDI:DT.ODA.ODAT.GI.ZS:MDG,1983-12-31,14.869849740885885
WDI:DT.ODA.ODAT.GI.ZS:MDG,1984-12-31,14.337987591375152
WDI:DT.ODA.ODAT.GI.ZS:MDG,1985-12-31,25.87776209674779
WDI:DT.ODA.ODAT.GI.ZS:MDG,1986-12-31,34.749523795930756
WDI:DT.ODA.ODAT.GI.ZS:MDG,1987-12-31,41.156663698330426
WDI:DT.ODA.ODAT.GI.ZS:MDG,1988-12-31,52.72388349264907
WDI:DT.ODA.ODAT.GI.ZS:MDG,1989-12-31,26.833113356606177
WDI:DT.ODA.ODAT.GI.ZS:MDG,1990-12-31,28.077540816739383
WDI:DT.ODA.ODAT.GI.ZS:MDG,1991-12-31,45.58513057884074
WDI:DT.ODA.ODAT.GI.ZS:MDG,1992-12-31,26.963732903629566
WDI:DT.ODA.ODAT.GI.ZS:MDG,1993-12-31,23.471397196658998
WDI:DT.ODA.ODAT.GI.ZS:MDG,1994-12-31,24.885626823403804
WDI:DT.ODA.ODAT.GI.ZS:MDG,1995-12-31,87.93895395085185
WDI:DT.ODA.ODAT.GI.ZS:MDG,1996-12-31,75.49570443926096
WDI:DT.ODA.ODAT.GI.ZS:MDG,1997-12-31,193.55856283965767
WDI:DT.ODA.ODAT.GI.ZS:MDG,1998-12-31,89.90579762556673
WDI:DT.ODA.ODAT.GI.ZS:MDG,1999-12-31,68.90855112414054
WDI:DT.ODA.ODAT.GI.ZS:MDG,2000-12-31,58.751267527725794
WDI:DT.ODA.ODAT.GI.ZS:MDG,2001-12-31,47.46494705640251
WDI:DT.ODA.ODAT.GI.ZS:MDG,2002-12-31,63.693018136724156
WDI:DT.ODA.ODAT.GI.ZS:MDG,2003-12-31,62.35548302457533
WDI:DT.ODA.ODAT.GI.ZS:MDG,2004-12-31,116.92179175369084
WDI:DT.ODA.ODAT.GI.ZS:MDG,2005-12-31,80.90156201695284
WDI:DT.ODA.ODAT.GI.ZS:MDG,2006-12-31,60.38336902383379
WDI:DT.ODA.ODAT.GI.ZS:MDG,2007-12-31,39.67323700513724
WDI:DT.ODA.ODAT.GI.ZS:MDG,2008-12-31,20.386994907666065
WDI:DT.ODA.ODAT.GI.ZS:MDG,2009-12-31,12.138508532235226
WDI:DT.ODA.ODAT.GI.ZS:MDG,2010-12-31,14.242793029502565
WDI:DT.ODA.ODAT.GI.ZS:MDG,2011-12-31,16.581282709660375
WDI:DT.ODA.ODAT.GI.ZS:MDG,2012-12-31,15.778767146800082
WDI:DT.ODA.ODAT.GI.ZS:MDG,2013-12-31,24.337429079099877
WDI:DT.ODA.ODAT.GI.ZS:MDG,2014-12-31,28.47876617754355
WDI:DT.ODA.ODAT.GI.ZS:MDG,2015-12-31,37.415618933800545
WDI:DT.ODA.ODAT.GI.ZS:MDG,2016-12-31,32.05448395498416
WDI:DT.ODA.ODAT.GI.ZS:MDG,2017-12-31,37.405145257698955
WDI:DT.ODA.ODAT.GI.ZS:MDG,2018-12-31,26.503348252916183
WDI:DT.ODA.ODAT.GI.ZS:MDG,2019-12-31,22.913439877751713
WDI:DT.ODA.ODAT.GI.ZS:MDG,2020-12-31,56.21631102666925
WDI:DT.ODA.ODAT.GI.ZS:MDG,2021-12-31,45.455238354367964
WDI:DT.ODA.ODAT.GI.ZS:MDG,2022-12-31,29.573823679593698
WDI:DT.ODA.ODAT.GI.ZS:MDG,2023-12-31,36.5002795087397
WDI:DT.ODA.ODAT.GI.ZS:MDV,2014-12-31,2.1884059500465165
WDI:DT.ODA.ODAT.GI.ZS:MDV,2015-12-31,1.8206930466408324
WDI:DT.ODA.ODAT.GI.ZS:MDV,2016-12-31,1.2952009002198461
WDI:DT.ODA.ODAT.GI.ZS:MDV,2017-12-31,2.253618960650355
WDI:DT.ODA.ODAT.GI.ZS:MDV,2018-12-31,4.966195802601926
WDI:DT.ODA.ODAT.GI.ZS:MDV,2019-12-31,2.8963673495115487
WDI:DT.ODA.ODAT.GI.ZS:MDV,2020-12-31,23.668517839162213
WDI:DT.ODA.ODAT.GI.ZS:MDV,2021-12-31,8.578687144305153
WDI:DT.ODA.ODAT.GI.ZS:MDV,2022-12-31,5.902985150578035
WDI:DT.ODA.ODAT.GI.ZS:MDV,2023-12-31,9.16269147856546
WDI:DT.ODA.ODAT.GI.ZS:MEA,1968-12-31,6.795871606548781
WDI:DT.ODA.ODAT.GI.ZS:MEA,1969-12-31,6.060516862286038
WDI:DT.ODA.ODAT.GI.ZS:MEA,1970-12-31,8.180079880464351
WDI:DT.ODA.ODAT.GI.ZS:MEA,1971-12-31,7.678532579486616
WDI:DT.ODA.ODAT.GI.ZS:MEA,1972-12-31,6.27872321055899
WDI:DT.ODA.ODAT.GI.ZS:MEA,1973-12-31,10.719553439700645
WDI:DT.ODA.ODAT.GI.ZS:MEA,1974-12-31,7.186283055436451
WDI:DT.ODA.ODAT.GI.ZS:MEA,1975-12-31,9.644540746528348
WDI:DT.ODA.ODAT.GI.ZS:MEA,1976-12-31,7.3226082289016805
WDI:DT.ODA.ODAT.GI.ZS:MEA,1977-12-31,6.787781179499087
WDI:DT.ODA.ODAT.GI.ZS:MEA,1978-12-31,6.722960548647221
WDI:DT.ODA.ODAT.GI.ZS:MEA,1979-12-31,7.411080876442666
WDI:DT.ODA.ODAT.GI.ZS:MEA,1980-12-31,5.83615498587027
WDI:DT.ODA.ODAT.GI.ZS:MEA,1981-12-31,5.209252398645453
WDI:DT.ODA.ODAT.GI.ZS:MEA,1982-12-31,4.4326463942673415
WDI:DT.ODA.ODAT.GI.ZS:MEA,1983-12-31,3.6566106409369312
WDI:DT.ODA.ODAT.GI.ZS:MEA,1984-12-31,3.5905632808230594
WDI:DT.ODA.ODAT.GI.ZS:MEA,1985-12-31,4.818849108125718
WDI:DT.ODA.ODAT.GI.ZS:MEA,1986-12-31,4.715070902899648
WDI:DT.ODA.ODAT.GI.ZS:MEA,1987-12-31,5.377369643632846
WDI:DT.ODA.ODAT.GI.ZS:MEA,1988-12-31,4.796153387165725
WDI:DT.ODA.ODAT.GI.ZS:MEA,1989-12-31,5.164430552907887
WDI:DT.ODA.ODAT.GI.ZS:MEA,1990-12-31,5.79154546215289
WDI:DT.ODA.ODAT.GI.ZS:MEA,1991-12-31,8.020646662810249
WDI:DT.ODA.ODAT.GI.ZS:MEA,1992-12-31,5.4157910164565015
WDI:DT.ODA.ODAT.GI.ZS:MEA,1993-12-31,5.138588983536117
WDI:DT.ODA.ODAT.GI.ZS:MEA,1994-12-31,6.308829047120912
WDI:DT.ODA.ODAT.GI.ZS:MEA,1995-12-31,3.6151117641121564
WDI:DT.ODA.ODAT.GI.ZS:MEA,1996-12-31,4.305387498764942
WDI:DT.ODA.ODAT.GI.ZS:MEA,1997-12-31,3.2733028908293242
WDI:DT.ODA.ODAT.GI.ZS:MEA,1998-12-31,3.380079112117925
WDI:DT.ODA.ODAT.GI.ZS:MEA,1999-12-31,2.737284171523636
WDI:DT.ODA.ODAT.GI.ZS:MEA,2000-12-31,2.298839542419655
WDI:DT.ODA.ODAT.GI.ZS:MEA,2001-12-31,2.835432925708684
WDI:DT.ODA.ODAT.GI.ZS:MEA,2002-12-31,3.2072052993072107
WDI:DT.ODA.ODAT.GI.ZS:MEA,2003-12-31,3.856000641355957
WDI:DT.ODA.ODAT.GI.ZS:MEA,2004-12-31,4.148173873163424
WDI:DT.ODA.ODAT.GI.ZS:MEA,2005-12-31,8.153559482825626
WDI:DT.ODA.ODAT.GI.ZS:MEA,2006-12-31,4.5438254592656255
WDI:DT.ODA.ODAT.GI.ZS:MEA,2007-12-31,3.9502435744573856
WDI:DT.ODA.ODAT.GI.ZS:MEA,2008-12-31,3.7307465732525533
WDI:DT.ODA.ODAT.GI.ZS:MEA,2009-12-31,2.948951300053486
WDI:DT.ODA.ODAT.GI.ZS:MEA,2010-12-31,2.4120293461289335
WDI:DT.ODA.ODAT.GI.ZS:MEA,2011-12-31,2.7774504975285796
WDI:DT.ODA.ODAT.GI.ZS:MEA,2012-12-31,2.240880008619543
WDI:DT.ODA.ODAT.GI.ZS:MEA,2013-12-31,3.3827704564671977
WDI:DT.ODA.ODAT.GI.ZS:MEA,2014-12-31,4.005063653208162
WDI:DT.ODA.ODAT.GI.ZS:MEA,2015-12-31,2.9011165787379687
WDI:DT.ODA.ODAT.GI.ZS:MEA,2016-12-31,3.476038590814306
WDI:DT.ODA.ODAT.GI.ZS:MEA,2017-12-31,3.4366231756039083
WDI:DT.ODA.ODAT.GI.ZS:MEA,2018-12-31,3.617213854318719
WDI:DT.ODA.ODAT.GI.ZS:MEA,2019-12-31,3.2053559023963722
WDI:DT.ODA.ODAT.GI.ZS:MEA,2020-12-31,3.824301344695688
WDI:DT.ODA.ODAT.GI.ZS:MEA,2021-12-31,3.804845343815392
WDI:DT.ODA.ODAT.GI.ZS:MEA,2022-12-31,2.608548631429048
WDI:DT.ODA.ODAT.GI.ZS:MEA,2023-12-31,2.64284629557541
WDI:DT.ODA.ODAT.GI.ZS:MEX,1960-12-31,0.3239683207788031
WDI:DT.ODA.ODAT.GI.ZS:MEX,1961-12-31,3.4056767022852292
WDI:DT.ODA.ODAT.GI.ZS:MEX,1962-12-31,1.4845159777620551
WDI:DT.ODA.ODAT.GI.ZS:MEX,1963-12-31,0.09819878845732717
WDI:DT.ODA.ODAT.GI.ZS:MEX,1964-12-31,-0.6000489844371709
WDI:DT.ODA.ODAT.GI.ZS:MEX,1965-12-31,1.1062227063097294
WDI:DT.ODA.ODAT.GI.ZS:MEX,1966-12-31,0.7654579649196057
WDI:DT.ODA.ODAT.GI.ZS:MEX,1967-12-31,0.672823326118764
WDI:DT.ODA.ODAT.GI.ZS:MEX,1968-12-31,0.47639927948534466
WDI:DT.ODA.ODAT.GI.ZS:MEX,1969-12-31,0.3392761202890235
WDI:DT.ODA.ODAT.GI.ZS:MEX,1970-12-31,0.3705602145507196
WDI:DT.ODA.ODAT.GI.ZS:MEX,1971-12-31,0.21197846861841707
WDI:DT.ODA.ODAT.GI.ZS:MEX,1972-12-31,0.2308969864343614
WDI:DT.ODA.ODAT.GI.ZS:MEX,1973-12-31,0.11175950267230421
WDI:DT.ODA.ODAT.GI.ZS:MEX,1974-12-31,0.13222210500678494
WDI:DT.ODA.ODAT.GI.ZS:MEX,1975-12-31,0.103696948792863
WDI:DT.ODA.ODAT.GI.ZS:MEX,1976-12-31,0.10333602968550437
WDI:DT.ODA.ODAT.GI.ZS:MEX,1977-12-31,0.09891316811118223
WDI:DT.ODA.ODAT.GI.ZS:MEX,1978-12-31,0.07164464476621393
WDI:DT.ODA.ODAT.GI.ZS:MEX,1979-12-31,0.19248553416149664
WDI:DT.ODA.ODAT.GI.ZS:MEX,1980-12-31,0.12740430483365678
WDI:DT.ODA.ODAT.GI.ZS:MEX,1981-12-31,0.1627252771206225
WDI:DT.ODA.ODAT.GI.ZS:MEX,1982-12-31,0.3770843566559945
WDI:DT.ODA.ODAT.GI.ZS:MEX,1983-12-31,0.4847826619563992
WDI:DT.ODA.ODAT.GI.ZS:MEX,1984-12-31,0.2680907624891705
WDI:DT.ODA.ODAT.GI.ZS:MEX,1985-12-31,0.38635891066022204
WDI:DT.ODA.ODAT.GI.ZS:MEX,1986-12-31,1.1226407390352804
WDI:DT.ODA.ODAT.GI.ZS:MEX,1987-12-31,0.6533190610796397
WDI:DT.ODA.ODAT.GI.ZS:MEX,1988-12-31,0.4313286600985182
WDI:DT.ODA.ODAT.GI.ZS:MEX,1989-12-31,0.2238557892013038
WDI:DT.ODA.ODAT.GI.ZS:MEX,1990-12-31,0.29334500440425265
WDI:DT.ODA.ODAT.GI.ZS:MEX,1991-12-31,0.39562707035293887
WDI:DT.ODA.ODAT.GI.ZS:MEX,1992-12-31,0.4005049844244981
WDI:DT.ODA.ODAT.GI.ZS:MEX,1993-12-31,0.3721828474099331
WDI:DT.ODA.ODAT.GI.ZS:MEX,1994-12-31,0.3341509830805697
WDI:DT.ODA.ODAT.GI.ZS:MEX,1995-12-31,0.5592400302466504
WDI:DT.ODA.ODAT.GI.ZS:MEX,1996-12-31,0.3580775615546469
WDI:DT.ODA.ODAT.GI.ZS:MEX,1997-12-31,0.10280902061283405
WDI:DT.ODA.ODAT.GI.ZS:MEX,1998-12-31,0.023627480052017178
WDI:DT.ODA.ODAT.GI.ZS:MEX,1999-12-31,0.03272233600436751
WDI:DT.ODA.ODAT.GI.ZS:MEX,2000-12-31,-0.024488684366237398
WDI:DT.ODA.ODAT.GI.ZS:MEX,2001-12-31,0.06130111851546468
WDI:DT.ODA.ODAT.GI.ZS:MEX,2002-12-31,0.08193298223169061
WDI:DT.ODA.ODAT.GI.ZS:MEX,2003-12-31,0.07234167199534261
WDI:DT.ODA.ODAT.GI.ZS:MEX,2004-12-31,0.07524336026447134
WDI:DT.ODA.ODAT.GI.ZS:MEX,2005-12-31,0.10127594280605272
WDI:DT.ODA.ODAT.GI.ZS:MEX,2006-12-31,0.1068139489345569
WDI:DT.ODA.ODAT.GI.ZS:MEX,2007-12-31,0.044217038317494364
WDI:DT.ODA.ODAT.GI.ZS:MEX,2008-12-31,0.05292915654220896
WDI:DT.ODA.ODAT.GI.ZS:MEX,2009-12-31,0.08507107663541487
WDI:DT.ODA.ODAT.GI.ZS:MEX,2010-12-31,0.16903831694514926
WDI:DT.ODA.ODAT.GI.ZS:MEX,2011-12-31,0.3244397300098008
WDI:DT.ODA.ODAT.GI.ZS:MEX,2012-12-31,0.13332472577762985
WDI:DT.ODA.ODAT.GI.ZS:MEX,2013-12-31,0.18679443474738064
WDI:DT.ODA.ODAT.GI.ZS:MEX,2014-12-31,0.2678862211125829
WDI:DT.ODA.ODAT.GI.ZS:MEX,2015-12-31,0.11148844203159942
WDI:DT.ODA.ODAT.GI.ZS:MEX,2016-12-31,0.29891787544487675
WDI:DT.ODA.ODAT.GI.ZS:MEX,2017-12-31,0.2652482526296475
WDI:DT.ODA.ODAT.GI.ZS:MEX,2018-12-31,0.1862051829686237
WDI:DT.ODA.ODAT.GI.ZS:MEX,2019-12-31,0.1821966720720581
WDI:DT.ODA.ODAT.GI.ZS:MEX,2020-12-31,0.3504250976387241
WDI:DT.ODA.ODAT.GI.ZS:MEX,2021-12-31,0.1976339630698347
WDI:DT.ODA.ODAT.GI.ZS:MEX,2022-12-31,0.1486973168054848
WDI:DT.ODA.ODAT.GI.ZS:MEX,2023-12-31,0.108004757271849
WDI:DT.ODA.ODAT.GI.ZS:MHL,2004-12-31,212.236187964507
WDI:DT.ODA.ODAT.GI.ZS:MHL,2005-12-31,226.17900057937402
WDI:DT.ODA.ODAT.GI.ZS:MHL,2006-12-31,132.33797078880022
WDI:DT.ODA.ODAT.GI.ZS:MHL,2007-12-31,132.7318674724701
WDI:DT.ODA.ODAT.GI.ZS:MHL,2008-12-31,182.5699059340288
WDI:DT.ODA.ODAT.GI.ZS:MHL,2009-12-31,106.92882876620111
WDI:DT.ODA.ODAT.GI.ZS:MHL,2010-12-31,35.92276038943074
WDI:DT.ODA.ODAT.GI.ZS:MHL,2011-12-31,212.53054345426622
WDI:DT.ODA.ODAT.GI.ZS:MHL,2012-12-31,359.40257890651793
WDI:DT.ODA.ODAT.GI.ZS:MHL,2013-12-31,206.74850314815276
WDI:DT.ODA.ODAT.GI.ZS:MHL,2014-12-31,146.35040266443562
WDI:DT.ODA.ODAT.GI.ZS:MHL,2015-12-31,178.59547530682212
WDI:DT.ODA.ODAT.GI.ZS:MHL,2016-12-31,29.888806279623044
WDI:DT.ODA.ODAT.GI.ZS:MHL,2017-12-31,149.74296729217312
WDI:DT.ODA.ODAT.GI.ZS:MHL,2018-12-31,109.19898177269944
WDI:DT.ODA.ODAT.GI.ZS:MHL,2019-12-31,53.30104287122125
WDI:DT.ODA.ODAT.GI.ZS:MHL,2020-12-31,365.8861773068779
WDI:DT.ODA.ODAT.GI.ZS:MHL,2021-12-31,208.08735851482228
WDI:DT.ODA.ODAT.GI.ZS:MHL,2022-12-31,205.0828822451615
WDI:DT.ODA.ODAT.GI.ZS:MHL,2023-12-31,247.811089728972
WDI:DT.ODA.ODAT.GI.ZS:MIC,1960-12-31,4.801737879530657
WDI:DT.ODA.ODAT.GI.ZS:MIC,1961-12-31,7.341424275992976
WDI:DT.ODA.ODAT.GI.ZS:MIC,1962-12-31,8.048987439517182
WDI:DT.ODA.ODAT.GI.ZS:MIC,1963-12-31,7.41189462066357
WDI:DT.ODA.ODAT.GI.ZS:MIC,1964-12-31,6.438929819181313
WDI:DT.ODA.ODAT.GI.ZS:MIC,1965-12-31,5.894844623050732
WDI:DT.ODA.ODAT.GI.ZS:MIC,1966-12-31,5.838451590017601
WDI:DT.ODA.ODAT.GI.ZS:MIC,1967-12-31,6.289382022032538
WDI:DT.ODA.ODAT.GI.ZS:MIC,1968-12-31,5.321481811407085
WDI:DT.ODA.ODAT.GI.ZS:MIC,1969-12-31,4.5532566190462775
WDI:DT.ODA.ODAT.GI.ZS:MIC,1970-12-31,3.996746317713648
WDI:DT.ODA.ODAT.GI.ZS:MIC,1971-12-31,4.021017094424058
WDI:DT.ODA.ODAT.GI.ZS:MIC,1972-12-31,3.6486901117966646
WDI:DT.ODA.ODAT.GI.ZS:MIC,1973-12-31,3.634128506205293
WDI:DT.ODA.ODAT.GI.ZS:MIC,1974-12-31,3.7031781622066005
WDI:DT.ODA.ODAT.GI.ZS:MIC,1975-12-31,4.150341568563353
WDI:DT.ODA.ODAT.GI.ZS:MIC,1976-12-31,3.848115937438474
WDI:DT.ODA.ODAT.GI.ZS:MIC,1977-12-31,3.3091144268372084
WDI:DT.ODA.ODAT.GI.ZS:MIC,1978-12-31,3.7241717467683655
WDI:DT.ODA.ODAT.GI.ZS:MIC,1979-12-31,3.760992526506316
WDI:DT.ODA.ODAT.GI.ZS:MIC,1980-12-31,3.7965788072743782
WDI:DT.ODA.ODAT.GI.ZS:MIC,1981-12-31,3.2666238540799344
WDI:DT.ODA.ODAT.GI.ZS:MIC,1982-12-31,3.3633544649198015
WDI:DT.ODA.ODAT.GI.ZS:MIC,1983-12-31,3.2281612797784396
WDI:DT.ODA.ODAT.GI.ZS:MIC,1984-12-31,3.1954991774911816
WDI:DT.ODA.ODAT.GI.ZS:MIC,1985-12-31,3.0781943043056383
WDI:DT.ODA.ODAT.GI.ZS:MIC,1986-12-31,3.638516834481727
WDI:DT.ODA.ODAT.GI.ZS:MIC,1987-12-31,3.9467650403428935
WDI:DT.ODA.ODAT.GI.ZS:MIC,1988-12-31,3.8255565046948936
WDI:DT.ODA.ODAT.GI.ZS:MIC,1989-12-31,3.6739392640363784
WDI:DT.ODA.ODAT.GI.ZS:MIC,1990-12-31,4.164477628101826
WDI:DT.ODA.ODAT.GI.ZS:MIC,1991-12-31,4.914666021713505
WDI:DT.ODA.ODAT.GI.ZS:MIC,1992-12-31,4.345685903912979
WDI:DT.ODA.ODAT.GI.ZS:MIC,1993-12-31,3.7147503992943713
WDI:DT.ODA.ODAT.GI.ZS:MIC,1994-12-31,3.4584973538113797
WDI:DT.ODA.ODAT.GI.ZS:MIC,1995-12-31,3.042774770491421
WDI:DT.ODA.ODAT.GI.ZS:MIC,1996-12-31,2.5271990009064487
WDI:DT.ODA.ODAT.GI.ZS:MIC,1997-12-31,2.1059813039501254
WDI:DT.ODA.ODAT.GI.ZS:MIC,1998-12-31,2.3999285890426356
WDI:DT.ODA.ODAT.GI.ZS:MIC,1999-12-31,2.626034248921103
WDI:DT.ODA.ODAT.GI.ZS:MIC,2000-12-31,2.2001882511351725
WDI:DT.ODA.ODAT.GI.ZS:MIC,2001-12-31,2.2445155589210963
WDI:DT.ODA.ODAT.GI.ZS:MIC,2002-12-31,2.361682677953104
WDI:DT.ODA.ODAT.GI.ZS:MIC,2003-12-31,2.1019413770287274
WDI:DT.ODA.ODAT.GI.ZS:MIC,2004-12-31,1.9437480647006553
WDI:DT.ODA.ODAT.GI.ZS:MIC,2005-12-31,2.6995278941772347
WDI:DT.ODA.ODAT.GI.ZS:MIC,2006-12-31,2.052900208863786
WDI:DT.ODA.ODAT.GI.ZS:MIC,2007-12-31,1.43592531766864
WDI:DT.ODA.ODAT.GI.ZS:MIC,2008-12-31,1.2831907282043964
WDI:DT.ODA.ODAT.GI.ZS:MIC,2009-12-31,1.213258505641688
WDI:DT.ODA.ODAT.GI.ZS:MIC,2010-12-31,0.8628392169160668
WDI:DT.ODA.ODAT.GI.ZS:MIC,2011-12-31,0.8592180972191653
WDI:DT.ODA.ODAT.GI.ZS:MIC,2012-12-31,0.8037861791918818
WDI:DT.ODA.ODAT.GI.ZS:MIC,2013-12-31,0.8567948457690855
WDI:DT.ODA.ODAT.GI.ZS:MIC,2014-12-31,0.7923981732072741
WDI:DT.ODA.ODAT.GI.ZS:MIC,2015-12-31,0.7745704708413549
WDI:DT.ODA.ODAT.GI.ZS:MIC,2016-12-31,0.7948295925483888
WDI:DT.ODA.ODAT.GI.ZS:MIC,2017-12-31,0.7290776952826559
WDI:DT.ODA.ODAT.GI.ZS:MIC,2018-12-31,0.6350206858935148
WDI:DT.ODA.ODAT.GI.ZS:MIC,2019-12-31,0.6193245380057307
WDI:DT.ODA.ODAT.GI.ZS:MIC,2020-12-31,0.829926345216354
WDI:DT.ODA.ODAT.GI.ZS:MIC,2021-12-31,0.6936641705376437
WDI:DT.ODA.ODAT.GI.ZS:MIC,2022-12-31,0.8413463321193481
WDI:DT.ODA.ODAT.GI.ZS:MIC,2023-12-31,0.937510285178865
WDI:DT.ODA.ODAT.GI.ZS:MKD,1993-12-31,0.814009262560191
WDI:DT.ODA.ODAT.GI.ZS:MKD,1994-12-31,19.920591582387978
WDI:DT.ODA.ODAT.GI.ZS:MKD,1995-12-31,8.482999363454347
WDI:DT.ODA.ODAT.GI.ZS:MKD,1996-12-31,11.887930025187252
WDI:DT.ODA.ODAT.GI.ZS:MKD,1997-12-31,12.59623157317607
WDI:DT.ODA.ODAT.GI.ZS:MKD,1998-12-31,13.162540031433648
WDI:DT.ODA.ODAT.GI.ZS:MKD,1999-12-31,38.276158393581525
WDI:DT.ODA.ODAT.GI.ZS:MKD,2000-12-31,30.38804917784225
WDI:DT.ODA.ODAT.GI.ZS:MKD,2001-12-31,38.4634336499884
WDI:DT.ODA.ODAT.GI.ZS:MKD,2002-12-31,32.71762372075448
WDI:DT.ODA.ODAT.GI.ZS:MKD,2003-12-31,30.006216271530324
WDI:DT.ODA.ODAT.GI.ZS:MKD,2004-12-31,22.07402760796565
WDI:DT.ODA.ODAT.GI.ZS:MKD,2005-12-31,18.308258070122285
WDI:DT.ODA.ODAT.GI.ZS:MKD,2006-12-31,13.67386297980325
WDI:DT.ODA.ODAT.GI.ZS:MKD,2007-12-31,10.210095414131972
WDI:DT.ODA.ODAT.GI.ZS:MKD,2008-12-31,7.326680625677675
WDI:DT.ODA.ODAT.GI.ZS:MKD,2009-12-31,8.024807702458615
WDI:DT.ODA.ODAT.GI.ZS:MKD,2010-12-31,8.429219195169091
WDI:DT.ODA.ODAT.GI.ZS:MKD,2011-12-31,6.808081694927746
WDI:DT.ODA.ODAT.GI.ZS:MKD,2012-12-31,5.239781380815824
WDI:DT.ODA.ODAT.GI.ZS:MKD,2013-12-31,6.312686353041701
WDI:DT.ODA.ODAT.GI.ZS:MKD,2014-12-31,6.156451397172116
WDI:DT.ODA.ODAT.GI.ZS:MKD,2015-12-31,7.003964592741217
WDI:DT.ODA.ODAT.GI.ZS:MKD,2016-12-31,4.852291514079639
WDI:DT.ODA.ODAT.GI.ZS:MKD,2017-12-31,4.109085174569049
WDI:DT.ODA.ODAT.GI.ZS:MKD,2018-12-31,4.1538695550411875
WDI:DT.ODA.ODAT.GI.ZS:MKD,2019-12-31,3.2536729428181808
WDI:DT.ODA.ODAT.GI.ZS:MKD,2020-12-31,7.679347734127654
WDI:DT.ODA.ODAT.GI.ZS:MKD,2021-12-31,7.5194501930949755
WDI:DT.ODA.ODAT.GI.ZS:MKD,2022-12-31,4.486319346537907
WDI:DT.ODA.ODAT.GI.ZS:MKD,2023-12-31,8.82296512118228
WDI:DT.ODA.ODAT.GI.ZS:MLI,1967-12-31,35.897313931267156
WDI:DT.ODA.ODAT.GI.ZS:MLI,1968-12-31,47.49593700672922
WDI:DT.ODA.ODAT.GI.ZS:MLI,1969-12-31,39.39336211988774
WDI:DT.ODA.ODAT.GI.ZS:MLI,1970-12-31,40.19026611782642
WDI:DT.ODA.ODAT.GI.ZS:MLI,1971-12-31,47.171895810340544
WDI:DT.ODA.ODAT.GI.ZS:MLI,1972-12-31,45.47529036979476
WDI:DT.ODA.ODAT.GI.ZS:MLI,1973-12-31,74.17908500557597
WDI:DT.ODA.ODAT.GI.ZS:MLI,1974-12-31,158.9528056153066
WDI:DT.ODA.ODAT.GI.ZS:MLI,1975-12-31,111.6549927186802
WDI:DT.ODA.ODAT.GI.ZS:MLI,1976-12-31,69.34761694442805
WDI:DT.ODA.ODAT.GI.ZS:MLI,1977-12-31,67.33678819938247
WDI:DT.ODA.ODAT.GI.ZS:MLI,1978-12-31,80.70790009197289
WDI:DT.ODA.ODAT.GI.ZS:MLI,1979-12-31,75.9587046098582
WDI:DT.ODA.ODAT.GI.ZS:MLI,1980-12-31,49.404440699187845
WDI:DT.ODA.ODAT.GI.ZS:MLI,1981-12-31,54.2988381211054
WDI:DT.ODA.ODAT.GI.ZS:MLI,1982-12-31,75.22581933809826
WDI:DT.ODA.ODAT.GI.ZS:MLI,1983-12-31,99.94433041707353
WDI:DT.ODA.ODAT.GI.ZS:MLI,1984-12-31,171.961013490961
WDI:DT.ODA.ODAT.GI.ZS:MLI,1985-12-31,177.60351695915787
WDI:DT.ODA.ODAT.GI.ZS:MLI,1986-12-31,103.53700731457151
WDI:DT.ODA.ODAT.GI.ZS:MLI,1987-12-31,62.50978476173514
WDI:DT.ODA.ODAT.GI.ZS:MLI,1988-12-31,91.12512919025122
WDI:DT.ODA.ODAT.GI.ZS:MLI,1989-12-31,62.616412751286255
WDI:DT.ODA.ODAT.GI.ZS:MLI,1990-12-31,68.59053821594976
WDI:DT.ODA.ODAT.GI.ZS:MLI,1991-12-31,66.350101473003
WDI:DT.ODA.ODAT.GI.ZS:MLI,1992-12-31,51.68750086389321
WDI:DT.ODA.ODAT.GI.ZS:MLI,1993-12-31,58.496069324847
WDI:DT.ODA.ODAT.GI.ZS:MLI,1994-12-31,70.62912420161909
WDI:DT.ODA.ODAT.GI.ZS:MLI,1995-12-31,60.18064788252083
WDI:DT.ODA.ODAT.GI.ZS:MLI,1996-12-31,57.34244997399015
WDI:DT.ODA.ODAT.GI.ZS:MLI,1997-12-31,51.02832095286932
WDI:DT.ODA.ODAT.GI.ZS:MLI,1998-12-31,43.978402418598904
WDI:DT.ODA.ODAT.GI.ZS:MLI,1999-12-31,47.41277500921998
WDI:DT.ODA.ODAT.GI.ZS:MLI,2000-12-31,46.24924990833597
WDI:DT.ODA.ODAT.GI.ZS:MLI,2001-12-31,40.179172791769105
WDI:DT.ODA.ODAT.GI.ZS:MLI,2002-12-31,54.472126480812314
WDI:DT.ODA.ODAT.GI.ZS:MLI,2003-12-31,48.49559880698137
WDI:DT.ODA.ODAT.GI.ZS:MLI,2004-12-31,48.1405740051579
WDI:DT.ODA.ODAT.GI.ZS:MLI,2005-12-31,59.246973319555984
WDI:DT.ODA.ODAT.GI.ZS:MLI,2006-12-31,49.97230760727498
WDI:DT.ODA.ODAT.GI.ZS:MLI,2007-12-31,55.95063765763063
WDI:DT.ODA.ODAT.GI.ZS:MLI,2008-12-31,39.16968806999762
WDI:DT.ODA.ODAT.GI.ZS:MLI,2009-12-31,36.37976512631768
WDI:DT.ODA.ODAT.GI.ZS:MLI,2010-12-31,31.980210156588175
WDI:DT.ODA.ODAT.GI.ZS:MLI,2011-12-31,33.97201728537338
WDI:DT.ODA.ODAT.GI.ZS:MLI,2012-12-31,32.51813874140944
WDI:DT.ODA.ODAT.GI.ZS:MLI,2013-12-31,36.765027262109555
WDI:DT.ODA.ODAT.GI.ZS:MLI,2014-12-31,27.173151381517975
WDI:DT.ODA.ODAT.GI.ZS:MLI,2015-12-31,30.974799527692348
WDI:DT.ODA.ODAT.GI.ZS:MLI,2016-12-31,26.348474577407988
WDI:DT.ODA.ODAT.GI.ZS:MLI,2017-12-31,29.08052931803532
WDI:DT.ODA.ODAT.GI.ZS:MLI,2018-12-31,31.207048844331908
WDI:DT.ODA.ODAT.GI.ZS:MLI,2019-12-31,33.46994261012849
WDI:DT.ODA.ODAT.GI.ZS:MLI,2020-12-31,36.66771081079924
WDI:DT.ODA.ODAT.GI.ZS:MLI,2021-12-31,26.274920412035545
WDI:DT.ODA.ODAT.GI.ZS:MLI,2022-12-31,24.023683445449322
WDI:DT.ODA.ODAT.GI.ZS:MLI,2023-12-31,24.0738215831179
WDI:DT.ODA.ODAT.GI.ZS:MLT,1970-12-31,25.980946293864303
WDI:DT.ODA.ODAT.GI.ZS:MLT,1971-12-31,22.755315001696637
WDI:DT.ODA.ODAT.GI.ZS:MLT,1972-12-31,22.265101666531113
WDI:DT.ODA.ODAT.GI.ZS:MLT,1973-12-31,39.229839801747985
WDI:DT.ODA.ODAT.GI.ZS:MLT,1974-12-31,23.005734693621427
WDI:DT.ODA.ODAT.GI.ZS:MLT,1975-12-31,32.8814384757672
WDI:DT.ODA.ODAT.GI.ZS:MLT,1976-12-31,22.764826604130835
WDI:DT.ODA.ODAT.GI.ZS:MLT,1977-12-31,20.918047991079174
WDI:DT.ODA.ODAT.GI.ZS:MLT,1978-12-31,23.149795167811707
WDI:DT.ODA.ODAT.GI.ZS:MLT,1979-12-31,22.135079719691806
WDI:DT.ODA.ODAT.GI.ZS:MLT,1980-12-31,5.643819794370411
WDI:DT.ODA.ODAT.GI.ZS:MLT,1981-12-31,15.985451792226735
WDI:DT.ODA.ODAT.GI.ZS:MLT,1982-12-31,7.022215359430812
WDI:DT.ODA.ODAT.GI.ZS:MLT,1983-12-31,13.740836814628626
WDI:DT.ODA.ODAT.GI.ZS:MLT,1984-12-31,3.9060884237323594
WDI:DT.ODA.ODAT.GI.ZS:MLT,1985-12-31,6.3607304554738135
WDI:DT.ODA.ODAT.GI.ZS:MLT,1986-12-31,2.0347420725964556
WDI:DT.ODA.ODAT.GI.ZS:MLT,1987-12-31,-0.3235288705547815
WDI:DT.ODA.ODAT.GI.ZS:MLT,1988-12-31,-0.5306756388463925
WDI:DT.ODA.ODAT.GI.ZS:MLT,1989-12-31,-0.9056404653659725
WDI:DT.ODA.ODAT.GI.ZS:MLT,1990-12-31,0.6806277218078997
WDI:DT.ODA.ODAT.GI.ZS:MLT,1991-12-31,2.7371004410454147
WDI:DT.ODA.ODAT.GI.ZS:MLT,1992-12-31,0.606109794195427
WDI:DT.ODA.ODAT.GI.ZS:MLT,1993-12-31,4.162100837222306
WDI:DT.ODA.ODAT.GI.ZS:MLT,1994-12-31,5.043269633195462
WDI:DT.ODA.ODAT.GI.ZS:MLT,1995-12-31,0.9188577917848116
WDI:DT.ODA.ODAT.GI.ZS:MLT,1996-12-31,6.939905518587242
WDI:DT.ODA.ODAT.GI.ZS:MLT,1997-12-31,2.356152095560805
WDI:DT.ODA.ODAT.GI.ZS:MLT,1998-12-31,2.0948248490553967
WDI:DT.ODA.ODAT.GI.ZS:MLT,1999-12-31,2.5868246386186398
WDI:DT.ODA.ODAT.GI.ZS:MLT,2000-12-31,1.9258115999951135
WDI:DT.ODA.ODAT.GI.ZS:MLT,2001-12-31,0.19830939188862634
WDI:DT.ODA.ODAT.GI.ZS:MLT,2002-12-31,1.4149874585639748
WDI:DT.ODA.ODAT.GI.ZS:MNA,1960-12-31,29.536877721890125
WDI:DT.ODA.ODAT.GI.ZS:MNA,1961-12-31,32.119506139063326
WDI:DT.ODA.ODAT.GI.ZS:MNA,1962-12-31,33.81233357101151
WDI:DT.ODA.ODAT.GI.ZS:MNA,1963-12-31,33.46272409702258
WDI:DT.ODA.ODAT.GI.ZS:MNA,1964-12-31,27.385313858906624
WDI:DT.ODA.ODAT.GI.ZS:MNA,1965-12-31,21.04637781270823
WDI:DT.ODA.ODAT.GI.ZS:MNA,1966-12-31,18.1044084155636
WDI:DT.ODA.ODAT.GI.ZS:MNA,1967-12-31,14.766442439791714
WDI:DT.ODA.ODAT.GI.ZS:MNA,1968-12-31,10.898847480500553
WDI:DT.ODA.ODAT.GI.ZS:MNA,1969-12-31,9.541702899144223
WDI:DT.ODA.ODAT.GI.ZS:MNA,1970-12-31,12.405361972242583
WDI:DT.ODA.ODAT.GI.ZS:MNA,1971-12-31,12.02029388688482
WDI:DT.ODA.ODAT.GI.ZS:MNA,1972-12-31,9.813764275325006
WDI:DT.ODA.ODAT.GI.ZS:MNA,1973-12-31,13.769564721673053
WDI:DT.ODA.ODAT.GI.ZS:MNA,1974-12-31,13.855799352622956
WDI:DT.ODA.ODAT.GI.ZS:MNA,1975-12-31,14.668591634901096
WDI:DT.ODA.ODAT.GI.ZS:MNA,1976-12-31,12.107649604055746
WDI:DT.ODA.ODAT.GI.ZS:MNA,1977-12-31,11.064082551650689
WDI:DT.ODA.ODAT.GI.ZS:MNA,1978-12-31,11.92643965846113
WDI:DT.ODA.ODAT.GI.ZS:MNA,1979-12-31,13.333131002139224
WDI:DT.ODA.ODAT.GI.ZS:MNA,1980-12-31,9.663210171781877
WDI:DT.ODA.ODAT.GI.ZS:MNA,1981-12-31,8.607119745485017
WDI:DT.ODA.ODAT.GI.ZS:MNA,1982-12-31,7.57565477893484
WDI:DT.ODA.ODAT.GI.ZS:MNA,1983-12-31,6.352205222828802
WDI:DT.ODA.ODAT.GI.ZS:MNA,1984-12-31,5.979814293143724
WDI:DT.ODA.ODAT.GI.ZS:MNA,1985-12-31,7.16533178232075
WDI:DT.ODA.ODAT.GI.ZS:MNA,1986-12-31,6.711764414219992
WDI:DT.ODA.ODAT.GI.ZS:MNA,1987-12-31,8.063014326575345
WDI:DT.ODA.ODAT.GI.ZS:MNA,1988-12-31,7.463452648520506
WDI:DT.ODA.ODAT.GI.ZS:MNA,1989-12-31,8.274211073621087
WDI:DT.ODA.ODAT.GI.ZS:MNA,1990-12-31,7.709172746755716
WDI:DT.ODA.ODAT.GI.ZS:MNA,1991-12-31,13.368186795967532
WDI:DT.ODA.ODAT.GI.ZS:MNA,1992-12-31,9.493686392565316
WDI:DT.ODA.ODAT.GI.ZS:MNA,1993-12-31,10.393779716555944
WDI:DT.ODA.ODAT.GI.ZS:MNA,1994-12-31,12.518387761015825
WDI:DT.ODA.ODAT.GI.ZS:MNA,1995-12-31,6.7847889163223485
WDI:DT.ODA.ODAT.GI.ZS:MNA,1996-12-31,7.728299869537804
WDI:DT.ODA.ODAT.GI.ZS:MNA,1997-12-31,6.234686062661645
WDI:DT.ODA.ODAT.GI.ZS:MNA,1998-12-31,6.433270738430248
WDI:DT.ODA.ODAT.GI.ZS:MNA,1999-12-31,4.961246996596358
WDI:DT.ODA.ODAT.GI.ZS:MNA,2000-12-31,4.198333775868451
WDI:DT.ODA.ODAT.GI.ZS:MNA,2001-12-31,5.054241326541394
WDI:DT.ODA.ODAT.GI.ZS:MNA,2002-12-31,5.901340768211113
WDI:DT.ODA.ODAT.GI.ZS:MNA,2003-12-31,6.937941736914929
WDI:DT.ODA.ODAT.GI.ZS:MNA,2004-12-31,7.18253414303535
WDI:DT.ODA.ODAT.GI.ZS:MNA,2005-12-31,14.96789484650329
WDI:DT.ODA.ODAT.GI.ZS:MNA,2006-12-31,8.50339438487024
WDI:DT.ODA.ODAT.GI.ZS:MNA,2007-12-31,7.714432708743074
WDI:DT.ODA.ODAT.GI.ZS:MNA,2008-12-31,7.14936763218833
WDI:DT.ODA.ODAT.GI.ZS:MNA,2009-12-31,5.465228178206536
WDI:DT.ODA.ODAT.GI.ZS:MNA,2010-12-31,4.463798313247342
WDI:DT.ODA.ODAT.GI.ZS:MNA,2011-12-31,5.178620924604065
WDI:DT.ODA.ODAT.GI.ZS:MNA,2012-12-31,4.18716371911436
WDI:DT.ODA.ODAT.GI.ZS:MNA,2013-12-31,6.556312381157128
WDI:DT.ODA.ODAT.GI.ZS:MNA,2014-12-31,8.129159435634078
WDI:DT.ODA.ODAT.GI.ZS:MNA,2015-12-31,6.226025134688453
WDI:DT.ODA.ODAT.GI.ZS:MNA,2016-12-31,7.130381554309584
WDI:DT.ODA.ODAT.GI.ZS:MNA,2017-12-31,6.88476545085392
WDI:DT.ODA.ODAT.GI.ZS:MNA,2018-12-31,7.569689507709199
WDI:DT.ODA.ODAT.GI.ZS:MNA,2019-12-31,7.033153793204548
WDI:DT.ODA.ODAT.GI.ZS:MNA,2020-12-31,8.120220315535622
WDI:DT.ODA.ODAT.GI.ZS:MNA,2021-12-31,8.580886527064191
WDI:DT.ODA.ODAT.GI.ZS:MNA,2022-12-31,6.170688739595046
WDI:DT.ODA.ODAT.GI.ZS:MNA,2023-12-31,6.50803958228973
WDI:DT.ODA.ODAT.GI.ZS:MNE,2003-12-31,3.092409805215581
WDI:DT.ODA.ODAT.GI.ZS:MNE,2004-12-31,5.838123082159933
WDI:DT.ODA.ODAT.GI.ZS:MNE,2005-12-31,0.964715034312884
WDI:DT.ODA.ODAT.GI.ZS:MNE,2006-12-31,14.86937010071128
WDI:DT.ODA.ODAT.GI.ZS:MNE,2007-12-31,8.326659483525605
WDI:DT.ODA.ODAT.GI.ZS:MNE,2008-12-31,5.633883290495849
WDI:DT.ODA.ODAT.GI.ZS:MNE,2009-12-31,6.922665259759231
WDI:DT.ODA.ODAT.GI.ZS:MNE,2010-12-31,8.134151282593347
WDI:DT.ODA.ODAT.GI.ZS:MNE,2011-12-31,14.705747971050995
WDI:DT.ODA.ODAT.GI.ZS:MNE,2012-12-31,12.612396989924985
WDI:DT.ODA.ODAT.GI.ZS:MNE,2013-12-31,14.06036510834304
WDI:DT.ODA.ODAT.GI.ZS:MNE,2014-12-31,11.247493333016525
WDI:DT.ODA.ODAT.GI.ZS:MNE,2015-12-31,12.628495686365829
WDI:DT.ODA.ODAT.GI.ZS:MNE,2016-12-31,7.882212020392
WDI:DT.ODA.ODAT.GI.ZS:MNE,2017-12-31,8.573936859674268
WDI:DT.ODA.ODAT.GI.ZS:MNE,2018-12-31,9.170510553039719
WDI:DT.ODA.ODAT.GI.ZS:MNE,2019-12-31,5.699002714593143
WDI:DT.ODA.ODAT.GI.ZS:MNE,2020-12-31,14.497833491974527
WDI:DT.ODA.ODAT.GI.ZS:MNE,2021-12-31,9.044007731728017
WDI:DT.ODA.ODAT.GI.ZS:MNE,2022-12-31,6.014895916090965
WDI:DT.ODA.ODAT.GI.ZS:MNE,2023-12-31,4.74842547639541
WDI:DT.ODA.ODAT.GI.ZS:MNG,1981-12-31,0.14851026545409185
WDI:DT.ODA.ODAT.GI.ZS:MNG,1982-12-31,0.1338886019373622
WDI:DT.ODA.ODAT.GI.ZS:MNG,1983-12-31,0.12649430089414393
WDI:DT.ODA.ODAT.GI.ZS:MNG,1984-12-31,0.1747623914989039
WDI:DT.ODA.ODAT.GI.ZS:MNG,1985-12-31,0.3765613352612703
WDI:DT.ODA.ODAT.GI.ZS:MNG,1986-12-31,0.35256828135993534
WDI:DT.ODA.ODAT.GI.ZS:MNG,1987-12-31,0.3048025041440521
WDI:DT.ODA.ODAT.GI.ZS:MNG,1988-12-31,0.2553712196611517
WDI:DT.ODA.ODAT.GI.ZS:MNG,1989-12-31,0.356175907961256
WDI:DT.ODA.ODAT.GI.ZS:MNG,1990-12-31,1.7532030469371949
WDI:DT.ODA.ODAT.GI.ZS:MNG,1991-12-31,9.44277571270105
WDI:DT.ODA.ODAT.GI.ZS:MNG,1992-12-31,29.819697528805627
WDI:DT.ODA.ODAT.GI.ZS:MNG,1993-12-31,66.02164426787702
WDI:DT.ODA.ODAT.GI.ZS:MNG,1994-12-31,88.57262291827203
WDI:DT.ODA.ODAT.GI.ZS:MNG,1995-12-31,39.3817031997341
WDI:DT.ODA.ODAT.GI.ZS:MNG,1996-12-31,46.847299599578626
WDI:DT.ODA.ODAT.GI.ZS:MNG,1997-12-31,62.08526880959994
WDI:DT.ODA.ODAT.GI.ZS:MNG,1998-12-31,50.14815973364888
WDI:DT.ODA.ODAT.GI.ZS:MNG,1999-12-31,52.69416185621457
WDI:DT.ODA.ODAT.GI.ZS:MNG,2000-12-31,56.26348301122861
WDI:DT.ODA.ODAT.GI.ZS:MNG,2001-12-31,57.42407532824232
WDI:DT.ODA.ODAT.GI.ZS:MNG,2002-12-31,53.33939790471275
WDI:DT.ODA.ODAT.GI.ZS:MNG,2003-12-31,41.49475855112429
WDI:DT.ODA.ODAT.GI.ZS:MNG,2004-12-31,35.333188300211404
WDI:DT.ODA.ODAT.GI.ZS:MNG,2005-12-31,20.61154750013244
WDI:DT.ODA.ODAT.GI.ZS:MNG,2006-12-31,14.888145187692514
WDI:DT.ODA.ODAT.GI.ZS:MNG,2007-12-31,12.938702789221937
WDI:DT.ODA.ODAT.GI.ZS:MNG,2008-12-31,9.41416948245449
WDI:DT.ODA.ODAT.GI.ZS:MNG,2009-12-31,19.470603748274325
WDI:DT.ODA.ODAT.GI.ZS:MNG,2010-12-31,8.453536878756768
WDI:DT.ODA.ODAT.GI.ZS:MNG,2011-12-31,5.574520578682239
WDI:DT.ODA.ODAT.GI.ZS:MNG,2012-12-31,6.498350564656424
WDI:DT.ODA.ODAT.GI.ZS:MNG,2013-12-31,6.422588275960315
WDI:DT.ODA.ODAT.GI.ZS:MNG,2014-12-31,7.368708825705005
WDI:DT.ODA.ODAT.GI.ZS:MNG,2015-12-31,8.297048194055764
WDI:DT.ODA.ODAT.GI.ZS:MNG,2016-12-31,12.870762972107434
WDI:DT.ODA.ODAT.GI.ZS:MNG,2017-12-31,24.331729130936903
WDI:DT.ODA.ODAT.GI.ZS:MNG,2018-12-31,6.428772815598678
WDI:DT.ODA.ODAT.GI.ZS:MNG,2019-12-31,6.154382864576671
WDI:DT.ODA.ODAT.GI.ZS:MNG,2020-12-31,23.60592869018997
WDI:DT.ODA.ODAT.GI.ZS:MNG,2021-12-31,5.048808607429217
WDI:DT.ODA.ODAT.GI.ZS:MNG,2022-12-31,3.934329686019173
WDI:DT.ODA.ODAT.GI.ZS:MNG,2023-12-31,3.77588976505796
WDI:DT.ODA.ODAT.GI.ZS:MOZ,1991-12-31,87.43382207430606
WDI:DT.ODA.ODAT.GI.ZS:MOZ,1992-12-31,149.62430737938465
WDI:DT.ODA.ODAT.GI.ZS:MOZ,1993-12-31,119.79479134450091
WDI:DT.ODA.ODAT.GI.ZS:MOZ,1994-12-31,134.48986365888
WDI:DT.ODA.ODAT.GI.ZS:MOZ,1995-12-31,88.86468637561393
WDI:DT.ODA.ODAT.GI.ZS:MOZ,1996-12-31,86.21037606330515
WDI:DT.ODA.ODAT.GI.ZS:MOZ,1997-12-31,77.27276645191131
WDI:DT.ODA.ODAT.GI.ZS:MOZ,1998-12-31,67.64299908889352
WDI:DT.ODA.ODAT.GI.ZS:MOZ,1999-12-31,29.40056815462017
WDI:DT.ODA.ODAT.GI.ZS:MOZ,2000-12-31,37.198421198545645
WDI:DT.ODA.ODAT.GI.ZS:MOZ,2001-12-31,50.795366263550314
WDI:DT.ODA.ODAT.GI.ZS:MOZ,2002-12-31,91.79378330352817
WDI:DT.ODA.ODAT.GI.ZS:MOZ,2003-12-31,47.691504797583306
WDI:DT.ODA.ODAT.GI.ZS:MOZ,2004-12-31,54.817376020268206
WDI:DT.ODA.ODAT.GI.ZS:MOZ,2005-12-31,57.32890425498389
WDI:DT.ODA.ODAT.GI.ZS:MOZ,2006-12-31,72.13603129591998
WDI:DT.ODA.ODAT.GI.ZS:MOZ,2007-12-31,73.86933592443975
WDI:DT.ODA.ODAT.GI.ZS:MOZ,2008-12-31,70.02188460040823
WDI:DT.ODA.ODAT.GI.ZS:MOZ,2009-12-31,83.10833570481824
WDI:DT.ODA.ODAT.GI.ZS:MOZ,2010-12-31,67.02257314808419
WDI:DT.ODA.ODAT.GI.ZS:MOZ,2011-12-31,48.045751421642855
WDI:DT.ODA.ODAT.GI.ZS:MOZ,2012-12-31,24.53864698020509
WDI:DT.ODA.ODAT.GI.ZS:MOZ,2013-12-31,23.844751110762232
WDI:DT.ODA.ODAT.GI.ZS:MOZ,2014-12-31,21.837281629801307
WDI:DT.ODA.ODAT.GI.ZS:MOZ,2015-12-31,26.56582222306784
WDI:DT.ODA.ODAT.GI.ZS:MOZ,2016-12-31,27.459387339044856
WDI:DT.ODA.ODAT.GI.ZS:MOZ,2017-12-31,42.2795947066431
WDI:DT.ODA.ODAT.GI.ZS:MOZ,2018-12-31,26.40891928412544
WDI:DT.ODA.ODAT.GI.ZS:MOZ,2019-12-31,29.07762059945231
WDI:DT.ODA.ODAT.GI.ZS:MOZ,2020-12-31,40.080130353045284
WDI:DT.ODA.ODAT.GI.ZS:MOZ,2021-12-31,35.02690468619472
WDI:DT.ODA.ODAT.GI.ZS:MOZ,2022-12-31,31.556190402678304
WDI:DT.ODA.ODAT.GI.ZS:MOZ,2023-12-31,71.6267518645513
WDI:DT.ODA.ODAT.GI.ZS:MRT,1961-12-31,2.565072817469773
WDI:DT.ODA.ODAT.GI.ZS:MRT,1962-12-31,4.516621257180105
WDI:DT.ODA.ODAT.GI.ZS:MRT,1963-12-31,5.232719206406049
WDI:DT.ODA.ODAT.GI.ZS:MRT,1964-12-31,65.88502757578794
WDI:DT.ODA.ODAT.GI.ZS:MRT,1965-12-31,51.56812024563403
WDI:DT.ODA.ODAT.GI.ZS:MRT,1966-12-31,116.86973497904928
WDI:DT.ODA.ODAT.GI.ZS:MRT,1967-12-31,40.632422577037595
WDI:DT.ODA.ODAT.GI.ZS:MRT,1968-12-31,48.313824500185554
WDI:DT.ODA.ODAT.GI.ZS:MRT,1969-12-31,35.16955789625417
WDI:DT.ODA.ODAT.GI.ZS:MRT,1970-12-31,21.73087147006151
WDI:DT.ODA.ODAT.GI.ZS:MRT,1971-12-31,37.57659552655581
WDI:DT.ODA.ODAT.GI.ZS:MRT,1972-12-31,22.109069313115857
WDI:DT.ODA.ODAT.GI.ZS:MRT,1973-12-31,142.92767862010822
WDI:DT.ODA.ODAT.GI.ZS:MRT,1974-12-31,195.88612595148948
WDI:DT.ODA.ODAT.GI.ZS:MRT,1975-12-31,67.618850991649
WDI:DT.ODA.ODAT.GI.ZS:MRT,1976-12-31,123.72323676977277
WDI:DT.ODA.ODAT.GI.ZS:MRT,1977-12-31,112.28005147557998
WDI:DT.ODA.ODAT.GI.ZS:MRT,1978-12-31,189.84672376514473
WDI:DT.ODA.ODAT.GI.ZS:MRT,1979-12-31,138.11959705252866
WDI:DT.ODA.ODAT.GI.ZS:MRT,1980-12-31,91.07967859448227
WDI:DT.ODA.ODAT.GI.ZS:MRT,1981-12-31,94.99842464335525
WDI:DT.ODA.ODAT.GI.ZS:MRT,1982-12-31,70.8055429614996
WDI:DT.ODA.ODAT.GI.ZS:MRT,1983-12-31,83.55719934011418
WDI:DT.ODA.ODAT.GI.ZS:MRT,1984-12-31,94.13564089118317
WDI:DT.ODA.ODAT.GI.ZS:MRT,1985-12-31,104.4214845385388
WDI:DT.ODA.ODAT.GI.ZS:MRT,1986-12-31,93.38665669779601
WDI:DT.ODA.ODAT.GI.ZS:MRT,1987-12-31,72.87255536711397
WDI:DT.ODA.ODAT.GI.ZS:MRT,1988-12-31,66.0985563246484
WDI:DT.ODA.ODAT.GI.ZS:MRT,1989-12-31,133.1531509059725
WDI:DT.ODA.ODAT.GI.ZS:MRT,1990-12-31,112.34156703149678
WDI:DT.ODA.ODAT.GI.ZS:MRT,1991-12-31,69.62561105273521
WDI:DT.ODA.ODAT.GI.ZS:MRT,1992-12-31,63.854114624543115
WDI:DT.ODA.ODAT.GI.ZS:MRT,1993-12-31,182.6843910205468
WDI:DT.ODA.ODAT.GI.ZS:MRT,1994-12-31,40.306166803249106
WDI:DT.ODA.ODAT.GI.ZS:MRT,1995-12-31,77.30198598269341
WDI:DT.ODA.ODAT.GI.ZS:MRT,1996-12-31,103.69231450341276
WDI:DT.ODA.ODAT.GI.ZS:MRT,1997-12-31,109.06714974616061
WDI:DT.ODA.ODAT.GI.ZS:MRT,1998-12-31,83.5965944291675
WDI:DT.ODA.ODAT.GI.ZS:MRT,1999-12-31,100.65645952802502
WDI:DT.ODA.ODAT.GI.ZS:MRT,2000-12-31,111.25320554642151
WDI:DT.ODA.ODAT.GI.ZS:MRT,2001-12-31,129.45519540818495
WDI:DT.ODA.ODAT.GI.ZS:MRT,2002-12-31,214.30619313263827
WDI:DT.ODA.ODAT.GI.ZS:MRT,2003-12-31,59.21807038162012
WDI:DT.ODA.ODAT.GI.ZS:MRT,2004-12-31,23.385427258321474
WDI:DT.ODA.ODAT.GI.ZS:MRT,2005-12-31,13.148773085295115
WDI:DT.ODA.ODAT.GI.ZS:MRT,2006-12-31,21.226406434335168
WDI:DT.ODA.ODAT.GI.ZS:MRT,2007-12-31,28.519672445444204
WDI:DT.ODA.ODAT.GI.ZS:MRT,2008-12-31,26.454166136918865
WDI:DT.ODA.ODAT.GI.ZS:MRT,2009-12-31,30.170163606254256
WDI:DT.ODA.ODAT.GI.ZS:MRT,2010-12-31,17.31378391706511
WDI:DT.ODA.ODAT.GI.ZS:MRT,2011-12-31,14.598604577021824
WDI:DT.ODA.ODAT.GI.ZS:MRT,2012-12-31,12.387524330262373
WDI:DT.ODA.ODAT.GI.ZS:MRT,2013-12-31,8.580291779641847
WDI:DT.ODA.ODAT.GI.ZS:MRT,2014-12-31,9.46144262317768
WDI:DT.ODA.ODAT.GI.ZS:MRT,2015-12-31,13.890449620275497
WDI:DT.ODA.ODAT.GI.ZS:MRT,2016-12-31,15.35333640877396
WDI:DT.ODA.ODAT.GI.ZS:MRT,2017-12-31,11.32388597562692
WDI:DT.ODA.ODAT.GI.ZS:MRT,2018-12-31,12.921730596145107
WDI:DT.ODA.ODAT.GI.ZS:MRT,2019-12-31,12.578260309014775
WDI:DT.ODA.ODAT.GI.ZS:MRT,2020-12-31,20.251076702740797
WDI:DT.ODA.ODAT.GI.ZS:MRT,2021-12-31,12.090112157383272
WDI:DT.ODA.ODAT.GI.ZS:MRT,2022-12-31,6.987559288405366
WDI:DT.ODA.ODAT.GI.ZS:MRT,2023-12-31,8.81160140523756
WDI:DT.ODA.ODAT.GI.ZS:MUS,1976-12-31,7.85275192117592
WDI:DT.ODA.ODAT.GI.ZS:MUS,1977-12-31,9.063767540661411
WDI:DT.ODA.ODAT.GI.ZS:MUS,1978-12-31,14.031626207824813
WDI:DT.ODA.ODAT.GI.ZS:MUS,1979-12-31,8.47428872516751
WDI:DT.ODA.ODAT.GI.ZS:MUS,1980-12-31,14.10278554922518
WDI:DT.ODA.ODAT.GI.ZS:MUS,1981-12-31,20.202546813465304
WDI:DT.ODA.ODAT.GI.ZS:MUS,1982-12-31,24.35349063595698
WDI:DT.ODA.ODAT.GI.ZS:MUS,1983-12-31,21.08061286922845
WDI:DT.ODA.ODAT.GI.ZS:MUS,1984-12-31,14.567744815931633
WDI:DT.ODA.ODAT.GI.ZS:MUS,1985-12-31,10.5484035306322
WDI:DT.ODA.ODAT.GI.ZS:MUS,1986-12-31,16.839182067694672
WDI:DT.ODA.ODAT.GI.ZS:MUS,1987-12-31,13.004942160822718
WDI:DT.ODA.ODAT.GI.ZS:MUS,1988-12-31,8.655906914734256
WDI:DT.ODA.ODAT.GI.ZS:MUS,1989-12-31,8.887105882817558
WDI:DT.ODA.ODAT.GI.ZS:MUS,1990-12-31,11.013810449332018
WDI:DT.ODA.ODAT.GI.ZS:MUS,1991-12-31,8.349618354170406
WDI:DT.ODA.ODAT.GI.ZS:MUS,1992-12-31,4.875193508529952
WDI:DT.ODA.ODAT.GI.ZS:MUS,1993-12-31,2.6830774867679397
WDI:DT.ODA.ODAT.GI.ZS:MUS,1994-12-31,1.3124002862164732
WDI:DT.ODA.ODAT.GI.ZS:MUS,1995-12-31,2.3047017792828752
WDI:DT.ODA.ODAT.GI.ZS:MUS,1996-12-31,1.8629499381808357
WDI:DT.ODA.ODAT.GI.ZS:MUS,1997-12-31,3.417669032797503
WDI:DT.ODA.ODAT.GI.ZS:MUS,1998-12-31,3.759406519003868
WDI:DT.ODA.ODAT.GI.ZS:MUS,1999-12-31,3.6052015824855994
WDI:DT.ODA.ODAT.GI.ZS:MUS,2000-12-31,1.7126540058096984
WDI:DT.ODA.ODAT.GI.ZS:MUS,2001-12-31,2.224907117809981
WDI:DT.ODA.ODAT.GI.ZS:MUS,2002-12-31,2.233979259960426
WDI:DT.ODA.ODAT.GI.ZS:MUS,2003-12-31,-1.0543225809116112
WDI:DT.ODA.ODAT.GI.ZS:MUS,2004-12-31,2.0439858061882994
WDI:DT.ODA.ODAT.GI.ZS:MUS,2005-12-31,2.3386981894931873
WDI:DT.ODA.ODAT.GI.ZS:MUS,2006-12-31,1.0641604772814643
WDI:DT.ODA.ODAT.GI.ZS:MUS,2007-12-31,3.2677608638209197
WDI:DT.ODA.ODAT.GI.ZS:MUS,2008-12-31,4.292134414051179
WDI:DT.ODA.ODAT.GI.ZS:MUS,2009-12-31,7.191959953894561
WDI:DT.ODA.ODAT.GI.ZS:MUS,2010-12-31,4.644287307593756
WDI:DT.ODA.ODAT.GI.ZS:MUS,2011-12-31,6.731935422625113
WDI:DT.ODA.ODAT.GI.ZS:MUS,2012-12-31,6.2102560243984675
WDI:DT.ODA.ODAT.GI.ZS:MUS,2013-12-31,5.507077232424815
WDI:DT.ODA.ODAT.GI.ZS:MUS,2014-12-31,1.7886677034477458
WDI:DT.ODA.ODAT.GI.ZS:MUS,2015-12-31,3.733858353741427
WDI:DT.ODA.ODAT.GI.ZS:MUS,2016-12-31,1.9461024415495465
WDI:DT.ODA.ODAT.GI.ZS:MUS,2017-12-31,0.603694383190836
WDI:DT.ODA.ODAT.GI.ZS:MUS,2018-12-31,2.4888281594067707
WDI:DT.ODA.ODAT.GI.ZS:MUS,2019-12-31,0.8253792878158615
WDI:DT.ODA.ODAT.GI.ZS:MUS,2020-12-31,16.204944235510016
WDI:DT.ODA.ODAT.GI.ZS:MUS,2021-12-31,12.96344938066502
WDI:DT.ODA.ODAT.GI.ZS:MUS,2022-12-31,2.9485595897867065
WDI:DT.ODA.ODAT.GI.ZS:MUS,2023-12-31,3.38348241518289
WDI:DT.ODA.ODAT.GI.ZS:MWI,2017-12-31,83.78602681886451
WDI:DT.ODA.ODAT.GI.ZS:MWI,2018-12-31,60.863815778615205
WDI:DT.ODA.ODAT.GI.ZS:MWI,2019-12-31,48.25765778285285
WDI:DT.ODA.ODAT.GI.ZS:MWI,2020-12-31,74.0107765856176
WDI:DT.ODA.ODAT.GI.ZS:MWI,2021-12-31,56.62403292245677
WDI:DT.ODA.ODAT.GI.ZS:MWI,2022-12-31,69.25068446347889
WDI:DT.ODA.ODAT.GI.ZS:MWI,2023-12-31,89.4612327463676
WDI:DT.ODA.ODAT.GI.ZS:MYS,1960-12-31,5.8493526305850505
WDI:DT.ODA.ODAT.GI.ZS:MYS,1961-12-31,7.33684027032888
WDI:DT.ODA.ODAT.GI.ZS:MYS,1962-12-31,6.626569391447395
WDI:DT.ODA.ODAT.GI.ZS:MYS,1963-12-31,2.6654807933436806
WDI:DT.ODA.ODAT.GI.ZS:MYS,1964-12-31,3.4239427431126477
WDI:DT.ODA.ODAT.GI.ZS:MYS,1965-12-31,4.080400272488598
WDI:DT.ODA.ODAT.GI.ZS:MYS,1966-12-31,5.29826531757964
WDI:DT.ODA.ODAT.GI.ZS:MYS,1967-12-31,4.422400448265333
WDI:DT.ODA.ODAT.GI.ZS:MYS,1968-12-31,4.708299438798827
WDI:DT.ODA.ODAT.GI.ZS:MYS,1969-12-31,6.186675374805885
WDI:DT.ODA.ODAT.GI.ZS:MYS,1970-12-31,3.8963670240666604
WDI:DT.ODA.ODAT.GI.ZS:MYS,1971-12-31,4.790730848525253
WDI:DT.ODA.ODAT.GI.ZS:MYS,1972-12-31,4.612981693654403
WDI:DT.ODA.ODAT.GI.ZS:MYS,1973-12-31,2.4405697483747106
WDI:DT.ODA.ODAT.GI.ZS:MYS,1974-12-31,2.5260895264904377
WDI:DT.ODA.ODAT.GI.ZS:MYS,1975-12-31,4.518007181222766
WDI:DT.ODA.ODAT.GI.ZS:MYS,1976-12-31,2.588802380048073
WDI:DT.ODA.ODAT.GI.ZS:MYS,1977-12-31,2.2471336234892068
WDI:DT.ODA.ODAT.GI.ZS:MYS,1978-12-31,1.8250521615320592
WDI:DT.ODA.ODAT.GI.ZS:MYS,1979-12-31,2.0312745344981518
WDI:DT.ODA.ODAT.GI.ZS:MYS,1980-12-31,1.8053216169943598
WDI:DT.ODA.ODAT.GI.ZS:MYS,1981-12-31,1.6314169906863736
WDI:DT.ODA.ODAT.GI.ZS:MYS,1982-12-31,1.3469646934276054
WDI:DT.ODA.ODAT.GI.ZS:MYS,1983-12-31,1.5389924443949101
WDI:DT.ODA.ODAT.GI.ZS:MYS,1984-12-31,2.853331671720078
WDI:DT.ODA.ODAT.GI.ZS:MYS,1985-12-31,2.635624716514454
WDI:DT.ODA.ODAT.GI.ZS:MYS,1986-12-31,2.644160294655193
WDI:DT.ODA.ODAT.GI.ZS:MYS,1987-12-31,4.874225946401692
WDI:DT.ODA.ODAT.GI.ZS:MYS,1988-12-31,1.096770016965428
WDI:DT.ODA.ODAT.GI.ZS:MYS,1989-12-31,1.1849998362915526
WDI:DT.ODA.ODAT.GI.ZS:MYS,1990-12-31,3.274769444953798
WDI:DT.ODA.ODAT.GI.ZS:MYS,1991-12-31,1.550230736365683
WDI:DT.ODA.ODAT.GI.ZS:MYS,1992-12-31,0.9675404977339375
WDI:DT.ODA.ODAT.GI.ZS:MYS,1993-12-31,0.3586534806273124
WDI:DT.ODA.ODAT.GI.ZS:MYS,1994-12-31,0.21406715475107002
WDI:DT.ODA.ODAT.GI.ZS:MYS,1995-12-31,0.275753332798533
WDI:DT.ODA.ODAT.GI.ZS:MYS,1996-12-31,-1.0914644394586361
WDI:DT.ODA.ODAT.GI.ZS:MYS,1997-12-31,-0.5592530673285917
WDI:DT.ODA.ODAT.GI.ZS:MYS,1998-12-31,1.0479756165055658
WDI:DT.ODA.ODAT.GI.ZS:MYS,1999-12-31,0.8237785664514536
WDI:DT.ODA.ODAT.GI.ZS:MYS,2000-12-31,0.19305337744700526
WDI:DT.ODA.ODAT.GI.ZS:MYS,2001-12-31,0.12955471589717352
WDI:DT.ODA.ODAT.GI.ZS:MYS,2002-12-31,0.35756065686041577
WDI:DT.ODA.ODAT.GI.ZS:MYS,2003-12-31,0.4397724717377126
WDI:DT.ODA.ODAT.GI.ZS:MYS,2004-12-31,1.0406434929831492
WDI:DT.ODA.ODAT.GI.ZS:MYS,2005-12-31,0.09089412559031981
WDI:DT.ODA.ODAT.GI.ZS:MYS,2006-12-31,0.653443213335829
WDI:DT.ODA.ODAT.GI.ZS:MYS,2007-12-31,0.44616138708701014
WDI:DT.ODA.ODAT.GI.ZS:MYS,2008-12-31,0.31567681122573243
WDI:DT.ODA.ODAT.GI.ZS:MYS,2009-12-31,0.38787014937353287
WDI:DT.ODA.ODAT.GI.ZS:MYS,2010-12-31,-0.01373243860304422
WDI:DT.ODA.ODAT.GI.ZS:MYS,2011-12-31,0.059071179217098264
WDI:DT.ODA.ODAT.GI.ZS:MYS,2012-12-31,0.0226311354552839
WDI:DT.ODA.ODAT.GI.ZS:MYS,2013-12-31,-0.13513922709774331
WDI:DT.ODA.ODAT.GI.ZS:MYS,2014-12-31,0.02359391815364931
WDI:DT.ODA.ODAT.GI.ZS:MYS,2015-12-31,-0.0007839268444115597
WDI:DT.ODA.ODAT.GI.ZS:MYS,2016-12-31,-0.06616862143307338
WDI:DT.ODA.ODAT.GI.ZS:MYS,2017-12-31,-0.03587952788981555
WDI:DT.ODA.ODAT.GI.ZS:MYS,2018-12-31,-0.040196735824927214
WDI:DT.ODA.ODAT.GI.ZS:MYS,2019-12-31,-0.0025344479930168636
WDI:DT.ODA.ODAT.GI.ZS:MYS,2020-12-31,-0.006419008200179992
WDI:DT.ODA.ODAT.GI.ZS:MYS,2021-12-31,0.0187098497438164
WDI:DT.ODA.ODAT.GI.ZS:MYS,2022-12-31,0.0061753937151438985
WDI:DT.ODA.ODAT.GI.ZS:MYS,2023-12-31,0.0072137976814508
WDI:DT.ODA.ODAT.GI.ZS:NAC,1970-12-31,4.009228151601533e-06
WDI:DT.ODA.ODAT.GI.ZS:NAC,1971-12-31,0.0
WDI:DT.ODA.ODAT.GI.ZS:NAC,1972-12-31,3.1730266719189992e-06
WDI:DT.ODA.ODAT.GI.ZS:NAC,1973-12-31,0.0
WDI:DT.ODA.ODAT.GI.ZS:NAC,1974-12-31,7.645147000557383e-06
WDI:DT.ODA.ODAT.GI.ZS:NAC,1975-12-31,5.193747843563693e-06
WDI:DT.ODA.ODAT.GI.ZS:NAC,1976-12-31,6.450836334980138e-06
WDI:DT.ODA.ODAT.GI.ZS:NAC,1977-12-31,1.4773988840154872e-05
WDI:DT.ODA.ODAT.GI.ZS:NAC,1978-12-31,2.5170819580595974e-05
WDI:DT.ODA.ODAT.GI.ZS:NAC,1979-12-31,2.0796746367807692e-05
WDI:DT.ODA.ODAT.GI.ZS:NAC,1980-12-31,3.827549124604908e-05
WDI:DT.ODA.ODAT.GI.ZS:NAC,1981-12-31,2.4517742648947353e-05
WDI:DT.ODA.ODAT.GI.ZS:NAC,1982-12-31,8.74033658460271e-06
WDI:DT.ODA.ODAT.GI.ZS:NAC,1983-12-31,7.972208530317741e-06
WDI:DT.ODA.ODAT.GI.ZS:NAC,1984-12-31,7.350666303799871e-06
WDI:DT.ODA.ODAT.GI.ZS:NAC,1985-12-31,8.328266336934645e-05
WDI:DT.ODA.ODAT.GI.ZS:NAC,1986-12-31,7.694148741257524e-06
WDI:DT.ODA.ODAT.GI.ZS:NAC,1987-12-31,1.8500498686705563e-05
WDI:DT.ODA.ODAT.GI.ZS:NAC,1988-12-31,3.040770861450417e-06
WDI:DT.ODA.ODAT.GI.ZS:NAC,1989-12-31,7.120307128383607e-06
WDI:DT.ODA.ODAT.GI.ZS:NAC,1990-12-31,0.0029896754187303566
WDI:DT.ODA.ODAT.GI.ZS:NAC,1991-12-31,-0.0003477553630289916
WDI:DT.ODA.ODAT.GI.ZS:NAC,1992-12-31,-0.00035242493367751524
WDI:DT.ODA.ODAT.GI.ZS:NAC,1993-12-31,-0.0003200324015287908
WDI:DT.ODA.ODAT.GI.ZS:NAC,1994-12-31,-0.0007498684465393502
WDI:DT.ODA.ODAT.GI.ZS:NAC,1995-12-31,-0.0001193285143601406
WDI:DT.ODA.ODAT.GI.ZS:NAC,1996-12-31,-0.00021742831224461925
WDI:DT.ODA.ODAT.GI.ZS:NAC,1997-12-31,0.0
WDI:DT.ODA.ODAT.GI.ZS:NAC,1998-12-31,0.0
WDI:DT.ODA.ODAT.GI.ZS:NAC,1999-12-31,0.0
WDI:DT.ODA.ODAT.GI.ZS:NAC,2000-12-31,0.0
WDI:DT.ODA.ODAT.GI.ZS:NAC,2001-12-31,0.0
WDI:DT.ODA.ODAT.GI.ZS:NAC,2002-12-31,0.0
WDI:DT.ODA.ODAT.GI.ZS:NAC,2003-12-31,0.0
WDI:DT.ODA.ODAT.GI.ZS:NAC,2004-12-31,0.0
WDI:DT.ODA.ODAT.GI.ZS:NAC,2005-12-31,0.0
WDI:DT.ODA.ODAT.GI.ZS:NAC,2006-12-31,0.0
WDI:DT.ODA.ODAT.GI.ZS:NAC,2007-12-31,0.0
WDI:DT.ODA.ODAT.GI.ZS:NAC,2008-12-31,0.0
WDI:DT.ODA.ODAT.GI.ZS:NAC,2009-12-31,0.0
WDI:DT.ODA.ODAT.GI.ZS:NAC,2010-12-31,0.0
WDI:DT.ODA.ODAT.GI.ZS:NAC,2011-12-31,0.0
WDI:DT.ODA.ODAT.GI.ZS:NAC,2012-12-31,0.0
WDI:DT.ODA.ODAT.GI.ZS:NAC,2013-12-31,0.0
WDI:DT.ODA.ODAT.GI.ZS:NAC,2014-12-31,0.0
WDI:DT.ODA.ODAT.GI.ZS:NAC,2015-12-31,0.0
WDI:DT.ODA.ODAT.GI.ZS:NAC,2016-12-31,0.0
WDI:DT.ODA.ODAT.GI.ZS:NAC,2017-12-31,0.0
WDI:DT.ODA.ODAT.GI.ZS:NAC,2018-12-31,0.0
WDI:DT.ODA.ODAT.GI.ZS:NAC,2019-12-31,0.0
WDI:DT.ODA.ODAT.GI.ZS:NAC,2020-12-31,0.0
WDI:DT.ODA.ODAT.GI.ZS:NAC,2021-12-31,0.0
WDI:DT.ODA.ODAT.GI.ZS:NAC,2022-12-31,0.0
WDI:DT.ODA.ODAT.GI.ZS:NAC,2023-12-31,0.0
WDI:DT.ODA.ODAT.GI.ZS:NAM,1983-12-31,0.002548041673488774
WDI:DT.ODA.ODAT.GI.ZS:NAM,1985-12-31,3.3046681319770808
WDI:DT.ODA.ODAT.GI.ZS:NAM,1986-12-31,9.906126449833293
WDI:DT.ODA.ODAT.GI.ZS:NAM,1987-12-31,5.603651638033314
WDI:DT.ODA.ODAT.GI.ZS:NAM,1988-12-31,5.902450195775453
WDI:DT.ODA.ODAT.GI.ZS:NAM,1989-12-31,15.565297484034987
WDI:DT.ODA.ODAT.GI.ZS:NAM,1990-12-31,15.846140997970776
WDI:DT.ODA.ODAT.GI.ZS:NAM,1991-12-31,39.04476710768544
WDI:DT.ODA.ODAT.GI.ZS:NAM,1992-12-31,22.49440071034735
WDI:DT.ODA.ODAT.GI.ZS:NAM,1993-12-31,30.69004934060598
WDI:DT.ODA.ODAT.GI.ZS:NAM,1994-12-31,19.61048350987089
WDI:DT.ODA.ODAT.GI.ZS:NAM,1995-12-31,24.730983839041116
WDI:DT.ODA.ODAT.GI.ZS:NAM,1996-12-31,22.761435625019562
WDI:DT.ODA.ODAT.GI.ZS:NAM,1997-12-31,22.432630669046798
WDI:DT.ODA.ODAT.GI.ZS:NAM,1998-12-31,20.89002311767569
WDI:DT.ODA.ODAT.GI.ZS:NAM,1999-12-31,22.512665216375105
WDI:DT.ODA.ODAT.GI.ZS:NAM,2000-12-31,22.802124471073867
WDI:DT.ODA.ODAT.GI.ZS:NAM,2001-12-31,13.834119720414542
WDI:DT.ODA.ODAT.GI.ZS:NAM,2002-12-31,21.688032565383143
WDI:DT.ODA.ODAT.GI.ZS:NAM,2003-12-31,15.534986998547753
WDI:DT.ODA.ODAT.GI.ZS:NAM,2004-12-31,13.917713968084163
WDI:DT.ODA.ODAT.GI.ZS:NAM,2005-12-31,7.952601757261668
WDI:DT.ODA.ODAT.GI.ZS:NAM,2006-12-31,8.401720542581659
WDI:DT.ODA.ODAT.GI.ZS:NAM,2007-12-31,10.38356716710713
WDI:DT.ODA.ODAT.GI.ZS:NAM,2008-12-31,8.689673819497928
WDI:DT.ODA.ODAT.GI.ZS:NAM,2009-12-31,14.1843345305057
WDI:DT.ODA.ODAT.GI.ZS:NAM,2010-12-31,9.417339789099193
WDI:DT.ODA.ODAT.GI.ZS:NAM,2011-12-31,10.073029189119476
WDI:DT.ODA.ODAT.GI.ZS:NAM,2012-12-31,7.243253353014969
WDI:DT.ODA.ODAT.GI.ZS:NAM,2013-12-31,7.373731644161882
WDI:DT.ODA.ODAT.GI.ZS:NAM,2014-12-31,5.231001244369344
WDI:DT.ODA.ODAT.GI.ZS:NAM,2015-12-31,4.110646954853239
WDI:DT.ODA.ODAT.GI.ZS:NAM,2016-12-31,7.205356652884601
WDI:DT.ODA.ODAT.GI.ZS:NAM,2017-12-31,8.312692003070806
WDI:DT.ODA.ODAT.GI.ZS:NAM,2018-12-31,7.815115204482614
WDI:DT.ODA.ODAT.GI.ZS:NAM,2019-12-31,7.532100682986978
WDI:DT.ODA.ODAT.GI.ZS:NAM,2020-12-31,12.311118417062458
WDI:DT.ODA.ODAT.GI.ZS:NAM,2021-12-31,8.457637067590126
WDI:DT.ODA.ODAT.GI.ZS:NAM,2022-12-31,13.009021462721716
WDI:DT.ODA.ODAT.GI.ZS:NAM,2023-12-31,7.71839726150064
WDI:DT.ODA.ODAT.GI.ZS:NCL,1981-12-31,90.47830477202254
WDI:DT.ODA.ODAT.GI.ZS:NCL,1982-12-31,96.72805414984813
WDI:DT.ODA.ODAT.GI.ZS:NCL,1983-12-31,131.96682575030385
WDI:DT.ODA.ODAT.GI.ZS:NCL,1984-12-31,112.70145748291884
WDI:DT.ODA.ODAT.GI.ZS:NCL,1985-12-31,121.16705725376306
WDI:DT.ODA.ODAT.GI.ZS:NCL,1986-12-31,82.32794991603403
WDI:DT.ODA.ODAT.GI.ZS:NCL,1990-12-31,38.07518917477495
WDI:DT.ODA.ODAT.GI.ZS:NCL,1998-12-31,44.74276649398691
WDI:DT.ODA.ODAT.GI.ZS:NCL,1999-12-31,38.55276952271589
WDI:DT.ODA.ODAT.GI.ZS:NER,1960-12-31,0.13289794232225707
WDI:DT.ODA.ODAT.GI.ZS:NER,1961-12-31,5.9293378572164395
WDI:DT.ODA.ODAT.GI.ZS:NER,1962-12-31,8.340072357204257
WDI:DT.ODA.ODAT.GI.ZS:NER,1963-12-31,6.245604568678305
WDI:DT.ODA.ODAT.GI.ZS:NER,1964-12-31,23.609549204155766
WDI:DT.ODA.ODAT.GI.ZS:NER,1965-12-31,28.191268715795076
WDI:DT.ODA.ODAT.GI.ZS:NER,1966-12-31,40.07274649323671
WDI:DT.ODA.ODAT.GI.ZS:NER,1967-12-31,38.16628348273914
WDI:DT.ODA.ODAT.GI.ZS:NER,1968-12-31,49.198007053443064
WDI:DT.ODA.ODAT.GI.ZS:NER,1969-12-31,85.70947108105673
WDI:DT.ODA.ODAT.GI.ZS:NER,1970-12-31,49.269860377878786
WDI:DT.ODA.ODAT.GI.ZS:NER,1971-12-31,75.79332146016858
WDI:DT.ODA.ODAT.GI.ZS:NER,1972-12-31,52.590390000980236
WDI:DT.ODA.ODAT.GI.ZS:NER,1973-12-31,50.118850547800896
WDI:DT.ODA.ODAT.GI.ZS:NER,1974-12-31,87.26310350470314
WDI:DT.ODA.ODAT.GI.ZS:NER,1975-12-31,91.44542316081402
WDI:DT.ODA.ODAT.GI.ZS:NER,1976-12-31,83.10588634953854
WDI:DT.ODA.ODAT.GI.ZS:NER,1977-12-31,37.38155101670696
WDI:DT.ODA.ODAT.GI.ZS:NER,1978-12-31,38.04751409429673
WDI:DT.ODA.ODAT.GI.ZS:NER,1979-12-31,31.66351586131177
WDI:DT.ODA.ODAT.GI.ZS:NER,1980-12-31,23.457701736951538
WDI:DT.ODA.ODAT.GI.ZS:NER,1981-12-31,43.440707978106744
WDI:DT.ODA.ODAT.GI.ZS:NER,1982-12-31,61.90797266420882
WDI:DT.ODA.ODAT.GI.ZS:NER,1983-12-31,76.73043828941888
WDI:DT.ODA.ODAT.GI.ZS:NER,1984-12-31,342.9349094775088
WDI:DT.ODA.ODAT.GI.ZS:NER,1985-12-31,162.08319478634746
WDI:DT.ODA.ODAT.GI.ZS:NER,1986-12-31,137.48570201934308
WDI:DT.ODA.ODAT.GI.ZS:NER,1987-12-31,136.29832203899673
WDI:DT.ODA.ODAT.GI.ZS:NER,1988-12-31,85.48980718953419
WDI:DT.ODA.ODAT.GI.ZS:NER,1989-12-31,99.97941316754188
WDI:DT.ODA.ODAT.GI.ZS:NER,1990-12-31,97.7868845111998
WDI:DT.ODA.ODAT.GI.ZS:NER,1991-12-31,93.02602842432809
WDI:DT.ODA.ODAT.GI.ZS:NER,1992-12-31,123.9124892478604
WDI:DT.ODA.ODAT.GI.ZS:NER,1993-12-31,169.785797132045
WDI:DT.ODA.ODAT.GI.ZS:NER,1994-12-31,148.22498178257143
WDI:DT.ODA.ODAT.GI.ZS:NER,1995-12-31,98.31007906051174
WDI:DT.ODA.ODAT.GI.ZS:NER,1996-12-31,71.43570253074643
WDI:DT.ODA.ODAT.GI.ZS:NER,1997-12-31,106.74359722200313
WDI:DT.ODA.ODAT.GI.ZS:NER,1998-12-31,75.61019835468872
WDI:DT.ODA.ODAT.GI.ZS:NER,1999-12-31,65.88740167662684
WDI:DT.ODA.ODAT.GI.ZS:NER,2000-12-31,71.01075716092315
WDI:DT.ODA.ODAT.GI.ZS:NER,2001-12-31,76.68190628228137
WDI:DT.ODA.ODAT.GI.ZS:NER,2002-12-31,72.69455083681746
WDI:DT.ODA.ODAT.GI.ZS:NER,2003-12-31,101.73752771518254
WDI:DT.ODA.ODAT.GI.ZS:NER,2004-12-31,116.75424481499788
WDI:DT.ODA.ODAT.GI.ZS:NER,2005-12-31,61.71869519435299
WDI:DT.ODA.ODAT.GI.ZS:NER,2006-12-31,57.52085018254019
WDI:DT.ODA.ODAT.GI.ZS:NER,2007-12-31,53.08339206007518
WDI:DT.ODA.ODAT.GI.ZS:NER,2008-12-31,31.892993583613173
WDI:DT.ODA.ODAT.GI.ZS:NER,2009-12-31,22.482695234100685
WDI:DT.ODA.ODAT.GI.ZS:NER,2010-12-31,25.92535130761407
WDI:DT.ODA.ODAT.GI.ZS:NER,2011-12-31,23.24473525667646
WDI:DT.ODA.ODAT.GI.ZS:NER,2012-12-31,32.2477180507421
WDI:DT.ODA.ODAT.GI.ZS:NER,2013-12-31,26.243670192224283
WDI:DT.ODA.ODAT.GI.ZS:NER,2014-12-31,27.15750675651903
WDI:DT.ODA.ODAT.GI.ZS:NER,2015-12-31,27.750059031988915
WDI:DT.ODA.ODAT.GI.ZS:NER,2016-12-31,33.28158778963387
WDI:DT.ODA.ODAT.GI.ZS:NER,2017-12-31,42.088163883748344
WDI:DT.ODA.ODAT.GI.ZS:NER,2018-12-31,35.24691467279275
WDI:DT.ODA.ODAT.GI.ZS:NER,2019-12-31,36.44269179477801
WDI:DT.ODA.ODAT.GI.ZS:NER,2020-12-31,49.311196823459234
WDI:DT.ODA.ODAT.GI.ZS:NER,2021-12-31,43.953311912520995
WDI:DT.ODA.ODAT.GI.ZS:NER,2022-12-31,44.73962825792454
WDI:DT.ODA.ODAT.GI.ZS:NER,2023-12-31,25.1317704621943
WDI:DT.ODA.ODAT.GI.ZS:NIC,1960-12-31,24.60181871056265
WDI:DT.ODA.ODAT.GI.ZS:NIC,1961-12-31,25.887110220080835
WDI:DT.ODA.ODAT.GI.ZS:NIC,1962-12-31,16.084569084370358
WDI:DT.ODA.ODAT.GI.ZS:NIC,1963-12-31,15.0500431719799
WDI:DT.ODA.ODAT.GI.ZS:NIC,1964-12-31,13.622933433817064
WDI:DT.ODA.ODAT.GI.ZS:NIC,1965-12-31,7.836126323187938
WDI:DT.ODA.ODAT.GI.ZS:NIC,1966-12-31,9.048629318483183
WDI:DT.ODA.ODAT.GI.ZS:NIC,1967-12-31,8.176843133585528
WDI:DT.ODA.ODAT.GI.ZS:NIC,1968-12-31,9.211535832024536
WDI:DT.ODA.ODAT.GI.ZS:NIC,1969-12-31,11.379729524412053
WDI:DT.ODA.ODAT.GI.ZS:NIC,1970-12-31,15.466022375123064
WDI:DT.ODA.ODAT.GI.ZS:NIC,1971-12-31,10.226006825449838
WDI:DT.ODA.ODAT.GI.ZS:NIC,1972-12-31,9.762631400878291
WDI:DT.ODA.ODAT.GI.ZS:NIC,1973-12-31,10.59153430135457
WDI:DT.ODA.ODAT.GI.ZS:NIC,1974-12-31,6.337641666718756
WDI:DT.ODA.ODAT.GI.ZS:NIC,1975-12-31,8.02618599017633
WDI:DT.ODA.ODAT.GI.ZS:NIC,1976-12-31,8.328852833429996
WDI:DT.ODA.ODAT.GI.ZS:NIC,1977-12-31,4.151211853980909
WDI:DT.ODA.ODAT.GI.ZS:NIC,1978-12-31,10.969416391570517
WDI:DT.ODA.ODAT.GI.ZS:NIC,1979-12-31,-92.07997451493225
WDI:DT.ODA.ODAT.GI.ZS:NIC,1980-12-31,50.99656251332223
WDI:DT.ODA.ODAT.GI.ZS:NIC,1981-12-31,16.393745541580362
WDI:DT.ODA.ODAT.GI.ZS:NIC,1982-12-31,21.004876751554878
WDI:DT.ODA.ODAT.GI.ZS:NIC,1983-12-31,15.169388566760981
WDI:DT.ODA.ODAT.GI.ZS:NIC,1984-12-31,15.105423004153815
WDI:DT.ODA.ODAT.GI.ZS:NIC,1985-12-31,16.234258620339663
WDI:DT.ODA.ODAT.GI.ZS:NIC,1986-12-31,30.01690839677434
WDI:DT.ODA.ODAT.GI.ZS:NIC,1987-12-31,23.831465804294226
WDI:DT.ODA.ODAT.GI.ZS:NIC,1988-12-31,31.342991270318404
WDI:DT.ODA.ODAT.GI.ZS:NIC,1989-12-31,87.02994033056505
WDI:DT.ODA.ODAT.GI.ZS:NIC,1990-12-31,169.3693621405241
WDI:DT.ODA.ODAT.GI.ZS:NIC,1991-12-31,258.31536426653525
WDI:DT.ODA.ODAT.GI.ZS:NIC,1992-12-31,163.16042466541666
WDI:DT.ODA.ODAT.GI.ZS:NIC,1993-12-31,92.69350323420691
WDI:DT.ODA.ODAT.GI.ZS:NIC,1994-12-31,79.51660284724275
WDI:DT.ODA.ODAT.GI.ZS:NIC,1995-12-31,72.6083304038138
WDI:DT.ODA.ODAT.GI.ZS:NIC,1996-12-31,92.45440665977273
WDI:DT.ODA.ODAT.GI.ZS:NIC,1997-12-31,30.691613405214063
WDI:DT.ODA.ODAT.GI.ZS:NIC,1998-12-31,42.146007132206655
WDI:DT.ODA.ODAT.GI.ZS:NIC,1999-12-31,37.29768010863964
WDI:DT.ODA.ODAT.GI.ZS:NIC,2000-12-31,36.85411220802719
WDI:DT.ODA.ODAT.GI.ZS:NIC,2001-12-31,63.42599011764503
WDI:DT.ODA.ODAT.GI.ZS:NIC,2002-12-31,35.50469472492714
WDI:DT.ODA.ODAT.GI.ZS:NIC,2003-12-31,62.26397410515795
WDI:DT.ODA.ODAT.GI.ZS:NIC,2004-12-31,79.10680981089048
WDI:DT.ODA.ODAT.GI.ZS:NIC,2005-12-31,40.11222744471596
WDI:DT.ODA.ODAT.GI.ZS:NIC,2006-12-31,32.64653662132175
WDI:DT.ODA.ODAT.GI.ZS:NIC,2007-12-31,31.405402236761027
WDI:DT.ODA.ODAT.GI.ZS:NIC,2008-12-31,23.194197513679722
WDI:DT.ODA.ODAT.GI.ZS:NIC,2009-12-31,34.35409035454223
WDI:DT.ODA.ODAT.GI.ZS:NIC,2010-12-31,21.112550863657205
WDI:DT.ODA.ODAT.GI.ZS:NIC,2011-12-31,17.71874598698566
WDI:DT.ODA.ODAT.GI.ZS:NIC,2012-12-31,16.298180109464262
WDI:DT.ODA.ODAT.GI.ZS:NIC,2013-12-31,14.606881985923954
WDI:DT.ODA.ODAT.GI.ZS:NIC,2014-12-31,12.596119254387359
WDI:DT.ODA.ODAT.GI.ZS:NIC,2015-12-31,10.722858915276795
WDI:DT.ODA.ODAT.GI.ZS:NIC,2016-12-31,10.396810407731664
WDI:DT.ODA.ODAT.GI.ZS:NIC,2017-12-31,13.641542176132788
WDI:DT.ODA.ODAT.GI.ZS:NIC,2018-12-31,11.284653551927672
WDI:DT.ODA.ODAT.GI.ZS:NIC,2019-12-31,17.140675001449484
WDI:DT.ODA.ODAT.GI.ZS:NIC,2020-12-31,17.808411345152052
WDI:DT.ODA.ODAT.GI.ZS:NIC,2021-12-31,22.305105562785492
WDI:DT.ODA.ODAT.GI.ZS:NIC,2022-12-31,33.15039197831012
WDI:DT.ODA.ODAT.GI.ZS:NIC,2023-12-31,14.7481955712665
WDI:DT.ODA.ODAT.GI.ZS:NPL,1965-12-31,37.73620875509162
WDI:DT.ODA.ODAT.GI.ZS:NPL,1966-12-31,35.12952008789891
WDI:DT.ODA.ODAT.GI.ZS:NPL,1967-12-31,33.78550212591886
WDI:DT.ODA.ODAT.GI.ZS:NPL,1968-12-31,24.8153104795723
WDI:DT.ODA.ODAT.GI.ZS:NPL,1969-12-31,28.360465515491594
WDI:DT.ODA.ODAT.GI.ZS:NPL,1970-12-31,45.146270919712244
WDI:DT.ODA.ODAT.GI.ZS:NPL,1971-12-31,33.355519369051116
WDI:DT.ODA.ODAT.GI.ZS:NPL,1972-12-31,38.51498211776933
WDI:DT.ODA.ODAT.GI.ZS:NPL,1973-12-31,36.245894597246355
WDI:DT.ODA.ODAT.GI.ZS:NPL,1974-12-31,26.871098110722517
WDI:DT.ODA.ODAT.GI.ZS:NPL,1975-12-31,17.4770490516935
WDI:DT.ODA.ODAT.GI.ZS:NPL,1976-12-31,19.565027630471022
WDI:DT.ODA.ODAT.GI.ZS:NPL,1977-12-31,32.10094040196228
WDI:DT.ODA.ODAT.GI.ZS:NPL,1978-12-31,23.963295529380172
WDI:DT.ODA.ODAT.GI.ZS:NPL,1979-12-31,43.35572089838921
WDI:DT.ODA.ODAT.GI.ZS:NPL,1980-12-31,42.37096039575109
WDI:DT.ODA.ODAT.GI.ZS:NPL,1981-12-31,40.91181318692471
WDI:DT.ODA.ODAT.GI.ZS:NPL,1982-12-31,43.144642180366276
WDI:DT.ODA.ODAT.GI.ZS:NPL,1983-12-31,36.38490389973288
WDI:DT.ODA.ODAT.GI.ZS:NPL,1984-12-31,32.67128357831462
WDI:DT.ODA.ODAT.GI.ZS:NPL,1985-12-31,31.874032649914103
WDI:DT.ODA.ODAT.GI.ZS:NPL,1986-12-31,45.05034669899044
WDI:DT.ODA.ODAT.GI.ZS:NPL,1987-12-31,51.47251769611339
WDI:DT.ODA.ODAT.GI.ZS:NPL,1988-12-31,47.169192608305025
WDI:DT.ODA.ODAT.GI.ZS:NPL,1989-12-31,54.76102137918335
WDI:DT.ODA.ODAT.GI.ZS:NPL,1990-12-31,54.32187876904834
WDI:DT.ODA.ODAT.GI.ZS:NPL,1991-12-31,47.093112632457554
WDI:DT.ODA.ODAT.GI.ZS:NPL,1992-12-31,55.17251318887515
WDI:DT.ODA.ODAT.GI.ZS:NPL,1993-12-31,36.239982433548604
WDI:DT.ODA.ODAT.GI.ZS:NPL,1994-12-31,42.16432259529464
WDI:DT.ODA.ODAT.GI.ZS:NPL,1995-12-31,34.32017208300427
WDI:DT.ODA.ODAT.GI.ZS:NPL,1996-12-31,26.936023152828543
WDI:DT.ODA.ODAT.GI.ZS:NPL,1997-12-31,25.299420391578874
WDI:DT.ODA.ODAT.GI.ZS:NPL,1998-12-31,25.51129463129645
WDI:DT.ODA.ODAT.GI.ZS:NPL,1999-12-31,28.34226420021623
WDI:DT.ODA.ODAT.GI.ZS:NPL,2000-12-31,23.29781839375027
WDI:DT.ODA.ODAT.GI.ZS:NPL,2001-12-31,25.91460659445645
WDI:DT.ODA.ODAT.GI.ZS:NPL,2002-12-31,27.304276512769842
WDI:DT.ODA.ODAT.GI.ZS:NPL,2003-12-31,33.41496479903076
WDI:DT.ODA.ODAT.GI.ZS:NPL,2004-12-31,24.0790709897787
WDI:DT.ODA.ODAT.GI.ZS:NPL,2005-12-31,18.935895802145446
WDI:DT.ODA.ODAT.GI.ZS:NPL,2006-12-31,18.63409305621294
WDI:DT.ODA.ODAT.GI.ZS:NPL,2007-12-31,18.80417426044646
WDI:DT.ODA.ODAT.GI.ZS:NPL,2008-12-31,16.16157276073219
WDI:DT.ODA.ODAT.GI.ZS:NPL,2009-12-31,17.412455507007184
WDI:DT.ODA.ODAT.GI.ZS:NPL,2010-12-31,10.390062882962921
WDI:DT.ODA.ODAT.GI.ZS:NPL,2011-12-31,12.48922666975709
WDI:DT.ODA.ODAT.GI.ZS:NPL,2012-12-31,12.398897058084783
WDI:DT.ODA.ODAT.GI.ZS:NPL,2013-12-31,13.278585486914595
WDI:DT.ODA.ODAT.GI.ZS:NPL,2014-12-31,12.547713787449627
WDI:DT.ODA.ODAT.GI.ZS:NPL,2015-12-31,16.070017497718368
WDI:DT.ODA.ODAT.GI.ZS:NPL,2016-12-31,15.369884994913388
WDI:DT.ODA.ODAT.GI.ZS:NPL,2017-12-31,11.741144440938537
WDI:DT.ODA.ODAT.GI.ZS:NPL,2018-12-31,11.091076600239168
WDI:DT.ODA.ODAT.GI.ZS:NPL,2019-12-31,9.427308203018017
WDI:DT.ODA.ODAT.GI.ZS:NPL,2020-12-31,17.294129461310487
WDI:DT.ODA.ODAT.GI.ZS:NPL,2021-12-31,12.321771555573099
WDI:DT.ODA.ODAT.GI.ZS:NPL,2022-12-31,7.732292698575977
WDI:DT.ODA.ODAT.GI.ZS:NPL,2023-12-31,9.17475146346866
WDI:DT.ODA.ODAT.GI.ZS:OED,1970-12-31,0.11683261080129316
WDI:DT.ODA.ODAT.GI.ZS:OED,1971-12-31,0.10954487335619732
WDI:DT.ODA.ODAT.GI.ZS:OED,1972-12-31,0.10531002983329553
WDI:DT.ODA.ODAT.GI.ZS:OED,1973-12-31,0.07191882072293043
WDI:DT.ODA.ODAT.GI.ZS:OED,1974-12-31,0.04785590616575055
WDI:DT.ODA.ODAT.GI.ZS:OED,1975-12-31,0.08548568451467443
WDI:DT.ODA.ODAT.GI.ZS:OED,1976-12-31,0.0836323794078734
WDI:DT.ODA.ODAT.GI.ZS:OED,1977-12-31,0.08140153975464168
WDI:DT.ODA.ODAT.GI.ZS:OED,1978-12-31,0.0745194706000796
WDI:DT.ODA.ODAT.GI.ZS:OED,1979-12-31,0.0932703998694139
WDI:DT.ODA.ODAT.GI.ZS:OED,1980-12-31,0.09049563199242426
WDI:DT.ODA.ODAT.GI.ZS:OED,1981-12-31,0.08755471491762999
WDI:DT.ODA.ODAT.GI.ZS:OED,1982-12-31,0.08437911237181642
WDI:DT.ODA.ODAT.GI.ZS:OED,1983-12-31,0.09750314383728682
WDI:DT.ODA.ODAT.GI.ZS:OED,1984-12-31,0.07521940142168915
WDI:DT.ODA.ODAT.GI.ZS:OED,1985-12-31,0.10609285050917709
WDI:DT.ODA.ODAT.GI.ZS:OED,1986-12-31,0.09094516674251636
WDI:DT.ODA.ODAT.GI.ZS:OED,1987-12-31,0.0603800230253806
WDI:DT.ODA.ODAT.GI.ZS:OED,1988-12-31,0.0486739427027432
WDI:DT.ODA.ODAT.GI.ZS:OED,1989-12-31,0.042519293268959854
WDI:DT.ODA.ODAT.GI.ZS:OED,1990-12-31,0.06852371525277157
WDI:DT.ODA.ODAT.GI.ZS:OED,1991-12-31,0.08303304249009497
WDI:DT.ODA.ODAT.GI.ZS:OED,1992-12-31,0.06327496504007175
WDI:DT.ODA.ODAT.GI.ZS:OED,1993-12-31,0.04919097381042586
WDI:DT.ODA.ODAT.GI.ZS:OED,1994-12-31,0.0382107309771904
WDI:DT.ODA.ODAT.GI.ZS:OED,1995-12-31,0.024972728177587243
WDI:DT.ODA.ODAT.GI.ZS:OED,1996-12-31,0.0492878151196303
WDI:DT.ODA.ODAT.GI.ZS:OED,1997-12-31,0.006223378999723972
WDI:DT.ODA.ODAT.GI.ZS:OED,1998-12-31,0.005916585399105268
WDI:DT.ODA.ODAT.GI.ZS:OED,1999-12-31,0.006603400925954051
WDI:DT.ODA.ODAT.GI.ZS:OED,2000-12-31,0.00931027699384613
WDI:DT.ODA.ODAT.GI.ZS:OED,2001-12-31,0.013007365761464794
WDI:DT.ODA.ODAT.GI.ZS:OED,2002-12-31,0.014446364891185226
WDI:DT.ODA.ODAT.GI.ZS:OED,2003-12-31,0.01702133093788582
WDI:DT.ODA.ODAT.GI.ZS:OED,2004-12-31,0.012774542118162435
WDI:DT.ODA.ODAT.GI.ZS:OED,2005-12-31,0.01639639777942189
WDI:DT.ODA.ODAT.GI.ZS:OED,2006-12-31,0.020511262386056592
WDI:DT.ODA.ODAT.GI.ZS:OED,2007-12-31,0.017513838998533968
WDI:DT.ODA.ODAT.GI.ZS:OED,2008-12-31,0.022513102959097375
WDI:DT.ODA.ODAT.GI.ZS:OED,2009-12-31,0.031929518757455456
WDI:DT.ODA.ODAT.GI.ZS:OED,2010-12-31,0.025786186355605985
WDI:DT.ODA.ODAT.GI.ZS:OED,2011-12-31,0.05155968228051628
WDI:DT.ODA.ODAT.GI.ZS:OED,2012-12-31,0.04215204741482182
WDI:DT.ODA.ODAT.GI.ZS:OED,2013-12-31,0.0410039611287996
WDI:DT.ODA.ODAT.GI.ZS:OED,2014-12-31,0.05226064781373967
WDI:DT.ODA.ODAT.GI.ZS:OED,2015-12-31,0.03768557513515491
WDI:DT.ODA.ODAT.GI.ZS:OED,2016-12-31,0.05429090294236225
WDI:DT.ODA.ODAT.GI.ZS:OED,2017-12-31,0.04324389232656905
WDI:DT.ODA.ODAT.GI.ZS:OED,2018-12-31,0.029663368214338803
WDI:DT.ODA.ODAT.GI.ZS:OED,2019-12-31,0.01736700773215954
WDI:DT.ODA.ODAT.GI.ZS:OED,2020-12-31,0.02843868540444024
WDI:DT.ODA.ODAT.GI.ZS:OED,2021-12-31,0.026507853305958347
WDI:DT.ODA.ODAT.GI.ZS:OMN,1967-12-31,2.8130315631130505
WDI:DT.ODA.ODAT.GI.ZS:OMN,1968-12-31,0.21043788192364773
WDI:DT.ODA.ODAT.GI.ZS:OMN,1969-12-31,0.17921160889753399
WDI:DT.ODA.ODAT.GI.ZS:OMN,1970-12-31,0.1984128579875948
WDI:DT.ODA.ODAT.GI.ZS:OMN,1971-12-31,2.3815280453542678
WDI:DT.ODA.ODAT.GI.ZS:OMN,1972-12-31,9.00952773390952
WDI:DT.ODA.ODAT.GI.ZS:OMN,1973-12-31,17.802336398769036
WDI:DT.ODA.ODAT.GI.ZS:OMN,1974-12-31,33.65318994056497
WDI:DT.ODA.ODAT.GI.ZS:OMN,1975-12-31,18.760040188575044
WDI:DT.ODA.ODAT.GI.ZS:OMN,1976-12-31,18.56511411014242
WDI:DT.ODA.ODAT.GI.ZS:OMN,1977-12-31,43.279281324098875
WDI:DT.ODA.ODAT.GI.ZS:OMN,1978-12-31,7.655632645961847
WDI:DT.ODA.ODAT.GI.ZS:OMN,1979-12-31,25.111019632119014
WDI:DT.ODA.ODAT.GI.ZS:OMN,1980-12-31,16.447365650256348
WDI:DT.ODA.ODAT.GI.ZS:OMN,1981-12-31,15.121748588994338
WDI:DT.ODA.ODAT.GI.ZS:OMN,1982-12-31,6.795519724136977
WDI:DT.ODA.ODAT.GI.ZS:OMN,1983-12-31,3.390689520325918
WDI:DT.ODA.ODAT.GI.ZS:OMN,1984-12-31,4.025471620770751
WDI:DT.ODA.ODAT.GI.ZS:OMN,1985-12-31,2.8114305668279447
WDI:DT.ODA.ODAT.GI.ZS:OMN,1986-12-31,4.41549756424106
WDI:DT.ODA.ODAT.GI.ZS:OMN,1987-12-31,3.0607370717631524
WDI:DT.ODA.ODAT.GI.ZS:OMN,1988-12-31,0.3836723138302868
WDI:DT.ODA.ODAT.GI.ZS:OMN,1989-12-31,2.1371695953432557
WDI:DT.ODA.ODAT.GI.ZS:OMN,1990-12-31,4.726549896647284
WDI:DT.ODA.ODAT.GI.ZS:OMN,1991-12-31,0.7684129860564959
WDI:DT.ODA.ODAT.GI.ZS:OMN,1992-12-31,1.9460709336769213
WDI:DT.ODA.ODAT.GI.ZS:OMN,1993-12-31,5.919738476058149
WDI:DT.ODA.ODAT.GI.ZS:OMN,1994-12-31,7.644273077923314
WDI:DT.ODA.ODAT.GI.ZS:OMN,1995-12-31,3.631711143637602
WDI:DT.ODA.ODAT.GI.ZS:OMN,1996-12-31,3.9635282930192783
WDI:DT.ODA.ODAT.GI.ZS:OMN,1997-12-31,3.59272225097259
WDI:DT.ODA.ODAT.GI.ZS:OMN,1998-12-31,9.080873156479418
WDI:DT.ODA.ODAT.GI.ZS:OMN,1999-12-31,1.0781985642450371
WDI:DT.ODA.ODAT.GI.ZS:OMN,2000-12-31,1.5848266488674774
WDI:DT.ODA.ODAT.GI.ZS:OMN,2001-12-31,0.15556722144907836
WDI:DT.ODA.ODAT.GI.ZS:OMN,2002-12-31,1.2856196989296413
WDI:DT.ODA.ODAT.GI.ZS:OMN,2003-12-31,0.8850105247415649
WDI:DT.ODA.ODAT.GI.ZS:OMN,2004-12-31,1.0496729313540767
WDI:DT.ODA.ODAT.GI.ZS:OMN,2005-12-31,0.18873599092578433
WDI:DT.ODA.ODAT.GI.ZS:OMN,2006-12-31,0.3779503496402259
WDI:DT.ODA.ODAT.GI.ZS:OMN,2007-12-31,1.1143583860282635
WDI:DT.ODA.ODAT.GI.ZS:OMN,2008-12-31,0.2545939824968994
WDI:DT.ODA.ODAT.GI.ZS:OMN,2009-12-31,0.7649544530661704
WDI:DT.ODA.ODAT.GI.ZS:OMN,2010-12-31,0.037121683329521135
WDI:DT.ODA.ODAT.GI.ZS:OSS,1993-12-31,17.61972922625638
WDI:DT.ODA.ODAT.GI.ZS:OSS,1994-12-31,16.685086275819884
WDI:DT.ODA.ODAT.GI.ZS:OSS,1995-12-31,13.071415287981816
WDI:DT.ODA.ODAT.GI.ZS:OSS,1996-12-31,12.081157494286979
WDI:DT.ODA.ODAT.GI.ZS:OSS,1997-12-31,10.288093358815162
WDI:DT.ODA.ODAT.GI.ZS:OSS,1998-12-31,10.549619473104336
WDI:DT.ODA.ODAT.GI.ZS:OSS,1999-12-31,10.050094587876904
WDI:DT.ODA.ODAT.GI.ZS:OSS,2000-12-31,8.837405834374401
WDI:DT.ODA.ODAT.GI.ZS:OSS,2001-12-31,8.433675831223548
WDI:DT.ODA.ODAT.GI.ZS:OSS,2002-12-31,8.736185397394822
WDI:DT.ODA.ODAT.GI.ZS:OSS,2003-12-31,7.475386749620013
WDI:DT.ODA.ODAT.GI.ZS:OSS,2004-12-31,6.017310628325205
WDI:DT.ODA.ODAT.GI.ZS:OSS,2005-12-31,5.124557501012789
WDI:DT.ODA.ODAT.GI.ZS:OSS,2006-12-31,4.639514964012473
WDI:DT.ODA.ODAT.GI.ZS:OSS,2007-12-31,5.14519220319374
WDI:DT.ODA.ODAT.GI.ZS:OSS,2008-12-31,7.065554117437754
WDI:DT.ODA.ODAT.GI.ZS:OSS,2009-12-31,8.863767658443642
WDI:DT.ODA.ODAT.GI.ZS:OSS,2010-12-31,9.416792700507159
WDI:DT.ODA.ODAT.GI.ZS:OSS,2011-12-31,8.016302204754101
WDI:DT.ODA.ODAT.GI.ZS:OSS,2012-12-31,7.481198743636084
WDI:DT.ODA.ODAT.GI.ZS:OSS,2013-12-31,7.544340409542693
WDI:DT.ODA.ODAT.GI.ZS:OSS,2014-12-31,6.686833970084931
WDI:DT.ODA.ODAT.GI.ZS:OSS,2015-12-31,6.183381711486839
WDI:DT.ODA.ODAT.GI.ZS:OSS,2016-12-31,5.598411967845312
WDI:DT.ODA.ODAT.GI.ZS:OSS,2017-12-31,5.77885509284385
WDI:DT.ODA.ODAT.GI.ZS:OSS,2018-12-31,5.2844674566591925
WDI:DT.ODA.ODAT.GI.ZS:OSS,2019-12-31,5.3184659361447215
WDI:DT.ODA.ODAT.GI.ZS:OSS,2020-12-31,8.383870300004077
WDI:DT.ODA.ODAT.GI.ZS:OSS,2021-12-31,6.235388678993027
WDI:DT.ODA.ODAT.GI.ZS:PAK,1960-12-31,49.977347200911616
WDI:DT.ODA.ODAT.GI.ZS:PAK,1961-12-31,43.43370285667437
WDI:DT.ODA.ODAT.GI.ZS:PAK,1962-12-31,56.73023904300246
WDI:DT.ODA.ODAT.GI.ZS:PAK,1963-12-31,56.99148445890644
WDI:DT.ODA.ODAT.GI.ZS:PAK,1964-12-31,46.66174874957624
WDI:DT.ODA.ODAT.GI.ZS:PAK,1965-12-31,37.02573644395485
WDI:DT.ODA.ODAT.GI.ZS:PAK,1966-12-31,30.346647172671126
WDI:DT.ODA.ODAT.GI.ZS:PAK,1967-12-31,34.247704443699675
WDI:DT.ODA.ODAT.GI.ZS:PAK,1968-12-31,30.244235692390873
WDI:DT.ODA.ODAT.GI.ZS:PAK,1969-12-31,24.920322972214535
WDI:DT.ODA.ODAT.GI.ZS:PAK,1970-12-31,26.57462400287934
WDI:DT.ODA.ODAT.GI.ZS:PAK,1971-12-31,25.707077048795213
WDI:DT.ODA.ODAT.GI.ZS:PAK,1972-12-31,23.09235513242342
WDI:DT.ODA.ODAT.GI.ZS:PAK,1973-12-31,34.52395760995115
WDI:DT.ODA.ODAT.GI.ZS:PAK,1974-12-31,39.937557183014924
WDI:DT.ODA.ODAT.GI.ZS:PAK,1975-12-31,39.7277037683048
WDI:DT.ODA.ODAT.GI.ZS:PAK,1976-12-31,43.83652131453826
WDI:DT.ODA.ODAT.GI.ZS:PAK,1977-12-31,21.41925237358001
WDI:DT.ODA.ODAT.GI.ZS:PAK,1978-12-31,20.872940022732127
WDI:DT.ODA.ODAT.GI.ZS:PAK,1979-12-31,20.847135506940038
WDI:DT.ODA.ODAT.GI.ZS:PAK,1980-12-31,27.76048363776341
WDI:DT.ODA.ODAT.GI.ZS:PAK,1981-12-31,15.214183875400005
WDI:DT.ODA.ODAT.GI.ZS:PAK,1982-12-31,14.688264960209693
WDI:DT.ODA.ODAT.GI.ZS:PAK,1983-12-31,12.295971986013345
WDI:DT.ODA.ODAT.GI.ZS:PAK,1984-12-31,10.97497789871801
WDI:DT.ODA.ODAT.GI.ZS:PAK,1985-12-31,11.705219660254446
WDI:DT.ODA.ODAT.GI.ZS:PAK,1986-12-31,13.500615483080066
WDI:DT.ODA.ODAT.GI.ZS:PAK,1987-12-31,10.454446721769102
WDI:DT.ODA.ODAT.GI.ZS:PAK,1988-12-31,16.808883659216505
WDI:DT.ODA.ODAT.GI.ZS:PAK,1989-12-31,15.710532685588467
WDI:DT.ODA.ODAT.GI.ZS:PAK,1990-12-31,11.992809820404656
WDI:DT.ODA.ODAT.GI.ZS:PAK,1991-12-31,13.257807691629708
WDI:DT.ODA.ODAT.GI.ZS:PAK,1992-12-31,8.603067045075527
WDI:DT.ODA.ODAT.GI.ZS:PAK,1993-12-31,7.708012582077921
WDI:DT.ODA.ODAT.GI.ZS:PAK,1994-12-31,11.703762075210536
WDI:DT.ODA.ODAT.GI.ZS:PAK,1995-12-31,4.452002581967285
WDI:DT.ODA.ODAT.GI.ZS:PAK,1996-12-31,5.713411262420487
WDI:DT.ODA.ODAT.GI.ZS:PAK,1997-12-31,6.098116193998236
WDI:DT.ODA.ODAT.GI.ZS:PAK,1998-12-31,7.4948267712858065
WDI:DT.ODA.ODAT.GI.ZS:PAK,1999-12-31,6.2603952731869565
WDI:DT.ODA.ODAT.GI.ZS:PAK,2000-12-31,3.387170812533996
WDI:DT.ODA.ODAT.GI.ZS:PAK,2001-12-31,11.487242564716635
WDI:DT.ODA.ODAT.GI.ZS:PAK,2002-12-31,13.319627419275628
WDI:DT.ODA.ODAT.GI.ZS:PAK,2003-12-31,6.061749193501746
WDI:DT.ODA.ODAT.GI.ZS:PAK,2004-12-31,6.415324391384042
WDI:DT.ODA.ODAT.GI.ZS:PAK,2005-12-31,6.251813014921856
WDI:DT.ODA.ODAT.GI.ZS:PAK,2006-12-31,6.9592849493626066
WDI:DT.ODA.ODAT.GI.ZS:PAK,2007-12-31,6.205798117433665
WDI:DT.ODA.ODAT.GI.ZS:PAK,2008-12-31,2.9131459067260437
WDI:DT.ODA.ODAT.GI.ZS:PAK,2009-12-31,7.691746942950981
WDI:DT.ODA.ODAT.GI.ZS:PAK,2010-12-31,8.466136728305369
WDI:DT.ODA.ODAT.GI.ZS:PAK,2011-12-31,11.009229875071378
WDI:DT.ODA.ODAT.GI.ZS:PAK,2012-12-31,5.317533497808896
WDI:DT.ODA.ODAT.GI.ZS:PAK,2013-12-31,5.662708373843313
WDI:DT.ODA.ODAT.GI.ZS:PAK,2014-12-31,8.937294656008914
WDI:DT.ODA.ODAT.GI.ZS:PAK,2015-12-31,7.936444407269722
WDI:DT.ODA.ODAT.GI.ZS:PAK,2016-12-31,5.924630121377287
WDI:DT.ODA.ODAT.GI.ZS:PAK,2017-12-31,4.26751469733986
WDI:DT.ODA.ODAT.GI.ZS:PAK,2018-12-31,2.281712462108313
WDI:DT.ODA.ODAT.GI.ZS:PAK,2019-12-31,4.041655189236598
WDI:DT.ODA.ODAT.GI.ZS:PAK,2020-12-31,5.825879425000003
WDI:DT.ODA.ODAT.GI.ZS:PAK,2021-12-31,5.772706011052383
WDI:DT.ODA.ODAT.GI.ZS:PAK,2022-12-31,2.971723909888915
WDI:DT.ODA.ODAT.GI.ZS:PAK,2023-12-31,8.42823531947499
WDI:DT.ODA.ODAT.GI.ZS:PAN,1960-12-31,11.625733853346917
WDI:DT.ODA.ODAT.GI.ZS:PAN,1961-12-31,6.7996355787296
WDI:DT.ODA.ODAT.GI.ZS:PAN,1962-12-31,6.939995181276923
WDI:DT.ODA.ODAT.GI.ZS:PAN,1963-12-31,10.031886502404255
WDI:DT.ODA.ODAT.GI.ZS:PAN,1964-12-31,6.321874292287371
WDI:DT.ODA.ODAT.GI.ZS:PAN,1965-12-31,16.763798570166013
WDI:DT.ODA.ODAT.GI.ZS:PAN,1966-12-31,7.466602659882758
WDI:DT.ODA.ODAT.GI.ZS:PAN,1967-12-31,5.946664240436578
WDI:DT.ODA.ODAT.GI.ZS:PAN,1968-12-31,3.9809493418102764
WDI:DT.ODA.ODAT.GI.ZS:PAN,1969-12-31,4.3955821469035525
WDI:DT.ODA.ODAT.GI.ZS:PAN,1970-12-31,3.389862668168717
WDI:DT.ODA.ODAT.GI.ZS:PAN,1971-12-31,3.4057905075553534
WDI:DT.ODA.ODAT.GI.ZS:PAN,1972-12-31,1.943440741947194
WDI:DT.ODA.ODAT.GI.ZS:PAN,1973-12-31,2.819687565456084
WDI:DT.ODA.ODAT.GI.ZS:PAN,1974-12-31,1.753909761359148
WDI:DT.ODA.ODAT.GI.ZS:PAN,1975-12-31,2.3953702760091495
WDI:DT.ODA.ODAT.GI.ZS:PAN,1976-12-31,2.914379676501073
WDI:DT.ODA.ODAT.GI.ZS:PAN,1977-12-31,3.0114111858495796
WDI:DT.ODA.ODAT.GI.ZS:PAN,1978-12-31,1.9514236593332206
WDI:DT.ODA.ODAT.GI.ZS:PAN,1979-12-31,1.5439420987866015
WDI:DT.ODA.ODAT.GI.ZS:PAN,1980-12-31,1.4932785845134366
WDI:DT.ODA.ODAT.GI.ZS:PAN,1981-12-31,1.3065053199351273
WDI:DT.ODA.ODAT.GI.ZS:PAN,1982-12-31,1.4552247176432598
WDI:DT.ODA.ODAT.GI.ZS:PAN,1983-12-31,2.400970957225882
WDI:DT.ODA.ODAT.GI.ZS:PAN,1984-12-31,5.406470317919354
WDI:DT.ODA.ODAT.GI.ZS:PAN,1985-12-31,3.9278733630722185
WDI:DT.ODA.ODAT.GI.ZS:PAN,1986-12-31,2.4085377847553695
WDI:DT.ODA.ODAT.GI.ZS:PAN,1987-12-31,2.418163806913665
WDI:DT.ODA.ODAT.GI.ZS:PAN,1988-12-31,4.075382389586958
WDI:DT.ODA.ODAT.GI.ZS:PAN,1989-12-31,4.36840772981304
WDI:DT.ODA.ODAT.GI.ZS:PAN,1990-12-31,7.3320921801900445
WDI:DT.ODA.ODAT.GI.ZS:PAN,1991-12-31,6.548745995872338
WDI:DT.ODA.ODAT.GI.ZS:PAN,1992-12-31,8.234264043895474
WDI:DT.ODA.ODAT.GI.ZS:PAN,1993-12-31,2.958603707821209
WDI:DT.ODA.ODAT.GI.ZS:PAN,1994-12-31,1.2195101075797794
WDI:DT.ODA.ODAT.GI.ZS:PAN,1995-12-31,1.2780488270411001
WDI:DT.ODA.ODAT.GI.ZS:PAN,1996-12-31,2.3595066873333086
WDI:DT.ODA.ODAT.GI.ZS:PAN,1997-12-31,2.0197150015258956
WDI:DT.ODA.ODAT.GI.ZS:PAN,1998-12-31,0.9755510724764374
WDI:DT.ODA.ODAT.GI.ZS:PAN,1999-12-31,0.7182379605847056
WDI:DT.ODA.ODAT.GI.ZS:PAN,2000-12-31,0.7927110546117135
WDI:DT.ODA.ODAT.GI.ZS:PAN,2001-12-31,1.269867402236891
WDI:DT.ODA.ODAT.GI.ZS:PAN,2002-12-31,1.0971841053769216
WDI:DT.ODA.ODAT.GI.ZS:PAN,2003-12-31,1.0539593093986936
WDI:DT.ODA.ODAT.GI.ZS:PAN,2004-12-31,0.7565791459824244
WDI:DT.ODA.ODAT.GI.ZS:PAN,2005-12-31,0.632836384272149
WDI:DT.ODA.ODAT.GI.ZS:PAN,2006-12-31,0.7270137970286212
WDI:DT.ODA.ODAT.GI.ZS:PAN,2007-12-31,-1.661226530171478
WDI:DT.ODA.ODAT.GI.ZS:PAN,2008-12-31,0.332889336465571
WDI:DT.ODA.ODAT.GI.ZS:PAN,2009-12-31,0.7760174158869065
WDI:DT.ODA.ODAT.GI.ZS:PAN,2010-12-31,1.123520622919714
WDI:DT.ODA.ODAT.GI.ZS:PAN,2011-12-31,0.8263364727467264
WDI:DT.ODA.ODAT.GI.ZS:PAN,2012-12-31,0.290432424201386
WDI:DT.ODA.ODAT.GI.ZS:PAN,2013-12-31,0.04552109181821613
WDI:DT.ODA.ODAT.GI.ZS:PAN,2014-12-31,-0.8624001972700172
WDI:DT.ODA.ODAT.GI.ZS:PAN,2015-12-31,0.043485905828482684
WDI:DT.ODA.ODAT.GI.ZS:PAN,2016-12-31,0.09398024235487766
WDI:DT.ODA.ODAT.GI.ZS:PAN,2017-12-31,0.1564475167215585
WDI:DT.ODA.ODAT.GI.ZS:PAN,2018-12-31,0.14111287196905947
WDI:DT.ODA.ODAT.GI.ZS:PAN,2019-12-31,0.2697561494384294
WDI:DT.ODA.ODAT.GI.ZS:PAN,2020-12-31,1.0681626000689517
WDI:DT.ODA.ODAT.GI.ZS:PAN,2021-12-31,0.43881446784948647
WDI:DT.ODA.ODAT.GI.ZS:PAN,2022-12-31,0.4792931858384561
WDI:DT.ODA.ODAT.GI.ZS:PAN,2023-12-31,1.30533865933591
WDI:DT.ODA.ODAT.GI.ZS:PER,1960-12-31,-0.8215112960937836
WDI:DT.ODA.ODAT.GI.ZS:PER,1961-12-31,-1.2935327341529952
WDI:DT.ODA.ODAT.GI.ZS:PER,1962-12-31,0.49673806313319535
WDI:DT.ODA.ODAT.GI.ZS:PER,1963-12-31,0.6459306748895246
WDI:DT.ODA.ODAT.GI.ZS:PER,1964-12-31,1.2108442530707713
WDI:DT.ODA.ODAT.GI.ZS:PER,1965-12-31,2.8296236432052075
WDI:DT.ODA.ODAT.GI.ZS:PER,1966-12-31,1.7861007796366242
WDI:DT.ODA.ODAT.GI.ZS:PER,1967-12-31,1.830459320302999
WDI:DT.ODA.ODAT.GI.ZS:PER,1968-12-31,2.018493099908887
WDI:DT.ODA.ODAT.GI.ZS:PER,1969-12-31,1.8551262810775868
WDI:DT.ODA.ODAT.GI.ZS:PER,1970-12-31,3.4384785580666453
WDI:DT.ODA.ODAT.GI.ZS:PER,1971-12-31,2.34092015181247
WDI:DT.ODA.ODAT.GI.ZS:PER,1972-12-31,2.402244165105607
WDI:DT.ODA.ODAT.GI.ZS:PER,1973-12-31,3.2363823408659202
WDI:DT.ODA.ODAT.GI.ZS:PER,1974-12-31,1.7184561833129497
WDI:DT.ODA.ODAT.GI.ZS:PER,1975-12-31,1.3989313195232922
WDI:DT.ODA.ODAT.GI.ZS:PER,1976-12-31,1.8840400776906459
WDI:DT.ODA.ODAT.GI.ZS:PER,1977-12-31,2.8592666979497565
WDI:DT.ODA.ODAT.GI.ZS:PER,1978-12-31,4.961879104257459
WDI:DT.ODA.ODAT.GI.ZS:PER,1979-12-31,4.984050011463185
WDI:DT.ODA.ODAT.GI.ZS:PER,1980-12-31,3.382137591179356
WDI:DT.ODA.ODAT.GI.ZS:PER,1981-12-31,2.6870910093975953
WDI:DT.ODA.ODAT.GI.ZS:PER,1982-12-31,2.0770827940655363
WDI:DT.ODA.ODAT.GI.ZS:PER,1983-12-31,5.407317187899164
WDI:DT.ODA.ODAT.GI.ZS:PER,1984-12-31,6.486853356735967
WDI:DT.ODA.ODAT.GI.ZS:PER,1985-12-31,9.742300049824967
WDI:DT.ODA.ODAT.GI.ZS:PER,1986-12-31,5.529965977980463
WDI:DT.ODA.ODAT.GI.ZS:PER,1987-12-31,3.5819032239344675
WDI:DT.ODA.ODAT.GI.ZS:PER,1988-12-31,6.86832033880708
WDI:DT.ODA.ODAT.GI.ZS:PER,1989-12-31,5.92693280288786
WDI:DT.ODA.ODAT.GI.ZS:PER,1990-12-31,9.302936549120835
WDI:DT.ODA.ODAT.GI.ZS:PER,1991-12-31,11.132999208045517
WDI:DT.ODA.ODAT.GI.ZS:PER,1992-12-31,6.821375654533028
WDI:DT.ODA.ODAT.GI.ZS:PER,1993-12-31,8.68587868956446
WDI:DT.ODA.ODAT.GI.ZS:PER,1994-12-31,3.4773244504670715
WDI:DT.ODA.ODAT.GI.ZS:PER,1995-12-31,2.9338593625188913
WDI:DT.ODA.ODAT.GI.ZS:PER,1996-12-31,2.65791028097462
WDI:DT.ODA.ODAT.GI.ZS:PER,1997-12-31,2.9085264107539905
WDI:DT.ODA.ODAT.GI.ZS:PER,1998-12-31,3.8265206234085074
WDI:DT.ODA.ODAT.GI.ZS:PER,1999-12-31,4.4292383879028305
WDI:DT.ODA.ODAT.GI.ZS:PER,2000-12-31,4.063100588287982
WDI:DT.ODA.ODAT.GI.ZS:PER,2001-12-31,4.880030899807426
WDI:DT.ODA.ODAT.GI.ZS:PER,2002-12-31,5.055044881703179
WDI:DT.ODA.ODAT.GI.ZS:PER,2003-12-31,4.9509563385402116
WDI:DT.ODA.ODAT.GI.ZS:PER,2004-12-31,4.25684546734057
WDI:DT.ODA.ODAT.GI.ZS:PER,2005-12-31,3.5403757318599562
WDI:DT.ODA.ODAT.GI.ZS:PER,2006-12-31,2.640238460139508
WDI:DT.ODA.ODAT.GI.ZS:PER,2007-12-31,1.4274807476524831
WDI:DT.ODA.ODAT.GI.ZS:PER,2008-12-31,1.5038719378094436
WDI:DT.ODA.ODAT.GI.ZS:PER,2009-12-31,1.8350096174167896
WDI:DT.ODA.ODAT.GI.ZS:PER,2010-12-31,-0.8718432897771731
WDI:DT.ODA.ODAT.GI.ZS:PER,2011-12-31,1.4210891504404841
WDI:DT.ODA.ODAT.GI.ZS:PER,2012-12-31,0.813362009892495
WDI:DT.ODA.ODAT.GI.ZS:PER,2013-12-31,0.706826598614978
WDI:DT.ODA.ODAT.GI.ZS:PER,2014-12-31,0.6628777838485206
WDI:DT.ODA.ODAT.GI.ZS:PER,2015-12-31,0.7258103941579582
WDI:DT.ODA.ODAT.GI.ZS:PER,2016-12-31,0.7577206776840908
WDI:DT.ODA.ODAT.GI.ZS:PER,2017-12-31,-0.002876698003876199
WDI:DT.ODA.ODAT.GI.ZS:PER,2018-12-31,0.9503652311149186
WDI:DT.ODA.ODAT.GI.ZS:PER,2019-12-31,0.9663447566583078
WDI:DT.ODA.ODAT.GI.ZS:PER,2020-12-31,1.3371686751300638
WDI:DT.ODA.ODAT.GI.ZS:PER,2021-12-31,0.6036122175825617
WDI:DT.ODA.ODAT.GI.ZS:PER,2022-12-31,1.5091177921041559
WDI:DT.ODA.ODAT.GI.ZS:PER,2023-12-31,1.11754087358208
WDI:DT.ODA.ODAT.GI.ZS:PHL,1981-12-31,3.4794231883354385
WDI:DT.ODA.ODAT.GI.ZS:PHL,1982-12-31,2.880538544017405
WDI:DT.ODA.ODAT.GI.ZS:PHL,1983-12-31,3.896472609760287
WDI:DT.ODA.ODAT.GI.ZS:PHL,1984-12-31,5.308174011258908
WDI:DT.ODA.ODAT.GI.ZS:PHL,1985-12-31,9.186910902166776
WDI:DT.ODA.ODAT.GI.ZS:PHL,1986-12-31,17.37941536146396
WDI:DT.ODA.ODAT.GI.ZS:PHL,1987-12-31,10.724698708301577
WDI:DT.ODA.ODAT.GI.ZS:PHL,1988-12-31,9.853802181881093
WDI:DT.ODA.ODAT.GI.ZS:PHL,1989-12-31,7.585446589359966
WDI:DT.ODA.ODAT.GI.ZS:PHL,1990-12-31,9.699987963265636
WDI:DT.ODA.ODAT.GI.ZS:PHL,1991-12-31,9.301562033843853
WDI:DT.ODA.ODAT.GI.ZS:PHL,1992-12-31,13.053353485027142
WDI:DT.ODA.ODAT.GI.ZS:PHL,1993-12-31,9.664474876294873
WDI:DT.ODA.ODAT.GI.ZS:PHL,1994-12-31,5.915270221340785
WDI:DT.ODA.ODAT.GI.ZS:PHL,1995-12-31,4.648671864299901
WDI:DT.ODA.ODAT.GI.ZS:PHL,1996-12-31,3.9067834975646427
WDI:DT.ODA.ODAT.GI.ZS:PHL,1997-12-31,2.7856325946361156
WDI:DT.ODA.ODAT.GI.ZS:PHL,1998-12-31,3.9806216600758386
WDI:DT.ODA.ODAT.GI.ZS:PHL,1999-12-31,4.7754129950461595
WDI:DT.ODA.ODAT.GI.ZS:PHL,2000-12-31,4.212392596061317
WDI:DT.ODA.ODAT.GI.ZS:PHL,2001-12-31,3.699794027333548
WDI:DT.ODA.ODAT.GI.ZS:PHL,2002-12-31,3.2070931720588702
WDI:DT.ODA.ODAT.GI.ZS:PHL,2003-12-31,4.263940665789412
WDI:DT.ODA.ODAT.GI.ZS:PHL,2004-12-31,2.36105264043778
WDI:DT.ODA.ODAT.GI.ZS:PHL,2005-12-31,2.9470137205636684
WDI:DT.ODA.ODAT.GI.ZS:PHL,2006-12-31,2.910420533728573
WDI:DT.ODA.ODAT.GI.ZS:PHL,2007-12-31,2.529220136936748
WDI:DT.ODA.ODAT.GI.ZS:PHL,2008-12-31,0.1941351589874748
WDI:DT.ODA.ODAT.GI.ZS:PHL,2009-12-31,1.1073621228196846
WDI:DT.ODA.ODAT.GI.ZS:PHL,2010-12-31,1.3602762098664727
WDI:DT.ODA.ODAT.GI.ZS:PHL,2011-12-31,-0.27970376976536593
WDI:DT.ODA.ODAT.GI.ZS:PHL,2012-12-31,-0.006582992839626961
WDI:DT.ODA.ODAT.GI.ZS:PHL,2013-12-31,0.327725702965216
WDI:DT.ODA.ODAT.GI.ZS:PHL,2014-12-31,1.0883392340840246
WDI:DT.ODA.ODAT.GI.ZS:PHL,2015-12-31,0.7874006912315052
WDI:DT.ODA.ODAT.GI.ZS:PHL,2016-12-31,0.36160820561066537
WDI:DT.ODA.ODAT.GI.ZS:PHL,2017-12-31,0.19114550358793173
WDI:DT.ODA.ODAT.GI.ZS:PHL,2018-12-31,0.5812889697223592
WDI:DT.ODA.ODAT.GI.ZS:PHL,2019-12-31,0.891639830856965
WDI:DT.ODA.ODAT.GI.ZS:PHL,2020-12-31,2.3108552067393164
WDI:DT.ODA.ODAT.GI.ZS:PHL,2021-12-31,1.962439337130659
WDI:DT.ODA.ODAT.GI.ZS:PHL,2022-12-31,1.6165481930190881
WDI:DT.ODA.ODAT.GI.ZS:PHL,2023-12-31,1.80129679402848
WDI:DT.ODA.ODAT.GI.ZS:PLW,2005-12-31,29.112915580411038
WDI:DT.ODA.ODAT.GI.ZS:PLW,2006-12-31,50.15245832512563
WDI:DT.ODA.ODAT.GI.ZS:PLW,2007-12-31,32.10706394149245
WDI:DT.ODA.ODAT.GI.ZS:PLW,2008-12-31,66.11317976679759
WDI:DT.ODA.ODAT.GI.ZS:PLW,2009-12-31,73.15398361694504
WDI:DT.ODA.ODAT.GI.ZS:PLW,2010-12-31,59.082463031135944
WDI:DT.ODA.ODAT.GI.ZS:PLW,2011-12-31,41.827932503634536
WDI:DT.ODA.ODAT.GI.ZS:PLW,2012-12-31,25.490738745725892
WDI:DT.ODA.ODAT.GI.ZS:PLW,2013-12-31,63.78151144543585
WDI:DT.ODA.ODAT.GI.ZS:PLW,2014-12-31,30.479672946360775
WDI:DT.ODA.ODAT.GI.ZS:PLW,2015-12-31,17.313904155747707
WDI:DT.ODA.ODAT.GI.ZS:PLW,2016-12-31,20.290651950915777
WDI:DT.ODA.ODAT.GI.ZS:PLW,2017-12-31,23.29762261928759
WDI:DT.ODA.ODAT.GI.ZS:PLW,2018-12-31,101.8565715249139
WDI:DT.ODA.ODAT.GI.ZS:PLW,2019-12-31,25.597057550386037
WDI:DT.ODA.ODAT.GI.ZS:PLW,2020-12-31,60.67082585492985
WDI:DT.ODA.ODAT.GI.ZS:PLW,2021-12-31,55.27276396374664
WDI:DT.ODA.ODAT.GI.ZS:PLW,2022-12-31,50.87433454899802
WDI:DT.ODA.ODAT.GI.ZS:PLW,2023-12-31,29.1952482123673
WDI:DT.ODA.ODAT.GI.ZS:PNG,1960-12-31,0.032349890581271405
WDI:DT.ODA.ODAT.GI.ZS:PNG,1961-12-31,0.03110999930463731
WDI:DT.ODA.ODAT.GI.ZS:PNG,1963-12-31,0.02254689343543158
WDI:DT.ODA.ODAT.GI.ZS:PNG,1965-12-31,111.01546948821293
WDI:DT.ODA.ODAT.GI.ZS:PNG,1966-12-31,97.72330864483372
WDI:DT.ODA.ODAT.GI.ZS:PNG,1967-12-31,101.42442858652988
WDI:DT.ODA.ODAT.GI.ZS:PNG,1968-12-31,104.58097729002466
WDI:DT.ODA.ODAT.GI.ZS:PNG,1969-12-31,74.23200572380625
WDI:DT.ODA.ODAT.GI.ZS:PNG,1970-12-31,54.97884399071712
WDI:DT.ODA.ODAT.GI.ZS:PNG,1971-12-31,47.10651215627224
WDI:DT.ODA.ODAT.GI.ZS:PNG,1972-12-31,81.1443737707118
WDI:DT.ODA.ODAT.GI.ZS:PNG,1973-12-31,96.95490445741554
WDI:DT.ODA.ODAT.GI.ZS:PNG,1974-12-31,102.81397467082154
WDI:DT.ODA.ODAT.GI.ZS:PNG,1975-12-31,111.98370198959032
WDI:DT.ODA.ODAT.GI.ZS:PNG,1976-12-31,83.8424442970431
WDI:DT.ODA.ODAT.GI.ZS:PNG,1977-12-31,70.9220053817125
WDI:DT.ODA.ODAT.GI.ZS:PNG,1978-12-31,66.05211425810562
WDI:DT.ODA.ODAT.GI.ZS:PNG,1979-12-31,52.274111073999705
WDI:DT.ODA.ODAT.GI.ZS:PNG,1980-12-31,49.574589367644535
WDI:DT.ODA.ODAT.GI.ZS:PNG,1981-12-31,46.928468972916185
WDI:DT.ODA.ODAT.GI.ZS:PNG,1982-12-31,40.18524414350048
WDI:DT.ODA.ODAT.GI.ZS:PNG,1983-12-31,42.9355120100333
WDI:DT.ODA.ODAT.GI.ZS:PNG,1984-12-31,45.80554478612298
WDI:DT.ODA.ODAT.GI.ZS:PNG,1985-12-31,52.587748089916175
WDI:DT.ODA.ODAT.GI.ZS:PNG,1986-12-31,49.06052142947093
WDI:DT.ODA.ODAT.GI.ZS:PNG,1987-12-31,48.432139884585034
WDI:DT.ODA.ODAT.GI.ZS:PNG,1988-12-31,36.60924088725299
WDI:DT.ODA.ODAT.GI.ZS:PNG,1989-12-31,39.592324929775536
WDI:DT.ODA.ODAT.GI.ZS:PNG,1990-12-31,47.040456047667234
WDI:DT.ODA.ODAT.GI.ZS:PNG,1991-12-31,33.17885187243832
WDI:DT.ODA.ODAT.GI.ZS:PNG,1992-12-31,42.465531407385235
WDI:DT.ODA.ODAT.GI.ZS:PNG,1993-12-31,32.24741819084607
WDI:DT.ODA.ODAT.GI.ZS:PNG,1994-12-31,25.409176656989956
WDI:DT.ODA.ODAT.GI.ZS:PNG,1995-12-31,35.22911670094054
WDI:DT.ODA.ODAT.GI.ZS:PNG,1996-12-31,32.339631837607726
WDI:DT.ODA.ODAT.GI.ZS:PNG,1997-12-31,32.58151655423086
WDI:DT.ODA.ODAT.GI.ZS:PNG,1998-12-31,52.87568864171135
WDI:DT.ODA.ODAT.GI.ZS:PNG,1999-12-31,37.32177545212115
WDI:DT.ODA.ODAT.GI.ZS:PNG,2000-12-31,35.67043747357915
WDI:DT.ODA.ODAT.GI.ZS:PNG,2001-12-31,29.123911484190156
WDI:DT.ODA.ODAT.GI.ZS:PNG,2002-12-31,32.0299102131747
WDI:DT.ODA.ODAT.GI.ZS:PNG,2003-12-31,31.63062584175373
WDI:DT.ODA.ODAT.GI.ZS:PNG,2004-12-31,33.37437390440785
WDI:DT.ODA.ODAT.GI.ZS:PRY,1962-12-31,7.033175503096492
WDI:DT.ODA.ODAT.GI.ZS:PRY,1963-12-31,20.3195705389098
WDI:DT.ODA.ODAT.GI.ZS:PRY,1964-12-31,17.90852474775472
WDI:DT.ODA.ODAT.GI.ZS:PRY,1965-12-31,13.885409195652215
WDI:DT.ODA.ODAT.GI.ZS:PRY,1966-12-31,12.586423035325673
WDI:DT.ODA.ODAT.GI.ZS:PRY,1967-12-31,14.950609239670246
WDI:DT.ODA.ODAT.GI.ZS:PRY,1968-12-31,12.836265176816916
WDI:DT.ODA.ODAT.GI.ZS:PRY,1969-12-31,15.727579771836043
WDI:DT.ODA.ODAT.GI.ZS:PRY,1970-12-31,15.119086198666787
WDI:DT.ODA.ODAT.GI.ZS:PRY,1971-12-31,16.66568178972195
WDI:DT.ODA.ODAT.GI.ZS:PRY,1972-12-31,12.798628934529468
WDI:DT.ODA.ODAT.GI.ZS:PRY,1973-12-31,7.735730248658192
WDI:DT.ODA.ODAT.GI.ZS:PRY,1974-12-31,7.7876589561167195
WDI:DT.ODA.ODAT.GI.ZS:PRY,1975-12-31,4.530102630030723
WDI:DT.ODA.ODAT.GI.ZS:PRY,1976-12-31,5.30138864567143
WDI:DT.ODA.ODAT.GI.ZS:PRY,1977-12-31,6.165232387549293
WDI:DT.ODA.ODAT.GI.ZS:PRY,1978-12-31,4.29063933529807
WDI:DT.ODA.ODAT.GI.ZS:PRY,1979-12-31,2.50213057412503
WDI:DT.ODA.ODAT.GI.ZS:PRY,1980-12-31,2.3776829418705687
WDI:DT.ODA.ODAT.GI.ZS:PRY,1981-12-31,2.7175830455958967
WDI:DT.ODA.ODAT.GI.ZS:PRY,1982-12-31,5.196934262863525
WDI:DT.ODA.ODAT.GI.ZS:PRY,1983-12-31,3.676991723015262
WDI:DT.ODA.ODAT.GI.ZS:PRY,1984-12-31,4.064316769748243
WDI:DT.ODA.ODAT.GI.ZS:PRY,1985-12-31,4.91288917369752
WDI:DT.ODA.ODAT.GI.ZS:PRY,1986-12-31,6.200097224480973
WDI:DT.ODA.ODAT.GI.ZS:PRY,1987-12-31,6.657724354375616
WDI:DT.ODA.ODAT.GI.ZS:PRY,1988-12-31,7.4675036793140555
WDI:DT.ODA.ODAT.GI.ZS:PRY,1989-12-31,10.360330404403935
WDI:DT.ODA.ODAT.GI.ZS:PRY,1990-12-31,5.6343773701435635
WDI:DT.ODA.ODAT.GI.ZS:PRY,1991-12-31,10.011728652760182
WDI:DT.ODA.ODAT.GI.ZS:PRY,1992-12-31,5.445642871177954
WDI:DT.ODA.ODAT.GI.ZS:PRY,1993-12-31,7.45362652010068
WDI:DT.ODA.ODAT.GI.ZS:PRY,1994-12-31,4.700801260411942
WDI:DT.ODA.ODAT.GI.ZS:PRY,1995-12-31,6.079005393217041
WDI:DT.ODA.ODAT.GI.ZS:PRY,1996-12-31,3.3229986596848677
WDI:DT.ODA.ODAT.GI.ZS:PRY,1997-12-31,3.5912977437002094
WDI:DT.ODA.ODAT.GI.ZS:PRY,1998-12-31,3.2587571112681895
WDI:DT.ODA.ODAT.GI.ZS:PRY,1999-12-31,4.416739747474018
WDI:DT.ODA.ODAT.GI.ZS:PRY,2000-12-31,5.222306476306592
WDI:DT.ODA.ODAT.GI.ZS:PRY,2001-12-31,4.512628628744133
WDI:DT.ODA.ODAT.GI.ZS:PRY,2002-12-31,5.066660174723137
WDI:DT.ODA.ODAT.GI.ZS:PRY,2003-12-31,4.128763190004399
WDI:DT.ODA.ODAT.GI.ZS:PRY,2004-12-31,1.7889056558545964
WDI:DT.ODA.ODAT.GI.ZS:PRY,2005-12-31,2.834443555788287
WDI:DT.ODA.ODAT.GI.ZS:PRY,2006-12-31,2.3404030165236525
WDI:DT.ODA.ODAT.GI.ZS:PRY,2007-12-31,3.1688553822248298
WDI:DT.ODA.ODAT.GI.ZS:PRY,2008-12-31,2.530032272244339
WDI:DT.ODA.ODAT.GI.ZS:PRY,2009-12-31,3.823095006224265
WDI:DT.ODA.ODAT.GI.ZS:PRY,2010-12-31,1.7383285036178469
WDI:DT.ODA.ODAT.GI.ZS:PRY,2011-12-31,0.9607057866794277
WDI:DT.ODA.ODAT.GI.ZS:PRY,2012-12-31,1.478020386232792
WDI:DT.ODA.ODAT.GI.ZS:PRY,2013-12-31,1.541975542491538
WDI:DT.ODA.ODAT.GI.ZS:PRY,2014-12-31,0.6822547703489931
WDI:DT.ODA.ODAT.GI.ZS:PRY,2015-12-31,0.7595589951288761
WDI:DT.ODA.ODAT.GI.ZS:PRY,2016-12-31,1.2386669094155984
WDI:DT.ODA.ODAT.GI.ZS:PRY,2017-12-31,1.7770111802836663
WDI:DT.ODA.ODAT.GI.ZS:PRY,2018-12-31,1.796534679075491
WDI:DT.ODA.ODAT.GI.ZS:PRY,2019-12-31,1.5585074310691427
WDI:DT.ODA.ODAT.GI.ZS:PRY,2020-12-31,4.305526739721562
WDI:DT.ODA.ODAT.GI.ZS:PRY,2021-12-31,1.8400455183762106
WDI:DT.ODA.ODAT.GI.ZS:PRY,2022-12-31,0.8452325336969491
WDI:DT.ODA.ODAT.GI.ZS:PRY,2023-12-31,2.55821538046745
WDI:DT.ODA.ODAT.GI.ZS:PSE,1994-12-31,41.228163084060796
WDI:DT.ODA.ODAT.GI.ZS:PSE,1995-12-31,41.14855013218849
WDI:DT.ODA.ODAT.GI.ZS:PSE,1996-12-31,44.43452164933486
WDI:DT.ODA.ODAT.GI.ZS:PSE,1997-12-31,46.52979349501897
WDI:DT.ODA.ODAT.GI.ZS:PSE,1998-12-31,43.68946632367299
WDI:DT.ODA.ODAT.GI.ZS:PSE,1999-12-31,31.701522841313217
WDI:DT.ODA.ODAT.GI.ZS:PSE,2000-12-31,50.37162410773419
WDI:DT.ODA.ODAT.GI.ZS:PSE,2001-12-31,84.24168441610108
WDI:DT.ODA.ODAT.GI.ZS:PSE,2002-12-31,104.41805323498797
WDI:DT.ODA.ODAT.GI.ZS:PSE,2003-12-31,91.14960330886352
WDI:DT.ODA.ODAT.GI.ZS:PSE,2004-12-31,100.8111129674607
WDI:DT.ODA.ODAT.GI.ZS:PSE,2005-12-31,81.82631289556593
WDI:DT.ODA.ODAT.GI.ZS:PSE,2006-12-31,117.76036706778635
WDI:DT.ODA.ODAT.GI.ZS:PSE,2007-12-31,142.51058057528095
WDI:DT.ODA.ODAT.GI.ZS:PSE,2008-12-31,180.048114157373
WDI:DT.ODA.ODAT.GI.ZS:PSE,2009-12-31,187.9101134183114
WDI:DT.ODA.ODAT.GI.ZS:PSE,2010-12-31,125.87665733557792
WDI:DT.ODA.ODAT.GI.ZS:PSE,2011-12-31,130.6332718060886
WDI:DT.ODA.ODAT.GI.ZS:PSE,2012-12-31,84.34322117405928
WDI:DT.ODA.ODAT.GI.ZS:PSE,2013-12-31,84.84377833661418
WDI:DT.ODA.ODAT.GI.ZS:PSE,2014-12-31,78.93644978553256
WDI:DT.ODA.ODAT.GI.ZS:PSE,2015-12-31,53.4092963044517
WDI:DT.ODA.ODAT.GI.ZS:PSE,2016-12-31,61.73458716631751
WDI:DT.ODA.ODAT.GI.ZS:PSE,2017-12-31,48.28493146208594
WDI:DT.ODA.ODAT.GI.ZS:PSE,2018-12-31,49.82374493524443
WDI:DT.ODA.ODAT.GI.ZS:PSE,2019-12-31,50.03029427877287
WDI:DT.ODA.ODAT.GI.ZS:PSE,2020-12-31,53.92624860195402
WDI:DT.ODA.ODAT.GI.ZS:PSE,2021-12-31,46.9175935076075
WDI:DT.ODA.ODAT.GI.ZS:PSE,2022-12-31,44.03257453481262
WDI:DT.ODA.ODAT.GI.ZS:PSE,2023-12-31,77.5359032666139
WDI:DT.ODA.ODAT.GI.ZS:PST,1970-12-31,0.05252693206221449
WDI:DT.ODA.ODAT.GI.ZS:PST,1971-12-31,0.055834342239141806
WDI:DT.ODA.ODAT.GI.ZS:PST,1972-12-31,0.05244538937465706
WDI:DT.ODA.ODAT.GI.ZS:PST,1973-12-31,0.033715158571350295
WDI:DT.ODA.ODAT.GI.ZS:PST,1974-12-31,0.02775834714827204
WDI:DT.ODA.ODAT.GI.ZS:PST,1975-12-31,0.027906594582941518
WDI:DT.ODA.ODAT.GI.ZS:PST,1976-12-31,0.024515840575836216
WDI:DT.ODA.ODAT.GI.ZS:PST,1977-12-31,0.02312982952968574
WDI:DT.ODA.ODAT.GI.ZS:PST,1978-12-31,0.015321536213188115
WDI:DT.ODA.ODAT.GI.ZS:PST,1979-12-31,0.012380472850217114
WDI:DT.ODA.ODAT.GI.ZS:PST,1980-12-31,0.010662365737015789
WDI:DT.ODA.ODAT.GI.ZS:PST,1981-12-31,0.02051488712697446
WDI:DT.ODA.ODAT.GI.ZS:PST,1982-12-31,0.006500022249626075
WDI:DT.ODA.ODAT.GI.ZS:PST,1983-12-31,0.006137512808073026
WDI:DT.ODA.ODAT.GI.ZS:PST,1984-12-31,0.00307272794353038
WDI:DT.ODA.ODAT.GI.ZS:PST,1985-12-31,0.004263969139657626
WDI:DT.ODA.ODAT.GI.ZS:PST,1986-12-31,0.0029560854266684105
WDI:DT.ODA.ODAT.GI.ZS:PST,1987-12-31,0.003162831954085474
WDI:DT.ODA.ODAT.GI.ZS:PST,1988-12-31,0.0029868786919142972
WDI:DT.ODA.ODAT.GI.ZS:PST,1989-12-31,0.005641976958339048
WDI:DT.ODA.ODAT.GI.ZS:PST,1990-12-31,0.003201435304094942
WDI:DT.ODA.ODAT.GI.ZS:PST,1991-12-31,0.0034150737292519486
WDI:DT.ODA.ODAT.GI.ZS:PST,1992-12-31,0.0005716761572255011
WDI:DT.ODA.ODAT.GI.ZS:PST,1993-12-31,0.0035928327998624205
WDI:DT.ODA.ODAT.GI.ZS:PST,1994-12-31,0.01061896914162062
WDI:DT.ODA.ODAT.GI.ZS:PST,1995-12-31,0.020302293795006365
WDI:DT.ODA.ODAT.GI.ZS:PST,1996-12-31,0.017604259923497387
WDI:DT.ODA.ODAT.GI.ZS:PST,1997-12-31,0.01577879339026582
WDI:DT.ODA.ODAT.GI.ZS:PST,1998-12-31,0.018184433318801763
WDI:DT.ODA.ODAT.GI.ZS:PST,1999-12-31,0.022587475562167794
WDI:DT.ODA.ODAT.GI.ZS:PST,2000-12-31,0.014587521285820039
WDI:DT.ODA.ODAT.GI.ZS:PST,2001-12-31,0.015445227089513595
WDI:DT.ODA.ODAT.GI.ZS:PST,2002-12-31,0.01354516258661432
WDI:DT.ODA.ODAT.GI.ZS:PST,2003-12-31,0.011177555233106855
WDI:DT.ODA.ODAT.GI.ZS:PST,2004-12-31,0.01207609861694783
WDI:DT.ODA.ODAT.GI.ZS:PST,2005-12-31,0.014649359353210564
WDI:DT.ODA.ODAT.GI.ZS:PST,2006-12-31,0.015367874225715535
WDI:DT.ODA.ODAT.GI.ZS:PST,2007-12-31,0.01423737228321131
WDI:DT.ODA.ODAT.GI.ZS:PST,2008-12-31,0.015627139896503085
WDI:DT.ODA.ODAT.GI.ZS:PST,2009-12-31,0.017809963953578933
WDI:DT.ODA.ODAT.GI.ZS:PST,2010-12-31,0.017967459787589193
WDI:DT.ODA.ODAT.GI.ZS:PST,2011-12-31,0.01650845885973071
WDI:DT.ODA.ODAT.GI.ZS:PST,2012-12-31,0.015612389255966648
WDI:DT.ODA.ODAT.GI.ZS:PST,2013-12-31,0.015315939540794625
WDI:DT.ODA.ODAT.GI.ZS:PST,2014-12-31,0.023514283667150377
WDI:DT.ODA.ODAT.GI.ZS:PST,2015-12-31,0.02515085931318867
WDI:DT.ODA.ODAT.GI.ZS:PST,2016-12-31,0.04672875892541522
WDI:DT.ODA.ODAT.GI.ZS:PST,2017-12-31,0.019995235053162936
WDI:DT.ODA.ODAT.GI.ZS:PST,2018-12-31,0.02162896989020162
WDI:DT.ODA.ODAT.GI.ZS:PST,2019-12-31,0.02013750648526748
WDI:DT.ODA.ODAT.GI.ZS:PST,2020-12-31,0.03717489443119634
WDI:DT.ODA.ODAT.GI.ZS:PST,2021-12-31,0.021079679687928995
WDI:DT.ODA.ODAT.GI.ZS:QAT,1994-12-31,0.17804648224357825
WDI:DT.ODA.ODAT.GI.ZS:QAT,1995-12-31,0.13098816670549315
WDI:DT.ODA.ODAT.GI.ZS:RWA,1960-12-31,104.5833362473382
WDI:DT.ODA.ODAT.GI.ZS:RWA,1961-12-31,89.74999785423276
WDI:DT.ODA.ODAT.GI.ZS:RWA,1962-12-31,110.600004196167
WDI:DT.ODA.ODAT.GI.ZS:RWA,1963-12-31,67.1999979019165
WDI:DT.ODA.ODAT.GI.ZS:RWA,1964-12-31,67.03703491776074
WDI:DT.ODA.ODAT.GI.ZS:RWA,1965-12-31,55.958896966548025
WDI:DT.ODA.ODAT.GI.ZS:RWA,1966-12-31,98.96723519929333
WDI:DT.ODA.ODAT.GI.ZS:RWA,1967-12-31,115.18010553324014
WDI:DT.ODA.ODAT.GI.ZS:RWA,1968-12-31,114.0425526503979
WDI:DT.ODA.ODAT.GI.ZS:RWA,1969-12-31,141.1999969482424
WDI:DT.ODA.ODAT.GI.ZS:RWA,1970-12-31,140.25806303947226
WDI:DT.ODA.ODAT.GI.ZS:RWA,1971-12-31,123.43079776415154
WDI:DT.ODA.ODAT.GI.ZS:RWA,1972-12-31,127.71611021982577
WDI:DT.ODA.ODAT.GI.ZS:RWA,1973-12-31,141.64573975604503
WDI:DT.ODA.ODAT.GI.ZS:RWA,1974-12-31,144.11667500000001
WDI:DT.ODA.ODAT.GI.ZS:RWA,1975-12-31,115.0220115453652
WDI:DT.ODA.ODAT.GI.ZS:RWA,1976-12-31,89.36480340274923
WDI:DT.ODA.ODAT.GI.ZS:RWA,1977-12-31,84.43000486996173
WDI:DT.ODA.ODAT.GI.ZS:RWA,1978-12-31,82.60013092357832
WDI:DT.ODA.ODAT.GI.ZS:RWA,1979-12-31,110.30025643733907
WDI:DT.ODA.ODAT.GI.ZS:RWA,1980-12-31,76.09469250549644
WDI:DT.ODA.ODAT.GI.ZS:RWA,1981-12-31,81.92320876876146
WDI:DT.ODA.ODAT.GI.ZS:RWA,1982-12-31,60.056090115472415
WDI:DT.ODA.ODAT.GI.ZS:RWA,1983-12-31,74.28187564956744
WDI:DT.ODA.ODAT.GI.ZS:RWA,1984-12-31,64.87439610844919
WDI:DT.ODA.ODAT.GI.ZS:RWA,1985-12-31,59.478636308679015
WDI:DT.ODA.ODAT.GI.ZS:RWA,1986-12-31,66.41309864304611
WDI:DT.ODA.ODAT.GI.ZS:RWA,1987-12-31,70.71092277959454
WDI:DT.ODA.ODAT.GI.ZS:RWA,1988-12-31,70.5456531948198
WDI:DT.ODA.ODAT.GI.ZS:RWA,1989-12-31,69.87640629099862
WDI:DT.ODA.ODAT.GI.ZS:RWA,1990-12-31,77.06601882017924
WDI:DT.ODA.ODAT.GI.ZS:RWA,1991-12-31,133.99502468651806
WDI:DT.ODA.ODAT.GI.ZS:RWA,1992-12-31,109.99620654117268
WDI:DT.ODA.ODAT.GI.ZS:RWA,1993-12-31,107.18964475806236
WDI:DT.ODA.ODAT.GI.ZS:RWA,1994-12-31,946.0757600986299
WDI:DT.ODA.ODAT.GI.ZS:RWA,1995-12-31,400.5146066235175
WDI:DT.ODA.ODAT.GI.ZS:RWA,1996-12-31,234.2391392515866
WDI:DT.ODA.ODAT.GI.ZS:RWA,1997-12-31,89.84371684823742
WDI:DT.ODA.ODAT.GI.ZS:RWA,1998-12-31,118.85979210132662
WDI:DT.ODA.ODAT.GI.ZS:RWA,1999-12-31,144.47199218712973
WDI:DT.ODA.ODAT.GI.ZS:RWA,2000-12-31,126.41939426481281
WDI:DT.ODA.ODAT.GI.ZS:RWA,2001-12-31,121.17636406748883
WDI:DT.ODA.ODAT.GI.ZS:RWA,2002-12-31,144.97667163475535
WDI:DT.ODA.ODAT.GI.ZS:RWA,2003-12-31,119.31194781577324
WDI:DT.ODA.ODAT.GI.ZS:RWA,2004-12-31,143.94473295548963
WDI:DT.ODA.ODAT.GI.ZS:RWA,2005-12-31,128.87492072109194
WDI:DT.ODA.ODAT.GI.ZS:RWA,2006-12-31,121.36920170717525
WDI:DT.ODA.ODAT.GI.ZS:RWA,2007-12-31,114.13472213747305
WDI:DT.ODA.ODAT.GI.ZS:RWA,2008-12-31,84.61238703230508
WDI:DT.ODA.ODAT.GI.ZS:RWA,2009-12-31,78.34358980684694
WDI:DT.ODA.ODAT.GI.ZS:RWA,2010-12-31,70.17764618215796
WDI:DT.ODA.ODAT.GI.ZS:RWA,2011-12-31,87.78114182428003
WDI:DT.ODA.ODAT.GI.ZS:RWA,2012-12-31,49.2543446322255
WDI:DT.ODA.ODAT.GI.ZS:RWA,2013-12-31,56.85867989234623
WDI:DT.ODA.ODAT.GI.ZS:RWA,2014-12-31,54.08167631319492
WDI:DT.ODA.ODAT.GI.ZS:RWA,2015-12-31,52.586858031011815
WDI:DT.ODA.ODAT.GI.ZS:RWA,2016-12-31,51.093251358289734
WDI:DT.ODA.ODAT.GI.ZS:RWA,2017-12-31,55.83193678164662
WDI:DT.ODA.ODAT.GI.ZS:RWA,2018-12-31,52.04533350425624
WDI:DT.ODA.ODAT.GI.ZS:RWA,2019-12-31,41.79346837575339
WDI:DT.ODA.ODAT.GI.ZS:RWA,2020-12-31,67.34869261649719
WDI:DT.ODA.ODAT.GI.ZS:RWA,2021-12-31,44.95396744668861
WDI:DT.ODA.ODAT.GI.ZS:RWA,2022-12-31,31.375420559127225
WDI:DT.ODA.ODAT.GI.ZS:RWA,2023-12-31,24.4242164355602
WDI:DT.ODA.ODAT.GI.ZS:SAS,1960-12-31,10.229686569095112
WDI:DT.ODA.ODAT.GI.ZS:SAS,1961-12-31,7.607174627764021
WDI:DT.ODA.ODAT.GI.ZS:SAS,1962-12-31,8.05414865489349
WDI:DT.ODA.ODAT.GI.ZS:SAS,1963-12-31,9.852154480759733
WDI:DT.ODA.ODAT.GI.ZS:SAS,1964-12-31,10.217783838135693
WDI:DT.ODA.ODAT.GI.ZS:SAS,1965-12-31,9.995791295037836
WDI:DT.ODA.ODAT.GI.ZS:SAS,1966-12-31,13.717509330075206
WDI:DT.ODA.ODAT.GI.ZS:SAS,1967-12-31,13.799030559090792
WDI:DT.ODA.ODAT.GI.ZS:SAS,1968-12-31,8.934937358361381
WDI:DT.ODA.ODAT.GI.ZS:SAS,1969-12-31,8.013805727647814
WDI:DT.ODA.ODAT.GI.ZS:SAS,1970-12-31,6.8152093510709975
WDI:DT.ODA.ODAT.GI.ZS:SAS,1971-12-31,7.589023900087237
WDI:DT.ODA.ODAT.GI.ZS:SAS,1972-12-31,6.103872102463664
WDI:DT.ODA.ODAT.GI.ZS:SAS,1973-12-31,7.3340597666670675
WDI:DT.ODA.ODAT.GI.ZS:SAS,1974-12-31,7.61283016474206
WDI:DT.ODA.ODAT.GI.ZS:SAS,1975-12-31,13.090703357817478
WDI:DT.ODA.ODAT.GI.ZS:SAS,1976-12-31,10.993088433305326
WDI:DT.ODA.ODAT.GI.ZS:SAS,1977-12-31,7.145241816384742
WDI:DT.ODA.ODAT.GI.ZS:SAS,1978-12-31,7.211279926281355
WDI:DT.ODA.ODAT.GI.ZS:SAS,1979-12-31,7.351587245323249
WDI:DT.ODA.ODAT.GI.ZS:SAS,1980-12-31,9.534078927585972
WDI:DT.ODA.ODAT.GI.ZS:SAS,1981-12-31,6.4130593333640755
WDI:DT.ODA.ODAT.GI.ZS:SAS,1982-12-31,6.21512165820595
WDI:DT.ODA.ODAT.GI.ZS:SAS,1983-12-31,6.657658910438682
WDI:DT.ODA.ODAT.GI.ZS:SAS,1984-12-31,6.058220615427658
WDI:DT.ODA.ODAT.GI.ZS:SAS,1985-12-31,4.704601928723315
WDI:DT.ODA.ODAT.GI.ZS:SAS,1986-12-31,5.679477233790861
WDI:DT.ODA.ODAT.GI.ZS:SAS,1987-12-31,5.1594002279684466
WDI:DT.ODA.ODAT.GI.ZS:SAS,1988-12-31,5.017902727574902
WDI:DT.ODA.ODAT.GI.ZS:SAS,1989-12-31,4.828713321455639
WDI:DT.ODA.ODAT.GI.ZS:SAS,1990-12-31,4.319680502434858
WDI:DT.ODA.ODAT.GI.ZS:SAS,1991-12-31,7.127467781339776
WDI:DT.ODA.ODAT.GI.ZS:SAS,1992-12-31,5.473255044568613
WDI:DT.ODA.ODAT.GI.ZS:SAS,1993-12-31,4.780007793371983
WDI:DT.ODA.ODAT.GI.ZS:SAS,1994-12-31,4.768469049947155
WDI:DT.ODA.ODAT.GI.ZS:SAS,1995-12-31,3.1313710028571293
WDI:DT.ODA.ODAT.GI.ZS:SAS,1996-12-31,3.424982896379409
WDI:DT.ODA.ODAT.GI.ZS:SAS,1997-12-31,2.527535475015442
WDI:DT.ODA.ODAT.GI.ZS:SAS,1998-12-31,2.6522252116313094
WDI:DT.ODA.ODAT.GI.ZS:SAS,1999-12-31,1.885440082678382
WDI:DT.ODA.ODAT.GI.ZS:SAS,2000-12-31,2.0796859764621565
WDI:DT.ODA.ODAT.GI.ZS:SAS,2001-12-31,2.0001186527231605
WDI:DT.ODA.ODAT.GI.ZS:SAS,2002-12-31,1.8003966108099698
WDI:DT.ODA.ODAT.GI.ZS:SAS,2003-12-31,1.4529046087957245
WDI:DT.ODA.ODAT.GI.ZS:SAS,2004-12-31,1.1256327562564412
WDI:DT.ODA.ODAT.GI.ZS:SAS,2005-12-31,1.3837639612982193
WDI:DT.ODA.ODAT.GI.ZS:SAS,2006-12-31,0.9287719560126821
WDI:DT.ODA.ODAT.GI.ZS:SAS,2007-12-31,0.7081287554515562
WDI:DT.ODA.ODAT.GI.ZS:SAS,2008-12-31,1.0397747035474212
WDI:DT.ODA.ODAT.GI.ZS:SAS,2009-12-31,0.8827963524986939
WDI:DT.ODA.ODAT.GI.ZS:SAS,2010-12-31,0.6999850151831666
WDI:DT.ODA.ODAT.GI.ZS:SAS,2011-12-31,0.7973402658937571
WDI:DT.ODA.ODAT.GI.ZS:SAS,2012-12-31,0.7011901372500714
WDI:DT.ODA.ODAT.GI.ZS:SAS,2013-12-31,0.9286627412376834
WDI:DT.ODA.ODAT.GI.ZS:SAS,2014-12-31,0.8925495768052646
WDI:DT.ODA.ODAT.GI.ZS:SAS,2015-12-31,0.993411750147599
WDI:DT.ODA.ODAT.GI.ZS:SAS,2016-12-31,0.8550762606825113
WDI:DT.ODA.ODAT.GI.ZS:SAS,2017-12-31,0.9136646422884133
WDI:DT.ODA.ODAT.GI.ZS:SAS,2018-12-31,0.6838204684734579
WDI:DT.ODA.ODAT.GI.ZS:SAS,2019-12-31,0.8682562250329272
WDI:DT.ODA.ODAT.GI.ZS:SAS,2020-12-31,1.052133192425069
WDI:DT.ODA.ODAT.GI.ZS:SAS,2021-12-31,0.8700480563743235
WDI:DT.ODA.ODAT.GI.ZS:SAS,2022-12-31,0.7418269971596914
WDI:DT.ODA.ODAT.GI.ZS:SAS,2023-12-31,0.772162347158079
WDI:DT.ODA.ODAT.GI.ZS:SAU,1968-12-31,0.04321268862818727
WDI:DT.ODA.ODAT.GI.ZS:SAU,1969-12-31,0.12399657875558523
WDI:DT.ODA.ODAT.GI.ZS:SAU,1970-12-31,0.12121771534430564
WDI:DT.ODA.ODAT.GI.ZS:SAU,1971-12-31,0.11093648207425152
WDI:DT.ODA.ODAT.GI.ZS:SAU,1972-12-31,0.1144619104526923
WDI:DT.ODA.ODAT.GI.ZS:SAU,1973-12-31,-0.13624596796415225
WDI:DT.ODA.ODAT.GI.ZS:SAU,1974-12-31,0.02570039030901473
WDI:DT.ODA.ODAT.GI.ZS:SAU,1975-12-31,0.036742916728546904
WDI:DT.ODA.ODAT.GI.ZS:SAU,1976-12-31,0.009039042349750968
WDI:DT.ODA.ODAT.GI.ZS:SAU,1977-12-31,0.029470620276809637
WDI:DT.ODA.ODAT.GI.ZS:SAU,1978-12-31,0.02111443927348033
WDI:DT.ODA.ODAT.GI.ZS:SAU,1979-12-31,0.036498299129115036
WDI:DT.ODA.ODAT.GI.ZS:SAU,1980-12-31,0.03403621920399187
WDI:DT.ODA.ODAT.GI.ZS:SAU,1981-12-31,0.06524056871707995
WDI:DT.ODA.ODAT.GI.ZS:SAU,1982-12-31,0.11696727557161282
WDI:DT.ODA.ODAT.GI.ZS:SAU,1983-12-31,0.09549017384617423
WDI:DT.ODA.ODAT.GI.ZS:SAU,1984-12-31,0.08937763804730207
WDI:DT.ODA.ODAT.GI.ZS:SAU,1985-12-31,0.12328761623888901
WDI:DT.ODA.ODAT.GI.ZS:SAU,1986-12-31,0.17834534115836456
WDI:DT.ODA.ODAT.GI.ZS:SAU,1987-12-31,0.14041362372213326
WDI:DT.ODA.ODAT.GI.ZS:SAU,1988-12-31,0.1076757945897751
WDI:DT.ODA.ODAT.GI.ZS:SAU,1989-12-31,0.07341021836680461
WDI:DT.ODA.ODAT.GI.ZS:SAU,1990-12-31,0.07946173135610247
WDI:DT.ODA.ODAT.GI.ZS:SAU,1991-12-31,0.052184177940604155
WDI:DT.ODA.ODAT.GI.ZS:SAU,1992-12-31,0.15822557139716595
WDI:DT.ODA.ODAT.GI.ZS:SAU,1993-12-31,0.08725776368141437
WDI:DT.ODA.ODAT.GI.ZS:SAU,1994-12-31,0.06076076370496303
WDI:DT.ODA.ODAT.GI.ZS:SAU,1995-12-31,0.058427501508574536
WDI:DT.ODA.ODAT.GI.ZS:SAU,1996-12-31,0.047784392893709365
WDI:DT.ODA.ODAT.GI.ZS:SAU,1997-12-31,0.00442819318316707
WDI:DT.ODA.ODAT.GI.ZS:SAU,1998-12-31,0.049251870777187685
WDI:DT.ODA.ODAT.GI.ZS:SAU,1999-12-31,0.06366552351896543
WDI:DT.ODA.ODAT.GI.ZS:SAU,2000-12-31,0.05998601168891232
WDI:DT.ODA.ODAT.GI.ZS:SAU,2001-12-31,0.036282019108744214
WDI:DT.ODA.ODAT.GI.ZS:SAU,2002-12-31,0.044938726628949766
WDI:DT.ODA.ODAT.GI.ZS:SAU,2003-12-31,0.032781715049920605
WDI:DT.ODA.ODAT.GI.ZS:SAU,2004-12-31,0.039378861562647284
WDI:DT.ODA.ODAT.GI.ZS:SAU,2005-12-31,0.03789263380145807
WDI:DT.ODA.ODAT.GI.ZS:SAU,2006-12-31,0.029022211389278647
WDI:DT.ODA.ODAT.GI.ZS:SAU,2007-12-31,-0.11902692787344533
WDI:DT.ODA.ODAT.GI.ZS:SDN,1960-12-31,22.928014380766363
WDI:DT.ODA.ODAT.GI.ZS:SDN,1961-12-31,8.062988768870083
WDI:DT.ODA.ODAT.GI.ZS:SDN,1962-12-31,4.904860398456439
WDI:DT.ODA.ODAT.GI.ZS:SDN,1963-12-31,8.412069964697503
WDI:DT.ODA.ODAT.GI.ZS:SDN,1964-12-31,10.851512226192215
WDI:DT.ODA.ODAT.GI.ZS:SDN,1976-12-31,22.09533321359035
WDI:DT.ODA.ODAT.GI.ZS:SDN,1977-12-31,26.161290610436822
WDI:DT.ODA.ODAT.GI.ZS:SDN,1978-12-31,33.76340076430691
WDI:DT.ODA.ODAT.GI.ZS:SDN,1979-12-31,57.904550598479354
WDI:DT.ODA.ODAT.GI.ZS:SDN,1980-12-31,70.01458485921229
WDI:DT.ODA.ODAT.GI.ZS:SDN,1981-12-31,39.65193873547496
WDI:DT.ODA.ODAT.GI.ZS:SDN,1982-12-31,49.93714655421026
WDI:DT.ODA.ODAT.GI.ZS:SDN,1983-12-31,72.37220764160158
WDI:DT.ODA.ODAT.GI.ZS:SDN,1984-12-31,44.399334038628474
WDI:DT.ODA.ODAT.GI.ZS:SDN,1985-12-31,130.876760992692
WDI:DT.ODA.ODAT.GI.ZS:SDN,1986-12-31,81.423344097071
WDI:DT.ODA.ODAT.GI.ZS:SDN,1987-12-31,60.85353008435364
WDI:DT.ODA.ODAT.GI.ZS:SDN,1988-12-31,70.37167845653886
WDI:DT.ODA.ODAT.GI.ZS:SDN,1989-12-31,43.07922481413809
WDI:DT.ODA.ODAT.GI.ZS:SDN,1990-12-31,24.1587338990803
WDI:DT.ODA.ODAT.GI.ZS:SDN,1991-12-31,18.67277505787634
WDI:DT.ODA.ODAT.GI.ZS:SDN,1992-12-31,61.65613794941564
WDI:DT.ODA.ODAT.GI.ZS:SDN,1993-12-31,33.18146460247591
WDI:DT.ODA.ODAT.GI.ZS:SDN,1994-12-31,29.950471399363305
WDI:DT.ODA.ODAT.GI.ZS:SDN,1995-12-31,30.992129738646135
WDI:DT.ODA.ODAT.GI.ZS:SDN,1996-12-31,20.141879787805035
WDI:DT.ODA.ODAT.GI.ZS:SDN,1997-12-31,13.253050750122448
WDI:DT.ODA.ODAT.GI.ZS:SDN,1998-12-31,18.35834716957378
WDI:DT.ODA.ODAT.GI.ZS:SDN,1999-12-31,22.294987257957256
WDI:DT.ODA.ODAT.GI.ZS:SDN,2000-12-31,7.385136406383285
WDI:DT.ODA.ODAT.GI.ZS:SDN,2001-12-31,5.958472609330096
WDI:DT.ODA.ODAT.GI.ZS:SDN,2002-12-31,7.795628765668537
WDI:DT.ODA.ODAT.GI.ZS:SDN,2003-12-31,13.156737515146041
WDI:DT.ODA.ODAT.GI.ZS:SDN,2004-12-31,15.80802296823324
WDI:DT.ODA.ODAT.GI.ZS:SDN,2005-12-31,24.475014782747223
WDI:DT.ODA.ODAT.GI.ZS:SDN,2006-12-31,19.77156606864336
WDI:DT.ODA.ODAT.GI.ZS:SDN,2007-12-31,16.744506849376734
WDI:DT.ODA.ODAT.GI.ZS:SDN,2008-12-31,19.15203995785812
WDI:DT.ODA.ODAT.GI.ZS:SDN,2009-12-31,20.412167060210617
WDI:DT.ODA.ODAT.GI.ZS:SDN,2010-12-31,16.700358574543504
WDI:DT.ODA.ODAT.GI.ZS:SDN,2011-12-31,13.613920007722701
WDI:DT.ODA.ODAT.GI.ZS:SDN,2012-12-31,18.444951780179178
WDI:DT.ODA.ODAT.GI.ZS:SDN,2013-12-31,20.374815590995947
WDI:DT.ODA.ODAT.GI.ZS:SDN,2014-12-31,11.743712024378224
WDI:DT.ODA.ODAT.GI.ZS:SDN,2015-12-31,14.636400798206717
WDI:DT.ODA.ODAT.GI.ZS:SDN,2016-12-31,20.39464731887225
WDI:DT.ODA.ODAT.GI.ZS:SDN,2017-12-31,19.39892755018409
WDI:DT.ODA.ODAT.GI.ZS:SDN,2018-12-31,29.955964252311546
WDI:DT.ODA.ODAT.GI.ZS:SDN,2019-12-31,33.22114767739104
WDI:DT.ODA.ODAT.GI.ZS:SDN,2020-12-31,150.26723547156848
WDI:DT.ODA.ODAT.GI.ZS:SDN,2021-12-31,322.1396738186009
WDI:DT.ODA.ODAT.GI.ZS:SDN,2022-12-31,137.45743289131173
WDI:DT.ODA.ODAT.GI.ZS:SDN,2023-12-31,160.346996821137
WDI:DT.ODA.ODAT.GI.ZS:SEN,1965-12-31,68.87720696279457
WDI:DT.ODA.ODAT.GI.ZS:SEN,1966-12-31,41.2471377620731
WDI:DT.ODA.ODAT.GI.ZS:SEN,1967-12-31,38.85225530789524
WDI:DT.ODA.ODAT.GI.ZS:SEN,1968-12-31,51.163259631653446
WDI:DT.ODA.ODAT.GI.ZS:SEN,1969-12-31,54.302491293746705
WDI:DT.ODA.ODAT.GI.ZS:SEN,1970-12-31,34.33336773221152
WDI:DT.ODA.ODAT.GI.ZS:SEN,1971-12-31,39.02130780888334
WDI:DT.ODA.ODAT.GI.ZS:SEN,1972-12-31,28.771732961981428
WDI:DT.ODA.ODAT.GI.ZS:SEN,1973-12-31,39.17839290655024
WDI:DT.ODA.ODAT.GI.ZS:SEN,1974-12-31,54.00543094612856
WDI:DT.ODA.ODAT.GI.ZS:SEN,1975-12-31,44.0499430997008
WDI:DT.ODA.ODAT.GI.ZS:SEN,1976-12-31,39.81396343642515
WDI:DT.ODA.ODAT.GI.ZS:SEN,1977-12-31,40.949877978855326
WDI:DT.ODA.ODAT.GI.ZS:SEN,1978-12-31,61.83867165781902
WDI:DT.ODA.ODAT.GI.ZS:SEN,1979-12-31,65.96233476717323
WDI:DT.ODA.ODAT.GI.ZS:SEN,1980-12-31,48.26022487311163
WDI:DT.ODA.ODAT.GI.ZS:SEN,1981-12-31,75.70741094489249
WDI:DT.ODA.ODAT.GI.ZS:SEN,1982-12-31,42.11376546706006
WDI:DT.ODA.ODAT.GI.ZS:SEN,1983-12-31,53.85920416572327
WDI:DT.ODA.ODAT.GI.ZS:SEN,1984-12-31,63.04294282109828
WDI:DT.ODA.ODAT.GI.ZS:SEN,1985-12-31,49.81649472902957
WDI:DT.ODA.ODAT.GI.ZS:SEN,1986-12-31,97.12135723430329
WDI:DT.ODA.ODAT.GI.ZS:SEN,1987-12-31,82.44563247645469
WDI:DT.ODA.ODAT.GI.ZS:SEN,1988-12-31,67.34002398908069
WDI:DT.ODA.ODAT.GI.ZS:SEN,1989-12-31,81.88663178251706
WDI:DT.ODA.ODAT.GI.ZS:SEN,1990-12-31,75.23830511239322
WDI:DT.ODA.ODAT.GI.ZS:SEN,1991-12-31,58.86738732758675
WDI:DT.ODA.ODAT.GI.ZS:SEN,1992-12-31,55.576037189311144
WDI:DT.ODA.ODAT.GI.ZS:SEN,1993-12-31,45.65417861591756
WDI:DT.ODA.ODAT.GI.ZS:SEN,1994-12-31,73.64345302505913
WDI:DT.ODA.ODAT.GI.ZS:SEN,1995-12-31,67.3973604583628
WDI:DT.ODA.ODAT.GI.ZS:SEN,1996-12-31,53.375845425390544
WDI:DT.ODA.ODAT.GI.ZS:SEN,1997-12-31,44.339342481206835
WDI:DT.ODA.ODAT.GI.ZS:SEN,1998-12-31,41.17219038833698
WDI:DT.ODA.ODAT.GI.ZS:SEN,1999-12-31,36.93586428795729
WDI:DT.ODA.ODAT.GI.ZS:SEN,2000-12-31,32.121618211128514
WDI:DT.ODA.ODAT.GI.ZS:SEN,2001-12-31,25.45473998883429
WDI:DT.ODA.ODAT.GI.ZS:SEN,2002-12-31,27.494601070672037
WDI:DT.ODA.ODAT.GI.ZS:SEN,2003-12-31,21.843293756465133
WDI:DT.ODA.ODAT.GI.ZS:SEN,2004-12-31,44.77557974981882
WDI:DT.ODA.ODAT.GI.ZS:SEN,2005-12-31,25.925776856814025
WDI:DT.ODA.ODAT.GI.ZS:SEN,2006-12-31,33.15261900733634
WDI:DT.ODA.ODAT.GI.ZS:SEN,2007-12-31,25.117262226153752
WDI:DT.ODA.ODAT.GI.ZS:SEN,2008-12-31,24.11239332043431
WDI:DT.ODA.ODAT.GI.ZS:SEN,2009-12-31,30.910488746018554
WDI:DT.ODA.ODAT.GI.ZS:SEN,2010-12-31,24.71064826139132
WDI:DT.ODA.ODAT.GI.ZS:SEN,2011-12-31,28.189908805915543
WDI:DT.ODA.ODAT.GI.ZS:SEN,2012-12-31,24.736985175982923
WDI:DT.ODA.ODAT.GI.ZS:SEN,2013-12-31,21.840918802125078
WDI:DT.ODA.ODAT.GI.ZS:SEN,2014-12-31,21.63831239024844
WDI:DT.ODA.ODAT.GI.ZS:SEN,2015-12-31,18.933697319396313
WDI:DT.ODA.ODAT.GI.ZS:SEN,2016-12-31,15.141292260055666
WDI:DT.ODA.ODAT.GI.ZS:SEN,2017-12-31,14.50656655727852
WDI:DT.ODA.ODAT.GI.ZS:SEN,2018-12-31,13.237109629880454
WDI:DT.ODA.ODAT.GI.ZS:SEN,2019-12-31,19.238261375647827
WDI:DT.ODA.ODAT.GI.ZS:SEN,2020-12-31,18.45660096149944
WDI:DT.ODA.ODAT.GI.ZS:SEN,2021-12-31,13.17602901426935
WDI:DT.ODA.ODAT.GI.ZS:SEN,2022-12-31,11.55558575785667
WDI:DT.ODA.ODAT.GI.ZS:SEN,2023-12-31,14.3166517916301
WDI:DT.ODA.ODAT.GI.ZS:SGP,1960-12-31,-0.2879675307862596
WDI:DT.ODA.ODAT.GI.ZS:SGP,1961-12-31,0.011346256232677541
WDI:DT.ODA.ODAT.GI.ZS:SGP,1962-12-31,0.7981708439703096
WDI:DT.ODA.ODAT.GI.ZS:SGP,1963-12-31,0.3896441007179298
WDI:DT.ODA.ODAT.GI.ZS:SGP,1964-12-31,0.2540665738670996
WDI:DT.ODA.ODAT.GI.ZS:SGP,1965-12-31,1.0775947988911212
WDI:DT.ODA.ODAT.GI.ZS:SGP,1966-12-31,0.990468724823863
WDI:DT.ODA.ODAT.GI.ZS:SGP,1967-12-31,2.721657289615381
WDI:DT.ODA.ODAT.GI.ZS:SGP,1968-12-31,1.312520889947633
WDI:DT.ODA.ODAT.GI.ZS:SGP,1969-12-31,3.2584295661528797
WDI:DT.ODA.ODAT.GI.ZS:SGP,1970-12-31,3.9075050938844877
WDI:DT.ODA.ODAT.GI.ZS:SGP,1971-12-31,3.407087730231125
WDI:DT.ODA.ODAT.GI.ZS:SGP,1972-12-31,2.679602018230332
WDI:DT.ODA.ODAT.GI.ZS:SGP,1973-12-31,1.7541623087248985
WDI:DT.ODA.ODAT.GI.ZS:SGP,1974-12-31,0.8964874743864123
WDI:DT.ODA.ODAT.GI.ZS:SGP,1975-12-31,0.5356075508269909
WDI:DT.ODA.ODAT.GI.ZS:SGP,1976-12-31,0.43946965968804563
WDI:DT.ODA.ODAT.GI.ZS:SGP,1977-12-31,0.5277636868488997
WDI:DT.ODA.ODAT.GI.ZS:SGP,1978-12-31,0.23295627400638347
WDI:DT.ODA.ODAT.GI.ZS:SGP,1979-12-31,0.14097574075277272
WDI:DT.ODA.ODAT.GI.ZS:SGP,1980-12-31,0.2593032188124732
WDI:DT.ODA.ODAT.GI.ZS:SGP,1981-12-31,0.34466882129271403
WDI:DT.ODA.ODAT.GI.ZS:SGP,1982-12-31,0.27653000558928126
WDI:DT.ODA.ODAT.GI.ZS:SGP,1983-12-31,0.1757690317996986
WDI:DT.ODA.ODAT.GI.ZS:SGP,1984-12-31,0.43526520480627795
WDI:DT.ODA.ODAT.GI.ZS:SGP,1985-12-31,0.2975922405278607
WDI:DT.ODA.ODAT.GI.ZS:SGP,1986-12-31,0.43399788955180835
WDI:DT.ODA.ODAT.GI.ZS:SGP,1987-12-31,0.3070853292365871
WDI:DT.ODA.ODAT.GI.ZS:SGP,1988-12-31,0.26061319560664015
WDI:DT.ODA.ODAT.GI.ZS:SGP,1989-12-31,0.915800468072929
WDI:DT.ODA.ODAT.GI.ZS:SGP,1990-12-31,-0.013502417243668624
WDI:DT.ODA.ODAT.GI.ZS:SGP,1991-12-31,0.0502932876976505
WDI:DT.ODA.ODAT.GI.ZS:SGP,1992-12-31,0.10769762218157228
WDI:DT.ODA.ODAT.GI.ZS:SGP,1993-12-31,0.10485294364935842
WDI:DT.ODA.ODAT.GI.ZS:SGP,1994-12-31,0.06951867567285086
WDI:DT.ODA.ODAT.GI.ZS:SGP,1995-12-31,0.05599615668968248
WDI:DT.ODA.ODAT.GI.ZS:SLB,1980-12-31,681.453955191879
WDI:DT.ODA.ODAT.GI.ZS:SLB,1981-12-31,402.8868679582595
WDI:DT.ODA.ODAT.GI.ZS:SLB,1982-12-31,364.0252676818852
WDI:DT.ODA.ODAT.GI.ZS:SLB,1983-12-31,367.39499244070066
WDI:DT.ODA.ODAT.GI.ZS:SLB,1984-12-31,292.7952259073251
WDI:DT.ODA.ODAT.GI.ZS:SLB,1985-12-31,313.5935358798348
WDI:DT.ODA.ODAT.GI.ZS:SLB,1986-12-31,283.249849033356
WDI:DT.ODA.ODAT.GI.ZS:SLB,1987-12-31,300.7799802045983
WDI:DT.ODA.ODAT.GI.ZS:SLB,1988-12-31,329.1008022050568
WDI:DT.ODA.ODAT.GI.ZS:SLB,1989-12-31,232.5856966229246
WDI:DT.ODA.ODAT.GI.ZS:SLB,1990-12-31,256.64063944743106
WDI:DT.ODA.ODAT.GI.ZS:SLB,1991-12-31,169.51083121057286
WDI:DT.ODA.ODAT.GI.ZS:SLB,1992-12-31,209.4063781399881
WDI:DT.ODA.ODAT.GI.ZS:SLB,1993-12-31,195.77077604921723
WDI:DT.ODA.ODAT.GI.ZS:SLB,1994-12-31,169.5953567155103
WDI:DT.ODA.ODAT.GI.ZS:SLB,1995-12-31,193.9335752814157
WDI:DT.ODA.ODAT.GI.ZS:SLB,1996-12-31,146.5978889423077
WDI:DT.ODA.ODAT.GI.ZS:SLB,1997-12-31,120.41451510324394
WDI:DT.ODA.ODAT.GI.ZS:SLB,1998-12-31,86.71499938198296
WDI:DT.ODA.ODAT.GI.ZS:SLB,1999-12-31,118.9466417074472
WDI:DT.ODA.ODAT.GI.ZS:SLB,2000-12-31,213.49426217865744
WDI:DT.ODA.ODAT.GI.ZS:SLB,2001-12-31,182.67032417948764
WDI:DT.ODA.ODAT.GI.ZS:SLB,2002-12-31,127.10996620112365
WDI:DT.ODA.ODAT.GI.ZS:SLB,2003-12-31,164.13406116195213
WDI:DT.ODA.ODAT.GI.ZS:SLB,2004-12-31,261.855781513942
WDI:DT.ODA.ODAT.GI.ZS:SLB,2005-12-31,282.4309570082681
WDI:DT.ODA.ODAT.GI.ZS:SLB,2006-12-31,277.81746356427976
WDI:DT.ODA.ODAT.GI.ZS:SLB,2007-12-31,260.3642927644323
WDI:DT.ODA.ODAT.GI.ZS:SLB,2008-12-31,215.82886479321294
WDI:DT.ODA.ODAT.GI.ZS:SLB,2009-12-31,199.7085929998532
WDI:DT.ODA.ODAT.GI.ZS:SLB,2010-12-31,206.776977013703
WDI:DT.ODA.ODAT.GI.ZS:SLB,2011-12-31,205.19086616985288
WDI:DT.ODA.ODAT.GI.ZS:SLB,2012-12-31,176.1026985557238
WDI:DT.ODA.ODAT.GI.ZS:SLB,2013-12-31,153.88334346416448
WDI:DT.ODA.ODAT.GI.ZS:SLB,2014-12-31,118.80943363357763
WDI:DT.ODA.ODAT.GI.ZS:SLB,2015-12-31,91.12023820139162
WDI:DT.ODA.ODAT.GI.ZS:SLB,2016-12-31,73.8953955775109
WDI:DT.ODA.ODAT.GI.ZS:SLB,2017-12-31,64.97560086466436
WDI:DT.ODA.ODAT.GI.ZS:SLB,2018-12-31,63.25209041885939
WDI:DT.ODA.ODAT.GI.ZS:SLB,2019-12-31,60.927217523759346
WDI:DT.ODA.ODAT.GI.ZS:SLB,2020-12-31,83.4213980558783
WDI:DT.ODA.ODAT.GI.ZS:SLB,2021-12-31,75.51811484762861
WDI:DT.ODA.ODAT.GI.ZS:SLB,2022-12-31,82.79038634456417
WDI:DT.ODA.ODAT.GI.ZS:SLB,2023-12-31,76.2250510187588
WDI:DT.ODA.ODAT.GI.ZS:SLE,1980-12-31,50.758080852649115
WDI:DT.ODA.ODAT.GI.ZS:SLE,1981-12-31,28.002577313074084
WDI:DT.ODA.ODAT.GI.ZS:SLE,1982-12-31,47.16331509082441
WDI:DT.ODA.ODAT.GI.ZS:SLE,1983-12-31,45.60260909054518
WDI:DT.ODA.ODAT.GI.ZS:SLE,1984-12-31,41.91211191378662
WDI:DT.ODA.ODAT.GI.ZS:SLE,1985-12-31,68.16216361442662
WDI:DT.ODA.ODAT.GI.ZS:SLE,1986-12-31,173.5596001935374
WDI:DT.ODA.ODAT.GI.ZS:SLE,1987-12-31,98.17293589880711
WDI:DT.ODA.ODAT.GI.ZS:SLE,1988-12-31,163.2453595871735
WDI:DT.ODA.ODAT.GI.ZS:SLE,1989-12-31,127.01572963929723
WDI:DT.ODA.ODAT.GI.ZS:SLE,1990-12-31,70.20769516866477
WDI:DT.ODA.ODAT.GI.ZS:SLE,1991-12-31,121.36957377059166
WDI:DT.ODA.ODAT.GI.ZS:SLE,1992-12-31,233.80977131428526
WDI:DT.ODA.ODAT.GI.ZS:SLE,1993-12-31,346.5845698509956
WDI:DT.ODA.ODAT.GI.ZS:SLE,1994-12-31,346.4896482344576
WDI:DT.ODA.ODAT.GI.ZS:SLE,1995-12-31,437.44291087027835
WDI:DT.ODA.ODAT.GI.ZS:SLE,1996-12-31,175.62312133452284
WDI:DT.ODA.ODAT.GI.ZS:SLE,1997-12-31,-572.5260924237036
WDI:DT.ODA.ODAT.GI.ZS:SLE,1998-12-31,298.19360550736474
WDI:DT.ODA.ODAT.GI.ZS:SLE,1999-12-31,3761.060588587535
WDI:DT.ODA.ODAT.GI.ZS:SLE,2000-12-31,2590.0997787887554
WDI:DT.ODA.ODAT.GI.ZS:SLE,2001-12-31,181.03288019927146
WDI:DT.ODA.ODAT.GI.ZS:SLE,2002-12-31,167.84345664283865
WDI:DT.ODA.ODAT.GI.ZS:SLE,2003-12-31,138.893163807879
WDI:DT.ODA.ODAT.GI.ZS:SLE,2004-12-31,161.22667957323827
WDI:DT.ODA.ODAT.GI.ZS:SLE,2005-12-31,117.07082478360797
WDI:DT.ODA.ODAT.GI.ZS:SLE,2006-12-31,110.49468877998333
WDI:DT.ODA.ODAT.GI.ZS:SLE,2007-12-31,149.16403088402225
WDI:DT.ODA.ODAT.GI.ZS:SLE,2008-12-31,87.89895531162713
WDI:DT.ODA.ODAT.GI.ZS:SLE,2009-12-31,100.9390813911732
WDI:DT.ODA.ODAT.GI.ZS:SLE,2010-12-31,27.133145552086805
WDI:DT.ODA.ODAT.GI.ZS:SLE,2011-12-31,18.732560525212083
WDI:DT.ODA.ODAT.GI.ZS:SLE,2012-12-31,24.34532433790229
WDI:DT.ODA.ODAT.GI.ZS:SLE,2013-12-31,33.90772478418939
WDI:DT.ODA.ODAT.GI.ZS:SLE,2014-12-31,74.40696410371844
WDI:DT.ODA.ODAT.GI.ZS:SLE,2015-12-31,77.23611514586598
WDI:DT.ODA.ODAT.GI.ZS:SLE,2016-12-31,64.50854194448786
WDI:DT.ODA.ODAT.GI.ZS:SLE,2017-12-31,49.16944468267384
WDI:DT.ODA.ODAT.GI.ZS:SLE,2018-12-31,50.91578259251753
WDI:DT.ODA.ODAT.GI.ZS:SLE,2019-12-31,54.242267389314456
WDI:DT.ODA.ODAT.GI.ZS:SLE,2020-12-31,82.10166438833255
WDI:DT.ODA.ODAT.GI.ZS:SLE,2021-12-31,70.38195776525976
WDI:DT.ODA.ODAT.GI.ZS:SLE,2022-12-31,49.01323446015273
WDI:DT.ODA.ODAT.GI.ZS:SLE,2023-12-31,39.3751492128604
WDI:DT.ODA.ODAT.GI.ZS:SLV,1965-12-31,10.890123257941909
WDI:DT.ODA.ODAT.GI.ZS:SLV,1966-12-31,13.603322354927764
WDI:DT.ODA.ODAT.GI.ZS:SLV,1967-12-31,10.083217726666437
WDI:DT.ODA.ODAT.GI.ZS:SLV,1968-12-31,9.27737763441186
WDI:DT.ODA.ODAT.GI.ZS:SLV,1969-12-31,9.229651024175217
WDI:DT.ODA.ODAT.GI.ZS:SLV,1970-12-31,9.388326327683835
WDI:DT.ODA.ODAT.GI.ZS:SLV,1971-12-31,5.64446344095118
WDI:DT.ODA.ODAT.GI.ZS:SLV,1972-12-31,8.877095163867486
WDI:DT.ODA.ODAT.GI.ZS:SLV,1973-12-31,4.673038876810878
WDI:DT.ODA.ODAT.GI.ZS:SLV,1974-12-31,2.5443065246173964
WDI:DT.ODA.ODAT.GI.ZS:SLV,1975-12-31,4.049903829358589
WDI:DT.ODA.ODAT.GI.ZS:SLV,1976-12-31,3.7587565841273864
WDI:DT.ODA.ODAT.GI.ZS:SLV,1977-12-31,3.757258879321516
WDI:DT.ODA.ODAT.GI.ZS:SLV,1978-12-31,4.128248917232136
WDI:DT.ODA.ODAT.GI.ZS:SLV,1979-12-31,5.933907753663043
WDI:DT.ODA.ODAT.GI.ZS:SLV,1980-12-31,17.740304313260836
WDI:DT.ODA.ODAT.GI.ZS:SLV,1981-12-31,24.15441220102737
WDI:DT.ODA.ODAT.GI.ZS:SLV,1982-12-31,41.57796003441585
WDI:DT.ODA.ODAT.GI.ZS:SLV,1983-12-31,59.170309901948706
WDI:DT.ODA.ODAT.GI.ZS:SLV,1984-12-31,54.309382885481526
WDI:DT.ODA.ODAT.GI.ZS:SLV,1985-12-31,78.96525412150625
WDI:DT.ODA.ODAT.GI.ZS:SLV,1986-12-31,65.8037043360881
WDI:DT.ODA.ODAT.GI.ZS:SLV,1987-12-31,86.14022291385528
WDI:DT.ODA.ODAT.GI.ZS:SLV,1988-12-31,74.11016259027157
WDI:DT.ODA.ODAT.GI.ZS:SLV,1989-12-31,56.846650941183654
WDI:DT.ODA.ODAT.GI.ZS:SLV,1990-12-31,49.36265203663303
WDI:DT.ODA.ODAT.GI.ZS:SLV,1991-12-31,33.53392272744332
WDI:DT.ODA.ODAT.GI.ZS:SLV,1992-12-31,33.13281926542599
WDI:DT.ODA.ODAT.GI.ZS:SLV,1993-12-31,26.934178042376917
WDI:DT.ODA.ODAT.GI.ZS:SLV,1994-12-31,17.486489827594717
WDI:DT.ODA.ODAT.GI.ZS:SLV,1995-12-31,14.940873466681087
WDI:DT.ODA.ODAT.GI.ZS:SLV,1996-12-31,18.61917476196092
WDI:DT.ODA.ODAT.GI.ZS:SLV,1997-12-31,17.249280446253753
WDI:DT.ODA.ODAT.GI.ZS:SLV,1998-12-31,9.190552746940146
WDI:DT.ODA.ODAT.GI.ZS:SLV,1999-12-31,10.13885666977826
WDI:DT.ODA.ODAT.GI.ZS:SLV,2000-12-31,9.242006493066707
WDI:DT.ODA.ODAT.GI.ZS:SLV,2001-12-31,11.625871152796439
WDI:DT.ODA.ODAT.GI.ZS:SLV,2002-12-31,11.543105953247563
WDI:DT.ODA.ODAT.GI.ZS:SLV,2003-12-31,8.661897086676047
WDI:DT.ODA.ODAT.GI.ZS:SLV,2004-12-31,9.532626608088242
WDI:DT.ODA.ODAT.GI.ZS:SLV,2005-12-31,7.990128750243991
WDI:DT.ODA.ODAT.GI.ZS:SLV,2006-12-31,5.548956585662302
WDI:DT.ODA.ODAT.GI.ZS:SLV,2007-12-31,3.0390033803587726
WDI:DT.ODA.ODAT.GI.ZS:SLV,2008-12-31,6.705773143450923
WDI:DT.ODA.ODAT.GI.ZS:SLV,2009-12-31,11.820655449956465
WDI:DT.ODA.ODAT.GI.ZS:SLV,2010-12-31,9.788136422144975
WDI:DT.ODA.ODAT.GI.ZS:SLV,2011-12-31,8.24133012864092
WDI:DT.ODA.ODAT.GI.ZS:SLV,2012-12-31,5.806327422318694
WDI:DT.ODA.ODAT.GI.ZS:SLV,2013-12-31,4.519189669168842
WDI:DT.ODA.ODAT.GI.ZS:SLV,2014-12-31,2.647297139154528
WDI:DT.ODA.ODAT.GI.ZS:SLV,2015-12-31,2.3894781614289204
WDI:DT.ODA.ODAT.GI.ZS:SLV,2016-12-31,3.338796951334664
WDI:DT.ODA.ODAT.GI.ZS:SLV,2017-12-31,3.6396111791808026
WDI:DT.ODA.ODAT.GI.ZS:SLV,2018-12-31,5.302056940598838
WDI:DT.ODA.ODAT.GI.ZS:SLV,2019-12-31,6.158612982852539
WDI:DT.ODA.ODAT.GI.ZS:SLV,2020-12-31,8.02138305869537
WDI:DT.ODA.ODAT.GI.ZS:SLV,2021-12-31,3.1614899441993067
WDI:DT.ODA.ODAT.GI.ZS:SLV,2022-12-31,9.093764188049024
WDI:DT.ODA.ODAT.GI.ZS:SLV,2023-12-31,6.91282913260366
WDI:DT.ODA.ODAT.GI.ZS:SOM,1960-12-31,123.07974854241198
WDI:DT.ODA.ODAT.GI.ZS:SOM,1961-12-31,125.69067117217429
WDI:DT.ODA.ODAT.GI.ZS:SOM,1962-12-31,120.67229610711703
WDI:DT.ODA.ODAT.GI.ZS:SOM,1963-12-31,146.6623760238648
WDI:DT.ODA.ODAT.GI.ZS:SOM,1964-12-31,94.96171890747266
WDI:DT.ODA.ODAT.GI.ZS:SOM,1965-12-31,105.12617902718513
WDI:DT.ODA.ODAT.GI.ZS:SOM,1966-12-31,170.44458647518192
WDI:DT.ODA.ODAT.GI.ZS:SOM,1967-12-31,44.09966217227335
WDI:DT.ODA.ODAT.GI.ZS:SOM,1968-12-31,91.39880917577831
WDI:DT.ODA.ODAT.GI.ZS:SOM,1969-12-31,87.09704688730612
WDI:DT.ODA.ODAT.GI.ZS:SOM,1970-12-31,72.95849278288067
WDI:DT.ODA.ODAT.GI.ZS:SOM,1971-12-31,77.27657507057609
WDI:DT.ODA.ODAT.GI.ZS:SOM,1972-12-31,52.53647154930113
WDI:DT.ODA.ODAT.GI.ZS:SOM,1973-12-31,70.04492374009673
WDI:DT.ODA.ODAT.GI.ZS:SOM,1974-12-31,64.42226906810117
WDI:DT.ODA.ODAT.GI.ZS:SOM,1975-12-31,103.29295253753641
WDI:DT.ODA.ODAT.GI.ZS:SOM,1976-12-31,41.91831683855731
WDI:DT.ODA.ODAT.GI.ZS:SOM,1977-12-31,219.96675426633237
WDI:DT.ODA.ODAT.GI.ZS:SOM,1978-12-31,162.2845854225963
WDI:DT.ODA.ODAT.GI.ZS:SOM,1979-12-31,201.98895281380365
WDI:DT.ODA.ODAT.GI.ZS:SOM,1980-12-31,187.55907988255518
WDI:DT.ODA.ODAT.GI.ZS:SOM,1981-12-31,198.4248612726147
WDI:DT.ODA.ODAT.GI.ZS:SOM,1982-12-31,208.98658496900788
WDI:DT.ODA.ODAT.GI.ZS:SOM,1983-12-31,207.25601238442283
WDI:DT.ODA.ODAT.GI.ZS:SOM,1984-12-31,182.20242163389267
WDI:DT.ODA.ODAT.GI.ZS:SOM,1985-12-31,134.28327722908776
WDI:DT.ODA.ODAT.GI.ZS:SOM,1986-12-31,216.05009248488568
WDI:DT.ODA.ODAT.GI.ZS:SOM,1987-12-31,174.58239780251932
WDI:DT.ODA.ODAT.GI.ZS:SOM,1988-12-31,173.9755061432329
WDI:DT.ODA.ODAT.GI.ZS:SOM,1989-12-31,126.63362622353928
WDI:DT.ODA.ODAT.GI.ZS:SOM,1990-12-31,362.18031614799213
WDI:DT.ODA.ODAT.GI.ZS:SOM,2012-12-31,144.20781268722254
WDI:DT.ODA.ODAT.GI.ZS:SOM,2013-12-31,144.95724615500373
WDI:DT.ODA.ODAT.GI.ZS:SOM,2014-12-31,144.38861950741767
WDI:DT.ODA.ODAT.GI.ZS:SOM,2015-12-31,155.83856585447788
WDI:DT.ODA.ODAT.GI.ZS:SOM,2016-12-31,139.32051302809415
WDI:DT.ODA.ODAT.GI.ZS:SOM,2017-12-31,167.06884709063047
WDI:DT.ODA.ODAT.GI.ZS:SOM,2018-12-31,124.22579696125788
WDI:DT.ODA.ODAT.GI.ZS:SOM,2019-12-31,123.60253169618818
WDI:DT.ODA.ODAT.GI.ZS:SOM,2020-12-31,220.53797208770817
WDI:DT.ODA.ODAT.GI.ZS:SOM,2021-12-31,141.22179137646626
WDI:DT.ODA.ODAT.GI.ZS:SOM,2022-12-31,80.84871092131165
WDI:DT.ODA.ODAT.GI.ZS:SOM,2023-12-31,88.175298442332
WDI:DT.ODA.ODAT.GI.ZS:SRB,1995-12-31,4.027194726632625
WDI:DT.ODA.ODAT.GI.ZS:SRB,1996-12-31,2.2511018928906608
WDI:DT.ODA.ODAT.GI.ZS:SRB,1997-12-31,2.608422822431696
WDI:DT.ODA.ODAT.GI.ZS:SRB,1998-12-31,5.942945530188605
WDI:DT.ODA.ODAT.GI.ZS:SRB,1999-12-31,43.948458403902904
WDI:DT.ODA.ODAT.GI.ZS:SRB,2000-12-31,170.81466566862082
WDI:DT.ODA.ODAT.GI.ZS:SRB,2001-12-31,65.0561761874164
WDI:DT.ODA.ODAT.GI.ZS:SRB,2002-12-31,66.90298654747353
WDI:DT.ODA.ODAT.GI.ZS:SRB,2003-12-31,30.207289197788118
WDI:DT.ODA.ODAT.GI.ZS:SRB,2004-12-31,17.377202953195873
WDI:DT.ODA.ODAT.GI.ZS:SRB,2005-12-31,17.30276651114912
WDI:DT.ODA.ODAT.GI.ZS:SRB,2006-12-31,21.831673864521655
WDI:DT.ODA.ODAT.GI.ZS:SRB,2007-12-31,7.537654447208203
WDI:DT.ODA.ODAT.GI.ZS:SRB,2008-12-31,6.945608715874757
WDI:DT.ODA.ODAT.GI.ZS:SRB,2009-12-31,7.152293088961355
WDI:DT.ODA.ODAT.GI.ZS:SRB,2010-12-31,8.422423595307063
WDI:DT.ODA.ODAT.GI.ZS:SRB,2011-12-31,14.82654937316435
WDI:DT.ODA.ODAT.GI.ZS:SRB,2012-12-31,12.821369002318256
WDI:DT.ODA.ODAT.GI.ZS:SRB,2013-12-31,9.03116375396666
WDI:DT.ODA.ODAT.GI.ZS:SRB,2014-12-31,4.535350336861646
WDI:DT.ODA.ODAT.GI.ZS:SRB,2015-12-31,4.0868996098914545
WDI:DT.ODA.ODAT.GI.ZS:SRB,2016-12-31,8.257895237893182
WDI:DT.ODA.ODAT.GI.ZS:SRB,2017-12-31,18.625437423656013
WDI:DT.ODA.ODAT.GI.ZS:SRB,2018-12-31,9.010160516830505
WDI:DT.ODA.ODAT.GI.ZS:SRB,2019-12-31,4.208987109464146
WDI:DT.ODA.ODAT.GI.ZS:SRB,2020-12-31,3.6345732301327023
WDI:DT.ODA.ODAT.GI.ZS:SRB,2021-12-31,3.237410795653718
WDI:DT.ODA.ODAT.GI.ZS:SRB,2022-12-31,2.9012573375877015
WDI:DT.ODA.ODAT.GI.ZS:SRB,2023-12-31,2.88768464465306
WDI:DT.ODA.ODAT.GI.ZS:SSA,1984-12-31,13.547477459041557
WDI:DT.ODA.ODAT.GI.ZS:SSA,1985-12-31,18.42607008590306
WDI:DT.ODA.ODAT.GI.ZS:SSA,1986-12-31,19.412214925003397
WDI:DT.ODA.ODAT.GI.ZS:SSA,1987-12-31,20.546726778870973
WDI:DT.ODA.ODAT.GI.ZS:SSA,1988-12-31,19.900849252524054
WDI:DT.ODA.ODAT.GI.ZS:SSA,1989-12-31,20.164370527362287
WDI:DT.ODA.ODAT.GI.ZS:SSA,1990-12-31,20.938710724577497
WDI:DT.ODA.ODAT.GI.ZS:SSA,1991-12-31,20.142459109713162
WDI:DT.ODA.ODAT.GI.ZS:SSA,1992-12-31,24.362600079566306
WDI:DT.ODA.ODAT.GI.ZS:SSA,1993-12-31,23.12966904148044
WDI:DT.ODA.ODAT.GI.ZS:SSA,1994-12-31,23.144804806172907
WDI:DT.ODA.ODAT.GI.ZS:SSA,1995-12-31,19.761587543188174
WDI:DT.ODA.ODAT.GI.ZS:SSA,1996-12-31,17.37309296325584
WDI:DT.ODA.ODAT.GI.ZS:SSA,1997-12-31,15.79439224053292
WDI:DT.ODA.ODAT.GI.ZS:SSA,1998-12-31,14.922795137074624
WDI:DT.ODA.ODAT.GI.ZS:SSA,1999-12-31,14.44477017279847
WDI:DT.ODA.ODAT.GI.ZS:SSA,2000-12-31,13.62801617470348
WDI:DT.ODA.ODAT.GI.ZS:SSA,2001-12-31,16.11660651305101
WDI:DT.ODA.ODAT.GI.ZS:SSA,2002-12-31,21.177832503412645
WDI:DT.ODA.ODAT.GI.ZS:SSA,2003-12-31,20.28732587932125
WDI:DT.ODA.ODAT.GI.ZS:SSA,2004-12-31,16.649188523296974
WDI:DT.ODA.ODAT.GI.ZS:SSA,2005-12-31,17.96816261597605
WDI:DT.ODA.ODAT.GI.ZS:SSA,2006-12-31,19.40577323191251
WDI:DT.ODA.ODAT.GI.ZS:SSA,2007-12-31,13.960271464826226
WDI:DT.ODA.ODAT.GI.ZS:SSA,2008-12-31,12.799248571864332
WDI:DT.ODA.ODAT.GI.ZS:SSA,2009-12-31,14.435710999400778
WDI:DT.ODA.ODAT.GI.ZS:SSA,2010-12-31,11.446453142162555
WDI:DT.ODA.ODAT.GI.ZS:SSA,2011-12-31,12.134218871035488
WDI:DT.ODA.ODAT.GI.ZS:SSA,2012-12-31,11.513514375631468
WDI:DT.ODA.ODAT.GI.ZS:SSA,2013-12-31,10.992644648528357
WDI:DT.ODA.ODAT.GI.ZS:SSA,2014-12-31,10.345886831763282
WDI:DT.ODA.ODAT.GI.ZS:SSA,2015-12-31,11.701488195829757
WDI:DT.ODA.ODAT.GI.ZS:SSA,2016-12-31,13.078102643681113
WDI:DT.ODA.ODAT.GI.ZS:SSA,2017-12-31,13.280801305020418
WDI:DT.ODA.ODAT.GI.ZS:SSA,2018-12-31,12.716033395322729
WDI:DT.ODA.ODAT.GI.ZS:SSA,2019-12-31,13.573012732490247
WDI:DT.ODA.ODAT.GI.ZS:SSA,2020-12-31,20.00791151034828
WDI:DT.ODA.ODAT.GI.ZS:SSA,2021-12-31,15.97770679604251
WDI:DT.ODA.ODAT.GI.ZS:SSA,2022-12-31,13.361359720266444
WDI:DT.ODA.ODAT.GI.ZS:SSA,2023-12-31,13.6280241421015
WDI:DT.ODA.ODAT.GI.ZS:SSD,2011-12-31,30.811107465174477
WDI:DT.ODA.ODAT.GI.ZS:SSD,2012-12-31,140.5414936370629
WDI:DT.ODA.ODAT.GI.ZS:SSD,2013-12-31,66.80264290298345
WDI:DT.ODA.ODAT.GI.ZS:SSD,2014-12-31,175.96331613703896
WDI:DT.ODA.ODAT.GI.ZS:SSD,2015-12-31,242.74201899989157
WDI:DT.ODA.ODAT.GI.ZS:SSF,1990-12-31,20.471697577973
WDI:DT.ODA.ODAT.GI.ZS:SSF,1991-12-31,19.697617598086133
WDI:DT.ODA.ODAT.GI.ZS:SSF,1992-12-31,23.814038194718524
WDI:DT.ODA.ODAT.GI.ZS:SSF,1993-12-31,22.583376844499455
WDI:DT.ODA.ODAT.GI.ZS:SSF,1994-12-31,22.606343276435993
WDI:DT.ODA.ODAT.GI.ZS:SSF,1995-12-31,19.300511313923266
WDI:DT.ODA.ODAT.GI.ZS:SSF,1996-12-31,16.95301307633764
WDI:DT.ODA.ODAT.GI.ZS:SSF,1997-12-31,15.418579390570516
WDI:DT.ODA.ODAT.GI.ZS:SSF,1998-12-31,14.560067307504038
WDI:DT.ODA.ODAT.GI.ZS:SSF,1999-12-31,14.073957472525711
WDI:DT.ODA.ODAT.GI.ZS:SSF,2000-12-31,13.310501792209633
WDI:DT.ODA.ODAT.GI.ZS:SSF,2001-12-31,15.705301065825845
WDI:DT.ODA.ODAT.GI.ZS:SSF,2002-12-31,20.663824705130196
WDI:DT.ODA.ODAT.GI.ZS:SSF,2003-12-31,19.8451148792182
WDI:DT.ODA.ODAT.GI.ZS:SSF,2004-12-31,16.27840291607648
WDI:DT.ODA.ODAT.GI.ZS:SSF,2005-12-31,17.55969679711784
WDI:DT.ODA.ODAT.GI.ZS:SSF,2006-12-31,18.95684333318207
WDI:DT.ODA.ODAT.GI.ZS:SSF,2007-12-31,13.644216668868637
WDI:DT.ODA.ODAT.GI.ZS:SSF,2008-12-31,12.516234433023737
WDI:DT.ODA.ODAT.GI.ZS:SSF,2009-12-31,14.118303351878318
WDI:DT.ODA.ODAT.GI.ZS:SSF,2010-12-31,11.18977598328472
WDI:DT.ODA.ODAT.GI.ZS:SSF,2011-12-31,11.864341534411068
WDI:DT.ODA.ODAT.GI.ZS:SSF,2012-12-31,11.048797873956206
WDI:DT.ODA.ODAT.GI.ZS:SSF,2013-12-31,10.577796590597409
WDI:DT.ODA.ODAT.GI.ZS:SSF,2014-12-31,9.827975888235565
WDI:DT.ODA.ODAT.GI.ZS:SSF,2015-12-31,10.832601084411886
WDI:DT.ODA.ODAT.GI.ZS:SSF,2016-12-31,11.953059582136994
WDI:DT.ODA.ODAT.GI.ZS:SSF,2017-12-31,12.088535554328201
WDI:DT.ODA.ODAT.GI.ZS:SSF,2018-12-31,11.691631638685717
WDI:DT.ODA.ODAT.GI.ZS:SSF,2019-12-31,12.29617403925977
WDI:DT.ODA.ODAT.GI.ZS:SSF,2020-12-31,17.981466015592268
WDI:DT.ODA.ODAT.GI.ZS:SSF,2021-12-31,14.609074561242641
WDI:DT.ODA.ODAT.GI.ZS:SSF,2022-12-31,12.333363902468058
WDI:DT.ODA.ODAT.GI.ZS:SSF,2023-12-31,13.6108221613719
WDI:DT.ODA.ODAT.GI.ZS:SST,1993-12-31,18.85350628601321
WDI:DT.ODA.ODAT.GI.ZS:SST,1994-12-31,19.968367508189875
WDI:DT.ODA.ODAT.GI.ZS:SST,1995-12-31,15.644793406374207
WDI:DT.ODA.ODAT.GI.ZS:SST,1996-12-31,14.200650074527408
WDI:DT.ODA.ODAT.GI.ZS:SST,1997-12-31,12.080514442809104
WDI:DT.ODA.ODAT.GI.ZS:SST,1998-12-31,10.669587194534461
WDI:DT.ODA.ODAT.GI.ZS:SST,1999-12-31,10.070964096588439
WDI:DT.ODA.ODAT.GI.ZS:SST,2000-12-31,8.874002829242043
WDI:DT.ODA.ODAT.GI.ZS:SST,2001-12-31,8.751589037149136
WDI:DT.ODA.ODAT.GI.ZS:SST,2002-12-31,8.732539568814055
WDI:DT.ODA.ODAT.GI.ZS:SST,2003-12-31,7.375239450126101
WDI:DT.ODA.ODAT.GI.ZS:SST,2004-12-31,7.036033560711175
WDI:DT.ODA.ODAT.GI.ZS:SST,2005-12-31,6.6266882567019865
WDI:DT.ODA.ODAT.GI.ZS:SST,2006-12-31,5.669999503075608
WDI:DT.ODA.ODAT.GI.ZS:SST,2007-12-31,5.815509559348957
WDI:DT.ODA.ODAT.GI.ZS:SST,2008-12-31,7.1018062573944745
WDI:DT.ODA.ODAT.GI.ZS:SST,2009-12-31,8.896570714648549
WDI:DT.ODA.ODAT.GI.ZS:SST,2010-12-31,9.703804783213293
WDI:DT.ODA.ODAT.GI.ZS:SST,2011-12-31,8.41536682784596
WDI:DT.ODA.ODAT.GI.ZS:SST,2012-12-31,7.844338479771809
WDI:DT.ODA.ODAT.GI.ZS:SST,2013-12-31,8.01300942456603
WDI:DT.ODA.ODAT.GI.ZS:SST,2014-12-31,7.171832209108027
WDI:DT.ODA.ODAT.GI.ZS:SST,2015-12-31,6.442938215748321
WDI:DT.ODA.ODAT.GI.ZS:SST,2016-12-31,5.9295519391285945
WDI:DT.ODA.ODAT.GI.ZS:SST,2017-12-31,6.370428356728615
WDI:DT.ODA.ODAT.GI.ZS:SST,2018-12-31,6.139911203782312
WDI:DT.ODA.ODAT.GI.ZS:SST,2019-12-31,6.503607889852778
WDI:DT.ODA.ODAT.GI.ZS:SST,2020-12-31,9.941666688273033
WDI:DT.ODA.ODAT.GI.ZS:SST,2021-12-31,8.432914791475108
WDI:DT.ODA.ODAT.GI.ZS:STP,2023-12-31,202.70237974958
WDI:DT.ODA.ODAT.GI.ZS:SUR,2006-12-31,5.975899990506226
WDI:DT.ODA.ODAT.GI.ZS:SUR,2007-12-31,11.082678100930183
WDI:DT.ODA.ODAT.GI.ZS:SUR,2008-12-31,6.389195446416543
WDI:DT.ODA.ODAT.GI.ZS:SUR,2009-12-31,7.944510427568935
WDI:DT.ODA.ODAT.GI.ZS:SUR,2010-12-31,6.351384828918741
WDI:DT.ODA.ODAT.GI.ZS:SVN,1993-12-31,0.2514241846061193
WDI:DT.ODA.ODAT.GI.ZS:SVN,1994-12-31,0.9134931739729383
WDI:DT.ODA.ODAT.GI.ZS:SVN,1995-12-31,0.9735057117936083
WDI:DT.ODA.ODAT.GI.ZS:SVN,1996-12-31,1.5304355513393935
WDI:DT.ODA.ODAT.GI.ZS:SVN,1997-12-31,1.7819232664841662
WDI:DT.ODA.ODAT.GI.ZS:SVN,1998-12-31,0.6623331789699747
WDI:DT.ODA.ODAT.GI.ZS:SVN,1999-12-31,0.4709290282154487
WDI:DT.ODA.ODAT.GI.ZS:SVN,2000-12-31,1.0381110300788936
WDI:DT.ODA.ODAT.GI.ZS:SVN,2001-12-31,2.2594659969132205
WDI:DT.ODA.ODAT.GI.ZS:SVN,2002-12-31,0.8842878163645895
WDI:DT.ODA.ODAT.GI.ZS:SWZ,2013-12-31,16.356821019328013
WDI:DT.ODA.ODAT.GI.ZS:SWZ,2014-12-31,10.269620365292397
WDI:DT.ODA.ODAT.GI.ZS:SWZ,2015-12-31,13.761789794470653
WDI:DT.ODA.ODAT.GI.ZS:SWZ,2016-12-31,22.850418558756907
WDI:DT.ODA.ODAT.GI.ZS:SWZ,2017-12-31,18.691013920798756
WDI:DT.ODA.ODAT.GI.ZS:SWZ,2018-12-31,13.160531968560901
WDI:DT.ODA.ODAT.GI.ZS:SWZ,2019-12-31,9.55072049474043
WDI:DT.ODA.ODAT.GI.ZS:SWZ,2020-12-31,16.84033656539954
WDI:DT.ODA.ODAT.GI.ZS:SWZ,2021-12-31,13.253439315254873
WDI:DT.ODA.ODAT.GI.ZS:SWZ,2022-12-31,9.309743292487713
WDI:DT.ODA.ODAT.GI.ZS:SWZ,2023-12-31,11.4733820182195
WDI:DT.ODA.ODAT.GI.ZS:SYC,1976-12-31,38.58027751758243
WDI:DT.ODA.ODAT.GI.ZS:SYC,1977-12-31,42.18775645927403
WDI:DT.ODA.ODAT.GI.ZS:SYC,1978-12-31,44.19879247562816
WDI:DT.ODA.ODAT.GI.ZS:SYC,1979-12-31,59.939543949313986
WDI:DT.ODA.ODAT.GI.ZS:SYC,1980-12-31,36.49312955724226
WDI:DT.ODA.ODAT.GI.ZS:SYC,1981-12-31,31.76823507251203
WDI:DT.ODA.ODAT.GI.ZS:SYC,1982-12-31,36.212258416406954
WDI:DT.ODA.ODAT.GI.ZS:SYC,1983-12-31,46.4476190158768
WDI:DT.ODA.ODAT.GI.ZS:SYC,1984-12-31,42.771476751380774
WDI:DT.ODA.ODAT.GI.ZS:SYC,1985-12-31,55.01977021863701
WDI:DT.ODA.ODAT.GI.ZS:SYC,1986-12-31,56.36468317833848
WDI:DT.ODA.ODAT.GI.ZS:SYC,1987-12-31,46.473626499498835
WDI:DT.ODA.ODAT.GI.ZS:SYC,1988-12-31,26.79737761910827
WDI:DT.ODA.ODAT.GI.ZS:SYC,1989-12-31,22.127582774674163
WDI:DT.ODA.ODAT.GI.ZS:SYC,1990-12-31,37.37185447818598
WDI:DT.ODA.ODAT.GI.ZS:SYC,1991-12-31,25.90757334324449
WDI:DT.ODA.ODAT.GI.ZS:SYC,1992-12-31,19.79806228632624
WDI:DT.ODA.ODAT.GI.ZS:SYC,1993-12-31,13.934854203828277
WDI:DT.ODA.ODAT.GI.ZS:SYC,1994-12-31,9.372795438301546
WDI:DT.ODA.ODAT.GI.ZS:SYC,1995-12-31,8.126571569282463
WDI:DT.ODA.ODAT.GI.ZS:SYC,1996-12-31,9.208481277169934
WDI:DT.ODA.ODAT.GI.ZS:SYC,1997-12-31,9.143153023683135
WDI:DT.ODA.ODAT.GI.ZS:SYC,1998-12-31,10.922885969097504
WDI:DT.ODA.ODAT.GI.ZS:SYC,1999-12-31,4.681965370358947
WDI:DT.ODA.ODAT.GI.ZS:SYC,2000-12-31,14.476227475886233
WDI:DT.ODA.ODAT.GI.ZS:SYC,2001-12-31,5.015053217941242
WDI:DT.ODA.ODAT.GI.ZS:SYC,2002-12-31,28.29540263641932
WDI:DT.ODA.ODAT.GI.ZS:SYC,2003-12-31,11.404528406939127
WDI:DT.ODA.ODAT.GI.ZS:SYC,2004-12-31,6.833192837015423
WDI:DT.ODA.ODAT.GI.ZS:SYC,2005-12-31,7.36709812128729
WDI:DT.ODA.ODAT.GI.ZS:SYC,2006-12-31,4.179919000644242
WDI:DT.ODA.ODAT.GI.ZS:SYC,2007-12-31,1.9311558316435389
WDI:DT.ODA.ODAT.GI.ZS:SYC,2008-12-31,2.765976432219721
WDI:DT.ODA.ODAT.GI.ZS:SYC,2009-12-31,9.710639552199428
WDI:DT.ODA.ODAT.GI.ZS:SYC,2010-12-31,9.7769896533226
WDI:DT.ODA.ODAT.GI.ZS:SYC,2011-12-31,6.16269497423955
WDI:DT.ODA.ODAT.GI.ZS:SYC,2012-12-31,8.453483429664137
WDI:DT.ODA.ODAT.GI.ZS:SYC,2013-12-31,5.332700926123905
WDI:DT.ODA.ODAT.GI.ZS:SYC,2014-12-31,2.977199524786927
WDI:DT.ODA.ODAT.GI.ZS:SYC,2015-12-31,1.7614933640720223
WDI:DT.ODA.ODAT.GI.ZS:SYC,2016-12-31,1.4708006392037665
WDI:DT.ODA.ODAT.GI.ZS:SYC,2017-12-31,3.9413946051583846
WDI:DT.ODA.ODAT.GI.ZS:SYR,1960-12-31,15.643056772544867
WDI:DT.ODA.ODAT.GI.ZS:SYR,1961-12-31,11.881575697987925
WDI:DT.ODA.ODAT.GI.ZS:SYR,1962-12-31,13.795156127686326
WDI:DT.ODA.ODAT.GI.ZS:SYR,1963-12-31,1.8178660796156958
WDI:DT.ODA.ODAT.GI.ZS:SYR,1964-12-31,2.9877206691391005
WDI:DT.ODA.ODAT.GI.ZS:SYR,1965-12-31,2.1494922702753327
WDI:DT.ODA.ODAT.GI.ZS:SYR,1966-12-31,12.064426677467925
WDI:DT.ODA.ODAT.GI.ZS:SYR,1967-12-31,2.997871717941205
WDI:DT.ODA.ODAT.GI.ZS:SYR,1968-12-31,2.1404495471305793
WDI:DT.ODA.ODAT.GI.ZS:SYR,1969-12-31,3.064921321704279
WDI:DT.ODA.ODAT.GI.ZS:TCD,1960-12-31,0.07048116386835097
WDI:DT.ODA.ODAT.GI.ZS:TCD,1961-12-31,6.604310324811058
WDI:DT.ODA.ODAT.GI.ZS:TCD,1962-12-31,13.223347059651609
WDI:DT.ODA.ODAT.GI.ZS:TCD,1963-12-31,9.888660240763675
WDI:DT.ODA.ODAT.GI.ZS:TCD,1964-12-31,28.156049599442
WDI:DT.ODA.ODAT.GI.ZS:TCD,1965-12-31,39.7216589869323
WDI:DT.ODA.ODAT.GI.ZS:TCD,1966-12-31,33.39519692635808
WDI:DT.ODA.ODAT.GI.ZS:TCD,1967-12-31,28.157393432077
WDI:DT.ODA.ODAT.GI.ZS:TCD,1968-12-31,31.80352371129866
WDI:DT.ODA.ODAT.GI.ZS:TCD,1969-12-31,29.877569295671773
WDI:DT.ODA.ODAT.GI.ZS:TCD,1970-12-31,29.595858042129446
WDI:DT.ODA.ODAT.GI.ZS:TCD,1971-12-31,38.131425696669226
WDI:DT.ODA.ODAT.GI.ZS:TCD,1972-12-31,35.65543407288343
WDI:DT.ODA.ODAT.GI.ZS:TCD,1973-12-31,45.93658897507731
WDI:DT.ODA.ODAT.GI.ZS:TCD,1974-12-31,65.09951445901858
WDI:DT.ODA.ODAT.GI.ZS:TCD,1975-12-31,37.59733269091405
WDI:DT.ODA.ODAT.GI.ZS:TCD,1976-12-31,41.219238230304065
WDI:DT.ODA.ODAT.GI.ZS:TCD,1977-12-31,47.118684433976995
WDI:DT.ODA.ODAT.GI.ZS:TCD,1978-12-31,68.11276823153291
WDI:DT.ODA.ODAT.GI.ZS:TCD,1982-12-31,243.1692338196795
WDI:DT.ODA.ODAT.GI.ZS:TCD,1983-12-31,384.3234234084799
WDI:DT.ODA.ODAT.GI.ZS:TCD,1984-12-31,250.9439961259344
WDI:DT.ODA.ODAT.GI.ZS:TCD,1985-12-31,237.34534786986183
WDI:DT.ODA.ODAT.GI.ZS:TCD,1986-12-31,184.5914730142979
WDI:DT.ODA.ODAT.GI.ZS:TCD,1987-12-31,189.98283109912393
WDI:DT.ODA.ODAT.GI.ZS:TCD,1988-12-31,249.92308379253393
WDI:DT.ODA.ODAT.GI.ZS:TCD,1989-12-31,217.62124933421353
WDI:DT.ODA.ODAT.GI.ZS:TCD,1990-12-31,264.51056280632287
WDI:DT.ODA.ODAT.GI.ZS:TCD,1991-12-31,213.56843362856148
WDI:DT.ODA.ODAT.GI.ZS:TCD,1992-12-31,168.42356389045852
WDI:DT.ODA.ODAT.GI.ZS:TCD,1993-12-31,156.48820260537036
WDI:DT.ODA.ODAT.GI.ZS:TCD,1994-12-31,108.13247815254086
WDI:DT.ODA.ODAT.GI.ZS:TCD,1995-12-31,123.20657980135124
WDI:DT.ODA.ODAT.GI.ZS:TCD,1996-12-31,90.87221908011614
WDI:DT.ODA.ODAT.GI.ZS:TCD,1997-12-31,75.73865759302436
WDI:DT.ODA.ODAT.GI.ZS:TCD,1998-12-31,59.0395915120198
WDI:DT.ODA.ODAT.GI.ZS:TCD,1999-12-31,89.43818961814391
WDI:DT.ODA.ODAT.GI.ZS:TCD,2000-12-31,40.63876826700222
WDI:DT.ODA.ODAT.GI.ZS:TCD,2001-12-31,27.387801790896667
WDI:DT.ODA.ODAT.GI.ZS:TCD,2002-12-31,19.082957169959595
WDI:DT.ODA.ODAT.GI.ZS:TCD,2003-12-31,17.626398061958998
WDI:DT.ODA.ODAT.GI.ZS:TCD,2004-12-31,30.91900538414134
WDI:DT.ODA.ODAT.GI.ZS:TCD,2005-12-31,23.36200458697598
WDI:DT.ODA.ODAT.GI.ZS:TCD,2006-12-31,16.912631937108976
WDI:DT.ODA.ODAT.GI.ZS:TCD,2007-12-31,18.436871761607996
WDI:DT.ODA.ODAT.GI.ZS:TCD,2008-12-31,17.796303296145208
WDI:DT.ODA.ODAT.GI.ZS:TCD,2009-12-31,22.987994632680145
WDI:DT.ODA.ODAT.GI.ZS:TCD,2010-12-31,16.089654296861642
WDI:DT.ODA.ODAT.GI.ZS:TCD,2011-12-31,10.984897155796345
WDI:DT.ODA.ODAT.GI.ZS:TCD,2012-12-31,10.653313489882745
WDI:DT.ODA.ODAT.GI.ZS:TCD,2013-12-31,10.756717905681203
WDI:DT.ODA.ODAT.GI.ZS:TCD,2014-12-31,7.3273328666226725
WDI:DT.ODA.ODAT.GI.ZS:TCD,2015-12-31,18.195930594156888
WDI:DT.ODA.ODAT.GI.ZS:TCD,2016-12-31,26.11208477470837
WDI:DT.ODA.ODAT.GI.ZS:TCD,2017-12-31,26.22710374535363
WDI:DT.ODA.ODAT.GI.ZS:TCD,2018-12-31,26.045572367778142
WDI:DT.ODA.ODAT.GI.ZS:TCD,2019-12-31,17.767612621914587
WDI:DT.ODA.ODAT.GI.ZS:TCD,2020-12-31,30.53877596780003
WDI:DT.ODA.ODAT.GI.ZS:TCD,2021-12-31,21.75355134108313
WDI:DT.ODA.ODAT.GI.ZS:TCD,2022-12-31,21.919707138684526
WDI:DT.ODA.ODAT.GI.ZS:TCD,2023-12-31,32.1488082627043
WDI:DT.ODA.ODAT.GI.ZS:TEA,1970-12-31,3.3744395787082584
WDI:DT.ODA.ODAT.GI.ZS:TEA,1971-12-31,3.566144307347679
WDI:DT.ODA.ODAT.GI.ZS:TEA,1972-12-31,3.7496304639485794
WDI:DT.ODA.ODAT.GI.ZS:TEA,1973-12-31,3.1564578502933283
WDI:DT.ODA.ODAT.GI.ZS:TEA,1974-12-31,3.5717417435892953
WDI:DT.ODA.ODAT.GI.ZS:TEA,1975-12-31,2.462368647106779
WDI:DT.ODA.ODAT.GI.ZS:TEA,1976-12-31,2.2915755015274817
WDI:DT.ODA.ODAT.GI.ZS:TEA,1977-12-31,1.8583312748982315
WDI:DT.ODA.ODAT.GI.ZS:TEA,1978-12-31,2.5843983650011255
WDI:DT.ODA.ODAT.GI.ZS:TEA,1979-12-31,2.769828305337839
WDI:DT.ODA.ODAT.GI.ZS:TEA,1980-12-31,2.8565548586367946
WDI:DT.ODA.ODAT.GI.ZS:TEA,1981-12-31,3.0061337096214094
WDI:DT.ODA.ODAT.GI.ZS:TEA,1982-12-31,2.724879435680706
WDI:DT.ODA.ODAT.GI.ZS:TEA,1983-12-31,2.4781979027144154
WDI:DT.ODA.ODAT.GI.ZS:TEA,1984-12-31,2.39719332767461
WDI:DT.ODA.ODAT.GI.ZS:TEA,1985-12-31,2.0568520561988985
WDI:DT.ODA.ODAT.GI.ZS:TEA,1986-12-31,2.644916534585109
WDI:DT.ODA.ODAT.GI.ZS:TEA,1987-12-31,3.3137876583139354
WDI:DT.ODA.ODAT.GI.ZS:TEA,1988-12-31,3.2219610673768004
WDI:DT.ODA.ODAT.GI.ZS:TEA,1989-12-31,2.99884907336203
WDI:DT.ODA.ODAT.GI.ZS:TEA,1990-12-31,3.159425339717591
WDI:DT.ODA.ODAT.GI.ZS:TEA,1991-12-31,2.740879791494985
WDI:DT.ODA.ODAT.GI.ZS:TEA,1992-12-31,3.184879601116828
WDI:DT.ODA.ODAT.GI.ZS:TEA,1993-12-31,2.564872009815302
WDI:DT.ODA.ODAT.GI.ZS:TEA,1994-12-31,2.2363264303292305
WDI:DT.ODA.ODAT.GI.ZS:TEA,1995-12-31,1.8739104707599281
WDI:DT.ODA.ODAT.GI.ZS:TEA,1996-12-31,1.3597710995950891
WDI:DT.ODA.ODAT.GI.ZS:TEA,1997-12-31,1.1536670814668837
WDI:DT.ODA.ODAT.GI.ZS:TEA,1998-12-31,1.6946884390539474
WDI:DT.ODA.ODAT.GI.ZS:TEA,1999-12-31,1.9006606475830565
WDI:DT.ODA.ODAT.GI.ZS:TEA,2000-12-31,1.5003506286891943
WDI:DT.ODA.ODAT.GI.ZS:TEA,2001-12-31,1.1347900157725002
WDI:DT.ODA.ODAT.GI.ZS:TEA,2002-12-31,0.9788075380561105
WDI:DT.ODA.ODAT.GI.ZS:TEA,2003-12-31,0.7753250233833971
WDI:DT.ODA.ODAT.GI.ZS:TEA,2004-12-31,0.6111604944582574
WDI:DT.ODA.ODAT.GI.ZS:TEA,2005-12-31,0.7456927471441519
WDI:DT.ODA.ODAT.GI.ZS:TEA,2006-12-31,0.5194329473943042
WDI:DT.ODA.ODAT.GI.ZS:TEA,2007-12-31,0.44351755460642756
WDI:DT.ODA.ODAT.GI.ZS:TEA,2008-12-31,0.32158981618276683
WDI:DT.ODA.ODAT.GI.ZS:TEA,2009-12-31,0.3298923105518545
WDI:DT.ODA.ODAT.GI.ZS:TEA,2010-12-31,0.25837211991553605
WDI:DT.ODA.ODAT.GI.ZS:TEA,2011-12-31,0.1582880358782242
WDI:DT.ODA.ODAT.GI.ZS:TEA,2012-12-31,0.1740033114851717
WDI:DT.ODA.ODAT.GI.ZS:TEA,2013-12-31,0.21678650169013014
WDI:DT.ODA.ODAT.GI.ZS:TEA,2014-12-31,0.15691339557208636
WDI:DT.ODA.ODAT.GI.ZS:TEA,2015-12-31,0.14068257792215075
WDI:DT.ODA.ODAT.GI.ZS:TEA,2016-12-31,0.1266380630744086
WDI:DT.ODA.ODAT.GI.ZS:TEA,2017-12-31,0.12300811525397187
WDI:DT.ODA.ODAT.GI.ZS:TEA,2018-12-31,0.10720497913260611
WDI:DT.ODA.ODAT.GI.ZS:TEA,2019-12-31,0.08741025835866334
WDI:DT.ODA.ODAT.GI.ZS:TEA,2020-12-31,0.16318590351612255
WDI:DT.ODA.ODAT.GI.ZS:TEA,2021-12-31,0.10553926062342094
WDI:DT.ODA.ODAT.GI.ZS:TEC,1990-12-31,0.4382218506789232
WDI:DT.ODA.ODAT.GI.ZS:TEC,1991-12-31,0.6284563061357049
WDI:DT.ODA.ODAT.GI.ZS:TEC,1992-12-31,0.2975409680851549
WDI:DT.ODA.ODAT.GI.ZS:TEC,1993-12-31,0.47911986810856905
WDI:DT.ODA.ODAT.GI.ZS:TEC,1994-12-31,0.9417972695619536
WDI:DT.ODA.ODAT.GI.ZS:TEC,1995-12-31,1.130372500489866
WDI:DT.ODA.ODAT.GI.ZS:TEC,1996-12-31,1.1770005249096076
WDI:DT.ODA.ODAT.GI.ZS:TEC,1997-12-31,1.0196832469318442
WDI:DT.ODA.ODAT.GI.ZS:TEC,1998-12-31,1.3952355997461303
WDI:DT.ODA.ODAT.GI.ZS:TEC,1999-12-31,2.5824670511813927
WDI:DT.ODA.ODAT.GI.ZS:TEC,2000-12-31,2.1516864317988165
WDI:DT.ODA.ODAT.GI.ZS:TEC,2001-12-31,2.1832684267087505
WDI:DT.ODA.ODAT.GI.ZS:TEC,2002-12-31,2.5762790889619707
WDI:DT.ODA.ODAT.GI.ZS:TEC,2003-12-31,1.6341404875206633
WDI:DT.ODA.ODAT.GI.ZS:TEC,2004-12-31,1.2632069101227543
WDI:DT.ODA.ODAT.GI.ZS:TEC,2005-12-31,1.0282657065869802
WDI:DT.ODA.ODAT.GI.ZS:TEC,2006-12-31,0.9618328126410659
WDI:DT.ODA.ODAT.GI.ZS:TEC,2007-12-31,0.6617776134589068
WDI:DT.ODA.ODAT.GI.ZS:TEC,2008-12-31,0.6445613614483275
WDI:DT.ODA.ODAT.GI.ZS:TEC,2009-12-31,1.092710444393596
WDI:DT.ODA.ODAT.GI.ZS:TEC,2010-12-31,0.798501154649833
WDI:DT.ODA.ODAT.GI.ZS:TEC,2011-12-31,0.8996680081954278
WDI:DT.ODA.ODAT.GI.ZS:TEC,2012-12-31,0.8372935729504686
WDI:DT.ODA.ODAT.GI.ZS:TEC,2013-12-31,0.7236765938115538
WDI:DT.ODA.ODAT.GI.ZS:TEC,2014-12-31,0.9012750538652572
WDI:DT.ODA.ODAT.GI.ZS:TEC,2015-12-31,0.9423411292527788
WDI:DT.ODA.ODAT.GI.ZS:TEC,2016-12-31,1.1160195307630671
WDI:DT.ODA.ODAT.GI.ZS:TEC,2017-12-31,0.9706132056303776
WDI:DT.ODA.ODAT.GI.ZS:TEC,2018-12-31,0.8105146271765236
WDI:DT.ODA.ODAT.GI.ZS:TEC,2019-12-31,0.7099082198656532
WDI:DT.ODA.ODAT.GI.ZS:TEC,2020-12-31,1.0924503110398505
WDI:DT.ODA.ODAT.GI.ZS:TEC,2021-12-31,0.8079801745233918
WDI:DT.ODA.ODAT.GI.ZS:TGO,1963-12-31,28.02686948837009
WDI:DT.ODA.ODAT.GI.ZS:TGO,1964-12-31,29.825754673602656
WDI:DT.ODA.ODAT.GI.ZS:TGO,1965-12-31,21.33161625648968
WDI:DT.ODA.ODAT.GI.ZS:TGO,1966-12-31,24.255614347945443
WDI:DT.ODA.ODAT.GI.ZS:TGO,1967-12-31,34.161955968366925
WDI:DT.ODA.ODAT.GI.ZS:TGO,1968-12-31,51.02703555673826
WDI:DT.ODA.ODAT.GI.ZS:TGO,1969-12-31,34.955621697791265
WDI:DT.ODA.ODAT.GI.ZS:TGO,1970-12-31,32.85802330452472
WDI:DT.ODA.ODAT.GI.ZS:TGO,1971-12-31,26.339084853160145
WDI:DT.ODA.ODAT.GI.ZS:TGO,1972-12-31,22.679141711047677
WDI:DT.ODA.ODAT.GI.ZS:TGO,1973-12-31,20.745946679227796
WDI:DT.ODA.ODAT.GI.ZS:TGO,1974-12-31,28.858378066156792
WDI:DT.ODA.ODAT.GI.ZS:TGO,1975-12-31,16.767715326405227
WDI:DT.ODA.ODAT.GI.ZS:TGO,1976-12-31,18.123488718451675
WDI:DT.ODA.ODAT.GI.ZS:TGO,1977-12-31,14.978801882097265
WDI:DT.ODA.ODAT.GI.ZS:TGO,1978-12-31,17.789153803334948
WDI:DT.ODA.ODAT.GI.ZS:TGO,1979-12-31,17.143261000436475
WDI:DT.ODA.ODAT.GI.ZS:TGO,1980-12-31,16.207997880390128
WDI:DT.ODA.ODAT.GI.ZS:TGO,1981-12-31,15.004937915518783
WDI:DT.ODA.ODAT.GI.ZS:TGO,1982-12-31,25.96175554514799
WDI:DT.ODA.ODAT.GI.ZS:TGO,1983-12-31,47.06768807695468
WDI:DT.ODA.ODAT.GI.ZS:TGO,1984-12-31,70.96891779072966
WDI:DT.ODA.ODAT.GI.ZS:TGO,1985-12-31,37.52578013991435
WDI:DT.ODA.ODAT.GI.ZS:TGO,1986-12-31,40.08783464994386
WDI:DT.ODA.ODAT.GI.ZS:TGO,1987-12-31,28.519485890618736
WDI:DT.ODA.ODAT.GI.ZS:TGO,1988-12-31,47.0478530014271
WDI:DT.ODA.ODAT.GI.ZS:TGO,1989-12-31,61.44177709344953
WDI:DT.ODA.ODAT.GI.ZS:TGO,1990-12-31,31.071663085902852
WDI:DT.ODA.ODAT.GI.ZS:TGO,1991-12-31,23.53070975810624
WDI:DT.ODA.ODAT.GI.ZS:TGO,1992-12-31,25.399363671575063
WDI:DT.ODA.ODAT.GI.ZS:TGO,1993-12-31,70.19637310651765
WDI:DT.ODA.ODAT.GI.ZS:TGO,1994-12-31,27.004508204200018
WDI:DT.ODA.ODAT.GI.ZS:TGO,1995-12-31,27.42983667553429
WDI:DT.ODA.ODAT.GI.ZS:TGO,1996-12-31,27.44276760402553
WDI:DT.ODA.ODAT.GI.ZS:TGO,1997-12-31,22.570708991017217
WDI:DT.ODA.ODAT.GI.ZS:TGO,1998-12-31,27.333343133896708
WDI:DT.ODA.ODAT.GI.ZS:TGO,1999-12-31,15.748383169568624
WDI:DT.ODA.ODAT.GI.ZS:TGO,2000-12-31,11.204068918741559
WDI:DT.ODA.ODAT.GI.ZS:TGO,2001-12-31,7.509124360640144
WDI:DT.ODA.ODAT.GI.ZS:TGO,2002-12-31,6.916995603396238
WDI:DT.ODA.ODAT.GI.ZS:TGO,2003-12-31,5.223141086397696
WDI:DT.ODA.ODAT.GI.ZS:TGO,2004-12-31,5.738340810369329
WDI:DT.ODA.ODAT.GI.ZS:TGO,2005-12-31,10.210113550011483
WDI:DT.ODA.ODAT.GI.ZS:TGO,2006-12-31,12.635791788828715
WDI:DT.ODA.ODAT.GI.ZS:TGO,2007-12-31,17.3422216233445
WDI:DT.ODA.ODAT.GI.ZS:TGO,2008-12-31,42.19886569317308
WDI:DT.ODA.ODAT.GI.ZS:TGO,2009-12-31,72.26791248018047
WDI:DT.ODA.ODAT.GI.ZS:TGO,2010-12-31,52.48136159135354
WDI:DT.ODA.ODAT.GI.ZS:TGO,2011-12-31,50.253226157451344
WDI:DT.ODA.ODAT.GI.ZS:TGO,2012-12-31,25.581950084797832
WDI:DT.ODA.ODAT.GI.ZS:TGO,2013-12-31,16.99481091788414
WDI:DT.ODA.ODAT.GI.ZS:TGO,2014-12-31,14.744720679026974
WDI:DT.ODA.ODAT.GI.ZS:TGO,2015-12-31,13.761286976242468
WDI:DT.ODA.ODAT.GI.ZS:TGO,2016-12-31,13.748570024767307
WDI:DT.ODA.ODAT.GI.ZS:TGO,2017-12-31,32.076018881581575
WDI:DT.ODA.ODAT.GI.ZS:TGO,2018-12-31,25.03082534622458
WDI:DT.ODA.ODAT.GI.ZS:TGO,2019-12-31,31.113604671364232
WDI:DT.ODA.ODAT.GI.ZS:TGO,2020-12-31,37.94209162234636
WDI:DT.ODA.ODAT.GI.ZS:TGO,2021-12-31,19.1708184527833
WDI:DT.ODA.ODAT.GI.ZS:TGO,2022-12-31,20.282782822337165
WDI:DT.ODA.ODAT.GI.ZS:TGO,2023-12-31,28.2752889308204
WDI:DT.ODA.ODAT.GI.ZS:THA,1960-12-31,10.964034521912307
WDI:DT.ODA.ODAT.GI.ZS:THA,1961-12-31,6.927398058226967
WDI:DT.ODA.ODAT.GI.ZS:THA,1962-12-31,6.740591183912913
WDI:DT.ODA.ODAT.GI.ZS:THA,1963-12-31,5.176155527639326
WDI:DT.ODA.ODAT.GI.ZS:THA,1964-12-31,4.420069441783893
WDI:DT.ODA.ODAT.GI.ZS:THA,1965-12-31,6.002069146330992
WDI:DT.ODA.ODAT.GI.ZS:THA,1966-12-31,3.854107345369158
WDI:DT.ODA.ODAT.GI.ZS:THA,1967-12-31,4.875873003531369
WDI:DT.ODA.ODAT.GI.ZS:THA,1968-12-31,4.598117865304378
WDI:DT.ODA.ODAT.GI.ZS:THA,1969-12-31,4.190453700150544
WDI:DT.ODA.ODAT.GI.ZS:THA,1970-12-31,4.078852814837681
WDI:DT.ODA.ODAT.GI.ZS:THA,1971-12-31,3.511848383964729
WDI:DT.ODA.ODAT.GI.ZS:THA,1972-12-31,3.0264742557721993
WDI:DT.ODA.ODAT.GI.ZS:THA,1973-12-31,2.077594954402447
WDI:DT.ODA.ODAT.GI.ZS:THA,1974-12-31,1.9414775916304403
WDI:DT.ODA.ODAT.GI.ZS:THA,1975-12-31,2.1227254501501416
WDI:DT.ODA.ODAT.GI.ZS:THA,1976-12-31,4.118607064705895
WDI:DT.ODA.ODAT.GI.ZS:THA,1977-12-31,2.464072152643375
WDI:DT.ODA.ODAT.GI.ZS:THA,1978-12-31,3.7830688896518145
WDI:DT.ODA.ODAT.GI.ZS:THA,1979-12-31,5.215591228794374
WDI:DT.ODA.ODAT.GI.ZS:THA,1980-12-31,4.411972208587968
WDI:DT.ODA.ODAT.GI.ZS:THA,1981-12-31,3.9128024191823254
WDI:DT.ODA.ODAT.GI.ZS:THA,1982-12-31,3.953375305315985
WDI:DT.ODA.ODAT.GI.ZS:THA,1983-12-31,3.4861460704362393
WDI:DT.ODA.ODAT.GI.ZS:THA,1984-12-31,3.66269576927474
WDI:DT.ODA.ODAT.GI.ZS:THA,1985-12-31,4.067680449321177
WDI:DT.ODA.ODAT.GI.ZS:THA,1986-12-31,4.052687725399517
WDI:DT.ODA.ODAT.GI.ZS:THA,1987-12-31,3.2598333192213453
WDI:DT.ODA.ODAT.GI.ZS:THA,1988-12-31,2.6282835744223405
WDI:DT.ODA.ODAT.GI.ZS:THA,1989-12-31,2.698344854138262
WDI:DT.ODA.ODAT.GI.ZS:THA,1990-12-31,2.249733739196522
WDI:DT.ODA.ODAT.GI.ZS:THA,1991-12-31,1.696015769545758
WDI:DT.ODA.ODAT.GI.ZS:THA,1992-12-31,1.658351611812157
WDI:DT.ODA.ODAT.GI.ZS:THA,1993-12-31,1.1384687743880013
WDI:DT.ODA.ODAT.GI.ZS:THA,1994-12-31,0.962885115770728
WDI:DT.ODA.ODAT.GI.ZS:THA,1995-12-31,1.1527132971455172
WDI:DT.ODA.ODAT.GI.ZS:THA,1996-12-31,1.068005209295638
WDI:DT.ODA.ODAT.GI.ZS:THA,1997-12-31,1.2139539652260807
WDI:DT.ODA.ODAT.GI.ZS:THA,1998-12-31,3.0672821967818047
WDI:DT.ODA.ODAT.GI.ZS:THA,1999-12-31,3.975750672741226
WDI:DT.ODA.ODAT.GI.ZS:THA,2000-12-31,2.487864303729298
WDI:DT.ODA.ODAT.GI.ZS:THA,2001-12-31,1.0227305062213334
WDI:DT.ODA.ODAT.GI.ZS:THA,2002-12-31,0.9749481316231443
WDI:DT.ODA.ODAT.GI.ZS:THA,2003-12-31,-2.5865422192019025
WDI:DT.ODA.ODAT.GI.ZS:THA,2004-12-31,0.11679113189738309
WDI:DT.ODA.ODAT.GI.ZS:THA,2005-12-31,-0.28577423199276053
WDI:DT.ODA.ODAT.GI.ZS:THA,2006-12-31,-0.3575425634662643
WDI:DT.ODA.ODAT.GI.ZS:THA,2007-12-31,-0.45827441192417145
WDI:DT.ODA.ODAT.GI.ZS:THA,2008-12-31,-0.7483695566201238
WDI:DT.ODA.ODAT.GI.ZS:THA,2009-12-31,-0.05338272056370213
WDI:DT.ODA.ODAT.GI.ZS:THA,2010-12-31,-0.02411762695978013
WDI:DT.ODA.ODAT.GI.ZS:THA,2011-12-31,-0.134999018568715
WDI:DT.ODA.ODAT.GI.ZS:THA,2012-12-31,-0.11791618878433355
WDI:DT.ODA.ODAT.GI.ZS:THA,2013-12-31,0.02494933656828253
WDI:DT.ODA.ODAT.GI.ZS:THA,2014-12-31,0.36385446564275575
WDI:DT.ODA.ODAT.GI.ZS:THA,2015-12-31,0.06539295578916257
WDI:DT.ODA.ODAT.GI.ZS:THA,2016-12-31,0.26108514546933365
WDI:DT.ODA.ODAT.GI.ZS:THA,2017-12-31,0.2390765908201756
WDI:DT.ODA.ODAT.GI.ZS:THA,2018-12-31,-0.3280778276049703
WDI:DT.ODA.ODAT.GI.ZS:THA,2019-12-31,-0.2706897736748911
WDI:DT.ODA.ODAT.GI.ZS:THA,2020-12-31,0.16783827705872245
WDI:DT.ODA.ODAT.GI.ZS:THA,2021-12-31,0.0922298268774082
WDI:DT.ODA.ODAT.GI.ZS:THA,2022-12-31,0.4022620933872596
WDI:DT.ODA.ODAT.GI.ZS:THA,2023-12-31,0.0733880450704864
WDI:DT.ODA.ODAT.GI.ZS:TJK,1993-12-31,4.026157982761793
WDI:DT.ODA.ODAT.GI.ZS:TJK,1994-12-31,13.51900130198361
WDI:DT.ODA.ODAT.GI.ZS:TJK,1995-12-31,18.43269375466308
WDI:DT.ODA.ODAT.GI.ZS:TJK,1996-12-31,44.27612600349669
WDI:DT.ODA.ODAT.GI.ZS:TJK,1997-12-31,47.36644988849433
WDI:DT.ODA.ODAT.GI.ZS:TJK,1998-12-31,78.86424613809066
WDI:DT.ODA.ODAT.GI.ZS:TJK,1999-12-31,59.79378979277897
WDI:DT.ODA.ODAT.GI.ZS:TJK,2000-12-31,137.97175432357176
WDI:DT.ODA.ODAT.GI.ZS:TJK,2001-12-31,91.85307309573712
WDI:DT.ODA.ODAT.GI.ZS:TJK,2002-12-31,136.28307614763148
WDI:DT.ODA.ODAT.GI.ZS:TJK,2003-12-31,93.80547014609
WDI:DT.ODA.ODAT.GI.ZS:TJK,2004-12-31,93.6198437510238
WDI:DT.ODA.ODAT.GI.ZS:TJK,2005-12-31,84.04660739328963
WDI:DT.ODA.ODAT.GI.ZS:TJK,2006-12-31,45.765831871874795
WDI:DT.ODA.ODAT.GI.ZS:TJK,2007-12-31,21.43856166227362
WDI:DT.ODA.ODAT.GI.ZS:TJK,2008-12-31,17.114367628051845
WDI:DT.ODA.ODAT.GI.ZS:TJK,2009-12-31,24.108311070821504
WDI:DT.ODA.ODAT.GI.ZS:TJK,2010-12-31,24.085544670114974
WDI:DT.ODA.ODAT.GI.ZS:TJK,2011-12-31,14.80780260215914
WDI:DT.ODA.ODAT.GI.ZS:TJK,2012-12-31,22.19754817518624
WDI:DT.ODA.ODAT.GI.ZS:TJK,2013-12-31,18.56127021839905
WDI:DT.ODA.ODAT.GI.ZS:TJK,2014-12-31,14.752683445602194
WDI:DT.ODA.ODAT.GI.ZS:TJK,2015-12-31,11.693696019564698
WDI:DT.ODA.ODAT.GI.ZS:TJK,2016-12-31,12.695819983003394
WDI:DT.ODA.ODAT.GI.ZS:TJK,2017-12-31,14.550010531886217
WDI:DT.ODA.ODAT.GI.ZS:TJK,2018-12-31,13.953638903956033
WDI:DT.ODA.ODAT.GI.ZS:TJK,2019-12-31,12.32274314045053
WDI:DT.ODA.ODAT.GI.ZS:TJK,2020-12-31,26.275359863348562
WDI:DT.ODA.ODAT.GI.ZS:TJK,2021-12-31,17.887065891208607
WDI:DT.ODA.ODAT.GI.ZS:TJK,2022-12-31,15.649472501691614
WDI:DT.ODA.ODAT.GI.ZS:TJK,2023-12-31,13.6965077790531
WDI:DT.ODA.ODAT.GI.ZS:TKM,1993-12-31,2.648288698445016
WDI:DT.ODA.ODAT.GI.ZS:TKM,1996-12-31,2.010885275135035
WDI:DT.ODA.ODAT.GI.ZS:TKM,1997-12-31,2.1965023842774523
WDI:DT.ODA.ODAT.GI.ZS:TKM,1998-12-31,2.3220366723743813
WDI:DT.ODA.ODAT.GI.ZS:TKM,1999-12-31,2.6071716968786687
WDI:DT.ODA.ODAT.GI.ZS:TKM,2000-12-31,3.5215865737363723
WDI:DT.ODA.ODAT.GI.ZS:TKM,2001-12-31,6.684171379494379
WDI:DT.ODA.ODAT.GI.ZS:TKM,2002-12-31,3.587359465554543
WDI:DT.ODA.ODAT.GI.ZS:TKM,2003-12-31,1.898349701794251
WDI:DT.ODA.ODAT.GI.ZS:TKM,2004-12-31,3.427916433745665
WDI:DT.ODA.ODAT.GI.ZS:TKM,2005-12-31,1.56406600989816
WDI:DT.ODA.ODAT.GI.ZS:TKM,2006-12-31,2.051061014773147
WDI:DT.ODA.ODAT.GI.ZS:TKM,2007-12-31,1.221197049449705
WDI:DT.ODA.ODAT.GI.ZS:TKM,2008-12-31,0.29664709169819325
WDI:DT.ODA.ODAT.GI.ZS:TKM,2009-12-31,0.4313991621092318
WDI:DT.ODA.ODAT.GI.ZS:TKM,2010-12-31,0.3710206564279963
WDI:DT.ODA.ODAT.GI.ZS:TKM,2011-12-31,0.2688896355175133
WDI:DT.ODA.ODAT.GI.ZS:TKM,2012-12-31,0.2268930592299151
WDI:DT.ODA.ODAT.GI.ZS:TLA,1970-12-31,1.8814803296632137
WDI:DT.ODA.ODAT.GI.ZS:TLA,1971-12-31,1.4719736579533238
WDI:DT.ODA.ODAT.GI.ZS:TLA,1972-12-31,1.3759555425613843
WDI:DT.ODA.ODAT.GI.ZS:TLA,1973-12-31,1.071562555209136
WDI:DT.ODA.ODAT.GI.ZS:TLA,1974-12-31,0.835935710438174
WDI:DT.ODA.ODAT.GI.ZS:TLA,1975-12-31,0.9062472717248393
WDI:DT.ODA.ODAT.GI.ZS:TLA,1976-12-31,0.8155684057990057
WDI:DT.ODA.ODAT.GI.ZS:TLA,1977-12-31,0.6940355253669679
WDI:DT.ODA.ODAT.GI.ZS:TLA,1978-12-31,0.7427011170585948
WDI:DT.ODA.ODAT.GI.ZS:TLA,1979-12-31,0.8651798555527591
WDI:DT.ODA.ODAT.GI.ZS:TLA,1980-12-31,0.85555455784086
WDI:DT.ODA.ODAT.GI.ZS:TLA,1981-12-31,0.846546357189564
WDI:DT.ODA.ODAT.GI.ZS:TLA,1982-12-31,1.1133604230012977
WDI:DT.ODA.ODAT.GI.ZS:TLA,1983-12-31,1.6774171451603284
WDI:DT.ODA.ODAT.GI.ZS:TLA,1984-12-31,1.7333543844850043
WDI:DT.ODA.ODAT.GI.ZS:TLA,1985-12-31,1.950453517223551
WDI:DT.ODA.ODAT.GI.ZS:TLA,1986-12-31,2.185577535618444
WDI:DT.ODA.ODAT.GI.ZS:TLA,1987-12-31,2.1912050378589742
WDI:DT.ODA.ODAT.GI.ZS:TLA,1988-12-31,1.8868313064641853
WDI:DT.ODA.ODAT.GI.ZS:TLA,1989-12-31,1.8405482440769942
WDI:DT.ODA.ODAT.GI.ZS:TLA,1990-12-31,2.165599353224083
WDI:DT.ODA.ODAT.GI.ZS:TLA,1991-12-31,2.3182088873532134
WDI:DT.ODA.ODAT.GI.ZS:TLA,1992-12-31,1.8555816829663785
WDI:DT.ODA.ODAT.GI.ZS:TLA,1993-12-31,1.4635200827769013
WDI:DT.ODA.ODAT.GI.ZS:TLA,1994-12-31,1.265807103979245
WDI:DT.ODA.ODAT.GI.ZS:TLA,1995-12-31,1.5162390178496914
WDI:DT.ODA.ODAT.GI.ZS:TLA,1996-12-31,1.3129268808773358
WDI:DT.ODA.ODAT.GI.ZS:TLA,1997-12-31,0.9229915067105521
WDI:DT.ODA.ODAT.GI.ZS:TLA,1998-12-31,0.8464600373658479
WDI:DT.ODA.ODAT.GI.ZS:TLA,1999-12-31,1.117135957571571
WDI:DT.ODA.ODAT.GI.ZS:TLA,2000-12-31,0.7950713261234492
WDI:DT.ODA.ODAT.GI.ZS:TLA,2001-12-31,1.147324664699596
WDI:DT.ODA.ODAT.GI.ZS:TLA,2002-12-31,1.1671105490164149
WDI:DT.ODA.ODAT.GI.ZS:TLA,2003-12-31,1.3652335521512466
WDI:DT.ODA.ODAT.GI.ZS:TLA,2004-12-31,1.1759255716034533
WDI:DT.ODA.ODAT.GI.ZS:TLA,2005-12-31,0.9804679866614048
WDI:DT.ODA.ODAT.GI.ZS:TLA,2006-12-31,0.9017728883317947
WDI:DT.ODA.ODAT.GI.ZS:TLA,2007-12-31,0.6469070723383897
WDI:DT.ODA.ODAT.GI.ZS:TLA,2008-12-31,0.6634776762012514
WDI:DT.ODA.ODAT.GI.ZS:TLA,2009-12-31,0.814194561371036
WDI:DT.ODA.ODAT.GI.ZS:TLA,2010-12-31,0.7031949320760886
WDI:DT.ODA.ODAT.GI.ZS:TLA,2011-12-31,0.6238906043757835
WDI:DT.ODA.ODAT.GI.ZS:TLA,2012-12-31,0.5724682808215242
WDI:DT.ODA.ODAT.GI.ZS:TLA,2013-12-31,0.5582386635772384
WDI:DT.ODA.ODAT.GI.ZS:TLA,2014-12-31,0.5854193947100993
WDI:DT.ODA.ODAT.GI.ZS:TLA,2015-12-31,0.712731567065005
WDI:DT.ODA.ODAT.GI.ZS:TLA,2016-12-31,0.7369970911487032
WDI:DT.ODA.ODAT.GI.ZS:TLA,2017-12-31,0.6196296315897466
WDI:DT.ODA.ODAT.GI.ZS:TLA,2018-12-31,0.7859973239091699
WDI:DT.ODA.ODAT.GI.ZS:TLA,2019-12-31,0.6853086132951184
WDI:DT.ODA.ODAT.GI.ZS:TLA,2020-12-31,1.2517757689176319
WDI:DT.ODA.ODAT.GI.ZS:TLA,2021-12-31,0.9157236277936998
WDI:DT.ODA.ODAT.GI.ZS:TLS,2000-12-31,187.97234647504126
WDI:DT.ODA.ODAT.GI.ZS:TLS,2001-12-31,134.64343728269637
WDI:DT.ODA.ODAT.GI.ZS:TLS,2002-12-31,167.18502840091696
WDI:DT.ODA.ODAT.GI.ZS:TLS,2003-12-31,160.01567187046206
WDI:DT.ODA.ODAT.GI.ZS:TLS,2004-12-31,214.01223002030162
WDI:DT.ODA.ODAT.GI.ZS:TLS,2005-12-31,252.9210970286275
WDI:DT.ODA.ODAT.GI.ZS:TLS,2006-12-31,379.7118533739257
WDI:DT.ODA.ODAT.GI.ZS:TLS,2007-12-31,276.3525592122131
WDI:DT.ODA.ODAT.GI.ZS:TLS,2008-12-31,133.5626967297545
WDI:DT.ODA.ODAT.GI.ZS:TLS,2009-12-31,59.794116748590255
WDI:DT.ODA.ODAT.GI.ZS:TLS,2010-12-31,75.72218599647739
WDI:DT.ODA.ODAT.GI.ZS:TLS,2011-12-31,37.60141578539692
WDI:DT.ODA.ODAT.GI.ZS:TLS,2012-12-31,40.71401062885554
WDI:DT.ODA.ODAT.GI.ZS:TLS,2013-12-31,44.33157925612438
WDI:DT.ODA.ODAT.GI.ZS:TLS,2014-12-31,39.95349284945818
WDI:DT.ODA.ODAT.GI.ZS:TLS,2015-12-31,36.12772076638489
WDI:DT.ODA.ODAT.GI.ZS:TLS,2016-12-31,34.22026174209981
WDI:DT.ODA.ODAT.GI.ZS:TLS,2017-12-31,41.07159092097105
WDI:DT.ODA.ODAT.GI.ZS:TLS,2018-12-31,37.14891831917095
WDI:DT.ODA.ODAT.GI.ZS:TLS,2019-12-31,42.39455826817945
WDI:DT.ODA.ODAT.GI.ZS:TLS,2020-12-31,70.5669166565122
WDI:DT.ODA.ODAT.GI.ZS:TLS,2021-12-31,49.14769912111807
WDI:DT.ODA.ODAT.GI.ZS:TLS,2022-12-31,66.00222400298748
WDI:DT.ODA.ODAT.GI.ZS:TLS,2023-12-31,61.0016458784224
WDI:DT.ODA.ODAT.GI.ZS:TMN,1970-12-31,5.921299164453783
WDI:DT.ODA.ODAT.GI.ZS:TMN,1971-12-31,5.5451663831210025
WDI:DT.ODA.ODAT.GI.ZS:TMN,1972-12-31,5.086445712467655
WDI:DT.ODA.ODAT.GI.ZS:TMN,1973-12-31,10.300767176991275
WDI:DT.ODA.ODAT.GI.ZS:TMN,1974-12-31,10.726755836396716
WDI:DT.ODA.ODAT.GI.ZS:TMN,1975-12-31,11.119602031629736
WDI:DT.ODA.ODAT.GI.ZS:TMN,1976-12-31,8.578217187122112
WDI:DT.ODA.ODAT.GI.ZS:TMN,1977-12-31,8.33882487800133
WDI:DT.ODA.ODAT.GI.ZS:TMN,1978-12-31,9.14365300406192
WDI:DT.ODA.ODAT.GI.ZS:TMN,1979-12-31,9.537167555997407
WDI:DT.ODA.ODAT.GI.ZS:TMN,1980-12-31,7.131080198256963
WDI:DT.ODA.ODAT.GI.ZS:TMN,1981-12-31,6.508591994435665
WDI:DT.ODA.ODAT.GI.ZS:TMN,1982-12-31,5.37666754702439
WDI:DT.ODA.ODAT.GI.ZS:TMN,1983-12-31,4.144657427762439
WDI:DT.ODA.ODAT.GI.ZS:TMN,1984-12-31,3.9844081830460087
WDI:DT.ODA.ODAT.GI.ZS:TMN,1985-12-31,4.4879687392608245
WDI:DT.ODA.ODAT.GI.ZS:TMN,1986-12-31,4.002663291105347
WDI:DT.ODA.ODAT.GI.ZS:TMN,1987-12-31,5.6014744553537295
WDI:DT.ODA.ODAT.GI.ZS:TMN,1988-12-31,4.458920067443837
WDI:DT.ODA.ODAT.GI.ZS:TMN,1989-12-31,4.761639967616434
WDI:DT.ODA.ODAT.GI.ZS:TMN,1990-12-31,5.979541380111303
WDI:DT.ODA.ODAT.GI.ZS:TMN,1991-12-31,9.40888076683131
WDI:DT.ODA.ODAT.GI.ZS:TMN,1992-12-31,6.318116015805497
WDI:DT.ODA.ODAT.GI.ZS:TMN,1993-12-31,6.7503060750034845
WDI:DT.ODA.ODAT.GI.ZS:TMN,1994-12-31,7.459930257072907
WDI:DT.ODA.ODAT.GI.ZS:TMN,1995-12-31,4.868085432758202
WDI:DT.ODA.ODAT.GI.ZS:TMN,1996-12-31,4.345870629736093
WDI:DT.ODA.ODAT.GI.ZS:TMN,1997-12-31,4.509057913471069
WDI:DT.ODA.ODAT.GI.ZS:TMN,1998-12-31,4.28364789917574
WDI:DT.ODA.ODAT.GI.ZS:TMN,1999-12-31,3.5519972053720408
WDI:DT.ODA.ODAT.GI.ZS:TMN,2000-12-31,2.8978534969011642
WDI:DT.ODA.ODAT.GI.ZS:TMN,2001-12-31,2.719889282268403
WDI:DT.ODA.ODAT.GI.ZS:TMN,2002-12-31,2.5408576110436747
WDI:DT.ODA.ODAT.GI.ZS:TMN,2003-12-31,4.365677429825126
WDI:DT.ODA.ODAT.GI.ZS:TMN,2004-12-31,4.55695647644535
WDI:DT.ODA.ODAT.GI.ZS:TMN,2005-12-31,12.048675084244376
WDI:DT.ODA.ODAT.GI.ZS:TMN,2006-12-31,5.2269051304055045
WDI:DT.ODA.ODAT.GI.ZS:TMN,2007-12-31,4.479136962626585
WDI:DT.ODA.ODAT.GI.ZS:TMN,2008-12-31,3.9167633441872796
WDI:DT.ODA.ODAT.GI.ZS:TMN,2009-12-31,1.9653033282015815
WDI:DT.ODA.ODAT.GI.ZS:TMN,2010-12-31,1.5199203835329744
WDI:DT.ODA.ODAT.GI.ZS:TMN,2011-12-31,1.605315596724952
WDI:DT.ODA.ODAT.GI.ZS:TMN,2012-12-31,1.9567855975503163
WDI:DT.ODA.ODAT.GI.ZS:TMN,2013-12-31,3.3944634645142755
WDI:DT.ODA.ODAT.GI.ZS:TMN,2014-12-31,3.4941160459959084
WDI:DT.ODA.ODAT.GI.ZS:TMN,2015-12-31,3.7496075357504424
WDI:DT.ODA.ODAT.GI.ZS:TMN,2016-12-31,4.961985915401776
WDI:DT.ODA.ODAT.GI.ZS:TMN,2017-12-31,5.071574867373336
WDI:DT.ODA.ODAT.GI.ZS:TMN,2018-12-31,5.884840566643169
WDI:DT.ODA.ODAT.GI.ZS:TMN,2019-12-31,5.093357064722926
WDI:DT.ODA.ODAT.GI.ZS:TMN,2020-12-31,5.8210344271897325
WDI:DT.ODA.ODAT.GI.ZS:TMN,2021-12-31,6.435061606423548
WDI:DT.ODA.ODAT.GI.ZS:TON,1975-12-31,36.122420492208114
WDI:DT.ODA.ODAT.GI.ZS:TON,1976-12-31,69.73762837897144
WDI:DT.ODA.ODAT.GI.ZS:TON,1977-12-31,93.97677812229381
WDI:DT.ODA.ODAT.GI.ZS:TON,1978-12-31,70.84494385911067
WDI:DT.ODA.ODAT.GI.ZS:TON,1979-12-31,162.9157561667759
WDI:DT.ODA.ODAT.GI.ZS:TON,1980-12-31,94.14193862565523
WDI:DT.ODA.ODAT.GI.ZS:TON,1981-12-31,93.80833301588245
WDI:DT.ODA.ODAT.GI.ZS:TON,1982-12-31,88.75474066880588
WDI:DT.ODA.ODAT.GI.ZS:TON,1983-12-31,96.07384157483826
WDI:DT.ODA.ODAT.GI.ZS:TON,1984-12-31,94.99626024983549
WDI:DT.ODA.ODAT.GI.ZS:TON,1985-12-31,80.33532985688919
WDI:DT.ODA.ODAT.GI.ZS:TON,1986-12-31,85.07250497583168
WDI:DT.ODA.ODAT.GI.ZS:TON,1987-12-31,113.53590549147019
WDI:DT.ODA.ODAT.GI.ZS:TON,1988-12-31,69.8505369246157
WDI:DT.ODA.ODAT.GI.ZS:TON,1989-12-31,104.90949211668496
WDI:DT.ODA.ODAT.GI.ZS:TON,1990-12-31,129.2752609160416
WDI:DT.ODA.ODAT.GI.ZS:TON,1991-12-31,77.1877170578834
WDI:DT.ODA.ODAT.GI.ZS:TON,1992-12-31,90.78613411716314
WDI:DT.ODA.ODAT.GI.ZS:TON,1993-12-31,113.41776270354889
WDI:DT.ODA.ODAT.GI.ZS:TON,1994-12-31,73.47108494635371
WDI:DT.ODA.ODAT.GI.ZS:TON,1995-12-31,59.05975961585236
WDI:DT.ODA.ODAT.GI.ZS:TON,1996-12-31,50.96399945825575
WDI:DT.ODA.ODAT.GI.ZS:TON,1997-12-31,68.81241799210198
WDI:DT.ODA.ODAT.GI.ZS:TON,1998-12-31,51.285426252713876
WDI:DT.ODA.ODAT.GI.ZS:TON,1999-12-31,50.241642826837754
WDI:DT.ODA.ODAT.GI.ZS:TON,2000-12-31,39.56295992334082
WDI:DT.ODA.ODAT.GI.ZS:TON,2001-12-31,48.51358269168396
WDI:DT.ODA.ODAT.GI.ZS:TON,2002-12-31,40.59711465544626
WDI:DT.ODA.ODAT.GI.ZS:TON,2003-12-31,53.83961522500098
WDI:DT.ODA.ODAT.GI.ZS:TON,2004-12-31,43.96823857638502
WDI:DT.ODA.ODAT.GI.ZS:TON,2005-12-31,57.13514755328566
WDI:DT.ODA.ODAT.GI.ZS:TON,2006-12-31,37.055163319660686
WDI:DT.ODA.ODAT.GI.ZS:TON,2007-12-31,52.21452181001146
WDI:DT.ODA.ODAT.GI.ZS:TON,2008-12-31,36.56779438413545
WDI:DT.ODA.ODAT.GI.ZS:TON,2009-12-31,47.82897068465235
WDI:DT.ODA.ODAT.GI.ZS:TON,2010-12-31,55.214290025215675
WDI:DT.ODA.ODAT.GI.ZS:TON,2011-12-31,60.65594455175957
WDI:DT.ODA.ODAT.GI.ZS:TON,2012-12-31,45.55770339399198
WDI:DT.ODA.ODAT.GI.ZS:TON,2013-12-31,76.43315086719757
WDI:DT.ODA.ODAT.GI.ZS:TON,2014-12-31,80.61045220933671
WDI:DT.ODA.ODAT.GI.ZS:TON,2015-12-31,61.63835977797768
WDI:DT.ODA.ODAT.GI.ZS:TON,2016-12-31,79.50349497003488
WDI:DT.ODA.ODAT.GI.ZS:TON,2017-12-31,67.96330365317174
WDI:DT.ODA.ODAT.GI.ZS:TON,2018-12-31,80.53767342352491
WDI:DT.ODA.ODAT.GI.ZS:TON,2019-12-31,77.29800352887251
WDI:DT.ODA.ODAT.GI.ZS:TON,2020-12-31,130.92955239357045
WDI:DT.ODA.ODAT.GI.ZS:TON,2021-12-31,65.70235788990128
WDI:DT.ODA.ODAT.GI.ZS:TON,2022-12-31,194.01829921313666
WDI:DT.ODA.ODAT.GI.ZS:TON,2023-12-31,84.515145498355
WDI:DT.ODA.ODAT.GI.ZS:TSA,1970-12-31,10.220194464924589
WDI:DT.ODA.ODAT.GI.ZS:TSA,1971-12-31,10.844804118912567
WDI:DT.ODA.ODAT.GI.ZS:TSA,1972-12-31,8.484011250585487
WDI:DT.ODA.ODAT.GI.ZS:TSA,1973-12-31,9.257645908906365
WDI:DT.ODA.ODAT.GI.ZS:TSA,1974-12-31,9.720826066706486
WDI:DT.ODA.ODAT.GI.ZS:TSA,1975-12-31,16.760102426470986
WDI:DT.ODA.ODAT.GI.ZS:TSA,1976-12-31,15.83999426282092
WDI:DT.ODA.ODAT.GI.ZS:TSA,1977-12-31,9.543521943901728
WDI:DT.ODA.ODAT.GI.ZS:TSA,1978-12-31,9.273568865146053
WDI:DT.ODA.ODAT.GI.ZS:TSA,1979-12-31,9.360614407546167
WDI:DT.ODA.ODAT.GI.ZS:TSA,1980-12-31,12.38462979000162
WDI:DT.ODA.ODAT.GI.ZS:TSA,1981-12-31,7.89199803763094
WDI:DT.ODA.ODAT.GI.ZS:TSA,1982-12-31,7.762591855710532
WDI:DT.ODA.ODAT.GI.ZS:TSA,1983-12-31,7.958534602105958
WDI:DT.ODA.ODAT.GI.ZS:TSA,1984-12-31,7.188974515367769
WDI:DT.ODA.ODAT.GI.ZS:TSA,1985-12-31,5.702588010780047
WDI:DT.ODA.ODAT.GI.ZS:TSA,1986-12-31,6.803205635471929
WDI:DT.ODA.ODAT.GI.ZS:TSA,1987-12-31,6.053558253569925
WDI:DT.ODA.ODAT.GI.ZS:TSA,1988-12-31,6.450245906070569
WDI:DT.ODA.ODAT.GI.ZS:TSA,1989-12-31,6.347408245601923
WDI:DT.ODA.ODAT.GI.ZS:TSA,1990-12-31,5.376821546700701
WDI:DT.ODA.ODAT.GI.ZS:TSA,1991-12-31,9.252136082259655
WDI:DT.ODA.ODAT.GI.ZS:TSA,1992-12-31,6.646194498982029
WDI:DT.ODA.ODAT.GI.ZS:TSA,1993-12-31,6.188131238254529
WDI:DT.ODA.ODAT.GI.ZS:TSA,1994-12-31,6.2015648924347
WDI:DT.ODA.ODAT.GI.ZS:TSA,1995-12-31,3.7284841160502666
WDI:DT.ODA.ODAT.GI.ZS:TSA,1996-12-31,4.233101727979268
WDI:DT.ODA.ODAT.GI.ZS:TSA,1997-12-31,3.257475585716093
WDI:DT.ODA.ODAT.GI.ZS:TSA,1998-12-31,3.4488957446100263
WDI:DT.ODA.ODAT.GI.ZS:TSA,1999-12-31,2.350581385798267
WDI:DT.ODA.ODAT.GI.ZS:TSA,2000-12-31,2.5616182020930496
WDI:DT.ODA.ODAT.GI.ZS:TSA,2001-12-31,3.315375591992157
WDI:DT.ODA.ODAT.GI.ZS:TSA,2002-12-31,3.5802195912820745
WDI:DT.ODA.ODAT.GI.ZS:TSA,2003-12-31,2.6661599077859757
WDI:DT.ODA.ODAT.GI.ZS:TSA,2004-12-31,2.4162354159035555
WDI:DT.ODA.ODAT.GI.ZS:TSA,2005-12-31,2.640204279035348
WDI:DT.ODA.ODAT.GI.ZS:TSA,2006-12-31,2.1314482841207782
WDI:DT.ODA.ODAT.GI.ZS:TSA,2007-12-31,1.9464895985519093
WDI:DT.ODA.ODAT.GI.ZS:TSA,2008-12-31,2.1575656262984153
WDI:DT.ODA.ODAT.GI.ZS:TSA,2009-12-31,2.3457307644072722
WDI:DT.ODA.ODAT.GI.ZS:TSA,2010-12-31,2.0249895041412174
WDI:DT.ODA.ODAT.GI.ZS:TSA,2011-12-31,2.099121894851347
WDI:DT.ODA.ODAT.GI.ZS:TSA,2012-12-31,1.8028748833102495
WDI:DT.ODA.ODAT.GI.ZS:TSA,2013-12-31,1.954087927924932
WDI:DT.ODA.ODAT.GI.ZS:TSA,2014-12-31,1.9692644818148923
WDI:DT.ODA.ODAT.GI.ZS:TSA,2015-12-31,2.0220387258978767
WDI:DT.ODA.ODAT.GI.ZS:TSA,2016-12-31,1.6883265180991667
WDI:DT.ODA.ODAT.GI.ZS:TSA,2017-12-31,1.546100222938506
WDI:DT.ODA.ODAT.GI.ZS:TSA,2018-12-31,1.1782381985339887
WDI:DT.ODA.ODAT.GI.ZS:TSA,2019-12-31,1.463635558305028
WDI:DT.ODA.ODAT.GI.ZS:TSA,2020-12-31,1.76800676765899
WDI:DT.ODA.ODAT.GI.ZS:TSA,2021-12-31,1.4630635485858638
WDI:DT.ODA.ODAT.GI.ZS:TSS,1990-12-31,19.453212267128478
WDI:DT.ODA.ODAT.GI.ZS:TSS,1991-12-31,18.51541768781845
WDI:DT.ODA.ODAT.GI.ZS:TSS,1992-12-31,22.30180822328025
WDI:DT.ODA.ODAT.GI.ZS:TSS,1993-12-31,21.623588486723825
WDI:DT.ODA.ODAT.GI.ZS:TSS,1994-12-31,21.10217074914096
WDI:DT.ODA.ODAT.GI.ZS:TSS,1995-12-31,18.343886629274163
WDI:DT.ODA.ODAT.GI.ZS:TSS,1996-12-31,15.476350352281298
WDI:DT.ODA.ODAT.GI.ZS:TSS,1997-12-31,13.778789873015294
WDI:DT.ODA.ODAT.GI.ZS:TSS,1998-12-31,13.400226582523963
WDI:DT.ODA.ODAT.GI.ZS:TSS,1999-12-31,13.038573449049728
WDI:DT.ODA.ODAT.GI.ZS:TSS,2000-12-31,12.277351448464312
WDI:DT.ODA.ODAT.GI.ZS:TSS,2001-12-31,14.526581420972546
WDI:DT.ODA.ODAT.GI.ZS:TSS,2002-12-31,19.15158385187456
WDI:DT.ODA.ODAT.GI.ZS:TSS,2003-12-31,18.3754748424611
WDI:DT.ODA.ODAT.GI.ZS:TSS,2004-12-31,15.03341143744556
WDI:DT.ODA.ODAT.GI.ZS:TSS,2005-12-31,16.45682916105202
WDI:DT.ODA.ODAT.GI.ZS:TSS,2006-12-31,17.862526238966296
WDI:DT.ODA.ODAT.GI.ZS:TSS,2007-12-31,12.499825043318353
WDI:DT.ODA.ODAT.GI.ZS:TSS,2008-12-31,11.258969047255471
WDI:DT.ODA.ODAT.GI.ZS:TSS,2009-12-31,12.541081703684497
WDI:DT.ODA.ODAT.GI.ZS:TSS,2010-12-31,11.63067629647652
WDI:DT.ODA.ODAT.GI.ZS:TSS,2011-12-31,10.708379832092993
WDI:DT.ODA.ODAT.GI.ZS:TSS,2012-12-31,9.86592186541237
WDI:DT.ODA.ODAT.GI.ZS:TSS,2013-12-31,9.604429530233356
WDI:DT.ODA.ODAT.GI.ZS:TSS,2014-12-31,8.594641276144205
WDI:DT.ODA.ODAT.GI.ZS:TSS,2015-12-31,9.715048594567579
WDI:DT.ODA.ODAT.GI.ZS:TSS,2016-12-31,10.49345039386794
WDI:DT.ODA.ODAT.GI.ZS:TSS,2017-12-31,10.680176650686839
WDI:DT.ODA.ODAT.GI.ZS:TSS,2018-12-31,10.223151910390923
WDI:DT.ODA.ODAT.GI.ZS:TSS,2019-12-31,10.712771334979204
WDI:DT.ODA.ODAT.GI.ZS:TSS,2020-12-31,15.777474155338759
WDI:DT.ODA.ODAT.GI.ZS:TSS,2021-12-31,12.224033113355404
WDI:DT.ODA.ODAT.GI.ZS:TTO,2000-12-31,-0.11397454346692701
WDI:DT.ODA.ODAT.GI.ZS:TTO,2001-12-31,-0.26215295824200957
WDI:DT.ODA.ODAT.GI.ZS:TTO,2002-12-31,-0.4626764339372528
WDI:DT.ODA.ODAT.GI.ZS:TTO,2003-12-31,-0.11026600391816625
WDI:DT.ODA.ODAT.GI.ZS:TTO,2004-12-31,-0.06884936230696828
WDI:DT.ODA.ODAT.GI.ZS:TTO,2005-12-31,-0.13269298617909878
WDI:DT.ODA.ODAT.GI.ZS:TTO,2006-12-31,0.373324393466279
WDI:DT.ODA.ODAT.GI.ZS:TTO,2007-12-31,0.3568317123089488
WDI:DT.ODA.ODAT.GI.ZS:TTO,2008-12-31,0.1446392700505448
WDI:DT.ODA.ODAT.GI.ZS:TTO,2009-12-31,0.11120460742684267
WDI:DT.ODA.ODAT.GI.ZS:TTO,2010-12-31,0.08463649723706099
WDI:DT.ODA.ODAT.GI.ZS:TUN,1965-12-31,32.87396628009386
WDI:DT.ODA.ODAT.GI.ZS:TUN,1966-12-31,31.469607870761624
WDI:DT.ODA.ODAT.GI.ZS:TUN,1967-12-31,32.72841102897623
WDI:DT.ODA.ODAT.GI.ZS:TUN,1968-12-31,25.80471978141901
WDI:DT.ODA.ODAT.GI.ZS:TUN,1969-12-31,39.97253405420418
WDI:DT.ODA.ODAT.GI.ZS:TUN,1970-12-31,37.07524981158544
WDI:DT.ODA.ODAT.GI.ZS:TUN,1971-12-31,29.353405310960817
WDI:DT.ODA.ODAT.GI.ZS:TUN,1972-12-31,22.29994116372332
WDI:DT.ODA.ODAT.GI.ZS:TUN,1973-12-31,23.065602044677767
WDI:DT.ODA.ODAT.GI.ZS:TUN,1974-12-31,19.03957476481138
WDI:DT.ODA.ODAT.GI.ZS:TUN,1975-12-31,17.666274197308887
WDI:DT.ODA.ODAT.GI.ZS:TUN,1976-12-31,15.76323350686866
WDI:DT.ODA.ODAT.GI.ZS:TUN,1977-12-31,15.832310796941387
WDI:DT.ODA.ODAT.GI.ZS:TUN,1978-12-31,16.913755955497383
WDI:DT.ODA.ODAT.GI.ZS:TUN,1979-12-31,9.919299125578243
WDI:DT.ODA.ODAT.GI.ZS:TUN,1980-12-31,9.36703706301881
WDI:DT.ODA.ODAT.GI.ZS:TUN,1981-12-31,8.913061296276052
WDI:DT.ODA.ODAT.GI.ZS:TUN,1982-12-31,8.034319805260143
WDI:DT.ODA.ODAT.GI.ZS:TUN,1983-12-31,7.248856693954574
WDI:DT.ODA.ODAT.GI.ZS:TUN,1984-12-31,5.942671417958845
WDI:DT.ODA.ODAT.GI.ZS:TUN,1985-12-31,6.323862572251497
WDI:DT.ODA.ODAT.GI.ZS:TUN,1986-12-31,9.182171637437312
WDI:DT.ODA.ODAT.GI.ZS:TUN,1987-12-31,12.043924123603727
WDI:DT.ODA.ODAT.GI.ZS:TUN,1988-12-31,15.057003891705847
WDI:DT.ODA.ODAT.GI.ZS:TUN,1989-12-31,11.587173197683043
WDI:DT.ODA.ODAT.GI.ZS:TUN,1990-12-31,11.799262451138521
WDI:DT.ODA.ODAT.GI.ZS:TUN,1991-12-31,10.431630214601958
WDI:DT.ODA.ODAT.GI.ZS:TUN,1992-12-31,8.575991578560943
WDI:DT.ODA.ODAT.GI.ZS:TUN,1993-12-31,5.6936616909274225
WDI:DT.ODA.ODAT.GI.ZS:TUN,1994-12-31,2.74587649045738
WDI:DT.ODA.ODAT.GI.ZS:TUN,1995-12-31,1.6927009706780916
WDI:DT.ODA.ODAT.GI.ZS:TUN,1996-12-31,2.5892192976782953
WDI:DT.ODA.ODAT.GI.ZS:TUN,1997-12-31,3.8471996432867894
WDI:DT.ODA.ODAT.GI.ZS:TUN,1998-12-31,2.778684288414491
WDI:DT.ODA.ODAT.GI.ZS:TUN,1999-12-31,4.486508971180328
WDI:DT.ODA.ODAT.GI.ZS:TUN,2000-12-31,4.006889439696805
WDI:DT.ODA.ODAT.GI.ZS:TUN,2001-12-31,6.339650228716226
WDI:DT.ODA.ODAT.GI.ZS:TUN,2002-12-31,3.9444508823980007
WDI:DT.ODA.ODAT.GI.ZS:TUN,2003-12-31,4.711244545452871
WDI:DT.ODA.ODAT.GI.ZS:TUN,2004-12-31,4.592260231798276
WDI:DT.ODA.ODAT.GI.ZS:TUN,2005-12-31,5.264783903073661
WDI:DT.ODA.ODAT.GI.ZS:TUN,2006-12-31,5.419238607939627
WDI:DT.ODA.ODAT.GI.ZS:TUN,2007-12-31,3.5426711927991676
WDI:DT.ODA.ODAT.GI.ZS:TUN,2008-12-31,3.3080416913030453
WDI:DT.ODA.ODAT.GI.ZS:TUN,2009-12-31,4.6774272490575175
WDI:DT.ODA.ODAT.GI.ZS:TUN,2010-12-31,4.550118817300761
WDI:DT.ODA.ODAT.GI.ZS:TUN,2011-12-31,7.679030477292661
WDI:DT.ODA.ODAT.GI.ZS:TUN,2012-12-31,8.278484711774205
WDI:DT.ODA.ODAT.GI.ZS:TUN,2013-12-31,6.15015501226996
WDI:DT.ODA.ODAT.GI.ZS:TUN,2014-12-31,7.690991098732698
WDI:DT.ODA.ODAT.GI.ZS:TUN,2015-12-31,4.98257368445954
WDI:DT.ODA.ODAT.GI.ZS:TUN,2016-12-31,7.121380893388256
WDI:DT.ODA.ODAT.GI.ZS:TUN,2017-12-31,9.042508308845411
WDI:DT.ODA.ODAT.GI.ZS:TUN,2018-12-31,8.230682695009882
WDI:DT.ODA.ODAT.GI.ZS:TUN,2019-12-31,11.809111119137592
WDI:DT.ODA.ODAT.GI.ZS:TUN,2020-12-31,18.100558473565158
WDI:DT.ODA.ODAT.GI.ZS:TUN,2021-12-31,14.968532859836719
WDI:DT.ODA.ODAT.GI.ZS:TUN,2022-12-31,16.025391776679037
WDI:DT.ODA.ODAT.GI.ZS:TUN,2023-12-31,30.9825818516651
WDI:DT.ODA.ODAT.GI.ZS:TUR,1960-12-31,18.173382029813915
WDI:DT.ODA.ODAT.GI.ZS:TUR,1961-12-31,23.534999847412124
WDI:DT.ODA.ODAT.GI.ZS:TUR,1962-12-31,24.02686008187231
WDI:DT.ODA.ODAT.GI.ZS:TUR,1963-12-31,18.3855961790872
WDI:DT.ODA.ODAT.GI.ZS:TUR,1964-12-31,13.261091058904501
WDI:DT.ODA.ODAT.GI.ZS:TUR,1965-12-31,13.9728691226146
WDI:DT.ODA.ODAT.GI.ZS:TUR,1966-12-31,11.206932582738203
WDI:DT.ODA.ODAT.GI.ZS:TUR,1967-12-31,9.997584053639613
WDI:DT.ODA.ODAT.GI.ZS:TUR,1968-12-31,7.448673194053636
WDI:DT.ODA.ODAT.GI.ZS:TUR,1969-12-31,6.621153611403232
WDI:DT.ODA.ODAT.GI.ZS:TUR,1970-12-31,6.691349597125737
WDI:DT.ODA.ODAT.GI.ZS:TUR,1971-12-31,9.170720555760855
WDI:DT.ODA.ODAT.GI.ZS:TUR,1972-12-31,6.69781877180186
WDI:DT.ODA.ODAT.GI.ZS:TUR,1973-12-31,2.0619537732952646
WDI:DT.ODA.ODAT.GI.ZS:TUR,1974-12-31,0.7921758520562863
WDI:DT.ODA.ODAT.GI.ZS:TUR,1975-12-31,0.6789884108611403
WDI:DT.ODA.ODAT.GI.ZS:TUR,1976-12-31,1.2053078185706827
WDI:DT.ODA.ODAT.GI.ZS:TUR,1977-12-31,0.7669171041924641
WDI:DT.ODA.ODAT.GI.ZS:TUR,1978-12-31,1.7590317256462633
WDI:DT.ODA.ODAT.GI.ZS:TUR,1979-12-31,4.488959908219121
WDI:DT.ODA.ODAT.GI.ZS:TUR,1980-12-31,7.622637558505353
WDI:DT.ODA.ODAT.GI.ZS:TUR,1981-12-31,5.716275748285227
WDI:DT.ODA.ODAT.GI.ZS:TUR,1982-12-31,5.933687524596616
WDI:DT.ODA.ODAT.GI.ZS:TUR,1983-12-31,3.5356573657202897
WDI:DT.ODA.ODAT.GI.ZS:TUR,1984-12-31,2.479662801528625
WDI:DT.ODA.ODAT.GI.ZS:TUR,1985-12-31,1.62218661673112
WDI:DT.ODA.ODAT.GI.ZS:TUR,1986-12-31,2.383590184396062
WDI:DT.ODA.ODAT.GI.ZS:TUR,1987-12-31,1.6929978142995028
WDI:DT.ODA.ODAT.GI.ZS:TUR,1988-12-31,1.2332601576593711
WDI:DT.ODA.ODAT.GI.ZS:TUR,1989-12-31,0.576285500744011
WDI:DT.ODA.ODAT.GI.ZS:TUR,1990-12-31,3.525365036679936
WDI:DT.ODA.ODAT.GI.ZS:TUR,1991-12-31,4.693545270868621
WDI:DT.ODA.ODAT.GI.ZS:TUR,1992-12-31,0.9584753904710048
WDI:DT.ODA.ODAT.GI.ZS:TUR,1993-12-31,0.9324065796409409
WDI:DT.ODA.ODAT.GI.ZS:TUR,1994-12-31,0.7120709369802267
WDI:DT.ODA.ODAT.GI.ZS:TUR,1995-12-31,0.4875518804804465
WDI:DT.ODA.ODAT.GI.ZS:TUR,1996-12-31,0.3379197427607137
WDI:DT.ODA.ODAT.GI.ZS:TUR,1997-12-31,0.009480458343680626
WDI:DT.ODA.ODAT.GI.ZS:TUR,1998-12-31,0.040222637761248736
WDI:DT.ODA.ODAT.GI.ZS:TUR,1999-12-31,0.0225553127504021
WDI:DT.ODA.ODAT.GI.ZS:TUR,2000-12-31,0.4980542401118283
WDI:DT.ODA.ODAT.GI.ZS:TUR,2001-12-31,0.33601217675991507
WDI:DT.ODA.ODAT.GI.ZS:TUR,2002-12-31,0.5275724519334253
WDI:DT.ODA.ODAT.GI.ZS:TUR,2003-12-31,0.2325421986634832
WDI:DT.ODA.ODAT.GI.ZS:TUR,2004-12-31,0.2798450333408017
WDI:DT.ODA.ODAT.GI.ZS:TUR,2005-12-31,0.28497119011523114
WDI:DT.ODA.ODAT.GI.ZS:TUR,2006-12-31,0.337274127111599
WDI:DT.ODA.ODAT.GI.ZS:TUR,2007-12-31,0.39295477272936674
WDI:DT.ODA.ODAT.GI.ZS:TUR,2008-12-31,0.4848033568968678
WDI:DT.ODA.ODAT.GI.ZS:TUR,2009-12-31,0.8753321051626354
WDI:DT.ODA.ODAT.GI.ZS:TUR,2010-12-31,0.4660353333327859
WDI:DT.ODA.ODAT.GI.ZS:TUR,2011-12-31,1.218828028811577
WDI:DT.ODA.ODAT.GI.ZS:TUR,2012-12-31,1.1947952933092858
WDI:DT.ODA.ODAT.GI.ZS:TUR,2013-12-31,0.943670347062902
WDI:DT.ODA.ODAT.GI.ZS:TUR,2014-12-31,1.2106821977379916
WDI:DT.ODA.ODAT.GI.ZS:TUR,2015-12-31,0.8229860262275303
WDI:DT.ODA.ODAT.GI.ZS:TUR,2016-12-31,1.389421200854141
WDI:DT.ODA.ODAT.GI.ZS:TUR,2017-12-31,1.115151476395495
WDI:DT.ODA.ODAT.GI.ZS:TUR,2018-12-31,0.48402851938104885
WDI:DT.ODA.ODAT.GI.ZS:TUR,2019-12-31,0.3287073168090611
WDI:DT.ODA.ODAT.GI.ZS:TUR,2020-12-31,0.21691893175747848
WDI:DT.ODA.ODAT.GI.ZS:TUR,2021-12-31,0.3673361893077226
WDI:DT.ODA.ODAT.GI.ZS:TUR,2022-12-31,0.22418328777326366
WDI:DT.ODA.ODAT.GI.ZS:TUR,2023-12-31,0.392771298015865
WDI:DT.ODA.ODAT.GI.ZS:TZA,1990-12-31,104.59605118282091
WDI:DT.ODA.ODAT.GI.ZS:TZA,1991-12-31,82.20136414167013
WDI:DT.ODA.ODAT.GI.ZS:TZA,1992-12-31,106.46693570315566
WDI:DT.ODA.ODAT.GI.ZS:TZA,1993-12-31,88.28406998710506
WDI:DT.ODA.ODAT.GI.ZS:TZA,1994-12-31,86.65955351646457
WDI:DT.ODA.ODAT.GI.ZS:TZA,1995-12-31,83.75497629497326
WDI:DT.ODA.ODAT.GI.ZS:TZA,1996-12-31,80.23699289819618
WDI:DT.ODA.ODAT.GI.ZS:TZA,1997-12-31,82.44140031943404
WDI:DT.ODA.ODAT.GI.ZS:TZA,1998-12-31,39.11503264368849
WDI:DT.ODA.ODAT.GI.ZS:TZA,1999-12-31,42.85750925320967
WDI:DT.ODA.ODAT.GI.ZS:TZA,2000-12-31,45.57667083583863
WDI:DT.ODA.ODAT.GI.ZS:TZA,2001-12-31,51.31432310293738
WDI:DT.ODA.ODAT.GI.ZS:TZA,2002-12-31,49.31675548534848
WDI:DT.ODA.ODAT.GI.ZS:TZA,2003-12-31,54.848816867222915
WDI:DT.ODA.ODAT.GI.ZS:TZA,2004-12-31,43.44463011380326
WDI:DT.ODA.ODAT.GI.ZS:TZA,2005-12-31,29.61461544316073
WDI:DT.ODA.ODAT.GI.ZS:TZA,2006-12-31,33.431752949737614
WDI:DT.ODA.ODAT.GI.ZS:TZA,2007-12-31,39.56190485715593
WDI:DT.ODA.ODAT.GI.ZS:TZA,2008-12-31,22.249078284890032
WDI:DT.ODA.ODAT.GI.ZS:TZA,2009-12-31,30.960049300308746
WDI:DT.ODA.ODAT.GI.ZS:TZA,2010-12-31,22.006223715130357
WDI:DT.ODA.ODAT.GI.ZS:TZA,2011-12-31,20.28345081403557
WDI:DT.ODA.ODAT.GI.ZS:TZA,2012-12-31,20.426955569273005
WDI:DT.ODA.ODAT.GI.ZS:TZA,2013-12-31,20.07164771390729
WDI:DT.ODA.ODAT.GI.ZS:TZA,2014-12-31,14.082035008571447
WDI:DT.ODA.ODAT.GI.ZS:TZA,2015-12-31,16.6409755962267
WDI:DT.ODA.ODAT.GI.ZS:TZA,2016-12-31,14.473434941160768
WDI:DT.ODA.ODAT.GI.ZS:TZA,2017-12-31,15.000605686124407
WDI:DT.ODA.ODAT.GI.ZS:TZA,2018-12-31,11.223198710426106
WDI:DT.ODA.ODAT.GI.ZS:TZA,2019-12-31,8.773307814756084
WDI:DT.ODA.ODAT.GI.ZS:TZA,2020-12-31,8.89990961925475
WDI:DT.ODA.ODAT.GI.ZS:TZA,2021-12-31,9.342682898622181
WDI:DT.ODA.ODAT.GI.ZS:TZA,2022-12-31,8.503361551774875
WDI:DT.ODA.ODAT.GI.ZS:TZA,2023-12-31,9.43336666412954
WDI:DT.ODA.ODAT.GI.ZS:UGA,1960-12-31,44.40181577377814
WDI:DT.ODA.ODAT.GI.ZS:UGA,1961-12-31,47.216370200785484
WDI:DT.ODA.ODAT.GI.ZS:UGA,1962-12-31,57.456296756479084
WDI:DT.ODA.ODAT.GI.ZS:UGA,1963-12-31,29.629370627981782
WDI:DT.ODA.ODAT.GI.ZS:UGA,1964-12-31,31.575347606120197
WDI:DT.ODA.ODAT.GI.ZS:UGA,1965-12-31,20.241854365442837
WDI:DT.ODA.ODAT.GI.ZS:UGA,1966-12-31,22.162097296714823
WDI:DT.ODA.ODAT.GI.ZS:UGA,1967-12-31,16.574832199465874
WDI:DT.ODA.ODAT.GI.ZS:UGA,1968-12-31,16.362624236627955
WDI:DT.ODA.ODAT.GI.ZS:UGA,1969-12-31,16.789102564102564
WDI:DT.ODA.ODAT.GI.ZS:UGA,1970-12-31,18.65116753169468
WDI:DT.ODA.ODAT.GI.ZS:UGA,1971-12-31,13.917894578828385
WDI:DT.ODA.ODAT.GI.ZS:UGA,1972-12-31,23.520056699937395
WDI:DT.ODA.ODAT.GI.ZS:UGA,1973-12-31,14.92596530898114
WDI:DT.ODA.ODAT.GI.ZS:UGA,1974-12-31,7.19037572024161
WDI:DT.ODA.ODAT.GI.ZS:UGA,1975-12-31,27.28421060662521
WDI:DT.ODA.ODAT.GI.ZS:UGA,1976-12-31,13.686274858861175
WDI:DT.ODA.ODAT.GI.ZS:UGA,1977-12-31,9.411920143279023
WDI:DT.ODA.ODAT.GI.ZS:UGA,1978-12-31,19.7021700348099
WDI:DT.ODA.ODAT.GI.ZS:UGA,1979-12-31,33.577263461124836
WDI:DT.ODA.ODAT.GI.ZS:UGA,1980-12-31,147.97649931347388
WDI:DT.ODA.ODAT.GI.ZS:UGA,1981-12-31,180.88000488281202
WDI:DT.ODA.ODAT.GI.ZS:UGA,1982-12-31,66.33838692096768
WDI:DT.ODA.ODAT.GI.ZS:UGA,1983-12-31,82.35542573124516
WDI:DT.ODA.ODAT.GI.ZS:UGA,1984-12-31,55.068208784379955
WDI:DT.ODA.ODAT.GI.ZS:UGA,1985-12-31,58.397777587439
WDI:DT.ODA.ODAT.GI.ZS:UGA,1986-12-31,57.80439822131142
WDI:DT.ODA.ODAT.GI.ZS:UGA,1987-12-31,49.06565482548566
WDI:DT.ODA.ODAT.GI.ZS:UGA,1988-12-31,55.744993309939886
WDI:DT.ODA.ODAT.GI.ZS:UGA,1989-12-31,87.89979229487963
WDI:DT.ODA.ODAT.GI.ZS:UGA,1990-12-31,121.26158416179562
WDI:DT.ODA.ODAT.GI.ZS:UGA,1991-12-31,131.6166718025903
WDI:DT.ODA.ODAT.GI.ZS:UGA,1992-12-31,159.1729042228017
WDI:DT.ODA.ODAT.GI.ZS:UGA,1993-12-31,124.23895566219632
WDI:DT.ODA.ODAT.GI.ZS:UGA,1994-12-31,128.35141751689864
WDI:DT.ODA.ODAT.GI.ZS:UGA,1995-12-31,116.73348766776441
WDI:DT.ODA.ODAT.GI.ZS:UGA,1996-12-31,55.34709518833802
WDI:DT.ODA.ODAT.GI.ZS:UGA,1997-12-31,71.37458542080041
WDI:DT.ODA.ODAT.GI.ZS:UGA,1998-12-31,60.765448919500784
WDI:DT.ODA.ODAT.GI.ZS:UGA,1999-12-31,51.8205055826018
WDI:DT.ODA.ODAT.GI.ZS:UGA,2000-12-31,70.93270868689817
WDI:DT.ODA.ODAT.GI.ZS:UGA,2001-12-31,73.53107117316364
WDI:DT.ODA.ODAT.GI.ZS:UGA,2002-12-31,58.67810099382263
WDI:DT.ODA.ODAT.GI.ZS:UGA,2003-12-31,72.39686693384277
WDI:DT.ODA.ODAT.GI.ZS:UGA,2004-12-31,76.41569481517091
WDI:DT.ODA.ODAT.GI.ZS:UGA,2005-12-31,57.87309687954952
WDI:DT.ODA.ODAT.GI.ZS:UGA,2006-12-31,75.37928542264889
WDI:DT.ODA.ODAT.GI.ZS:UGA,2007-12-31,66.12815829381287
WDI:DT.ODA.ODAT.GI.ZS:UGA,2008-12-31,49.528151530559036
WDI:DT.ODA.ODAT.GI.ZS:UGA,2009-12-31,26.70973286932565
WDI:DT.ODA.ODAT.GI.ZS:UGA,2010-12-31,18.836561149518634
WDI:DT.ODA.ODAT.GI.ZS:UGA,2011-12-31,21.092969139765362
WDI:DT.ODA.ODAT.GI.ZS:UGA,2012-12-31,22.97877344286142
WDI:DT.ODA.ODAT.GI.ZS:UGA,2013-12-31,18.355789380976955
WDI:DT.ODA.ODAT.GI.ZS:UGA,2014-12-31,18.654530035813995
WDI:DT.ODA.ODAT.GI.ZS:UGA,2015-12-31,21.199097968083223
WDI:DT.ODA.ODAT.GI.ZS:UGA,2016-12-31,23.74739338894829
WDI:DT.ODA.ODAT.GI.ZS:UGA,2017-12-31,26.585082652997606
WDI:DT.ODA.ODAT.GI.ZS:UGA,2018-12-31,24.28749654848209
WDI:DT.ODA.ODAT.GI.ZS:UGA,2019-12-31,22.50222653588156
WDI:DT.ODA.ODAT.GI.ZS:UGA,2020-12-31,33.912835274533556
WDI:DT.ODA.ODAT.GI.ZS:UGA,2021-12-31,26.27945495681648
WDI:DT.ODA.ODAT.GI.ZS:UGA,2022-12-31,19.55998933269259
WDI:DT.ODA.ODAT.GI.ZS:UGA,2023-12-31,20.2800747923425
WDI:DT.ODA.ODAT.GI.ZS:UKR,2005-12-31,2.0119969116191383
WDI:DT.ODA.ODAT.GI.ZS:UKR,2006-12-31,1.7648960053033167
WDI:DT.ODA.ODAT.GI.ZS:UKR,2007-12-31,1.0188257267260479
WDI:DT.ODA.ODAT.GI.ZS:UKR,2008-12-31,1.1980756532292482
WDI:DT.ODA.ODAT.GI.ZS:UKR,2009-12-31,3.1557433562938852
WDI:DT.ODA.ODAT.GI.ZS:UKR,2010-12-31,2.5107282646430247
WDI:DT.ODA.ODAT.GI.ZS:UKR,2011-12-31,2.247137752889825
WDI:DT.ODA.ODAT.GI.ZS:UKR,2012-12-31,2.1557058724722973
WDI:DT.ODA.ODAT.GI.ZS:UKR,2013-12-31,2.527059670159016
WDI:DT.ODA.ODAT.GI.ZS:UKR,2014-12-31,7.849223866023593
WDI:DT.ODA.ODAT.GI.ZS:UKR,2015-12-31,9.992609703570023
WDI:DT.ODA.ODAT.GI.ZS:UKR,2016-12-31,7.511148642962103
WDI:DT.ODA.ODAT.GI.ZS:UKR,2017-12-31,5.275858284114383
WDI:DT.ODA.ODAT.GI.ZS:UKR,2018-12-31,5.027488505326256
WDI:DT.ODA.ODAT.GI.ZS:UKR,2019-12-31,4.889585018192936
WDI:DT.ODA.ODAT.GI.ZS:UKR,2020-12-31,16.719409248622863
WDI:DT.ODA.ODAT.GI.ZS:UKR,2021-12-31,7.667238986750678
WDI:DT.ODA.ODAT.GI.ZS:UKR,2022-12-31,146.25595300468794
WDI:DT.ODA.ODAT.GI.ZS:UKR,2023-12-31,118.894697802935
WDI:DT.ODA.ODAT.GI.ZS:UMC,1960-12-31,1.7842638856995223
WDI:DT.ODA.ODAT.GI.ZS:UMC,1961-12-31,4.2545622715492355
WDI:DT.ODA.ODAT.GI.ZS:UMC,1962-12-31,4.586567435132249
WDI:DT.ODA.ODAT.GI.ZS:UMC,1963-12-31,3.221833955972802
WDI:DT.ODA.ODAT.GI.ZS:UMC,1964-12-31,2.125924248532982
WDI:DT.ODA.ODAT.GI.ZS:UMC,1965-12-31,1.907254154624934
WDI:DT.ODA.ODAT.GI.ZS:UMC,1966-12-31,1.9189057955673618
WDI:DT.ODA.ODAT.GI.ZS:UMC,1967-12-31,2.2076073829716027
WDI:DT.ODA.ODAT.GI.ZS:UMC,1968-12-31,2.227753880057412
WDI:DT.ODA.ODAT.GI.ZS:UMC,1969-12-31,1.804211095642495
WDI:DT.ODA.ODAT.GI.ZS:UMC,1970-12-31,1.6536563511856721
WDI:DT.ODA.ODAT.GI.ZS:UMC,1971-12-31,1.6153280939820924
WDI:DT.ODA.ODAT.GI.ZS:UMC,1972-12-31,1.3915398054001504
WDI:DT.ODA.ODAT.GI.ZS:UMC,1973-12-31,1.0490536154734542
WDI:DT.ODA.ODAT.GI.ZS:UMC,1974-12-31,0.8728752932373879
WDI:DT.ODA.ODAT.GI.ZS:UMC,1975-12-31,0.8738471973560341
WDI:DT.ODA.ODAT.GI.ZS:UMC,1976-12-31,0.8168798480897935
WDI:DT.ODA.ODAT.GI.ZS:UMC,1977-12-31,0.6603825251727081
WDI:DT.ODA.ODAT.GI.ZS:UMC,1978-12-31,0.9095147459799382
WDI:DT.ODA.ODAT.GI.ZS:UMC,1979-12-31,0.9979066477734938
WDI:DT.ODA.ODAT.GI.ZS:UMC,1980-12-31,1.0151738722534058
WDI:DT.ODA.ODAT.GI.ZS:UMC,1981-12-31,1.0759879997358204
WDI:DT.ODA.ODAT.GI.ZS:UMC,1982-12-31,1.1521764315227034
WDI:DT.ODA.ODAT.GI.ZS:UMC,1983-12-31,1.0863025639840218
WDI:DT.ODA.ODAT.GI.ZS:UMC,1984-12-31,1.1053158959154006
WDI:DT.ODA.ODAT.GI.ZS:UMC,1985-12-31,1.0863721590862179
WDI:DT.ODA.ODAT.GI.ZS:UMC,1986-12-31,1.2689994225727002
WDI:DT.ODA.ODAT.GI.ZS:UMC,1987-12-31,1.673259971617229
WDI:DT.ODA.ODAT.GI.ZS:UMC,1988-12-31,1.549936754206997
WDI:DT.ODA.ODAT.GI.ZS:UMC,1989-12-31,1.5100416332257058
WDI:DT.ODA.ODAT.GI.ZS:UMC,1990-12-31,1.489682095487282
WDI:DT.ODA.ODAT.GI.ZS:UMC,1991-12-31,1.8396584836637007
WDI:DT.ODA.ODAT.GI.ZS:UMC,1992-12-31,1.546154285101207
WDI:DT.ODA.ODAT.GI.ZS:UMC,1993-12-31,1.497024227383018
WDI:DT.ODA.ODAT.GI.ZS:UMC,1994-12-31,1.2973005199095733
WDI:DT.ODA.ODAT.GI.ZS:UMC,1995-12-31,1.3266463514988298
WDI:DT.ODA.ODAT.GI.ZS:UMC,1996-12-31,1.020170101657312
WDI:DT.ODA.ODAT.GI.ZS:UMC,1997-12-31,0.8603809214213229
WDI:DT.ODA.ODAT.GI.ZS:UMC,1998-12-31,1.060103411931234
WDI:DT.ODA.ODAT.GI.ZS:UMC,1999-12-31,1.3629359159822052
WDI:DT.ODA.ODAT.GI.ZS:UMC,2000-12-31,1.0262149477233744
WDI:DT.ODA.ODAT.GI.ZS:UMC,2001-12-31,0.9767195605946579
WDI:DT.ODA.ODAT.GI.ZS:UMC,2002-12-31,1.0650543547848337
WDI:DT.ODA.ODAT.GI.ZS:UMC,2003-12-31,0.9412718947587017
WDI:DT.ODA.ODAT.GI.ZS:UMC,2004-12-31,0.890260638295024
WDI:DT.ODA.ODAT.GI.ZS:UMC,2005-12-31,1.782866348989793
WDI:DT.ODA.ODAT.GI.ZS:UMC,2006-12-31,0.9124650538244161
WDI:DT.ODA.ODAT.GI.ZS:UMC,2007-12-31,0.7138454272159742
WDI:DT.ODA.ODAT.GI.ZS:UMC,2008-12-31,0.6497553875542934
WDI:DT.ODA.ODAT.GI.ZS:UMC,2009-12-31,0.4669735234900608
WDI:DT.ODA.ODAT.GI.ZS:UMC,2010-12-31,0.3129293096157886
WDI:DT.ODA.ODAT.GI.ZS:UMC,2011-12-31,0.32505126978007287
WDI:DT.ODA.ODAT.GI.ZS:UMC,2012-12-31,0.26072389577605865
WDI:DT.ODA.ODAT.GI.ZS:UMC,2013-12-31,0.22672038723779078
WDI:DT.ODA.ODAT.GI.ZS:UMC,2014-12-31,0.2257511148848324
WDI:DT.ODA.ODAT.GI.ZS:UMC,2015-12-31,0.22535845408947572
WDI:DT.ODA.ODAT.GI.ZS:UMC,2016-12-31,0.2763097842504726
WDI:DT.ODA.ODAT.GI.ZS:UMC,2017-12-31,0.2347598555864252
WDI:DT.ODA.ODAT.GI.ZS:UMC,2018-12-31,0.19909465916510288
WDI:DT.ODA.ODAT.GI.ZS:UMC,2019-12-31,0.15424825046234855
WDI:DT.ODA.ODAT.GI.ZS:UMC,2020-12-31,0.2611275551733652
WDI:DT.ODA.ODAT.GI.ZS:UMC,2021-12-31,0.1982220980257657
WDI:DT.ODA.ODAT.GI.ZS:UMC,2022-12-31,0.4400732762525868
WDI:DT.ODA.ODAT.GI.ZS:UMC,2023-12-31,0.542674288217831
WDI:DT.ODA.ODAT.GI.ZS:URY,1960-12-31,6.926602416515363
WDI:DT.ODA.ODAT.GI.ZS:URY,1961-12-31,0.5957809652941579
WDI:DT.ODA.ODAT.GI.ZS:URY,1962-12-31,1.062847351337734
WDI:DT.ODA.ODAT.GI.ZS:URY,1963-12-31,3.295210764431953
WDI:DT.ODA.ODAT.GI.ZS:URY,1964-12-31,0.7877475067377104
WDI:DT.ODA.ODAT.GI.ZS:URY,1965-12-31,1.161433333333332
WDI:DT.ODA.ODAT.GI.ZS:URY,1966-12-31,1.563193089720134
WDI:DT.ODA.ODAT.GI.ZS:URY,1967-12-31,1.8526714095047536
WDI:DT.ODA.ODAT.GI.ZS:URY,1968-12-31,11.112698168493804
WDI:DT.ODA.ODAT.GI.ZS:URY,1969-12-31,6.492059474036334
WDI:DT.ODA.ODAT.GI.ZS:URY,1970-12-31,17.80088899400493
WDI:DT.ODA.ODAT.GI.ZS:URY,1971-12-31,1.8574898785425102
WDI:DT.ODA.ODAT.GI.ZS:URY,1972-12-31,5.9205448404397965
WDI:DT.ODA.ODAT.GI.ZS:URY,1973-12-31,1.1670267403896495
WDI:DT.ODA.ODAT.GI.ZS:URY,1974-12-31,0.7865041975926832
WDI:DT.ODA.ODAT.GI.ZS:URY,1975-12-31,0.728328299495819
WDI:DT.ODA.ODAT.GI.ZS:URY,1976-12-31,0.8769195620737392
WDI:DT.ODA.ODAT.GI.ZS:URY,1977-12-31,1.5632545075411564
WDI:DT.ODA.ODAT.GI.ZS:URY,1978-12-31,0.46631330670071575
WDI:DT.ODA.ODAT.GI.ZS:URY,1979-12-31,0.4019776966868625
WDI:DT.ODA.ODAT.GI.ZS:URY,1980-12-31,0.4895315495702467
WDI:DT.ODA.ODAT.GI.ZS:URY,1981-12-31,0.40833027889357487
WDI:DT.ODA.ODAT.GI.ZS:URY,1982-12-31,0.34781098911017844
WDI:DT.ODA.ODAT.GI.ZS:URY,1983-12-31,0.7631435262266782
WDI:DT.ODA.ODAT.GI.ZS:URY,1984-12-31,0.9810023795201588
WDI:DT.ODA.ODAT.GI.ZS:URY,1985-12-31,1.4337567679083234
WDI:DT.ODA.ODAT.GI.ZS:URY,1986-12-31,4.231214994713117
WDI:DT.ODA.ODAT.GI.ZS:URY,1987-12-31,1.5334333456707239
WDI:DT.ODA.ODAT.GI.ZS:URY,1988-12-31,2.8267781826700733
WDI:DT.ODA.ODAT.GI.ZS:URY,1989-12-31,3.025681400753345
WDI:DT.ODA.ODAT.GI.ZS:URY,1990-12-31,4.047477699566468
WDI:DT.ODA.ODAT.GI.ZS:URY,1991-12-31,2.4667062625761123
WDI:DT.ODA.ODAT.GI.ZS:URY,1992-12-31,3.3155172061539346
WDI:DT.ODA.ODAT.GI.ZS:URY,1993-12-31,4.856535745327974
WDI:DT.ODA.ODAT.GI.ZS:URY,1994-12-31,2.7045223001219165
WDI:DT.ODA.ODAT.GI.ZS:URY,1995-12-31,2.318277523563757
WDI:DT.ODA.ODAT.GI.ZS:URY,1996-12-31,1.170600841204559
WDI:DT.ODA.ODAT.GI.ZS:URY,1997-12-31,0.922796653829548
WDI:DT.ODA.ODAT.GI.ZS:URY,1998-12-31,0.6252799418295091
WDI:DT.ODA.ODAT.GI.ZS:URY,1999-12-31,0.7084474706953802
WDI:DT.ODA.ODAT.GI.ZS:URY,2000-12-31,0.6532117439788483
WDI:DT.ODA.ODAT.GI.ZS:URY,2001-12-31,0.5483086685105242
WDI:DT.ODA.ODAT.GI.ZS:URY,2002-12-31,0.9113092223204725
WDI:DT.ODA.ODAT.GI.ZS:URY,2003-12-31,0.9429143559356564
WDI:DT.ODA.ODAT.GI.ZS:URY,2004-12-31,1.0237753553058595
WDI:DT.ODA.ODAT.GI.ZS:URY,2005-12-31,0.5966591705055484
WDI:DT.ODA.ODAT.GI.ZS:URY,2006-12-31,0.6404560368729639
WDI:DT.ODA.ODAT.GI.ZS:URY,2007-12-31,0.7972138851316122
WDI:DT.ODA.ODAT.GI.ZS:URY,2008-12-31,0.455002837790869
WDI:DT.ODA.ODAT.GI.ZS:URY,2009-12-31,0.7902638938285536
WDI:DT.ODA.ODAT.GI.ZS:URY,2010-12-31,0.5414195631275759
WDI:DT.ODA.ODAT.GI.ZS:URY,2011-12-31,0.17341959441569624
WDI:DT.ODA.ODAT.GI.ZS:URY,2012-12-31,0.13966798752102183
WDI:DT.ODA.ODAT.GI.ZS:URY,2013-12-31,0.2648380414332525
WDI:DT.ODA.ODAT.GI.ZS:URY,2014-12-31,0.7023140963262718
WDI:DT.ODA.ODAT.GI.ZS:URY,2015-12-31,0.20390837194796968
WDI:DT.ODA.ODAT.GI.ZS:URY,2016-12-31,0.18262175734341832
WDI:DT.ODA.ODAT.GI.ZS:URY,2017-12-31,0.40227588210650117
WDI:DT.ODA.ODAT.GI.ZS:UZB,1992-12-31,0.026534873627284912
WDI:DT.ODA.ODAT.GI.ZS:UZB,1993-12-31,0.41580487949851375
WDI:DT.ODA.ODAT.GI.ZS:UZB,1994-12-31,1.2033121951219514
WDI:DT.ODA.ODAT.GI.ZS:UZB,1995-12-31,2.591317990072113
WDI:DT.ODA.ODAT.GI.ZS:UZB,1996-12-31,2.7332586481149455
WDI:DT.ODA.ODAT.GI.ZS:UZB,1997-12-31,5.019644646403982
WDI:DT.ODA.ODAT.GI.ZS:UZB,1998-12-31,5.044688746380352
WDI:DT.ODA.ODAT.GI.ZS:UZB,1999-12-31,5.350322241909013
WDI:DT.ODA.ODAT.GI.ZS:UZB,2000-12-31,6.868280812473855
WDI:DT.ODA.ODAT.GI.ZS:UZB,2001-12-31,6.2197507439625594
WDI:DT.ODA.ODAT.GI.ZS:UZB,2002-12-31,8.930886248732456
WDI:DT.ODA.ODAT.GI.ZS:UZB,2003-12-31,9.113087504816182
WDI:DT.ODA.ODAT.GI.ZS:UZB,2004-12-31,8.249654487552004
WDI:DT.ODA.ODAT.GI.ZS:UZB,2005-12-31,4.220206176516672
WDI:DT.ODA.ODAT.GI.ZS:UZB,2006-12-31,2.9154384279166523
WDI:DT.ODA.ODAT.GI.ZS:UZB,2007-12-31,2.664440295987716
WDI:DT.ODA.ODAT.GI.ZS:UZB,2008-12-31,1.895535838365358
WDI:DT.ODA.ODAT.GI.ZS:UZB,2009-12-31,1.6969334026996261
WDI:DT.ODA.ODAT.GI.ZS:UZB,2010-12-31,1.0489142494867338
WDI:DT.ODA.ODAT.GI.ZS:UZB,2011-12-31,0.8945787960128173
WDI:DT.ODA.ODAT.GI.ZS:UZB,2012-12-31,1.260404860478662
WDI:DT.ODA.ODAT.GI.ZS:UZB,2013-12-31,1.4680545720772762
WDI:DT.ODA.ODAT.GI.ZS:UZB,2014-12-31,1.4363368228575435
WDI:DT.ODA.ODAT.GI.ZS:UZB,2015-12-31,1.9861557834974342
WDI:DT.ODA.ODAT.GI.ZS:UZB,2016-12-31,2.303208536714088
WDI:DT.ODA.ODAT.GI.ZS:UZB,2017-12-31,3.3674885253634894
WDI:DT.ODA.ODAT.GI.ZS:UZB,2018-12-31,5.15154581623799
WDI:DT.ODA.ODAT.GI.ZS:UZB,2019-12-31,4.379605212979933
WDI:DT.ODA.ODAT.GI.ZS:UZB,2020-12-31,5.859036699931251
WDI:DT.ODA.ODAT.GI.ZS:UZB,2021-12-31,3.9895727978983366
WDI:DT.ODA.ODAT.GI.ZS:UZB,2022-12-31,5.044360304073268
WDI:DT.ODA.ODAT.GI.ZS:UZB,2023-12-31,3.37907413073718
WDI:DT.ODA.ODAT.GI.ZS:VEN,1960-12-31,0.04248785783501893
WDI:DT.ODA.ODAT.GI.ZS:VEN,1961-12-31,0.45417939131537977
WDI:DT.ODA.ODAT.GI.ZS:VEN,1962-12-31,3.7719198409839416
WDI:DT.ODA.ODAT.GI.ZS:VEN,1963-12-31,2.0458538982430436
WDI:DT.ODA.ODAT.GI.ZS:VEN,1964-12-31,-2.2576529807840395
WDI:DT.ODA.ODAT.GI.ZS:VEN,1965-12-31,0.5986761939585269
WDI:DT.ODA.ODAT.GI.ZS:VEN,1966-12-31,1.1970307350087865
WDI:DT.ODA.ODAT.GI.ZS:VEN,1967-12-31,1.0261922945511832
WDI:DT.ODA.ODAT.GI.ZS:VEN,1968-12-31,0.5650898626469386
WDI:DT.ODA.ODAT.GI.ZS:VEN,1969-12-31,0.33567779725189567
WDI:DT.ODA.ODAT.GI.ZS:VEN,1970-12-31,0.11619712393494905
WDI:DT.ODA.ODAT.GI.ZS:VEN,1971-12-31,0.16934108736433473
WDI:DT.ODA.ODAT.GI.ZS:VEN,1972-12-31,0.15895283649000022
WDI:DT.ODA.ODAT.GI.ZS:VEN,1973-12-31,0.1399398403472206
WDI:DT.ODA.ODAT.GI.ZS:VEN,1974-12-31,0.06803818130597274
WDI:DT.ODA.ODAT.GI.ZS:VEN,1975-12-31,0.03683492468709579
WDI:DT.ODA.ODAT.GI.ZS:VEN,1976-12-31,-0.11663438433230706
WDI:DT.ODA.ODAT.GI.ZS:VEN,1977-12-31,-0.04591880862952785
WDI:DT.ODA.ODAT.GI.ZS:VEN,1978-12-31,-0.07391257086058235
WDI:DT.ODA.ODAT.GI.ZS:VEN,1979-12-31,0.056721946187676966
WDI:DT.ODA.ODAT.GI.ZS:VEN,1980-12-31,0.11012840868576128
WDI:DT.ODA.ODAT.GI.ZS:VEN,1981-12-31,0.0938149447090322
WDI:DT.ODA.ODAT.GI.ZS:VEN,1982-12-31,0.08759798970091344
WDI:DT.ODA.ODAT.GI.ZS:VEN,1983-12-31,0.18619234572590806
WDI:DT.ODA.ODAT.GI.ZS:VEN,1984-12-31,0.17189760137252844
WDI:DT.ODA.ODAT.GI.ZS:VEN,1985-12-31,0.14882132993518746
WDI:DT.ODA.ODAT.GI.ZS:VEN,1986-12-31,0.17029957633584134
WDI:DT.ODA.ODAT.GI.ZS:VEN,1987-12-31,0.20096225820674984
WDI:DT.ODA.ODAT.GI.ZS:VEN,1988-12-31,0.1635024743146029
WDI:DT.ODA.ODAT.GI.ZS:VEN,1989-12-31,1.2061778486873656
WDI:DT.ODA.ODAT.GI.ZS:VEN,1990-12-31,1.6741950154208745
WDI:DT.ODA.ODAT.GI.ZS:VEN,1991-12-31,0.3228299215039085
WDI:DT.ODA.ODAT.GI.ZS:VEN,1992-12-31,0.2504236867893555
WDI:DT.ODA.ODAT.GI.ZS:VEN,1993-12-31,0.3863642739164663
WDI:DT.ODA.ODAT.GI.ZS:VEN,1994-12-31,0.34413266452288066
WDI:DT.ODA.ODAT.GI.ZS:VEN,1995-12-31,0.33069696511762575
WDI:DT.ODA.ODAT.GI.ZS:VEN,1996-12-31,0.3192665197053396
WDI:DT.ODA.ODAT.GI.ZS:VEN,1997-12-31,0.031158093074974153
WDI:DT.ODA.ODAT.GI.ZS:VEN,1998-12-31,0.1435181019353917
WDI:DT.ODA.ODAT.GI.ZS:VEN,1999-12-31,0.16851566294404305
WDI:DT.ODA.ODAT.GI.ZS:VEN,2000-12-31,0.27597347680055345
WDI:DT.ODA.ODAT.GI.ZS:VEN,2001-12-31,0.13307441535967443
WDI:DT.ODA.ODAT.GI.ZS:VEN,2002-12-31,0.2929824097237029
WDI:DT.ODA.ODAT.GI.ZS:VEN,2003-12-31,0.647729430458634
WDI:DT.ODA.ODAT.GI.ZS:VEN,2004-12-31,0.19037655642210488
WDI:DT.ODA.ODAT.GI.ZS:VEN,2005-12-31,0.14579476538107172
WDI:DT.ODA.ODAT.GI.ZS:VEN,2006-12-31,0.1158999549379242
WDI:DT.ODA.ODAT.GI.ZS:VEN,2007-12-31,0.10447761641053885
WDI:DT.ODA.ODAT.GI.ZS:VEN,2008-12-31,0.07086097001394731
WDI:DT.ODA.ODAT.GI.ZS:VEN,2009-12-31,0.06940881533041979
WDI:DT.ODA.ODAT.GI.ZS:VEN,2010-12-31,0.05623279009947919
WDI:DT.ODA.ODAT.GI.ZS:VEN,2011-12-31,0.06709391694188754
WDI:DT.ODA.ODAT.GI.ZS:VEN,2012-12-31,0.05726731792486215
WDI:DT.ODA.ODAT.GI.ZS:VEN,2013-12-31,0.04609838550742375
WDI:DT.ODA.ODAT.GI.ZS:VEN,2014-12-31,0.10178947358595468
WDI:DT.ODA.ODAT.GI.ZS:VEN,2015-12-31,0.15013088682330078
WDI:DT.ODA.ODAT.GI.ZS:VEN,2016-12-31,0.3753233529389366
WDI:DT.ODA.ODAT.GI.ZS:VEN,2017-12-31,1.4661690084866805
WDI:DT.ODA.ODAT.GI.ZS:VEN,2018-12-31,3.4151476650229067
WDI:DT.ODA.ODAT.GI.ZS:VEN,2019-12-31,5.260915151272281
WDI:DT.ODA.ODAT.GI.ZS:VEN,2020-12-31,8.448850523056214
WDI:DT.ODA.ODAT.GI.ZS:VEN,2021-12-31,5.474418310627922
WDI:DT.ODA.ODAT.GI.ZS:VEN,2022-12-31,4.982165282718555
WDI:DT.ODA.ODAT.GI.ZS:VEN,2023-12-31,7.43306930806593
WDI:DT.ODA.ODAT.GI.ZS:VNM,1995-12-31,13.82190332298869
WDI:DT.ODA.ODAT.GI.ZS:VNM,1996-12-31,13.136632770814838
WDI:DT.ODA.ODAT.GI.ZS:VNM,1997-12-31,11.215307256955679
WDI:DT.ODA.ODAT.GI.ZS:VNM,1998-12-31,13.29219212092145
WDI:DT.ODA.ODAT.GI.ZS:VNM,1999-12-31,15.643632545618097
WDI:DT.ODA.ODAT.GI.ZS:VNM,2000-12-31,16.09151831528427
WDI:DT.ODA.ODAT.GI.ZS:VNM,2001-12-31,12.32737297278617
WDI:DT.ODA.ODAT.GI.ZS:VNM,2002-12-31,9.13573184088143
WDI:DT.ODA.ODAT.GI.ZS:VNM,2003-12-31,10.941582330410911
WDI:DT.ODA.ODAT.GI.ZS:VNM,2004-12-31,10.290968719793012
WDI:DT.ODA.ODAT.GI.ZS:VNM,2005-12-31,8.704382758706396
WDI:DT.ODA.ODAT.GI.ZS:VNM,2006-12-31,7.373072768881476
WDI:DT.ODA.ODAT.GI.ZS:VNM,2007-12-31,7.661262403864385
WDI:DT.ODA.ODAT.GI.ZS:VNM,2008-12-31,6.414552391543779
WDI:DT.ODA.ODAT.GI.ZS:VNM,2009-12-31,8.447255838066246
WDI:DT.ODA.ODAT.GI.ZS:VNM,2010-12-31,3.495825544057691
WDI:DT.ODA.ODAT.GI.ZS:VNM,2011-12-31,5.963741921388893
WDI:DT.ODA.ODAT.GI.ZS:VNM,2012-12-31,6.881771224945266
WDI:DT.ODA.ODAT.GI.ZS:VNM,2013-12-31,6.327627210544715
WDI:DT.ODA.ODAT.GI.ZS:VNM,2014-12-31,5.961834129265271
WDI:DT.ODA.ODAT.GI.ZS:VNM,2015-12-31,4.122963502650091
WDI:DT.ODA.ODAT.GI.ZS:VNM,2016-12-31,3.562998945177456
WDI:DT.ODA.ODAT.GI.ZS:VNM,2017-12-31,2.648733727901279
WDI:DT.ODA.ODAT.GI.ZS:VNM,2018-12-31,1.6565140784224033
WDI:DT.ODA.ODAT.GI.ZS:VNM,2019-12-31,1.018641180199741
WDI:DT.ODA.ODAT.GI.ZS:VNM,2020-12-31,1.0599427800406913
WDI:DT.ODA.ODAT.GI.ZS:VNM,2021-12-31,0.43785646447273335
WDI:DT.ODA.ODAT.GI.ZS:VNM,2022-12-31,0.037422043881523946
WDI:DT.ODA.ODAT.GI.ZS:VNM,2023-12-31,0.605033244368263
WDI:DT.ODA.ODAT.GI.ZS:VUT,1983-12-31,100.55252054119454
WDI:DT.ODA.ODAT.GI.ZS:VUT,1984-12-31,88.12604246168068
WDI:DT.ODA.ODAT.GI.ZS:VUT,1985-12-31,65.77302463149675
WDI:DT.ODA.ODAT.GI.ZS:VUT,1986-12-31,69.58613887569524
WDI:DT.ODA.ODAT.GI.ZS:VUT,1987-12-31,114.32697701002283
WDI:DT.ODA.ODAT.GI.ZS:VUT,1988-12-31,95.15264441902575
WDI:DT.ODA.ODAT.GI.ZS:VUT,1989-12-31,75.58660909247533
WDI:DT.ODA.ODAT.GI.ZS:VUT,1990-12-31,88.90176119415072
WDI:DT.ODA.ODAT.GI.ZS:VUT,1991-12-31,93.6860978230061
WDI:DT.ODA.ODAT.GI.ZS:VUT,1992-12-31,93.84832579967498
WDI:DT.ODA.ODAT.GI.ZS:VUT,1993-12-31,83.95772804839869
WDI:DT.ODA.ODAT.GI.ZS:VUT,1994-12-31,79.69310587860927
WDI:DT.ODA.ODAT.GI.ZS:VUT,1995-12-31,84.23434011004365
WDI:DT.ODA.ODAT.GI.ZS:VUT,1996-12-31,63.59707471165841
WDI:DT.ODA.ODAT.GI.ZS:VUT,1997-12-31,56.159337181221105
WDI:DT.ODA.ODAT.GI.ZS:VUT,1998-12-31,65.60088677876085
WDI:DT.ODA.ODAT.GI.ZS:VUT,1999-12-31,61.10627985436076
WDI:DT.ODA.ODAT.GI.ZS:VUT,2000-12-31,65.52525210014515
WDI:DT.ODA.ODAT.GI.ZS:VUT,2001-12-31,61.373694905847856
WDI:DT.ODA.ODAT.GI.ZS:VUT,2002-12-31,53.18867667643015
WDI:DT.ODA.ODAT.GI.ZS:VUT,2003-12-31,62.31511152568483
WDI:DT.ODA.ODAT.GI.ZS:VUT,2004-12-31,45.5120938000762
WDI:DT.ODA.ODAT.GI.ZS:VUT,2005-12-31,42.30780132679218
WDI:DT.ODA.ODAT.GI.ZS:VUT,2006-12-31,39.534489817539594
WDI:DT.ODA.ODAT.GI.ZS:VUT,2007-12-31,33.92002329881162
WDI:DT.ODA.ODAT.GI.ZS:VUT,2008-12-31,37.78279789807012
WDI:DT.ODA.ODAT.GI.ZS:VUT,2009-12-31,40.922169220176876
WDI:DT.ODA.ODAT.GI.ZS:VUT,2010-12-31,44.11586377374964
WDI:DT.ODA.ODAT.GI.ZS:VUT,2011-12-31,41.986987230889135
WDI:DT.ODA.ODAT.GI.ZS:VUT,2012-12-31,56.59021528660973
WDI:DT.ODA.ODAT.GI.ZS:VUT,2013-12-31,43.97171126131687
WDI:DT.ODA.ODAT.GI.ZS:VUT,2014-12-31,53.5777561150424
WDI:DT.ODA.ODAT.GI.ZS:VUT,2015-12-31,72.9134257069952
WDI:DT.ODA.ODAT.GI.ZS:VUT,2016-12-31,62.78478076478282
WDI:DT.ODA.ODAT.GI.ZS:VUT,2017-12-31,54.12228279823383
WDI:DT.ODA.ODAT.GI.ZS:VUT,2018-12-31,53.41108990065161
WDI:DT.ODA.ODAT.GI.ZS:VUT,2019-12-31,57.06440861559798
WDI:DT.ODA.ODAT.GI.ZS:VUT,2020-12-31,50.95244027972166
WDI:DT.ODA.ODAT.GI.ZS:VUT,2021-12-31,37.65576072603342
WDI:DT.ODA.ODAT.GI.ZS:VUT,2022-12-31,30.921027473901603
WDI:DT.ODA.ODAT.GI.ZS:VUT,2023-12-31,56.6973039713962
WDI:DT.ODA.ODAT.GI.ZS:WLD,1970-12-31,0.9984567964046858
WDI:DT.ODA.ODAT.GI.ZS:WLD,1971-12-31,1.0314271719652908
WDI:DT.ODA.ODAT.GI.ZS:WLD,1972-12-31,0.95561997519616
WDI:DT.ODA.ODAT.GI.ZS:WLD,1973-12-31,0.9629975290440801
WDI:DT.ODA.ODAT.GI.ZS:WLD,1974-12-31,1.0830149073739908
WDI:DT.ODA.ODAT.GI.ZS:WLD,1975-12-31,1.3885759492591143
WDI:DT.ODA.ODAT.GI.ZS:WLD,1976-12-31,1.2303332636267772
WDI:DT.ODA.ODAT.GI.ZS:WLD,1977-12-31,1.1609416696739123
WDI:DT.ODA.ODAT.GI.ZS:WLD,1978-12-31,1.2188248813768696
WDI:DT.ODA.ODAT.GI.ZS:WLD,1979-12-31,1.2104040778423724
WDI:DT.ODA.ODAT.GI.ZS:WLD,1980-12-31,1.281648108824887
WDI:DT.ODA.ODAT.GI.ZS:WLD,1981-12-31,1.233871493320598
WDI:DT.ODA.ODAT.GI.ZS:WLD,1982-12-31,1.1854850045356258
WDI:DT.ODA.ODAT.GI.ZS:WLD,1983-12-31,1.176004195454194
WDI:DT.ODA.ODAT.GI.ZS:WLD,1984-12-31,1.1050937468435647
WDI:DT.ODA.ODAT.GI.ZS:WLD,1985-12-31,1.17246628203491
WDI:DT.ODA.ODAT.GI.ZS:WLD,1986-12-31,1.1481788955463919
WDI:DT.ODA.ODAT.GI.ZS:WLD,1987-12-31,1.0584080722565818
WDI:DT.ODA.ODAT.GI.ZS:WLD,1988-12-31,0.959487580114482
WDI:DT.ODA.ODAT.GI.ZS:WLD,1989-12-31,0.9350897739736068
WDI:DT.ODA.ODAT.GI.ZS:WLD,1990-12-31,1.0586205375338016
WDI:DT.ODA.ODAT.GI.ZS:WLD,1991-12-31,1.1047610991253523
WDI:DT.ODA.ODAT.GI.ZS:WLD,1992-12-31,1.0524147068206322
WDI:DT.ODA.ODAT.GI.ZS:WLD,1993-12-31,0.9722970369668362
WDI:DT.ODA.ODAT.GI.ZS:WLD,1994-12-31,0.9466062239618234
WDI:DT.ODA.ODAT.GI.ZS:WLD,1995-12-31,0.8086598285708744
WDI:DT.ODA.ODAT.GI.ZS:WLD,1996-12-31,0.8047506178268163
WDI:DT.ODA.ODAT.GI.ZS:WLD,1997-12-31,0.6562025768676233
WDI:DT.ODA.ODAT.GI.ZS:WLD,1998-12-31,0.7165251207545018
WDI:DT.ODA.ODAT.GI.ZS:WLD,1999-12-31,0.6882959519562901
WDI:DT.ODA.ODAT.GI.ZS:WLD,2000-12-31,0.6030635477254332
WDI:DT.ODA.ODAT.GI.ZS:WLD,2001-12-31,0.6543970908531792
WDI:DT.ODA.ODAT.GI.ZS:WLD,2002-12-31,0.7697290181710692
WDI:DT.ODA.ODAT.GI.ZS:WLD,2003-12-31,0.7867066471771498
WDI:DT.ODA.ODAT.GI.ZS:WLD,2004-12-31,0.7566629078218656
WDI:DT.ODA.ODAT.GI.ZS:WLD,2005-12-31,0.9310563725327563
WDI:DT.ODA.ODAT.GI.ZS:WLD,2006-12-31,0.8293541174684718
WDI:DT.ODA.ODAT.GI.ZS:WLD,2007-12-31,0.7296895858589096
WDI:DT.ODA.ODAT.GI.ZS:WLD,2008-12-31,0.7763581684430944
WDI:DT.ODA.ODAT.GI.ZS:WLD,2009-12-31,0.8876092051103617
WDI:DT.ODA.ODAT.GI.ZS:WLD,2010-12-31,0.7398924051932478
WDI:DT.ODA.ODAT.GI.ZS:WLD,2011-12-31,0.747188638867784
WDI:DT.ODA.ODAT.GI.ZS:WLD,2012-12-31,0.6964120472774605
WDI:DT.ODA.ODAT.GI.ZS:WLD,2013-12-31,0.7609433981408061
WDI:DT.ODA.ODAT.GI.ZS:WLD,2014-12-31,0.7863056880602938
WDI:DT.ODA.ODAT.GI.ZS:WLD,2015-12-31,0.7519844515555782
WDI:DT.ODA.ODAT.GI.ZS:WLD,2016-12-31,0.8105055799664177
WDI:DT.ODA.ODAT.GI.ZS:WLD,2017-12-31,0.7761535299781782
WDI:DT.ODA.ODAT.GI.ZS:WLD,2018-12-31,0.7253657828285945
WDI:DT.ODA.ODAT.GI.ZS:WLD,2019-12-31,0.6990265336181178
WDI:DT.ODA.ODAT.GI.ZS:WLD,2020-12-31,0.8600856024428801
WDI:DT.ODA.ODAT.GI.ZS:WLD,2021-12-31,0.7667110055269415
WDI:DT.ODA.ODAT.GI.ZS:WLD,2022-12-31,0.8788523813697345
WDI:DT.ODA.ODAT.GI.ZS:WLD,2023-12-31,0.906757053098722
WDI:DT.ODA.ODAT.GI.ZS:WSM,2009-12-31,33.97654452473684
WDI:DT.ODA.ODAT.GI.ZS:WSM,2010-12-31,101.643986640651
WDI:DT.ODA.ODAT.GI.ZS:WSM,2011-12-31,32.123185277097164
WDI:DT.ODA.ODAT.GI.ZS:WSM,2012-12-31,37.64419787233415
WDI:DT.ODA.ODAT.GI.ZS:WSM,2013-12-31,157.0875247521996
WDI:DT.ODA.ODAT.GI.ZS:WSM,2014-12-31,31.60140643018852
WDI:DT.ODA.ODAT.GI.ZS:WSM,2015-12-31,31.710704028223024
WDI:DT.ODA.ODAT.GI.ZS:WSM,2016-12-31,29.615375194594463
WDI:DT.ODA.ODAT.GI.ZS:WSM,2017-12-31,47.837384197104114
WDI:DT.ODA.ODAT.GI.ZS:WSM,2018-12-31,44.00421059086599
WDI:DT.ODA.ODAT.GI.ZS:WSM,2019-12-31,40.648810804953165
WDI:DT.ODA.ODAT.GI.ZS:WSM,2020-12-31,58.30340867245813
WDI:DT.ODA.ODAT.GI.ZS:WSM,2021-12-31,28.367700116074563
WDI:DT.ODA.ODAT.GI.ZS:WSM,2022-12-31,44.689695149887385
WDI:DT.ODA.ODAT.GI.ZS:WSM,2023-12-31,31.0902251423522
WDI:DT.ODA.ODAT.GI.ZS:XKX,2009-12-31,47.802372560497595
WDI:DT.ODA.ODAT.GI.ZS:XKX,2010-12-31,29.76440021248778
WDI:DT.ODA.ODAT.GI.ZS:XKX,2011-12-31,25.503942878673296
WDI:DT.ODA.ODAT.GI.ZS:XKX,2012-12-31,28.823264405304627
WDI:DT.ODA.ODAT.GI.ZS:XKX,2013-12-31,28.13980331168492
WDI:DT.ODA.ODAT.GI.ZS:XKX,2014-12-31,29.41156628359308
WDI:DT.ODA.ODAT.GI.ZS:XKX,2015-12-31,22.850552764051894
WDI:DT.ODA.ODAT.GI.ZS:XKX,2016-12-31,16.518146723799642
WDI:DT.ODA.ODAT.GI.ZS:XKX,2017-12-31,15.750415351751274
WDI:DT.ODA.ODAT.GI.ZS:XKX,2018-12-31,12.068558830663582
WDI:DT.ODA.ODAT.GI.ZS:XKX,2019-12-31,12.667958822882408
WDI:DT.ODA.ODAT.GI.ZS:XKX,2020-12-31,21.145462451677748
WDI:DT.ODA.ODAT.GI.ZS:XKX,2021-12-31,13.432692594607175
WDI:DT.ODA.ODAT.GI.ZS:XKX,2022-12-31,11.603914998208648
WDI:DT.ODA.ODAT.GI.ZS:XKX,2023-12-31,11.321756718716
WDI:DT.ODA.ODAT.GI.ZS:YEM,2010-12-31,12.732856040389562
WDI:DT.ODA.ODAT.GI.ZS:YEM,2011-12-31,26.528823750507463
WDI:DT.ODA.ODAT.GI.ZS:YEM,2012-12-31,23.100083295432615
WDI:DT.ODA.ODAT.GI.ZS:YEM,2013-12-31,31.735132232747254
WDI:DT.ODA.ODAT.GI.ZS:YEM,2014-12-31,40.180222069995246
WDI:DT.ODA.ODAT.GI.ZS:YEM,2015-12-31,252.9647979406726
WDI:DT.ODA.ODAT.GI.ZS:YEM,2016-12-31,514.0850121197626
WDI:DT.ODA.ODAT.GI.ZS:YEM,2017-12-31,581.3947745586776
WDI:DT.ODA.ODAT.GI.ZS:YEM,2018-12-31,598.3541038500864
WDI:DT.ODA.ODAT.GI.ZS:ZAF,1993-12-31,1.2974612501894995
WDI:DT.ODA.ODAT.GI.ZS:ZAF,1994-12-31,1.1591380052321647
WDI:DT.ODA.ODAT.GI.ZS:ZAF,1995-12-31,1.2704096386268993
WDI:DT.ODA.ODAT.GI.ZS:ZAF,1996-12-31,1.3397465539169107
WDI:DT.ODA.ODAT.GI.ZS:ZAF,1997-12-31,1.7999557539858564
WDI:DT.ODA.ODAT.GI.ZS:ZAF,1998-12-31,2.0517385579790264
WDI:DT.ODA.ODAT.GI.ZS:ZAF,1999-12-31,2.2903378594823764
WDI:DT.ODA.ODAT.GI.ZS:ZAF,2000-12-31,2.1440726793741307
WDI:DT.ODA.ODAT.GI.ZS:ZAF,2001-12-31,2.172942794828881
WDI:DT.ODA.ODAT.GI.ZS:ZAF,2002-12-31,2.611891631583166
WDI:DT.ODA.ODAT.GI.ZS:ZAF,2003-12-31,2.081690118475637
WDI:DT.ODA.ODAT.GI.ZS:ZAF,2004-12-31,1.4558116465378301
WDI:DT.ODA.ODAT.GI.ZS:ZAF,2005-12-31,1.4010952150021316
WDI:DT.ODA.ODAT.GI.ZS:ZAF,2006-12-31,1.2872695197435329
WDI:DT.ODA.ODAT.GI.ZS:ZAF,2007-12-31,1.2352337642160323
WDI:DT.ODA.ODAT.GI.ZS:ZAF,2008-12-31,1.65673675339871
WDI:DT.ODA.ODAT.GI.ZS:ZAF,2009-12-31,1.7357688419424107
WDI:DT.ODA.ODAT.GI.ZS:ZAF,2010-12-31,1.3961192491126235
WDI:DT.ODA.ODAT.GI.ZS:ZAF,2011-12-31,1.6171306866544384
WDI:DT.ODA.ODAT.GI.ZS:ZAF,2012-12-31,1.3202174030403488
WDI:DT.ODA.ODAT.GI.ZS:ZAF,2013-12-31,1.685658363441074
WDI:DT.ODA.ODAT.GI.ZS:ZAF,2014-12-31,1.528745397307719
WDI:DT.ODA.ODAT.GI.ZS:ZAF,2015-12-31,2.198458809686852
WDI:DT.ODA.ODAT.GI.ZS:ZAF,2016-12-31,2.1505939955464592
WDI:DT.ODA.ODAT.GI.ZS:ZAF,2017-12-31,1.6016188519135766
WDI:DT.ODA.ODAT.GI.ZS:ZAF,2018-12-31,1.4053541959927605
WDI:DT.ODA.ODAT.GI.ZS:ZAF,2019-12-31,1.5681494126996316
WDI:DT.ODA.ODAT.GI.ZS:ZAF,2020-12-31,2.886829297542549
WDI:DT.ODA.ODAT.GI.ZS:ZAF,2021-12-31,1.9345576475775186
WDI:DT.ODA.ODAT.GI.ZS:ZAF,2022-12-31,1.6122625001385633
WDI:DT.ODA.ODAT.GI.ZS:ZAF,2023-12-31,2.56681727113067
WDI:DT.ODA.ODAT.GI.ZS:ZMB,2010-12-31,14.617613570398957
WDI:DT.ODA.ODAT.GI.ZS:ZMB,2011-12-31,13.394442773569457
WDI:DT.ODA.ODAT.GI.ZS:ZMB,2012-12-31,11.907671095096953
WDI:DT.ODA.ODAT.GI.ZS:ZMB,2013-12-31,12.083940017072148
WDI:DT.ODA.ODAT.GI.ZS:ZMB,2014-12-31,10.79004021794863
WDI:DT.ODA.ODAT.GI.ZS:ZMB,2015-12-31,8.768994131354459
WDI:DT.ODA.ODAT.GI.ZS:ZMB,2016-12-31,12.069614590421326
WDI:DT.ODA.ODAT.GI.ZS:ZMB,2017-12-31,9.807984413149208
WDI:DT.ODA.ODAT.GI.ZS:ZMB,2018-12-31,9.852188519286106
WDI:DT.ODA.ODAT.GI.ZS:ZMB,2019-12-31,10.36640697836594
WDI:DT.ODA.ODAT.GI.ZS:ZMB,2020-12-31,17.389618326877272
WDI:DT.ODA.ODAT.GI.ZS:ZMB,2021-12-31,15.712714371454684
WDI:DT.ODA.ODAT.GI.ZS:ZMB,2022-12-31,23.177067523386025
WDI:DT.ODA.ODAT.GI.ZS:ZMB,2023-12-31,16.3969926279783
WDI:DT.ODA.ODAT.GI.ZS:ZWE,1961-12-31,0.00454566798433884
WDI:DT.ODA.ODAT.GI.ZS:ZWE,1963-12-31,8.130862552456163
WDI:DT.ODA.ODAT.GI.ZS:ZWE,1964-12-31,3.1959546748598897
WDI:DT.ODA.ODAT.GI.ZS:ZWE,1965-12-31,2.076652892431219
WDI:DT.ODA.ODAT.GI.ZS:ZWE,1966-12-31,0.2086535641649844
WDI:DT.ODA.ODAT.GI.ZS:ZWE,1967-12-31,0.15601905293022403
WDI:DT.ODA.ODAT.GI.ZS:ZWE,1968-12-31,0.6715710733606052
WDI:DT.ODA.ODAT.GI.ZS:ZWE,1969-12-31,0.22002969823615806
WDI:DT.ODA.ODAT.GI.ZS:ZWE,1970-12-31,0.1706691810258286
WDI:DT.ODA.ODAT.GI.ZS:ZWE,1971-12-31,0.14782967791496257
WDI:DT.ODA.ODAT.GI.ZS:ZWE,1972-12-31,0.1306938008509545
WDI:DT.ODA.ODAT.GI.ZS:ZWE,1973-12-31,0.11222323533704645
WDI:DT.ODA.ODAT.GI.ZS:ZWE,1974-12-31,0.16026826542744846
WDI:DT.ODA.ODAT.GI.ZS:ZWE,1975-12-31,0.3899090757739342
WDI:DT.ODA.ODAT.GI.ZS:ZWE,1976-12-31,0.9007553929954507
WDI:DT.ODA.ODAT.GI.ZS:ZWE,1977-12-31,0.8914858452549341
WDI:DT.ODA.ODAT.GI.ZS:ZWE,1978-12-31,1.9800325253152544
WDI:DT.ODA.ODAT.GI.ZS:ZWE,1979-12-31,2.113257665432884
WDI:DT.ODA.ODAT.GI.ZS:ZWE,1980-12-31,14.193620446381388
WDI:DT.ODA.ODAT.GI.ZS:ZWE,1981-12-31,10.46874165814741
WDI:DT.ODA.ODAT.GI.ZS:ZWE,1982-12-31,13.107179552655923
WDI:DT.ODA.ODAT.GI.ZS:ZWE,1983-12-31,18.668517610740214
WDI:DT.ODA.ODAT.GI.ZS:ZWE,1984-12-31,27.413727634292883
WDI:DT.ODA.ODAT.GI.ZS:ZWE,1985-12-31,23.411276852144944
WDI:DT.ODA.ODAT.GI.ZS:ZWE,1986-12-31,19.848088403325534
WDI:DT.ODA.ODAT.GI.ZS:ZWE,1987-12-31,28.904307042049602
WDI:DT.ODA.ODAT.GI.ZS:ZWE,1988-12-31,18.475693803550932
WDI:DT.ODA.ODAT.GI.ZS:ZWE,1989-12-31,20.927516000300468
WDI:DT.ODA.ODAT.GI.ZS:ZWE,1990-12-31,21.888001051747562
WDI:DT.ODA.ODAT.GI.ZS:ZWE,1991-12-31,23.531405641034116
WDI:DT.ODA.ODAT.GI.ZS:ZWE,1992-12-31,57.803949720247324
WDI:DT.ODA.ODAT.GI.ZS:ZWE,1993-12-31,33.382249870727456
WDI:DT.ODA.ODAT.GI.ZS:ZWE,1994-12-31,34.31418122755581
WDI:DT.ODA.ODAT.GI.ZS:ZWE,1995-12-31,35.13851653261841
WDI:DT.ODA.ODAT.GI.ZS:ZWE,1996-12-31,23.429022200449033
WDI:DT.ODA.ODAT.GI.ZS:ZWE,1997-12-31,21.753862470340295
WDI:DT.ODA.ODAT.GI.ZS:ZWE,1998-12-31,19.664487128333107
WDI:DT.ODA.ODAT.GI.ZS:ZWE,1999-12-31,24.76649070745543
WDI:DT.ODA.ODAT.GI.ZS:ZWE,2000-12-31,19.33828784912172
WDI:DT.ODA.ODAT.GI.ZS:ZWE,2001-12-31,23.010652771543985
WDI:DT.ODA.ODAT.GI.ZS:ZWE,2002-12-31,62.76648170465185
WDI:DT.ODA.ODAT.GI.ZS:ZWE,2003-12-31,40.7687753991446
WDI:DT.ODA.ODAT.GI.ZS:ZWE,2004-12-31,71.48785190727864
WDI:DT.ODA.ODAT.GI.ZS:ZWE,2005-12-31,425.00076511307003
WDI:DT.ODA.ODAT.GI.ZS:ZWE,2006-12-31,325.4268891630117
WDI:DT.ODA.ODAT.GI.ZS:ZWE,2007-12-31,126.81478675143187
WDI:DT.ODA.ODAT.GI.ZS:ZWE,2008-12-31,270.52877733512713
WDI:DT.ODA.ODAT.GI.ZS:ZWE,2009-12-31,59.74834057651843
WDI:DT.ODA.ODAT.GI.ZS:ZWE,2010-12-31,31.625304784270647
WDI:DT.ODA.ODAT.GI.ZS:ZWE,2011-12-31,29.435992141352234
WDI:DT.ODA.ODAT.GI.ZS:ZWE,2012-12-31,59.34487931764717
WDI:DT.ODA.ODAT.GI.ZS:ZWE,2013-12-31,47.046002533843826
WDI:DT.ODA.ODAT.GI.ZS:ZWE,2014-12-31,40.45068989122127
WDI:DT.ODA.ODAT.GI.ZS:ZWE,2015-12-31,39.32584485201267
WDI:DT.ODA.ODAT.GI.ZS:ZWE,2016-12-31,32.268936401818735
WDI:DT.ODA.ODAT.GI.ZS:ZWE,2017-12-31,9.673308832763713
WDI:DT.ODA.ODAT.GI.ZS:ZWE,2018-12-31,16.44868509304361
WDI:DT.ODA.ODAT.GI.ZS:ZWE,2019-12-31,21.920625593686214
WDI:DT.ODA.ODAT.GI.ZS:ZWE,2020-12-31,27.50253176964351
WDI:DT.ODA.ODAT.GI.ZS:ZWE,2021-12-31,17.77200355341911
WDI:DT.ODA.ODAT.GI.ZS:ZWE,2022-12-31,15.569468590295038
WDI:DT.ODA.ODAT.GI.ZS:ZWE,2023-12-31,22.0149257802673
