series_id,obs_date,value
WDI:FM.AST.DOMO.ZG.M3:AFG,2007-12-31,17.499192299462457
WDI:FM.AST.DOMO.ZG.M3:AFG,2008-12-31,14.291573464509556
WDI:FM.AST.DOMO.ZG.M3:AFG,2009-12-31,7.957565695184062
WDI:FM.AST.DOMO.ZG.M3:AFG,2010-12-31,9.044741331901573
WDI:FM.AST.DOMO.ZG.M3:AFG,2011-12-31,-16.30309109947079
WDI:FM.AST.DOMO.ZG.M3:AFG,2012-12-31,1.2332498256010958
WDI:FM.AST.DOMO.ZG.M3:AFG,2013-12-31,0.9778168306999832
WDI:FM.AST.DOMO.ZG.M3:AFG,2014-12-31,-0.7565693186388098
WDI:FM.AST.DOMO.ZG.M3:AFG,2015-12-31,0.5971568319908108
WDI:FM.AST.DOMO.ZG.M3:AFG,2016-12-31,-0.2681147630791955
WDI:FM.AST.DOMO.ZG.M3:AFG,2017-12-31,0.4048259787059953
WDI:FM.AST.DOMO.ZG.M3:AFG,2018-12-31,-0.5839619532073779
WDI:FM.AST.DOMO.ZG.M3:AFG,2019-12-31,0.3035368641752382
WDI:FM.AST.DOMO.ZG.M3:AFG,2020-12-31,-0.11112513295383906
WDI:FM.AST.DOMO.ZG.M3:AGO,2002-12-31,39.726783477999554
WDI:FM.AST.DOMO.ZG.M3:AGO,2003-12-31,32.58017907564411
WDI:FM.AST.DOMO.ZG.M3:AGO,2004-12-31,21.83259489844904
WDI:FM.AST.DOMO.ZG.M3:AGO,2005-12-31,19.2731581590957
WDI:FM.AST.DOMO.ZG.M3:AGO,2006-12-31,32.714555325851954
WDI:FM.AST.DOMO.ZG.M3:AGO,2007-12-31,32.978373802138
WDI:FM.AST.DOMO.ZG.M3:AGO,2008-12-31,34.018068940110034
WDI:FM.AST.DOMO.ZG.M3:AGO,2009-12-31,23.216925275891107
WDI:FM.AST.DOMO.ZG.M3:AGO,2010-12-31,13.063594576211756
WDI:FM.AST.DOMO.ZG.M3:AGO,2011-12-31,14.596974738168374
WDI:FM.AST.DOMO.ZG.M3:AGO,2012-12-31,15.616695091589463
WDI:FM.AST.DOMO.ZG.M3:AGO,2013-12-31,7.259143769887225
WDI:FM.AST.DOMO.ZG.M3:AGO,2014-12-31,0.44589650044223744
WDI:FM.AST.DOMO.ZG.M3:AGO,2015-12-31,10.229643579582106
WDI:FM.AST.DOMO.ZG.M3:AGO,2016-12-31,-1.256137145226801
WDI:FM.AST.DOMO.ZG.M3:AGO,2017-12-31,-0.04249425501344301
WDI:FM.AST.DOMO.ZG.M3:AGO,2018-12-31,4.7271966617525925
WDI:FM.AST.DOMO.ZG.M3:AGO,2019-12-31,10.60986364012348
WDI:FM.AST.DOMO.ZG.M3:AGO,2020-12-31,-1.5477957454452957
WDI:FM.AST.DOMO.ZG.M3:AGO,2021-12-31,2.0755859276559963
WDI:FM.AST.DOMO.ZG.M3:AGO,2022-12-31,-1.816283646508412
WDI:FM.AST.DOMO.ZG.M3:AGO,2023-12-31,12.8870924586807
WDI:FM.AST.DOMO.ZG.M3:AGO,2024-12-31,11.0801813990089
WDI:FM.AST.DOMO.ZG.M3:AGO,2025-12-31,7.20578325774146
WDI:FM.AST.DOMO.ZG.M3:ALB,2002-12-31,0.8607912500021755
WDI:FM.AST.DOMO.ZG.M3:ALB,2003-12-31,3.057804691963589
WDI:FM.AST.DOMO.ZG.M3:ALB,2004-12-31,4.4874349929171995
WDI:FM.AST.DOMO.ZG.M3:ALB,2005-12-31,10.48746325037158
WDI:FM.AST.DOMO.ZG.M3:ALB,2006-12-31,12.325047896763106
WDI:FM.AST.DOMO.ZG.M3:ALB,2007-12-31,14.744849730670548
WDI:FM.AST.DOMO.ZG.M3:ALB,2008-12-31,13.525428650624992
WDI:FM.AST.DOMO.ZG.M3:ALB,2009-12-31,5.426014466102734
WDI:FM.AST.DOMO.ZG.M3:ALB,2010-12-31,4.910094438133269
WDI:FM.AST.DOMO.ZG.M3:ALB,2011-12-31,5.995225853837679
WDI:FM.AST.DOMO.ZG.M3:ALB,2012-12-31,1.1979629023968603
WDI:FM.AST.DOMO.ZG.M3:ALB,2013-12-31,-0.5972886123498989
WDI:FM.AST.DOMO.ZG.M3:ALB,2014-12-31,1.2010652926943899
WDI:FM.AST.DOMO.ZG.M3:ALB,2015-12-31,-1.1287852797697244
WDI:FM.AST.DOMO.ZG.M3:ALB,2016-12-31,-0.03946784193129307
WDI:FM.AST.DOMO.ZG.M3:ALB,2017-12-31,0.25327275893182216
WDI:FM.AST.DOMO.ZG.M3:ALB,2018-12-31,-1.3812917840764682
WDI:FM.AST.DOMO.ZG.M3:ALB,2019-12-31,2.9822882140286207
WDI:FM.AST.DOMO.ZG.M3:ALB,2020-12-31,3.059166123185658
WDI:FM.AST.DOMO.ZG.M3:ALB,2021-12-31,4.094056925579448
WDI:FM.AST.DOMO.ZG.M3:ALB,2022-12-31,3.0183718740322694
WDI:FM.AST.DOMO.ZG.M3:ALB,2023-12-31,1.86223839255358
WDI:FM.AST.DOMO.ZG.M3:ALB,2024-12-31,5.43978141947793
WDI:FM.AST.DOMO.ZG.M3:ARE,2002-12-31,11.11957890657797
WDI:FM.AST.DOMO.ZG.M3:ARE,2003-12-31,15.188046374643541
WDI:FM.AST.DOMO.ZG.M3:ARE,2004-12-31,21.731541989690303
WDI:FM.AST.DOMO.ZG.M3:ARE,2005-12-31,43.07422320264386
WDI:FM.AST.DOMO.ZG.M3:ARE,2006-12-31,37.91580751160448
WDI:FM.AST.DOMO.ZG.M3:ARE,2007-12-31,45.87510913251423
WDI:FM.AST.DOMO.ZG.M3:ARE,2008-12-31,55.07775163756343
WDI:FM.AST.DOMO.ZG.M3:ARE,2009-12-31,2.6561361271620534
WDI:FM.AST.DOMO.ZG.M3:ARE,2010-12-31,2.1384153945033755
WDI:FM.AST.DOMO.ZG.M3:ARE,2011-12-31,6.540046494017675
WDI:FM.AST.DOMO.ZG.M3:ARE,2012-12-31,3.9748195024650474
WDI:FM.AST.DOMO.ZG.M3:ARE,2013-12-31,8.96680538947527
WDI:FM.AST.DOMO.ZG.M3:ARE,2014-12-31,6.537706251006804
WDI:FM.AST.DOMO.ZG.M3:ARE,2015-12-31,8.54039529849977
WDI:FM.AST.DOMO.ZG.M3:ARE,2016-12-31,5.0860410661458335
WDI:FM.AST.DOMO.ZG.M3:ARE,2017-12-31,-0.2579450081806349
WDI:FM.AST.DOMO.ZG.M3:ARE,2018-12-31,3.2693147063133403
WDI:FM.AST.DOMO.ZG.M3:ARE,2019-12-31,1.1781277131711851
WDI:FM.AST.DOMO.ZG.M3:ARE,2020-12-31,0.694327488773435
WDI:FM.AST.DOMO.ZG.M3:ARE,2021-12-31,2.1596002183135883
WDI:FM.AST.DOMO.ZG.M3:ARE,2022-12-31,3.583819836534924
WDI:FM.AST.DOMO.ZG.M3:ARE,2023-12-31,7.20422628219238
WDI:FM.AST.DOMO.ZG.M3:ARE,2024-12-31,5.44612993515206
WDI:FM.AST.DOMO.ZG.M3:ARE,2025-12-31,7.59403084567395
WDI:FM.AST.DOMO.ZG.M3:ARG,2018-12-31,21.859805312320898
WDI:FM.AST.DOMO.ZG.M3:ARG,2019-12-31,12.660998254684607
WDI:FM.AST.DOMO.ZG.M3:ARG,2020-12-31,18.320481625948926
WDI:FM.AST.DOMO.ZG.M3:ARG,2021-12-31,18.992685215310285
WDI:FM.AST.DOMO.ZG.M3:ARG,2022-12-31,28.956588256852072
WDI:FM.AST.DOMO.ZG.M3:ARG,2023-12-31,64.2261036290969
WDI:FM.AST.DOMO.ZG.M3:ARG,2024-12-31,90.7498138774124
WDI:FM.AST.DOMO.ZG.M3:ARG,2025-12-31,43.6613133769415
WDI:FM.AST.DOMO.ZG.M3:ARM,2002-12-31,0.3491320755346196
WDI:FM.AST.DOMO.ZG.M3:ARM,2003-12-31,2.5993000635495918
WDI:FM.AST.DOMO.ZG.M3:ARM,2004-12-31,17.362636600028647
WDI:FM.AST.DOMO.ZG.M3:ARM,2005-12-31,16.376921915746614
WDI:FM.AST.DOMO.ZG.M3:ARM,2006-12-31,14.777848204007233
WDI:FM.AST.DOMO.ZG.M3:ARM,2007-12-31,39.28768543523249
WDI:FM.AST.DOMO.ZG.M3:ARM,2008-12-31,38.12488195574043
WDI:FM.AST.DOMO.ZG.M3:ARM,2009-12-31,13.796754019714317
WDI:FM.AST.DOMO.ZG.M3:ARM,2010-12-31,26.433171963497454
WDI:FM.AST.DOMO.ZG.M3:ARM,2011-12-31,39.66751381272582
WDI:FM.AST.DOMO.ZG.M3:ARM,2012-12-31,32.975914830821885
WDI:FM.AST.DOMO.ZG.M3:ARM,2013-12-31,17.194626895704005
WDI:FM.AST.DOMO.ZG.M3:ARM,2014-12-31,27.71590907390607
WDI:FM.AST.DOMO.ZG.M3:ARM,2015-12-31,-3.1504242609601163
WDI:FM.AST.DOMO.ZG.M3:ARM,2016-12-31,9.835477115191406
WDI:FM.AST.DOMO.ZG.M3:ARM,2017-12-31,18.67941568789117
WDI:FM.AST.DOMO.ZG.M3:ARM,2018-12-31,18.64050728869051
WDI:FM.AST.DOMO.ZG.M3:ARM,2019-12-31,22.199777259547037
WDI:FM.AST.DOMO.ZG.M3:ARM,2020-12-31,18.753851460400647
WDI:FM.AST.DOMO.ZG.M3:ARM,2021-12-31,-3.4124482494426416
WDI:FM.AST.DOMO.ZG.M3:ARM,2022-12-31,4.238416540079517
WDI:FM.AST.DOMO.ZG.M3:ARM,2023-12-31,18.7626552037109
WDI:FM.AST.DOMO.ZG.M3:ARM,2024-12-31,26.447535444793
WDI:FM.AST.DOMO.ZG.M3:ARM,2025-12-31,24.77446987524
WDI:FM.AST.DOMO.ZG.M3:ATG,2002-12-31,5.4358034488109235
WDI:FM.AST.DOMO.ZG.M3:ATG,2003-12-31,3.746750762834327
WDI:FM.AST.DOMO.ZG.M3:ATG,2004-12-31,1.6289159917066969
WDI:FM.AST.DOMO.ZG.M3:ATG,2005-12-31,7.132941914767892
WDI:FM.AST.DOMO.ZG.M3:ATG,2006-12-31,11.396063498855355
WDI:FM.AST.DOMO.ZG.M3:ATG,2007-12-31,11.099065950344245
WDI:FM.AST.DOMO.ZG.M3:ATG,2008-12-31,4.497371975038055
WDI:FM.AST.DOMO.ZG.M3:ATG,2009-12-31,1.0255062975473863
WDI:FM.AST.DOMO.ZG.M3:ATG,2010-12-31,0.12440372420740715
WDI:FM.AST.DOMO.ZG.M3:ATG,2011-12-31,-3.4476021909727197
WDI:FM.AST.DOMO.ZG.M3:ATG,2012-12-31,-2.2923820171273066
WDI:FM.AST.DOMO.ZG.M3:ATG,2013-12-31,-1.755656530346769
WDI:FM.AST.DOMO.ZG.M3:ATG,2014-12-31,-3.832415804224074
WDI:FM.AST.DOMO.ZG.M3:ATG,2015-12-31,-6.93058015078599
WDI:FM.AST.DOMO.ZG.M3:ATG,2016-12-31,0.6729449493564287
WDI:FM.AST.DOMO.ZG.M3:ATG,2017-12-31,0.5054256488993091
WDI:FM.AST.DOMO.ZG.M3:ATG,2018-12-31,1.7812005118439926
WDI:FM.AST.DOMO.ZG.M3:ATG,2019-12-31,0.9047685896123752
WDI:FM.AST.DOMO.ZG.M3:ATG,2020-12-31,-1.5599065378808823
WDI:FM.AST.DOMO.ZG.M3:ATG,2021-12-31,0.2608523172381217
WDI:FM.AST.DOMO.ZG.M3:ATG,2022-12-31,-1.6437826155520743
WDI:FM.AST.DOMO.ZG.M3:ATG,2023-12-31,4.65119457319946
WDI:FM.AST.DOMO.ZG.M3:ATG,2024-12-31,5.74661273226627
WDI:FM.AST.DOMO.ZG.M3:ATG,2025-12-31,2.25905753222144
WDI:FM.AST.DOMO.ZG.M3:AUS,2002-12-31,19.079161389336832
WDI:FM.AST.DOMO.ZG.M3:AUS,2003-12-31,17.694714557034246
WDI:FM.AST.DOMO.ZG.M3:AUS,2004-12-31,16.410793600787553
WDI:FM.AST.DOMO.ZG.M3:AUS,2005-12-31,18.183108459663014
WDI:FM.AST.DOMO.ZG.M3:AUS,2006-12-31,20.141658359365028
WDI:FM.AST.DOMO.ZG.M3:AUS,2007-12-31,48.096396658459746
WDI:FM.AST.DOMO.ZG.M3:AUS,2008-12-31,29.252318914022784
WDI:FM.AST.DOMO.ZG.M3:AUS,2009-12-31,1.014747576276143
WDI:FM.AST.DOMO.ZG.M3:AUS,2010-12-31,7.366714265488285
WDI:FM.AST.DOMO.ZG.M3:AUS,2011-12-31,11.315603296190721
WDI:FM.AST.DOMO.ZG.M3:AUS,2012-12-31,7.180483658444203
WDI:FM.AST.DOMO.ZG.M3:AUS,2013-12-31,9.180271637179885
WDI:FM.AST.DOMO.ZG.M3:AUS,2014-12-31,14.354730521678958
WDI:FM.AST.DOMO.ZG.M3:AUS,2015-12-31,12.240613892956384
WDI:FM.AST.DOMO.ZG.M3:AUS,2016-12-31,8.30574871448308
WDI:FM.AST.DOMO.ZG.M3:AUS,2017-12-31,3.7938357460336314
WDI:FM.AST.DOMO.ZG.M3:AUS,2018-12-31,6.288890382573624
WDI:FM.AST.DOMO.ZG.M3:AUS,2019-12-31,52.15445990908394
WDI:FM.AST.DOMO.ZG.M3:AUS,2020-12-31,32.842068925633775
WDI:FM.AST.DOMO.ZG.M3:AUS,2021-12-31,-5.92525008696892
WDI:FM.AST.DOMO.ZG.M3:AUS,2022-12-31,18.533924217913462
WDI:FM.AST.DOMO.ZG.M3:AUS,2023-12-31,2.62695232820058
WDI:FM.AST.DOMO.ZG.M3:AUS,2024-12-31,-0.163294989482631
WDI:FM.AST.DOMO.ZG.M3:AUS,2025-12-31,6.3655236112895
WDI:FM.AST.DOMO.ZG.M3:AZE,2002-12-31,-23.92011922895196
WDI:FM.AST.DOMO.ZG.M3:AZE,2003-12-31,21.225978663877253
WDI:FM.AST.DOMO.ZG.M3:AZE,2004-12-31,35.123529206452304
WDI:FM.AST.DOMO.ZG.M3:AZE,2005-12-31,33.85447697166038
WDI:FM.AST.DOMO.ZG.M3:AZE,2006-12-31,51.92171031867379
WDI:FM.AST.DOMO.ZG.M3:AZE,2007-12-31,67.54949062163064
WDI:FM.AST.DOMO.ZG.M3:AZE,2008-12-31,42.880958224832035
WDI:FM.AST.DOMO.ZG.M3:AZE,2009-12-31,13.200421653882268
WDI:FM.AST.DOMO.ZG.M3:AZE,2010-12-31,12.879471269689228
WDI:FM.AST.DOMO.ZG.M3:AZE,2011-12-31,18.89293337580891
WDI:FM.AST.DOMO.ZG.M3:AZE,2012-12-31,24.04793965971431
WDI:FM.AST.DOMO.ZG.M3:AZE,2013-12-31,16.81237266190758
WDI:FM.AST.DOMO.ZG.M3:AZE,2014-12-31,19.438412147142223
WDI:FM.AST.DOMO.ZG.M3:AZE,2015-12-31,36.14326723875304
WDI:FM.AST.DOMO.ZG.M3:AZE,2016-12-31,19.464425488896538
WDI:FM.AST.DOMO.ZG.M3:AZE,2017-12-31,-34.581533662707216
WDI:FM.AST.DOMO.ZG.M3:AZE,2018-12-31,9.484753484561857
WDI:FM.AST.DOMO.ZG.M3:AZE,2019-12-31,6.828917013802971
WDI:FM.AST.DOMO.ZG.M3:AZE,2020-12-31,-0.0543730567969931
WDI:FM.AST.DOMO.ZG.M3:AZE,2021-12-31,8.05139202850168
WDI:FM.AST.DOMO.ZG.M3:AZE,2022-12-31,7.772369689075037
WDI:FM.AST.DOMO.ZG.M3:AZE,2023-12-31,8.12731295544426
WDI:FM.AST.DOMO.ZG.M3:AZE,2024-12-31,8.69201817818976
WDI:FM.AST.DOMO.ZG.M3:AZE,2025-12-31,-4.3222095250253
WDI:FM.AST.DOMO.ZG.M3:BDI,2002-12-31,34.643338699658806
WDI:FM.AST.DOMO.ZG.M3:BDI,2003-12-31,4.745756171717081
WDI:FM.AST.DOMO.ZG.M3:BDI,2004-12-31,1.806278128464972
WDI:FM.AST.DOMO.ZG.M3:BDI,2005-12-31,-0.7489517376220423
WDI:FM.AST.DOMO.ZG.M3:BDI,2006-12-31,12.932302444223907
WDI:FM.AST.DOMO.ZG.M3:BDI,2007-12-31,2.1113416530660083
WDI:FM.AST.DOMO.ZG.M3:BDI,2008-12-31,16.208219438989268
WDI:FM.AST.DOMO.ZG.M3:BDI,2009-12-31,9.608449733226939
WDI:FM.AST.DOMO.ZG.M3:BDI,2010-12-31,24.73613336723282
WDI:FM.AST.DOMO.ZG.M3:BDI,2011-12-31,20.89464039154661
WDI:FM.AST.DOMO.ZG.M3:BDI,2012-12-31,12.271779272575376
WDI:FM.AST.DOMO.ZG.M3:BDI,2013-12-31,8.267389772639058
WDI:FM.AST.DOMO.ZG.M3:BDI,2014-12-31,7.849393888292542
WDI:FM.AST.DOMO.ZG.M3:BDI,2015-12-31,-4.194087668078115
WDI:FM.AST.DOMO.ZG.M3:BDI,2016-12-31,3.8397386069885573
WDI:FM.AST.DOMO.ZG.M3:BDI,2017-12-31,2.7878400993074055
WDI:FM.AST.DOMO.ZG.M3:BDI,2018-12-31,9.475690405864464
WDI:FM.AST.DOMO.ZG.M3:BDI,2019-12-31,9.79620287171589
WDI:FM.AST.DOMO.ZG.M3:BDI,2020-12-31,11.415887808465028
WDI:FM.AST.DOMO.ZG.M3:BDI,2021-12-31,33.56375100728022
WDI:FM.AST.DOMO.ZG.M3:BDI,2022-12-31,31.597697639602163
WDI:FM.AST.DOMO.ZG.M3:BDI,2023-12-31,22.2698072757686
WDI:FM.AST.DOMO.ZG.M3:BEN,2023-12-31,12.000657601688
WDI:FM.AST.DOMO.ZG.M3:BEN,2024-12-31,6.09991157707045
WDI:FM.AST.DOMO.ZG.M3:BEN,2025-12-31,8.0966114655145
WDI:FM.AST.DOMO.ZG.M3:BFA,2002-12-31,-1.6379878912133174
WDI:FM.AST.DOMO.ZG.M3:BFA,2003-12-31,28.722114144899788
WDI:FM.AST.DOMO.ZG.M3:BFA,2004-12-31,6.442561774277887
WDI:FM.AST.DOMO.ZG.M3:BFA,2005-12-31,16.646316008028027
WDI:FM.AST.DOMO.ZG.M3:BFA,2006-12-31,11.956416631017907
WDI:FM.AST.DOMO.ZG.M3:BFA,2007-12-31,-8.165335737847807
WDI:FM.AST.DOMO.ZG.M3:BFA,2008-12-31,28.63651971808758
WDI:FM.AST.DOMO.ZG.M3:BFA,2009-12-31,0.6899260426142676
WDI:FM.AST.DOMO.ZG.M3:BFA,2010-12-31,12.079452720160187
WDI:FM.AST.DOMO.ZG.M3:BFA,2011-12-31,12.784045824626942
WDI:FM.AST.DOMO.ZG.M3:BFA,2012-12-31,15.824914777570626
WDI:FM.AST.DOMO.ZG.M3:BFA,2013-12-31,17.736457395966543
WDI:FM.AST.DOMO.ZG.M3:BFA,2014-12-31,14.183870107771854
WDI:FM.AST.DOMO.ZG.M3:BFA,2015-12-31,9.063390620727935
WDI:FM.AST.DOMO.ZG.M3:BFA,2016-12-31,5.06248546859874
WDI:FM.AST.DOMO.ZG.M3:BFA,2017-12-31,8.125081995026802
WDI:FM.AST.DOMO.ZG.M3:BFA,2018-12-31,8.745280404600182
WDI:FM.AST.DOMO.ZG.M3:BFA,2019-12-31,6.763849603875838
WDI:FM.AST.DOMO.ZG.M3:BFA,2020-12-31,6.712722219527906
WDI:FM.AST.DOMO.ZG.M3:BFA,2021-12-31,7.646365557362497
WDI:FM.AST.DOMO.ZG.M3:BFA,2022-12-31,10.037286858404666
WDI:FM.AST.DOMO.ZG.M3:BFA,2023-12-31,3.61614293330548
WDI:FM.AST.DOMO.ZG.M3:BFA,2024-12-31,-0.205097220621756
WDI:FM.AST.DOMO.ZG.M3:BFA,2025-12-31,-4.47996220544864
WDI:FM.AST.DOMO.ZG.M3:BGD,2002-12-31,10.702300084133826
WDI:FM.AST.DOMO.ZG.M3:BGD,2003-12-31,6.282868288615586
WDI:FM.AST.DOMO.ZG.M3:BGD,2004-12-31,11.26718186985996
WDI:FM.AST.DOMO.ZG.M3:BGD,2005-12-31,13.746881973029138
WDI:FM.AST.DOMO.ZG.M3:BGD,2006-12-31,12.394882361567644
WDI:FM.AST.DOMO.ZG.M3:BGD,2007-12-31,9.328386408854847
WDI:FM.AST.DOMO.ZG.M3:BGD,2008-12-31,14.149910761375121
WDI:FM.AST.DOMO.ZG.M3:BGD,2009-12-31,13.303294671503927
WDI:FM.AST.DOMO.ZG.M3:BGD,2010-12-31,19.68433062716514
WDI:FM.AST.DOMO.ZG.M3:BGD,2011-12-31,13.669538610090939
WDI:FM.AST.DOMO.ZG.M3:BGD,2012-12-31,12.345926253447137
WDI:FM.AST.DOMO.ZG.M3:BGD,2013-12-31,6.2173603248517955
WDI:FM.AST.DOMO.ZG.M3:BGD,2014-12-31,12.726530277347528
WDI:FM.AST.DOMO.ZG.M3:BGD,2015-12-31,10.021602713352499
WDI:FM.AST.DOMO.ZG.M3:BGD,2016-12-31,11.78646619863247
WDI:FM.AST.DOMO.ZG.M3:BGD,2017-12-31,13.658155553633367
WDI:FM.AST.DOMO.ZG.M3:BGD,2018-12-31,9.790535938284961
WDI:FM.AST.DOMO.ZG.M3:BGD,2019-12-31,7.348390704266929
WDI:FM.AST.DOMO.ZG.M3:BGD,2020-12-31,5.683642096424584
WDI:FM.AST.DOMO.ZG.M3:BGD,2021-12-31,7.628695456595843
WDI:FM.AST.DOMO.ZG.M3:BGD,2022-12-31,8.956389229852187
WDI:FM.AST.DOMO.ZG.M3:BGD,2023-12-31,7.01987474095116
WDI:FM.AST.DOMO.ZG.M3:BGD,2024-12-31,4.38460260281028
WDI:FM.AST.DOMO.ZG.M3:BGD,2025-12-31,4.53394719286865
WDI:FM.AST.DOMO.ZG.M3:BGR,2002-12-31,15.52317236305969
WDI:FM.AST.DOMO.ZG.M3:BGR,2003-12-31,22.260286467688303
WDI:FM.AST.DOMO.ZG.M3:BGR,2004-12-31,27.934844247704653
WDI:FM.AST.DOMO.ZG.M3:BGR,2005-12-31,21.888281014391815
WDI:FM.AST.DOMO.ZG.M3:BGR,2006-12-31,18.4543889476406
WDI:FM.AST.DOMO.ZG.M3:BGR,2007-12-31,45.55980088205755
WDI:FM.AST.DOMO.ZG.M3:BGR,2008-12-31,28.570546152495634
WDI:FM.AST.DOMO.ZG.M3:BGR,2009-12-31,4.119725779375138
WDI:FM.AST.DOMO.ZG.M3:BGR,2010-12-31,1.5405691520375029
WDI:FM.AST.DOMO.ZG.M3:BGR,2011-12-31,4.1172062964516245
WDI:FM.AST.DOMO.ZG.M3:BGR,2012-12-31,2.631764797648988
WDI:FM.AST.DOMO.ZG.M3:BGR,2013-12-31,0.08876942793215352
WDI:FM.AST.DOMO.ZG.M3:BGR,2014-12-31,-6.332821759920615
WDI:FM.AST.DOMO.ZG.M3:BGR,2015-12-31,-1.1603203354046145
WDI:FM.AST.DOMO.ZG.M3:BGR,2016-12-31,1.244671127104358
WDI:FM.AST.DOMO.ZG.M3:BGR,2017-12-31,2.9215799397742943
WDI:FM.AST.DOMO.ZG.M3:BGR,2018-12-31,5.693898285101907
WDI:FM.AST.DOMO.ZG.M3:BGR,2019-12-31,6.17496595192522
WDI:FM.AST.DOMO.ZG.M3:BGR,2020-12-31,2.9126689231061103
WDI:FM.AST.DOMO.ZG.M3:BGR,2021-12-31,5.228057476082459
WDI:FM.AST.DOMO.ZG.M3:BGR,2022-12-31,7.495625011727502
WDI:FM.AST.DOMO.ZG.M3:BGR,2023-12-31,7.04801191165648
WDI:FM.AST.DOMO.ZG.M3:BGR,2024-12-31,8.70295752987619
WDI:FM.AST.DOMO.ZG.M3:BHS,2011-12-31,-5.1566735317434516
WDI:FM.AST.DOMO.ZG.M3:BHS,2012-12-31,2.2446893090818634
WDI:FM.AST.DOMO.ZG.M3:BHS,2013-12-31,17.575013474143628
WDI:FM.AST.DOMO.ZG.M3:BHS,2014-12-31,-3.101192072443945
WDI:FM.AST.DOMO.ZG.M3:BHS,2015-12-31,-1.6536669990812871
WDI:FM.AST.DOMO.ZG.M3:BHS,2016-12-31,-5.710303105156559
WDI:FM.AST.DOMO.ZG.M3:BHS,2017-12-31,-3.214367808136657
WDI:FM.AST.DOMO.ZG.M3:BHS,2018-12-31,-0.9004894950475354
WDI:FM.AST.DOMO.ZG.M3:BHS,2019-12-31,-5.37044924509274
WDI:FM.AST.DOMO.ZG.M3:BHS,2020-12-31,-1.0492132094273015
WDI:FM.AST.DOMO.ZG.M3:BHS,2021-12-31,-3.6398279264292657
WDI:FM.AST.DOMO.ZG.M3:BHS,2022-12-31,0.9759799843526901
WDI:FM.AST.DOMO.ZG.M3:BHS,2023-12-31,-0.784914866736597
WDI:FM.AST.DOMO.ZG.M3:BIH,2002-12-31,19.900964705978694
WDI:FM.AST.DOMO.ZG.M3:BIH,2003-12-31,16.85028410597223
WDI:FM.AST.DOMO.ZG.M3:BIH,2004-12-31,14.727549363281275
WDI:FM.AST.DOMO.ZG.M3:BIH,2005-12-31,23.706273281156676
WDI:FM.AST.DOMO.ZG.M3:BIH,2006-12-31,17.457680734178133
WDI:FM.AST.DOMO.ZG.M3:BIH,2007-12-31,27.2612410282454
WDI:FM.AST.DOMO.ZG.M3:BIH,2008-12-31,20.86203838072068
WDI:FM.AST.DOMO.ZG.M3:BIH,2009-12-31,-3.774209377389198
WDI:FM.AST.DOMO.ZG.M3:BIH,2010-12-31,3.3970607932366765
WDI:FM.AST.DOMO.ZG.M3:BIH,2011-12-31,4.565480749946976
WDI:FM.AST.DOMO.ZG.M3:BIH,2012-12-31,3.3576749519198836
WDI:FM.AST.DOMO.ZG.M3:BIH,2013-12-31,2.905224639569473
WDI:FM.AST.DOMO.ZG.M3:BIH,2014-12-31,2.0928713905874092
WDI:FM.AST.DOMO.ZG.M3:BIH,2015-12-31,2.1503425591841023
WDI:FM.AST.DOMO.ZG.M3:BIH,2016-12-31,2.7912550023322664
WDI:FM.AST.DOMO.ZG.M3:BIH,2017-12-31,5.930732613495294
WDI:FM.AST.DOMO.ZG.M3:BIH,2018-12-31,4.352509515284467
WDI:FM.AST.DOMO.ZG.M3:BIH,2019-12-31,5.139585830081163
WDI:FM.AST.DOMO.ZG.M3:BIH,2020-12-31,-1.8005531265947436
WDI:FM.AST.DOMO.ZG.M3:BIH,2021-12-31,2.76048648243216
WDI:FM.AST.DOMO.ZG.M3:BIH,2022-12-31,3.428462457965515
WDI:FM.AST.DOMO.ZG.M3:BIH,2023-12-31,4.65556109839811
WDI:FM.AST.DOMO.ZG.M3:BIH,2024-12-31,6.23851729575458
WDI:FM.AST.DOMO.ZG.M3:BIH,2025-12-31,6.92734381012283
WDI:FM.AST.DOMO.ZG.M3:BLR,2002-12-31,59.8518776060212
WDI:FM.AST.DOMO.ZG.M3:BLR,2003-12-31,64.92004414402064
WDI:FM.AST.DOMO.ZG.M3:BLR,2004-12-31,60.51539344831943
WDI:FM.AST.DOMO.ZG.M3:BLR,2005-12-31,42.327734600373326
WDI:FM.AST.DOMO.ZG.M3:BLR,2006-12-31,64.88950943436693
WDI:FM.AST.DOMO.ZG.M3:BLR,2007-12-31,58.698546061058
WDI:FM.AST.DOMO.ZG.M3:BLR,2008-12-31,71.82163809358252
WDI:FM.AST.DOMO.ZG.M3:BLR,2009-12-31,64.88175874033779
WDI:FM.AST.DOMO.ZG.M3:BLR,2010-12-31,79.17497095401416
WDI:FM.AST.DOMO.ZG.M3:BLR,2011-12-31,153.02588901647036
WDI:FM.AST.DOMO.ZG.M3:BLR,2012-12-31,56.731958761801856
WDI:FM.AST.DOMO.ZG.M3:BLR,2013-12-31,39.15037408547852
WDI:FM.AST.DOMO.ZG.M3:BLR,2014-12-31,33.55496844148265
WDI:FM.AST.DOMO.ZG.M3:BLR,2015-12-31,29.396012689225483
WDI:FM.AST.DOMO.ZG.M3:BLR,2016-12-31,-0.8425408700681872
WDI:FM.AST.DOMO.ZG.M3:BLR,2017-12-31,11.655367591639042
WDI:FM.AST.DOMO.ZG.M3:BLR,2018-12-31,15.108760012208172
WDI:FM.AST.DOMO.ZG.M3:BLR,2019-12-31,11.338459835485324
WDI:FM.AST.DOMO.ZG.M3:BLR,2020-12-31,25.1410079315415
WDI:FM.AST.DOMO.ZG.M3:BLR,2021-12-31,3.043610153203034
WDI:FM.AST.DOMO.ZG.M3:BLZ,2002-12-31,4.093379172673838
WDI:FM.AST.DOMO.ZG.M3:BLZ,2003-12-31,12.334549785406885
WDI:FM.AST.DOMO.ZG.M3:BLZ,2004-12-31,12.682854433309936
WDI:FM.AST.DOMO.ZG.M3:BLZ,2005-12-31,6.066277915857915
WDI:FM.AST.DOMO.ZG.M3:BLZ,2006-12-31,9.959329035169404
WDI:FM.AST.DOMO.ZG.M3:BLZ,2007-12-31,13.201693066128216
WDI:FM.AST.DOMO.ZG.M3:BLZ,2008-12-31,9.260312935224652
WDI:FM.AST.DOMO.ZG.M3:BLZ,2009-12-31,3.321798005238194
WDI:FM.AST.DOMO.ZG.M3:BLZ,2010-12-31,-2.1984191067339207
WDI:FM.AST.DOMO.ZG.M3:BLZ,2011-12-31,0.8783941275143666
WDI:FM.AST.DOMO.ZG.M3:BLZ,2012-12-31,1.9902128950798523
WDI:FM.AST.DOMO.ZG.M3:BLZ,2013-12-31,2.144537744597109
WDI:FM.AST.DOMO.ZG.M3:BLZ,2014-12-31,3.34881794225091
WDI:FM.AST.DOMO.ZG.M3:BLZ,2015-12-31,3.563842155392875
WDI:FM.AST.DOMO.ZG.M3:BLZ,2016-12-31,-0.36662137206089157
WDI:FM.AST.DOMO.ZG.M3:BLZ,2017-12-31,0.19261080211904974
WDI:FM.AST.DOMO.ZG.M3:BLZ,2018-12-31,3.5495372691504126
WDI:FM.AST.DOMO.ZG.M3:BLZ,2019-12-31,4.596415894244854
WDI:FM.AST.DOMO.ZG.M3:BLZ,2020-12-31,1.6896314592366335
WDI:FM.AST.DOMO.ZG.M3:BLZ,2021-12-31,1.1842731566549045
WDI:FM.AST.DOMO.ZG.M3:BLZ,2022-12-31,3.794981949299132
WDI:FM.AST.DOMO.ZG.M3:BLZ,2023-12-31,4.32950877011113
WDI:FM.AST.DOMO.ZG.M3:BLZ,2024-12-31,2.24092658420478
WDI:FM.AST.DOMO.ZG.M3:BLZ,2025-12-31,4.81431606141839
WDI:FM.AST.DOMO.ZG.M3:BOL,2002-12-31,-1.250718262831359
WDI:FM.AST.DOMO.ZG.M3:BOL,2003-12-31,2.52941869353454
WDI:FM.AST.DOMO.ZG.M3:BOL,2004-12-31,0.05806851728170311
WDI:FM.AST.DOMO.ZG.M3:BOL,2005-12-31,2.5411281141476323
WDI:FM.AST.DOMO.ZG.M3:BOL,2006-12-31,4.662841320664421
WDI:FM.AST.DOMO.ZG.M3:BOL,2007-12-31,6.509728316551451
WDI:FM.AST.DOMO.ZG.M3:BOL,2008-12-31,5.067537424670495
WDI:FM.AST.DOMO.ZG.M3:BOL,2009-12-31,5.580157490850176
WDI:FM.AST.DOMO.ZG.M3:BOL,2010-12-31,9.096130415122033
WDI:FM.AST.DOMO.ZG.M3:BOL,2011-12-31,15.302339086487889
WDI:FM.AST.DOMO.ZG.M3:BOL,2012-12-31,13.89747022218852
WDI:FM.AST.DOMO.ZG.M3:BOL,2013-12-31,16.364722810497067
WDI:FM.AST.DOMO.ZG.M3:BOL,2014-12-31,10.19765542026065
WDI:FM.AST.DOMO.ZG.M3:BOL,2015-12-31,12.153169098783728
WDI:FM.AST.DOMO.ZG.M3:BOL,2016-12-31,12.297705982686814
WDI:FM.AST.DOMO.ZG.M3:BOL,2017-12-31,10.186565950420821
WDI:FM.AST.DOMO.ZG.M3:BOL,2018-12-31,10.684250967267959
WDI:FM.AST.DOMO.ZG.M3:BOL,2019-12-31,6.271570835048011
WDI:FM.AST.DOMO.ZG.M3:BOL,2020-12-31,6.750476876459681
WDI:FM.AST.DOMO.ZG.M3:BOL,2021-12-31,1.1084296494313786
WDI:FM.AST.DOMO.ZG.M3:BOL,2022-12-31,7.729709604527273
WDI:FM.AST.DOMO.ZG.M3:BOL,2023-12-31,-1.60230893244279
WDI:FM.AST.DOMO.ZG.M3:BOL,2024-12-31,3.53440189145935
WDI:FM.AST.DOMO.ZG.M3:BOL,2025-12-31,2.71877085866966
WDI:FM.AST.DOMO.ZG.M3:BRA,2002-12-31,6.856839900805201
WDI:FM.AST.DOMO.ZG.M3:BRA,2003-12-31,3.9834468679390334
WDI:FM.AST.DOMO.ZG.M3:BRA,2004-12-31,10.049138502287924
WDI:FM.AST.DOMO.ZG.M3:BRA,2005-12-31,13.614567336097123
WDI:FM.AST.DOMO.ZG.M3:BRA,2006-12-31,17.5088668528809
WDI:FM.AST.DOMO.ZG.M3:BRA,2007-12-31,21.414379562152835
WDI:FM.AST.DOMO.ZG.M3:BRA,2008-12-31,19.75881009411624
WDI:FM.AST.DOMO.ZG.M3:BRA,2009-12-31,7.791488078331028
WDI:FM.AST.DOMO.ZG.M3:BRA,2010-12-31,21.11813046837151
WDI:FM.AST.DOMO.ZG.M3:BRA,2011-12-31,19.103909345727498
WDI:FM.AST.DOMO.ZG.M3:BRA,2012-12-31,16.168000509201025
WDI:FM.AST.DOMO.ZG.M3:BRA,2013-12-31,12.889937039962959
WDI:FM.AST.DOMO.ZG.M3:BRA,2014-12-31,11.94084330737295
WDI:FM.AST.DOMO.ZG.M3:BRA,2015-12-31,6.384239449588426
WDI:FM.AST.DOMO.ZG.M3:BRA,2016-12-31,-2.4908472610705235
WDI:FM.AST.DOMO.ZG.M3:BRA,2017-12-31,-3.1378875796087526
WDI:FM.AST.DOMO.ZG.M3:BRA,2018-12-31,3.3060614348185147
WDI:FM.AST.DOMO.ZG.M3:BRA,2019-12-31,6.83605039325324
WDI:FM.AST.DOMO.ZG.M3:BRA,2020-12-31,9.835539279075133
WDI:FM.AST.DOMO.ZG.M3:BRA,2021-12-31,12.847695573980635
WDI:FM.AST.DOMO.ZG.M3:BRA,2022-12-31,10.792835806589595
WDI:FM.AST.DOMO.ZG.M3:BRA,2023-12-31,6.95172437968385
WDI:FM.AST.DOMO.ZG.M3:BRA,2024-12-31,11.0603968476834
WDI:FM.AST.DOMO.ZG.M3:BRA,2025-12-31,5.41976774207753
WDI:FM.AST.DOMO.ZG.M3:BRB,2002-12-31,4.354595674939847
WDI:FM.AST.DOMO.ZG.M3:BRB,2003-12-31,4.6553647720945595
WDI:FM.AST.DOMO.ZG.M3:BRB,2004-12-31,12.03018502067267
WDI:FM.AST.DOMO.ZG.M3:BRB,2005-12-31,14.77031523461009
WDI:FM.AST.DOMO.ZG.M3:BRB,2006-12-31,8.787476502362264
WDI:FM.AST.DOMO.ZG.M3:BRB,2007-12-31,5.699192498796949
WDI:FM.AST.DOMO.ZG.M3:BRB,2008-12-31,6.394695456826671
WDI:FM.AST.DOMO.ZG.M3:BRB,2009-12-31,2.0949451987728605
WDI:FM.AST.DOMO.ZG.M3:BRB,2013-12-31,-5.558609906211774
WDI:FM.AST.DOMO.ZG.M3:BRB,2014-12-31,-1.6354755144666897
WDI:FM.AST.DOMO.ZG.M3:BRB,2015-12-31,-0.8165248314539746
WDI:FM.AST.DOMO.ZG.M3:BRB,2016-12-31,0.5030129875969465
WDI:FM.AST.DOMO.ZG.M3:BRB,2017-12-31,1.8942858357865653
WDI:FM.AST.DOMO.ZG.M3:BRB,2018-12-31,-0.536828274886662
WDI:FM.AST.DOMO.ZG.M3:BRB,2019-12-31,-1.1675976797937286
WDI:FM.AST.DOMO.ZG.M3:BRB,2020-12-31,-0.5912021068515639
WDI:FM.AST.DOMO.ZG.M3:BRB,2021-12-31,-0.10316988953368438
WDI:FM.AST.DOMO.ZG.M3:BRB,2022-12-31,2.4844549822031237
WDI:FM.AST.DOMO.ZG.M3:BRB,2023-12-31,1.49833090895838
WDI:FM.AST.DOMO.ZG.M3:BRN,2002-12-31,3.0622110229404824
WDI:FM.AST.DOMO.ZG.M3:BRN,2003-12-31,2.923365464701333
WDI:FM.AST.DOMO.ZG.M3:BRN,2004-12-31,4.89961690730679
WDI:FM.AST.DOMO.ZG.M3:BRN,2005-12-31,2.106334825851255
WDI:FM.AST.DOMO.ZG.M3:BRN,2006-12-31,-0.7404983572868139
WDI:FM.AST.DOMO.ZG.M3:BRN,2007-12-31,6.521343007448221
WDI:FM.AST.DOMO.ZG.M3:BRN,2008-12-31,2.2426751641744356
WDI:FM.AST.DOMO.ZG.M3:BRN,2009-12-31,-2.2412534502546104
WDI:FM.AST.DOMO.ZG.M3:BRN,2010-12-31,-0.33884089529870354
WDI:FM.AST.DOMO.ZG.M3:BRN,2011-12-31,-1.8375948493989624
WDI:FM.AST.DOMO.ZG.M3:BRN,2012-12-31,1.098816187723024
WDI:FM.AST.DOMO.ZG.M3:BRN,2013-12-31,4.846430816680729
WDI:FM.AST.DOMO.ZG.M3:BRN,2014-12-31,1.7129554900972987
WDI:FM.AST.DOMO.ZG.M3:BRN,2015-12-31,2.929694596366784
WDI:FM.AST.DOMO.ZG.M3:BRN,2016-12-31,-5.466877604732574
WDI:FM.AST.DOMO.ZG.M3:BRN,2017-12-31,-3.9242261027492535
WDI:FM.AST.DOMO.ZG.M3:BRN,2018-12-31,1.4379931451199508
WDI:FM.AST.DOMO.ZG.M3:BRN,2019-12-31,-0.9151363673675448
WDI:FM.AST.DOMO.ZG.M3:BRN,2020-12-31,-0.3953438674676347
WDI:FM.AST.DOMO.ZG.M3:BRN,2021-12-31,0.806950757891871
WDI:FM.AST.DOMO.ZG.M3:BRN,2022-12-31,1.7972524670567926
WDI:FM.AST.DOMO.ZG.M3:BRN,2023-12-31,1.96858227849581
WDI:FM.AST.DOMO.ZG.M3:BRN,2024-12-31,1.04353702911538
WDI:FM.AST.DOMO.ZG.M3:BRN,2025-12-31,0.935367286966862
WDI:FM.AST.DOMO.ZG.M3:BTN,2002-12-31,8.106786530507744
WDI:FM.AST.DOMO.ZG.M3:BTN,2003-12-31,11.307937531653053
WDI:FM.AST.DOMO.ZG.M3:BTN,2004-12-31,7.938948543063283
WDI:FM.AST.DOMO.ZG.M3:BTN,2005-12-31,7.772058394331619
WDI:FM.AST.DOMO.ZG.M3:BTN,2006-12-31,11.701989116049258
WDI:FM.AST.DOMO.ZG.M3:BTN,2007-12-31,12.214004165432751
WDI:FM.AST.DOMO.ZG.M3:BTN,2008-12-31,16.765473778846452
WDI:FM.AST.DOMO.ZG.M3:BTN,2009-12-31,6.323737424301919
WDI:FM.AST.DOMO.ZG.M3:BTN,2010-12-31,23.95373942668321
WDI:FM.AST.DOMO.ZG.M3:BTN,2011-12-31,19.805437222243835
WDI:FM.AST.DOMO.ZG.M3:BTN,2012-12-31,9.872304084181403
WDI:FM.AST.DOMO.ZG.M3:BTN,2013-12-31,6.340490314639466
WDI:FM.AST.DOMO.ZG.M3:BTN,2014-12-31,10.00384162548153
WDI:FM.AST.DOMO.ZG.M3:BTN,2015-12-31,11.877373892249512
WDI:FM.AST.DOMO.ZG.M3:BTN,2016-12-31,12.099428038011101
WDI:FM.AST.DOMO.ZG.M3:BTN,2017-12-31,13.562827588377004
WDI:FM.AST.DOMO.ZG.M3:BTN,2018-12-31,13.276014669412682
WDI:FM.AST.DOMO.ZG.M3:BTN,2019-12-31,13.998409665415913
WDI:FM.AST.DOMO.ZG.M3:BTN,2020-12-31,6.993843699508429
WDI:FM.AST.DOMO.ZG.M3:BTN,2021-12-31,5.840592490160958
WDI:FM.AST.DOMO.ZG.M3:BTN,2022-12-31,11.213592445929718
WDI:FM.AST.DOMO.ZG.M3:BTN,2023-12-31,12.1006156131343
WDI:FM.AST.DOMO.ZG.M3:BTN,2024-12-31,7.7822378102786
WDI:FM.AST.DOMO.ZG.M3:BTN,2025-12-31,16.4867846737626
WDI:FM.AST.DOMO.ZG.M3:BWA,2002-12-31,10.336744009214963
WDI:FM.AST.DOMO.ZG.M3:BWA,2003-12-31,4.466365880834996
WDI:FM.AST.DOMO.ZG.M3:BWA,2004-12-31,10.3343749658176
WDI:FM.AST.DOMO.ZG.M3:BWA,2005-12-31,3.661301911117804
WDI:FM.AST.DOMO.ZG.M3:BWA,2006-12-31,8.974229248252172
WDI:FM.AST.DOMO.ZG.M3:BWA,2007-12-31,12.382341098307583
WDI:FM.AST.DOMO.ZG.M3:BWA,2008-12-31,12.531477539833391
WDI:FM.AST.DOMO.ZG.M3:BWA,2009-12-31,5.32531786881244
WDI:FM.AST.DOMO.ZG.M3:BWA,2010-12-31,6.287948389906461
WDI:FM.AST.DOMO.ZG.M3:BWA,2011-12-31,16.536631440544838
WDI:FM.AST.DOMO.ZG.M3:BWA,2012-12-31,14.411349618979166
WDI:FM.AST.DOMO.ZG.M3:BWA,2013-12-31,11.212833900692921
WDI:FM.AST.DOMO.ZG.M3:BWA,2014-12-31,11.582464339570713
WDI:FM.AST.DOMO.ZG.M3:BWA,2015-12-31,7.9184979139206755
WDI:FM.AST.DOMO.ZG.M3:BWA,2016-12-31,4.730261090628699
WDI:FM.AST.DOMO.ZG.M3:BWA,2017-12-31,3.9593855275671803
WDI:FM.AST.DOMO.ZG.M3:BWA,2018-12-31,6.117186733553187
WDI:FM.AST.DOMO.ZG.M3:BWA,2019-12-31,6.199198530575889
WDI:FM.AST.DOMO.ZG.M3:BWA,2020-12-31,4.723808793675403
WDI:FM.AST.DOMO.ZG.M3:BWA,2021-12-31,4.03463040435856
WDI:FM.AST.DOMO.ZG.M3:BWA,2022-12-31,4.624833392657571
WDI:FM.AST.DOMO.ZG.M3:BWA,2023-12-31,6.04258526887562
WDI:FM.AST.DOMO.ZG.M3:BWA,2024-12-31,6.24525311242297
WDI:FM.AST.DOMO.ZG.M3:BWA,2025-12-31,1.88250674283006
WDI:FM.AST.DOMO.ZG.M3:CAF,2002-12-31,-1.144350001839791
WDI:FM.AST.DOMO.ZG.M3:CAF,2003-12-31,0.964296790200031
WDI:FM.AST.DOMO.ZG.M3:CAF,2004-12-31,5.843590308601169
WDI:FM.AST.DOMO.ZG.M3:CAF,2005-12-31,-0.6430898005772032
WDI:FM.AST.DOMO.ZG.M3:CAF,2006-12-31,1.6318333019519238
WDI:FM.AST.DOMO.ZG.M3:CAF,2007-12-31,3.4175102171714267
WDI:FM.AST.DOMO.ZG.M3:CAF,2008-12-31,4.5324088295958225
WDI:FM.AST.DOMO.ZG.M3:CAF,2009-12-31,3.622592287910117
WDI:FM.AST.DOMO.ZG.M3:CAF,2010-12-31,13.26716777348026
WDI:FM.AST.DOMO.ZG.M3:CAF,2011-12-31,10.46873661058585
WDI:FM.AST.DOMO.ZG.M3:CAF,2012-12-31,16.495725208468254
WDI:FM.AST.DOMO.ZG.M3:CAF,2013-12-31,-11.454898684555266
WDI:FM.AST.DOMO.ZG.M3:CAF,2014-12-31,2.2265387315703253
WDI:FM.AST.DOMO.ZG.M3:CAF,2015-12-31,-0.1053921568627451
WDI:FM.AST.DOMO.ZG.M3:CAF,2016-12-31,8.380365004557708
WDI:FM.AST.DOMO.ZG.M3:CAN,2002-12-31,3.571309835874868
WDI:FM.AST.DOMO.ZG.M3:CAN,2003-12-31,1.1471905268550175
WDI:FM.AST.DOMO.ZG.M3:CAN,2004-12-31,6.7690703927774525
WDI:FM.AST.DOMO.ZG.M3:CAN,2005-12-31,9.063936987086363
WDI:FM.AST.DOMO.ZG.M3:CAN,2006-12-31,13.348427606090521
WDI:FM.AST.DOMO.ZG.M3:CAN,2007-12-31,-0.7074867034379275
WDI:FM.AST.DOMO.ZG.M3:CAN,2008-12-31,23.086681794476483
WDI:FM.AST.DOMO.ZG.M3:CHL,2002-12-31,4.08804189346645
WDI:FM.AST.DOMO.ZG.M3:CHL,2003-12-31,5.079591976933694
WDI:FM.AST.DOMO.ZG.M3:CHL,2004-12-31,12.512626884902918
WDI:FM.AST.DOMO.ZG.M3:CHL,2005-12-31,13.80594511873817
WDI:FM.AST.DOMO.ZG.M3:CHL,2006-12-31,14.057221062056135
WDI:FM.AST.DOMO.ZG.M3:CHL,2007-12-31,18.311820415998092
WDI:FM.AST.DOMO.ZG.M3:CHL,2008-12-31,10.57168402835742
WDI:FM.AST.DOMO.ZG.M3:CHL,2009-12-31,-1.9629582953159543
WDI:FM.AST.DOMO.ZG.M3:CHL,2010-12-31,8.481254665161053
WDI:FM.AST.DOMO.ZG.M3:CHL,2011-12-31,16.6663699742432
WDI:FM.AST.DOMO.ZG.M3:CHL,2012-12-31,11.807044705787755
WDI:FM.AST.DOMO.ZG.M3:CHL,2013-12-31,9.880440934539983
WDI:FM.AST.DOMO.ZG.M3:CHL,2014-12-31,11.378924176962862
WDI:FM.AST.DOMO.ZG.M3:CHL,2015-12-31,11.60576480489953
WDI:FM.AST.DOMO.ZG.M3:CHL,2016-12-31,5.423157242804199
WDI:FM.AST.DOMO.ZG.M3:CHL,2017-12-31,3.4641263525174715
WDI:FM.AST.DOMO.ZG.M3:CHL,2018-12-31,11.337098383400772
WDI:FM.AST.DOMO.ZG.M3:CHL,2019-12-31,11.694806846949058
WDI:FM.AST.DOMO.ZG.M3:CHL,2020-12-31,4.018394752819522
WDI:FM.AST.DOMO.ZG.M3:CHL,2021-12-31,10.044803496061308
WDI:FM.AST.DOMO.ZG.M3:CHL,2022-12-31,10.2143974598704
WDI:FM.AST.DOMO.ZG.M3:CHL,2023-12-31,3.30080766122929
WDI:FM.AST.DOMO.ZG.M3:CHL,2024-12-31,4.60762533128653
WDI:FM.AST.DOMO.ZG.M3:CHL,2025-12-31,2.20251101201989
WDI:FM.AST.DOMO.ZG.M3:CIV,2023-12-31,9.42753447646097
WDI:FM.AST.DOMO.ZG.M3:CIV,2024-12-31,7.5181533034449
WDI:FM.AST.DOMO.ZG.M3:CIV,2025-12-31,8.55169775405176
WDI:FM.AST.DOMO.ZG.M3:CMR,2002-12-31,6.594828304942271
WDI:FM.AST.DOMO.ZG.M3:CMR,2003-12-31,6.653429152858477
WDI:FM.AST.DOMO.ZG.M3:CMR,2004-12-31,0.007860661438929807
WDI:FM.AST.DOMO.ZG.M3:CMR,2005-12-31,7.238746357904133
WDI:FM.AST.DOMO.ZG.M3:CMR,2006-12-31,0.47328661781563575
WDI:FM.AST.DOMO.ZG.M3:CMR,2007-12-31,4.837577724723334
WDI:FM.AST.DOMO.ZG.M3:CMR,2008-12-31,12.441776656606153
WDI:FM.AST.DOMO.ZG.M3:CMR,2009-12-31,6.8730098177383425
WDI:FM.AST.DOMO.ZG.M3:CMR,2010-12-31,12.515842839036756
WDI:FM.AST.DOMO.ZG.M3:CMR,2011-12-31,13.879733236196047
WDI:FM.AST.DOMO.ZG.M3:CMR,2012-12-31,2.096268738541409
WDI:FM.AST.DOMO.ZG.M3:CMR,2013-12-31,11.469481271645877
WDI:FM.AST.DOMO.ZG.M3:CMR,2014-12-31,7.821020759378416
WDI:FM.AST.DOMO.ZG.M3:CMR,2015-12-31,7.3309936196979555
WDI:FM.AST.DOMO.ZG.M3:CMR,2016-12-31,5.102279170214708
WDI:FM.AST.DOMO.ZG.M3:CMR,2017-12-31,0.08729087351544844
WDI:FM.AST.DOMO.ZG.M3:CMR,2018-12-31,9.83808909307881
WDI:FM.AST.DOMO.ZG.M3:CMR,2019-12-31,0.46135006817240093
WDI:FM.AST.DOMO.ZG.M3:COD,2002-12-31,1.7390797434188914
WDI:FM.AST.DOMO.ZG.M3:COD,2003-12-31,15.533452991032968
WDI:FM.AST.DOMO.ZG.M3:COD,2004-12-31,15.80031391935146
WDI:FM.AST.DOMO.ZG.M3:COD,2005-12-31,10.608095718984462
WDI:FM.AST.DOMO.ZG.M3:COD,2006-12-31,29.286587043858173
WDI:FM.AST.DOMO.ZG.M3:COD,2007-12-31,22.34733646596951
WDI:FM.AST.DOMO.ZG.M3:COD,2008-12-31,53.79671284717387
WDI:FM.AST.DOMO.ZG.M3:COD,2009-12-31,30.047987026750828
WDI:FM.AST.DOMO.ZG.M3:COD,2010-12-31,-1.9047296741021664
WDI:FM.AST.DOMO.ZG.M3:COD,2011-12-31,15.050730863247106
WDI:FM.AST.DOMO.ZG.M3:COD,2012-12-31,14.313689425587624
WDI:FM.AST.DOMO.ZG.M3:COD,2013-12-31,9.26402964865937
WDI:FM.AST.DOMO.ZG.M3:COD,2014-12-31,10.408117714749714
WDI:FM.AST.DOMO.ZG.M3:COD,2015-12-31,7.265848209487985
WDI:FM.AST.DOMO.ZG.M3:COD,2016-12-31,14.944262942397708
WDI:FM.AST.DOMO.ZG.M3:COD,2017-12-31,4.760524309722547
WDI:FM.AST.DOMO.ZG.M3:COD,2018-12-31,22.94030111229322
WDI:FM.AST.DOMO.ZG.M3:COD,2019-12-31,8.707210212599009
WDI:FM.AST.DOMO.ZG.M3:COD,2020-12-31,13.17319175262426
WDI:FM.AST.DOMO.ZG.M3:COD,2021-12-31,7.263581986376259
WDI:FM.AST.DOMO.ZG.M3:COD,2022-12-31,17.805702715316006
WDI:FM.AST.DOMO.ZG.M3:COG,2002-12-31,-17.814636456267785
WDI:FM.AST.DOMO.ZG.M3:COG,2003-12-31,5.229962254523079
WDI:FM.AST.DOMO.ZG.M3:COG,2004-12-31,1.4751988635278752
WDI:FM.AST.DOMO.ZG.M3:COG,2005-12-31,0.9717019265351331
WDI:FM.AST.DOMO.ZG.M3:COG,2006-12-31,5.3657900353340136
WDI:FM.AST.DOMO.ZG.M3:COG,2007-12-31,0.45913045721203993
WDI:FM.AST.DOMO.ZG.M3:COG,2008-12-31,12.69266064739197
WDI:FM.AST.DOMO.ZG.M3:COG,2009-12-31,4.084632092237125
WDI:FM.AST.DOMO.ZG.M3:COG,2010-12-31,17.101610491792876
WDI:FM.AST.DOMO.ZG.M3:COG,2011-12-31,9.660789237587293
WDI:FM.AST.DOMO.ZG.M3:COG,2012-12-31,8.085736448877942
WDI:FM.AST.DOMO.ZG.M3:COG,2013-12-31,5.326066173782364
WDI:FM.AST.DOMO.ZG.M3:COG,2014-12-31,9.853233364657811
WDI:FM.AST.DOMO.ZG.M3:COG,2015-12-31,7.802691645473645
WDI:FM.AST.DOMO.ZG.M3:COG,2016-12-31,2.6952244815442747
WDI:FM.AST.DOMO.ZG.M3:COL,2002-12-31,8.873711453549264
WDI:FM.AST.DOMO.ZG.M3:COL,2003-12-31,-4.811588255691705
WDI:FM.AST.DOMO.ZG.M3:COL,2004-12-31,15.76181798041623
WDI:FM.AST.DOMO.ZG.M3:COL,2005-12-31,8.087338732173556
WDI:FM.AST.DOMO.ZG.M3:COL,2006-12-31,27.988391909638082
WDI:FM.AST.DOMO.ZG.M3:COL,2007-12-31,23.080811596403876
WDI:FM.AST.DOMO.ZG.M3:COL,2008-12-31,11.977766029169642
WDI:FM.AST.DOMO.ZG.M3:COL,2009-12-31,2.6579793775308205
WDI:FM.AST.DOMO.ZG.M3:COL,2010-12-31,16.22352699219105
WDI:FM.AST.DOMO.ZG.M3:COL,2011-12-31,19.083406168502037
WDI:FM.AST.DOMO.ZG.M3:COL,2012-12-31,14.201417208202761
WDI:FM.AST.DOMO.ZG.M3:COL,2013-12-31,10.932282095417275
WDI:FM.AST.DOMO.ZG.M3:COL,2014-12-31,13.579281621287834
WDI:FM.AST.DOMO.ZG.M3:COL,2015-12-31,17.2708170872777
WDI:FM.AST.DOMO.ZG.M3:COL,2016-12-31,9.084836060004108
WDI:FM.AST.DOMO.ZG.M3:COL,2017-12-31,12.248482855526893
WDI:FM.AST.DOMO.ZG.M3:COL,2018-12-31,-0.4372237015719761
WDI:FM.AST.DOMO.ZG.M3:COL,2019-12-31,10.543363878435759
WDI:FM.AST.DOMO.ZG.M3:COL,2020-12-31,9.772433873982584
WDI:FM.AST.DOMO.ZG.M3:COL,2021-12-31,12.177769581224323
WDI:FM.AST.DOMO.ZG.M3:COL,2022-12-31,18.094647499012975
WDI:FM.AST.DOMO.ZG.M3:COL,2023-12-31,3.24162734730879
WDI:FM.AST.DOMO.ZG.M3:COL,2024-12-31,3.73231989431657
WDI:FM.AST.DOMO.ZG.M3:COL,2025-12-31,10.8146548191851
WDI:FM.AST.DOMO.ZG.M3:COM,2002-12-31,2.9199223244711003
WDI:FM.AST.DOMO.ZG.M3:COM,2003-12-31,8.166403332329528
WDI:FM.AST.DOMO.ZG.M3:COM,2004-12-31,-7.286492884084038
WDI:FM.AST.DOMO.ZG.M3:COM,2005-12-31,10.243399603938462
WDI:FM.AST.DOMO.ZG.M3:COM,2006-12-31,1.2392548645763182
WDI:FM.AST.DOMO.ZG.M3:COM,2007-12-31,4.76008264793327
WDI:FM.AST.DOMO.ZG.M3:COM,2008-12-31,12.696543262670298
WDI:FM.AST.DOMO.ZG.M3:COM,2009-12-31,15.059920534676635
WDI:FM.AST.DOMO.ZG.M3:COM,2010-12-31,13.990450063296343
WDI:FM.AST.DOMO.ZG.M3:COM,2011-12-31,2.7173380069131197
WDI:FM.AST.DOMO.ZG.M3:COM,2012-12-31,10.484213444897971
WDI:FM.AST.DOMO.ZG.M3:COM,2013-12-31,7.390013680558345
WDI:FM.AST.DOMO.ZG.M3:COM,2014-12-31,5.436117838795366
WDI:FM.AST.DOMO.ZG.M3:COM,2015-12-31,9.895334413090973
WDI:FM.AST.DOMO.ZG.M3:COM,2016-12-31,6.054406420146212
WDI:FM.AST.DOMO.ZG.M3:COM,2017-12-31,3.1953719812865335
WDI:FM.AST.DOMO.ZG.M3:COM,2018-12-31,0.4695810292166449
WDI:FM.AST.DOMO.ZG.M3:COM,2019-12-31,1.4245512859687997
WDI:FM.AST.DOMO.ZG.M3:COM,2020-12-31,-1.0519954053568492
WDI:FM.AST.DOMO.ZG.M3:COM,2021-12-31,7.751324963230442
WDI:FM.AST.DOMO.ZG.M3:COM,2022-12-31,11.711209930713423
WDI:FM.AST.DOMO.ZG.M3:COM,2023-12-31,4.00783215430025
WDI:FM.AST.DOMO.ZG.M3:COM,2024-12-31,0.816946560647491
WDI:FM.AST.DOMO.ZG.M3:CPV,2002-12-31,7.436042009008198
WDI:FM.AST.DOMO.ZG.M3:CPV,2003-12-31,7.481110059927738
WDI:FM.AST.DOMO.ZG.M3:CPV,2004-12-31,4.668876503468361
WDI:FM.AST.DOMO.ZG.M3:CPV,2005-12-31,4.697467675980561
WDI:FM.AST.DOMO.ZG.M3:CPV,2006-12-31,14.387442296383291
WDI:FM.AST.DOMO.ZG.M3:CPV,2007-12-31,13.762762109602955
WDI:FM.AST.DOMO.ZG.M3:CPV,2008-12-31,15.487391151577569
WDI:FM.AST.DOMO.ZG.M3:CPV,2009-12-31,8.638159856881943
WDI:FM.AST.DOMO.ZG.M3:CPV,2010-12-31,7.264665382652494
WDI:FM.AST.DOMO.ZG.M3:CPV,2011-12-31,11.500224478744178
WDI:FM.AST.DOMO.ZG.M3:CPV,2012-12-31,-0.8336577718267216
WDI:FM.AST.DOMO.ZG.M3:CPV,2013-12-31,1.8331672317018908
WDI:FM.AST.DOMO.ZG.M3:CPV,2014-12-31,-0.18114781584927536
WDI:FM.AST.DOMO.ZG.M3:CPV,2015-12-31,2.010542703555639
WDI:FM.AST.DOMO.ZG.M3:CPV,2016-12-31,2.3972344236314846
WDI:FM.AST.DOMO.ZG.M3:CPV,2017-12-31,4.395515907666311
WDI:FM.AST.DOMO.ZG.M3:CPV,2018-12-31,2.046677676318534
WDI:FM.AST.DOMO.ZG.M3:CPV,2019-12-31,2.4452060093136567
WDI:FM.AST.DOMO.ZG.M3:CPV,2020-12-31,2.9884488876559696
WDI:FM.AST.DOMO.ZG.M3:CPV,2021-12-31,4.101795939730294
WDI:FM.AST.DOMO.ZG.M3:CPV,2022-12-31,3.7496933111190964
WDI:FM.AST.DOMO.ZG.M3:CPV,2023-12-31,3.25003963769677
WDI:FM.AST.DOMO.ZG.M3:CPV,2024-12-31,2.63653479026992
WDI:FM.AST.DOMO.ZG.M3:CPV,2025-12-31,3.69015957873206
WDI:FM.AST.DOMO.ZG.M3:CRI,2002-12-31,13.87096515406674
WDI:FM.AST.DOMO.ZG.M3:CRI,2003-12-31,16.15833728238667
WDI:FM.AST.DOMO.ZG.M3:CRI,2004-12-31,12.220297757345824
WDI:FM.AST.DOMO.ZG.M3:CRI,2005-12-31,19.733526285068642
WDI:FM.AST.DOMO.ZG.M3:CRI,2006-12-31,19.470221564236336
WDI:FM.AST.DOMO.ZG.M3:CRI,2007-12-31,27.015480163229793
WDI:FM.AST.DOMO.ZG.M3:CRI,2008-12-31,26.128787635171594
WDI:FM.AST.DOMO.ZG.M3:CRI,2009-12-31,4.722184601773194
WDI:FM.AST.DOMO.ZG.M3:CRI,2010-12-31,4.366995993745397
WDI:FM.AST.DOMO.ZG.M3:CRI,2011-12-31,11.115302318364785
WDI:FM.AST.DOMO.ZG.M3:CRI,2012-12-31,13.784873500988633
WDI:FM.AST.DOMO.ZG.M3:CRI,2013-12-31,12.307492545364365
WDI:FM.AST.DOMO.ZG.M3:CRI,2014-12-31,18.772637201050774
WDI:FM.AST.DOMO.ZG.M3:CRI,2015-12-31,10.775041566369126
WDI:FM.AST.DOMO.ZG.M3:CRI,2016-12-31,13.622082776958637
WDI:FM.AST.DOMO.ZG.M3:CRI,2017-12-31,10.969267248127407
WDI:FM.AST.DOMO.ZG.M3:CRI,2018-12-31,7.144900543014005
WDI:FM.AST.DOMO.ZG.M3:CRI,2019-12-31,-2.198909015799389
WDI:FM.AST.DOMO.ZG.M3:CRI,2020-12-31,5.096084251350812
WDI:FM.AST.DOMO.ZG.M3:CRI,2021-12-31,5.824590047771271
WDI:FM.AST.DOMO.ZG.M3:CRI,2022-12-31,3.4551217161937258
WDI:FM.AST.DOMO.ZG.M3:CRI,2023-12-31,2.47423269230005
WDI:FM.AST.DOMO.ZG.M3:CRI,2024-12-31,6.70809010281377
WDI:FM.AST.DOMO.ZG.M3:CRI,2025-12-31,3.3422842806465
WDI:FM.AST.DOMO.ZG.M3:CZE,2002-12-31,-6.1521398666209075
WDI:FM.AST.DOMO.ZG.M3:CZE,2003-12-31,1.9626490653868789
WDI:FM.AST.DOMO.ZG.M3:CZE,2004-12-31,8.126614215008022
WDI:FM.AST.DOMO.ZG.M3:CZE,2005-12-31,11.261670006699639
WDI:FM.AST.DOMO.ZG.M3:CZE,2006-12-31,13.299126609880787
WDI:FM.AST.DOMO.ZG.M3:CZE,2007-12-31,19.17253259489592
WDI:FM.AST.DOMO.ZG.M3:CZE,2008-12-31,15.224958855266756
WDI:FM.AST.DOMO.ZG.M3:CZE,2009-12-31,-2.073266411848632
WDI:FM.AST.DOMO.ZG.M3:CZE,2010-12-31,1.454191634669972
WDI:FM.AST.DOMO.ZG.M3:CZE,2011-12-31,6.152856733950006
WDI:FM.AST.DOMO.ZG.M3:CZE,2012-12-31,1.2173165509634725
WDI:FM.AST.DOMO.ZG.M3:CZE,2013-12-31,1.3825081725325514
WDI:FM.AST.DOMO.ZG.M3:CZE,2014-12-31,3.9343733662032565
WDI:FM.AST.DOMO.ZG.M3:CZE,2015-12-31,3.561685786943768
WDI:FM.AST.DOMO.ZG.M3:CZE,2016-12-31,5.044598940505728
WDI:FM.AST.DOMO.ZG.M3:CZE,2017-12-31,3.7343007340357346
WDI:FM.AST.DOMO.ZG.M3:CZE,2018-12-31,4.724416900171568
WDI:FM.AST.DOMO.ZG.M3:CZE,2019-12-31,3.669497539537309
WDI:FM.AST.DOMO.ZG.M3:CZE,2020-12-31,3.313014853559856
WDI:FM.AST.DOMO.ZG.M3:CZE,2021-12-31,7.470634564376947
WDI:FM.AST.DOMO.ZG.M3:CZE,2022-12-31,6.323053035898108
WDI:FM.AST.DOMO.ZG.M3:CZE,2023-12-31,1.67305748748948
WDI:FM.AST.DOMO.ZG.M3:CZE,2024-12-31,2.89966615081534
WDI:FM.AST.DOMO.ZG.M3:DJI,2003-12-31,-1.1876147006284945
WDI:FM.AST.DOMO.ZG.M3:DJI,2004-12-31,-0.17544404439943745
WDI:FM.AST.DOMO.ZG.M3:DJI,2005-12-31,0.2917107751020797
WDI:FM.AST.DOMO.ZG.M3:DJI,2006-12-31,2.234329825183017
WDI:FM.AST.DOMO.ZG.M3:DJI,2007-12-31,6.557982947335375
WDI:FM.AST.DOMO.ZG.M3:DJI,2008-12-31,7.6645522192888755
WDI:FM.AST.DOMO.ZG.M3:DJI,2009-12-31,8.827119768537603
WDI:FM.AST.DOMO.ZG.M3:DJI,2010-12-31,7.006733425467801
WDI:FM.AST.DOMO.ZG.M3:DJI,2011-12-31,0.7193340696676673
WDI:FM.AST.DOMO.ZG.M3:DJI,2012-12-31,2.1632030436983416
WDI:FM.AST.DOMO.ZG.M3:DJI,2013-12-31,4.581203591537059
WDI:FM.AST.DOMO.ZG.M3:DJI,2014-12-31,4.099216062287979
WDI:FM.AST.DOMO.ZG.M3:DJI,2015-12-31,4.305032162420194
WDI:FM.AST.DOMO.ZG.M3:DJI,2016-12-31,0.8057347014477942
WDI:FM.AST.DOMO.ZG.M3:DJI,2017-12-31,2.7528054961052972
WDI:FM.AST.DOMO.ZG.M3:DJI,2018-12-31,3.7066125748562944
WDI:FM.AST.DOMO.ZG.M3:DJI,2019-12-31,3.660789805924499
WDI:FM.AST.DOMO.ZG.M3:DJI,2020-12-31,2.358397311055863
WDI:FM.AST.DOMO.ZG.M3:DJI,2021-12-31,2.774858290003202
WDI:FM.AST.DOMO.ZG.M3:DJI,2022-12-31,5.771953371479495
WDI:FM.AST.DOMO.ZG.M3:DJI,2023-12-31,5.43879433607501
WDI:FM.AST.DOMO.ZG.M3:DJI,2024-12-31,5.69985857799537
WDI:FM.AST.DOMO.ZG.M3:DJI,2025-12-31,7.67017820458386
WDI:FM.AST.DOMO.ZG.M3:DMA,2002-12-31,-1.4063226817152217
WDI:FM.AST.DOMO.ZG.M3:DMA,2003-12-31,-2.1819105487588715
WDI:FM.AST.DOMO.ZG.M3:DMA,2004-12-31,4.391084675316167
WDI:FM.AST.DOMO.ZG.M3:DMA,2005-12-31,3.5570038205769383
WDI:FM.AST.DOMO.ZG.M3:DMA,2006-12-31,6.68880980318699
WDI:FM.AST.DOMO.ZG.M3:DMA,2007-12-31,2.761850252260298
WDI:FM.AST.DOMO.ZG.M3:DMA,2008-12-31,5.045925725295853
WDI:FM.AST.DOMO.ZG.M3:DMA,2009-12-31,4.086337520864589
WDI:FM.AST.DOMO.ZG.M3:DMA,2010-12-31,5.650185563081603
WDI:FM.AST.DOMO.ZG.M3:DMA,2011-12-31,5.304867699760878
WDI:FM.AST.DOMO.ZG.M3:DMA,2012-12-31,2.9604993987664505
WDI:FM.AST.DOMO.ZG.M3:DMA,2013-12-31,-0.3887022030446247
WDI:FM.AST.DOMO.ZG.M3:DMA,2014-12-31,-1.6293560008185834
WDI:FM.AST.DOMO.ZG.M3:DMA,2015-12-31,0.751266705477555
WDI:FM.AST.DOMO.ZG.M3:DMA,2016-12-31,1.674765958199869
WDI:FM.AST.DOMO.ZG.M3:DMA,2017-12-31,-0.9973450382901513
WDI:FM.AST.DOMO.ZG.M3:DMA,2018-12-31,-0.7574757259450661
WDI:FM.AST.DOMO.ZG.M3:DMA,2019-12-31,-2.601908269110962
WDI:FM.AST.DOMO.ZG.M3:DMA,2020-12-31,2.216365879160678
WDI:FM.AST.DOMO.ZG.M3:DMA,2021-12-31,1.6769708186007983
WDI:FM.AST.DOMO.ZG.M3:DMA,2022-12-31,1.3559132129842624
WDI:FM.AST.DOMO.ZG.M3:DMA,2023-12-31,-2.24940369812505
WDI:FM.AST.DOMO.ZG.M3:DMA,2024-12-31,-1.01144148738583
WDI:FM.AST.DOMO.ZG.M3:DMA,2025-12-31,1.51387995696446
WDI:FM.AST.DOMO.ZG.M3:DNK,2002-12-31,14.689170797730823
WDI:FM.AST.DOMO.ZG.M3:DNK,2003-12-31,38.379747126337726
WDI:FM.AST.DOMO.ZG.M3:DNK,2004-12-31,39.25188226035684
WDI:FM.AST.DOMO.ZG.M3:DNK,2005-12-31,46.41789295555632
WDI:FM.AST.DOMO.ZG.M3:DNK,2006-12-31,48.243194627653196
WDI:FM.AST.DOMO.ZG.M3:DNK,2007-12-31,54.355484638708795
WDI:FM.AST.DOMO.ZG.M3:DNK,2008-12-31,71.74720336332798
WDI:FM.AST.DOMO.ZG.M3:DNK,2009-12-31,-28.02361042090473
WDI:FM.AST.DOMO.ZG.M3:DNK,2010-12-31,13.196966898561431
WDI:FM.AST.DOMO.ZG.M3:DNK,2011-12-31,14.539184167808045
WDI:FM.AST.DOMO.ZG.M3:DNK,2012-12-31,-7.075608031757615
WDI:FM.AST.DOMO.ZG.M3:DNK,2013-12-31,-17.62029054198557
WDI:FM.AST.DOMO.ZG.M3:DNK,2014-12-31,19.172158548885726
WDI:FM.AST.DOMO.ZG.M3:DNK,2015-12-31,-2.60708958441799
WDI:FM.AST.DOMO.ZG.M3:DNK,2016-12-31,3.3703685675406865
WDI:FM.AST.DOMO.ZG.M3:DNK,2017-12-31,-8.913961539726259
WDI:FM.AST.DOMO.ZG.M3:DNK,2018-12-31,9.586744372344006
WDI:FM.AST.DOMO.ZG.M3:DNK,2019-12-31,41.981897870917074
WDI:FM.AST.DOMO.ZG.M3:DNK,2020-12-31,22.732005732055338
WDI:FM.AST.DOMO.ZG.M3:DNK,2021-12-31,-2.0656122366510776
WDI:FM.AST.DOMO.ZG.M3:DNK,2022-12-31,43.20971498766186
WDI:FM.AST.DOMO.ZG.M3:DNK,2023-12-31,-16.2397215519807
WDI:FM.AST.DOMO.ZG.M3:DNK,2024-12-31,-22.7786733943938
WDI:FM.AST.DOMO.ZG.M3:DOM,2002-12-31,13.472231545299225
WDI:FM.AST.DOMO.ZG.M3:DOM,2003-12-31,46.257799940791145
WDI:FM.AST.DOMO.ZG.M3:DOM,2004-12-31,-5.315358652529513
WDI:FM.AST.DOMO.ZG.M3:DOM,2005-12-31,-2.262489850485115
WDI:FM.AST.DOMO.ZG.M3:DOM,2006-12-31,6.510363519341007
WDI:FM.AST.DOMO.ZG.M3:DOM,2007-12-31,15.792155006083965
WDI:FM.AST.DOMO.ZG.M3:DOM,2008-12-31,8.947649035110132
WDI:FM.AST.DOMO.ZG.M3:DOM,2009-12-31,5.153622919901146
WDI:FM.AST.DOMO.ZG.M3:DOM,2010-12-31,13.011155555166173
WDI:FM.AST.DOMO.ZG.M3:DOM,2011-12-31,8.825285757750015
WDI:FM.AST.DOMO.ZG.M3:DOM,2012-12-31,3.9373902222366053
WDI:FM.AST.DOMO.ZG.M3:DOM,2013-12-31,9.82144775540133
WDI:FM.AST.DOMO.ZG.M3:DOM,2014-12-31,13.521480903148044
WDI:FM.AST.DOMO.ZG.M3:DOM,2015-12-31,13.329992774498852
WDI:FM.AST.DOMO.ZG.M3:DOM,2016-12-31,9.377093094434487
WDI:FM.AST.DOMO.ZG.M3:DOM,2017-12-31,9.090505002895762
WDI:FM.AST.DOMO.ZG.M3:DOM,2018-12-31,8.347094745529645
WDI:FM.AST.DOMO.ZG.M3:DOM,2019-12-31,8.30185038793695
WDI:FM.AST.DOMO.ZG.M3:DOM,2020-12-31,3.6712021905378664
WDI:FM.AST.DOMO.ZG.M3:DOM,2021-12-31,7.876639749319243
WDI:FM.AST.DOMO.ZG.M3:DOM,2022-12-31,11.805091963112433
WDI:FM.AST.DOMO.ZG.M3:DOM,2023-12-31,14.7069961970082
WDI:FM.AST.DOMO.ZG.M3:DOM,2024-12-31,10.0276381488849
WDI:FM.AST.DOMO.ZG.M3:DOM,2025-12-31,7.95164442467024
WDI:FM.AST.DOMO.ZG.M3:DZA,2002-12-31,8.001819922084001
WDI:FM.AST.DOMO.ZG.M3:DZA,2003-12-31,4.382358261984692
WDI:FM.AST.DOMO.ZG.M3:DZA,2004-12-31,4.7524731671898754
WDI:FM.AST.DOMO.ZG.M3:DZA,2005-12-31,6.74012878607476
WDI:FM.AST.DOMO.ZG.M3:DZA,2006-12-31,4.2649619351007235
WDI:FM.AST.DOMO.ZG.M3:DZA,2007-12-31,5.705176733813675
WDI:FM.AST.DOMO.ZG.M3:DZA,2008-12-31,7.1358040532449705
WDI:FM.AST.DOMO.ZG.M3:DZA,2009-12-31,7.153406320903755
WDI:FM.AST.DOMO.ZG.M3:DZA,2010-12-31,2.2126120635972413
WDI:FM.AST.DOMO.ZG.M3:DZA,2011-12-31,5.449004766922543
WDI:FM.AST.DOMO.ZG.M3:DZA,2012-12-31,5.700748603971724
WDI:FM.AST.DOMO.ZG.M3:DZA,2013-12-31,7.955730081678067
WDI:FM.AST.DOMO.ZG.M3:DZA,2014-12-31,11.408896847747204
WDI:FM.AST.DOMO.ZG.M3:DZA,2015-12-31,5.6941801594812995
WDI:FM.AST.DOMO.ZG.M3:DZA,2016-12-31,4.734483930008086
WDI:FM.AST.DOMO.ZG.M3:DZA,2017-12-31,6.931670272804203
WDI:FM.AST.DOMO.ZG.M3:DZA,2018-12-31,7.403055328860643
WDI:FM.AST.DOMO.ZG.M3:DZA,2019-12-31,5.470781251122055
WDI:FM.AST.DOMO.ZG.M3:DZA,2020-12-31,2.0022506340344415
WDI:FM.AST.DOMO.ZG.M3:DZA,2021-12-31,-7.748929070948352
WDI:FM.AST.DOMO.ZG.M3:DZA,2022-12-31,1.605665006218822
WDI:FM.AST.DOMO.ZG.M3:DZA,2023-12-31,2.68869094697838
WDI:FM.AST.DOMO.ZG.M3:DZA,2024-12-31,2.62318237258118
WDI:FM.AST.DOMO.ZG.M3:DZA,2025-12-31,3.40831031168593
WDI:FM.AST.DOMO.ZG.M3:ECU,2002-12-31,-11.870322267456713
WDI:FM.AST.DOMO.ZG.M3:ECU,2003-12-31,7.222255434587952
WDI:FM.AST.DOMO.ZG.M3:ECU,2004-12-31,22.447683295612357
WDI:FM.AST.DOMO.ZG.M3:ECU,2005-12-31,16.046742867261077
WDI:FM.AST.DOMO.ZG.M3:ECU,2006-12-31,12.471962298913708
WDI:FM.AST.DOMO.ZG.M3:ECU,2007-12-31,10.05387879067785
WDI:FM.AST.DOMO.ZG.M3:ECU,2008-12-31,17.838389953915804
WDI:FM.AST.DOMO.ZG.M3:ECU,2009-12-31,4.348218263264575
WDI:FM.AST.DOMO.ZG.M3:ECU,2010-12-31,16.436272661277737
WDI:FM.AST.DOMO.ZG.M3:ECU,2011-12-31,12.434490865355025
WDI:FM.AST.DOMO.ZG.M3:ECU,2012-12-31,15.181783275133272
WDI:FM.AST.DOMO.ZG.M3:ECU,2013-12-31,8.753685741311411
WDI:FM.AST.DOMO.ZG.M3:ECU,2014-12-31,6.517426583460422
WDI:FM.AST.DOMO.ZG.M3:ECU,2015-12-31,-2.2086557254364783
WDI:FM.AST.DOMO.ZG.M3:ECU,2016-12-31,3.194883291131527
WDI:FM.AST.DOMO.ZG.M3:ECU,2017-12-31,9.874020179291492
WDI:FM.AST.DOMO.ZG.M3:ECU,2018-12-31,12.276635627288394
WDI:FM.AST.DOMO.ZG.M3:ECU,2019-12-31,9.898858896908816
WDI:FM.AST.DOMO.ZG.M3:ECU,2020-12-31,2.5665410497558794
WDI:FM.AST.DOMO.ZG.M3:ECU,2021-12-31,13.751014834613446
WDI:FM.AST.DOMO.ZG.M3:ECU,2022-12-31,13.798909164628894
WDI:FM.AST.DOMO.ZG.M3:ECU,2023-12-31,9.05055149944273
WDI:FM.AST.DOMO.ZG.M3:ECU,2024-12-31,7.57406215642634
WDI:FM.AST.DOMO.ZG.M3:ECU,2025-12-31,10.874884723876
WDI:FM.AST.DOMO.ZG.M3:EGY,2002-12-31,4.142124173705518
WDI:FM.AST.DOMO.ZG.M3:EGY,2003-12-31,6.276296713615023
WDI:FM.AST.DOMO.ZG.M3:EGY,2004-12-31,10.757523371409063
WDI:FM.AST.DOMO.ZG.M3:EGY,2005-12-31,5.727573006720709
WDI:FM.AST.DOMO.ZG.M3:EGY,2006-12-31,6.574356387292853
WDI:FM.AST.DOMO.ZG.M3:EGY,2007-12-31,7.895698370808426
WDI:FM.AST.DOMO.ZG.M3:EGY,2008-12-31,5.036873186504493
WDI:FM.AST.DOMO.ZG.M3:EGY,2009-12-31,0.5204852421136281
WDI:FM.AST.DOMO.ZG.M3:EGY,2010-12-31,3.8641116572748113
WDI:FM.AST.DOMO.ZG.M3:EGY,2011-12-31,1.714147971467469
WDI:FM.AST.DOMO.ZG.M3:EGY,2012-12-31,3.7075427028804206
WDI:FM.AST.DOMO.ZG.M3:EGY,2013-12-31,3.346231643490712
WDI:FM.AST.DOMO.ZG.M3:EGY,2014-12-31,6.011679104741469
WDI:FM.AST.DOMO.ZG.M3:EGY,2015-12-31,10.207982081278146
WDI:FM.AST.DOMO.ZG.M3:EGY,2016-12-31,27.053702050600307
WDI:FM.AST.DOMO.ZG.M3:EGY,2017-12-31,5.951334257742878
WDI:FM.AST.DOMO.ZG.M3:EGY,2018-12-31,9.716770307358424
WDI:FM.AST.DOMO.ZG.M3:EGY,2019-12-31,1.873905472019785
WDI:FM.AST.DOMO.ZG.M3:EGY,2020-12-31,10.740545984550511
WDI:FM.AST.DOMO.ZG.M3:EGY,2021-12-31,9.973218985417684
WDI:FM.AST.DOMO.ZG.M3:EGY,2022-12-31,15.593844333563144
WDI:FM.AST.DOMO.ZG.M3:EGY,2023-12-31,17.4761227051112
WDI:FM.AST.DOMO.ZG.M3:EGY,2024-12-31,30.537842135144
WDI:FM.AST.DOMO.ZG.M3:EGY,2025-12-31,15.5528863475889
WDI:FM.AST.DOMO.ZG.M3:ERI,2002-12-31,3.719445569709277
WDI:FM.AST.DOMO.ZG.M3:ERI,2003-12-31,1.4474564718219378
WDI:FM.AST.DOMO.ZG.M3:ERI,2004-12-31,3.287156235907401
WDI:FM.AST.DOMO.ZG.M3:ERI,2005-12-31,3.385207556151013
WDI:FM.AST.DOMO.ZG.M3:ERI,2006-12-31,0.379074675501494
WDI:FM.AST.DOMO.ZG.M3:ERI,2007-12-31,-2.8652674590596283
WDI:FM.AST.DOMO.ZG.M3:ERI,2008-12-31,1.95839424027279
WDI:FM.AST.DOMO.ZG.M3:ERI,2009-12-31,0.22322666031459043
WDI:FM.AST.DOMO.ZG.M3:ERI,2010-12-31,1.5895981501618959
WDI:FM.AST.DOMO.ZG.M3:ERI,2011-12-31,0.9562099124036171
WDI:FM.AST.DOMO.ZG.M3:ERI,2012-12-31,2.3461367871039034
WDI:FM.AST.DOMO.ZG.M3:ERI,2013-12-31,16.50171824127829
WDI:FM.AST.DOMO.ZG.M3:ERI,2014-12-31,9.10552644329104
WDI:FM.AST.DOMO.ZG.M3:FJI,2002-12-31,30.779990235887254
WDI:FM.AST.DOMO.ZG.M3:FJI,2003-12-31,10.788366832641815
WDI:FM.AST.DOMO.ZG.M3:FJI,2004-12-31,19.06023645746471
WDI:FM.AST.DOMO.ZG.M3:FJI,2005-12-31,20.7854466660615
WDI:FM.AST.DOMO.ZG.M3:FJI,2006-12-31,18.64202437889534
WDI:FM.AST.DOMO.ZG.M3:FJI,2007-12-31,1.716620469065472
WDI:FM.AST.DOMO.ZG.M3:FJI,2008-12-31,7.484196633942353
WDI:FM.AST.DOMO.ZG.M3:FJI,2009-12-31,3.0183285739320294
WDI:FM.AST.DOMO.ZG.M3:FJI,2010-12-31,2.0178787595911154
WDI:FM.AST.DOMO.ZG.M3:FJI,2011-12-31,2.274687877572869
WDI:FM.AST.DOMO.ZG.M3:FJI,2012-12-31,5.125331850920404
WDI:FM.AST.DOMO.ZG.M3:FJI,2013-12-31,12.591291612409927
WDI:FM.AST.DOMO.ZG.M3:FJI,2014-12-31,14.476164557944506
WDI:FM.AST.DOMO.ZG.M3:FJI,2015-12-31,12.2301697990558
WDI:FM.AST.DOMO.ZG.M3:FJI,2016-12-31,9.408373838801758
WDI:FM.AST.DOMO.ZG.M3:FJI,2017-12-31,8.213744477111568
WDI:FM.AST.DOMO.ZG.M3:FJI,2018-12-31,6.088076304842374
WDI:FM.AST.DOMO.ZG.M3:FJI,2019-12-31,4.152442963676705
WDI:FM.AST.DOMO.ZG.M3:FJI,2020-12-31,-1.437451997332881
WDI:FM.AST.DOMO.ZG.M3:FJI,2021-12-31,0.7727742001100917
WDI:FM.AST.DOMO.ZG.M3:FJI,2022-12-31,5.656755074952835
WDI:FM.AST.DOMO.ZG.M3:FJI,2023-12-31,7.32210440140607
WDI:FM.AST.DOMO.ZG.M3:FJI,2024-12-31,10.0945570961738
WDI:FM.AST.DOMO.ZG.M3:GAB,2002-12-31,3.825505677091203
WDI:FM.AST.DOMO.ZG.M3:GAB,2003-12-31,-7.464780651655739
WDI:FM.AST.DOMO.ZG.M3:GAB,2004-12-31,-14.202676918393282
WDI:FM.AST.DOMO.ZG.M3:GAB,2005-12-31,6.098332198664855
WDI:FM.AST.DOMO.ZG.M3:GAB,2006-12-31,10.664169848488534
WDI:FM.AST.DOMO.ZG.M3:GAB,2007-12-31,9.725029037239995
WDI:FM.AST.DOMO.ZG.M3:GAB,2008-12-31,-0.5980973676789964
WDI:FM.AST.DOMO.ZG.M3:GAB,2009-12-31,-1.8172322827440601
WDI:FM.AST.DOMO.ZG.M3:GAB,2010-12-31,1.9251856802173075
WDI:FM.AST.DOMO.ZG.M3:GAB,2011-12-31,16.24416201177253
WDI:FM.AST.DOMO.ZG.M3:GAB,2012-12-31,12.152866313742377
WDI:FM.AST.DOMO.ZG.M3:GAB,2013-12-31,18.519489094245273
WDI:FM.AST.DOMO.ZG.M3:GAB,2014-12-31,-2.042751945945073
WDI:FM.AST.DOMO.ZG.M3:GAB,2015-12-31,-1.7742385810262795
WDI:FM.AST.DOMO.ZG.M3:GAB,2016-12-31,-2.6029511165525245
WDI:FM.AST.DOMO.ZG.M3:GAB,2017-12-31,-16.92352960279323
WDI:FM.AST.DOMO.ZG.M3:GAB,2018-12-31,23.49321719858684
WDI:FM.AST.DOMO.ZG.M3:GAB,2019-12-31,5.59233458046647
WDI:FM.AST.DOMO.ZG.M3:GEO,2002-12-31,15.645458126610862
WDI:FM.AST.DOMO.ZG.M3:GEO,2003-12-31,20.322467303733227
WDI:FM.AST.DOMO.ZG.M3:GEO,2004-12-31,17.307869146122776
WDI:FM.AST.DOMO.ZG.M3:GEO,2005-12-31,49.610691278451405
WDI:FM.AST.DOMO.ZG.M3:GEO,2006-12-31,50.14518972713681
WDI:FM.AST.DOMO.ZG.M3:GEO,2007-12-31,72.9871618099018
WDI:FM.AST.DOMO.ZG.M3:GEO,2008-12-31,36.75253054898136
WDI:FM.AST.DOMO.ZG.M3:GEO,2009-12-31,-17.721071173211637
WDI:FM.AST.DOMO.ZG.M3:GEO,2010-12-31,22.199263192153897
WDI:FM.AST.DOMO.ZG.M3:GEO,2011-12-31,22.117536345621573
WDI:FM.AST.DOMO.ZG.M3:GEO,2012-12-31,15.092145529456925
WDI:FM.AST.DOMO.ZG.M3:GEO,2013-12-31,21.12819890912722
WDI:FM.AST.DOMO.ZG.M3:GEO,2014-12-31,25.445484849481186
WDI:FM.AST.DOMO.ZG.M3:GEO,2015-12-31,20.784290320921162
WDI:FM.AST.DOMO.ZG.M3:GEO,2016-12-31,23.510870621060995
WDI:FM.AST.DOMO.ZG.M3:GEO,2017-12-31,20.85159822257256
WDI:FM.AST.DOMO.ZG.M3:GEO,2018-12-31,24.641956045611433
WDI:FM.AST.DOMO.ZG.M3:GEO,2019-12-31,25.16999210955212
WDI:FM.AST.DOMO.ZG.M3:GEO,2020-12-31,28.978045496803215
WDI:FM.AST.DOMO.ZG.M3:GEO,2021-12-31,15.633272857237378
WDI:FM.AST.DOMO.ZG.M3:GEO,2022-12-31,4.805866332970277
WDI:FM.AST.DOMO.ZG.M3:GEO,2023-12-31,20.5527854886182
WDI:FM.AST.DOMO.ZG.M3:GEO,2024-12-31,22.2010292921565
WDI:FM.AST.DOMO.ZG.M3:GEO,2025-12-31,16.6626074154167
WDI:FM.AST.DOMO.ZG.M3:GHA,2002-12-31,7.490811211251489
WDI:FM.AST.DOMO.ZG.M3:GHA,2003-12-31,15.395670304923408
WDI:FM.AST.DOMO.ZG.M3:GHA,2004-12-31,3.4394650639655167
WDI:FM.AST.DOMO.ZG.M3:GHA,2005-12-31,23.202945705734443
WDI:FM.AST.DOMO.ZG.M3:GHA,2006-12-31,20.617570551565173
WDI:FM.AST.DOMO.ZG.M3:GHA,2007-12-31,35.773186028488375
WDI:FM.AST.DOMO.ZG.M3:GHA,2008-12-31,7.253832151310808
WDI:FM.AST.DOMO.ZG.M3:GHA,2009-12-31,40.42061569566887
WDI:FM.AST.DOMO.ZG.M3:GHA,2010-12-31,13.016927436876202
WDI:FM.AST.DOMO.ZG.M3:GHA,2011-12-31,18.319182560171168
WDI:FM.AST.DOMO.ZG.M3:GHA,2012-12-31,24.60290362312877
WDI:FM.AST.DOMO.ZG.M3:GHA,2013-12-31,30.09816309062661
WDI:FM.AST.DOMO.ZG.M3:GHA,2014-12-31,30.604848925273842
WDI:FM.AST.DOMO.ZG.M3:GHA,2015-12-31,20.972726427293797
WDI:FM.AST.DOMO.ZG.M3:GHA,2016-12-31,12.060694602866116
WDI:FM.AST.DOMO.ZG.M3:GHA,2017-12-31,23.700655880681637
WDI:FM.AST.DOMO.ZG.M3:GHA,2018-12-31,-8.52427289718822
WDI:FM.AST.DOMO.ZG.M3:GHA,2019-12-31,7.840155047182963
WDI:FM.AST.DOMO.ZG.M3:GHA,2020-12-31,4.14600439774841
WDI:FM.AST.DOMO.ZG.M3:GHA,2021-12-31,8.770253098566185
WDI:FM.AST.DOMO.ZG.M3:GHA,2022-12-31,15.320074524095462
WDI:FM.AST.DOMO.ZG.M3:GHA,2023-12-31,0.108290375073921
WDI:FM.AST.DOMO.ZG.M3:GHA,2024-12-31,8.19232631756996
WDI:FM.AST.DOMO.ZG.M3:GIN,2013-12-31,10.144967190880307
WDI:FM.AST.DOMO.ZG.M3:GIN,2014-12-31,14.499576476842305
WDI:FM.AST.DOMO.ZG.M3:GIN,2015-12-31,11.353031617380623
WDI:FM.AST.DOMO.ZG.M3:GIN,2016-12-31,3.0840525204849443
WDI:FM.AST.DOMO.ZG.M3:GIN,2017-12-31,1.322873532655533
WDI:FM.AST.DOMO.ZG.M3:GIN,2018-12-31,8.245104572406722
WDI:FM.AST.DOMO.ZG.M3:GIN,2019-12-31,10.065459500603092
WDI:FM.AST.DOMO.ZG.M3:GIN,2020-12-31,2.7349427392230266
WDI:FM.AST.DOMO.ZG.M3:GIN,2021-12-31,2.991371193607652
WDI:FM.AST.DOMO.ZG.M3:GIN,2022-12-31,10.386162489351552
WDI:FM.AST.DOMO.ZG.M3:GIN,2023-12-31,3.18006514647631
WDI:FM.AST.DOMO.ZG.M3:GIN,2024-12-31,8.89046703794285
WDI:FM.AST.DOMO.ZG.M3:GIN,2025-12-31,4.25298024689618
WDI:FM.AST.DOMO.ZG.M3:GMB,2002-12-31,14.056106325745258
WDI:FM.AST.DOMO.ZG.M3:GMB,2003-12-31,16.668163692582418
WDI:FM.AST.DOMO.ZG.M3:GMB,2004-12-31,-6.552117890908508
WDI:FM.AST.DOMO.ZG.M3:GMB,2005-12-31,5.382686185136482
WDI:FM.AST.DOMO.ZG.M3:GMB,2006-12-31,6.994632602518986
WDI:FM.AST.DOMO.ZG.M3:GMB,2007-12-31,3.004074091170574
WDI:FM.AST.DOMO.ZG.M3:GMB,2008-12-31,10.627806873325392
WDI:FM.AST.DOMO.ZG.M3:GMB,2009-12-31,9.001971592270877
WDI:FM.AST.DOMO.ZG.M3:GMB,2010-12-31,6.856501395964634
WDI:FM.AST.DOMO.ZG.M3:GMB,2011-12-31,1.1530910858374441
WDI:FM.AST.DOMO.ZG.M3:GMB,2012-12-31,1.4262208589193321
WDI:FM.AST.DOMO.ZG.M3:GMB,2013-12-31,2.596426109101083
WDI:FM.AST.DOMO.ZG.M3:GMB,2014-12-31,-2.7487600552352
WDI:FM.AST.DOMO.ZG.M3:GMB,2018-12-31,3.236730019893982
WDI:FM.AST.DOMO.ZG.M3:GMB,2019-12-31,5.471641021643736
WDI:FM.AST.DOMO.ZG.M3:GMB,2020-12-31,1.9172115732553527
WDI:FM.AST.DOMO.ZG.M3:GMB,2021-12-31,1.388117458994174
WDI:FM.AST.DOMO.ZG.M3:GMB,2022-12-31,7.792472561536381
WDI:FM.AST.DOMO.ZG.M3:GMB,2023-12-31,3.06304175973905
WDI:FM.AST.DOMO.ZG.M3:GMB,2024-12-31,3.97218985163453
WDI:FM.AST.DOMO.ZG.M3:GNB,2023-12-31,-3.57334088105769
WDI:FM.AST.DOMO.ZG.M3:GNB,2024-12-31,-4.25954131798929
WDI:FM.AST.DOMO.ZG.M3:GNB,2025-12-31,4.07306058034042
WDI:FM.AST.DOMO.ZG.M3:GNQ,2002-12-31,26.675457016815614
WDI:FM.AST.DOMO.ZG.M3:GNQ,2003-12-31,-1.33793016194332
WDI:FM.AST.DOMO.ZG.M3:GNQ,2004-12-31,7.564792722444607
WDI:FM.AST.DOMO.ZG.M3:GNQ,2005-12-31,15.028355854853622
WDI:FM.AST.DOMO.ZG.M3:GNQ,2006-12-31,12.82253114280556
WDI:FM.AST.DOMO.ZG.M3:GNQ,2007-12-31,17.368106269200684
WDI:FM.AST.DOMO.ZG.M3:GNQ,2008-12-31,45.87046384163937
WDI:FM.AST.DOMO.ZG.M3:GNQ,2009-12-31,2.9906329931646165
WDI:FM.AST.DOMO.ZG.M3:GNQ,2010-12-31,18.53098591549296
WDI:FM.AST.DOMO.ZG.M3:GNQ,2011-12-31,15.838656387665198
WDI:FM.AST.DOMO.ZG.M3:GNQ,2012-12-31,-12.472246696035242
WDI:FM.AST.DOMO.ZG.M3:GNQ,2013-12-31,13.195997239475501
WDI:FM.AST.DOMO.ZG.M3:GNQ,2014-12-31,8.14320987654321
WDI:FM.AST.DOMO.ZG.M3:GNQ,2015-12-31,7.987413127413127
WDI:FM.AST.DOMO.ZG.M3:GNQ,2016-12-31,2.3303986710963454
WDI:FM.AST.DOMO.ZG.M3:GRD,2002-12-31,2.6987056276722208
WDI:FM.AST.DOMO.ZG.M3:GRD,2003-12-31,-2.5001420800139025
WDI:FM.AST.DOMO.ZG.M3:GRD,2004-12-31,2.9863929710132573
WDI:FM.AST.DOMO.ZG.M3:GRD,2005-12-31,5.910310893107674
WDI:FM.AST.DOMO.ZG.M3:GRD,2006-12-31,8.794432844611146
WDI:FM.AST.DOMO.ZG.M3:GRD,2007-12-31,10.36854247725844
WDI:FM.AST.DOMO.ZG.M3:GRD,2008-12-31,10.9578934373966
WDI:FM.AST.DOMO.ZG.M3:GRD,2009-12-31,3.953058250734825
WDI:FM.AST.DOMO.ZG.M3:GRD,2010-12-31,4.584815452876366
WDI:FM.AST.DOMO.ZG.M3:GRD,2011-12-31,1.851108085633318
WDI:FM.AST.DOMO.ZG.M3:GRD,2012-12-31,0.0691445464475861
WDI:FM.AST.DOMO.ZG.M3:GRD,2013-12-31,-5.5168708687564
WDI:FM.AST.DOMO.ZG.M3:GRD,2014-12-31,-4.231714575041724
WDI:FM.AST.DOMO.ZG.M3:GRD,2015-12-31,-3.159123015661978
WDI:FM.AST.DOMO.ZG.M3:GRD,2016-12-31,-0.42801841438710736
WDI:FM.AST.DOMO.ZG.M3:GRD,2017-12-31,0.7322752971370705
WDI:FM.AST.DOMO.ZG.M3:GRD,2018-12-31,3.0062318304560334
WDI:FM.AST.DOMO.ZG.M3:GRD,2019-12-31,0.31339561949480066
WDI:FM.AST.DOMO.ZG.M3:GRD,2020-12-31,0.02021362637265293
WDI:FM.AST.DOMO.ZG.M3:GRD,2021-12-31,4.004732329107969
WDI:FM.AST.DOMO.ZG.M3:GRD,2022-12-31,1.3560346941438017
WDI:FM.AST.DOMO.ZG.M3:GRD,2023-12-31,2.97033270530204
WDI:FM.AST.DOMO.ZG.M3:GRD,2024-12-31,5.41064862337072
WDI:FM.AST.DOMO.ZG.M3:GRD,2025-12-31,62.2873868033308
WDI:FM.AST.DOMO.ZG.M3:GTM,2002-12-31,4.234171432621564
WDI:FM.AST.DOMO.ZG.M3:GTM,2003-12-31,22.3639072506515
WDI:FM.AST.DOMO.ZG.M3:GTM,2004-12-31,5.731609648565383
WDI:FM.AST.DOMO.ZG.M3:GTM,2005-12-31,10.729454376634735
WDI:FM.AST.DOMO.ZG.M3:GTM,2006-12-31,17.814261636182167
WDI:FM.AST.DOMO.ZG.M3:GTM,2007-12-31,13.151499680949064
WDI:FM.AST.DOMO.ZG.M3:GTM,2008-12-31,7.982860046309031
WDI:FM.AST.DOMO.ZG.M3:GTM,2009-12-31,-2.3513284388056843
WDI:FM.AST.DOMO.ZG.M3:GTM,2010-12-31,2.5880379164246
WDI:FM.AST.DOMO.ZG.M3:GTM,2011-12-31,7.787788499482433
WDI:FM.AST.DOMO.ZG.M3:GTM,2012-12-31,13.472417903092968
WDI:FM.AST.DOMO.ZG.M3:GTM,2013-12-31,7.9974382556423596
WDI:FM.AST.DOMO.ZG.M3:GTM,2014-12-31,6.6026321808653865
WDI:FM.AST.DOMO.ZG.M3:GTM,2015-12-31,8.482611679489146
WDI:FM.AST.DOMO.ZG.M3:GTM,2016-12-31,5.077355550803316
WDI:FM.AST.DOMO.ZG.M3:GTM,2017-12-31,2.953949911461406
WDI:FM.AST.DOMO.ZG.M3:GTM,2018-12-31,3.7339328880478453
WDI:FM.AST.DOMO.ZG.M3:GTM,2019-12-31,3.424805584204933
WDI:FM.AST.DOMO.ZG.M3:GTM,2020-12-31,4.131467231396279
WDI:FM.AST.DOMO.ZG.M3:GTM,2021-12-31,6.750044549357239
WDI:FM.AST.DOMO.ZG.M3:GTM,2022-12-31,8.70080497855644
WDI:FM.AST.DOMO.ZG.M3:GTM,2023-12-31,8.70665530949134
WDI:FM.AST.DOMO.ZG.M3:GTM,2024-12-31,6.17725850760392
WDI:FM.AST.DOMO.ZG.M3:GTM,2025-12-31,6.43469237120089
WDI:FM.AST.DOMO.ZG.M3:GUY,2002-12-31,3.083406499769206
WDI:FM.AST.DOMO.ZG.M3:GUY,2003-12-31,-6.69074711487509
WDI:FM.AST.DOMO.ZG.M3:GUY,2004-12-31,-0.5692030044755595
WDI:FM.AST.DOMO.ZG.M3:GUY,2005-12-31,3.4553115986790726
WDI:FM.AST.DOMO.ZG.M3:GUY,2006-12-31,6.820820698070448
WDI:FM.AST.DOMO.ZG.M3:GUY,2007-12-31,6.7299015276880265
WDI:FM.AST.DOMO.ZG.M3:GUY,2008-12-31,8.666188551988661
WDI:FM.AST.DOMO.ZG.M3:GUY,2009-12-31,3.27630213474891
WDI:FM.AST.DOMO.ZG.M3:GUY,2010-12-31,7.228029461851683
WDI:FM.AST.DOMO.ZG.M3:GUY,2011-12-31,8.552908385288257
WDI:FM.AST.DOMO.ZG.M3:GUY,2012-12-31,8.999671261604895
WDI:FM.AST.DOMO.ZG.M3:GUY,2013-12-31,7.236785704135819
WDI:FM.AST.DOMO.ZG.M3:GUY,2014-12-31,5.214748856128395
WDI:FM.AST.DOMO.ZG.M3:GUY,2015-12-31,3.0679372082507625
WDI:FM.AST.DOMO.ZG.M3:GUY,2016-12-31,1.2465055827557674
WDI:FM.AST.DOMO.ZG.M3:GUY,2017-12-31,1.35217331187258
WDI:FM.AST.DOMO.ZG.M3:GUY,2018-12-31,2.819912721029238
WDI:FM.AST.DOMO.ZG.M3:GUY,2019-12-31,4.2920905017502
WDI:FM.AST.DOMO.ZG.M3:GUY,2020-12-31,1.8639721797017033
WDI:FM.AST.DOMO.ZG.M3:GUY,2021-12-31,4.967009382180418
WDI:FM.AST.DOMO.ZG.M3:GUY,2022-12-31,6.717156266212418
WDI:FM.AST.DOMO.ZG.M3:GUY,2023-12-31,8.08727342555992
WDI:FM.AST.DOMO.ZG.M3:GUY,2024-12-31,8.16421014070837
WDI:FM.AST.DOMO.ZG.M3:GUY,2025-12-31,8.12889195130444
WDI:FM.AST.DOMO.ZG.M3:HKG,2017-12-31,9.99233394287957
WDI:FM.AST.DOMO.ZG.M3:HKG,2018-12-31,3.1537278895688785
WDI:FM.AST.DOMO.ZG.M3:HKG,2019-12-31,5.231015411482002
WDI:FM.AST.DOMO.ZG.M3:HKG,2020-12-31,2.2232985640694714
WDI:FM.AST.DOMO.ZG.M3:HKG,2021-12-31,4.073388176674894
WDI:FM.AST.DOMO.ZG.M3:HKG,2022-12-31,0.031555022672562
WDI:FM.AST.DOMO.ZG.M3:HKG,2023-12-31,-0.147048010872854
WDI:FM.AST.DOMO.ZG.M3:HKG,2024-12-31,-0.660565205108651
WDI:FM.AST.DOMO.ZG.M3:HKG,2025-12-31,1.55791747907267
WDI:FM.AST.DOMO.ZG.M3:HND,2002-12-31,7.730521069210632
WDI:FM.AST.DOMO.ZG.M3:HND,2003-12-31,14.844752154763498
WDI:FM.AST.DOMO.ZG.M3:HND,2004-12-31,12.166896545453735
WDI:FM.AST.DOMO.ZG.M3:HND,2005-12-31,12.9581995285625
WDI:FM.AST.DOMO.ZG.M3:HND,2006-12-31,23.81985199414599
WDI:FM.AST.DOMO.ZG.M3:HND,2007-12-31,26.52197064150239
WDI:FM.AST.DOMO.ZG.M3:HND,2008-12-31,8.311069994859936
WDI:FM.AST.DOMO.ZG.M3:HND,2009-12-31,7.173792915097127
WDI:FM.AST.DOMO.ZG.M3:HND,2010-12-31,4.858388885239075
WDI:FM.AST.DOMO.ZG.M3:HND,2011-12-31,11.27616250605229
WDI:FM.AST.DOMO.ZG.M3:HND,2012-12-31,15.955320186992136
WDI:FM.AST.DOMO.ZG.M3:HND,2013-12-31,13.8213076659544
WDI:FM.AST.DOMO.ZG.M3:HND,2014-12-31,12.518935635759338
WDI:FM.AST.DOMO.ZG.M3:HND,2015-12-31,10.687595814536154
WDI:FM.AST.DOMO.ZG.M3:HND,2016-12-31,15.842505787738755
WDI:FM.AST.DOMO.ZG.M3:HND,2017-12-31,9.106032760410546
WDI:FM.AST.DOMO.ZG.M3:HND,2018-12-31,15.40213558861143
WDI:FM.AST.DOMO.ZG.M3:HND,2019-12-31,9.984622578044414
WDI:FM.AST.DOMO.ZG.M3:HND,2020-12-31,3.6974517255092927
WDI:FM.AST.DOMO.ZG.M3:HND,2021-12-31,10.468068787512264
WDI:FM.AST.DOMO.ZG.M3:HND,2022-12-31,17.712001127569707
WDI:FM.AST.DOMO.ZG.M3:HND,2023-12-31,18.4300185419464
WDI:FM.AST.DOMO.ZG.M3:HND,2024-12-31,14.308324778036
WDI:FM.AST.DOMO.ZG.M3:HND,2025-12-31,6.39301389250877
WDI:FM.AST.DOMO.ZG.M3:HTI,2002-12-31,12.304030742073516
WDI:FM.AST.DOMO.ZG.M3:HTI,2003-12-31,9.076042260983952
WDI:FM.AST.DOMO.ZG.M3:HTI,2004-12-31,1.0504842214612675
WDI:FM.AST.DOMO.ZG.M3:HTI,2005-12-31,7.777126273176939
WDI:FM.AST.DOMO.ZG.M3:HTI,2006-12-31,3.563814234143662
WDI:FM.AST.DOMO.ZG.M3:HTI,2007-12-31,3.8130973711064953
WDI:FM.AST.DOMO.ZG.M3:HTI,2008-12-31,8.719450361654614
WDI:FM.AST.DOMO.ZG.M3:HTI,2009-12-31,6.339611590413547
WDI:FM.AST.DOMO.ZG.M3:HTI,2010-12-31,-0.29337908077540054
WDI:FM.AST.DOMO.ZG.M3:HTI,2011-12-31,8.916566209354848
WDI:FM.AST.DOMO.ZG.M3:HTI,2012-12-31,12.316915120489469
WDI:FM.AST.DOMO.ZG.M3:HTI,2013-12-31,5.270005376902607
WDI:FM.AST.DOMO.ZG.M3:HTI,2014-12-31,7.631429925874405
WDI:FM.AST.DOMO.ZG.M3:HTI,2015-12-31,3.0774996953916447
WDI:FM.AST.DOMO.ZG.M3:HTI,2016-12-31,8.767447142766342
WDI:FM.AST.DOMO.ZG.M3:HTI,2017-12-31,2.3733431136875747
WDI:FM.AST.DOMO.ZG.M3:HTI,2018-12-31,7.526104449321949
WDI:FM.AST.DOMO.ZG.M3:HTI,2019-12-31,4.175668822684031
WDI:FM.AST.DOMO.ZG.M3:HTI,2020-12-31,-2.793942554177123
WDI:FM.AST.DOMO.ZG.M3:HTI,2021-12-31,6.806506931505767
WDI:FM.AST.DOMO.ZG.M3:HTI,2022-12-31,7.8590176350043
WDI:FM.AST.DOMO.ZG.M3:HTI,2023-12-31,-7.23752687704694
WDI:FM.AST.DOMO.ZG.M3:HTI,2024-12-31,-1.2785809048012
WDI:FM.AST.DOMO.ZG.M3:HUN,2002-12-31,13.838329439387808
WDI:FM.AST.DOMO.ZG.M3:HUN,2003-12-31,27.15946969259546
WDI:FM.AST.DOMO.ZG.M3:HUN,2004-12-31,17.058080693378482
WDI:FM.AST.DOMO.ZG.M3:HUN,2005-12-31,20.613680871337333
WDI:FM.AST.DOMO.ZG.M3:HUN,2006-12-31,18.217374105812723
WDI:FM.AST.DOMO.ZG.M3:HUN,2007-12-31,21.68782135484847
WDI:FM.AST.DOMO.ZG.M3:HUN,2008-12-31,23.998635345714085
WDI:FM.AST.DOMO.ZG.M3:HUN,2009-12-31,-6.01479080893065
WDI:FM.AST.DOMO.ZG.M3:HUN,2010-12-31,4.002092351542941
WDI:FM.AST.DOMO.ZG.M3:HUN,2011-12-31,0.3837896224747682
WDI:FM.AST.DOMO.ZG.M3:HUN,2012-12-31,-14.380008943131093
WDI:FM.AST.DOMO.ZG.M3:HUN,2013-12-31,-7.283894955382553
WDI:FM.AST.DOMO.ZG.M3:HUN,2014-12-31,-2.2809005160179843
WDI:FM.AST.DOMO.ZG.M3:HUN,2015-12-31,-7.481921568275247
WDI:FM.AST.DOMO.ZG.M3:HUN,2016-12-31,0.7317919365976713
WDI:FM.AST.DOMO.ZG.M3:HUN,2017-12-31,1.720240039141225
WDI:FM.AST.DOMO.ZG.M3:HUN,2018-12-31,6.9656408753636905
WDI:FM.AST.DOMO.ZG.M3:HUN,2019-12-31,9.53248412919882
WDI:FM.AST.DOMO.ZG.M3:HUN,2020-12-31,11.106169283742043
WDI:FM.AST.DOMO.ZG.M3:HUN,2021-12-31,14.553780796428722
WDI:FM.AST.DOMO.ZG.M3:HUN,2022-12-31,13.49709357756963
WDI:FM.AST.DOMO.ZG.M3:HUN,2023-12-31,-0.138918642258348
WDI:FM.AST.DOMO.ZG.M3:HUN,2024-12-31,4.3459161839784
WDI:FM.AST.DOMO.ZG.M3:IDN,2002-12-31,7.2298111663204345
WDI:FM.AST.DOMO.ZG.M3:IDN,2003-12-31,8.421509848063344
WDI:FM.AST.DOMO.ZG.M3:IDN,2004-12-31,16.265009689900648
WDI:FM.AST.DOMO.ZG.M3:IDN,2005-12-31,13.222571909719406
WDI:FM.AST.DOMO.ZG.M3:IDN,2006-12-31,8.295899197844733
WDI:FM.AST.DOMO.ZG.M3:IDN,2007-12-31,14.848062896895255
WDI:FM.AST.DOMO.ZG.M3:IDN,2008-12-31,20.158291225748435
WDI:FM.AST.DOMO.ZG.M3:IDN,2009-12-31,6.894180014623378
WDI:FM.AST.DOMO.ZG.M3:IDN,2010-12-31,17.09513494013636
WDI:FM.AST.DOMO.ZG.M3:IDN,2011-12-31,19.104983834121118
WDI:FM.AST.DOMO.ZG.M3:IDN,2012-12-31,18.604971473320752
WDI:FM.AST.DOMO.ZG.M3:IDN,2013-12-31,18.41503560201676
WDI:FM.AST.DOMO.ZG.M3:IDN,2014-12-31,11.662982101268307
WDI:FM.AST.DOMO.ZG.M3:IDN,2015-12-31,8.54336805510119
WDI:FM.AST.DOMO.ZG.M3:IDN,2016-12-31,8.642142673588713
WDI:FM.AST.DOMO.ZG.M3:IDN,2017-12-31,7.515375895351683
WDI:FM.AST.DOMO.ZG.M3:IDN,2018-12-31,11.770706887405785
WDI:FM.AST.DOMO.ZG.M3:IDN,2019-12-31,5.462194563482921
WDI:FM.AST.DOMO.ZG.M3:IDN,2020-12-31,-1.6252857128363338
WDI:FM.AST.DOMO.ZG.M3:IDN,2021-12-31,4.624864209097558
WDI:FM.AST.DOMO.ZG.M3:IDN,2022-12-31,8.356098419647672
WDI:FM.AST.DOMO.ZG.M3:IDN,2023-12-31,7.12471193862264
WDI:FM.AST.DOMO.ZG.M3:IDN,2024-12-31,7.64362436417886
WDI:FM.AST.DOMO.ZG.M3:IDN,2025-12-31,8.30930013030183
WDI:FM.AST.DOMO.ZG.M3:IND,2017-12-31,8.362088604373694
WDI:FM.AST.DOMO.ZG.M3:IND,2018-12-31,10.841221361890005
WDI:FM.AST.DOMO.ZG.M3:IND,2019-12-31,6.064407293336468
WDI:FM.AST.DOMO.ZG.M3:IND,2020-12-31,6.110764109092655
WDI:FM.AST.DOMO.ZG.M3:IND,2021-12-31,7.6224609003918
WDI:FM.AST.DOMO.ZG.M3:IND,2022-12-31,10.092731659241284
WDI:FM.AST.DOMO.ZG.M3:IRQ,2005-12-31,6.407629071614339
WDI:FM.AST.DOMO.ZG.M3:IRQ,2006-12-31,7.669200879588474
WDI:FM.AST.DOMO.ZG.M3:IRQ,2007-12-31,-0.044181143592331086
WDI:FM.AST.DOMO.ZG.M3:IRQ,2008-12-31,5.695706361489867
WDI:FM.AST.DOMO.ZG.M3:IRQ,2009-12-31,1.9885037401999959
WDI:FM.AST.DOMO.ZG.M3:IRQ,2010-12-31,8.115447318597857
WDI:FM.AST.DOMO.ZG.M3:IRQ,2011-12-31,6.08527166885269
WDI:FM.AST.DOMO.ZG.M3:IRQ,2012-12-31,10.425825872789014
WDI:FM.AST.DOMO.ZG.M3:IRQ,2013-12-31,3.6811946412687684
WDI:FM.AST.DOMO.ZG.M3:IRQ,2014-12-31,2.4987600547300883
WDI:FM.AST.DOMO.ZG.M3:IRQ,2015-12-31,1.0433129658557863
WDI:FM.AST.DOMO.ZG.M3:IRQ,2016-12-31,0.20405248541364962
WDI:FM.AST.DOMO.ZG.M3:IRQ,2017-12-31,1.3187519353409405
WDI:FM.AST.DOMO.ZG.M3:IRQ,2018-12-31,-2.8321533986385177
WDI:FM.AST.DOMO.ZG.M3:IRQ,2019-12-31,1.3173754572599805
WDI:FM.AST.DOMO.ZG.M3:IRQ,2020-12-31,4.351158907759258
WDI:FM.AST.DOMO.ZG.M3:IRQ,2021-12-31,4.251597876095051
WDI:FM.AST.DOMO.ZG.M3:IRQ,2022-12-31,4.819588847955749
WDI:FM.AST.DOMO.ZG.M3:IRQ,2023-12-31,1.9129614098333
WDI:FM.AST.DOMO.ZG.M3:IRQ,2024-12-31,3.56045788171959
WDI:FM.AST.DOMO.ZG.M3:ISL,2002-12-31,23.070770313503427
WDI:FM.AST.DOMO.ZG.M3:ISL,2003-12-31,59.46536978451165
WDI:FM.AST.DOMO.ZG.M3:ISL,2004-12-31,91.04476052123265
WDI:FM.AST.DOMO.ZG.M3:ISL,2005-12-31,180.83800778414547
WDI:FM.AST.DOMO.ZG.M3:ISL,2006-12-31,170.51834632968678
WDI:FM.AST.DOMO.ZG.M3:ISL,2007-12-31,47.98023343283936
WDI:FM.AST.DOMO.ZG.M3:ISL,2008-12-31,33.599968741397966
WDI:FM.AST.DOMO.ZG.M3:ISL,2009-12-31,-6.832829069841904
WDI:FM.AST.DOMO.ZG.M3:ISL,2010-12-31,-29.18556993380814
WDI:FM.AST.DOMO.ZG.M3:ISL,2011-12-31,-58.107233575670975
WDI:FM.AST.DOMO.ZG.M3:ISL,2012-12-31,-25.482458681207646
WDI:FM.AST.DOMO.ZG.M3:ISL,2013-12-31,-13.605675649862915
WDI:FM.AST.DOMO.ZG.M3:ISL,2014-12-31,-8.188005483135203
WDI:FM.AST.DOMO.ZG.M3:ISL,2015-12-31,-2.5839740157806084
WDI:FM.AST.DOMO.ZG.M3:ISL,2016-12-31,-2.6804162813766523
WDI:FM.AST.DOMO.ZG.M3:ISL,2017-12-31,9.434850204456364
WDI:FM.AST.DOMO.ZG.M3:ISL,2018-12-31,15.800770277610834
WDI:FM.AST.DOMO.ZG.M3:ISL,2019-12-31,5.350673111734365
WDI:FM.AST.DOMO.ZG.M3:ISL,2020-12-31,14.966438896628528
WDI:FM.AST.DOMO.ZG.M3:ISL,2021-12-31,16.747902724508762
WDI:FM.AST.DOMO.ZG.M3:ISL,2022-12-31,15.245083575475826
WDI:FM.AST.DOMO.ZG.M3:ISL,2023-12-31,6.75433441376016
WDI:FM.AST.DOMO.ZG.M3:ISL,2024-12-31,11.9701590311665
WDI:FM.AST.DOMO.ZG.M3:ISL,2025-12-31,8.31173482250311
WDI:FM.AST.DOMO.ZG.M3:ISR,2002-12-31,8.651859669270486
WDI:FM.AST.DOMO.ZG.M3:ISR,2003-12-31,-3.3096903688435066
WDI:FM.AST.DOMO.ZG.M3:ISR,2004-12-31,3.76639516237444
WDI:FM.AST.DOMO.ZG.M3:ISR,2005-12-31,10.10404783793448
WDI:FM.AST.DOMO.ZG.M3:ISR,2006-12-31,3.261233658149544
WDI:FM.AST.DOMO.ZG.M3:ISR,2007-12-31,8.391414030234138
WDI:FM.AST.DOMO.ZG.M3:ISR,2008-12-31,10.71566768649227
WDI:FM.AST.DOMO.ZG.M3:ISR,2009-12-31,-0.5895423557525598
WDI:FM.AST.DOMO.ZG.M3:ISR,2010-12-31,9.013011622109062
WDI:FM.AST.DOMO.ZG.M3:ISR,2011-12-31,8.223300302741222
WDI:FM.AST.DOMO.ZG.M3:ISR,2012-12-31,2.70141723289239
WDI:FM.AST.DOMO.ZG.M3:ISR,2013-12-31,4.848380081749866
WDI:FM.AST.DOMO.ZG.M3:ISR,2014-12-31,4.679467015689599
WDI:FM.AST.DOMO.ZG.M3:ISR,2015-12-31,2.1542768335264832
WDI:FM.AST.DOMO.ZG.M3:ISR,2016-12-31,2.8189271810152565
WDI:FM.AST.DOMO.ZG.M3:ISR,2017-12-31,3.6479683829135103
WDI:FM.AST.DOMO.ZG.M3:ISR,2018-12-31,5.282311053790612
WDI:FM.AST.DOMO.ZG.M3:ISR,2019-12-31,4.03187299698383
WDI:FM.AST.DOMO.ZG.M3:ISR,2024-12-31,6.93701100773669
WDI:FM.AST.DOMO.ZG.M3:ISR,2025-12-31,12.1391420031594
WDI:FM.AST.DOMO.ZG.M3:JAM,2002-12-31,14.195236525300244
WDI:FM.AST.DOMO.ZG.M3:JAM,2003-12-31,15.495482757912079
WDI:FM.AST.DOMO.ZG.M3:JAM,2004-12-31,10.113336413415205
WDI:FM.AST.DOMO.ZG.M3:JAM,2005-12-31,9.110947432968118
WDI:FM.AST.DOMO.ZG.M3:JAM,2006-12-31,12.636604809149317
WDI:FM.AST.DOMO.ZG.M3:JAM,2007-12-31,14.296638124640008
WDI:FM.AST.DOMO.ZG.M3:JAM,2008-12-31,14.986784447092969
WDI:FM.AST.DOMO.ZG.M3:JAM,2009-12-31,3.1752915127245513
WDI:FM.AST.DOMO.ZG.M3:JAM,2010-12-31,-0.7941897197821665
WDI:FM.AST.DOMO.ZG.M3:JAM,2011-12-31,4.958458707945051
WDI:FM.AST.DOMO.ZG.M3:JAM,2012-12-31,8.407467427459508
WDI:FM.AST.DOMO.ZG.M3:JAM,2013-12-31,9.329545428856669
WDI:FM.AST.DOMO.ZG.M3:JAM,2014-12-31,6.515301460605993
WDI:FM.AST.DOMO.ZG.M3:JAM,2015-12-31,4.756188533791884
WDI:FM.AST.DOMO.ZG.M3:JAM,2016-12-31,14.786498628747633
WDI:FM.AST.DOMO.ZG.M3:JAM,2017-12-31,17.936698904190653
WDI:FM.AST.DOMO.ZG.M3:JAM,2018-12-31,9.607546650748814
WDI:FM.AST.DOMO.ZG.M3:JAM,2019-12-31,13.134077317466506
WDI:FM.AST.DOMO.ZG.M3:JAM,2020-12-31,8.91309927739061
WDI:FM.AST.DOMO.ZG.M3:JAM,2021-12-31,6.607853838712499
WDI:FM.AST.DOMO.ZG.M3:JAM,2022-12-31,8.229854840469454
WDI:FM.AST.DOMO.ZG.M3:JAM,2023-12-31,8.50149407213388
WDI:FM.AST.DOMO.ZG.M3:JAM,2024-12-31,3.58852321472583
WDI:FM.AST.DOMO.ZG.M3:JAM,2025-12-31,5.04743223013606
WDI:FM.AST.DOMO.ZG.M3:JOR,2015-12-31,2.9059528569563167
WDI:FM.AST.DOMO.ZG.M3:JOR,2016-12-31,7.1465861760218505
WDI:FM.AST.DOMO.ZG.M3:JOR,2017-12-31,7.029931102931099
WDI:FM.AST.DOMO.ZG.M3:JOR,2018-12-31,4.737101570838945
WDI:FM.AST.DOMO.ZG.M3:JOR,2019-12-31,4.323541808450561
WDI:FM.AST.DOMO.ZG.M3:JOR,2020-12-31,6.106225908890571
WDI:FM.AST.DOMO.ZG.M3:JOR,2021-12-31,3.7352375969717118
WDI:FM.AST.DOMO.ZG.M3:JOR,2022-12-31,7.316922811296496
WDI:FM.AST.DOMO.ZG.M3:JOR,2023-12-31,1.95786617844863
WDI:FM.AST.DOMO.ZG.M3:JOR,2024-12-31,2.77050437348614
WDI:FM.AST.DOMO.ZG.M3:JOR,2025-12-31,2.29118881245582
WDI:FM.AST.DOMO.ZG.M3:JPN,2002-12-31,-5.356147098959567
WDI:FM.AST.DOMO.ZG.M3:JPN,2003-12-31,-3.7539143164401536
WDI:FM.AST.DOMO.ZG.M3:JPN,2004-12-31,-1.865319511943876
WDI:FM.AST.DOMO.ZG.M3:JPN,2005-12-31,-0.7799153294492227
WDI:FM.AST.DOMO.ZG.M3:JPN,2006-12-31,-2.056450448195184
WDI:FM.AST.DOMO.ZG.M3:JPN,2007-12-31,-1.51024946167113
WDI:FM.AST.DOMO.ZG.M3:JPN,2008-12-31,-1.8548866630467271
WDI:FM.AST.DOMO.ZG.M3:JPN,2009-12-31,-1.6171964856817402
WDI:FM.AST.DOMO.ZG.M3:JPN,2010-12-31,-1.0801319714405466
WDI:FM.AST.DOMO.ZG.M3:JPN,2011-12-31,-1.4409688182260372
WDI:FM.AST.DOMO.ZG.M3:JPN,2012-12-31,1.919970375467559
WDI:FM.AST.DOMO.ZG.M3:JPN,2013-12-31,1.4706513206436103
WDI:FM.AST.DOMO.ZG.M3:JPN,2014-12-31,1.935702527437175
WDI:FM.AST.DOMO.ZG.M3:JPN,2015-12-31,2.54363018779526
WDI:FM.AST.DOMO.ZG.M3:JPN,2016-12-31,3.2776365275735744
WDI:FM.AST.DOMO.ZG.M3:JPN,2017-12-31,4.083228130542509
WDI:FM.AST.DOMO.ZG.M3:JPN,2018-12-31,1.2447214378185023
WDI:FM.AST.DOMO.ZG.M3:JPN,2019-12-31,3.500129482348688
WDI:FM.AST.DOMO.ZG.M3:JPN,2020-12-31,5.4440342446834755
WDI:FM.AST.DOMO.ZG.M3:JPN,2021-12-31,2.684164563164351
WDI:FM.AST.DOMO.ZG.M3:JPN,2022-12-31,-0.5255174621341807
WDI:FM.AST.DOMO.ZG.M3:JPN,2023-12-31,2.86602550908024
WDI:FM.AST.DOMO.ZG.M3:JPN,2024-12-31,2.36823726588228
WDI:FM.AST.DOMO.ZG.M3:JPN,2025-12-31,2.40259336662786
WDI:FM.AST.DOMO.ZG.M3:KAZ,2002-12-31,33.29006090265748
WDI:FM.AST.DOMO.ZG.M3:KAZ,2003-12-31,47.5019157505941
WDI:FM.AST.DOMO.ZG.M3:KAZ,2004-12-31,58.84841377334961
WDI:FM.AST.DOMO.ZG.M3:KAZ,2005-12-31,73.91386901734809
WDI:FM.AST.DOMO.ZG.M3:KAZ,2006-12-31,113.95032373352124
WDI:FM.AST.DOMO.ZG.M3:KAZ,2007-12-31,72.94303585942853
WDI:FM.AST.DOMO.ZG.M3:KAZ,2008-12-31,12.09579309514027
WDI:FM.AST.DOMO.ZG.M3:KAZ,2009-12-31,14.132915952123238
WDI:FM.AST.DOMO.ZG.M3:KAZ,2010-12-31,7.096635646739994
WDI:FM.AST.DOMO.ZG.M3:KAZ,2011-12-31,16.71379226465708
WDI:FM.AST.DOMO.ZG.M3:KAZ,2012-12-31,13.981886248383047
WDI:FM.AST.DOMO.ZG.M3:KAZ,2013-12-31,15.173875717006908
WDI:FM.AST.DOMO.ZG.M3:KAZ,2014-12-31,6.9741322797995
WDI:FM.AST.DOMO.ZG.M3:KAZ,2015-12-31,28.707146228481164
WDI:FM.AST.DOMO.ZG.M3:KAZ,2016-12-31,-0.5238592572672816
WDI:FM.AST.DOMO.ZG.M3:KAZ,2017-12-31,-6.396555837560855
WDI:FM.AST.DOMO.ZG.M3:KAZ,2018-12-31,5.003785763722558
WDI:FM.AST.DOMO.ZG.M3:KAZ,2019-12-31,9.894142705020611
WDI:FM.AST.DOMO.ZG.M3:KAZ,2020-12-31,13.410938161348993
WDI:FM.AST.DOMO.ZG.M3:KAZ,2021-12-31,21.196802601891264
WDI:FM.AST.DOMO.ZG.M3:KAZ,2022-12-31,14.20585434734901
WDI:FM.AST.DOMO.ZG.M3:KAZ,2023-12-31,16.869735466897
WDI:FM.AST.DOMO.ZG.M3:KAZ,2024-12-31,14.5603787431434
WDI:FM.AST.DOMO.ZG.M3:KAZ,2025-12-31,17.8258519591226
WDI:FM.AST.DOMO.ZG.M3:KEN,2002-12-31,4.697415549230013
WDI:FM.AST.DOMO.ZG.M3:KEN,2003-12-31,4.84496093929591
WDI:FM.AST.DOMO.ZG.M3:KEN,2004-12-31,16.00405343261597
WDI:FM.AST.DOMO.ZG.M3:KEN,2005-12-31,6.041733961388115
WDI:FM.AST.DOMO.ZG.M3:KEN,2006-12-31,9.886564569028002
WDI:FM.AST.DOMO.ZG.M3:KEN,2007-12-31,10.525590737751795
WDI:FM.AST.DOMO.ZG.M3:KEN,2008-12-31,19.040320092193195
WDI:FM.AST.DOMO.ZG.M3:KEN,2009-12-31,11.515257586092263
WDI:FM.AST.DOMO.ZG.M3:KEN,2010-12-31,14.315709185368691
WDI:FM.AST.DOMO.ZG.M3:KEN,2011-12-31,23.332756389682793
WDI:FM.AST.DOMO.ZG.M3:KEN,2012-12-31,9.314462860464557
WDI:FM.AST.DOMO.ZG.M3:KEN,2013-12-31,14.257800810038047
WDI:FM.AST.DOMO.ZG.M3:KEN,2014-12-31,30.311044625985097
WDI:FM.AST.DOMO.ZG.M3:KEN,2015-12-31,16.2028809280644
WDI:FM.AST.DOMO.ZG.M3:KEN,2016-12-31,6.18229342006939
WDI:FM.AST.DOMO.ZG.M3:KEN,2017-12-31,3.965783706243326
WDI:FM.AST.DOMO.ZG.M3:KEN,2018-12-31,2.902934656692654
WDI:FM.AST.DOMO.ZG.M3:KEN,2019-12-31,6.421186173422954
WDI:FM.AST.DOMO.ZG.M3:KEN,2020-12-31,7.439857936485506
WDI:FM.AST.DOMO.ZG.M3:KEN,2021-12-31,6.97134567387922
WDI:FM.AST.DOMO.ZG.M3:KEN,2022-12-31,9.692867077052481
WDI:FM.AST.DOMO.ZG.M3:KEN,2023-12-31,11.5948478909423
WDI:FM.AST.DOMO.ZG.M3:KGZ,2002-12-31,3.8869322322079185
WDI:FM.AST.DOMO.ZG.M3:KGZ,2003-12-31,7.831870464935609
WDI:FM.AST.DOMO.ZG.M3:KGZ,2004-12-31,18.123814150487917
WDI:FM.AST.DOMO.ZG.M3:KGZ,2005-12-31,7.547688905626296
WDI:FM.AST.DOMO.ZG.M3:KGZ,2006-12-31,18.265405288921933
WDI:FM.AST.DOMO.ZG.M3:KGZ,2007-12-31,-9.088888890268871
WDI:FM.AST.DOMO.ZG.M3:KGZ,2008-12-31,41.78168993220472
WDI:FM.AST.DOMO.ZG.M3:KGZ,2009-12-31,2.8620415552177088
WDI:FM.AST.DOMO.ZG.M3:KGZ,2010-12-31,5.418682913542285
WDI:FM.AST.DOMO.ZG.M3:KGZ,2011-12-31,4.753180432140726
WDI:FM.AST.DOMO.ZG.M3:KGZ,2012-12-31,10.513966762520615
WDI:FM.AST.DOMO.ZG.M3:KGZ,2013-12-31,15.740990743361493
WDI:FM.AST.DOMO.ZG.M3:KGZ,2014-12-31,21.215660924671884
WDI:FM.AST.DOMO.ZG.M3:KGZ,2015-12-31,12.996649540348107
WDI:FM.AST.DOMO.ZG.M3:KGZ,2016-12-31,-0.6637114294214759
WDI:FM.AST.DOMO.ZG.M3:KGZ,2017-12-31,9.316298988441593
WDI:FM.AST.DOMO.ZG.M3:KGZ,2018-12-31,10.25318746046892
WDI:FM.AST.DOMO.ZG.M3:KGZ,2019-12-31,9.948344331984085
WDI:FM.AST.DOMO.ZG.M3:KGZ,2020-12-31,9.594270706593726
WDI:FM.AST.DOMO.ZG.M3:KGZ,2021-12-31,7.998332168566983
WDI:FM.AST.DOMO.ZG.M3:KGZ,2022-12-31,6.397733526170314
WDI:FM.AST.DOMO.ZG.M3:KGZ,2023-12-31,12.3374931693953
WDI:FM.AST.DOMO.ZG.M3:KHM,2002-12-31,5.361268046343753
WDI:FM.AST.DOMO.ZG.M3:KHM,2003-12-31,9.53247455695102
WDI:FM.AST.DOMO.ZG.M3:KHM,2004-12-31,18.29231293681149
WDI:FM.AST.DOMO.ZG.M3:KHM,2005-12-31,9.034902420317092
WDI:FM.AST.DOMO.ZG.M3:KHM,2006-12-31,25.596034649436035
WDI:FM.AST.DOMO.ZG.M3:KHM,2007-12-31,40.02406204656696
WDI:FM.AST.DOMO.ZG.M3:KHM,2008-12-31,30.790161168467968
WDI:FM.AST.DOMO.ZG.M3:KHM,2009-12-31,6.297838770538466
WDI:FM.AST.DOMO.ZG.M3:KHM,2010-12-31,14.80378835485087
WDI:FM.AST.DOMO.ZG.M3:KHM,2011-12-31,9.312507053134057
WDI:FM.AST.DOMO.ZG.M3:KHM,2012-12-31,35.17803815866329
WDI:FM.AST.DOMO.ZG.M3:KHM,2013-12-31,35.392862676699956
WDI:FM.AST.DOMO.ZG.M3:KHM,2014-12-31,30.510318434999643
WDI:FM.AST.DOMO.ZG.M3:KHM,2015-12-31,27.5281841392179
WDI:FM.AST.DOMO.ZG.M3:KHM,2016-12-31,22.464565363095883
WDI:FM.AST.DOMO.ZG.M3:KHM,2017-12-31,19.090096145821786
WDI:FM.AST.DOMO.ZG.M3:KHM,2018-12-31,28.09505106036255
WDI:FM.AST.DOMO.ZG.M3:KHM,2019-12-31,28.39479178735967
WDI:FM.AST.DOMO.ZG.M3:KHM,2020-12-31,18.85394781829755
WDI:FM.AST.DOMO.ZG.M3:KHM,2021-12-31,26.329113877635425
WDI:FM.AST.DOMO.ZG.M3:KHM,2022-12-31,21.90090884618472
WDI:FM.AST.DOMO.ZG.M3:KHM,2023-12-31,4.50648297702633
WDI:FM.AST.DOMO.ZG.M3:KHM,2024-12-31,3.65096091142454
WDI:FM.AST.DOMO.ZG.M3:KHM,2025-12-31,6.47210193754867
WDI:FM.AST.DOMO.ZG.M3:KNA,2002-12-31,2.1282143598957255
WDI:FM.AST.DOMO.ZG.M3:KNA,2003-12-31,10.201929263035979
WDI:FM.AST.DOMO.ZG.M3:KNA,2004-12-31,13.645437504010385
WDI:FM.AST.DOMO.ZG.M3:KNA,2005-12-31,7.878356019391914
WDI:FM.AST.DOMO.ZG.M3:KNA,2006-12-31,9.591710112948013
WDI:FM.AST.DOMO.ZG.M3:KNA,2007-12-31,9.11671622756705
WDI:FM.AST.DOMO.ZG.M3:KNA,2008-12-31,8.098189668996607
WDI:FM.AST.DOMO.ZG.M3:KNA,2009-12-31,-12.460076654981327
WDI:FM.AST.DOMO.ZG.M3:KNA,2010-12-31,4.531561958516547
WDI:FM.AST.DOMO.ZG.M3:KNA,2011-12-31,3.6848580119722376
WDI:FM.AST.DOMO.ZG.M3:KNA,2012-12-31,0.2827799738764103
WDI:FM.AST.DOMO.ZG.M3:KNA,2013-12-31,-1.5505506618073015
WDI:FM.AST.DOMO.ZG.M3:KNA,2014-12-31,-5.528635073977144
WDI:FM.AST.DOMO.ZG.M3:KNA,2015-12-31,1.4962023753438944
WDI:FM.AST.DOMO.ZG.M3:KNA,2016-12-31,0.6309658846633123
WDI:FM.AST.DOMO.ZG.M3:KNA,2017-12-31,1.4701187442680022
WDI:FM.AST.DOMO.ZG.M3:KNA,2018-12-31,2.6639234155943132
WDI:FM.AST.DOMO.ZG.M3:KNA,2019-12-31,-4.103101106504923
WDI:FM.AST.DOMO.ZG.M3:KNA,2020-12-31,0.372539556976476
WDI:FM.AST.DOMO.ZG.M3:KNA,2021-12-31,4.653069071998118
WDI:FM.AST.DOMO.ZG.M3:KNA,2022-12-31,3.4115111580572286
WDI:FM.AST.DOMO.ZG.M3:KNA,2023-12-31,3.38163154475963
WDI:FM.AST.DOMO.ZG.M3:KNA,2024-12-31,5.02482302795096
WDI:FM.AST.DOMO.ZG.M3:KNA,2025-12-31,3.84960650267969
WDI:FM.AST.DOMO.ZG.M3:KOR,2002-12-31,19.339200331395116
WDI:FM.AST.DOMO.ZG.M3:KOR,2003-12-31,2.6924215268338516
WDI:FM.AST.DOMO.ZG.M3:KOR,2004-12-31,0.7177330400314362
WDI:FM.AST.DOMO.ZG.M3:KOR,2005-12-31,9.850302576321905
WDI:FM.AST.DOMO.ZG.M3:KOR,2006-12-31,18.779644001780124
WDI:FM.AST.DOMO.ZG.M3:KOR,2007-12-31,17.395333382925152
WDI:FM.AST.DOMO.ZG.M3:KOR,2008-12-31,20.272649375583
WDI:FM.AST.DOMO.ZG.M3:KOR,2009-12-31,2.8034810698722064
WDI:FM.AST.DOMO.ZG.M3:KOR,2010-12-31,5.937800495221496
WDI:FM.AST.DOMO.ZG.M3:KOR,2011-12-31,8.49994428736692
WDI:FM.AST.DOMO.ZG.M3:KOR,2012-12-31,4.583159838153092
WDI:FM.AST.DOMO.ZG.M3:KOR,2013-12-31,3.6290004572822934
WDI:FM.AST.DOMO.ZG.M3:KOR,2014-12-31,8.812995268445556
WDI:FM.AST.DOMO.ZG.M3:KOR,2015-12-31,8.853286146600217
WDI:FM.AST.DOMO.ZG.M3:KOR,2016-12-31,8.267080723603625
WDI:FM.AST.DOMO.ZG.M3:KOR,2017-12-31,7.334277076894558
WDI:FM.AST.DOMO.ZG.M3:KOR,2018-12-31,9.152489003372985
WDI:FM.AST.DOMO.ZG.M3:KOR,2019-12-31,10.392066941116772
WDI:FM.AST.DOMO.ZG.M3:KOR,2020-12-31,10.658135126895806
WDI:FM.AST.DOMO.ZG.M3:KOR,2021-12-31,13.368155840491127
WDI:FM.AST.DOMO.ZG.M3:KOR,2022-12-31,8.205992375155509
WDI:FM.AST.DOMO.ZG.M3:KOR,2023-12-31,5.04865762430959
WDI:FM.AST.DOMO.ZG.M3:KOR,2024-12-31,5.70823252473989
WDI:FM.AST.DOMO.ZG.M3:KWT,2002-12-31,8.5344967252562
WDI:FM.AST.DOMO.ZG.M3:KWT,2003-12-31,17.93734784983562
WDI:FM.AST.DOMO.ZG.M3:KWT,2004-12-31,14.425088932373209
WDI:FM.AST.DOMO.ZG.M3:KWT,2005-12-31,16.968694978561803
WDI:FM.AST.DOMO.ZG.M3:KWT,2006-12-31,30.719674932047944
WDI:FM.AST.DOMO.ZG.M3:KWT,2007-12-31,35.62554455070042
WDI:FM.AST.DOMO.ZG.M3:KWT,2008-12-31,19.14735918396224
WDI:FM.AST.DOMO.ZG.M3:KWT,2009-12-31,7.140234485753173
WDI:FM.AST.DOMO.ZG.M3:KWT,2010-12-31,2.0469712560463362
WDI:FM.AST.DOMO.ZG.M3:KWT,2011-12-31,2.7397322690627837
WDI:FM.AST.DOMO.ZG.M3:KWT,2012-12-31,2.8343145777467855
WDI:FM.AST.DOMO.ZG.M3:KWT,2013-12-31,7.138694022224279
WDI:FM.AST.DOMO.ZG.M3:KWT,2014-12-31,4.876392886498019
WDI:FM.AST.DOMO.ZG.M3:KWT,2015-12-31,7.722816662077096
WDI:FM.AST.DOMO.ZG.M3:KWT,2016-12-31,2.7779675529343013
WDI:FM.AST.DOMO.ZG.M3:KWT,2017-12-31,3.386334306108907
WDI:FM.AST.DOMO.ZG.M3:KWT,2018-12-31,4.230085749503666
WDI:FM.AST.DOMO.ZG.M3:KWT,2019-12-31,3.981739237107725
WDI:FM.AST.DOMO.ZG.M3:KWT,2020-12-31,3.2141517968326183
WDI:FM.AST.DOMO.ZG.M3:KWT,2021-12-31,7.524399542767863
WDI:FM.AST.DOMO.ZG.M3:KWT,2022-12-31,9.200133645385927
WDI:FM.AST.DOMO.ZG.M3:KWT,2023-12-31,3.04845965247935
WDI:FM.AST.DOMO.ZG.M3:KWT,2024-12-31,4.7834114630606
WDI:FM.AST.DOMO.ZG.M3:KWT,2025-12-31,9.10695794189076
WDI:FM.AST.DOMO.ZG.M3:LBR,2008-12-31,17.941216534203317
WDI:FM.AST.DOMO.ZG.M3:LBR,2009-12-31,13.707580864721804
WDI:FM.AST.DOMO.ZG.M3:LBR,2010-12-31,14.61212349820928
WDI:FM.AST.DOMO.ZG.M3:LBR,2011-12-31,15.15833955480205
WDI:FM.AST.DOMO.ZG.M3:LBR,2012-12-31,5.942114052019222
WDI:FM.AST.DOMO.ZG.M3:LBR,2013-12-31,17.594223649634387
WDI:FM.AST.DOMO.ZG.M3:LBR,2014-12-31,-0.9564793752525358
WDI:FM.AST.DOMO.ZG.M3:LBR,2015-12-31,6.951749456144062
WDI:FM.AST.DOMO.ZG.M3:LBR,2016-12-31,9.569894860691372
WDI:FM.AST.DOMO.ZG.M3:LBR,2017-12-31,15.01744831842458
WDI:FM.AST.DOMO.ZG.M3:LBR,2018-12-31,1.873566187307449
WDI:FM.AST.DOMO.ZG.M3:LBR,2019-12-31,-11.454897561304552
WDI:FM.AST.DOMO.ZG.M3:LBR,2020-12-31,-7.906586281111859
WDI:FM.AST.DOMO.ZG.M3:LBR,2021-12-31,1.3387664549084728
WDI:FM.AST.DOMO.ZG.M3:LBR,2022-12-31,18.987986978220032
WDI:FM.AST.DOMO.ZG.M3:LBY,2018-12-31,0.4825834779840592
WDI:FM.AST.DOMO.ZG.M3:LBY,2019-12-31,0.5965997259883496
WDI:FM.AST.DOMO.ZG.M3:LBY,2020-12-31,-0.8079917298491187
WDI:FM.AST.DOMO.ZG.M3:LBY,2021-12-31,12.237952695177718
WDI:FM.AST.DOMO.ZG.M3:LBY,2022-12-31,7.856983609340302
WDI:FM.AST.DOMO.ZG.M3:LCA,2002-12-31,0.922629238602301
WDI:FM.AST.DOMO.ZG.M3:LCA,2003-12-31,-1.2898972937506177
WDI:FM.AST.DOMO.ZG.M3:LCA,2004-12-31,8.821106334727064
WDI:FM.AST.DOMO.ZG.M3:LCA,2005-12-31,15.54917421209937
WDI:FM.AST.DOMO.ZG.M3:LCA,2006-12-31,22.002921921583763
WDI:FM.AST.DOMO.ZG.M3:LCA,2007-12-31,28.191108651275208
WDI:FM.AST.DOMO.ZG.M3:LCA,2008-12-31,14.367550770695221
WDI:FM.AST.DOMO.ZG.M3:LCA,2009-12-31,3.19409999873019
WDI:FM.AST.DOMO.ZG.M3:LCA,2010-12-31,3.1684422603546105
WDI:FM.AST.DOMO.ZG.M3:LCA,2011-12-31,2.8551791388472396
WDI:FM.AST.DOMO.ZG.M3:LCA,2012-12-31,8.208702466315149
WDI:FM.AST.DOMO.ZG.M3:LCA,2013-12-31,-0.6874403776671765
WDI:FM.AST.DOMO.ZG.M3:LCA,2014-12-31,-8.797535319854177
WDI:FM.AST.DOMO.ZG.M3:LCA,2015-12-31,-8.815341124378808
WDI:FM.AST.DOMO.ZG.M3:LCA,2016-12-31,-6.841890028514397
WDI:FM.AST.DOMO.ZG.M3:LCA,2017-12-31,-1.862715795183457
WDI:FM.AST.DOMO.ZG.M3:LCA,2018-12-31,-0.998746388468926
WDI:FM.AST.DOMO.ZG.M3:LCA,2019-12-31,-1.701620112003722
WDI:FM.AST.DOMO.ZG.M3:LCA,2020-12-31,2.2654383235031608
WDI:FM.AST.DOMO.ZG.M3:LCA,2021-12-31,0.737196706888441
WDI:FM.AST.DOMO.ZG.M3:LCA,2022-12-31,1.473557659619249
WDI:FM.AST.DOMO.ZG.M3:LCA,2023-12-31,2.53676508326476
WDI:FM.AST.DOMO.ZG.M3:LCA,2024-12-31,4.54625604774485
WDI:FM.AST.DOMO.ZG.M3:LCA,2025-12-31,4.87202828661313
WDI:FM.AST.DOMO.ZG.M3:LKA,2002-12-31,10.535172100051412
WDI:FM.AST.DOMO.ZG.M3:LKA,2003-12-31,11.158625572927232
WDI:FM.AST.DOMO.ZG.M3:LKA,2004-12-31,16.26994941912384
WDI:FM.AST.DOMO.ZG.M3:LKA,2005-12-31,15.624670418272098
WDI:FM.AST.DOMO.ZG.M3:LKA,2006-12-31,20.326727612713405
WDI:FM.AST.DOMO.ZG.M3:LKA,2007-12-31,17.12660832490578
WDI:FM.AST.DOMO.ZG.M3:LKA,2008-12-31,5.529527237778431
WDI:FM.AST.DOMO.ZG.M3:LKA,2009-12-31,-3.8383702774413866
WDI:FM.AST.DOMO.ZG.M3:LKA,2010-12-31,21.712755667519037
WDI:FM.AST.DOMO.ZG.M3:LKA,2011-12-31,52.66101764560162
WDI:FM.AST.DOMO.ZG.M3:LKA,2012-12-31,20.03869703433712
WDI:FM.AST.DOMO.ZG.M3:LKA,2013-12-31,9.678626658857134
WDI:FM.AST.DOMO.ZG.M3:LKA,2014-12-31,11.393575342571783
WDI:FM.AST.DOMO.ZG.M3:LKA,2015-12-31,18.747902642754486
WDI:FM.AST.DOMO.ZG.M3:LKA,2016-12-31,14.918777689792313
WDI:FM.AST.DOMO.ZG.M3:LKA,2017-12-31,13.233318966543484
WDI:FM.AST.DOMO.ZG.M3:LKA,2018-12-31,13.79957988259776
WDI:FM.AST.DOMO.ZG.M3:LKA,2019-12-31,4.292061766361324
WDI:FM.AST.DOMO.ZG.M3:LSO,2002-12-31,6.60988974316898
WDI:FM.AST.DOMO.ZG.M3:LSO,2003-12-31,-25.69663298094853
WDI:FM.AST.DOMO.ZG.M3:LSO,2004-12-31,2.5126966512174422
WDI:FM.AST.DOMO.ZG.M3:LSO,2005-12-31,10.285542535869618
WDI:FM.AST.DOMO.ZG.M3:LSO,2006-12-31,4.333655150547584
WDI:FM.AST.DOMO.ZG.M3:LSO,2007-12-31,9.444785262082428
WDI:FM.AST.DOMO.ZG.M3:LSO,2008-12-31,6.21645500210954
WDI:FM.AST.DOMO.ZG.M3:LSO,2009-12-31,7.224549646906957
WDI:FM.AST.DOMO.ZG.M3:LSO,2010-12-31,6.390463842485658
WDI:FM.AST.DOMO.ZG.M3:LSO,2011-12-31,7.791893356886619
WDI:FM.AST.DOMO.ZG.M3:LSO,2012-12-31,16.354049752581084
WDI:FM.AST.DOMO.ZG.M3:LSO,2013-12-31,10.897826705680398
WDI:FM.AST.DOMO.ZG.M3:LSO,2014-12-31,6.5349247873087695
WDI:FM.AST.DOMO.ZG.M3:LSO,2015-12-31,4.43373390517679
WDI:FM.AST.DOMO.ZG.M3:LSO,2016-12-31,2.0846555138600102
WDI:FM.AST.DOMO.ZG.M3:LSO,2017-12-31,4.995086486102156
WDI:FM.AST.DOMO.ZG.M3:LSO,2018-12-31,6.946335155718234
WDI:FM.AST.DOMO.ZG.M3:LSO,2019-12-31,4.2368400374987685
WDI:FM.AST.DOMO.ZG.M3:LSO,2020-12-31,1.0923874447375992
WDI:FM.AST.DOMO.ZG.M3:LSO,2021-12-31,2.7736626026013806
WDI:FM.AST.DOMO.ZG.M3:MAC,2002-12-31,-2.191168640569708
WDI:FM.AST.DOMO.ZG.M3:MAC,2003-12-31,-0.4879205845972581
WDI:FM.AST.DOMO.ZG.M3:MAC,2004-12-31,2.5816705485926255
WDI:FM.AST.DOMO.ZG.M3:MAC,2005-12-31,6.613337096082382
WDI:FM.AST.DOMO.ZG.M3:MAC,2006-12-31,4.390714351156352
WDI:FM.AST.DOMO.ZG.M3:MAC,2007-12-31,12.659511739915578
WDI:FM.AST.DOMO.ZG.M3:MAC,2008-12-31,10.643295173753513
WDI:FM.AST.DOMO.ZG.M3:MAC,2009-12-31,4.912622425090288
WDI:FM.AST.DOMO.ZG.M3:MAC,2010-12-31,13.924159427675901
WDI:FM.AST.DOMO.ZG.M3:MAC,2011-12-31,15.296571138766154
WDI:FM.AST.DOMO.ZG.M3:MAC,2012-12-31,10.352270029226192
WDI:FM.AST.DOMO.ZG.M3:MAC,2013-12-31,15.685603934133994
WDI:FM.AST.DOMO.ZG.M3:MAC,2014-12-31,18.540556934423122
WDI:FM.AST.DOMO.ZG.M3:MAC,2015-12-31,10.265554359438486
WDI:FM.AST.DOMO.ZG.M3:MAC,2016-12-31,7.114669650059478
WDI:FM.AST.DOMO.ZG.M3:MAC,2017-12-31,6.698249841402029
WDI:FM.AST.DOMO.ZG.M3:MAC,2018-12-31,8.03404789556411
WDI:FM.AST.DOMO.ZG.M3:MAC,2019-12-31,3.9528003391635633
WDI:FM.AST.DOMO.ZG.M3:MAC,2020-12-31,2.9015999951687266
WDI:FM.AST.DOMO.ZG.M3:MAC,2021-12-31,3.7962603114009177
WDI:FM.AST.DOMO.ZG.M3:MAC,2022-12-31,1.1115709954184925
WDI:FM.AST.DOMO.ZG.M3:MAC,2023-12-31,-4.68205459563551
WDI:FM.AST.DOMO.ZG.M3:MAC,2024-12-31,-3.0395545062996
WDI:FM.AST.DOMO.ZG.M3:MAC,2025-12-31,-3.40148250754115
WDI:FM.AST.DOMO.ZG.M3:MAR,2002-12-31,3.3316786169299255
WDI:FM.AST.DOMO.ZG.M3:MAR,2003-12-31,2.865743451224961
WDI:FM.AST.DOMO.ZG.M3:MAR,2004-12-31,5.614810903800683
WDI:FM.AST.DOMO.ZG.M3:MAR,2005-12-31,7.468189265523941
WDI:FM.AST.DOMO.ZG.M3:MAR,2006-12-31,12.406342182449134
WDI:FM.AST.DOMO.ZG.M3:MAR,2007-12-31,17.245739090497217
WDI:FM.AST.DOMO.ZG.M3:MAR,2008-12-31,16.272925673577696
WDI:FM.AST.DOMO.ZG.M3:MAR,2009-12-31,8.358134486329252
WDI:FM.AST.DOMO.ZG.M3:MAR,2010-12-31,8.305405219013611
WDI:FM.AST.DOMO.ZG.M3:MAR,2011-12-31,8.362101740870788
WDI:FM.AST.DOMO.ZG.M3:MAR,2012-12-31,4.228245032809031
WDI:FM.AST.DOMO.ZG.M3:MAR,2013-12-31,2.871516669460379
WDI:FM.AST.DOMO.ZG.M3:MAR,2014-12-31,3.1080000230002254
WDI:FM.AST.DOMO.ZG.M3:MAR,2015-12-31,1.2824426047228015
WDI:FM.AST.DOMO.ZG.M3:MAR,2016-12-31,4.657751981076906
WDI:FM.AST.DOMO.ZG.M3:MAR,2017-12-31,2.652569640670558
WDI:FM.AST.DOMO.ZG.M3:MAR,2018-12-31,2.627854398292919
WDI:FM.AST.DOMO.ZG.M3:MAR,2019-12-31,4.313628552987692
WDI:FM.AST.DOMO.ZG.M3:MAR,2020-12-31,3.8570067299217263
WDI:FM.AST.DOMO.ZG.M3:MAR,2021-12-31,2.934951217326141
WDI:FM.AST.DOMO.ZG.M3:MAR,2022-12-31,5.5463361761038765
WDI:FM.AST.DOMO.ZG.M3:MAR,2023-12-31,3.73470014364773
WDI:FM.AST.DOMO.ZG.M3:MAR,2024-12-31,5.21507240318262
WDI:FM.AST.DOMO.ZG.M3:MAR,2025-12-31,6.66450743123904
WDI:FM.AST.DOMO.ZG.M3:MDA,2002-12-31,24.38653122937129
WDI:FM.AST.DOMO.ZG.M3:MDA,2003-12-31,27.94944224507993
WDI:FM.AST.DOMO.ZG.M3:MDA,2004-12-31,15.869196761941005
WDI:FM.AST.DOMO.ZG.M3:MDA,2005-12-31,23.25724203666294
WDI:FM.AST.DOMO.ZG.M3:MDA,2006-12-31,23.581337445303816
WDI:FM.AST.DOMO.ZG.M3:MDA,2007-12-31,35.86912938918932
WDI:FM.AST.DOMO.ZG.M3:MDA,2008-12-31,15.391598971145523
WDI:FM.AST.DOMO.ZG.M3:MDA,2009-12-31,-4.00124722870321
WDI:FM.AST.DOMO.ZG.M3:MDA,2010-12-31,9.720638437659469
WDI:FM.AST.DOMO.ZG.M3:MDA,2011-12-31,10.914076431901043
WDI:FM.AST.DOMO.ZG.M3:MDA,2012-12-31,12.27731393194197
WDI:FM.AST.DOMO.ZG.M3:MDA,2013-12-31,13.946936657121707
WDI:FM.AST.DOMO.ZG.M3:MDA,2014-12-31,-2.5413821924413638
WDI:FM.AST.DOMO.ZG.M3:MDA,2015-12-31,2.4352181185120494
WDI:FM.AST.DOMO.ZG.M3:MDA,2016-12-31,-5.599053826796582
WDI:FM.AST.DOMO.ZG.M3:MDA,2017-12-31,-1.983505708023774
WDI:FM.AST.DOMO.ZG.M3:MDA,2018-12-31,2.0593680118895534
WDI:FM.AST.DOMO.ZG.M3:MDA,2019-12-31,5.489087724697858
WDI:FM.AST.DOMO.ZG.M3:MDA,2020-12-31,5.3566314868025655
WDI:FM.AST.DOMO.ZG.M3:MDA,2021-12-31,9.8661615294219
WDI:FM.AST.DOMO.ZG.M3:MDA,2022-12-31,4.408911277163069
WDI:FM.AST.DOMO.ZG.M3:MDA,2023-12-31,1.6611491778041
WDI:FM.AST.DOMO.ZG.M3:MDA,2024-12-31,11.2182856307107
WDI:FM.AST.DOMO.ZG.M3:MDA,2025-12-31,12.8117587678102
WDI:FM.AST.DOMO.ZG.M3:MDG,2007-12-31,7.650214431892542
WDI:FM.AST.DOMO.ZG.M3:MDG,2008-12-31,11.621065472328864
WDI:FM.AST.DOMO.ZG.M3:MDG,2009-12-31,4.101193365180621
WDI:FM.AST.DOMO.ZG.M3:MDG,2010-12-31,8.86269190798918
WDI:FM.AST.DOMO.ZG.M3:MDG,2011-12-31,2.532430488723946
WDI:FM.AST.DOMO.ZG.M3:MDG,2012-12-31,3.990360851428926
WDI:FM.AST.DOMO.ZG.M3:MDG,2013-12-31,8.374548825450614
WDI:FM.AST.DOMO.ZG.M3:MDG,2014-12-31,8.862092659061014
WDI:FM.AST.DOMO.ZG.M3:MDG,2015-12-31,8.452078704134827
WDI:FM.AST.DOMO.ZG.M3:MDG,2016-12-31,5.225654425786935
WDI:FM.AST.DOMO.ZG.M3:MDG,2017-12-31,8.0534768686667
WDI:FM.AST.DOMO.ZG.M3:MDG,2018-12-31,6.957559179419617
WDI:FM.AST.DOMO.ZG.M3:MDG,2019-12-31,11.120813322156415
WDI:FM.AST.DOMO.ZG.M3:MDG,2020-12-31,6.980065649178062
WDI:FM.AST.DOMO.ZG.M3:MDG,2021-12-31,13.759033591369663
WDI:FM.AST.DOMO.ZG.M3:MDG,2022-12-31,11.629822191432924
WDI:FM.AST.DOMO.ZG.M3:MDG,2023-12-31,0.966799766145984
WDI:FM.AST.DOMO.ZG.M3:MDG,2024-12-31,5.98372126875967
WDI:FM.AST.DOMO.ZG.M3:MDV,2002-12-31,9.432407228439963
WDI:FM.AST.DOMO.ZG.M3:MDV,2003-12-31,0.5807994566855686
WDI:FM.AST.DOMO.ZG.M3:MDV,2004-12-31,31.41557491394293
WDI:FM.AST.DOMO.ZG.M3:MDV,2005-12-31,38.46044708331674
WDI:FM.AST.DOMO.ZG.M3:MDV,2006-12-31,41.88648252804739
WDI:FM.AST.DOMO.ZG.M3:MDV,2007-12-31,57.205911927972174
WDI:FM.AST.DOMO.ZG.M3:MDV,2008-12-31,41.87357220867694
WDI:FM.AST.DOMO.ZG.M3:MDV,2009-12-31,-4.698962824875551
WDI:FM.AST.DOMO.ZG.M3:MDV,2010-12-31,-2.3401912947764667
WDI:FM.AST.DOMO.ZG.M3:MDV,2011-12-31,6.6544386145680114
WDI:FM.AST.DOMO.ZG.M3:MDV,2012-12-31,-8.464097968981113
WDI:FM.AST.DOMO.ZG.M3:MDV,2013-12-31,0.3875511230169381
WDI:FM.AST.DOMO.ZG.M3:MDV,2014-12-31,1.4812067953898822
WDI:FM.AST.DOMO.ZG.M3:MDV,2015-12-31,7.139085167238119
WDI:FM.AST.DOMO.ZG.M3:MDV,2016-12-31,12.955176382692448
WDI:FM.AST.DOMO.ZG.M3:MDV,2017-12-31,7.002779146868774
WDI:FM.AST.DOMO.ZG.M3:MDV,2018-12-31,4.847511330019299
WDI:FM.AST.DOMO.ZG.M3:MDV,2019-12-31,3.1333839951893108
WDI:FM.AST.DOMO.ZG.M3:MDV,2020-12-31,7.240137390855631
WDI:FM.AST.DOMO.ZG.M3:MDV,2021-12-31,4.436784899915166
WDI:FM.AST.DOMO.ZG.M3:MDV,2022-12-31,3.658950037120275
WDI:FM.AST.DOMO.ZG.M3:MDV,2023-12-31,7.61988133730593
WDI:FM.AST.DOMO.ZG.M3:MDV,2024-12-31,2.56755524019015
WDI:FM.AST.DOMO.ZG.M3:MDV,2025-12-31,13.168304093198
WDI:FM.AST.DOMO.ZG.M3:MEX,2002-12-31,10.121997307535912
WDI:FM.AST.DOMO.ZG.M3:MEX,2003-12-31,4.8859571404449245
WDI:FM.AST.DOMO.ZG.M3:MEX,2004-12-31,2.828006099685773
WDI:FM.AST.DOMO.ZG.M3:MEX,2005-12-31,8.818393079448615
WDI:FM.AST.DOMO.ZG.M3:MEX,2006-12-31,14.652198356754418
WDI:FM.AST.DOMO.ZG.M3:MEX,2007-12-31,12.35429193356344
WDI:FM.AST.DOMO.ZG.M3:MEX,2008-12-31,1.680799489009425
WDI:FM.AST.DOMO.ZG.M3:MEX,2009-12-31,8.057514384633091
WDI:FM.AST.DOMO.ZG.M3:MEX,2010-12-31,8.660007993599024
WDI:FM.AST.DOMO.ZG.M3:MEX,2011-12-31,13.361003305065536
WDI:FM.AST.DOMO.ZG.M3:MEX,2012-12-31,8.117982860183389
WDI:FM.AST.DOMO.ZG.M3:MEX,2013-12-31,10.964910547918414
WDI:FM.AST.DOMO.ZG.M3:MEX,2014-12-31,7.056046938221161
WDI:FM.AST.DOMO.ZG.M3:MEX,2015-12-31,13.088073154619007
WDI:FM.AST.DOMO.ZG.M3:MEX,2016-12-31,14.948051924021916
WDI:FM.AST.DOMO.ZG.M3:MEX,2017-12-31,5.537221330684211
WDI:FM.AST.DOMO.ZG.M3:MEX,2018-12-31,4.638923572782436
WDI:FM.AST.DOMO.ZG.M3:MEX,2019-12-31,7.678065963231147
WDI:FM.AST.DOMO.ZG.M3:MEX,2020-12-31,-3.0259086645715434
WDI:FM.AST.DOMO.ZG.M3:MEX,2021-12-31,3.4442522661430814
WDI:FM.AST.DOMO.ZG.M3:MEX,2022-12-31,7.793005057215417
WDI:FM.AST.DOMO.ZG.M3:MEX,2023-12-31,3.20406118820309
WDI:FM.AST.DOMO.ZG.M3:MEX,2024-12-31,7.63635441509265
WDI:FM.AST.DOMO.ZG.M3:MEX,2025-12-31,2.66883249956096
WDI:FM.AST.DOMO.ZG.M3:MKD,2002-12-31,2.7059676250302007
WDI:FM.AST.DOMO.ZG.M3:MKD,2003-12-31,5.518259839093551
WDI:FM.AST.DOMO.ZG.M3:MKD,2004-12-31,14.338151536680897
WDI:FM.AST.DOMO.ZG.M3:MKD,2005-12-31,13.917461862779003
WDI:FM.AST.DOMO.ZG.M3:MKD,2006-12-31,19.809347228398817
WDI:FM.AST.DOMO.ZG.M3:MKD,2007-12-31,26.77614399227888
WDI:FM.AST.DOMO.ZG.M3:MKD,2008-12-31,25.110986232244624
WDI:FM.AST.DOMO.ZG.M3:MKD,2009-12-31,4.638701708983842
WDI:FM.AST.DOMO.ZG.M3:MKD,2010-12-31,6.396151644060888
WDI:FM.AST.DOMO.ZG.M3:MKD,2011-12-31,7.064971322503675
WDI:FM.AST.DOMO.ZG.M3:MKD,2012-12-31,4.810471977892494
WDI:FM.AST.DOMO.ZG.M3:MKD,2013-12-31,5.827536392693473
WDI:FM.AST.DOMO.ZG.M3:MKD,2014-12-31,9.28871960605765
WDI:FM.AST.DOMO.ZG.M3:MKD,2015-12-31,8.818244443346352
WDI:FM.AST.DOMO.ZG.M3:MKD,2016-12-31,0.1802616007471997
WDI:FM.AST.DOMO.ZG.M3:MKD,2017-12-31,4.7542008577577475
WDI:FM.AST.DOMO.ZG.M3:MKD,2018-12-31,6.630539292118907
WDI:FM.AST.DOMO.ZG.M3:MKD,2019-12-31,5.623952163213998
WDI:FM.AST.DOMO.ZG.M3:MKD,2020-12-31,4.118768516208188
WDI:FM.AST.DOMO.ZG.M3:MKD,2021-12-31,6.940570163152435
WDI:FM.AST.DOMO.ZG.M3:MKD,2022-12-31,7.693257049646201
WDI:FM.AST.DOMO.ZG.M3:MKD,2023-12-31,4.61539171765846
WDI:FM.AST.DOMO.ZG.M3:MKD,2024-12-31,9.37905907834324
WDI:FM.AST.DOMO.ZG.M3:MKD,2025-12-31,11.3855980550156
WDI:FM.AST.DOMO.ZG.M3:MLI,2023-12-31,0.840021705512848
WDI:FM.AST.DOMO.ZG.M3:MLI,2024-12-31,1.45113760269195
WDI:FM.AST.DOMO.ZG.M3:MLI,2025-12-31,-1.37971368112821
WDI:FM.AST.DOMO.ZG.M3:MMR,2002-12-31,16.508313127514175
WDI:FM.AST.DOMO.ZG.M3:MMR,2003-12-31,-18.0382216410341
WDI:FM.AST.DOMO.ZG.M3:MMR,2004-12-31,5.673618918788592
WDI:FM.AST.DOMO.ZG.M3:MMR,2005-12-31,5.709218819123851
WDI:FM.AST.DOMO.ZG.M3:MMR,2006-12-31,3.0499319533336076
WDI:FM.AST.DOMO.ZG.M3:MMR,2007-12-31,4.3035494236031955
WDI:FM.AST.DOMO.ZG.M3:MMR,2008-12-31,2.63941873844051
WDI:FM.AST.DOMO.ZG.M3:MMR,2009-12-31,5.188997944088336
WDI:FM.AST.DOMO.ZG.M3:MMR,2010-12-31,10.927812928251543
WDI:FM.AST.DOMO.ZG.M3:MMR,2011-12-31,13.38614857799108
WDI:FM.AST.DOMO.ZG.M3:MMR,2012-12-31,34.347910799862674
WDI:FM.AST.DOMO.ZG.M3:MMR,2013-12-31,9.753227842682405
WDI:FM.AST.DOMO.ZG.M3:MMR,2014-12-31,17.005125221606573
WDI:FM.AST.DOMO.ZG.M3:MMR,2015-12-31,10.397803224706566
WDI:FM.AST.DOMO.ZG.M3:MMR,2016-12-31,11.968502169708547
WDI:FM.AST.DOMO.ZG.M3:MMR,2017-12-31,11.894340201237513
WDI:FM.AST.DOMO.ZG.M3:MMR,2018-12-31,6.488279345596982
WDI:FM.AST.DOMO.ZG.M3:MMR,2019-12-31,6.70798840384277
WDI:FM.AST.DOMO.ZG.M3:MMR,2020-12-31,3.18021915386461
WDI:FM.AST.DOMO.ZG.M3:MNE,2014-12-31,-1.2489829816195164
WDI:FM.AST.DOMO.ZG.M3:MNE,2015-12-31,3.862898383827017
WDI:FM.AST.DOMO.ZG.M3:MNE,2016-12-31,4.897849357879652
WDI:FM.AST.DOMO.ZG.M3:MNE,2017-12-31,6.585615336240408
WDI:FM.AST.DOMO.ZG.M3:MNE,2018-12-31,7.383169936975544
WDI:FM.AST.DOMO.ZG.M3:MNE,2019-12-31,4.544712075908429
WDI:FM.AST.DOMO.ZG.M3:MNE,2020-12-31,2.9175567060852248
WDI:FM.AST.DOMO.ZG.M3:MNE,2021-12-31,3.1334622042099802
WDI:FM.AST.DOMO.ZG.M3:MNE,2022-12-31,7.957419322158333
WDI:FM.AST.DOMO.ZG.M3:MNE,2023-12-31,5.23621533706512
WDI:FM.AST.DOMO.ZG.M3:MNE,2024-12-31,12.8638597002889
WDI:FM.AST.DOMO.ZG.M3:MNG,2002-12-31,29.55786110875872
WDI:FM.AST.DOMO.ZG.M3:MNG,2003-12-31,40.10054718131918
WDI:FM.AST.DOMO.ZG.M3:MNG,2004-12-31,27.36156046343226
WDI:FM.AST.DOMO.ZG.M3:MNG,2005-12-31,30.183810460268507
WDI:FM.AST.DOMO.ZG.M3:MNG,2006-12-31,33.22295647187651
WDI:FM.AST.DOMO.ZG.M3:MNG,2007-12-31,54.64398556784297
WDI:FM.AST.DOMO.ZG.M3:MNG,2008-12-31,23.477179433097145
WDI:FM.AST.DOMO.ZG.M3:MNG,2009-12-31,1.1716691549326046
WDI:FM.AST.DOMO.ZG.M3:MNG,2010-12-31,23.849720539807333
WDI:FM.AST.DOMO.ZG.M3:MNG,2011-12-31,53.017091122869395
WDI:FM.AST.DOMO.ZG.M3:MNG,2012-12-31,23.399062875626424
WDI:FM.AST.DOMO.ZG.M3:MNG,2013-12-31,63.61771147574294
WDI:FM.AST.DOMO.ZG.M3:MNG,2014-12-31,26.395354689860458
WDI:FM.AST.DOMO.ZG.M3:MNG,2015-12-31,6.584457903604568
WDI:FM.AST.DOMO.ZG.M3:MNG,2016-12-31,9.752532551965574
WDI:FM.AST.DOMO.ZG.M3:MNG,2017-12-31,16.51209969916612
WDI:FM.AST.DOMO.ZG.M3:MNG,2018-12-31,21.708274599504353
WDI:FM.AST.DOMO.ZG.M3:MNG,2019-12-31,1.1379024069958936
WDI:FM.AST.DOMO.ZG.M3:MNG,2020-12-31,-2.3097389332099305
WDI:FM.AST.DOMO.ZG.M3:MNG,2021-12-31,16.86629799570846
WDI:FM.AST.DOMO.ZG.M3:MNG,2022-12-31,9.55731301384874
WDI:FM.AST.DOMO.ZG.M3:MNG,2023-12-31,18.500056913826
WDI:FM.AST.DOMO.ZG.M3:MNG,2024-12-31,24.2429042622515
WDI:FM.AST.DOMO.ZG.M3:MOZ,2002-12-31,11.899019429765678
WDI:FM.AST.DOMO.ZG.M3:MOZ,2003-12-31,-0.9038954619902493
WDI:FM.AST.DOMO.ZG.M3:MOZ,2004-12-31,-1.9290615069682844
WDI:FM.AST.DOMO.ZG.M3:MOZ,2005-12-31,18.499166933914047
WDI:FM.AST.DOMO.ZG.M3:MOZ,2006-12-31,14.874407686979136
WDI:FM.AST.DOMO.ZG.M3:MOZ,2007-12-31,8.125537266618359
WDI:FM.AST.DOMO.ZG.M3:MOZ,2008-12-31,21.11090757301755
WDI:FM.AST.DOMO.ZG.M3:MOZ,2009-12-31,32.70169053048942
WDI:FM.AST.DOMO.ZG.M3:MOZ,2010-12-31,19.54807239881784
WDI:FM.AST.DOMO.ZG.M3:MOZ,2011-12-31,4.406964205214319
WDI:FM.AST.DOMO.ZG.M3:MOZ,2012-12-31,13.615000140209641
WDI:FM.AST.DOMO.ZG.M3:MOZ,2013-12-31,18.18856311454201
WDI:FM.AST.DOMO.ZG.M3:MOZ,2014-12-31,19.871335479077313
WDI:FM.AST.DOMO.ZG.M3:MOZ,2015-12-31,14.163392851202632
WDI:FM.AST.DOMO.ZG.M3:MOZ,2016-12-31,8.68367306285919
WDI:FM.AST.DOMO.ZG.M3:MOZ,2017-12-31,-9.640924343407328
WDI:FM.AST.DOMO.ZG.M3:MOZ,2018-12-31,-1.4783918948808394
WDI:FM.AST.DOMO.ZG.M3:MOZ,2019-12-31,2.212279682405006
WDI:FM.AST.DOMO.ZG.M3:MOZ,2020-12-31,6.385891776973447
WDI:FM.AST.DOMO.ZG.M3:MOZ,2021-12-31,2.2604589056883633
WDI:FM.AST.DOMO.ZG.M3:MOZ,2022-12-31,1.829434530410005
WDI:FM.AST.DOMO.ZG.M3:MOZ,2023-12-31,-1.08996513244907
WDI:FM.AST.DOMO.ZG.M3:MOZ,2024-12-31,1.54966252867124
WDI:FM.AST.DOMO.ZG.M3:MOZ,2025-12-31,0.554686557136764
WDI:FM.AST.DOMO.ZG.M3:MRT,2013-12-31,10.355992651739294
WDI:FM.AST.DOMO.ZG.M3:MRT,2014-12-31,8.695850403081852
WDI:FM.AST.DOMO.ZG.M3:MRT,2015-12-31,7.717933061133018
WDI:FM.AST.DOMO.ZG.M3:MRT,2016-12-31,7.835401014864503
WDI:FM.AST.DOMO.ZG.M3:MRT,2017-12-31,8.437496149526103
WDI:FM.AST.DOMO.ZG.M3:MRT,2018-12-31,14.275833985458894
WDI:FM.AST.DOMO.ZG.M3:MRT,2019-12-31,10.234336444379393
WDI:FM.AST.DOMO.ZG.M3:MUS,2002-12-31,5.781223807111092
WDI:FM.AST.DOMO.ZG.M3:MUS,2003-12-31,31.600684870105614
WDI:FM.AST.DOMO.ZG.M3:MUS,2004-12-31,9.296330441029019
WDI:FM.AST.DOMO.ZG.M3:MUS,2005-12-31,9.3410296617941
WDI:FM.AST.DOMO.ZG.M3:MUS,2006-12-31,9.704544548023279
WDI:FM.AST.DOMO.ZG.M3:MUS,2007-12-31,11.969691029274811
WDI:FM.AST.DOMO.ZG.M3:MUS,2008-12-31,21.922780745260802
WDI:FM.AST.DOMO.ZG.M3:MUS,2009-12-31,0.798620799712771
WDI:FM.AST.DOMO.ZG.M3:MUS,2010-12-31,9.860244098910798
WDI:FM.AST.DOMO.ZG.M3:MUS,2011-12-31,10.697317690048092
WDI:FM.AST.DOMO.ZG.M3:MUS,2012-12-31,16.631904199917518
WDI:FM.AST.DOMO.ZG.M3:MUS,2013-12-31,14.218584269956638
WDI:FM.AST.DOMO.ZG.M3:MUS,2014-12-31,-3.112872854939626
WDI:FM.AST.DOMO.ZG.M3:MUS,2015-12-31,8.209526798577894
WDI:FM.AST.DOMO.ZG.M3:MUS,2016-12-31,1.0000733567495275
WDI:FM.AST.DOMO.ZG.M3:MUS,2017-12-31,13.781728105271414
WDI:FM.AST.DOMO.ZG.M3:MUS,2018-12-31,-8.549980409527496
WDI:FM.AST.DOMO.ZG.M3:MUS,2019-12-31,6.390849447675989
WDI:FM.AST.DOMO.ZG.M3:MUS,2020-12-31,6.360216000009867
WDI:FM.AST.DOMO.ZG.M3:MUS,2021-12-31,9.654105461388218
WDI:FM.AST.DOMO.ZG.M3:MUS,2022-12-31,8.663104326085756
WDI:FM.AST.DOMO.ZG.M3:MUS,2023-12-31,5.34748761748784
WDI:FM.AST.DOMO.ZG.M3:MUS,2024-12-31,7.82458424827918
WDI:FM.AST.DOMO.ZG.M3:MUS,2025-12-31,6.01639983969943
WDI:FM.AST.DOMO.ZG.M3:MWI,2016-12-31,3.7619113144722456
WDI:FM.AST.DOMO.ZG.M3:MWI,2017-12-31,4.009656535830833
WDI:FM.AST.DOMO.ZG.M3:MWI,2018-12-31,21.448676623943822
WDI:FM.AST.DOMO.ZG.M3:MWI,2019-12-31,15.432117646524901
WDI:FM.AST.DOMO.ZG.M3:MWI,2020-12-31,8.316767455644248
WDI:FM.AST.DOMO.ZG.M3:MWI,2021-12-31,2.4642298601896795
WDI:FM.AST.DOMO.ZG.M3:MWI,2022-12-31,19.151912219436884
WDI:FM.AST.DOMO.ZG.M3:MWI,2023-12-31,15.0922782832629
WDI:FM.AST.DOMO.ZG.M3:MWI,2024-12-31,12.295621674987
WDI:FM.AST.DOMO.ZG.M3:MYS,2002-12-31,5.4548074554416
WDI:FM.AST.DOMO.ZG.M3:MYS,2003-12-31,5.867150427589927
WDI:FM.AST.DOMO.ZG.M3:MYS,2004-12-31,4.98739049372158
WDI:FM.AST.DOMO.ZG.M3:MYS,2005-12-31,6.548195789553669
WDI:FM.AST.DOMO.ZG.M3:MYS,2006-12-31,5.074487221507
WDI:FM.AST.DOMO.ZG.M3:MYS,2007-12-31,7.030407661847577
WDI:FM.AST.DOMO.ZG.M3:MYS,2008-12-31,11.208170261717374
WDI:FM.AST.DOMO.ZG.M3:MYS,2009-12-31,5.492616901079065
WDI:FM.AST.DOMO.ZG.M3:MYS,2010-12-31,8.137100797000643
WDI:FM.AST.DOMO.ZG.M3:MYS,2011-12-31,11.03565797995698
WDI:FM.AST.DOMO.ZG.M3:MYS,2012-12-31,10.615982070213285
WDI:FM.AST.DOMO.ZG.M3:MYS,2013-12-31,9.360412745186954
WDI:FM.AST.DOMO.ZG.M3:MYS,2014-12-31,8.17649658093835
WDI:FM.AST.DOMO.ZG.M3:MYS,2015-12-31,7.701327192442434
WDI:FM.AST.DOMO.ZG.M3:MYS,2016-12-31,5.808168390242231
WDI:FM.AST.DOMO.ZG.M3:MYS,2017-12-31,5.782811132463271
WDI:FM.AST.DOMO.ZG.M3:MYS,2018-12-31,8.994134532321743
WDI:FM.AST.DOMO.ZG.M3:MYS,2019-12-31,5.114936503265372
WDI:FM.AST.DOMO.ZG.M3:MYS,2020-12-31,3.9115781506032263
WDI:FM.AST.DOMO.ZG.M3:MYS,2021-12-31,3.9203872836060736
WDI:FM.AST.DOMO.ZG.M3:MYS,2022-12-31,4.256598311216726
WDI:FM.AST.DOMO.ZG.M3:MYS,2023-12-31,5.41800853767435
WDI:FM.AST.DOMO.ZG.M3:MYS,2024-12-31,4.69172964797278
WDI:FM.AST.DOMO.ZG.M3:MYS,2025-12-31,6.2538468417909
WDI:FM.AST.DOMO.ZG.M3:NER,2023-12-31,-5.57505782526415
WDI:FM.AST.DOMO.ZG.M3:NER,2024-12-31,5.6419320716786
WDI:FM.AST.DOMO.ZG.M3:NER,2025-12-31,-2.99490204193969
WDI:FM.AST.DOMO.ZG.M3:NGA,2002-12-31,5.750781645049707
WDI:FM.AST.DOMO.ZG.M3:NGA,2003-12-31,19.540320358472606
WDI:FM.AST.DOMO.ZG.M3:NGA,2004-12-31,17.753214244281285
WDI:FM.AST.DOMO.ZG.M3:NGA,2005-12-31,21.88008780127019
WDI:FM.AST.DOMO.ZG.M3:NGA,2006-12-31,23.954686546775488
WDI:FM.AST.DOMO.ZG.M3:NGA,2007-12-31,79.15494902282116
WDI:FM.AST.DOMO.ZG.M3:NGA,2008-12-31,52.60213373157493
WDI:FM.AST.DOMO.ZG.M3:NGA,2009-12-31,16.74500088755775
WDI:FM.AST.DOMO.ZG.M3:NGA,2010-12-31,-12.65601312293688
WDI:FM.AST.DOMO.ZG.M3:NGA,2011-12-31,29.685977912703613
WDI:FM.AST.DOMO.ZG.M3:NGA,2012-12-31,6.983988683196632
WDI:FM.AST.DOMO.ZG.M3:NGA,2013-12-31,8.576936985592212
WDI:FM.AST.DOMO.ZG.M3:NGA,2014-12-31,14.280686716237435
WDI:FM.AST.DOMO.ZG.M3:NGA,2015-12-31,2.873789390686609
WDI:FM.AST.DOMO.ZG.M3:NGA,2016-12-31,16.51053324265603
WDI:FM.AST.DOMO.ZG.M3:NGA,2017-12-31,-0.2960154676730238
WDI:FM.AST.DOMO.ZG.M3:NGA,2018-12-31,4.541269335080748
WDI:FM.AST.DOMO.ZG.M3:NGA,2019-12-31,9.409042140049715
WDI:FM.AST.DOMO.ZG.M3:NGA,2020-12-31,9.393502384404531
WDI:FM.AST.DOMO.ZG.M3:NGA,2021-12-31,12.788730011335057
WDI:FM.AST.DOMO.ZG.M3:NGA,2022-12-31,17.028027227999434
WDI:FM.AST.DOMO.ZG.M3:NIC,2002-12-31,7.016445811667705
WDI:FM.AST.DOMO.ZG.M3:NIC,2003-12-31,14.383618026203502
WDI:FM.AST.DOMO.ZG.M3:NIC,2004-12-31,16.508978488576844
WDI:FM.AST.DOMO.ZG.M3:NIC,2005-12-31,18.946469467087777
WDI:FM.AST.DOMO.ZG.M3:NIC,2006-12-31,22.48993217880984
WDI:FM.AST.DOMO.ZG.M3:NIC,2007-12-31,27.895309729714256
WDI:FM.AST.DOMO.ZG.M3:NIC,2008-12-31,11.118382637546691
WDI:FM.AST.DOMO.ZG.M3:NIC,2009-12-31,-7.402773362225517
WDI:FM.AST.DOMO.ZG.M3:NIC,2010-12-31,4.753780278586963
WDI:FM.AST.DOMO.ZG.M3:NIC,2011-12-31,11.157155133888615
WDI:FM.AST.DOMO.ZG.M3:NIC,2012-12-31,18.879843799973006
WDI:FM.AST.DOMO.ZG.M3:NIC,2013-12-31,16.776970444336225
WDI:FM.AST.DOMO.ZG.M3:NIC,2014-12-31,16.939001126756274
WDI:FM.AST.DOMO.ZG.M3:NIC,2015-12-31,20.948247834677993
WDI:FM.AST.DOMO.ZG.M3:NIC,2016-12-31,16.028740994565073
WDI:FM.AST.DOMO.ZG.M3:NIC,2017-12-31,16.365209428038185
WDI:FM.AST.DOMO.ZG.M3:NIC,2018-12-31,-4.106470252876461
WDI:FM.AST.DOMO.ZG.M3:NIC,2019-12-31,-20.613814500195264
WDI:FM.AST.DOMO.ZG.M3:NIC,2020-12-31,-5.5359597640947635
WDI:FM.AST.DOMO.ZG.M3:NIC,2021-12-31,3.612211503356437
WDI:FM.AST.DOMO.ZG.M3:NIC,2022-12-31,9.90727591387969
WDI:FM.AST.DOMO.ZG.M3:NIC,2023-12-31,13.2033173468973
WDI:FM.AST.DOMO.ZG.M3:NOR,2002-12-31,12.05303205231839
WDI:FM.AST.DOMO.ZG.M3:NOR,2003-12-31,14.015965580827265
WDI:FM.AST.DOMO.ZG.M3:NOR,2004-12-31,18.026017579823428
WDI:FM.AST.DOMO.ZG.M3:NOR,2005-12-31,26.464961341133673
WDI:FM.AST.DOMO.ZG.M3:NOR,2006-12-31,3.9416907233711855
WDI:FM.AST.DOMO.ZG.M3:NOR,2007-12-31,34.78754851810914
WDI:FM.AST.DOMO.ZG.M3:NOR,2008-12-31,27.22964605268981
WDI:FM.AST.DOMO.ZG.M3:NOR,2009-12-31,-0.5880009796497471
WDI:FM.AST.DOMO.ZG.M3:NOR,2010-12-31,14.07031530636088
WDI:FM.AST.DOMO.ZG.M3:NOR,2011-12-31,11.948606846437011
WDI:FM.AST.DOMO.ZG.M3:NOR,2012-12-31,10.389141898222533
WDI:FM.AST.DOMO.ZG.M3:NOR,2013-12-31,10.299598108719191
WDI:FM.AST.DOMO.ZG.M3:NOR,2014-12-31,9.803442203442867
WDI:FM.AST.DOMO.ZG.M3:NOR,2015-12-31,12.653317439910797
WDI:FM.AST.DOMO.ZG.M3:NOR,2016-12-31,8.37946353283443
WDI:FM.AST.DOMO.ZG.M3:NOR,2017-12-31,14.411726361201318
WDI:FM.AST.DOMO.ZG.M3:NOR,2018-12-31,10.96286358299808
WDI:FM.AST.DOMO.ZG.M3:NOR,2019-12-31,11.184879639915556
WDI:FM.AST.DOMO.ZG.M3:NOR,2020-12-31,12.087857826966053
WDI:FM.AST.DOMO.ZG.M3:NOR,2021-12-31,9.922387651856434
WDI:FM.AST.DOMO.ZG.M3:NOR,2022-12-31,12.233806520392196
WDI:FM.AST.DOMO.ZG.M3:NOR,2023-12-31,6.23597915070831
WDI:FM.AST.DOMO.ZG.M3:NOR,2024-12-31,6.96051174001129
WDI:FM.AST.DOMO.ZG.M3:NPL,2002-12-31,-10.352955134014739
WDI:FM.AST.DOMO.ZG.M3:NPL,2003-12-31,11.129279695675544
WDI:FM.AST.DOMO.ZG.M3:NPL,2004-12-31,8.901672366256284
WDI:FM.AST.DOMO.ZG.M3:NPL,2005-12-31,6.994222779628349
WDI:FM.AST.DOMO.ZG.M3:NPL,2006-12-31,12.605632436055146
WDI:FM.AST.DOMO.ZG.M3:NPL,2007-12-31,14.714187264091619
WDI:FM.AST.DOMO.ZG.M3:NPL,2008-12-31,34.268444630959955
WDI:FM.AST.DOMO.ZG.M3:NPL,2009-12-31,26.940423079718904
WDI:FM.AST.DOMO.ZG.M3:NPL,2010-12-31,8.920463259498275
WDI:FM.AST.DOMO.ZG.M3:NPL,2011-12-31,8.760927663271177
WDI:FM.AST.DOMO.ZG.M3:NPL,2012-12-31,13.661179858886237
WDI:FM.AST.DOMO.ZG.M3:NPL,2013-12-31,10.47046255957894
WDI:FM.AST.DOMO.ZG.M3:NPL,2014-12-31,17.02102992675301
WDI:FM.AST.DOMO.ZG.M3:NPL,2015-12-31,10.461328436896801
WDI:FM.AST.DOMO.ZG.M3:NPL,2016-12-31,22.11389038036283
WDI:FM.AST.DOMO.ZG.M3:NPL,2017-12-31,12.594838630042632
WDI:FM.AST.DOMO.ZG.M3:NPL,2018-12-31,19.357906983213454
WDI:FM.AST.DOMO.ZG.M3:NPL,2019-12-31,13.20623931802024
WDI:FM.AST.DOMO.ZG.M3:NPL,2020-12-31,11.863493467349068
WDI:FM.AST.DOMO.ZG.M3:NPL,2021-12-31,24.594587559074693
WDI:FM.AST.DOMO.ZG.M3:NPL,2022-12-31,3.678379658713875
WDI:FM.AST.DOMO.ZG.M3:NPL,2023-12-31,4.44041784732701
WDI:FM.AST.DOMO.ZG.M3:NPL,2024-12-31,5.42950113986248
WDI:FM.AST.DOMO.ZG.M3:NPL,2025-12-31,5.21626399171165
WDI:FM.AST.DOMO.ZG.M3:NZL,2014-12-31,6.333941149791671
WDI:FM.AST.DOMO.ZG.M3:NZL,2015-12-31,11.447708081241627
WDI:FM.AST.DOMO.ZG.M3:NZL,2016-12-31,10.665950340133442
WDI:FM.AST.DOMO.ZG.M3:NZL,2017-12-31,7.377226320501597
WDI:FM.AST.DOMO.ZG.M3:NZL,2018-12-31,7.930072146992825
WDI:FM.AST.DOMO.ZG.M3:NZL,2019-12-31,8.117909342181497
WDI:FM.AST.DOMO.ZG.M3:NZL,2020-12-31,5.72332481854637
WDI:FM.AST.DOMO.ZG.M3:NZL,2021-12-31,8.299896790952012
WDI:FM.AST.DOMO.ZG.M3:NZL,2022-12-31,5.746055803502914
WDI:FM.AST.DOMO.ZG.M3:NZL,2023-12-31,3.23698544400451
WDI:FM.AST.DOMO.ZG.M3:NZL,2024-12-31,5.10960973460861
WDI:FM.AST.DOMO.ZG.M3:NZL,2025-12-31,6.05502425671525
WDI:FM.AST.DOMO.ZG.M3:OMN,2002-12-31,1.097084714355915
WDI:FM.AST.DOMO.ZG.M3:OMN,2003-12-31,2.5027029333940307
WDI:FM.AST.DOMO.ZG.M3:OMN,2004-12-31,7.535994655318014
WDI:FM.AST.DOMO.ZG.M3:OMN,2005-12-31,14.301713887654484
WDI:FM.AST.DOMO.ZG.M3:OMN,2006-12-31,22.440074658832938
WDI:FM.AST.DOMO.ZG.M3:OMN,2007-12-31,40.53017602885497
WDI:FM.AST.DOMO.ZG.M3:OMN,2008-12-31,44.97626731041506
WDI:FM.AST.DOMO.ZG.M3:OMN,2009-12-31,7.327076848167676
WDI:FM.AST.DOMO.ZG.M3:OMN,2010-12-31,16.05142941472781
WDI:FM.AST.DOMO.ZG.M3:OMN,2011-12-31,20.428102120458917
WDI:FM.AST.DOMO.ZG.M3:OMN,2012-12-31,20.014337112864194
WDI:FM.AST.DOMO.ZG.M3:OMN,2013-12-31,9.812578423500332
WDI:FM.AST.DOMO.ZG.M3:OMN,2014-12-31,14.908702134574092
WDI:FM.AST.DOMO.ZG.M3:OMN,2015-12-31,22.352602218712953
WDI:FM.AST.DOMO.ZG.M3:OMN,2016-12-31,12.241243775643316
WDI:FM.AST.DOMO.ZG.M3:OMN,2017-12-31,9.628892542725623
WDI:FM.AST.DOMO.ZG.M3:OMN,2018-12-31,9.423843018769292
WDI:FM.AST.DOMO.ZG.M3:PAK,2002-12-31,1.9616940590520333
WDI:FM.AST.DOMO.ZG.M3:PAK,2003-12-31,12.749212504686932
WDI:FM.AST.DOMO.ZG.M3:PAK,2004-12-31,16.36424755856965
WDI:FM.AST.DOMO.ZG.M3:PAK,2005-12-31,16.927999528897065
WDI:FM.AST.DOMO.ZG.M3:PAK,2006-12-31,11.330756501758351
WDI:FM.AST.DOMO.ZG.M3:PAK,2007-12-31,9.474999665340798
WDI:FM.AST.DOMO.ZG.M3:PAK,2008-12-31,9.755406336904231
WDI:FM.AST.DOMO.ZG.M3:PAK,2009-12-31,6.4039439749371585
WDI:FM.AST.DOMO.ZG.M3:PAK,2010-12-31,1.8214878855832564
WDI:FM.AST.DOMO.ZG.M3:PAK,2011-12-31,-2.0882698921041967
WDI:FM.AST.DOMO.ZG.M3:PAK,2012-12-31,3.6799489281867914
WDI:FM.AST.DOMO.ZG.M3:PAK,2013-12-31,2.930877564123459
WDI:FM.AST.DOMO.ZG.M3:PAK,2014-12-31,4.231713312743498
WDI:FM.AST.DOMO.ZG.M3:PAK,2015-12-31,3.043746497622562
WDI:FM.AST.DOMO.ZG.M3:PAK,2016-12-31,5.379698660931885
WDI:FM.AST.DOMO.ZG.M3:PAK,2017-12-31,5.688479064872477
WDI:FM.AST.DOMO.ZG.M3:PAK,2018-12-31,8.160435996184246
WDI:FM.AST.DOMO.ZG.M3:PAK,2019-12-31,2.8359949259068435
WDI:FM.AST.DOMO.ZG.M3:PAK,2020-12-31,1.620270263153189
WDI:FM.AST.DOMO.ZG.M3:PAK,2021-12-31,6.308241419873076
WDI:FM.AST.DOMO.ZG.M3:PAK,2022-12-31,5.5095883543783675
WDI:FM.AST.DOMO.ZG.M3:PAK,2023-12-31,1.48392908205713
WDI:FM.AST.DOMO.ZG.M3:PAK,2024-12-31,5.56139843938934
WDI:FM.AST.DOMO.ZG.M3:PAK,2025-12-31,-0.35209414634551
WDI:FM.AST.DOMO.ZG.M3:PAN,2002-12-31,-8.446758842431558
WDI:FM.AST.DOMO.ZG.M3:PAN,2003-12-31,0.33855999225569167
WDI:FM.AST.DOMO.ZG.M3:PAN,2004-12-31,7.901919400742689
WDI:FM.AST.DOMO.ZG.M3:PAN,2005-12-31,15.528384158080122
WDI:FM.AST.DOMO.ZG.M3:PAN,2006-12-31,12.805406873747424
WDI:FM.AST.DOMO.ZG.M3:PAN,2007-12-31,19.418955247695845
WDI:FM.AST.DOMO.ZG.M3:PAN,2008-12-31,17.146446782660224
WDI:FM.AST.DOMO.ZG.M3:PAN,2009-12-31,2.4849263442520777
WDI:FM.AST.DOMO.ZG.M3:PER,2007-12-31,23.26002169007994
WDI:FM.AST.DOMO.ZG.M3:PER,2008-12-31,26.466356670573635
WDI:FM.AST.DOMO.ZG.M3:PER,2009-12-31,3.718292177690352
WDI:FM.AST.DOMO.ZG.M3:PER,2010-12-31,12.265904614116874
WDI:FM.AST.DOMO.ZG.M3:PER,2011-12-31,16.62905844224529
WDI:FM.AST.DOMO.ZG.M3:PER,2012-12-31,10.96396688401804
WDI:FM.AST.DOMO.ZG.M3:PER,2013-12-31,16.076712775358978
WDI:FM.AST.DOMO.ZG.M3:PER,2014-12-31,12.22832822282072
WDI:FM.AST.DOMO.ZG.M3:PER,2015-12-31,12.576199657617043
WDI:FM.AST.DOMO.ZG.M3:PER,2016-12-31,4.425013699643095
WDI:FM.AST.DOMO.ZG.M3:PER,2017-12-31,5.081419130164674
WDI:FM.AST.DOMO.ZG.M3:PER,2018-12-31,8.78518302517418
WDI:FM.AST.DOMO.ZG.M3:PER,2019-12-31,5.685942052236742
WDI:FM.AST.DOMO.ZG.M3:PER,2020-12-31,13.525543725506033
WDI:FM.AST.DOMO.ZG.M3:PER,2021-12-31,4.37622897342064
WDI:FM.AST.DOMO.ZG.M3:PER,2022-12-31,3.1044322748479374
WDI:FM.AST.DOMO.ZG.M3:PER,2023-12-31,0.0732071085789063
WDI:FM.AST.DOMO.ZG.M3:PHL,2002-12-31,2.1817559451887845
WDI:FM.AST.DOMO.ZG.M3:PHL,2003-12-31,5.682921378789427
WDI:FM.AST.DOMO.ZG.M3:PHL,2004-12-31,5.7407622126038484
WDI:FM.AST.DOMO.ZG.M3:PHL,2005-12-31,0.98884849621714
WDI:FM.AST.DOMO.ZG.M3:PHL,2006-12-31,9.703783625075104
WDI:FM.AST.DOMO.ZG.M3:PHL,2007-12-31,7.365034948824365
WDI:FM.AST.DOMO.ZG.M3:PHL,2008-12-31,5.437814798428168
WDI:FM.AST.DOMO.ZG.M3:PHL,2009-12-31,3.5453147279919714
WDI:FM.AST.DOMO.ZG.M3:PHL,2010-12-31,7.541656329281879
WDI:FM.AST.DOMO.ZG.M3:PHL,2011-12-31,10.50401380813086
WDI:FM.AST.DOMO.ZG.M3:PHL,2012-12-31,9.235992137551548
WDI:FM.AST.DOMO.ZG.M3:PHL,2013-12-31,9.880502935043042
WDI:FM.AST.DOMO.ZG.M3:PHL,2014-12-31,11.1256180110227
WDI:FM.AST.DOMO.ZG.M3:PHL,2015-12-31,7.338349748688391
WDI:FM.AST.DOMO.ZG.M3:PHL,2016-12-31,10.095768369232836
WDI:FM.AST.DOMO.ZG.M3:PHL,2017-12-31,11.10587652268983
WDI:FM.AST.DOMO.ZG.M3:PHL,2018-12-31,10.269600264505177
WDI:FM.AST.DOMO.ZG.M3:PHL,2019-12-31,6.103887714646126
WDI:FM.AST.DOMO.ZG.M3:PHL,2020-12-31,-0.6576911127659574
WDI:FM.AST.DOMO.ZG.M3:PHL,2021-12-31,2.8584727434451134
WDI:FM.AST.DOMO.ZG.M3:PHL,2022-12-31,6.599434835906094
WDI:FM.AST.DOMO.ZG.M3:PHL,2023-12-31,4.99316261126312
WDI:FM.AST.DOMO.ZG.M3:PNG,2002-12-31,1.2123968111252452
WDI:FM.AST.DOMO.ZG.M3:PNG,2003-12-31,-3.3238456910362544
WDI:FM.AST.DOMO.ZG.M3:PNG,2004-12-31,0.1800408080467209
WDI:FM.AST.DOMO.ZG.M3:PNG,2005-12-31,11.295169995212257
WDI:FM.AST.DOMO.ZG.M3:PNG,2006-12-31,15.690824162796952
WDI:FM.AST.DOMO.ZG.M3:PNG,2007-12-31,14.386350304722301
WDI:FM.AST.DOMO.ZG.M3:PNG,2008-12-31,13.68328448127257
WDI:FM.AST.DOMO.ZG.M3:PNG,2009-12-31,8.361717023763086
WDI:FM.AST.DOMO.ZG.M3:PNG,2010-12-31,9.334479901318439
WDI:FM.AST.DOMO.ZG.M3:PNG,2011-12-31,3.929759803712942
WDI:FM.AST.DOMO.ZG.M3:PNG,2012-12-31,7.366432777639176
WDI:FM.AST.DOMO.ZG.M3:PNG,2013-12-31,7.50371304699687
WDI:FM.AST.DOMO.ZG.M3:PNG,2014-12-31,8.933836884265302
WDI:FM.AST.DOMO.ZG.M3:PNG,2015-12-31,7.109350359732798
WDI:FM.AST.DOMO.ZG.M3:PNG,2016-12-31,4.281361436221343
WDI:FM.AST.DOMO.ZG.M3:PNG,2017-12-31,-0.6888272430724601
WDI:FM.AST.DOMO.ZG.M3:PNG,2018-12-31,3.6247680084576643
WDI:FM.AST.DOMO.ZG.M3:PNG,2019-12-31,3.5530455053378405
WDI:FM.AST.DOMO.ZG.M3:PNG,2020-12-31,0.8362241203087306
WDI:FM.AST.DOMO.ZG.M3:POL,2002-12-31,3.9777153658082516
WDI:FM.AST.DOMO.ZG.M3:POL,2003-12-31,5.956162048590503
WDI:FM.AST.DOMO.ZG.M3:POL,2004-12-31,6.722107509220513
WDI:FM.AST.DOMO.ZG.M3:POL,2005-12-31,5.759959059444609
WDI:FM.AST.DOMO.ZG.M3:POL,2006-12-31,16.338929717808302
WDI:FM.AST.DOMO.ZG.M3:POL,2007-12-31,24.247942694242774
WDI:FM.AST.DOMO.ZG.M3:POL,2008-12-31,35.63077788698489
WDI:FM.AST.DOMO.ZG.M3:POL,2009-12-31,3.5679870315056363
WDI:FM.AST.DOMO.ZG.M3:POL,2010-12-31,8.305541285422713
WDI:FM.AST.DOMO.ZG.M3:POL,2011-12-31,15.526869206582548
WDI:FM.AST.DOMO.ZG.M3:POL,2012-12-31,2.8144136458619307
WDI:FM.AST.DOMO.ZG.M3:POL,2013-12-31,3.533055788290146
WDI:FM.AST.DOMO.ZG.M3:POL,2014-12-31,8.713427173070263
WDI:FM.AST.DOMO.ZG.M3:POL,2015-12-31,5.771573287706158
WDI:FM.AST.DOMO.ZG.M3:POL,2016-12-31,3.426272330337917
WDI:FM.AST.DOMO.ZG.M3:POL,2017-12-31,2.966554060728185
WDI:FM.AST.DOMO.ZG.M3:POL,2018-12-31,6.480520157146535
WDI:FM.AST.DOMO.ZG.M3:POL,2019-12-31,4.35720293495944
WDI:FM.AST.DOMO.ZG.M3:POL,2020-12-31,4.854522140962842
WDI:FM.AST.DOMO.ZG.M3:POL,2021-12-31,4.165715527421344
WDI:FM.AST.DOMO.ZG.M3:POL,2022-12-31,1.7185472104215203
WDI:FM.AST.DOMO.ZG.M3:POL,2023-12-31,-0.0884170335151779
WDI:FM.AST.DOMO.ZG.M3:POL,2024-12-31,2.19214696055838
WDI:FM.AST.DOMO.ZG.M3:PRY,2002-12-31,1.69208717259318
WDI:FM.AST.DOMO.ZG.M3:PRY,2003-12-31,-23.48532113013089
WDI:FM.AST.DOMO.ZG.M3:PRY,2004-12-31,9.497420163061987
WDI:FM.AST.DOMO.ZG.M3:PRY,2005-12-31,8.591908834686357
WDI:FM.AST.DOMO.ZG.M3:PRY,2006-12-31,4.9936334105659945
WDI:FM.AST.DOMO.ZG.M3:PRY,2007-12-31,23.262370969277107
WDI:FM.AST.DOMO.ZG.M3:PRY,2008-12-31,39.73880774206466
WDI:FM.AST.DOMO.ZG.M3:PRY,2009-12-31,14.388482479644106
WDI:FM.AST.DOMO.ZG.M3:PRY,2010-12-31,27.21016356764133
WDI:FM.AST.DOMO.ZG.M3:PRY,2011-12-31,21.432776173618354
WDI:FM.AST.DOMO.ZG.M3:PRY,2012-12-31,11.14968185709747
WDI:FM.AST.DOMO.ZG.M3:PRY,2013-12-31,21.647900337139976
WDI:FM.AST.DOMO.ZG.M3:PRY,2014-12-31,18.77173581478127
WDI:FM.AST.DOMO.ZG.M3:PRY,2015-12-31,18.772604990725387
WDI:FM.AST.DOMO.ZG.M3:PRY,2016-12-31,3.7247812846097905
WDI:FM.AST.DOMO.ZG.M3:PRY,2017-12-31,6.404232019294858
WDI:FM.AST.DOMO.ZG.M3:PRY,2018-12-31,13.965581813681787
WDI:FM.AST.DOMO.ZG.M3:PRY,2019-12-31,10.292515357582054
WDI:FM.AST.DOMO.ZG.M3:PRY,2020-12-31,8.782123441605787
WDI:FM.AST.DOMO.ZG.M3:PRY,2021-12-31,9.968520521851682
WDI:FM.AST.DOMO.ZG.M3:PRY,2022-12-31,11.143388433671392
WDI:FM.AST.DOMO.ZG.M3:PRY,2023-12-31,11.1048375595358
WDI:FM.AST.DOMO.ZG.M3:PRY,2024-12-31,18.2515703624474
WDI:FM.AST.DOMO.ZG.M3:PRY,2025-12-31,8.75619483787116
WDI:FM.AST.DOMO.ZG.M3:PSE,2002-12-31,-1.8202110922773658
WDI:FM.AST.DOMO.ZG.M3:PSE,2003-12-31,0.5997234832300328
WDI:FM.AST.DOMO.ZG.M3:PSE,2004-12-31,6.236953744629559
WDI:FM.AST.DOMO.ZG.M3:PSE,2005-12-31,8.766234240975908
WDI:FM.AST.DOMO.ZG.M3:PSE,2006-12-31,0.974022684225599
WDI:FM.AST.DOMO.ZG.M3:PSE,2007-12-31,-2.0908983829686734
WDI:FM.AST.DOMO.ZG.M3:PSE,2008-12-31,-1.1750003674968228
WDI:FM.AST.DOMO.ZG.M3:PSE,2009-12-31,5.539211036638924
WDI:FM.AST.DOMO.ZG.M3:PSE,2010-12-31,8.99152282248334
WDI:FM.AST.DOMO.ZG.M3:PSE,2011-12-31,7.920111650128654
WDI:FM.AST.DOMO.ZG.M3:PSE,2012-12-31,5.832656325443495
WDI:FM.AST.DOMO.ZG.M3:PSE,2013-12-31,4.698404218515874
WDI:FM.AST.DOMO.ZG.M3:PSE,2014-12-31,7.428055163269669
WDI:FM.AST.DOMO.ZG.M3:PSE,2015-12-31,9.113139477506058
WDI:FM.AST.DOMO.ZG.M3:PSE,2016-12-31,12.143337397179033
WDI:FM.AST.DOMO.ZG.M3:PSE,2017-12-31,11.406066342053602
WDI:FM.AST.DOMO.ZG.M3:PSE,2018-12-31,5.682848315425319
WDI:FM.AST.DOMO.ZG.M3:PSE,2019-12-31,3.5366828622153457
WDI:FM.AST.DOMO.ZG.M3:PSE,2020-12-31,3.487062821834189
WDI:FM.AST.DOMO.ZG.M3:PSE,2021-12-31,3.1498368044061493
WDI:FM.AST.DOMO.ZG.M3:PSE,2022-12-31,3.8525129692681945
WDI:FM.AST.DOMO.ZG.M3:PSE,2023-12-31,4.33098073800594
WDI:FM.AST.DOMO.ZG.M3:PSE,2024-12-31,-2.63530844135608
WDI:FM.AST.DOMO.ZG.M3:PSE,2025-12-31,1.80179076815574
WDI:FM.AST.DOMO.ZG.M3:QAT,2002-12-31,-1.6535223890336295
WDI:FM.AST.DOMO.ZG.M3:QAT,2003-12-31,14.240982591965297
WDI:FM.AST.DOMO.ZG.M3:QAT,2004-12-31,19.388077500158982
WDI:FM.AST.DOMO.ZG.M3:QAT,2005-12-31,41.95604595604697
WDI:FM.AST.DOMO.ZG.M3:QAT,2006-12-31,34.66789103222569
WDI:FM.AST.DOMO.ZG.M3:QAT,2007-12-31,53.224826542332664
WDI:FM.AST.DOMO.ZG.M3:QAT,2008-12-31,46.3074536598525
WDI:FM.AST.DOMO.ZG.M3:QAT,2009-12-31,2.9000213206092194
WDI:FM.AST.DOMO.ZG.M3:QAT,2010-12-31,21.587248981238442
WDI:FM.AST.DOMO.ZG.M3:QAT,2011-12-31,30.52499732703947
WDI:FM.AST.DOMO.ZG.M3:QAT,2012-12-31,28.626434340293233
WDI:FM.AST.DOMO.ZG.M3:QAT,2013-12-31,13.468588839442544
WDI:FM.AST.DOMO.ZG.M3:QAT,2014-12-31,9.831907286883395
WDI:FM.AST.DOMO.ZG.M3:QAT,2015-12-31,12.30515153294705
WDI:FM.AST.DOMO.ZG.M3:QAT,2016-12-31,4.009186451128658
WDI:FM.AST.DOMO.ZG.M3:QAT,2017-12-31,8.392387102979853
WDI:FM.AST.DOMO.ZG.M3:QAT,2018-12-31,10.38760967375938
WDI:FM.AST.DOMO.ZG.M3:QAT,2019-12-31,22.144843512857975
WDI:FM.AST.DOMO.ZG.M3:QAT,2020-12-31,19.64998228150987
WDI:FM.AST.DOMO.ZG.M3:QAT,2021-12-31,16.67457626610074
WDI:FM.AST.DOMO.ZG.M3:QAT,2022-12-31,13.38700260295681
WDI:FM.AST.DOMO.ZG.M3:QAT,2023-12-31,6.9094496178909
WDI:FM.AST.DOMO.ZG.M3:QAT,2024-12-31,7.52517347477463
WDI:FM.AST.DOMO.ZG.M3:QAT,2025-12-31,5.85257774317931
WDI:FM.AST.DOMO.ZG.M3:ROU,2002-12-31,20.006558564716514
WDI:FM.AST.DOMO.ZG.M3:ROU,2003-12-31,27.407815534578177
WDI:FM.AST.DOMO.ZG.M3:ROU,2004-12-31,21.07476685807996
WDI:FM.AST.DOMO.ZG.M3:ROU,2005-12-31,23.40113949523999
WDI:FM.AST.DOMO.ZG.M3:ROU,2006-12-31,34.51121047184188
WDI:FM.AST.DOMO.ZG.M3:ROU,2007-12-31,52.27517297662326
WDI:FM.AST.DOMO.ZG.M3:ROU,2008-12-31,34.661758692964305
WDI:FM.AST.DOMO.ZG.M3:ROU,2009-12-31,1.858924840437394
WDI:FM.AST.DOMO.ZG.M3:ROU,2010-12-31,5.779079613396251
WDI:FM.AST.DOMO.ZG.M3:ROU,2011-12-31,7.40994408383161
WDI:FM.AST.DOMO.ZG.M3:ROU,2012-12-31,2.1376961534544647
WDI:FM.AST.DOMO.ZG.M3:ROU,2013-12-31,-3.1864318126394884
WDI:FM.AST.DOMO.ZG.M3:ROU,2014-12-31,-2.6647593725146628
WDI:FM.AST.DOMO.ZG.M3:ROU,2015-12-31,2.7254529639696563
WDI:FM.AST.DOMO.ZG.M3:ROU,2016-12-31,0.8012559105606465
WDI:FM.AST.DOMO.ZG.M3:ROU,2017-12-31,3.907935955943903
WDI:FM.AST.DOMO.ZG.M3:ROU,2018-12-31,5.331773884447291
WDI:FM.AST.DOMO.ZG.M3:ROU,2019-12-31,4.564552336989697
WDI:FM.AST.DOMO.ZG.M3:ROU,2020-12-31,3.7075152390259136
WDI:FM.AST.DOMO.ZG.M3:ROU,2021-12-31,8.807742526870696
WDI:FM.AST.DOMO.ZG.M3:ROU,2022-12-31,7.528582190484796
WDI:FM.AST.DOMO.ZG.M3:ROU,2023-12-31,4.23462637565974
WDI:FM.AST.DOMO.ZG.M3:ROU,2024-12-31,5.5520146490424
WDI:FM.AST.DOMO.ZG.M3:ROU,2025-12-31,3.74405889771552
WDI:FM.AST.DOMO.ZG.M3:RUS,2002-12-31,22.850878608331918
WDI:FM.AST.DOMO.ZG.M3:RUS,2003-12-31,31.42671627528377
WDI:FM.AST.DOMO.ZG.M3:RUS,2004-12-31,34.73929376560416
WDI:FM.AST.DOMO.ZG.M3:RUS,2005-12-31,28.580600634231157
WDI:FM.AST.DOMO.ZG.M3:RUS,2006-12-31,39.80092605428786
WDI:FM.AST.DOMO.ZG.M3:RUS,2007-12-31,42.63933325433503
WDI:FM.AST.DOMO.ZG.M3:RUS,2008-12-31,34.061881066857026
WDI:FM.AST.DOMO.ZG.M3:RUS,2009-12-31,2.8851578405160785
WDI:FM.AST.DOMO.ZG.M3:RUS,2010-12-31,12.393173561926666
WDI:FM.AST.DOMO.ZG.M3:RUS,2011-12-31,24.49088397906023
WDI:FM.AST.DOMO.ZG.M3:RUS,2012-12-31,18.11492703407651
WDI:FM.AST.DOMO.ZG.M3:RUS,2013-12-31,16.95321014603005
WDI:FM.AST.DOMO.ZG.M3:RUS,2014-12-31,33.036947498842615
WDI:FM.AST.DOMO.ZG.M3:RUS,2015-12-31,9.261466664802281
WDI:FM.AST.DOMO.ZG.M3:RUS,2016-12-31,-1.071408562568498
WDI:FM.AST.DOMO.ZG.M3:RUS,2017-12-31,8.346795179113158
WDI:FM.AST.DOMO.ZG.M3:RUS,2018-12-31,12.224588097777273
WDI:FM.AST.DOMO.ZG.M3:RUS,2019-12-31,8.776576669011883
WDI:FM.AST.DOMO.ZG.M3:RUS,2020-12-31,14.330607650053071
WDI:FM.AST.DOMO.ZG.M3:RUS,2021-12-31,14.488670112464932
WDI:FM.AST.DOMO.ZG.M3:RWA,2002-12-31,9.750086548276633
WDI:FM.AST.DOMO.ZG.M3:RWA,2003-12-31,11.67841065982614
WDI:FM.AST.DOMO.ZG.M3:RWA,2004-12-31,20.584080441254677
WDI:FM.AST.DOMO.ZG.M3:RWA,2005-12-31,17.099592891088722
WDI:FM.AST.DOMO.ZG.M3:RWA,2006-12-31,20.482486964777053
WDI:FM.AST.DOMO.ZG.M3:RWA,2007-12-31,18.52048326769182
WDI:FM.AST.DOMO.ZG.M3:RWA,2008-12-31,29.96409110734309
WDI:FM.AST.DOMO.ZG.M3:RWA,2009-12-31,-2.7776209795782494
WDI:FM.AST.DOMO.ZG.M3:RWA,2010-12-31,9.806343335587872
WDI:FM.AST.DOMO.ZG.M3:RWA,2011-12-31,24.71355785513906
WDI:FM.AST.DOMO.ZG.M3:RWA,2012-12-31,26.752800865061243
WDI:FM.AST.DOMO.ZG.M3:RWA,2013-12-31,10.86319331214922
WDI:FM.AST.DOMO.ZG.M3:RWA,2014-12-31,19.63061534422427
WDI:FM.AST.DOMO.ZG.M3:RWA,2015-12-31,27.73033153557503
WDI:FM.AST.DOMO.ZG.M3:RWA,2016-12-31,10.910619413192396
WDI:FM.AST.DOMO.ZG.M3:RWA,2017-12-31,14.479753325651782
WDI:FM.AST.DOMO.ZG.M3:RWA,2018-12-31,15.419194933837115
WDI:FM.AST.DOMO.ZG.M3:RWA,2019-12-31,14.173624700987073
WDI:FM.AST.DOMO.ZG.M3:RWA,2020-12-31,22.30267797331027
WDI:FM.AST.DOMO.ZG.M3:RWA,2021-12-31,14.432761636435112
WDI:FM.AST.DOMO.ZG.M3:RWA,2022-12-31,14.956301558025633
WDI:FM.AST.DOMO.ZG.M3:RWA,2023-12-31,21.5882811016876
WDI:FM.AST.DOMO.ZG.M3:RWA,2024-12-31,13.7216750446002
WDI:FM.AST.DOMO.ZG.M3:RWA,2025-12-31,18.4346233063064
WDI:FM.AST.DOMO.ZG.M3:SDN,2002-12-31,16.86383705774969
WDI:FM.AST.DOMO.ZG.M3:SDN,2003-12-31,20.082215344661922
WDI:FM.AST.DOMO.ZG.M3:SDN,2004-12-31,19.382813072942426
WDI:FM.AST.DOMO.ZG.M3:SDN,2005-12-31,28.524699413070415
WDI:FM.AST.DOMO.ZG.M3:SDN,2006-12-31,36.465371348987006
WDI:FM.AST.DOMO.ZG.M3:SDN,2007-12-31,7.299619596100807
WDI:FM.AST.DOMO.ZG.M3:SDN,2008-12-31,10.23769636684515
WDI:FM.AST.DOMO.ZG.M3:SDN,2009-12-31,13.452808662407346
WDI:FM.AST.DOMO.ZG.M3:SDN,2010-12-31,10.842113010310763
WDI:FM.AST.DOMO.ZG.M3:SDN,2011-12-31,4.815616708225116
WDI:FM.AST.DOMO.ZG.M3:SDN,2012-12-31,18.820136470927178
WDI:FM.AST.DOMO.ZG.M3:SDN,2013-12-31,12.537049500209369
WDI:FM.AST.DOMO.ZG.M3:SDN,2014-12-31,9.90493001215054
WDI:FM.AST.DOMO.ZG.M3:SDN,2015-12-31,12.111009388977601
WDI:FM.AST.DOMO.ZG.M3:SDN,2016-12-31,15.39389782491278
WDI:FM.AST.DOMO.ZG.M3:SDN,2017-12-31,29.313205991279926
WDI:FM.AST.DOMO.ZG.M3:SDN,2018-12-31,34.249766557404385
WDI:FM.AST.DOMO.ZG.M3:SDN,2019-12-31,12.82626154381523
WDI:FM.AST.DOMO.ZG.M3:SDN,2020-12-31,24.878435184294045
WDI:FM.AST.DOMO.ZG.M3:SDN,2021-12-31,58.09902876508743
WDI:FM.AST.DOMO.ZG.M3:SEN,2023-12-31,2.97845573329653
WDI:FM.AST.DOMO.ZG.M3:SEN,2024-12-31,3.31046310685463
WDI:FM.AST.DOMO.ZG.M3:SEN,2025-12-31,5.56032587507829
WDI:FM.AST.DOMO.ZG.M3:SLB,2002-12-31,4.491203139628467
WDI:FM.AST.DOMO.ZG.M3:SLB,2003-12-31,9.762330557503944
WDI:FM.AST.DOMO.ZG.M3:SLB,2004-12-31,3.3247396950626165
WDI:FM.AST.DOMO.ZG.M3:SLB,2005-12-31,23.538988341611294
WDI:FM.AST.DOMO.ZG.M3:SLB,2006-12-31,27.202274912689017
WDI:FM.AST.DOMO.ZG.M3:SLB,2007-12-31,29.467089366875303
WDI:FM.AST.DOMO.ZG.M3:SLB,2008-12-31,18.34697759651735
WDI:FM.AST.DOMO.ZG.M3:SLB,2009-12-31,-3.348891469490203
WDI:FM.AST.DOMO.ZG.M3:SLB,2010-12-31,-3.1791461866222144
WDI:FM.AST.DOMO.ZG.M3:SLB,2011-12-31,2.655962453034946
WDI:FM.AST.DOMO.ZG.M3:SLB,2012-12-31,3.3164538309773857
WDI:FM.AST.DOMO.ZG.M3:SLB,2013-12-31,6.135363951981168
WDI:FM.AST.DOMO.ZG.M3:SLB,2014-12-31,7.239283812174592
WDI:FM.AST.DOMO.ZG.M3:SLB,2015-12-31,7.648064591429121
WDI:FM.AST.DOMO.ZG.M3:SLB,2016-12-31,5.688586338034917
WDI:FM.AST.DOMO.ZG.M3:SLB,2017-12-31,2.928052188123785
WDI:FM.AST.DOMO.ZG.M3:SLB,2018-12-31,2.3547924248712033
WDI:FM.AST.DOMO.ZG.M3:SLB,2019-12-31,2.8085699697579942
WDI:FM.AST.DOMO.ZG.M3:SLB,2020-12-31,-0.2420695676674702
WDI:FM.AST.DOMO.ZG.M3:SLB,2021-12-31,-0.20696236308588145
WDI:FM.AST.DOMO.ZG.M3:SLB,2022-12-31,0.2566377727036828
WDI:FM.AST.DOMO.ZG.M3:SLB,2023-12-31,2.1230897676107
WDI:FM.AST.DOMO.ZG.M3:SLB,2024-12-31,2.18856205654697
WDI:FM.AST.DOMO.ZG.M3:SLE,2002-12-31,0.008309632192043816
WDI:FM.AST.DOMO.ZG.M3:SLE,2003-12-31,0.011104653669604218
WDI:FM.AST.DOMO.ZG.M3:SLE,2004-12-31,0.00957358419291881
WDI:FM.AST.DOMO.ZG.M3:SLE,2005-12-31,0.005755219521997055
WDI:FM.AST.DOMO.ZG.M3:SLE,2006-12-31,0.003911860282914763
WDI:FM.AST.DOMO.ZG.M3:SLE,2007-12-31,0.009899098058840936
WDI:FM.AST.DOMO.ZG.M3:SLE,2008-12-31,0.01494594700591507
WDI:FM.AST.DOMO.ZG.M3:SLE,2009-12-31,0.023213479032668207
WDI:FM.AST.DOMO.ZG.M3:SLE,2010-12-31,0.008151917220059722
WDI:FM.AST.DOMO.ZG.M3:SLE,2011-12-31,0.009069407753010237
WDI:FM.AST.DOMO.ZG.M3:SLE,2012-12-31,0.0032979090526131503
WDI:FM.AST.DOMO.ZG.M3:SLE,2013-12-31,0.004195205129064297
WDI:FM.AST.DOMO.ZG.M3:SLE,2014-12-31,0.0029444514380037264
WDI:FM.AST.DOMO.ZG.M3:SLE,2015-12-31,0.0003297453822630197
WDI:FM.AST.DOMO.ZG.M3:SLE,2016-12-31,3.3233768779546002
WDI:FM.AST.DOMO.ZG.M3:SLE,2017-12-31,1.20283041346045
WDI:FM.AST.DOMO.ZG.M3:SLE,2018-12-31,5.841229023860606
WDI:FM.AST.DOMO.ZG.M3:SLE,2019-12-31,3.4434352270864275
WDI:FM.AST.DOMO.ZG.M3:SLE,2020-12-31,1.1881735230304504
WDI:FM.AST.DOMO.ZG.M3:SLE,2021-12-31,7.151891634266304
WDI:FM.AST.DOMO.ZG.M3:SLE,2022-12-31,2.5810657358291325
WDI:FM.AST.DOMO.ZG.M3:SLE,2023-12-31,4.0575930685935
WDI:FM.AST.DOMO.ZG.M3:SLE,2024-12-31,6.7689181004029
WDI:FM.AST.DOMO.ZG.M3:SLE,2025-12-31,9.71973861718923
WDI:FM.AST.DOMO.ZG.M3:SLV,2002-12-31,2.4254082026462784
WDI:FM.AST.DOMO.ZG.M3:SLV,2003-12-31,6.130312240762053
WDI:FM.AST.DOMO.ZG.M3:SLV,2004-12-31,3.817221306191825
WDI:FM.AST.DOMO.ZG.M3:SLV,2005-12-31,10.475623032919223
WDI:FM.AST.DOMO.ZG.M3:SLV,2006-12-31,7.62958027011463
WDI:FM.AST.DOMO.ZG.M3:SLV,2007-12-31,6.9355532091634355
WDI:FM.AST.DOMO.ZG.M3:SLV,2008-12-31,2.7625419952607357
WDI:FM.AST.DOMO.ZG.M3:SLV,2009-12-31,-3.495332882719334
WDI:FM.AST.DOMO.ZG.M3:SLV,2010-12-31,-0.05197000123088538
WDI:FM.AST.DOMO.ZG.M3:SLV,2011-12-31,3.4924923080854327
WDI:FM.AST.DOMO.ZG.M3:SLV,2012-12-31,3.10608172163536
WDI:FM.AST.DOMO.ZG.M3:SLV,2013-12-31,7.555938966601285
WDI:FM.AST.DOMO.ZG.M3:SLV,2014-12-31,5.321417336114957
WDI:FM.AST.DOMO.ZG.M3:SLV,2015-12-31,4.659778405043141
WDI:FM.AST.DOMO.ZG.M3:SLV,2016-12-31,4.977159734488802
WDI:FM.AST.DOMO.ZG.M3:SLV,2017-12-31,5.413014335063435
WDI:FM.AST.DOMO.ZG.M3:SLV,2018-12-31,6.140836934815726
WDI:FM.AST.DOMO.ZG.M3:SLV,2019-12-31,5.705976252298206
WDI:FM.AST.DOMO.ZG.M3:SLV,2020-12-31,2.1270676058623117
WDI:FM.AST.DOMO.ZG.M3:SLV,2021-12-31,5.482622147337784
WDI:FM.AST.DOMO.ZG.M3:SLV,2022-12-31,9.583593069186344
WDI:FM.AST.DOMO.ZG.M3:SLV,2023-12-31,4.75464928431973
WDI:FM.AST.DOMO.ZG.M3:SLV,2024-12-31,5.34485609947877
WDI:FM.AST.DOMO.ZG.M3:SLV,2025-12-31,7.95638042145184
WDI:FM.AST.DOMO.ZG.M3:SRB,2002-12-31,-71.0395249345508
WDI:FM.AST.DOMO.ZG.M3:SRB,2003-12-31,35.53916087569883
WDI:FM.AST.DOMO.ZG.M3:SRB,2004-12-31,42.955170174851474
WDI:FM.AST.DOMO.ZG.M3:SRB,2005-12-31,54.39632354899674
WDI:FM.AST.DOMO.ZG.M3:SRB,2006-12-31,19.796956858179588
WDI:FM.AST.DOMO.ZG.M3:SRB,2007-12-31,35.355111077111914
WDI:FM.AST.DOMO.ZG.M3:SRB,2008-12-31,32.122459893225454
WDI:FM.AST.DOMO.ZG.M3:SRB,2009-12-31,18.265630680531377
WDI:FM.AST.DOMO.ZG.M3:SRB,2010-12-31,29.100495657861284
WDI:FM.AST.DOMO.ZG.M3:SRB,2011-12-31,9.65603758912374
WDI:FM.AST.DOMO.ZG.M3:SRB,2012-12-31,11.315323997430093
WDI:FM.AST.DOMO.ZG.M3:SRB,2013-12-31,-5.309227246932474
WDI:FM.AST.DOMO.ZG.M3:SRB,2014-12-31,3.1841790417641374
WDI:FM.AST.DOMO.ZG.M3:SRB,2015-12-31,2.960052499315475
WDI:FM.AST.DOMO.ZG.M3:SRB,2016-12-31,2.464848767577419
WDI:FM.AST.DOMO.ZG.M3:SRB,2017-12-31,1.7586467245466606
WDI:FM.AST.DOMO.ZG.M3:SRB,2018-12-31,8.530444473540642
WDI:FM.AST.DOMO.ZG.M3:SRB,2019-12-31,7.904006715405898
WDI:FM.AST.DOMO.ZG.M3:SRB,2020-12-31,10.372142374878646
WDI:FM.AST.DOMO.ZG.M3:SRB,2021-12-31,7.997734459894503
WDI:FM.AST.DOMO.ZG.M3:SRB,2022-12-31,5.705355055546004
WDI:FM.AST.DOMO.ZG.M3:SRB,2023-12-31,0.848572391648712
WDI:FM.AST.DOMO.ZG.M3:SRB,2024-12-31,6.30503247308628
WDI:FM.AST.DOMO.ZG.M3:SRB,2025-12-31,10.5866180716708
WDI:FM.AST.DOMO.ZG.M3:SSD,2012-12-31,3.533677325308513
WDI:FM.AST.DOMO.ZG.M3:SSD,2013-12-31,3.530687002681502
WDI:FM.AST.DOMO.ZG.M3:SSD,2014-12-31,1.3775026252157536
WDI:FM.AST.DOMO.ZG.M3:SSD,2015-12-31,3.185156187491447
WDI:FM.AST.DOMO.ZG.M3:SSD,2016-12-31,10.598866258283678
WDI:FM.AST.DOMO.ZG.M3:SSD,2017-12-31,5.150520776440659
WDI:FM.AST.DOMO.ZG.M3:SSD,2018-12-31,2.7831513775901455
WDI:FM.AST.DOMO.ZG.M3:SSD,2019-12-31,5.090592921197689
WDI:FM.AST.DOMO.ZG.M3:SSD,2020-12-31,2.282236383796899
WDI:FM.AST.DOMO.ZG.M3:SSD,2021-12-31,5.2136382697806
WDI:FM.AST.DOMO.ZG.M3:SSD,2022-12-31,13.002969332653487
WDI:FM.AST.DOMO.ZG.M3:SSD,2023-12-31,16.0539617063943
WDI:FM.AST.DOMO.ZG.M3:SSD,2024-12-31,36.9312801570426
WDI:FM.AST.DOMO.ZG.M3:SSD,2025-12-31,5.38573219713367
WDI:FM.AST.DOMO.ZG.M3:STP,2002-12-31,9.598998190433125
WDI:FM.AST.DOMO.ZG.M3:STP,2003-12-31,27.00061692114664
WDI:FM.AST.DOMO.ZG.M3:STP,2004-12-31,27.208398397143853
WDI:FM.AST.DOMO.ZG.M3:STP,2005-12-31,48.332957894772136
WDI:FM.AST.DOMO.ZG.M3:STP,2006-12-31,36.037992263951665
WDI:FM.AST.DOMO.ZG.M3:STP,2007-12-31,28.353994848330526
WDI:FM.AST.DOMO.ZG.M3:STP,2008-12-31,19.02349915692007
WDI:FM.AST.DOMO.ZG.M3:STP,2009-12-31,29.22554059735941
WDI:FM.AST.DOMO.ZG.M3:STP,2010-12-31,33.088675834357666
WDI:FM.AST.DOMO.ZG.M3:STP,2011-12-31,15.766906436018894
WDI:FM.AST.DOMO.ZG.M3:STP,2012-12-31,12.834006541618018
WDI:FM.AST.DOMO.ZG.M3:STP,2013-12-31,2.2666913349328452
WDI:FM.AST.DOMO.ZG.M3:STP,2014-12-31,-0.6315044296801172
WDI:FM.AST.DOMO.ZG.M3:STP,2015-12-31,3.25339314645981
WDI:FM.AST.DOMO.ZG.M3:STP,2016-12-31,4.609006289254087
WDI:FM.AST.DOMO.ZG.M3:STP,2017-12-31,1.9684555812091897
WDI:FM.AST.DOMO.ZG.M3:STP,2018-12-31,-1.2621747808649117
WDI:FM.AST.DOMO.ZG.M3:STP,2019-12-31,2.1772659978991937
WDI:FM.AST.DOMO.ZG.M3:STP,2020-12-31,-1.1275470053308645
WDI:FM.AST.DOMO.ZG.M3:STP,2021-12-31,-3.2110156966225487
WDI:FM.AST.DOMO.ZG.M3:STP,2022-12-31,-10.072933944557661
WDI:FM.AST.DOMO.ZG.M3:STP,2023-12-31,-11.7299297125476
WDI:FM.AST.DOMO.ZG.M3:SUR,2002-12-31,44.01953815482195
WDI:FM.AST.DOMO.ZG.M3:SUR,2003-12-31,14.225539101005443
WDI:FM.AST.DOMO.ZG.M3:SUR,2004-12-31,13.055337640581413
WDI:FM.AST.DOMO.ZG.M3:SUR,2005-12-31,9.567023077326262
WDI:FM.AST.DOMO.ZG.M3:SUR,2006-12-31,14.966820652191146
WDI:FM.AST.DOMO.ZG.M3:SUR,2007-12-31,16.369066254312074
WDI:FM.AST.DOMO.ZG.M3:SUR,2008-12-31,17.366647061413005
WDI:FM.AST.DOMO.ZG.M3:SUR,2009-12-31,6.9602584744789775
WDI:FM.AST.DOMO.ZG.M3:SUR,2010-12-31,6.973600687669825
WDI:FM.AST.DOMO.ZG.M3:SUR,2011-12-31,11.043088556821397
WDI:FM.AST.DOMO.ZG.M3:SUR,2012-12-31,8.502673047051799
WDI:FM.AST.DOMO.ZG.M3:SUR,2013-12-31,9.4138810236262
WDI:FM.AST.DOMO.ZG.M3:SUR,2014-12-31,4.674765293546543
WDI:FM.AST.DOMO.ZG.M3:SUR,2015-12-31,8.99651986633542
WDI:FM.AST.DOMO.ZG.M3:SUR,2016-12-31,16.990285494880993
WDI:FM.AST.DOMO.ZG.M3:SUR,2017-12-31,0.4607041872031223
WDI:FM.AST.DOMO.ZG.M3:SUR,2018-12-31,-0.39878982884008835
WDI:FM.AST.DOMO.ZG.M3:SUR,2019-12-31,0.533514175672172
WDI:FM.AST.DOMO.ZG.M3:SUR,2020-12-31,11.978168907768067
WDI:FM.AST.DOMO.ZG.M3:SUR,2021-12-31,6.043590086544666
WDI:FM.AST.DOMO.ZG.M3:SUR,2022-12-31,16.40151163184771
WDI:FM.AST.DOMO.ZG.M3:SUR,2023-12-31,5.37293582270076
WDI:FM.AST.DOMO.ZG.M3:SUR,2024-12-31,3.96186959046308
WDI:FM.AST.DOMO.ZG.M3:SUR,2025-12-31,15.4852323469032
WDI:FM.AST.DOMO.ZG.M3:SWE,2002-12-31,17.27436688604622
WDI:FM.AST.DOMO.ZG.M3:SWE,2003-12-31,10.680415961787242
WDI:FM.AST.DOMO.ZG.M3:SWE,2004-12-31,11.225003613743981
WDI:FM.AST.DOMO.ZG.M3:SWE,2005-12-31,21.99806378744689
WDI:FM.AST.DOMO.ZG.M3:SWE,2006-12-31,22.201429528820125
WDI:FM.AST.DOMO.ZG.M3:SWE,2007-12-31,31.014867922883617
WDI:FM.AST.DOMO.ZG.M3:SWE,2008-12-31,42.7961704403568
WDI:FM.AST.DOMO.ZG.M3:SWE,2009-12-31,-11.562880447729013
WDI:FM.AST.DOMO.ZG.M3:SWE,2010-12-31,13.51735069706788
WDI:FM.AST.DOMO.ZG.M3:SWE,2011-12-31,19.62758892225257
WDI:FM.AST.DOMO.ZG.M3:SWE,2012-12-31,8.888650312085334
WDI:FM.AST.DOMO.ZG.M3:SWE,2013-12-31,-1.0945180499827993
WDI:FM.AST.DOMO.ZG.M3:SWE,2014-12-31,24.63788804206074
WDI:FM.AST.DOMO.ZG.M3:SWE,2015-12-31,2.333902815539766
WDI:FM.AST.DOMO.ZG.M3:SWE,2016-12-31,14.009198810838553
WDI:FM.AST.DOMO.ZG.M3:SWE,2017-12-31,22.39306251025903
WDI:FM.AST.DOMO.ZG.M3:SWE,2018-12-31,-5.663378455258588
WDI:FM.AST.DOMO.ZG.M3:SWE,2019-12-31,13.911478574447525
WDI:FM.AST.DOMO.ZG.M3:SWE,2020-12-31,9.699760904633157
WDI:FM.AST.DOMO.ZG.M3:SWE,2021-12-31,10.30754147604794
WDI:FM.AST.DOMO.ZG.M3:SWE,2022-12-31,40.043815855406855
WDI:FM.AST.DOMO.ZG.M3:SWE,2023-12-31,-8.20650322086253
WDI:FM.AST.DOMO.ZG.M3:SWE,2024-12-31,-4.05904222806342
WDI:FM.AST.DOMO.ZG.M3:SWZ,2002-12-31,16.850077220111082
WDI:FM.AST.DOMO.ZG.M3:SWZ,2003-12-31,21.54200437800126
WDI:FM.AST.DOMO.ZG.M3:SWZ,2004-12-31,22.62745487618697
WDI:FM.AST.DOMO.ZG.M3:SWZ,2005-12-31,19.328476306193863
WDI:FM.AST.DOMO.ZG.M3:SWZ,2006-12-31,21.27463160104973
WDI:FM.AST.DOMO.ZG.M3:SWZ,2007-12-31,21.120080471997838
WDI:FM.AST.DOMO.ZG.M3:SWZ,2008-12-31,9.023106712011522
WDI:FM.AST.DOMO.ZG.M3:SWZ,2009-12-31,12.511592083917243
WDI:FM.AST.DOMO.ZG.M3:SWZ,2010-12-31,5.031279543832091
WDI:FM.AST.DOMO.ZG.M3:SWZ,2011-12-31,16.581626802933755
WDI:FM.AST.DOMO.ZG.M3:SWZ,2012-12-31,-2.4723529497591725
WDI:FM.AST.DOMO.ZG.M3:SWZ,2013-12-31,17.571701211163656
WDI:FM.AST.DOMO.ZG.M3:SWZ,2014-12-31,9.939134873176624
WDI:FM.AST.DOMO.ZG.M3:SWZ,2015-12-31,4.755870091667268
WDI:FM.AST.DOMO.ZG.M3:SWZ,2016-12-31,12.24069220655147
WDI:FM.AST.DOMO.ZG.M3:SWZ,2017-12-31,7.069957607708308
WDI:FM.AST.DOMO.ZG.M3:SWZ,2018-12-31,3.7565982416123544
WDI:FM.AST.DOMO.ZG.M3:SWZ,2019-12-31,-0.3051635534768317
WDI:FM.AST.DOMO.ZG.M3:SWZ,2020-12-31,5.380350088168575
WDI:FM.AST.DOMO.ZG.M3:SWZ,2021-12-31,1.3730552252906585
WDI:FM.AST.DOMO.ZG.M3:SWZ,2022-12-31,5.505951075807781
WDI:FM.AST.DOMO.ZG.M3:SWZ,2023-12-31,8.56523774085584
WDI:FM.AST.DOMO.ZG.M3:SYC,2002-12-31,3.1107155544286824
WDI:FM.AST.DOMO.ZG.M3:SYC,2003-12-31,7.86391605911182
WDI:FM.AST.DOMO.ZG.M3:SYC,2004-12-31,6.006486670915462
WDI:FM.AST.DOMO.ZG.M3:SYC,2005-12-31,4.209281791553756
WDI:FM.AST.DOMO.ZG.M3:SYC,2006-12-31,0.31352543421774004
WDI:FM.AST.DOMO.ZG.M3:SYC,2007-12-31,10.580350401126427
WDI:FM.AST.DOMO.ZG.M3:SYC,2008-12-31,21.633258596227545
WDI:FM.AST.DOMO.ZG.M3:SYC,2009-12-31,-6.340697929420409
WDI:FM.AST.DOMO.ZG.M3:SYC,2010-12-31,8.082741202014956
WDI:FM.AST.DOMO.ZG.M3:SYC,2011-12-31,2.3143577201559546
WDI:FM.AST.DOMO.ZG.M3:SYC,2012-12-31,1.7107251294623305
WDI:FM.AST.DOMO.ZG.M3:SYC,2013-12-31,2.2453931891613346
WDI:FM.AST.DOMO.ZG.M3:SYC,2014-12-31,9.546909993271452
WDI:FM.AST.DOMO.ZG.M3:SYC,2015-12-31,5.238366573669065
WDI:FM.AST.DOMO.ZG.M3:SYC,2016-12-31,5.16335971267467
WDI:FM.AST.DOMO.ZG.M3:SYR,2002-12-31,-4.062543546748916
WDI:FM.AST.DOMO.ZG.M3:SYR,2003-12-31,4.9889507517489085
WDI:FM.AST.DOMO.ZG.M3:SYR,2004-12-31,5.337102339999933
WDI:FM.AST.DOMO.ZG.M3:SYR,2005-12-31,9.304389520094592
WDI:FM.AST.DOMO.ZG.M3:SYR,2006-12-31,4.713262406343439
WDI:FM.AST.DOMO.ZG.M3:SYR,2007-12-31,13.586370041362443
WDI:FM.AST.DOMO.ZG.M3:SYR,2008-12-31,21.35000991447129
WDI:FM.AST.DOMO.ZG.M3:SYR,2009-12-31,6.886076997269521
WDI:FM.AST.DOMO.ZG.M3:SYR,2010-12-31,10.25686508199506
WDI:FM.AST.DOMO.ZG.M3:SYR,2011-12-31,-2.5622876121897695
WDI:FM.AST.DOMO.ZG.M3:TCD,2002-12-31,-1.0792365988176011
WDI:FM.AST.DOMO.ZG.M3:TCD,2003-12-31,8.822776606925997
WDI:FM.AST.DOMO.ZG.M3:TCD,2004-12-31,-2.872318537689367
WDI:FM.AST.DOMO.ZG.M3:TCD,2005-12-31,20.08184019624838
WDI:FM.AST.DOMO.ZG.M3:TCD,2006-12-31,2.7479757684966746
WDI:FM.AST.DOMO.ZG.M3:TCD,2007-12-31,-2.5061037666700066
WDI:FM.AST.DOMO.ZG.M3:TCD,2008-12-31,12.809226515752648
WDI:FM.AST.DOMO.ZG.M3:TCD,2009-12-31,5.766169959834282
WDI:FM.AST.DOMO.ZG.M3:TCD,2010-12-31,9.330041977215918
WDI:FM.AST.DOMO.ZG.M3:TCD,2011-12-31,9.224056463497645
WDI:FM.AST.DOMO.ZG.M3:TCD,2012-12-31,11.351308347677664
WDI:FM.AST.DOMO.ZG.M3:TCD,2013-12-31,5.2540983293020505
WDI:FM.AST.DOMO.ZG.M3:TCD,2014-12-31,19.38219389000507
WDI:FM.AST.DOMO.ZG.M3:TCD,2015-12-31,2.651086703367978
WDI:FM.AST.DOMO.ZG.M3:TCD,2016-12-31,22.277147708773104
WDI:FM.AST.DOMO.ZG.M3:TGO,2023-12-31,2.88359472669415
WDI:FM.AST.DOMO.ZG.M3:TGO,2024-12-31,3.55205322755079
WDI:FM.AST.DOMO.ZG.M3:TGO,2025-12-31,-1.12891899205278
WDI:FM.AST.DOMO.ZG.M3:THA,2002-12-31,5.610271894574956
WDI:FM.AST.DOMO.ZG.M3:THA,2003-12-31,10.534026999464391
WDI:FM.AST.DOMO.ZG.M3:THA,2004-12-31,5.584694416644981
WDI:FM.AST.DOMO.ZG.M3:THA,2005-12-31,5.515556379640523
WDI:FM.AST.DOMO.ZG.M3:THA,2006-12-31,2.763892701398956
WDI:FM.AST.DOMO.ZG.M3:THA,2007-12-31,3.5221004357691927
WDI:FM.AST.DOMO.ZG.M3:THA,2008-12-31,6.722023825627631
WDI:FM.AST.DOMO.ZG.M3:THA,2009-12-31,3.603545674643065
WDI:FM.AST.DOMO.ZG.M3:THA,2010-12-31,10.74041387375483
WDI:FM.AST.DOMO.ZG.M3:THA,2011-12-31,14.58207955464412
WDI:FM.AST.DOMO.ZG.M3:THA,2012-12-31,13.19549413660356
WDI:FM.AST.DOMO.ZG.M3:THA,2013-12-31,8.59811541426563
WDI:FM.AST.DOMO.ZG.M3:THA,2014-12-31,4.20167915477478
WDI:FM.AST.DOMO.ZG.M3:THA,2015-12-31,5.108858095287521
WDI:FM.AST.DOMO.ZG.M3:THA,2016-12-31,4.126671695597687
WDI:FM.AST.DOMO.ZG.M3:THA,2017-12-31,4.646447131675168
WDI:FM.AST.DOMO.ZG.M3:THA,2018-12-31,5.326412163543068
WDI:FM.AST.DOMO.ZG.M3:THA,2019-12-31,2.4772257230411796
WDI:FM.AST.DOMO.ZG.M3:THA,2020-12-31,4.310698140898642
WDI:FM.AST.DOMO.ZG.M3:THA,2021-12-31,4.072700373727412
WDI:FM.AST.DOMO.ZG.M3:THA,2022-12-31,3.2986771033439455
WDI:FM.AST.DOMO.ZG.M3:THA,2023-12-31,2.02489964941758
WDI:FM.AST.DOMO.ZG.M3:THA,2024-12-31,0.604369724503952
WDI:FM.AST.DOMO.ZG.M3:THA,2025-12-31,0.0497270117912422
WDI:FM.AST.DOMO.ZG.M3:TJK,2002-12-31,4.980807370596507
WDI:FM.AST.DOMO.ZG.M3:TJK,2003-12-31,63.88717437543132
WDI:FM.AST.DOMO.ZG.M3:TJK,2004-12-31,-34.03146512415746
WDI:FM.AST.DOMO.ZG.M3:TJK,2005-12-31,84.15210559528873
WDI:FM.AST.DOMO.ZG.M3:TJK,2006-12-31,42.895814036245476
WDI:FM.AST.DOMO.ZG.M3:TJK,2007-12-31,70.99303935498104
WDI:FM.AST.DOMO.ZG.M3:TJK,2008-12-31,73.05480513664534
WDI:FM.AST.DOMO.ZG.M3:TJK,2009-12-31,-20.69286190673801
WDI:FM.AST.DOMO.ZG.M3:TJK,2010-12-31,-14.988432544282212
WDI:FM.AST.DOMO.ZG.M3:TJK,2011-12-31,27.813625887413558
WDI:FM.AST.DOMO.ZG.M3:TJK,2012-12-31,11.577904785666401
WDI:FM.AST.DOMO.ZG.M3:TJK,2013-12-31,37.68573599922585
WDI:FM.AST.DOMO.ZG.M3:TJK,2014-12-31,26.730558185982666
WDI:FM.AST.DOMO.ZG.M3:TJK,2015-12-31,22.289211042264768
WDI:FM.AST.DOMO.ZG.M3:TJK,2016-12-31,-3.783462003360527
WDI:FM.AST.DOMO.ZG.M3:TJK,2017-12-31,-11.28234631907456
WDI:FM.AST.DOMO.ZG.M3:TJK,2018-12-31,0.3321547850599251
WDI:FM.AST.DOMO.ZG.M3:TJK,2019-12-31,5.700085428510016
WDI:FM.AST.DOMO.ZG.M3:TJK,2020-12-31,7.64075457566481
WDI:FM.AST.DOMO.ZG.M3:TJK,2021-12-31,-3.1411336860708134
WDI:FM.AST.DOMO.ZG.M3:TJK,2022-12-31,5.835355233540243
WDI:FM.AST.DOMO.ZG.M3:TJK,2023-12-31,16.1428840211536
WDI:FM.AST.DOMO.ZG.M3:TLS,2003-12-31,45.7288219043773
WDI:FM.AST.DOMO.ZG.M3:TLS,2004-12-31,100.63909868319462
WDI:FM.AST.DOMO.ZG.M3:TLS,2005-12-31,26.601905498627495
WDI:FM.AST.DOMO.ZG.M3:TLS,2006-12-31,7.1207988931044675
WDI:FM.AST.DOMO.ZG.M3:TLS,2007-12-31,-10.969407977874091
WDI:FM.AST.DOMO.ZG.M3:TLS,2008-12-31,1.3546723538777836
WDI:FM.AST.DOMO.ZG.M3:TLS,2009-12-31,0.5664409283053957
WDI:FM.AST.DOMO.ZG.M3:TLS,2010-12-31,2.2796981354956385
WDI:FM.AST.DOMO.ZG.M3:TLS,2011-12-31,7.838031716716018
WDI:FM.AST.DOMO.ZG.M3:TLS,2012-12-31,8.460057396653026
WDI:FM.AST.DOMO.ZG.M3:TLS,2013-12-31,5.335203281090837
WDI:FM.AST.DOMO.ZG.M3:TLS,2014-12-31,1.9975418675962326
WDI:FM.AST.DOMO.ZG.M3:TLS,2015-12-31,3.3511301940727716
WDI:FM.AST.DOMO.ZG.M3:TLS,2016-12-31,-0.6085979769634842
WDI:FM.AST.DOMO.ZG.M3:TLS,2017-12-31,7.03951571650874
WDI:FM.AST.DOMO.ZG.M3:TLS,2018-12-31,-1.1859863652271994
WDI:FM.AST.DOMO.ZG.M3:TLS,2019-12-31,1.62364523769888
WDI:FM.AST.DOMO.ZG.M3:TLS,2020-12-31,3.385915557165454
WDI:FM.AST.DOMO.ZG.M3:TLS,2021-12-31,1.526182127147306
WDI:FM.AST.DOMO.ZG.M3:TLS,2022-12-31,9.352815080223207
WDI:FM.AST.DOMO.ZG.M3:TLS,2023-12-31,6.93936899666349
WDI:FM.AST.DOMO.ZG.M3:TLS,2024-12-31,12.5470002190842
WDI:FM.AST.DOMO.ZG.M3:TLS,2025-12-31,7.13635773202633
WDI:FM.AST.DOMO.ZG.M3:TON,2002-12-31,20.609830596244716
WDI:FM.AST.DOMO.ZG.M3:TON,2003-12-31,18.54743417137953
WDI:FM.AST.DOMO.ZG.M3:TON,2004-12-31,-6.781429325635046
WDI:FM.AST.DOMO.ZG.M3:TON,2005-12-31,38.04262246385692
WDI:FM.AST.DOMO.ZG.M3:TON,2006-12-31,4.721542223363366
WDI:FM.AST.DOMO.ZG.M3:TON,2007-12-31,17.986031910368908
WDI:FM.AST.DOMO.ZG.M3:TON,2008-12-31,4.319168325655812
WDI:FM.AST.DOMO.ZG.M3:TON,2009-12-31,-9.824718231779107
WDI:FM.AST.DOMO.ZG.M3:TON,2010-12-31,-6.4783923684592635
WDI:FM.AST.DOMO.ZG.M3:TON,2011-12-31,-11.625038434046745
WDI:FM.AST.DOMO.ZG.M3:TON,2012-12-31,-0.8798697088613402
WDI:FM.AST.DOMO.ZG.M3:TON,2013-12-31,4.771254511180357
WDI:FM.AST.DOMO.ZG.M3:TON,2014-12-31,5.61109666701463
WDI:FM.AST.DOMO.ZG.M3:TON,2015-12-31,10.375648256117309
WDI:FM.AST.DOMO.ZG.M3:TON,2016-12-31,12.719871674854135
WDI:FM.AST.DOMO.ZG.M3:TON,2017-12-31,9.535833926708007
WDI:FM.AST.DOMO.ZG.M3:TON,2018-12-31,8.245367171131887
WDI:FM.AST.DOMO.ZG.M3:TON,2019-12-31,2.8676794659848226
WDI:FM.AST.DOMO.ZG.M3:TON,2020-12-31,-0.7440427377172742
WDI:FM.AST.DOMO.ZG.M3:TON,2021-12-31,-3.150150478266118
WDI:FM.AST.DOMO.ZG.M3:TON,2022-12-31,2.260137356119708
WDI:FM.AST.DOMO.ZG.M3:TON,2023-12-31,5.11903170398756
WDI:FM.AST.DOMO.ZG.M3:TON,2024-12-31,7.06518913681783
WDI:FM.AST.DOMO.ZG.M3:TON,2025-12-31,1.95485315018267
WDI:FM.AST.DOMO.ZG.M3:TTO,2002-12-31,4.464718227648257
WDI:FM.AST.DOMO.ZG.M3:TTO,2003-12-31,5.907821646296513
WDI:FM.AST.DOMO.ZG.M3:TTO,2004-12-31,12.607971356694161
WDI:FM.AST.DOMO.ZG.M3:TTO,2005-12-31,16.457346285117477
WDI:FM.AST.DOMO.ZG.M3:TTO,2006-12-31,12.098975462129975
WDI:FM.AST.DOMO.ZG.M3:TTO,2007-12-31,15.094888882093633
WDI:FM.AST.DOMO.ZG.M3:TTO,2008-12-31,2.3601989431059294
WDI:FM.AST.DOMO.ZG.M3:TTO,2009-12-31,3.7029011807925722
WDI:FM.AST.DOMO.ZG.M3:TTO,2010-12-31,-0.8228313398294123
WDI:FM.AST.DOMO.ZG.M3:TTO,2011-12-31,0.6161172019209794
WDI:FM.AST.DOMO.ZG.M3:TTO,2012-12-31,1.54854157429659
WDI:FM.AST.DOMO.ZG.M3:TTO,2013-12-31,2.315417776092563
WDI:FM.AST.DOMO.ZG.M3:TTO,2014-12-31,5.244104048125726
WDI:FM.AST.DOMO.ZG.M3:TTO,2015-12-31,4.447128286643393
WDI:FM.AST.DOMO.ZG.M3:TTO,2016-12-31,0.7318929629062502
WDI:FM.AST.DOMO.ZG.M3:TTO,2017-12-31,2.190730615475082
WDI:FM.AST.DOMO.ZG.M3:TTO,2018-12-31,3.0333437766502698
WDI:FM.AST.DOMO.ZG.M3:TTO,2019-12-31,4.223480132381832
WDI:FM.AST.DOMO.ZG.M3:TTO,2020-12-31,-1.1746131656088916
WDI:FM.AST.DOMO.ZG.M3:TTO,2021-12-31,0.4739765798333452
WDI:FM.AST.DOMO.ZG.M3:TTO,2022-12-31,3.962591186746642
WDI:FM.AST.DOMO.ZG.M3:TTO,2023-12-31,5.35153205391083
WDI:FM.AST.DOMO.ZG.M3:TTO,2024-12-31,4.6330379372423
WDI:FM.AST.DOMO.ZG.M3:TTO,2025-12-31,2.70154167342675
WDI:FM.AST.DOMO.ZG.M3:TUN,2013-12-31,6.675498192740566
WDI:FM.AST.DOMO.ZG.M3:TUN,2014-12-31,10.487400214941546
WDI:FM.AST.DOMO.ZG.M3:TUN,2015-12-31,6.851043514605057
WDI:FM.AST.DOMO.ZG.M3:TUN,2016-12-31,10.705625028017403
WDI:FM.AST.DOMO.ZG.M3:TUN,2017-12-31,13.562830739071076
WDI:FM.AST.DOMO.ZG.M3:TUN,2018-12-31,10.643078674904297
WDI:FM.AST.DOMO.ZG.M3:TUN,2019-12-31,4.072131587528262
WDI:FM.AST.DOMO.ZG.M3:TUN,2020-12-31,10.827124564402027
WDI:FM.AST.DOMO.ZG.M3:TUN,2021-12-31,5.615240582668407
WDI:FM.AST.DOMO.ZG.M3:TUN,2022-12-31,8.101457785893158
WDI:FM.AST.DOMO.ZG.M3:TUN,2023-12-31,2.56139318290466
WDI:FM.AST.DOMO.ZG.M3:TUN,2024-12-31,3.40106217710336
WDI:FM.AST.DOMO.ZG.M3:TUN,2025-12-31,2.50312125514725
WDI:FM.AST.DOMO.ZG.M3:TUR,2002-12-31,16.200843617293373
WDI:FM.AST.DOMO.ZG.M3:TUR,2003-12-31,11.65250850330742
WDI:FM.AST.DOMO.ZG.M3:TUR,2004-12-31,18.968265279019484
WDI:FM.AST.DOMO.ZG.M3:TUR,2005-12-31,25.09974529293851
WDI:FM.AST.DOMO.ZG.M3:TUR,2006-12-31,20.65780160439774
WDI:FM.AST.DOMO.ZG.M3:TUR,2007-12-31,17.821242027491802
WDI:FM.AST.DOMO.ZG.M3:TUR,2008-12-31,17.510121521186324
WDI:FM.AST.DOMO.ZG.M3:TUR,2009-12-31,9.410801892881905
WDI:FM.AST.DOMO.ZG.M3:TUR,2010-12-31,27.621743573048178
WDI:FM.AST.DOMO.ZG.M3:TUR,2011-12-31,26.199482814161684
WDI:FM.AST.DOMO.ZG.M3:TUR,2012-12-31,17.984093971136904
WDI:FM.AST.DOMO.ZG.M3:TUR,2013-12-31,34.533796545699154
WDI:FM.AST.DOMO.ZG.M3:TUR,2014-12-31,20.904584486515862
WDI:FM.AST.DOMO.ZG.M3:TUR,2015-12-31,24.263544070493
WDI:FM.AST.DOMO.ZG.M3:TUR,2016-12-31,20.847472024283693
WDI:FM.AST.DOMO.ZG.M3:TUR,2017-12-31,26.011336782561557
WDI:FM.AST.DOMO.ZG.M3:TUR,2018-12-31,19.244131018715745
WDI:FM.AST.DOMO.ZG.M3:TUR,2019-12-31,16.467621313201803
WDI:FM.AST.DOMO.ZG.M3:TUR,2020-12-31,37.258733031101784
WDI:FM.AST.DOMO.ZG.M3:TUR,2021-12-31,38.52026115023159
WDI:FM.AST.DOMO.ZG.M3:TUR,2022-12-31,52.60514887319703
WDI:FM.AST.DOMO.ZG.M3:TUR,2023-12-31,54.7994687648537
WDI:FM.AST.DOMO.ZG.M3:TUR,2024-12-31,35.0976074151048
WDI:FM.AST.DOMO.ZG.M3:TUR,2025-12-31,41.3520480371279
WDI:FM.AST.DOMO.ZG.M3:TZA,2002-12-31,12.247192203670261
WDI:FM.AST.DOMO.ZG.M3:TZA,2003-12-31,11.377550371138408
WDI:FM.AST.DOMO.ZG.M3:TZA,2004-12-31,11.522540089917245
WDI:FM.AST.DOMO.ZG.M3:TZA,2005-12-31,10.829848567026042
WDI:FM.AST.DOMO.ZG.M3:TZA,2006-12-31,15.429402786794414
WDI:FM.AST.DOMO.ZG.M3:TZA,2007-12-31,16.28583605810059
WDI:FM.AST.DOMO.ZG.M3:TZA,2008-12-31,22.57470504666931
WDI:FM.AST.DOMO.ZG.M3:TZA,2009-12-31,5.841695291187198
WDI:FM.AST.DOMO.ZG.M3:TZA,2010-12-31,11.387971205255083
WDI:FM.AST.DOMO.ZG.M3:TZA,2011-12-31,14.806141415865058
WDI:FM.AST.DOMO.ZG.M3:TZA,2012-12-31,10.659926168267432
WDI:FM.AST.DOMO.ZG.M3:TZA,2013-12-31,9.43723808948778
WDI:FM.AST.DOMO.ZG.M3:TZA,2014-12-31,12.53903318269296
WDI:FM.AST.DOMO.ZG.M3:TZA,2015-12-31,16.548873231494497
WDI:FM.AST.DOMO.ZG.M3:TZA,2016-12-31,5.047022344260663
WDI:FM.AST.DOMO.ZG.M3:TZA,2017-12-31,1.2525063104106253
WDI:FM.AST.DOMO.ZG.M3:TZA,2018-12-31,3.363684499158216
WDI:FM.AST.DOMO.ZG.M3:TZA,2019-12-31,7.623415590255221
WDI:FM.AST.DOMO.ZG.M3:TZA,2020-12-31,2.1646965607893107
WDI:FM.AST.DOMO.ZG.M3:TZA,2021-12-31,6.804123421165491
WDI:FM.AST.DOMO.ZG.M3:TZA,2022-12-31,14.550556622567704
WDI:FM.AST.DOMO.ZG.M3:TZA,2023-12-31,12.2589694704981
WDI:FM.AST.DOMO.ZG.M3:TZA,2024-12-31,9.07994130067002
WDI:FM.AST.DOMO.ZG.M3:UGA,2002-12-31,8.165176217180822
WDI:FM.AST.DOMO.ZG.M3:UGA,2003-12-31,9.046645992274469
WDI:FM.AST.DOMO.ZG.M3:UGA,2004-12-31,8.180547532811815
WDI:FM.AST.DOMO.ZG.M3:UGA,2005-12-31,5.81040722074522
WDI:FM.AST.DOMO.ZG.M3:UGA,2006-12-31,15.633658983365398
WDI:FM.AST.DOMO.ZG.M3:UGA,2007-12-31,9.481296578588799
WDI:FM.AST.DOMO.ZG.M3:UGA,2008-12-31,28.245636641767152
WDI:FM.AST.DOMO.ZG.M3:UGA,2009-12-31,10.306288469955813
WDI:FM.AST.DOMO.ZG.M3:UGA,2010-12-31,20.778277458919998
WDI:FM.AST.DOMO.ZG.M3:UGA,2011-12-31,20.867077260653218
WDI:FM.AST.DOMO.ZG.M3:UGA,2012-12-31,8.795590105287493
WDI:FM.AST.DOMO.ZG.M3:UGA,2013-12-31,4.733351812285121
WDI:FM.AST.DOMO.ZG.M3:UGA,2014-12-31,9.6328148235018
WDI:FM.AST.DOMO.ZG.M3:UGA,2015-12-31,10.115260097944844
WDI:FM.AST.DOMO.ZG.M3:UGA,2016-12-31,4.870232708336304
WDI:FM.AST.DOMO.ZG.M3:UGA,2017-12-31,4.0612878223107325
WDI:FM.AST.DOMO.ZG.M3:UGA,2018-12-31,7.374282462113962
WDI:FM.AST.DOMO.ZG.M3:UGA,2019-12-31,8.426536454738018
WDI:FM.AST.DOMO.ZG.M3:UGA,2020-12-31,4.878911897528913
WDI:FM.AST.DOMO.ZG.M3:UGA,2021-12-31,4.792366251483676
WDI:FM.AST.DOMO.ZG.M3:UGA,2022-12-31,8.35548241883999
WDI:FM.AST.DOMO.ZG.M3:UGA,2023-12-31,6.31303598287088
WDI:FM.AST.DOMO.ZG.M3:UGA,2024-12-31,4.02544702439176
WDI:FM.AST.DOMO.ZG.M3:UGA,2025-12-31,7.26887025849895
WDI:FM.AST.DOMO.ZG.M3:UKR,2002-12-31,30.902431576831606
WDI:FM.AST.DOMO.ZG.M3:UKR,2003-12-31,43.62591870395859
WDI:FM.AST.DOMO.ZG.M3:UKR,2004-12-31,23.21386185024353
WDI:FM.AST.DOMO.ZG.M3:UKR,2005-12-31,45.96674583178712
WDI:FM.AST.DOMO.ZG.M3:UKR,2006-12-31,53.00491114270739
WDI:FM.AST.DOMO.ZG.M3:UKR,2007-12-31,72.07765363266445
WDI:FM.AST.DOMO.ZG.M3:UKR,2008-12-31,78.5269711202056
WDI:FM.AST.DOMO.ZG.M3:UKR,2009-12-31,-3.4400646190432327
WDI:FM.AST.DOMO.ZG.M3:UKR,2010-12-31,2.139272860015717
WDI:FM.AST.DOMO.ZG.M3:UKR,2011-12-31,12.482295556891524
WDI:FM.AST.DOMO.ZG.M3:UKR,2012-12-31,4.6796844407589
WDI:FM.AST.DOMO.ZG.M3:UKR,2013-12-31,14.297670730078197
WDI:FM.AST.DOMO.ZG.M3:UKR,2014-12-31,12.02113182933002
WDI:FM.AST.DOMO.ZG.M3:UKR,2015-12-31,-3.2464312073650143
WDI:FM.AST.DOMO.ZG.M3:UKR,2016-12-31,-1.9896590233733042
WDI:FM.AST.DOMO.ZG.M3:UKR,2017-12-31,1.0280809007525542
WDI:FM.AST.DOMO.ZG.M3:UKR,2018-12-31,4.692613829368363
WDI:FM.AST.DOMO.ZG.M3:UKR,2019-12-31,-7.9509606466150915
WDI:FM.AST.DOMO.ZG.M3:UKR,2020-12-31,-1.7068342004984822
WDI:FM.AST.DOMO.ZG.M3:UKR,2021-12-31,4.246228009238476
WDI:FM.AST.DOMO.ZG.M3:UKR,2022-12-31,-1.8795796564943787
WDI:FM.AST.DOMO.ZG.M3:UKR,2023-12-31,-0.408237874722552
WDI:FM.AST.DOMO.ZG.M3:UKR,2024-12-31,4.30858352844813
WDI:FM.AST.DOMO.ZG.M3:UKR,2025-12-31,2.75925369150765
WDI:FM.AST.DOMO.ZG.M3:URY,2002-12-31,45.09779914944561
WDI:FM.AST.DOMO.ZG.M3:URY,2003-12-31,-27.837393102280707
WDI:FM.AST.DOMO.ZG.M3:URY,2004-12-31,-28.073361439951913
WDI:FM.AST.DOMO.ZG.M3:URY,2005-12-31,-3.112267363209344
WDI:FM.AST.DOMO.ZG.M3:URY,2006-12-31,7.89807440036717
WDI:FM.AST.DOMO.ZG.M3:URY,2007-12-31,4.537442824586183
WDI:FM.AST.DOMO.ZG.M3:URY,2008-12-31,21.879336624835556
WDI:FM.AST.DOMO.ZG.M3:URY,2009-12-31,-10.32621926173999
WDI:FM.AST.DOMO.ZG.M3:URY,2010-12-31,11.277494996885721
WDI:FM.AST.DOMO.ZG.M3:URY,2011-12-31,10.19408221776179
WDI:FM.AST.DOMO.ZG.M3:URY,2012-12-31,8.206069413997028
WDI:FM.AST.DOMO.ZG.M3:URY,2013-12-31,14.269152979350407
WDI:FM.AST.DOMO.ZG.M3:URY,2014-12-31,10.89490794413355
WDI:FM.AST.DOMO.ZG.M3:URY,2015-12-31,13.180382571392641
WDI:FM.AST.DOMO.ZG.M3:URY,2016-12-31,0.8204655030680267
WDI:FM.AST.DOMO.ZG.M3:URY,2017-12-31,0.2638277437002706
WDI:FM.AST.DOMO.ZG.M3:URY,2018-12-31,6.580898027058951
WDI:FM.AST.DOMO.ZG.M3:URY,2019-12-31,6.124961050286178
WDI:FM.AST.DOMO.ZG.M3:URY,2020-12-31,6.518513539354076
WDI:FM.AST.DOMO.ZG.M3:URY,2021-12-31,5.933810517778961
WDI:FM.AST.DOMO.ZG.M3:URY,2022-12-31,4.3377074514009495
WDI:FM.AST.DOMO.ZG.M3:URY,2023-12-31,6.79900118188266
WDI:FM.AST.DOMO.ZG.M3:URY,2024-12-31,9.37615937919697
WDI:FM.AST.DOMO.ZG.M3:URY,2025-12-31,3.8897424414014
WDI:FM.AST.DOMO.ZG.M3:USA,2002-12-31,5.04995363044821
WDI:FM.AST.DOMO.ZG.M3:USA,2003-12-31,7.493819497337011
WDI:FM.AST.DOMO.ZG.M3:USA,2004-12-31,8.655520530895357
WDI:FM.AST.DOMO.ZG.M3:USA,2005-12-31,11.472157281234475
WDI:FM.AST.DOMO.ZG.M3:USA,2006-12-31,11.016404864952795
WDI:FM.AST.DOMO.ZG.M3:USA,2007-12-31,11.030401230699546
WDI:FM.AST.DOMO.ZG.M3:USA,2008-12-31,10.118830165481222
WDI:FM.AST.DOMO.ZG.M3:USA,2009-12-31,-4.623879683199172
WDI:FM.AST.DOMO.ZG.M3:USA,2010-12-31,-2.480668926627528
WDI:FM.AST.DOMO.ZG.M3:USA,2011-12-31,-0.8155258805914593
WDI:FM.AST.DOMO.ZG.M3:USA,2012-12-31,3.7400694505487095
WDI:FM.AST.DOMO.ZG.M3:USA,2013-12-31,4.907507774338598
WDI:FM.AST.DOMO.ZG.M3:USA,2014-12-31,5.113233830402843
WDI:FM.AST.DOMO.ZG.M3:USA,2015-12-31,4.35232602873246
WDI:FM.AST.DOMO.ZG.M3:USA,2016-12-31,3.273439399759769
WDI:FM.AST.DOMO.ZG.M3:USA,2017-12-31,4.766089829998462
WDI:FM.AST.DOMO.ZG.M3:USA,2018-12-31,3.116376348498422
WDI:FM.AST.DOMO.ZG.M3:USA,2019-12-31,4.613818838064711
WDI:FM.AST.DOMO.ZG.M3:USA,2020-12-31,8.161039339529786
WDI:FM.AST.DOMO.ZG.M3:USA,2021-12-31,6.039978479793494
WDI:FM.AST.DOMO.ZG.M3:USA,2022-12-31,3.194575391898413
WDI:FM.AST.DOMO.ZG.M3:USA,2023-12-31,2.0618750795191
WDI:FM.AST.DOMO.ZG.M3:USA,2024-12-31,0.477183734160223
WDI:FM.AST.DOMO.ZG.M3:USA,2025-12-31,3.22031205219675
WDI:FM.AST.DOMO.ZG.M3:UZB,2014-12-31,23.10762302784505
WDI:FM.AST.DOMO.ZG.M3:UZB,2015-12-31,23.528528055275704
WDI:FM.AST.DOMO.ZG.M3:UZB,2016-12-31,28.916177824106473
WDI:FM.AST.DOMO.ZG.M3:UZB,2017-12-31,108.67536389822551
WDI:FM.AST.DOMO.ZG.M3:UZB,2018-12-31,78.04599453861869
WDI:FM.AST.DOMO.ZG.M3:UZB,2019-12-31,47.98514694684851
WDI:FM.AST.DOMO.ZG.M3:UZB,2020-12-31,75.35091540137836
WDI:FM.AST.DOMO.ZG.M3:UZB,2021-12-31,46.03803180564364
WDI:FM.AST.DOMO.ZG.M3:UZB,2022-12-31,48.99099212083027
WDI:FM.AST.DOMO.ZG.M3:UZB,2023-12-31,49.5491741486004
WDI:FM.AST.DOMO.ZG.M3:UZB,2024-12-31,32.7161901662905
WDI:FM.AST.DOMO.ZG.M3:UZB,2025-12-31,31.3463057725347
WDI:FM.AST.DOMO.ZG.M3:VCT,2002-12-31,2.1200158313620703
WDI:FM.AST.DOMO.ZG.M3:VCT,2003-12-31,1.1761633214327982
WDI:FM.AST.DOMO.ZG.M3:VCT,2004-12-31,6.704612007756346
WDI:FM.AST.DOMO.ZG.M3:VCT,2005-12-31,-0.3665295900322844
WDI:FM.AST.DOMO.ZG.M3:VCT,2006-12-31,11.513471714190997
WDI:FM.AST.DOMO.ZG.M3:VCT,2007-12-31,9.188895097301124
WDI:FM.AST.DOMO.ZG.M3:VCT,2008-12-31,5.3207995084354005
WDI:FM.AST.DOMO.ZG.M3:VCT,2009-12-31,-0.49466013405279835
WDI:FM.AST.DOMO.ZG.M3:VCT,2010-12-31,-2.344739197266947
WDI:FM.AST.DOMO.ZG.M3:VCT,2011-12-31,1.542602325133478
WDI:FM.AST.DOMO.ZG.M3:VCT,2012-12-31,2.930228285801944
WDI:FM.AST.DOMO.ZG.M3:VCT,2013-12-31,0.8249179434013199
WDI:FM.AST.DOMO.ZG.M3:VCT,2014-12-31,-0.29030906076464824
WDI:FM.AST.DOMO.ZG.M3:VCT,2015-12-31,1.5032207684020975
WDI:FM.AST.DOMO.ZG.M3:VCT,2016-12-31,0.7856699221161445
WDI:FM.AST.DOMO.ZG.M3:VCT,2017-12-31,0.9243470023007173
WDI:FM.AST.DOMO.ZG.M3:VCT,2018-12-31,0.10374576826471552
WDI:FM.AST.DOMO.ZG.M3:VCT,2019-12-31,-0.06586034526456236
WDI:FM.AST.DOMO.ZG.M3:VCT,2020-12-31,1.4050950966746705
WDI:FM.AST.DOMO.ZG.M3:VCT,2021-12-31,0.024643021289435213
WDI:FM.AST.DOMO.ZG.M3:VCT,2022-12-31,-0.6023105384885629
WDI:FM.AST.DOMO.ZG.M3:VCT,2023-12-31,1.85130959594936
WDI:FM.AST.DOMO.ZG.M3:VCT,2024-12-31,0.141679147661968
WDI:FM.AST.DOMO.ZG.M3:VCT,2025-12-31,5.76633726310473
WDI:FM.AST.DOMO.ZG.M3:VEN,2002-12-31,-0.08053658133693309
WDI:FM.AST.DOMO.ZG.M3:VEN,2003-12-31,6.094607052565936
WDI:FM.AST.DOMO.ZG.M3:VEN,2004-12-31,32.24972034402537
WDI:FM.AST.DOMO.ZG.M3:VEN,2005-12-31,34.825224090441395
WDI:FM.AST.DOMO.ZG.M3:VEN,2006-12-31,38.41535251432745
WDI:FM.AST.DOMO.ZG.M3:VEN,2007-12-31,40.30812137178555
WDI:FM.AST.DOMO.ZG.M3:VEN,2008-12-31,17.613726006223764
WDI:FM.AST.DOMO.ZG.M3:VEN,2009-12-31,12.451239040774082
WDI:FM.AST.DOMO.ZG.M3:VEN,2010-12-31,19.025921182586917
WDI:FM.AST.DOMO.ZG.M3:VEN,2011-12-31,52.37954898683117
WDI:FM.AST.DOMO.ZG.M3:VEN,2012-12-31,51.77468373813596
WDI:FM.AST.DOMO.ZG.M3:VEN,2013-12-31,75.38816085425294
WDI:FM.AST.DOMO.ZG.M3:VUT,2002-12-31,2.922181551937483
WDI:FM.AST.DOMO.ZG.M3:VUT,2003-12-31,2.6927120293230713
WDI:FM.AST.DOMO.ZG.M3:VUT,2004-12-31,4.094478369824539
WDI:FM.AST.DOMO.ZG.M3:VUT,2005-12-31,6.7259565592186465
WDI:FM.AST.DOMO.ZG.M3:VUT,2006-12-31,4.397302938907843
WDI:FM.AST.DOMO.ZG.M3:VUT,2007-12-31,5.5428521150043055
WDI:FM.AST.DOMO.ZG.M3:VUT,2008-12-31,18.537924390237023
WDI:FM.AST.DOMO.ZG.M3:VUT,2009-12-31,13.515666931679302
WDI:FM.AST.DOMO.ZG.M3:VUT,2010-12-31,4.830963617581222
WDI:FM.AST.DOMO.ZG.M3:VUT,2011-12-31,7.414538236818384
WDI:FM.AST.DOMO.ZG.M3:VUT,2012-12-31,5.653724163621844
WDI:FM.AST.DOMO.ZG.M3:VUT,2013-12-31,2.3267922046128655
WDI:FM.AST.DOMO.ZG.M3:VUT,2014-12-31,10.042276114862279
WDI:FM.AST.DOMO.ZG.M3:VUT,2015-12-31,1.5265889264075796
WDI:FM.AST.DOMO.ZG.M3:VUT,2016-12-31,1.3158561827712258
WDI:FM.AST.DOMO.ZG.M3:VUT,2017-12-31,3.6482818353888447
WDI:FM.AST.DOMO.ZG.M3:VUT,2018-12-31,0.7320540474710379
WDI:FM.AST.DOMO.ZG.M3:VUT,2019-12-31,1.7624489283455071
WDI:FM.AST.DOMO.ZG.M3:VUT,2020-12-31,-0.49042134562475115
WDI:FM.AST.DOMO.ZG.M3:VUT,2021-12-31,0.9193998148762739
WDI:FM.AST.DOMO.ZG.M3:VUT,2022-12-31,3.7650970941992257
WDI:FM.AST.DOMO.ZG.M3:VUT,2023-12-31,3.63074692059958
WDI:FM.AST.DOMO.ZG.M3:VUT,2024-12-31,3.19679439120166
WDI:FM.AST.DOMO.ZG.M3:WSM,2002-12-31,9.72953644106365
WDI:FM.AST.DOMO.ZG.M3:WSM,2003-12-31,5.966847569608306
WDI:FM.AST.DOMO.ZG.M3:WSM,2004-12-31,9.2734943189171
WDI:FM.AST.DOMO.ZG.M3:WSM,2005-12-31,20.684794036127307
WDI:FM.AST.DOMO.ZG.M3:WSM,2006-12-31,23.35716204210657
WDI:FM.AST.DOMO.ZG.M3:WSM,2007-12-31,9.790306321687721
WDI:FM.AST.DOMO.ZG.M3:WSM,2008-12-31,11.971889751540091
WDI:FM.AST.DOMO.ZG.M3:WSM,2009-12-31,3.4839509973194516
WDI:FM.AST.DOMO.ZG.M3:WSM,2010-12-31,4.158038772357906
WDI:FM.AST.DOMO.ZG.M3:WSM,2011-12-31,8.065203214405924
WDI:FM.AST.DOMO.ZG.M3:WSM,2012-12-31,-1.122388377474353
WDI:FM.AST.DOMO.ZG.M3:WSM,2013-12-31,5.17666895949666
WDI:FM.AST.DOMO.ZG.M3:WSM,2014-12-31,12.918847939776114
WDI:FM.AST.DOMO.ZG.M3:WSM,2015-12-31,8.146827528940555
WDI:FM.AST.DOMO.ZG.M3:WSM,2016-12-31,15.091206603309715
WDI:FM.AST.DOMO.ZG.M3:WSM,2017-12-31,4.719497014578982
WDI:FM.AST.DOMO.ZG.M3:WSM,2018-12-31,4.221912519870194
WDI:FM.AST.DOMO.ZG.M3:WSM,2019-12-31,4.68013703301135
WDI:FM.AST.DOMO.ZG.M3:WSM,2020-12-31,-0.4138824409730743
WDI:FM.AST.DOMO.ZG.M3:WSM,2021-12-31,0.14185259660646368
WDI:FM.AST.DOMO.ZG.M3:WSM,2022-12-31,-1.445614663382535
WDI:FM.AST.DOMO.ZG.M3:WSM,2023-12-31,-2.653084220399479
WDI:FM.AST.DOMO.ZG.M3:WSM,2024-12-31,4.683963829882381
WDI:FM.AST.DOMO.ZG.M3:XKX,2002-12-31,12.124146220089319
WDI:FM.AST.DOMO.ZG.M3:XKX,2003-12-31,33.34502609604288
WDI:FM.AST.DOMO.ZG.M3:XKX,2004-12-31,26.751559226569327
WDI:FM.AST.DOMO.ZG.M3:XKX,2005-12-31,19.48413119698627
WDI:FM.AST.DOMO.ZG.M3:XKX,2006-12-31,14.184510339583012
WDI:FM.AST.DOMO.ZG.M3:XKX,2007-12-31,27.990095537089278
WDI:FM.AST.DOMO.ZG.M3:XKX,2008-12-31,25.859251764065387
WDI:FM.AST.DOMO.ZG.M3:XKX,2009-12-31,7.610562896085232
WDI:FM.AST.DOMO.ZG.M3:XKX,2010-12-31,10.925155367870213
WDI:FM.AST.DOMO.ZG.M3:XKX,2011-12-31,11.943445332325386
WDI:FM.AST.DOMO.ZG.M3:XKX,2012-12-31,3.965496961811087
WDI:FM.AST.DOMO.ZG.M3:XKX,2013-12-31,2.212470896482121
WDI:FM.AST.DOMO.ZG.M3:XKX,2014-12-31,4.023620009141801
WDI:FM.AST.DOMO.ZG.M3:XKX,2015-12-31,5.993350274497085
WDI:FM.AST.DOMO.ZG.M3:XKX,2016-12-31,8.664758527668818
WDI:FM.AST.DOMO.ZG.M3:XKX,2017-12-31,9.659339344486547
WDI:FM.AST.DOMO.ZG.M3:XKX,2018-12-31,9.611486441484534
WDI:FM.AST.DOMO.ZG.M3:XKX,2019-12-31,9.07839775490644
WDI:FM.AST.DOMO.ZG.M3:XKX,2020-12-31,6.2764532151623875
WDI:FM.AST.DOMO.ZG.M3:XKX,2021-12-31,12.714262325024178
WDI:FM.AST.DOMO.ZG.M3:XKX,2022-12-31,13.565266096110397
WDI:FM.AST.DOMO.ZG.M3:XKX,2023-12-31,11.4183797939948
WDI:FM.AST.DOMO.ZG.M3:XKX,2024-12-31,16.3373177897459
WDI:FM.AST.DOMO.ZG.M3:ZAF,2002-12-31,-11.791944747412858
WDI:FM.AST.DOMO.ZG.M3:ZAF,2003-12-31,20.097160087599082
WDI:FM.AST.DOMO.ZG.M3:ZAF,2004-12-31,12.994153866921033
WDI:FM.AST.DOMO.ZG.M3:ZAF,2005-12-31,20.93430725879577
WDI:FM.AST.DOMO.ZG.M3:ZAF,2006-12-31,27.17138685517716
WDI:FM.AST.DOMO.ZG.M3:ZAF,2007-12-31,23.233234940661518
WDI:FM.AST.DOMO.ZG.M3:ZAF,2008-12-31,15.93885660799199
WDI:FM.AST.DOMO.ZG.M3:ZAF,2009-12-31,0.12436303554928596
WDI:FM.AST.DOMO.ZG.M3:ZAF,2010-12-31,6.821147093905416
WDI:FM.AST.DOMO.ZG.M3:ZAF,2011-12-31,5.883753629624426
WDI:FM.AST.DOMO.ZG.M3:ZAF,2012-12-31,10.679673395318096
WDI:FM.AST.DOMO.ZG.M3:ZAF,2013-12-31,6.410423651788212
WDI:FM.AST.DOMO.ZG.M3:ZAF,2014-12-31,9.54247997648106
WDI:FM.AST.DOMO.ZG.M3:ZAF,2015-12-31,11.84159701059886
WDI:FM.AST.DOMO.ZG.M3:ZAF,2016-12-31,5.029245374047922
WDI:FM.AST.DOMO.ZG.M3:ZAF,2017-12-31,6.375293929485492
WDI:FM.AST.DOMO.ZG.M3:ZAF,2018-12-31,6.900673677671254
WDI:FM.AST.DOMO.ZG.M3:ZAF,2019-12-31,6.440565641505495
WDI:FM.AST.DOMO.ZG.M3:ZAF,2020-12-31,5.139615805564414
WDI:FM.AST.DOMO.ZG.M3:ZAF,2021-12-31,3.622753292766921
WDI:FM.AST.DOMO.ZG.M3:ZAF,2022-12-31,7.513405640242469
WDI:FM.AST.DOMO.ZG.M3:ZAF,2023-12-31,4.90464917657311
WDI:FM.AST.DOMO.ZG.M3:ZAF,2024-12-31,5.02740887909242
WDI:FM.AST.DOMO.ZG.M3:ZAF,2025-12-31,8.45245394231377
WDI:FM.AST.DOMO.ZG.M3:ZMB,2002-12-31,-11.420147529470556
WDI:FM.AST.DOMO.ZG.M3:ZMB,2003-12-31,11.6727555706619
WDI:FM.AST.DOMO.ZG.M3:ZMB,2004-12-31,17.621600593680633
WDI:FM.AST.DOMO.ZG.M3:ZMB,2005-12-31,7.940903943530985
WDI:FM.AST.DOMO.ZG.M3:ZMB,2006-12-31,22.686587970112083
WDI:FM.AST.DOMO.ZG.M3:ZMB,2007-12-31,22.564359097307083
WDI:FM.AST.DOMO.ZG.M3:ZMB,2008-12-31,24.592324325886803
WDI:FM.AST.DOMO.ZG.M3:ZMB,2009-12-31,-3.424035905129471
WDI:FM.AST.DOMO.ZG.M3:ZMB,2010-12-31,8.171126166099343
WDI:FM.AST.DOMO.ZG.M3:ZMB,2011-12-31,14.009295203168799
WDI:FM.AST.DOMO.ZG.M3:ZMB,2012-12-31,22.228715449113434
WDI:FM.AST.DOMO.ZG.M3:ZMB,2013-12-31,6.115835943750562
WDI:FM.AST.DOMO.ZG.M3:ZMB,2014-12-31,15.257743614868202
WDI:FM.AST.DOMO.ZG.M3:ZMB,2015-12-31,19.135482288579492
WDI:FM.AST.DOMO.ZG.M3:ZMB,2016-12-31,-5.843799400655138
WDI:FM.AST.DOMO.ZG.M3:ZMB,2017-12-31,3.4303020928120467
WDI:FM.AST.DOMO.ZG.M3:ZMB,2018-12-31,9.170502796089558
WDI:FM.AST.DOMO.ZG.M3:ZMB,2019-12-31,8.654028494617444
WDI:FM.AST.DOMO.ZG.M3:ZMB,2020-12-31,4.987157469780984
WDI:FM.AST.DOMO.ZG.M3:ZMB,2021-12-31,-3.30977311533216
WDI:FM.AST.DOMO.ZG.M3:ZMB,2022-12-31,12.739947916223791
WDI:FM.AST.DOMO.ZG.M3:ZMB,2023-12-31,18.4765294406986
WDI:FM.AST.DOMO.ZG.M3:ZMB,2024-12-31,8.90742441876526
WDI:FM.AST.DOMO.ZG.M3:ZMB,2025-12-31,6.96840757056276
WDI:FM.AST.DOMO.ZG.M3:ZWE,2010-12-31,70.77015798916891
WDI:FM.AST.DOMO.ZG.M3:ZWE,2011-12-31,49.27596773905574
WDI:FM.AST.DOMO.ZG.M3:ZWE,2012-12-31,27.884364313907703
WDI:FM.AST.DOMO.ZG.M3:ZWE,2013-12-31,2.642980391588809
WDI:FM.AST.DOMO.ZG.M3:ZWE,2014-12-31,3.9519399726218656
WDI:FM.AST.DOMO.ZG.M3:ZWE,2015-12-31,2.0110510139129545
WDI:FM.AST.DOMO.ZG.M3:ZWE,2016-12-31,-1.5284068153145416
WDI:FM.AST.DOMO.ZG.M3:ZWE,2017-12-31,9.510586769713113
WDI:FM.AST.DOMO.ZG.M3:ZWE,2018-12-31,6.144336888393041
WDI:FM.AST.DOMO.ZG.M3:ZWE,2019-12-31,97.22618873619516
WDI:FM.AST.DOMO.ZG.M3:ZWE,2020-12-31,199.10150125093622
WDI:FM.AST.DOMO.ZG.M3:ZWE,2021-12-31,71.94762747985656
WDI:FM.AST.DOMO.ZG.M3:ZWE,2022-12-31,220.42035933556159
WDI:FM.AST.DOMO.ZG.M3:ZWE,2023-12-31,438.720355638377
