series_id,obs_date,value
WDI:EN.GHG.N2O.AG.MT.CE.AR5:ABW,1970-12-31,0.0
WDI:EN.GHG.N2O.AG.MT.CE.AR5:ABW,1971-12-31,0.0
WDI:EN.GHG.N2O.AG.MT.CE.AR5:ABW,1972-12-31,0.0
WDI:EN.GHG.N2O.AG.MT.CE.AR5:ABW,1973-12-31,0.0
WDI:EN.GHG.N2O.AG.MT.CE.AR5:ABW,1974-12-31,0.0
WDI:EN.GHG.N2O.AG.MT.CE.AR5:ABW,1975-12-31,0.0
WDI:EN.GHG.N2O.AG.MT.CE.AR5:ABW,1976-12-31,0.0
WDI:EN.GHG.N2O.AG.MT.CE.AR5:ABW,1977-12-31,0.0
WDI:EN.GHG.N2O.AG.MT.CE.AR5:ABW,1978-12-31,0.0
WDI:EN.GHG.N2O.AG.MT.CE.AR5:ABW,1979-12-31,0.0
WDI:EN.GHG.N2O.AG.MT.CE.AR5:ABW,1980-12-31,0.0
WDI:EN.GHG.N2O.AG.MT.CE.AR5:ABW,1981-12-31,0.0
WDI:EN.GHG.N2O.AG.MT.CE.AR5:ABW,1982-12-31,0.0
WDI:EN.GHG.N2O.AG.MT.CE.AR5:ABW,1983-12-31,0.0
WDI:EN.GHG.N2O.AG.MT.CE.AR5:ABW,1984-12-31,0.0
WDI:EN.GHG.N2O.AG.MT.CE.AR5:ABW,1985-12-31,0.0
WDI:EN.GHG.N2O.AG.MT.CE.AR5:ABW,1986-12-31,0.0
WDI:EN.GHG.N2O.AG.MT.CE.AR5:ABW,1987-12-31,0.0
WDI:EN.GHG.N2O.AG.MT.CE.AR5:ABW,1988-12-31,0.0
WDI:EN.GHG.N2O.AG.MT.CE.AR5:ABW,1989-12-31,0.0
WDI:EN.GHG.N2O.AG.MT.CE.AR5:ABW,1990-12-31,0.0009
WDI:EN.GHG.N2O.AG.MT.CE.AR5:ABW,1991-12-31,0.0009
WDI:EN.GHG.N2O.AG.MT.CE.AR5:ABW,1992-12-31,0.0009
WDI:EN.GHG.N2O.AG.MT.CE.AR5:ABW,1993-12-31,0.0009
WDI:EN.GHG.N2O.AG.MT.CE.AR5:ABW,1994-12-31,0.001
WDI:EN.GHG.N2O.AG.MT.CE.AR5:ABW,1995-12-31,0.001
WDI:EN.GHG.N2O.AG.MT.CE.AR5:ABW,1996-12-31,0.0009
WDI:EN.GHG.N2O.AG.MT.CE.AR5:ABW,1997-12-31,0.001
WDI:EN.GHG.N2O.AG.MT.CE.AR5:ABW,1998-12-31,0.001
WDI:EN.GHG.N2O.AG.MT.CE.AR5:ABW,1999-12-31,0.001
WDI:EN.GHG.N2O.AG.MT.CE.AR5:ABW,2000-12-31,0.001
WDI:EN.GHG.N2O.AG.MT.CE.AR5:ABW,2001-12-31,0.001
WDI:EN.GHG.N2O.AG.MT.CE.AR5:ABW,2002-12-31,0.001
WDI:EN.GHG.N2O.AG.MT.CE.AR5:ABW,2003-12-31,0.001
WDI:EN.GHG.N2O.AG.MT.CE.AR5:ABW,2004-12-31,0.001
WDI:EN.GHG.N2O.AG.MT.CE.AR5:ABW,2005-12-31,0.001
WDI:EN.GHG.N2O.AG.MT.CE.AR5:ABW,2006-12-31,0.001
WDI:EN.GHG.N2O.AG.MT.CE.AR5:ABW,2007-12-31,0.001
WDI:EN.GHG.N2O.AG.MT.CE.AR5:ABW,2008-12-31,0.001
WDI:EN.GHG.N2O.AG.MT.CE.AR5:ABW,2009-12-31,0.001
WDI:EN.GHG.N2O.AG.MT.CE.AR5:ABW,2010-12-31,0.001
WDI:EN.GHG.N2O.AG.MT.CE.AR5:ABW,2011-12-31,0.001
WDI:EN.GHG.N2O.AG.MT.CE.AR5:ABW,2012-12-31,0.001
WDI:EN.GHG.N2O.AG.MT.CE.AR5:ABW,2013-12-31,0.001
WDI:EN.GHG.N2O.AG.MT.CE.AR5:ABW,2014-12-31,0.001
WDI:EN.GHG.N2O.AG.MT.CE.AR5:ABW,2015-12-31,0.001
WDI:EN.GHG.N2O.AG.MT.CE.AR5:ABW,2016-12-31,0.001
WDI:EN.GHG.N2O.AG.MT.CE.AR5:ABW,2017-12-31,0.001
WDI:EN.GHG.N2O.AG.MT.CE.AR5:ABW,2018-12-31,0.001
WDI:EN.GHG.N2O.AG.MT.CE.AR5:ABW,2019-12-31,0.001
WDI:EN.GHG.N2O.AG.MT.CE.AR5:ABW,2020-12-31,0.001
WDI:EN.GHG.N2O.AG.MT.CE.AR5:ABW,2021-12-31,0.001
WDI:EN.GHG.N2O.AG.MT.CE.AR5:ABW,2022-12-31,0.001
WDI:EN.GHG.N2O.AG.MT.CE.AR5:ABW,2023-12-31,0.001
WDI:EN.GHG.N2O.AG.MT.CE.AR5:ABW,2024-12-31,0.001
WDI:EN.GHG.N2O.AG.MT.CE.AR5:AFE,1970-12-31,59.287099999999995
WDI:EN.GHG.N2O.AG.MT.CE.AR5:AFE,1971-12-31,59.743
WDI:EN.GHG.N2O.AG.MT.CE.AR5:AFE,1972-12-31,60.56999999999999
WDI:EN.GHG.N2O.AG.MT.CE.AR5:AFE,1973-12-31,61.379
WDI:EN.GHG.N2O.AG.MT.CE.AR5:AFE,1974-12-31,62.37199999999999
WDI:EN.GHG.N2O.AG.MT.CE.AR5:AFE,1975-12-31,63.575
WDI:EN.GHG.N2O.AG.MT.CE.AR5:AFE,1976-12-31,63.88759999999999
WDI:EN.GHG.N2O.AG.MT.CE.AR5:AFE,1977-12-31,65.09680000000002
WDI:EN.GHG.N2O.AG.MT.CE.AR5:AFE,1978-12-31,66.85000000000001
WDI:EN.GHG.N2O.AG.MT.CE.AR5:AFE,1979-12-31,68.736
WDI:EN.GHG.N2O.AG.MT.CE.AR5:AFE,1980-12-31,69.10369999999999
WDI:EN.GHG.N2O.AG.MT.CE.AR5:AFE,1981-12-31,70.2185
WDI:EN.GHG.N2O.AG.MT.CE.AR5:AFE,1982-12-31,71.4517
WDI:EN.GHG.N2O.AG.MT.CE.AR5:AFE,1983-12-31,71.55650000000001
WDI:EN.GHG.N2O.AG.MT.CE.AR5:AFE,1984-12-31,71.55080000000001
WDI:EN.GHG.N2O.AG.MT.CE.AR5:AFE,1985-12-31,72.4626
WDI:EN.GHG.N2O.AG.MT.CE.AR5:AFE,1986-12-31,73.0042
WDI:EN.GHG.N2O.AG.MT.CE.AR5:AFE,1987-12-31,71.7498
WDI:EN.GHG.N2O.AG.MT.CE.AR5:AFE,1988-12-31,73.72979999999998
WDI:EN.GHG.N2O.AG.MT.CE.AR5:AFE,1989-12-31,75.42580000000001
WDI:EN.GHG.N2O.AG.MT.CE.AR5:AFE,1990-12-31,76.9013
WDI:EN.GHG.N2O.AG.MT.CE.AR5:AFE,1991-12-31,75.9947
WDI:EN.GHG.N2O.AG.MT.CE.AR5:AFE,1992-12-31,77.57220000000002
WDI:EN.GHG.N2O.AG.MT.CE.AR5:AFE,1993-12-31,77.02560000000003
WDI:EN.GHG.N2O.AG.MT.CE.AR5:AFE,1994-12-31,78.29260000000001
WDI:EN.GHG.N2O.AG.MT.CE.AR5:AFE,1995-12-31,79.49369999999999
WDI:EN.GHG.N2O.AG.MT.CE.AR5:AFE,1996-12-31,81.4597
WDI:EN.GHG.N2O.AG.MT.CE.AR5:AFE,1997-12-31,83.55909999999999
WDI:EN.GHG.N2O.AG.MT.CE.AR5:AFE,1998-12-31,85.90360000000003
WDI:EN.GHG.N2O.AG.MT.CE.AR5:AFE,1999-12-31,88.64430000000002
WDI:EN.GHG.N2O.AG.MT.CE.AR5:AFE,2000-12-31,88.5762
WDI:EN.GHG.N2O.AG.MT.CE.AR5:AFE,2001-12-31,90.37960000000001
WDI:EN.GHG.N2O.AG.MT.CE.AR5:AFE,2002-12-31,92.27790000000002
WDI:EN.GHG.N2O.AG.MT.CE.AR5:AFE,2003-12-31,93.00799999999998
WDI:EN.GHG.N2O.AG.MT.CE.AR5:AFE,2004-12-31,95.07170000000002
WDI:EN.GHG.N2O.AG.MT.CE.AR5:AFE,2005-12-31,97.96270000000001
WDI:EN.GHG.N2O.AG.MT.CE.AR5:AFE,2006-12-31,99.18739999999997
WDI:EN.GHG.N2O.AG.MT.CE.AR5:AFE,2007-12-31,105.852
WDI:EN.GHG.N2O.AG.MT.CE.AR5:AFE,2008-12-31,109.749
WDI:EN.GHG.N2O.AG.MT.CE.AR5:AFE,2009-12-31,111.80879999999999
WDI:EN.GHG.N2O.AG.MT.CE.AR5:AFE,2010-12-31,115.1151
WDI:EN.GHG.N2O.AG.MT.CE.AR5:AFE,2011-12-31,115.5119
WDI:EN.GHG.N2O.AG.MT.CE.AR5:AFE,2012-12-31,119.61240000000002
WDI:EN.GHG.N2O.AG.MT.CE.AR5:AFE,2013-12-31,122.31800000000001
WDI:EN.GHG.N2O.AG.MT.CE.AR5:AFE,2014-12-31,124.64049999999999
WDI:EN.GHG.N2O.AG.MT.CE.AR5:AFE,2015-12-31,125.15289999999999
WDI:EN.GHG.N2O.AG.MT.CE.AR5:AFE,2016-12-31,128.78130000000002
WDI:EN.GHG.N2O.AG.MT.CE.AR5:AFE,2017-12-31,129.267
WDI:EN.GHG.N2O.AG.MT.CE.AR5:AFE,2018-12-31,130.60989999999998
WDI:EN.GHG.N2O.AG.MT.CE.AR5:AFE,2019-12-31,135.2627
WDI:EN.GHG.N2O.AG.MT.CE.AR5:AFE,2020-12-31,140.8279
WDI:EN.GHG.N2O.AG.MT.CE.AR5:AFE,2021-12-31,138.8777
WDI:EN.GHG.N2O.AG.MT.CE.AR5:AFE,2022-12-31,141.8525
WDI:EN.GHG.N2O.AG.MT.CE.AR5:AFE,2023-12-31,146.4704
WDI:EN.GHG.N2O.AG.MT.CE.AR5:AFE,2024-12-31,149.6933
WDI:EN.GHG.N2O.AG.MT.CE.AR5:AFG,1970-12-31,2.4378
WDI:EN.GHG.N2O.AG.MT.CE.AR5:AFG,1971-12-31,2.4009
WDI:EN.GHG.N2O.AG.MT.CE.AR5:AFG,1972-12-31,1.8745
WDI:EN.GHG.N2O.AG.MT.CE.AR5:AFG,1973-12-31,2.0562
WDI:EN.GHG.N2O.AG.MT.CE.AR5:AFG,1974-12-31,2.2492
WDI:EN.GHG.N2O.AG.MT.CE.AR5:AFG,1975-12-31,2.4423
WDI:EN.GHG.N2O.AG.MT.CE.AR5:AFG,1976-12-31,2.5156
WDI:EN.GHG.N2O.AG.MT.CE.AR5:AFG,1977-12-31,2.4786
WDI:EN.GHG.N2O.AG.MT.CE.AR5:AFG,1978-12-31,2.4451
WDI:EN.GHG.N2O.AG.MT.CE.AR5:AFG,1979-12-31,2.375
WDI:EN.GHG.N2O.AG.MT.CE.AR5:AFG,1980-12-31,2.4102
WDI:EN.GHG.N2O.AG.MT.CE.AR5:AFG,1981-12-31,2.3766
WDI:EN.GHG.N2O.AG.MT.CE.AR5:AFG,1982-12-31,2.4297
WDI:EN.GHG.N2O.AG.MT.CE.AR5:AFG,1983-12-31,2.2844
WDI:EN.GHG.N2O.AG.MT.CE.AR5:AFG,1984-12-31,2.1669
WDI:EN.GHG.N2O.AG.MT.CE.AR5:AFG,1985-12-31,1.9872
WDI:EN.GHG.N2O.AG.MT.CE.AR5:AFG,1986-12-31,1.6712
WDI:EN.GHG.N2O.AG.MT.CE.AR5:AFG,1987-12-31,1.8111
WDI:EN.GHG.N2O.AG.MT.CE.AR5:AFG,1988-12-31,1.8859
WDI:EN.GHG.N2O.AG.MT.CE.AR5:AFG,1989-12-31,1.8766
WDI:EN.GHG.N2O.AG.MT.CE.AR5:AFG,1990-12-31,1.8395
WDI:EN.GHG.N2O.AG.MT.CE.AR5:AFG,1991-12-31,1.8922
WDI:EN.GHG.N2O.AG.MT.CE.AR5:AFG,1992-12-31,1.8625
WDI:EN.GHG.N2O.AG.MT.CE.AR5:AFG,1993-12-31,1.8829
WDI:EN.GHG.N2O.AG.MT.CE.AR5:AFG,1994-12-31,1.7115
WDI:EN.GHG.N2O.AG.MT.CE.AR5:AFG,1995-12-31,1.7962
WDI:EN.GHG.N2O.AG.MT.CE.AR5:AFG,1996-12-31,1.9903
WDI:EN.GHG.N2O.AG.MT.CE.AR5:AFG,1997-12-31,2.1937
WDI:EN.GHG.N2O.AG.MT.CE.AR5:AFG,1998-12-31,2.3683
WDI:EN.GHG.N2O.AG.MT.CE.AR5:AFG,1999-12-31,2.5916
WDI:EN.GHG.N2O.AG.MT.CE.AR5:AFG,2000-12-31,2.2309
WDI:EN.GHG.N2O.AG.MT.CE.AR5:AFG,2001-12-31,1.9857
WDI:EN.GHG.N2O.AG.MT.CE.AR5:AFG,2002-12-31,2.3362
WDI:EN.GHG.N2O.AG.MT.CE.AR5:AFG,2003-12-31,2.4233
WDI:EN.GHG.N2O.AG.MT.CE.AR5:AFG,2004-12-31,2.4067
WDI:EN.GHG.N2O.AG.MT.CE.AR5:AFG,2005-12-31,2.5109
WDI:EN.GHG.N2O.AG.MT.CE.AR5:AFG,2006-12-31,2.4665
WDI:EN.GHG.N2O.AG.MT.CE.AR5:AFG,2007-12-31,2.472
WDI:EN.GHG.N2O.AG.MT.CE.AR5:AFG,2008-12-31,2.7046
WDI:EN.GHG.N2O.AG.MT.CE.AR5:AFG,2009-12-31,2.8576
WDI:EN.GHG.N2O.AG.MT.CE.AR5:AFG,2010-12-31,3.1896
WDI:EN.GHG.N2O.AG.MT.CE.AR5:AFG,2011-12-31,3.2347
WDI:EN.GHG.N2O.AG.MT.CE.AR5:AFG,2012-12-31,3.2505
WDI:EN.GHG.N2O.AG.MT.CE.AR5:AFG,2013-12-31,3.1859
WDI:EN.GHG.N2O.AG.MT.CE.AR5:AFG,2014-12-31,3.3362
WDI:EN.GHG.N2O.AG.MT.CE.AR5:AFG,2015-12-31,3.3587
WDI:EN.GHG.N2O.AG.MT.CE.AR5:AFG,2016-12-31,3.4896
WDI:EN.GHG.N2O.AG.MT.CE.AR5:AFG,2017-12-31,3.9812
WDI:EN.GHG.N2O.AG.MT.CE.AR5:AFG,2018-12-31,3.4317
WDI:EN.GHG.N2O.AG.MT.CE.AR5:AFG,2019-12-31,3.4545
WDI:EN.GHG.N2O.AG.MT.CE.AR5:AFG,2020-12-31,3.1831
WDI:EN.GHG.N2O.AG.MT.CE.AR5:AFG,2021-12-31,3.0402
WDI:EN.GHG.N2O.AG.MT.CE.AR5:AFG,2022-12-31,3.1185
WDI:EN.GHG.N2O.AG.MT.CE.AR5:AFG,2023-12-31,3.1228
WDI:EN.GHG.N2O.AG.MT.CE.AR5:AFG,2024-12-31,3.137
WDI:EN.GHG.N2O.AG.MT.CE.AR5:AFW,1970-12-31,20.362800000000004
WDI:EN.GHG.N2O.AG.MT.CE.AR5:AFW,1971-12-31,20.8157
WDI:EN.GHG.N2O.AG.MT.CE.AR5:AFW,1972-12-31,20.640999999999995
WDI:EN.GHG.N2O.AG.MT.CE.AR5:AFW,1973-12-31,19.592999999999996
WDI:EN.GHG.N2O.AG.MT.CE.AR5:AFW,1974-12-31,19.2478
WDI:EN.GHG.N2O.AG.MT.CE.AR5:AFW,1975-12-31,20.243299999999998
WDI:EN.GHG.N2O.AG.MT.CE.AR5:AFW,1976-12-31,21.291900000000002
WDI:EN.GHG.N2O.AG.MT.CE.AR5:AFW,1977-12-31,22.247
WDI:EN.GHG.N2O.AG.MT.CE.AR5:AFW,1978-12-31,23.0621
WDI:EN.GHG.N2O.AG.MT.CE.AR5:AFW,1979-12-31,24.03009999999999
WDI:EN.GHG.N2O.AG.MT.CE.AR5:AFW,1980-12-31,25.2893
WDI:EN.GHG.N2O.AG.MT.CE.AR5:AFW,1981-12-31,26.172399999999993
WDI:EN.GHG.N2O.AG.MT.CE.AR5:AFW,1982-12-31,26.5643
WDI:EN.GHG.N2O.AG.MT.CE.AR5:AFW,1983-12-31,26.577100000000005
WDI:EN.GHG.N2O.AG.MT.CE.AR5:AFW,1984-12-31,25.157500000000006
WDI:EN.GHG.N2O.AG.MT.CE.AR5:AFW,1985-12-31,25.555500000000006
WDI:EN.GHG.N2O.AG.MT.CE.AR5:AFW,1986-12-31,26.117999999999995
WDI:EN.GHG.N2O.AG.MT.CE.AR5:AFW,1987-12-31,26.6657
WDI:EN.GHG.N2O.AG.MT.CE.AR5:AFW,1988-12-31,27.7538
WDI:EN.GHG.N2O.AG.MT.CE.AR5:AFW,1989-12-31,28.637199999999996
WDI:EN.GHG.N2O.AG.MT.CE.AR5:AFW,1990-12-31,29.2326
WDI:EN.GHG.N2O.AG.MT.CE.AR5:AFW,1991-12-31,31.55389999999999
WDI:EN.GHG.N2O.AG.MT.CE.AR5:AFW,1992-12-31,32.200199999999995
WDI:EN.GHG.N2O.AG.MT.CE.AR5:AFW,1993-12-31,33.5355
WDI:EN.GHG.N2O.AG.MT.CE.AR5:AFW,1994-12-31,34.379900000000006
WDI:EN.GHG.N2O.AG.MT.CE.AR5:AFW,1995-12-31,34.876599999999996
WDI:EN.GHG.N2O.AG.MT.CE.AR5:AFW,1996-12-31,35.992200000000004
WDI:EN.GHG.N2O.AG.MT.CE.AR5:AFW,1997-12-31,37.148399999999995
WDI:EN.GHG.N2O.AG.MT.CE.AR5:AFW,1998-12-31,38.4747
WDI:EN.GHG.N2O.AG.MT.CE.AR5:AFW,1999-12-31,39.932500000000005
WDI:EN.GHG.N2O.AG.MT.CE.AR5:AFW,2000-12-31,41.333999999999996
WDI:EN.GHG.N2O.AG.MT.CE.AR5:AFW,2001-12-31,42.8584
WDI:EN.GHG.N2O.AG.MT.CE.AR5:AFW,2002-12-31,44.04540000000001
WDI:EN.GHG.N2O.AG.MT.CE.AR5:AFW,2003-12-31,46.20220000000001
WDI:EN.GHG.N2O.AG.MT.CE.AR5:AFW,2004-12-31,47.47839999999999
WDI:EN.GHG.N2O.AG.MT.CE.AR5:AFW,2005-12-31,49.10379999999999
WDI:EN.GHG.N2O.AG.MT.CE.AR5:AFW,2006-12-31,50.6846
WDI:EN.GHG.N2O.AG.MT.CE.AR5:AFW,2007-12-31,52.209399999999995
WDI:EN.GHG.N2O.AG.MT.CE.AR5:AFW,2008-12-31,54.5655
WDI:EN.GHG.N2O.AG.MT.CE.AR5:AFW,2009-12-31,55.9575
WDI:EN.GHG.N2O.AG.MT.CE.AR5:AFW,2010-12-31,58.63530000000001
WDI:EN.GHG.N2O.AG.MT.CE.AR5:AFW,2011-12-31,60.9296
WDI:EN.GHG.N2O.AG.MT.CE.AR5:AFW,2012-12-31,62.879400000000004
WDI:EN.GHG.N2O.AG.MT.CE.AR5:AFW,2013-12-31,66.13129999999998
WDI:EN.GHG.N2O.AG.MT.CE.AR5:AFW,2014-12-31,67.5075
WDI:EN.GHG.N2O.AG.MT.CE.AR5:AFW,2015-12-31,69.65
WDI:EN.GHG.N2O.AG.MT.CE.AR5:AFW,2016-12-31,72.6914
WDI:EN.GHG.N2O.AG.MT.CE.AR5:AFW,2017-12-31,76.40389999999998
WDI:EN.GHG.N2O.AG.MT.CE.AR5:AFW,2018-12-31,78.5662
WDI:EN.GHG.N2O.AG.MT.CE.AR5:AFW,2019-12-31,81.1799
WDI:EN.GHG.N2O.AG.MT.CE.AR5:AFW,2020-12-31,82.7541
WDI:EN.GHG.N2O.AG.MT.CE.AR5:AFW,2021-12-31,87.1815
WDI:EN.GHG.N2O.AG.MT.CE.AR5:AFW,2022-12-31,88.7338
WDI:EN.GHG.N2O.AG.MT.CE.AR5:AFW,2023-12-31,90.584
WDI:EN.GHG.N2O.AG.MT.CE.AR5:AFW,2024-12-31,92.9505
WDI:EN.GHG.N2O.AG.MT.CE.AR5:AGO,1970-12-31,1.2104
WDI:EN.GHG.N2O.AG.MT.CE.AR5:AGO,1971-12-31,1.2959
WDI:EN.GHG.N2O.AG.MT.CE.AR5:AGO,1972-12-31,1.3294
WDI:EN.GHG.N2O.AG.MT.CE.AR5:AGO,1973-12-31,1.3523
WDI:EN.GHG.N2O.AG.MT.CE.AR5:AGO,1974-12-31,1.3713
WDI:EN.GHG.N2O.AG.MT.CE.AR5:AGO,1975-12-31,1.3955
WDI:EN.GHG.N2O.AG.MT.CE.AR5:AGO,1976-12-31,1.3184
WDI:EN.GHG.N2O.AG.MT.CE.AR5:AGO,1977-12-31,1.3392
WDI:EN.GHG.N2O.AG.MT.CE.AR5:AGO,1978-12-31,1.3846
WDI:EN.GHG.N2O.AG.MT.CE.AR5:AGO,1979-12-31,1.4327
WDI:EN.GHG.N2O.AG.MT.CE.AR5:AGO,1980-12-31,1.4754
WDI:EN.GHG.N2O.AG.MT.CE.AR5:AGO,1981-12-31,1.4975
WDI:EN.GHG.N2O.AG.MT.CE.AR5:AGO,1982-12-31,1.5222
WDI:EN.GHG.N2O.AG.MT.CE.AR5:AGO,1983-12-31,1.5478
WDI:EN.GHG.N2O.AG.MT.CE.AR5:AGO,1984-12-31,1.573
WDI:EN.GHG.N2O.AG.MT.CE.AR5:AGO,1985-12-31,1.5965
WDI:EN.GHG.N2O.AG.MT.CE.AR5:AGO,1986-12-31,1.6232
WDI:EN.GHG.N2O.AG.MT.CE.AR5:AGO,1987-12-31,1.5885
WDI:EN.GHG.N2O.AG.MT.CE.AR5:AGO,1988-12-31,1.5498
WDI:EN.GHG.N2O.AG.MT.CE.AR5:AGO,1989-12-31,1.5146
WDI:EN.GHG.N2O.AG.MT.CE.AR5:AGO,1990-12-31,1.5059
WDI:EN.GHG.N2O.AG.MT.CE.AR5:AGO,1991-12-31,1.5564
WDI:EN.GHG.N2O.AG.MT.CE.AR5:AGO,1992-12-31,1.6139
WDI:EN.GHG.N2O.AG.MT.CE.AR5:AGO,1993-12-31,1.5981
WDI:EN.GHG.N2O.AG.MT.CE.AR5:AGO,1994-12-31,1.577
WDI:EN.GHG.N2O.AG.MT.CE.AR5:AGO,1995-12-31,1.6043
WDI:EN.GHG.N2O.AG.MT.CE.AR5:AGO,1996-12-31,1.7498
WDI:EN.GHG.N2O.AG.MT.CE.AR5:AGO,1997-12-31,1.8635
WDI:EN.GHG.N2O.AG.MT.CE.AR5:AGO,1998-12-31,2.0218
WDI:EN.GHG.N2O.AG.MT.CE.AR5:AGO,1999-12-31,2.0184
WDI:EN.GHG.N2O.AG.MT.CE.AR5:AGO,2000-12-31,2.092
WDI:EN.GHG.N2O.AG.MT.CE.AR5:AGO,2001-12-31,2.1067
WDI:EN.GHG.N2O.AG.MT.CE.AR5:AGO,2002-12-31,2.1052
WDI:EN.GHG.N2O.AG.MT.CE.AR5:AGO,2003-12-31,2.0962
WDI:EN.GHG.N2O.AG.MT.CE.AR5:AGO,2004-12-31,2.0785
WDI:EN.GHG.N2O.AG.MT.CE.AR5:AGO,2005-12-31,2.2468
WDI:EN.GHG.N2O.AG.MT.CE.AR5:AGO,2006-12-31,2.3094
WDI:EN.GHG.N2O.AG.MT.CE.AR5:AGO,2007-12-31,2.3913
WDI:EN.GHG.N2O.AG.MT.CE.AR5:AGO,2008-12-31,2.4511
WDI:EN.GHG.N2O.AG.MT.CE.AR5:AGO,2009-12-31,2.5558
WDI:EN.GHG.N2O.AG.MT.CE.AR5:AGO,2010-12-31,2.6525
WDI:EN.GHG.N2O.AG.MT.CE.AR5:AGO,2011-12-31,2.7499
WDI:EN.GHG.N2O.AG.MT.CE.AR5:AGO,2012-12-31,2.7954
WDI:EN.GHG.N2O.AG.MT.CE.AR5:AGO,2013-12-31,2.9462
WDI:EN.GHG.N2O.AG.MT.CE.AR5:AGO,2014-12-31,3.0298
WDI:EN.GHG.N2O.AG.MT.CE.AR5:AGO,2015-12-31,3.1374
WDI:EN.GHG.N2O.AG.MT.CE.AR5:AGO,2016-12-31,3.1588
WDI:EN.GHG.N2O.AG.MT.CE.AR5:AGO,2017-12-31,3.1153
WDI:EN.GHG.N2O.AG.MT.CE.AR5:AGO,2018-12-31,3.0985
WDI:EN.GHG.N2O.AG.MT.CE.AR5:AGO,2019-12-31,3.2263
WDI:EN.GHG.N2O.AG.MT.CE.AR5:AGO,2020-12-31,3.26
WDI:EN.GHG.N2O.AG.MT.CE.AR5:AGO,2021-12-31,3.322
WDI:EN.GHG.N2O.AG.MT.CE.AR5:AGO,2022-12-31,3.3944
WDI:EN.GHG.N2O.AG.MT.CE.AR5:AGO,2023-12-31,3.3789
WDI:EN.GHG.N2O.AG.MT.CE.AR5:AGO,2024-12-31,3.4219
WDI:EN.GHG.N2O.AG.MT.CE.AR5:ALB,1970-12-31,0.6011
WDI:EN.GHG.N2O.AG.MT.CE.AR5:ALB,1971-12-31,0.5872
WDI:EN.GHG.N2O.AG.MT.CE.AR5:ALB,1972-12-31,0.5781
WDI:EN.GHG.N2O.AG.MT.CE.AR5:ALB,1973-12-31,0.5894
WDI:EN.GHG.N2O.AG.MT.CE.AR5:ALB,1974-12-31,0.6015
WDI:EN.GHG.N2O.AG.MT.CE.AR5:ALB,1975-12-31,0.6028
WDI:EN.GHG.N2O.AG.MT.CE.AR5:ALB,1976-12-31,0.6835
WDI:EN.GHG.N2O.AG.MT.CE.AR5:ALB,1977-12-31,0.7331
WDI:EN.GHG.N2O.AG.MT.CE.AR5:ALB,1978-12-31,0.8749
WDI:EN.GHG.N2O.AG.MT.CE.AR5:ALB,1979-12-31,0.895
WDI:EN.GHG.N2O.AG.MT.CE.AR5:ALB,1980-12-31,0.8925
WDI:EN.GHG.N2O.AG.MT.CE.AR5:ALB,1981-12-31,0.9333
WDI:EN.GHG.N2O.AG.MT.CE.AR5:ALB,1982-12-31,0.9263
WDI:EN.GHG.N2O.AG.MT.CE.AR5:ALB,1983-12-31,0.9521
WDI:EN.GHG.N2O.AG.MT.CE.AR5:ALB,1984-12-31,0.9711
WDI:EN.GHG.N2O.AG.MT.CE.AR5:ALB,1985-12-31,0.9497
WDI:EN.GHG.N2O.AG.MT.CE.AR5:ALB,1986-12-31,0.9753
WDI:EN.GHG.N2O.AG.MT.CE.AR5:ALB,1987-12-31,0.9698
WDI:EN.GHG.N2O.AG.MT.CE.AR5:ALB,1988-12-31,1.0155
WDI:EN.GHG.N2O.AG.MT.CE.AR5:ALB,1989-12-31,1.0948
WDI:EN.GHG.N2O.AG.MT.CE.AR5:ALB,1990-12-31,1.023
WDI:EN.GHG.N2O.AG.MT.CE.AR5:ALB,1991-12-31,0.7464
WDI:EN.GHG.N2O.AG.MT.CE.AR5:ALB,1992-12-31,0.6885
WDI:EN.GHG.N2O.AG.MT.CE.AR5:ALB,1993-12-31,0.7401
WDI:EN.GHG.N2O.AG.MT.CE.AR5:ALB,1994-12-31,0.8974
WDI:EN.GHG.N2O.AG.MT.CE.AR5:ALB,1995-12-31,0.86
WDI:EN.GHG.N2O.AG.MT.CE.AR5:ALB,1996-12-31,0.7969
WDI:EN.GHG.N2O.AG.MT.CE.AR5:ALB,1997-12-31,0.7469
WDI:EN.GHG.N2O.AG.MT.CE.AR5:ALB,1998-12-31,0.791
WDI:EN.GHG.N2O.AG.MT.CE.AR5:ALB,1999-12-31,0.7514
WDI:EN.GHG.N2O.AG.MT.CE.AR5:ALB,2000-12-31,0.7638
WDI:EN.GHG.N2O.AG.MT.CE.AR5:ALB,2001-12-31,0.7615
WDI:EN.GHG.N2O.AG.MT.CE.AR5:ALB,2002-12-31,0.8149
WDI:EN.GHG.N2O.AG.MT.CE.AR5:ALB,2003-12-31,0.7726
WDI:EN.GHG.N2O.AG.MT.CE.AR5:ALB,2004-12-31,0.8412
WDI:EN.GHG.N2O.AG.MT.CE.AR5:ALB,2005-12-31,0.7159
WDI:EN.GHG.N2O.AG.MT.CE.AR5:ALB,2006-12-31,0.7674
WDI:EN.GHG.N2O.AG.MT.CE.AR5:ALB,2007-12-31,0.7361
WDI:EN.GHG.N2O.AG.MT.CE.AR5:ALB,2008-12-31,0.6821
WDI:EN.GHG.N2O.AG.MT.CE.AR5:ALB,2009-12-31,0.6768
WDI:EN.GHG.N2O.AG.MT.CE.AR5:ALB,2010-12-31,0.6688
WDI:EN.GHG.N2O.AG.MT.CE.AR5:ALB,2011-12-31,0.6852
WDI:EN.GHG.N2O.AG.MT.CE.AR5:ALB,2012-12-31,0.754
WDI:EN.GHG.N2O.AG.MT.CE.AR5:ALB,2013-12-31,0.7034
WDI:EN.GHG.N2O.AG.MT.CE.AR5:ALB,2014-12-31,0.7701
WDI:EN.GHG.N2O.AG.MT.CE.AR5:ALB,2015-12-31,0.7896
WDI:EN.GHG.N2O.AG.MT.CE.AR5:ALB,2016-12-31,0.7768
WDI:EN.GHG.N2O.AG.MT.CE.AR5:ALB,2017-12-31,0.7586
WDI:EN.GHG.N2O.AG.MT.CE.AR5:ALB,2018-12-31,0.7371
WDI:EN.GHG.N2O.AG.MT.CE.AR5:ALB,2019-12-31,0.7606
WDI:EN.GHG.N2O.AG.MT.CE.AR5:ALB,2020-12-31,0.6855
WDI:EN.GHG.N2O.AG.MT.CE.AR5:ALB,2021-12-31,0.6575
WDI:EN.GHG.N2O.AG.MT.CE.AR5:ALB,2022-12-31,0.6178
WDI:EN.GHG.N2O.AG.MT.CE.AR5:ALB,2023-12-31,0.5841
WDI:EN.GHG.N2O.AG.MT.CE.AR5:ALB,2024-12-31,0.5545
WDI:EN.GHG.N2O.AG.MT.CE.AR5:ARB,1970-12-31,26.61039999999999
WDI:EN.GHG.N2O.AG.MT.CE.AR5:ARB,1971-12-31,26.785899999999998
WDI:EN.GHG.N2O.AG.MT.CE.AR5:ARB,1972-12-31,27.037499999999994
WDI:EN.GHG.N2O.AG.MT.CE.AR5:ARB,1973-12-31,27.125700000000002
WDI:EN.GHG.N2O.AG.MT.CE.AR5:ARB,1974-12-31,27.203699999999998
WDI:EN.GHG.N2O.AG.MT.CE.AR5:ARB,1975-12-31,28.7915
WDI:EN.GHG.N2O.AG.MT.CE.AR5:ARB,1976-12-31,29.164900000000006
WDI:EN.GHG.N2O.AG.MT.CE.AR5:ARB,1977-12-31,29.548099999999994
WDI:EN.GHG.N2O.AG.MT.CE.AR5:ARB,1978-12-31,30.7832
WDI:EN.GHG.N2O.AG.MT.CE.AR5:ARB,1979-12-31,31.8908
WDI:EN.GHG.N2O.AG.MT.CE.AR5:ARB,1980-12-31,33.7864
WDI:EN.GHG.N2O.AG.MT.CE.AR5:ARB,1981-12-31,34.5718
WDI:EN.GHG.N2O.AG.MT.CE.AR5:ARB,1982-12-31,35.6285
WDI:EN.GHG.N2O.AG.MT.CE.AR5:ARB,1983-12-31,35.9777
WDI:EN.GHG.N2O.AG.MT.CE.AR5:ARB,1984-12-31,36.736
WDI:EN.GHG.N2O.AG.MT.CE.AR5:ARB,1985-12-31,38.110200000000006
WDI:EN.GHG.N2O.AG.MT.CE.AR5:ARB,1986-12-31,38.80299999999998
WDI:EN.GHG.N2O.AG.MT.CE.AR5:ARB,1987-12-31,39.65739999999999
WDI:EN.GHG.N2O.AG.MT.CE.AR5:ARB,1988-12-31,40.7933
WDI:EN.GHG.N2O.AG.MT.CE.AR5:ARB,1989-12-31,40.9724
WDI:EN.GHG.N2O.AG.MT.CE.AR5:ARB,1990-12-31,41.4505
WDI:EN.GHG.N2O.AG.MT.CE.AR5:ARB,1991-12-31,40.528000000000006
WDI:EN.GHG.N2O.AG.MT.CE.AR5:ARB,1992-12-31,42.0083
WDI:EN.GHG.N2O.AG.MT.CE.AR5:ARB,1993-12-31,44.974199999999996
WDI:EN.GHG.N2O.AG.MT.CE.AR5:ARB,1994-12-31,45.2487
WDI:EN.GHG.N2O.AG.MT.CE.AR5:ARB,1995-12-31,46.593799999999995
WDI:EN.GHG.N2O.AG.MT.CE.AR5:ARB,1996-12-31,48.6043
WDI:EN.GHG.N2O.AG.MT.CE.AR5:ARB,1997-12-31,50.26820000000001
WDI:EN.GHG.N2O.AG.MT.CE.AR5:ARB,1998-12-31,51.7635
WDI:EN.GHG.N2O.AG.MT.CE.AR5:ARB,1999-12-31,53.038199999999975
WDI:EN.GHG.N2O.AG.MT.CE.AR5:ARB,2000-12-31,54.9831
WDI:EN.GHG.N2O.AG.MT.CE.AR5:ARB,2001-12-31,57.267299999999985
WDI:EN.GHG.N2O.AG.MT.CE.AR5:ARB,2002-12-31,59.10190000000001
WDI:EN.GHG.N2O.AG.MT.CE.AR5:ARB,2003-12-31,58.5506
WDI:EN.GHG.N2O.AG.MT.CE.AR5:ARB,2004-12-31,60.37969999999999
WDI:EN.GHG.N2O.AG.MT.CE.AR5:ARB,2005-12-31,61.73799999999999
WDI:EN.GHG.N2O.AG.MT.CE.AR5:ARB,2006-12-31,61.4554
WDI:EN.GHG.N2O.AG.MT.CE.AR5:ARB,2007-12-31,61.1065
WDI:EN.GHG.N2O.AG.MT.CE.AR5:ARB,2008-12-31,60.426899999999996
WDI:EN.GHG.N2O.AG.MT.CE.AR5:ARB,2009-12-31,61.507699999999986
WDI:EN.GHG.N2O.AG.MT.CE.AR5:ARB,2010-12-31,61.8378
WDI:EN.GHG.N2O.AG.MT.CE.AR5:ARB,2011-12-31,62.45880000000001
WDI:EN.GHG.N2O.AG.MT.CE.AR5:ARB,2012-12-31,63.4608
WDI:EN.GHG.N2O.AG.MT.CE.AR5:ARB,2013-12-31,63.67529999999999
WDI:EN.GHG.N2O.AG.MT.CE.AR5:ARB,2014-12-31,64.5344
WDI:EN.GHG.N2O.AG.MT.CE.AR5:ARB,2015-12-31,64.5174
WDI:EN.GHG.N2O.AG.MT.CE.AR5:ARB,2016-12-31,65.56
WDI:EN.GHG.N2O.AG.MT.CE.AR5:ARB,2017-12-31,64.41959999999999
WDI:EN.GHG.N2O.AG.MT.CE.AR5:ARB,2018-12-31,65.6693
WDI:EN.GHG.N2O.AG.MT.CE.AR5:ARB,2019-12-31,64.09800000000001
WDI:EN.GHG.N2O.AG.MT.CE.AR5:ARB,2020-12-31,64.25179999999999
WDI:EN.GHG.N2O.AG.MT.CE.AR5:ARB,2021-12-31,64.09949999999999
WDI:EN.GHG.N2O.AG.MT.CE.AR5:ARB,2022-12-31,65.4429
WDI:EN.GHG.N2O.AG.MT.CE.AR5:ARB,2023-12-31,64.9644
WDI:EN.GHG.N2O.AG.MT.CE.AR5:ARB,2024-12-31,65.2039
WDI:EN.GHG.N2O.AG.MT.CE.AR5:ARE,1970-12-31,0.0489
WDI:EN.GHG.N2O.AG.MT.CE.AR5:ARE,1971-12-31,0.0536
WDI:EN.GHG.N2O.AG.MT.CE.AR5:ARE,1972-12-31,0.0564
WDI:EN.GHG.N2O.AG.MT.CE.AR5:ARE,1973-12-31,0.0639
WDI:EN.GHG.N2O.AG.MT.CE.AR5:ARE,1974-12-31,0.0652
WDI:EN.GHG.N2O.AG.MT.CE.AR5:ARE,1975-12-31,0.0519
WDI:EN.GHG.N2O.AG.MT.CE.AR5:ARE,1976-12-31,0.0344
WDI:EN.GHG.N2O.AG.MT.CE.AR5:ARE,1977-12-31,0.0423
WDI:EN.GHG.N2O.AG.MT.CE.AR5:ARE,1978-12-31,0.0519
WDI:EN.GHG.N2O.AG.MT.CE.AR5:ARE,1979-12-31,0.0539
WDI:EN.GHG.N2O.AG.MT.CE.AR5:ARE,1980-12-31,0.0601
WDI:EN.GHG.N2O.AG.MT.CE.AR5:ARE,1981-12-31,0.0641
WDI:EN.GHG.N2O.AG.MT.CE.AR5:ARE,1982-12-31,0.0687
WDI:EN.GHG.N2O.AG.MT.CE.AR5:ARE,1983-12-31,0.0753
WDI:EN.GHG.N2O.AG.MT.CE.AR5:ARE,1984-12-31,0.0814
WDI:EN.GHG.N2O.AG.MT.CE.AR5:ARE,1985-12-31,0.0869
WDI:EN.GHG.N2O.AG.MT.CE.AR5:ARE,1986-12-31,0.0954
WDI:EN.GHG.N2O.AG.MT.CE.AR5:ARE,1987-12-31,0.1017
WDI:EN.GHG.N2O.AG.MT.CE.AR5:ARE,1988-12-31,0.1096
WDI:EN.GHG.N2O.AG.MT.CE.AR5:ARE,1989-12-31,0.1145
WDI:EN.GHG.N2O.AG.MT.CE.AR5:ARE,1990-12-31,0.1221
WDI:EN.GHG.N2O.AG.MT.CE.AR5:ARE,1991-12-31,0.1308
WDI:EN.GHG.N2O.AG.MT.CE.AR5:ARE,1992-12-31,0.14
WDI:EN.GHG.N2O.AG.MT.CE.AR5:ARE,1993-12-31,0.1499
WDI:EN.GHG.N2O.AG.MT.CE.AR5:ARE,1994-12-31,0.1629
WDI:EN.GHG.N2O.AG.MT.CE.AR5:ARE,1995-12-31,0.1733
WDI:EN.GHG.N2O.AG.MT.CE.AR5:ARE,1996-12-31,0.1889
WDI:EN.GHG.N2O.AG.MT.CE.AR5:ARE,1997-12-31,0.197
WDI:EN.GHG.N2O.AG.MT.CE.AR5:ARE,1998-12-31,0.207
WDI:EN.GHG.N2O.AG.MT.CE.AR5:ARE,1999-12-31,0.2238
WDI:EN.GHG.N2O.AG.MT.CE.AR5:ARE,2000-12-31,0.2361
WDI:EN.GHG.N2O.AG.MT.CE.AR5:ARE,2001-12-31,0.2487
WDI:EN.GHG.N2O.AG.MT.CE.AR5:ARE,2002-12-31,0.2625
WDI:EN.GHG.N2O.AG.MT.CE.AR5:ARE,2003-12-31,0.279
WDI:EN.GHG.N2O.AG.MT.CE.AR5:ARE,2004-12-31,0.2756
WDI:EN.GHG.N2O.AG.MT.CE.AR5:ARE,2005-12-31,0.2929
WDI:EN.GHG.N2O.AG.MT.CE.AR5:ARE,2006-12-31,0.3042
WDI:EN.GHG.N2O.AG.MT.CE.AR5:ARE,2007-12-31,0.317
WDI:EN.GHG.N2O.AG.MT.CE.AR5:ARE,2008-12-31,0.3376
WDI:EN.GHG.N2O.AG.MT.CE.AR5:ARE,2009-12-31,0.399
WDI:EN.GHG.N2O.AG.MT.CE.AR5:ARE,2010-12-31,0.3718
WDI:EN.GHG.N2O.AG.MT.CE.AR5:ARE,2011-12-31,0.3697
WDI:EN.GHG.N2O.AG.MT.CE.AR5:ARE,2012-12-31,0.3658
WDI:EN.GHG.N2O.AG.MT.CE.AR5:ARE,2013-12-31,0.4105
WDI:EN.GHG.N2O.AG.MT.CE.AR5:ARE,2014-12-31,0.4443
WDI:EN.GHG.N2O.AG.MT.CE.AR5:ARE,2015-12-31,0.4666
WDI:EN.GHG.N2O.AG.MT.CE.AR5:ARE,2016-12-31,0.4693
WDI:EN.GHG.N2O.AG.MT.CE.AR5:ARE,2017-12-31,0.4779
WDI:EN.GHG.N2O.AG.MT.CE.AR5:ARE,2018-12-31,0.482
WDI:EN.GHG.N2O.AG.MT.CE.AR5:ARE,2019-12-31,0.4778
WDI:EN.GHG.N2O.AG.MT.CE.AR5:ARE,2020-12-31,0.4839
WDI:EN.GHG.N2O.AG.MT.CE.AR5:ARE,2021-12-31,0.488
WDI:EN.GHG.N2O.AG.MT.CE.AR5:ARE,2022-12-31,0.5207
WDI:EN.GHG.N2O.AG.MT.CE.AR5:ARE,2023-12-31,0.4971
WDI:EN.GHG.N2O.AG.MT.CE.AR5:ARE,2024-12-31,0.5
WDI:EN.GHG.N2O.AG.MT.CE.AR5:ARG,1970-12-31,22.2202
WDI:EN.GHG.N2O.AG.MT.CE.AR5:ARG,1971-12-31,22.6886
WDI:EN.GHG.N2O.AG.MT.CE.AR5:ARG,1972-12-31,23.4191
WDI:EN.GHG.N2O.AG.MT.CE.AR5:ARG,1973-12-31,24.3723
WDI:EN.GHG.N2O.AG.MT.CE.AR5:ARG,1974-12-31,24.0601
WDI:EN.GHG.N2O.AG.MT.CE.AR5:ARG,1975-12-31,24.5287
WDI:EN.GHG.N2O.AG.MT.CE.AR5:ARG,1976-12-31,25.1528
WDI:EN.GHG.N2O.AG.MT.CE.AR5:ARG,1977-12-31,25.9503
WDI:EN.GHG.N2O.AG.MT.CE.AR5:ARG,1978-12-31,24.9273
WDI:EN.GHG.N2O.AG.MT.CE.AR5:ARG,1979-12-31,24.7071
WDI:EN.GHG.N2O.AG.MT.CE.AR5:ARG,1980-12-31,24.2191
WDI:EN.GHG.N2O.AG.MT.CE.AR5:ARG,1981-12-31,23.9383
WDI:EN.GHG.N2O.AG.MT.CE.AR5:ARG,1982-12-31,23.5766
WDI:EN.GHG.N2O.AG.MT.CE.AR5:ARG,1983-12-31,23.9288
WDI:EN.GHG.N2O.AG.MT.CE.AR5:ARG,1984-12-31,24.399
WDI:EN.GHG.N2O.AG.MT.CE.AR5:ARG,1985-12-31,23.9932
WDI:EN.GHG.N2O.AG.MT.CE.AR5:ARG,1986-12-31,23.7249
WDI:EN.GHG.N2O.AG.MT.CE.AR5:ARG,1987-12-31,23.2597
WDI:EN.GHG.N2O.AG.MT.CE.AR5:ARG,1988-12-31,24.0119
WDI:EN.GHG.N2O.AG.MT.CE.AR5:ARG,1989-12-31,24.1173
WDI:EN.GHG.N2O.AG.MT.CE.AR5:ARG,1990-12-31,24.5176
WDI:EN.GHG.N2O.AG.MT.CE.AR5:ARG,1991-12-31,24.2651
WDI:EN.GHG.N2O.AG.MT.CE.AR5:ARG,1992-12-31,24.5751
WDI:EN.GHG.N2O.AG.MT.CE.AR5:ARG,1993-12-31,24.0774
WDI:EN.GHG.N2O.AG.MT.CE.AR5:ARG,1994-12-31,24.8025
WDI:EN.GHG.N2O.AG.MT.CE.AR5:ARG,1995-12-31,24.683
WDI:EN.GHG.N2O.AG.MT.CE.AR5:ARG,1996-12-31,24.9517
WDI:EN.GHG.N2O.AG.MT.CE.AR5:ARG,1997-12-31,25.0759
WDI:EN.GHG.N2O.AG.MT.CE.AR5:ARG,1998-12-31,24.6109
WDI:EN.GHG.N2O.AG.MT.CE.AR5:ARG,1999-12-31,24.8264
WDI:EN.GHG.N2O.AG.MT.CE.AR5:ARG,2000-12-31,25.2087
WDI:EN.GHG.N2O.AG.MT.CE.AR5:ARG,2001-12-31,25.8506
WDI:EN.GHG.N2O.AG.MT.CE.AR5:ARG,2002-12-31,26.7312
WDI:EN.GHG.N2O.AG.MT.CE.AR5:ARG,2003-12-31,28.6076
WDI:EN.GHG.N2O.AG.MT.CE.AR5:ARG,2004-12-31,29.6531
WDI:EN.GHG.N2O.AG.MT.CE.AR5:ARG,2005-12-31,29.3375
WDI:EN.GHG.N2O.AG.MT.CE.AR5:ARG,2006-12-31,30.508
WDI:EN.GHG.N2O.AG.MT.CE.AR5:ARG,2007-12-31,31.879
WDI:EN.GHG.N2O.AG.MT.CE.AR5:ARG,2008-12-31,30.0032
WDI:EN.GHG.N2O.AG.MT.CE.AR5:ARG,2009-12-31,27.6475
WDI:EN.GHG.N2O.AG.MT.CE.AR5:ARG,2010-12-31,27.8695
WDI:EN.GHG.N2O.AG.MT.CE.AR5:ARG,2011-12-31,28.3535
WDI:EN.GHG.N2O.AG.MT.CE.AR5:ARG,2012-12-31,28.0299
WDI:EN.GHG.N2O.AG.MT.CE.AR5:ARG,2013-12-31,29.1033
WDI:EN.GHG.N2O.AG.MT.CE.AR5:ARG,2014-12-31,29.681
WDI:EN.GHG.N2O.AG.MT.CE.AR5:ARG,2015-12-31,28.8419
WDI:EN.GHG.N2O.AG.MT.CE.AR5:ARG,2016-12-31,31.2964
WDI:EN.GHG.N2O.AG.MT.CE.AR5:ARG,2017-12-31,32.3089
WDI:EN.GHG.N2O.AG.MT.CE.AR5:ARG,2018-12-31,32.5577
WDI:EN.GHG.N2O.AG.MT.CE.AR5:ARG,2019-12-31,34.0972
WDI:EN.GHG.N2O.AG.MT.CE.AR5:ARG,2020-12-31,34.6817
WDI:EN.GHG.N2O.AG.MT.CE.AR5:ARG,2021-12-31,34.7446
WDI:EN.GHG.N2O.AG.MT.CE.AR5:ARG,2022-12-31,33.9317
WDI:EN.GHG.N2O.AG.MT.CE.AR5:ARG,2023-12-31,32.7347
WDI:EN.GHG.N2O.AG.MT.CE.AR5:ARG,2024-12-31,33.3887
WDI:EN.GHG.N2O.AG.MT.CE.AR5:ARM,1970-12-31,0.3107
WDI:EN.GHG.N2O.AG.MT.CE.AR5:ARM,1971-12-31,0.3254
WDI:EN.GHG.N2O.AG.MT.CE.AR5:ARM,1972-12-31,0.3296
WDI:EN.GHG.N2O.AG.MT.CE.AR5:ARM,1973-12-31,0.3375
WDI:EN.GHG.N2O.AG.MT.CE.AR5:ARM,1974-12-31,0.3499
WDI:EN.GHG.N2O.AG.MT.CE.AR5:ARM,1975-12-31,0.3522
WDI:EN.GHG.N2O.AG.MT.CE.AR5:ARM,1976-12-31,0.3552
WDI:EN.GHG.N2O.AG.MT.CE.AR5:ARM,1977-12-31,0.3744
WDI:EN.GHG.N2O.AG.MT.CE.AR5:ARM,1978-12-31,0.3868
WDI:EN.GHG.N2O.AG.MT.CE.AR5:ARM,1979-12-31,0.3941
WDI:EN.GHG.N2O.AG.MT.CE.AR5:ARM,1980-12-31,0.3999
WDI:EN.GHG.N2O.AG.MT.CE.AR5:ARM,1981-12-31,0.3986
WDI:EN.GHG.N2O.AG.MT.CE.AR5:ARM,1982-12-31,0.3969
WDI:EN.GHG.N2O.AG.MT.CE.AR5:ARM,1983-12-31,0.4089
WDI:EN.GHG.N2O.AG.MT.CE.AR5:ARM,1984-12-31,0.4153
WDI:EN.GHG.N2O.AG.MT.CE.AR5:ARM,1985-12-31,0.4192
WDI:EN.GHG.N2O.AG.MT.CE.AR5:ARM,1986-12-31,0.4245
WDI:EN.GHG.N2O.AG.MT.CE.AR5:ARM,1987-12-31,0.43
WDI:EN.GHG.N2O.AG.MT.CE.AR5:ARM,1988-12-31,0.4118
WDI:EN.GHG.N2O.AG.MT.CE.AR5:ARM,1989-12-31,0.3931
WDI:EN.GHG.N2O.AG.MT.CE.AR5:ARM,1990-12-31,0.3878
WDI:EN.GHG.N2O.AG.MT.CE.AR5:ARM,1991-12-31,0.3698
WDI:EN.GHG.N2O.AG.MT.CE.AR5:ARM,1992-12-31,0.3478
WDI:EN.GHG.N2O.AG.MT.CE.AR5:ARM,1993-12-31,0.2915
WDI:EN.GHG.N2O.AG.MT.CE.AR5:ARM,1994-12-31,0.2782
WDI:EN.GHG.N2O.AG.MT.CE.AR5:ARM,1995-12-31,0.2622
WDI:EN.GHG.N2O.AG.MT.CE.AR5:ARM,1996-12-31,0.2618
WDI:EN.GHG.N2O.AG.MT.CE.AR5:ARM,1997-12-31,0.2346
WDI:EN.GHG.N2O.AG.MT.CE.AR5:ARM,1998-12-31,0.2312
WDI:EN.GHG.N2O.AG.MT.CE.AR5:ARM,1999-12-31,0.2188
WDI:EN.GHG.N2O.AG.MT.CE.AR5:ARM,2000-12-31,0.2204
WDI:EN.GHG.N2O.AG.MT.CE.AR5:ARM,2001-12-31,0.2224
WDI:EN.GHG.N2O.AG.MT.CE.AR5:ARM,2002-12-31,0.2329
WDI:EN.GHG.N2O.AG.MT.CE.AR5:ARM,2003-12-31,0.2204
WDI:EN.GHG.N2O.AG.MT.CE.AR5:ARM,2004-12-31,0.3078
WDI:EN.GHG.N2O.AG.MT.CE.AR5:ARM,2005-12-31,0.2968
WDI:EN.GHG.N2O.AG.MT.CE.AR5:ARM,2006-12-31,0.2263
WDI:EN.GHG.N2O.AG.MT.CE.AR5:ARM,2007-12-31,0.3253
WDI:EN.GHG.N2O.AG.MT.CE.AR5:ARM,2008-12-31,0.2793
WDI:EN.GHG.N2O.AG.MT.CE.AR5:ARM,2009-12-31,0.2706
WDI:EN.GHG.N2O.AG.MT.CE.AR5:ARM,2010-12-31,0.2535
WDI:EN.GHG.N2O.AG.MT.CE.AR5:ARM,2011-12-31,0.2583
WDI:EN.GHG.N2O.AG.MT.CE.AR5:ARM,2012-12-31,0.266
WDI:EN.GHG.N2O.AG.MT.CE.AR5:ARM,2013-12-31,0.3116
WDI:EN.GHG.N2O.AG.MT.CE.AR5:ARM,2014-12-31,0.3249
WDI:EN.GHG.N2O.AG.MT.CE.AR5:ARM,2015-12-31,0.3276
WDI:EN.GHG.N2O.AG.MT.CE.AR5:ARM,2016-12-31,0.3443
WDI:EN.GHG.N2O.AG.MT.CE.AR5:ARM,2017-12-31,0.3404
WDI:EN.GHG.N2O.AG.MT.CE.AR5:ARM,2018-12-31,0.3244
WDI:EN.GHG.N2O.AG.MT.CE.AR5:ARM,2019-12-31,0.3439
WDI:EN.GHG.N2O.AG.MT.CE.AR5:ARM,2020-12-31,0.3291
WDI:EN.GHG.N2O.AG.MT.CE.AR5:ARM,2021-12-31,0.3125
WDI:EN.GHG.N2O.AG.MT.CE.AR5:ARM,2022-12-31,0.2993
WDI:EN.GHG.N2O.AG.MT.CE.AR5:ARM,2023-12-31,0.2846
WDI:EN.GHG.N2O.AG.MT.CE.AR5:ARM,2024-12-31,0.2828
WDI:EN.GHG.N2O.AG.MT.CE.AR5:ASM,1970-12-31,0.0008
WDI:EN.GHG.N2O.AG.MT.CE.AR5:ASM,1971-12-31,0.0008
WDI:EN.GHG.N2O.AG.MT.CE.AR5:ASM,1972-12-31,0.0008
WDI:EN.GHG.N2O.AG.MT.CE.AR5:ASM,1973-12-31,0.0008
WDI:EN.GHG.N2O.AG.MT.CE.AR5:ASM,1974-12-31,0.0008
WDI:EN.GHG.N2O.AG.MT.CE.AR5:ASM,1975-12-31,0.0008
WDI:EN.GHG.N2O.AG.MT.CE.AR5:ASM,1976-12-31,0.0008
WDI:EN.GHG.N2O.AG.MT.CE.AR5:ASM,1977-12-31,0.0008
WDI:EN.GHG.N2O.AG.MT.CE.AR5:ASM,1978-12-31,0.0008
WDI:EN.GHG.N2O.AG.MT.CE.AR5:ASM,1979-12-31,0.0008
WDI:EN.GHG.N2O.AG.MT.CE.AR5:ASM,1980-12-31,0.0008
WDI:EN.GHG.N2O.AG.MT.CE.AR5:ASM,1981-12-31,0.0008
WDI:EN.GHG.N2O.AG.MT.CE.AR5:ASM,1982-12-31,0.0009
WDI:EN.GHG.N2O.AG.MT.CE.AR5:ASM,1983-12-31,0.0009
WDI:EN.GHG.N2O.AG.MT.CE.AR5:ASM,1984-12-31,0.0009
WDI:EN.GHG.N2O.AG.MT.CE.AR5:ASM,1985-12-31,0.001
WDI:EN.GHG.N2O.AG.MT.CE.AR5:ASM,1986-12-31,0.001
WDI:EN.GHG.N2O.AG.MT.CE.AR5:ASM,1987-12-31,0.001
WDI:EN.GHG.N2O.AG.MT.CE.AR5:ASM,1988-12-31,0.001
WDI:EN.GHG.N2O.AG.MT.CE.AR5:ASM,1989-12-31,0.0011
WDI:EN.GHG.N2O.AG.MT.CE.AR5:ASM,1990-12-31,0.0009
WDI:EN.GHG.N2O.AG.MT.CE.AR5:ASM,1991-12-31,0.0009
WDI:EN.GHG.N2O.AG.MT.CE.AR5:ASM,1992-12-31,0.0009
WDI:EN.GHG.N2O.AG.MT.CE.AR5:ASM,1993-12-31,0.0009
WDI:EN.GHG.N2O.AG.MT.CE.AR5:ASM,1994-12-31,0.0009
WDI:EN.GHG.N2O.AG.MT.CE.AR5:ASM,1995-12-31,0.0009
WDI:EN.GHG.N2O.AG.MT.CE.AR5:ASM,1996-12-31,0.0009
WDI:EN.GHG.N2O.AG.MT.CE.AR5:ASM,1997-12-31,0.0009
WDI:EN.GHG.N2O.AG.MT.CE.AR5:ASM,1998-12-31,0.0009
WDI:EN.GHG.N2O.AG.MT.CE.AR5:ASM,1999-12-31,0.0009
WDI:EN.GHG.N2O.AG.MT.CE.AR5:ASM,2000-12-31,0.0009
WDI:EN.GHG.N2O.AG.MT.CE.AR5:ASM,2001-12-31,0.001
WDI:EN.GHG.N2O.AG.MT.CE.AR5:ASM,2002-12-31,0.001
WDI:EN.GHG.N2O.AG.MT.CE.AR5:ASM,2003-12-31,0.001
WDI:EN.GHG.N2O.AG.MT.CE.AR5:ASM,2004-12-31,0.001
WDI:EN.GHG.N2O.AG.MT.CE.AR5:ASM,2005-12-31,0.0009
WDI:EN.GHG.N2O.AG.MT.CE.AR5:ASM,2006-12-31,0.001
WDI:EN.GHG.N2O.AG.MT.CE.AR5:ASM,2007-12-31,0.001
WDI:EN.GHG.N2O.AG.MT.CE.AR5:ASM,2008-12-31,0.001
WDI:EN.GHG.N2O.AG.MT.CE.AR5:ASM,2009-12-31,0.001
WDI:EN.GHG.N2O.AG.MT.CE.AR5:ASM,2010-12-31,0.001
WDI:EN.GHG.N2O.AG.MT.CE.AR5:ASM,2011-12-31,0.001
WDI:EN.GHG.N2O.AG.MT.CE.AR5:ASM,2012-12-31,0.001
WDI:EN.GHG.N2O.AG.MT.CE.AR5:ASM,2013-12-31,0.001
WDI:EN.GHG.N2O.AG.MT.CE.AR5:ASM,2014-12-31,0.001
WDI:EN.GHG.N2O.AG.MT.CE.AR5:ASM,2015-12-31,0.001
WDI:EN.GHG.N2O.AG.MT.CE.AR5:ASM,2016-12-31,0.001
WDI:EN.GHG.N2O.AG.MT.CE.AR5:ASM,2017-12-31,0.001
WDI:EN.GHG.N2O.AG.MT.CE.AR5:ASM,2018-12-31,0.001
WDI:EN.GHG.N2O.AG.MT.CE.AR5:ASM,2019-12-31,0.001
WDI:EN.GHG.N2O.AG.MT.CE.AR5:ASM,2020-12-31,0.001
WDI:EN.GHG.N2O.AG.MT.CE.AR5:ASM,2021-12-31,0.001
WDI:EN.GHG.N2O.AG.MT.CE.AR5:ASM,2022-12-31,0.001
WDI:EN.GHG.N2O.AG.MT.CE.AR5:ASM,2023-12-31,0.001
WDI:EN.GHG.N2O.AG.MT.CE.AR5:ASM,2024-12-31,0.001
WDI:EN.GHG.N2O.AG.MT.CE.AR5:ATG,1970-12-31,0.0048
WDI:EN.GHG.N2O.AG.MT.CE.AR5:ATG,1971-12-31,0.0054
WDI:EN.GHG.N2O.AG.MT.CE.AR5:ATG,1972-12-31,0.0048
WDI:EN.GHG.N2O.AG.MT.CE.AR5:ATG,1973-12-31,0.0048
WDI:EN.GHG.N2O.AG.MT.CE.AR5:ATG,1974-12-31,0.0044
WDI:EN.GHG.N2O.AG.MT.CE.AR5:ATG,1975-12-31,0.0044
WDI:EN.GHG.N2O.AG.MT.CE.AR5:ATG,1976-12-31,0.0044
WDI:EN.GHG.N2O.AG.MT.CE.AR5:ATG,1977-12-31,0.0046
WDI:EN.GHG.N2O.AG.MT.CE.AR5:ATG,1978-12-31,0.0054
WDI:EN.GHG.N2O.AG.MT.CE.AR5:ATG,1979-12-31,0.0067
WDI:EN.GHG.N2O.AG.MT.CE.AR5:ATG,1980-12-31,0.0076
WDI:EN.GHG.N2O.AG.MT.CE.AR5:ATG,1981-12-31,0.0074
WDI:EN.GHG.N2O.AG.MT.CE.AR5:ATG,1982-12-31,0.0078
WDI:EN.GHG.N2O.AG.MT.CE.AR5:ATG,1983-12-31,0.0079
WDI:EN.GHG.N2O.AG.MT.CE.AR5:ATG,1984-12-31,0.008
WDI:EN.GHG.N2O.AG.MT.CE.AR5:ATG,1985-12-31,0.0087
WDI:EN.GHG.N2O.AG.MT.CE.AR5:ATG,1986-12-31,0.0088
WDI:EN.GHG.N2O.AG.MT.CE.AR5:ATG,1987-12-31,0.0088
WDI:EN.GHG.N2O.AG.MT.CE.AR5:ATG,1988-12-31,0.0089
WDI:EN.GHG.N2O.AG.MT.CE.AR5:ATG,1989-12-31,0.0081
WDI:EN.GHG.N2O.AG.MT.CE.AR5:ATG,1990-12-31,0.008
WDI:EN.GHG.N2O.AG.MT.CE.AR5:ATG,1991-12-31,0.0083
WDI:EN.GHG.N2O.AG.MT.CE.AR5:ATG,1992-12-31,0.0083
WDI:EN.GHG.N2O.AG.MT.CE.AR5:ATG,1993-12-31,0.0085
WDI:EN.GHG.N2O.AG.MT.CE.AR5:ATG,1994-12-31,0.0088
WDI:EN.GHG.N2O.AG.MT.CE.AR5:ATG,1995-12-31,0.009
WDI:EN.GHG.N2O.AG.MT.CE.AR5:ATG,1996-12-31,0.0089
WDI:EN.GHG.N2O.AG.MT.CE.AR5:ATG,1997-12-31,0.0091
WDI:EN.GHG.N2O.AG.MT.CE.AR5:ATG,1998-12-31,0.0093
WDI:EN.GHG.N2O.AG.MT.CE.AR5:ATG,1999-12-31,0.0095
WDI:EN.GHG.N2O.AG.MT.CE.AR5:ATG,2000-12-31,0.0093
WDI:EN.GHG.N2O.AG.MT.CE.AR5:ATG,2001-12-31,0.0096
WDI:EN.GHG.N2O.AG.MT.CE.AR5:ATG,2002-12-31,0.0098
WDI:EN.GHG.N2O.AG.MT.CE.AR5:ATG,2003-12-31,0.01
WDI:EN.GHG.N2O.AG.MT.CE.AR5:ATG,2004-12-31,0.0102
WDI:EN.GHG.N2O.AG.MT.CE.AR5:ATG,2005-12-31,0.0102
WDI:EN.GHG.N2O.AG.MT.CE.AR5:ATG,2006-12-31,0.0102
WDI:EN.GHG.N2O.AG.MT.CE.AR5:ATG,2007-12-31,0.0102
WDI:EN.GHG.N2O.AG.MT.CE.AR5:ATG,2008-12-31,0.01
WDI:EN.GHG.N2O.AG.MT.CE.AR5:ATG,2009-12-31,0.0099
WDI:EN.GHG.N2O.AG.MT.CE.AR5:ATG,2010-12-31,0.0062
WDI:EN.GHG.N2O.AG.MT.CE.AR5:ATG,2011-12-31,0.0063
WDI:EN.GHG.N2O.AG.MT.CE.AR5:ATG,2012-12-31,0.0063
WDI:EN.GHG.N2O.AG.MT.CE.AR5:ATG,2013-12-31,0.0062
WDI:EN.GHG.N2O.AG.MT.CE.AR5:ATG,2014-12-31,0.0063
WDI:EN.GHG.N2O.AG.MT.CE.AR5:ATG,2015-12-31,0.0063
WDI:EN.GHG.N2O.AG.MT.CE.AR5:ATG,2016-12-31,0.0062
WDI:EN.GHG.N2O.AG.MT.CE.AR5:ATG,2017-12-31,0.0063
WDI:EN.GHG.N2O.AG.MT.CE.AR5:ATG,2018-12-31,0.006
WDI:EN.GHG.N2O.AG.MT.CE.AR5:ATG,2019-12-31,0.0054
WDI:EN.GHG.N2O.AG.MT.CE.AR5:ATG,2020-12-31,0.0052
WDI:EN.GHG.N2O.AG.MT.CE.AR5:ATG,2021-12-31,0.0051
WDI:EN.GHG.N2O.AG.MT.CE.AR5:ATG,2022-12-31,0.005
WDI:EN.GHG.N2O.AG.MT.CE.AR5:ATG,2023-12-31,0.0055
WDI:EN.GHG.N2O.AG.MT.CE.AR5:ATG,2024-12-31,0.0054
WDI:EN.GHG.N2O.AG.MT.CE.AR5:AUS,1970-12-31,28.5132
WDI:EN.GHG.N2O.AG.MT.CE.AR5:AUS,1971-12-31,29.7541
WDI:EN.GHG.N2O.AG.MT.CE.AR5:AUS,1972-12-31,29.8202
WDI:EN.GHG.N2O.AG.MT.CE.AR5:AUS,1973-12-31,28.3053
WDI:EN.GHG.N2O.AG.MT.CE.AR5:AUS,1974-12-31,29.9385
WDI:EN.GHG.N2O.AG.MT.CE.AR5:AUS,1975-12-31,31.1659
WDI:EN.GHG.N2O.AG.MT.CE.AR5:AUS,1976-12-31,31.5591
WDI:EN.GHG.N2O.AG.MT.CE.AR5:AUS,1977-12-31,28.966
WDI:EN.GHG.N2O.AG.MT.CE.AR5:AUS,1978-12-31,28.1381
WDI:EN.GHG.N2O.AG.MT.CE.AR5:AUS,1979-12-31,27.8324
WDI:EN.GHG.N2O.AG.MT.CE.AR5:AUS,1980-12-31,27.2985
WDI:EN.GHG.N2O.AG.MT.CE.AR5:AUS,1981-12-31,26.9556
WDI:EN.GHG.N2O.AG.MT.CE.AR5:AUS,1982-12-31,26.5381
WDI:EN.GHG.N2O.AG.MT.CE.AR5:AUS,1983-12-31,26.203
WDI:EN.GHG.N2O.AG.MT.CE.AR5:AUS,1984-12-31,26.8418
WDI:EN.GHG.N2O.AG.MT.CE.AR5:AUS,1985-12-31,27.4234
WDI:EN.GHG.N2O.AG.MT.CE.AR5:AUS,1986-12-31,28.0085
WDI:EN.GHG.N2O.AG.MT.CE.AR5:AUS,1987-12-31,27.3721
WDI:EN.GHG.N2O.AG.MT.CE.AR5:AUS,1988-12-31,28.5557
WDI:EN.GHG.N2O.AG.MT.CE.AR5:AUS,1989-12-31,29.7588
WDI:EN.GHG.N2O.AG.MT.CE.AR5:AUS,1990-12-31,31.8992
WDI:EN.GHG.N2O.AG.MT.CE.AR5:AUS,1991-12-31,31.7692
WDI:EN.GHG.N2O.AG.MT.CE.AR5:AUS,1992-12-31,30.6158
WDI:EN.GHG.N2O.AG.MT.CE.AR5:AUS,1993-12-31,30.8716
WDI:EN.GHG.N2O.AG.MT.CE.AR5:AUS,1994-12-31,31.5965
WDI:EN.GHG.N2O.AG.MT.CE.AR5:AUS,1995-12-31,30.057
WDI:EN.GHG.N2O.AG.MT.CE.AR5:AUS,1996-12-31,32.3699
WDI:EN.GHG.N2O.AG.MT.CE.AR5:AUS,1997-12-31,33.0518
WDI:EN.GHG.N2O.AG.MT.CE.AR5:AUS,1998-12-31,33.6814
WDI:EN.GHG.N2O.AG.MT.CE.AR5:AUS,1999-12-31,34.197
WDI:EN.GHG.N2O.AG.MT.CE.AR5:AUS,2000-12-31,34.8807
WDI:EN.GHG.N2O.AG.MT.CE.AR5:AUS,2001-12-31,34.762
WDI:EN.GHG.N2O.AG.MT.CE.AR5:AUS,2002-12-31,34.4585
WDI:EN.GHG.N2O.AG.MT.CE.AR5:AUS,2003-12-31,31.846
WDI:EN.GHG.N2O.AG.MT.CE.AR5:AUS,2004-12-31,34.7715
WDI:EN.GHG.N2O.AG.MT.CE.AR5:AUS,2005-12-31,34.2219
WDI:EN.GHG.N2O.AG.MT.CE.AR5:AUS,2006-12-31,33.2678
WDI:EN.GHG.N2O.AG.MT.CE.AR5:AUS,2007-12-31,31.3726
WDI:EN.GHG.N2O.AG.MT.CE.AR5:AUS,2008-12-31,30.3615
WDI:EN.GHG.N2O.AG.MT.CE.AR5:AUS,2009-12-31,30.8146
WDI:EN.GHG.N2O.AG.MT.CE.AR5:AUS,2010-12-31,30.5887
WDI:EN.GHG.N2O.AG.MT.CE.AR5:AUS,2011-12-31,32.9616
WDI:EN.GHG.N2O.AG.MT.CE.AR5:AUS,2012-12-31,33.3676
WDI:EN.GHG.N2O.AG.MT.CE.AR5:AUS,2013-12-31,34.6795
WDI:EN.GHG.N2O.AG.MT.CE.AR5:AUS,2014-12-31,34.9322
WDI:EN.GHG.N2O.AG.MT.CE.AR5:AUS,2015-12-31,33.4189
WDI:EN.GHG.N2O.AG.MT.CE.AR5:AUS,2016-12-31,32.6106
WDI:EN.GHG.N2O.AG.MT.CE.AR5:AUS,2017-12-31,35.8377
WDI:EN.GHG.N2O.AG.MT.CE.AR5:AUS,2018-12-31,32.2639
WDI:EN.GHG.N2O.AG.MT.CE.AR5:AUS,2019-12-31,30.9473
WDI:EN.GHG.N2O.AG.MT.CE.AR5:AUS,2020-12-31,31.1948
WDI:EN.GHG.N2O.AG.MT.CE.AR5:AUS,2021-12-31,35.425
WDI:EN.GHG.N2O.AG.MT.CE.AR5:AUS,2022-12-31,34.652
WDI:EN.GHG.N2O.AG.MT.CE.AR5:AUS,2023-12-31,37.945
WDI:EN.GHG.N2O.AG.MT.CE.AR5:AUS,2024-12-31,38.6181
WDI:EN.GHG.N2O.AG.MT.CE.AR5:AUT,1970-12-31,2.3479
WDI:EN.GHG.N2O.AG.MT.CE.AR5:AUT,1971-12-31,2.3917
WDI:EN.GHG.N2O.AG.MT.CE.AR5:AUT,1972-12-31,2.3581
WDI:EN.GHG.N2O.AG.MT.CE.AR5:AUT,1973-12-31,2.397
WDI:EN.GHG.N2O.AG.MT.CE.AR5:AUT,1974-12-31,2.4128
WDI:EN.GHG.N2O.AG.MT.CE.AR5:AUT,1975-12-31,2.3845
WDI:EN.GHG.N2O.AG.MT.CE.AR5:AUT,1976-12-31,2.5113
WDI:EN.GHG.N2O.AG.MT.CE.AR5:AUT,1977-12-31,2.5196
WDI:EN.GHG.N2O.AG.MT.CE.AR5:AUT,1978-12-31,2.5855
WDI:EN.GHG.N2O.AG.MT.CE.AR5:AUT,1979-12-31,2.6244
WDI:EN.GHG.N2O.AG.MT.CE.AR5:AUT,1980-12-31,2.6588
WDI:EN.GHG.N2O.AG.MT.CE.AR5:AUT,1981-12-31,2.6097
WDI:EN.GHG.N2O.AG.MT.CE.AR5:AUT,1982-12-31,2.6139
WDI:EN.GHG.N2O.AG.MT.CE.AR5:AUT,1983-12-31,2.6452
WDI:EN.GHG.N2O.AG.MT.CE.AR5:AUT,1984-12-31,2.7173
WDI:EN.GHG.N2O.AG.MT.CE.AR5:AUT,1985-12-31,2.768
WDI:EN.GHG.N2O.AG.MT.CE.AR5:AUT,1986-12-31,2.5939
WDI:EN.GHG.N2O.AG.MT.CE.AR5:AUT,1987-12-31,2.547
WDI:EN.GHG.N2O.AG.MT.CE.AR5:AUT,1988-12-31,2.6118
WDI:EN.GHG.N2O.AG.MT.CE.AR5:AUT,1989-12-31,2.4675
WDI:EN.GHG.N2O.AG.MT.CE.AR5:AUT,1990-12-31,2.5351
WDI:EN.GHG.N2O.AG.MT.CE.AR5:AUT,1991-12-31,2.5038
WDI:EN.GHG.N2O.AG.MT.CE.AR5:AUT,1992-12-31,2.4257
WDI:EN.GHG.N2O.AG.MT.CE.AR5:AUT,1993-12-31,2.3525
WDI:EN.GHG.N2O.AG.MT.CE.AR5:AUT,1994-12-31,2.3626
WDI:EN.GHG.N2O.AG.MT.CE.AR5:AUT,1995-12-31,2.3008
WDI:EN.GHG.N2O.AG.MT.CE.AR5:AUT,1996-12-31,2.3438
WDI:EN.GHG.N2O.AG.MT.CE.AR5:AUT,1997-12-31,2.319
WDI:EN.GHG.N2O.AG.MT.CE.AR5:AUT,1998-12-31,2.2933
WDI:EN.GHG.N2O.AG.MT.CE.AR5:AUT,1999-12-31,2.2657
WDI:EN.GHG.N2O.AG.MT.CE.AR5:AUT,2000-12-31,2.1862
WDI:EN.GHG.N2O.AG.MT.CE.AR5:AUT,2001-12-31,2.1918
WDI:EN.GHG.N2O.AG.MT.CE.AR5:AUT,2002-12-31,2.101
WDI:EN.GHG.N2O.AG.MT.CE.AR5:AUT,2003-12-31,2.0254
WDI:EN.GHG.N2O.AG.MT.CE.AR5:AUT,2004-12-31,2.0508
WDI:EN.GHG.N2O.AG.MT.CE.AR5:AUT,2005-12-31,2.0502
WDI:EN.GHG.N2O.AG.MT.CE.AR5:AUT,2006-12-31,2.0363
WDI:EN.GHG.N2O.AG.MT.CE.AR5:AUT,2007-12-31,2.0354
WDI:EN.GHG.N2O.AG.MT.CE.AR5:AUT,2008-12-31,1.9961
WDI:EN.GHG.N2O.AG.MT.CE.AR5:AUT,2009-12-31,1.9773
WDI:EN.GHG.N2O.AG.MT.CE.AR5:AUT,2010-12-31,2.072
WDI:EN.GHG.N2O.AG.MT.CE.AR5:AUT,2011-12-31,2.0906
WDI:EN.GHG.N2O.AG.MT.CE.AR5:AUT,2012-12-31,2.0291
WDI:EN.GHG.N2O.AG.MT.CE.AR5:AUT,2013-12-31,2.0629
WDI:EN.GHG.N2O.AG.MT.CE.AR5:AUT,2014-12-31,2.1524
WDI:EN.GHG.N2O.AG.MT.CE.AR5:AUT,2015-12-31,2.1152
WDI:EN.GHG.N2O.AG.MT.CE.AR5:AUT,2016-12-31,2.137
WDI:EN.GHG.N2O.AG.MT.CE.AR5:AUT,2017-12-31,2.0402
WDI:EN.GHG.N2O.AG.MT.CE.AR5:AUT,2018-12-31,2.0012
WDI:EN.GHG.N2O.AG.MT.CE.AR5:AUT,2019-12-31,2.0447
WDI:EN.GHG.N2O.AG.MT.CE.AR5:AUT,2020-12-31,2.0369
WDI:EN.GHG.N2O.AG.MT.CE.AR5:AUT,2021-12-31,1.9644
WDI:EN.GHG.N2O.AG.MT.CE.AR5:AUT,2022-12-31,1.9716
WDI:EN.GHG.N2O.AG.MT.CE.AR5:AUT,2023-12-31,1.9626
WDI:EN.GHG.N2O.AG.MT.CE.AR5:AUT,2024-12-31,1.9604
WDI:EN.GHG.N2O.AG.MT.CE.AR5:AZE,1970-12-31,0.9414
WDI:EN.GHG.N2O.AG.MT.CE.AR5:AZE,1971-12-31,0.9783
WDI:EN.GHG.N2O.AG.MT.CE.AR5:AZE,1972-12-31,0.9787
WDI:EN.GHG.N2O.AG.MT.CE.AR5:AZE,1973-12-31,1.017
WDI:EN.GHG.N2O.AG.MT.CE.AR5:AZE,1974-12-31,1.0322
WDI:EN.GHG.N2O.AG.MT.CE.AR5:AZE,1975-12-31,1.0339
WDI:EN.GHG.N2O.AG.MT.CE.AR5:AZE,1976-12-31,1.0372
WDI:EN.GHG.N2O.AG.MT.CE.AR5:AZE,1977-12-31,1.0631
WDI:EN.GHG.N2O.AG.MT.CE.AR5:AZE,1978-12-31,1.084
WDI:EN.GHG.N2O.AG.MT.CE.AR5:AZE,1979-12-31,1.0873
WDI:EN.GHG.N2O.AG.MT.CE.AR5:AZE,1980-12-31,1.0905
WDI:EN.GHG.N2O.AG.MT.CE.AR5:AZE,1981-12-31,1.0765
WDI:EN.GHG.N2O.AG.MT.CE.AR5:AZE,1982-12-31,1.0632
WDI:EN.GHG.N2O.AG.MT.CE.AR5:AZE,1983-12-31,1.0786
WDI:EN.GHG.N2O.AG.MT.CE.AR5:AZE,1984-12-31,1.1105
WDI:EN.GHG.N2O.AG.MT.CE.AR5:AZE,1985-12-31,1.1204
WDI:EN.GHG.N2O.AG.MT.CE.AR5:AZE,1986-12-31,1.1534
WDI:EN.GHG.N2O.AG.MT.CE.AR5:AZE,1987-12-31,1.1563
WDI:EN.GHG.N2O.AG.MT.CE.AR5:AZE,1988-12-31,1.1211
WDI:EN.GHG.N2O.AG.MT.CE.AR5:AZE,1989-12-31,1.1257
WDI:EN.GHG.N2O.AG.MT.CE.AR5:AZE,1990-12-31,1.138
WDI:EN.GHG.N2O.AG.MT.CE.AR5:AZE,1991-12-31,1.0864
WDI:EN.GHG.N2O.AG.MT.CE.AR5:AZE,1992-12-31,0.9984
WDI:EN.GHG.N2O.AG.MT.CE.AR5:AZE,1993-12-31,0.9081
WDI:EN.GHG.N2O.AG.MT.CE.AR5:AZE,1994-12-31,0.8581
WDI:EN.GHG.N2O.AG.MT.CE.AR5:AZE,1995-12-31,0.8134
WDI:EN.GHG.N2O.AG.MT.CE.AR5:AZE,1996-12-31,0.8509
WDI:EN.GHG.N2O.AG.MT.CE.AR5:AZE,1997-12-31,0.8948
WDI:EN.GHG.N2O.AG.MT.CE.AR5:AZE,1998-12-31,0.9415
WDI:EN.GHG.N2O.AG.MT.CE.AR5:AZE,1999-12-31,0.9985
WDI:EN.GHG.N2O.AG.MT.CE.AR5:AZE,2000-12-31,0.9841
WDI:EN.GHG.N2O.AG.MT.CE.AR5:AZE,2001-12-31,1.1033
WDI:EN.GHG.N2O.AG.MT.CE.AR5:AZE,2002-12-31,1.1939
WDI:EN.GHG.N2O.AG.MT.CE.AR5:AZE,2003-12-31,1.286
WDI:EN.GHG.N2O.AG.MT.CE.AR5:AZE,2004-12-31,1.2749
WDI:EN.GHG.N2O.AG.MT.CE.AR5:AZE,2005-12-31,1.2913
WDI:EN.GHG.N2O.AG.MT.CE.AR5:AZE,2006-12-31,1.3558
WDI:EN.GHG.N2O.AG.MT.CE.AR5:AZE,2007-12-31,1.3581
WDI:EN.GHG.N2O.AG.MT.CE.AR5:AZE,2008-12-31,1.4832
WDI:EN.GHG.N2O.AG.MT.CE.AR5:AZE,2009-12-31,1.4818
WDI:EN.GHG.N2O.AG.MT.CE.AR5:AZE,2010-12-31,1.4312
WDI:EN.GHG.N2O.AG.MT.CE.AR5:AZE,2011-12-31,1.4876
WDI:EN.GHG.N2O.AG.MT.CE.AR5:AZE,2012-12-31,1.5044
WDI:EN.GHG.N2O.AG.MT.CE.AR5:AZE,2013-12-31,1.5288
WDI:EN.GHG.N2O.AG.MT.CE.AR5:AZE,2014-12-31,1.5985
WDI:EN.GHG.N2O.AG.MT.CE.AR5:AZE,2015-12-31,1.6129
WDI:EN.GHG.N2O.AG.MT.CE.AR5:AZE,2016-12-31,1.5968
WDI:EN.GHG.N2O.AG.MT.CE.AR5:AZE,2017-12-31,1.6468
WDI:EN.GHG.N2O.AG.MT.CE.AR5:AZE,2018-12-31,1.6868
WDI:EN.GHG.N2O.AG.MT.CE.AR5:AZE,2019-12-31,1.91
WDI:EN.GHG.N2O.AG.MT.CE.AR5:AZE,2020-12-31,1.9106
WDI:EN.GHG.N2O.AG.MT.CE.AR5:AZE,2021-12-31,1.6485
WDI:EN.GHG.N2O.AG.MT.CE.AR5:AZE,2022-12-31,1.9022
WDI:EN.GHG.N2O.AG.MT.CE.AR5:AZE,2023-12-31,1.9023
WDI:EN.GHG.N2O.AG.MT.CE.AR5:AZE,2024-12-31,1.9775
WDI:EN.GHG.N2O.AG.MT.CE.AR5:BDI,1970-12-31,0.4673
WDI:EN.GHG.N2O.AG.MT.CE.AR5:BDI,1971-12-31,0.4696
WDI:EN.GHG.N2O.AG.MT.CE.AR5:BDI,1972-12-31,0.4915
WDI:EN.GHG.N2O.AG.MT.CE.AR5:BDI,1973-12-31,0.5062
WDI:EN.GHG.N2O.AG.MT.CE.AR5:BDI,1974-12-31,0.5081
WDI:EN.GHG.N2O.AG.MT.CE.AR5:BDI,1975-12-31,0.523
WDI:EN.GHG.N2O.AG.MT.CE.AR5:BDI,1976-12-31,0.5235
WDI:EN.GHG.N2O.AG.MT.CE.AR5:BDI,1977-12-31,0.5205
WDI:EN.GHG.N2O.AG.MT.CE.AR5:BDI,1978-12-31,0.5221
WDI:EN.GHG.N2O.AG.MT.CE.AR5:BDI,1979-12-31,0.5331
WDI:EN.GHG.N2O.AG.MT.CE.AR5:BDI,1980-12-31,0.4608
WDI:EN.GHG.N2O.AG.MT.CE.AR5:BDI,1981-12-31,0.3982
WDI:EN.GHG.N2O.AG.MT.CE.AR5:BDI,1982-12-31,0.4001
WDI:EN.GHG.N2O.AG.MT.CE.AR5:BDI,1983-12-31,0.4029
WDI:EN.GHG.N2O.AG.MT.CE.AR5:BDI,1984-12-31,0.4055
WDI:EN.GHG.N2O.AG.MT.CE.AR5:BDI,1985-12-31,0.385
WDI:EN.GHG.N2O.AG.MT.CE.AR5:BDI,1986-12-31,0.4272
WDI:EN.GHG.N2O.AG.MT.CE.AR5:BDI,1987-12-31,0.4087
WDI:EN.GHG.N2O.AG.MT.CE.AR5:BDI,1988-12-31,0.4212
WDI:EN.GHG.N2O.AG.MT.CE.AR5:BDI,1989-12-31,0.4144
WDI:EN.GHG.N2O.AG.MT.CE.AR5:BDI,1990-12-31,0.4292
WDI:EN.GHG.N2O.AG.MT.CE.AR5:BDI,1991-12-31,0.4282
WDI:EN.GHG.N2O.AG.MT.CE.AR5:BDI,1992-12-31,0.4343
WDI:EN.GHG.N2O.AG.MT.CE.AR5:BDI,1993-12-31,0.427
WDI:EN.GHG.N2O.AG.MT.CE.AR5:BDI,1994-12-31,0.3954
WDI:EN.GHG.N2O.AG.MT.CE.AR5:BDI,1995-12-31,0.4119
WDI:EN.GHG.N2O.AG.MT.CE.AR5:BDI,1996-12-31,0.4054
WDI:EN.GHG.N2O.AG.MT.CE.AR5:BDI,1997-12-31,0.4105
WDI:EN.GHG.N2O.AG.MT.CE.AR5:BDI,1998-12-31,0.3905
WDI:EN.GHG.N2O.AG.MT.CE.AR5:BDI,1999-12-31,0.4045
WDI:EN.GHG.N2O.AG.MT.CE.AR5:BDI,2000-12-31,0.4068
WDI:EN.GHG.N2O.AG.MT.CE.AR5:BDI,2001-12-31,0.414
WDI:EN.GHG.N2O.AG.MT.CE.AR5:BDI,2002-12-31,0.3931
WDI:EN.GHG.N2O.AG.MT.CE.AR5:BDI,2003-12-31,0.3988
WDI:EN.GHG.N2O.AG.MT.CE.AR5:BDI,2004-12-31,0.4198
WDI:EN.GHG.N2O.AG.MT.CE.AR5:BDI,2005-12-31,0.4437
WDI:EN.GHG.N2O.AG.MT.CE.AR5:BDI,2006-12-31,0.4692
WDI:EN.GHG.N2O.AG.MT.CE.AR5:BDI,2007-12-31,0.4821
WDI:EN.GHG.N2O.AG.MT.CE.AR5:BDI,2008-12-31,0.5096
WDI:EN.GHG.N2O.AG.MT.CE.AR5:BDI,2009-12-31,0.5503
WDI:EN.GHG.N2O.AG.MT.CE.AR5:BDI,2010-12-31,0.5968
WDI:EN.GHG.N2O.AG.MT.CE.AR5:BDI,2011-12-31,0.6392
WDI:EN.GHG.N2O.AG.MT.CE.AR5:BDI,2012-12-31,0.6655
WDI:EN.GHG.N2O.AG.MT.CE.AR5:BDI,2013-12-31,0.7643
WDI:EN.GHG.N2O.AG.MT.CE.AR5:BDI,2014-12-31,0.7614
WDI:EN.GHG.N2O.AG.MT.CE.AR5:BDI,2015-12-31,0.7441
WDI:EN.GHG.N2O.AG.MT.CE.AR5:BDI,2016-12-31,0.8024
WDI:EN.GHG.N2O.AG.MT.CE.AR5:BDI,2017-12-31,0.9523
WDI:EN.GHG.N2O.AG.MT.CE.AR5:BDI,2018-12-31,0.9699
WDI:EN.GHG.N2O.AG.MT.CE.AR5:BDI,2019-12-31,0.8715
WDI:EN.GHG.N2O.AG.MT.CE.AR5:BDI,2020-12-31,0.849
WDI:EN.GHG.N2O.AG.MT.CE.AR5:BDI,2021-12-31,0.9807
WDI:EN.GHG.N2O.AG.MT.CE.AR5:BDI,2022-12-31,1.0247
WDI:EN.GHG.N2O.AG.MT.CE.AR5:BDI,2023-12-31,1.1491
WDI:EN.GHG.N2O.AG.MT.CE.AR5:BDI,2024-12-31,1.1852
WDI:EN.GHG.N2O.AG.MT.CE.AR5:BEL,1970-12-31,2.4611
WDI:EN.GHG.N2O.AG.MT.CE.AR5:BEL,1971-12-31,2.5243
WDI:EN.GHG.N2O.AG.MT.CE.AR5:BEL,1972-12-31,2.5
WDI:EN.GHG.N2O.AG.MT.CE.AR5:BEL,1973-12-31,2.5776
WDI:EN.GHG.N2O.AG.MT.CE.AR5:BEL,1974-12-31,2.6731
WDI:EN.GHG.N2O.AG.MT.CE.AR5:BEL,1975-12-31,2.6212
WDI:EN.GHG.N2O.AG.MT.CE.AR5:BEL,1976-12-31,2.6436
WDI:EN.GHG.N2O.AG.MT.CE.AR5:BEL,1977-12-31,2.6581
WDI:EN.GHG.N2O.AG.MT.CE.AR5:BEL,1978-12-31,2.7093
WDI:EN.GHG.N2O.AG.MT.CE.AR5:BEL,1979-12-31,2.7281
WDI:EN.GHG.N2O.AG.MT.CE.AR5:BEL,1980-12-31,2.7103
WDI:EN.GHG.N2O.AG.MT.CE.AR5:BEL,1981-12-31,2.7181
WDI:EN.GHG.N2O.AG.MT.CE.AR5:BEL,1982-12-31,2.7485
WDI:EN.GHG.N2O.AG.MT.CE.AR5:BEL,1983-12-31,2.7845
WDI:EN.GHG.N2O.AG.MT.CE.AR5:BEL,1984-12-31,2.8066
WDI:EN.GHG.N2O.AG.MT.CE.AR5:BEL,1985-12-31,2.8045
WDI:EN.GHG.N2O.AG.MT.CE.AR5:BEL,1986-12-31,2.8139
WDI:EN.GHG.N2O.AG.MT.CE.AR5:BEL,1987-12-31,2.8299
WDI:EN.GHG.N2O.AG.MT.CE.AR5:BEL,1988-12-31,2.8262
WDI:EN.GHG.N2O.AG.MT.CE.AR5:BEL,1989-12-31,2.8357
WDI:EN.GHG.N2O.AG.MT.CE.AR5:BEL,1990-12-31,2.8474
WDI:EN.GHG.N2O.AG.MT.CE.AR5:BEL,1991-12-31,2.8447
WDI:EN.GHG.N2O.AG.MT.CE.AR5:BEL,1992-12-31,2.7897
WDI:EN.GHG.N2O.AG.MT.CE.AR5:BEL,1993-12-31,2.7978
WDI:EN.GHG.N2O.AG.MT.CE.AR5:BEL,1994-12-31,2.7936
WDI:EN.GHG.N2O.AG.MT.CE.AR5:BEL,1995-12-31,2.8223
WDI:EN.GHG.N2O.AG.MT.CE.AR5:BEL,1996-12-31,2.8789
WDI:EN.GHG.N2O.AG.MT.CE.AR5:BEL,1997-12-31,2.834
WDI:EN.GHG.N2O.AG.MT.CE.AR5:BEL,1998-12-31,2.849
WDI:EN.GHG.N2O.AG.MT.CE.AR5:BEL,1999-12-31,2.9047
WDI:EN.GHG.N2O.AG.MT.CE.AR5:BEL,2000-12-31,2.7869
WDI:EN.GHG.N2O.AG.MT.CE.AR5:BEL,2001-12-31,2.7464
WDI:EN.GHG.N2O.AG.MT.CE.AR5:BEL,2002-12-31,2.705
WDI:EN.GHG.N2O.AG.MT.CE.AR5:BEL,2003-12-31,2.6211
WDI:EN.GHG.N2O.AG.MT.CE.AR5:BEL,2004-12-31,2.6126
WDI:EN.GHG.N2O.AG.MT.CE.AR5:BEL,2005-12-31,2.5641
WDI:EN.GHG.N2O.AG.MT.CE.AR5:BEL,2006-12-31,2.516
WDI:EN.GHG.N2O.AG.MT.CE.AR5:BEL,2007-12-31,2.5553
WDI:EN.GHG.N2O.AG.MT.CE.AR5:BEL,2008-12-31,2.4781
WDI:EN.GHG.N2O.AG.MT.CE.AR5:BEL,2009-12-31,2.5959
WDI:EN.GHG.N2O.AG.MT.CE.AR5:BEL,2010-12-31,2.7006
WDI:EN.GHG.N2O.AG.MT.CE.AR5:BEL,2011-12-31,2.6979
WDI:EN.GHG.N2O.AG.MT.CE.AR5:BEL,2012-12-31,2.6861
WDI:EN.GHG.N2O.AG.MT.CE.AR5:BEL,2013-12-31,2.6671
WDI:EN.GHG.N2O.AG.MT.CE.AR5:BEL,2014-12-31,2.6728
WDI:EN.GHG.N2O.AG.MT.CE.AR5:BEL,2015-12-31,2.6803
WDI:EN.GHG.N2O.AG.MT.CE.AR5:BEL,2016-12-31,2.6229
WDI:EN.GHG.N2O.AG.MT.CE.AR5:BEL,2017-12-31,2.6021
WDI:EN.GHG.N2O.AG.MT.CE.AR5:BEL,2018-12-31,2.6378
WDI:EN.GHG.N2O.AG.MT.CE.AR5:BEL,2019-12-31,2.6448
WDI:EN.GHG.N2O.AG.MT.CE.AR5:BEL,2020-12-31,2.6237
WDI:EN.GHG.N2O.AG.MT.CE.AR5:BEL,2021-12-31,2.5124
WDI:EN.GHG.N2O.AG.MT.CE.AR5:BEL,2022-12-31,2.3384
WDI:EN.GHG.N2O.AG.MT.CE.AR5:BEL,2023-12-31,2.2671
WDI:EN.GHG.N2O.AG.MT.CE.AR5:BEL,2024-12-31,2.2114
WDI:EN.GHG.N2O.AG.MT.CE.AR5:BEN,1970-12-31,0.3317
WDI:EN.GHG.N2O.AG.MT.CE.AR5:BEN,1971-12-31,0.3386
WDI:EN.GHG.N2O.AG.MT.CE.AR5:BEN,1972-12-31,0.3621
WDI:EN.GHG.N2O.AG.MT.CE.AR5:BEN,1973-12-31,0.3906
WDI:EN.GHG.N2O.AG.MT.CE.AR5:BEN,1974-12-31,0.3738
WDI:EN.GHG.N2O.AG.MT.CE.AR5:BEN,1975-12-31,0.4031
WDI:EN.GHG.N2O.AG.MT.CE.AR5:BEN,1976-12-31,0.4125
WDI:EN.GHG.N2O.AG.MT.CE.AR5:BEN,1977-12-31,0.4252
WDI:EN.GHG.N2O.AG.MT.CE.AR5:BEN,1978-12-31,0.4434
WDI:EN.GHG.N2O.AG.MT.CE.AR5:BEN,1979-12-31,0.4558
WDI:EN.GHG.N2O.AG.MT.CE.AR5:BEN,1980-12-31,0.4859
WDI:EN.GHG.N2O.AG.MT.CE.AR5:BEN,1981-12-31,0.5034
WDI:EN.GHG.N2O.AG.MT.CE.AR5:BEN,1982-12-31,0.5209
WDI:EN.GHG.N2O.AG.MT.CE.AR5:BEN,1983-12-31,0.5549
WDI:EN.GHG.N2O.AG.MT.CE.AR5:BEN,1984-12-31,0.5742
WDI:EN.GHG.N2O.AG.MT.CE.AR5:BEN,1985-12-31,0.6015
WDI:EN.GHG.N2O.AG.MT.CE.AR5:BEN,1986-12-31,0.5317
WDI:EN.GHG.N2O.AG.MT.CE.AR5:BEN,1987-12-31,0.5342
WDI:EN.GHG.N2O.AG.MT.CE.AR5:BEN,1988-12-31,0.5222
WDI:EN.GHG.N2O.AG.MT.CE.AR5:BEN,1989-12-31,0.5189
WDI:EN.GHG.N2O.AG.MT.CE.AR5:BEN,1990-12-31,0.5602
WDI:EN.GHG.N2O.AG.MT.CE.AR5:BEN,1991-12-31,0.606
WDI:EN.GHG.N2O.AG.MT.CE.AR5:BEN,1992-12-31,0.6188
WDI:EN.GHG.N2O.AG.MT.CE.AR5:BEN,1993-12-31,0.6268
WDI:EN.GHG.N2O.AG.MT.CE.AR5:BEN,1994-12-31,0.6986
WDI:EN.GHG.N2O.AG.MT.CE.AR5:BEN,1995-12-31,0.6251
WDI:EN.GHG.N2O.AG.MT.CE.AR5:BEN,1996-12-31,0.7114
WDI:EN.GHG.N2O.AG.MT.CE.AR5:BEN,1997-12-31,0.716
WDI:EN.GHG.N2O.AG.MT.CE.AR5:BEN,1998-12-31,0.6935
WDI:EN.GHG.N2O.AG.MT.CE.AR5:BEN,1999-12-31,0.7137
WDI:EN.GHG.N2O.AG.MT.CE.AR5:BEN,2000-12-31,0.7664
WDI:EN.GHG.N2O.AG.MT.CE.AR5:BEN,2001-12-31,0.8035
WDI:EN.GHG.N2O.AG.MT.CE.AR5:BEN,2002-12-31,0.8316
WDI:EN.GHG.N2O.AG.MT.CE.AR5:BEN,2003-12-31,0.8437
WDI:EN.GHG.N2O.AG.MT.CE.AR5:BEN,2004-12-31,0.8661
WDI:EN.GHG.N2O.AG.MT.CE.AR5:BEN,2005-12-31,0.8758
WDI:EN.GHG.N2O.AG.MT.CE.AR5:BEN,2006-12-31,0.9058
WDI:EN.GHG.N2O.AG.MT.CE.AR5:BEN,2007-12-31,0.9306
WDI:EN.GHG.N2O.AG.MT.CE.AR5:BEN,2008-12-31,0.9484
WDI:EN.GHG.N2O.AG.MT.CE.AR5:BEN,2009-12-31,0.9792
WDI:EN.GHG.N2O.AG.MT.CE.AR5:BEN,2010-12-31,1.0041
WDI:EN.GHG.N2O.AG.MT.CE.AR5:BEN,2011-12-31,1.0278
WDI:EN.GHG.N2O.AG.MT.CE.AR5:BEN,2012-12-31,1.0579
WDI:EN.GHG.N2O.AG.MT.CE.AR5:BEN,2013-12-31,1.0913
WDI:EN.GHG.N2O.AG.MT.CE.AR5:BEN,2014-12-31,1.1184
WDI:EN.GHG.N2O.AG.MT.CE.AR5:BEN,2015-12-31,1.1459
WDI:EN.GHG.N2O.AG.MT.CE.AR5:BEN,2016-12-31,1.1786
WDI:EN.GHG.N2O.AG.MT.CE.AR5:BEN,2017-12-31,1.2118
WDI:EN.GHG.N2O.AG.MT.CE.AR5:BEN,2018-12-31,1.2515
WDI:EN.GHG.N2O.AG.MT.CE.AR5:BEN,2019-12-31,1.2856
WDI:EN.GHG.N2O.AG.MT.CE.AR5:BEN,2020-12-31,1.2354
WDI:EN.GHG.N2O.AG.MT.CE.AR5:BEN,2021-12-31,1.3664
WDI:EN.GHG.N2O.AG.MT.CE.AR5:BEN,2022-12-31,1.4644
WDI:EN.GHG.N2O.AG.MT.CE.AR5:BEN,2023-12-31,1.5847
WDI:EN.GHG.N2O.AG.MT.CE.AR5:BEN,2024-12-31,1.6343
WDI:EN.GHG.N2O.AG.MT.CE.AR5:BFA,1970-12-31,1.2669
WDI:EN.GHG.N2O.AG.MT.CE.AR5:BFA,1971-12-31,1.2814
WDI:EN.GHG.N2O.AG.MT.CE.AR5:BFA,1972-12-31,1.1944
WDI:EN.GHG.N2O.AG.MT.CE.AR5:BFA,1973-12-31,1.1102
WDI:EN.GHG.N2O.AG.MT.CE.AR5:BFA,1974-12-31,1.1523
WDI:EN.GHG.N2O.AG.MT.CE.AR5:BFA,1975-12-31,1.1934
WDI:EN.GHG.N2O.AG.MT.CE.AR5:BFA,1976-12-31,1.2151
WDI:EN.GHG.N2O.AG.MT.CE.AR5:BFA,1977-12-31,1.244
WDI:EN.GHG.N2O.AG.MT.CE.AR5:BFA,1978-12-31,1.2881
WDI:EN.GHG.N2O.AG.MT.CE.AR5:BFA,1979-12-31,1.339
WDI:EN.GHG.N2O.AG.MT.CE.AR5:BFA,1980-12-31,1.373
WDI:EN.GHG.N2O.AG.MT.CE.AR5:BFA,1981-12-31,1.4534
WDI:EN.GHG.N2O.AG.MT.CE.AR5:BFA,1982-12-31,1.5261
WDI:EN.GHG.N2O.AG.MT.CE.AR5:BFA,1983-12-31,1.5878
WDI:EN.GHG.N2O.AG.MT.CE.AR5:BFA,1984-12-31,1.6538
WDI:EN.GHG.N2O.AG.MT.CE.AR5:BFA,1985-12-31,1.8897
WDI:EN.GHG.N2O.AG.MT.CE.AR5:BFA,1986-12-31,1.9542
WDI:EN.GHG.N2O.AG.MT.CE.AR5:BFA,1987-12-31,2.0187
WDI:EN.GHG.N2O.AG.MT.CE.AR5:BFA,1988-12-31,2.0996
WDI:EN.GHG.N2O.AG.MT.CE.AR5:BFA,1989-12-31,2.1616
WDI:EN.GHG.N2O.AG.MT.CE.AR5:BFA,1990-12-31,2.1556
WDI:EN.GHG.N2O.AG.MT.CE.AR5:BFA,1991-12-31,2.2628
WDI:EN.GHG.N2O.AG.MT.CE.AR5:BFA,1992-12-31,2.3206
WDI:EN.GHG.N2O.AG.MT.CE.AR5:BFA,1993-12-31,2.399
WDI:EN.GHG.N2O.AG.MT.CE.AR5:BFA,1994-12-31,2.4608
WDI:EN.GHG.N2O.AG.MT.CE.AR5:BFA,1995-12-31,2.5339
WDI:EN.GHG.N2O.AG.MT.CE.AR5:BFA,1996-12-31,2.6037
WDI:EN.GHG.N2O.AG.MT.CE.AR5:BFA,1997-12-31,2.6814
WDI:EN.GHG.N2O.AG.MT.CE.AR5:BFA,1998-12-31,2.7705
WDI:EN.GHG.N2O.AG.MT.CE.AR5:BFA,1999-12-31,2.8396
WDI:EN.GHG.N2O.AG.MT.CE.AR5:BFA,2000-12-31,2.9126
WDI:EN.GHG.N2O.AG.MT.CE.AR5:BFA,2001-12-31,3.0162
WDI:EN.GHG.N2O.AG.MT.CE.AR5:BFA,2002-12-31,3.1057
WDI:EN.GHG.N2O.AG.MT.CE.AR5:BFA,2003-12-31,3.9575
WDI:EN.GHG.N2O.AG.MT.CE.AR5:BFA,2004-12-31,4.0269
WDI:EN.GHG.N2O.AG.MT.CE.AR5:BFA,2005-12-31,4.1326
WDI:EN.GHG.N2O.AG.MT.CE.AR5:BFA,2006-12-31,4.2259
WDI:EN.GHG.N2O.AG.MT.CE.AR5:BFA,2007-12-31,4.3117
WDI:EN.GHG.N2O.AG.MT.CE.AR5:BFA,2008-12-31,4.4402
WDI:EN.GHG.N2O.AG.MT.CE.AR5:BFA,2009-12-31,4.5273
WDI:EN.GHG.N2O.AG.MT.CE.AR5:BFA,2010-12-31,4.652
WDI:EN.GHG.N2O.AG.MT.CE.AR5:BFA,2011-12-31,4.738
WDI:EN.GHG.N2O.AG.MT.CE.AR5:BFA,2012-12-31,4.8562
WDI:EN.GHG.N2O.AG.MT.CE.AR5:BFA,2013-12-31,4.9723
WDI:EN.GHG.N2O.AG.MT.CE.AR5:BFA,2014-12-31,5.0764
WDI:EN.GHG.N2O.AG.MT.CE.AR5:BFA,2015-12-31,5.2111
WDI:EN.GHG.N2O.AG.MT.CE.AR5:BFA,2016-12-31,5.3601
WDI:EN.GHG.N2O.AG.MT.CE.AR5:BFA,2017-12-31,5.4746
WDI:EN.GHG.N2O.AG.MT.CE.AR5:BFA,2018-12-31,5.6132
WDI:EN.GHG.N2O.AG.MT.CE.AR5:BFA,2019-12-31,5.7418
WDI:EN.GHG.N2O.AG.MT.CE.AR5:BFA,2020-12-31,4.5799
WDI:EN.GHG.N2O.AG.MT.CE.AR5:BFA,2021-12-31,5.7404
WDI:EN.GHG.N2O.AG.MT.CE.AR5:BFA,2022-12-31,5.7516
WDI:EN.GHG.N2O.AG.MT.CE.AR5:BFA,2023-12-31,5.3316
WDI:EN.GHG.N2O.AG.MT.CE.AR5:BFA,2024-12-31,5.2749
WDI:EN.GHG.N2O.AG.MT.CE.AR5:BGD,1970-12-31,5.7648
WDI:EN.GHG.N2O.AG.MT.CE.AR5:BGD,1971-12-31,5.6659
WDI:EN.GHG.N2O.AG.MT.CE.AR5:BGD,1972-12-31,5.684
WDI:EN.GHG.N2O.AG.MT.CE.AR5:BGD,1973-12-31,5.677
WDI:EN.GHG.N2O.AG.MT.CE.AR5:BGD,1974-12-31,5.4899
WDI:EN.GHG.N2O.AG.MT.CE.AR5:BGD,1975-12-31,5.9992
WDI:EN.GHG.N2O.AG.MT.CE.AR5:BGD,1976-12-31,6.2033
WDI:EN.GHG.N2O.AG.MT.CE.AR5:BGD,1977-12-31,6.6466
WDI:EN.GHG.N2O.AG.MT.CE.AR5:BGD,1978-12-31,7.1186
WDI:EN.GHG.N2O.AG.MT.CE.AR5:BGD,1979-12-31,7.4881
WDI:EN.GHG.N2O.AG.MT.CE.AR5:BGD,1980-12-31,6.5597
WDI:EN.GHG.N2O.AG.MT.CE.AR5:BGD,1981-12-31,6.5541
WDI:EN.GHG.N2O.AG.MT.CE.AR5:BGD,1982-12-31,6.9322
WDI:EN.GHG.N2O.AG.MT.CE.AR5:BGD,1983-12-31,7.1861
WDI:EN.GHG.N2O.AG.MT.CE.AR5:BGD,1984-12-31,7.5426
WDI:EN.GHG.N2O.AG.MT.CE.AR5:BGD,1985-12-31,7.6107
WDI:EN.GHG.N2O.AG.MT.CE.AR5:BGD,1986-12-31,8.0245
WDI:EN.GHG.N2O.AG.MT.CE.AR5:BGD,1987-12-31,8.4075
WDI:EN.GHG.N2O.AG.MT.CE.AR5:BGD,1988-12-31,8.8239
WDI:EN.GHG.N2O.AG.MT.CE.AR5:BGD,1989-12-31,9.5878
WDI:EN.GHG.N2O.AG.MT.CE.AR5:BGD,1990-12-31,9.6063
WDI:EN.GHG.N2O.AG.MT.CE.AR5:BGD,1991-12-31,10.2493
WDI:EN.GHG.N2O.AG.MT.CE.AR5:BGD,1992-12-31,10.432
WDI:EN.GHG.N2O.AG.MT.CE.AR5:BGD,1993-12-31,10.6944
WDI:EN.GHG.N2O.AG.MT.CE.AR5:BGD,1994-12-31,11.3403
WDI:EN.GHG.N2O.AG.MT.CE.AR5:BGD,1995-12-31,12.4298
WDI:EN.GHG.N2O.AG.MT.CE.AR5:BGD,1996-12-31,13.0822
WDI:EN.GHG.N2O.AG.MT.CE.AR5:BGD,1997-12-31,12.6521
WDI:EN.GHG.N2O.AG.MT.CE.AR5:BGD,1998-12-31,12.7959
WDI:EN.GHG.N2O.AG.MT.CE.AR5:BGD,1999-12-31,13.8252
WDI:EN.GHG.N2O.AG.MT.CE.AR5:BGD,2000-12-31,13.9189
WDI:EN.GHG.N2O.AG.MT.CE.AR5:BGD,2001-12-31,14.296
WDI:EN.GHG.N2O.AG.MT.CE.AR5:BGD,2002-12-31,14.4546
WDI:EN.GHG.N2O.AG.MT.CE.AR5:BGD,2003-12-31,14.8284
WDI:EN.GHG.N2O.AG.MT.CE.AR5:BGD,2004-12-31,15.3412
WDI:EN.GHG.N2O.AG.MT.CE.AR5:BGD,2005-12-31,15.5009
WDI:EN.GHG.N2O.AG.MT.CE.AR5:BGD,2006-12-31,15.7599
WDI:EN.GHG.N2O.AG.MT.CE.AR5:BGD,2007-12-31,16.6118
WDI:EN.GHG.N2O.AG.MT.CE.AR5:BGD,2008-12-31,16.2628
WDI:EN.GHG.N2O.AG.MT.CE.AR5:BGD,2009-12-31,16.2811
WDI:EN.GHG.N2O.AG.MT.CE.AR5:BGD,2010-12-31,17.0053
WDI:EN.GHG.N2O.AG.MT.CE.AR5:BGD,2011-12-31,16.5338
WDI:EN.GHG.N2O.AG.MT.CE.AR5:BGD,2012-12-31,16.6269
WDI:EN.GHG.N2O.AG.MT.CE.AR5:BGD,2013-12-31,16.865
WDI:EN.GHG.N2O.AG.MT.CE.AR5:BGD,2014-12-31,17.9978
WDI:EN.GHG.N2O.AG.MT.CE.AR5:BGD,2015-12-31,17.6916
WDI:EN.GHG.N2O.AG.MT.CE.AR5:BGD,2016-12-31,17.4338
WDI:EN.GHG.N2O.AG.MT.CE.AR5:BGD,2017-12-31,17.8401
WDI:EN.GHG.N2O.AG.MT.CE.AR5:BGD,2018-12-31,18.2856
WDI:EN.GHG.N2O.AG.MT.CE.AR5:BGD,2019-12-31,18.418
WDI:EN.GHG.N2O.AG.MT.CE.AR5:BGD,2020-12-31,18.8713
WDI:EN.GHG.N2O.AG.MT.CE.AR5:BGD,2021-12-31,19.776
WDI:EN.GHG.N2O.AG.MT.CE.AR5:BGD,2022-12-31,19.3142
WDI:EN.GHG.N2O.AG.MT.CE.AR5:BGD,2023-12-31,17.8619
WDI:EN.GHG.N2O.AG.MT.CE.AR5:BGD,2024-12-31,17.8511
WDI:EN.GHG.N2O.AG.MT.CE.AR5:BGR,1970-12-31,4.1797
WDI:EN.GHG.N2O.AG.MT.CE.AR5:BGR,1971-12-31,4.295
WDI:EN.GHG.N2O.AG.MT.CE.AR5:BGR,1972-12-31,4.4602
WDI:EN.GHG.N2O.AG.MT.CE.AR5:BGR,1973-12-31,4.4475
WDI:EN.GHG.N2O.AG.MT.CE.AR5:BGR,1974-12-31,4.5314
WDI:EN.GHG.N2O.AG.MT.CE.AR5:BGR,1975-12-31,4.7822
WDI:EN.GHG.N2O.AG.MT.CE.AR5:BGR,1976-12-31,4.86
WDI:EN.GHG.N2O.AG.MT.CE.AR5:BGR,1977-12-31,4.5647
WDI:EN.GHG.N2O.AG.MT.CE.AR5:BGR,1978-12-31,4.6251
WDI:EN.GHG.N2O.AG.MT.CE.AR5:BGR,1979-12-31,5.0257
WDI:EN.GHG.N2O.AG.MT.CE.AR5:BGR,1980-12-31,5.0545
WDI:EN.GHG.N2O.AG.MT.CE.AR5:BGR,1981-12-31,5.4432
WDI:EN.GHG.N2O.AG.MT.CE.AR5:BGR,1982-12-31,5.3774
WDI:EN.GHG.N2O.AG.MT.CE.AR5:BGR,1983-12-31,5.2676
WDI:EN.GHG.N2O.AG.MT.CE.AR5:BGR,1984-12-31,4.9991
WDI:EN.GHG.N2O.AG.MT.CE.AR5:BGR,1985-12-31,4.6557
WDI:EN.GHG.N2O.AG.MT.CE.AR5:BGR,1986-12-31,4.6979
WDI:EN.GHG.N2O.AG.MT.CE.AR5:BGR,1987-12-31,4.7028
WDI:EN.GHG.N2O.AG.MT.CE.AR5:BGR,1988-12-31,5.0733
WDI:EN.GHG.N2O.AG.MT.CE.AR5:BGR,1989-12-31,4.8627
WDI:EN.GHG.N2O.AG.MT.CE.AR5:BGR,1990-12-31,4.6181
WDI:EN.GHG.N2O.AG.MT.CE.AR5:BGR,1991-12-31,4.2247
WDI:EN.GHG.N2O.AG.MT.CE.AR5:BGR,1992-12-31,3.2962
WDI:EN.GHG.N2O.AG.MT.CE.AR5:BGR,1993-12-31,2.716
WDI:EN.GHG.N2O.AG.MT.CE.AR5:BGR,1994-12-31,2.6929
WDI:EN.GHG.N2O.AG.MT.CE.AR5:BGR,1995-12-31,2.0894
WDI:EN.GHG.N2O.AG.MT.CE.AR5:BGR,1996-12-31,2.1916
WDI:EN.GHG.N2O.AG.MT.CE.AR5:BGR,1997-12-31,2.233
WDI:EN.GHG.N2O.AG.MT.CE.AR5:BGR,1998-12-31,2.0755
WDI:EN.GHG.N2O.AG.MT.CE.AR5:BGR,1999-12-31,2.0137
WDI:EN.GHG.N2O.AG.MT.CE.AR5:BGR,2000-12-31,2.1131
WDI:EN.GHG.N2O.AG.MT.CE.AR5:BGR,2001-12-31,2.141
WDI:EN.GHG.N2O.AG.MT.CE.AR5:BGR,2002-12-31,1.9511
WDI:EN.GHG.N2O.AG.MT.CE.AR5:BGR,2003-12-31,1.879
WDI:EN.GHG.N2O.AG.MT.CE.AR5:BGR,2004-12-31,2.0546
WDI:EN.GHG.N2O.AG.MT.CE.AR5:BGR,2005-12-31,1.9582
WDI:EN.GHG.N2O.AG.MT.CE.AR5:BGR,2006-12-31,2.0047
WDI:EN.GHG.N2O.AG.MT.CE.AR5:BGR,2007-12-31,1.9552
WDI:EN.GHG.N2O.AG.MT.CE.AR5:BGR,2008-12-31,1.9136
WDI:EN.GHG.N2O.AG.MT.CE.AR5:BGR,2009-12-31,2.1266
WDI:EN.GHG.N2O.AG.MT.CE.AR5:BGR,2010-12-31,2.085
WDI:EN.GHG.N2O.AG.MT.CE.AR5:BGR,2011-12-31,2.1205
WDI:EN.GHG.N2O.AG.MT.CE.AR5:BGR,2012-12-31,2.4228
WDI:EN.GHG.N2O.AG.MT.CE.AR5:BGR,2013-12-31,2.6745
WDI:EN.GHG.N2O.AG.MT.CE.AR5:BGR,2014-12-31,3.1682
WDI:EN.GHG.N2O.AG.MT.CE.AR5:BGR,2015-12-31,2.8516
WDI:EN.GHG.N2O.AG.MT.CE.AR5:BGR,2016-12-31,3.2897
WDI:EN.GHG.N2O.AG.MT.CE.AR5:BGR,2017-12-31,3.2362
WDI:EN.GHG.N2O.AG.MT.CE.AR5:BGR,2018-12-31,3.2164
WDI:EN.GHG.N2O.AG.MT.CE.AR5:BGR,2019-12-31,3.2939
WDI:EN.GHG.N2O.AG.MT.CE.AR5:BGR,2020-12-31,3.377
WDI:EN.GHG.N2O.AG.MT.CE.AR5:BGR,2021-12-31,3.3443
WDI:EN.GHG.N2O.AG.MT.CE.AR5:BGR,2022-12-31,3.2371
WDI:EN.GHG.N2O.AG.MT.CE.AR5:BGR,2023-12-31,3.2664
WDI:EN.GHG.N2O.AG.MT.CE.AR5:BGR,2024-12-31,3.261
WDI:EN.GHG.N2O.AG.MT.CE.AR5:BHR,1970-12-31,0.0033
WDI:EN.GHG.N2O.AG.MT.CE.AR5:BHR,1971-12-31,0.0034
WDI:EN.GHG.N2O.AG.MT.CE.AR5:BHR,1972-12-31,0.0037
WDI:EN.GHG.N2O.AG.MT.CE.AR5:BHR,1973-12-31,0.004
WDI:EN.GHG.N2O.AG.MT.CE.AR5:BHR,1974-12-31,0.0036
WDI:EN.GHG.N2O.AG.MT.CE.AR5:BHR,1975-12-31,0.0038
WDI:EN.GHG.N2O.AG.MT.CE.AR5:BHR,1976-12-31,0.0039
WDI:EN.GHG.N2O.AG.MT.CE.AR5:BHR,1977-12-31,0.0041
WDI:EN.GHG.N2O.AG.MT.CE.AR5:BHR,1978-12-31,0.0041
WDI:EN.GHG.N2O.AG.MT.CE.AR5:BHR,1979-12-31,0.0046
WDI:EN.GHG.N2O.AG.MT.CE.AR5:BHR,1980-12-31,0.0046
WDI:EN.GHG.N2O.AG.MT.CE.AR5:BHR,1981-12-31,0.0046
WDI:EN.GHG.N2O.AG.MT.CE.AR5:BHR,1982-12-31,0.0049
WDI:EN.GHG.N2O.AG.MT.CE.AR5:BHR,1983-12-31,0.005
WDI:EN.GHG.N2O.AG.MT.CE.AR5:BHR,1984-12-31,0.0052
WDI:EN.GHG.N2O.AG.MT.CE.AR5:BHR,1985-12-31,0.006
WDI:EN.GHG.N2O.AG.MT.CE.AR5:BHR,1986-12-31,0.0066
WDI:EN.GHG.N2O.AG.MT.CE.AR5:BHR,1987-12-31,0.0071
WDI:EN.GHG.N2O.AG.MT.CE.AR5:BHR,1988-12-31,0.0087
WDI:EN.GHG.N2O.AG.MT.CE.AR5:BHR,1989-12-31,0.0097
WDI:EN.GHG.N2O.AG.MT.CE.AR5:BHR,1990-12-31,0.01
WDI:EN.GHG.N2O.AG.MT.CE.AR5:BHR,1991-12-31,0.0097
WDI:EN.GHG.N2O.AG.MT.CE.AR5:BHR,1992-12-31,0.0098
WDI:EN.GHG.N2O.AG.MT.CE.AR5:BHR,1993-12-31,0.0096
WDI:EN.GHG.N2O.AG.MT.CE.AR5:BHR,1994-12-31,0.0093
WDI:EN.GHG.N2O.AG.MT.CE.AR5:BHR,1995-12-31,0.0087
WDI:EN.GHG.N2O.AG.MT.CE.AR5:BHR,1996-12-31,0.0093
WDI:EN.GHG.N2O.AG.MT.CE.AR5:BHR,1997-12-31,0.0094
WDI:EN.GHG.N2O.AG.MT.CE.AR5:BHR,1998-12-31,0.0096
WDI:EN.GHG.N2O.AG.MT.CE.AR5:BHR,1999-12-31,0.01
WDI:EN.GHG.N2O.AG.MT.CE.AR5:BHR,2000-12-31,0.0096
WDI:EN.GHG.N2O.AG.MT.CE.AR5:BHR,2001-12-31,0.0092
WDI:EN.GHG.N2O.AG.MT.CE.AR5:BHR,2002-12-31,0.0121
WDI:EN.GHG.N2O.AG.MT.CE.AR5:BHR,2003-12-31,0.0107
WDI:EN.GHG.N2O.AG.MT.CE.AR5:BHR,2004-12-31,0.0101
WDI:EN.GHG.N2O.AG.MT.CE.AR5:BHR,2005-12-31,0.01
WDI:EN.GHG.N2O.AG.MT.CE.AR5:BHR,2006-12-31,0.01
WDI:EN.GHG.N2O.AG.MT.CE.AR5:BHR,2007-12-31,0.0099
WDI:EN.GHG.N2O.AG.MT.CE.AR5:BHR,2008-12-31,0.0086
WDI:EN.GHG.N2O.AG.MT.CE.AR5:BHR,2009-12-31,0.0088
WDI:EN.GHG.N2O.AG.MT.CE.AR5:BHR,2010-12-31,0.0101
WDI:EN.GHG.N2O.AG.MT.CE.AR5:BHR,2011-12-31,0.0102
WDI:EN.GHG.N2O.AG.MT.CE.AR5:BHR,2012-12-31,0.0103
WDI:EN.GHG.N2O.AG.MT.CE.AR5:BHR,2013-12-31,0.0106
WDI:EN.GHG.N2O.AG.MT.CE.AR5:BHR,2014-12-31,0.0107
WDI:EN.GHG.N2O.AG.MT.CE.AR5:BHR,2015-12-31,0.0106
WDI:EN.GHG.N2O.AG.MT.CE.AR5:BHR,2016-12-31,0.0108
WDI:EN.GHG.N2O.AG.MT.CE.AR5:BHR,2017-12-31,0.0109
WDI:EN.GHG.N2O.AG.MT.CE.AR5:BHR,2018-12-31,0.0117
WDI:EN.GHG.N2O.AG.MT.CE.AR5:BHR,2019-12-31,0.0122
WDI:EN.GHG.N2O.AG.MT.CE.AR5:BHR,2020-12-31,0.0111
WDI:EN.GHG.N2O.AG.MT.CE.AR5:BHR,2021-12-31,0.0116
WDI:EN.GHG.N2O.AG.MT.CE.AR5:BHR,2022-12-31,0.012
WDI:EN.GHG.N2O.AG.MT.CE.AR5:BHR,2023-12-31,0.0119
WDI:EN.GHG.N2O.AG.MT.CE.AR5:BHR,2024-12-31,0.0119
WDI:EN.GHG.N2O.AG.MT.CE.AR5:BHS,1970-12-31,0.0064
WDI:EN.GHG.N2O.AG.MT.CE.AR5:BHS,1971-12-31,0.0062
WDI:EN.GHG.N2O.AG.MT.CE.AR5:BHS,1972-12-31,0.0061
WDI:EN.GHG.N2O.AG.MT.CE.AR5:BHS,1973-12-31,0.0064
WDI:EN.GHG.N2O.AG.MT.CE.AR5:BHS,1974-12-31,0.0055
WDI:EN.GHG.N2O.AG.MT.CE.AR5:BHS,1975-12-31,0.0052
WDI:EN.GHG.N2O.AG.MT.CE.AR5:BHS,1976-12-31,0.0065
WDI:EN.GHG.N2O.AG.MT.CE.AR5:BHS,1977-12-31,0.0067
WDI:EN.GHG.N2O.AG.MT.CE.AR5:BHS,1978-12-31,0.0056
WDI:EN.GHG.N2O.AG.MT.CE.AR5:BHS,1979-12-31,0.0049
WDI:EN.GHG.N2O.AG.MT.CE.AR5:BHS,1980-12-31,0.0052
WDI:EN.GHG.N2O.AG.MT.CE.AR5:BHS,1981-12-31,0.006
WDI:EN.GHG.N2O.AG.MT.CE.AR5:BHS,1982-12-31,0.0057
WDI:EN.GHG.N2O.AG.MT.CE.AR5:BHS,1983-12-31,0.0055
WDI:EN.GHG.N2O.AG.MT.CE.AR5:BHS,1984-12-31,0.0057
WDI:EN.GHG.N2O.AG.MT.CE.AR5:BHS,1985-12-31,0.0057
WDI:EN.GHG.N2O.AG.MT.CE.AR5:BHS,1986-12-31,0.0056
WDI:EN.GHG.N2O.AG.MT.CE.AR5:BHS,1987-12-31,0.0058
WDI:EN.GHG.N2O.AG.MT.CE.AR5:BHS,1988-12-31,0.006
WDI:EN.GHG.N2O.AG.MT.CE.AR5:BHS,1989-12-31,0.0064
WDI:EN.GHG.N2O.AG.MT.CE.AR5:BHS,1990-12-31,0.0065
WDI:EN.GHG.N2O.AG.MT.CE.AR5:BHS,1991-12-31,0.0056
WDI:EN.GHG.N2O.AG.MT.CE.AR5:BHS,1992-12-31,0.0059
WDI:EN.GHG.N2O.AG.MT.CE.AR5:BHS,1993-12-31,0.0059
WDI:EN.GHG.N2O.AG.MT.CE.AR5:BHS,1994-12-31,0.0053
WDI:EN.GHG.N2O.AG.MT.CE.AR5:BHS,1995-12-31,0.008
WDI:EN.GHG.N2O.AG.MT.CE.AR5:BHS,1996-12-31,0.01
WDI:EN.GHG.N2O.AG.MT.CE.AR5:BHS,1997-12-31,0.0087
WDI:EN.GHG.N2O.AG.MT.CE.AR5:BHS,1998-12-31,0.0122
WDI:EN.GHG.N2O.AG.MT.CE.AR5:BHS,1999-12-31,0.0074
WDI:EN.GHG.N2O.AG.MT.CE.AR5:BHS,2000-12-31,0.0074
WDI:EN.GHG.N2O.AG.MT.CE.AR5:BHS,2001-12-31,0.0077
WDI:EN.GHG.N2O.AG.MT.CE.AR5:BHS,2002-12-31,0.0078
WDI:EN.GHG.N2O.AG.MT.CE.AR5:BHS,2003-12-31,0.0089
WDI:EN.GHG.N2O.AG.MT.CE.AR5:BHS,2004-12-31,0.0092
WDI:EN.GHG.N2O.AG.MT.CE.AR5:BHS,2005-12-31,0.0092
WDI:EN.GHG.N2O.AG.MT.CE.AR5:BHS,2006-12-31,0.0092
WDI:EN.GHG.N2O.AG.MT.CE.AR5:BHS,2007-12-31,0.0092
WDI:EN.GHG.N2O.AG.MT.CE.AR5:BHS,2008-12-31,0.0092
WDI:EN.GHG.N2O.AG.MT.CE.AR5:BHS,2009-12-31,0.0092
WDI:EN.GHG.N2O.AG.MT.CE.AR5:BHS,2010-12-31,0.0092
WDI:EN.GHG.N2O.AG.MT.CE.AR5:BHS,2011-12-31,0.0092
WDI:EN.GHG.N2O.AG.MT.CE.AR5:BHS,2012-12-31,0.0092
WDI:EN.GHG.N2O.AG.MT.CE.AR5:BHS,2013-12-31,0.0092
WDI:EN.GHG.N2O.AG.MT.CE.AR5:BHS,2014-12-31,0.0093
WDI:EN.GHG.N2O.AG.MT.CE.AR5:BHS,2015-12-31,0.0095
WDI:EN.GHG.N2O.AG.MT.CE.AR5:BHS,2016-12-31,0.0094
WDI:EN.GHG.N2O.AG.MT.CE.AR5:BHS,2017-12-31,0.0096
WDI:EN.GHG.N2O.AG.MT.CE.AR5:BHS,2018-12-31,0.0097
WDI:EN.GHG.N2O.AG.MT.CE.AR5:BHS,2019-12-31,0.0098
WDI:EN.GHG.N2O.AG.MT.CE.AR5:BHS,2020-12-31,0.0097
WDI:EN.GHG.N2O.AG.MT.CE.AR5:BHS,2021-12-31,0.0097
WDI:EN.GHG.N2O.AG.MT.CE.AR5:BHS,2022-12-31,0.0097
WDI:EN.GHG.N2O.AG.MT.CE.AR5:BHS,2023-12-31,0.0098
WDI:EN.GHG.N2O.AG.MT.CE.AR5:BHS,2024-12-31,0.0098
WDI:EN.GHG.N2O.AG.MT.CE.AR5:BIH,1970-12-31,0.6419
WDI:EN.GHG.N2O.AG.MT.CE.AR5:BIH,1971-12-31,0.6626
WDI:EN.GHG.N2O.AG.MT.CE.AR5:BIH,1972-12-31,0.6606
WDI:EN.GHG.N2O.AG.MT.CE.AR5:BIH,1973-12-31,0.6814
WDI:EN.GHG.N2O.AG.MT.CE.AR5:BIH,1974-12-31,0.7201
WDI:EN.GHG.N2O.AG.MT.CE.AR5:BIH,1975-12-31,0.7338
WDI:EN.GHG.N2O.AG.MT.CE.AR5:BIH,1976-12-31,0.7326
WDI:EN.GHG.N2O.AG.MT.CE.AR5:BIH,1977-12-31,0.7276
WDI:EN.GHG.N2O.AG.MT.CE.AR5:BIH,1978-12-31,0.7133
WDI:EN.GHG.N2O.AG.MT.CE.AR5:BIH,1979-12-31,0.7109
WDI:EN.GHG.N2O.AG.MT.CE.AR5:BIH,1980-12-31,0.704
WDI:EN.GHG.N2O.AG.MT.CE.AR5:BIH,1981-12-31,0.7054
WDI:EN.GHG.N2O.AG.MT.CE.AR5:BIH,1982-12-31,0.7107
WDI:EN.GHG.N2O.AG.MT.CE.AR5:BIH,1983-12-31,0.7036
WDI:EN.GHG.N2O.AG.MT.CE.AR5:BIH,1984-12-31,0.7087
WDI:EN.GHG.N2O.AG.MT.CE.AR5:BIH,1985-12-31,0.6858
WDI:EN.GHG.N2O.AG.MT.CE.AR5:BIH,1986-12-31,0.6787
WDI:EN.GHG.N2O.AG.MT.CE.AR5:BIH,1987-12-31,0.6722
WDI:EN.GHG.N2O.AG.MT.CE.AR5:BIH,1988-12-31,0.6584
WDI:EN.GHG.N2O.AG.MT.CE.AR5:BIH,1989-12-31,0.6459
WDI:EN.GHG.N2O.AG.MT.CE.AR5:BIH,1990-12-31,0.6344
WDI:EN.GHG.N2O.AG.MT.CE.AR5:BIH,1991-12-31,0.6286
WDI:EN.GHG.N2O.AG.MT.CE.AR5:BIH,1992-12-31,0.5224
WDI:EN.GHG.N2O.AG.MT.CE.AR5:BIH,1993-12-31,0.506
WDI:EN.GHG.N2O.AG.MT.CE.AR5:BIH,1994-12-31,0.4585
WDI:EN.GHG.N2O.AG.MT.CE.AR5:BIH,1995-12-31,0.4053
WDI:EN.GHG.N2O.AG.MT.CE.AR5:BIH,1996-12-31,0.3503
WDI:EN.GHG.N2O.AG.MT.CE.AR5:BIH,1997-12-31,0.4234
WDI:EN.GHG.N2O.AG.MT.CE.AR5:BIH,1998-12-31,0.5459
WDI:EN.GHG.N2O.AG.MT.CE.AR5:BIH,1999-12-31,0.5899
WDI:EN.GHG.N2O.AG.MT.CE.AR5:BIH,2000-12-31,0.588
WDI:EN.GHG.N2O.AG.MT.CE.AR5:BIH,2001-12-31,0.5371
WDI:EN.GHG.N2O.AG.MT.CE.AR5:BIH,2002-12-31,0.5377
WDI:EN.GHG.N2O.AG.MT.CE.AR5:BIH,2003-12-31,0.5351
WDI:EN.GHG.N2O.AG.MT.CE.AR5:BIH,2004-12-31,0.5824
WDI:EN.GHG.N2O.AG.MT.CE.AR5:BIH,2005-12-31,0.6328
WDI:EN.GHG.N2O.AG.MT.CE.AR5:BIH,2006-12-31,0.6351
WDI:EN.GHG.N2O.AG.MT.CE.AR5:BIH,2007-12-31,0.6172
WDI:EN.GHG.N2O.AG.MT.CE.AR5:BIH,2008-12-31,0.5708
WDI:EN.GHG.N2O.AG.MT.CE.AR5:BIH,2009-12-31,0.5906
WDI:EN.GHG.N2O.AG.MT.CE.AR5:BIH,2010-12-31,0.5898
WDI:EN.GHG.N2O.AG.MT.CE.AR5:BIH,2011-12-31,0.596
WDI:EN.GHG.N2O.AG.MT.CE.AR5:BIH,2012-12-31,0.5973
WDI:EN.GHG.N2O.AG.MT.CE.AR5:BIH,2013-12-31,0.6505
WDI:EN.GHG.N2O.AG.MT.CE.AR5:BIH,2014-12-31,0.6529
WDI:EN.GHG.N2O.AG.MT.CE.AR5:BIH,2015-12-31,0.6438
WDI:EN.GHG.N2O.AG.MT.CE.AR5:BIH,2016-12-31,0.6785
WDI:EN.GHG.N2O.AG.MT.CE.AR5:BIH,2017-12-31,0.6778
WDI:EN.GHG.N2O.AG.MT.CE.AR5:BIH,2018-12-31,0.6749
WDI:EN.GHG.N2O.AG.MT.CE.AR5:BIH,2019-12-31,0.6531
WDI:EN.GHG.N2O.AG.MT.CE.AR5:BIH,2020-12-31,0.6806
WDI:EN.GHG.N2O.AG.MT.CE.AR5:BIH,2021-12-31,0.5095
WDI:EN.GHG.N2O.AG.MT.CE.AR5:BIH,2022-12-31,0.5042
WDI:EN.GHG.N2O.AG.MT.CE.AR5:BIH,2023-12-31,0.473
WDI:EN.GHG.N2O.AG.MT.CE.AR5:BIH,2024-12-31,0.442
WDI:EN.GHG.N2O.AG.MT.CE.AR5:BLR,1970-12-31,11.2934
WDI:EN.GHG.N2O.AG.MT.CE.AR5:BLR,1971-12-31,11.4857
WDI:EN.GHG.N2O.AG.MT.CE.AR5:BLR,1972-12-31,11.5974
WDI:EN.GHG.N2O.AG.MT.CE.AR5:BLR,1973-12-31,11.6715
WDI:EN.GHG.N2O.AG.MT.CE.AR5:BLR,1974-12-31,11.779
WDI:EN.GHG.N2O.AG.MT.CE.AR5:BLR,1975-12-31,11.8219
WDI:EN.GHG.N2O.AG.MT.CE.AR5:BLR,1976-12-31,11.8415
WDI:EN.GHG.N2O.AG.MT.CE.AR5:BLR,1977-12-31,11.8553
WDI:EN.GHG.N2O.AG.MT.CE.AR5:BLR,1978-12-31,12.0317
WDI:EN.GHG.N2O.AG.MT.CE.AR5:BLR,1979-12-31,12.0597
WDI:EN.GHG.N2O.AG.MT.CE.AR5:BLR,1980-12-31,12.0953
WDI:EN.GHG.N2O.AG.MT.CE.AR5:BLR,1981-12-31,12.0789
WDI:EN.GHG.N2O.AG.MT.CE.AR5:BLR,1982-12-31,12.1495
WDI:EN.GHG.N2O.AG.MT.CE.AR5:BLR,1983-12-31,12.2475
WDI:EN.GHG.N2O.AG.MT.CE.AR5:BLR,1984-12-31,12.3031
WDI:EN.GHG.N2O.AG.MT.CE.AR5:BLR,1985-12-31,12.3391
WDI:EN.GHG.N2O.AG.MT.CE.AR5:BLR,1986-12-31,12.3634
WDI:EN.GHG.N2O.AG.MT.CE.AR5:BLR,1987-12-31,12.417
WDI:EN.GHG.N2O.AG.MT.CE.AR5:BLR,1988-12-31,12.2825
WDI:EN.GHG.N2O.AG.MT.CE.AR5:BLR,1989-12-31,12.3513
WDI:EN.GHG.N2O.AG.MT.CE.AR5:BLR,1990-12-31,12.3406
WDI:EN.GHG.N2O.AG.MT.CE.AR5:BLR,1991-12-31,12.1725
WDI:EN.GHG.N2O.AG.MT.CE.AR5:BLR,1992-12-31,11.8446
WDI:EN.GHG.N2O.AG.MT.CE.AR5:BLR,1993-12-31,11.6545
WDI:EN.GHG.N2O.AG.MT.CE.AR5:BLR,1994-12-31,11.3603
WDI:EN.GHG.N2O.AG.MT.CE.AR5:BLR,1995-12-31,11.1833
WDI:EN.GHG.N2O.AG.MT.CE.AR5:BLR,1996-12-31,11.0426
WDI:EN.GHG.N2O.AG.MT.CE.AR5:BLR,1997-12-31,10.9907
WDI:EN.GHG.N2O.AG.MT.CE.AR5:BLR,1998-12-31,10.9366
WDI:EN.GHG.N2O.AG.MT.CE.AR5:BLR,1999-12-31,10.9183
WDI:EN.GHG.N2O.AG.MT.CE.AR5:BLR,2000-12-31,10.8106
WDI:EN.GHG.N2O.AG.MT.CE.AR5:BLR,2001-12-31,10.7567
WDI:EN.GHG.N2O.AG.MT.CE.AR5:BLR,2002-12-31,10.6678
WDI:EN.GHG.N2O.AG.MT.CE.AR5:BLR,2003-12-31,10.5852
WDI:EN.GHG.N2O.AG.MT.CE.AR5:BLR,2004-12-31,10.5651
WDI:EN.GHG.N2O.AG.MT.CE.AR5:BLR,2005-12-31,10.5526
WDI:EN.GHG.N2O.AG.MT.CE.AR5:BLR,2006-12-31,10.5672
WDI:EN.GHG.N2O.AG.MT.CE.AR5:BLR,2007-12-31,10.6058
WDI:EN.GHG.N2O.AG.MT.CE.AR5:BLR,2008-12-31,13.522
WDI:EN.GHG.N2O.AG.MT.CE.AR5:BLR,2009-12-31,13.4321
WDI:EN.GHG.N2O.AG.MT.CE.AR5:BLR,2010-12-31,13.4865
WDI:EN.GHG.N2O.AG.MT.CE.AR5:BLR,2011-12-31,13.8846
WDI:EN.GHG.N2O.AG.MT.CE.AR5:BLR,2012-12-31,13.7978
WDI:EN.GHG.N2O.AG.MT.CE.AR5:BLR,2013-12-31,13.6535
WDI:EN.GHG.N2O.AG.MT.CE.AR5:BLR,2014-12-31,13.2761
WDI:EN.GHG.N2O.AG.MT.CE.AR5:BLR,2015-12-31,13.2486
WDI:EN.GHG.N2O.AG.MT.CE.AR5:BLR,2016-12-31,12.5734
WDI:EN.GHG.N2O.AG.MT.CE.AR5:BLR,2017-12-31,12.9175
WDI:EN.GHG.N2O.AG.MT.CE.AR5:BLR,2018-12-31,12.8016
WDI:EN.GHG.N2O.AG.MT.CE.AR5:BLR,2019-12-31,12.7498
WDI:EN.GHG.N2O.AG.MT.CE.AR5:BLR,2020-12-31,13.1079
WDI:EN.GHG.N2O.AG.MT.CE.AR5:BLR,2021-12-31,12.8183
WDI:EN.GHG.N2O.AG.MT.CE.AR5:BLR,2022-12-31,13.1163
WDI:EN.GHG.N2O.AG.MT.CE.AR5:BLR,2023-12-31,13.1893
WDI:EN.GHG.N2O.AG.MT.CE.AR5:BLR,2024-12-31,13.3173
WDI:EN.GHG.N2O.AG.MT.CE.AR5:BLZ,1970-12-31,0.025
WDI:EN.GHG.N2O.AG.MT.CE.AR5:BLZ,1971-12-31,0.026
WDI:EN.GHG.N2O.AG.MT.CE.AR5:BLZ,1972-12-31,0.0269
WDI:EN.GHG.N2O.AG.MT.CE.AR5:BLZ,1973-12-31,0.0278
WDI:EN.GHG.N2O.AG.MT.CE.AR5:BLZ,1974-12-31,0.0292
WDI:EN.GHG.N2O.AG.MT.CE.AR5:BLZ,1975-12-31,0.0301
WDI:EN.GHG.N2O.AG.MT.CE.AR5:BLZ,1976-12-31,0.0302
WDI:EN.GHG.N2O.AG.MT.CE.AR5:BLZ,1977-12-31,0.0314
WDI:EN.GHG.N2O.AG.MT.CE.AR5:BLZ,1978-12-31,0.0318
WDI:EN.GHG.N2O.AG.MT.CE.AR5:BLZ,1979-12-31,0.0317
WDI:EN.GHG.N2O.AG.MT.CE.AR5:BLZ,1980-12-31,0.0319
WDI:EN.GHG.N2O.AG.MT.CE.AR5:BLZ,1981-12-31,0.0321
WDI:EN.GHG.N2O.AG.MT.CE.AR5:BLZ,1982-12-31,0.0327
WDI:EN.GHG.N2O.AG.MT.CE.AR5:BLZ,1983-12-31,0.0333
WDI:EN.GHG.N2O.AG.MT.CE.AR5:BLZ,1984-12-31,0.0334
WDI:EN.GHG.N2O.AG.MT.CE.AR5:BLZ,1985-12-31,0.0332
WDI:EN.GHG.N2O.AG.MT.CE.AR5:BLZ,1986-12-31,0.0332
WDI:EN.GHG.N2O.AG.MT.CE.AR5:BLZ,1987-12-31,0.0339
WDI:EN.GHG.N2O.AG.MT.CE.AR5:BLZ,1988-12-31,0.0345
WDI:EN.GHG.N2O.AG.MT.CE.AR5:BLZ,1989-12-31,0.0346
WDI:EN.GHG.N2O.AG.MT.CE.AR5:BLZ,1990-12-31,0.0388
WDI:EN.GHG.N2O.AG.MT.CE.AR5:BLZ,1991-12-31,0.0393
WDI:EN.GHG.N2O.AG.MT.CE.AR5:BLZ,1992-12-31,0.0441
WDI:EN.GHG.N2O.AG.MT.CE.AR5:BLZ,1993-12-31,0.0396
WDI:EN.GHG.N2O.AG.MT.CE.AR5:BLZ,1994-12-31,0.0395
WDI:EN.GHG.N2O.AG.MT.CE.AR5:BLZ,1995-12-31,0.0334
WDI:EN.GHG.N2O.AG.MT.CE.AR5:BLZ,1996-12-31,0.0351
WDI:EN.GHG.N2O.AG.MT.CE.AR5:BLZ,1997-12-31,0.0353
WDI:EN.GHG.N2O.AG.MT.CE.AR5:BLZ,1998-12-31,0.0366
WDI:EN.GHG.N2O.AG.MT.CE.AR5:BLZ,1999-12-31,0.0392
WDI:EN.GHG.N2O.AG.MT.CE.AR5:BLZ,2000-12-31,0.0365
WDI:EN.GHG.N2O.AG.MT.CE.AR5:BLZ,2001-12-31,0.0406
WDI:EN.GHG.N2O.AG.MT.CE.AR5:BLZ,2002-12-31,0.0418
WDI:EN.GHG.N2O.AG.MT.CE.AR5:BLZ,2003-12-31,0.0418
WDI:EN.GHG.N2O.AG.MT.CE.AR5:BLZ,2004-12-31,0.0428
WDI:EN.GHG.N2O.AG.MT.CE.AR5:BLZ,2005-12-31,0.0424
WDI:EN.GHG.N2O.AG.MT.CE.AR5:BLZ,2006-12-31,0.0462
WDI:EN.GHG.N2O.AG.MT.CE.AR5:BLZ,2007-12-31,0.0488
WDI:EN.GHG.N2O.AG.MT.CE.AR5:BLZ,2008-12-31,0.0515
WDI:EN.GHG.N2O.AG.MT.CE.AR5:BLZ,2009-12-31,0.057
WDI:EN.GHG.N2O.AG.MT.CE.AR5:BLZ,2010-12-31,0.0588
WDI:EN.GHG.N2O.AG.MT.CE.AR5:BLZ,2011-12-31,0.06
WDI:EN.GHG.N2O.AG.MT.CE.AR5:BLZ,2012-12-31,0.063
WDI:EN.GHG.N2O.AG.MT.CE.AR5:BLZ,2013-12-31,0.0677
WDI:EN.GHG.N2O.AG.MT.CE.AR5:BLZ,2014-12-31,0.061
WDI:EN.GHG.N2O.AG.MT.CE.AR5:BLZ,2015-12-31,0.0616
WDI:EN.GHG.N2O.AG.MT.CE.AR5:BLZ,2016-12-31,0.0636
WDI:EN.GHG.N2O.AG.MT.CE.AR5:BLZ,2017-12-31,0.0662
WDI:EN.GHG.N2O.AG.MT.CE.AR5:BLZ,2018-12-31,0.0665
WDI:EN.GHG.N2O.AG.MT.CE.AR5:BLZ,2019-12-31,0.067
WDI:EN.GHG.N2O.AG.MT.CE.AR5:BLZ,2020-12-31,0.0677
WDI:EN.GHG.N2O.AG.MT.CE.AR5:BLZ,2021-12-31,0.0704
WDI:EN.GHG.N2O.AG.MT.CE.AR5:BLZ,2022-12-31,0.0712
WDI:EN.GHG.N2O.AG.MT.CE.AR5:BLZ,2023-12-31,0.0698
WDI:EN.GHG.N2O.AG.MT.CE.AR5:BLZ,2024-12-31,0.0704
WDI:EN.GHG.N2O.AG.MT.CE.AR5:BMU,1970-12-31,0.0009
WDI:EN.GHG.N2O.AG.MT.CE.AR5:BMU,1971-12-31,0.001
WDI:EN.GHG.N2O.AG.MT.CE.AR5:BMU,1972-12-31,0.0009
WDI:EN.GHG.N2O.AG.MT.CE.AR5:BMU,1973-12-31,0.0008
WDI:EN.GHG.N2O.AG.MT.CE.AR5:BMU,1974-12-31,0.0006
WDI:EN.GHG.N2O.AG.MT.CE.AR5:BMU,1975-12-31,0.0006
WDI:EN.GHG.N2O.AG.MT.CE.AR5:BMU,1976-12-31,0.0007
WDI:EN.GHG.N2O.AG.MT.CE.AR5:BMU,1977-12-31,0.0007
WDI:EN.GHG.N2O.AG.MT.CE.AR5:BMU,1978-12-31,0.0008
WDI:EN.GHG.N2O.AG.MT.CE.AR5:BMU,1979-12-31,0.0008
WDI:EN.GHG.N2O.AG.MT.CE.AR5:BMU,1980-12-31,0.0009
WDI:EN.GHG.N2O.AG.MT.CE.AR5:BMU,1981-12-31,0.0009
WDI:EN.GHG.N2O.AG.MT.CE.AR5:BMU,1982-12-31,0.0009
WDI:EN.GHG.N2O.AG.MT.CE.AR5:BMU,1983-12-31,0.0009
WDI:EN.GHG.N2O.AG.MT.CE.AR5:BMU,1984-12-31,0.0009
WDI:EN.GHG.N2O.AG.MT.CE.AR5:BMU,1985-12-31,0.0008
WDI:EN.GHG.N2O.AG.MT.CE.AR5:BMU,1986-12-31,0.0008
WDI:EN.GHG.N2O.AG.MT.CE.AR5:BMU,1987-12-31,0.0008
WDI:EN.GHG.N2O.AG.MT.CE.AR5:BMU,1988-12-31,0.0008
WDI:EN.GHG.N2O.AG.MT.CE.AR5:BMU,1989-12-31,0.0009
WDI:EN.GHG.N2O.AG.MT.CE.AR5:BMU,1990-12-31,0.0009
WDI:EN.GHG.N2O.AG.MT.CE.AR5:BMU,1991-12-31,0.0009
WDI:EN.GHG.N2O.AG.MT.CE.AR5:BMU,1992-12-31,0.0009
WDI:EN.GHG.N2O.AG.MT.CE.AR5:BMU,1993-12-31,0.0008
WDI:EN.GHG.N2O.AG.MT.CE.AR5:BMU,1994-12-31,0.0008
WDI:EN.GHG.N2O.AG.MT.CE.AR5:BMU,1995-12-31,0.0008
WDI:EN.GHG.N2O.AG.MT.CE.AR5:BMU,1996-12-31,0.0007
WDI:EN.GHG.N2O.AG.MT.CE.AR5:BMU,1997-12-31,0.0007
WDI:EN.GHG.N2O.AG.MT.CE.AR5:BMU,1998-12-31,0.0007
WDI:EN.GHG.N2O.AG.MT.CE.AR5:BMU,1999-12-31,0.0007
WDI:EN.GHG.N2O.AG.MT.CE.AR5:BMU,2000-12-31,0.0007
WDI:EN.GHG.N2O.AG.MT.CE.AR5:BMU,2001-12-31,0.0007
WDI:EN.GHG.N2O.AG.MT.CE.AR5:BMU,2002-12-31,0.0007
WDI:EN.GHG.N2O.AG.MT.CE.AR5:BMU,2003-12-31,0.0007
WDI:EN.GHG.N2O.AG.MT.CE.AR5:BMU,2004-12-31,0.0007
WDI:EN.GHG.N2O.AG.MT.CE.AR5:BMU,2005-12-31,0.0008
WDI:EN.GHG.N2O.AG.MT.CE.AR5:BMU,2006-12-31,0.0008
WDI:EN.GHG.N2O.AG.MT.CE.AR5:BMU,2007-12-31,0.0008
WDI:EN.GHG.N2O.AG.MT.CE.AR5:BMU,2008-12-31,0.0008
WDI:EN.GHG.N2O.AG.MT.CE.AR5:BMU,2009-12-31,0.0008
WDI:EN.GHG.N2O.AG.MT.CE.AR5:BMU,2010-12-31,0.0008
WDI:EN.GHG.N2O.AG.MT.CE.AR5:BMU,2011-12-31,0.0008
WDI:EN.GHG.N2O.AG.MT.CE.AR5:BMU,2012-12-31,0.0008
WDI:EN.GHG.N2O.AG.MT.CE.AR5:BMU,2013-12-31,0.0008
WDI:EN.GHG.N2O.AG.MT.CE.AR5:BMU,2014-12-31,0.0008
WDI:EN.GHG.N2O.AG.MT.CE.AR5:BMU,2015-12-31,0.0008
WDI:EN.GHG.N2O.AG.MT.CE.AR5:BMU,2016-12-31,0.0008
WDI:EN.GHG.N2O.AG.MT.CE.AR5:BMU,2017-12-31,0.0008
WDI:EN.GHG.N2O.AG.MT.CE.AR5:BMU,2018-12-31,0.0008
WDI:EN.GHG.N2O.AG.MT.CE.AR5:BMU,2019-12-31,0.0008
WDI:EN.GHG.N2O.AG.MT.CE.AR5:BMU,2020-12-31,0.0008
WDI:EN.GHG.N2O.AG.MT.CE.AR5:BMU,2021-12-31,0.0008
WDI:EN.GHG.N2O.AG.MT.CE.AR5:BMU,2022-12-31,0.0008
WDI:EN.GHG.N2O.AG.MT.CE.AR5:BMU,2023-12-31,0.0008
WDI:EN.GHG.N2O.AG.MT.CE.AR5:BMU,2024-12-31,0.0008
WDI:EN.GHG.N2O.AG.MT.CE.AR5:BOL,1970-12-31,1.5163
WDI:EN.GHG.N2O.AG.MT.CE.AR5:BOL,1971-12-31,1.5804
WDI:EN.GHG.N2O.AG.MT.CE.AR5:BOL,1972-12-31,1.6604
WDI:EN.GHG.N2O.AG.MT.CE.AR5:BOL,1973-12-31,1.7058
WDI:EN.GHG.N2O.AG.MT.CE.AR5:BOL,1974-12-31,1.8588
WDI:EN.GHG.N2O.AG.MT.CE.AR5:BOL,1975-12-31,1.9547
WDI:EN.GHG.N2O.AG.MT.CE.AR5:BOL,1976-12-31,2.0536
WDI:EN.GHG.N2O.AG.MT.CE.AR5:BOL,1977-12-31,2.159
WDI:EN.GHG.N2O.AG.MT.CE.AR5:BOL,1978-12-31,2.3786
WDI:EN.GHG.N2O.AG.MT.CE.AR5:BOL,1979-12-31,2.5133
WDI:EN.GHG.N2O.AG.MT.CE.AR5:BOL,1980-12-31,2.5503
WDI:EN.GHG.N2O.AG.MT.CE.AR5:BOL,1981-12-31,2.4811
WDI:EN.GHG.N2O.AG.MT.CE.AR5:BOL,1982-12-31,2.4644
WDI:EN.GHG.N2O.AG.MT.CE.AR5:BOL,1983-12-31,2.7415
WDI:EN.GHG.N2O.AG.MT.CE.AR5:BOL,1984-12-31,2.5314
WDI:EN.GHG.N2O.AG.MT.CE.AR5:BOL,1985-12-31,2.6832
WDI:EN.GHG.N2O.AG.MT.CE.AR5:BOL,1986-12-31,2.4679
WDI:EN.GHG.N2O.AG.MT.CE.AR5:BOL,1987-12-31,2.6137
WDI:EN.GHG.N2O.AG.MT.CE.AR5:BOL,1988-12-31,2.7059
WDI:EN.GHG.N2O.AG.MT.CE.AR5:BOL,1989-12-31,2.7632
WDI:EN.GHG.N2O.AG.MT.CE.AR5:BOL,1990-12-31,2.4175
WDI:EN.GHG.N2O.AG.MT.CE.AR5:BOL,1991-12-31,2.4993
WDI:EN.GHG.N2O.AG.MT.CE.AR5:BOL,1992-12-31,2.545
WDI:EN.GHG.N2O.AG.MT.CE.AR5:BOL,1993-12-31,2.628
WDI:EN.GHG.N2O.AG.MT.CE.AR5:BOL,1994-12-31,2.7507
WDI:EN.GHG.N2O.AG.MT.CE.AR5:BOL,1995-12-31,2.8482
WDI:EN.GHG.N2O.AG.MT.CE.AR5:BOL,1996-12-31,2.9044
WDI:EN.GHG.N2O.AG.MT.CE.AR5:BOL,1997-12-31,3.0053
WDI:EN.GHG.N2O.AG.MT.CE.AR5:BOL,1998-12-31,3.1181
WDI:EN.GHG.N2O.AG.MT.CE.AR5:BOL,1999-12-31,3.2099
WDI:EN.GHG.N2O.AG.MT.CE.AR5:BOL,2000-12-31,3.3671
WDI:EN.GHG.N2O.AG.MT.CE.AR5:BOL,2001-12-31,3.2621
WDI:EN.GHG.N2O.AG.MT.CE.AR5:BOL,2002-12-31,3.3486
WDI:EN.GHG.N2O.AG.MT.CE.AR5:BOL,2003-12-31,3.4693
WDI:EN.GHG.N2O.AG.MT.CE.AR5:BOL,2004-12-31,3.5635
WDI:EN.GHG.N2O.AG.MT.CE.AR5:BOL,2005-12-31,3.7058
WDI:EN.GHG.N2O.AG.MT.CE.AR5:BOL,2006-12-31,3.8363
WDI:EN.GHG.N2O.AG.MT.CE.AR5:BOL,2007-12-31,3.9545
WDI:EN.GHG.N2O.AG.MT.CE.AR5:BOL,2008-12-31,4.0618
WDI:EN.GHG.N2O.AG.MT.CE.AR5:BOL,2009-12-31,4.1921
WDI:EN.GHG.N2O.AG.MT.CE.AR5:BOL,2010-12-31,4.3428
WDI:EN.GHG.N2O.AG.MT.CE.AR5:BOL,2011-12-31,4.4385
WDI:EN.GHG.N2O.AG.MT.CE.AR5:BOL,2012-12-31,4.5527
WDI:EN.GHG.N2O.AG.MT.CE.AR5:BOL,2013-12-31,4.6821
WDI:EN.GHG.N2O.AG.MT.CE.AR5:BOL,2014-12-31,4.5468
WDI:EN.GHG.N2O.AG.MT.CE.AR5:BOL,2015-12-31,4.6403
WDI:EN.GHG.N2O.AG.MT.CE.AR5:BOL,2016-12-31,4.7076
WDI:EN.GHG.N2O.AG.MT.CE.AR5:BOL,2017-12-31,4.7592
WDI:EN.GHG.N2O.AG.MT.CE.AR5:BOL,2018-12-31,4.915
WDI:EN.GHG.N2O.AG.MT.CE.AR5:BOL,2019-12-31,4.9827
WDI:EN.GHG.N2O.AG.MT.CE.AR5:BOL,2020-12-31,5.1156
WDI:EN.GHG.N2O.AG.MT.CE.AR5:BOL,2021-12-31,5.2459
WDI:EN.GHG.N2O.AG.MT.CE.AR5:BOL,2022-12-31,5.3409
WDI:EN.GHG.N2O.AG.MT.CE.AR5:BOL,2023-12-31,5.4881
WDI:EN.GHG.N2O.AG.MT.CE.AR5:BOL,2024-12-31,5.6044
WDI:EN.GHG.N2O.AG.MT.CE.AR5:BRA,1970-12-31,37.1378
WDI:EN.GHG.N2O.AG.MT.CE.AR5:BRA,1971-12-31,38.2084
WDI:EN.GHG.N2O.AG.MT.CE.AR5:BRA,1972-12-31,39.7965
WDI:EN.GHG.N2O.AG.MT.CE.AR5:BRA,1973-12-31,40.9185
WDI:EN.GHG.N2O.AG.MT.CE.AR5:BRA,1974-12-31,43.3088
WDI:EN.GHG.N2O.AG.MT.CE.AR5:BRA,1975-12-31,44.6489
WDI:EN.GHG.N2O.AG.MT.CE.AR5:BRA,1976-12-31,48.3948
WDI:EN.GHG.N2O.AG.MT.CE.AR5:BRA,1977-12-31,51.2861
WDI:EN.GHG.N2O.AG.MT.CE.AR5:BRA,1978-12-31,50.6993
WDI:EN.GHG.N2O.AG.MT.CE.AR5:BRA,1979-12-31,52.522
WDI:EN.GHG.N2O.AG.MT.CE.AR5:BRA,1980-12-31,56.5256
WDI:EN.GHG.N2O.AG.MT.CE.AR5:BRA,1981-12-31,56.2322
WDI:EN.GHG.N2O.AG.MT.CE.AR5:BRA,1982-12-31,57.0735
WDI:EN.GHG.N2O.AG.MT.CE.AR5:BRA,1983-12-31,56.5998
WDI:EN.GHG.N2O.AG.MT.CE.AR5:BRA,1984-12-31,59.7466
WDI:EN.GHG.N2O.AG.MT.CE.AR5:BRA,1985-12-31,60.6169
WDI:EN.GHG.N2O.AG.MT.CE.AR5:BRA,1986-12-31,62.8021
WDI:EN.GHG.N2O.AG.MT.CE.AR5:BRA,1987-12-31,64.6017
WDI:EN.GHG.N2O.AG.MT.CE.AR5:BRA,1988-12-31,65.1702
WDI:EN.GHG.N2O.AG.MT.CE.AR5:BRA,1989-12-31,67.049
WDI:EN.GHG.N2O.AG.MT.CE.AR5:BRA,1990-12-31,67.5164
WDI:EN.GHG.N2O.AG.MT.CE.AR5:BRA,1991-12-31,70.7778
WDI:EN.GHG.N2O.AG.MT.CE.AR5:BRA,1992-12-31,73.6083
WDI:EN.GHG.N2O.AG.MT.CE.AR5:BRA,1993-12-31,76.5477
WDI:EN.GHG.N2O.AG.MT.CE.AR5:BRA,1994-12-31,80.9369
WDI:EN.GHG.N2O.AG.MT.CE.AR5:BRA,1995-12-31,83.6148
WDI:EN.GHG.N2O.AG.MT.CE.AR5:BRA,1996-12-31,79.6182
WDI:EN.GHG.N2O.AG.MT.CE.AR5:BRA,1997-12-31,81.7389
WDI:EN.GHG.N2O.AG.MT.CE.AR5:BRA,1998-12-31,82.5078
WDI:EN.GHG.N2O.AG.MT.CE.AR5:BRA,1999-12-31,83.4771
WDI:EN.GHG.N2O.AG.MT.CE.AR5:BRA,2000-12-31,86.7366
WDI:EN.GHG.N2O.AG.MT.CE.AR5:BRA,2001-12-31,88.3828
WDI:EN.GHG.N2O.AG.MT.CE.AR5:BRA,2002-12-31,92.3816
WDI:EN.GHG.N2O.AG.MT.CE.AR5:BRA,2003-12-31,100.5894
WDI:EN.GHG.N2O.AG.MT.CE.AR5:BRA,2004-12-31,104.3325
WDI:EN.GHG.N2O.AG.MT.CE.AR5:BRA,2005-12-31,104.7508
WDI:EN.GHG.N2O.AG.MT.CE.AR5:BRA,2006-12-31,104.7655
WDI:EN.GHG.N2O.AG.MT.CE.AR5:BRA,2007-12-31,107.419
WDI:EN.GHG.N2O.AG.MT.CE.AR5:BRA,2008-12-31,108.0092
WDI:EN.GHG.N2O.AG.MT.CE.AR5:BRA,2009-12-31,107.6802
WDI:EN.GHG.N2O.AG.MT.CE.AR5:BRA,2010-12-31,111.4864
WDI:EN.GHG.N2O.AG.MT.CE.AR5:BRA,2011-12-31,117.6168
WDI:EN.GHG.N2O.AG.MT.CE.AR5:BRA,2012-12-31,116.2523
WDI:EN.GHG.N2O.AG.MT.CE.AR5:BRA,2013-12-31,118.3313
WDI:EN.GHG.N2O.AG.MT.CE.AR5:BRA,2014-12-31,120.1113
WDI:EN.GHG.N2O.AG.MT.CE.AR5:BRA,2015-12-31,120.0672
WDI:EN.GHG.N2O.AG.MT.CE.AR5:BRA,2016-12-31,125.0617
WDI:EN.GHG.N2O.AG.MT.CE.AR5:BRA,2017-12-31,125.5125
WDI:EN.GHG.N2O.AG.MT.CE.AR5:BRA,2018-12-31,124.4207
WDI:EN.GHG.N2O.AG.MT.CE.AR5:BRA,2019-12-31,125.6401
WDI:EN.GHG.N2O.AG.MT.CE.AR5:BRA,2020-12-31,132.925
WDI:EN.GHG.N2O.AG.MT.CE.AR5:BRA,2021-12-31,139.4922
WDI:EN.GHG.N2O.AG.MT.CE.AR5:BRA,2022-12-31,141.9218
WDI:EN.GHG.N2O.AG.MT.CE.AR5:BRA,2023-12-31,146.4691
WDI:EN.GHG.N2O.AG.MT.CE.AR5:BRA,2024-12-31,146.3134
WDI:EN.GHG.N2O.AG.MT.CE.AR5:BRB,1970-12-31,0.0206
WDI:EN.GHG.N2O.AG.MT.CE.AR5:BRB,1971-12-31,0.0204
WDI:EN.GHG.N2O.AG.MT.CE.AR5:BRB,1972-12-31,0.0197
WDI:EN.GHG.N2O.AG.MT.CE.AR5:BRB,1973-12-31,0.02
WDI:EN.GHG.N2O.AG.MT.CE.AR5:BRB,1974-12-31,0.02
WDI:EN.GHG.N2O.AG.MT.CE.AR5:BRB,1975-12-31,0.018
WDI:EN.GHG.N2O.AG.MT.CE.AR5:BRB,1976-12-31,0.0187
WDI:EN.GHG.N2O.AG.MT.CE.AR5:BRB,1977-12-31,0.0195
WDI:EN.GHG.N2O.AG.MT.CE.AR5:BRB,1978-12-31,0.021
WDI:EN.GHG.N2O.AG.MT.CE.AR5:BRB,1979-12-31,0.0211
WDI:EN.GHG.N2O.AG.MT.CE.AR5:BRB,1980-12-31,0.0224
WDI:EN.GHG.N2O.AG.MT.CE.AR5:BRB,1981-12-31,0.022
WDI:EN.GHG.N2O.AG.MT.CE.AR5:BRB,1982-12-31,0.0211
WDI:EN.GHG.N2O.AG.MT.CE.AR5:BRB,1983-12-31,0.0207
WDI:EN.GHG.N2O.AG.MT.CE.AR5:BRB,1984-12-31,0.0197
WDI:EN.GHG.N2O.AG.MT.CE.AR5:BRB,1985-12-31,0.0192
WDI:EN.GHG.N2O.AG.MT.CE.AR5:BRB,1986-12-31,0.02
WDI:EN.GHG.N2O.AG.MT.CE.AR5:BRB,1987-12-31,0.0204
WDI:EN.GHG.N2O.AG.MT.CE.AR5:BRB,1988-12-31,0.0212
WDI:EN.GHG.N2O.AG.MT.CE.AR5:BRB,1989-12-31,0.0234
WDI:EN.GHG.N2O.AG.MT.CE.AR5:BRB,1990-12-31,0.0217
WDI:EN.GHG.N2O.AG.MT.CE.AR5:BRB,1991-12-31,0.0252
WDI:EN.GHG.N2O.AG.MT.CE.AR5:BRB,1992-12-31,0.0243
WDI:EN.GHG.N2O.AG.MT.CE.AR5:BRB,1993-12-31,0.0231
WDI:EN.GHG.N2O.AG.MT.CE.AR5:BRB,1994-12-31,0.0238
WDI:EN.GHG.N2O.AG.MT.CE.AR5:BRB,1995-12-31,0.024
WDI:EN.GHG.N2O.AG.MT.CE.AR5:BRB,1996-12-31,0.025
WDI:EN.GHG.N2O.AG.MT.CE.AR5:BRB,1997-12-31,0.0243
WDI:EN.GHG.N2O.AG.MT.CE.AR5:BRB,1998-12-31,0.0235
WDI:EN.GHG.N2O.AG.MT.CE.AR5:BRB,1999-12-31,0.0228
WDI:EN.GHG.N2O.AG.MT.CE.AR5:BRB,2000-12-31,0.0218
WDI:EN.GHG.N2O.AG.MT.CE.AR5:BRB,2001-12-31,0.0194
WDI:EN.GHG.N2O.AG.MT.CE.AR5:BRB,2002-12-31,0.0184
WDI:EN.GHG.N2O.AG.MT.CE.AR5:BRB,2003-12-31,0.0182
WDI:EN.GHG.N2O.AG.MT.CE.AR5:BRB,2004-12-31,0.0193
WDI:EN.GHG.N2O.AG.MT.CE.AR5:BRB,2005-12-31,0.0191
WDI:EN.GHG.N2O.AG.MT.CE.AR5:BRB,2006-12-31,0.0182
WDI:EN.GHG.N2O.AG.MT.CE.AR5:BRB,2007-12-31,0.0181
WDI:EN.GHG.N2O.AG.MT.CE.AR5:BRB,2008-12-31,0.0182
WDI:EN.GHG.N2O.AG.MT.CE.AR5:BRB,2009-12-31,0.0189
WDI:EN.GHG.N2O.AG.MT.CE.AR5:BRB,2010-12-31,0.0188
WDI:EN.GHG.N2O.AG.MT.CE.AR5:BRB,2011-12-31,0.0189
WDI:EN.GHG.N2O.AG.MT.CE.AR5:BRB,2012-12-31,0.0191
WDI:EN.GHG.N2O.AG.MT.CE.AR5:BRB,2013-12-31,0.019
WDI:EN.GHG.N2O.AG.MT.CE.AR5:BRB,2014-12-31,0.0189
WDI:EN.GHG.N2O.AG.MT.CE.AR5:BRB,2015-12-31,0.0193
WDI:EN.GHG.N2O.AG.MT.CE.AR5:BRB,2016-12-31,0.0206
WDI:EN.GHG.N2O.AG.MT.CE.AR5:BRB,2017-12-31,0.0211
WDI:EN.GHG.N2O.AG.MT.CE.AR5:BRB,2018-12-31,0.0217
WDI:EN.GHG.N2O.AG.MT.CE.AR5:BRB,2019-12-31,0.021
WDI:EN.GHG.N2O.AG.MT.CE.AR5:BRB,2020-12-31,0.0213
WDI:EN.GHG.N2O.AG.MT.CE.AR5:BRB,2021-12-31,0.0214
WDI:EN.GHG.N2O.AG.MT.CE.AR5:BRB,2022-12-31,0.0217
WDI:EN.GHG.N2O.AG.MT.CE.AR5:BRB,2023-12-31,0.0214
WDI:EN.GHG.N2O.AG.MT.CE.AR5:BRB,2024-12-31,0.0215
WDI:EN.GHG.N2O.AG.MT.CE.AR5:BRN,1970-12-31,0.0225
WDI:EN.GHG.N2O.AG.MT.CE.AR5:BRN,1971-12-31,0.0223
WDI:EN.GHG.N2O.AG.MT.CE.AR5:BRN,1972-12-31,0.0216
WDI:EN.GHG.N2O.AG.MT.CE.AR5:BRN,1973-12-31,0.0214
WDI:EN.GHG.N2O.AG.MT.CE.AR5:BRN,1974-12-31,0.0222
WDI:EN.GHG.N2O.AG.MT.CE.AR5:BRN,1975-12-31,0.0218
WDI:EN.GHG.N2O.AG.MT.CE.AR5:BRN,1976-12-31,0.0215
WDI:EN.GHG.N2O.AG.MT.CE.AR5:BRN,1977-12-31,0.0215
WDI:EN.GHG.N2O.AG.MT.CE.AR5:BRN,1978-12-31,0.0212
WDI:EN.GHG.N2O.AG.MT.CE.AR5:BRN,1979-12-31,0.0215
WDI:EN.GHG.N2O.AG.MT.CE.AR5:BRN,1980-12-31,0.0221
WDI:EN.GHG.N2O.AG.MT.CE.AR5:BRN,1981-12-31,0.0227
WDI:EN.GHG.N2O.AG.MT.CE.AR5:BRN,1982-12-31,0.023
WDI:EN.GHG.N2O.AG.MT.CE.AR5:BRN,1983-12-31,0.0229
WDI:EN.GHG.N2O.AG.MT.CE.AR5:BRN,1984-12-31,0.0224
WDI:EN.GHG.N2O.AG.MT.CE.AR5:BRN,1985-12-31,0.0233
WDI:EN.GHG.N2O.AG.MT.CE.AR5:BRN,1986-12-31,0.0204
WDI:EN.GHG.N2O.AG.MT.CE.AR5:BRN,1987-12-31,0.0216
WDI:EN.GHG.N2O.AG.MT.CE.AR5:BRN,1988-12-31,0.0207
WDI:EN.GHG.N2O.AG.MT.CE.AR5:BRN,1989-12-31,0.0201
WDI:EN.GHG.N2O.AG.MT.CE.AR5:BRN,1990-12-31,0.0203
WDI:EN.GHG.N2O.AG.MT.CE.AR5:BRN,1991-12-31,0.0207
WDI:EN.GHG.N2O.AG.MT.CE.AR5:BRN,1992-12-31,0.0213
WDI:EN.GHG.N2O.AG.MT.CE.AR5:BRN,1993-12-31,0.0219
WDI:EN.GHG.N2O.AG.MT.CE.AR5:BRN,1994-12-31,0.022
WDI:EN.GHG.N2O.AG.MT.CE.AR5:BRN,1995-12-31,0.0227
WDI:EN.GHG.N2O.AG.MT.CE.AR5:BRN,1996-12-31,0.0228
WDI:EN.GHG.N2O.AG.MT.CE.AR5:BRN,1997-12-31,0.026
WDI:EN.GHG.N2O.AG.MT.CE.AR5:BRN,1998-12-31,0.0282
WDI:EN.GHG.N2O.AG.MT.CE.AR5:BRN,1999-12-31,0.0323
WDI:EN.GHG.N2O.AG.MT.CE.AR5:BRN,2000-12-31,0.0354
WDI:EN.GHG.N2O.AG.MT.CE.AR5:BRN,2001-12-31,0.0372
WDI:EN.GHG.N2O.AG.MT.CE.AR5:BRN,2002-12-31,0.0352
WDI:EN.GHG.N2O.AG.MT.CE.AR5:BRN,2003-12-31,0.0375
WDI:EN.GHG.N2O.AG.MT.CE.AR5:BRN,2004-12-31,0.0396
WDI:EN.GHG.N2O.AG.MT.CE.AR5:BRN,2005-12-31,0.0367
WDI:EN.GHG.N2O.AG.MT.CE.AR5:BRN,2006-12-31,0.0398
WDI:EN.GHG.N2O.AG.MT.CE.AR5:BRN,2007-12-31,0.0413
WDI:EN.GHG.N2O.AG.MT.CE.AR5:BRN,2008-12-31,0.0415
WDI:EN.GHG.N2O.AG.MT.CE.AR5:BRN,2009-12-31,0.041
WDI:EN.GHG.N2O.AG.MT.CE.AR5:BRN,2010-12-31,0.0426
WDI:EN.GHG.N2O.AG.MT.CE.AR5:BRN,2011-12-31,0.0409
WDI:EN.GHG.N2O.AG.MT.CE.AR5:BRN,2012-12-31,0.0456
WDI:EN.GHG.N2O.AG.MT.CE.AR5:BRN,2013-12-31,0.0487
WDI:EN.GHG.N2O.AG.MT.CE.AR5:BRN,2014-12-31,0.0451
WDI:EN.GHG.N2O.AG.MT.CE.AR5:BRN,2015-12-31,0.0455
WDI:EN.GHG.N2O.AG.MT.CE.AR5:BRN,2016-12-31,0.0465
WDI:EN.GHG.N2O.AG.MT.CE.AR5:BRN,2017-12-31,0.0449
WDI:EN.GHG.N2O.AG.MT.CE.AR5:BRN,2018-12-31,0.0472
WDI:EN.GHG.N2O.AG.MT.CE.AR5:BRN,2019-12-31,0.0444
WDI:EN.GHG.N2O.AG.MT.CE.AR5:BRN,2020-12-31,0.0491
WDI:EN.GHG.N2O.AG.MT.CE.AR5:BRN,2021-12-31,0.0526
WDI:EN.GHG.N2O.AG.MT.CE.AR5:BRN,2022-12-31,0.0522
WDI:EN.GHG.N2O.AG.MT.CE.AR5:BRN,2023-12-31,0.0528
WDI:EN.GHG.N2O.AG.MT.CE.AR5:BRN,2024-12-31,0.0541
WDI:EN.GHG.N2O.AG.MT.CE.AR5:BTN,1970-12-31,0.0527
WDI:EN.GHG.N2O.AG.MT.CE.AR5:BTN,1971-12-31,0.0534
WDI:EN.GHG.N2O.AG.MT.CE.AR5:BTN,1972-12-31,0.0546
WDI:EN.GHG.N2O.AG.MT.CE.AR5:BTN,1973-12-31,0.0556
WDI:EN.GHG.N2O.AG.MT.CE.AR5:BTN,1974-12-31,0.0568
WDI:EN.GHG.N2O.AG.MT.CE.AR5:BTN,1975-12-31,0.0583
WDI:EN.GHG.N2O.AG.MT.CE.AR5:BTN,1976-12-31,0.0601
WDI:EN.GHG.N2O.AG.MT.CE.AR5:BTN,1977-12-31,0.0614
WDI:EN.GHG.N2O.AG.MT.CE.AR5:BTN,1978-12-31,0.0629
WDI:EN.GHG.N2O.AG.MT.CE.AR5:BTN,1979-12-31,0.0639
WDI:EN.GHG.N2O.AG.MT.CE.AR5:BTN,1980-12-31,0.0652
WDI:EN.GHG.N2O.AG.MT.CE.AR5:BTN,1981-12-31,0.0679
WDI:EN.GHG.N2O.AG.MT.CE.AR5:BTN,1982-12-31,0.0702
WDI:EN.GHG.N2O.AG.MT.CE.AR5:BTN,1983-12-31,0.0727
WDI:EN.GHG.N2O.AG.MT.CE.AR5:BTN,1984-12-31,0.0756
WDI:EN.GHG.N2O.AG.MT.CE.AR5:BTN,1985-12-31,0.078
WDI:EN.GHG.N2O.AG.MT.CE.AR5:BTN,1986-12-31,0.0788
WDI:EN.GHG.N2O.AG.MT.CE.AR5:BTN,1987-12-31,0.082
WDI:EN.GHG.N2O.AG.MT.CE.AR5:BTN,1988-12-31,0.0795
WDI:EN.GHG.N2O.AG.MT.CE.AR5:BTN,1989-12-31,0.0812
WDI:EN.GHG.N2O.AG.MT.CE.AR5:BTN,1990-12-31,0.0865
WDI:EN.GHG.N2O.AG.MT.CE.AR5:BTN,1991-12-31,0.0516
WDI:EN.GHG.N2O.AG.MT.CE.AR5:BTN,1992-12-31,0.0482
WDI:EN.GHG.N2O.AG.MT.CE.AR5:BTN,1993-12-31,0.0493
WDI:EN.GHG.N2O.AG.MT.CE.AR5:BTN,1994-12-31,0.0503
WDI:EN.GHG.N2O.AG.MT.CE.AR5:BTN,1995-12-31,0.0546
WDI:EN.GHG.N2O.AG.MT.CE.AR5:BTN,1996-12-31,0.0542
WDI:EN.GHG.N2O.AG.MT.CE.AR5:BTN,1997-12-31,0.0542
WDI:EN.GHG.N2O.AG.MT.CE.AR5:BTN,1998-12-31,0.0542
WDI:EN.GHG.N2O.AG.MT.CE.AR5:BTN,1999-12-31,0.0554
WDI:EN.GHG.N2O.AG.MT.CE.AR5:BTN,2000-12-31,0.0508
WDI:EN.GHG.N2O.AG.MT.CE.AR5:BTN,2001-12-31,0.0467
WDI:EN.GHG.N2O.AG.MT.CE.AR5:BTN,2002-12-31,0.0454
WDI:EN.GHG.N2O.AG.MT.CE.AR5:BTN,2003-12-31,0.0469
WDI:EN.GHG.N2O.AG.MT.CE.AR5:BTN,2004-12-31,0.0485
WDI:EN.GHG.N2O.AG.MT.CE.AR5:BTN,2005-12-31,0.0534
WDI:EN.GHG.N2O.AG.MT.CE.AR5:BTN,2006-12-31,0.0666
WDI:EN.GHG.N2O.AG.MT.CE.AR5:BTN,2007-12-31,0.0673
WDI:EN.GHG.N2O.AG.MT.CE.AR5:BTN,2008-12-31,0.0744
WDI:EN.GHG.N2O.AG.MT.CE.AR5:BTN,2009-12-31,0.0642
WDI:EN.GHG.N2O.AG.MT.CE.AR5:BTN,2010-12-31,0.064
WDI:EN.GHG.N2O.AG.MT.CE.AR5:BTN,2011-12-31,0.0673
WDI:EN.GHG.N2O.AG.MT.CE.AR5:BTN,2012-12-31,0.0662
WDI:EN.GHG.N2O.AG.MT.CE.AR5:BTN,2013-12-31,0.0684
WDI:EN.GHG.N2O.AG.MT.CE.AR5:BTN,2014-12-31,0.0697
WDI:EN.GHG.N2O.AG.MT.CE.AR5:BTN,2015-12-31,0.0705
WDI:EN.GHG.N2O.AG.MT.CE.AR5:BTN,2016-12-31,0.0744
WDI:EN.GHG.N2O.AG.MT.CE.AR5:BTN,2017-12-31,0.0764
WDI:EN.GHG.N2O.AG.MT.CE.AR5:BTN,2018-12-31,0.0773
WDI:EN.GHG.N2O.AG.MT.CE.AR5:BTN,2019-12-31,0.0776
WDI:EN.GHG.N2O.AG.MT.CE.AR5:BTN,2020-12-31,0.0715
WDI:EN.GHG.N2O.AG.MT.CE.AR5:BTN,2021-12-31,0.0692
WDI:EN.GHG.N2O.AG.MT.CE.AR5:BTN,2022-12-31,0.0651
WDI:EN.GHG.N2O.AG.MT.CE.AR5:BTN,2023-12-31,0.062
WDI:EN.GHG.N2O.AG.MT.CE.AR5:BTN,2024-12-31,0.0593
WDI:EN.GHG.N2O.AG.MT.CE.AR5:BWA,1970-12-31,0.8789
WDI:EN.GHG.N2O.AG.MT.CE.AR5:BWA,1971-12-31,0.9084
WDI:EN.GHG.N2O.AG.MT.CE.AR5:BWA,1972-12-31,1.0423
WDI:EN.GHG.N2O.AG.MT.CE.AR5:BWA,1973-12-31,1.0745
WDI:EN.GHG.N2O.AG.MT.CE.AR5:BWA,1974-12-31,1.1716
WDI:EN.GHG.N2O.AG.MT.CE.AR5:BWA,1975-12-31,1.2813
WDI:EN.GHG.N2O.AG.MT.CE.AR5:BWA,1976-12-31,1.4181
WDI:EN.GHG.N2O.AG.MT.CE.AR5:BWA,1977-12-31,1.5284
WDI:EN.GHG.N2O.AG.MT.CE.AR5:BWA,1978-12-31,1.4332
WDI:EN.GHG.N2O.AG.MT.CE.AR5:BWA,1979-12-31,1.4145
WDI:EN.GHG.N2O.AG.MT.CE.AR5:BWA,1980-12-31,1.455
WDI:EN.GHG.N2O.AG.MT.CE.AR5:BWA,1981-12-31,1.4664
WDI:EN.GHG.N2O.AG.MT.CE.AR5:BWA,1982-12-31,1.4577
WDI:EN.GHG.N2O.AG.MT.CE.AR5:BWA,1983-12-31,1.3829
WDI:EN.GHG.N2O.AG.MT.CE.AR5:BWA,1984-12-31,1.3172
WDI:EN.GHG.N2O.AG.MT.CE.AR5:BWA,1985-12-31,1.2257
WDI:EN.GHG.N2O.AG.MT.CE.AR5:BWA,1986-12-31,1.2006
WDI:EN.GHG.N2O.AG.MT.CE.AR5:BWA,1987-12-31,1.1958
WDI:EN.GHG.N2O.AG.MT.CE.AR5:BWA,1988-12-31,1.3008
WDI:EN.GHG.N2O.AG.MT.CE.AR5:BWA,1989-12-31,1.3885
WDI:EN.GHG.N2O.AG.MT.CE.AR5:BWA,1990-12-31,1.4986
WDI:EN.GHG.N2O.AG.MT.CE.AR5:BWA,1991-12-31,1.266
WDI:EN.GHG.N2O.AG.MT.CE.AR5:BWA,1992-12-31,1.1406
WDI:EN.GHG.N2O.AG.MT.CE.AR5:BWA,1993-12-31,1.0298
WDI:EN.GHG.N2O.AG.MT.CE.AR5:BWA,1994-12-31,1.1501
WDI:EN.GHG.N2O.AG.MT.CE.AR5:BWA,1995-12-31,1.3927
WDI:EN.GHG.N2O.AG.MT.CE.AR5:BWA,1996-12-31,1.2453
WDI:EN.GHG.N2O.AG.MT.CE.AR5:BWA,1997-12-31,1.2601
WDI:EN.GHG.N2O.AG.MT.CE.AR5:BWA,1998-12-31,1.2904
WDI:EN.GHG.N2O.AG.MT.CE.AR5:BWA,1999-12-31,1.3795
WDI:EN.GHG.N2O.AG.MT.CE.AR5:BWA,2000-12-31,1.3931
WDI:EN.GHG.N2O.AG.MT.CE.AR5:BWA,2001-12-31,1.319
WDI:EN.GHG.N2O.AG.MT.CE.AR5:BWA,2002-12-31,1.0848
WDI:EN.GHG.N2O.AG.MT.CE.AR5:BWA,2003-12-31,1.0637
WDI:EN.GHG.N2O.AG.MT.CE.AR5:BWA,2004-12-31,1.0779
WDI:EN.GHG.N2O.AG.MT.CE.AR5:BWA,2005-12-31,1.1263
WDI:EN.GHG.N2O.AG.MT.CE.AR5:BWA,2006-12-31,1.1364
WDI:EN.GHG.N2O.AG.MT.CE.AR5:BWA,2007-12-31,1.1262
WDI:EN.GHG.N2O.AG.MT.CE.AR5:BWA,2008-12-31,1.1699
WDI:EN.GHG.N2O.AG.MT.CE.AR5:BWA,2009-12-31,1.2555
WDI:EN.GHG.N2O.AG.MT.CE.AR5:BWA,2010-12-31,1.3572
WDI:EN.GHG.N2O.AG.MT.CE.AR5:BWA,2011-12-31,1.3075
WDI:EN.GHG.N2O.AG.MT.CE.AR5:BWA,2012-12-31,1.1619
WDI:EN.GHG.N2O.AG.MT.CE.AR5:BWA,2013-12-31,1.0851
WDI:EN.GHG.N2O.AG.MT.CE.AR5:BWA,2014-12-31,0.8686
WDI:EN.GHG.N2O.AG.MT.CE.AR5:BWA,2015-12-31,0.901
WDI:EN.GHG.N2O.AG.MT.CE.AR5:BWA,2016-12-31,0.8074
WDI:EN.GHG.N2O.AG.MT.CE.AR5:BWA,2017-12-31,0.6149
WDI:EN.GHG.N2O.AG.MT.CE.AR5:BWA,2018-12-31,0.6237
WDI:EN.GHG.N2O.AG.MT.CE.AR5:BWA,2019-12-31,0.5502
WDI:EN.GHG.N2O.AG.MT.CE.AR5:BWA,2020-12-31,0.5611
WDI:EN.GHG.N2O.AG.MT.CE.AR5:BWA,2021-12-31,0.5862
WDI:EN.GHG.N2O.AG.MT.CE.AR5:BWA,2022-12-31,0.5714
WDI:EN.GHG.N2O.AG.MT.CE.AR5:BWA,2023-12-31,0.5604
WDI:EN.GHG.N2O.AG.MT.CE.AR5:BWA,2024-12-31,0.561
WDI:EN.GHG.N2O.AG.MT.CE.AR5:CAF,1970-12-31,0.3147
WDI:EN.GHG.N2O.AG.MT.CE.AR5:CAF,1971-12-31,0.3311
WDI:EN.GHG.N2O.AG.MT.CE.AR5:CAF,1972-12-31,0.3529
WDI:EN.GHG.N2O.AG.MT.CE.AR5:CAF,1973-12-31,0.3722
WDI:EN.GHG.N2O.AG.MT.CE.AR5:CAF,1974-12-31,0.391
WDI:EN.GHG.N2O.AG.MT.CE.AR5:CAF,1975-12-31,0.403
WDI:EN.GHG.N2O.AG.MT.CE.AR5:CAF,1976-12-31,0.4236
WDI:EN.GHG.N2O.AG.MT.CE.AR5:CAF,1977-12-31,0.4615
WDI:EN.GHG.N2O.AG.MT.CE.AR5:CAF,1978-12-31,0.5255
WDI:EN.GHG.N2O.AG.MT.CE.AR5:CAF,1979-12-31,0.6783
WDI:EN.GHG.N2O.AG.MT.CE.AR5:CAF,1980-12-31,0.7316
WDI:EN.GHG.N2O.AG.MT.CE.AR5:CAF,1981-12-31,0.7603
WDI:EN.GHG.N2O.AG.MT.CE.AR5:CAF,1982-12-31,0.807
WDI:EN.GHG.N2O.AG.MT.CE.AR5:CAF,1983-12-31,0.9132
WDI:EN.GHG.N2O.AG.MT.CE.AR5:CAF,1984-12-31,0.8809
WDI:EN.GHG.N2O.AG.MT.CE.AR5:CAF,1985-12-31,0.9114
WDI:EN.GHG.N2O.AG.MT.CE.AR5:CAF,1986-12-31,0.9514
WDI:EN.GHG.N2O.AG.MT.CE.AR5:CAF,1987-12-31,0.9613
WDI:EN.GHG.N2O.AG.MT.CE.AR5:CAF,1988-12-31,0.9952
WDI:EN.GHG.N2O.AG.MT.CE.AR5:CAF,1989-12-31,1.0397
WDI:EN.GHG.N2O.AG.MT.CE.AR5:CAF,1990-12-31,1.0802
WDI:EN.GHG.N2O.AG.MT.CE.AR5:CAF,1991-12-31,1.1814
WDI:EN.GHG.N2O.AG.MT.CE.AR5:CAF,1992-12-31,1.2071
WDI:EN.GHG.N2O.AG.MT.CE.AR5:CAF,1993-12-31,1.2356
WDI:EN.GHG.N2O.AG.MT.CE.AR5:CAF,1994-12-31,1.2843
WDI:EN.GHG.N2O.AG.MT.CE.AR5:CAF,1995-12-31,1.3364
WDI:EN.GHG.N2O.AG.MT.CE.AR5:CAF,1996-12-31,1.388
WDI:EN.GHG.N2O.AG.MT.CE.AR5:CAF,1997-12-31,1.4423
WDI:EN.GHG.N2O.AG.MT.CE.AR5:CAF,1998-12-31,1.4964
WDI:EN.GHG.N2O.AG.MT.CE.AR5:CAF,1999-12-31,1.5504
WDI:EN.GHG.N2O.AG.MT.CE.AR5:CAF,2000-12-31,1.6083
WDI:EN.GHG.N2O.AG.MT.CE.AR5:CAF,2001-12-31,1.6562
WDI:EN.GHG.N2O.AG.MT.CE.AR5:CAF,2002-12-31,1.7073
WDI:EN.GHG.N2O.AG.MT.CE.AR5:CAF,2003-12-31,1.7603
WDI:EN.GHG.N2O.AG.MT.CE.AR5:CAF,2004-12-31,1.8104
WDI:EN.GHG.N2O.AG.MT.CE.AR5:CAF,2005-12-31,1.8604
WDI:EN.GHG.N2O.AG.MT.CE.AR5:CAF,2006-12-31,1.9153
WDI:EN.GHG.N2O.AG.MT.CE.AR5:CAF,2007-12-31,2.0407
WDI:EN.GHG.N2O.AG.MT.CE.AR5:CAF,2008-12-31,2.0561
WDI:EN.GHG.N2O.AG.MT.CE.AR5:CAF,2009-12-31,2.1173
WDI:EN.GHG.N2O.AG.MT.CE.AR5:CAF,2010-12-31,2.1779
WDI:EN.GHG.N2O.AG.MT.CE.AR5:CAF,2011-12-31,2.3485
WDI:EN.GHG.N2O.AG.MT.CE.AR5:CAF,2012-12-31,2.3752
WDI:EN.GHG.N2O.AG.MT.CE.AR5:CAF,2013-12-31,2.392
WDI:EN.GHG.N2O.AG.MT.CE.AR5:CAF,2014-12-31,2.4152
WDI:EN.GHG.N2O.AG.MT.CE.AR5:CAF,2015-12-31,2.4616
WDI:EN.GHG.N2O.AG.MT.CE.AR5:CAF,2016-12-31,2.5186
WDI:EN.GHG.N2O.AG.MT.CE.AR5:CAF,2017-12-31,2.4809
WDI:EN.GHG.N2O.AG.MT.CE.AR5:CAF,2018-12-31,2.5372
WDI:EN.GHG.N2O.AG.MT.CE.AR5:CAF,2019-12-31,2.5343
WDI:EN.GHG.N2O.AG.MT.CE.AR5:CAF,2020-12-31,2.5812
WDI:EN.GHG.N2O.AG.MT.CE.AR5:CAF,2021-12-31,2.5959
WDI:EN.GHG.N2O.AG.MT.CE.AR5:CAF,2022-12-31,2.6421
WDI:EN.GHG.N2O.AG.MT.CE.AR5:CAF,2023-12-31,2.6721
WDI:EN.GHG.N2O.AG.MT.CE.AR5:CAF,2024-12-31,2.6984
WDI:EN.GHG.N2O.AG.MT.CE.AR5:CAN,1970-12-31,15.4001
WDI:EN.GHG.N2O.AG.MT.CE.AR5:CAN,1971-12-31,15.9616
WDI:EN.GHG.N2O.AG.MT.CE.AR5:CAN,1972-12-31,15.8947
WDI:EN.GHG.N2O.AG.MT.CE.AR5:CAN,1973-12-31,16.0705
WDI:EN.GHG.N2O.AG.MT.CE.AR5:CAN,1974-12-31,16.0191
WDI:EN.GHG.N2O.AG.MT.CE.AR5:CAN,1975-12-31,16.5403
WDI:EN.GHG.N2O.AG.MT.CE.AR5:CAN,1976-12-31,17.1413
WDI:EN.GHG.N2O.AG.MT.CE.AR5:CAN,1977-12-31,17.4107
WDI:EN.GHG.N2O.AG.MT.CE.AR5:CAN,1978-12-31,17.8628
WDI:EN.GHG.N2O.AG.MT.CE.AR5:CAN,1979-12-31,17.821
WDI:EN.GHG.N2O.AG.MT.CE.AR5:CAN,1980-12-31,18.5013
WDI:EN.GHG.N2O.AG.MT.CE.AR5:CAN,1981-12-31,19.1936
WDI:EN.GHG.N2O.AG.MT.CE.AR5:CAN,1982-12-31,19.7892
WDI:EN.GHG.N2O.AG.MT.CE.AR5:CAN,1983-12-31,20.413
WDI:EN.GHG.N2O.AG.MT.CE.AR5:CAN,1984-12-31,20.558
WDI:EN.GHG.N2O.AG.MT.CE.AR5:CAN,1985-12-31,20.6499
WDI:EN.GHG.N2O.AG.MT.CE.AR5:CAN,1986-12-31,20.1907
WDI:EN.GHG.N2O.AG.MT.CE.AR5:CAN,1987-12-31,20.0434
WDI:EN.GHG.N2O.AG.MT.CE.AR5:CAN,1988-12-31,19.2236
WDI:EN.GHG.N2O.AG.MT.CE.AR5:CAN,1989-12-31,20.0968
WDI:EN.GHG.N2O.AG.MT.CE.AR5:CAN,1990-12-31,20.3704
WDI:EN.GHG.N2O.AG.MT.CE.AR5:CAN,1991-12-31,20.8181
WDI:EN.GHG.N2O.AG.MT.CE.AR5:CAN,1992-12-31,21.1306
WDI:EN.GHG.N2O.AG.MT.CE.AR5:CAN,1993-12-31,21.8
WDI:EN.GHG.N2O.AG.MT.CE.AR5:CAN,1994-12-31,21.7887
WDI:EN.GHG.N2O.AG.MT.CE.AR5:CAN,1995-12-31,23.0007
WDI:EN.GHG.N2O.AG.MT.CE.AR5:CAN,1996-12-31,24.2053
WDI:EN.GHG.N2O.AG.MT.CE.AR5:CAN,1997-12-31,23.8412
WDI:EN.GHG.N2O.AG.MT.CE.AR5:CAN,1998-12-31,23.8004
WDI:EN.GHG.N2O.AG.MT.CE.AR5:CAN,1999-12-31,24.3801
WDI:EN.GHG.N2O.AG.MT.CE.AR5:CAN,2000-12-31,24.0576
WDI:EN.GHG.N2O.AG.MT.CE.AR5:CAN,2001-12-31,23.7535
WDI:EN.GHG.N2O.AG.MT.CE.AR5:CAN,2002-12-31,23.6802
WDI:EN.GHG.N2O.AG.MT.CE.AR5:CAN,2003-12-31,24.3428
WDI:EN.GHG.N2O.AG.MT.CE.AR5:CAN,2004-12-31,24.2762
WDI:EN.GHG.N2O.AG.MT.CE.AR5:CAN,2005-12-31,24.4049
WDI:EN.GHG.N2O.AG.MT.CE.AR5:CAN,2006-12-31,25.3665
WDI:EN.GHG.N2O.AG.MT.CE.AR5:CAN,2007-12-31,25.6605
WDI:EN.GHG.N2O.AG.MT.CE.AR5:CAN,2008-12-31,25.5853
WDI:EN.GHG.N2O.AG.MT.CE.AR5:CAN,2009-12-31,25.5551
WDI:EN.GHG.N2O.AG.MT.CE.AR5:CAN,2010-12-31,25.7612
WDI:EN.GHG.N2O.AG.MT.CE.AR5:CAN,2011-12-31,27.3009
WDI:EN.GHG.N2O.AG.MT.CE.AR5:CAN,2012-12-31,28.5946
WDI:EN.GHG.N2O.AG.MT.CE.AR5:CAN,2013-12-31,29.1426
WDI:EN.GHG.N2O.AG.MT.CE.AR5:CAN,2014-12-31,29.2
WDI:EN.GHG.N2O.AG.MT.CE.AR5:CAN,2015-12-31,28.9781
WDI:EN.GHG.N2O.AG.MT.CE.AR5:CAN,2016-12-31,28.6704
WDI:EN.GHG.N2O.AG.MT.CE.AR5:CAN,2017-12-31,29.7234
WDI:EN.GHG.N2O.AG.MT.CE.AR5:CAN,2018-12-31,30.1695
WDI:EN.GHG.N2O.AG.MT.CE.AR5:CAN,2019-12-31,31.5552
WDI:EN.GHG.N2O.AG.MT.CE.AR5:CAN,2020-12-31,32.1348
WDI:EN.GHG.N2O.AG.MT.CE.AR5:CAN,2021-12-31,29.8068
WDI:EN.GHG.N2O.AG.MT.CE.AR5:CAN,2022-12-31,31.519
WDI:EN.GHG.N2O.AG.MT.CE.AR5:CAN,2023-12-31,31.414
WDI:EN.GHG.N2O.AG.MT.CE.AR5:CAN,2024-12-31,31.8493
WDI:EN.GHG.N2O.AG.MT.CE.AR5:CEB,1970-12-31,52.69979999999999
WDI:EN.GHG.N2O.AG.MT.CE.AR5:CEB,1971-12-31,54.104200000000006
WDI:EN.GHG.N2O.AG.MT.CE.AR5:CEB,1972-12-31,54.86240000000001
WDI:EN.GHG.N2O.AG.MT.CE.AR5:CEB,1973-12-31,55.626900000000006
WDI:EN.GHG.N2O.AG.MT.CE.AR5:CEB,1974-12-31,57.6255
WDI:EN.GHG.N2O.AG.MT.CE.AR5:CEB,1975-12-31,60.1109
WDI:EN.GHG.N2O.AG.MT.CE.AR5:CEB,1976-12-31,59.17059999999999
WDI:EN.GHG.N2O.AG.MT.CE.AR5:CEB,1977-12-31,60.61319999999999
WDI:EN.GHG.N2O.AG.MT.CE.AR5:CEB,1978-12-31,62.9858
WDI:EN.GHG.N2O.AG.MT.CE.AR5:CEB,1979-12-31,63.1795
WDI:EN.GHG.N2O.AG.MT.CE.AR5:CEB,1980-12-31,63.261199999999995
WDI:EN.GHG.N2O.AG.MT.CE.AR5:CEB,1981-12-31,63.78260000000001
WDI:EN.GHG.N2O.AG.MT.CE.AR5:CEB,1982-12-31,64.4996
WDI:EN.GHG.N2O.AG.MT.CE.AR5:CEB,1983-12-31,64.49799999999999
WDI:EN.GHG.N2O.AG.MT.CE.AR5:CEB,1984-12-31,65.6682
WDI:EN.GHG.N2O.AG.MT.CE.AR5:CEB,1985-12-31,65.18549999999999
WDI:EN.GHG.N2O.AG.MT.CE.AR5:CEB,1986-12-31,65.2349
WDI:EN.GHG.N2O.AG.MT.CE.AR5:CEB,1987-12-31,64.2966
WDI:EN.GHG.N2O.AG.MT.CE.AR5:CEB,1988-12-31,66.0384
WDI:EN.GHG.N2O.AG.MT.CE.AR5:CEB,1989-12-31,65.70000000000002
WDI:EN.GHG.N2O.AG.MT.CE.AR5:CEB,1990-12-31,58.27040000000001
WDI:EN.GHG.N2O.AG.MT.CE.AR5:CEB,1991-12-31,49.7047
WDI:EN.GHG.N2O.AG.MT.CE.AR5:CEB,1992-12-31,45.814800000000005
WDI:EN.GHG.N2O.AG.MT.CE.AR5:CEB,1993-12-31,43.4722
WDI:EN.GHG.N2O.AG.MT.CE.AR5:CEB,1994-12-31,41.1223
WDI:EN.GHG.N2O.AG.MT.CE.AR5:CEB,1995-12-31,39.628
WDI:EN.GHG.N2O.AG.MT.CE.AR5:CEB,1996-12-31,40.232600000000005
WDI:EN.GHG.N2O.AG.MT.CE.AR5:CEB,1997-12-31,40.833999999999996
WDI:EN.GHG.N2O.AG.MT.CE.AR5:CEB,1998-12-31,39.144600000000004
WDI:EN.GHG.N2O.AG.MT.CE.AR5:CEB,1999-12-31,38.2751
WDI:EN.GHG.N2O.AG.MT.CE.AR5:CEB,2000-12-31,38.1614
WDI:EN.GHG.N2O.AG.MT.CE.AR5:CEB,2001-12-31,38.75790000000001
WDI:EN.GHG.N2O.AG.MT.CE.AR5:CEB,2002-12-31,38.455000000000005
WDI:EN.GHG.N2O.AG.MT.CE.AR5:CEB,2003-12-31,38.245000000000005
WDI:EN.GHG.N2O.AG.MT.CE.AR5:CEB,2004-12-31,39.3756
WDI:EN.GHG.N2O.AG.MT.CE.AR5:CEB,2005-12-31,39.2876
WDI:EN.GHG.N2O.AG.MT.CE.AR5:CEB,2006-12-31,39.300200000000004
WDI:EN.GHG.N2O.AG.MT.CE.AR5:CEB,2007-12-31,39.98909999999999
WDI:EN.GHG.N2O.AG.MT.CE.AR5:CEB,2008-12-31,40.01350000000001
WDI:EN.GHG.N2O.AG.MT.CE.AR5:CEB,2009-12-31,39.659200000000006
WDI:EN.GHG.N2O.AG.MT.CE.AR5:CEB,2010-12-31,39.89390000000001
WDI:EN.GHG.N2O.AG.MT.CE.AR5:CEB,2011-12-31,40.9597
WDI:EN.GHG.N2O.AG.MT.CE.AR5:CEB,2012-12-31,41.2341
WDI:EN.GHG.N2O.AG.MT.CE.AR5:CEB,2013-12-31,41.8038
WDI:EN.GHG.N2O.AG.MT.CE.AR5:CEB,2014-12-31,42.6899
WDI:EN.GHG.N2O.AG.MT.CE.AR5:CEB,2015-12-31,43.470299999999995
WDI:EN.GHG.N2O.AG.MT.CE.AR5:CEB,2016-12-31,44.8379
WDI:EN.GHG.N2O.AG.MT.CE.AR5:CEB,2017-12-31,45.384899999999995
WDI:EN.GHG.N2O.AG.MT.CE.AR5:CEB,2018-12-31,44.19669999999999
WDI:EN.GHG.N2O.AG.MT.CE.AR5:CEB,2019-12-31,44.4482
WDI:EN.GHG.N2O.AG.MT.CE.AR5:CEB,2020-12-31,45.3377
WDI:EN.GHG.N2O.AG.MT.CE.AR5:CEB,2021-12-31,44.38149999999999
WDI:EN.GHG.N2O.AG.MT.CE.AR5:CEB,2022-12-31,41.849199999999996
WDI:EN.GHG.N2O.AG.MT.CE.AR5:CEB,2023-12-31,41.6948
WDI:EN.GHG.N2O.AG.MT.CE.AR5:CEB,2024-12-31,41.0913
WDI:EN.GHG.N2O.AG.MT.CE.AR5:CHE,1970-12-31,1.6485
WDI:EN.GHG.N2O.AG.MT.CE.AR5:CHE,1971-12-31,1.6206
WDI:EN.GHG.N2O.AG.MT.CE.AR5:CHE,1972-12-31,1.6342
WDI:EN.GHG.N2O.AG.MT.CE.AR5:CHE,1973-12-31,1.691
WDI:EN.GHG.N2O.AG.MT.CE.AR5:CHE,1974-12-31,1.699
WDI:EN.GHG.N2O.AG.MT.CE.AR5:CHE,1975-12-31,1.707
WDI:EN.GHG.N2O.AG.MT.CE.AR5:CHE,1976-12-31,1.7735
WDI:EN.GHG.N2O.AG.MT.CE.AR5:CHE,1977-12-31,1.7961
WDI:EN.GHG.N2O.AG.MT.CE.AR5:CHE,1978-12-31,1.8588
WDI:EN.GHG.N2O.AG.MT.CE.AR5:CHE,1979-12-31,1.8687
WDI:EN.GHG.N2O.AG.MT.CE.AR5:CHE,1980-12-31,1.8764
WDI:EN.GHG.N2O.AG.MT.CE.AR5:CHE,1981-12-31,1.8207
WDI:EN.GHG.N2O.AG.MT.CE.AR5:CHE,1982-12-31,1.8033
WDI:EN.GHG.N2O.AG.MT.CE.AR5:CHE,1983-12-31,1.8439
WDI:EN.GHG.N2O.AG.MT.CE.AR5:CHE,1984-12-31,1.8608
WDI:EN.GHG.N2O.AG.MT.CE.AR5:CHE,1985-12-31,1.8492
WDI:EN.GHG.N2O.AG.MT.CE.AR5:CHE,1986-12-31,1.8282
WDI:EN.GHG.N2O.AG.MT.CE.AR5:CHE,1987-12-31,1.8071
WDI:EN.GHG.N2O.AG.MT.CE.AR5:CHE,1988-12-31,1.8141
WDI:EN.GHG.N2O.AG.MT.CE.AR5:CHE,1989-12-31,1.8181
WDI:EN.GHG.N2O.AG.MT.CE.AR5:CHE,1990-12-31,1.7756
WDI:EN.GHG.N2O.AG.MT.CE.AR5:CHE,1991-12-31,1.7552
WDI:EN.GHG.N2O.AG.MT.CE.AR5:CHE,1992-12-31,1.7313
WDI:EN.GHG.N2O.AG.MT.CE.AR5:CHE,1993-12-31,1.7088
WDI:EN.GHG.N2O.AG.MT.CE.AR5:CHE,1994-12-31,1.7096
WDI:EN.GHG.N2O.AG.MT.CE.AR5:CHE,1995-12-31,1.6903
WDI:EN.GHG.N2O.AG.MT.CE.AR5:CHE,1996-12-31,1.6747
WDI:EN.GHG.N2O.AG.MT.CE.AR5:CHE,1997-12-31,1.6222
WDI:EN.GHG.N2O.AG.MT.CE.AR5:CHE,1998-12-31,1.6133
WDI:EN.GHG.N2O.AG.MT.CE.AR5:CHE,1999-12-31,1.5516
WDI:EN.GHG.N2O.AG.MT.CE.AR5:CHE,2000-12-31,1.5648
WDI:EN.GHG.N2O.AG.MT.CE.AR5:CHE,2001-12-31,1.5682
WDI:EN.GHG.N2O.AG.MT.CE.AR5:CHE,2002-12-31,1.5258
WDI:EN.GHG.N2O.AG.MT.CE.AR5:CHE,2003-12-31,1.5173
WDI:EN.GHG.N2O.AG.MT.CE.AR5:CHE,2004-12-31,1.5135
WDI:EN.GHG.N2O.AG.MT.CE.AR5:CHE,2005-12-31,1.5298
WDI:EN.GHG.N2O.AG.MT.CE.AR5:CHE,2006-12-31,1.5142
WDI:EN.GHG.N2O.AG.MT.CE.AR5:CHE,2007-12-31,1.4714
WDI:EN.GHG.N2O.AG.MT.CE.AR5:CHE,2008-12-31,1.4671
WDI:EN.GHG.N2O.AG.MT.CE.AR5:CHE,2009-12-31,1.4516
WDI:EN.GHG.N2O.AG.MT.CE.AR5:CHE,2010-12-31,1.441
WDI:EN.GHG.N2O.AG.MT.CE.AR5:CHE,2011-12-31,1.488
WDI:EN.GHG.N2O.AG.MT.CE.AR5:CHE,2012-12-31,1.4036
WDI:EN.GHG.N2O.AG.MT.CE.AR5:CHE,2013-12-31,1.391
WDI:EN.GHG.N2O.AG.MT.CE.AR5:CHE,2014-12-31,1.3857
WDI:EN.GHG.N2O.AG.MT.CE.AR5:CHE,2015-12-31,1.3547
WDI:EN.GHG.N2O.AG.MT.CE.AR5:CHE,2016-12-31,1.3394
WDI:EN.GHG.N2O.AG.MT.CE.AR5:CHE,2017-12-31,1.3951
WDI:EN.GHG.N2O.AG.MT.CE.AR5:CHE,2018-12-31,1.3955
WDI:EN.GHG.N2O.AG.MT.CE.AR5:CHE,2019-12-31,1.3902
WDI:EN.GHG.N2O.AG.MT.CE.AR5:CHE,2020-12-31,1.483
WDI:EN.GHG.N2O.AG.MT.CE.AR5:CHE,2021-12-31,1.4773
WDI:EN.GHG.N2O.AG.MT.CE.AR5:CHE,2022-12-31,1.4398
WDI:EN.GHG.N2O.AG.MT.CE.AR5:CHE,2023-12-31,1.4483
WDI:EN.GHG.N2O.AG.MT.CE.AR5:CHE,2024-12-31,1.4687
WDI:EN.GHG.N2O.AG.MT.CE.AR5:CHL,1970-12-31,2.4875
WDI:EN.GHG.N2O.AG.MT.CE.AR5:CHL,1971-12-31,2.4183
WDI:EN.GHG.N2O.AG.MT.CE.AR5:CHL,1972-12-31,2.5204
WDI:EN.GHG.N2O.AG.MT.CE.AR5:CHL,1973-12-31,2.4582
WDI:EN.GHG.N2O.AG.MT.CE.AR5:CHL,1974-12-31,2.5384
WDI:EN.GHG.N2O.AG.MT.CE.AR5:CHL,1975-12-31,2.5333
WDI:EN.GHG.N2O.AG.MT.CE.AR5:CHL,1976-12-31,2.486
WDI:EN.GHG.N2O.AG.MT.CE.AR5:CHL,1977-12-31,2.4991
WDI:EN.GHG.N2O.AG.MT.CE.AR5:CHL,1978-12-31,2.5671
WDI:EN.GHG.N2O.AG.MT.CE.AR5:CHL,1979-12-31,2.6527
WDI:EN.GHG.N2O.AG.MT.CE.AR5:CHL,1980-12-31,2.687
WDI:EN.GHG.N2O.AG.MT.CE.AR5:CHL,1981-12-31,2.7116
WDI:EN.GHG.N2O.AG.MT.CE.AR5:CHL,1982-12-31,2.705
WDI:EN.GHG.N2O.AG.MT.CE.AR5:CHL,1983-12-31,2.7754
WDI:EN.GHG.N2O.AG.MT.CE.AR5:CHL,1984-12-31,2.8367
WDI:EN.GHG.N2O.AG.MT.CE.AR5:CHL,1985-12-31,2.743
WDI:EN.GHG.N2O.AG.MT.CE.AR5:CHL,1986-12-31,2.9661
WDI:EN.GHG.N2O.AG.MT.CE.AR5:CHL,1987-12-31,3.0881
WDI:EN.GHG.N2O.AG.MT.CE.AR5:CHL,1988-12-31,3.1838
WDI:EN.GHG.N2O.AG.MT.CE.AR5:CHL,1989-12-31,3.1496
WDI:EN.GHG.N2O.AG.MT.CE.AR5:CHL,1990-12-31,3.1468
WDI:EN.GHG.N2O.AG.MT.CE.AR5:CHL,1991-12-31,3.1283
WDI:EN.GHG.N2O.AG.MT.CE.AR5:CHL,1992-12-31,3.2636
WDI:EN.GHG.N2O.AG.MT.CE.AR5:CHL,1993-12-31,3.4286
WDI:EN.GHG.N2O.AG.MT.CE.AR5:CHL,1994-12-31,3.608
WDI:EN.GHG.N2O.AG.MT.CE.AR5:CHL,1995-12-31,3.7596
WDI:EN.GHG.N2O.AG.MT.CE.AR5:CHL,1996-12-31,3.858
WDI:EN.GHG.N2O.AG.MT.CE.AR5:CHL,1997-12-31,3.9322
WDI:EN.GHG.N2O.AG.MT.CE.AR5:CHL,1998-12-31,3.9023
WDI:EN.GHG.N2O.AG.MT.CE.AR5:CHL,1999-12-31,4.0089
WDI:EN.GHG.N2O.AG.MT.CE.AR5:CHL,2000-12-31,4.0228
WDI:EN.GHG.N2O.AG.MT.CE.AR5:CHL,2001-12-31,4.1304
WDI:EN.GHG.N2O.AG.MT.CE.AR5:CHL,2002-12-31,4.1591
WDI:EN.GHG.N2O.AG.MT.CE.AR5:CHL,2003-12-31,4.3006
WDI:EN.GHG.N2O.AG.MT.CE.AR5:CHL,2004-12-31,4.4433
WDI:EN.GHG.N2O.AG.MT.CE.AR5:CHL,2005-12-31,4.3741
WDI:EN.GHG.N2O.AG.MT.CE.AR5:CHL,2006-12-31,4.3437
WDI:EN.GHG.N2O.AG.MT.CE.AR5:CHL,2007-12-31,4.3588
WDI:EN.GHG.N2O.AG.MT.CE.AR5:CHL,2008-12-31,4.3229
WDI:EN.GHG.N2O.AG.MT.CE.AR5:CHL,2009-12-31,4.3269
WDI:EN.GHG.N2O.AG.MT.CE.AR5:CHL,2010-12-31,4.0039
WDI:EN.GHG.N2O.AG.MT.CE.AR5:CHL,2011-12-31,4.0413
WDI:EN.GHG.N2O.AG.MT.CE.AR5:CHL,2012-12-31,4.1127
WDI:EN.GHG.N2O.AG.MT.CE.AR5:CHL,2013-12-31,3.687
WDI:EN.GHG.N2O.AG.MT.CE.AR5:CHL,2014-12-31,3.5528
WDI:EN.GHG.N2O.AG.MT.CE.AR5:CHL,2015-12-31,3.5014
WDI:EN.GHG.N2O.AG.MT.CE.AR5:CHL,2016-12-31,3.5234
WDI:EN.GHG.N2O.AG.MT.CE.AR5:CHL,2017-12-31,3.4738
WDI:EN.GHG.N2O.AG.MT.CE.AR5:CHL,2018-12-31,3.6318
WDI:EN.GHG.N2O.AG.MT.CE.AR5:CHL,2019-12-31,3.7195
WDI:EN.GHG.N2O.AG.MT.CE.AR5:CHL,2020-12-31,3.8283
WDI:EN.GHG.N2O.AG.MT.CE.AR5:CHL,2021-12-31,3.8541
WDI:EN.GHG.N2O.AG.MT.CE.AR5:CHL,2022-12-31,3.4801
WDI:EN.GHG.N2O.AG.MT.CE.AR5:CHL,2023-12-31,3.4488
WDI:EN.GHG.N2O.AG.MT.CE.AR5:CHL,2024-12-31,3.458
WDI:EN.GHG.N2O.AG.MT.CE.AR5:CHN,1970-12-31,77.4796
WDI:EN.GHG.N2O.AG.MT.CE.AR5:CHN,1971-12-31,79.3298
WDI:EN.GHG.N2O.AG.MT.CE.AR5:CHN,1972-12-31,81.2372
WDI:EN.GHG.N2O.AG.MT.CE.AR5:CHN,1973-12-31,82.1765
WDI:EN.GHG.N2O.AG.MT.CE.AR5:CHN,1974-12-31,80.1303
WDI:EN.GHG.N2O.AG.MT.CE.AR5:CHN,1975-12-31,86.8755
WDI:EN.GHG.N2O.AG.MT.CE.AR5:CHN,1976-12-31,92.3613
WDI:EN.GHG.N2O.AG.MT.CE.AR5:CHN,1977-12-31,101.7617
WDI:EN.GHG.N2O.AG.MT.CE.AR5:CHN,1978-12-31,110.1589
WDI:EN.GHG.N2O.AG.MT.CE.AR5:CHN,1979-12-31,119.1954
WDI:EN.GHG.N2O.AG.MT.CE.AR5:CHN,1980-12-31,128.4956
WDI:EN.GHG.N2O.AG.MT.CE.AR5:CHN,1981-12-31,126.3472
WDI:EN.GHG.N2O.AG.MT.CE.AR5:CHN,1982-12-31,132.1398
WDI:EN.GHG.N2O.AG.MT.CE.AR5:CHN,1983-12-31,142.185
WDI:EN.GHG.N2O.AG.MT.CE.AR5:CHN,1984-12-31,150.8142
WDI:EN.GHG.N2O.AG.MT.CE.AR5:CHN,1985-12-31,145.2847
WDI:EN.GHG.N2O.AG.MT.CE.AR5:CHN,1986-12-31,148.0836
WDI:EN.GHG.N2O.AG.MT.CE.AR5:CHN,1987-12-31,169.8954
WDI:EN.GHG.N2O.AG.MT.CE.AR5:CHN,1988-12-31,181.5645
WDI:EN.GHG.N2O.AG.MT.CE.AR5:CHN,1989-12-31,188.2684
WDI:EN.GHG.N2O.AG.MT.CE.AR5:CHN,1990-12-31,195.8698
WDI:EN.GHG.N2O.AG.MT.CE.AR5:CHN,1991-12-31,200.5713
WDI:EN.GHG.N2O.AG.MT.CE.AR5:CHN,1992-12-31,204.4758
WDI:EN.GHG.N2O.AG.MT.CE.AR5:CHN,1993-12-31,194.9435
WDI:EN.GHG.N2O.AG.MT.CE.AR5:CHN,1994-12-31,204.7416
WDI:EN.GHG.N2O.AG.MT.CE.AR5:CHN,1995-12-31,237.2237
WDI:EN.GHG.N2O.AG.MT.CE.AR5:CHN,1996-12-31,253.8069
WDI:EN.GHG.N2O.AG.MT.CE.AR5:CHN,1997-12-31,227.6989
WDI:EN.GHG.N2O.AG.MT.CE.AR5:CHN,1998-12-31,233.4861
WDI:EN.GHG.N2O.AG.MT.CE.AR5:CHN,1999-12-31,243.7242
WDI:EN.GHG.N2O.AG.MT.CE.AR5:CHN,2000-12-31,239.3864
WDI:EN.GHG.N2O.AG.MT.CE.AR5:CHN,2001-12-31,237.4361
WDI:EN.GHG.N2O.AG.MT.CE.AR5:CHN,2002-12-31,253.6302
WDI:EN.GHG.N2O.AG.MT.CE.AR5:CHN,2003-12-31,247.0948
WDI:EN.GHG.N2O.AG.MT.CE.AR5:CHN,2004-12-31,258.829
WDI:EN.GHG.N2O.AG.MT.CE.AR5:CHN,2005-12-31,259.8992
WDI:EN.GHG.N2O.AG.MT.CE.AR5:CHN,2006-12-31,274.0893
WDI:EN.GHG.N2O.AG.MT.CE.AR5:CHN,2007-12-31,264.0113
WDI:EN.GHG.N2O.AG.MT.CE.AR5:CHN,2008-12-31,258.1474
WDI:EN.GHG.N2O.AG.MT.CE.AR5:CHN,2009-12-31,274.9294
WDI:EN.GHG.N2O.AG.MT.CE.AR5:CHN,2010-12-31,258.2342
WDI:EN.GHG.N2O.AG.MT.CE.AR5:CHN,2011-12-31,270.2325
WDI:EN.GHG.N2O.AG.MT.CE.AR5:CHN,2012-12-31,273.5378
WDI:EN.GHG.N2O.AG.MT.CE.AR5:CHN,2013-12-31,276.5942
WDI:EN.GHG.N2O.AG.MT.CE.AR5:CHN,2014-12-31,254.9806
WDI:EN.GHG.N2O.AG.MT.CE.AR5:CHN,2015-12-31,263.4067
WDI:EN.GHG.N2O.AG.MT.CE.AR5:CHN,2016-12-31,248.0673
WDI:EN.GHG.N2O.AG.MT.CE.AR5:CHN,2017-12-31,228.2732
WDI:EN.GHG.N2O.AG.MT.CE.AR5:CHN,2018-12-31,230.0159
WDI:EN.GHG.N2O.AG.MT.CE.AR5:CHN,2019-12-31,234.1073
WDI:EN.GHG.N2O.AG.MT.CE.AR5:CHN,2020-12-31,232.1226
WDI:EN.GHG.N2O.AG.MT.CE.AR5:CHN,2021-12-31,229.7906
WDI:EN.GHG.N2O.AG.MT.CE.AR5:CHN,2022-12-31,241.106
WDI:EN.GHG.N2O.AG.MT.CE.AR5:CHN,2023-12-31,247.9983
WDI:EN.GHG.N2O.AG.MT.CE.AR5:CHN,2024-12-31,249.4922
WDI:EN.GHG.N2O.AG.MT.CE.AR5:CIV,1970-12-31,0.4433
WDI:EN.GHG.N2O.AG.MT.CE.AR5:CIV,1971-12-31,0.4531
WDI:EN.GHG.N2O.AG.MT.CE.AR5:CIV,1972-12-31,0.4659
WDI:EN.GHG.N2O.AG.MT.CE.AR5:CIV,1973-12-31,0.4738
WDI:EN.GHG.N2O.AG.MT.CE.AR5:CIV,1974-12-31,0.4817
WDI:EN.GHG.N2O.AG.MT.CE.AR5:CIV,1975-12-31,0.5163
WDI:EN.GHG.N2O.AG.MT.CE.AR5:CIV,1976-12-31,0.5462
WDI:EN.GHG.N2O.AG.MT.CE.AR5:CIV,1977-12-31,0.6025
WDI:EN.GHG.N2O.AG.MT.CE.AR5:CIV,1978-12-31,0.6146
WDI:EN.GHG.N2O.AG.MT.CE.AR5:CIV,1979-12-31,0.637
WDI:EN.GHG.N2O.AG.MT.CE.AR5:CIV,1980-12-31,0.6622
WDI:EN.GHG.N2O.AG.MT.CE.AR5:CIV,1981-12-31,0.6406
WDI:EN.GHG.N2O.AG.MT.CE.AR5:CIV,1982-12-31,0.6661
WDI:EN.GHG.N2O.AG.MT.CE.AR5:CIV,1983-12-31,0.6576
WDI:EN.GHG.N2O.AG.MT.CE.AR5:CIV,1984-12-31,0.6861
WDI:EN.GHG.N2O.AG.MT.CE.AR5:CIV,1985-12-31,0.6766
WDI:EN.GHG.N2O.AG.MT.CE.AR5:CIV,1986-12-31,0.6981
WDI:EN.GHG.N2O.AG.MT.CE.AR5:CIV,1987-12-31,0.6967
WDI:EN.GHG.N2O.AG.MT.CE.AR5:CIV,1988-12-31,0.7539
WDI:EN.GHG.N2O.AG.MT.CE.AR5:CIV,1989-12-31,0.7911
WDI:EN.GHG.N2O.AG.MT.CE.AR5:CIV,1990-12-31,0.8355
WDI:EN.GHG.N2O.AG.MT.CE.AR5:CIV,1991-12-31,0.8721
WDI:EN.GHG.N2O.AG.MT.CE.AR5:CIV,1992-12-31,0.9041
WDI:EN.GHG.N2O.AG.MT.CE.AR5:CIV,1993-12-31,0.9806
WDI:EN.GHG.N2O.AG.MT.CE.AR5:CIV,1994-12-31,1.025
WDI:EN.GHG.N2O.AG.MT.CE.AR5:CIV,1995-12-31,1.0607
WDI:EN.GHG.N2O.AG.MT.CE.AR5:CIV,1996-12-31,1.0873
WDI:EN.GHG.N2O.AG.MT.CE.AR5:CIV,1997-12-31,1.2149
WDI:EN.GHG.N2O.AG.MT.CE.AR5:CIV,1998-12-31,1.1654
WDI:EN.GHG.N2O.AG.MT.CE.AR5:CIV,1999-12-31,1.1337
WDI:EN.GHG.N2O.AG.MT.CE.AR5:CIV,2000-12-31,1.1481
WDI:EN.GHG.N2O.AG.MT.CE.AR5:CIV,2001-12-31,1.1042
WDI:EN.GHG.N2O.AG.MT.CE.AR5:CIV,2002-12-31,1.2494
WDI:EN.GHG.N2O.AG.MT.CE.AR5:CIV,2003-12-31,1.1649
WDI:EN.GHG.N2O.AG.MT.CE.AR5:CIV,2004-12-31,1.1689
WDI:EN.GHG.N2O.AG.MT.CE.AR5:CIV,2005-12-31,1.184
WDI:EN.GHG.N2O.AG.MT.CE.AR5:CIV,2006-12-31,1.2008
WDI:EN.GHG.N2O.AG.MT.CE.AR5:CIV,2007-12-31,1.2148
WDI:EN.GHG.N2O.AG.MT.CE.AR5:CIV,2008-12-31,1.2379
WDI:EN.GHG.N2O.AG.MT.CE.AR5:CIV,2009-12-31,1.2688
WDI:EN.GHG.N2O.AG.MT.CE.AR5:CIV,2010-12-31,1.2304
WDI:EN.GHG.N2O.AG.MT.CE.AR5:CIV,2011-12-31,1.2189
WDI:EN.GHG.N2O.AG.MT.CE.AR5:CIV,2012-12-31,1.2961
WDI:EN.GHG.N2O.AG.MT.CE.AR5:CIV,2013-12-31,1.343
WDI:EN.GHG.N2O.AG.MT.CE.AR5:CIV,2014-12-31,1.4265
WDI:EN.GHG.N2O.AG.MT.CE.AR5:CIV,2015-12-31,1.4102
WDI:EN.GHG.N2O.AG.MT.CE.AR5:CIV,2016-12-31,1.4902
WDI:EN.GHG.N2O.AG.MT.CE.AR5:CIV,2017-12-31,1.4874
WDI:EN.GHG.N2O.AG.MT.CE.AR5:CIV,2018-12-31,1.5505
WDI:EN.GHG.N2O.AG.MT.CE.AR5:CIV,2019-12-31,1.7702
WDI:EN.GHG.N2O.AG.MT.CE.AR5:CIV,2020-12-31,1.7041
WDI:EN.GHG.N2O.AG.MT.CE.AR5:CIV,2021-12-31,1.869
WDI:EN.GHG.N2O.AG.MT.CE.AR5:CIV,2022-12-31,1.755
WDI:EN.GHG.N2O.AG.MT.CE.AR5:CIV,2023-12-31,1.882
WDI:EN.GHG.N2O.AG.MT.CE.AR5:CIV,2024-12-31,1.9436
WDI:EN.GHG.N2O.AG.MT.CE.AR5:CMR,1970-12-31,1.2706
WDI:EN.GHG.N2O.AG.MT.CE.AR5:CMR,1971-12-31,1.3457
WDI:EN.GHG.N2O.AG.MT.CE.AR5:CMR,1972-12-31,1.2974
WDI:EN.GHG.N2O.AG.MT.CE.AR5:CMR,1973-12-31,1.2675
WDI:EN.GHG.N2O.AG.MT.CE.AR5:CMR,1974-12-31,1.3017
WDI:EN.GHG.N2O.AG.MT.CE.AR5:CMR,1975-12-31,1.3872
WDI:EN.GHG.N2O.AG.MT.CE.AR5:CMR,1976-12-31,1.4705
WDI:EN.GHG.N2O.AG.MT.CE.AR5:CMR,1977-12-31,1.6138
WDI:EN.GHG.N2O.AG.MT.CE.AR5:CMR,1978-12-31,1.6909
WDI:EN.GHG.N2O.AG.MT.CE.AR5:CMR,1979-12-31,1.7309
WDI:EN.GHG.N2O.AG.MT.CE.AR5:CMR,1980-12-31,1.9959
WDI:EN.GHG.N2O.AG.MT.CE.AR5:CMR,1981-12-31,1.9902
WDI:EN.GHG.N2O.AG.MT.CE.AR5:CMR,1982-12-31,1.814
WDI:EN.GHG.N2O.AG.MT.CE.AR5:CMR,1983-12-31,1.7743
WDI:EN.GHG.N2O.AG.MT.CE.AR5:CMR,1984-12-31,1.8061
WDI:EN.GHG.N2O.AG.MT.CE.AR5:CMR,1985-12-31,2.1664
WDI:EN.GHG.N2O.AG.MT.CE.AR5:CMR,1986-12-31,2.2611
WDI:EN.GHG.N2O.AG.MT.CE.AR5:CMR,1987-12-31,2.2913
WDI:EN.GHG.N2O.AG.MT.CE.AR5:CMR,1988-12-31,2.3783
WDI:EN.GHG.N2O.AG.MT.CE.AR5:CMR,1989-12-31,2.4489
WDI:EN.GHG.N2O.AG.MT.CE.AR5:CMR,1990-12-31,2.5008
WDI:EN.GHG.N2O.AG.MT.CE.AR5:CMR,1991-12-31,2.4546
WDI:EN.GHG.N2O.AG.MT.CE.AR5:CMR,1992-12-31,2.4688
WDI:EN.GHG.N2O.AG.MT.CE.AR5:CMR,1993-12-31,2.4805
WDI:EN.GHG.N2O.AG.MT.CE.AR5:CMR,1994-12-31,2.5178
WDI:EN.GHG.N2O.AG.MT.CE.AR5:CMR,1995-12-31,2.5158
WDI:EN.GHG.N2O.AG.MT.CE.AR5:CMR,1996-12-31,2.5326
WDI:EN.GHG.N2O.AG.MT.CE.AR5:CMR,1997-12-31,2.5909
WDI:EN.GHG.N2O.AG.MT.CE.AR5:CMR,1998-12-31,2.6697
WDI:EN.GHG.N2O.AG.MT.CE.AR5:CMR,1999-12-31,2.9219
WDI:EN.GHG.N2O.AG.MT.CE.AR5:CMR,2000-12-31,3.1408
WDI:EN.GHG.N2O.AG.MT.CE.AR5:CMR,2001-12-31,3.161
WDI:EN.GHG.N2O.AG.MT.CE.AR5:CMR,2002-12-31,3.0334
WDI:EN.GHG.N2O.AG.MT.CE.AR5:CMR,2003-12-31,3.1583
WDI:EN.GHG.N2O.AG.MT.CE.AR5:CMR,2004-12-31,3.2347
WDI:EN.GHG.N2O.AG.MT.CE.AR5:CMR,2005-12-31,3.2352
WDI:EN.GHG.N2O.AG.MT.CE.AR5:CMR,2006-12-31,3.2377
WDI:EN.GHG.N2O.AG.MT.CE.AR5:CMR,2007-12-31,3.2603
WDI:EN.GHG.N2O.AG.MT.CE.AR5:CMR,2008-12-31,2.9138
WDI:EN.GHG.N2O.AG.MT.CE.AR5:CMR,2009-12-31,2.9282
WDI:EN.GHG.N2O.AG.MT.CE.AR5:CMR,2010-12-31,3.0343
WDI:EN.GHG.N2O.AG.MT.CE.AR5:CMR,2011-12-31,3.1642
WDI:EN.GHG.N2O.AG.MT.CE.AR5:CMR,2012-12-31,3.2379
WDI:EN.GHG.N2O.AG.MT.CE.AR5:CMR,2013-12-31,3.3549
WDI:EN.GHG.N2O.AG.MT.CE.AR5:CMR,2014-12-31,3.5313
WDI:EN.GHG.N2O.AG.MT.CE.AR5:CMR,2015-12-31,3.6409
WDI:EN.GHG.N2O.AG.MT.CE.AR5:CMR,2016-12-31,3.5625
WDI:EN.GHG.N2O.AG.MT.CE.AR5:CMR,2017-12-31,3.5711
WDI:EN.GHG.N2O.AG.MT.CE.AR5:CMR,2018-12-31,3.5564
WDI:EN.GHG.N2O.AG.MT.CE.AR5:CMR,2019-12-31,3.6621
WDI:EN.GHG.N2O.AG.MT.CE.AR5:CMR,2020-12-31,3.6107
WDI:EN.GHG.N2O.AG.MT.CE.AR5:CMR,2021-12-31,3.641
WDI:EN.GHG.N2O.AG.MT.CE.AR5:CMR,2022-12-31,3.7628
WDI:EN.GHG.N2O.AG.MT.CE.AR5:CMR,2023-12-31,3.748
WDI:EN.GHG.N2O.AG.MT.CE.AR5:CMR,2024-12-31,3.7809
WDI:EN.GHG.N2O.AG.MT.CE.AR5:COD,1970-12-31,0.8901
WDI:EN.GHG.N2O.AG.MT.CE.AR5:COD,1971-12-31,0.9102
WDI:EN.GHG.N2O.AG.MT.CE.AR5:COD,1972-12-31,0.9323
WDI:EN.GHG.N2O.AG.MT.CE.AR5:COD,1973-12-31,0.951
WDI:EN.GHG.N2O.AG.MT.CE.AR5:COD,1974-12-31,0.9717
WDI:EN.GHG.N2O.AG.MT.CE.AR5:COD,1975-12-31,0.9941
WDI:EN.GHG.N2O.AG.MT.CE.AR5:COD,1976-12-31,1.0089
WDI:EN.GHG.N2O.AG.MT.CE.AR5:COD,1977-12-31,1.0156
WDI:EN.GHG.N2O.AG.MT.CE.AR5:COD,1978-12-31,1.0177
WDI:EN.GHG.N2O.AG.MT.CE.AR5:COD,1979-12-31,1.0285
WDI:EN.GHG.N2O.AG.MT.CE.AR5:COD,1980-12-31,1.0435
WDI:EN.GHG.N2O.AG.MT.CE.AR5:COD,1981-12-31,1.0635
WDI:EN.GHG.N2O.AG.MT.CE.AR5:COD,1982-12-31,1.0842
WDI:EN.GHG.N2O.AG.MT.CE.AR5:COD,1983-12-31,1.1028
WDI:EN.GHG.N2O.AG.MT.CE.AR5:COD,1984-12-31,1.1221
WDI:EN.GHG.N2O.AG.MT.CE.AR5:COD,1985-12-31,1.1476
WDI:EN.GHG.N2O.AG.MT.CE.AR5:COD,1986-12-31,1.2011
WDI:EN.GHG.N2O.AG.MT.CE.AR5:COD,1987-12-31,1.2555
WDI:EN.GHG.N2O.AG.MT.CE.AR5:COD,1988-12-31,1.318
WDI:EN.GHG.N2O.AG.MT.CE.AR5:COD,1989-12-31,1.38
WDI:EN.GHG.N2O.AG.MT.CE.AR5:COD,1990-12-31,1.4497
WDI:EN.GHG.N2O.AG.MT.CE.AR5:COD,1991-12-31,1.4007
WDI:EN.GHG.N2O.AG.MT.CE.AR5:COD,1992-12-31,1.4442
WDI:EN.GHG.N2O.AG.MT.CE.AR5:COD,1993-12-31,1.4089
WDI:EN.GHG.N2O.AG.MT.CE.AR5:COD,1994-12-31,1.4014
WDI:EN.GHG.N2O.AG.MT.CE.AR5:COD,1995-12-31,1.332
WDI:EN.GHG.N2O.AG.MT.CE.AR5:COD,1996-12-31,1.3229
WDI:EN.GHG.N2O.AG.MT.CE.AR5:COD,1997-12-31,1.351
WDI:EN.GHG.N2O.AG.MT.CE.AR5:COD,1998-12-31,1.2901
WDI:EN.GHG.N2O.AG.MT.CE.AR5:COD,1999-12-31,1.2274
WDI:EN.GHG.N2O.AG.MT.CE.AR5:COD,2000-12-31,1.1961
WDI:EN.GHG.N2O.AG.MT.CE.AR5:COD,2001-12-31,1.1634
WDI:EN.GHG.N2O.AG.MT.CE.AR5:COD,2002-12-31,1.1331
WDI:EN.GHG.N2O.AG.MT.CE.AR5:COD,2003-12-31,1.1375
WDI:EN.GHG.N2O.AG.MT.CE.AR5:COD,2004-12-31,1.1416
WDI:EN.GHG.N2O.AG.MT.CE.AR5:COD,2005-12-31,1.1448
WDI:EN.GHG.N2O.AG.MT.CE.AR5:COD,2006-12-31,1.1506
WDI:EN.GHG.N2O.AG.MT.CE.AR5:COD,2007-12-31,1.1522
WDI:EN.GHG.N2O.AG.MT.CE.AR5:COD,2008-12-31,1.1564
WDI:EN.GHG.N2O.AG.MT.CE.AR5:COD,2009-12-31,1.1597
WDI:EN.GHG.N2O.AG.MT.CE.AR5:COD,2010-12-31,1.4301
WDI:EN.GHG.N2O.AG.MT.CE.AR5:COD,2011-12-31,1.4575
WDI:EN.GHG.N2O.AG.MT.CE.AR5:COD,2012-12-31,1.5163
WDI:EN.GHG.N2O.AG.MT.CE.AR5:COD,2013-12-31,1.5687
WDI:EN.GHG.N2O.AG.MT.CE.AR5:COD,2014-12-31,1.6072
WDI:EN.GHG.N2O.AG.MT.CE.AR5:COD,2015-12-31,1.6404
WDI:EN.GHG.N2O.AG.MT.CE.AR5:COD,2016-12-31,1.6661
WDI:EN.GHG.N2O.AG.MT.CE.AR5:COD,2017-12-31,1.7126
WDI:EN.GHG.N2O.AG.MT.CE.AR5:COD,2018-12-31,1.755
WDI:EN.GHG.N2O.AG.MT.CE.AR5:COD,2019-12-31,1.7933
WDI:EN.GHG.N2O.AG.MT.CE.AR5:COD,2020-12-31,1.8752
WDI:EN.GHG.N2O.AG.MT.CE.AR5:COD,2021-12-31,1.9406
WDI:EN.GHG.N2O.AG.MT.CE.AR5:COD,2022-12-31,2.025
WDI:EN.GHG.N2O.AG.MT.CE.AR5:COD,2023-12-31,2.1498
WDI:EN.GHG.N2O.AG.MT.CE.AR5:COD,2024-12-31,2.2501
WDI:EN.GHG.N2O.AG.MT.CE.AR5:COG,1970-12-31,0.1519
WDI:EN.GHG.N2O.AG.MT.CE.AR5:COG,1971-12-31,0.1526
WDI:EN.GHG.N2O.AG.MT.CE.AR5:COG,1972-12-31,0.1528
WDI:EN.GHG.N2O.AG.MT.CE.AR5:COG,1973-12-31,0.1535
WDI:EN.GHG.N2O.AG.MT.CE.AR5:COG,1974-12-31,0.1561
WDI:EN.GHG.N2O.AG.MT.CE.AR5:COG,1975-12-31,0.1598
WDI:EN.GHG.N2O.AG.MT.CE.AR5:COG,1976-12-31,0.1623
WDI:EN.GHG.N2O.AG.MT.CE.AR5:COG,1977-12-31,0.1667
WDI:EN.GHG.N2O.AG.MT.CE.AR5:COG,1978-12-31,0.1698
WDI:EN.GHG.N2O.AG.MT.CE.AR5:COG,1979-12-31,0.1669
WDI:EN.GHG.N2O.AG.MT.CE.AR5:COG,1980-12-31,0.1644
WDI:EN.GHG.N2O.AG.MT.CE.AR5:COG,1981-12-31,0.1665
WDI:EN.GHG.N2O.AG.MT.CE.AR5:COG,1982-12-31,0.17
WDI:EN.GHG.N2O.AG.MT.CE.AR5:COG,1983-12-31,0.1735
WDI:EN.GHG.N2O.AG.MT.CE.AR5:COG,1984-12-31,0.1733
WDI:EN.GHG.N2O.AG.MT.CE.AR5:COG,1985-12-31,0.1772
WDI:EN.GHG.N2O.AG.MT.CE.AR5:COG,1986-12-31,0.1802
WDI:EN.GHG.N2O.AG.MT.CE.AR5:COG,1987-12-31,0.1824
WDI:EN.GHG.N2O.AG.MT.CE.AR5:COG,1988-12-31,0.1844
WDI:EN.GHG.N2O.AG.MT.CE.AR5:COG,1989-12-31,0.1825
WDI:EN.GHG.N2O.AG.MT.CE.AR5:COG,1990-12-31,0.1859
WDI:EN.GHG.N2O.AG.MT.CE.AR5:COG,1991-12-31,0.183
WDI:EN.GHG.N2O.AG.MT.CE.AR5:COG,1992-12-31,0.1841
WDI:EN.GHG.N2O.AG.MT.CE.AR5:COG,1993-12-31,0.1877
WDI:EN.GHG.N2O.AG.MT.CE.AR5:COG,1994-12-31,0.1888
WDI:EN.GHG.N2O.AG.MT.CE.AR5:COG,1995-12-31,0.1898
WDI:EN.GHG.N2O.AG.MT.CE.AR5:COG,1996-12-31,0.1896
WDI:EN.GHG.N2O.AG.MT.CE.AR5:COG,1997-12-31,0.1894
WDI:EN.GHG.N2O.AG.MT.CE.AR5:COG,1998-12-31,0.1879
WDI:EN.GHG.N2O.AG.MT.CE.AR5:COG,1999-12-31,0.193
WDI:EN.GHG.N2O.AG.MT.CE.AR5:COG,2000-12-31,0.1908
WDI:EN.GHG.N2O.AG.MT.CE.AR5:COG,2001-12-31,0.1873
WDI:EN.GHG.N2O.AG.MT.CE.AR5:COG,2002-12-31,0.1906
WDI:EN.GHG.N2O.AG.MT.CE.AR5:COG,2003-12-31,0.1933
WDI:EN.GHG.N2O.AG.MT.CE.AR5:COG,2004-12-31,0.214
WDI:EN.GHG.N2O.AG.MT.CE.AR5:COG,2005-12-31,0.2362
WDI:EN.GHG.N2O.AG.MT.CE.AR5:COG,2006-12-31,0.2569
WDI:EN.GHG.N2O.AG.MT.CE.AR5:COG,2007-12-31,0.2765
WDI:EN.GHG.N2O.AG.MT.CE.AR5:COG,2008-12-31,0.2898
WDI:EN.GHG.N2O.AG.MT.CE.AR5:COG,2009-12-31,0.2875
WDI:EN.GHG.N2O.AG.MT.CE.AR5:COG,2010-12-31,0.2968
WDI:EN.GHG.N2O.AG.MT.CE.AR5:COG,2011-12-31,0.3036
WDI:EN.GHG.N2O.AG.MT.CE.AR5:COG,2012-12-31,0.3136
WDI:EN.GHG.N2O.AG.MT.CE.AR5:COG,2013-12-31,0.3167
WDI:EN.GHG.N2O.AG.MT.CE.AR5:COG,2014-12-31,0.3226
WDI:EN.GHG.N2O.AG.MT.CE.AR5:COG,2015-12-31,0.323
WDI:EN.GHG.N2O.AG.MT.CE.AR5:COG,2016-12-31,0.3241
WDI:EN.GHG.N2O.AG.MT.CE.AR5:COG,2017-12-31,0.3249
WDI:EN.GHG.N2O.AG.MT.CE.AR5:COG,2018-12-31,0.3263
WDI:EN.GHG.N2O.AG.MT.CE.AR5:COG,2019-12-31,0.3275
WDI:EN.GHG.N2O.AG.MT.CE.AR5:COG,2020-12-31,0.3259
WDI:EN.GHG.N2O.AG.MT.CE.AR5:COG,2021-12-31,0.329
WDI:EN.GHG.N2O.AG.MT.CE.AR5:COG,2022-12-31,0.3306
WDI:EN.GHG.N2O.AG.MT.CE.AR5:COG,2023-12-31,0.3278
WDI:EN.GHG.N2O.AG.MT.CE.AR5:COG,2024-12-31,0.3281
WDI:EN.GHG.N2O.AG.MT.CE.AR5:COL,1970-12-31,7.9025
WDI:EN.GHG.N2O.AG.MT.CE.AR5:COL,1971-12-31,8.1911
WDI:EN.GHG.N2O.AG.MT.CE.AR5:COL,1972-12-31,8.4135
WDI:EN.GHG.N2O.AG.MT.CE.AR5:COL,1973-12-31,8.6181
WDI:EN.GHG.N2O.AG.MT.CE.AR5:COL,1974-12-31,8.8235
WDI:EN.GHG.N2O.AG.MT.CE.AR5:COL,1975-12-31,9.0162
WDI:EN.GHG.N2O.AG.MT.CE.AR5:COL,1976-12-31,9.4179
WDI:EN.GHG.N2O.AG.MT.CE.AR5:COL,1977-12-31,9.648
WDI:EN.GHG.N2O.AG.MT.CE.AR5:COL,1978-12-31,9.6445
WDI:EN.GHG.N2O.AG.MT.CE.AR5:COL,1979-12-31,9.9257
WDI:EN.GHG.N2O.AG.MT.CE.AR5:COL,1980-12-31,9.94
WDI:EN.GHG.N2O.AG.MT.CE.AR5:COL,1981-12-31,10.0274
WDI:EN.GHG.N2O.AG.MT.CE.AR5:COL,1982-12-31,10.1884
WDI:EN.GHG.N2O.AG.MT.CE.AR5:COL,1983-12-31,10.1111
WDI:EN.GHG.N2O.AG.MT.CE.AR5:COL,1984-12-31,10.0487
WDI:EN.GHG.N2O.AG.MT.CE.AR5:COL,1985-12-31,10.0607
WDI:EN.GHG.N2O.AG.MT.CE.AR5:COL,1986-12-31,10.4559
WDI:EN.GHG.N2O.AG.MT.CE.AR5:COL,1987-12-31,10.8207
WDI:EN.GHG.N2O.AG.MT.CE.AR5:COL,1988-12-31,11.1352
WDI:EN.GHG.N2O.AG.MT.CE.AR5:COL,1989-12-31,11.3529
WDI:EN.GHG.N2O.AG.MT.CE.AR5:COL,1990-12-31,11.6713
WDI:EN.GHG.N2O.AG.MT.CE.AR5:COL,1991-12-31,11.6449
WDI:EN.GHG.N2O.AG.MT.CE.AR5:COL,1992-12-31,11.6111
WDI:EN.GHG.N2O.AG.MT.CE.AR5:COL,1993-12-31,11.851
WDI:EN.GHG.N2O.AG.MT.CE.AR5:COL,1994-12-31,12.0774
WDI:EN.GHG.N2O.AG.MT.CE.AR5:COL,1995-12-31,12.0684
WDI:EN.GHG.N2O.AG.MT.CE.AR5:COL,1996-12-31,12.2208
WDI:EN.GHG.N2O.AG.MT.CE.AR5:COL,1997-12-31,12.2677
WDI:EN.GHG.N2O.AG.MT.CE.AR5:COL,1998-12-31,12.4487
WDI:EN.GHG.N2O.AG.MT.CE.AR5:COL,1999-12-31,12.0367
WDI:EN.GHG.N2O.AG.MT.CE.AR5:COL,2000-12-31,12.3514
WDI:EN.GHG.N2O.AG.MT.CE.AR5:COL,2001-12-31,12.4912
WDI:EN.GHG.N2O.AG.MT.CE.AR5:COL,2002-12-31,12.7075
WDI:EN.GHG.N2O.AG.MT.CE.AR5:COL,2003-12-31,12.8914
WDI:EN.GHG.N2O.AG.MT.CE.AR5:COL,2004-12-31,13.0138
WDI:EN.GHG.N2O.AG.MT.CE.AR5:COL,2005-12-31,13.326
WDI:EN.GHG.N2O.AG.MT.CE.AR5:COL,2006-12-31,13.4837
WDI:EN.GHG.N2O.AG.MT.CE.AR5:COL,2007-12-31,13.8706
WDI:EN.GHG.N2O.AG.MT.CE.AR5:COL,2008-12-31,13.6167
WDI:EN.GHG.N2O.AG.MT.CE.AR5:COL,2009-12-31,13.8596
WDI:EN.GHG.N2O.AG.MT.CE.AR5:COL,2010-12-31,14.2861
WDI:EN.GHG.N2O.AG.MT.CE.AR5:COL,2011-12-31,13.6123
WDI:EN.GHG.N2O.AG.MT.CE.AR5:COL,2012-12-31,12.7844
WDI:EN.GHG.N2O.AG.MT.CE.AR5:COL,2013-12-31,12.5297
WDI:EN.GHG.N2O.AG.MT.CE.AR5:COL,2014-12-31,12.5747
WDI:EN.GHG.N2O.AG.MT.CE.AR5:COL,2015-12-31,12.9516
WDI:EN.GHG.N2O.AG.MT.CE.AR5:COL,2016-12-31,12.7808
WDI:EN.GHG.N2O.AG.MT.CE.AR5:COL,2017-12-31,13.3536
WDI:EN.GHG.N2O.AG.MT.CE.AR5:COL,2018-12-31,13.9076
WDI:EN.GHG.N2O.AG.MT.CE.AR5:COL,2019-12-31,14.4513
WDI:EN.GHG.N2O.AG.MT.CE.AR5:COL,2020-12-31,14.908
WDI:EN.GHG.N2O.AG.MT.CE.AR5:COL,2021-12-31,16.2577
WDI:EN.GHG.N2O.AG.MT.CE.AR5:COL,2022-12-31,15.5498
WDI:EN.GHG.N2O.AG.MT.CE.AR5:COL,2023-12-31,15.3575
WDI:EN.GHG.N2O.AG.MT.CE.AR5:COL,2024-12-31,15.2832
WDI:EN.GHG.N2O.AG.MT.CE.AR5:COM,1970-12-31,0.0288
WDI:EN.GHG.N2O.AG.MT.CE.AR5:COM,1971-12-31,0.0291
WDI:EN.GHG.N2O.AG.MT.CE.AR5:COM,1972-12-31,0.0295
WDI:EN.GHG.N2O.AG.MT.CE.AR5:COM,1973-12-31,0.0301
WDI:EN.GHG.N2O.AG.MT.CE.AR5:COM,1974-12-31,0.0308
WDI:EN.GHG.N2O.AG.MT.CE.AR5:COM,1975-12-31,0.0314
WDI:EN.GHG.N2O.AG.MT.CE.AR5:COM,1976-12-31,0.032
WDI:EN.GHG.N2O.AG.MT.CE.AR5:COM,1977-12-31,0.0322
WDI:EN.GHG.N2O.AG.MT.CE.AR5:COM,1978-12-31,0.0329
WDI:EN.GHG.N2O.AG.MT.CE.AR5:COM,1979-12-31,0.0316
WDI:EN.GHG.N2O.AG.MT.CE.AR5:COM,1980-12-31,0.0312
WDI:EN.GHG.N2O.AG.MT.CE.AR5:COM,1981-12-31,0.0306
WDI:EN.GHG.N2O.AG.MT.CE.AR5:COM,1982-12-31,0.0298
WDI:EN.GHG.N2O.AG.MT.CE.AR5:COM,1983-12-31,0.0287
WDI:EN.GHG.N2O.AG.MT.CE.AR5:COM,1984-12-31,0.0279
WDI:EN.GHG.N2O.AG.MT.CE.AR5:COM,1985-12-31,0.0265
WDI:EN.GHG.N2O.AG.MT.CE.AR5:COM,1986-12-31,0.0258
WDI:EN.GHG.N2O.AG.MT.CE.AR5:COM,1987-12-31,0.025
WDI:EN.GHG.N2O.AG.MT.CE.AR5:COM,1988-12-31,0.0259
WDI:EN.GHG.N2O.AG.MT.CE.AR5:COM,1989-12-31,0.0267
WDI:EN.GHG.N2O.AG.MT.CE.AR5:COM,1990-12-31,0.026
WDI:EN.GHG.N2O.AG.MT.CE.AR5:COM,1991-12-31,0.0252
WDI:EN.GHG.N2O.AG.MT.CE.AR5:COM,1992-12-31,0.0253
WDI:EN.GHG.N2O.AG.MT.CE.AR5:COM,1993-12-31,0.0258
WDI:EN.GHG.N2O.AG.MT.CE.AR5:COM,1994-12-31,0.0262
WDI:EN.GHG.N2O.AG.MT.CE.AR5:COM,1995-12-31,0.0267
WDI:EN.GHG.N2O.AG.MT.CE.AR5:COM,1996-12-31,0.0273
WDI:EN.GHG.N2O.AG.MT.CE.AR5:COM,1997-12-31,0.0278
WDI:EN.GHG.N2O.AG.MT.CE.AR5:COM,1998-12-31,0.0297
WDI:EN.GHG.N2O.AG.MT.CE.AR5:COM,1999-12-31,0.0318
WDI:EN.GHG.N2O.AG.MT.CE.AR5:COM,2000-12-31,0.0283
WDI:EN.GHG.N2O.AG.MT.CE.AR5:COM,2001-12-31,0.0291
WDI:EN.GHG.N2O.AG.MT.CE.AR5:COM,2002-12-31,0.03
WDI:EN.GHG.N2O.AG.MT.CE.AR5:COM,2003-12-31,0.0266
WDI:EN.GHG.N2O.AG.MT.CE.AR5:COM,2004-12-31,0.027
WDI:EN.GHG.N2O.AG.MT.CE.AR5:COM,2005-12-31,0.0274
WDI:EN.GHG.N2O.AG.MT.CE.AR5:COM,2006-12-31,0.0289
WDI:EN.GHG.N2O.AG.MT.CE.AR5:COM,2007-12-31,0.0293
WDI:EN.GHG.N2O.AG.MT.CE.AR5:COM,2008-12-31,0.0293
WDI:EN.GHG.N2O.AG.MT.CE.AR5:COM,2009-12-31,0.0293
WDI:EN.GHG.N2O.AG.MT.CE.AR5:COM,2010-12-31,0.0295
WDI:EN.GHG.N2O.AG.MT.CE.AR5:COM,2011-12-31,0.0298
WDI:EN.GHG.N2O.AG.MT.CE.AR5:COM,2012-12-31,0.0297
WDI:EN.GHG.N2O.AG.MT.CE.AR5:COM,2013-12-31,0.0297
WDI:EN.GHG.N2O.AG.MT.CE.AR5:COM,2014-12-31,0.0295
WDI:EN.GHG.N2O.AG.MT.CE.AR5:COM,2015-12-31,0.0296
WDI:EN.GHG.N2O.AG.MT.CE.AR5:COM,2016-12-31,0.0297
WDI:EN.GHG.N2O.AG.MT.CE.AR5:COM,2017-12-31,0.0297
WDI:EN.GHG.N2O.AG.MT.CE.AR5:COM,2018-12-31,0.0298
WDI:EN.GHG.N2O.AG.MT.CE.AR5:COM,2019-12-31,0.0298
WDI:EN.GHG.N2O.AG.MT.CE.AR5:COM,2020-12-31,0.0297
WDI:EN.GHG.N2O.AG.MT.CE.AR5:COM,2021-12-31,0.0297
WDI:EN.GHG.N2O.AG.MT.CE.AR5:COM,2022-12-31,0.0298
WDI:EN.GHG.N2O.AG.MT.CE.AR5:COM,2023-12-31,0.0298
WDI:EN.GHG.N2O.AG.MT.CE.AR5:COM,2024-12-31,0.0298
WDI:EN.GHG.N2O.AG.MT.CE.AR5:CPV,1970-12-31,0.0134
WDI:EN.GHG.N2O.AG.MT.CE.AR5:CPV,1971-12-31,0.0128
WDI:EN.GHG.N2O.AG.MT.CE.AR5:CPV,1972-12-31,0.0139
WDI:EN.GHG.N2O.AG.MT.CE.AR5:CPV,1973-12-31,0.0134
WDI:EN.GHG.N2O.AG.MT.CE.AR5:CPV,1974-12-31,0.0116
WDI:EN.GHG.N2O.AG.MT.CE.AR5:CPV,1975-12-31,0.0112
WDI:EN.GHG.N2O.AG.MT.CE.AR5:CPV,1976-12-31,0.0116
WDI:EN.GHG.N2O.AG.MT.CE.AR5:CPV,1977-12-31,0.0121
WDI:EN.GHG.N2O.AG.MT.CE.AR5:CPV,1978-12-31,0.0131
WDI:EN.GHG.N2O.AG.MT.CE.AR5:CPV,1979-12-31,0.0143
WDI:EN.GHG.N2O.AG.MT.CE.AR5:CPV,1980-12-31,0.0164
WDI:EN.GHG.N2O.AG.MT.CE.AR5:CPV,1981-12-31,0.0173
WDI:EN.GHG.N2O.AG.MT.CE.AR5:CPV,1982-12-31,0.0213
WDI:EN.GHG.N2O.AG.MT.CE.AR5:CPV,1983-12-31,0.0167
WDI:EN.GHG.N2O.AG.MT.CE.AR5:CPV,1984-12-31,0.0167
WDI:EN.GHG.N2O.AG.MT.CE.AR5:CPV,1985-12-31,0.0193
WDI:EN.GHG.N2O.AG.MT.CE.AR5:CPV,1986-12-31,0.022
WDI:EN.GHG.N2O.AG.MT.CE.AR5:CPV,1987-12-31,0.0258
WDI:EN.GHG.N2O.AG.MT.CE.AR5:CPV,1988-12-31,0.0295
WDI:EN.GHG.N2O.AG.MT.CE.AR5:CPV,1989-12-31,0.031
WDI:EN.GHG.N2O.AG.MT.CE.AR5:CPV,1990-12-31,0.0334
WDI:EN.GHG.N2O.AG.MT.CE.AR5:CPV,1991-12-31,0.0375
WDI:EN.GHG.N2O.AG.MT.CE.AR5:CPV,1992-12-31,0.0519
WDI:EN.GHG.N2O.AG.MT.CE.AR5:CPV,1993-12-31,0.0519
WDI:EN.GHG.N2O.AG.MT.CE.AR5:CPV,1994-12-31,0.0408
WDI:EN.GHG.N2O.AG.MT.CE.AR5:CPV,1995-12-31,0.0564
WDI:EN.GHG.N2O.AG.MT.CE.AR5:CPV,1996-12-31,0.0356
WDI:EN.GHG.N2O.AG.MT.CE.AR5:CPV,1997-12-31,0.0426
WDI:EN.GHG.N2O.AG.MT.CE.AR5:CPV,1998-12-31,0.05
WDI:EN.GHG.N2O.AG.MT.CE.AR5:CPV,1999-12-31,0.0523
WDI:EN.GHG.N2O.AG.MT.CE.AR5:CPV,2000-12-31,0.0497
WDI:EN.GHG.N2O.AG.MT.CE.AR5:CPV,2001-12-31,0.0439
WDI:EN.GHG.N2O.AG.MT.CE.AR5:CPV,2002-12-31,0.0433
WDI:EN.GHG.N2O.AG.MT.CE.AR5:CPV,2003-12-31,0.0424
WDI:EN.GHG.N2O.AG.MT.CE.AR5:CPV,2004-12-31,0.0444
WDI:EN.GHG.N2O.AG.MT.CE.AR5:CPV,2005-12-31,0.0429
WDI:EN.GHG.N2O.AG.MT.CE.AR5:CPV,2006-12-31,0.0408
WDI:EN.GHG.N2O.AG.MT.CE.AR5:CPV,2007-12-31,0.0383
WDI:EN.GHG.N2O.AG.MT.CE.AR5:CPV,2008-12-31,0.0372
WDI:EN.GHG.N2O.AG.MT.CE.AR5:CPV,2009-12-31,0.0392
WDI:EN.GHG.N2O.AG.MT.CE.AR5:CPV,2010-12-31,0.0401
WDI:EN.GHG.N2O.AG.MT.CE.AR5:CPV,2011-12-31,0.0385
WDI:EN.GHG.N2O.AG.MT.CE.AR5:CPV,2012-12-31,0.0392
WDI:EN.GHG.N2O.AG.MT.CE.AR5:CPV,2013-12-31,0.0398
WDI:EN.GHG.N2O.AG.MT.CE.AR5:CPV,2014-12-31,0.0402
WDI:EN.GHG.N2O.AG.MT.CE.AR5:CPV,2015-12-31,0.0409
WDI:EN.GHG.N2O.AG.MT.CE.AR5:CPV,2016-12-31,0.0415
WDI:EN.GHG.N2O.AG.MT.CE.AR5:CPV,2017-12-31,0.0338
WDI:EN.GHG.N2O.AG.MT.CE.AR5:CPV,2018-12-31,0.0331
WDI:EN.GHG.N2O.AG.MT.CE.AR5:CPV,2019-12-31,0.0339
WDI:EN.GHG.N2O.AG.MT.CE.AR5:CPV,2020-12-31,0.0358
WDI:EN.GHG.N2O.AG.MT.CE.AR5:CPV,2021-12-31,0.0363
WDI:EN.GHG.N2O.AG.MT.CE.AR5:CPV,2022-12-31,0.0366
WDI:EN.GHG.N2O.AG.MT.CE.AR5:CPV,2023-12-31,0.0372
WDI:EN.GHG.N2O.AG.MT.CE.AR5:CPV,2024-12-31,0.0378
WDI:EN.GHG.N2O.AG.MT.CE.AR5:CRI,1970-12-31,0.7985
WDI:EN.GHG.N2O.AG.MT.CE.AR5:CRI,1971-12-31,0.8244
WDI:EN.GHG.N2O.AG.MT.CE.AR5:CRI,1972-12-31,0.8569
WDI:EN.GHG.N2O.AG.MT.CE.AR5:CRI,1973-12-31,0.8931
WDI:EN.GHG.N2O.AG.MT.CE.AR5:CRI,1974-12-31,0.8862
WDI:EN.GHG.N2O.AG.MT.CE.AR5:CRI,1975-12-31,0.8898
WDI:EN.GHG.N2O.AG.MT.CE.AR5:CRI,1976-12-31,0.8935
WDI:EN.GHG.N2O.AG.MT.CE.AR5:CRI,1977-12-31,0.9861
WDI:EN.GHG.N2O.AG.MT.CE.AR5:CRI,1978-12-31,1.0148
WDI:EN.GHG.N2O.AG.MT.CE.AR5:CRI,1979-12-31,1.0376
WDI:EN.GHG.N2O.AG.MT.CE.AR5:CRI,1980-12-31,1.0636
WDI:EN.GHG.N2O.AG.MT.CE.AR5:CRI,1981-12-31,1.1143
WDI:EN.GHG.N2O.AG.MT.CE.AR5:CRI,1982-12-31,1.14
WDI:EN.GHG.N2O.AG.MT.CE.AR5:CRI,1983-12-31,1.2069
WDI:EN.GHG.N2O.AG.MT.CE.AR5:CRI,1984-12-31,1.2089
WDI:EN.GHG.N2O.AG.MT.CE.AR5:CRI,1985-12-31,1.1629
WDI:EN.GHG.N2O.AG.MT.CE.AR5:CRI,1986-12-31,1.1738
WDI:EN.GHG.N2O.AG.MT.CE.AR5:CRI,1987-12-31,1.186
WDI:EN.GHG.N2O.AG.MT.CE.AR5:CRI,1988-12-31,1.1961
WDI:EN.GHG.N2O.AG.MT.CE.AR5:CRI,1989-12-31,1.215
WDI:EN.GHG.N2O.AG.MT.CE.AR5:CRI,1990-12-31,1.1951
WDI:EN.GHG.N2O.AG.MT.CE.AR5:CRI,1991-12-31,1.2361
WDI:EN.GHG.N2O.AG.MT.CE.AR5:CRI,1992-12-31,1.2414
WDI:EN.GHG.N2O.AG.MT.CE.AR5:CRI,1993-12-31,1.2193
WDI:EN.GHG.N2O.AG.MT.CE.AR5:CRI,1994-12-31,1.2024
WDI:EN.GHG.N2O.AG.MT.CE.AR5:CRI,1995-12-31,1.1218
WDI:EN.GHG.N2O.AG.MT.CE.AR5:CRI,1996-12-31,1.1945
WDI:EN.GHG.N2O.AG.MT.CE.AR5:CRI,1997-12-31,1.2431
WDI:EN.GHG.N2O.AG.MT.CE.AR5:CRI,1998-12-31,1.28
WDI:EN.GHG.N2O.AG.MT.CE.AR5:CRI,1999-12-31,1.1084
WDI:EN.GHG.N2O.AG.MT.CE.AR5:CRI,2000-12-31,1.0568
WDI:EN.GHG.N2O.AG.MT.CE.AR5:CRI,2001-12-31,0.9174
WDI:EN.GHG.N2O.AG.MT.CE.AR5:CRI,2002-12-31,0.8776
WDI:EN.GHG.N2O.AG.MT.CE.AR5:CRI,2003-12-31,0.858
WDI:EN.GHG.N2O.AG.MT.CE.AR5:CRI,2004-12-31,0.9707
WDI:EN.GHG.N2O.AG.MT.CE.AR5:CRI,2005-12-31,0.9681
WDI:EN.GHG.N2O.AG.MT.CE.AR5:CRI,2006-12-31,0.981
WDI:EN.GHG.N2O.AG.MT.CE.AR5:CRI,2007-12-31,1.0242
WDI:EN.GHG.N2O.AG.MT.CE.AR5:CRI,2008-12-31,1.0405
WDI:EN.GHG.N2O.AG.MT.CE.AR5:CRI,2009-12-31,1.0762
WDI:EN.GHG.N2O.AG.MT.CE.AR5:CRI,2010-12-31,1.0958
WDI:EN.GHG.N2O.AG.MT.CE.AR5:CRI,2011-12-31,1.2529
WDI:EN.GHG.N2O.AG.MT.CE.AR5:CRI,2012-12-31,1.095
WDI:EN.GHG.N2O.AG.MT.CE.AR5:CRI,2013-12-31,1.0226
WDI:EN.GHG.N2O.AG.MT.CE.AR5:CRI,2014-12-31,1.2109
WDI:EN.GHG.N2O.AG.MT.CE.AR5:CRI,2015-12-31,1.2108
WDI:EN.GHG.N2O.AG.MT.CE.AR5:CRI,2016-12-31,1.2128
WDI:EN.GHG.N2O.AG.MT.CE.AR5:CRI,2017-12-31,1.2596
WDI:EN.GHG.N2O.AG.MT.CE.AR5:CRI,2018-12-31,1.4534
WDI:EN.GHG.N2O.AG.MT.CE.AR5:CRI,2019-12-31,1.4179
WDI:EN.GHG.N2O.AG.MT.CE.AR5:CRI,2020-12-31,1.2736
WDI:EN.GHG.N2O.AG.MT.CE.AR5:CRI,2021-12-31,1.2905
WDI:EN.GHG.N2O.AG.MT.CE.AR5:CRI,2022-12-31,1.268
WDI:EN.GHG.N2O.AG.MT.CE.AR5:CRI,2023-12-31,1.471
WDI:EN.GHG.N2O.AG.MT.CE.AR5:CRI,2024-12-31,1.4713
WDI:EN.GHG.N2O.AG.MT.CE.AR5:CSS,1970-12-31,0.4004000000000001
WDI:EN.GHG.N2O.AG.MT.CE.AR5:CSS,1971-12-31,0.4028000000000001
WDI:EN.GHG.N2O.AG.MT.CE.AR5:CSS,1972-12-31,0.4036
WDI:EN.GHG.N2O.AG.MT.CE.AR5:CSS,1973-12-31,0.4100000000000001
WDI:EN.GHG.N2O.AG.MT.CE.AR5:CSS,1974-12-31,0.4068
WDI:EN.GHG.N2O.AG.MT.CE.AR5:CSS,1975-12-31,0.4055
WDI:EN.GHG.N2O.AG.MT.CE.AR5:CSS,1976-12-31,0.41359999999999997
WDI:EN.GHG.N2O.AG.MT.CE.AR5:CSS,1977-12-31,0.4153
WDI:EN.GHG.N2O.AG.MT.CE.AR5:CSS,1978-12-31,0.4214
WDI:EN.GHG.N2O.AG.MT.CE.AR5:CSS,1979-12-31,0.39470000000000005
WDI:EN.GHG.N2O.AG.MT.CE.AR5:CSS,1980-12-31,0.4017
WDI:EN.GHG.N2O.AG.MT.CE.AR5:CSS,1981-12-31,0.39749999999999996
WDI:EN.GHG.N2O.AG.MT.CE.AR5:CSS,1982-12-31,0.4002
WDI:EN.GHG.N2O.AG.MT.CE.AR5:CSS,1983-12-31,0.39
WDI:EN.GHG.N2O.AG.MT.CE.AR5:CSS,1984-12-31,0.38980000000000004
WDI:EN.GHG.N2O.AG.MT.CE.AR5:CSS,1985-12-31,0.3876
WDI:EN.GHG.N2O.AG.MT.CE.AR5:CSS,1986-12-31,0.37889999999999996
WDI:EN.GHG.N2O.AG.MT.CE.AR5:CSS,1987-12-31,0.3867
WDI:EN.GHG.N2O.AG.MT.CE.AR5:CSS,1988-12-31,0.3835
WDI:EN.GHG.N2O.AG.MT.CE.AR5:CSS,1989-12-31,0.38870000000000005
WDI:EN.GHG.N2O.AG.MT.CE.AR5:CSS,1990-12-31,0.4137
WDI:EN.GHG.N2O.AG.MT.CE.AR5:CSS,1991-12-31,0.42919999999999997
WDI:EN.GHG.N2O.AG.MT.CE.AR5:CSS,1992-12-31,0.4445
WDI:EN.GHG.N2O.AG.MT.CE.AR5:CSS,1993-12-31,0.4495
WDI:EN.GHG.N2O.AG.MT.CE.AR5:CSS,1994-12-31,0.4439000000000001
WDI:EN.GHG.N2O.AG.MT.CE.AR5:CSS,1995-12-31,0.4665
WDI:EN.GHG.N2O.AG.MT.CE.AR5:CSS,1996-12-31,0.5007
WDI:EN.GHG.N2O.AG.MT.CE.AR5:CSS,1997-12-31,0.5014000000000001
WDI:EN.GHG.N2O.AG.MT.CE.AR5:CSS,1998-12-31,0.4952
WDI:EN.GHG.N2O.AG.MT.CE.AR5:CSS,1999-12-31,0.5074
WDI:EN.GHG.N2O.AG.MT.CE.AR5:CSS,2000-12-31,0.501
WDI:EN.GHG.N2O.AG.MT.CE.AR5:CSS,2001-12-31,0.5131
WDI:EN.GHG.N2O.AG.MT.CE.AR5:CSS,2002-12-31,0.5067
WDI:EN.GHG.N2O.AG.MT.CE.AR5:CSS,2003-12-31,0.5135000000000001
WDI:EN.GHG.N2O.AG.MT.CE.AR5:CSS,2004-12-31,0.5599000000000001
WDI:EN.GHG.N2O.AG.MT.CE.AR5:CSS,2005-12-31,0.5506000000000001
WDI:EN.GHG.N2O.AG.MT.CE.AR5:CSS,2006-12-31,0.5511
WDI:EN.GHG.N2O.AG.MT.CE.AR5:CSS,2007-12-31,0.5685
WDI:EN.GHG.N2O.AG.MT.CE.AR5:CSS,2008-12-31,0.5612
WDI:EN.GHG.N2O.AG.MT.CE.AR5:CSS,2009-12-31,0.5876
WDI:EN.GHG.N2O.AG.MT.CE.AR5:CSS,2010-12-31,0.5845
WDI:EN.GHG.N2O.AG.MT.CE.AR5:CSS,2011-12-31,0.5927
WDI:EN.GHG.N2O.AG.MT.CE.AR5:CSS,2012-12-31,0.6083
WDI:EN.GHG.N2O.AG.MT.CE.AR5:CSS,2013-12-31,0.616
WDI:EN.GHG.N2O.AG.MT.CE.AR5:CSS,2014-12-31,0.6113
WDI:EN.GHG.N2O.AG.MT.CE.AR5:CSS,2015-12-31,0.6164999999999999
WDI:EN.GHG.N2O.AG.MT.CE.AR5:CSS,2016-12-31,0.6115
WDI:EN.GHG.N2O.AG.MT.CE.AR5:CSS,2017-12-31,0.6255000000000001
WDI:EN.GHG.N2O.AG.MT.CE.AR5:CSS,2018-12-31,0.6243
WDI:EN.GHG.N2O.AG.MT.CE.AR5:CSS,2019-12-31,0.6295000000000001
WDI:EN.GHG.N2O.AG.MT.CE.AR5:CSS,2020-12-31,0.6328
WDI:EN.GHG.N2O.AG.MT.CE.AR5:CSS,2021-12-31,0.6364999999999998
WDI:EN.GHG.N2O.AG.MT.CE.AR5:CSS,2022-12-31,0.6443
WDI:EN.GHG.N2O.AG.MT.CE.AR5:CSS,2023-12-31,0.6478
WDI:EN.GHG.N2O.AG.MT.CE.AR5:CSS,2024-12-31,0.6514
WDI:EN.GHG.N2O.AG.MT.CE.AR5:CUB,1970-12-31,3.3823
WDI:EN.GHG.N2O.AG.MT.CE.AR5:CUB,1971-12-31,3.1001
WDI:EN.GHG.N2O.AG.MT.CE.AR5:CUB,1972-12-31,3.0025
WDI:EN.GHG.N2O.AG.MT.CE.AR5:CUB,1973-12-31,2.9779
WDI:EN.GHG.N2O.AG.MT.CE.AR5:CUB,1974-12-31,3.0217
WDI:EN.GHG.N2O.AG.MT.CE.AR5:CUB,1975-12-31,3.1177
WDI:EN.GHG.N2O.AG.MT.CE.AR5:CUB,1976-12-31,3.3562
WDI:EN.GHG.N2O.AG.MT.CE.AR5:CUB,1977-12-31,3.5536
WDI:EN.GHG.N2O.AG.MT.CE.AR5:CUB,1978-12-31,3.5638
WDI:EN.GHG.N2O.AG.MT.CE.AR5:CUB,1979-12-31,3.8182
WDI:EN.GHG.N2O.AG.MT.CE.AR5:CUB,1980-12-31,3.7437
WDI:EN.GHG.N2O.AG.MT.CE.AR5:CUB,1981-12-31,3.9582
WDI:EN.GHG.N2O.AG.MT.CE.AR5:CUB,1982-12-31,3.8191
WDI:EN.GHG.N2O.AG.MT.CE.AR5:CUB,1983-12-31,3.6608
WDI:EN.GHG.N2O.AG.MT.CE.AR5:CUB,1984-12-31,3.8927
WDI:EN.GHG.N2O.AG.MT.CE.AR5:CUB,1985-12-31,3.8636
WDI:EN.GHG.N2O.AG.MT.CE.AR5:CUB,1986-12-31,4.0279
WDI:EN.GHG.N2O.AG.MT.CE.AR5:CUB,1987-12-31,3.9546
WDI:EN.GHG.N2O.AG.MT.CE.AR5:CUB,1988-12-31,3.9727
WDI:EN.GHG.N2O.AG.MT.CE.AR5:CUB,1989-12-31,4.3025
WDI:EN.GHG.N2O.AG.MT.CE.AR5:CUB,1990-12-31,3.821
WDI:EN.GHG.N2O.AG.MT.CE.AR5:CUB,1991-12-31,3.6051
WDI:EN.GHG.N2O.AG.MT.CE.AR5:CUB,1992-12-31,3.3782
WDI:EN.GHG.N2O.AG.MT.CE.AR5:CUB,1993-12-31,2.8605
WDI:EN.GHG.N2O.AG.MT.CE.AR5:CUB,1994-12-31,2.6882
WDI:EN.GHG.N2O.AG.MT.CE.AR5:CUB,1995-12-31,2.6284
WDI:EN.GHG.N2O.AG.MT.CE.AR5:CUB,1996-12-31,2.6214
WDI:EN.GHG.N2O.AG.MT.CE.AR5:CUB,1997-12-31,2.7065
WDI:EN.GHG.N2O.AG.MT.CE.AR5:CUB,1998-12-31,2.6046
WDI:EN.GHG.N2O.AG.MT.CE.AR5:CUB,1999-12-31,2.4216
WDI:EN.GHG.N2O.AG.MT.CE.AR5:CUB,2000-12-31,2.4218
WDI:EN.GHG.N2O.AG.MT.CE.AR5:CUB,2001-12-31,2.2338
WDI:EN.GHG.N2O.AG.MT.CE.AR5:CUB,2002-12-31,2.1689
WDI:EN.GHG.N2O.AG.MT.CE.AR5:CUB,2003-12-31,2.0554
WDI:EN.GHG.N2O.AG.MT.CE.AR5:CUB,2004-12-31,2.0269
WDI:EN.GHG.N2O.AG.MT.CE.AR5:CUB,2005-12-31,2.0429
WDI:EN.GHG.N2O.AG.MT.CE.AR5:CUB,2006-12-31,2.2037
WDI:EN.GHG.N2O.AG.MT.CE.AR5:CUB,2007-12-31,2.1676
WDI:EN.GHG.N2O.AG.MT.CE.AR5:CUB,2008-12-31,2.2031
WDI:EN.GHG.N2O.AG.MT.CE.AR5:CUB,2009-12-31,2.2289
WDI:EN.GHG.N2O.AG.MT.CE.AR5:CUB,2010-12-31,2.2135
WDI:EN.GHG.N2O.AG.MT.CE.AR5:CUB,2011-12-31,2.2636
WDI:EN.GHG.N2O.AG.MT.CE.AR5:CUB,2012-12-31,2.2347
WDI:EN.GHG.N2O.AG.MT.CE.AR5:CUB,2013-12-31,2.3344
WDI:EN.GHG.N2O.AG.MT.CE.AR5:CUB,2014-12-31,2.4442
WDI:EN.GHG.N2O.AG.MT.CE.AR5:CUB,2015-12-31,2.3515
WDI:EN.GHG.N2O.AG.MT.CE.AR5:CUB,2016-12-31,2.3307
WDI:EN.GHG.N2O.AG.MT.CE.AR5:CUB,2017-12-31,2.3565
WDI:EN.GHG.N2O.AG.MT.CE.AR5:CUB,2018-12-31,2.2097
WDI:EN.GHG.N2O.AG.MT.CE.AR5:CUB,2019-12-31,2.1908
WDI:EN.GHG.N2O.AG.MT.CE.AR5:CUB,2020-12-31,1.8571
WDI:EN.GHG.N2O.AG.MT.CE.AR5:CUB,2021-12-31,1.8321
WDI:EN.GHG.N2O.AG.MT.CE.AR5:CUB,2022-12-31,1.7875
WDI:EN.GHG.N2O.AG.MT.CE.AR5:CUB,2023-12-31,1.7601
WDI:EN.GHG.N2O.AG.MT.CE.AR5:CUB,2024-12-31,1.7123
WDI:EN.GHG.N2O.AG.MT.CE.AR5:CYM,1970-12-31,0.0014
WDI:EN.GHG.N2O.AG.MT.CE.AR5:CYM,1971-12-31,0.0014
WDI:EN.GHG.N2O.AG.MT.CE.AR5:CYM,1972-12-31,0.0014
WDI:EN.GHG.N2O.AG.MT.CE.AR5:CYM,1973-12-31,0.0015
WDI:EN.GHG.N2O.AG.MT.CE.AR5:CYM,1974-12-31,0.0016
WDI:EN.GHG.N2O.AG.MT.CE.AR5:CYM,1975-12-31,0.0016
WDI:EN.GHG.N2O.AG.MT.CE.AR5:CYM,1976-12-31,0.0018
WDI:EN.GHG.N2O.AG.MT.CE.AR5:CYM,1977-12-31,0.0019
WDI:EN.GHG.N2O.AG.MT.CE.AR5:CYM,1978-12-31,0.0019
WDI:EN.GHG.N2O.AG.MT.CE.AR5:CYM,1979-12-31,0.0019
WDI:EN.GHG.N2O.AG.MT.CE.AR5:CYM,1980-12-31,0.0019
WDI:EN.GHG.N2O.AG.MT.CE.AR5:CYM,1981-12-31,0.002
WDI:EN.GHG.N2O.AG.MT.CE.AR5:CYM,1982-12-31,0.002
WDI:EN.GHG.N2O.AG.MT.CE.AR5:CYM,1983-12-31,0.0031
WDI:EN.GHG.N2O.AG.MT.CE.AR5:CYM,1984-12-31,0.0008
WDI:EN.GHG.N2O.AG.MT.CE.AR5:CYM,1985-12-31,0.0009
WDI:EN.GHG.N2O.AG.MT.CE.AR5:CYM,1986-12-31,0.0009
WDI:EN.GHG.N2O.AG.MT.CE.AR5:CYM,1987-12-31,0.0008
WDI:EN.GHG.N2O.AG.MT.CE.AR5:CYM,1988-12-31,0.0007
WDI:EN.GHG.N2O.AG.MT.CE.AR5:CYM,1989-12-31,0.0007
WDI:EN.GHG.N2O.AG.MT.CE.AR5:CYM,1990-12-31,0.0008
WDI:EN.GHG.N2O.AG.MT.CE.AR5:CYM,1991-12-31,0.0007
WDI:EN.GHG.N2O.AG.MT.CE.AR5:CYM,1992-12-31,0.0006
WDI:EN.GHG.N2O.AG.MT.CE.AR5:CYM,1993-12-31,0.0006
WDI:EN.GHG.N2O.AG.MT.CE.AR5:CYM,1994-12-31,0.0008
WDI:EN.GHG.N2O.AG.MT.CE.AR5:CYM,1995-12-31,0.0008
WDI:EN.GHG.N2O.AG.MT.CE.AR5:CYM,1996-12-31,0.0008
WDI:EN.GHG.N2O.AG.MT.CE.AR5:CYM,1997-12-31,0.0008
WDI:EN.GHG.N2O.AG.MT.CE.AR5:CYM,1998-12-31,0.0009
WDI:EN.GHG.N2O.AG.MT.CE.AR5:CYM,1999-12-31,0.0009
WDI:EN.GHG.N2O.AG.MT.CE.AR5:CYM,2000-12-31,0.0009
WDI:EN.GHG.N2O.AG.MT.CE.AR5:CYM,2001-12-31,0.0009
WDI:EN.GHG.N2O.AG.MT.CE.AR5:CYM,2002-12-31,0.001
WDI:EN.GHG.N2O.AG.MT.CE.AR5:CYM,2003-12-31,0.001
WDI:EN.GHG.N2O.AG.MT.CE.AR5:CYM,2004-12-31,0.001
WDI:EN.GHG.N2O.AG.MT.CE.AR5:CYM,2005-12-31,0.001
WDI:EN.GHG.N2O.AG.MT.CE.AR5:CYM,2006-12-31,0.001
WDI:EN.GHG.N2O.AG.MT.CE.AR5:CYM,2007-12-31,0.0012
WDI:EN.GHG.N2O.AG.MT.CE.AR5:CYM,2008-12-31,0.0013
WDI:EN.GHG.N2O.AG.MT.CE.AR5:CYM,2009-12-31,0.0012
WDI:EN.GHG.N2O.AG.MT.CE.AR5:CYM,2010-12-31,0.0011
WDI:EN.GHG.N2O.AG.MT.CE.AR5:CYM,2011-12-31,0.0011
WDI:EN.GHG.N2O.AG.MT.CE.AR5:CYM,2012-12-31,0.0011
WDI:EN.GHG.N2O.AG.MT.CE.AR5:CYM,2013-12-31,0.0011
WDI:EN.GHG.N2O.AG.MT.CE.AR5:CYM,2014-12-31,0.0011
WDI:EN.GHG.N2O.AG.MT.CE.AR5:CYM,2015-12-31,0.0012
WDI:EN.GHG.N2O.AG.MT.CE.AR5:CYM,2016-12-31,0.0012
WDI:EN.GHG.N2O.AG.MT.CE.AR5:CYM,2017-12-31,0.0012
WDI:EN.GHG.N2O.AG.MT.CE.AR5:CYM,2018-12-31,0.0012
WDI:EN.GHG.N2O.AG.MT.CE.AR5:CYM,2019-12-31,0.0012
WDI:EN.GHG.N2O.AG.MT.CE.AR5:CYM,2020-12-31,0.0013
WDI:EN.GHG.N2O.AG.MT.CE.AR5:CYM,2021-12-31,0.0013
WDI:EN.GHG.N2O.AG.MT.CE.AR5:CYM,2022-12-31,0.0013
WDI:EN.GHG.N2O.AG.MT.CE.AR5:CYM,2023-12-31,0.0013
WDI:EN.GHG.N2O.AG.MT.CE.AR5:CYM,2024-12-31,0.0013
WDI:EN.GHG.N2O.AG.MT.CE.AR5:CYP,1970-12-31,0.1868
WDI:EN.GHG.N2O.AG.MT.CE.AR5:CYP,1971-12-31,0.1948
WDI:EN.GHG.N2O.AG.MT.CE.AR5:CYP,1972-12-31,0.1935
WDI:EN.GHG.N2O.AG.MT.CE.AR5:CYP,1973-12-31,0.1924
WDI:EN.GHG.N2O.AG.MT.CE.AR5:CYP,1974-12-31,0.1296
WDI:EN.GHG.N2O.AG.MT.CE.AR5:CYP,1975-12-31,0.143
WDI:EN.GHG.N2O.AG.MT.CE.AR5:CYP,1976-12-31,0.101
WDI:EN.GHG.N2O.AG.MT.CE.AR5:CYP,1977-12-31,0.091
WDI:EN.GHG.N2O.AG.MT.CE.AR5:CYP,1978-12-31,0.0941
WDI:EN.GHG.N2O.AG.MT.CE.AR5:CYP,1979-12-31,0.0872
WDI:EN.GHG.N2O.AG.MT.CE.AR5:CYP,1980-12-31,0.0865
WDI:EN.GHG.N2O.AG.MT.CE.AR5:CYP,1981-12-31,0.0907
WDI:EN.GHG.N2O.AG.MT.CE.AR5:CYP,1982-12-31,0.1302
WDI:EN.GHG.N2O.AG.MT.CE.AR5:CYP,1983-12-31,0.1282
WDI:EN.GHG.N2O.AG.MT.CE.AR5:CYP,1984-12-31,0.1344
WDI:EN.GHG.N2O.AG.MT.CE.AR5:CYP,1985-12-31,0.1352
WDI:EN.GHG.N2O.AG.MT.CE.AR5:CYP,1986-12-31,0.1368
WDI:EN.GHG.N2O.AG.MT.CE.AR5:CYP,1987-12-31,0.1457
WDI:EN.GHG.N2O.AG.MT.CE.AR5:CYP,1988-12-31,0.1503
WDI:EN.GHG.N2O.AG.MT.CE.AR5:CYP,1989-12-31,0.1543
WDI:EN.GHG.N2O.AG.MT.CE.AR5:CYP,1990-12-31,0.1498
WDI:EN.GHG.N2O.AG.MT.CE.AR5:CYP,1991-12-31,0.1481
WDI:EN.GHG.N2O.AG.MT.CE.AR5:CYP,1992-12-31,0.1748
WDI:EN.GHG.N2O.AG.MT.CE.AR5:CYP,1993-12-31,0.1721
WDI:EN.GHG.N2O.AG.MT.CE.AR5:CYP,1994-12-31,0.1706
WDI:EN.GHG.N2O.AG.MT.CE.AR5:CYP,1995-12-31,0.1629
WDI:EN.GHG.N2O.AG.MT.CE.AR5:CYP,1996-12-31,0.1732
WDI:EN.GHG.N2O.AG.MT.CE.AR5:CYP,1997-12-31,0.1559
WDI:EN.GHG.N2O.AG.MT.CE.AR5:CYP,1998-12-31,0.1607
WDI:EN.GHG.N2O.AG.MT.CE.AR5:CYP,1999-12-31,0.164
WDI:EN.GHG.N2O.AG.MT.CE.AR5:CYP,2000-12-31,0.146
WDI:EN.GHG.N2O.AG.MT.CE.AR5:CYP,2001-12-31,0.1597
WDI:EN.GHG.N2O.AG.MT.CE.AR5:CYP,2002-12-31,0.1677
WDI:EN.GHG.N2O.AG.MT.CE.AR5:CYP,2003-12-31,0.1696
WDI:EN.GHG.N2O.AG.MT.CE.AR5:CYP,2004-12-31,0.1665
WDI:EN.GHG.N2O.AG.MT.CE.AR5:CYP,2005-12-31,0.1511
WDI:EN.GHG.N2O.AG.MT.CE.AR5:CYP,2006-12-31,0.1617
WDI:EN.GHG.N2O.AG.MT.CE.AR5:CYP,2007-12-31,0.1528
WDI:EN.GHG.N2O.AG.MT.CE.AR5:CYP,2008-12-31,0.1472
WDI:EN.GHG.N2O.AG.MT.CE.AR5:CYP,2009-12-31,0.1396
WDI:EN.GHG.N2O.AG.MT.CE.AR5:CYP,2010-12-31,0.1338
WDI:EN.GHG.N2O.AG.MT.CE.AR5:CYP,2011-12-31,0.1319
WDI:EN.GHG.N2O.AG.MT.CE.AR5:CYP,2012-12-31,0.1274
WDI:EN.GHG.N2O.AG.MT.CE.AR5:CYP,2013-12-31,0.1236
WDI:EN.GHG.N2O.AG.MT.CE.AR5:CYP,2014-12-31,0.1271
WDI:EN.GHG.N2O.AG.MT.CE.AR5:CYP,2015-12-31,0.1332
WDI:EN.GHG.N2O.AG.MT.CE.AR5:CYP,2016-12-31,0.1375
WDI:EN.GHG.N2O.AG.MT.CE.AR5:CYP,2017-12-31,0.1397
WDI:EN.GHG.N2O.AG.MT.CE.AR5:CYP,2018-12-31,0.1457
WDI:EN.GHG.N2O.AG.MT.CE.AR5:CYP,2019-12-31,0.1456
WDI:EN.GHG.N2O.AG.MT.CE.AR5:CYP,2020-12-31,0.1562
WDI:EN.GHG.N2O.AG.MT.CE.AR5:CYP,2021-12-31,0.1505
WDI:EN.GHG.N2O.AG.MT.CE.AR5:CYP,2022-12-31,0.1365
WDI:EN.GHG.N2O.AG.MT.CE.AR5:CYP,2023-12-31,0.1341
WDI:EN.GHG.N2O.AG.MT.CE.AR5:CYP,2024-12-31,0.1332
WDI:EN.GHG.N2O.AG.MT.CE.AR5:CZE,1970-12-31,5.3653
WDI:EN.GHG.N2O.AG.MT.CE.AR5:CZE,1971-12-31,5.4653
WDI:EN.GHG.N2O.AG.MT.CE.AR5:CZE,1972-12-31,5.4948
WDI:EN.GHG.N2O.AG.MT.CE.AR5:CZE,1973-12-31,5.5582
WDI:EN.GHG.N2O.AG.MT.CE.AR5:CZE,1974-12-31,5.6338
WDI:EN.GHG.N2O.AG.MT.CE.AR5:CZE,1975-12-31,5.7001
WDI:EN.GHG.N2O.AG.MT.CE.AR5:CZE,1976-12-31,5.8015
WDI:EN.GHG.N2O.AG.MT.CE.AR5:CZE,1977-12-31,6.296
WDI:EN.GHG.N2O.AG.MT.CE.AR5:CZE,1978-12-31,6.6892
WDI:EN.GHG.N2O.AG.MT.CE.AR5:CZE,1979-12-31,6.5148
WDI:EN.GHG.N2O.AG.MT.CE.AR5:CZE,1980-12-31,7.1854
WDI:EN.GHG.N2O.AG.MT.CE.AR5:CZE,1981-12-31,6.7905
WDI:EN.GHG.N2O.AG.MT.CE.AR5:CZE,1982-12-31,6.7002
WDI:EN.GHG.N2O.AG.MT.CE.AR5:CZE,1983-12-31,6.9417
WDI:EN.GHG.N2O.AG.MT.CE.AR5:CZE,1984-12-31,7.2723
WDI:EN.GHG.N2O.AG.MT.CE.AR5:CZE,1985-12-31,7.0528
WDI:EN.GHG.N2O.AG.MT.CE.AR5:CZE,1986-12-31,7.7117
WDI:EN.GHG.N2O.AG.MT.CE.AR5:CZE,1987-12-31,7.4138
WDI:EN.GHG.N2O.AG.MT.CE.AR5:CZE,1988-12-31,7.7381
WDI:EN.GHG.N2O.AG.MT.CE.AR5:CZE,1989-12-31,7.9692
WDI:EN.GHG.N2O.AG.MT.CE.AR5:CZE,1990-12-31,7.3682
WDI:EN.GHG.N2O.AG.MT.CE.AR5:CZE,1991-12-31,4.9643
WDI:EN.GHG.N2O.AG.MT.CE.AR5:CZE,1992-12-31,4.6914
WDI:EN.GHG.N2O.AG.MT.CE.AR5:CZE,1993-12-31,4.0905
WDI:EN.GHG.N2O.AG.MT.CE.AR5:CZE,1994-12-31,2.9542
WDI:EN.GHG.N2O.AG.MT.CE.AR5:CZE,1995-12-31,2.8699
WDI:EN.GHG.N2O.AG.MT.CE.AR5:CZE,1996-12-31,3.0386
WDI:EN.GHG.N2O.AG.MT.CE.AR5:CZE,1997-12-31,2.8085
WDI:EN.GHG.N2O.AG.MT.CE.AR5:CZE,1998-12-31,2.7167
WDI:EN.GHG.N2O.AG.MT.CE.AR5:CZE,1999-12-31,2.6629
WDI:EN.GHG.N2O.AG.MT.CE.AR5:CZE,2000-12-31,2.8465
WDI:EN.GHG.N2O.AG.MT.CE.AR5:CZE,2001-12-31,3.1252
WDI:EN.GHG.N2O.AG.MT.CE.AR5:CZE,2002-12-31,2.9335
WDI:EN.GHG.N2O.AG.MT.CE.AR5:CZE,2003-12-31,2.9112
WDI:EN.GHG.N2O.AG.MT.CE.AR5:CZE,2004-12-31,2.9482
WDI:EN.GHG.N2O.AG.MT.CE.AR5:CZE,2005-12-31,2.8429
WDI:EN.GHG.N2O.AG.MT.CE.AR5:CZE,2006-12-31,2.7976
WDI:EN.GHG.N2O.AG.MT.CE.AR5:CZE,2007-12-31,2.9127
WDI:EN.GHG.N2O.AG.MT.CE.AR5:CZE,2008-12-31,2.8301
WDI:EN.GHG.N2O.AG.MT.CE.AR5:CZE,2009-12-31,2.533
WDI:EN.GHG.N2O.AG.MT.CE.AR5:CZE,2010-12-31,2.7376
WDI:EN.GHG.N2O.AG.MT.CE.AR5:CZE,2011-12-31,2.9634
WDI:EN.GHG.N2O.AG.MT.CE.AR5:CZE,2012-12-31,2.7069
WDI:EN.GHG.N2O.AG.MT.CE.AR5:CZE,2013-12-31,3.0689
WDI:EN.GHG.N2O.AG.MT.CE.AR5:CZE,2014-12-31,3.3221
WDI:EN.GHG.N2O.AG.MT.CE.AR5:CZE,2015-12-31,3.5598
WDI:EN.GHG.N2O.AG.MT.CE.AR5:CZE,2016-12-31,3.1257
WDI:EN.GHG.N2O.AG.MT.CE.AR5:CZE,2017-12-31,3.204
WDI:EN.GHG.N2O.AG.MT.CE.AR5:CZE,2018-12-31,2.9392
WDI:EN.GHG.N2O.AG.MT.CE.AR5:CZE,2019-12-31,2.9392
WDI:EN.GHG.N2O.AG.MT.CE.AR5:CZE,2020-12-31,2.764
WDI:EN.GHG.N2O.AG.MT.CE.AR5:CZE,2021-12-31,2.8418
WDI:EN.GHG.N2O.AG.MT.CE.AR5:CZE,2022-12-31,2.9236
WDI:EN.GHG.N2O.AG.MT.CE.AR5:CZE,2023-12-31,2.8997
WDI:EN.GHG.N2O.AG.MT.CE.AR5:CZE,2024-12-31,2.8661
WDI:EN.GHG.N2O.AG.MT.CE.AR5:DEU,1970-12-31,28.1211
WDI:EN.GHG.N2O.AG.MT.CE.AR5:DEU,1971-12-31,28.3543
WDI:EN.GHG.N2O.AG.MT.CE.AR5:DEU,1972-12-31,28.2336
WDI:EN.GHG.N2O.AG.MT.CE.AR5:DEU,1973-12-31,28.4543
WDI:EN.GHG.N2O.AG.MT.CE.AR5:DEU,1974-12-31,28.8834
WDI:EN.GHG.N2O.AG.MT.CE.AR5:DEU,1975-12-31,29.0803
WDI:EN.GHG.N2O.AG.MT.CE.AR5:DEU,1976-12-31,29.9457
WDI:EN.GHG.N2O.AG.MT.CE.AR5:DEU,1977-12-31,30.254
WDI:EN.GHG.N2O.AG.MT.CE.AR5:DEU,1978-12-31,30.8318
WDI:EN.GHG.N2O.AG.MT.CE.AR5:DEU,1979-12-31,31.4019
WDI:EN.GHG.N2O.AG.MT.CE.AR5:DEU,1980-12-31,31.8942
WDI:EN.GHG.N2O.AG.MT.CE.AR5:DEU,1981-12-31,30.9386
WDI:EN.GHG.N2O.AG.MT.CE.AR5:DEU,1982-12-31,31.5184
WDI:EN.GHG.N2O.AG.MT.CE.AR5:DEU,1983-12-31,30.8889
WDI:EN.GHG.N2O.AG.MT.CE.AR5:DEU,1984-12-31,31.7149
WDI:EN.GHG.N2O.AG.MT.CE.AR5:DEU,1985-12-31,32.4163
WDI:EN.GHG.N2O.AG.MT.CE.AR5:DEU,1986-12-31,32.3712
WDI:EN.GHG.N2O.AG.MT.CE.AR5:DEU,1987-12-31,32.4322
WDI:EN.GHG.N2O.AG.MT.CE.AR5:DEU,1988-12-31,32.491
WDI:EN.GHG.N2O.AG.MT.CE.AR5:DEU,1989-12-31,31.7302
WDI:EN.GHG.N2O.AG.MT.CE.AR5:DEU,1990-12-31,28.9653
WDI:EN.GHG.N2O.AG.MT.CE.AR5:DEU,1991-12-31,27.6173
WDI:EN.GHG.N2O.AG.MT.CE.AR5:DEU,1992-12-31,25.9705
WDI:EN.GHG.N2O.AG.MT.CE.AR5:DEU,1993-12-31,25.415
WDI:EN.GHG.N2O.AG.MT.CE.AR5:DEU,1994-12-31,26.2136
WDI:EN.GHG.N2O.AG.MT.CE.AR5:DEU,1995-12-31,26.1895
WDI:EN.GHG.N2O.AG.MT.CE.AR5:DEU,1996-12-31,26.1219
WDI:EN.GHG.N2O.AG.MT.CE.AR5:DEU,1997-12-31,26.4081
WDI:EN.GHG.N2O.AG.MT.CE.AR5:DEU,1998-12-31,26.766
WDI:EN.GHG.N2O.AG.MT.CE.AR5:DEU,1999-12-31,27.2941
WDI:EN.GHG.N2O.AG.MT.CE.AR5:DEU,2000-12-31,26.3363
WDI:EN.GHG.N2O.AG.MT.CE.AR5:DEU,2001-12-31,26.1569
WDI:EN.GHG.N2O.AG.MT.CE.AR5:DEU,2002-12-31,25.794
WDI:EN.GHG.N2O.AG.MT.CE.AR5:DEU,2003-12-31,25.6569
WDI:EN.GHG.N2O.AG.MT.CE.AR5:DEU,2004-12-31,25.6313
WDI:EN.GHG.N2O.AG.MT.CE.AR5:DEU,2005-12-31,25.5077
WDI:EN.GHG.N2O.AG.MT.CE.AR5:DEU,2006-12-31,24.3249
WDI:EN.GHG.N2O.AG.MT.CE.AR5:DEU,2007-12-31,25.2843
WDI:EN.GHG.N2O.AG.MT.CE.AR5:DEU,2008-12-31,24.6096
WDI:EN.GHG.N2O.AG.MT.CE.AR5:DEU,2009-12-31,24.5833
WDI:EN.GHG.N2O.AG.MT.CE.AR5:DEU,2010-12-31,25.3857
WDI:EN.GHG.N2O.AG.MT.CE.AR5:DEU,2011-12-31,24.5468
WDI:EN.GHG.N2O.AG.MT.CE.AR5:DEU,2012-12-31,24.8015
WDI:EN.GHG.N2O.AG.MT.CE.AR5:DEU,2013-12-31,25.2246
WDI:EN.GHG.N2O.AG.MT.CE.AR5:DEU,2014-12-31,26.1665
WDI:EN.GHG.N2O.AG.MT.CE.AR5:DEU,2015-12-31,25.4696
WDI:EN.GHG.N2O.AG.MT.CE.AR5:DEU,2016-12-31,24.97
WDI:EN.GHG.N2O.AG.MT.CE.AR5:DEU,2017-12-31,24.1144
WDI:EN.GHG.N2O.AG.MT.CE.AR5:DEU,2018-12-31,22.7145
WDI:EN.GHG.N2O.AG.MT.CE.AR5:DEU,2019-12-31,22.9741
WDI:EN.GHG.N2O.AG.MT.CE.AR5:DEU,2020-12-31,22.2076
WDI:EN.GHG.N2O.AG.MT.CE.AR5:DEU,2021-12-31,20.9928
WDI:EN.GHG.N2O.AG.MT.CE.AR5:DEU,2022-12-31,20.531
WDI:EN.GHG.N2O.AG.MT.CE.AR5:DEU,2023-12-31,19.9481
WDI:EN.GHG.N2O.AG.MT.CE.AR5:DEU,2024-12-31,19.4587
WDI:EN.GHG.N2O.AG.MT.CE.AR5:DJI,1970-12-31,0.0541
WDI:EN.GHG.N2O.AG.MT.CE.AR5:DJI,1971-12-31,0.0553
WDI:EN.GHG.N2O.AG.MT.CE.AR5:DJI,1972-12-31,0.0566
WDI:EN.GHG.N2O.AG.MT.CE.AR5:DJI,1973-12-31,0.0557
WDI:EN.GHG.N2O.AG.MT.CE.AR5:DJI,1974-12-31,0.0573
WDI:EN.GHG.N2O.AG.MT.CE.AR5:DJI,1975-12-31,0.0617
WDI:EN.GHG.N2O.AG.MT.CE.AR5:DJI,1976-12-31,0.0638
WDI:EN.GHG.N2O.AG.MT.CE.AR5:DJI,1977-12-31,0.0692
WDI:EN.GHG.N2O.AG.MT.CE.AR5:DJI,1978-12-31,0.0725
WDI:EN.GHG.N2O.AG.MT.CE.AR5:DJI,1979-12-31,0.0733
WDI:EN.GHG.N2O.AG.MT.CE.AR5:DJI,1980-12-31,0.08
WDI:EN.GHG.N2O.AG.MT.CE.AR5:DJI,1981-12-31,0.0773
WDI:EN.GHG.N2O.AG.MT.CE.AR5:DJI,1982-12-31,0.077
WDI:EN.GHG.N2O.AG.MT.CE.AR5:DJI,1983-12-31,0.0864
WDI:EN.GHG.N2O.AG.MT.CE.AR5:DJI,1984-12-31,0.0914
WDI:EN.GHG.N2O.AG.MT.CE.AR5:DJI,1985-12-31,0.0981
WDI:EN.GHG.N2O.AG.MT.CE.AR5:DJI,1986-12-31,0.102
WDI:EN.GHG.N2O.AG.MT.CE.AR5:DJI,1987-12-31,0.1085
WDI:EN.GHG.N2O.AG.MT.CE.AR5:DJI,1988-12-31,0.1165
WDI:EN.GHG.N2O.AG.MT.CE.AR5:DJI,1989-12-31,0.1234
WDI:EN.GHG.N2O.AG.MT.CE.AR5:DJI,1990-12-31,0.1289
WDI:EN.GHG.N2O.AG.MT.CE.AR5:DJI,1991-12-31,0.1295
WDI:EN.GHG.N2O.AG.MT.CE.AR5:DJI,1992-12-31,0.1295
WDI:EN.GHG.N2O.AG.MT.CE.AR5:DJI,1993-12-31,0.1348
WDI:EN.GHG.N2O.AG.MT.CE.AR5:DJI,1994-12-31,0.1396
WDI:EN.GHG.N2O.AG.MT.CE.AR5:DJI,1995-12-31,0.1503
WDI:EN.GHG.N2O.AG.MT.CE.AR5:DJI,1996-12-31,0.157
WDI:EN.GHG.N2O.AG.MT.CE.AR5:DJI,1997-12-31,0.1589
WDI:EN.GHG.N2O.AG.MT.CE.AR5:DJI,1998-12-31,0.1617
WDI:EN.GHG.N2O.AG.MT.CE.AR5:DJI,1999-12-31,0.1675
WDI:EN.GHG.N2O.AG.MT.CE.AR5:DJI,2000-12-31,0.1677
WDI:EN.GHG.N2O.AG.MT.CE.AR5:DJI,2001-12-31,0.1681
WDI:EN.GHG.N2O.AG.MT.CE.AR5:DJI,2002-12-31,0.1679
WDI:EN.GHG.N2O.AG.MT.CE.AR5:DJI,2003-12-31,0.1675
WDI:EN.GHG.N2O.AG.MT.CE.AR5:DJI,2004-12-31,0.1684
WDI:EN.GHG.N2O.AG.MT.CE.AR5:DJI,2005-12-31,0.1687
WDI:EN.GHG.N2O.AG.MT.CE.AR5:DJI,2006-12-31,0.1667
WDI:EN.GHG.N2O.AG.MT.CE.AR5:DJI,2007-12-31,0.1671
WDI:EN.GHG.N2O.AG.MT.CE.AR5:DJI,2008-12-31,0.1671
WDI:EN.GHG.N2O.AG.MT.CE.AR5:DJI,2009-12-31,0.1673
WDI:EN.GHG.N2O.AG.MT.CE.AR5:DJI,2010-12-31,0.1673
WDI:EN.GHG.N2O.AG.MT.CE.AR5:DJI,2011-12-31,0.1672
WDI:EN.GHG.N2O.AG.MT.CE.AR5:DJI,2012-12-31,0.1684
WDI:EN.GHG.N2O.AG.MT.CE.AR5:DJI,2013-12-31,0.1684
WDI:EN.GHG.N2O.AG.MT.CE.AR5:DJI,2014-12-31,0.1691
WDI:EN.GHG.N2O.AG.MT.CE.AR5:DJI,2015-12-31,0.1696
WDI:EN.GHG.N2O.AG.MT.CE.AR5:DJI,2016-12-31,0.1703
WDI:EN.GHG.N2O.AG.MT.CE.AR5:DJI,2017-12-31,0.1712
WDI:EN.GHG.N2O.AG.MT.CE.AR5:DJI,2018-12-31,0.1718
WDI:EN.GHG.N2O.AG.MT.CE.AR5:DJI,2019-12-31,0.1697
WDI:EN.GHG.N2O.AG.MT.CE.AR5:DJI,2020-12-31,0.1697
WDI:EN.GHG.N2O.AG.MT.CE.AR5:DJI,2021-12-31,0.1696
WDI:EN.GHG.N2O.AG.MT.CE.AR5:DJI,2022-12-31,0.1696
WDI:EN.GHG.N2O.AG.MT.CE.AR5:DJI,2023-12-31,0.1731
WDI:EN.GHG.N2O.AG.MT.CE.AR5:DJI,2024-12-31,0.1734
WDI:EN.GHG.N2O.AG.MT.CE.AR5:DMA,1970-12-31,0.003
WDI:EN.GHG.N2O.AG.MT.CE.AR5:DMA,1971-12-31,0.0031
WDI:EN.GHG.N2O.AG.MT.CE.AR5:DMA,1972-12-31,0.0033
WDI:EN.GHG.N2O.AG.MT.CE.AR5:DMA,1973-12-31,0.0035
WDI:EN.GHG.N2O.AG.MT.CE.AR5:DMA,1974-12-31,0.0036
WDI:EN.GHG.N2O.AG.MT.CE.AR5:DMA,1975-12-31,0.0039
WDI:EN.GHG.N2O.AG.MT.CE.AR5:DMA,1976-12-31,0.0041
WDI:EN.GHG.N2O.AG.MT.CE.AR5:DMA,1977-12-31,0.0043
WDI:EN.GHG.N2O.AG.MT.CE.AR5:DMA,1978-12-31,0.0045
WDI:EN.GHG.N2O.AG.MT.CE.AR5:DMA,1979-12-31,0.0047
WDI:EN.GHG.N2O.AG.MT.CE.AR5:DMA,1980-12-31,0.0049
WDI:EN.GHG.N2O.AG.MT.CE.AR5:DMA,1981-12-31,0.0049
WDI:EN.GHG.N2O.AG.MT.CE.AR5:DMA,1982-12-31,0.0049
WDI:EN.GHG.N2O.AG.MT.CE.AR5:DMA,1983-12-31,0.005
WDI:EN.GHG.N2O.AG.MT.CE.AR5:DMA,1984-12-31,0.0052
WDI:EN.GHG.N2O.AG.MT.CE.AR5:DMA,1985-12-31,0.0055
WDI:EN.GHG.N2O.AG.MT.CE.AR5:DMA,1986-12-31,0.0059
WDI:EN.GHG.N2O.AG.MT.CE.AR5:DMA,1987-12-31,0.007
WDI:EN.GHG.N2O.AG.MT.CE.AR5:DMA,1988-12-31,0.007
WDI:EN.GHG.N2O.AG.MT.CE.AR5:DMA,1989-12-31,0.0074
WDI:EN.GHG.N2O.AG.MT.CE.AR5:DMA,1990-12-31,0.0073
WDI:EN.GHG.N2O.AG.MT.CE.AR5:DMA,1991-12-31,0.0072
WDI:EN.GHG.N2O.AG.MT.CE.AR5:DMA,1992-12-31,0.0073
WDI:EN.GHG.N2O.AG.MT.CE.AR5:DMA,1993-12-31,0.0074
WDI:EN.GHG.N2O.AG.MT.CE.AR5:DMA,1994-12-31,0.0075
WDI:EN.GHG.N2O.AG.MT.CE.AR5:DMA,1995-12-31,0.0075
WDI:EN.GHG.N2O.AG.MT.CE.AR5:DMA,1996-12-31,0.0075
WDI:EN.GHG.N2O.AG.MT.CE.AR5:DMA,1997-12-31,0.0076
WDI:EN.GHG.N2O.AG.MT.CE.AR5:DMA,1998-12-31,0.0076
WDI:EN.GHG.N2O.AG.MT.CE.AR5:DMA,1999-12-31,0.0076
WDI:EN.GHG.N2O.AG.MT.CE.AR5:DMA,2000-12-31,0.0079
WDI:EN.GHG.N2O.AG.MT.CE.AR5:DMA,2001-12-31,0.0079
WDI:EN.GHG.N2O.AG.MT.CE.AR5:DMA,2002-12-31,0.0079
WDI:EN.GHG.N2O.AG.MT.CE.AR5:DMA,2003-12-31,0.0079
WDI:EN.GHG.N2O.AG.MT.CE.AR5:DMA,2004-12-31,0.0079
WDI:EN.GHG.N2O.AG.MT.CE.AR5:DMA,2005-12-31,0.0079
WDI:EN.GHG.N2O.AG.MT.CE.AR5:DMA,2006-12-31,0.0079
WDI:EN.GHG.N2O.AG.MT.CE.AR5:DMA,2007-12-31,0.008
WDI:EN.GHG.N2O.AG.MT.CE.AR5:DMA,2008-12-31,0.008
WDI:EN.GHG.N2O.AG.MT.CE.AR5:DMA,2009-12-31,0.0081
WDI:EN.GHG.N2O.AG.MT.CE.AR5:DMA,2010-12-31,0.0081
WDI:EN.GHG.N2O.AG.MT.CE.AR5:DMA,2011-12-31,0.0082
WDI:EN.GHG.N2O.AG.MT.CE.AR5:DMA,2012-12-31,0.0084
WDI:EN.GHG.N2O.AG.MT.CE.AR5:DMA,2013-12-31,0.0084
WDI:EN.GHG.N2O.AG.MT.CE.AR5:DMA,2014-12-31,0.0083
WDI:EN.GHG.N2O.AG.MT.CE.AR5:DMA,2015-12-31,0.0083
WDI:EN.GHG.N2O.AG.MT.CE.AR5:DMA,2016-12-31,0.0083
WDI:EN.GHG.N2O.AG.MT.CE.AR5:DMA,2017-12-31,0.0083
WDI:EN.GHG.N2O.AG.MT.CE.AR5:DMA,2018-12-31,0.0083
WDI:EN.GHG.N2O.AG.MT.CE.AR5:DMA,2019-12-31,0.0083
WDI:EN.GHG.N2O.AG.MT.CE.AR5:DMA,2020-12-31,0.0083
WDI:EN.GHG.N2O.AG.MT.CE.AR5:DMA,2021-12-31,0.0084
WDI:EN.GHG.N2O.AG.MT.CE.AR5:DMA,2022-12-31,0.0084
WDI:EN.GHG.N2O.AG.MT.CE.AR5:DMA,2023-12-31,0.0084
WDI:EN.GHG.N2O.AG.MT.CE.AR5:DMA,2024-12-31,0.0084
WDI:EN.GHG.N2O.AG.MT.CE.AR5:DNK,1970-12-31,4.9694
WDI:EN.GHG.N2O.AG.MT.CE.AR5:DNK,1971-12-31,4.9473
WDI:EN.GHG.N2O.AG.MT.CE.AR5:DNK,1972-12-31,5.0253
WDI:EN.GHG.N2O.AG.MT.CE.AR5:DNK,1973-12-31,5.0566
WDI:EN.GHG.N2O.AG.MT.CE.AR5:DNK,1974-12-31,4.7804
WDI:EN.GHG.N2O.AG.MT.CE.AR5:DNK,1975-12-31,4.908
WDI:EN.GHG.N2O.AG.MT.CE.AR5:DNK,1976-12-31,4.9762
WDI:EN.GHG.N2O.AG.MT.CE.AR5:DNK,1977-12-31,5.1794
WDI:EN.GHG.N2O.AG.MT.CE.AR5:DNK,1978-12-31,5.2644
WDI:EN.GHG.N2O.AG.MT.CE.AR5:DNK,1979-12-31,5.3647
WDI:EN.GHG.N2O.AG.MT.CE.AR5:DNK,1980-12-31,5.2362
WDI:EN.GHG.N2O.AG.MT.CE.AR5:DNK,1981-12-31,5.2133
WDI:EN.GHG.N2O.AG.MT.CE.AR5:DNK,1982-12-31,5.2637
WDI:EN.GHG.N2O.AG.MT.CE.AR5:DNK,1983-12-31,5.3011
WDI:EN.GHG.N2O.AG.MT.CE.AR5:DNK,1984-12-31,5.2566
WDI:EN.GHG.N2O.AG.MT.CE.AR5:DNK,1985-12-31,5.0611
WDI:EN.GHG.N2O.AG.MT.CE.AR5:DNK,1986-12-31,5.0017
WDI:EN.GHG.N2O.AG.MT.CE.AR5:DNK,1987-12-31,4.8335
WDI:EN.GHG.N2O.AG.MT.CE.AR5:DNK,1988-12-31,4.8498
WDI:EN.GHG.N2O.AG.MT.CE.AR5:DNK,1989-12-31,5.0024
WDI:EN.GHG.N2O.AG.MT.CE.AR5:DNK,1990-12-31,5.0362
WDI:EN.GHG.N2O.AG.MT.CE.AR5:DNK,1991-12-31,4.904
WDI:EN.GHG.N2O.AG.MT.CE.AR5:DNK,1992-12-31,4.664
WDI:EN.GHG.N2O.AG.MT.CE.AR5:DNK,1993-12-31,4.7304
WDI:EN.GHG.N2O.AG.MT.CE.AR5:DNK,1994-12-31,4.606
WDI:EN.GHG.N2O.AG.MT.CE.AR5:DNK,1995-12-31,4.5376
WDI:EN.GHG.N2O.AG.MT.CE.AR5:DNK,1996-12-31,4.5202
WDI:EN.GHG.N2O.AG.MT.CE.AR5:DNK,1997-12-31,4.5068
WDI:EN.GHG.N2O.AG.MT.CE.AR5:DNK,1998-12-31,4.4205
WDI:EN.GHG.N2O.AG.MT.CE.AR5:DNK,1999-12-31,4.2273
WDI:EN.GHG.N2O.AG.MT.CE.AR5:DNK,2000-12-31,4.2014
WDI:EN.GHG.N2O.AG.MT.CE.AR5:DNK,2001-12-31,4.1541
WDI:EN.GHG.N2O.AG.MT.CE.AR5:DNK,2002-12-31,4.0444
WDI:EN.GHG.N2O.AG.MT.CE.AR5:DNK,2003-12-31,4.043
WDI:EN.GHG.N2O.AG.MT.CE.AR5:DNK,2004-12-31,4.0056
WDI:EN.GHG.N2O.AG.MT.CE.AR5:DNK,2005-12-31,3.9648
WDI:EN.GHG.N2O.AG.MT.CE.AR5:DNK,2006-12-31,3.8858
WDI:EN.GHG.N2O.AG.MT.CE.AR5:DNK,2007-12-31,4.02
WDI:EN.GHG.N2O.AG.MT.CE.AR5:DNK,2008-12-31,3.8313
WDI:EN.GHG.N2O.AG.MT.CE.AR5:DNK,2009-12-31,3.8746
WDI:EN.GHG.N2O.AG.MT.CE.AR5:DNK,2010-12-31,3.9125
WDI:EN.GHG.N2O.AG.MT.CE.AR5:DNK,2011-12-31,3.8389
WDI:EN.GHG.N2O.AG.MT.CE.AR5:DNK,2012-12-31,3.8866
WDI:EN.GHG.N2O.AG.MT.CE.AR5:DNK,2013-12-31,3.8137
WDI:EN.GHG.N2O.AG.MT.CE.AR5:DNK,2014-12-31,3.919
WDI:EN.GHG.N2O.AG.MT.CE.AR5:DNK,2015-12-31,3.9811
WDI:EN.GHG.N2O.AG.MT.CE.AR5:DNK,2016-12-31,4.001
WDI:EN.GHG.N2O.AG.MT.CE.AR5:DNK,2017-12-31,3.9963
WDI:EN.GHG.N2O.AG.MT.CE.AR5:DNK,2018-12-31,3.9114
WDI:EN.GHG.N2O.AG.MT.CE.AR5:DNK,2019-12-31,4.023
WDI:EN.GHG.N2O.AG.MT.CE.AR5:DNK,2020-12-31,4.1598
WDI:EN.GHG.N2O.AG.MT.CE.AR5:DNK,2021-12-31,3.8679
WDI:EN.GHG.N2O.AG.MT.CE.AR5:DNK,2022-12-31,3.771
WDI:EN.GHG.N2O.AG.MT.CE.AR5:DNK,2023-12-31,3.6219
WDI:EN.GHG.N2O.AG.MT.CE.AR5:DNK,2024-12-31,3.6157
WDI:EN.GHG.N2O.AG.MT.CE.AR5:DOM,1970-12-31,0.7951
WDI:EN.GHG.N2O.AG.MT.CE.AR5:DOM,1971-12-31,0.8736
WDI:EN.GHG.N2O.AG.MT.CE.AR5:DOM,1972-12-31,0.9059
WDI:EN.GHG.N2O.AG.MT.CE.AR5:DOM,1973-12-31,0.9359
WDI:EN.GHG.N2O.AG.MT.CE.AR5:DOM,1974-12-31,0.9511
WDI:EN.GHG.N2O.AG.MT.CE.AR5:DOM,1975-12-31,1.0477
WDI:EN.GHG.N2O.AG.MT.CE.AR5:DOM,1976-12-31,0.9882
WDI:EN.GHG.N2O.AG.MT.CE.AR5:DOM,1977-12-31,1.0492
WDI:EN.GHG.N2O.AG.MT.CE.AR5:DOM,1978-12-31,1.0158
WDI:EN.GHG.N2O.AG.MT.CE.AR5:DOM,1979-12-31,1.0441
WDI:EN.GHG.N2O.AG.MT.CE.AR5:DOM,1980-12-31,0.994
WDI:EN.GHG.N2O.AG.MT.CE.AR5:DOM,1981-12-31,0.9275
WDI:EN.GHG.N2O.AG.MT.CE.AR5:DOM,1982-12-31,1.0109
WDI:EN.GHG.N2O.AG.MT.CE.AR5:DOM,1983-12-31,1.1159
WDI:EN.GHG.N2O.AG.MT.CE.AR5:DOM,1984-12-31,1.1523
WDI:EN.GHG.N2O.AG.MT.CE.AR5:DOM,1985-12-31,1.1448
WDI:EN.GHG.N2O.AG.MT.CE.AR5:DOM,1986-12-31,1.1561
WDI:EN.GHG.N2O.AG.MT.CE.AR5:DOM,1987-12-31,1.217
WDI:EN.GHG.N2O.AG.MT.CE.AR5:DOM,1988-12-31,1.2099
WDI:EN.GHG.N2O.AG.MT.CE.AR5:DOM,1989-12-31,1.3417
WDI:EN.GHG.N2O.AG.MT.CE.AR5:DOM,1990-12-31,1.3957
WDI:EN.GHG.N2O.AG.MT.CE.AR5:DOM,1991-12-31,1.5112
WDI:EN.GHG.N2O.AG.MT.CE.AR5:DOM,1992-12-31,1.4725
WDI:EN.GHG.N2O.AG.MT.CE.AR5:DOM,1993-12-31,1.487
WDI:EN.GHG.N2O.AG.MT.CE.AR5:DOM,1994-12-31,1.5246
WDI:EN.GHG.N2O.AG.MT.CE.AR5:DOM,1995-12-31,1.5359
WDI:EN.GHG.N2O.AG.MT.CE.AR5:DOM,1996-12-31,1.5865
WDI:EN.GHG.N2O.AG.MT.CE.AR5:DOM,1997-12-31,1.6214
WDI:EN.GHG.N2O.AG.MT.CE.AR5:DOM,1998-12-31,1.5804
WDI:EN.GHG.N2O.AG.MT.CE.AR5:DOM,1999-12-31,1.3838
WDI:EN.GHG.N2O.AG.MT.CE.AR5:DOM,2000-12-31,1.3129
WDI:EN.GHG.N2O.AG.MT.CE.AR5:DOM,2001-12-31,1.4132
WDI:EN.GHG.N2O.AG.MT.CE.AR5:DOM,2002-12-31,1.6048
WDI:EN.GHG.N2O.AG.MT.CE.AR5:DOM,2003-12-31,1.5218
WDI:EN.GHG.N2O.AG.MT.CE.AR5:DOM,2004-12-31,1.6692
WDI:EN.GHG.N2O.AG.MT.CE.AR5:DOM,2005-12-31,1.6292
WDI:EN.GHG.N2O.AG.MT.CE.AR5:DOM,2006-12-31,1.7829
WDI:EN.GHG.N2O.AG.MT.CE.AR5:DOM,2007-12-31,1.8335
WDI:EN.GHG.N2O.AG.MT.CE.AR5:DOM,2008-12-31,1.8566
WDI:EN.GHG.N2O.AG.MT.CE.AR5:DOM,2009-12-31,1.9916
WDI:EN.GHG.N2O.AG.MT.CE.AR5:DOM,2010-12-31,1.9976
WDI:EN.GHG.N2O.AG.MT.CE.AR5:DOM,2011-12-31,1.9837
WDI:EN.GHG.N2O.AG.MT.CE.AR5:DOM,2012-12-31,1.9838
WDI:EN.GHG.N2O.AG.MT.CE.AR5:DOM,2013-12-31,1.9275
WDI:EN.GHG.N2O.AG.MT.CE.AR5:DOM,2014-12-31,1.9962
WDI:EN.GHG.N2O.AG.MT.CE.AR5:DOM,2015-12-31,1.9867
WDI:EN.GHG.N2O.AG.MT.CE.AR5:DOM,2016-12-31,2.0548
WDI:EN.GHG.N2O.AG.MT.CE.AR5:DOM,2017-12-31,2.0709
WDI:EN.GHG.N2O.AG.MT.CE.AR5:DOM,2018-12-31,2.1688
WDI:EN.GHG.N2O.AG.MT.CE.AR5:DOM,2019-12-31,2.1496
WDI:EN.GHG.N2O.AG.MT.CE.AR5:DOM,2020-12-31,2.2316
WDI:EN.GHG.N2O.AG.MT.CE.AR5:DOM,2021-12-31,2.2748
WDI:EN.GHG.N2O.AG.MT.CE.AR5:DOM,2022-12-31,2.3937
WDI:EN.GHG.N2O.AG.MT.CE.AR5:DOM,2023-12-31,2.4371
WDI:EN.GHG.N2O.AG.MT.CE.AR5:DOM,2024-12-31,2.4925
WDI:EN.GHG.N2O.AG.MT.CE.AR5:DZA,1970-12-31,1.4733
WDI:EN.GHG.N2O.AG.MT.CE.AR5:DZA,1971-12-31,1.4986
WDI:EN.GHG.N2O.AG.MT.CE.AR5:DZA,1972-12-31,1.5418
WDI:EN.GHG.N2O.AG.MT.CE.AR5:DZA,1973-12-31,1.4812
WDI:EN.GHG.N2O.AG.MT.CE.AR5:DZA,1974-12-31,1.3716
WDI:EN.GHG.N2O.AG.MT.CE.AR5:DZA,1975-12-31,1.4589
WDI:EN.GHG.N2O.AG.MT.CE.AR5:DZA,1976-12-31,1.4753
WDI:EN.GHG.N2O.AG.MT.CE.AR5:DZA,1977-12-31,1.5497
WDI:EN.GHG.N2O.AG.MT.CE.AR5:DZA,1978-12-31,1.6068
WDI:EN.GHG.N2O.AG.MT.CE.AR5:DZA,1979-12-31,1.7417
WDI:EN.GHG.N2O.AG.MT.CE.AR5:DZA,1980-12-31,1.9261
WDI:EN.GHG.N2O.AG.MT.CE.AR5:DZA,1981-12-31,1.8317
WDI:EN.GHG.N2O.AG.MT.CE.AR5:DZA,1982-12-31,1.8678
WDI:EN.GHG.N2O.AG.MT.CE.AR5:DZA,1983-12-31,2.0051
WDI:EN.GHG.N2O.AG.MT.CE.AR5:DZA,1984-12-31,2.0811
WDI:EN.GHG.N2O.AG.MT.CE.AR5:DZA,1985-12-31,2.1536
WDI:EN.GHG.N2O.AG.MT.CE.AR5:DZA,1986-12-31,2.1869
WDI:EN.GHG.N2O.AG.MT.CE.AR5:DZA,1987-12-31,2.1705
WDI:EN.GHG.N2O.AG.MT.CE.AR5:DZA,1988-12-31,1.9742
WDI:EN.GHG.N2O.AG.MT.CE.AR5:DZA,1989-12-31,2.0089
WDI:EN.GHG.N2O.AG.MT.CE.AR5:DZA,1990-12-31,2.1004
WDI:EN.GHG.N2O.AG.MT.CE.AR5:DZA,1991-12-31,1.9583
WDI:EN.GHG.N2O.AG.MT.CE.AR5:DZA,1992-12-31,2.0616
WDI:EN.GHG.N2O.AG.MT.CE.AR5:DZA,1993-12-31,2.2384
WDI:EN.GHG.N2O.AG.MT.CE.AR5:DZA,1994-12-31,2.1023
WDI:EN.GHG.N2O.AG.MT.CE.AR5:DZA,1995-12-31,1.9635
WDI:EN.GHG.N2O.AG.MT.CE.AR5:DZA,1996-12-31,1.9618
WDI:EN.GHG.N2O.AG.MT.CE.AR5:DZA,1997-12-31,2.0383
WDI:EN.GHG.N2O.AG.MT.CE.AR5:DZA,1998-12-31,2.2253
WDI:EN.GHG.N2O.AG.MT.CE.AR5:DZA,1999-12-31,2.2998
WDI:EN.GHG.N2O.AG.MT.CE.AR5:DZA,2000-12-31,2.2688
WDI:EN.GHG.N2O.AG.MT.CE.AR5:DZA,2001-12-31,2.3033
WDI:EN.GHG.N2O.AG.MT.CE.AR5:DZA,2002-12-31,2.26
WDI:EN.GHG.N2O.AG.MT.CE.AR5:DZA,2003-12-31,2.3376
WDI:EN.GHG.N2O.AG.MT.CE.AR5:DZA,2004-12-31,2.3803
WDI:EN.GHG.N2O.AG.MT.CE.AR5:DZA,2005-12-31,2.3881
WDI:EN.GHG.N2O.AG.MT.CE.AR5:DZA,2006-12-31,2.4713
WDI:EN.GHG.N2O.AG.MT.CE.AR5:DZA,2007-12-31,2.457
WDI:EN.GHG.N2O.AG.MT.CE.AR5:DZA,2008-12-31,2.3355
WDI:EN.GHG.N2O.AG.MT.CE.AR5:DZA,2009-12-31,2.5978
WDI:EN.GHG.N2O.AG.MT.CE.AR5:DZA,2010-12-31,2.8305
WDI:EN.GHG.N2O.AG.MT.CE.AR5:DZA,2011-12-31,2.9005
WDI:EN.GHG.N2O.AG.MT.CE.AR5:DZA,2012-12-31,3.0934
WDI:EN.GHG.N2O.AG.MT.CE.AR5:DZA,2013-12-31,3.2038
WDI:EN.GHG.N2O.AG.MT.CE.AR5:DZA,2014-12-31,3.5552
WDI:EN.GHG.N2O.AG.MT.CE.AR5:DZA,2015-12-31,3.658
WDI:EN.GHG.N2O.AG.MT.CE.AR5:DZA,2016-12-31,3.5539
WDI:EN.GHG.N2O.AG.MT.CE.AR5:DZA,2017-12-31,3.4443
WDI:EN.GHG.N2O.AG.MT.CE.AR5:DZA,2018-12-31,3.6594
WDI:EN.GHG.N2O.AG.MT.CE.AR5:DZA,2019-12-31,3.6644
WDI:EN.GHG.N2O.AG.MT.CE.AR5:DZA,2020-12-31,3.5199
WDI:EN.GHG.N2O.AG.MT.CE.AR5:DZA,2021-12-31,3.3379
WDI:EN.GHG.N2O.AG.MT.CE.AR5:DZA,2022-12-31,3.5083
WDI:EN.GHG.N2O.AG.MT.CE.AR5:DZA,2023-12-31,3.5923
WDI:EN.GHG.N2O.AG.MT.CE.AR5:DZA,2024-12-31,3.656
WDI:EN.GHG.N2O.AG.MT.CE.AR5:EAP,1970-12-31,127.47359999999999
WDI:EN.GHG.N2O.AG.MT.CE.AR5:EAP,1971-12-31,129.3896
WDI:EN.GHG.N2O.AG.MT.CE.AR5:EAP,1972-12-31,131.2344
WDI:EN.GHG.N2O.AG.MT.CE.AR5:EAP,1973-12-31,132.8102
WDI:EN.GHG.N2O.AG.MT.CE.AR5:EAP,1974-12-31,130.49650000000003
WDI:EN.GHG.N2O.AG.MT.CE.AR5:EAP,1975-12-31,137.28420000000003
WDI:EN.GHG.N2O.AG.MT.CE.AR5:EAP,1976-12-31,143.9409
WDI:EN.GHG.N2O.AG.MT.CE.AR5:EAP,1977-12-31,155.32280000000003
WDI:EN.GHG.N2O.AG.MT.CE.AR5:EAP,1978-12-31,165.4153
WDI:EN.GHG.N2O.AG.MT.CE.AR5:EAP,1979-12-31,174.7557
WDI:EN.GHG.N2O.AG.MT.CE.AR5:EAP,1980-12-31,186.14979999999997
WDI:EN.GHG.N2O.AG.MT.CE.AR5:EAP,1981-12-31,186.60100000000003
WDI:EN.GHG.N2O.AG.MT.CE.AR5:EAP,1982-12-31,194.45910000000003
WDI:EN.GHG.N2O.AG.MT.CE.AR5:EAP,1983-12-31,207.84209999999996
WDI:EN.GHG.N2O.AG.MT.CE.AR5:EAP,1984-12-31,218.6682
WDI:EN.GHG.N2O.AG.MT.CE.AR5:EAP,1985-12-31,214.52719999999994
WDI:EN.GHG.N2O.AG.MT.CE.AR5:EAP,1986-12-31,219.46579999999997
WDI:EN.GHG.N2O.AG.MT.CE.AR5:EAP,1987-12-31,242.03780000000003
WDI:EN.GHG.N2O.AG.MT.CE.AR5:EAP,1988-12-31,256.2909
WDI:EN.GHG.N2O.AG.MT.CE.AR5:EAP,1989-12-31,263.29310000000004
WDI:EN.GHG.N2O.AG.MT.CE.AR5:EAP,1990-12-31,272.7314
WDI:EN.GHG.N2O.AG.MT.CE.AR5:EAP,1991-12-31,278.29189999999994
WDI:EN.GHG.N2O.AG.MT.CE.AR5:EAP,1992-12-31,284.99659999999994
WDI:EN.GHG.N2O.AG.MT.CE.AR5:EAP,1993-12-31,276.2839
WDI:EN.GHG.N2O.AG.MT.CE.AR5:EAP,1994-12-31,287.5735
WDI:EN.GHG.N2O.AG.MT.CE.AR5:EAP,1995-12-31,319.9783000000001
WDI:EN.GHG.N2O.AG.MT.CE.AR5:EAP,1996-12-31,340.2948999999999
WDI:EN.GHG.N2O.AG.MT.CE.AR5:EAP,1997-12-31,312.96320000000003
WDI:EN.GHG.N2O.AG.MT.CE.AR5:EAP,1998-12-31,321.6778
WDI:EN.GHG.N2O.AG.MT.CE.AR5:EAP,1999-12-31,332.1442000000001
WDI:EN.GHG.N2O.AG.MT.CE.AR5:EAP,2000-12-31,329.2677000000001
WDI:EN.GHG.N2O.AG.MT.CE.AR5:EAP,2001-12-31,326.16120000000006
WDI:EN.GHG.N2O.AG.MT.CE.AR5:EAP,2002-12-31,346.0985000000002
WDI:EN.GHG.N2O.AG.MT.CE.AR5:EAP,2003-12-31,341.0645
WDI:EN.GHG.N2O.AG.MT.CE.AR5:EAP,2004-12-31,355.2465
WDI:EN.GHG.N2O.AG.MT.CE.AR5:EAP,2005-12-31,356.9158999999999
WDI:EN.GHG.N2O.AG.MT.CE.AR5:EAP,2006-12-31,371.38439999999997
WDI:EN.GHG.N2O.AG.MT.CE.AR5:EAP,2007-12-31,365.80219999999997
WDI:EN.GHG.N2O.AG.MT.CE.AR5:EAP,2008-12-31,360.1332
WDI:EN.GHG.N2O.AG.MT.CE.AR5:EAP,2009-12-31,384.04060000000004
WDI:EN.GHG.N2O.AG.MT.CE.AR5:EAP,2010-12-31,366.79049999999995
WDI:EN.GHG.N2O.AG.MT.CE.AR5:EAP,2011-12-31,380.53639999999984
WDI:EN.GHG.N2O.AG.MT.CE.AR5:EAP,2012-12-31,386.49050000000005
WDI:EN.GHG.N2O.AG.MT.CE.AR5:EAP,2013-12-31,391.18179999999984
WDI:EN.GHG.N2O.AG.MT.CE.AR5:EAP,2014-12-31,371.55799999999994
WDI:EN.GHG.N2O.AG.MT.CE.AR5:EAP,2015-12-31,383.7562
WDI:EN.GHG.N2O.AG.MT.CE.AR5:EAP,2016-12-31,369.02640000000014
WDI:EN.GHG.N2O.AG.MT.CE.AR5:EAP,2017-12-31,357.2124999999999
WDI:EN.GHG.N2O.AG.MT.CE.AR5:EAP,2018-12-31,353.7474
WDI:EN.GHG.N2O.AG.MT.CE.AR5:EAP,2019-12-31,356.1794999999999
WDI:EN.GHG.N2O.AG.MT.CE.AR5:EAP,2020-12-31,351.61000000000007
WDI:EN.GHG.N2O.AG.MT.CE.AR5:EAP,2021-12-31,349.55150000000003
WDI:EN.GHG.N2O.AG.MT.CE.AR5:EAP,2022-12-31,359.79060000000004
WDI:EN.GHG.N2O.AG.MT.CE.AR5:EAP,2023-12-31,365.2843
WDI:EN.GHG.N2O.AG.MT.CE.AR5:EAP,2024-12-31,366.1298
WDI:EN.GHG.N2O.AG.MT.CE.AR5:EAR,1970-12-31,212.56669999999994
WDI:EN.GHG.N2O.AG.MT.CE.AR5:EAR,1971-12-31,214.56700000000006
WDI:EN.GHG.N2O.AG.MT.CE.AR5:EAR,1972-12-31,216.90150000000003
WDI:EN.GHG.N2O.AG.MT.CE.AR5:EAR,1973-12-31,219.3528
WDI:EN.GHG.N2O.AG.MT.CE.AR5:EAR,1974-12-31,223.81599999999997
WDI:EN.GHG.N2O.AG.MT.CE.AR5:EAR,1975-12-31,229.04259999999994
WDI:EN.GHG.N2O.AG.MT.CE.AR5:EAR,1976-12-31,236.87050000000005
WDI:EN.GHG.N2O.AG.MT.CE.AR5:EAR,1977-12-31,247.05319999999998
WDI:EN.GHG.N2O.AG.MT.CE.AR5:EAR,1978-12-31,252.33019999999996
WDI:EN.GHG.N2O.AG.MT.CE.AR5:EAR,1979-12-31,260.3412
WDI:EN.GHG.N2O.AG.MT.CE.AR5:EAR,1980-12-31,265.40409999999997
WDI:EN.GHG.N2O.AG.MT.CE.AR5:EAR,1981-12-31,273.77149999999995
WDI:EN.GHG.N2O.AG.MT.CE.AR5:EAR,1982-12-31,279.8305999999999
WDI:EN.GHG.N2O.AG.MT.CE.AR5:EAR,1983-12-31,289.8378000000001
WDI:EN.GHG.N2O.AG.MT.CE.AR5:EAR,1984-12-31,298.42339999999996
WDI:EN.GHG.N2O.AG.MT.CE.AR5:EAR,1985-12-31,303.92859999999996
WDI:EN.GHG.N2O.AG.MT.CE.AR5:EAR,1986-12-31,317.6730999999998
WDI:EN.GHG.N2O.AG.MT.CE.AR5:EAR,1987-12-31,316.6133999999999
WDI:EN.GHG.N2O.AG.MT.CE.AR5:EAR,1988-12-31,329.03729999999996
WDI:EN.GHG.N2O.AG.MT.CE.AR5:EAR,1989-12-31,335.0488
WDI:EN.GHG.N2O.AG.MT.CE.AR5:EAR,1990-12-31,340.12440000000004
WDI:EN.GHG.N2O.AG.MT.CE.AR5:EAR,1991-12-31,341.0569999999999
WDI:EN.GHG.N2O.AG.MT.CE.AR5:EAR,1992-12-31,351.10339999999997
WDI:EN.GHG.N2O.AG.MT.CE.AR5:EAR,1993-12-31,351.4613
WDI:EN.GHG.N2O.AG.MT.CE.AR5:EAR,1994-12-31,358.16769999999997
WDI:EN.GHG.N2O.AG.MT.CE.AR5:EAR,1995-12-31,366.02700000000004
WDI:EN.GHG.N2O.AG.MT.CE.AR5:EAR,1996-12-31,377.5155999999998
WDI:EN.GHG.N2O.AG.MT.CE.AR5:EAR,1997-12-31,383.2571000000001
WDI:EN.GHG.N2O.AG.MT.CE.AR5:EAR,1998-12-31,390.7770999999999
WDI:EN.GHG.N2O.AG.MT.CE.AR5:EAR,1999-12-31,394.1426
WDI:EN.GHG.N2O.AG.MT.CE.AR5:EAR,2000-12-31,393.56850000000003
WDI:EN.GHG.N2O.AG.MT.CE.AR5:EAR,2001-12-31,399.58539999999994
WDI:EN.GHG.N2O.AG.MT.CE.AR5:EAR,2002-12-31,401.7305000000002
WDI:EN.GHG.N2O.AG.MT.CE.AR5:EAR,2003-12-31,412.521
WDI:EN.GHG.N2O.AG.MT.CE.AR5:EAR,2004-12-31,426.3011
WDI:EN.GHG.N2O.AG.MT.CE.AR5:EAR,2005-12-31,437.0261
WDI:EN.GHG.N2O.AG.MT.CE.AR5:EAR,2006-12-31,449.58499999999987
WDI:EN.GHG.N2O.AG.MT.CE.AR5:EAR,2007-12-31,466.02870000000013
WDI:EN.GHG.N2O.AG.MT.CE.AR5:EAR,2008-12-31,469.99289999999996
WDI:EN.GHG.N2O.AG.MT.CE.AR5:EAR,2009-12-31,480.89200000000005
WDI:EN.GHG.N2O.AG.MT.CE.AR5:EAR,2010-12-31,488.8045000000001
WDI:EN.GHG.N2O.AG.MT.CE.AR5:EAR,2011-12-31,496.68229999999994
WDI:EN.GHG.N2O.AG.MT.CE.AR5:EAR,2012-12-31,500.5941999999999
WDI:EN.GHG.N2O.AG.MT.CE.AR5:EAR,2013-12-31,509.4990000000001
WDI:EN.GHG.N2O.AG.MT.CE.AR5:EAR,2014-12-31,517.5664999999999
WDI:EN.GHG.N2O.AG.MT.CE.AR5:EAR,2015-12-31,519.9907
WDI:EN.GHG.N2O.AG.MT.CE.AR5:EAR,2016-12-31,533.6704000000002
WDI:EN.GHG.N2O.AG.MT.CE.AR5:EAR,2017-12-31,543.3892999999999
WDI:EN.GHG.N2O.AG.MT.CE.AR5:EAR,2018-12-31,544.0583
WDI:EN.GHG.N2O.AG.MT.CE.AR5:EAR,2019-12-31,556.3441999999999
WDI:EN.GHG.N2O.AG.MT.CE.AR5:EAR,2020-12-31,577.6374999999997
WDI:EN.GHG.N2O.AG.MT.CE.AR5:EAR,2021-12-31,573.4909999999999
WDI:EN.GHG.N2O.AG.MT.CE.AR5:EAR,2022-12-31,575.0878999999996
WDI:EN.GHG.N2O.AG.MT.CE.AR5:EAR,2023-12-31,580.3574
WDI:EN.GHG.N2O.AG.MT.CE.AR5:EAR,2024-12-31,587.858
WDI:EN.GHG.N2O.AG.MT.CE.AR5:EAS,1970-12-31,174.61039999999997
WDI:EN.GHG.N2O.AG.MT.CE.AR5:EAS,1971-12-31,177.56580000000002
WDI:EN.GHG.N2O.AG.MT.CE.AR5:EAS,1972-12-31,179.86830000000003
WDI:EN.GHG.N2O.AG.MT.CE.AR5:EAS,1973-12-31,179.80420000000004
WDI:EN.GHG.N2O.AG.MT.CE.AR5:EAS,1974-12-31,178.8742
WDI:EN.GHG.N2O.AG.MT.CE.AR5:EAS,1975-12-31,186.6229
WDI:EN.GHG.N2O.AG.MT.CE.AR5:EAS,1976-12-31,193.56130000000005
WDI:EN.GHG.N2O.AG.MT.CE.AR5:EAS,1977-12-31,202.47160000000005
WDI:EN.GHG.N2O.AG.MT.CE.AR5:EAS,1978-12-31,212.3892
WDI:EN.GHG.N2O.AG.MT.CE.AR5:EAS,1979-12-31,221.88949999999997
WDI:EN.GHG.N2O.AG.MT.CE.AR5:EAS,1980-12-31,232.39719999999997
WDI:EN.GHG.N2O.AG.MT.CE.AR5:EAS,1981-12-31,232.55999999999997
WDI:EN.GHG.N2O.AG.MT.CE.AR5:EAS,1982-12-31,239.81880000000007
WDI:EN.GHG.N2O.AG.MT.CE.AR5:EAS,1983-12-31,253.57389999999998
WDI:EN.GHG.N2O.AG.MT.CE.AR5:EAS,1984-12-31,265.6939
WDI:EN.GHG.N2O.AG.MT.CE.AR5:EAS,1985-12-31,262.28159999999997
WDI:EN.GHG.N2O.AG.MT.CE.AR5:EAS,1986-12-31,268.2027
WDI:EN.GHG.N2O.AG.MT.CE.AR5:EAS,1987-12-31,289.6686
WDI:EN.GHG.N2O.AG.MT.CE.AR5:EAS,1988-12-31,304.98699999999997
WDI:EN.GHG.N2O.AG.MT.CE.AR5:EAS,1989-12-31,313.09090000000003
WDI:EN.GHG.N2O.AG.MT.CE.AR5:EAS,1990-12-31,324.8891
WDI:EN.GHG.N2O.AG.MT.CE.AR5:EAS,1991-12-31,330.00090000000006
WDI:EN.GHG.N2O.AG.MT.CE.AR5:EAS,1992-12-31,335.8349
WDI:EN.GHG.N2O.AG.MT.CE.AR5:EAS,1993-12-31,327.7671
WDI:EN.GHG.N2O.AG.MT.CE.AR5:EAS,1994-12-31,340.1361
WDI:EN.GHG.N2O.AG.MT.CE.AR5:EAS,1995-12-31,371.1256000000001
WDI:EN.GHG.N2O.AG.MT.CE.AR5:EAS,1996-12-31,393.5174
WDI:EN.GHG.N2O.AG.MT.CE.AR5:EAS,1997-12-31,367.00800000000004
WDI:EN.GHG.N2O.AG.MT.CE.AR5:EAS,1998-12-31,375.67650000000003
WDI:EN.GHG.N2O.AG.MT.CE.AR5:EAS,1999-12-31,386.5419000000001
WDI:EN.GHG.N2O.AG.MT.CE.AR5:EAS,2000-12-31,384.2635
WDI:EN.GHG.N2O.AG.MT.CE.AR5:EAS,2001-12-31,380.97
WDI:EN.GHG.N2O.AG.MT.CE.AR5:EAS,2002-12-31,400.9297000000001
WDI:EN.GHG.N2O.AG.MT.CE.AR5:EAS,2003-12-31,393.5661
WDI:EN.GHG.N2O.AG.MT.CE.AR5:EAS,2004-12-31,411.0847
WDI:EN.GHG.N2O.AG.MT.CE.AR5:EAS,2005-12-31,411.6516
WDI:EN.GHG.N2O.AG.MT.CE.AR5:EAS,2006-12-31,424.8437999999999
WDI:EN.GHG.N2O.AG.MT.CE.AR5:EAS,2007-12-31,417.93840000000006
WDI:EN.GHG.N2O.AG.MT.CE.AR5:EAS,2008-12-31,410.72009999999995
WDI:EN.GHG.N2O.AG.MT.CE.AR5:EAS,2009-12-31,435.196
WDI:EN.GHG.N2O.AG.MT.CE.AR5:EAS,2010-12-31,418.1741999999999
WDI:EN.GHG.N2O.AG.MT.CE.AR5:EAS,2011-12-31,434.00659999999993
WDI:EN.GHG.N2O.AG.MT.CE.AR5:EAS,2012-12-31,440.5849000000001
WDI:EN.GHG.N2O.AG.MT.CE.AR5:EAS,2013-12-31,447.466
WDI:EN.GHG.N2O.AG.MT.CE.AR5:EAS,2014-12-31,427.9533
WDI:EN.GHG.N2O.AG.MT.CE.AR5:EAS,2015-12-31,438.71410000000003
WDI:EN.GHG.N2O.AG.MT.CE.AR5:EAS,2016-12-31,423.4456000000002
WDI:EN.GHG.N2O.AG.MT.CE.AR5:EAS,2017-12-31,414.87489999999997
WDI:EN.GHG.N2O.AG.MT.CE.AR5:EAS,2018-12-31,406.791
WDI:EN.GHG.N2O.AG.MT.CE.AR5:EAS,2019-12-31,407.91419999999994
WDI:EN.GHG.N2O.AG.MT.CE.AR5:EAS,2020-12-31,403.4368
WDI:EN.GHG.N2O.AG.MT.CE.AR5:EAS,2021-12-31,405.60170000000005
WDI:EN.GHG.N2O.AG.MT.CE.AR5:EAS,2022-12-31,414.6325
WDI:EN.GHG.N2O.AG.MT.CE.AR5:EAS,2023-12-31,422.7321
WDI:EN.GHG.N2O.AG.MT.CE.AR5:EAS,2024-12-31,423.8717
WDI:EN.GHG.N2O.AG.MT.CE.AR5:ECA,1970-12-31,67.2453
WDI:EN.GHG.N2O.AG.MT.CE.AR5:ECA,1971-12-31,68.86890000000001
WDI:EN.GHG.N2O.AG.MT.CE.AR5:ECA,1972-12-31,69.5421
WDI:EN.GHG.N2O.AG.MT.CE.AR5:ECA,1973-12-31,70.9862
WDI:EN.GHG.N2O.AG.MT.CE.AR5:ECA,1974-12-31,71.60159999999999
WDI:EN.GHG.N2O.AG.MT.CE.AR5:ECA,1975-12-31,72.699
WDI:EN.GHG.N2O.AG.MT.CE.AR5:ECA,1976-12-31,75.85300000000001
WDI:EN.GHG.N2O.AG.MT.CE.AR5:ECA,1977-12-31,77.3052
WDI:EN.GHG.N2O.AG.MT.CE.AR5:ECA,1978-12-31,79.7364
WDI:EN.GHG.N2O.AG.MT.CE.AR5:ECA,1979-12-31,79.8185
WDI:EN.GHG.N2O.AG.MT.CE.AR5:ECA,1980-12-31,80.78039999999999
WDI:EN.GHG.N2O.AG.MT.CE.AR5:ECA,1981-12-31,80.7994
WDI:EN.GHG.N2O.AG.MT.CE.AR5:ECA,1982-12-31,81.905
WDI:EN.GHG.N2O.AG.MT.CE.AR5:ECA,1983-12-31,83.5815
WDI:EN.GHG.N2O.AG.MT.CE.AR5:ECA,1984-12-31,84.51389999999999
WDI:EN.GHG.N2O.AG.MT.CE.AR5:ECA,1985-12-31,83.9858
WDI:EN.GHG.N2O.AG.MT.CE.AR5:ECA,1986-12-31,85.4649
WDI:EN.GHG.N2O.AG.MT.CE.AR5:ECA,1987-12-31,87.1
WDI:EN.GHG.N2O.AG.MT.CE.AR5:ECA,1988-12-31,84.9489
WDI:EN.GHG.N2O.AG.MT.CE.AR5:ECA,1989-12-31,83.5403
WDI:EN.GHG.N2O.AG.MT.CE.AR5:ECA,1990-12-31,83.0233
WDI:EN.GHG.N2O.AG.MT.CE.AR5:ECA,1991-12-31,78.9202
WDI:EN.GHG.N2O.AG.MT.CE.AR5:ECA,1992-12-31,76.0979
WDI:EN.GHG.N2O.AG.MT.CE.AR5:ECA,1993-12-31,74.46690000000001
WDI:EN.GHG.N2O.AG.MT.CE.AR5:ECA,1994-12-31,69.9692
WDI:EN.GHG.N2O.AG.MT.CE.AR5:ECA,1995-12-31,65.2247
WDI:EN.GHG.N2O.AG.MT.CE.AR5:ECA,1996-12-31,62.3612
WDI:EN.GHG.N2O.AG.MT.CE.AR5:ECA,1997-12-31,60.166599999999995
WDI:EN.GHG.N2O.AG.MT.CE.AR5:ECA,1998-12-31,57.439200000000014
WDI:EN.GHG.N2O.AG.MT.CE.AR5:ECA,1999-12-31,57.545199999999994
WDI:EN.GHG.N2O.AG.MT.CE.AR5:ECA,2000-12-31,55.9587
WDI:EN.GHG.N2O.AG.MT.CE.AR5:ECA,2001-12-31,55.3436
WDI:EN.GHG.N2O.AG.MT.CE.AR5:ECA,2002-12-31,56.212599999999995
WDI:EN.GHG.N2O.AG.MT.CE.AR5:ECA,2003-12-31,56.7128
WDI:EN.GHG.N2O.AG.MT.CE.AR5:ECA,2004-12-31,57.546
WDI:EN.GHG.N2O.AG.MT.CE.AR5:ECA,2005-12-31,58.22830000000001
WDI:EN.GHG.N2O.AG.MT.CE.AR5:ECA,2006-12-31,59.8006
WDI:EN.GHG.N2O.AG.MT.CE.AR5:ECA,2007-12-31,60.178599999999996
WDI:EN.GHG.N2O.AG.MT.CE.AR5:ECA,2008-12-31,63.82150000000001
WDI:EN.GHG.N2O.AG.MT.CE.AR5:ECA,2009-12-31,65.47070000000001
WDI:EN.GHG.N2O.AG.MT.CE.AR5:ECA,2010-12-31,65.6184
WDI:EN.GHG.N2O.AG.MT.CE.AR5:ECA,2011-12-31,70.8083
WDI:EN.GHG.N2O.AG.MT.CE.AR5:ECA,2012-12-31,71.8223
WDI:EN.GHG.N2O.AG.MT.CE.AR5:ECA,2013-12-31,75.63950000000001
WDI:EN.GHG.N2O.AG.MT.CE.AR5:ECA,2014-12-31,76.25970000000001
WDI:EN.GHG.N2O.AG.MT.CE.AR5:ECA,2015-12-31,77.1428
WDI:EN.GHG.N2O.AG.MT.CE.AR5:ECA,2016-12-31,81.911
WDI:EN.GHG.N2O.AG.MT.CE.AR5:ECA,2017-12-31,83.27900000000001
WDI:EN.GHG.N2O.AG.MT.CE.AR5:ECA,2018-12-31,83.2234
WDI:EN.GHG.N2O.AG.MT.CE.AR5:ECA,2019-12-31,85.7681
WDI:EN.GHG.N2O.AG.MT.CE.AR5:ECA,2020-12-31,89.612
WDI:EN.GHG.N2O.AG.MT.CE.AR5:ECA,2021-12-31,88.4747
WDI:EN.GHG.N2O.AG.MT.CE.AR5:ECA,2022-12-31,79.98819999999999
WDI:EN.GHG.N2O.AG.MT.CE.AR5:ECA,2023-12-31,77.5864
WDI:EN.GHG.N2O.AG.MT.CE.AR5:ECA,2024-12-31,77.4243
WDI:EN.GHG.N2O.AG.MT.CE.AR5:ECS,1970-12-31,306.1443
WDI:EN.GHG.N2O.AG.MT.CE.AR5:ECS,1971-12-31,311.4185
WDI:EN.GHG.N2O.AG.MT.CE.AR5:ECS,1972-12-31,314.14660000000003
WDI:EN.GHG.N2O.AG.MT.CE.AR5:ECS,1973-12-31,320.8193
WDI:EN.GHG.N2O.AG.MT.CE.AR5:ECS,1974-12-31,323.67479999999995
WDI:EN.GHG.N2O.AG.MT.CE.AR5:ECS,1975-12-31,329.17449999999997
WDI:EN.GHG.N2O.AG.MT.CE.AR5:ECS,1976-12-31,337.0428999999999
WDI:EN.GHG.N2O.AG.MT.CE.AR5:ECS,1977-12-31,342.36210000000005
WDI:EN.GHG.N2O.AG.MT.CE.AR5:ECS,1978-12-31,354.3810000000001
WDI:EN.GHG.N2O.AG.MT.CE.AR5:ECS,1979-12-31,356.94809999999995
WDI:EN.GHG.N2O.AG.MT.CE.AR5:ECS,1980-12-31,359.2687
WDI:EN.GHG.N2O.AG.MT.CE.AR5:ECS,1981-12-31,358.01529999999997
WDI:EN.GHG.N2O.AG.MT.CE.AR5:ECS,1982-12-31,363.7411
WDI:EN.GHG.N2O.AG.MT.CE.AR5:ECS,1983-12-31,367.91999999999996
WDI:EN.GHG.N2O.AG.MT.CE.AR5:ECS,1984-12-31,373.5614
WDI:EN.GHG.N2O.AG.MT.CE.AR5:ECS,1985-12-31,374.5013000000001
WDI:EN.GHG.N2O.AG.MT.CE.AR5:ECS,1986-12-31,379.5316000000001
WDI:EN.GHG.N2O.AG.MT.CE.AR5:ECS,1987-12-31,378.4300000000001
WDI:EN.GHG.N2O.AG.MT.CE.AR5:ECS,1988-12-31,376.4889999999999
WDI:EN.GHG.N2O.AG.MT.CE.AR5:ECS,1989-12-31,372.31770000000006
WDI:EN.GHG.N2O.AG.MT.CE.AR5:ECS,1990-12-31,360.4690999999999
WDI:EN.GHG.N2O.AG.MT.CE.AR5:ECS,1991-12-31,341.52789999999993
WDI:EN.GHG.N2O.AG.MT.CE.AR5:ECS,1992-12-31,324.4175
WDI:EN.GHG.N2O.AG.MT.CE.AR5:ECS,1993-12-31,317.49619999999993
WDI:EN.GHG.N2O.AG.MT.CE.AR5:ECS,1994-12-31,308.17830000000004
WDI:EN.GHG.N2O.AG.MT.CE.AR5:ECS,1995-12-31,297.05080000000004
WDI:EN.GHG.N2O.AG.MT.CE.AR5:ECS,1996-12-31,295.3364
WDI:EN.GHG.N2O.AG.MT.CE.AR5:ECS,1997-12-31,290.5117
WDI:EN.GHG.N2O.AG.MT.CE.AR5:ECS,1998-12-31,283.0311
WDI:EN.GHG.N2O.AG.MT.CE.AR5:ECS,1999-12-31,282.31329999999997
WDI:EN.GHG.N2O.AG.MT.CE.AR5:ECS,2000-12-31,277.7879
WDI:EN.GHG.N2O.AG.MT.CE.AR5:ECS,2001-12-31,276.5407000000001
WDI:EN.GHG.N2O.AG.MT.CE.AR5:ECS,2002-12-31,275.2388
WDI:EN.GHG.N2O.AG.MT.CE.AR5:ECS,2003-12-31,272.51290000000006
WDI:EN.GHG.N2O.AG.MT.CE.AR5:ECS,2004-12-31,273.9301
WDI:EN.GHG.N2O.AG.MT.CE.AR5:ECS,2005-12-31,270.56559999999996
WDI:EN.GHG.N2O.AG.MT.CE.AR5:ECS,2006-12-31,270.0965
WDI:EN.GHG.N2O.AG.MT.CE.AR5:ECS,2007-12-31,275.1616
WDI:EN.GHG.N2O.AG.MT.CE.AR5:ECS,2008-12-31,276.49860000000007
WDI:EN.GHG.N2O.AG.MT.CE.AR5:ECS,2009-12-31,277.5284
WDI:EN.GHG.N2O.AG.MT.CE.AR5:ECS,2010-12-31,278.9629
WDI:EN.GHG.N2O.AG.MT.CE.AR5:ECS,2011-12-31,282.4397
WDI:EN.GHG.N2O.AG.MT.CE.AR5:ECS,2012-12-31,284.49870000000004
WDI:EN.GHG.N2O.AG.MT.CE.AR5:ECS,2013-12-31,291.2338
WDI:EN.GHG.N2O.AG.MT.CE.AR5:ECS,2014-12-31,295.2445999999999
WDI:EN.GHG.N2O.AG.MT.CE.AR5:ECS,2015-12-31,298.86089999999984
WDI:EN.GHG.N2O.AG.MT.CE.AR5:ECS,2016-12-31,306.9898
WDI:EN.GHG.N2O.AG.MT.CE.AR5:ECS,2017-12-31,308.2780000000001
WDI:EN.GHG.N2O.AG.MT.CE.AR5:ECS,2018-12-31,304.6852000000001
WDI:EN.GHG.N2O.AG.MT.CE.AR5:ECS,2019-12-31,309.42839999999995
WDI:EN.GHG.N2O.AG.MT.CE.AR5:ECS,2020-12-31,314.03219999999993
WDI:EN.GHG.N2O.AG.MT.CE.AR5:ECS,2021-12-31,305.8805000000001
WDI:EN.GHG.N2O.AG.MT.CE.AR5:ECS,2022-12-31,297.4529
WDI:EN.GHG.N2O.AG.MT.CE.AR5:ECS,2023-12-31,292.7915
WDI:EN.GHG.N2O.AG.MT.CE.AR5:ECS,2024-12-31,291.4079
WDI:EN.GHG.N2O.AG.MT.CE.AR5:ECU,1970-12-31,1.472
WDI:EN.GHG.N2O.AG.MT.CE.AR5:ECU,1971-12-31,1.4629
WDI:EN.GHG.N2O.AG.MT.CE.AR5:ECU,1972-12-31,1.4936
WDI:EN.GHG.N2O.AG.MT.CE.AR5:ECU,1973-12-31,1.5307
WDI:EN.GHG.N2O.AG.MT.CE.AR5:ECU,1974-12-31,1.55
WDI:EN.GHG.N2O.AG.MT.CE.AR5:ECU,1975-12-31,1.5661
WDI:EN.GHG.N2O.AG.MT.CE.AR5:ECU,1976-12-31,1.8031
WDI:EN.GHG.N2O.AG.MT.CE.AR5:ECU,1977-12-31,1.9289
WDI:EN.GHG.N2O.AG.MT.CE.AR5:ECU,1978-12-31,1.8789
WDI:EN.GHG.N2O.AG.MT.CE.AR5:ECU,1979-12-31,1.9861
WDI:EN.GHG.N2O.AG.MT.CE.AR5:ECU,1980-12-31,2.0654
WDI:EN.GHG.N2O.AG.MT.CE.AR5:ECU,1981-12-31,2.0564
WDI:EN.GHG.N2O.AG.MT.CE.AR5:ECU,1982-12-31,2.0992
WDI:EN.GHG.N2O.AG.MT.CE.AR5:ECU,1983-12-31,2.1815
WDI:EN.GHG.N2O.AG.MT.CE.AR5:ECU,1984-12-31,2.2946
WDI:EN.GHG.N2O.AG.MT.CE.AR5:ECU,1985-12-31,2.124
WDI:EN.GHG.N2O.AG.MT.CE.AR5:ECU,1986-12-31,1.9811
WDI:EN.GHG.N2O.AG.MT.CE.AR5:ECU,1987-12-31,1.9823
WDI:EN.GHG.N2O.AG.MT.CE.AR5:ECU,1988-12-31,2.0765
WDI:EN.GHG.N2O.AG.MT.CE.AR5:ECU,1989-12-31,2.2297
WDI:EN.GHG.N2O.AG.MT.CE.AR5:ECU,1990-12-31,2.2429
WDI:EN.GHG.N2O.AG.MT.CE.AR5:ECU,1991-12-31,2.377
WDI:EN.GHG.N2O.AG.MT.CE.AR5:ECU,1992-12-31,2.509
WDI:EN.GHG.N2O.AG.MT.CE.AR5:ECU,1993-12-31,2.6728
WDI:EN.GHG.N2O.AG.MT.CE.AR5:ECU,1994-12-31,2.8169
WDI:EN.GHG.N2O.AG.MT.CE.AR5:ECU,1995-12-31,2.9326
WDI:EN.GHG.N2O.AG.MT.CE.AR5:ECU,1996-12-31,3.0764
WDI:EN.GHG.N2O.AG.MT.CE.AR5:ECU,1997-12-31,3.3413
WDI:EN.GHG.N2O.AG.MT.CE.AR5:ECU,1998-12-31,3.2199
WDI:EN.GHG.N2O.AG.MT.CE.AR5:ECU,1999-12-31,2.8748
WDI:EN.GHG.N2O.AG.MT.CE.AR5:ECU,2000-12-31,2.6805
WDI:EN.GHG.N2O.AG.MT.CE.AR5:ECU,2001-12-31,3.0472
WDI:EN.GHG.N2O.AG.MT.CE.AR5:ECU,2002-12-31,3.2444
WDI:EN.GHG.N2O.AG.MT.CE.AR5:ECU,2003-12-31,3.2625
WDI:EN.GHG.N2O.AG.MT.CE.AR5:ECU,2004-12-31,3.4107
WDI:EN.GHG.N2O.AG.MT.CE.AR5:ECU,2005-12-31,2.9227
WDI:EN.GHG.N2O.AG.MT.CE.AR5:ECU,2006-12-31,3.3247
WDI:EN.GHG.N2O.AG.MT.CE.AR5:ECU,2007-12-31,3.1375
WDI:EN.GHG.N2O.AG.MT.CE.AR5:ECU,2008-12-31,3.2441
WDI:EN.GHG.N2O.AG.MT.CE.AR5:ECU,2009-12-31,3.4339
WDI:EN.GHG.N2O.AG.MT.CE.AR5:ECU,2010-12-31,3.5399
WDI:EN.GHG.N2O.AG.MT.CE.AR5:ECU,2011-12-31,3.5799
WDI:EN.GHG.N2O.AG.MT.CE.AR5:ECU,2012-12-31,3.4704
WDI:EN.GHG.N2O.AG.MT.CE.AR5:ECU,2013-12-31,3.6265
WDI:EN.GHG.N2O.AG.MT.CE.AR5:ECU,2014-12-31,3.636
WDI:EN.GHG.N2O.AG.MT.CE.AR5:ECU,2015-12-31,3.4313
WDI:EN.GHG.N2O.AG.MT.CE.AR5:ECU,2016-12-31,3.5825
WDI:EN.GHG.N2O.AG.MT.CE.AR5:ECU,2017-12-31,3.3138
WDI:EN.GHG.N2O.AG.MT.CE.AR5:ECU,2018-12-31,3.591
WDI:EN.GHG.N2O.AG.MT.CE.AR5:ECU,2019-12-31,3.4548
WDI:EN.GHG.N2O.AG.MT.CE.AR5:ECU,2020-12-31,3.5288
WDI:EN.GHG.N2O.AG.MT.CE.AR5:ECU,2021-12-31,3.6148
WDI:EN.GHG.N2O.AG.MT.CE.AR5:ECU,2022-12-31,2.9927
WDI:EN.GHG.N2O.AG.MT.CE.AR5:ECU,2023-12-31,2.901
WDI:EN.GHG.N2O.AG.MT.CE.AR5:ECU,2024-12-31,2.8719
WDI:EN.GHG.N2O.AG.MT.CE.AR5:EGY,1970-12-31,3.7576
WDI:EN.GHG.N2O.AG.MT.CE.AR5:EGY,1971-12-31,3.7888
WDI:EN.GHG.N2O.AG.MT.CE.AR5:EGY,1972-12-31,3.8106
WDI:EN.GHG.N2O.AG.MT.CE.AR5:EGY,1973-12-31,3.8162
WDI:EN.GHG.N2O.AG.MT.CE.AR5:EGY,1974-12-31,4.0069
WDI:EN.GHG.N2O.AG.MT.CE.AR5:EGY,1975-12-31,4.2649
WDI:EN.GHG.N2O.AG.MT.CE.AR5:EGY,1976-12-31,4.317
WDI:EN.GHG.N2O.AG.MT.CE.AR5:EGY,1977-12-31,4.4601
WDI:EN.GHG.N2O.AG.MT.CE.AR5:EGY,1978-12-31,4.7051
WDI:EN.GHG.N2O.AG.MT.CE.AR5:EGY,1979-12-31,4.7072
WDI:EN.GHG.N2O.AG.MT.CE.AR5:EGY,1980-12-31,4.9996
WDI:EN.GHG.N2O.AG.MT.CE.AR5:EGY,1981-12-31,5.2105
WDI:EN.GHG.N2O.AG.MT.CE.AR5:EGY,1982-12-31,5.5045
WDI:EN.GHG.N2O.AG.MT.CE.AR5:EGY,1983-12-31,5.4103
WDI:EN.GHG.N2O.AG.MT.CE.AR5:EGY,1984-12-31,5.3864
WDI:EN.GHG.N2O.AG.MT.CE.AR5:EGY,1985-12-31,5.6415
WDI:EN.GHG.N2O.AG.MT.CE.AR5:EGY,1986-12-31,6.5474
WDI:EN.GHG.N2O.AG.MT.CE.AR5:EGY,1987-12-31,6.6996
WDI:EN.GHG.N2O.AG.MT.CE.AR5:EGY,1988-12-31,6.9409
WDI:EN.GHG.N2O.AG.MT.CE.AR5:EGY,1989-12-31,6.9638
WDI:EN.GHG.N2O.AG.MT.CE.AR5:EGY,1990-12-31,6.8429
WDI:EN.GHG.N2O.AG.MT.CE.AR5:EGY,1991-12-31,7.3194
WDI:EN.GHG.N2O.AG.MT.CE.AR5:EGY,1992-12-31,7.3453
WDI:EN.GHG.N2O.AG.MT.CE.AR5:EGY,1993-12-31,7.701
WDI:EN.GHG.N2O.AG.MT.CE.AR5:EGY,1994-12-31,7.0446
WDI:EN.GHG.N2O.AG.MT.CE.AR5:EGY,1995-12-31,8.381
WDI:EN.GHG.N2O.AG.MT.CE.AR5:EGY,1996-12-31,8.9017
WDI:EN.GHG.N2O.AG.MT.CE.AR5:EGY,1997-12-31,8.7652
WDI:EN.GHG.N2O.AG.MT.CE.AR5:EGY,1998-12-31,9.2925
WDI:EN.GHG.N2O.AG.MT.CE.AR5:EGY,1999-12-31,9.3531
WDI:EN.GHG.N2O.AG.MT.CE.AR5:EGY,2000-12-31,10.0887
WDI:EN.GHG.N2O.AG.MT.CE.AR5:EGY,2001-12-31,10.7527
WDI:EN.GHG.N2O.AG.MT.CE.AR5:EGY,2002-12-31,10.9
WDI:EN.GHG.N2O.AG.MT.CE.AR5:EGY,2003-12-31,11.3076
WDI:EN.GHG.N2O.AG.MT.CE.AR5:EGY,2004-12-31,12.3209
WDI:EN.GHG.N2O.AG.MT.CE.AR5:EGY,2005-12-31,12.096
WDI:EN.GHG.N2O.AG.MT.CE.AR5:EGY,2006-12-31,11.8561
WDI:EN.GHG.N2O.AG.MT.CE.AR5:EGY,2007-12-31,11.4536
WDI:EN.GHG.N2O.AG.MT.CE.AR5:EGY,2008-12-31,11.5673
WDI:EN.GHG.N2O.AG.MT.CE.AR5:EGY,2009-12-31,11.4551
WDI:EN.GHG.N2O.AG.MT.CE.AR5:EGY,2010-12-31,11.3293
WDI:EN.GHG.N2O.AG.MT.CE.AR5:EGY,2011-12-31,11.7103
WDI:EN.GHG.N2O.AG.MT.CE.AR5:EGY,2012-12-31,11.2934
WDI:EN.GHG.N2O.AG.MT.CE.AR5:EGY,2013-12-31,11.2187
WDI:EN.GHG.N2O.AG.MT.CE.AR5:EGY,2014-12-31,11.3524
WDI:EN.GHG.N2O.AG.MT.CE.AR5:EGY,2015-12-31,11.8118
WDI:EN.GHG.N2O.AG.MT.CE.AR5:EGY,2016-12-31,12.1106
WDI:EN.GHG.N2O.AG.MT.CE.AR5:EGY,2017-12-31,11.9318
WDI:EN.GHG.N2O.AG.MT.CE.AR5:EGY,2018-12-31,11.8786
WDI:EN.GHG.N2O.AG.MT.CE.AR5:EGY,2019-12-31,9.4994
WDI:EN.GHG.N2O.AG.MT.CE.AR5:EGY,2020-12-31,9.988
WDI:EN.GHG.N2O.AG.MT.CE.AR5:EGY,2021-12-31,10.059
WDI:EN.GHG.N2O.AG.MT.CE.AR5:EGY,2022-12-31,9.875
WDI:EN.GHG.N2O.AG.MT.CE.AR5:EGY,2023-12-31,9.8793
WDI:EN.GHG.N2O.AG.MT.CE.AR5:EGY,2024-12-31,9.614
WDI:EN.GHG.N2O.AG.MT.CE.AR5:EMU,1970-12-31,108.71900000000002
WDI:EN.GHG.N2O.AG.MT.CE.AR5:EMU,1971-12-31,109.45919999999998
WDI:EN.GHG.N2O.AG.MT.CE.AR5:EMU,1972-12-31,109.61160000000001
WDI:EN.GHG.N2O.AG.MT.CE.AR5:EMU,1973-12-31,111.54960000000001
WDI:EN.GHG.N2O.AG.MT.CE.AR5:EMU,1974-12-31,112.1315
WDI:EN.GHG.N2O.AG.MT.CE.AR5:EMU,1975-12-31,114.01930000000002
WDI:EN.GHG.N2O.AG.MT.CE.AR5:EMU,1976-12-31,116.9191
WDI:EN.GHG.N2O.AG.MT.CE.AR5:EMU,1977-12-31,118.9841
WDI:EN.GHG.N2O.AG.MT.CE.AR5:EMU,1978-12-31,123.8014
WDI:EN.GHG.N2O.AG.MT.CE.AR5:EMU,1979-12-31,126.32709999999999
WDI:EN.GHG.N2O.AG.MT.CE.AR5:EMU,1980-12-31,128.0858
WDI:EN.GHG.N2O.AG.MT.CE.AR5:EMU,1981-12-31,126.32920000000001
WDI:EN.GHG.N2O.AG.MT.CE.AR5:EMU,1982-12-31,128.4486
WDI:EN.GHG.N2O.AG.MT.CE.AR5:EMU,1983-12-31,128.7235
WDI:EN.GHG.N2O.AG.MT.CE.AR5:EMU,1984-12-31,132.2067
WDI:EN.GHG.N2O.AG.MT.CE.AR5:EMU,1985-12-31,133.07580000000002
WDI:EN.GHG.N2O.AG.MT.CE.AR5:EMU,1986-12-31,134.78379999999999
WDI:EN.GHG.N2O.AG.MT.CE.AR5:EMU,1987-12-31,133.73039999999995
WDI:EN.GHG.N2O.AG.MT.CE.AR5:EMU,1988-12-31,134.32440000000003
WDI:EN.GHG.N2O.AG.MT.CE.AR5:EMU,1989-12-31,132.53619999999998
WDI:EN.GHG.N2O.AG.MT.CE.AR5:EMU,1990-12-31,129.0609
WDI:EN.GHG.N2O.AG.MT.CE.AR5:EMU,1991-12-31,126.02810000000002
WDI:EN.GHG.N2O.AG.MT.CE.AR5:EMU,1992-12-31,119.43379999999998
WDI:EN.GHG.N2O.AG.MT.CE.AR5:EMU,1993-12-31,118.26229999999998
WDI:EN.GHG.N2O.AG.MT.CE.AR5:EMU,1994-12-31,118.79240000000001
WDI:EN.GHG.N2O.AG.MT.CE.AR5:EMU,1995-12-31,119.05780000000001
WDI:EN.GHG.N2O.AG.MT.CE.AR5:EMU,1996-12-31,121.3173
WDI:EN.GHG.N2O.AG.MT.CE.AR5:EMU,1997-12-31,121.34049999999999
WDI:EN.GHG.N2O.AG.MT.CE.AR5:EMU,1998-12-31,123.18150000000001
WDI:EN.GHG.N2O.AG.MT.CE.AR5:EMU,1999-12-31,123.76750000000001
WDI:EN.GHG.N2O.AG.MT.CE.AR5:EMU,2000-12-31,121.35300000000001
WDI:EN.GHG.N2O.AG.MT.CE.AR5:EMU,2001-12-31,119.79990000000001
WDI:EN.GHG.N2O.AG.MT.CE.AR5:EMU,2002-12-31,119.26520000000001
WDI:EN.GHG.N2O.AG.MT.CE.AR5:EMU,2003-12-31,117.7802
WDI:EN.GHG.N2O.AG.MT.CE.AR5:EMU,2004-12-31,117.55229999999999
WDI:EN.GHG.N2O.AG.MT.CE.AR5:EMU,2005-12-31,114.834
WDI:EN.GHG.N2O.AG.MT.CE.AR5:EMU,2006-12-31,113.317
WDI:EN.GHG.N2O.AG.MT.CE.AR5:EMU,2007-12-31,116.0476
WDI:EN.GHG.N2O.AG.MT.CE.AR5:EMU,2008-12-31,112.2224
WDI:EN.GHG.N2O.AG.MT.CE.AR5:EMU,2009-12-31,112.0508
WDI:EN.GHG.N2O.AG.MT.CE.AR5:EMU,2010-12-31,114.88319999999999
WDI:EN.GHG.N2O.AG.MT.CE.AR5:EMU,2011-12-31,110.64399999999999
WDI:EN.GHG.N2O.AG.MT.CE.AR5:EMU,2012-12-31,112.72269999999999
WDI:EN.GHG.N2O.AG.MT.CE.AR5:EMU,2013-12-31,114.28169999999999
WDI:EN.GHG.N2O.AG.MT.CE.AR5:EMU,2014-12-31,115.63579999999999
WDI:EN.GHG.N2O.AG.MT.CE.AR5:EMU,2015-12-31,116.1698
WDI:EN.GHG.N2O.AG.MT.CE.AR5:EMU,2016-12-31,115.922
WDI:EN.GHG.N2O.AG.MT.CE.AR5:EMU,2017-12-31,115.27740000000001
WDI:EN.GHG.N2O.AG.MT.CE.AR5:EMU,2018-12-31,112.7076
WDI:EN.GHG.N2O.AG.MT.CE.AR5:EMU,2019-12-31,112.7358
WDI:EN.GHG.N2O.AG.MT.CE.AR5:EMU,2020-12-31,109.5632
WDI:EN.GHG.N2O.AG.MT.CE.AR5:EMU,2021-12-31,106.8533
WDI:EN.GHG.N2O.AG.MT.CE.AR5:EMU,2022-12-31,102.73099999999998
WDI:EN.GHG.N2O.AG.MT.CE.AR5:EMU,2023-12-31,103.551
WDI:EN.GHG.N2O.AG.MT.CE.AR5:EMU,2024-12-31,101.962
WDI:EN.GHG.N2O.AG.MT.CE.AR5:ERI,1970-12-31,0.7759
WDI:EN.GHG.N2O.AG.MT.CE.AR5:ERI,1971-12-31,0.7844
WDI:EN.GHG.N2O.AG.MT.CE.AR5:ERI,1972-12-31,0.7791
WDI:EN.GHG.N2O.AG.MT.CE.AR5:ERI,1973-12-31,0.7811
WDI:EN.GHG.N2O.AG.MT.CE.AR5:ERI,1974-12-31,0.7716
WDI:EN.GHG.N2O.AG.MT.CE.AR5:ERI,1975-12-31,0.7591
WDI:EN.GHG.N2O.AG.MT.CE.AR5:ERI,1976-12-31,0.758
WDI:EN.GHG.N2O.AG.MT.CE.AR5:ERI,1977-12-31,0.7669
WDI:EN.GHG.N2O.AG.MT.CE.AR5:ERI,1978-12-31,0.7781
WDI:EN.GHG.N2O.AG.MT.CE.AR5:ERI,1979-12-31,0.7889
WDI:EN.GHG.N2O.AG.MT.CE.AR5:ERI,1980-12-31,0.7943
WDI:EN.GHG.N2O.AG.MT.CE.AR5:ERI,1981-12-31,0.7969
WDI:EN.GHG.N2O.AG.MT.CE.AR5:ERI,1982-12-31,0.7996
WDI:EN.GHG.N2O.AG.MT.CE.AR5:ERI,1983-12-31,0.8296
WDI:EN.GHG.N2O.AG.MT.CE.AR5:ERI,1984-12-31,0.7924
WDI:EN.GHG.N2O.AG.MT.CE.AR5:ERI,1985-12-31,0.8168
WDI:EN.GHG.N2O.AG.MT.CE.AR5:ERI,1986-12-31,0.8535
WDI:EN.GHG.N2O.AG.MT.CE.AR5:ERI,1987-12-31,0.8322
WDI:EN.GHG.N2O.AG.MT.CE.AR5:ERI,1988-12-31,0.8484
WDI:EN.GHG.N2O.AG.MT.CE.AR5:ERI,1989-12-31,0.875
WDI:EN.GHG.N2O.AG.MT.CE.AR5:ERI,1990-12-31,0.887
WDI:EN.GHG.N2O.AG.MT.CE.AR5:ERI,1991-12-31,0.8926
WDI:EN.GHG.N2O.AG.MT.CE.AR5:ERI,1992-12-31,0.914
WDI:EN.GHG.N2O.AG.MT.CE.AR5:ERI,1993-12-31,0.656
WDI:EN.GHG.N2O.AG.MT.CE.AR5:ERI,1994-12-31,0.6709
WDI:EN.GHG.N2O.AG.MT.CE.AR5:ERI,1995-12-31,0.6822
WDI:EN.GHG.N2O.AG.MT.CE.AR5:ERI,1996-12-31,0.7816
WDI:EN.GHG.N2O.AG.MT.CE.AR5:ERI,1997-12-31,0.8982
WDI:EN.GHG.N2O.AG.MT.CE.AR5:ERI,1998-12-31,0.9648
WDI:EN.GHG.N2O.AG.MT.CE.AR5:ERI,1999-12-31,0.9813
WDI:EN.GHG.N2O.AG.MT.CE.AR5:ERI,2000-12-31,1.0031
WDI:EN.GHG.N2O.AG.MT.CE.AR5:ERI,2001-12-31,0.9615
WDI:EN.GHG.N2O.AG.MT.CE.AR5:ERI,2002-12-31,0.9481
WDI:EN.GHG.N2O.AG.MT.CE.AR5:ERI,2003-12-31,0.9859
WDI:EN.GHG.N2O.AG.MT.CE.AR5:ERI,2004-12-31,1.0049
WDI:EN.GHG.N2O.AG.MT.CE.AR5:ERI,2005-12-31,1.0244
WDI:EN.GHG.N2O.AG.MT.CE.AR5:ERI,2006-12-31,0.975
WDI:EN.GHG.N2O.AG.MT.CE.AR5:ERI,2007-12-31,1.0528
WDI:EN.GHG.N2O.AG.MT.CE.AR5:ERI,2008-12-31,1.0527
WDI:EN.GHG.N2O.AG.MT.CE.AR5:ERI,2009-12-31,1.0607
WDI:EN.GHG.N2O.AG.MT.CE.AR5:ERI,2010-12-31,1.0187
WDI:EN.GHG.N2O.AG.MT.CE.AR5:ERI,2011-12-31,1.0753
WDI:EN.GHG.N2O.AG.MT.CE.AR5:ERI,2012-12-31,1.0791
WDI:EN.GHG.N2O.AG.MT.CE.AR5:ERI,2013-12-31,1.0866
WDI:EN.GHG.N2O.AG.MT.CE.AR5:ERI,2014-12-31,1.0916
WDI:EN.GHG.N2O.AG.MT.CE.AR5:ERI,2015-12-31,1.0959
WDI:EN.GHG.N2O.AG.MT.CE.AR5:ERI,2016-12-31,1.1033
WDI:EN.GHG.N2O.AG.MT.CE.AR5:ERI,2017-12-31,1.1081
WDI:EN.GHG.N2O.AG.MT.CE.AR5:ERI,2018-12-31,1.1125
WDI:EN.GHG.N2O.AG.MT.CE.AR5:ERI,2019-12-31,1.1184
WDI:EN.GHG.N2O.AG.MT.CE.AR5:ERI,2020-12-31,1.1186
WDI:EN.GHG.N2O.AG.MT.CE.AR5:ERI,2021-12-31,1.1225
WDI:EN.GHG.N2O.AG.MT.CE.AR5:ERI,2022-12-31,1.1262
WDI:EN.GHG.N2O.AG.MT.CE.AR5:ERI,2023-12-31,1.1294
WDI:EN.GHG.N2O.AG.MT.CE.AR5:ERI,2024-12-31,1.1328
WDI:EN.GHG.N2O.AG.MT.CE.AR5:ESP,1970-12-31,8.1108
WDI:EN.GHG.N2O.AG.MT.CE.AR5:ESP,1971-12-31,8.2948
WDI:EN.GHG.N2O.AG.MT.CE.AR5:ESP,1972-12-31,8.2653
WDI:EN.GHG.N2O.AG.MT.CE.AR5:ESP,1973-12-31,8.476
WDI:EN.GHG.N2O.AG.MT.CE.AR5:ESP,1974-12-31,8.317
WDI:EN.GHG.N2O.AG.MT.CE.AR5:ESP,1975-12-31,8.7795
WDI:EN.GHG.N2O.AG.MT.CE.AR5:ESP,1976-12-31,8.8853
WDI:EN.GHG.N2O.AG.MT.CE.AR5:ESP,1977-12-31,8.9656
WDI:EN.GHG.N2O.AG.MT.CE.AR5:ESP,1978-12-31,9.4915
WDI:EN.GHG.N2O.AG.MT.CE.AR5:ESP,1979-12-31,9.4706
WDI:EN.GHG.N2O.AG.MT.CE.AR5:ESP,1980-12-31,10.7766
WDI:EN.GHG.N2O.AG.MT.CE.AR5:ESP,1981-12-31,10.0656
WDI:EN.GHG.N2O.AG.MT.CE.AR5:ESP,1982-12-31,10.5758
WDI:EN.GHG.N2O.AG.MT.CE.AR5:ESP,1983-12-31,10.5946
WDI:EN.GHG.N2O.AG.MT.CE.AR5:ESP,1984-12-31,11.3832
WDI:EN.GHG.N2O.AG.MT.CE.AR5:ESP,1985-12-31,11.6726
WDI:EN.GHG.N2O.AG.MT.CE.AR5:ESP,1986-12-31,12.3166
WDI:EN.GHG.N2O.AG.MT.CE.AR5:ESP,1987-12-31,12.6547
WDI:EN.GHG.N2O.AG.MT.CE.AR5:ESP,1988-12-31,13.4771
WDI:EN.GHG.N2O.AG.MT.CE.AR5:ESP,1989-12-31,13.2578
WDI:EN.GHG.N2O.AG.MT.CE.AR5:ESP,1990-12-31,13.1079
WDI:EN.GHG.N2O.AG.MT.CE.AR5:ESP,1991-12-31,12.9438
WDI:EN.GHG.N2O.AG.MT.CE.AR5:ESP,1992-12-31,11.7791
WDI:EN.GHG.N2O.AG.MT.CE.AR5:ESP,1993-12-31,12.5585
WDI:EN.GHG.N2O.AG.MT.CE.AR5:ESP,1994-12-31,12.452
WDI:EN.GHG.N2O.AG.MT.CE.AR5:ESP,1995-12-31,13.1501
WDI:EN.GHG.N2O.AG.MT.CE.AR5:ESP,1996-12-31,13.9974
WDI:EN.GHG.N2O.AG.MT.CE.AR5:ESP,1997-12-31,14.3174
WDI:EN.GHG.N2O.AG.MT.CE.AR5:ESP,1998-12-31,14.9783
WDI:EN.GHG.N2O.AG.MT.CE.AR5:ESP,1999-12-31,14.8974
WDI:EN.GHG.N2O.AG.MT.CE.AR5:ESP,2000-12-31,15.0943
WDI:EN.GHG.N2O.AG.MT.CE.AR5:ESP,2001-12-31,14.8576
WDI:EN.GHG.N2O.AG.MT.CE.AR5:ESP,2002-12-31,15.0329
WDI:EN.GHG.N2O.AG.MT.CE.AR5:ESP,2003-12-31,15.5229
WDI:EN.GHG.N2O.AG.MT.CE.AR5:ESP,2004-12-31,15.0525
WDI:EN.GHG.N2O.AG.MT.CE.AR5:ESP,2005-12-31,14.0914
WDI:EN.GHG.N2O.AG.MT.CE.AR5:ESP,2006-12-31,14.1554
WDI:EN.GHG.N2O.AG.MT.CE.AR5:ESP,2007-12-31,14.7844
WDI:EN.GHG.N2O.AG.MT.CE.AR5:ESP,2008-12-31,13.0343
WDI:EN.GHG.N2O.AG.MT.CE.AR5:ESP,2009-12-31,13.2691
WDI:EN.GHG.N2O.AG.MT.CE.AR5:ESP,2010-12-31,14.1062
WDI:EN.GHG.N2O.AG.MT.CE.AR5:ESP,2011-12-31,13.1993
WDI:EN.GHG.N2O.AG.MT.CE.AR5:ESP,2012-12-31,13.6257
WDI:EN.GHG.N2O.AG.MT.CE.AR5:ESP,2013-12-31,14.2953
WDI:EN.GHG.N2O.AG.MT.CE.AR5:ESP,2014-12-31,14.2414
WDI:EN.GHG.N2O.AG.MT.CE.AR5:ESP,2015-12-31,14.4281
WDI:EN.GHG.N2O.AG.MT.CE.AR5:ESP,2016-12-31,14.8773
WDI:EN.GHG.N2O.AG.MT.CE.AR5:ESP,2017-12-31,15.1298
WDI:EN.GHG.N2O.AG.MT.CE.AR5:ESP,2018-12-31,15.3281
WDI:EN.GHG.N2O.AG.MT.CE.AR5:ESP,2019-12-31,15.0218
WDI:EN.GHG.N2O.AG.MT.CE.AR5:ESP,2020-12-31,15.3492
WDI:EN.GHG.N2O.AG.MT.CE.AR5:ESP,2021-12-31,14.443
WDI:EN.GHG.N2O.AG.MT.CE.AR5:ESP,2022-12-31,13.8296
WDI:EN.GHG.N2O.AG.MT.CE.AR5:ESP,2023-12-31,13.0749
WDI:EN.GHG.N2O.AG.MT.CE.AR5:ESP,2024-12-31,13.3472
WDI:EN.GHG.N2O.AG.MT.CE.AR5:EST,1970-12-31,1.3257
WDI:EN.GHG.N2O.AG.MT.CE.AR5:EST,1971-12-31,1.3482
WDI:EN.GHG.N2O.AG.MT.CE.AR5:EST,1972-12-31,1.3607
WDI:EN.GHG.N2O.AG.MT.CE.AR5:EST,1973-12-31,1.368
WDI:EN.GHG.N2O.AG.MT.CE.AR5:EST,1974-12-31,1.3912
WDI:EN.GHG.N2O.AG.MT.CE.AR5:EST,1975-12-31,1.3949
WDI:EN.GHG.N2O.AG.MT.CE.AR5:EST,1976-12-31,1.418
WDI:EN.GHG.N2O.AG.MT.CE.AR5:EST,1977-12-31,1.4381
WDI:EN.GHG.N2O.AG.MT.CE.AR5:EST,1978-12-31,1.4642
WDI:EN.GHG.N2O.AG.MT.CE.AR5:EST,1979-12-31,1.4628
WDI:EN.GHG.N2O.AG.MT.CE.AR5:EST,1980-12-31,1.4539
WDI:EN.GHG.N2O.AG.MT.CE.AR5:EST,1981-12-31,1.4528
WDI:EN.GHG.N2O.AG.MT.CE.AR5:EST,1982-12-31,1.4593
WDI:EN.GHG.N2O.AG.MT.CE.AR5:EST,1983-12-31,1.4935
WDI:EN.GHG.N2O.AG.MT.CE.AR5:EST,1984-12-31,1.4989
WDI:EN.GHG.N2O.AG.MT.CE.AR5:EST,1985-12-31,1.5175
WDI:EN.GHG.N2O.AG.MT.CE.AR5:EST,1986-12-31,1.5334
WDI:EN.GHG.N2O.AG.MT.CE.AR5:EST,1987-12-31,1.5311
WDI:EN.GHG.N2O.AG.MT.CE.AR5:EST,1988-12-31,1.4981
WDI:EN.GHG.N2O.AG.MT.CE.AR5:EST,1989-12-31,1.4573
WDI:EN.GHG.N2O.AG.MT.CE.AR5:EST,1990-12-31,1.4492
WDI:EN.GHG.N2O.AG.MT.CE.AR5:EST,1991-12-31,1.4213
WDI:EN.GHG.N2O.AG.MT.CE.AR5:EST,1992-12-31,1.3728
WDI:EN.GHG.N2O.AG.MT.CE.AR5:EST,1993-12-31,1.3157
WDI:EN.GHG.N2O.AG.MT.CE.AR5:EST,1994-12-31,1.214
WDI:EN.GHG.N2O.AG.MT.CE.AR5:EST,1995-12-31,1.192
WDI:EN.GHG.N2O.AG.MT.CE.AR5:EST,1996-12-31,1.1582
WDI:EN.GHG.N2O.AG.MT.CE.AR5:EST,1997-12-31,1.137
WDI:EN.GHG.N2O.AG.MT.CE.AR5:EST,1998-12-31,1.1812
WDI:EN.GHG.N2O.AG.MT.CE.AR5:EST,1999-12-31,1.2069
WDI:EN.GHG.N2O.AG.MT.CE.AR5:EST,2000-12-31,1.2328
WDI:EN.GHG.N2O.AG.MT.CE.AR5:EST,2001-12-31,1.2608
WDI:EN.GHG.N2O.AG.MT.CE.AR5:EST,2002-12-31,1.2789
WDI:EN.GHG.N2O.AG.MT.CE.AR5:EST,2003-12-31,1.2531
WDI:EN.GHG.N2O.AG.MT.CE.AR5:EST,2004-12-31,1.287
WDI:EN.GHG.N2O.AG.MT.CE.AR5:EST,2005-12-31,1.3013
WDI:EN.GHG.N2O.AG.MT.CE.AR5:EST,2006-12-31,1.2107
WDI:EN.GHG.N2O.AG.MT.CE.AR5:EST,2007-12-31,1.271
WDI:EN.GHG.N2O.AG.MT.CE.AR5:EST,2008-12-31,1.3248
WDI:EN.GHG.N2O.AG.MT.CE.AR5:EST,2009-12-31,1.3383
WDI:EN.GHG.N2O.AG.MT.CE.AR5:EST,2010-12-31,1.3507
WDI:EN.GHG.N2O.AG.MT.CE.AR5:EST,2011-12-31,1.375
WDI:EN.GHG.N2O.AG.MT.CE.AR5:EST,2012-12-31,1.4203
WDI:EN.GHG.N2O.AG.MT.CE.AR5:EST,2013-12-31,1.4537
WDI:EN.GHG.N2O.AG.MT.CE.AR5:EST,2014-12-31,1.4735
WDI:EN.GHG.N2O.AG.MT.CE.AR5:EST,2015-12-31,1.5323
WDI:EN.GHG.N2O.AG.MT.CE.AR5:EST,2016-12-31,1.4494
WDI:EN.GHG.N2O.AG.MT.CE.AR5:EST,2017-12-31,1.4738
WDI:EN.GHG.N2O.AG.MT.CE.AR5:EST,2018-12-31,1.4824
WDI:EN.GHG.N2O.AG.MT.CE.AR5:EST,2019-12-31,1.5701
WDI:EN.GHG.N2O.AG.MT.CE.AR5:EST,2020-12-31,1.6003
WDI:EN.GHG.N2O.AG.MT.CE.AR5:EST,2021-12-31,1.5168
WDI:EN.GHG.N2O.AG.MT.CE.AR5:EST,2022-12-31,1.4963
WDI:EN.GHG.N2O.AG.MT.CE.AR5:EST,2023-12-31,1.4768
WDI:EN.GHG.N2O.AG.MT.CE.AR5:EST,2024-12-31,1.4882
WDI:EN.GHG.N2O.AG.MT.CE.AR5:ETH,1970-12-31,12.0459
WDI:EN.GHG.N2O.AG.MT.CE.AR5:ETH,1971-12-31,12.1982
WDI:EN.GHG.N2O.AG.MT.CE.AR5:ETH,1972-12-31,12.0987
WDI:EN.GHG.N2O.AG.MT.CE.AR5:ETH,1973-12-31,12.1263
WDI:EN.GHG.N2O.AG.MT.CE.AR5:ETH,1974-12-31,12.0586
WDI:EN.GHG.N2O.AG.MT.CE.AR5:ETH,1975-12-31,11.7043
WDI:EN.GHG.N2O.AG.MT.CE.AR5:ETH,1976-12-31,11.5633
WDI:EN.GHG.N2O.AG.MT.CE.AR5:ETH,1977-12-31,11.6234
WDI:EN.GHG.N2O.AG.MT.CE.AR5:ETH,1978-12-31,11.6928
WDI:EN.GHG.N2O.AG.MT.CE.AR5:ETH,1979-12-31,11.7796
WDI:EN.GHG.N2O.AG.MT.CE.AR5:ETH,1980-12-31,11.7143
WDI:EN.GHG.N2O.AG.MT.CE.AR5:ETH,1981-12-31,11.7238
WDI:EN.GHG.N2O.AG.MT.CE.AR5:ETH,1982-12-31,11.7325
WDI:EN.GHG.N2O.AG.MT.CE.AR5:ETH,1983-12-31,12.1301
WDI:EN.GHG.N2O.AG.MT.CE.AR5:ETH,1984-12-31,11.6186
WDI:EN.GHG.N2O.AG.MT.CE.AR5:ETH,1985-12-31,12.1433
WDI:EN.GHG.N2O.AG.MT.CE.AR5:ETH,1986-12-31,12.9342
WDI:EN.GHG.N2O.AG.MT.CE.AR5:ETH,1987-12-31,12.1618
WDI:EN.GHG.N2O.AG.MT.CE.AR5:ETH,1988-12-31,12.2836
WDI:EN.GHG.N2O.AG.MT.CE.AR5:ETH,1989-12-31,12.9659
WDI:EN.GHG.N2O.AG.MT.CE.AR5:ETH,1990-12-31,13.3196
WDI:EN.GHG.N2O.AG.MT.CE.AR5:ETH,1991-12-31,13.3632
WDI:EN.GHG.N2O.AG.MT.CE.AR5:ETH,1992-12-31,13.6701
WDI:EN.GHG.N2O.AG.MT.CE.AR5:ETH,1993-12-31,12.192
WDI:EN.GHG.N2O.AG.MT.CE.AR5:ETH,1994-12-31,12.3579
WDI:EN.GHG.N2O.AG.MT.CE.AR5:ETH,1995-12-31,12.3746
WDI:EN.GHG.N2O.AG.MT.CE.AR5:ETH,1996-12-31,13.1414
WDI:EN.GHG.N2O.AG.MT.CE.AR5:ETH,1997-12-31,13.5114
WDI:EN.GHG.N2O.AG.MT.CE.AR5:ETH,1998-12-31,14.6855
WDI:EN.GHG.N2O.AG.MT.CE.AR5:ETH,1999-12-31,14.5214
WDI:EN.GHG.N2O.AG.MT.CE.AR5:ETH,2000-12-31,13.6709
WDI:EN.GHG.N2O.AG.MT.CE.AR5:ETH,2001-12-31,14.8636
WDI:EN.GHG.N2O.AG.MT.CE.AR5:ETH,2002-12-31,16.5022
WDI:EN.GHG.N2O.AG.MT.CE.AR5:ETH,2003-12-31,15.8011
WDI:EN.GHG.N2O.AG.MT.CE.AR5:ETH,2004-12-31,16.4308
WDI:EN.GHG.N2O.AG.MT.CE.AR5:ETH,2005-12-31,17.1627
WDI:EN.GHG.N2O.AG.MT.CE.AR5:ETH,2006-12-31,18.5179
WDI:EN.GHG.N2O.AG.MT.CE.AR5:ETH,2007-12-31,20.4675
WDI:EN.GHG.N2O.AG.MT.CE.AR5:ETH,2008-12-31,21.4668
WDI:EN.GHG.N2O.AG.MT.CE.AR5:ETH,2009-12-31,22.5778
WDI:EN.GHG.N2O.AG.MT.CE.AR5:ETH,2010-12-31,23.7329
WDI:EN.GHG.N2O.AG.MT.CE.AR5:ETH,2011-12-31,23.3785
WDI:EN.GHG.N2O.AG.MT.CE.AR5:ETH,2012-12-31,24.4307
WDI:EN.GHG.N2O.AG.MT.CE.AR5:ETH,2013-12-31,25.1735
WDI:EN.GHG.N2O.AG.MT.CE.AR5:ETH,2014-12-31,26.297
WDI:EN.GHG.N2O.AG.MT.CE.AR5:ETH,2015-12-31,27.0452
WDI:EN.GHG.N2O.AG.MT.CE.AR5:ETH,2016-12-31,27.7703
WDI:EN.GHG.N2O.AG.MT.CE.AR5:ETH,2017-12-31,28.7619
WDI:EN.GHG.N2O.AG.MT.CE.AR5:ETH,2018-12-31,29.0384
WDI:EN.GHG.N2O.AG.MT.CE.AR5:ETH,2019-12-31,31.5454
WDI:EN.GHG.N2O.AG.MT.CE.AR5:ETH,2020-12-31,33.5046
WDI:EN.GHG.N2O.AG.MT.CE.AR5:ETH,2021-12-31,31.184
WDI:EN.GHG.N2O.AG.MT.CE.AR5:ETH,2022-12-31,32.7257
WDI:EN.GHG.N2O.AG.MT.CE.AR5:ETH,2023-12-31,34.4657
WDI:EN.GHG.N2O.AG.MT.CE.AR5:ETH,2024-12-31,35.5181
WDI:EN.GHG.N2O.AG.MT.CE.AR5:EUU,1970-12-31,160.41230000000002
WDI:EN.GHG.N2O.AG.MT.CE.AR5:EUU,1971-12-31,162.27769999999998
WDI:EN.GHG.N2O.AG.MT.CE.AR5:EUU,1972-12-31,163.17029999999997
WDI:EN.GHG.N2O.AG.MT.CE.AR5:EUU,1973-12-31,165.7792
WDI:EN.GHG.N2O.AG.MT.CE.AR5:EUU,1974-12-31,167.7384
WDI:EN.GHG.N2O.AG.MT.CE.AR5:EUU,1975-12-31,172.18419999999998
WDI:EN.GHG.N2O.AG.MT.CE.AR5:EUU,1976-12-31,174.11690000000002
WDI:EN.GHG.N2O.AG.MT.CE.AR5:EUU,1977-12-31,177.44319999999996
WDI:EN.GHG.N2O.AG.MT.CE.AR5:EUU,1978-12-31,184.56680000000006
WDI:EN.GHG.N2O.AG.MT.CE.AR5:EUU,1979-12-31,187.37400000000005
WDI:EN.GHG.N2O.AG.MT.CE.AR5:EUU,1980-12-31,188.90730000000002
WDI:EN.GHG.N2O.AG.MT.CE.AR5:EUU,1981-12-31,187.5903
WDI:EN.GHG.N2O.AG.MT.CE.AR5:EUU,1982-12-31,190.40109999999999
WDI:EN.GHG.N2O.AG.MT.CE.AR5:EUU,1983-12-31,190.6007
WDI:EN.GHG.N2O.AG.MT.CE.AR5:EUU,1984-12-31,194.73350000000002
WDI:EN.GHG.N2O.AG.MT.CE.AR5:EUU,1985-12-31,195.074
WDI:EN.GHG.N2O.AG.MT.CE.AR5:EUU,1986-12-31,196.28140000000002
WDI:EN.GHG.N2O.AG.MT.CE.AR5:EUU,1987-12-31,194.25089999999997
WDI:EN.GHG.N2O.AG.MT.CE.AR5:EUU,1988-12-31,196.34980000000002
WDI:EN.GHG.N2O.AG.MT.CE.AR5:EUU,1989-12-31,194.7318
WDI:EN.GHG.N2O.AG.MT.CE.AR5:EUU,1990-12-31,184.0153
WDI:EN.GHG.N2O.AG.MT.CE.AR5:EUU,1991-12-31,173.38119999999995
WDI:EN.GHG.N2O.AG.MT.CE.AR5:EUU,1992-12-31,163.5444
WDI:EN.GHG.N2O.AG.MT.CE.AR5:EUU,1993-12-31,161.12600000000003
WDI:EN.GHG.N2O.AG.MT.CE.AR5:EUU,1994-12-31,159.8258
WDI:EN.GHG.N2O.AG.MT.CE.AR5:EUU,1995-12-31,158.72560000000004
WDI:EN.GHG.N2O.AG.MT.CE.AR5:EUU,1996-12-31,161.70510000000004
WDI:EN.GHG.N2O.AG.MT.CE.AR5:EUU,1997-12-31,162.054
WDI:EN.GHG.N2O.AG.MT.CE.AR5:EUU,1998-12-31,162.2427
WDI:EN.GHG.N2O.AG.MT.CE.AR5:EUU,1999-12-31,161.92380000000003
WDI:EN.GHG.N2O.AG.MT.CE.AR5:EUU,2000-12-31,159.3198
WDI:EN.GHG.N2O.AG.MT.CE.AR5:EUU,2001-12-31,158.32049999999998
WDI:EN.GHG.N2O.AG.MT.CE.AR5:EUU,2002-12-31,157.23940000000002
WDI:EN.GHG.N2O.AG.MT.CE.AR5:EUU,2003-12-31,155.5558
WDI:EN.GHG.N2O.AG.MT.CE.AR5:EUU,2004-12-31,156.2063
WDI:EN.GHG.N2O.AG.MT.CE.AR5:EUU,2005-12-31,153.42149999999998
WDI:EN.GHG.N2O.AG.MT.CE.AR5:EUU,2006-12-31,151.87240000000003
WDI:EN.GHG.N2O.AG.MT.CE.AR5:EUU,2007-12-31,155.4492
WDI:EN.GHG.N2O.AG.MT.CE.AR5:EUU,2008-12-31,150.7487
WDI:EN.GHG.N2O.AG.MT.CE.AR5:EUU,2009-12-31,150.64899999999994
WDI:EN.GHG.N2O.AG.MT.CE.AR5:EUU,2010-12-31,153.8173
WDI:EN.GHG.N2O.AG.MT.CE.AR5:EUU,2011-12-31,150.25779999999997
WDI:EN.GHG.N2O.AG.MT.CE.AR5:EUU,2012-12-31,152.42229999999995
WDI:EN.GHG.N2O.AG.MT.CE.AR5:EUU,2013-12-31,154.4091
WDI:EN.GHG.N2O.AG.MT.CE.AR5:EUU,2014-12-31,156.83320000000003
WDI:EN.GHG.N2O.AG.MT.CE.AR5:EUU,2015-12-31,157.9131
WDI:EN.GHG.N2O.AG.MT.CE.AR5:EUU,2016-12-31,158.85309999999998
WDI:EN.GHG.N2O.AG.MT.CE.AR5:EUU,2017-12-31,159.0208
WDI:EN.GHG.N2O.AG.MT.CE.AR5:EUU,2018-12-31,155.04480000000004
WDI:EN.GHG.N2O.AG.MT.CE.AR5:EUU,2019-12-31,155.4988
WDI:EN.GHG.N2O.AG.MT.CE.AR5:EUU,2020-12-31,152.94729999999998
WDI:EN.GHG.N2O.AG.MT.CE.AR5:EUU,2021-12-31,149.18699999999998
WDI:EN.GHG.N2O.AG.MT.CE.AR5:EUU,2022-12-31,143.10719999999995
WDI:EN.GHG.N2O.AG.MT.CE.AR5:EUU,2023-12-31,140.3702
WDI:EN.GHG.N2O.AG.MT.CE.AR5:EUU,2024-12-31,138.2239
WDI:EN.GHG.N2O.AG.MT.CE.AR5:FCS,1970-12-31,83.93029999999999
WDI:EN.GHG.N2O.AG.MT.CE.AR5:FCS,1971-12-31,85.65079999999999
WDI:EN.GHG.N2O.AG.MT.CE.AR5:FCS,1972-12-31,85.80889999999998
WDI:EN.GHG.N2O.AG.MT.CE.AR5:FCS,1973-12-31,86.06879999999998
WDI:EN.GHG.N2O.AG.MT.CE.AR5:FCS,1974-12-31,86.87559999999999
WDI:EN.GHG.N2O.AG.MT.CE.AR5:FCS,1975-12-31,89.09930000000004
WDI:EN.GHG.N2O.AG.MT.CE.AR5:FCS,1976-12-31,91.17849999999999
WDI:EN.GHG.N2O.AG.MT.CE.AR5:FCS,1977-12-31,93.27080000000001
WDI:EN.GHG.N2O.AG.MT.CE.AR5:FCS,1978-12-31,96.09049999999999
WDI:EN.GHG.N2O.AG.MT.CE.AR5:FCS,1979-12-31,97.77559999999998
WDI:EN.GHG.N2O.AG.MT.CE.AR5:FCS,1980-12-31,100.3931
WDI:EN.GHG.N2O.AG.MT.CE.AR5:FCS,1981-12-31,102.0775
WDI:EN.GHG.N2O.AG.MT.CE.AR5:FCS,1982-12-31,104.1258
WDI:EN.GHG.N2O.AG.MT.CE.AR5:FCS,1983-12-31,105.39050000000002
WDI:EN.GHG.N2O.AG.MT.CE.AR5:FCS,1984-12-31,104.754
WDI:EN.GHG.N2O.AG.MT.CE.AR5:FCS,1985-12-31,107.30060000000002
WDI:EN.GHG.N2O.AG.MT.CE.AR5:FCS,1986-12-31,108.6666
WDI:EN.GHG.N2O.AG.MT.CE.AR5:FCS,1987-12-31,108.8791
WDI:EN.GHG.N2O.AG.MT.CE.AR5:FCS,1988-12-31,110.31739999999998
WDI:EN.GHG.N2O.AG.MT.CE.AR5:FCS,1989-12-31,109.98450000000001
WDI:EN.GHG.N2O.AG.MT.CE.AR5:FCS,1990-12-31,111.01940000000002
WDI:EN.GHG.N2O.AG.MT.CE.AR5:FCS,1991-12-31,110.13560000000003
WDI:EN.GHG.N2O.AG.MT.CE.AR5:FCS,1992-12-31,111.51080000000002
WDI:EN.GHG.N2O.AG.MT.CE.AR5:FCS,1993-12-31,111.70470000000005
WDI:EN.GHG.N2O.AG.MT.CE.AR5:FCS,1994-12-31,112.9601
WDI:EN.GHG.N2O.AG.MT.CE.AR5:FCS,1995-12-31,112.6385
WDI:EN.GHG.N2O.AG.MT.CE.AR5:FCS,1996-12-31,114.5896
WDI:EN.GHG.N2O.AG.MT.CE.AR5:FCS,1997-12-31,116.40169999999999
WDI:EN.GHG.N2O.AG.MT.CE.AR5:FCS,1998-12-31,118.04280000000003
WDI:EN.GHG.N2O.AG.MT.CE.AR5:FCS,1999-12-31,120.09199999999996
WDI:EN.GHG.N2O.AG.MT.CE.AR5:FCS,2000-12-31,121.36370000000001
WDI:EN.GHG.N2O.AG.MT.CE.AR5:FCS,2001-12-31,125.24830000000001
WDI:EN.GHG.N2O.AG.MT.CE.AR5:FCS,2002-12-31,130.10750000000004
WDI:EN.GHG.N2O.AG.MT.CE.AR5:FCS,2003-12-31,129.85869999999997
WDI:EN.GHG.N2O.AG.MT.CE.AR5:FCS,2004-12-31,132.44760000000002
WDI:EN.GHG.N2O.AG.MT.CE.AR5:FCS,2005-12-31,136.68380000000002
WDI:EN.GHG.N2O.AG.MT.CE.AR5:FCS,2006-12-31,138.54149999999998
WDI:EN.GHG.N2O.AG.MT.CE.AR5:FCS,2007-12-31,142.78520000000003
WDI:EN.GHG.N2O.AG.MT.CE.AR5:FCS,2008-12-31,147.6663
WDI:EN.GHG.N2O.AG.MT.CE.AR5:FCS,2009-12-31,150.59900000000002
WDI:EN.GHG.N2O.AG.MT.CE.AR5:FCS,2010-12-31,154.2658
WDI:EN.GHG.N2O.AG.MT.CE.AR5:FCS,2011-12-31,160.0073
WDI:EN.GHG.N2O.AG.MT.CE.AR5:FCS,2012-12-31,164.95460000000003
WDI:EN.GHG.N2O.AG.MT.CE.AR5:FCS,2013-12-31,169.7007
WDI:EN.GHG.N2O.AG.MT.CE.AR5:FCS,2014-12-31,172.6973
WDI:EN.GHG.N2O.AG.MT.CE.AR5:FCS,2015-12-31,174.12219999999996
WDI:EN.GHG.N2O.AG.MT.CE.AR5:FCS,2016-12-31,181.21869999999993
WDI:EN.GHG.N2O.AG.MT.CE.AR5:FCS,2017-12-31,188.2627
WDI:EN.GHG.N2O.AG.MT.CE.AR5:FCS,2018-12-31,183.3545
WDI:EN.GHG.N2O.AG.MT.CE.AR5:FCS,2019-12-31,189.7156
WDI:EN.GHG.N2O.AG.MT.CE.AR5:FCS,2020-12-31,193.033
WDI:EN.GHG.N2O.AG.MT.CE.AR5:FCS,2021-12-31,195.1132
WDI:EN.GHG.N2O.AG.MT.CE.AR5:FCS,2022-12-31,191.4037
WDI:EN.GHG.N2O.AG.MT.CE.AR5:FCS,2023-12-31,193.72479999999996
WDI:EN.GHG.N2O.AG.MT.CE.AR5:FCS,2024-12-31,196.30939999999998
WDI:EN.GHG.N2O.AG.MT.CE.AR5:FIN,1970-12-31,3.3323
WDI:EN.GHG.N2O.AG.MT.CE.AR5:FIN,1971-12-31,3.3209
WDI:EN.GHG.N2O.AG.MT.CE.AR5:FIN,1972-12-31,3.3078
WDI:EN.GHG.N2O.AG.MT.CE.AR5:FIN,1973-12-31,3.3129
WDI:EN.GHG.N2O.AG.MT.CE.AR5:FIN,1974-12-31,3.2989
WDI:EN.GHG.N2O.AG.MT.CE.AR5:FIN,1975-12-31,3.2882
WDI:EN.GHG.N2O.AG.MT.CE.AR5:FIN,1976-12-31,3.3047
WDI:EN.GHG.N2O.AG.MT.CE.AR5:FIN,1977-12-31,3.2405
WDI:EN.GHG.N2O.AG.MT.CE.AR5:FIN,1978-12-31,3.2568
WDI:EN.GHG.N2O.AG.MT.CE.AR5:FIN,1979-12-31,3.2551
WDI:EN.GHG.N2O.AG.MT.CE.AR5:FIN,1980-12-31,3.3162
WDI:EN.GHG.N2O.AG.MT.CE.AR5:FIN,1981-12-31,3.2661
WDI:EN.GHG.N2O.AG.MT.CE.AR5:FIN,1982-12-31,3.3178
WDI:EN.GHG.N2O.AG.MT.CE.AR5:FIN,1983-12-31,3.3272
WDI:EN.GHG.N2O.AG.MT.CE.AR5:FIN,1984-12-31,3.2648
WDI:EN.GHG.N2O.AG.MT.CE.AR5:FIN,1985-12-31,3.1681
WDI:EN.GHG.N2O.AG.MT.CE.AR5:FIN,1986-12-31,3.1977
WDI:EN.GHG.N2O.AG.MT.CE.AR5:FIN,1987-12-31,3.1587
WDI:EN.GHG.N2O.AG.MT.CE.AR5:FIN,1988-12-31,3.185
WDI:EN.GHG.N2O.AG.MT.CE.AR5:FIN,1989-12-31,3.2062
WDI:EN.GHG.N2O.AG.MT.CE.AR5:FIN,1990-12-31,3.1257
WDI:EN.GHG.N2O.AG.MT.CE.AR5:FIN,1991-12-31,3.0896
WDI:EN.GHG.N2O.AG.MT.CE.AR5:FIN,1992-12-31,2.9378
WDI:EN.GHG.N2O.AG.MT.CE.AR5:FIN,1993-12-31,2.9606
WDI:EN.GHG.N2O.AG.MT.CE.AR5:FIN,1994-12-31,2.9864
WDI:EN.GHG.N2O.AG.MT.CE.AR5:FIN,1995-12-31,2.9381
WDI:EN.GHG.N2O.AG.MT.CE.AR5:FIN,1996-12-31,2.9629
WDI:EN.GHG.N2O.AG.MT.CE.AR5:FIN,1997-12-31,2.9962
WDI:EN.GHG.N2O.AG.MT.CE.AR5:FIN,1998-12-31,3.8043
WDI:EN.GHG.N2O.AG.MT.CE.AR5:FIN,1999-12-31,3.8566
WDI:EN.GHG.N2O.AG.MT.CE.AR5:FIN,2000-12-31,3.9199
WDI:EN.GHG.N2O.AG.MT.CE.AR5:FIN,2001-12-31,3.8877
WDI:EN.GHG.N2O.AG.MT.CE.AR5:FIN,2002-12-31,3.91
WDI:EN.GHG.N2O.AG.MT.CE.AR5:FIN,2003-12-31,3.9226
WDI:EN.GHG.N2O.AG.MT.CE.AR5:FIN,2004-12-31,3.9341
WDI:EN.GHG.N2O.AG.MT.CE.AR5:FIN,2005-12-31,3.9593
WDI:EN.GHG.N2O.AG.MT.CE.AR5:FIN,2006-12-31,3.952
WDI:EN.GHG.N2O.AG.MT.CE.AR5:FIN,2007-12-31,3.9872
WDI:EN.GHG.N2O.AG.MT.CE.AR5:FIN,2008-12-31,3.8622
WDI:EN.GHG.N2O.AG.MT.CE.AR5:FIN,2009-12-31,3.8887
WDI:EN.GHG.N2O.AG.MT.CE.AR5:FIN,2010-12-31,3.9432
WDI:EN.GHG.N2O.AG.MT.CE.AR5:FIN,2011-12-31,3.9059
WDI:EN.GHG.N2O.AG.MT.CE.AR5:FIN,2012-12-31,3.9023
WDI:EN.GHG.N2O.AG.MT.CE.AR5:FIN,2013-12-31,3.9528
WDI:EN.GHG.N2O.AG.MT.CE.AR5:FIN,2014-12-31,3.9746
WDI:EN.GHG.N2O.AG.MT.CE.AR5:FIN,2015-12-31,3.9597
WDI:EN.GHG.N2O.AG.MT.CE.AR5:FIN,2016-12-31,3.9853
WDI:EN.GHG.N2O.AG.MT.CE.AR5:FIN,2017-12-31,3.9385
WDI:EN.GHG.N2O.AG.MT.CE.AR5:FIN,2018-12-31,4.0125
WDI:EN.GHG.N2O.AG.MT.CE.AR5:FIN,2019-12-31,4.11
WDI:EN.GHG.N2O.AG.MT.CE.AR5:FIN,2020-12-31,4.1186
WDI:EN.GHG.N2O.AG.MT.CE.AR5:FIN,2021-12-31,3.9433
WDI:EN.GHG.N2O.AG.MT.CE.AR5:FIN,2022-12-31,3.819
WDI:EN.GHG.N2O.AG.MT.CE.AR5:FIN,2023-12-31,3.7454
WDI:EN.GHG.N2O.AG.MT.CE.AR5:FIN,2024-12-31,3.7418
WDI:EN.GHG.N2O.AG.MT.CE.AR5:FJI,1970-12-31,0.1135
WDI:EN.GHG.N2O.AG.MT.CE.AR5:FJI,1971-12-31,0.1144
WDI:EN.GHG.N2O.AG.MT.CE.AR5:FJI,1972-12-31,0.1174
WDI:EN.GHG.N2O.AG.MT.CE.AR5:FJI,1973-12-31,0.1236
WDI:EN.GHG.N2O.AG.MT.CE.AR5:FJI,1974-12-31,0.1299
WDI:EN.GHG.N2O.AG.MT.CE.AR5:FJI,1975-12-31,0.1323
WDI:EN.GHG.N2O.AG.MT.CE.AR5:FJI,1976-12-31,0.1353
WDI:EN.GHG.N2O.AG.MT.CE.AR5:FJI,1977-12-31,0.1399
WDI:EN.GHG.N2O.AG.MT.CE.AR5:FJI,1978-12-31,0.1388
WDI:EN.GHG.N2O.AG.MT.CE.AR5:FJI,1979-12-31,0.151
WDI:EN.GHG.N2O.AG.MT.CE.AR5:FJI,1980-12-31,0.1599
WDI:EN.GHG.N2O.AG.MT.CE.AR5:FJI,1981-12-31,0.1705
WDI:EN.GHG.N2O.AG.MT.CE.AR5:FJI,1982-12-31,0.1742
WDI:EN.GHG.N2O.AG.MT.CE.AR5:FJI,1983-12-31,0.177
WDI:EN.GHG.N2O.AG.MT.CE.AR5:FJI,1984-12-31,0.1865
WDI:EN.GHG.N2O.AG.MT.CE.AR5:FJI,1985-12-31,0.1926
WDI:EN.GHG.N2O.AG.MT.CE.AR5:FJI,1986-12-31,0.1961
WDI:EN.GHG.N2O.AG.MT.CE.AR5:FJI,1987-12-31,0.1999
WDI:EN.GHG.N2O.AG.MT.CE.AR5:FJI,1988-12-31,0.2007
WDI:EN.GHG.N2O.AG.MT.CE.AR5:FJI,1989-12-31,0.2001
WDI:EN.GHG.N2O.AG.MT.CE.AR5:FJI,1990-12-31,0.2056
WDI:EN.GHG.N2O.AG.MT.CE.AR5:FJI,1991-12-31,0.2067
WDI:EN.GHG.N2O.AG.MT.CE.AR5:FJI,1992-12-31,0.2143
WDI:EN.GHG.N2O.AG.MT.CE.AR5:FJI,1993-12-31,0.2293
WDI:EN.GHG.N2O.AG.MT.CE.AR5:FJI,1994-12-31,0.2424
WDI:EN.GHG.N2O.AG.MT.CE.AR5:FJI,1995-12-31,0.2538
WDI:EN.GHG.N2O.AG.MT.CE.AR5:FJI,1996-12-31,0.2517
WDI:EN.GHG.N2O.AG.MT.CE.AR5:FJI,1997-12-31,0.2531
WDI:EN.GHG.N2O.AG.MT.CE.AR5:FJI,1998-12-31,0.2472
WDI:EN.GHG.N2O.AG.MT.CE.AR5:FJI,1999-12-31,0.2475
WDI:EN.GHG.N2O.AG.MT.CE.AR5:FJI,2000-12-31,0.2526
WDI:EN.GHG.N2O.AG.MT.CE.AR5:FJI,2001-12-31,0.2525
WDI:EN.GHG.N2O.AG.MT.CE.AR5:FJI,2002-12-31,0.2473
WDI:EN.GHG.N2O.AG.MT.CE.AR5:FJI,2003-12-31,0.2372
WDI:EN.GHG.N2O.AG.MT.CE.AR5:FJI,2004-12-31,0.2524
WDI:EN.GHG.N2O.AG.MT.CE.AR5:FJI,2005-12-31,0.2421
WDI:EN.GHG.N2O.AG.MT.CE.AR5:FJI,2006-12-31,0.2447
WDI:EN.GHG.N2O.AG.MT.CE.AR5:FJI,2007-12-31,0.246
WDI:EN.GHG.N2O.AG.MT.CE.AR5:FJI,2008-12-31,0.2458
WDI:EN.GHG.N2O.AG.MT.CE.AR5:FJI,2009-12-31,0.2438
WDI:EN.GHG.N2O.AG.MT.CE.AR5:FJI,2010-12-31,0.2435
WDI:EN.GHG.N2O.AG.MT.CE.AR5:FJI,2011-12-31,0.2444
WDI:EN.GHG.N2O.AG.MT.CE.AR5:FJI,2012-12-31,0.2431
WDI:EN.GHG.N2O.AG.MT.CE.AR5:FJI,2013-12-31,0.2462
WDI:EN.GHG.N2O.AG.MT.CE.AR5:FJI,2014-12-31,0.1332
WDI:EN.GHG.N2O.AG.MT.CE.AR5:FJI,2015-12-31,0.1332
WDI:EN.GHG.N2O.AG.MT.CE.AR5:FJI,2016-12-31,0.1319
WDI:EN.GHG.N2O.AG.MT.CE.AR5:FJI,2017-12-31,0.1418
WDI:EN.GHG.N2O.AG.MT.CE.AR5:FJI,2018-12-31,0.1442
WDI:EN.GHG.N2O.AG.MT.CE.AR5:FJI,2019-12-31,0.16
WDI:EN.GHG.N2O.AG.MT.CE.AR5:FJI,2020-12-31,0.1474
WDI:EN.GHG.N2O.AG.MT.CE.AR5:FJI,2021-12-31,0.1315
WDI:EN.GHG.N2O.AG.MT.CE.AR5:FJI,2022-12-31,0.139
WDI:EN.GHG.N2O.AG.MT.CE.AR5:FJI,2023-12-31,0.1613
WDI:EN.GHG.N2O.AG.MT.CE.AR5:FJI,2024-12-31,0.1648
WDI:EN.GHG.N2O.AG.MT.CE.AR5:FRA,1970-12-31,26.3936
WDI:EN.GHG.N2O.AG.MT.CE.AR5:FRA,1971-12-31,26.7503
WDI:EN.GHG.N2O.AG.MT.CE.AR5:FRA,1972-12-31,27.0123
WDI:EN.GHG.N2O.AG.MT.CE.AR5:FRA,1973-12-31,27.606
WDI:EN.GHG.N2O.AG.MT.CE.AR5:FRA,1974-12-31,26.7125
WDI:EN.GHG.N2O.AG.MT.CE.AR5:FRA,1975-12-31,27.428
WDI:EN.GHG.N2O.AG.MT.CE.AR5:FRA,1976-12-31,27.9197
WDI:EN.GHG.N2O.AG.MT.CE.AR5:FRA,1977-12-31,28.2284
WDI:EN.GHG.N2O.AG.MT.CE.AR5:FRA,1978-12-31,29.4446
WDI:EN.GHG.N2O.AG.MT.CE.AR5:FRA,1979-12-31,30.5951
WDI:EN.GHG.N2O.AG.MT.CE.AR5:FRA,1980-12-31,30.4783
WDI:EN.GHG.N2O.AG.MT.CE.AR5:FRA,1981-12-31,30.6934
WDI:EN.GHG.N2O.AG.MT.CE.AR5:FRA,1982-12-31,30.7997
WDI:EN.GHG.N2O.AG.MT.CE.AR5:FRA,1983-12-31,31.328
WDI:EN.GHG.N2O.AG.MT.CE.AR5:FRA,1984-12-31,31.9287
WDI:EN.GHG.N2O.AG.MT.CE.AR5:FRA,1985-12-31,31.9204
WDI:EN.GHG.N2O.AG.MT.CE.AR5:FRA,1986-12-31,32.4924
WDI:EN.GHG.N2O.AG.MT.CE.AR5:FRA,1987-12-31,31.9575
WDI:EN.GHG.N2O.AG.MT.CE.AR5:FRA,1988-12-31,31.9328
WDI:EN.GHG.N2O.AG.MT.CE.AR5:FRA,1989-12-31,32.2685
WDI:EN.GHG.N2O.AG.MT.CE.AR5:FRA,1990-12-31,31.5194
WDI:EN.GHG.N2O.AG.MT.CE.AR5:FRA,1991-12-31,31.706
WDI:EN.GHG.N2O.AG.MT.CE.AR5:FRA,1992-12-31,29.3113
WDI:EN.GHG.N2O.AG.MT.CE.AR5:FRA,1993-12-31,29.3206
WDI:EN.GHG.N2O.AG.MT.CE.AR5:FRA,1994-12-31,29.7066
WDI:EN.GHG.N2O.AG.MT.CE.AR5:FRA,1995-12-31,30.0952
WDI:EN.GHG.N2O.AG.MT.CE.AR5:FRA,1996-12-31,31.16
WDI:EN.GHG.N2O.AG.MT.CE.AR5:FRA,1997-12-31,31.0222
WDI:EN.GHG.N2O.AG.MT.CE.AR5:FRA,1998-12-31,31.102
WDI:EN.GHG.N2O.AG.MT.CE.AR5:FRA,1999-12-31,31.2456
WDI:EN.GHG.N2O.AG.MT.CE.AR5:FRA,2000-12-31,30.4906
WDI:EN.GHG.N2O.AG.MT.CE.AR5:FRA,2001-12-31,30.6073
WDI:EN.GHG.N2O.AG.MT.CE.AR5:FRA,2002-12-31,30.1865
WDI:EN.GHG.N2O.AG.MT.CE.AR5:FRA,2003-12-31,29.3343
WDI:EN.GHG.N2O.AG.MT.CE.AR5:FRA,2004-12-31,29.7627
WDI:EN.GHG.N2O.AG.MT.CE.AR5:FRA,2005-12-31,28.7627
WDI:EN.GHG.N2O.AG.MT.CE.AR5:FRA,2006-12-31,28.5
WDI:EN.GHG.N2O.AG.MT.CE.AR5:FRA,2007-12-31,29.5266
WDI:EN.GHG.N2O.AG.MT.CE.AR5:FRA,2008-12-31,28.514
WDI:EN.GHG.N2O.AG.MT.CE.AR5:FRA,2009-12-31,28.1709
WDI:EN.GHG.N2O.AG.MT.CE.AR5:FRA,2010-12-31,29.404
WDI:EN.GHG.N2O.AG.MT.CE.AR5:FRA,2011-12-31,27.3662
WDI:EN.GHG.N2O.AG.MT.CE.AR5:FRA,2012-12-31,28.1063
WDI:EN.GHG.N2O.AG.MT.CE.AR5:FRA,2013-12-31,28.3218
WDI:EN.GHG.N2O.AG.MT.CE.AR5:FRA,2014-12-31,28.6793
WDI:EN.GHG.N2O.AG.MT.CE.AR5:FRA,2015-12-31,28.9694
WDI:EN.GHG.N2O.AG.MT.CE.AR5:FRA,2016-12-31,28.1512
WDI:EN.GHG.N2O.AG.MT.CE.AR5:FRA,2017-12-31,28.6509
WDI:EN.GHG.N2O.AG.MT.CE.AR5:FRA,2018-12-31,27.7948
WDI:EN.GHG.N2O.AG.MT.CE.AR5:FRA,2019-12-31,27.784
WDI:EN.GHG.N2O.AG.MT.CE.AR5:FRA,2020-12-31,24.2845
WDI:EN.GHG.N2O.AG.MT.CE.AR5:FRA,2021-12-31,25.9997
WDI:EN.GHG.N2O.AG.MT.CE.AR5:FRA,2022-12-31,24.496
WDI:EN.GHG.N2O.AG.MT.CE.AR5:FRA,2023-12-31,24.0378
WDI:EN.GHG.N2O.AG.MT.CE.AR5:FRA,2024-12-31,23.1041
WDI:EN.GHG.N2O.AG.MT.CE.AR5:FRO,1970-12-31,0.0498
WDI:EN.GHG.N2O.AG.MT.CE.AR5:FRO,1971-12-31,0.0495
WDI:EN.GHG.N2O.AG.MT.CE.AR5:FRO,1972-12-31,0.0497
WDI:EN.GHG.N2O.AG.MT.CE.AR5:FRO,1973-12-31,0.0498
WDI:EN.GHG.N2O.AG.MT.CE.AR5:FRO,1974-12-31,0.0498
WDI:EN.GHG.N2O.AG.MT.CE.AR5:FRO,1975-12-31,0.0498
WDI:EN.GHG.N2O.AG.MT.CE.AR5:FRO,1976-12-31,0.0501
WDI:EN.GHG.N2O.AG.MT.CE.AR5:FRO,1977-12-31,0.05
WDI:EN.GHG.N2O.AG.MT.CE.AR5:FRO,1978-12-31,0.0499
WDI:EN.GHG.N2O.AG.MT.CE.AR5:FRO,1979-12-31,0.0498
WDI:EN.GHG.N2O.AG.MT.CE.AR5:FRO,1980-12-31,0.0497
WDI:EN.GHG.N2O.AG.MT.CE.AR5:FRO,1981-12-31,0.0495
WDI:EN.GHG.N2O.AG.MT.CE.AR5:FRO,1982-12-31,0.0495
WDI:EN.GHG.N2O.AG.MT.CE.AR5:FRO,1983-12-31,0.0495
WDI:EN.GHG.N2O.AG.MT.CE.AR5:FRO,1984-12-31,0.0495
WDI:EN.GHG.N2O.AG.MT.CE.AR5:FRO,1985-12-31,0.0495
WDI:EN.GHG.N2O.AG.MT.CE.AR5:FRO,1986-12-31,0.0494
WDI:EN.GHG.N2O.AG.MT.CE.AR5:FRO,1987-12-31,0.0496
WDI:EN.GHG.N2O.AG.MT.CE.AR5:FRO,1988-12-31,0.0495
WDI:EN.GHG.N2O.AG.MT.CE.AR5:FRO,1989-12-31,0.0495
WDI:EN.GHG.N2O.AG.MT.CE.AR5:FRO,1990-12-31,0.0496
WDI:EN.GHG.N2O.AG.MT.CE.AR5:FRO,1991-12-31,0.0496
WDI:EN.GHG.N2O.AG.MT.CE.AR5:FRO,1992-12-31,0.0496
WDI:EN.GHG.N2O.AG.MT.CE.AR5:FRO,1993-12-31,0.0497
WDI:EN.GHG.N2O.AG.MT.CE.AR5:FRO,1994-12-31,0.0497
WDI:EN.GHG.N2O.AG.MT.CE.AR5:FRO,1995-12-31,0.0497
WDI:EN.GHG.N2O.AG.MT.CE.AR5:FRO,1996-12-31,0.0497
WDI:EN.GHG.N2O.AG.MT.CE.AR5:FRO,1997-12-31,0.0498
WDI:EN.GHG.N2O.AG.MT.CE.AR5:FRO,1998-12-31,0.0498
WDI:EN.GHG.N2O.AG.MT.CE.AR5:FRO,1999-12-31,0.0499
WDI:EN.GHG.N2O.AG.MT.CE.AR5:FRO,2000-12-31,0.0499
WDI:EN.GHG.N2O.AG.MT.CE.AR5:FRO,2001-12-31,0.0497
WDI:EN.GHG.N2O.AG.MT.CE.AR5:FRO,2002-12-31,0.0497
WDI:EN.GHG.N2O.AG.MT.CE.AR5:FRO,2003-12-31,0.0498
WDI:EN.GHG.N2O.AG.MT.CE.AR5:FRO,2004-12-31,0.0498
WDI:EN.GHG.N2O.AG.MT.CE.AR5:FRO,2005-12-31,0.0498
WDI:EN.GHG.N2O.AG.MT.CE.AR5:FRO,2006-12-31,0.0497
WDI:EN.GHG.N2O.AG.MT.CE.AR5:FRO,2007-12-31,0.0497
WDI:EN.GHG.N2O.AG.MT.CE.AR5:FRO,2008-12-31,0.0497
WDI:EN.GHG.N2O.AG.MT.CE.AR5:FRO,2009-12-31,0.0497
WDI:EN.GHG.N2O.AG.MT.CE.AR5:FRO,2010-12-31,0.0497
WDI:EN.GHG.N2O.AG.MT.CE.AR5:FRO,2011-12-31,0.0498
WDI:EN.GHG.N2O.AG.MT.CE.AR5:FRO,2012-12-31,0.0499
WDI:EN.GHG.N2O.AG.MT.CE.AR5:FRO,2013-12-31,0.0499
WDI:EN.GHG.N2O.AG.MT.CE.AR5:FRO,2014-12-31,0.0508
WDI:EN.GHG.N2O.AG.MT.CE.AR5:FRO,2015-12-31,0.0509
WDI:EN.GHG.N2O.AG.MT.CE.AR5:FRO,2016-12-31,0.0509
WDI:EN.GHG.N2O.AG.MT.CE.AR5:FRO,2017-12-31,0.051
WDI:EN.GHG.N2O.AG.MT.CE.AR5:FRO,2018-12-31,0.0511
WDI:EN.GHG.N2O.AG.MT.CE.AR5:FRO,2019-12-31,0.051
WDI:EN.GHG.N2O.AG.MT.CE.AR5:FRO,2020-12-31,0.0512
WDI:EN.GHG.N2O.AG.MT.CE.AR5:FRO,2021-12-31,0.0513
WDI:EN.GHG.N2O.AG.MT.CE.AR5:FRO,2022-12-31,0.0511
WDI:EN.GHG.N2O.AG.MT.CE.AR5:FRO,2023-12-31,0.0513
WDI:EN.GHG.N2O.AG.MT.CE.AR5:FRO,2024-12-31,0.0513
WDI:EN.GHG.N2O.AG.MT.CE.AR5:FSM,1970-12-31,0.0067
WDI:EN.GHG.N2O.AG.MT.CE.AR5:FSM,1971-12-31,0.0071
WDI:EN.GHG.N2O.AG.MT.CE.AR5:FSM,1972-12-31,0.0076
WDI:EN.GHG.N2O.AG.MT.CE.AR5:FSM,1973-12-31,0.0072
WDI:EN.GHG.N2O.AG.MT.CE.AR5:FSM,1974-12-31,0.0067
WDI:EN.GHG.N2O.AG.MT.CE.AR5:FSM,1975-12-31,0.0062
WDI:EN.GHG.N2O.AG.MT.CE.AR5:FSM,1976-12-31,0.0047
WDI:EN.GHG.N2O.AG.MT.CE.AR5:FSM,1977-12-31,0.0057
WDI:EN.GHG.N2O.AG.MT.CE.AR5:FSM,1978-12-31,0.0057
WDI:EN.GHG.N2O.AG.MT.CE.AR5:FSM,1979-12-31,0.0058
WDI:EN.GHG.N2O.AG.MT.CE.AR5:FSM,1980-12-31,0.006
WDI:EN.GHG.N2O.AG.MT.CE.AR5:FSM,1981-12-31,0.0071
WDI:EN.GHG.N2O.AG.MT.CE.AR5:FSM,1982-12-31,0.0071
WDI:EN.GHG.N2O.AG.MT.CE.AR5:FSM,1983-12-31,0.0071
WDI:EN.GHG.N2O.AG.MT.CE.AR5:FSM,1984-12-31,0.0071
WDI:EN.GHG.N2O.AG.MT.CE.AR5:FSM,1985-12-31,0.0073
WDI:EN.GHG.N2O.AG.MT.CE.AR5:FSM,1986-12-31,0.0076
WDI:EN.GHG.N2O.AG.MT.CE.AR5:FSM,1987-12-31,0.0079
WDI:EN.GHG.N2O.AG.MT.CE.AR5:FSM,1988-12-31,0.0081
WDI:EN.GHG.N2O.AG.MT.CE.AR5:FSM,1989-12-31,0.0083
WDI:EN.GHG.N2O.AG.MT.CE.AR5:FSM,1990-12-31,0.0085
WDI:EN.GHG.N2O.AG.MT.CE.AR5:FSM,1991-12-31,0.0095
WDI:EN.GHG.N2O.AG.MT.CE.AR5:FSM,1992-12-31,0.0096
WDI:EN.GHG.N2O.AG.MT.CE.AR5:FSM,1993-12-31,0.0096
WDI:EN.GHG.N2O.AG.MT.CE.AR5:FSM,1994-12-31,0.0096
WDI:EN.GHG.N2O.AG.MT.CE.AR5:FSM,1995-12-31,0.0097
WDI:EN.GHG.N2O.AG.MT.CE.AR5:FSM,1996-12-31,0.0098
WDI:EN.GHG.N2O.AG.MT.CE.AR5:FSM,1997-12-31,0.0098
WDI:EN.GHG.N2O.AG.MT.CE.AR5:FSM,1998-12-31,0.0098
WDI:EN.GHG.N2O.AG.MT.CE.AR5:FSM,1999-12-31,0.0098
WDI:EN.GHG.N2O.AG.MT.CE.AR5:FSM,2000-12-31,0.0099
WDI:EN.GHG.N2O.AG.MT.CE.AR5:FSM,2001-12-31,0.0098
WDI:EN.GHG.N2O.AG.MT.CE.AR5:FSM,2002-12-31,0.0099
WDI:EN.GHG.N2O.AG.MT.CE.AR5:FSM,2003-12-31,0.0099
WDI:EN.GHG.N2O.AG.MT.CE.AR5:FSM,2004-12-31,0.0099
WDI:EN.GHG.N2O.AG.MT.CE.AR5:FSM,2005-12-31,0.0099
WDI:EN.GHG.N2O.AG.MT.CE.AR5:FSM,2006-12-31,0.0099
WDI:EN.GHG.N2O.AG.MT.CE.AR5:FSM,2007-12-31,0.0101
WDI:EN.GHG.N2O.AG.MT.CE.AR5:FSM,2008-12-31,0.01
WDI:EN.GHG.N2O.AG.MT.CE.AR5:FSM,2009-12-31,0.0105
WDI:EN.GHG.N2O.AG.MT.CE.AR5:FSM,2010-12-31,0.0105
WDI:EN.GHG.N2O.AG.MT.CE.AR5:FSM,2011-12-31,0.0111
WDI:EN.GHG.N2O.AG.MT.CE.AR5:FSM,2012-12-31,0.0111
WDI:EN.GHG.N2O.AG.MT.CE.AR5:FSM,2013-12-31,0.0114
WDI:EN.GHG.N2O.AG.MT.CE.AR5:FSM,2014-12-31,0.0115
WDI:EN.GHG.N2O.AG.MT.CE.AR5:FSM,2015-12-31,0.0117
WDI:EN.GHG.N2O.AG.MT.CE.AR5:FSM,2016-12-31,0.0119
WDI:EN.GHG.N2O.AG.MT.CE.AR5:FSM,2017-12-31,0.0118
WDI:EN.GHG.N2O.AG.MT.CE.AR5:FSM,2018-12-31,0.0118
WDI:EN.GHG.N2O.AG.MT.CE.AR5:FSM,2019-12-31,0.0123
WDI:EN.GHG.N2O.AG.MT.CE.AR5:FSM,2020-12-31,0.012
WDI:EN.GHG.N2O.AG.MT.CE.AR5:FSM,2021-12-31,0.0122
WDI:EN.GHG.N2O.AG.MT.CE.AR5:FSM,2022-12-31,0.0124
WDI:EN.GHG.N2O.AG.MT.CE.AR5:FSM,2023-12-31,0.0138
WDI:EN.GHG.N2O.AG.MT.CE.AR5:FSM,2024-12-31,0.0142
WDI:EN.GHG.N2O.AG.MT.CE.AR5:GAB,1970-12-31,0.0447
WDI:EN.GHG.N2O.AG.MT.CE.AR5:GAB,1971-12-31,0.046
WDI:EN.GHG.N2O.AG.MT.CE.AR5:GAB,1972-12-31,0.0473
WDI:EN.GHG.N2O.AG.MT.CE.AR5:GAB,1973-12-31,0.0479
WDI:EN.GHG.N2O.AG.MT.CE.AR5:GAB,1974-12-31,0.0483
WDI:EN.GHG.N2O.AG.MT.CE.AR5:GAB,1975-12-31,0.0492
WDI:EN.GHG.N2O.AG.MT.CE.AR5:GAB,1976-12-31,0.0526
WDI:EN.GHG.N2O.AG.MT.CE.AR5:GAB,1977-12-31,0.0548
WDI:EN.GHG.N2O.AG.MT.CE.AR5:GAB,1978-12-31,0.0572
WDI:EN.GHG.N2O.AG.MT.CE.AR5:GAB,1979-12-31,0.0576
WDI:EN.GHG.N2O.AG.MT.CE.AR5:GAB,1980-12-31,0.0568
WDI:EN.GHG.N2O.AG.MT.CE.AR5:GAB,1981-12-31,0.0562
WDI:EN.GHG.N2O.AG.MT.CE.AR5:GAB,1982-12-31,0.0548
WDI:EN.GHG.N2O.AG.MT.CE.AR5:GAB,1983-12-31,0.0542
WDI:EN.GHG.N2O.AG.MT.CE.AR5:GAB,1984-12-31,0.0565
WDI:EN.GHG.N2O.AG.MT.CE.AR5:GAB,1985-12-31,0.0605
WDI:EN.GHG.N2O.AG.MT.CE.AR5:GAB,1986-12-31,0.0659
WDI:EN.GHG.N2O.AG.MT.CE.AR5:GAB,1987-12-31,0.0682
WDI:EN.GHG.N2O.AG.MT.CE.AR5:GAB,1988-12-31,0.0709
WDI:EN.GHG.N2O.AG.MT.CE.AR5:GAB,1989-12-31,0.0742
WDI:EN.GHG.N2O.AG.MT.CE.AR5:GAB,1990-12-31,0.0778
WDI:EN.GHG.N2O.AG.MT.CE.AR5:GAB,1991-12-31,0.0815
WDI:EN.GHG.N2O.AG.MT.CE.AR5:GAB,1992-12-31,0.0857
WDI:EN.GHG.N2O.AG.MT.CE.AR5:GAB,1993-12-31,0.0886
WDI:EN.GHG.N2O.AG.MT.CE.AR5:GAB,1994-12-31,0.0866
WDI:EN.GHG.N2O.AG.MT.CE.AR5:GAB,1995-12-31,0.0811
WDI:EN.GHG.N2O.AG.MT.CE.AR5:GAB,1996-12-31,0.0857
WDI:EN.GHG.N2O.AG.MT.CE.AR5:GAB,1997-12-31,0.0919
WDI:EN.GHG.N2O.AG.MT.CE.AR5:GAB,1998-12-31,0.0913
WDI:EN.GHG.N2O.AG.MT.CE.AR5:GAB,1999-12-31,0.0933
WDI:EN.GHG.N2O.AG.MT.CE.AR5:GAB,2000-12-31,0.0946
WDI:EN.GHG.N2O.AG.MT.CE.AR5:GAB,2001-12-31,0.0953
WDI:EN.GHG.N2O.AG.MT.CE.AR5:GAB,2002-12-31,0.095
WDI:EN.GHG.N2O.AG.MT.CE.AR5:GAB,2003-12-31,0.0955
WDI:EN.GHG.N2O.AG.MT.CE.AR5:GAB,2004-12-31,0.096
WDI:EN.GHG.N2O.AG.MT.CE.AR5:GAB,2005-12-31,0.0962
WDI:EN.GHG.N2O.AG.MT.CE.AR5:GAB,2006-12-31,0.0962
WDI:EN.GHG.N2O.AG.MT.CE.AR5:GAB,2007-12-31,0.0972
WDI:EN.GHG.N2O.AG.MT.CE.AR5:GAB,2008-12-31,0.098
WDI:EN.GHG.N2O.AG.MT.CE.AR5:GAB,2009-12-31,0.0981
WDI:EN.GHG.N2O.AG.MT.CE.AR5:GAB,2010-12-31,0.0986
WDI:EN.GHG.N2O.AG.MT.CE.AR5:GAB,2011-12-31,0.0991
WDI:EN.GHG.N2O.AG.MT.CE.AR5:GAB,2012-12-31,0.1006
WDI:EN.GHG.N2O.AG.MT.CE.AR5:GAB,2013-12-31,0.1025
WDI:EN.GHG.N2O.AG.MT.CE.AR5:GAB,2014-12-31,0.1032
WDI:EN.GHG.N2O.AG.MT.CE.AR5:GAB,2015-12-31,0.1037
WDI:EN.GHG.N2O.AG.MT.CE.AR5:GAB,2016-12-31,0.1042
WDI:EN.GHG.N2O.AG.MT.CE.AR5:GAB,2017-12-31,0.1043
WDI:EN.GHG.N2O.AG.MT.CE.AR5:GAB,2018-12-31,0.1043
WDI:EN.GHG.N2O.AG.MT.CE.AR5:GAB,2019-12-31,0.1044
WDI:EN.GHG.N2O.AG.MT.CE.AR5:GAB,2020-12-31,0.1052
WDI:EN.GHG.N2O.AG.MT.CE.AR5:GAB,2021-12-31,0.1057
WDI:EN.GHG.N2O.AG.MT.CE.AR5:GAB,2022-12-31,0.1063
WDI:EN.GHG.N2O.AG.MT.CE.AR5:GAB,2023-12-31,0.1067
WDI:EN.GHG.N2O.AG.MT.CE.AR5:GAB,2024-12-31,0.1071
WDI:EN.GHG.N2O.AG.MT.CE.AR5:GBR,1970-12-31,21.2984
WDI:EN.GHG.N2O.AG.MT.CE.AR5:GBR,1971-12-31,21.499
WDI:EN.GHG.N2O.AG.MT.CE.AR5:GBR,1972-12-31,21.9265
WDI:EN.GHG.N2O.AG.MT.CE.AR5:GBR,1973-12-31,22.8915
WDI:EN.GHG.N2O.AG.MT.CE.AR5:GBR,1974-12-31,22.3192
WDI:EN.GHG.N2O.AG.MT.CE.AR5:GBR,1975-12-31,22.5122
WDI:EN.GHG.N2O.AG.MT.CE.AR5:GBR,1976-12-31,22.5217
WDI:EN.GHG.N2O.AG.MT.CE.AR5:GBR,1977-12-31,22.3076
WDI:EN.GHG.N2O.AG.MT.CE.AR5:GBR,1978-12-31,22.5852
WDI:EN.GHG.N2O.AG.MT.CE.AR5:GBR,1979-12-31,23.1493
WDI:EN.GHG.N2O.AG.MT.CE.AR5:GBR,1980-12-31,22.7688
WDI:EN.GHG.N2O.AG.MT.CE.AR5:GBR,1981-12-31,23.3886
WDI:EN.GHG.N2O.AG.MT.CE.AR5:GBR,1982-12-31,24.4738
WDI:EN.GHG.N2O.AG.MT.CE.AR5:GBR,1983-12-31,24.7997
WDI:EN.GHG.N2O.AG.MT.CE.AR5:GBR,1984-12-31,24.951
WDI:EN.GHG.N2O.AG.MT.CE.AR5:GBR,1985-12-31,24.6413
WDI:EN.GHG.N2O.AG.MT.CE.AR5:GBR,1986-12-31,25.8386
WDI:EN.GHG.N2O.AG.MT.CE.AR5:GBR,1987-12-31,25.1189
WDI:EN.GHG.N2O.AG.MT.CE.AR5:GBR,1988-12-31,24.9408
WDI:EN.GHG.N2O.AG.MT.CE.AR5:GBR,1989-12-31,25.4145
WDI:EN.GHG.N2O.AG.MT.CE.AR5:GBR,1990-12-31,25.1624
WDI:EN.GHG.N2O.AG.MT.CE.AR5:GBR,1991-12-31,24.2192
WDI:EN.GHG.N2O.AG.MT.CE.AR5:GBR,1992-12-31,23.3716
WDI:EN.GHG.N2O.AG.MT.CE.AR5:GBR,1993-12-31,23.3535
WDI:EN.GHG.N2O.AG.MT.CE.AR5:GBR,1994-12-31,23.9017
WDI:EN.GHG.N2O.AG.MT.CE.AR5:GBR,1995-12-31,23.8872
WDI:EN.GHG.N2O.AG.MT.CE.AR5:GBR,1996-12-31,24.656
WDI:EN.GHG.N2O.AG.MT.CE.AR5:GBR,1997-12-31,24.1725
WDI:EN.GHG.N2O.AG.MT.CE.AR5:GBR,1998-12-31,23.7687
WDI:EN.GHG.N2O.AG.MT.CE.AR5:GBR,1999-12-31,23.5819
WDI:EN.GHG.N2O.AG.MT.CE.AR5:GBR,2000-12-31,22.8531
WDI:EN.GHG.N2O.AG.MT.CE.AR5:GBR,2001-12-31,22.0435
WDI:EN.GHG.N2O.AG.MT.CE.AR5:GBR,2002-12-31,21.7002
WDI:EN.GHG.N2O.AG.MT.CE.AR5:GBR,2003-12-31,21.5827
WDI:EN.GHG.N2O.AG.MT.CE.AR5:GBR,2004-12-31,21.3071
WDI:EN.GHG.N2O.AG.MT.CE.AR5:GBR,2005-12-31,20.9064
WDI:EN.GHG.N2O.AG.MT.CE.AR5:GBR,2006-12-31,20.7867
WDI:EN.GHG.N2O.AG.MT.CE.AR5:GBR,2007-12-31,20.4122
WDI:EN.GHG.N2O.AG.MT.CE.AR5:GBR,2008-12-31,20.2404
WDI:EN.GHG.N2O.AG.MT.CE.AR5:GBR,2009-12-31,20.2478
WDI:EN.GHG.N2O.AG.MT.CE.AR5:GBR,2010-12-31,20.2155
WDI:EN.GHG.N2O.AG.MT.CE.AR5:GBR,2011-12-31,20.0824
WDI:EN.GHG.N2O.AG.MT.CE.AR5:GBR,2012-12-31,19.973
WDI:EN.GHG.N2O.AG.MT.CE.AR5:GBR,2013-12-31,20.3454
WDI:EN.GHG.N2O.AG.MT.CE.AR5:GBR,2014-12-31,20.6661
WDI:EN.GHG.N2O.AG.MT.CE.AR5:GBR,2015-12-31,20.6015
WDI:EN.GHG.N2O.AG.MT.CE.AR5:GBR,2016-12-31,20.6466
WDI:EN.GHG.N2O.AG.MT.CE.AR5:GBR,2017-12-31,20.7678
WDI:EN.GHG.N2O.AG.MT.CE.AR5:GBR,2018-12-31,20.5631
WDI:EN.GHG.N2O.AG.MT.CE.AR5:GBR,2019-12-31,20.3269
WDI:EN.GHG.N2O.AG.MT.CE.AR5:GBR,2020-12-31,20.0874
WDI:EN.GHG.N2O.AG.MT.CE.AR5:GBR,2021-12-31,19.5833
WDI:EN.GHG.N2O.AG.MT.CE.AR5:GBR,2022-12-31,19.7898
WDI:EN.GHG.N2O.AG.MT.CE.AR5:GBR,2023-12-31,19.4186
WDI:EN.GHG.N2O.AG.MT.CE.AR5:GBR,2024-12-31,19.2256
WDI:EN.GHG.N2O.AG.MT.CE.AR5:GEO,1970-12-31,0.4304
WDI:EN.GHG.N2O.AG.MT.CE.AR5:GEO,1971-12-31,0.4588
WDI:EN.GHG.N2O.AG.MT.CE.AR5:GEO,1972-12-31,0.4687
WDI:EN.GHG.N2O.AG.MT.CE.AR5:GEO,1973-12-31,0.4749
WDI:EN.GHG.N2O.AG.MT.CE.AR5:GEO,1974-12-31,0.4884
WDI:EN.GHG.N2O.AG.MT.CE.AR5:GEO,1975-12-31,0.4903
WDI:EN.GHG.N2O.AG.MT.CE.AR5:GEO,1976-12-31,0.4765
WDI:EN.GHG.N2O.AG.MT.CE.AR5:GEO,1977-12-31,0.4937
WDI:EN.GHG.N2O.AG.MT.CE.AR5:GEO,1978-12-31,0.51
WDI:EN.GHG.N2O.AG.MT.CE.AR5:GEO,1979-12-31,0.5186
WDI:EN.GHG.N2O.AG.MT.CE.AR5:GEO,1980-12-31,0.5246
WDI:EN.GHG.N2O.AG.MT.CE.AR5:GEO,1981-12-31,0.5226
WDI:EN.GHG.N2O.AG.MT.CE.AR5:GEO,1982-12-31,0.5256
WDI:EN.GHG.N2O.AG.MT.CE.AR5:GEO,1983-12-31,0.532
WDI:EN.GHG.N2O.AG.MT.CE.AR5:GEO,1984-12-31,0.5448
WDI:EN.GHG.N2O.AG.MT.CE.AR5:GEO,1985-12-31,0.546
WDI:EN.GHG.N2O.AG.MT.CE.AR5:GEO,1986-12-31,0.5451
WDI:EN.GHG.N2O.AG.MT.CE.AR5:GEO,1987-12-31,0.5503
WDI:EN.GHG.N2O.AG.MT.CE.AR5:GEO,1988-12-31,0.5387
WDI:EN.GHG.N2O.AG.MT.CE.AR5:GEO,1989-12-31,0.5454
WDI:EN.GHG.N2O.AG.MT.CE.AR5:GEO,1990-12-31,0.5399
WDI:EN.GHG.N2O.AG.MT.CE.AR5:GEO,1991-12-31,0.5231
WDI:EN.GHG.N2O.AG.MT.CE.AR5:GEO,1992-12-31,0.4854
WDI:EN.GHG.N2O.AG.MT.CE.AR5:GEO,1993-12-31,0.4183
WDI:EN.GHG.N2O.AG.MT.CE.AR5:GEO,1994-12-31,0.4044
WDI:EN.GHG.N2O.AG.MT.CE.AR5:GEO,1995-12-31,0.3895
WDI:EN.GHG.N2O.AG.MT.CE.AR5:GEO,1996-12-31,0.4086
WDI:EN.GHG.N2O.AG.MT.CE.AR5:GEO,1997-12-31,0.4241
WDI:EN.GHG.N2O.AG.MT.CE.AR5:GEO,1998-12-31,0.4295
WDI:EN.GHG.N2O.AG.MT.CE.AR5:GEO,1999-12-31,0.4473
WDI:EN.GHG.N2O.AG.MT.CE.AR5:GEO,2000-12-31,0.4555
WDI:EN.GHG.N2O.AG.MT.CE.AR5:GEO,2001-12-31,0.4686
WDI:EN.GHG.N2O.AG.MT.CE.AR5:GEO,2002-12-31,0.4735
WDI:EN.GHG.N2O.AG.MT.CE.AR5:GEO,2003-12-31,0.4802
WDI:EN.GHG.N2O.AG.MT.CE.AR5:GEO,2004-12-31,0.4659
WDI:EN.GHG.N2O.AG.MT.CE.AR5:GEO,2005-12-31,0.4698
WDI:EN.GHG.N2O.AG.MT.CE.AR5:GEO,2006-12-31,0.4194
WDI:EN.GHG.N2O.AG.MT.CE.AR5:GEO,2007-12-31,0.3877
WDI:EN.GHG.N2O.AG.MT.CE.AR5:GEO,2008-12-31,0.3631
WDI:EN.GHG.N2O.AG.MT.CE.AR5:GEO,2009-12-31,0.507
WDI:EN.GHG.N2O.AG.MT.CE.AR5:GEO,2010-12-31,0.476
WDI:EN.GHG.N2O.AG.MT.CE.AR5:GEO,2011-12-31,0.4952
WDI:EN.GHG.N2O.AG.MT.CE.AR5:GEO,2012-12-31,0.5403
WDI:EN.GHG.N2O.AG.MT.CE.AR5:GEO,2013-12-31,0.5489
WDI:EN.GHG.N2O.AG.MT.CE.AR5:GEO,2014-12-31,0.5703
WDI:EN.GHG.N2O.AG.MT.CE.AR5:GEO,2015-12-31,0.4737
WDI:EN.GHG.N2O.AG.MT.CE.AR5:GEO,2016-12-31,0.4829
WDI:EN.GHG.N2O.AG.MT.CE.AR5:GEO,2017-12-31,0.4711
WDI:EN.GHG.N2O.AG.MT.CE.AR5:GEO,2018-12-31,0.4851
WDI:EN.GHG.N2O.AG.MT.CE.AR5:GEO,2019-12-31,0.4785
WDI:EN.GHG.N2O.AG.MT.CE.AR5:GEO,2020-12-31,0.5284
WDI:EN.GHG.N2O.AG.MT.CE.AR5:GEO,2021-12-31,0.524
WDI:EN.GHG.N2O.AG.MT.CE.AR5:GEO,2022-12-31,0.5175
WDI:EN.GHG.N2O.AG.MT.CE.AR5:GEO,2023-12-31,0.5089
WDI:EN.GHG.N2O.AG.MT.CE.AR5:GEO,2024-12-31,0.5197
WDI:EN.GHG.N2O.AG.MT.CE.AR5:GHA,1970-12-31,0.5675
WDI:EN.GHG.N2O.AG.MT.CE.AR5:GHA,1971-12-31,0.5665
WDI:EN.GHG.N2O.AG.MT.CE.AR5:GHA,1972-12-31,0.6005
WDI:EN.GHG.N2O.AG.MT.CE.AR5:GHA,1973-12-31,0.5848
WDI:EN.GHG.N2O.AG.MT.CE.AR5:GHA,1974-12-31,0.6413
WDI:EN.GHG.N2O.AG.MT.CE.AR5:GHA,1975-12-31,0.6227
WDI:EN.GHG.N2O.AG.MT.CE.AR5:GHA,1976-12-31,0.6081
WDI:EN.GHG.N2O.AG.MT.CE.AR5:GHA,1977-12-31,0.5909
WDI:EN.GHG.N2O.AG.MT.CE.AR5:GHA,1978-12-31,0.5897
WDI:EN.GHG.N2O.AG.MT.CE.AR5:GHA,1979-12-31,0.5967
WDI:EN.GHG.N2O.AG.MT.CE.AR5:GHA,1980-12-31,0.6116
WDI:EN.GHG.N2O.AG.MT.CE.AR5:GHA,1981-12-31,0.6261
WDI:EN.GHG.N2O.AG.MT.CE.AR5:GHA,1982-12-31,0.6446
WDI:EN.GHG.N2O.AG.MT.CE.AR5:GHA,1983-12-31,0.6586
WDI:EN.GHG.N2O.AG.MT.CE.AR5:GHA,1984-12-31,0.6976
WDI:EN.GHG.N2O.AG.MT.CE.AR5:GHA,1985-12-31,0.7157
WDI:EN.GHG.N2O.AG.MT.CE.AR5:GHA,1986-12-31,0.7229
WDI:EN.GHG.N2O.AG.MT.CE.AR5:GHA,1987-12-31,0.7564
WDI:EN.GHG.N2O.AG.MT.CE.AR5:GHA,1988-12-31,0.7734
WDI:EN.GHG.N2O.AG.MT.CE.AR5:GHA,1989-12-31,0.822
WDI:EN.GHG.N2O.AG.MT.CE.AR5:GHA,1990-12-31,0.7708
WDI:EN.GHG.N2O.AG.MT.CE.AR5:GHA,1991-12-31,0.8256
WDI:EN.GHG.N2O.AG.MT.CE.AR5:GHA,1992-12-31,0.8006
WDI:EN.GHG.N2O.AG.MT.CE.AR5:GHA,1993-12-31,0.8209
WDI:EN.GHG.N2O.AG.MT.CE.AR5:GHA,1994-12-31,0.8187
WDI:EN.GHG.N2O.AG.MT.CE.AR5:GHA,1995-12-31,0.8334
WDI:EN.GHG.N2O.AG.MT.CE.AR5:GHA,1996-12-31,0.8904
WDI:EN.GHG.N2O.AG.MT.CE.AR5:GHA,1997-12-31,0.9229
WDI:EN.GHG.N2O.AG.MT.CE.AR5:GHA,1998-12-31,0.9487
WDI:EN.GHG.N2O.AG.MT.CE.AR5:GHA,1999-12-31,0.9726
WDI:EN.GHG.N2O.AG.MT.CE.AR5:GHA,2000-12-31,0.998
WDI:EN.GHG.N2O.AG.MT.CE.AR5:GHA,2001-12-31,1.0163
WDI:EN.GHG.N2O.AG.MT.CE.AR5:GHA,2002-12-31,1.0506
WDI:EN.GHG.N2O.AG.MT.CE.AR5:GHA,2003-12-31,1.0806
WDI:EN.GHG.N2O.AG.MT.CE.AR5:GHA,2004-12-31,1.1114
WDI:EN.GHG.N2O.AG.MT.CE.AR5:GHA,2005-12-31,1.123
WDI:EN.GHG.N2O.AG.MT.CE.AR5:GHA,2006-12-31,1.1768
WDI:EN.GHG.N2O.AG.MT.CE.AR5:GHA,2007-12-31,1.2038
WDI:EN.GHG.N2O.AG.MT.CE.AR5:GHA,2008-12-31,1.2511
WDI:EN.GHG.N2O.AG.MT.CE.AR5:GHA,2009-12-31,1.2961
WDI:EN.GHG.N2O.AG.MT.CE.AR5:GHA,2010-12-31,1.3339
WDI:EN.GHG.N2O.AG.MT.CE.AR5:GHA,2011-12-31,1.3925
WDI:EN.GHG.N2O.AG.MT.CE.AR5:GHA,2012-12-31,1.4524
WDI:EN.GHG.N2O.AG.MT.CE.AR5:GHA,2013-12-31,1.507
WDI:EN.GHG.N2O.AG.MT.CE.AR5:GHA,2014-12-31,1.5712
WDI:EN.GHG.N2O.AG.MT.CE.AR5:GHA,2015-12-31,1.6396
WDI:EN.GHG.N2O.AG.MT.CE.AR5:GHA,2016-12-31,1.718
WDI:EN.GHG.N2O.AG.MT.CE.AR5:GHA,2017-12-31,1.8063
WDI:EN.GHG.N2O.AG.MT.CE.AR5:GHA,2018-12-31,1.8587
WDI:EN.GHG.N2O.AG.MT.CE.AR5:GHA,2019-12-31,1.9259
WDI:EN.GHG.N2O.AG.MT.CE.AR5:GHA,2020-12-31,2.0476
WDI:EN.GHG.N2O.AG.MT.CE.AR5:GHA,2021-12-31,2.0776
WDI:EN.GHG.N2O.AG.MT.CE.AR5:GHA,2022-12-31,2.1494
WDI:EN.GHG.N2O.AG.MT.CE.AR5:GHA,2023-12-31,2.2367
WDI:EN.GHG.N2O.AG.MT.CE.AR5:GHA,2024-12-31,2.2863
WDI:EN.GHG.N2O.AG.MT.CE.AR5:GIN,1970-12-31,0.5351
WDI:EN.GHG.N2O.AG.MT.CE.AR5:GIN,1971-12-31,0.5338
WDI:EN.GHG.N2O.AG.MT.CE.AR5:GIN,1972-12-31,0.5415
WDI:EN.GHG.N2O.AG.MT.CE.AR5:GIN,1973-12-31,0.5675
WDI:EN.GHG.N2O.AG.MT.CE.AR5:GIN,1974-12-31,0.5879
WDI:EN.GHG.N2O.AG.MT.CE.AR5:GIN,1975-12-31,0.6079
WDI:EN.GHG.N2O.AG.MT.CE.AR5:GIN,1976-12-31,0.6154
WDI:EN.GHG.N2O.AG.MT.CE.AR5:GIN,1977-12-31,0.6183
WDI:EN.GHG.N2O.AG.MT.CE.AR5:GIN,1978-12-31,0.6216
WDI:EN.GHG.N2O.AG.MT.CE.AR5:GIN,1979-12-31,0.6241
WDI:EN.GHG.N2O.AG.MT.CE.AR5:GIN,1980-12-31,0.6275
WDI:EN.GHG.N2O.AG.MT.CE.AR5:GIN,1981-12-31,0.6303
WDI:EN.GHG.N2O.AG.MT.CE.AR5:GIN,1982-12-31,0.6329
WDI:EN.GHG.N2O.AG.MT.CE.AR5:GIN,1983-12-31,0.6367
WDI:EN.GHG.N2O.AG.MT.CE.AR5:GIN,1984-12-31,0.6365
WDI:EN.GHG.N2O.AG.MT.CE.AR5:GIN,1985-12-31,0.5652
WDI:EN.GHG.N2O.AG.MT.CE.AR5:GIN,1986-12-31,0.4337
WDI:EN.GHG.N2O.AG.MT.CE.AR5:GIN,1987-12-31,0.5103
WDI:EN.GHG.N2O.AG.MT.CE.AR5:GIN,1988-12-31,0.5763
WDI:EN.GHG.N2O.AG.MT.CE.AR5:GIN,1989-12-31,0.6231
WDI:EN.GHG.N2O.AG.MT.CE.AR5:GIN,1990-12-31,0.6377
WDI:EN.GHG.N2O.AG.MT.CE.AR5:GIN,1991-12-31,0.6752
WDI:EN.GHG.N2O.AG.MT.CE.AR5:GIN,1992-12-31,0.7158
WDI:EN.GHG.N2O.AG.MT.CE.AR5:GIN,1993-12-31,0.7613
WDI:EN.GHG.N2O.AG.MT.CE.AR5:GIN,1994-12-31,0.8152
WDI:EN.GHG.N2O.AG.MT.CE.AR5:GIN,1995-12-31,0.8659
WDI:EN.GHG.N2O.AG.MT.CE.AR5:GIN,1996-12-31,0.9095
WDI:EN.GHG.N2O.AG.MT.CE.AR5:GIN,1997-12-31,0.956
WDI:EN.GHG.N2O.AG.MT.CE.AR5:GIN,1998-12-31,1.005
WDI:EN.GHG.N2O.AG.MT.CE.AR5:GIN,1999-12-31,1.0547
WDI:EN.GHG.N2O.AG.MT.CE.AR5:GIN,2000-12-31,1.1231
WDI:EN.GHG.N2O.AG.MT.CE.AR5:GIN,2001-12-31,1.1771
WDI:EN.GHG.N2O.AG.MT.CE.AR5:GIN,2002-12-31,1.2384
WDI:EN.GHG.N2O.AG.MT.CE.AR5:GIN,2003-12-31,1.3052
WDI:EN.GHG.N2O.AG.MT.CE.AR5:GIN,2004-12-31,1.3761
WDI:EN.GHG.N2O.AG.MT.CE.AR5:GIN,2005-12-31,1.4518
WDI:EN.GHG.N2O.AG.MT.CE.AR5:GIN,2006-12-31,1.5338
WDI:EN.GHG.N2O.AG.MT.CE.AR5:GIN,2007-12-31,1.6147
WDI:EN.GHG.N2O.AG.MT.CE.AR5:GIN,2008-12-31,1.6989
WDI:EN.GHG.N2O.AG.MT.CE.AR5:GIN,2009-12-31,1.7857
WDI:EN.GHG.N2O.AG.MT.CE.AR5:GIN,2010-12-31,1.915
WDI:EN.GHG.N2O.AG.MT.CE.AR5:GIN,2011-12-31,2.0204
WDI:EN.GHG.N2O.AG.MT.CE.AR5:GIN,2012-12-31,2.128
WDI:EN.GHG.N2O.AG.MT.CE.AR5:GIN,2013-12-31,2.2374
WDI:EN.GHG.N2O.AG.MT.CE.AR5:GIN,2014-12-31,2.3287
WDI:EN.GHG.N2O.AG.MT.CE.AR5:GIN,2015-12-31,2.4689
WDI:EN.GHG.N2O.AG.MT.CE.AR5:GIN,2016-12-31,2.5997
WDI:EN.GHG.N2O.AG.MT.CE.AR5:GIN,2017-12-31,2.7273
WDI:EN.GHG.N2O.AG.MT.CE.AR5:GIN,2018-12-31,2.8915
WDI:EN.GHG.N2O.AG.MT.CE.AR5:GIN,2019-12-31,3.0154
WDI:EN.GHG.N2O.AG.MT.CE.AR5:GIN,2020-12-31,3.1618
WDI:EN.GHG.N2O.AG.MT.CE.AR5:GIN,2021-12-31,3.3372
WDI:EN.GHG.N2O.AG.MT.CE.AR5:GIN,2022-12-31,3.5205
WDI:EN.GHG.N2O.AG.MT.CE.AR5:GIN,2023-12-31,3.4775
WDI:EN.GHG.N2O.AG.MT.CE.AR5:GIN,2024-12-31,3.5837
WDI:EN.GHG.N2O.AG.MT.CE.AR5:GMB,1970-12-31,0.104
WDI:EN.GHG.N2O.AG.MT.CE.AR5:GMB,1971-12-31,0.1088
WDI:EN.GHG.N2O.AG.MT.CE.AR5:GMB,1972-12-31,0.1129
WDI:EN.GHG.N2O.AG.MT.CE.AR5:GMB,1973-12-31,0.1145
WDI:EN.GHG.N2O.AG.MT.CE.AR5:GMB,1974-12-31,0.1165
WDI:EN.GHG.N2O.AG.MT.CE.AR5:GMB,1975-12-31,0.1193
WDI:EN.GHG.N2O.AG.MT.CE.AR5:GMB,1976-12-31,0.121
WDI:EN.GHG.N2O.AG.MT.CE.AR5:GMB,1977-12-31,0.1222
WDI:EN.GHG.N2O.AG.MT.CE.AR5:GMB,1978-12-31,0.1238
WDI:EN.GHG.N2O.AG.MT.CE.AR5:GMB,1979-12-31,0.1246
WDI:EN.GHG.N2O.AG.MT.CE.AR5:GMB,1980-12-31,0.126
WDI:EN.GHG.N2O.AG.MT.CE.AR5:GMB,1981-12-31,0.1279
WDI:EN.GHG.N2O.AG.MT.CE.AR5:GMB,1982-12-31,0.1293
WDI:EN.GHG.N2O.AG.MT.CE.AR5:GMB,1983-12-31,0.1287
WDI:EN.GHG.N2O.AG.MT.CE.AR5:GMB,1984-12-31,0.126
WDI:EN.GHG.N2O.AG.MT.CE.AR5:GMB,1985-12-31,0.1312
WDI:EN.GHG.N2O.AG.MT.CE.AR5:GMB,1986-12-31,0.1336
WDI:EN.GHG.N2O.AG.MT.CE.AR5:GMB,1987-12-31,0.1379
WDI:EN.GHG.N2O.AG.MT.CE.AR5:GMB,1988-12-31,0.1409
WDI:EN.GHG.N2O.AG.MT.CE.AR5:GMB,1989-12-31,0.1445
WDI:EN.GHG.N2O.AG.MT.CE.AR5:GMB,1990-12-31,0.1412
WDI:EN.GHG.N2O.AG.MT.CE.AR5:GMB,1991-12-31,0.1496
WDI:EN.GHG.N2O.AG.MT.CE.AR5:GMB,1992-12-31,0.1494
WDI:EN.GHG.N2O.AG.MT.CE.AR5:GMB,1993-12-31,0.1508
WDI:EN.GHG.N2O.AG.MT.CE.AR5:GMB,1994-12-31,0.1514
WDI:EN.GHG.N2O.AG.MT.CE.AR5:GMB,1995-12-31,0.1517
WDI:EN.GHG.N2O.AG.MT.CE.AR5:GMB,1996-12-31,0.1502
WDI:EN.GHG.N2O.AG.MT.CE.AR5:GMB,1997-12-31,0.1518
WDI:EN.GHG.N2O.AG.MT.CE.AR5:GMB,1998-12-31,0.1526
WDI:EN.GHG.N2O.AG.MT.CE.AR5:GMB,1999-12-31,0.1536
WDI:EN.GHG.N2O.AG.MT.CE.AR5:GMB,2000-12-31,0.1535
WDI:EN.GHG.N2O.AG.MT.CE.AR5:GMB,2001-12-31,0.1476
WDI:EN.GHG.N2O.AG.MT.CE.AR5:GMB,2002-12-31,0.1514
WDI:EN.GHG.N2O.AG.MT.CE.AR5:GMB,2003-12-31,0.1804
WDI:EN.GHG.N2O.AG.MT.CE.AR5:GMB,2004-12-31,0.1855
WDI:EN.GHG.N2O.AG.MT.CE.AR5:GMB,2005-12-31,0.1879
WDI:EN.GHG.N2O.AG.MT.CE.AR5:GMB,2006-12-31,0.1909
WDI:EN.GHG.N2O.AG.MT.CE.AR5:GMB,2007-12-31,0.1958
WDI:EN.GHG.N2O.AG.MT.CE.AR5:GMB,2008-12-31,0.2017
WDI:EN.GHG.N2O.AG.MT.CE.AR5:GMB,2009-12-31,0.2089
WDI:EN.GHG.N2O.AG.MT.CE.AR5:GMB,2010-12-31,0.2079
WDI:EN.GHG.N2O.AG.MT.CE.AR5:GMB,2011-12-31,0.1862
WDI:EN.GHG.N2O.AG.MT.CE.AR5:GMB,2012-12-31,0.1736
WDI:EN.GHG.N2O.AG.MT.CE.AR5:GMB,2013-12-31,0.1887
WDI:EN.GHG.N2O.AG.MT.CE.AR5:GMB,2014-12-31,0.2065
WDI:EN.GHG.N2O.AG.MT.CE.AR5:GMB,2015-12-31,0.2108
WDI:EN.GHG.N2O.AG.MT.CE.AR5:GMB,2016-12-31,0.2026
WDI:EN.GHG.N2O.AG.MT.CE.AR5:GMB,2017-12-31,0.1813
WDI:EN.GHG.N2O.AG.MT.CE.AR5:GMB,2018-12-31,0.1662
WDI:EN.GHG.N2O.AG.MT.CE.AR5:GMB,2019-12-31,0.1575
WDI:EN.GHG.N2O.AG.MT.CE.AR5:GMB,2020-12-31,0.1515
WDI:EN.GHG.N2O.AG.MT.CE.AR5:GMB,2021-12-31,0.1511
WDI:EN.GHG.N2O.AG.MT.CE.AR5:GMB,2022-12-31,0.1522
WDI:EN.GHG.N2O.AG.MT.CE.AR5:GMB,2023-12-31,0.1521
WDI:EN.GHG.N2O.AG.MT.CE.AR5:GMB,2024-12-31,0.1491
WDI:EN.GHG.N2O.AG.MT.CE.AR5:GNB,1970-12-31,0.1232
WDI:EN.GHG.N2O.AG.MT.CE.AR5:GNB,1971-12-31,0.1264
WDI:EN.GHG.N2O.AG.MT.CE.AR5:GNB,1972-12-31,0.1305
WDI:EN.GHG.N2O.AG.MT.CE.AR5:GNB,1973-12-31,0.1336
WDI:EN.GHG.N2O.AG.MT.CE.AR5:GNB,1974-12-31,0.1376
WDI:EN.GHG.N2O.AG.MT.CE.AR5:GNB,1975-12-31,0.1426
WDI:EN.GHG.N2O.AG.MT.CE.AR5:GNB,1976-12-31,0.1481
WDI:EN.GHG.N2O.AG.MT.CE.AR5:GNB,1977-12-31,0.1535
WDI:EN.GHG.N2O.AG.MT.CE.AR5:GNB,1978-12-31,0.1577
WDI:EN.GHG.N2O.AG.MT.CE.AR5:GNB,1979-12-31,0.1634
WDI:EN.GHG.N2O.AG.MT.CE.AR5:GNB,1980-12-31,0.1679
WDI:EN.GHG.N2O.AG.MT.CE.AR5:GNB,1981-12-31,0.1734
WDI:EN.GHG.N2O.AG.MT.CE.AR5:GNB,1982-12-31,0.1795
WDI:EN.GHG.N2O.AG.MT.CE.AR5:GNB,1983-12-31,0.1829
WDI:EN.GHG.N2O.AG.MT.CE.AR5:GNB,1984-12-31,0.1854
WDI:EN.GHG.N2O.AG.MT.CE.AR5:GNB,1985-12-31,0.1871
WDI:EN.GHG.N2O.AG.MT.CE.AR5:GNB,1986-12-31,0.1912
WDI:EN.GHG.N2O.AG.MT.CE.AR5:GNB,1987-12-31,0.1985
WDI:EN.GHG.N2O.AG.MT.CE.AR5:GNB,1988-12-31,0.206
WDI:EN.GHG.N2O.AG.MT.CE.AR5:GNB,1989-12-31,0.2172
WDI:EN.GHG.N2O.AG.MT.CE.AR5:GNB,1990-12-31,0.2223
WDI:EN.GHG.N2O.AG.MT.CE.AR5:GNB,1991-12-31,0.2227
WDI:EN.GHG.N2O.AG.MT.CE.AR5:GNB,1992-12-31,0.2309
WDI:EN.GHG.N2O.AG.MT.CE.AR5:GNB,1993-12-31,0.2391
WDI:EN.GHG.N2O.AG.MT.CE.AR5:GNB,1994-12-31,0.2455
WDI:EN.GHG.N2O.AG.MT.CE.AR5:GNB,1995-12-31,0.2514
WDI:EN.GHG.N2O.AG.MT.CE.AR5:GNB,1996-12-31,0.2567
WDI:EN.GHG.N2O.AG.MT.CE.AR5:GNB,1997-12-31,0.2626
WDI:EN.GHG.N2O.AG.MT.CE.AR5:GNB,1998-12-31,0.2677
WDI:EN.GHG.N2O.AG.MT.CE.AR5:GNB,1999-12-31,0.2736
WDI:EN.GHG.N2O.AG.MT.CE.AR5:GNB,2000-12-31,0.2786
WDI:EN.GHG.N2O.AG.MT.CE.AR5:GNB,2001-12-31,0.2797
WDI:EN.GHG.N2O.AG.MT.CE.AR5:GNB,2002-12-31,0.2796
WDI:EN.GHG.N2O.AG.MT.CE.AR5:GNB,2003-12-31,0.2841
WDI:EN.GHG.N2O.AG.MT.CE.AR5:GNB,2004-12-31,0.285
WDI:EN.GHG.N2O.AG.MT.CE.AR5:GNB,2005-12-31,0.2744
WDI:EN.GHG.N2O.AG.MT.CE.AR5:GNB,2006-12-31,0.29
WDI:EN.GHG.N2O.AG.MT.CE.AR5:GNB,2007-12-31,0.307
WDI:EN.GHG.N2O.AG.MT.CE.AR5:GNB,2008-12-31,0.3268
WDI:EN.GHG.N2O.AG.MT.CE.AR5:GNB,2009-12-31,0.3459
WDI:EN.GHG.N2O.AG.MT.CE.AR5:GNB,2010-12-31,0.3658
WDI:EN.GHG.N2O.AG.MT.CE.AR5:GNB,2011-12-31,0.3825
WDI:EN.GHG.N2O.AG.MT.CE.AR5:GNB,2012-12-31,0.3855
WDI:EN.GHG.N2O.AG.MT.CE.AR5:GNB,2013-12-31,0.3933
WDI:EN.GHG.N2O.AG.MT.CE.AR5:GNB,2014-12-31,0.3935
WDI:EN.GHG.N2O.AG.MT.CE.AR5:GNB,2015-12-31,0.3977
WDI:EN.GHG.N2O.AG.MT.CE.AR5:GNB,2016-12-31,0.4012
WDI:EN.GHG.N2O.AG.MT.CE.AR5:GNB,2017-12-31,0.4039
WDI:EN.GHG.N2O.AG.MT.CE.AR5:GNB,2018-12-31,0.4077
WDI:EN.GHG.N2O.AG.MT.CE.AR5:GNB,2019-12-31,0.4144
WDI:EN.GHG.N2O.AG.MT.CE.AR5:GNB,2020-12-31,0.4118
WDI:EN.GHG.N2O.AG.MT.CE.AR5:GNB,2021-12-31,0.4173
WDI:EN.GHG.N2O.AG.MT.CE.AR5:GNB,2022-12-31,0.422
WDI:EN.GHG.N2O.AG.MT.CE.AR5:GNB,2023-12-31,0.4236
WDI:EN.GHG.N2O.AG.MT.CE.AR5:GNB,2024-12-31,0.4262
WDI:EN.GHG.N2O.AG.MT.CE.AR5:GNQ,1970-12-31,0.0046
WDI:EN.GHG.N2O.AG.MT.CE.AR5:GNQ,1971-12-31,0.0047
WDI:EN.GHG.N2O.AG.MT.CE.AR5:GNQ,1972-12-31,0.0048
WDI:EN.GHG.N2O.AG.MT.CE.AR5:GNQ,1973-12-31,0.0047
WDI:EN.GHG.N2O.AG.MT.CE.AR5:GNQ,1974-12-31,0.0048
WDI:EN.GHG.N2O.AG.MT.CE.AR5:GNQ,1975-12-31,0.005
WDI:EN.GHG.N2O.AG.MT.CE.AR5:GNQ,1976-12-31,0.0049
WDI:EN.GHG.N2O.AG.MT.CE.AR5:GNQ,1977-12-31,0.005
WDI:EN.GHG.N2O.AG.MT.CE.AR5:GNQ,1978-12-31,0.005
WDI:EN.GHG.N2O.AG.MT.CE.AR5:GNQ,1979-12-31,0.0051
WDI:EN.GHG.N2O.AG.MT.CE.AR5:GNQ,1980-12-31,0.0051
WDI:EN.GHG.N2O.AG.MT.CE.AR5:GNQ,1981-12-31,0.0052
WDI:EN.GHG.N2O.AG.MT.CE.AR5:GNQ,1982-12-31,0.0053
WDI:EN.GHG.N2O.AG.MT.CE.AR5:GNQ,1983-12-31,0.0054
WDI:EN.GHG.N2O.AG.MT.CE.AR5:GNQ,1984-12-31,0.0055
WDI:EN.GHG.N2O.AG.MT.CE.AR5:GNQ,1985-12-31,0.0055
WDI:EN.GHG.N2O.AG.MT.CE.AR5:GNQ,1986-12-31,0.0056
WDI:EN.GHG.N2O.AG.MT.CE.AR5:GNQ,1987-12-31,0.0057
WDI:EN.GHG.N2O.AG.MT.CE.AR5:GNQ,1988-12-31,0.0058
WDI:EN.GHG.N2O.AG.MT.CE.AR5:GNQ,1989-12-31,0.0058
WDI:EN.GHG.N2O.AG.MT.CE.AR5:GNQ,1990-12-31,0.0068
WDI:EN.GHG.N2O.AG.MT.CE.AR5:GNQ,1991-12-31,0.0071
WDI:EN.GHG.N2O.AG.MT.CE.AR5:GNQ,1992-12-31,0.0072
WDI:EN.GHG.N2O.AG.MT.CE.AR5:GNQ,1993-12-31,0.0074
WDI:EN.GHG.N2O.AG.MT.CE.AR5:GNQ,1994-12-31,0.0075
WDI:EN.GHG.N2O.AG.MT.CE.AR5:GNQ,1995-12-31,0.0076
WDI:EN.GHG.N2O.AG.MT.CE.AR5:GNQ,1996-12-31,0.0077
WDI:EN.GHG.N2O.AG.MT.CE.AR5:GNQ,1997-12-31,0.0077
WDI:EN.GHG.N2O.AG.MT.CE.AR5:GNQ,1998-12-31,0.0077
WDI:EN.GHG.N2O.AG.MT.CE.AR5:GNQ,1999-12-31,0.0078
WDI:EN.GHG.N2O.AG.MT.CE.AR5:GNQ,2000-12-31,0.0079
WDI:EN.GHG.N2O.AG.MT.CE.AR5:GNQ,2001-12-31,0.008
WDI:EN.GHG.N2O.AG.MT.CE.AR5:GNQ,2002-12-31,0.0081
WDI:EN.GHG.N2O.AG.MT.CE.AR5:GNQ,2003-12-31,0.0081
WDI:EN.GHG.N2O.AG.MT.CE.AR5:GNQ,2004-12-31,0.0082
WDI:EN.GHG.N2O.AG.MT.CE.AR5:GNQ,2005-12-31,0.0083
WDI:EN.GHG.N2O.AG.MT.CE.AR5:GNQ,2006-12-31,0.0084
WDI:EN.GHG.N2O.AG.MT.CE.AR5:GNQ,2007-12-31,0.0086
WDI:EN.GHG.N2O.AG.MT.CE.AR5:GNQ,2008-12-31,0.0087
WDI:EN.GHG.N2O.AG.MT.CE.AR5:GNQ,2009-12-31,0.0087
WDI:EN.GHG.N2O.AG.MT.CE.AR5:GNQ,2010-12-31,0.0089
WDI:EN.GHG.N2O.AG.MT.CE.AR5:GNQ,2011-12-31,0.009
WDI:EN.GHG.N2O.AG.MT.CE.AR5:GNQ,2012-12-31,0.0092
WDI:EN.GHG.N2O.AG.MT.CE.AR5:GNQ,2013-12-31,0.0092
WDI:EN.GHG.N2O.AG.MT.CE.AR5:GNQ,2014-12-31,0.0093
WDI:EN.GHG.N2O.AG.MT.CE.AR5:GNQ,2015-12-31,0.0095
WDI:EN.GHG.N2O.AG.MT.CE.AR5:GNQ,2016-12-31,0.0094
WDI:EN.GHG.N2O.AG.MT.CE.AR5:GNQ,2017-12-31,0.0095
WDI:EN.GHG.N2O.AG.MT.CE.AR5:GNQ,2018-12-31,0.0096
WDI:EN.GHG.N2O.AG.MT.CE.AR5:GNQ,2019-12-31,0.0097
WDI:EN.GHG.N2O.AG.MT.CE.AR5:GNQ,2020-12-31,0.0097
WDI:EN.GHG.N2O.AG.MT.CE.AR5:GNQ,2021-12-31,0.0097
WDI:EN.GHG.N2O.AG.MT.CE.AR5:GNQ,2022-12-31,0.0098
WDI:EN.GHG.N2O.AG.MT.CE.AR5:GNQ,2023-12-31,0.01
WDI:EN.GHG.N2O.AG.MT.CE.AR5:GNQ,2024-12-31,0.01
WDI:EN.GHG.N2O.AG.MT.CE.AR5:GRC,1970-12-31,3.0413
WDI:EN.GHG.N2O.AG.MT.CE.AR5:GRC,1971-12-31,3.0131
WDI:EN.GHG.N2O.AG.MT.CE.AR5:GRC,1972-12-31,3.0587
WDI:EN.GHG.N2O.AG.MT.CE.AR5:GRC,1973-12-31,3.1287
WDI:EN.GHG.N2O.AG.MT.CE.AR5:GRC,1974-12-31,3.403
WDI:EN.GHG.N2O.AG.MT.CE.AR5:GRC,1975-12-31,3.4288
WDI:EN.GHG.N2O.AG.MT.CE.AR5:GRC,1976-12-31,3.5713
WDI:EN.GHG.N2O.AG.MT.CE.AR5:GRC,1977-12-31,3.5443
WDI:EN.GHG.N2O.AG.MT.CE.AR5:GRC,1978-12-31,3.7802
WDI:EN.GHG.N2O.AG.MT.CE.AR5:GRC,1979-12-31,3.8277
WDI:EN.GHG.N2O.AG.MT.CE.AR5:GRC,1980-12-31,3.7553
WDI:EN.GHG.N2O.AG.MT.CE.AR5:GRC,1981-12-31,3.761
WDI:EN.GHG.N2O.AG.MT.CE.AR5:GRC,1982-12-31,3.9623
WDI:EN.GHG.N2O.AG.MT.CE.AR5:GRC,1983-12-31,4.0784
WDI:EN.GHG.N2O.AG.MT.CE.AR5:GRC,1984-12-31,4.1213
WDI:EN.GHG.N2O.AG.MT.CE.AR5:GRC,1985-12-31,4.217
WDI:EN.GHG.N2O.AG.MT.CE.AR5:GRC,1986-12-31,4.1403
WDI:EN.GHG.N2O.AG.MT.CE.AR5:GRC,1987-12-31,3.8992
WDI:EN.GHG.N2O.AG.MT.CE.AR5:GRC,1988-12-31,4.0729
WDI:EN.GHG.N2O.AG.MT.CE.AR5:GRC,1989-12-31,4.0447
WDI:EN.GHG.N2O.AG.MT.CE.AR5:GRC,1990-12-31,4.0624
WDI:EN.GHG.N2O.AG.MT.CE.AR5:GRC,1991-12-31,4.0387
WDI:EN.GHG.N2O.AG.MT.CE.AR5:GRC,1992-12-31,3.8709
WDI:EN.GHG.N2O.AG.MT.CE.AR5:GRC,1993-12-31,3.5461
WDI:EN.GHG.N2O.AG.MT.CE.AR5:GRC,1994-12-31,3.679
WDI:EN.GHG.N2O.AG.MT.CE.AR5:GRC,1995-12-31,3.5274
WDI:EN.GHG.N2O.AG.MT.CE.AR5:GRC,1996-12-31,3.667
WDI:EN.GHG.N2O.AG.MT.CE.AR5:GRC,1997-12-31,3.528
WDI:EN.GHG.N2O.AG.MT.CE.AR5:GRC,1998-12-31,3.4431
WDI:EN.GHG.N2O.AG.MT.CE.AR5:GRC,1999-12-31,3.4547
WDI:EN.GHG.N2O.AG.MT.CE.AR5:GRC,2000-12-31,3.4104
WDI:EN.GHG.N2O.AG.MT.CE.AR5:GRC,2001-12-31,3.2757
WDI:EN.GHG.N2O.AG.MT.CE.AR5:GRC,2002-12-31,3.2388
WDI:EN.GHG.N2O.AG.MT.CE.AR5:GRC,2003-12-31,3.2739
WDI:EN.GHG.N2O.AG.MT.CE.AR5:GRC,2004-12-31,3.1077
WDI:EN.GHG.N2O.AG.MT.CE.AR5:GRC,2005-12-31,3.0765
WDI:EN.GHG.N2O.AG.MT.CE.AR5:GRC,2006-12-31,2.9532
WDI:EN.GHG.N2O.AG.MT.CE.AR5:GRC,2007-12-31,2.9996
WDI:EN.GHG.N2O.AG.MT.CE.AR5:GRC,2008-12-31,2.7005
WDI:EN.GHG.N2O.AG.MT.CE.AR5:GRC,2009-12-31,2.8279
WDI:EN.GHG.N2O.AG.MT.CE.AR5:GRC,2010-12-31,2.8934
WDI:EN.GHG.N2O.AG.MT.CE.AR5:GRC,2011-12-31,2.7996
WDI:EN.GHG.N2O.AG.MT.CE.AR5:GRC,2012-12-31,2.808
WDI:EN.GHG.N2O.AG.MT.CE.AR5:GRC,2013-12-31,2.8086
WDI:EN.GHG.N2O.AG.MT.CE.AR5:GRC,2014-12-31,2.7616
WDI:EN.GHG.N2O.AG.MT.CE.AR5:GRC,2015-12-31,2.7172
WDI:EN.GHG.N2O.AG.MT.CE.AR5:GRC,2016-12-31,2.7265
WDI:EN.GHG.N2O.AG.MT.CE.AR5:GRC,2017-12-31,2.7097
WDI:EN.GHG.N2O.AG.MT.CE.AR5:GRC,2018-12-31,2.5722
WDI:EN.GHG.N2O.AG.MT.CE.AR5:GRC,2019-12-31,2.5856
WDI:EN.GHG.N2O.AG.MT.CE.AR5:GRC,2020-12-31,2.5952
WDI:EN.GHG.N2O.AG.MT.CE.AR5:GRC,2021-12-31,2.3678
WDI:EN.GHG.N2O.AG.MT.CE.AR5:GRC,2022-12-31,2.442
WDI:EN.GHG.N2O.AG.MT.CE.AR5:GRC,2023-12-31,2.4642
WDI:EN.GHG.N2O.AG.MT.CE.AR5:GRC,2024-12-31,2.4369
WDI:EN.GHG.N2O.AG.MT.CE.AR5:GRD,1970-12-31,0.0045
WDI:EN.GHG.N2O.AG.MT.CE.AR5:GRD,1971-12-31,0.0046
WDI:EN.GHG.N2O.AG.MT.CE.AR5:GRD,1972-12-31,0.0043
WDI:EN.GHG.N2O.AG.MT.CE.AR5:GRD,1973-12-31,0.0044
WDI:EN.GHG.N2O.AG.MT.CE.AR5:GRD,1974-12-31,0.0042
WDI:EN.GHG.N2O.AG.MT.CE.AR5:GRD,1975-12-31,0.0038
WDI:EN.GHG.N2O.AG.MT.CE.AR5:GRD,1976-12-31,0.0043
WDI:EN.GHG.N2O.AG.MT.CE.AR5:GRD,1977-12-31,0.0046
WDI:EN.GHG.N2O.AG.MT.CE.AR5:GRD,1978-12-31,0.0049
WDI:EN.GHG.N2O.AG.MT.CE.AR5:GRD,1979-12-31,0.0051
WDI:EN.GHG.N2O.AG.MT.CE.AR5:GRD,1980-12-31,0.0049
WDI:EN.GHG.N2O.AG.MT.CE.AR5:GRD,1981-12-31,0.0049
WDI:EN.GHG.N2O.AG.MT.CE.AR5:GRD,1982-12-31,0.0049
WDI:EN.GHG.N2O.AG.MT.CE.AR5:GRD,1983-12-31,0.0048
WDI:EN.GHG.N2O.AG.MT.CE.AR5:GRD,1984-12-31,0.0046
WDI:EN.GHG.N2O.AG.MT.CE.AR5:GRD,1985-12-31,0.0043
WDI:EN.GHG.N2O.AG.MT.CE.AR5:GRD,1986-12-31,0.0041
WDI:EN.GHG.N2O.AG.MT.CE.AR5:GRD,1987-12-31,0.0039
WDI:EN.GHG.N2O.AG.MT.CE.AR5:GRD,1988-12-31,0.0039
WDI:EN.GHG.N2O.AG.MT.CE.AR5:GRD,1989-12-31,0.004
WDI:EN.GHG.N2O.AG.MT.CE.AR5:GRD,1990-12-31,0.004
WDI:EN.GHG.N2O.AG.MT.CE.AR5:GRD,1991-12-31,0.004
WDI:EN.GHG.N2O.AG.MT.CE.AR5:GRD,1992-12-31,0.004
WDI:EN.GHG.N2O.AG.MT.CE.AR5:GRD,1993-12-31,0.004
WDI:EN.GHG.N2O.AG.MT.CE.AR5:GRD,1994-12-31,0.0042
WDI:EN.GHG.N2O.AG.MT.CE.AR5:GRD,1995-12-31,0.0043
WDI:EN.GHG.N2O.AG.MT.CE.AR5:GRD,1996-12-31,0.0041
WDI:EN.GHG.N2O.AG.MT.CE.AR5:GRD,1997-12-31,0.0041
WDI:EN.GHG.N2O.AG.MT.CE.AR5:GRD,1998-12-31,0.004
WDI:EN.GHG.N2O.AG.MT.CE.AR5:GRD,1999-12-31,0.0042
WDI:EN.GHG.N2O.AG.MT.CE.AR5:GRD,2000-12-31,0.0037
WDI:EN.GHG.N2O.AG.MT.CE.AR5:GRD,2001-12-31,0.0037
WDI:EN.GHG.N2O.AG.MT.CE.AR5:GRD,2002-12-31,0.0039
WDI:EN.GHG.N2O.AG.MT.CE.AR5:GRD,2003-12-31,0.004
WDI:EN.GHG.N2O.AG.MT.CE.AR5:GRD,2004-12-31,0.0039
WDI:EN.GHG.N2O.AG.MT.CE.AR5:GRD,2005-12-31,0.0039
WDI:EN.GHG.N2O.AG.MT.CE.AR5:GRD,2006-12-31,0.004
WDI:EN.GHG.N2O.AG.MT.CE.AR5:GRD,2007-12-31,0.0041
WDI:EN.GHG.N2O.AG.MT.CE.AR5:GRD,2008-12-31,0.0042
WDI:EN.GHG.N2O.AG.MT.CE.AR5:GRD,2009-12-31,0.0042
WDI:EN.GHG.N2O.AG.MT.CE.AR5:GRD,2010-12-31,0.0041
WDI:EN.GHG.N2O.AG.MT.CE.AR5:GRD,2011-12-31,0.0041
WDI:EN.GHG.N2O.AG.MT.CE.AR5:GRD,2012-12-31,0.0041
WDI:EN.GHG.N2O.AG.MT.CE.AR5:GRD,2013-12-31,0.004
WDI:EN.GHG.N2O.AG.MT.CE.AR5:GRD,2014-12-31,0.0042
WDI:EN.GHG.N2O.AG.MT.CE.AR5:GRD,2015-12-31,0.0042
WDI:EN.GHG.N2O.AG.MT.CE.AR5:GRD,2016-12-31,0.004
WDI:EN.GHG.N2O.AG.MT.CE.AR5:GRD,2017-12-31,0.0039
WDI:EN.GHG.N2O.AG.MT.CE.AR5:GRD,2018-12-31,0.0039
WDI:EN.GHG.N2O.AG.MT.CE.AR5:GRD,2019-12-31,0.004
WDI:EN.GHG.N2O.AG.MT.CE.AR5:GRD,2020-12-31,0.004
WDI:EN.GHG.N2O.AG.MT.CE.AR5:GRD,2021-12-31,0.004
WDI:EN.GHG.N2O.AG.MT.CE.AR5:GRD,2022-12-31,0.0039
WDI:EN.GHG.N2O.AG.MT.CE.AR5:GRD,2023-12-31,0.0046
WDI:EN.GHG.N2O.AG.MT.CE.AR5:GRD,2024-12-31,0.0048
WDI:EN.GHG.N2O.AG.MT.CE.AR5:GRL,1970-12-31,0.002
WDI:EN.GHG.N2O.AG.MT.CE.AR5:GRL,1971-12-31,0.002
WDI:EN.GHG.N2O.AG.MT.CE.AR5:GRL,1972-12-31,0.0021
WDI:EN.GHG.N2O.AG.MT.CE.AR5:GRL,1973-12-31,0.0013
WDI:EN.GHG.N2O.AG.MT.CE.AR5:GRL,1974-12-31,0.0013
WDI:EN.GHG.N2O.AG.MT.CE.AR5:GRL,1975-12-31,0.0013
WDI:EN.GHG.N2O.AG.MT.CE.AR5:GRL,1976-12-31,0.0013
WDI:EN.GHG.N2O.AG.MT.CE.AR5:GRL,1977-12-31,0.0009
WDI:EN.GHG.N2O.AG.MT.CE.AR5:GRL,1978-12-31,0.0011
WDI:EN.GHG.N2O.AG.MT.CE.AR5:GRL,1979-12-31,0.0012
WDI:EN.GHG.N2O.AG.MT.CE.AR5:GRL,1980-12-31,0.0013
WDI:EN.GHG.N2O.AG.MT.CE.AR5:GRL,1981-12-31,0.0014
WDI:EN.GHG.N2O.AG.MT.CE.AR5:GRL,1982-12-31,0.0015
WDI:EN.GHG.N2O.AG.MT.CE.AR5:GRL,1983-12-31,0.0014
WDI:EN.GHG.N2O.AG.MT.CE.AR5:GRL,1984-12-31,0.0013
WDI:EN.GHG.N2O.AG.MT.CE.AR5:GRL,1985-12-31,0.0013
WDI:EN.GHG.N2O.AG.MT.CE.AR5:GRL,1986-12-31,0.0013
WDI:EN.GHG.N2O.AG.MT.CE.AR5:GRL,1987-12-31,0.0013
WDI:EN.GHG.N2O.AG.MT.CE.AR5:GRL,1988-12-31,0.0013
WDI:EN.GHG.N2O.AG.MT.CE.AR5:GRL,1989-12-31,0.0013
WDI:EN.GHG.N2O.AG.MT.CE.AR5:GRL,1990-12-31,0.0013
WDI:EN.GHG.N2O.AG.MT.CE.AR5:GRL,1991-12-31,0.0013
WDI:EN.GHG.N2O.AG.MT.CE.AR5:GRL,1992-12-31,0.0013
WDI:EN.GHG.N2O.AG.MT.CE.AR5:GRL,1993-12-31,0.0014
WDI:EN.GHG.N2O.AG.MT.CE.AR5:GRL,1994-12-31,0.0014
WDI:EN.GHG.N2O.AG.MT.CE.AR5:GRL,1995-12-31,0.0014
WDI:EN.GHG.N2O.AG.MT.CE.AR5:GRL,1996-12-31,0.0014
WDI:EN.GHG.N2O.AG.MT.CE.AR5:GRL,1997-12-31,0.0014
WDI:EN.GHG.N2O.AG.MT.CE.AR5:GRL,1998-12-31,0.0014
WDI:EN.GHG.N2O.AG.MT.CE.AR5:GRL,1999-12-31,0.0014
WDI:EN.GHG.N2O.AG.MT.CE.AR5:GRL,2000-12-31,0.0013
WDI:EN.GHG.N2O.AG.MT.CE.AR5:GRL,2001-12-31,0.0013
WDI:EN.GHG.N2O.AG.MT.CE.AR5:GRL,2002-12-31,0.0012
WDI:EN.GHG.N2O.AG.MT.CE.AR5:GRL,2003-12-31,0.0012
WDI:EN.GHG.N2O.AG.MT.CE.AR5:GRL,2004-12-31,0.0012
WDI:EN.GHG.N2O.AG.MT.CE.AR5:GRL,2005-12-31,0.0012
WDI:EN.GHG.N2O.AG.MT.CE.AR5:GRL,2006-12-31,0.0012
WDI:EN.GHG.N2O.AG.MT.CE.AR5:GRL,2007-12-31,0.0013
WDI:EN.GHG.N2O.AG.MT.CE.AR5:GRL,2008-12-31,0.0013
WDI:EN.GHG.N2O.AG.MT.CE.AR5:GRL,2009-12-31,0.0013
WDI:EN.GHG.N2O.AG.MT.CE.AR5:GRL,2010-12-31,0.0013
WDI:EN.GHG.N2O.AG.MT.CE.AR5:GRL,2011-12-31,0.0013
WDI:EN.GHG.N2O.AG.MT.CE.AR5:GRL,2012-12-31,0.0013
WDI:EN.GHG.N2O.AG.MT.CE.AR5:GRL,2013-12-31,0.0013
WDI:EN.GHG.N2O.AG.MT.CE.AR5:GRL,2014-12-31,0.0012
WDI:EN.GHG.N2O.AG.MT.CE.AR5:GRL,2015-12-31,0.0012
WDI:EN.GHG.N2O.AG.MT.CE.AR5:GRL,2016-12-31,0.0012
WDI:EN.GHG.N2O.AG.MT.CE.AR5:GRL,2017-12-31,0.0012
WDI:EN.GHG.N2O.AG.MT.CE.AR5:GRL,2018-12-31,0.0012
WDI:EN.GHG.N2O.AG.MT.CE.AR5:GRL,2019-12-31,0.0012
WDI:EN.GHG.N2O.AG.MT.CE.AR5:GRL,2020-12-31,0.0012
WDI:EN.GHG.N2O.AG.MT.CE.AR5:GRL,2021-12-31,0.0012
WDI:EN.GHG.N2O.AG.MT.CE.AR5:GRL,2022-12-31,0.0012
WDI:EN.GHG.N2O.AG.MT.CE.AR5:GRL,2023-12-31,0.0012
WDI:EN.GHG.N2O.AG.MT.CE.AR5:GRL,2024-12-31,0.0012
WDI:EN.GHG.N2O.AG.MT.CE.AR5:GTM,1970-12-31,0.9137
WDI:EN.GHG.N2O.AG.MT.CE.AR5:GTM,1971-12-31,0.9669
WDI:EN.GHG.N2O.AG.MT.CE.AR5:GTM,1972-12-31,1.0115
WDI:EN.GHG.N2O.AG.MT.CE.AR5:GTM,1973-12-31,0.9979
WDI:EN.GHG.N2O.AG.MT.CE.AR5:GTM,1974-12-31,0.9484
WDI:EN.GHG.N2O.AG.MT.CE.AR5:GTM,1975-12-31,0.9346
WDI:EN.GHG.N2O.AG.MT.CE.AR5:GTM,1976-12-31,0.9111
WDI:EN.GHG.N2O.AG.MT.CE.AR5:GTM,1977-12-31,1.0012
WDI:EN.GHG.N2O.AG.MT.CE.AR5:GTM,1978-12-31,1.027
WDI:EN.GHG.N2O.AG.MT.CE.AR5:GTM,1979-12-31,1.0737
WDI:EN.GHG.N2O.AG.MT.CE.AR5:GTM,1980-12-31,1.1629
WDI:EN.GHG.N2O.AG.MT.CE.AR5:GTM,1981-12-31,1.1547
WDI:EN.GHG.N2O.AG.MT.CE.AR5:GTM,1982-12-31,1.1941
WDI:EN.GHG.N2O.AG.MT.CE.AR5:GTM,1983-12-31,1.1755
WDI:EN.GHG.N2O.AG.MT.CE.AR5:GTM,1984-12-31,1.2199
WDI:EN.GHG.N2O.AG.MT.CE.AR5:GTM,1985-12-31,1.2517
WDI:EN.GHG.N2O.AG.MT.CE.AR5:GTM,1986-12-31,1.3581
WDI:EN.GHG.N2O.AG.MT.CE.AR5:GTM,1987-12-31,1.2879
WDI:EN.GHG.N2O.AG.MT.CE.AR5:GTM,1988-12-31,1.2957
WDI:EN.GHG.N2O.AG.MT.CE.AR5:GTM,1989-12-31,1.4064
WDI:EN.GHG.N2O.AG.MT.CE.AR5:GTM,1990-12-31,1.4666
WDI:EN.GHG.N2O.AG.MT.CE.AR5:GTM,1991-12-31,1.5807
WDI:EN.GHG.N2O.AG.MT.CE.AR5:GTM,1992-12-31,1.653
WDI:EN.GHG.N2O.AG.MT.CE.AR5:GTM,1993-12-31,1.7629
WDI:EN.GHG.N2O.AG.MT.CE.AR5:GTM,1994-12-31,1.7674
WDI:EN.GHG.N2O.AG.MT.CE.AR5:GTM,1995-12-31,1.7984
WDI:EN.GHG.N2O.AG.MT.CE.AR5:GTM,1996-12-31,1.7837
WDI:EN.GHG.N2O.AG.MT.CE.AR5:GTM,1997-12-31,1.8616
WDI:EN.GHG.N2O.AG.MT.CE.AR5:GTM,1998-12-31,1.7792
WDI:EN.GHG.N2O.AG.MT.CE.AR5:GTM,1999-12-31,1.9494
WDI:EN.GHG.N2O.AG.MT.CE.AR5:GTM,2000-12-31,1.9651
WDI:EN.GHG.N2O.AG.MT.CE.AR5:GTM,2001-12-31,2.0238
WDI:EN.GHG.N2O.AG.MT.CE.AR5:GTM,2002-12-31,1.9968
WDI:EN.GHG.N2O.AG.MT.CE.AR5:GTM,2003-12-31,1.8802
WDI:EN.GHG.N2O.AG.MT.CE.AR5:GTM,2004-12-31,2.1665
WDI:EN.GHG.N2O.AG.MT.CE.AR5:GTM,2005-12-31,2.1201
WDI:EN.GHG.N2O.AG.MT.CE.AR5:GTM,2006-12-31,2.3798
WDI:EN.GHG.N2O.AG.MT.CE.AR5:GTM,2007-12-31,2.1898
WDI:EN.GHG.N2O.AG.MT.CE.AR5:GTM,2008-12-31,2.3109
WDI:EN.GHG.N2O.AG.MT.CE.AR5:GTM,2009-12-31,2.3975
WDI:EN.GHG.N2O.AG.MT.CE.AR5:GTM,2010-12-31,2.4891
WDI:EN.GHG.N2O.AG.MT.CE.AR5:GTM,2011-12-31,2.5311
WDI:EN.GHG.N2O.AG.MT.CE.AR5:GTM,2012-12-31,2.7126
WDI:EN.GHG.N2O.AG.MT.CE.AR5:GTM,2013-12-31,3.077
WDI:EN.GHG.N2O.AG.MT.CE.AR5:GTM,2014-12-31,3.1636
WDI:EN.GHG.N2O.AG.MT.CE.AR5:GTM,2015-12-31,3.0598
WDI:EN.GHG.N2O.AG.MT.CE.AR5:GTM,2016-12-31,3.0268
WDI:EN.GHG.N2O.AG.MT.CE.AR5:GTM,2017-12-31,3.1153
WDI:EN.GHG.N2O.AG.MT.CE.AR5:GTM,2018-12-31,3.264
WDI:EN.GHG.N2O.AG.MT.CE.AR5:GTM,2019-12-31,3.1869
WDI:EN.GHG.N2O.AG.MT.CE.AR5:GTM,2020-12-31,3.4917
WDI:EN.GHG.N2O.AG.MT.CE.AR5:GTM,2021-12-31,3.3014
WDI:EN.GHG.N2O.AG.MT.CE.AR5:GTM,2022-12-31,3.2524
WDI:EN.GHG.N2O.AG.MT.CE.AR5:GTM,2023-12-31,3.2601
WDI:EN.GHG.N2O.AG.MT.CE.AR5:GTM,2024-12-31,3.2763
WDI:EN.GHG.N2O.AG.MT.CE.AR5:GUM,1970-12-31,0.0043
WDI:EN.GHG.N2O.AG.MT.CE.AR5:GUM,1971-12-31,0.0034
WDI:EN.GHG.N2O.AG.MT.CE.AR5:GUM,1972-12-31,0.0033
WDI:EN.GHG.N2O.AG.MT.CE.AR5:GUM,1973-12-31,0.0033
WDI:EN.GHG.N2O.AG.MT.CE.AR5:GUM,1974-12-31,0.0028
WDI:EN.GHG.N2O.AG.MT.CE.AR5:GUM,1975-12-31,0.0028
WDI:EN.GHG.N2O.AG.MT.CE.AR5:GUM,1976-12-31,0.0021
WDI:EN.GHG.N2O.AG.MT.CE.AR5:GUM,1977-12-31,0.0021
WDI:EN.GHG.N2O.AG.MT.CE.AR5:GUM,1978-12-31,0.0023
WDI:EN.GHG.N2O.AG.MT.CE.AR5:GUM,1979-12-31,0.0024
WDI:EN.GHG.N2O.AG.MT.CE.AR5:GUM,1980-12-31,0.0023
WDI:EN.GHG.N2O.AG.MT.CE.AR5:GUM,1981-12-31,0.0023
WDI:EN.GHG.N2O.AG.MT.CE.AR5:GUM,1982-12-31,0.0021
WDI:EN.GHG.N2O.AG.MT.CE.AR5:GUM,1983-12-31,0.0022
WDI:EN.GHG.N2O.AG.MT.CE.AR5:GUM,1984-12-31,0.0022
WDI:EN.GHG.N2O.AG.MT.CE.AR5:GUM,1985-12-31,0.0021
WDI:EN.GHG.N2O.AG.MT.CE.AR5:GUM,1986-12-31,0.0022
WDI:EN.GHG.N2O.AG.MT.CE.AR5:GUM,1987-12-31,0.0021
WDI:EN.GHG.N2O.AG.MT.CE.AR5:GUM,1988-12-31,0.0022
WDI:EN.GHG.N2O.AG.MT.CE.AR5:GUM,1989-12-31,0.0014
WDI:EN.GHG.N2O.AG.MT.CE.AR5:GUM,1990-12-31,0.0011
WDI:EN.GHG.N2O.AG.MT.CE.AR5:GUM,1991-12-31,0.0011
WDI:EN.GHG.N2O.AG.MT.CE.AR5:GUM,1992-12-31,0.0011
WDI:EN.GHG.N2O.AG.MT.CE.AR5:GUM,1993-12-31,0.0012
WDI:EN.GHG.N2O.AG.MT.CE.AR5:GUM,1994-12-31,0.0012
WDI:EN.GHG.N2O.AG.MT.CE.AR5:GUM,1995-12-31,0.0013
WDI:EN.GHG.N2O.AG.MT.CE.AR5:GUM,1996-12-31,0.0013
WDI:EN.GHG.N2O.AG.MT.CE.AR5:GUM,1997-12-31,0.0013
WDI:EN.GHG.N2O.AG.MT.CE.AR5:GUM,1998-12-31,0.0013
WDI:EN.GHG.N2O.AG.MT.CE.AR5:GUM,1999-12-31,0.0013
WDI:EN.GHG.N2O.AG.MT.CE.AR5:GUM,2000-12-31,0.0013
WDI:EN.GHG.N2O.AG.MT.CE.AR5:GUM,2001-12-31,0.0013
WDI:EN.GHG.N2O.AG.MT.CE.AR5:GUM,2002-12-31,0.0014
WDI:EN.GHG.N2O.AG.MT.CE.AR5:GUM,2003-12-31,0.0014
WDI:EN.GHG.N2O.AG.MT.CE.AR5:GUM,2004-12-31,0.0014
WDI:EN.GHG.N2O.AG.MT.CE.AR5:GUM,2005-12-31,0.0014
WDI:EN.GHG.N2O.AG.MT.CE.AR5:GUM,2006-12-31,0.0014
WDI:EN.GHG.N2O.AG.MT.CE.AR5:GUM,2007-12-31,0.0015
WDI:EN.GHG.N2O.AG.MT.CE.AR5:GUM,2008-12-31,0.0015
WDI:EN.GHG.N2O.AG.MT.CE.AR5:GUM,2009-12-31,0.0015
WDI:EN.GHG.N2O.AG.MT.CE.AR5:GUM,2010-12-31,0.0014
WDI:EN.GHG.N2O.AG.MT.CE.AR5:GUM,2011-12-31,0.0015
WDI:EN.GHG.N2O.AG.MT.CE.AR5:GUM,2012-12-31,0.0018
WDI:EN.GHG.N2O.AG.MT.CE.AR5:GUM,2013-12-31,0.0018
WDI:EN.GHG.N2O.AG.MT.CE.AR5:GUM,2014-12-31,0.0018
WDI:EN.GHG.N2O.AG.MT.CE.AR5:GUM,2015-12-31,0.0018
WDI:EN.GHG.N2O.AG.MT.CE.AR5:GUM,2016-12-31,0.0018
WDI:EN.GHG.N2O.AG.MT.CE.AR5:GUM,2017-12-31,0.0018
WDI:EN.GHG.N2O.AG.MT.CE.AR5:GUM,2018-12-31,0.0018
WDI:EN.GHG.N2O.AG.MT.CE.AR5:GUM,2019-12-31,0.0018
WDI:EN.GHG.N2O.AG.MT.CE.AR5:GUM,2020-12-31,0.0018
WDI:EN.GHG.N2O.AG.MT.CE.AR5:GUM,2021-12-31,0.0018
WDI:EN.GHG.N2O.AG.MT.CE.AR5:GUM,2022-12-31,0.0019
WDI:EN.GHG.N2O.AG.MT.CE.AR5:GUM,2023-12-31,0.0019
WDI:EN.GHG.N2O.AG.MT.CE.AR5:GUM,2024-12-31,0.0019
WDI:EN.GHG.N2O.AG.MT.CE.AR5:GUY,1970-12-31,0.1925
WDI:EN.GHG.N2O.AG.MT.CE.AR5:GUY,1971-12-31,0.1942
WDI:EN.GHG.N2O.AG.MT.CE.AR5:GUY,1972-12-31,0.1939
WDI:EN.GHG.N2O.AG.MT.CE.AR5:GUY,1973-12-31,0.1975
WDI:EN.GHG.N2O.AG.MT.CE.AR5:GUY,1974-12-31,0.2012
WDI:EN.GHG.N2O.AG.MT.CE.AR5:GUY,1975-12-31,0.206
WDI:EN.GHG.N2O.AG.MT.CE.AR5:GUY,1976-12-31,0.2066
WDI:EN.GHG.N2O.AG.MT.CE.AR5:GUY,1977-12-31,0.209
WDI:EN.GHG.N2O.AG.MT.CE.AR5:GUY,1978-12-31,0.2033
WDI:EN.GHG.N2O.AG.MT.CE.AR5:GUY,1979-12-31,0.1713
WDI:EN.GHG.N2O.AG.MT.CE.AR5:GUY,1980-12-31,0.1769
WDI:EN.GHG.N2O.AG.MT.CE.AR5:GUY,1981-12-31,0.176
WDI:EN.GHG.N2O.AG.MT.CE.AR5:GUY,1982-12-31,0.1719
WDI:EN.GHG.N2O.AG.MT.CE.AR5:GUY,1983-12-31,0.1597
WDI:EN.GHG.N2O.AG.MT.CE.AR5:GUY,1984-12-31,0.1514
WDI:EN.GHG.N2O.AG.MT.CE.AR5:GUY,1985-12-31,0.146
WDI:EN.GHG.N2O.AG.MT.CE.AR5:GUY,1986-12-31,0.1472
WDI:EN.GHG.N2O.AG.MT.CE.AR5:GUY,1987-12-31,0.15
WDI:EN.GHG.N2O.AG.MT.CE.AR5:GUY,1988-12-31,0.1528
WDI:EN.GHG.N2O.AG.MT.CE.AR5:GUY,1989-12-31,0.1507
WDI:EN.GHG.N2O.AG.MT.CE.AR5:GUY,1990-12-31,0.1474
WDI:EN.GHG.N2O.AG.MT.CE.AR5:GUY,1991-12-31,0.1601
WDI:EN.GHG.N2O.AG.MT.CE.AR5:GUY,1992-12-31,0.1675
WDI:EN.GHG.N2O.AG.MT.CE.AR5:GUY,1993-12-31,0.1993
WDI:EN.GHG.N2O.AG.MT.CE.AR5:GUY,1994-12-31,0.1992
WDI:EN.GHG.N2O.AG.MT.CE.AR5:GUY,1995-12-31,0.2201
WDI:EN.GHG.N2O.AG.MT.CE.AR5:GUY,1996-12-31,0.2303
WDI:EN.GHG.N2O.AG.MT.CE.AR5:GUY,1997-12-31,0.2328
WDI:EN.GHG.N2O.AG.MT.CE.AR5:GUY,1998-12-31,0.2282
WDI:EN.GHG.N2O.AG.MT.CE.AR5:GUY,1999-12-31,0.2351
WDI:EN.GHG.N2O.AG.MT.CE.AR5:GUY,2000-12-31,0.2264
WDI:EN.GHG.N2O.AG.MT.CE.AR5:GUY,2001-12-31,0.2289
WDI:EN.GHG.N2O.AG.MT.CE.AR5:GUY,2002-12-31,0.2333
WDI:EN.GHG.N2O.AG.MT.CE.AR5:GUY,2003-12-31,0.2485
WDI:EN.GHG.N2O.AG.MT.CE.AR5:GUY,2004-12-31,0.2655
WDI:EN.GHG.N2O.AG.MT.CE.AR5:GUY,2005-12-31,0.258
WDI:EN.GHG.N2O.AG.MT.CE.AR5:GUY,2006-12-31,0.2544
WDI:EN.GHG.N2O.AG.MT.CE.AR5:GUY,2007-12-31,0.2638
WDI:EN.GHG.N2O.AG.MT.CE.AR5:GUY,2008-12-31,0.2601
WDI:EN.GHG.N2O.AG.MT.CE.AR5:GUY,2009-12-31,0.2689
WDI:EN.GHG.N2O.AG.MT.CE.AR5:GUY,2010-12-31,0.2654
WDI:EN.GHG.N2O.AG.MT.CE.AR5:GUY,2011-12-31,0.272
WDI:EN.GHG.N2O.AG.MT.CE.AR5:GUY,2012-12-31,0.2796
WDI:EN.GHG.N2O.AG.MT.CE.AR5:GUY,2013-12-31,0.2827
WDI:EN.GHG.N2O.AG.MT.CE.AR5:GUY,2014-12-31,0.2875
WDI:EN.GHG.N2O.AG.MT.CE.AR5:GUY,2015-12-31,0.29
WDI:EN.GHG.N2O.AG.MT.CE.AR5:GUY,2016-12-31,0.2821
WDI:EN.GHG.N2O.AG.MT.CE.AR5:GUY,2017-12-31,0.2862
WDI:EN.GHG.N2O.AG.MT.CE.AR5:GUY,2018-12-31,0.2843
WDI:EN.GHG.N2O.AG.MT.CE.AR5:GUY,2019-12-31,0.2871
WDI:EN.GHG.N2O.AG.MT.CE.AR5:GUY,2020-12-31,0.2884
WDI:EN.GHG.N2O.AG.MT.CE.AR5:GUY,2021-12-31,0.2865
WDI:EN.GHG.N2O.AG.MT.CE.AR5:GUY,2022-12-31,0.2929
WDI:EN.GHG.N2O.AG.MT.CE.AR5:GUY,2023-12-31,0.2977
WDI:EN.GHG.N2O.AG.MT.CE.AR5:GUY,2024-12-31,0.2985
WDI:EN.GHG.N2O.AG.MT.CE.AR5:HIC,1970-12-31,417.72709999999984
WDI:EN.GHG.N2O.AG.MT.CE.AR5:HIC,1971-12-31,426.04280000000006
WDI:EN.GHG.N2O.AG.MT.CE.AR5:HIC,1972-12-31,429.43399999999986
WDI:EN.GHG.N2O.AG.MT.CE.AR5:HIC,1973-12-31,435.60540000000003
WDI:EN.GHG.N2O.AG.MT.CE.AR5:HIC,1974-12-31,437.91849999999994
WDI:EN.GHG.N2O.AG.MT.CE.AR5:HIC,1975-12-31,455.41489999999993
WDI:EN.GHG.N2O.AG.MT.CE.AR5:HIC,1976-12-31,460.6078
WDI:EN.GHG.N2O.AG.MT.CE.AR5:HIC,1977-12-31,458.95380000000006
WDI:EN.GHG.N2O.AG.MT.CE.AR5:HIC,1978-12-31,470.5938999999999
WDI:EN.GHG.N2O.AG.MT.CE.AR5:HIC,1979-12-31,477.1872
WDI:EN.GHG.N2O.AG.MT.CE.AR5:HIC,1980-12-31,480.6449999999999
WDI:EN.GHG.N2O.AG.MT.CE.AR5:HIC,1981-12-31,479.6626000000001
WDI:EN.GHG.N2O.AG.MT.CE.AR5:HIC,1982-12-31,476.90470000000005
WDI:EN.GHG.N2O.AG.MT.CE.AR5:HIC,1983-12-31,483.3830000000001
WDI:EN.GHG.N2O.AG.MT.CE.AR5:HIC,1984-12-31,495.1286000000001
WDI:EN.GHG.N2O.AG.MT.CE.AR5:HIC,1985-12-31,491.8769000000001
WDI:EN.GHG.N2O.AG.MT.CE.AR5:HIC,1986-12-31,494.1320000000001
WDI:EN.GHG.N2O.AG.MT.CE.AR5:HIC,1987-12-31,490.4006999999999
WDI:EN.GHG.N2O.AG.MT.CE.AR5:HIC,1988-12-31,488.2558000000001
WDI:EN.GHG.N2O.AG.MT.CE.AR5:HIC,1989-12-31,492.48189999999994
WDI:EN.GHG.N2O.AG.MT.CE.AR5:HIC,1990-12-31,486.02720000000005
WDI:EN.GHG.N2O.AG.MT.CE.AR5:HIC,1991-12-31,468.1278000000001
WDI:EN.GHG.N2O.AG.MT.CE.AR5:HIC,1992-12-31,457.1839000000001
WDI:EN.GHG.N2O.AG.MT.CE.AR5:HIC,1993-12-31,456.05429999999996
WDI:EN.GHG.N2O.AG.MT.CE.AR5:HIC,1994-12-31,453.40109999999993
WDI:EN.GHG.N2O.AG.MT.CE.AR5:HIC,1995-12-31,446.90930000000003
WDI:EN.GHG.N2O.AG.MT.CE.AR5:HIC,1996-12-31,454.8934
WDI:EN.GHG.N2O.AG.MT.CE.AR5:HIC,1997-12-31,453.29420000000005
WDI:EN.GHG.N2O.AG.MT.CE.AR5:HIC,1998-12-31,448.72790000000003
WDI:EN.GHG.N2O.AG.MT.CE.AR5:HIC,1999-12-31,447.4143
WDI:EN.GHG.N2O.AG.MT.CE.AR5:HIC,2000-12-31,441.6946
WDI:EN.GHG.N2O.AG.MT.CE.AR5:HIC,2001-12-31,442.34189999999995
WDI:EN.GHG.N2O.AG.MT.CE.AR5:HIC,2002-12-31,439.61069999999984
WDI:EN.GHG.N2O.AG.MT.CE.AR5:HIC,2003-12-31,441.2716999999999
WDI:EN.GHG.N2O.AG.MT.CE.AR5:HIC,2004-12-31,444.2916999999999
WDI:EN.GHG.N2O.AG.MT.CE.AR5:HIC,2005-12-31,437.38070000000016
WDI:EN.GHG.N2O.AG.MT.CE.AR5:HIC,2006-12-31,440.29729999999995
WDI:EN.GHG.N2O.AG.MT.CE.AR5:HIC,2007-12-31,443.29619999999994
WDI:EN.GHG.N2O.AG.MT.CE.AR5:HIC,2008-12-31,434.5236
WDI:EN.GHG.N2O.AG.MT.CE.AR5:HIC,2009-12-31,437.75280000000004
WDI:EN.GHG.N2O.AG.MT.CE.AR5:HIC,2010-12-31,441.4305999999999
WDI:EN.GHG.N2O.AG.MT.CE.AR5:HIC,2011-12-31,445.0057000000001
WDI:EN.GHG.N2O.AG.MT.CE.AR5:HIC,2012-12-31,447.1336000000001
WDI:EN.GHG.N2O.AG.MT.CE.AR5:HIC,2013-12-31,453.5406000000001
WDI:EN.GHG.N2O.AG.MT.CE.AR5:HIC,2014-12-31,456.39099999999996
WDI:EN.GHG.N2O.AG.MT.CE.AR5:HIC,2015-12-31,457.27620000000013
WDI:EN.GHG.N2O.AG.MT.CE.AR5:HIC,2016-12-31,464.44689999999997
WDI:EN.GHG.N2O.AG.MT.CE.AR5:HIC,2017-12-31,467.4256999999998
WDI:EN.GHG.N2O.AG.MT.CE.AR5:HIC,2018-12-31,459.4918
WDI:EN.GHG.N2O.AG.MT.CE.AR5:HIC,2019-12-31,462.3336
WDI:EN.GHG.N2O.AG.MT.CE.AR5:HIC,2020-12-31,464.53119999999996
WDI:EN.GHG.N2O.AG.MT.CE.AR5:HIC,2021-12-31,457.6892000000001
WDI:EN.GHG.N2O.AG.MT.CE.AR5:HIC,2022-12-31,459.91049999999996
WDI:EN.GHG.N2O.AG.MT.CE.AR5:HIC,2023-12-31,460.2508
WDI:EN.GHG.N2O.AG.MT.CE.AR5:HIC,2024-12-31,460.316
WDI:EN.GHG.N2O.AG.MT.CE.AR5:HKG,1970-12-31,0.0336
WDI:EN.GHG.N2O.AG.MT.CE.AR5:HKG,1971-12-31,0.0374
WDI:EN.GHG.N2O.AG.MT.CE.AR5:HKG,1972-12-31,0.0384
WDI:EN.GHG.N2O.AG.MT.CE.AR5:HKG,1973-12-31,0.0303
WDI:EN.GHG.N2O.AG.MT.CE.AR5:HKG,1974-12-31,0.0264
WDI:EN.GHG.N2O.AG.MT.CE.AR5:HKG,1975-12-31,0.0263
WDI:EN.GHG.N2O.AG.MT.CE.AR5:HKG,1976-12-31,0.029
WDI:EN.GHG.N2O.AG.MT.CE.AR5:HKG,1977-12-31,0.0328
WDI:EN.GHG.N2O.AG.MT.CE.AR5:HKG,1978-12-31,0.0352
WDI:EN.GHG.N2O.AG.MT.CE.AR5:HKG,1979-12-31,0.039
WDI:EN.GHG.N2O.AG.MT.CE.AR5:HKG,1980-12-31,0.0395
WDI:EN.GHG.N2O.AG.MT.CE.AR5:HKG,1981-12-31,0.0357
WDI:EN.GHG.N2O.AG.MT.CE.AR5:HKG,1982-12-31,0.0362
WDI:EN.GHG.N2O.AG.MT.CE.AR5:HKG,1983-12-31,0.0381
WDI:EN.GHG.N2O.AG.MT.CE.AR5:HKG,1984-12-31,0.0367
WDI:EN.GHG.N2O.AG.MT.CE.AR5:HKG,1985-12-31,0.0362
WDI:EN.GHG.N2O.AG.MT.CE.AR5:HKG,1986-12-31,0.0305
WDI:EN.GHG.N2O.AG.MT.CE.AR5:HKG,1987-12-31,0.0316
WDI:EN.GHG.N2O.AG.MT.CE.AR5:HKG,1988-12-31,0.0302
WDI:EN.GHG.N2O.AG.MT.CE.AR5:HKG,1989-12-31,0.029
WDI:EN.GHG.N2O.AG.MT.CE.AR5:HKG,1990-12-31,0.0267
WDI:EN.GHG.N2O.AG.MT.CE.AR5:HKG,1991-12-31,0.023
WDI:EN.GHG.N2O.AG.MT.CE.AR5:HKG,1992-12-31,0.0196
WDI:EN.GHG.N2O.AG.MT.CE.AR5:HKG,1993-12-31,0.0141
WDI:EN.GHG.N2O.AG.MT.CE.AR5:HKG,1994-12-31,0.0138
WDI:EN.GHG.N2O.AG.MT.CE.AR5:HKG,1995-12-31,0.0142
WDI:EN.GHG.N2O.AG.MT.CE.AR5:HKG,1996-12-31,0.0136
WDI:EN.GHG.N2O.AG.MT.CE.AR5:HKG,1997-12-31,0.015
WDI:EN.GHG.N2O.AG.MT.CE.AR5:HKG,1998-12-31,0.0142
WDI:EN.GHG.N2O.AG.MT.CE.AR5:HKG,1999-12-31,0.0133
WDI:EN.GHG.N2O.AG.MT.CE.AR5:HKG,2000-12-31,0.0141
WDI:EN.GHG.N2O.AG.MT.CE.AR5:HKG,2001-12-31,0.0145
WDI:EN.GHG.N2O.AG.MT.CE.AR5:HKG,2002-12-31,0.0139
WDI:EN.GHG.N2O.AG.MT.CE.AR5:HKG,2003-12-31,0.0126
WDI:EN.GHG.N2O.AG.MT.CE.AR5:HKG,2004-12-31,0.0125
WDI:EN.GHG.N2O.AG.MT.CE.AR5:HKG,2005-12-31,0.0125
WDI:EN.GHG.N2O.AG.MT.CE.AR5:HKG,2006-12-31,0.0127
WDI:EN.GHG.N2O.AG.MT.CE.AR5:HKG,2007-12-31,0.0107
WDI:EN.GHG.N2O.AG.MT.CE.AR5:HKG,2008-12-31,0.0107
WDI:EN.GHG.N2O.AG.MT.CE.AR5:HKG,2009-12-31,0.0115
WDI:EN.GHG.N2O.AG.MT.CE.AR5:HKG,2010-12-31,0.0121
WDI:EN.GHG.N2O.AG.MT.CE.AR5:HKG,2011-12-31,0.0124
WDI:EN.GHG.N2O.AG.MT.CE.AR5:HKG,2012-12-31,0.0124
WDI:EN.GHG.N2O.AG.MT.CE.AR5:HKG,2013-12-31,0.0126
WDI:EN.GHG.N2O.AG.MT.CE.AR5:HKG,2014-12-31,0.0127
WDI:EN.GHG.N2O.AG.MT.CE.AR5:HKG,2015-12-31,0.0135
WDI:EN.GHG.N2O.AG.MT.CE.AR5:HKG,2016-12-31,0.0135
WDI:EN.GHG.N2O.AG.MT.CE.AR5:HKG,2017-12-31,0.0145
WDI:EN.GHG.N2O.AG.MT.CE.AR5:HKG,2018-12-31,0.0146
WDI:EN.GHG.N2O.AG.MT.CE.AR5:HKG,2019-12-31,0.0148
WDI:EN.GHG.N2O.AG.MT.CE.AR5:HKG,2020-12-31,0.0155
WDI:EN.GHG.N2O.AG.MT.CE.AR5:HKG,2021-12-31,0.015
WDI:EN.GHG.N2O.AG.MT.CE.AR5:HKG,2022-12-31,0.0151
WDI:EN.GHG.N2O.AG.MT.CE.AR5:HKG,2023-12-31,0.0152
WDI:EN.GHG.N2O.AG.MT.CE.AR5:HKG,2024-12-31,0.0152
WDI:EN.GHG.N2O.AG.MT.CE.AR5:HND,1970-12-31,0.6817
WDI:EN.GHG.N2O.AG.MT.CE.AR5:HND,1971-12-31,0.6857
WDI:EN.GHG.N2O.AG.MT.CE.AR5:HND,1972-12-31,0.6959
WDI:EN.GHG.N2O.AG.MT.CE.AR5:HND,1973-12-31,0.6772
WDI:EN.GHG.N2O.AG.MT.CE.AR5:HND,1974-12-31,0.7002
WDI:EN.GHG.N2O.AG.MT.CE.AR5:HND,1975-12-31,0.7127
WDI:EN.GHG.N2O.AG.MT.CE.AR5:HND,1976-12-31,0.7237
WDI:EN.GHG.N2O.AG.MT.CE.AR5:HND,1977-12-31,0.7399
WDI:EN.GHG.N2O.AG.MT.CE.AR5:HND,1978-12-31,0.7528
WDI:EN.GHG.N2O.AG.MT.CE.AR5:HND,1979-12-31,0.7444
WDI:EN.GHG.N2O.AG.MT.CE.AR5:HND,1980-12-31,0.7635
WDI:EN.GHG.N2O.AG.MT.CE.AR5:HND,1981-12-31,0.7764
WDI:EN.GHG.N2O.AG.MT.CE.AR5:HND,1982-12-31,0.7763
WDI:EN.GHG.N2O.AG.MT.CE.AR5:HND,1983-12-31,0.8948
WDI:EN.GHG.N2O.AG.MT.CE.AR5:HND,1984-12-31,0.9546
WDI:EN.GHG.N2O.AG.MT.CE.AR5:HND,1985-12-31,0.9491
WDI:EN.GHG.N2O.AG.MT.CE.AR5:HND,1986-12-31,0.9366
WDI:EN.GHG.N2O.AG.MT.CE.AR5:HND,1987-12-31,0.9289
WDI:EN.GHG.N2O.AG.MT.CE.AR5:HND,1988-12-31,0.92
WDI:EN.GHG.N2O.AG.MT.CE.AR5:HND,1989-12-31,0.9039
WDI:EN.GHG.N2O.AG.MT.CE.AR5:HND,1990-12-31,0.9081
WDI:EN.GHG.N2O.AG.MT.CE.AR5:HND,1991-12-31,0.9135
WDI:EN.GHG.N2O.AG.MT.CE.AR5:HND,1992-12-31,0.9163
WDI:EN.GHG.N2O.AG.MT.CE.AR5:HND,1993-12-31,0.8485
WDI:EN.GHG.N2O.AG.MT.CE.AR5:HND,1994-12-31,0.8968
WDI:EN.GHG.N2O.AG.MT.CE.AR5:HND,1995-12-31,0.86
WDI:EN.GHG.N2O.AG.MT.CE.AR5:HND,1996-12-31,0.8751
WDI:EN.GHG.N2O.AG.MT.CE.AR5:HND,1997-12-31,0.8571
WDI:EN.GHG.N2O.AG.MT.CE.AR5:HND,1998-12-31,0.819
WDI:EN.GHG.N2O.AG.MT.CE.AR5:HND,1999-12-31,0.7561
WDI:EN.GHG.N2O.AG.MT.CE.AR5:HND,2000-12-31,0.7856
WDI:EN.GHG.N2O.AG.MT.CE.AR5:HND,2001-12-31,0.8391
WDI:EN.GHG.N2O.AG.MT.CE.AR5:HND,2002-12-31,0.9611
WDI:EN.GHG.N2O.AG.MT.CE.AR5:HND,2003-12-31,1.1048
WDI:EN.GHG.N2O.AG.MT.CE.AR5:HND,2004-12-31,1.1546
WDI:EN.GHG.N2O.AG.MT.CE.AR5:HND,2005-12-31,1.2178
WDI:EN.GHG.N2O.AG.MT.CE.AR5:HND,2006-12-31,1.1991
WDI:EN.GHG.N2O.AG.MT.CE.AR5:HND,2007-12-31,1.2198
WDI:EN.GHG.N2O.AG.MT.CE.AR5:HND,2008-12-31,1.2297
WDI:EN.GHG.N2O.AG.MT.CE.AR5:HND,2009-12-31,1.2915
WDI:EN.GHG.N2O.AG.MT.CE.AR5:HND,2010-12-31,1.2935
WDI:EN.GHG.N2O.AG.MT.CE.AR5:HND,2011-12-31,1.2833
WDI:EN.GHG.N2O.AG.MT.CE.AR5:HND,2012-12-31,1.3169
WDI:EN.GHG.N2O.AG.MT.CE.AR5:HND,2013-12-31,1.3292
WDI:EN.GHG.N2O.AG.MT.CE.AR5:HND,2014-12-31,1.3318
WDI:EN.GHG.N2O.AG.MT.CE.AR5:HND,2015-12-31,1.3384
WDI:EN.GHG.N2O.AG.MT.CE.AR5:HND,2016-12-31,1.3404
WDI:EN.GHG.N2O.AG.MT.CE.AR5:HND,2017-12-31,1.3466
WDI:EN.GHG.N2O.AG.MT.CE.AR5:HND,2018-12-31,1.3523
WDI:EN.GHG.N2O.AG.MT.CE.AR5:HND,2019-12-31,1.3583
WDI:EN.GHG.N2O.AG.MT.CE.AR5:HND,2020-12-31,1.3649
WDI:EN.GHG.N2O.AG.MT.CE.AR5:HND,2021-12-31,1.3691
WDI:EN.GHG.N2O.AG.MT.CE.AR5:HND,2022-12-31,1.377
WDI:EN.GHG.N2O.AG.MT.CE.AR5:HND,2023-12-31,1.3968
WDI:EN.GHG.N2O.AG.MT.CE.AR5:HND,2024-12-31,1.3981
WDI:EN.GHG.N2O.AG.MT.CE.AR5:HPC,1970-12-31,60.48769999999999
WDI:EN.GHG.N2O.AG.MT.CE.AR5:HPC,1971-12-31,60.85570000000002
WDI:EN.GHG.N2O.AG.MT.CE.AR5:HPC,1972-12-31,60.50899999999999
WDI:EN.GHG.N2O.AG.MT.CE.AR5:HPC,1973-12-31,60.1516
WDI:EN.GHG.N2O.AG.MT.CE.AR5:HPC,1974-12-31,60.20589999999999
WDI:EN.GHG.N2O.AG.MT.CE.AR5:HPC,1975-12-31,62.1557
WDI:EN.GHG.N2O.AG.MT.CE.AR5:HPC,1976-12-31,63.25050000000001
WDI:EN.GHG.N2O.AG.MT.CE.AR5:HPC,1977-12-31,64.64650000000002
WDI:EN.GHG.N2O.AG.MT.CE.AR5:HPC,1978-12-31,66.8017
WDI:EN.GHG.N2O.AG.MT.CE.AR5:HPC,1979-12-31,68.26679999999999
WDI:EN.GHG.N2O.AG.MT.CE.AR5:HPC,1980-12-31,69.8256
WDI:EN.GHG.N2O.AG.MT.CE.AR5:HPC,1981-12-31,71.35059999999999
WDI:EN.GHG.N2O.AG.MT.CE.AR5:HPC,1982-12-31,72.63320000000002
WDI:EN.GHG.N2O.AG.MT.CE.AR5:HPC,1983-12-31,72.74930000000002
WDI:EN.GHG.N2O.AG.MT.CE.AR5:HPC,1984-12-31,70.6748
WDI:EN.GHG.N2O.AG.MT.CE.AR5:HPC,1985-12-31,72.13910000000001
WDI:EN.GHG.N2O.AG.MT.CE.AR5:HPC,1986-12-31,72.0985
WDI:EN.GHG.N2O.AG.MT.CE.AR5:HPC,1987-12-31,71.59559999999999
WDI:EN.GHG.N2O.AG.MT.CE.AR5:HPC,1988-12-31,73.56159999999998
WDI:EN.GHG.N2O.AG.MT.CE.AR5:HPC,1989-12-31,75.24229999999999
WDI:EN.GHG.N2O.AG.MT.CE.AR5:HPC,1990-12-31,76.1992
WDI:EN.GHG.N2O.AG.MT.CE.AR5:HPC,1991-12-31,78.1931
WDI:EN.GHG.N2O.AG.MT.CE.AR5:HPC,1992-12-31,80.46579999999999
WDI:EN.GHG.N2O.AG.MT.CE.AR5:HPC,1993-12-31,81.6062
WDI:EN.GHG.N2O.AG.MT.CE.AR5:HPC,1994-12-31,83.5509
WDI:EN.GHG.N2O.AG.MT.CE.AR5:HPC,1995-12-31,85.28719999999997
WDI:EN.GHG.N2O.AG.MT.CE.AR5:HPC,1996-12-31,87.79160000000006
WDI:EN.GHG.N2O.AG.MT.CE.AR5:HPC,1997-12-31,90.91950000000001
WDI:EN.GHG.N2O.AG.MT.CE.AR5:HPC,1998-12-31,93.97879999999999
WDI:EN.GHG.N2O.AG.MT.CE.AR5:HPC,1999-12-31,97.19840000000002
WDI:EN.GHG.N2O.AG.MT.CE.AR5:HPC,2000-12-31,98.46679999999999
WDI:EN.GHG.N2O.AG.MT.CE.AR5:HPC,2001-12-31,101.10019999999997
WDI:EN.GHG.N2O.AG.MT.CE.AR5:HPC,2002-12-31,104.8315
WDI:EN.GHG.N2O.AG.MT.CE.AR5:HPC,2003-12-31,107.9803
WDI:EN.GHG.N2O.AG.MT.CE.AR5:HPC,2004-12-31,110.6563
WDI:EN.GHG.N2O.AG.MT.CE.AR5:HPC,2005-12-31,114.6307
WDI:EN.GHG.N2O.AG.MT.CE.AR5:HPC,2006-12-31,117.84639999999997
WDI:EN.GHG.N2O.AG.MT.CE.AR5:HPC,2007-12-31,121.78070000000002
WDI:EN.GHG.N2O.AG.MT.CE.AR5:HPC,2008-12-31,126.5659
WDI:EN.GHG.N2O.AG.MT.CE.AR5:HPC,2009-12-31,130.6508
WDI:EN.GHG.N2O.AG.MT.CE.AR5:HPC,2010-12-31,135.3652
WDI:EN.GHG.N2O.AG.MT.CE.AR5:HPC,2011-12-31,137.16660000000002
WDI:EN.GHG.N2O.AG.MT.CE.AR5:HPC,2012-12-31,143.25669999999997
WDI:EN.GHG.N2O.AG.MT.CE.AR5:HPC,2013-12-31,148.0451
WDI:EN.GHG.N2O.AG.MT.CE.AR5:HPC,2014-12-31,152.2442
WDI:EN.GHG.N2O.AG.MT.CE.AR5:HPC,2015-12-31,155.8499
WDI:EN.GHG.N2O.AG.MT.CE.AR5:HPC,2016-12-31,160.595
WDI:EN.GHG.N2O.AG.MT.CE.AR5:HPC,2017-12-31,164.41779999999997
WDI:EN.GHG.N2O.AG.MT.CE.AR5:HPC,2018-12-31,167.9391
WDI:EN.GHG.N2O.AG.MT.CE.AR5:HPC,2019-12-31,174.13240000000002
WDI:EN.GHG.N2O.AG.MT.CE.AR5:HPC,2020-12-31,177.4574
WDI:EN.GHG.N2O.AG.MT.CE.AR5:HPC,2021-12-31,178.63740000000004
WDI:EN.GHG.N2O.AG.MT.CE.AR5:HPC,2022-12-31,184.4325
WDI:EN.GHG.N2O.AG.MT.CE.AR5:HPC,2023-12-31,190.8656
WDI:EN.GHG.N2O.AG.MT.CE.AR5:HPC,2024-12-31,195.5326
WDI:EN.GHG.N2O.AG.MT.CE.AR5:HRV,1970-12-31,1.6452
WDI:EN.GHG.N2O.AG.MT.CE.AR5:HRV,1971-12-31,1.6952
WDI:EN.GHG.N2O.AG.MT.CE.AR5:HRV,1972-12-31,1.6956
WDI:EN.GHG.N2O.AG.MT.CE.AR5:HRV,1973-12-31,1.7274
WDI:EN.GHG.N2O.AG.MT.CE.AR5:HRV,1974-12-31,1.8257
WDI:EN.GHG.N2O.AG.MT.CE.AR5:HRV,1975-12-31,1.8583
WDI:EN.GHG.N2O.AG.MT.CE.AR5:HRV,1976-12-31,1.9007
WDI:EN.GHG.N2O.AG.MT.CE.AR5:HRV,1977-12-31,2.0312
WDI:EN.GHG.N2O.AG.MT.CE.AR5:HRV,1978-12-31,1.9891
WDI:EN.GHG.N2O.AG.MT.CE.AR5:HRV,1979-12-31,2.02
WDI:EN.GHG.N2O.AG.MT.CE.AR5:HRV,1980-12-31,1.955
WDI:EN.GHG.N2O.AG.MT.CE.AR5:HRV,1981-12-31,2.0832
WDI:EN.GHG.N2O.AG.MT.CE.AR5:HRV,1982-12-31,2.1344
WDI:EN.GHG.N2O.AG.MT.CE.AR5:HRV,1983-12-31,2.0591
WDI:EN.GHG.N2O.AG.MT.CE.AR5:HRV,1984-12-31,2.3452
WDI:EN.GHG.N2O.AG.MT.CE.AR5:HRV,1985-12-31,2.2039
WDI:EN.GHG.N2O.AG.MT.CE.AR5:HRV,1986-12-31,2.1535
WDI:EN.GHG.N2O.AG.MT.CE.AR5:HRV,1987-12-31,2.1416
WDI:EN.GHG.N2O.AG.MT.CE.AR5:HRV,1988-12-31,2.1195
WDI:EN.GHG.N2O.AG.MT.CE.AR5:HRV,1989-12-31,1.9705
WDI:EN.GHG.N2O.AG.MT.CE.AR5:HRV,1990-12-31,1.9436
WDI:EN.GHG.N2O.AG.MT.CE.AR5:HRV,1991-12-31,1.6394
WDI:EN.GHG.N2O.AG.MT.CE.AR5:HRV,1992-12-31,1.3665
WDI:EN.GHG.N2O.AG.MT.CE.AR5:HRV,1993-12-31,1.2117
WDI:EN.GHG.N2O.AG.MT.CE.AR5:HRV,1994-12-31,1.2025
WDI:EN.GHG.N2O.AG.MT.CE.AR5:HRV,1995-12-31,1.15
WDI:EN.GHG.N2O.AG.MT.CE.AR5:HRV,1996-12-31,1.1819
WDI:EN.GHG.N2O.AG.MT.CE.AR5:HRV,1997-12-31,1.4506
WDI:EN.GHG.N2O.AG.MT.CE.AR5:HRV,1998-12-31,1.1439
WDI:EN.GHG.N2O.AG.MT.CE.AR5:HRV,1999-12-31,1.1671
WDI:EN.GHG.N2O.AG.MT.CE.AR5:HRV,2000-12-31,1.2028
WDI:EN.GHG.N2O.AG.MT.CE.AR5:HRV,2001-12-31,1.1426
WDI:EN.GHG.N2O.AG.MT.CE.AR5:HRV,2002-12-31,1.2075
WDI:EN.GHG.N2O.AG.MT.CE.AR5:HRV,2003-12-31,1.1726
WDI:EN.GHG.N2O.AG.MT.CE.AR5:HRV,2004-12-31,1.2691
WDI:EN.GHG.N2O.AG.MT.CE.AR5:HRV,2005-12-31,1.2945
WDI:EN.GHG.N2O.AG.MT.CE.AR5:HRV,2006-12-31,1.3652
WDI:EN.GHG.N2O.AG.MT.CE.AR5:HRV,2007-12-31,1.3414
WDI:EN.GHG.N2O.AG.MT.CE.AR5:HRV,2008-12-31,1.3525
WDI:EN.GHG.N2O.AG.MT.CE.AR5:HRV,2009-12-31,1.1357
WDI:EN.GHG.N2O.AG.MT.CE.AR5:HRV,2010-12-31,1.1164
WDI:EN.GHG.N2O.AG.MT.CE.AR5:HRV,2011-12-31,1.1819
WDI:EN.GHG.N2O.AG.MT.CE.AR5:HRV,2012-12-31,1.2947
WDI:EN.GHG.N2O.AG.MT.CE.AR5:HRV,2013-12-31,1.2773
WDI:EN.GHG.N2O.AG.MT.CE.AR5:HRV,2014-12-31,1.157
WDI:EN.GHG.N2O.AG.MT.CE.AR5:HRV,2015-12-31,1.1568
WDI:EN.GHG.N2O.AG.MT.CE.AR5:HRV,2016-12-31,1.3172
WDI:EN.GHG.N2O.AG.MT.CE.AR5:HRV,2017-12-31,1.2592
WDI:EN.GHG.N2O.AG.MT.CE.AR5:HRV,2018-12-31,1.2689
WDI:EN.GHG.N2O.AG.MT.CE.AR5:HRV,2019-12-31,1.2769
WDI:EN.GHG.N2O.AG.MT.CE.AR5:HRV,2020-12-31,1.3561
WDI:EN.GHG.N2O.AG.MT.CE.AR5:HRV,2021-12-31,1.2049
WDI:EN.GHG.N2O.AG.MT.CE.AR5:HRV,2022-12-31,0.9567
WDI:EN.GHG.N2O.AG.MT.CE.AR5:HRV,2023-12-31,0.8859
WDI:EN.GHG.N2O.AG.MT.CE.AR5:HRV,2024-12-31,0.8414
WDI:EN.GHG.N2O.AG.MT.CE.AR5:HTI,1970-12-31,0.7613
WDI:EN.GHG.N2O.AG.MT.CE.AR5:HTI,1971-12-31,0.8089
WDI:EN.GHG.N2O.AG.MT.CE.AR5:HTI,1972-12-31,0.8277
WDI:EN.GHG.N2O.AG.MT.CE.AR5:HTI,1973-12-31,0.8119
WDI:EN.GHG.N2O.AG.MT.CE.AR5:HTI,1974-12-31,0.7788
WDI:EN.GHG.N2O.AG.MT.CE.AR5:HTI,1975-12-31,0.7677
WDI:EN.GHG.N2O.AG.MT.CE.AR5:HTI,1976-12-31,0.7855
WDI:EN.GHG.N2O.AG.MT.CE.AR5:HTI,1977-12-31,0.8091
WDI:EN.GHG.N2O.AG.MT.CE.AR5:HTI,1978-12-31,0.8306
WDI:EN.GHG.N2O.AG.MT.CE.AR5:HTI,1979-12-31,0.8554
WDI:EN.GHG.N2O.AG.MT.CE.AR5:HTI,1980-12-31,0.8029
WDI:EN.GHG.N2O.AG.MT.CE.AR5:HTI,1981-12-31,0.7668
WDI:EN.GHG.N2O.AG.MT.CE.AR5:HTI,1982-12-31,0.7109
WDI:EN.GHG.N2O.AG.MT.CE.AR5:HTI,1983-12-31,0.7136
WDI:EN.GHG.N2O.AG.MT.CE.AR5:HTI,1984-12-31,0.7159
WDI:EN.GHG.N2O.AG.MT.CE.AR5:HTI,1985-12-31,0.7019
WDI:EN.GHG.N2O.AG.MT.CE.AR5:HTI,1986-12-31,0.6852
WDI:EN.GHG.N2O.AG.MT.CE.AR5:HTI,1987-12-31,0.6692
WDI:EN.GHG.N2O.AG.MT.CE.AR5:HTI,1988-12-31,0.6605
WDI:EN.GHG.N2O.AG.MT.CE.AR5:HTI,1989-12-31,0.6368
WDI:EN.GHG.N2O.AG.MT.CE.AR5:HTI,1990-12-31,0.5937
WDI:EN.GHG.N2O.AG.MT.CE.AR5:HTI,1991-12-31,0.6332
WDI:EN.GHG.N2O.AG.MT.CE.AR5:HTI,1992-12-31,0.7165
WDI:EN.GHG.N2O.AG.MT.CE.AR5:HTI,1993-12-31,0.6842
WDI:EN.GHG.N2O.AG.MT.CE.AR5:HTI,1994-12-31,0.683
WDI:EN.GHG.N2O.AG.MT.CE.AR5:HTI,1995-12-31,0.6892
WDI:EN.GHG.N2O.AG.MT.CE.AR5:HTI,1996-12-31,0.7182
WDI:EN.GHG.N2O.AG.MT.CE.AR5:HTI,1997-12-31,0.7755
WDI:EN.GHG.N2O.AG.MT.CE.AR5:HTI,1998-12-31,0.8377
WDI:EN.GHG.N2O.AG.MT.CE.AR5:HTI,1999-12-31,0.8462
WDI:EN.GHG.N2O.AG.MT.CE.AR5:HTI,2000-12-31,0.9506
WDI:EN.GHG.N2O.AG.MT.CE.AR5:HTI,2001-12-31,0.9517
WDI:EN.GHG.N2O.AG.MT.CE.AR5:HTI,2002-12-31,0.9576
WDI:EN.GHG.N2O.AG.MT.CE.AR5:HTI,2003-12-31,0.9669
WDI:EN.GHG.N2O.AG.MT.CE.AR5:HTI,2004-12-31,0.9606
WDI:EN.GHG.N2O.AG.MT.CE.AR5:HTI,2005-12-31,0.9659
WDI:EN.GHG.N2O.AG.MT.CE.AR5:HTI,2006-12-31,0.9612
WDI:EN.GHG.N2O.AG.MT.CE.AR5:HTI,2007-12-31,0.9723
WDI:EN.GHG.N2O.AG.MT.CE.AR5:HTI,2008-12-31,0.9697
WDI:EN.GHG.N2O.AG.MT.CE.AR5:HTI,2009-12-31,0.9765
WDI:EN.GHG.N2O.AG.MT.CE.AR5:HTI,2010-12-31,0.9867
WDI:EN.GHG.N2O.AG.MT.CE.AR5:HTI,2011-12-31,0.9896
WDI:EN.GHG.N2O.AG.MT.CE.AR5:HTI,2012-12-31,0.9835
WDI:EN.GHG.N2O.AG.MT.CE.AR5:HTI,2013-12-31,0.9936
WDI:EN.GHG.N2O.AG.MT.CE.AR5:HTI,2014-12-31,1.0119
WDI:EN.GHG.N2O.AG.MT.CE.AR5:HTI,2015-12-31,1.0132
WDI:EN.GHG.N2O.AG.MT.CE.AR5:HTI,2016-12-31,1.0336
WDI:EN.GHG.N2O.AG.MT.CE.AR5:HTI,2017-12-31,1.0137
WDI:EN.GHG.N2O.AG.MT.CE.AR5:HTI,2018-12-31,0.9828
WDI:EN.GHG.N2O.AG.MT.CE.AR5:HTI,2019-12-31,0.9861
WDI:EN.GHG.N2O.AG.MT.CE.AR5:HTI,2020-12-31,0.9824
WDI:EN.GHG.N2O.AG.MT.CE.AR5:HTI,2021-12-31,0.99
WDI:EN.GHG.N2O.AG.MT.CE.AR5:HTI,2022-12-31,0.9983
WDI:EN.GHG.N2O.AG.MT.CE.AR5:HTI,2023-12-31,1.0043
WDI:EN.GHG.N2O.AG.MT.CE.AR5:HTI,2024-12-31,1.0096
WDI:EN.GHG.N2O.AG.MT.CE.AR5:HUN,1970-12-31,5.8532
WDI:EN.GHG.N2O.AG.MT.CE.AR5:HUN,1971-12-31,6.1114
WDI:EN.GHG.N2O.AG.MT.CE.AR5:HUN,1972-12-31,6.0478
WDI:EN.GHG.N2O.AG.MT.CE.AR5:HUN,1973-12-31,5.9757
WDI:EN.GHG.N2O.AG.MT.CE.AR5:HUN,1974-12-31,6.409
WDI:EN.GHG.N2O.AG.MT.CE.AR5:HUN,1975-12-31,6.561
WDI:EN.GHG.N2O.AG.MT.CE.AR5:HUN,1976-12-31,6.2899
WDI:EN.GHG.N2O.AG.MT.CE.AR5:HUN,1977-12-31,6.7633
WDI:EN.GHG.N2O.AG.MT.CE.AR5:HUN,1978-12-31,6.7861
WDI:EN.GHG.N2O.AG.MT.CE.AR5:HUN,1979-12-31,6.7553
WDI:EN.GHG.N2O.AG.MT.CE.AR5:HUN,1980-12-31,6.6811
WDI:EN.GHG.N2O.AG.MT.CE.AR5:HUN,1981-12-31,6.7586
WDI:EN.GHG.N2O.AG.MT.CE.AR5:HUN,1982-12-31,7.2904
WDI:EN.GHG.N2O.AG.MT.CE.AR5:HUN,1983-12-31,7.2295
WDI:EN.GHG.N2O.AG.MT.CE.AR5:HUN,1984-12-31,7.3985
WDI:EN.GHG.N2O.AG.MT.CE.AR5:HUN,1985-12-31,6.8693
WDI:EN.GHG.N2O.AG.MT.CE.AR5:HUN,1986-12-31,6.8378
WDI:EN.GHG.N2O.AG.MT.CE.AR5:HUN,1987-12-31,6.9899
WDI:EN.GHG.N2O.AG.MT.CE.AR5:HUN,1988-12-31,7.1679
WDI:EN.GHG.N2O.AG.MT.CE.AR5:HUN,1989-12-31,6.8052
WDI:EN.GHG.N2O.AG.MT.CE.AR5:HUN,1990-12-31,5.3556
WDI:EN.GHG.N2O.AG.MT.CE.AR5:HUN,1991-12-31,5.013
WDI:EN.GHG.N2O.AG.MT.CE.AR5:HUN,1992-12-31,3.8632
WDI:EN.GHG.N2O.AG.MT.CE.AR5:HUN,1993-12-31,4.027
WDI:EN.GHG.N2O.AG.MT.CE.AR5:HUN,1994-12-31,4.0868
WDI:EN.GHG.N2O.AG.MT.CE.AR5:HUN,1995-12-31,3.9938
WDI:EN.GHG.N2O.AG.MT.CE.AR5:HUN,1996-12-31,4.4044
WDI:EN.GHG.N2O.AG.MT.CE.AR5:HUN,1997-12-31,4.3643
WDI:EN.GHG.N2O.AG.MT.CE.AR5:HUN,1998-12-31,4.2668
WDI:EN.GHG.N2O.AG.MT.CE.AR5:HUN,1999-12-31,4.4127
WDI:EN.GHG.N2O.AG.MT.CE.AR5:HUN,2000-12-31,4.3389
WDI:EN.GHG.N2O.AG.MT.CE.AR5:HUN,2001-12-31,4.58
WDI:EN.GHG.N2O.AG.MT.CE.AR5:HUN,2002-12-31,4.4328
WDI:EN.GHG.N2O.AG.MT.CE.AR5:HUN,2003-12-31,4.3278
WDI:EN.GHG.N2O.AG.MT.CE.AR5:HUN,2004-12-31,4.7501
WDI:EN.GHG.N2O.AG.MT.CE.AR5:HUN,2005-12-31,4.4442
WDI:EN.GHG.N2O.AG.MT.CE.AR5:HUN,2006-12-31,4.4311
WDI:EN.GHG.N2O.AG.MT.CE.AR5:HUN,2007-12-31,4.1381
WDI:EN.GHG.N2O.AG.MT.CE.AR5:HUN,2008-12-31,3.9499
WDI:EN.GHG.N2O.AG.MT.CE.AR5:HUN,2009-12-31,3.873
WDI:EN.GHG.N2O.AG.MT.CE.AR5:HUN,2010-12-31,3.8194
WDI:EN.GHG.N2O.AG.MT.CE.AR5:HUN,2011-12-31,4.0305
WDI:EN.GHG.N2O.AG.MT.CE.AR5:HUN,2012-12-31,4.0335
WDI:EN.GHG.N2O.AG.MT.CE.AR5:HUN,2013-12-31,4.1936
WDI:EN.GHG.N2O.AG.MT.CE.AR5:HUN,2014-12-31,4.3594
WDI:EN.GHG.N2O.AG.MT.CE.AR5:HUN,2015-12-31,4.287
WDI:EN.GHG.N2O.AG.MT.CE.AR5:HUN,2016-12-31,4.4481
WDI:EN.GHG.N2O.AG.MT.CE.AR5:HUN,2017-12-31,4.5381
WDI:EN.GHG.N2O.AG.MT.CE.AR5:HUN,2018-12-31,4.6658
WDI:EN.GHG.N2O.AG.MT.CE.AR5:HUN,2019-12-31,4.6503
WDI:EN.GHG.N2O.AG.MT.CE.AR5:HUN,2020-12-31,4.8071
WDI:EN.GHG.N2O.AG.MT.CE.AR5:HUN,2021-12-31,4.7649
WDI:EN.GHG.N2O.AG.MT.CE.AR5:HUN,2022-12-31,3.9576
WDI:EN.GHG.N2O.AG.MT.CE.AR5:HUN,2023-12-31,4.0996
WDI:EN.GHG.N2O.AG.MT.CE.AR5:HUN,2024-12-31,3.9797
WDI:EN.GHG.N2O.AG.MT.CE.AR5:IBD,1970-12-31,450.1500999999997
WDI:EN.GHG.N2O.AG.MT.CE.AR5:IBD,1971-12-31,458.4630000000001
WDI:EN.GHG.N2O.AG.MT.CE.AR5:IBD,1972-12-31,466.34170000000006
WDI:EN.GHG.N2O.AG.MT.CE.AR5:IBD,1973-12-31,474.4673000000001
WDI:EN.GHG.N2O.AG.MT.CE.AR5:IBD,1974-12-31,481.4272999999999
WDI:EN.GHG.N2O.AG.MT.CE.AR5:IBD,1975-12-31,496.4427999999998
WDI:EN.GHG.N2O.AG.MT.CE.AR5:IBD,1976-12-31,517.2572999999998
WDI:EN.GHG.N2O.AG.MT.CE.AR5:IBD,1977-12-31,540.1361999999999
WDI:EN.GHG.N2O.AG.MT.CE.AR5:IBD,1978-12-31,557.0026999999999
WDI:EN.GHG.N2O.AG.MT.CE.AR5:IBD,1979-12-31,573.4933
WDI:EN.GHG.N2O.AG.MT.CE.AR5:IBD,1980-12-31,592.2717
WDI:EN.GHG.N2O.AG.MT.CE.AR5:IBD,1981-12-31,597.9882999999999
WDI:EN.GHG.N2O.AG.MT.CE.AR5:IBD,1982-12-31,610.6104000000001
WDI:EN.GHG.N2O.AG.MT.CE.AR5:IBD,1983-12-31,631.9948000000003
WDI:EN.GHG.N2O.AG.MT.CE.AR5:IBD,1984-12-31,653.4010999999998
WDI:EN.GHG.N2O.AG.MT.CE.AR5:IBD,1985-12-31,654.9895999999998
WDI:EN.GHG.N2O.AG.MT.CE.AR5:IBD,1986-12-31,672.7109999999997
WDI:EN.GHG.N2O.AG.MT.CE.AR5:IBD,1987-12-31,695.7152999999998
WDI:EN.GHG.N2O.AG.MT.CE.AR5:IBD,1988-12-31,718.7126999999998
WDI:EN.GHG.N2O.AG.MT.CE.AR5:IBD,1989-12-31,730.0316000000003
WDI:EN.GHG.N2O.AG.MT.CE.AR5:IBD,1990-12-31,736.5406999999999
WDI:EN.GHG.N2O.AG.MT.CE.AR5:IBD,1991-12-31,735.4480999999998
WDI:EN.GHG.N2O.AG.MT.CE.AR5:IBD,1992-12-31,743.4420999999999
WDI:EN.GHG.N2O.AG.MT.CE.AR5:IBD,1993-12-31,735.4615000000001
WDI:EN.GHG.N2O.AG.MT.CE.AR5:IBD,1994-12-31,749.4874000000001
WDI:EN.GHG.N2O.AG.MT.CE.AR5:IBD,1995-12-31,778.6484999999999
WDI:EN.GHG.N2O.AG.MT.CE.AR5:IBD,1996-12-31,796.8640999999993
WDI:EN.GHG.N2O.AG.MT.CE.AR5:IBD,1997-12-31,774.0159999999996
WDI:EN.GHG.N2O.AG.MT.CE.AR5:IBD,1998-12-31,780.0068999999997
WDI:EN.GHG.N2O.AG.MT.CE.AR5:IBD,1999-12-31,791.0250999999997
WDI:EN.GHG.N2O.AG.MT.CE.AR5:IBD,2000-12-31,788.0969000000003
WDI:EN.GHG.N2O.AG.MT.CE.AR5:IBD,2001-12-31,793.0126999999998
WDI:EN.GHG.N2O.AG.MT.CE.AR5:IBD,2002-12-31,813.5053999999996
WDI:EN.GHG.N2O.AG.MT.CE.AR5:IBD,2003-12-31,820.9978
WDI:EN.GHG.N2O.AG.MT.CE.AR5:IBD,2004-12-31,848.8607000000003
WDI:EN.GHG.N2O.AG.MT.CE.AR5:IBD,2005-12-31,857.1844000000001
WDI:EN.GHG.N2O.AG.MT.CE.AR5:IBD,2006-12-31,882.3308999999998
WDI:EN.GHG.N2O.AG.MT.CE.AR5:IBD,2007-12-31,889.5285000000003
WDI:EN.GHG.N2O.AG.MT.CE.AR5:IBD,2008-12-31,891.5514000000001
WDI:EN.GHG.N2O.AG.MT.CE.AR5:IBD,2009-12-31,917.5780000000004
WDI:EN.GHG.N2O.AG.MT.CE.AR5:IBD,2010-12-31,907.6000999999997
WDI:EN.GHG.N2O.AG.MT.CE.AR5:IBD,2011-12-31,939.2385000000006
WDI:EN.GHG.N2O.AG.MT.CE.AR5:IBD,2012-12-31,942.1865000000001
WDI:EN.GHG.N2O.AG.MT.CE.AR5:IBD,2013-12-31,954.8309
WDI:EN.GHG.N2O.AG.MT.CE.AR5:IBD,2014-12-31,938.9996999999995
WDI:EN.GHG.N2O.AG.MT.CE.AR5:IBD,2015-12-31,953.1075
WDI:EN.GHG.N2O.AG.MT.CE.AR5:IBD,2016-12-31,953.7044999999996
WDI:EN.GHG.N2O.AG.MT.CE.AR5:IBD,2017-12-31,945.8951999999999
WDI:EN.GHG.N2O.AG.MT.CE.AR5:IBD,2018-12-31,950.5283999999996
WDI:EN.GHG.N2O.AG.MT.CE.AR5:IBD,2019-12-31,967.8127
WDI:EN.GHG.N2O.AG.MT.CE.AR5:IBD,2020-12-31,989.3000999999998
WDI:EN.GHG.N2O.AG.MT.CE.AR5:IBD,2021-12-31,989.4535000000004
WDI:EN.GHG.N2O.AG.MT.CE.AR5:IBD,2022-12-31,997.4539
WDI:EN.GHG.N2O.AG.MT.CE.AR5:IBD,2023-12-31,1011.0591
WDI:EN.GHG.N2O.AG.MT.CE.AR5:IBD,2024-12-31,1017.3398
WDI:EN.GHG.N2O.AG.MT.CE.AR5:IBT,1970-12-31,557.4190999999997
WDI:EN.GHG.N2O.AG.MT.CE.AR5:IBT,1971-12-31,566.7106000000001
WDI:EN.GHG.N2O.AG.MT.CE.AR5:IBT,1972-12-31,574.7907000000001
WDI:EN.GHG.N2O.AG.MT.CE.AR5:IBT,1973-12-31,583.065
WDI:EN.GHG.N2O.AG.MT.CE.AR5:IBT,1974-12-31,591.0364999999997
WDI:EN.GHG.N2O.AG.MT.CE.AR5:IBT,1975-12-31,609.6676
WDI:EN.GHG.N2O.AG.MT.CE.AR5:IBT,1976-12-31,632.8506
WDI:EN.GHG.N2O.AG.MT.CE.AR5:IBT,1977-12-31,658.9234000000001
WDI:EN.GHG.N2O.AG.MT.CE.AR5:IBT,1978-12-31,680.2657000000002
WDI:EN.GHG.N2O.AG.MT.CE.AR5:IBT,1979-12-31,700.3874000000002
WDI:EN.GHG.N2O.AG.MT.CE.AR5:IBT,1980-12-31,720.7675999999999
WDI:EN.GHG.N2O.AG.MT.CE.AR5:IBT,1981-12-31,729.1836000000002
WDI:EN.GHG.N2O.AG.MT.CE.AR5:IBT,1982-12-31,745.6911000000001
WDI:EN.GHG.N2O.AG.MT.CE.AR5:IBT,1983-12-31,769.0045000000002
WDI:EN.GHG.N2O.AG.MT.CE.AR5:IBT,1984-12-31,789.9029000000005
WDI:EN.GHG.N2O.AG.MT.CE.AR5:IBT,1985-12-31,795.1013999999999
WDI:EN.GHG.N2O.AG.MT.CE.AR5:IBT,1986-12-31,816.2781000000001
WDI:EN.GHG.N2O.AG.MT.CE.AR5:IBT,1987-12-31,839.4972999999993
WDI:EN.GHG.N2O.AG.MT.CE.AR5:IBT,1988-12-31,866.1418999999996
WDI:EN.GHG.N2O.AG.MT.CE.AR5:IBT,1989-12-31,880.2617000000001
WDI:EN.GHG.N2O.AG.MT.CE.AR5:IBT,1990-12-31,888.9352000000001
WDI:EN.GHG.N2O.AG.MT.CE.AR5:IBT,1991-12-31,889.4729999999996
WDI:EN.GHG.N2O.AG.MT.CE.AR5:IBT,1992-12-31,901.3973999999996
WDI:EN.GHG.N2O.AG.MT.CE.AR5:IBT,1993-12-31,894.8718999999996
WDI:EN.GHG.N2O.AG.MT.CE.AR5:IBT,1994-12-31,912.9173
WDI:EN.GHG.N2O.AG.MT.CE.AR5:IBT,1995-12-31,946.5157000000002
WDI:EN.GHG.N2O.AG.MT.CE.AR5:IBT,1996-12-31,968.3278000000004
WDI:EN.GHG.N2O.AG.MT.CE.AR5:IBT,1997-12-31,949.1291000000003
WDI:EN.GHG.N2O.AG.MT.CE.AR5:IBT,1998-12-31,958.9082000000004
WDI:EN.GHG.N2O.AG.MT.CE.AR5:IBT,1999-12-31,976.6302999999997
WDI:EN.GHG.N2O.AG.MT.CE.AR5:IBT,2000-12-31,975.9308000000005
WDI:EN.GHG.N2O.AG.MT.CE.AR5:IBT,2001-12-31,984.3803999999999
WDI:EN.GHG.N2O.AG.MT.CE.AR5:IBT,2002-12-31,1010.4383
WDI:EN.GHG.N2O.AG.MT.CE.AR5:IBT,2003-12-31,1024.2166
WDI:EN.GHG.N2O.AG.MT.CE.AR5:IBT,2004-12-31,1058.3235000000004
WDI:EN.GHG.N2O.AG.MT.CE.AR5:IBT,2005-12-31,1073.1900000000003
WDI:EN.GHG.N2O.AG.MT.CE.AR5:IBT,2006-12-31,1102.4253000000003
WDI:EN.GHG.N2O.AG.MT.CE.AR5:IBT,2007-12-31,1121.8037000000004
WDI:EN.GHG.N2O.AG.MT.CE.AR5:IBT,2008-12-31,1131.6433
WDI:EN.GHG.N2O.AG.MT.CE.AR5:IBT,2009-12-31,1165.4098000000004
WDI:EN.GHG.N2O.AG.MT.CE.AR5:IBT,2010-12-31,1162.3540000000005
WDI:EN.GHG.N2O.AG.MT.CE.AR5:IBT,2011-12-31,1198.9285
WDI:EN.GHG.N2O.AG.MT.CE.AR5:IBT,2012-12-31,1207.5391000000004
WDI:EN.GHG.N2O.AG.MT.CE.AR5:IBT,2013-12-31,1230.2512000000006
WDI:EN.GHG.N2O.AG.MT.CE.AR5:IBT,2014-12-31,1221.3712000000003
WDI:EN.GHG.N2O.AG.MT.CE.AR5:IBT,2015-12-31,1237.3842999999997
WDI:EN.GHG.N2O.AG.MT.CE.AR5:IBT,2016-12-31,1251.8140999999996
WDI:EN.GHG.N2O.AG.MT.CE.AR5:IBT,2017-12-31,1249.5695999999991
WDI:EN.GHG.N2O.AG.MT.CE.AR5:IBT,2018-12-31,1254.2759000000003
WDI:EN.GHG.N2O.AG.MT.CE.AR5:IBT,2019-12-31,1281.2266000000002
WDI:EN.GHG.N2O.AG.MT.CE.AR5:IBT,2020-12-31,1313.9004
WDI:EN.GHG.N2O.AG.MT.CE.AR5:IBT,2021-12-31,1316.2059999999997
WDI:EN.GHG.N2O.AG.MT.CE.AR5:IBT,2022-12-31,1330.0841000000003
WDI:EN.GHG.N2O.AG.MT.CE.AR5:IBT,2023-12-31,1348.8974
WDI:EN.GHG.N2O.AG.MT.CE.AR5:IBT,2024-12-31,1362.108
WDI:EN.GHG.N2O.AG.MT.CE.AR5:IDA,1970-12-31,107.26900000000005
WDI:EN.GHG.N2O.AG.MT.CE.AR5:IDA,1971-12-31,108.24760000000002
WDI:EN.GHG.N2O.AG.MT.CE.AR5:IDA,1972-12-31,108.44900000000001
WDI:EN.GHG.N2O.AG.MT.CE.AR5:IDA,1973-12-31,108.59769999999996
WDI:EN.GHG.N2O.AG.MT.CE.AR5:IDA,1974-12-31,109.60920000000002
WDI:EN.GHG.N2O.AG.MT.CE.AR5:IDA,1975-12-31,113.22479999999997
WDI:EN.GHG.N2O.AG.MT.CE.AR5:IDA,1976-12-31,115.59329999999999
WDI:EN.GHG.N2O.AG.MT.CE.AR5:IDA,1977-12-31,118.78719999999998
WDI:EN.GHG.N2O.AG.MT.CE.AR5:IDA,1978-12-31,123.26300000000002
WDI:EN.GHG.N2O.AG.MT.CE.AR5:IDA,1979-12-31,126.89409999999998
WDI:EN.GHG.N2O.AG.MT.CE.AR5:IDA,1980-12-31,128.49589999999998
WDI:EN.GHG.N2O.AG.MT.CE.AR5:IDA,1981-12-31,131.1953
WDI:EN.GHG.N2O.AG.MT.CE.AR5:IDA,1982-12-31,135.08070000000004
WDI:EN.GHG.N2O.AG.MT.CE.AR5:IDA,1983-12-31,137.00969999999998
WDI:EN.GHG.N2O.AG.MT.CE.AR5:IDA,1984-12-31,136.5018
WDI:EN.GHG.N2O.AG.MT.CE.AR5:IDA,1985-12-31,140.11180000000004
WDI:EN.GHG.N2O.AG.MT.CE.AR5:IDA,1986-12-31,143.56709999999998
WDI:EN.GHG.N2O.AG.MT.CE.AR5:IDA,1987-12-31,143.78199999999998
WDI:EN.GHG.N2O.AG.MT.CE.AR5:IDA,1988-12-31,147.42919999999998
WDI:EN.GHG.N2O.AG.MT.CE.AR5:IDA,1989-12-31,150.23010000000002
WDI:EN.GHG.N2O.AG.MT.CE.AR5:IDA,1990-12-31,152.39450000000005
WDI:EN.GHG.N2O.AG.MT.CE.AR5:IDA,1991-12-31,154.02490000000003
WDI:EN.GHG.N2O.AG.MT.CE.AR5:IDA,1992-12-31,157.95530000000002
WDI:EN.GHG.N2O.AG.MT.CE.AR5:IDA,1993-12-31,159.4104
WDI:EN.GHG.N2O.AG.MT.CE.AR5:IDA,1994-12-31,163.42989999999998
WDI:EN.GHG.N2O.AG.MT.CE.AR5:IDA,1995-12-31,167.86719999999994
WDI:EN.GHG.N2O.AG.MT.CE.AR5:IDA,1996-12-31,171.46369999999996
WDI:EN.GHG.N2O.AG.MT.CE.AR5:IDA,1997-12-31,175.11309999999997
WDI:EN.GHG.N2O.AG.MT.CE.AR5:IDA,1998-12-31,178.90130000000005
WDI:EN.GHG.N2O.AG.MT.CE.AR5:IDA,1999-12-31,185.6052
WDI:EN.GHG.N2O.AG.MT.CE.AR5:IDA,2000-12-31,187.83390000000003
WDI:EN.GHG.N2O.AG.MT.CE.AR5:IDA,2001-12-31,191.3677
WDI:EN.GHG.N2O.AG.MT.CE.AR5:IDA,2002-12-31,196.9329
WDI:EN.GHG.N2O.AG.MT.CE.AR5:IDA,2003-12-31,203.21879999999996
WDI:EN.GHG.N2O.AG.MT.CE.AR5:IDA,2004-12-31,209.4628
WDI:EN.GHG.N2O.AG.MT.CE.AR5:IDA,2005-12-31,216.00560000000002
WDI:EN.GHG.N2O.AG.MT.CE.AR5:IDA,2006-12-31,220.09439999999998
WDI:EN.GHG.N2O.AG.MT.CE.AR5:IDA,2007-12-31,232.27519999999998
WDI:EN.GHG.N2O.AG.MT.CE.AR5:IDA,2008-12-31,240.09189999999992
WDI:EN.GHG.N2O.AG.MT.CE.AR5:IDA,2009-12-31,247.83180000000004
WDI:EN.GHG.N2O.AG.MT.CE.AR5:IDA,2010-12-31,254.75390000000004
WDI:EN.GHG.N2O.AG.MT.CE.AR5:IDA,2011-12-31,259.69
WDI:EN.GHG.N2O.AG.MT.CE.AR5:IDA,2012-12-31,265.3526
WDI:EN.GHG.N2O.AG.MT.CE.AR5:IDA,2013-12-31,275.42030000000005
WDI:EN.GHG.N2O.AG.MT.CE.AR5:IDA,2014-12-31,282.37149999999997
WDI:EN.GHG.N2O.AG.MT.CE.AR5:IDA,2015-12-31,284.27680000000004
WDI:EN.GHG.N2O.AG.MT.CE.AR5:IDA,2016-12-31,298.10959999999994
WDI:EN.GHG.N2O.AG.MT.CE.AR5:IDA,2017-12-31,303.67439999999993
WDI:EN.GHG.N2O.AG.MT.CE.AR5:IDA,2018-12-31,303.7475
WDI:EN.GHG.N2O.AG.MT.CE.AR5:IDA,2019-12-31,313.4139
WDI:EN.GHG.N2O.AG.MT.CE.AR5:IDA,2020-12-31,324.6003
WDI:EN.GHG.N2O.AG.MT.CE.AR5:IDA,2021-12-31,326.7525000000001
WDI:EN.GHG.N2O.AG.MT.CE.AR5:IDA,2022-12-31,332.63020000000006
WDI:EN.GHG.N2O.AG.MT.CE.AR5:IDA,2023-12-31,337.8383
WDI:EN.GHG.N2O.AG.MT.CE.AR5:IDA,2024-12-31,344.7682
WDI:EN.GHG.N2O.AG.MT.CE.AR5:IDB,1970-12-31,30.178400000000003
WDI:EN.GHG.N2O.AG.MT.CE.AR5:IDB,1971-12-31,30.996699999999997
WDI:EN.GHG.N2O.AG.MT.CE.AR5:IDB,1972-12-31,31.5606
WDI:EN.GHG.N2O.AG.MT.CE.AR5:IDB,1973-12-31,32.1575
WDI:EN.GHG.N2O.AG.MT.CE.AR5:IDB,1974-12-31,33.143100000000004
WDI:EN.GHG.N2O.AG.MT.CE.AR5:IDB,1975-12-31,34.532700000000006
WDI:EN.GHG.N2O.AG.MT.CE.AR5:IDB,1976-12-31,35.7823
WDI:EN.GHG.N2O.AG.MT.CE.AR5:IDB,1977-12-31,37.2068
WDI:EN.GHG.N2O.AG.MT.CE.AR5:IDB,1978-12-31,38.789500000000004
WDI:EN.GHG.N2O.AG.MT.CE.AR5:IDB,1979-12-31,40.491299999999995
WDI:EN.GHG.N2O.AG.MT.CE.AR5:IDB,1980-12-31,40.919799999999995
WDI:EN.GHG.N2O.AG.MT.CE.AR5:IDB,1981-12-31,41.532000000000004
WDI:EN.GHG.N2O.AG.MT.CE.AR5:IDB,1982-12-31,42.901100000000014
WDI:EN.GHG.N2O.AG.MT.CE.AR5:IDB,1983-12-31,44.04760000000001
WDI:EN.GHG.N2O.AG.MT.CE.AR5:IDB,1984-12-31,44.75970000000001
WDI:EN.GHG.N2O.AG.MT.CE.AR5:IDB,1985-12-31,46.835
WDI:EN.GHG.N2O.AG.MT.CE.AR5:IDB,1986-12-31,49.6144
WDI:EN.GHG.N2O.AG.MT.CE.AR5:IDB,1987-12-31,49.7608
WDI:EN.GHG.N2O.AG.MT.CE.AR5:IDB,1988-12-31,50.955799999999996
WDI:EN.GHG.N2O.AG.MT.CE.AR5:IDB,1989-12-31,51.9392
WDI:EN.GHG.N2O.AG.MT.CE.AR5:IDB,1990-12-31,52.448100000000004
WDI:EN.GHG.N2O.AG.MT.CE.AR5:IDB,1991-12-31,51.81779999999999
WDI:EN.GHG.N2O.AG.MT.CE.AR5:IDB,1992-12-31,52.96060000000001
WDI:EN.GHG.N2O.AG.MT.CE.AR5:IDB,1993-12-31,53.1508
WDI:EN.GHG.N2O.AG.MT.CE.AR5:IDB,1994-12-31,54.1987
WDI:EN.GHG.N2O.AG.MT.CE.AR5:IDB,1995-12-31,55.7231
WDI:EN.GHG.N2O.AG.MT.CE.AR5:IDB,1996-12-31,56.05309999999999
WDI:EN.GHG.N2O.AG.MT.CE.AR5:IDB,1997-12-31,56.88589999999999
WDI:EN.GHG.N2O.AG.MT.CE.AR5:IDB,1998-12-31,57.6366
WDI:EN.GHG.N2O.AG.MT.CE.AR5:IDB,1999-12-31,60.0632
WDI:EN.GHG.N2O.AG.MT.CE.AR5:IDB,2000-12-31,60.831999999999994
WDI:EN.GHG.N2O.AG.MT.CE.AR5:IDB,2001-12-31,61.65710000000001
WDI:EN.GHG.N2O.AG.MT.CE.AR5:IDB,2002-12-31,62.3949
WDI:EN.GHG.N2O.AG.MT.CE.AR5:IDB,2003-12-31,64.4791
WDI:EN.GHG.N2O.AG.MT.CE.AR5:IDB,2004-12-31,67.2566
WDI:EN.GHG.N2O.AG.MT.CE.AR5:IDB,2005-12-31,69.0717
WDI:EN.GHG.N2O.AG.MT.CE.AR5:IDB,2006-12-31,69.40330000000002
WDI:EN.GHG.N2O.AG.MT.CE.AR5:IDB,2007-12-31,76.3384
WDI:EN.GHG.N2O.AG.MT.CE.AR5:IDB,2008-12-31,79.1313
WDI:EN.GHG.N2O.AG.MT.CE.AR5:IDB,2009-12-31,82.0721
WDI:EN.GHG.N2O.AG.MT.CE.AR5:IDB,2010-12-31,83.36179999999999
WDI:EN.GHG.N2O.AG.MT.CE.AR5:IDB,2011-12-31,86.24910000000001
WDI:EN.GHG.N2O.AG.MT.CE.AR5:IDB,2012-12-31,85.6627
WDI:EN.GHG.N2O.AG.MT.CE.AR5:IDB,2013-12-31,90.45070000000001
WDI:EN.GHG.N2O.AG.MT.CE.AR5:IDB,2014-12-31,91.5904
WDI:EN.GHG.N2O.AG.MT.CE.AR5:IDB,2015-12-31,89.69859999999998
WDI:EN.GHG.N2O.AG.MT.CE.AR5:IDB,2016-12-31,98.6688
WDI:EN.GHG.N2O.AG.MT.CE.AR5:IDB,2017-12-31,97.61330000000001
WDI:EN.GHG.N2O.AG.MT.CE.AR5:IDB,2018-12-31,99.78850000000001
WDI:EN.GHG.N2O.AG.MT.CE.AR5:IDB,2019-12-31,103.2203
WDI:EN.GHG.N2O.AG.MT.CE.AR5:IDB,2020-12-31,109.30449999999999
WDI:EN.GHG.N2O.AG.MT.CE.AR5:IDB,2021-12-31,110.57720000000002
WDI:EN.GHG.N2O.AG.MT.CE.AR5:IDB,2022-12-31,110.6495
WDI:EN.GHG.N2O.AG.MT.CE.AR5:IDB,2023-12-31,111.6891
WDI:EN.GHG.N2O.AG.MT.CE.AR5:IDB,2024-12-31,114.1368
WDI:EN.GHG.N2O.AG.MT.CE.AR5:IDN,1970-12-31,16.5367
WDI:EN.GHG.N2O.AG.MT.CE.AR5:IDN,1971-12-31,16.7409
WDI:EN.GHG.N2O.AG.MT.CE.AR5:IDN,1972-12-31,16.769
WDI:EN.GHG.N2O.AG.MT.CE.AR5:IDN,1973-12-31,16.786
WDI:EN.GHG.N2O.AG.MT.CE.AR5:IDN,1974-12-31,16.8981
WDI:EN.GHG.N2O.AG.MT.CE.AR5:IDN,1975-12-31,16.9335
WDI:EN.GHG.N2O.AG.MT.CE.AR5:IDN,1976-12-31,17.0549
WDI:EN.GHG.N2O.AG.MT.CE.AR5:IDN,1977-12-31,17.9357
WDI:EN.GHG.N2O.AG.MT.CE.AR5:IDN,1978-12-31,18.6343
WDI:EN.GHG.N2O.AG.MT.CE.AR5:IDN,1979-12-31,19.2034
WDI:EN.GHG.N2O.AG.MT.CE.AR5:IDN,1980-12-31,20.7721
WDI:EN.GHG.N2O.AG.MT.CE.AR5:IDN,1981-12-31,21.7421
WDI:EN.GHG.N2O.AG.MT.CE.AR5:IDN,1982-12-31,22.1569
WDI:EN.GHG.N2O.AG.MT.CE.AR5:IDN,1983-12-31,23.528
WDI:EN.GHG.N2O.AG.MT.CE.AR5:IDN,1984-12-31,25.2678
WDI:EN.GHG.N2O.AG.MT.CE.AR5:IDN,1985-12-31,25.5481
WDI:EN.GHG.N2O.AG.MT.CE.AR5:IDN,1986-12-31,26.4343
WDI:EN.GHG.N2O.AG.MT.CE.AR5:IDN,1987-12-31,26.9515
WDI:EN.GHG.N2O.AG.MT.CE.AR5:IDN,1988-12-31,27.8622
WDI:EN.GHG.N2O.AG.MT.CE.AR5:IDN,1989-12-31,27.6128
WDI:EN.GHG.N2O.AG.MT.CE.AR5:IDN,1990-12-31,28.8035
WDI:EN.GHG.N2O.AG.MT.CE.AR5:IDN,1991-12-31,28.7534
WDI:EN.GHG.N2O.AG.MT.CE.AR5:IDN,1992-12-31,30.3179
WDI:EN.GHG.N2O.AG.MT.CE.AR5:IDN,1993-12-31,29.2379
WDI:EN.GHG.N2O.AG.MT.CE.AR5:IDN,1994-12-31,30.3217
WDI:EN.GHG.N2O.AG.MT.CE.AR5:IDN,1995-12-31,31.8485
WDI:EN.GHG.N2O.AG.MT.CE.AR5:IDN,1996-12-31,33.6065
WDI:EN.GHG.N2O.AG.MT.CE.AR5:IDN,1997-12-31,31.2882
WDI:EN.GHG.N2O.AG.MT.CE.AR5:IDN,1998-12-31,32.7844
WDI:EN.GHG.N2O.AG.MT.CE.AR5:IDN,1999-12-31,31.2752
WDI:EN.GHG.N2O.AG.MT.CE.AR5:IDN,2000-12-31,31.7411
WDI:EN.GHG.N2O.AG.MT.CE.AR5:IDN,2001-12-31,31.8348
WDI:EN.GHG.N2O.AG.MT.CE.AR5:IDN,2002-12-31,34.028
WDI:EN.GHG.N2O.AG.MT.CE.AR5:IDN,2003-12-31,33.6672
WDI:EN.GHG.N2O.AG.MT.CE.AR5:IDN,2004-12-31,34.5691
WDI:EN.GHG.N2O.AG.MT.CE.AR5:IDN,2005-12-31,35.6808
WDI:EN.GHG.N2O.AG.MT.CE.AR5:IDN,2006-12-31,35.2421
WDI:EN.GHG.N2O.AG.MT.CE.AR5:IDN,2007-12-31,37.4024
WDI:EN.GHG.N2O.AG.MT.CE.AR5:IDN,2008-12-31,38.8022
WDI:EN.GHG.N2O.AG.MT.CE.AR5:IDN,2009-12-31,42.1651
WDI:EN.GHG.N2O.AG.MT.CE.AR5:IDN,2010-12-31,41.8625
WDI:EN.GHG.N2O.AG.MT.CE.AR5:IDN,2011-12-31,42.1878
WDI:EN.GHG.N2O.AG.MT.CE.AR5:IDN,2012-12-31,44.1082
WDI:EN.GHG.N2O.AG.MT.CE.AR5:IDN,2013-12-31,42.0901
WDI:EN.GHG.N2O.AG.MT.CE.AR5:IDN,2014-12-31,44.2188
WDI:EN.GHG.N2O.AG.MT.CE.AR5:IDN,2015-12-31,46.7339
WDI:EN.GHG.N2O.AG.MT.CE.AR5:IDN,2016-12-31,45.5178
WDI:EN.GHG.N2O.AG.MT.CE.AR5:IDN,2017-12-31,49.9041
WDI:EN.GHG.N2O.AG.MT.CE.AR5:IDN,2018-12-31,50.7261
WDI:EN.GHG.N2O.AG.MT.CE.AR5:IDN,2019-12-31,50.3327
WDI:EN.GHG.N2O.AG.MT.CE.AR5:IDN,2020-12-31,49.0964
WDI:EN.GHG.N2O.AG.MT.CE.AR5:IDN,2021-12-31,49.5045
WDI:EN.GHG.N2O.AG.MT.CE.AR5:IDN,2022-12-31,49.6198
WDI:EN.GHG.N2O.AG.MT.CE.AR5:IDN,2023-12-31,49.4947
WDI:EN.GHG.N2O.AG.MT.CE.AR5:IDN,2024-12-31,49.5593
WDI:EN.GHG.N2O.AG.MT.CE.AR5:IDX,1970-12-31,77.0906
WDI:EN.GHG.N2O.AG.MT.CE.AR5:IDX,1971-12-31,77.25090000000002
WDI:EN.GHG.N2O.AG.MT.CE.AR5:IDX,1972-12-31,76.88839999999998
WDI:EN.GHG.N2O.AG.MT.CE.AR5:IDX,1973-12-31,76.44020000000002
WDI:EN.GHG.N2O.AG.MT.CE.AR5:IDX,1974-12-31,76.46609999999998
WDI:EN.GHG.N2O.AG.MT.CE.AR5:IDX,1975-12-31,78.69210000000001
WDI:EN.GHG.N2O.AG.MT.CE.AR5:IDX,1976-12-31,79.81099999999996
WDI:EN.GHG.N2O.AG.MT.CE.AR5:IDX,1977-12-31,81.58040000000003
WDI:EN.GHG.N2O.AG.MT.CE.AR5:IDX,1978-12-31,84.47349999999999
WDI:EN.GHG.N2O.AG.MT.CE.AR5:IDX,1979-12-31,86.4028
WDI:EN.GHG.N2O.AG.MT.CE.AR5:IDX,1980-12-31,87.5761
WDI:EN.GHG.N2O.AG.MT.CE.AR5:IDX,1981-12-31,89.66329999999998
WDI:EN.GHG.N2O.AG.MT.CE.AR5:IDX,1982-12-31,92.1796
WDI:EN.GHG.N2O.AG.MT.CE.AR5:IDX,1983-12-31,92.9621
WDI:EN.GHG.N2O.AG.MT.CE.AR5:IDX,1984-12-31,91.74209999999998
WDI:EN.GHG.N2O.AG.MT.CE.AR5:IDX,1985-12-31,93.2768
WDI:EN.GHG.N2O.AG.MT.CE.AR5:IDX,1986-12-31,93.9527
WDI:EN.GHG.N2O.AG.MT.CE.AR5:IDX,1987-12-31,94.0212
WDI:EN.GHG.N2O.AG.MT.CE.AR5:IDX,1988-12-31,96.47339999999997
WDI:EN.GHG.N2O.AG.MT.CE.AR5:IDX,1989-12-31,98.2909
WDI:EN.GHG.N2O.AG.MT.CE.AR5:IDX,1990-12-31,99.94639999999998
WDI:EN.GHG.N2O.AG.MT.CE.AR5:IDX,1991-12-31,102.20710000000003
WDI:EN.GHG.N2O.AG.MT.CE.AR5:IDX,1992-12-31,104.9947
WDI:EN.GHG.N2O.AG.MT.CE.AR5:IDX,1993-12-31,106.25960000000003
WDI:EN.GHG.N2O.AG.MT.CE.AR5:IDX,1994-12-31,109.23120000000004
WDI:EN.GHG.N2O.AG.MT.CE.AR5:IDX,1995-12-31,112.1441
WDI:EN.GHG.N2O.AG.MT.CE.AR5:IDX,1996-12-31,115.4106
WDI:EN.GHG.N2O.AG.MT.CE.AR5:IDX,1997-12-31,118.2272
WDI:EN.GHG.N2O.AG.MT.CE.AR5:IDX,1998-12-31,121.26470000000002
WDI:EN.GHG.N2O.AG.MT.CE.AR5:IDX,1999-12-31,125.542
WDI:EN.GHG.N2O.AG.MT.CE.AR5:IDX,2000-12-31,127.0019
WDI:EN.GHG.N2O.AG.MT.CE.AR5:IDX,2001-12-31,129.71059999999997
WDI:EN.GHG.N2O.AG.MT.CE.AR5:IDX,2002-12-31,134.53799999999998
WDI:EN.GHG.N2O.AG.MT.CE.AR5:IDX,2003-12-31,138.73969999999994
WDI:EN.GHG.N2O.AG.MT.CE.AR5:IDX,2004-12-31,142.2062
WDI:EN.GHG.N2O.AG.MT.CE.AR5:IDX,2005-12-31,146.93390000000002
WDI:EN.GHG.N2O.AG.MT.CE.AR5:IDX,2006-12-31,150.6911
WDI:EN.GHG.N2O.AG.MT.CE.AR5:IDX,2007-12-31,155.93679999999995
WDI:EN.GHG.N2O.AG.MT.CE.AR5:IDX,2008-12-31,160.96059999999997
WDI:EN.GHG.N2O.AG.MT.CE.AR5:IDX,2009-12-31,165.7597
WDI:EN.GHG.N2O.AG.MT.CE.AR5:IDX,2010-12-31,171.39209999999997
WDI:EN.GHG.N2O.AG.MT.CE.AR5:IDX,2011-12-31,173.44090000000006
WDI:EN.GHG.N2O.AG.MT.CE.AR5:IDX,2012-12-31,179.68990000000002
WDI:EN.GHG.N2O.AG.MT.CE.AR5:IDX,2013-12-31,184.96960000000004
WDI:EN.GHG.N2O.AG.MT.CE.AR5:IDX,2014-12-31,190.7811
WDI:EN.GHG.N2O.AG.MT.CE.AR5:IDX,2015-12-31,194.57819999999998
WDI:EN.GHG.N2O.AG.MT.CE.AR5:IDX,2016-12-31,199.4407999999999
WDI:EN.GHG.N2O.AG.MT.CE.AR5:IDX,2017-12-31,206.0611
WDI:EN.GHG.N2O.AG.MT.CE.AR5:IDX,2018-12-31,203.959
WDI:EN.GHG.N2O.AG.MT.CE.AR5:IDX,2019-12-31,210.19359999999998
WDI:EN.GHG.N2O.AG.MT.CE.AR5:IDX,2020-12-31,215.29579999999993
WDI:EN.GHG.N2O.AG.MT.CE.AR5:IDX,2021-12-31,216.17529999999996
WDI:EN.GHG.N2O.AG.MT.CE.AR5:IDX,2022-12-31,221.98070000000007
WDI:EN.GHG.N2O.AG.MT.CE.AR5:IDX,2023-12-31,226.1492
WDI:EN.GHG.N2O.AG.MT.CE.AR5:IDX,2024-12-31,230.6314
WDI:EN.GHG.N2O.AG.MT.CE.AR5:IND,1970-12-31,51.8433
WDI:EN.GHG.N2O.AG.MT.CE.AR5:IND,1971-12-31,52.3096
WDI:EN.GHG.N2O.AG.MT.CE.AR5:IND,1972-12-31,52.819
WDI:EN.GHG.N2O.AG.MT.CE.AR5:IND,1973-12-31,53.0693
WDI:EN.GHG.N2O.AG.MT.CE.AR5:IND,1974-12-31,54.7031
WDI:EN.GHG.N2O.AG.MT.CE.AR5:IND,1975-12-31,55.9452
WDI:EN.GHG.N2O.AG.MT.CE.AR5:IND,1976-12-31,58.9789
WDI:EN.GHG.N2O.AG.MT.CE.AR5:IND,1977-12-31,62.4405
WDI:EN.GHG.N2O.AG.MT.CE.AR5:IND,1978-12-31,64.4092
WDI:EN.GHG.N2O.AG.MT.CE.AR5:IND,1979-12-31,67.8193
WDI:EN.GHG.N2O.AG.MT.CE.AR5:IND,1980-12-31,69.3453
WDI:EN.GHG.N2O.AG.MT.CE.AR5:IND,1981-12-31,72.4734
WDI:EN.GHG.N2O.AG.MT.CE.AR5:IND,1982-12-31,74.4454
WDI:EN.GHG.N2O.AG.MT.CE.AR5:IND,1983-12-31,79.4031
WDI:EN.GHG.N2O.AG.MT.CE.AR5:IND,1984-12-31,83.929
WDI:EN.GHG.N2O.AG.MT.CE.AR5:IND,1985-12-31,86.662
WDI:EN.GHG.N2O.AG.MT.CE.AR5:IND,1986-12-31,92.0151
WDI:EN.GHG.N2O.AG.MT.CE.AR5:IND,1987-12-31,88.0285
WDI:EN.GHG.N2O.AG.MT.CE.AR5:IND,1988-12-31,97.1672
WDI:EN.GHG.N2O.AG.MT.CE.AR5:IND,1989-12-31,98.2493
WDI:EN.GHG.N2O.AG.MT.CE.AR5:IND,1990-12-31,101.2243
WDI:EN.GHG.N2O.AG.MT.CE.AR5:IND,1991-12-31,104.4515
WDI:EN.GHG.N2O.AG.MT.CE.AR5:IND,1992-12-31,107.7737
WDI:EN.GHG.N2O.AG.MT.CE.AR5:IND,1993-12-31,110.2573
WDI:EN.GHG.N2O.AG.MT.CE.AR5:IND,1994-12-31,114.7423
WDI:EN.GHG.N2O.AG.MT.CE.AR5:IND,1995-12-31,117.0464
WDI:EN.GHG.N2O.AG.MT.CE.AR5:IND,1996-12-31,120.4407
WDI:EN.GHG.N2O.AG.MT.CE.AR5:IND,1997-12-31,123.9085
WDI:EN.GHG.N2O.AG.MT.CE.AR5:IND,1998-12-31,126.615
WDI:EN.GHG.N2O.AG.MT.CE.AR5:IND,1999-12-31,128.1985
WDI:EN.GHG.N2O.AG.MT.CE.AR5:IND,2000-12-31,124.5319
WDI:EN.GHG.N2O.AG.MT.CE.AR5:IND,2001-12-31,127.2646
WDI:EN.GHG.N2O.AG.MT.CE.AR5:IND,2002-12-31,122.3
WDI:EN.GHG.N2O.AG.MT.CE.AR5:IND,2003-12-31,126.8905
WDI:EN.GHG.N2O.AG.MT.CE.AR5:IND,2004-12-31,131.3129
WDI:EN.GHG.N2O.AG.MT.CE.AR5:IND,2005-12-31,138.2697
WDI:EN.GHG.N2O.AG.MT.CE.AR5:IND,2006-12-31,145.3135
WDI:EN.GHG.N2O.AG.MT.CE.AR5:IND,2007-12-31,151.3782
WDI:EN.GHG.N2O.AG.MT.CE.AR5:IND,2008-12-31,155.1527
WDI:EN.GHG.N2O.AG.MT.CE.AR5:IND,2009-12-31,157.2838
WDI:EN.GHG.N2O.AG.MT.CE.AR5:IND,2010-12-31,163.1194
WDI:EN.GHG.N2O.AG.MT.CE.AR5:IND,2011-12-31,167.7065
WDI:EN.GHG.N2O.AG.MT.CE.AR5:IND,2012-12-31,165.5195
WDI:EN.GHG.N2O.AG.MT.CE.AR5:IND,2013-12-31,165.282
WDI:EN.GHG.N2O.AG.MT.CE.AR5:IND,2014-12-31,166.4046
WDI:EN.GHG.N2O.AG.MT.CE.AR5:IND,2015-12-31,169.251
WDI:EN.GHG.N2O.AG.MT.CE.AR5:IND,2016-12-31,166.971
WDI:EN.GHG.N2O.AG.MT.CE.AR5:IND,2017-12-31,169.2143
WDI:EN.GHG.N2O.AG.MT.CE.AR5:IND,2018-12-31,173.8483
WDI:EN.GHG.N2O.AG.MT.CE.AR5:IND,2019-12-31,182.3934
WDI:EN.GHG.N2O.AG.MT.CE.AR5:IND,2020-12-31,190.6433
WDI:EN.GHG.N2O.AG.MT.CE.AR5:IND,2021-12-31,185.5948
WDI:EN.GHG.N2O.AG.MT.CE.AR5:IND,2022-12-31,190.2566
WDI:EN.GHG.N2O.AG.MT.CE.AR5:IND,2023-12-31,196.133
WDI:EN.GHG.N2O.AG.MT.CE.AR5:IND,2024-12-31,200.3701
WDI:EN.GHG.N2O.AG.MT.CE.AR5:IRL,1970-12-31,6.1044
WDI:EN.GHG.N2O.AG.MT.CE.AR5:IRL,1971-12-31,6.2135
WDI:EN.GHG.N2O.AG.MT.CE.AR5:IRL,1972-12-31,6.1709
WDI:EN.GHG.N2O.AG.MT.CE.AR5:IRL,1973-12-31,6.3932
WDI:EN.GHG.N2O.AG.MT.CE.AR5:IRL,1974-12-31,6.6308
WDI:EN.GHG.N2O.AG.MT.CE.AR5:IRL,1975-12-31,6.7335
WDI:EN.GHG.N2O.AG.MT.CE.AR5:IRL,1976-12-31,6.6791
WDI:EN.GHG.N2O.AG.MT.CE.AR5:IRL,1977-12-31,7.0562
WDI:EN.GHG.N2O.AG.MT.CE.AR5:IRL,1978-12-31,7.2697
WDI:EN.GHG.N2O.AG.MT.CE.AR5:IRL,1979-12-31,7.1872
WDI:EN.GHG.N2O.AG.MT.CE.AR5:IRL,1980-12-31,7.345
WDI:EN.GHG.N2O.AG.MT.CE.AR5:IRL,1981-12-31,7.1767
WDI:EN.GHG.N2O.AG.MT.CE.AR5:IRL,1982-12-31,7.2966
WDI:EN.GHG.N2O.AG.MT.CE.AR5:IRL,1983-12-31,7.526
WDI:EN.GHG.N2O.AG.MT.CE.AR5:IRL,1984-12-31,7.5812
WDI:EN.GHG.N2O.AG.MT.CE.AR5:IRL,1985-12-31,7.5981
WDI:EN.GHG.N2O.AG.MT.CE.AR5:IRL,1986-12-31,7.8383
WDI:EN.GHG.N2O.AG.MT.CE.AR5:IRL,1987-12-31,7.6385
WDI:EN.GHG.N2O.AG.MT.CE.AR5:IRL,1988-12-31,7.6837
WDI:EN.GHG.N2O.AG.MT.CE.AR5:IRL,1989-12-31,7.8932
WDI:EN.GHG.N2O.AG.MT.CE.AR5:IRL,1990-12-31,8.033
WDI:EN.GHG.N2O.AG.MT.CE.AR5:IRL,1991-12-31,7.9924
WDI:EN.GHG.N2O.AG.MT.CE.AR5:IRL,1992-12-31,8.0273
WDI:EN.GHG.N2O.AG.MT.CE.AR5:IRL,1993-12-31,8.2979
WDI:EN.GHG.N2O.AG.MT.CE.AR5:IRL,1994-12-31,8.4426
WDI:EN.GHG.N2O.AG.MT.CE.AR5:IRL,1995-12-31,8.418
WDI:EN.GHG.N2O.AG.MT.CE.AR5:IRL,1996-12-31,8.2958
WDI:EN.GHG.N2O.AG.MT.CE.AR5:IRL,1997-12-31,8.3871
WDI:EN.GHG.N2O.AG.MT.CE.AR5:IRL,1998-12-31,8.7271
WDI:EN.GHG.N2O.AG.MT.CE.AR5:IRL,1999-12-31,8.6813
WDI:EN.GHG.N2O.AG.MT.CE.AR5:IRL,2000-12-31,8.5343
WDI:EN.GHG.N2O.AG.MT.CE.AR5:IRL,2001-12-31,8.5128
WDI:EN.GHG.N2O.AG.MT.CE.AR5:IRL,2002-12-31,8.5843
WDI:EN.GHG.N2O.AG.MT.CE.AR5:IRL,2003-12-31,8.4533
WDI:EN.GHG.N2O.AG.MT.CE.AR5:IRL,2004-12-31,8.4061
WDI:EN.GHG.N2O.AG.MT.CE.AR5:IRL,2005-12-31,8.2619
WDI:EN.GHG.N2O.AG.MT.CE.AR5:IRL,2006-12-31,8.2287
WDI:EN.GHG.N2O.AG.MT.CE.AR5:IRL,2007-12-31,7.9856
WDI:EN.GHG.N2O.AG.MT.CE.AR5:IRL,2008-12-31,7.8721
WDI:EN.GHG.N2O.AG.MT.CE.AR5:IRL,2009-12-31,8.2282
WDI:EN.GHG.N2O.AG.MT.CE.AR5:IRL,2010-12-31,7.9968
WDI:EN.GHG.N2O.AG.MT.CE.AR5:IRL,2011-12-31,7.6698
WDI:EN.GHG.N2O.AG.MT.CE.AR5:IRL,2012-12-31,8.0662
WDI:EN.GHG.N2O.AG.MT.CE.AR5:IRL,2013-12-31,8.1869
WDI:EN.GHG.N2O.AG.MT.CE.AR5:IRL,2014-12-31,8.1748
WDI:EN.GHG.N2O.AG.MT.CE.AR5:IRL,2015-12-31,8.2569
WDI:EN.GHG.N2O.AG.MT.CE.AR5:IRL,2016-12-31,8.5206
WDI:EN.GHG.N2O.AG.MT.CE.AR5:IRL,2017-12-31,8.727
WDI:EN.GHG.N2O.AG.MT.CE.AR5:IRL,2018-12-31,8.3584
WDI:EN.GHG.N2O.AG.MT.CE.AR5:IRL,2019-12-31,8.2011
WDI:EN.GHG.N2O.AG.MT.CE.AR5:IRL,2020-12-31,8.2851
WDI:EN.GHG.N2O.AG.MT.CE.AR5:IRL,2021-12-31,8.279
WDI:EN.GHG.N2O.AG.MT.CE.AR5:IRL,2022-12-31,7.9781
WDI:EN.GHG.N2O.AG.MT.CE.AR5:IRL,2023-12-31,7.8564
WDI:EN.GHG.N2O.AG.MT.CE.AR5:IRL,2024-12-31,7.7902
WDI:EN.GHG.N2O.AG.MT.CE.AR5:IRN,1970-12-31,6.595
WDI:EN.GHG.N2O.AG.MT.CE.AR5:IRN,1971-12-31,6.584
WDI:EN.GHG.N2O.AG.MT.CE.AR5:IRN,1972-12-31,6.6251
WDI:EN.GHG.N2O.AG.MT.CE.AR5:IRN,1973-12-31,6.7775
WDI:EN.GHG.N2O.AG.MT.CE.AR5:IRN,1974-12-31,7.161
WDI:EN.GHG.N2O.AG.MT.CE.AR5:IRN,1975-12-31,7.0309
WDI:EN.GHG.N2O.AG.MT.CE.AR5:IRN,1976-12-31,7.2502
WDI:EN.GHG.N2O.AG.MT.CE.AR5:IRN,1977-12-31,7.6501
WDI:EN.GHG.N2O.AG.MT.CE.AR5:IRN,1978-12-31,7.5368
WDI:EN.GHG.N2O.AG.MT.CE.AR5:IRN,1979-12-31,8.1724
WDI:EN.GHG.N2O.AG.MT.CE.AR5:IRN,1980-12-31,8.1502
WDI:EN.GHG.N2O.AG.MT.CE.AR5:IRN,1981-12-31,9.0261
WDI:EN.GHG.N2O.AG.MT.CE.AR5:IRN,1982-12-31,9.349
WDI:EN.GHG.N2O.AG.MT.CE.AR5:IRN,1983-12-31,10.2789
WDI:EN.GHG.N2O.AG.MT.CE.AR5:IRN,1984-12-31,10.1113
WDI:EN.GHG.N2O.AG.MT.CE.AR5:IRN,1985-12-31,10.3883
WDI:EN.GHG.N2O.AG.MT.CE.AR5:IRN,1986-12-31,11.3315
WDI:EN.GHG.N2O.AG.MT.CE.AR5:IRN,1987-12-31,11.1109
WDI:EN.GHG.N2O.AG.MT.CE.AR5:IRN,1988-12-31,11.1892
WDI:EN.GHG.N2O.AG.MT.CE.AR5:IRN,1989-12-31,13.31
WDI:EN.GHG.N2O.AG.MT.CE.AR5:IRN,1990-12-31,12.4112
WDI:EN.GHG.N2O.AG.MT.CE.AR5:IRN,1991-12-31,12.6804
WDI:EN.GHG.N2O.AG.MT.CE.AR5:IRN,1992-12-31,14.5415
WDI:EN.GHG.N2O.AG.MT.CE.AR5:IRN,1993-12-31,13.1812
WDI:EN.GHG.N2O.AG.MT.CE.AR5:IRN,1994-12-31,13.6978
WDI:EN.GHG.N2O.AG.MT.CE.AR5:IRN,1995-12-31,14.007
WDI:EN.GHG.N2O.AG.MT.CE.AR5:IRN,1996-12-31,14.4769
WDI:EN.GHG.N2O.AG.MT.CE.AR5:IRN,1997-12-31,15.4149
WDI:EN.GHG.N2O.AG.MT.CE.AR5:IRN,1998-12-31,15.8964
WDI:EN.GHG.N2O.AG.MT.CE.AR5:IRN,1999-12-31,15.4846
WDI:EN.GHG.N2O.AG.MT.CE.AR5:IRN,2000-12-31,15.6044
WDI:EN.GHG.N2O.AG.MT.CE.AR5:IRN,2001-12-31,15.7775
WDI:EN.GHG.N2O.AG.MT.CE.AR5:IRN,2002-12-31,15.4761
WDI:EN.GHG.N2O.AG.MT.CE.AR5:IRN,2003-12-31,16.029
WDI:EN.GHG.N2O.AG.MT.CE.AR5:IRN,2004-12-31,17.136
WDI:EN.GHG.N2O.AG.MT.CE.AR5:IRN,2005-12-31,16.3688
WDI:EN.GHG.N2O.AG.MT.CE.AR5:IRN,2006-12-31,17.6126
WDI:EN.GHG.N2O.AG.MT.CE.AR5:IRN,2007-12-31,17.0665
WDI:EN.GHG.N2O.AG.MT.CE.AR5:IRN,2008-12-31,17.0046
WDI:EN.GHG.N2O.AG.MT.CE.AR5:IRN,2009-12-31,16.7843
WDI:EN.GHG.N2O.AG.MT.CE.AR5:IRN,2010-12-31,16.8046
WDI:EN.GHG.N2O.AG.MT.CE.AR5:IRN,2011-12-31,15.8142
WDI:EN.GHG.N2O.AG.MT.CE.AR5:IRN,2012-12-31,15.8844
WDI:EN.GHG.N2O.AG.MT.CE.AR5:IRN,2013-12-31,14.9996
WDI:EN.GHG.N2O.AG.MT.CE.AR5:IRN,2014-12-31,12.837
WDI:EN.GHG.N2O.AG.MT.CE.AR5:IRN,2015-12-31,12.27
WDI:EN.GHG.N2O.AG.MT.CE.AR5:IRN,2016-12-31,14.1465
WDI:EN.GHG.N2O.AG.MT.CE.AR5:IRN,2017-12-31,13.8684
WDI:EN.GHG.N2O.AG.MT.CE.AR5:IRN,2018-12-31,14.4774
WDI:EN.GHG.N2O.AG.MT.CE.AR5:IRN,2019-12-31,14.5491
WDI:EN.GHG.N2O.AG.MT.CE.AR5:IRN,2020-12-31,15.1747
WDI:EN.GHG.N2O.AG.MT.CE.AR5:IRN,2021-12-31,16.0393
WDI:EN.GHG.N2O.AG.MT.CE.AR5:IRN,2022-12-31,16.0003
WDI:EN.GHG.N2O.AG.MT.CE.AR5:IRN,2023-12-31,15.8353
WDI:EN.GHG.N2O.AG.MT.CE.AR5:IRN,2024-12-31,16.1697
WDI:EN.GHG.N2O.AG.MT.CE.AR5:IRQ,1970-12-31,2.0046
WDI:EN.GHG.N2O.AG.MT.CE.AR5:IRQ,1971-12-31,1.9202
WDI:EN.GHG.N2O.AG.MT.CE.AR5:IRQ,1972-12-31,1.9861
WDI:EN.GHG.N2O.AG.MT.CE.AR5:IRQ,1973-12-31,1.8348
WDI:EN.GHG.N2O.AG.MT.CE.AR5:IRQ,1974-12-31,1.8624
WDI:EN.GHG.N2O.AG.MT.CE.AR5:IRQ,1975-12-31,1.8353
WDI:EN.GHG.N2O.AG.MT.CE.AR5:IRQ,1976-12-31,1.9135
WDI:EN.GHG.N2O.AG.MT.CE.AR5:IRQ,1977-12-31,2.013
WDI:EN.GHG.N2O.AG.MT.CE.AR5:IRQ,1978-12-31,1.9795
WDI:EN.GHG.N2O.AG.MT.CE.AR5:IRQ,1979-12-31,2.0204
WDI:EN.GHG.N2O.AG.MT.CE.AR5:IRQ,1980-12-31,2.0527
WDI:EN.GHG.N2O.AG.MT.CE.AR5:IRQ,1981-12-31,2.075
WDI:EN.GHG.N2O.AG.MT.CE.AR5:IRQ,1982-12-31,2.0961
WDI:EN.GHG.N2O.AG.MT.CE.AR5:IRQ,1983-12-31,1.9991
WDI:EN.GHG.N2O.AG.MT.CE.AR5:IRQ,1984-12-31,2.2028
WDI:EN.GHG.N2O.AG.MT.CE.AR5:IRQ,1985-12-31,2.2698
WDI:EN.GHG.N2O.AG.MT.CE.AR5:IRQ,1986-12-31,2.3094
WDI:EN.GHG.N2O.AG.MT.CE.AR5:IRQ,1987-12-31,2.3794
WDI:EN.GHG.N2O.AG.MT.CE.AR5:IRQ,1988-12-31,2.5689
WDI:EN.GHG.N2O.AG.MT.CE.AR5:IRQ,1989-12-31,2.4078
WDI:EN.GHG.N2O.AG.MT.CE.AR5:IRQ,1990-12-31,2.4501
WDI:EN.GHG.N2O.AG.MT.CE.AR5:IRQ,1991-12-31,1.6522
WDI:EN.GHG.N2O.AG.MT.CE.AR5:IRQ,1992-12-31,2.058
WDI:EN.GHG.N2O.AG.MT.CE.AR5:IRQ,1993-12-31,2.8666
WDI:EN.GHG.N2O.AG.MT.CE.AR5:IRQ,1994-12-31,2.7895
WDI:EN.GHG.N2O.AG.MT.CE.AR5:IRQ,1995-12-31,2.5782
WDI:EN.GHG.N2O.AG.MT.CE.AR5:IRQ,1996-12-31,2.5226
WDI:EN.GHG.N2O.AG.MT.CE.AR5:IRQ,1997-12-31,2.6686
WDI:EN.GHG.N2O.AG.MT.CE.AR5:IRQ,1998-12-31,2.7553
WDI:EN.GHG.N2O.AG.MT.CE.AR5:IRQ,1999-12-31,2.71
WDI:EN.GHG.N2O.AG.MT.CE.AR5:IRQ,2000-12-31,2.7308
WDI:EN.GHG.N2O.AG.MT.CE.AR5:IRQ,2001-12-31,2.9865
WDI:EN.GHG.N2O.AG.MT.CE.AR5:IRQ,2002-12-31,4.2441
WDI:EN.GHG.N2O.AG.MT.CE.AR5:IRQ,2003-12-31,1.6185
WDI:EN.GHG.N2O.AG.MT.CE.AR5:IRQ,2004-12-31,1.3232
WDI:EN.GHG.N2O.AG.MT.CE.AR5:IRQ,2005-12-31,2.1024
WDI:EN.GHG.N2O.AG.MT.CE.AR5:IRQ,2006-12-31,2.1141
WDI:EN.GHG.N2O.AG.MT.CE.AR5:IRQ,2007-12-31,2.0366
WDI:EN.GHG.N2O.AG.MT.CE.AR5:IRQ,2008-12-31,2.3262
WDI:EN.GHG.N2O.AG.MT.CE.AR5:IRQ,2009-12-31,2.8674
WDI:EN.GHG.N2O.AG.MT.CE.AR5:IRQ,2010-12-31,2.8504
WDI:EN.GHG.N2O.AG.MT.CE.AR5:IRQ,2011-12-31,2.9742
WDI:EN.GHG.N2O.AG.MT.CE.AR5:IRQ,2012-12-31,3.0727
WDI:EN.GHG.N2O.AG.MT.CE.AR5:IRQ,2013-12-31,3.3251
WDI:EN.GHG.N2O.AG.MT.CE.AR5:IRQ,2014-12-31,3.5137
WDI:EN.GHG.N2O.AG.MT.CE.AR5:IRQ,2015-12-31,2.7427
WDI:EN.GHG.N2O.AG.MT.CE.AR5:IRQ,2016-12-31,3.2001
WDI:EN.GHG.N2O.AG.MT.CE.AR5:IRQ,2017-12-31,2.7289
WDI:EN.GHG.N2O.AG.MT.CE.AR5:IRQ,2018-12-31,2.9341
WDI:EN.GHG.N2O.AG.MT.CE.AR5:IRQ,2019-12-31,3.2182
WDI:EN.GHG.N2O.AG.MT.CE.AR5:IRQ,2020-12-31,2.6163
WDI:EN.GHG.N2O.AG.MT.CE.AR5:IRQ,2021-12-31,2.4986
WDI:EN.GHG.N2O.AG.MT.CE.AR5:IRQ,2022-12-31,2.7566
WDI:EN.GHG.N2O.AG.MT.CE.AR5:IRQ,2023-12-31,2.8519
WDI:EN.GHG.N2O.AG.MT.CE.AR5:IRQ,2024-12-31,2.9068
WDI:EN.GHG.N2O.AG.MT.CE.AR5:ISL,1970-12-31,0.235
WDI:EN.GHG.N2O.AG.MT.CE.AR5:ISL,1971-12-31,0.2313
WDI:EN.GHG.N2O.AG.MT.CE.AR5:ISL,1972-12-31,0.2368
WDI:EN.GHG.N2O.AG.MT.CE.AR5:ISL,1973-12-31,0.2422
WDI:EN.GHG.N2O.AG.MT.CE.AR5:ISL,1974-12-31,0.2474
WDI:EN.GHG.N2O.AG.MT.CE.AR5:ISL,1975-12-31,0.2503
WDI:EN.GHG.N2O.AG.MT.CE.AR5:ISL,1976-12-31,0.2497
WDI:EN.GHG.N2O.AG.MT.CE.AR5:ISL,1977-12-31,0.2496
WDI:EN.GHG.N2O.AG.MT.CE.AR5:ISL,1978-12-31,0.2514
WDI:EN.GHG.N2O.AG.MT.CE.AR5:ISL,1979-12-31,0.25
WDI:EN.GHG.N2O.AG.MT.CE.AR5:ISL,1980-12-31,0.2415
WDI:EN.GHG.N2O.AG.MT.CE.AR5:ISL,1981-12-31,0.2426
WDI:EN.GHG.N2O.AG.MT.CE.AR5:ISL,1982-12-31,0.3003
WDI:EN.GHG.N2O.AG.MT.CE.AR5:ISL,1983-12-31,0.3016
WDI:EN.GHG.N2O.AG.MT.CE.AR5:ISL,1984-12-31,0.2977
WDI:EN.GHG.N2O.AG.MT.CE.AR5:ISL,1985-12-31,0.296
WDI:EN.GHG.N2O.AG.MT.CE.AR5:ISL,1986-12-31,0.2936
WDI:EN.GHG.N2O.AG.MT.CE.AR5:ISL,1987-12-31,0.2826
WDI:EN.GHG.N2O.AG.MT.CE.AR5:ISL,1988-12-31,0.282
WDI:EN.GHG.N2O.AG.MT.CE.AR5:ISL,1989-12-31,0.2846
WDI:EN.GHG.N2O.AG.MT.CE.AR5:ISL,1990-12-31,0.2875
WDI:EN.GHG.N2O.AG.MT.CE.AR5:ISL,1991-12-31,0.2842
WDI:EN.GHG.N2O.AG.MT.CE.AR5:ISL,1992-12-31,0.2754
WDI:EN.GHG.N2O.AG.MT.CE.AR5:ISL,1993-12-31,0.2806
WDI:EN.GHG.N2O.AG.MT.CE.AR5:ISL,1994-12-31,0.2771
WDI:EN.GHG.N2O.AG.MT.CE.AR5:ISL,1995-12-31,0.2704
WDI:EN.GHG.N2O.AG.MT.CE.AR5:ISL,1996-12-31,0.2792
WDI:EN.GHG.N2O.AG.MT.CE.AR5:ISL,1997-12-31,0.2815
WDI:EN.GHG.N2O.AG.MT.CE.AR5:ISL,1998-12-31,0.286
WDI:EN.GHG.N2O.AG.MT.CE.AR5:ISL,1999-12-31,0.2907
WDI:EN.GHG.N2O.AG.MT.CE.AR5:ISL,2000-12-31,0.2835
WDI:EN.GHG.N2O.AG.MT.CE.AR5:ISL,2001-12-31,0.282
WDI:EN.GHG.N2O.AG.MT.CE.AR5:ISL,2002-12-31,0.2849
WDI:EN.GHG.N2O.AG.MT.CE.AR5:ISL,2003-12-31,0.2854
WDI:EN.GHG.N2O.AG.MT.CE.AR5:ISL,2004-12-31,0.2832
WDI:EN.GHG.N2O.AG.MT.CE.AR5:ISL,2005-12-31,0.2845
WDI:EN.GHG.N2O.AG.MT.CE.AR5:ISL,2006-12-31,0.2815
WDI:EN.GHG.N2O.AG.MT.CE.AR5:ISL,2007-12-31,0.2826
WDI:EN.GHG.N2O.AG.MT.CE.AR5:ISL,2008-12-31,0.2813
WDI:EN.GHG.N2O.AG.MT.CE.AR5:ISL,2009-12-31,0.285
WDI:EN.GHG.N2O.AG.MT.CE.AR5:ISL,2010-12-31,0.2847
WDI:EN.GHG.N2O.AG.MT.CE.AR5:ISL,2011-12-31,0.2843
WDI:EN.GHG.N2O.AG.MT.CE.AR5:ISL,2012-12-31,0.2835
WDI:EN.GHG.N2O.AG.MT.CE.AR5:ISL,2013-12-31,0.2533
WDI:EN.GHG.N2O.AG.MT.CE.AR5:ISL,2014-12-31,0.2632
WDI:EN.GHG.N2O.AG.MT.CE.AR5:ISL,2015-12-31,0.2621
WDI:EN.GHG.N2O.AG.MT.CE.AR5:ISL,2016-12-31,0.2531
WDI:EN.GHG.N2O.AG.MT.CE.AR5:ISL,2017-12-31,0.2581
WDI:EN.GHG.N2O.AG.MT.CE.AR5:ISL,2018-12-31,0.2544
WDI:EN.GHG.N2O.AG.MT.CE.AR5:ISL,2019-12-31,0.2499
WDI:EN.GHG.N2O.AG.MT.CE.AR5:ISL,2020-12-31,0.25
WDI:EN.GHG.N2O.AG.MT.CE.AR5:ISL,2021-12-31,0.2384
WDI:EN.GHG.N2O.AG.MT.CE.AR5:ISL,2022-12-31,0.226
WDI:EN.GHG.N2O.AG.MT.CE.AR5:ISL,2023-12-31,0.2231
WDI:EN.GHG.N2O.AG.MT.CE.AR5:ISL,2024-12-31,0.2198
WDI:EN.GHG.N2O.AG.MT.CE.AR5:ISR,1970-12-31,0.3633
WDI:EN.GHG.N2O.AG.MT.CE.AR5:ISR,1971-12-31,0.3675
WDI:EN.GHG.N2O.AG.MT.CE.AR5:ISR,1972-12-31,0.3769
WDI:EN.GHG.N2O.AG.MT.CE.AR5:ISR,1973-12-31,0.3905
WDI:EN.GHG.N2O.AG.MT.CE.AR5:ISR,1974-12-31,0.4229
WDI:EN.GHG.N2O.AG.MT.CE.AR5:ISR,1975-12-31,0.4761
WDI:EN.GHG.N2O.AG.MT.CE.AR5:ISR,1976-12-31,0.4744
WDI:EN.GHG.N2O.AG.MT.CE.AR5:ISR,1977-12-31,0.4945
WDI:EN.GHG.N2O.AG.MT.CE.AR5:ISR,1978-12-31,0.488
WDI:EN.GHG.N2O.AG.MT.CE.AR5:ISR,1979-12-31,0.4767
WDI:EN.GHG.N2O.AG.MT.CE.AR5:ISR,1980-12-31,0.5157
WDI:EN.GHG.N2O.AG.MT.CE.AR5:ISR,1981-12-31,0.5506
WDI:EN.GHG.N2O.AG.MT.CE.AR5:ISR,1982-12-31,0.5379
WDI:EN.GHG.N2O.AG.MT.CE.AR5:ISR,1983-12-31,0.5743
WDI:EN.GHG.N2O.AG.MT.CE.AR5:ISR,1984-12-31,0.6015
WDI:EN.GHG.N2O.AG.MT.CE.AR5:ISR,1985-12-31,0.595
WDI:EN.GHG.N2O.AG.MT.CE.AR5:ISR,1986-12-31,0.5872
WDI:EN.GHG.N2O.AG.MT.CE.AR5:ISR,1987-12-31,0.6142
WDI:EN.GHG.N2O.AG.MT.CE.AR5:ISR,1988-12-31,0.5998
WDI:EN.GHG.N2O.AG.MT.CE.AR5:ISR,1989-12-31,0.6067
WDI:EN.GHG.N2O.AG.MT.CE.AR5:ISR,1990-12-31,0.6081
WDI:EN.GHG.N2O.AG.MT.CE.AR5:ISR,1991-12-31,0.563
WDI:EN.GHG.N2O.AG.MT.CE.AR5:ISR,1992-12-31,0.5927
WDI:EN.GHG.N2O.AG.MT.CE.AR5:ISR,1993-12-31,0.6056
WDI:EN.GHG.N2O.AG.MT.CE.AR5:ISR,1994-12-31,0.7255
WDI:EN.GHG.N2O.AG.MT.CE.AR5:ISR,1995-12-31,0.742
WDI:EN.GHG.N2O.AG.MT.CE.AR5:ISR,1996-12-31,0.819
WDI:EN.GHG.N2O.AG.MT.CE.AR5:ISR,1997-12-31,0.7933
WDI:EN.GHG.N2O.AG.MT.CE.AR5:ISR,1998-12-31,0.8074
WDI:EN.GHG.N2O.AG.MT.CE.AR5:ISR,1999-12-31,0.7247
WDI:EN.GHG.N2O.AG.MT.CE.AR5:ISR,2000-12-31,0.7403
WDI:EN.GHG.N2O.AG.MT.CE.AR5:ISR,2001-12-31,0.7514
WDI:EN.GHG.N2O.AG.MT.CE.AR5:ISR,2002-12-31,0.7713
WDI:EN.GHG.N2O.AG.MT.CE.AR5:ISR,2003-12-31,0.7877
WDI:EN.GHG.N2O.AG.MT.CE.AR5:ISR,2004-12-31,0.822
WDI:EN.GHG.N2O.AG.MT.CE.AR5:ISR,2005-12-31,0.783
WDI:EN.GHG.N2O.AG.MT.CE.AR5:ISR,2006-12-31,0.8284
WDI:EN.GHG.N2O.AG.MT.CE.AR5:ISR,2007-12-31,0.7977
WDI:EN.GHG.N2O.AG.MT.CE.AR5:ISR,2008-12-31,0.8091
WDI:EN.GHG.N2O.AG.MT.CE.AR5:ISR,2009-12-31,0.8105
WDI:EN.GHG.N2O.AG.MT.CE.AR5:ISR,2010-12-31,0.8105
WDI:EN.GHG.N2O.AG.MT.CE.AR5:ISR,2011-12-31,0.8441
WDI:EN.GHG.N2O.AG.MT.CE.AR5:ISR,2012-12-31,0.8418
WDI:EN.GHG.N2O.AG.MT.CE.AR5:ISR,2013-12-31,0.8788
WDI:EN.GHG.N2O.AG.MT.CE.AR5:ISR,2014-12-31,0.8831
WDI:EN.GHG.N2O.AG.MT.CE.AR5:ISR,2015-12-31,0.9139
WDI:EN.GHG.N2O.AG.MT.CE.AR5:ISR,2016-12-31,0.9152
WDI:EN.GHG.N2O.AG.MT.CE.AR5:ISR,2017-12-31,0.935
WDI:EN.GHG.N2O.AG.MT.CE.AR5:ISR,2018-12-31,0.9656
WDI:EN.GHG.N2O.AG.MT.CE.AR5:ISR,2019-12-31,0.9645
WDI:EN.GHG.N2O.AG.MT.CE.AR5:ISR,2020-12-31,0.9502
WDI:EN.GHG.N2O.AG.MT.CE.AR5:ISR,2021-12-31,1.0082
WDI:EN.GHG.N2O.AG.MT.CE.AR5:ISR,2022-12-31,1.0596
WDI:EN.GHG.N2O.AG.MT.CE.AR5:ISR,2023-12-31,1.056
WDI:EN.GHG.N2O.AG.MT.CE.AR5:ISR,2024-12-31,1.0702
WDI:EN.GHG.N2O.AG.MT.CE.AR5:ITA,1970-12-31,10.1732
WDI:EN.GHG.N2O.AG.MT.CE.AR5:ITA,1971-12-31,9.7465
WDI:EN.GHG.N2O.AG.MT.CE.AR5:ITA,1972-12-31,9.6308
WDI:EN.GHG.N2O.AG.MT.CE.AR5:ITA,1973-12-31,9.7461
WDI:EN.GHG.N2O.AG.MT.CE.AR5:ITA,1974-12-31,9.6471
WDI:EN.GHG.N2O.AG.MT.CE.AR5:ITA,1975-12-31,9.7227
WDI:EN.GHG.N2O.AG.MT.CE.AR5:ITA,1976-12-31,11.0133
WDI:EN.GHG.N2O.AG.MT.CE.AR5:ITA,1977-12-31,11.4271
WDI:EN.GHG.N2O.AG.MT.CE.AR5:ITA,1978-12-31,12.9485
WDI:EN.GHG.N2O.AG.MT.CE.AR5:ITA,1979-12-31,13.3138
WDI:EN.GHG.N2O.AG.MT.CE.AR5:ITA,1980-12-31,12.9165
WDI:EN.GHG.N2O.AG.MT.CE.AR5:ITA,1981-12-31,12.6931
WDI:EN.GHG.N2O.AG.MT.CE.AR5:ITA,1982-12-31,12.9355
WDI:EN.GHG.N2O.AG.MT.CE.AR5:ITA,1983-12-31,12.6852
WDI:EN.GHG.N2O.AG.MT.CE.AR5:ITA,1984-12-31,13.3076
WDI:EN.GHG.N2O.AG.MT.CE.AR5:ITA,1985-12-31,13.4108
WDI:EN.GHG.N2O.AG.MT.CE.AR5:ITA,1986-12-31,13.3787
WDI:EN.GHG.N2O.AG.MT.CE.AR5:ITA,1987-12-31,13.4923
WDI:EN.GHG.N2O.AG.MT.CE.AR5:ITA,1988-12-31,12.9929
WDI:EN.GHG.N2O.AG.MT.CE.AR5:ITA,1989-12-31,12.1631
WDI:EN.GHG.N2O.AG.MT.CE.AR5:ITA,1990-12-31,12.3575
WDI:EN.GHG.N2O.AG.MT.CE.AR5:ITA,1991-12-31,12.179
WDI:EN.GHG.N2O.AG.MT.CE.AR5:ITA,1992-12-31,12.0695
WDI:EN.GHG.N2O.AG.MT.CE.AR5:ITA,1993-12-31,11.798
WDI:EN.GHG.N2O.AG.MT.CE.AR5:ITA,1994-12-31,11.5528
WDI:EN.GHG.N2O.AG.MT.CE.AR5:ITA,1995-12-31,11.3434
WDI:EN.GHG.N2O.AG.MT.CE.AR5:ITA,1996-12-31,11.6381
WDI:EN.GHG.N2O.AG.MT.CE.AR5:ITA,1997-12-31,11.2854
WDI:EN.GHG.N2O.AG.MT.CE.AR5:ITA,1998-12-31,11.372
WDI:EN.GHG.N2O.AG.MT.CE.AR5:ITA,1999-12-31,11.4889
WDI:EN.GHG.N2O.AG.MT.CE.AR5:ITA,2000-12-31,11.2485
WDI:EN.GHG.N2O.AG.MT.CE.AR5:ITA,2001-12-31,10.4764
WDI:EN.GHG.N2O.AG.MT.CE.AR5:ITA,2002-12-31,10.7335
WDI:EN.GHG.N2O.AG.MT.CE.AR5:ITA,2003-12-31,10.2778
WDI:EN.GHG.N2O.AG.MT.CE.AR5:ITA,2004-12-31,10.1494
WDI:EN.GHG.N2O.AG.MT.CE.AR5:ITA,2005-12-31,9.7397
WDI:EN.GHG.N2O.AG.MT.CE.AR5:ITA,2006-12-31,9.9784
WDI:EN.GHG.N2O.AG.MT.CE.AR5:ITA,2007-12-31,10.0237
WDI:EN.GHG.N2O.AG.MT.CE.AR5:ITA,2008-12-31,9.7306
WDI:EN.GHG.N2O.AG.MT.CE.AR5:ITA,2009-12-31,9.4517
WDI:EN.GHG.N2O.AG.MT.CE.AR5:ITA,2010-12-31,9.399
WDI:EN.GHG.N2O.AG.MT.CE.AR5:ITA,2011-12-31,9.2799
WDI:EN.GHG.N2O.AG.MT.CE.AR5:ITA,2012-12-31,9.3736
WDI:EN.GHG.N2O.AG.MT.CE.AR5:ITA,2013-12-31,9.3286
WDI:EN.GHG.N2O.AG.MT.CE.AR5:ITA,2014-12-31,9.266
WDI:EN.GHG.N2O.AG.MT.CE.AR5:ITA,2015-12-31,9.3784
WDI:EN.GHG.N2O.AG.MT.CE.AR5:ITA,2016-12-31,9.4547
WDI:EN.GHG.N2O.AG.MT.CE.AR5:ITA,2017-12-31,9.3621
WDI:EN.GHG.N2O.AG.MT.CE.AR5:ITA,2018-12-31,9.5074
WDI:EN.GHG.N2O.AG.MT.CE.AR5:ITA,2019-12-31,9.2871
WDI:EN.GHG.N2O.AG.MT.CE.AR5:ITA,2020-12-31,9.4939
WDI:EN.GHG.N2O.AG.MT.CE.AR5:ITA,2021-12-31,8.4652
WDI:EN.GHG.N2O.AG.MT.CE.AR5:ITA,2022-12-31,8.3255
WDI:EN.GHG.N2O.AG.MT.CE.AR5:ITA,2023-12-31,8.1695
WDI:EN.GHG.N2O.AG.MT.CE.AR5:ITA,2024-12-31,7.9635
WDI:EN.GHG.N2O.AG.MT.CE.AR5:JAM,1970-12-31,0.1801
WDI:EN.GHG.N2O.AG.MT.CE.AR5:JAM,1971-12-31,0.1829
WDI:EN.GHG.N2O.AG.MT.CE.AR5:JAM,1972-12-31,0.1816
WDI:EN.GHG.N2O.AG.MT.CE.AR5:JAM,1973-12-31,0.1818
WDI:EN.GHG.N2O.AG.MT.CE.AR5:JAM,1974-12-31,0.183
WDI:EN.GHG.N2O.AG.MT.CE.AR5:JAM,1975-12-31,0.1866
WDI:EN.GHG.N2O.AG.MT.CE.AR5:JAM,1976-12-31,0.1876
WDI:EN.GHG.N2O.AG.MT.CE.AR5:JAM,1977-12-31,0.1895
WDI:EN.GHG.N2O.AG.MT.CE.AR5:JAM,1978-12-31,0.1872
WDI:EN.GHG.N2O.AG.MT.CE.AR5:JAM,1979-12-31,0.1883
WDI:EN.GHG.N2O.AG.MT.CE.AR5:JAM,1980-12-31,0.1935
WDI:EN.GHG.N2O.AG.MT.CE.AR5:JAM,1981-12-31,0.1901
WDI:EN.GHG.N2O.AG.MT.CE.AR5:JAM,1982-12-31,0.196
WDI:EN.GHG.N2O.AG.MT.CE.AR5:JAM,1983-12-31,0.2118
WDI:EN.GHG.N2O.AG.MT.CE.AR5:JAM,1984-12-31,0.2228
WDI:EN.GHG.N2O.AG.MT.CE.AR5:JAM,1985-12-31,0.214
WDI:EN.GHG.N2O.AG.MT.CE.AR5:JAM,1986-12-31,0.2243
WDI:EN.GHG.N2O.AG.MT.CE.AR5:JAM,1987-12-31,0.2274
WDI:EN.GHG.N2O.AG.MT.CE.AR5:JAM,1988-12-31,0.2242
WDI:EN.GHG.N2O.AG.MT.CE.AR5:JAM,1989-12-31,0.2246
WDI:EN.GHG.N2O.AG.MT.CE.AR5:JAM,1990-12-31,0.2435
WDI:EN.GHG.N2O.AG.MT.CE.AR5:JAM,1991-12-31,0.2442
WDI:EN.GHG.N2O.AG.MT.CE.AR5:JAM,1992-12-31,0.2662
WDI:EN.GHG.N2O.AG.MT.CE.AR5:JAM,1993-12-31,0.2706
WDI:EN.GHG.N2O.AG.MT.CE.AR5:JAM,1994-12-31,0.2649
WDI:EN.GHG.N2O.AG.MT.CE.AR5:JAM,1995-12-31,0.2683
WDI:EN.GHG.N2O.AG.MT.CE.AR5:JAM,1996-12-31,0.2616
WDI:EN.GHG.N2O.AG.MT.CE.AR5:JAM,1997-12-31,0.2552
WDI:EN.GHG.N2O.AG.MT.CE.AR5:JAM,1998-12-31,0.2561
WDI:EN.GHG.N2O.AG.MT.CE.AR5:JAM,1999-12-31,0.2614
WDI:EN.GHG.N2O.AG.MT.CE.AR5:JAM,2000-12-31,0.2618
WDI:EN.GHG.N2O.AG.MT.CE.AR5:JAM,2001-12-31,0.2646
WDI:EN.GHG.N2O.AG.MT.CE.AR5:JAM,2002-12-31,0.2588
WDI:EN.GHG.N2O.AG.MT.CE.AR5:JAM,2003-12-31,0.2713
WDI:EN.GHG.N2O.AG.MT.CE.AR5:JAM,2004-12-31,0.26
WDI:EN.GHG.N2O.AG.MT.CE.AR5:JAM,2005-12-31,0.261
WDI:EN.GHG.N2O.AG.MT.CE.AR5:JAM,2006-12-31,0.2016
WDI:EN.GHG.N2O.AG.MT.CE.AR5:JAM,2007-12-31,0.188
WDI:EN.GHG.N2O.AG.MT.CE.AR5:JAM,2008-12-31,0.1928
WDI:EN.GHG.N2O.AG.MT.CE.AR5:JAM,2009-12-31,0.1885
WDI:EN.GHG.N2O.AG.MT.CE.AR5:JAM,2010-12-31,0.1858
WDI:EN.GHG.N2O.AG.MT.CE.AR5:JAM,2011-12-31,0.1869
WDI:EN.GHG.N2O.AG.MT.CE.AR5:JAM,2012-12-31,0.1915
WDI:EN.GHG.N2O.AG.MT.CE.AR5:JAM,2013-12-31,0.1911
WDI:EN.GHG.N2O.AG.MT.CE.AR5:JAM,2014-12-31,0.1918
WDI:EN.GHG.N2O.AG.MT.CE.AR5:JAM,2015-12-31,0.1883
WDI:EN.GHG.N2O.AG.MT.CE.AR5:JAM,2016-12-31,0.189
WDI:EN.GHG.N2O.AG.MT.CE.AR5:JAM,2017-12-31,0.1896
WDI:EN.GHG.N2O.AG.MT.CE.AR5:JAM,2018-12-31,0.1902
WDI:EN.GHG.N2O.AG.MT.CE.AR5:JAM,2019-12-31,0.1895
WDI:EN.GHG.N2O.AG.MT.CE.AR5:JAM,2020-12-31,0.1894
WDI:EN.GHG.N2O.AG.MT.CE.AR5:JAM,2021-12-31,0.1899
WDI:EN.GHG.N2O.AG.MT.CE.AR5:JAM,2022-12-31,0.1891
WDI:EN.GHG.N2O.AG.MT.CE.AR5:JAM,2023-12-31,0.189
WDI:EN.GHG.N2O.AG.MT.CE.AR5:JAM,2024-12-31,0.1888
WDI:EN.GHG.N2O.AG.MT.CE.AR5:JOR,1970-12-31,0.1171
WDI:EN.GHG.N2O.AG.MT.CE.AR5:JOR,1971-12-31,0.1286
WDI:EN.GHG.N2O.AG.MT.CE.AR5:JOR,1972-12-31,0.1369
WDI:EN.GHG.N2O.AG.MT.CE.AR5:JOR,1973-12-31,0.1413
WDI:EN.GHG.N2O.AG.MT.CE.AR5:JOR,1974-12-31,0.1452
WDI:EN.GHG.N2O.AG.MT.CE.AR5:JOR,1975-12-31,0.1333
WDI:EN.GHG.N2O.AG.MT.CE.AR5:JOR,1976-12-31,0.1205
WDI:EN.GHG.N2O.AG.MT.CE.AR5:JOR,1977-12-31,0.1177
WDI:EN.GHG.N2O.AG.MT.CE.AR5:JOR,1978-12-31,0.1332
WDI:EN.GHG.N2O.AG.MT.CE.AR5:JOR,1979-12-31,0.1566
WDI:EN.GHG.N2O.AG.MT.CE.AR5:JOR,1980-12-31,0.1474
WDI:EN.GHG.N2O.AG.MT.CE.AR5:JOR,1981-12-31,0.1465
WDI:EN.GHG.N2O.AG.MT.CE.AR5:JOR,1982-12-31,0.1763
WDI:EN.GHG.N2O.AG.MT.CE.AR5:JOR,1983-12-31,0.1795
WDI:EN.GHG.N2O.AG.MT.CE.AR5:JOR,1984-12-31,0.1671
WDI:EN.GHG.N2O.AG.MT.CE.AR5:JOR,1985-12-31,0.2021
WDI:EN.GHG.N2O.AG.MT.CE.AR5:JOR,1986-12-31,0.158
WDI:EN.GHG.N2O.AG.MT.CE.AR5:JOR,1987-12-31,0.1867
WDI:EN.GHG.N2O.AG.MT.CE.AR5:JOR,1988-12-31,0.2365
WDI:EN.GHG.N2O.AG.MT.CE.AR5:JOR,1989-12-31,0.2321
WDI:EN.GHG.N2O.AG.MT.CE.AR5:JOR,1990-12-31,0.2243
WDI:EN.GHG.N2O.AG.MT.CE.AR5:JOR,1991-12-31,0.305
WDI:EN.GHG.N2O.AG.MT.CE.AR5:JOR,1992-12-31,0.332
WDI:EN.GHG.N2O.AG.MT.CE.AR5:JOR,1993-12-31,0.3229
WDI:EN.GHG.N2O.AG.MT.CE.AR5:JOR,1994-12-31,0.2748
WDI:EN.GHG.N2O.AG.MT.CE.AR5:JOR,1995-12-31,0.2933
WDI:EN.GHG.N2O.AG.MT.CE.AR5:JOR,1996-12-31,0.2733
WDI:EN.GHG.N2O.AG.MT.CE.AR5:JOR,1997-12-31,0.2882
WDI:EN.GHG.N2O.AG.MT.CE.AR5:JOR,1998-12-31,0.2858
WDI:EN.GHG.N2O.AG.MT.CE.AR5:JOR,1999-12-31,0.2804
WDI:EN.GHG.N2O.AG.MT.CE.AR5:JOR,2000-12-31,0.2417
WDI:EN.GHG.N2O.AG.MT.CE.AR5:JOR,2001-12-31,0.2433
WDI:EN.GHG.N2O.AG.MT.CE.AR5:JOR,2002-12-31,0.2582
WDI:EN.GHG.N2O.AG.MT.CE.AR5:JOR,2003-12-31,0.2624
WDI:EN.GHG.N2O.AG.MT.CE.AR5:JOR,2004-12-31,0.2354
WDI:EN.GHG.N2O.AG.MT.CE.AR5:JOR,2005-12-31,0.2907
WDI:EN.GHG.N2O.AG.MT.CE.AR5:JOR,2006-12-31,0.2538
WDI:EN.GHG.N2O.AG.MT.CE.AR5:JOR,2007-12-31,0.2936
WDI:EN.GHG.N2O.AG.MT.CE.AR5:JOR,2008-12-31,0.3534
WDI:EN.GHG.N2O.AG.MT.CE.AR5:JOR,2009-12-31,0.3133
WDI:EN.GHG.N2O.AG.MT.CE.AR5:JOR,2010-12-31,0.3213
WDI:EN.GHG.N2O.AG.MT.CE.AR5:JOR,2011-12-31,0.3288
WDI:EN.GHG.N2O.AG.MT.CE.AR5:JOR,2012-12-31,0.3269
WDI:EN.GHG.N2O.AG.MT.CE.AR5:JOR,2013-12-31,0.3436
WDI:EN.GHG.N2O.AG.MT.CE.AR5:JOR,2014-12-31,0.3652
WDI:EN.GHG.N2O.AG.MT.CE.AR5:JOR,2015-12-31,0.3562
WDI:EN.GHG.N2O.AG.MT.CE.AR5:JOR,2016-12-31,0.4033
WDI:EN.GHG.N2O.AG.MT.CE.AR5:JOR,2017-12-31,0.3721
WDI:EN.GHG.N2O.AG.MT.CE.AR5:JOR,2018-12-31,0.3731
WDI:EN.GHG.N2O.AG.MT.CE.AR5:JOR,2019-12-31,0.384
WDI:EN.GHG.N2O.AG.MT.CE.AR5:JOR,2020-12-31,0.3772
WDI:EN.GHG.N2O.AG.MT.CE.AR5:JOR,2021-12-31,0.3831
WDI:EN.GHG.N2O.AG.MT.CE.AR5:JOR,2022-12-31,0.3813
WDI:EN.GHG.N2O.AG.MT.CE.AR5:JOR,2023-12-31,0.3897
WDI:EN.GHG.N2O.AG.MT.CE.AR5:JOR,2024-12-31,0.3939
WDI:EN.GHG.N2O.AG.MT.CE.AR5:JPN,1970-12-31,7.6052
WDI:EN.GHG.N2O.AG.MT.CE.AR5:JPN,1971-12-31,7.656
WDI:EN.GHG.N2O.AG.MT.CE.AR5:JPN,1972-12-31,7.6321
WDI:EN.GHG.N2O.AG.MT.CE.AR5:JPN,1973-12-31,7.6596
WDI:EN.GHG.N2O.AG.MT.CE.AR5:JPN,1974-12-31,6.8671
WDI:EN.GHG.N2O.AG.MT.CE.AR5:JPN,1975-12-31,6.5655
WDI:EN.GHG.N2O.AG.MT.CE.AR5:JPN,1976-12-31,7.0259
WDI:EN.GHG.N2O.AG.MT.CE.AR5:JPN,1977-12-31,7.0524
WDI:EN.GHG.N2O.AG.MT.CE.AR5:JPN,1978-12-31,7.2327
WDI:EN.GHG.N2O.AG.MT.CE.AR5:JPN,1979-12-31,7.6427
WDI:EN.GHG.N2O.AG.MT.CE.AR5:JPN,1980-12-31,6.9584
WDI:EN.GHG.N2O.AG.MT.CE.AR5:JPN,1981-12-31,7.1717
WDI:EN.GHG.N2O.AG.MT.CE.AR5:JPN,1982-12-31,7.4692
WDI:EN.GHG.N2O.AG.MT.CE.AR5:JPN,1983-12-31,7.6302
WDI:EN.GHG.N2O.AG.MT.CE.AR5:JPN,1984-12-31,7.6829
WDI:EN.GHG.N2O.AG.MT.CE.AR5:JPN,1985-12-31,7.653
WDI:EN.GHG.N2O.AG.MT.CE.AR5:JPN,1986-12-31,7.7916
WDI:EN.GHG.N2O.AG.MT.CE.AR5:JPN,1987-12-31,7.692
WDI:EN.GHG.N2O.AG.MT.CE.AR5:JPN,1988-12-31,7.5837
WDI:EN.GHG.N2O.AG.MT.CE.AR5:JPN,1989-12-31,7.614
WDI:EN.GHG.N2O.AG.MT.CE.AR5:JPN,1990-12-31,7.502
WDI:EN.GHG.N2O.AG.MT.CE.AR5:JPN,1991-12-31,7.2987
WDI:EN.GHG.N2O.AG.MT.CE.AR5:JPN,1992-12-31,7.3127
WDI:EN.GHG.N2O.AG.MT.CE.AR5:JPN,1993-12-31,7.4422
WDI:EN.GHG.N2O.AG.MT.CE.AR5:JPN,1994-12-31,7.3084
WDI:EN.GHG.N2O.AG.MT.CE.AR5:JPN,1995-12-31,6.9764
WDI:EN.GHG.N2O.AG.MT.CE.AR5:JPN,1996-12-31,6.8277
WDI:EN.GHG.N2O.AG.MT.CE.AR5:JPN,1997-12-31,6.7166
WDI:EN.GHG.N2O.AG.MT.CE.AR5:JPN,1998-12-31,6.6037
WDI:EN.GHG.N2O.AG.MT.CE.AR5:JPN,1999-12-31,6.5947
WDI:EN.GHG.N2O.AG.MT.CE.AR5:JPN,2000-12-31,6.6191
WDI:EN.GHG.N2O.AG.MT.CE.AR5:JPN,2001-12-31,6.5646
WDI:EN.GHG.N2O.AG.MT.CE.AR5:JPN,2002-12-31,6.5734
WDI:EN.GHG.N2O.AG.MT.CE.AR5:JPN,2003-12-31,6.4991
WDI:EN.GHG.N2O.AG.MT.CE.AR5:JPN,2004-12-31,6.4462
WDI:EN.GHG.N2O.AG.MT.CE.AR5:JPN,2005-12-31,6.3406
WDI:EN.GHG.N2O.AG.MT.CE.AR5:JPN,2006-12-31,6.2845
WDI:EN.GHG.N2O.AG.MT.CE.AR5:JPN,2007-12-31,6.3527
WDI:EN.GHG.N2O.AG.MT.CE.AR5:JPN,2008-12-31,6.2001
WDI:EN.GHG.N2O.AG.MT.CE.AR5:JPN,2009-12-31,5.9096
WDI:EN.GHG.N2O.AG.MT.CE.AR5:JPN,2010-12-31,5.9914
WDI:EN.GHG.N2O.AG.MT.CE.AR5:JPN,2011-12-31,5.8169
WDI:EN.GHG.N2O.AG.MT.CE.AR5:JPN,2012-12-31,5.7282
WDI:EN.GHG.N2O.AG.MT.CE.AR5:JPN,2013-12-31,5.865
WDI:EN.GHG.N2O.AG.MT.CE.AR5:JPN,2014-12-31,5.6548
WDI:EN.GHG.N2O.AG.MT.CE.AR5:JPN,2015-12-31,5.4716
WDI:EN.GHG.N2O.AG.MT.CE.AR5:JPN,2016-12-31,5.5554
WDI:EN.GHG.N2O.AG.MT.CE.AR5:JPN,2017-12-31,5.5994
WDI:EN.GHG.N2O.AG.MT.CE.AR5:JPN,2018-12-31,5.5209
WDI:EN.GHG.N2O.AG.MT.CE.AR5:JPN,2019-12-31,5.4695
WDI:EN.GHG.N2O.AG.MT.CE.AR5:JPN,2020-12-31,5.4848
WDI:EN.GHG.N2O.AG.MT.CE.AR5:JPN,2021-12-31,5.4827
WDI:EN.GHG.N2O.AG.MT.CE.AR5:JPN,2022-12-31,5.4035
WDI:EN.GHG.N2O.AG.MT.CE.AR5:JPN,2023-12-31,5.3669
WDI:EN.GHG.N2O.AG.MT.CE.AR5:JPN,2024-12-31,5.3184
WDI:EN.GHG.N2O.AG.MT.CE.AR5:KAZ,1970-12-31,8.6276
WDI:EN.GHG.N2O.AG.MT.CE.AR5:KAZ,1971-12-31,8.8512
WDI:EN.GHG.N2O.AG.MT.CE.AR5:KAZ,1972-12-31,8.9378
WDI:EN.GHG.N2O.AG.MT.CE.AR5:KAZ,1973-12-31,9.4463
WDI:EN.GHG.N2O.AG.MT.CE.AR5:KAZ,1974-12-31,9.3073
WDI:EN.GHG.N2O.AG.MT.CE.AR5:KAZ,1975-12-31,9.1895
WDI:EN.GHG.N2O.AG.MT.CE.AR5:KAZ,1976-12-31,9.8174
WDI:EN.GHG.N2O.AG.MT.CE.AR5:KAZ,1977-12-31,9.6362
WDI:EN.GHG.N2O.AG.MT.CE.AR5:KAZ,1978-12-31,10.2036
WDI:EN.GHG.N2O.AG.MT.CE.AR5:KAZ,1979-12-31,9.8762
WDI:EN.GHG.N2O.AG.MT.CE.AR5:KAZ,1980-12-31,9.9821
WDI:EN.GHG.N2O.AG.MT.CE.AR5:KAZ,1981-12-31,9.7085
WDI:EN.GHG.N2O.AG.MT.CE.AR5:KAZ,1982-12-31,9.953
WDI:EN.GHG.N2O.AG.MT.CE.AR5:KAZ,1983-12-31,10.0393
WDI:EN.GHG.N2O.AG.MT.CE.AR5:KAZ,1984-12-31,10.0947
WDI:EN.GHG.N2O.AG.MT.CE.AR5:KAZ,1985-12-31,10.323
WDI:EN.GHG.N2O.AG.MT.CE.AR5:KAZ,1986-12-31,10.5523
WDI:EN.GHG.N2O.AG.MT.CE.AR5:KAZ,1987-12-31,10.6497
WDI:EN.GHG.N2O.AG.MT.CE.AR5:KAZ,1988-12-31,10.4496
WDI:EN.GHG.N2O.AG.MT.CE.AR5:KAZ,1989-12-31,10.6675
WDI:EN.GHG.N2O.AG.MT.CE.AR5:KAZ,1990-12-31,10.8291
WDI:EN.GHG.N2O.AG.MT.CE.AR5:KAZ,1991-12-31,9.9615
WDI:EN.GHG.N2O.AG.MT.CE.AR5:KAZ,1992-12-31,9.5388
WDI:EN.GHG.N2O.AG.MT.CE.AR5:KAZ,1993-12-31,8.9667
WDI:EN.GHG.N2O.AG.MT.CE.AR5:KAZ,1994-12-31,8.4284
WDI:EN.GHG.N2O.AG.MT.CE.AR5:KAZ,1995-12-31,6.6778
WDI:EN.GHG.N2O.AG.MT.CE.AR5:KAZ,1996-12-31,5.7655
WDI:EN.GHG.N2O.AG.MT.CE.AR5:KAZ,1997-12-31,4.6872
WDI:EN.GHG.N2O.AG.MT.CE.AR5:KAZ,1998-12-31,3.5497
WDI:EN.GHG.N2O.AG.MT.CE.AR5:KAZ,1999-12-31,3.7778
WDI:EN.GHG.N2O.AG.MT.CE.AR5:KAZ,2000-12-31,3.7057
WDI:EN.GHG.N2O.AG.MT.CE.AR5:KAZ,2001-12-31,4.0583
WDI:EN.GHG.N2O.AG.MT.CE.AR5:KAZ,2002-12-31,4.2486
WDI:EN.GHG.N2O.AG.MT.CE.AR5:KAZ,2003-12-31,4.3729
WDI:EN.GHG.N2O.AG.MT.CE.AR5:KAZ,2004-12-31,4.4305
WDI:EN.GHG.N2O.AG.MT.CE.AR5:KAZ,2005-12-31,4.7371
WDI:EN.GHG.N2O.AG.MT.CE.AR5:KAZ,2006-12-31,5.0841
WDI:EN.GHG.N2O.AG.MT.CE.AR5:KAZ,2007-12-31,5.4805
WDI:EN.GHG.N2O.AG.MT.CE.AR5:KAZ,2008-12-31,5.4408
WDI:EN.GHG.N2O.AG.MT.CE.AR5:KAZ,2009-12-31,5.8547
WDI:EN.GHG.N2O.AG.MT.CE.AR5:KAZ,2010-12-31,5.5283
WDI:EN.GHG.N2O.AG.MT.CE.AR5:KAZ,2011-12-31,6.4099
WDI:EN.GHG.N2O.AG.MT.CE.AR5:KAZ,2012-12-31,5.5072
WDI:EN.GHG.N2O.AG.MT.CE.AR5:KAZ,2013-12-31,5.6074
WDI:EN.GHG.N2O.AG.MT.CE.AR5:KAZ,2014-12-31,5.804
WDI:EN.GHG.N2O.AG.MT.CE.AR5:KAZ,2015-12-31,6.1708
WDI:EN.GHG.N2O.AG.MT.CE.AR5:KAZ,2016-12-31,6.5419
WDI:EN.GHG.N2O.AG.MT.CE.AR5:KAZ,2017-12-31,6.7406
WDI:EN.GHG.N2O.AG.MT.CE.AR5:KAZ,2018-12-31,7.1283
WDI:EN.GHG.N2O.AG.MT.CE.AR5:KAZ,2019-12-31,6.9835
WDI:EN.GHG.N2O.AG.MT.CE.AR5:KAZ,2020-12-31,7.5658
WDI:EN.GHG.N2O.AG.MT.CE.AR5:KAZ,2021-12-31,7.5654
WDI:EN.GHG.N2O.AG.MT.CE.AR5:KAZ,2022-12-31,8.095
WDI:EN.GHG.N2O.AG.MT.CE.AR5:KAZ,2023-12-31,7.1314
WDI:EN.GHG.N2O.AG.MT.CE.AR5:KAZ,2024-12-31,7.7634
WDI:EN.GHG.N2O.AG.MT.CE.AR5:KEN,1970-12-31,4.2205
WDI:EN.GHG.N2O.AG.MT.CE.AR5:KEN,1971-12-31,4.3342
WDI:EN.GHG.N2O.AG.MT.CE.AR5:KEN,1972-12-31,4.4438
WDI:EN.GHG.N2O.AG.MT.CE.AR5:KEN,1973-12-31,4.4448
WDI:EN.GHG.N2O.AG.MT.CE.AR5:KEN,1974-12-31,4.4498
WDI:EN.GHG.N2O.AG.MT.CE.AR5:KEN,1975-12-31,4.5285
WDI:EN.GHG.N2O.AG.MT.CE.AR5:KEN,1976-12-31,4.4445
WDI:EN.GHG.N2O.AG.MT.CE.AR5:KEN,1977-12-31,4.5528
WDI:EN.GHG.N2O.AG.MT.CE.AR5:KEN,1978-12-31,4.9617
WDI:EN.GHG.N2O.AG.MT.CE.AR5:KEN,1979-12-31,5.4196
WDI:EN.GHG.N2O.AG.MT.CE.AR5:KEN,1980-12-31,4.8596
WDI:EN.GHG.N2O.AG.MT.CE.AR5:KEN,1981-12-31,4.7706
WDI:EN.GHG.N2O.AG.MT.CE.AR5:KEN,1982-12-31,5.291
WDI:EN.GHG.N2O.AG.MT.CE.AR5:KEN,1983-12-31,5.9175
WDI:EN.GHG.N2O.AG.MT.CE.AR5:KEN,1984-12-31,6.0582
WDI:EN.GHG.N2O.AG.MT.CE.AR5:KEN,1985-12-31,6.0311
WDI:EN.GHG.N2O.AG.MT.CE.AR5:KEN,1986-12-31,6.1752
WDI:EN.GHG.N2O.AG.MT.CE.AR5:KEN,1987-12-31,6.1761
WDI:EN.GHG.N2O.AG.MT.CE.AR5:KEN,1988-12-31,6.6652
WDI:EN.GHG.N2O.AG.MT.CE.AR5:KEN,1989-12-31,6.8684
WDI:EN.GHG.N2O.AG.MT.CE.AR5:KEN,1990-12-31,6.976
WDI:EN.GHG.N2O.AG.MT.CE.AR5:KEN,1991-12-31,6.7688
WDI:EN.GHG.N2O.AG.MT.CE.AR5:KEN,1992-12-31,6.794
WDI:EN.GHG.N2O.AG.MT.CE.AR5:KEN,1993-12-31,6.8334
WDI:EN.GHG.N2O.AG.MT.CE.AR5:KEN,1994-12-31,6.9721
WDI:EN.GHG.N2O.AG.MT.CE.AR5:KEN,1995-12-31,6.9058
WDI:EN.GHG.N2O.AG.MT.CE.AR5:KEN,1996-12-31,6.5588
WDI:EN.GHG.N2O.AG.MT.CE.AR5:KEN,1997-12-31,6.5059
WDI:EN.GHG.N2O.AG.MT.CE.AR5:KEN,1998-12-31,6.5121
WDI:EN.GHG.N2O.AG.MT.CE.AR5:KEN,1999-12-31,7.0979
WDI:EN.GHG.N2O.AG.MT.CE.AR5:KEN,2000-12-31,6.5892
WDI:EN.GHG.N2O.AG.MT.CE.AR5:KEN,2001-12-31,6.6199
WDI:EN.GHG.N2O.AG.MT.CE.AR5:KEN,2002-12-31,6.7944
WDI:EN.GHG.N2O.AG.MT.CE.AR5:KEN,2003-12-31,7.2461
WDI:EN.GHG.N2O.AG.MT.CE.AR5:KEN,2004-12-31,7.7484
WDI:EN.GHG.N2O.AG.MT.CE.AR5:KEN,2005-12-31,7.5712
WDI:EN.GHG.N2O.AG.MT.CE.AR5:KEN,2006-12-31,7.2792
WDI:EN.GHG.N2O.AG.MT.CE.AR5:KEN,2007-12-31,11.2513
WDI:EN.GHG.N2O.AG.MT.CE.AR5:KEN,2008-12-31,11.4455
WDI:EN.GHG.N2O.AG.MT.CE.AR5:KEN,2009-12-31,11.0806
WDI:EN.GHG.N2O.AG.MT.CE.AR5:KEN,2010-12-31,11.2952
WDI:EN.GHG.N2O.AG.MT.CE.AR5:KEN,2011-12-31,11.4826
WDI:EN.GHG.N2O.AG.MT.CE.AR5:KEN,2012-12-31,11.3325
WDI:EN.GHG.N2O.AG.MT.CE.AR5:KEN,2013-12-31,11.4515
WDI:EN.GHG.N2O.AG.MT.CE.AR5:KEN,2014-12-31,11.5527
WDI:EN.GHG.N2O.AG.MT.CE.AR5:KEN,2015-12-31,11.614
WDI:EN.GHG.N2O.AG.MT.CE.AR5:KEN,2016-12-31,12.6098
WDI:EN.GHG.N2O.AG.MT.CE.AR5:KEN,2017-12-31,11.8857
WDI:EN.GHG.N2O.AG.MT.CE.AR5:KEN,2018-12-31,12.1592
WDI:EN.GHG.N2O.AG.MT.CE.AR5:KEN,2019-12-31,13.9585
WDI:EN.GHG.N2O.AG.MT.CE.AR5:KEN,2020-12-31,16.3199
WDI:EN.GHG.N2O.AG.MT.CE.AR5:KEN,2021-12-31,14.4366
WDI:EN.GHG.N2O.AG.MT.CE.AR5:KEN,2022-12-31,14.6882
WDI:EN.GHG.N2O.AG.MT.CE.AR5:KEN,2023-12-31,13.9475
WDI:EN.GHG.N2O.AG.MT.CE.AR5:KEN,2024-12-31,14.2905
WDI:EN.GHG.N2O.AG.MT.CE.AR5:KGZ,1970-12-31,1.5209
WDI:EN.GHG.N2O.AG.MT.CE.AR5:KGZ,1971-12-31,1.5635
WDI:EN.GHG.N2O.AG.MT.CE.AR5:KGZ,1972-12-31,1.5903
WDI:EN.GHG.N2O.AG.MT.CE.AR5:KGZ,1973-12-31,1.6079
WDI:EN.GHG.N2O.AG.MT.CE.AR5:KGZ,1974-12-31,1.65
WDI:EN.GHG.N2O.AG.MT.CE.AR5:KGZ,1975-12-31,1.6676
WDI:EN.GHG.N2O.AG.MT.CE.AR5:KGZ,1976-12-31,1.6953
WDI:EN.GHG.N2O.AG.MT.CE.AR5:KGZ,1977-12-31,1.7204
WDI:EN.GHG.N2O.AG.MT.CE.AR5:KGZ,1978-12-31,1.7683
WDI:EN.GHG.N2O.AG.MT.CE.AR5:KGZ,1979-12-31,1.7831
WDI:EN.GHG.N2O.AG.MT.CE.AR5:KGZ,1980-12-31,1.7928
WDI:EN.GHG.N2O.AG.MT.CE.AR5:KGZ,1981-12-31,1.7777
WDI:EN.GHG.N2O.AG.MT.CE.AR5:KGZ,1982-12-31,1.8157
WDI:EN.GHG.N2O.AG.MT.CE.AR5:KGZ,1983-12-31,1.8516
WDI:EN.GHG.N2O.AG.MT.CE.AR5:KGZ,1984-12-31,1.8822
WDI:EN.GHG.N2O.AG.MT.CE.AR5:KGZ,1985-12-31,1.8993
WDI:EN.GHG.N2O.AG.MT.CE.AR5:KGZ,1986-12-31,1.915
WDI:EN.GHG.N2O.AG.MT.CE.AR5:KGZ,1987-12-31,1.9456
WDI:EN.GHG.N2O.AG.MT.CE.AR5:KGZ,1988-12-31,1.9089
WDI:EN.GHG.N2O.AG.MT.CE.AR5:KGZ,1989-12-31,1.8563
WDI:EN.GHG.N2O.AG.MT.CE.AR5:KGZ,1990-12-31,1.8259
WDI:EN.GHG.N2O.AG.MT.CE.AR5:KGZ,1991-12-31,1.7493
WDI:EN.GHG.N2O.AG.MT.CE.AR5:KGZ,1992-12-31,1.6505
WDI:EN.GHG.N2O.AG.MT.CE.AR5:KGZ,1993-12-31,1.5347
WDI:EN.GHG.N2O.AG.MT.CE.AR5:KGZ,1994-12-31,1.3562
WDI:EN.GHG.N2O.AG.MT.CE.AR5:KGZ,1995-12-31,1.0903
WDI:EN.GHG.N2O.AG.MT.CE.AR5:KGZ,1996-12-31,1.0094
WDI:EN.GHG.N2O.AG.MT.CE.AR5:KGZ,1997-12-31,0.9661
WDI:EN.GHG.N2O.AG.MT.CE.AR5:KGZ,1998-12-31,0.9773
WDI:EN.GHG.N2O.AG.MT.CE.AR5:KGZ,1999-12-31,0.9834
WDI:EN.GHG.N2O.AG.MT.CE.AR5:KGZ,2000-12-31,0.9916
WDI:EN.GHG.N2O.AG.MT.CE.AR5:KGZ,2001-12-31,0.9068
WDI:EN.GHG.N2O.AG.MT.CE.AR5:KGZ,2002-12-31,0.9091
WDI:EN.GHG.N2O.AG.MT.CE.AR5:KGZ,2003-12-31,0.9259
WDI:EN.GHG.N2O.AG.MT.CE.AR5:KGZ,2004-12-31,0.9118
WDI:EN.GHG.N2O.AG.MT.CE.AR5:KGZ,2005-12-31,0.9186
WDI:EN.GHG.N2O.AG.MT.CE.AR5:KGZ,2006-12-31,0.9446
WDI:EN.GHG.N2O.AG.MT.CE.AR5:KGZ,2007-12-31,0.9572
WDI:EN.GHG.N2O.AG.MT.CE.AR5:KGZ,2008-12-31,1.0073
WDI:EN.GHG.N2O.AG.MT.CE.AR5:KGZ,2009-12-31,1.259
WDI:EN.GHG.N2O.AG.MT.CE.AR5:KGZ,2010-12-31,1.2841
WDI:EN.GHG.N2O.AG.MT.CE.AR5:KGZ,2011-12-31,1.3081
WDI:EN.GHG.N2O.AG.MT.CE.AR5:KGZ,2012-12-31,1.3166
WDI:EN.GHG.N2O.AG.MT.CE.AR5:KGZ,2013-12-31,1.4089
WDI:EN.GHG.N2O.AG.MT.CE.AR5:KGZ,2014-12-31,1.3921
WDI:EN.GHG.N2O.AG.MT.CE.AR5:KGZ,2015-12-31,1.3454
WDI:EN.GHG.N2O.AG.MT.CE.AR5:KGZ,2016-12-31,1.3586
WDI:EN.GHG.N2O.AG.MT.CE.AR5:KGZ,2017-12-31,1.6322
WDI:EN.GHG.N2O.AG.MT.CE.AR5:KGZ,2018-12-31,1.6184
WDI:EN.GHG.N2O.AG.MT.CE.AR5:KGZ,2019-12-31,1.7536
WDI:EN.GHG.N2O.AG.MT.CE.AR5:KGZ,2020-12-31,1.684
WDI:EN.GHG.N2O.AG.MT.CE.AR5:KGZ,2021-12-31,1.716
WDI:EN.GHG.N2O.AG.MT.CE.AR5:KGZ,2022-12-31,1.6029
WDI:EN.GHG.N2O.AG.MT.CE.AR5:KGZ,2023-12-31,1.5706
WDI:EN.GHG.N2O.AG.MT.CE.AR5:KGZ,2024-12-31,1.589
WDI:EN.GHG.N2O.AG.MT.CE.AR5:KHM,1970-12-31,1.6199
WDI:EN.GHG.N2O.AG.MT.CE.AR5:KHM,1971-12-31,1.4895
WDI:EN.GHG.N2O.AG.MT.CE.AR5:KHM,1972-12-31,1.3754
WDI:EN.GHG.N2O.AG.MT.CE.AR5:KHM,1973-12-31,1.2533
WDI:EN.GHG.N2O.AG.MT.CE.AR5:KHM,1974-12-31,1.1438
WDI:EN.GHG.N2O.AG.MT.CE.AR5:KHM,1975-12-31,0.9741
WDI:EN.GHG.N2O.AG.MT.CE.AR5:KHM,1976-12-31,0.7375
WDI:EN.GHG.N2O.AG.MT.CE.AR5:KHM,1977-12-31,0.6484
WDI:EN.GHG.N2O.AG.MT.CE.AR5:KHM,1978-12-31,0.6151
WDI:EN.GHG.N2O.AG.MT.CE.AR5:KHM,1979-12-31,0.5279
WDI:EN.GHG.N2O.AG.MT.CE.AR5:KHM,1980-12-31,0.6293
WDI:EN.GHG.N2O.AG.MT.CE.AR5:KHM,1981-12-31,0.6917
WDI:EN.GHG.N2O.AG.MT.CE.AR5:KHM,1982-12-31,0.8709
WDI:EN.GHG.N2O.AG.MT.CE.AR5:KHM,1983-12-31,0.9525
WDI:EN.GHG.N2O.AG.MT.CE.AR5:KHM,1984-12-31,0.9916
WDI:EN.GHG.N2O.AG.MT.CE.AR5:KHM,1985-12-31,1.1048
WDI:EN.GHG.N2O.AG.MT.CE.AR5:KHM,1986-12-31,1.1883
WDI:EN.GHG.N2O.AG.MT.CE.AR5:KHM,1987-12-31,1.2427
WDI:EN.GHG.N2O.AG.MT.CE.AR5:KHM,1988-12-31,1.3388
WDI:EN.GHG.N2O.AG.MT.CE.AR5:KHM,1989-12-31,1.4506
WDI:EN.GHG.N2O.AG.MT.CE.AR5:KHM,1990-12-31,1.4702
WDI:EN.GHG.N2O.AG.MT.CE.AR5:KHM,1991-12-31,1.499
WDI:EN.GHG.N2O.AG.MT.CE.AR5:KHM,1992-12-31,1.6221
WDI:EN.GHG.N2O.AG.MT.CE.AR5:KHM,1993-12-31,1.6785
WDI:EN.GHG.N2O.AG.MT.CE.AR5:KHM,1994-12-31,1.6698
WDI:EN.GHG.N2O.AG.MT.CE.AR5:KHM,1995-12-31,1.7723
WDI:EN.GHG.N2O.AG.MT.CE.AR5:KHM,1996-12-31,1.7569
WDI:EN.GHG.N2O.AG.MT.CE.AR5:KHM,1997-12-31,1.8062
WDI:EN.GHG.N2O.AG.MT.CE.AR5:KHM,1998-12-31,1.721
WDI:EN.GHG.N2O.AG.MT.CE.AR5:KHM,1999-12-31,1.778
WDI:EN.GHG.N2O.AG.MT.CE.AR5:KHM,2000-12-31,1.8432
WDI:EN.GHG.N2O.AG.MT.CE.AR5:KHM,2001-12-31,1.7828
WDI:EN.GHG.N2O.AG.MT.CE.AR5:KHM,2002-12-31,1.8027
WDI:EN.GHG.N2O.AG.MT.CE.AR5:KHM,2003-12-31,1.901
WDI:EN.GHG.N2O.AG.MT.CE.AR5:KHM,2004-12-31,1.9002
WDI:EN.GHG.N2O.AG.MT.CE.AR5:KHM,2005-12-31,2.0493
WDI:EN.GHG.N2O.AG.MT.CE.AR5:KHM,2006-12-31,2.1528
WDI:EN.GHG.N2O.AG.MT.CE.AR5:KHM,2007-12-31,2.1905
WDI:EN.GHG.N2O.AG.MT.CE.AR5:KHM,2008-12-31,2.2308
WDI:EN.GHG.N2O.AG.MT.CE.AR5:KHM,2009-12-31,2.3014
WDI:EN.GHG.N2O.AG.MT.CE.AR5:KHM,2010-12-31,2.2666
WDI:EN.GHG.N2O.AG.MT.CE.AR5:KHM,2011-12-31,2.2708
WDI:EN.GHG.N2O.AG.MT.CE.AR5:KHM,2012-12-31,2.0959
WDI:EN.GHG.N2O.AG.MT.CE.AR5:KHM,2013-12-31,2.0891
WDI:EN.GHG.N2O.AG.MT.CE.AR5:KHM,2014-12-31,2.0884
WDI:EN.GHG.N2O.AG.MT.CE.AR5:KHM,2015-12-31,2.0859
WDI:EN.GHG.N2O.AG.MT.CE.AR5:KHM,2016-12-31,2.1188
WDI:EN.GHG.N2O.AG.MT.CE.AR5:KHM,2017-12-31,2.154
WDI:EN.GHG.N2O.AG.MT.CE.AR5:KHM,2018-12-31,2.1659
WDI:EN.GHG.N2O.AG.MT.CE.AR5:KHM,2019-12-31,2.1266
WDI:EN.GHG.N2O.AG.MT.CE.AR5:KHM,2020-12-31,2.11
WDI:EN.GHG.N2O.AG.MT.CE.AR5:KHM,2021-12-31,2.1637
WDI:EN.GHG.N2O.AG.MT.CE.AR5:KHM,2022-12-31,2.1346
WDI:EN.GHG.N2O.AG.MT.CE.AR5:KHM,2023-12-31,2.1434
WDI:EN.GHG.N2O.AG.MT.CE.AR5:KHM,2024-12-31,2.1107
WDI:EN.GHG.N2O.AG.MT.CE.AR5:KIR,1970-12-31,0.0016
WDI:EN.GHG.N2O.AG.MT.CE.AR5:KIR,1971-12-31,0.0016
WDI:EN.GHG.N2O.AG.MT.CE.AR5:KIR,1972-12-31,0.0017
WDI:EN.GHG.N2O.AG.MT.CE.AR5:KIR,1973-12-31,0.0017
WDI:EN.GHG.N2O.AG.MT.CE.AR5:KIR,1974-12-31,0.0017
WDI:EN.GHG.N2O.AG.MT.CE.AR5:KIR,1975-12-31,0.0018
WDI:EN.GHG.N2O.AG.MT.CE.AR5:KIR,1976-12-31,0.0018
WDI:EN.GHG.N2O.AG.MT.CE.AR5:KIR,1977-12-31,0.0018
WDI:EN.GHG.N2O.AG.MT.CE.AR5:KIR,1978-12-31,0.0018
WDI:EN.GHG.N2O.AG.MT.CE.AR5:KIR,1979-12-31,0.0018
WDI:EN.GHG.N2O.AG.MT.CE.AR5:KIR,1980-12-31,0.0017
WDI:EN.GHG.N2O.AG.MT.CE.AR5:KIR,1981-12-31,0.0017
WDI:EN.GHG.N2O.AG.MT.CE.AR5:KIR,1982-12-31,0.0018
WDI:EN.GHG.N2O.AG.MT.CE.AR5:KIR,1983-12-31,0.0018
WDI:EN.GHG.N2O.AG.MT.CE.AR5:KIR,1984-12-31,0.0019
WDI:EN.GHG.N2O.AG.MT.CE.AR5:KIR,1985-12-31,0.0019
WDI:EN.GHG.N2O.AG.MT.CE.AR5:KIR,1986-12-31,0.0019
WDI:EN.GHG.N2O.AG.MT.CE.AR5:KIR,1987-12-31,0.0019
WDI:EN.GHG.N2O.AG.MT.CE.AR5:KIR,1988-12-31,0.0018
WDI:EN.GHG.N2O.AG.MT.CE.AR5:KIR,1989-12-31,0.0018
WDI:EN.GHG.N2O.AG.MT.CE.AR5:KIR,1990-12-31,0.0019
WDI:EN.GHG.N2O.AG.MT.CE.AR5:KIR,1991-12-31,0.0014
WDI:EN.GHG.N2O.AG.MT.CE.AR5:KIR,1992-12-31,0.0015
WDI:EN.GHG.N2O.AG.MT.CE.AR5:KIR,1993-12-31,0.0015
WDI:EN.GHG.N2O.AG.MT.CE.AR5:KIR,1994-12-31,0.0015
WDI:EN.GHG.N2O.AG.MT.CE.AR5:KIR,1995-12-31,0.0015
WDI:EN.GHG.N2O.AG.MT.CE.AR5:KIR,1996-12-31,0.0016
WDI:EN.GHG.N2O.AG.MT.CE.AR5:KIR,1997-12-31,0.0016
WDI:EN.GHG.N2O.AG.MT.CE.AR5:KIR,1998-12-31,0.0016
WDI:EN.GHG.N2O.AG.MT.CE.AR5:KIR,1999-12-31,0.0016
WDI:EN.GHG.N2O.AG.MT.CE.AR5:KIR,2000-12-31,0.0019
WDI:EN.GHG.N2O.AG.MT.CE.AR5:KIR,2001-12-31,0.002
WDI:EN.GHG.N2O.AG.MT.CE.AR5:KIR,2002-12-31,0.0022
WDI:EN.GHG.N2O.AG.MT.CE.AR5:KIR,2003-12-31,0.0022
WDI:EN.GHG.N2O.AG.MT.CE.AR5:KIR,2004-12-31,0.0023
WDI:EN.GHG.N2O.AG.MT.CE.AR5:KIR,2005-12-31,0.0023
WDI:EN.GHG.N2O.AG.MT.CE.AR5:KIR,2006-12-31,0.0023
WDI:EN.GHG.N2O.AG.MT.CE.AR5:KIR,2007-12-31,0.0025
WDI:EN.GHG.N2O.AG.MT.CE.AR5:KIR,2008-12-31,0.0026
WDI:EN.GHG.N2O.AG.MT.CE.AR5:KIR,2009-12-31,0.0026
WDI:EN.GHG.N2O.AG.MT.CE.AR5:KIR,2010-12-31,0.0027
WDI:EN.GHG.N2O.AG.MT.CE.AR5:KIR,2011-12-31,0.0028
WDI:EN.GHG.N2O.AG.MT.CE.AR5:KIR,2012-12-31,0.0028
WDI:EN.GHG.N2O.AG.MT.CE.AR5:KIR,2013-12-31,0.0028
WDI:EN.GHG.N2O.AG.MT.CE.AR5:KIR,2014-12-31,0.0028
WDI:EN.GHG.N2O.AG.MT.CE.AR5:KIR,2015-12-31,0.0029
WDI:EN.GHG.N2O.AG.MT.CE.AR5:KIR,2016-12-31,0.0029
WDI:EN.GHG.N2O.AG.MT.CE.AR5:KIR,2017-12-31,0.0029
WDI:EN.GHG.N2O.AG.MT.CE.AR5:KIR,2018-12-31,0.003
WDI:EN.GHG.N2O.AG.MT.CE.AR5:KIR,2019-12-31,0.003
WDI:EN.GHG.N2O.AG.MT.CE.AR5:KIR,2020-12-31,0.003
WDI:EN.GHG.N2O.AG.MT.CE.AR5:KIR,2021-12-31,0.003
WDI:EN.GHG.N2O.AG.MT.CE.AR5:KIR,2022-12-31,0.0031
WDI:EN.GHG.N2O.AG.MT.CE.AR5:KIR,2023-12-31,0.0031
WDI:EN.GHG.N2O.AG.MT.CE.AR5:KIR,2024-12-31,0.0031
WDI:EN.GHG.N2O.AG.MT.CE.AR5:KNA,1970-12-31,0.0048
WDI:EN.GHG.N2O.AG.MT.CE.AR5:KNA,1971-12-31,0.0046
WDI:EN.GHG.N2O.AG.MT.CE.AR5:KNA,1972-12-31,0.0045
WDI:EN.GHG.N2O.AG.MT.CE.AR5:KNA,1973-12-31,0.0044
WDI:EN.GHG.N2O.AG.MT.CE.AR5:KNA,1974-12-31,0.0044
WDI:EN.GHG.N2O.AG.MT.CE.AR5:KNA,1975-12-31,0.0044
WDI:EN.GHG.N2O.AG.MT.CE.AR5:KNA,1976-12-31,0.0047
WDI:EN.GHG.N2O.AG.MT.CE.AR5:KNA,1977-12-31,0.0048
WDI:EN.GHG.N2O.AG.MT.CE.AR5:KNA,1978-12-31,0.0048
WDI:EN.GHG.N2O.AG.MT.CE.AR5:KNA,1979-12-31,0.0049
WDI:EN.GHG.N2O.AG.MT.CE.AR5:KNA,1980-12-31,0.0048
WDI:EN.GHG.N2O.AG.MT.CE.AR5:KNA,1981-12-31,0.0047
WDI:EN.GHG.N2O.AG.MT.CE.AR5:KNA,1982-12-31,0.0047
WDI:EN.GHG.N2O.AG.MT.CE.AR5:KNA,1983-12-31,0.0045
WDI:EN.GHG.N2O.AG.MT.CE.AR5:KNA,1984-12-31,0.0046
WDI:EN.GHG.N2O.AG.MT.CE.AR5:KNA,1985-12-31,0.0044
WDI:EN.GHG.N2O.AG.MT.CE.AR5:KNA,1986-12-31,0.0044
WDI:EN.GHG.N2O.AG.MT.CE.AR5:KNA,1987-12-31,0.0044
WDI:EN.GHG.N2O.AG.MT.CE.AR5:KNA,1988-12-31,0.0044
WDI:EN.GHG.N2O.AG.MT.CE.AR5:KNA,1989-12-31,0.0042
WDI:EN.GHG.N2O.AG.MT.CE.AR5:KNA,1990-12-31,0.0038
WDI:EN.GHG.N2O.AG.MT.CE.AR5:KNA,1991-12-31,0.0039
WDI:EN.GHG.N2O.AG.MT.CE.AR5:KNA,1992-12-31,0.0041
WDI:EN.GHG.N2O.AG.MT.CE.AR5:KNA,1993-12-31,0.0038
WDI:EN.GHG.N2O.AG.MT.CE.AR5:KNA,1994-12-31,0.0038
WDI:EN.GHG.N2O.AG.MT.CE.AR5:KNA,1995-12-31,0.0038
WDI:EN.GHG.N2O.AG.MT.CE.AR5:KNA,1996-12-31,0.0042
WDI:EN.GHG.N2O.AG.MT.CE.AR5:KNA,1997-12-31,0.0046
WDI:EN.GHG.N2O.AG.MT.CE.AR5:KNA,1998-12-31,0.0045
WDI:EN.GHG.N2O.AG.MT.CE.AR5:KNA,1999-12-31,0.0044
WDI:EN.GHG.N2O.AG.MT.CE.AR5:KNA,2000-12-31,0.0048
WDI:EN.GHG.N2O.AG.MT.CE.AR5:KNA,2001-12-31,0.0048
WDI:EN.GHG.N2O.AG.MT.CE.AR5:KNA,2002-12-31,0.0048
WDI:EN.GHG.N2O.AG.MT.CE.AR5:KNA,2003-12-31,0.0048
WDI:EN.GHG.N2O.AG.MT.CE.AR5:KNA,2004-12-31,0.0051
WDI:EN.GHG.N2O.AG.MT.CE.AR5:KNA,2005-12-31,0.0048
WDI:EN.GHG.N2O.AG.MT.CE.AR5:KNA,2006-12-31,0.0042
WDI:EN.GHG.N2O.AG.MT.CE.AR5:KNA,2007-12-31,0.0046
WDI:EN.GHG.N2O.AG.MT.CE.AR5:KNA,2008-12-31,0.0048
WDI:EN.GHG.N2O.AG.MT.CE.AR5:KNA,2009-12-31,0.0048
WDI:EN.GHG.N2O.AG.MT.CE.AR5:KNA,2010-12-31,0.0048
WDI:EN.GHG.N2O.AG.MT.CE.AR5:KNA,2011-12-31,0.0048
WDI:EN.GHG.N2O.AG.MT.CE.AR5:KNA,2012-12-31,0.0024
WDI:EN.GHG.N2O.AG.MT.CE.AR5:KNA,2013-12-31,0.0023
WDI:EN.GHG.N2O.AG.MT.CE.AR5:KNA,2014-12-31,0.002
WDI:EN.GHG.N2O.AG.MT.CE.AR5:KNA,2015-12-31,0.0022
WDI:EN.GHG.N2O.AG.MT.CE.AR5:KNA,2016-12-31,0.002
WDI:EN.GHG.N2O.AG.MT.CE.AR5:KNA,2017-12-31,0.0019
WDI:EN.GHG.N2O.AG.MT.CE.AR5:KNA,2018-12-31,0.0022
WDI:EN.GHG.N2O.AG.MT.CE.AR5:KNA,2019-12-31,0.0022
WDI:EN.GHG.N2O.AG.MT.CE.AR5:KNA,2020-12-31,0.0021
WDI:EN.GHG.N2O.AG.MT.CE.AR5:KNA,2021-12-31,0.0032
WDI:EN.GHG.N2O.AG.MT.CE.AR5:KNA,2022-12-31,0.0044
WDI:EN.GHG.N2O.AG.MT.CE.AR5:KNA,2023-12-31,0.0037
WDI:EN.GHG.N2O.AG.MT.CE.AR5:KNA,2024-12-31,0.004
WDI:EN.GHG.N2O.AG.MT.CE.AR5:KOR,1970-12-31,3.0002
WDI:EN.GHG.N2O.AG.MT.CE.AR5:KOR,1971-12-31,2.9868
WDI:EN.GHG.N2O.AG.MT.CE.AR5:KOR,1972-12-31,3.0502
WDI:EN.GHG.N2O.AG.MT.CE.AR5:KOR,1973-12-31,3.139
WDI:EN.GHG.N2O.AG.MT.CE.AR5:KOR,1974-12-31,3.5107
WDI:EN.GHG.N2O.AG.MT.CE.AR5:KOR,1975-12-31,3.6263
WDI:EN.GHG.N2O.AG.MT.CE.AR5:KOR,1976-12-31,2.9706
WDI:EN.GHG.N2O.AG.MT.CE.AR5:KOR,1977-12-31,3.08
WDI:EN.GHG.N2O.AG.MT.CE.AR5:KOR,1978-12-31,3.5182
WDI:EN.GHG.N2O.AG.MT.CE.AR5:KOR,1979-12-31,3.5283
WDI:EN.GHG.N2O.AG.MT.CE.AR5:KOR,1980-12-31,3.4297
WDI:EN.GHG.N2O.AG.MT.CE.AR5:KOR,1981-12-31,3.2988
WDI:EN.GHG.N2O.AG.MT.CE.AR5:KOR,1982-12-31,2.8038
WDI:EN.GHG.N2O.AG.MT.CE.AR5:KOR,1983-12-31,3.4532
WDI:EN.GHG.N2O.AG.MT.CE.AR5:KOR,1984-12-31,3.8665
WDI:EN.GHG.N2O.AG.MT.CE.AR5:KOR,1985-12-31,4.1721
WDI:EN.GHG.N2O.AG.MT.CE.AR5:KOR,1986-12-31,4.1642
WDI:EN.GHG.N2O.AG.MT.CE.AR5:KOR,1987-12-31,4.0422
WDI:EN.GHG.N2O.AG.MT.CE.AR5:KOR,1988-12-31,3.9284
WDI:EN.GHG.N2O.AG.MT.CE.AR5:KOR,1989-12-31,4.1791
WDI:EN.GHG.N2O.AG.MT.CE.AR5:KOR,1990-12-31,4.2391
WDI:EN.GHG.N2O.AG.MT.CE.AR5:KOR,1991-12-31,4.2133
WDI:EN.GHG.N2O.AG.MT.CE.AR5:KOR,1992-12-31,4.4932
WDI:EN.GHG.N2O.AG.MT.CE.AR5:KOR,1993-12-31,4.6634
WDI:EN.GHG.N2O.AG.MT.CE.AR5:KOR,1994-12-31,4.7905
WDI:EN.GHG.N2O.AG.MT.CE.AR5:KOR,1995-12-31,5.0083
WDI:EN.GHG.N2O.AG.MT.CE.AR5:KOR,1996-12-31,5.074
WDI:EN.GHG.N2O.AG.MT.CE.AR5:KOR,1997-12-31,5.3172
WDI:EN.GHG.N2O.AG.MT.CE.AR5:KOR,1998-12-31,4.8087
WDI:EN.GHG.N2O.AG.MT.CE.AR5:KOR,1999-12-31,4.4389
WDI:EN.GHG.N2O.AG.MT.CE.AR5:KOR,2000-12-31,4.1563
WDI:EN.GHG.N2O.AG.MT.CE.AR5:KOR,2001-12-31,3.8903
WDI:EN.GHG.N2O.AG.MT.CE.AR5:KOR,2002-12-31,3.7042
WDI:EN.GHG.N2O.AG.MT.CE.AR5:KOR,2003-12-31,3.8757
WDI:EN.GHG.N2O.AG.MT.CE.AR5:KOR,2004-12-31,4.1177
WDI:EN.GHG.N2O.AG.MT.CE.AR5:KOR,2005-12-31,4.055
WDI:EN.GHG.N2O.AG.MT.CE.AR5:KOR,2006-12-31,3.7817
WDI:EN.GHG.N2O.AG.MT.CE.AR5:KOR,2007-12-31,4.1939
WDI:EN.GHG.N2O.AG.MT.CE.AR5:KOR,2008-12-31,4.1981
WDI:EN.GHG.N2O.AG.MT.CE.AR5:KOR,2009-12-31,4.3434
WDI:EN.GHG.N2O.AG.MT.CE.AR5:KOR,2010-12-31,4.5152
WDI:EN.GHG.N2O.AG.MT.CE.AR5:KOR,2011-12-31,4.3926
WDI:EN.GHG.N2O.AG.MT.CE.AR5:KOR,2012-12-31,4.536
WDI:EN.GHG.N2O.AG.MT.CE.AR5:KOR,2013-12-31,5.1343
WDI:EN.GHG.N2O.AG.MT.CE.AR5:KOR,2014-12-31,5.0128
WDI:EN.GHG.N2O.AG.MT.CE.AR5:KOR,2015-12-31,5.4979
WDI:EN.GHG.N2O.AG.MT.CE.AR5:KOR,2016-12-31,5.6084
WDI:EN.GHG.N2O.AG.MT.CE.AR5:KOR,2017-12-31,5.5414
WDI:EN.GHG.N2O.AG.MT.CE.AR5:KOR,2018-12-31,4.6575
WDI:EN.GHG.N2O.AG.MT.CE.AR5:KOR,2019-12-31,4.6559
WDI:EN.GHG.N2O.AG.MT.CE.AR5:KOR,2020-12-31,4.7227
WDI:EN.GHG.N2O.AG.MT.CE.AR5:KOR,2021-12-31,4.9364
WDI:EN.GHG.N2O.AG.MT.CE.AR5:KOR,2022-12-31,4.8379
WDI:EN.GHG.N2O.AG.MT.CE.AR5:KOR,2023-12-31,4.5595
WDI:EN.GHG.N2O.AG.MT.CE.AR5:KOR,2024-12-31,4.342
WDI:EN.GHG.N2O.AG.MT.CE.AR5:KWT,1970-12-31,0.0195
WDI:EN.GHG.N2O.AG.MT.CE.AR5:KWT,1971-12-31,0.0195
WDI:EN.GHG.N2O.AG.MT.CE.AR5:KWT,1972-12-31,0.0213
WDI:EN.GHG.N2O.AG.MT.CE.AR5:KWT,1973-12-31,0.0216
WDI:EN.GHG.N2O.AG.MT.CE.AR5:KWT,1974-12-31,0.0232
WDI:EN.GHG.N2O.AG.MT.CE.AR5:KWT,1975-12-31,0.0246
WDI:EN.GHG.N2O.AG.MT.CE.AR5:KWT,1976-12-31,0.0251
WDI:EN.GHG.N2O.AG.MT.CE.AR5:KWT,1977-12-31,0.0269
WDI:EN.GHG.N2O.AG.MT.CE.AR5:KWT,1978-12-31,0.0359
WDI:EN.GHG.N2O.AG.MT.CE.AR5:KWT,1979-12-31,0.0523
WDI:EN.GHG.N2O.AG.MT.CE.AR5:KWT,1980-12-31,0.0551
WDI:EN.GHG.N2O.AG.MT.CE.AR5:KWT,1981-12-31,0.0483
WDI:EN.GHG.N2O.AG.MT.CE.AR5:KWT,1982-12-31,0.0435
WDI:EN.GHG.N2O.AG.MT.CE.AR5:KWT,1983-12-31,0.0464
WDI:EN.GHG.N2O.AG.MT.CE.AR5:KWT,1984-12-31,0.0517
WDI:EN.GHG.N2O.AG.MT.CE.AR5:KWT,1985-12-31,0.0623
WDI:EN.GHG.N2O.AG.MT.CE.AR5:KWT,1986-12-31,0.0564
WDI:EN.GHG.N2O.AG.MT.CE.AR5:KWT,1987-12-31,0.0702
WDI:EN.GHG.N2O.AG.MT.CE.AR5:KWT,1988-12-31,0.0695
WDI:EN.GHG.N2O.AG.MT.CE.AR5:KWT,1989-12-31,0.0694
WDI:EN.GHG.N2O.AG.MT.CE.AR5:KWT,1990-12-31,0.0564
WDI:EN.GHG.N2O.AG.MT.CE.AR5:KWT,1991-12-31,0.0189
WDI:EN.GHG.N2O.AG.MT.CE.AR5:KWT,1992-12-31,0.0243
WDI:EN.GHG.N2O.AG.MT.CE.AR5:KWT,1993-12-31,0.0443
WDI:EN.GHG.N2O.AG.MT.CE.AR5:KWT,1994-12-31,0.0549
WDI:EN.GHG.N2O.AG.MT.CE.AR5:KWT,1995-12-31,0.0654
WDI:EN.GHG.N2O.AG.MT.CE.AR5:KWT,1996-12-31,0.0851
WDI:EN.GHG.N2O.AG.MT.CE.AR5:KWT,1997-12-31,0.0841
WDI:EN.GHG.N2O.AG.MT.CE.AR5:KWT,1998-12-31,0.0864
WDI:EN.GHG.N2O.AG.MT.CE.AR5:KWT,1999-12-31,0.0963
WDI:EN.GHG.N2O.AG.MT.CE.AR5:KWT,2000-12-31,0.0972
WDI:EN.GHG.N2O.AG.MT.CE.AR5:KWT,2001-12-31,0.0871
WDI:EN.GHG.N2O.AG.MT.CE.AR5:KWT,2002-12-31,0.096
WDI:EN.GHG.N2O.AG.MT.CE.AR5:KWT,2003-12-31,0.1035
WDI:EN.GHG.N2O.AG.MT.CE.AR5:KWT,2004-12-31,0.0931
WDI:EN.GHG.N2O.AG.MT.CE.AR5:KWT,2005-12-31,0.0974
WDI:EN.GHG.N2O.AG.MT.CE.AR5:KWT,2006-12-31,0.0968
WDI:EN.GHG.N2O.AG.MT.CE.AR5:KWT,2007-12-31,0.1014
WDI:EN.GHG.N2O.AG.MT.CE.AR5:KWT,2008-12-31,0.1101
WDI:EN.GHG.N2O.AG.MT.CE.AR5:KWT,2009-12-31,0.1195
WDI:EN.GHG.N2O.AG.MT.CE.AR5:KWT,2010-12-31,0.1075
WDI:EN.GHG.N2O.AG.MT.CE.AR5:KWT,2011-12-31,0.1145
WDI:EN.GHG.N2O.AG.MT.CE.AR5:KWT,2012-12-31,0.122
WDI:EN.GHG.N2O.AG.MT.CE.AR5:KWT,2013-12-31,0.1316
WDI:EN.GHG.N2O.AG.MT.CE.AR5:KWT,2014-12-31,0.1401
WDI:EN.GHG.N2O.AG.MT.CE.AR5:KWT,2015-12-31,0.1469
WDI:EN.GHG.N2O.AG.MT.CE.AR5:KWT,2016-12-31,0.1675
WDI:EN.GHG.N2O.AG.MT.CE.AR5:KWT,2017-12-31,0.1565
WDI:EN.GHG.N2O.AG.MT.CE.AR5:KWT,2018-12-31,0.1569
WDI:EN.GHG.N2O.AG.MT.CE.AR5:KWT,2019-12-31,0.1672
WDI:EN.GHG.N2O.AG.MT.CE.AR5:KWT,2020-12-31,0.1736
WDI:EN.GHG.N2O.AG.MT.CE.AR5:KWT,2021-12-31,0.1744
WDI:EN.GHG.N2O.AG.MT.CE.AR5:KWT,2022-12-31,0.1739
WDI:EN.GHG.N2O.AG.MT.CE.AR5:KWT,2023-12-31,0.1773
WDI:EN.GHG.N2O.AG.MT.CE.AR5:KWT,2024-12-31,0.1806
WDI:EN.GHG.N2O.AG.MT.CE.AR5:LAC,1970-12-31,99.1004
WDI:EN.GHG.N2O.AG.MT.CE.AR5:LAC,1971-12-31,100.6233
WDI:EN.GHG.N2O.AG.MT.CE.AR5:LAC,1972-12-31,103.3808
WDI:EN.GHG.N2O.AG.MT.CE.AR5:LAC,1973-12-31,105.90130000000002
WDI:EN.GHG.N2O.AG.MT.CE.AR5:LAC,1974-12-31,109.67429999999999
WDI:EN.GHG.N2O.AG.MT.CE.AR5:LAC,1975-12-31,113.0192
WDI:EN.GHG.N2O.AG.MT.CE.AR5:LAC,1976-12-31,119.84150000000001
WDI:EN.GHG.N2O.AG.MT.CE.AR5:LAC,1977-12-31,124.97889999999998
WDI:EN.GHG.N2O.AG.MT.CE.AR5:LAC,1978-12-31,123.62989999999999
WDI:EN.GHG.N2O.AG.MT.CE.AR5:LAC,1979-12-31,126.2667
WDI:EN.GHG.N2O.AG.MT.CE.AR5:LAC,1980-12-31,130.6117
WDI:EN.GHG.N2O.AG.MT.CE.AR5:LAC,1981-12-31,132.4823
WDI:EN.GHG.N2O.AG.MT.CE.AR5:LAC,1982-12-31,133.60599999999997
WDI:EN.GHG.N2O.AG.MT.CE.AR5:LAC,1983-12-31,133.831
WDI:EN.GHG.N2O.AG.MT.CE.AR5:LAC,1984-12-31,138.54
WDI:EN.GHG.N2O.AG.MT.CE.AR5:LAC,1985-12-31,139.9532
WDI:EN.GHG.N2O.AG.MT.CE.AR5:LAC,1986-12-31,142.8945
WDI:EN.GHG.N2O.AG.MT.CE.AR5:LAC,1987-12-31,145.27370000000002
WDI:EN.GHG.N2O.AG.MT.CE.AR5:LAC,1988-12-31,146.6587
WDI:EN.GHG.N2O.AG.MT.CE.AR5:LAC,1989-12-31,150.2236
WDI:EN.GHG.N2O.AG.MT.CE.AR5:LAC,1990-12-31,150.4997
WDI:EN.GHG.N2O.AG.MT.CE.AR5:LAC,1991-12-31,151.8846
WDI:EN.GHG.N2O.AG.MT.CE.AR5:LAC,1992-12-31,155.62229999999997
WDI:EN.GHG.N2O.AG.MT.CE.AR5:LAC,1993-12-31,158.78869999999998
WDI:EN.GHG.N2O.AG.MT.CE.AR5:LAC,1994-12-31,164.6574
WDI:EN.GHG.N2O.AG.MT.CE.AR5:LAC,1995-12-31,166.88
WDI:EN.GHG.N2O.AG.MT.CE.AR5:LAC,1996-12-31,164.2177
WDI:EN.GHG.N2O.AG.MT.CE.AR5:LAC,1997-12-31,167.57089999999997
WDI:EN.GHG.N2O.AG.MT.CE.AR5:LAC,1998-12-31,168.79000000000002
WDI:EN.GHG.N2O.AG.MT.CE.AR5:LAC,1999-12-31,169.00809999999998
WDI:EN.GHG.N2O.AG.MT.CE.AR5:LAC,2000-12-31,173.667
WDI:EN.GHG.N2O.AG.MT.CE.AR5:LAC,2001-12-31,176.5162
WDI:EN.GHG.N2O.AG.MT.CE.AR5:LAC,2002-12-31,181.29360000000005
WDI:EN.GHG.N2O.AG.MT.CE.AR5:LAC,2003-12-31,192.3556
WDI:EN.GHG.N2O.AG.MT.CE.AR5:LAC,2004-12-31,197.75179999999997
WDI:EN.GHG.N2O.AG.MT.CE.AR5:LAC,2005-12-31,197.6144
WDI:EN.GHG.N2O.AG.MT.CE.AR5:LAC,2006-12-31,200.22820000000002
WDI:EN.GHG.N2O.AG.MT.CE.AR5:LAC,2007-12-31,205.78329999999997
WDI:EN.GHG.N2O.AG.MT.CE.AR5:LAC,2008-12-31,204.05150000000003
WDI:EN.GHG.N2O.AG.MT.CE.AR5:LAC,2009-12-31,203.144
WDI:EN.GHG.N2O.AG.MT.CE.AR5:LAC,2010-12-31,209.05800000000002
WDI:EN.GHG.N2O.AG.MT.CE.AR5:LAC,2011-12-31,215.3689
WDI:EN.GHG.N2O.AG.MT.CE.AR5:LAC,2012-12-31,213.47530000000003
WDI:EN.GHG.N2O.AG.MT.CE.AR5:LAC,2013-12-31,220.05559999999997
WDI:EN.GHG.N2O.AG.MT.CE.AR5:LAC,2014-12-31,223.2642
WDI:EN.GHG.N2O.AG.MT.CE.AR5:LAC,2015-12-31,222.21169999999998
WDI:EN.GHG.N2O.AG.MT.CE.AR5:LAC,2016-12-31,231.0494
WDI:EN.GHG.N2O.AG.MT.CE.AR5:LAC,2017-12-31,233.2778
WDI:EN.GHG.N2O.AG.MT.CE.AR5:LAC,2018-12-31,233.0586
WDI:EN.GHG.N2O.AG.MT.CE.AR5:LAC,2019-12-31,236.67709999999997
WDI:EN.GHG.N2O.AG.MT.CE.AR5:LAC,2020-12-31,246.67409999999998
WDI:EN.GHG.N2O.AG.MT.CE.AR5:LAC,2021-12-31,255.1465
WDI:EN.GHG.N2O.AG.MT.CE.AR5:LAC,2022-12-31,253.7463
WDI:EN.GHG.N2O.AG.MT.CE.AR5:LAC,2023-12-31,264.7225
WDI:EN.GHG.N2O.AG.MT.CE.AR5:LAC,2024-12-31,264.9756
WDI:EN.GHG.N2O.AG.MT.CE.AR5:LAO,1970-12-31,0.5978
WDI:EN.GHG.N2O.AG.MT.CE.AR5:LAO,1971-12-31,0.573
WDI:EN.GHG.N2O.AG.MT.CE.AR5:LAO,1972-12-31,0.5508
WDI:EN.GHG.N2O.AG.MT.CE.AR5:LAO,1973-12-31,0.5339
WDI:EN.GHG.N2O.AG.MT.CE.AR5:LAO,1974-12-31,0.5267
WDI:EN.GHG.N2O.AG.MT.CE.AR5:LAO,1975-12-31,0.5159
WDI:EN.GHG.N2O.AG.MT.CE.AR5:LAO,1976-12-31,0.487
WDI:EN.GHG.N2O.AG.MT.CE.AR5:LAO,1977-12-31,0.5133
WDI:EN.GHG.N2O.AG.MT.CE.AR5:LAO,1978-12-31,0.545
WDI:EN.GHG.N2O.AG.MT.CE.AR5:LAO,1979-12-31,0.5829
WDI:EN.GHG.N2O.AG.MT.CE.AR5:LAO,1980-12-31,0.6661
WDI:EN.GHG.N2O.AG.MT.CE.AR5:LAO,1981-12-31,0.6919
WDI:EN.GHG.N2O.AG.MT.CE.AR5:LAO,1982-12-31,0.7122
WDI:EN.GHG.N2O.AG.MT.CE.AR5:LAO,1983-12-31,0.7276
WDI:EN.GHG.N2O.AG.MT.CE.AR5:LAO,1984-12-31,0.767
WDI:EN.GHG.N2O.AG.MT.CE.AR5:LAO,1985-12-31,0.7908
WDI:EN.GHG.N2O.AG.MT.CE.AR5:LAO,1986-12-31,0.827
WDI:EN.GHG.N2O.AG.MT.CE.AR5:LAO,1987-12-31,0.8635
WDI:EN.GHG.N2O.AG.MT.CE.AR5:LAO,1988-12-31,0.864
WDI:EN.GHG.N2O.AG.MT.CE.AR5:LAO,1989-12-31,0.9012
WDI:EN.GHG.N2O.AG.MT.CE.AR5:LAO,1990-12-31,0.9417
WDI:EN.GHG.N2O.AG.MT.CE.AR5:LAO,1991-12-31,0.9639
WDI:EN.GHG.N2O.AG.MT.CE.AR5:LAO,1992-12-31,1.0248
WDI:EN.GHG.N2O.AG.MT.CE.AR5:LAO,1993-12-31,1.0387
WDI:EN.GHG.N2O.AG.MT.CE.AR5:LAO,1994-12-31,1.0944
WDI:EN.GHG.N2O.AG.MT.CE.AR5:LAO,1995-12-31,1.1243
WDI:EN.GHG.N2O.AG.MT.CE.AR5:LAO,1996-12-31,1.1547
WDI:EN.GHG.N2O.AG.MT.CE.AR5:LAO,1997-12-31,1.1887
WDI:EN.GHG.N2O.AG.MT.CE.AR5:LAO,1998-12-31,1.084
WDI:EN.GHG.N2O.AG.MT.CE.AR5:LAO,1999-12-31,1.0171
WDI:EN.GHG.N2O.AG.MT.CE.AR5:LAO,2000-12-31,1.1034
WDI:EN.GHG.N2O.AG.MT.CE.AR5:LAO,2001-12-31,1.1496
WDI:EN.GHG.N2O.AG.MT.CE.AR5:LAO,2002-12-31,1.1981
WDI:EN.GHG.N2O.AG.MT.CE.AR5:LAO,2003-12-31,1.2421
WDI:EN.GHG.N2O.AG.MT.CE.AR5:LAO,2004-12-31,1.2863
WDI:EN.GHG.N2O.AG.MT.CE.AR5:LAO,2005-12-31,1.2916
WDI:EN.GHG.N2O.AG.MT.CE.AR5:LAO,2006-12-31,1.336
WDI:EN.GHG.N2O.AG.MT.CE.AR5:LAO,2007-12-31,1.3734
WDI:EN.GHG.N2O.AG.MT.CE.AR5:LAO,2008-12-31,1.4381
WDI:EN.GHG.N2O.AG.MT.CE.AR5:LAO,2009-12-31,1.509
WDI:EN.GHG.N2O.AG.MT.CE.AR5:LAO,2010-12-31,1.5659
WDI:EN.GHG.N2O.AG.MT.CE.AR5:LAO,2011-12-31,1.6239
WDI:EN.GHG.N2O.AG.MT.CE.AR5:LAO,2012-12-31,1.7262
WDI:EN.GHG.N2O.AG.MT.CE.AR5:LAO,2013-12-31,1.7553
WDI:EN.GHG.N2O.AG.MT.CE.AR5:LAO,2014-12-31,1.8246
WDI:EN.GHG.N2O.AG.MT.CE.AR5:LAO,2015-12-31,1.9276
WDI:EN.GHG.N2O.AG.MT.CE.AR5:LAO,2016-12-31,2.0001
WDI:EN.GHG.N2O.AG.MT.CE.AR5:LAO,2017-12-31,2.0119
WDI:EN.GHG.N2O.AG.MT.CE.AR5:LAO,2018-12-31,2.0741
WDI:EN.GHG.N2O.AG.MT.CE.AR5:LAO,2019-12-31,2.1316
WDI:EN.GHG.N2O.AG.MT.CE.AR5:LAO,2020-12-31,2.2073
WDI:EN.GHG.N2O.AG.MT.CE.AR5:LAO,2021-12-31,2.2518
WDI:EN.GHG.N2O.AG.MT.CE.AR5:LAO,2022-12-31,2.3252
WDI:EN.GHG.N2O.AG.MT.CE.AR5:LAO,2023-12-31,2.4232
WDI:EN.GHG.N2O.AG.MT.CE.AR5:LAO,2024-12-31,2.4932
WDI:EN.GHG.N2O.AG.MT.CE.AR5:LBN,1970-12-31,0.3032
WDI:EN.GHG.N2O.AG.MT.CE.AR5:LBN,1971-12-31,0.3039
WDI:EN.GHG.N2O.AG.MT.CE.AR5:LBN,1972-12-31,0.3048
WDI:EN.GHG.N2O.AG.MT.CE.AR5:LBN,1973-12-31,0.2991
WDI:EN.GHG.N2O.AG.MT.CE.AR5:LBN,1974-12-31,0.1917
WDI:EN.GHG.N2O.AG.MT.CE.AR5:LBN,1975-12-31,0.1132
WDI:EN.GHG.N2O.AG.MT.CE.AR5:LBN,1976-12-31,0.149
WDI:EN.GHG.N2O.AG.MT.CE.AR5:LBN,1977-12-31,0.1306
WDI:EN.GHG.N2O.AG.MT.CE.AR5:LBN,1978-12-31,0.1628
WDI:EN.GHG.N2O.AG.MT.CE.AR5:LBN,1979-12-31,0.1723
WDI:EN.GHG.N2O.AG.MT.CE.AR5:LBN,1980-12-31,0.1787
WDI:EN.GHG.N2O.AG.MT.CE.AR5:LBN,1981-12-31,0.1917
WDI:EN.GHG.N2O.AG.MT.CE.AR5:LBN,1982-12-31,0.2147
WDI:EN.GHG.N2O.AG.MT.CE.AR5:LBN,1983-12-31,0.1865
WDI:EN.GHG.N2O.AG.MT.CE.AR5:LBN,1984-12-31,0.1901
WDI:EN.GHG.N2O.AG.MT.CE.AR5:LBN,1985-12-31,0.1686
WDI:EN.GHG.N2O.AG.MT.CE.AR5:LBN,1986-12-31,0.1677
WDI:EN.GHG.N2O.AG.MT.CE.AR5:LBN,1987-12-31,0.1664
WDI:EN.GHG.N2O.AG.MT.CE.AR5:LBN,1988-12-31,0.1741
WDI:EN.GHG.N2O.AG.MT.CE.AR5:LBN,1989-12-31,0.1928
WDI:EN.GHG.N2O.AG.MT.CE.AR5:LBN,1990-12-31,0.1821
WDI:EN.GHG.N2O.AG.MT.CE.AR5:LBN,1991-12-31,0.1953
WDI:EN.GHG.N2O.AG.MT.CE.AR5:LBN,1992-12-31,0.2079
WDI:EN.GHG.N2O.AG.MT.CE.AR5:LBN,1993-12-31,0.2287
WDI:EN.GHG.N2O.AG.MT.CE.AR5:LBN,1994-12-31,0.192
WDI:EN.GHG.N2O.AG.MT.CE.AR5:LBN,1995-12-31,0.262
WDI:EN.GHG.N2O.AG.MT.CE.AR5:LBN,1996-12-31,0.2552
WDI:EN.GHG.N2O.AG.MT.CE.AR5:LBN,1997-12-31,0.2588
WDI:EN.GHG.N2O.AG.MT.CE.AR5:LBN,1998-12-31,0.2687
WDI:EN.GHG.N2O.AG.MT.CE.AR5:LBN,1999-12-31,0.2652
WDI:EN.GHG.N2O.AG.MT.CE.AR5:LBN,2000-12-31,0.2747
WDI:EN.GHG.N2O.AG.MT.CE.AR5:LBN,2001-12-31,0.3068
WDI:EN.GHG.N2O.AG.MT.CE.AR5:LBN,2002-12-31,0.2698
WDI:EN.GHG.N2O.AG.MT.CE.AR5:LBN,2003-12-31,0.3045
WDI:EN.GHG.N2O.AG.MT.CE.AR5:LBN,2004-12-31,0.3041
WDI:EN.GHG.N2O.AG.MT.CE.AR5:LBN,2005-12-31,0.2196
WDI:EN.GHG.N2O.AG.MT.CE.AR5:LBN,2006-12-31,0.231
WDI:EN.GHG.N2O.AG.MT.CE.AR5:LBN,2007-12-31,0.2387
WDI:EN.GHG.N2O.AG.MT.CE.AR5:LBN,2008-12-31,0.2229
WDI:EN.GHG.N2O.AG.MT.CE.AR5:LBN,2009-12-31,0.311
WDI:EN.GHG.N2O.AG.MT.CE.AR5:LBN,2010-12-31,0.2662
WDI:EN.GHG.N2O.AG.MT.CE.AR5:LBN,2011-12-31,0.3047
WDI:EN.GHG.N2O.AG.MT.CE.AR5:LBN,2012-12-31,0.3467
WDI:EN.GHG.N2O.AG.MT.CE.AR5:LBN,2013-12-31,0.3232
WDI:EN.GHG.N2O.AG.MT.CE.AR5:LBN,2014-12-31,0.2855
WDI:EN.GHG.N2O.AG.MT.CE.AR5:LBN,2015-12-31,0.3142
WDI:EN.GHG.N2O.AG.MT.CE.AR5:LBN,2016-12-31,0.3144
WDI:EN.GHG.N2O.AG.MT.CE.AR5:LBN,2017-12-31,0.3259
WDI:EN.GHG.N2O.AG.MT.CE.AR5:LBN,2018-12-31,0.3004
WDI:EN.GHG.N2O.AG.MT.CE.AR5:LBN,2019-12-31,0.3016
WDI:EN.GHG.N2O.AG.MT.CE.AR5:LBN,2020-12-31,0.2769
WDI:EN.GHG.N2O.AG.MT.CE.AR5:LBN,2021-12-31,0.2626
WDI:EN.GHG.N2O.AG.MT.CE.AR5:LBN,2022-12-31,0.2596
WDI:EN.GHG.N2O.AG.MT.CE.AR5:LBN,2023-12-31,0.247
WDI:EN.GHG.N2O.AG.MT.CE.AR5:LBN,2024-12-31,0.2396
WDI:EN.GHG.N2O.AG.MT.CE.AR5:LBR,1970-12-31,0.0557
WDI:EN.GHG.N2O.AG.MT.CE.AR5:LBR,1971-12-31,0.0576
WDI:EN.GHG.N2O.AG.MT.CE.AR5:LBR,1972-12-31,0.0593
WDI:EN.GHG.N2O.AG.MT.CE.AR5:LBR,1973-12-31,0.0606
WDI:EN.GHG.N2O.AG.MT.CE.AR5:LBR,1974-12-31,0.0624
WDI:EN.GHG.N2O.AG.MT.CE.AR5:LBR,1975-12-31,0.0635
WDI:EN.GHG.N2O.AG.MT.CE.AR5:LBR,1976-12-31,0.0656
WDI:EN.GHG.N2O.AG.MT.CE.AR5:LBR,1977-12-31,0.0674
WDI:EN.GHG.N2O.AG.MT.CE.AR5:LBR,1978-12-31,0.0685
WDI:EN.GHG.N2O.AG.MT.CE.AR5:LBR,1979-12-31,0.0705
WDI:EN.GHG.N2O.AG.MT.CE.AR5:LBR,1980-12-31,0.0724
WDI:EN.GHG.N2O.AG.MT.CE.AR5:LBR,1981-12-31,0.0755
WDI:EN.GHG.N2O.AG.MT.CE.AR5:LBR,1982-12-31,0.0782
WDI:EN.GHG.N2O.AG.MT.CE.AR5:LBR,1983-12-31,0.0819
WDI:EN.GHG.N2O.AG.MT.CE.AR5:LBR,1984-12-31,0.0831
WDI:EN.GHG.N2O.AG.MT.CE.AR5:LBR,1985-12-31,0.0846
WDI:EN.GHG.N2O.AG.MT.CE.AR5:LBR,1986-12-31,0.0857
WDI:EN.GHG.N2O.AG.MT.CE.AR5:LBR,1987-12-31,0.0881
WDI:EN.GHG.N2O.AG.MT.CE.AR5:LBR,1988-12-31,0.0889
WDI:EN.GHG.N2O.AG.MT.CE.AR5:LBR,1989-12-31,0.087
WDI:EN.GHG.N2O.AG.MT.CE.AR5:LBR,1990-12-31,0.0791
WDI:EN.GHG.N2O.AG.MT.CE.AR5:LBR,1991-12-31,0.0735
WDI:EN.GHG.N2O.AG.MT.CE.AR5:LBR,1992-12-31,0.074
WDI:EN.GHG.N2O.AG.MT.CE.AR5:LBR,1993-12-31,0.0717
WDI:EN.GHG.N2O.AG.MT.CE.AR5:LBR,1994-12-31,0.0713
WDI:EN.GHG.N2O.AG.MT.CE.AR5:LBR,1995-12-31,0.0715
WDI:EN.GHG.N2O.AG.MT.CE.AR5:LBR,1996-12-31,0.0731
WDI:EN.GHG.N2O.AG.MT.CE.AR5:LBR,1997-12-31,0.0769
WDI:EN.GHG.N2O.AG.MT.CE.AR5:LBR,1998-12-31,0.0786
WDI:EN.GHG.N2O.AG.MT.CE.AR5:LBR,1999-12-31,0.0784
WDI:EN.GHG.N2O.AG.MT.CE.AR5:LBR,2000-12-31,0.081
WDI:EN.GHG.N2O.AG.MT.CE.AR5:LBR,2001-12-31,0.081
WDI:EN.GHG.N2O.AG.MT.CE.AR5:LBR,2002-12-31,0.0804
WDI:EN.GHG.N2O.AG.MT.CE.AR5:LBR,2003-12-31,0.0807
WDI:EN.GHG.N2O.AG.MT.CE.AR5:LBR,2004-12-31,0.0812
WDI:EN.GHG.N2O.AG.MT.CE.AR5:LBR,2005-12-31,0.0821
WDI:EN.GHG.N2O.AG.MT.CE.AR5:LBR,2006-12-31,0.0888
WDI:EN.GHG.N2O.AG.MT.CE.AR5:LBR,2007-12-31,0.0971
WDI:EN.GHG.N2O.AG.MT.CE.AR5:LBR,2008-12-31,0.1059
WDI:EN.GHG.N2O.AG.MT.CE.AR5:LBR,2009-12-31,0.1154
WDI:EN.GHG.N2O.AG.MT.CE.AR5:LBR,2010-12-31,0.1245
WDI:EN.GHG.N2O.AG.MT.CE.AR5:LBR,2011-12-31,0.129
WDI:EN.GHG.N2O.AG.MT.CE.AR5:LBR,2012-12-31,0.1295
WDI:EN.GHG.N2O.AG.MT.CE.AR5:LBR,2013-12-31,0.1304
WDI:EN.GHG.N2O.AG.MT.CE.AR5:LBR,2014-12-31,0.1312
WDI:EN.GHG.N2O.AG.MT.CE.AR5:LBR,2015-12-31,0.1333
WDI:EN.GHG.N2O.AG.MT.CE.AR5:LBR,2016-12-31,0.1368
WDI:EN.GHG.N2O.AG.MT.CE.AR5:LBR,2017-12-31,0.1303
WDI:EN.GHG.N2O.AG.MT.CE.AR5:LBR,2018-12-31,0.1307
WDI:EN.GHG.N2O.AG.MT.CE.AR5:LBR,2019-12-31,0.134
WDI:EN.GHG.N2O.AG.MT.CE.AR5:LBR,2020-12-31,0.1342
WDI:EN.GHG.N2O.AG.MT.CE.AR5:LBR,2021-12-31,0.1342
WDI:EN.GHG.N2O.AG.MT.CE.AR5:LBR,2022-12-31,0.1362
WDI:EN.GHG.N2O.AG.MT.CE.AR5:LBR,2023-12-31,0.1342
WDI:EN.GHG.N2O.AG.MT.CE.AR5:LBR,2024-12-31,0.1348
WDI:EN.GHG.N2O.AG.MT.CE.AR5:LBY,1970-12-31,0.3014
WDI:EN.GHG.N2O.AG.MT.CE.AR5:LBY,1971-12-31,0.2874
WDI:EN.GHG.N2O.AG.MT.CE.AR5:LBY,1972-12-31,0.2954
WDI:EN.GHG.N2O.AG.MT.CE.AR5:LBY,1973-12-31,0.3299
WDI:EN.GHG.N2O.AG.MT.CE.AR5:LBY,1974-12-31,0.3661
WDI:EN.GHG.N2O.AG.MT.CE.AR5:LBY,1975-12-31,0.4825
WDI:EN.GHG.N2O.AG.MT.CE.AR5:LBY,1976-12-31,0.507
WDI:EN.GHG.N2O.AG.MT.CE.AR5:LBY,1977-12-31,0.4592
WDI:EN.GHG.N2O.AG.MT.CE.AR5:LBY,1978-12-31,0.4707
WDI:EN.GHG.N2O.AG.MT.CE.AR5:LBY,1979-12-31,0.5851
WDI:EN.GHG.N2O.AG.MT.CE.AR5:LBY,1980-12-31,0.6135
WDI:EN.GHG.N2O.AG.MT.CE.AR5:LBY,1981-12-31,0.552
WDI:EN.GHG.N2O.AG.MT.CE.AR5:LBY,1982-12-31,0.6464
WDI:EN.GHG.N2O.AG.MT.CE.AR5:LBY,1983-12-31,0.6515
WDI:EN.GHG.N2O.AG.MT.CE.AR5:LBY,1984-12-31,0.6239
WDI:EN.GHG.N2O.AG.MT.CE.AR5:LBY,1985-12-31,0.604
WDI:EN.GHG.N2O.AG.MT.CE.AR5:LBY,1986-12-31,0.5969
WDI:EN.GHG.N2O.AG.MT.CE.AR5:LBY,1987-12-31,0.6031
WDI:EN.GHG.N2O.AG.MT.CE.AR5:LBY,1988-12-31,0.5855
WDI:EN.GHG.N2O.AG.MT.CE.AR5:LBY,1989-12-31,0.6186
WDI:EN.GHG.N2O.AG.MT.CE.AR5:LBY,1990-12-31,0.6674
WDI:EN.GHG.N2O.AG.MT.CE.AR5:LBY,1991-12-31,0.6536
WDI:EN.GHG.N2O.AG.MT.CE.AR5:LBY,1992-12-31,0.5887
WDI:EN.GHG.N2O.AG.MT.CE.AR5:LBY,1993-12-31,0.6213
WDI:EN.GHG.N2O.AG.MT.CE.AR5:LBY,1994-12-31,0.5705
WDI:EN.GHG.N2O.AG.MT.CE.AR5:LBY,1995-12-31,0.6112
WDI:EN.GHG.N2O.AG.MT.CE.AR5:LBY,1996-12-31,0.5677
WDI:EN.GHG.N2O.AG.MT.CE.AR5:LBY,1997-12-31,0.6065
WDI:EN.GHG.N2O.AG.MT.CE.AR5:LBY,1998-12-31,0.6631
WDI:EN.GHG.N2O.AG.MT.CE.AR5:LBY,1999-12-31,0.6808
WDI:EN.GHG.N2O.AG.MT.CE.AR5:LBY,2000-12-31,0.5619
WDI:EN.GHG.N2O.AG.MT.CE.AR5:LBY,2001-12-31,0.6255
WDI:EN.GHG.N2O.AG.MT.CE.AR5:LBY,2002-12-31,0.5926
WDI:EN.GHG.N2O.AG.MT.CE.AR5:LBY,2003-12-31,0.5989
WDI:EN.GHG.N2O.AG.MT.CE.AR5:LBY,2004-12-31,0.6709
WDI:EN.GHG.N2O.AG.MT.CE.AR5:LBY,2005-12-31,0.7167
WDI:EN.GHG.N2O.AG.MT.CE.AR5:LBY,2006-12-31,0.77
WDI:EN.GHG.N2O.AG.MT.CE.AR5:LBY,2007-12-31,0.8015
WDI:EN.GHG.N2O.AG.MT.CE.AR5:LBY,2008-12-31,0.8025
WDI:EN.GHG.N2O.AG.MT.CE.AR5:LBY,2009-12-31,0.8242
WDI:EN.GHG.N2O.AG.MT.CE.AR5:LBY,2010-12-31,0.849
WDI:EN.GHG.N2O.AG.MT.CE.AR5:LBY,2011-12-31,0.8501
WDI:EN.GHG.N2O.AG.MT.CE.AR5:LBY,2012-12-31,0.8523
WDI:EN.GHG.N2O.AG.MT.CE.AR5:LBY,2013-12-31,0.8419
WDI:EN.GHG.N2O.AG.MT.CE.AR5:LBY,2014-12-31,0.7762
WDI:EN.GHG.N2O.AG.MT.CE.AR5:LBY,2015-12-31,0.8227
WDI:EN.GHG.N2O.AG.MT.CE.AR5:LBY,2016-12-31,0.7182
WDI:EN.GHG.N2O.AG.MT.CE.AR5:LBY,2017-12-31,0.8826
WDI:EN.GHG.N2O.AG.MT.CE.AR5:LBY,2018-12-31,0.7909
WDI:EN.GHG.N2O.AG.MT.CE.AR5:LBY,2019-12-31,0.8037
WDI:EN.GHG.N2O.AG.MT.CE.AR5:LBY,2020-12-31,0.779
WDI:EN.GHG.N2O.AG.MT.CE.AR5:LBY,2021-12-31,0.7933
WDI:EN.GHG.N2O.AG.MT.CE.AR5:LBY,2022-12-31,0.7448
WDI:EN.GHG.N2O.AG.MT.CE.AR5:LBY,2023-12-31,0.7462
WDI:EN.GHG.N2O.AG.MT.CE.AR5:LBY,2024-12-31,0.7481
WDI:EN.GHG.N2O.AG.MT.CE.AR5:LCA,1970-12-31,0.0066
WDI:EN.GHG.N2O.AG.MT.CE.AR5:LCA,1971-12-31,0.0063
WDI:EN.GHG.N2O.AG.MT.CE.AR5:LCA,1972-12-31,0.0061
WDI:EN.GHG.N2O.AG.MT.CE.AR5:LCA,1973-12-31,0.0059
WDI:EN.GHG.N2O.AG.MT.CE.AR5:LCA,1974-12-31,0.0058
WDI:EN.GHG.N2O.AG.MT.CE.AR5:LCA,1975-12-31,0.0059
WDI:EN.GHG.N2O.AG.MT.CE.AR5:LCA,1976-12-31,0.0061
WDI:EN.GHG.N2O.AG.MT.CE.AR5:LCA,1977-12-31,0.0064
WDI:EN.GHG.N2O.AG.MT.CE.AR5:LCA,1978-12-31,0.0067
WDI:EN.GHG.N2O.AG.MT.CE.AR5:LCA,1979-12-31,0.007
WDI:EN.GHG.N2O.AG.MT.CE.AR5:LCA,1980-12-31,0.0073
WDI:EN.GHG.N2O.AG.MT.CE.AR5:LCA,1981-12-31,0.0076
WDI:EN.GHG.N2O.AG.MT.CE.AR5:LCA,1982-12-31,0.0079
WDI:EN.GHG.N2O.AG.MT.CE.AR5:LCA,1983-12-31,0.0082
WDI:EN.GHG.N2O.AG.MT.CE.AR5:LCA,1984-12-31,0.0086
WDI:EN.GHG.N2O.AG.MT.CE.AR5:LCA,1985-12-31,0.0086
WDI:EN.GHG.N2O.AG.MT.CE.AR5:LCA,1986-12-31,0.0086
WDI:EN.GHG.N2O.AG.MT.CE.AR5:LCA,1987-12-31,0.0088
WDI:EN.GHG.N2O.AG.MT.CE.AR5:LCA,1988-12-31,0.0089
WDI:EN.GHG.N2O.AG.MT.CE.AR5:LCA,1989-12-31,0.0088
WDI:EN.GHG.N2O.AG.MT.CE.AR5:LCA,1990-12-31,0.0088
WDI:EN.GHG.N2O.AG.MT.CE.AR5:LCA,1991-12-31,0.0087
WDI:EN.GHG.N2O.AG.MT.CE.AR5:LCA,1992-12-31,0.0088
WDI:EN.GHG.N2O.AG.MT.CE.AR5:LCA,1993-12-31,0.0089
WDI:EN.GHG.N2O.AG.MT.CE.AR5:LCA,1994-12-31,0.009
WDI:EN.GHG.N2O.AG.MT.CE.AR5:LCA,1995-12-31,0.009
WDI:EN.GHG.N2O.AG.MT.CE.AR5:LCA,1996-12-31,0.009
WDI:EN.GHG.N2O.AG.MT.CE.AR5:LCA,1997-12-31,0.0091
WDI:EN.GHG.N2O.AG.MT.CE.AR5:LCA,1998-12-31,0.0091
WDI:EN.GHG.N2O.AG.MT.CE.AR5:LCA,1999-12-31,0.009
WDI:EN.GHG.N2O.AG.MT.CE.AR5:LCA,2000-12-31,0.0084
WDI:EN.GHG.N2O.AG.MT.CE.AR5:LCA,2001-12-31,0.0084
WDI:EN.GHG.N2O.AG.MT.CE.AR5:LCA,2002-12-31,0.0084
WDI:EN.GHG.N2O.AG.MT.CE.AR5:LCA,2003-12-31,0.0087
WDI:EN.GHG.N2O.AG.MT.CE.AR5:LCA,2004-12-31,0.0088
WDI:EN.GHG.N2O.AG.MT.CE.AR5:LCA,2005-12-31,0.009
WDI:EN.GHG.N2O.AG.MT.CE.AR5:LCA,2006-12-31,0.0087
WDI:EN.GHG.N2O.AG.MT.CE.AR5:LCA,2007-12-31,0.0096
WDI:EN.GHG.N2O.AG.MT.CE.AR5:LCA,2008-12-31,0.009
WDI:EN.GHG.N2O.AG.MT.CE.AR5:LCA,2009-12-31,0.009
WDI:EN.GHG.N2O.AG.MT.CE.AR5:LCA,2010-12-31,0.0088
WDI:EN.GHG.N2O.AG.MT.CE.AR5:LCA,2011-12-31,0.0088
WDI:EN.GHG.N2O.AG.MT.CE.AR5:LCA,2012-12-31,0.0087
WDI:EN.GHG.N2O.AG.MT.CE.AR5:LCA,2013-12-31,0.0083
WDI:EN.GHG.N2O.AG.MT.CE.AR5:LCA,2014-12-31,0.0088
WDI:EN.GHG.N2O.AG.MT.CE.AR5:LCA,2015-12-31,0.0091
WDI:EN.GHG.N2O.AG.MT.CE.AR5:LCA,2016-12-31,0.0091
WDI:EN.GHG.N2O.AG.MT.CE.AR5:LCA,2017-12-31,0.0094
WDI:EN.GHG.N2O.AG.MT.CE.AR5:LCA,2018-12-31,0.0093
WDI:EN.GHG.N2O.AG.MT.CE.AR5:LCA,2019-12-31,0.0091
WDI:EN.GHG.N2O.AG.MT.CE.AR5:LCA,2020-12-31,0.0089
WDI:EN.GHG.N2O.AG.MT.CE.AR5:LCA,2021-12-31,0.0083
WDI:EN.GHG.N2O.AG.MT.CE.AR5:LCA,2022-12-31,0.0085
WDI:EN.GHG.N2O.AG.MT.CE.AR5:LCA,2023-12-31,0.0083
WDI:EN.GHG.N2O.AG.MT.CE.AR5:LCA,2024-12-31,0.0082
WDI:EN.GHG.N2O.AG.MT.CE.AR5:LCN,1970-12-31,111.28280000000002
WDI:EN.GHG.N2O.AG.MT.CE.AR5:LCN,1971-12-31,112.79029999999999
WDI:EN.GHG.N2O.AG.MT.CE.AR5:LCN,1972-12-31,115.82730000000001
WDI:EN.GHG.N2O.AG.MT.CE.AR5:LCN,1973-12-31,118.62499999999999
WDI:EN.GHG.N2O.AG.MT.CE.AR5:LCN,1974-12-31,122.8928
WDI:EN.GHG.N2O.AG.MT.CE.AR5:LCN,1975-12-31,126.72829999999999
WDI:EN.GHG.N2O.AG.MT.CE.AR5:LCN,1976-12-31,133.2
WDI:EN.GHG.N2O.AG.MT.CE.AR5:LCN,1977-12-31,138.7917
WDI:EN.GHG.N2O.AG.MT.CE.AR5:LCN,1978-12-31,137.8085
WDI:EN.GHG.N2O.AG.MT.CE.AR5:LCN,1979-12-31,140.8114
WDI:EN.GHG.N2O.AG.MT.CE.AR5:LCN,1980-12-31,145.8795
WDI:EN.GHG.N2O.AG.MT.CE.AR5:LCN,1981-12-31,147.8066
WDI:EN.GHG.N2O.AG.MT.CE.AR5:LCN,1982-12-31,149.01810000000003
WDI:EN.GHG.N2O.AG.MT.CE.AR5:LCN,1983-12-31,148.97
WDI:EN.GHG.N2O.AG.MT.CE.AR5:LCN,1984-12-31,153.95879999999997
WDI:EN.GHG.N2O.AG.MT.CE.AR5:LCN,1985-12-31,155.7751
WDI:EN.GHG.N2O.AG.MT.CE.AR5:LCN,1986-12-31,159.50730000000001
WDI:EN.GHG.N2O.AG.MT.CE.AR5:LCN,1987-12-31,162.6974
WDI:EN.GHG.N2O.AG.MT.CE.AR5:LCN,1988-12-31,164.74629999999996
WDI:EN.GHG.N2O.AG.MT.CE.AR5:LCN,1989-12-31,167.6888
WDI:EN.GHG.N2O.AG.MT.CE.AR5:LCN,1990-12-31,167.55280000000005
WDI:EN.GHG.N2O.AG.MT.CE.AR5:LCN,1991-12-31,169.30610000000004
WDI:EN.GHG.N2O.AG.MT.CE.AR5:LCN,1992-12-31,173.14600000000002
WDI:EN.GHG.N2O.AG.MT.CE.AR5:LCN,1993-12-31,176.34750000000008
WDI:EN.GHG.N2O.AG.MT.CE.AR5:LCN,1994-12-31,182.5725
WDI:EN.GHG.N2O.AG.MT.CE.AR5:LCN,1995-12-31,184.87210000000002
WDI:EN.GHG.N2O.AG.MT.CE.AR5:LCN,1996-12-31,182.67579999999998
WDI:EN.GHG.N2O.AG.MT.CE.AR5:LCN,1997-12-31,186.16540000000003
WDI:EN.GHG.N2O.AG.MT.CE.AR5:LCN,1998-12-31,187.27490000000003
WDI:EN.GHG.N2O.AG.MT.CE.AR5:LCN,1999-12-31,187.4094
WDI:EN.GHG.N2O.AG.MT.CE.AR5:LCN,2000-12-31,192.37890000000002
WDI:EN.GHG.N2O.AG.MT.CE.AR5:LCN,2001-12-31,195.54109999999997
WDI:EN.GHG.N2O.AG.MT.CE.AR5:LCN,2002-12-31,200.77630000000008
WDI:EN.GHG.N2O.AG.MT.CE.AR5:LCN,2003-12-31,212.2243
WDI:EN.GHG.N2O.AG.MT.CE.AR5:LCN,2004-12-31,218.1651
WDI:EN.GHG.N2O.AG.MT.CE.AR5:LCN,2005-12-31,218.308
WDI:EN.GHG.N2O.AG.MT.CE.AR5:LCN,2006-12-31,220.92910000000003
WDI:EN.GHG.N2O.AG.MT.CE.AR5:LCN,2007-12-31,226.7293
WDI:EN.GHG.N2O.AG.MT.CE.AR5:LCN,2008-12-31,225.09760000000006
WDI:EN.GHG.N2O.AG.MT.CE.AR5:LCN,2009-12-31,224.22510000000003
WDI:EN.GHG.N2O.AG.MT.CE.AR5:LCN,2010-12-31,228.63270000000006
WDI:EN.GHG.N2O.AG.MT.CE.AR5:LCN,2011-12-31,235.51050000000004
WDI:EN.GHG.N2O.AG.MT.CE.AR5:LCN,2012-12-31,234.9892
WDI:EN.GHG.N2O.AG.MT.CE.AR5:LCN,2013-12-31,241.24699999999999
WDI:EN.GHG.N2O.AG.MT.CE.AR5:LCN,2014-12-31,244.37369999999999
WDI:EN.GHG.N2O.AG.MT.CE.AR5:LCN,2015-12-31,243.06709999999998
WDI:EN.GHG.N2O.AG.MT.CE.AR5:LCN,2016-12-31,251.42280000000002
WDI:EN.GHG.N2O.AG.MT.CE.AR5:LCN,2017-12-31,253.38709999999998
WDI:EN.GHG.N2O.AG.MT.CE.AR5:LCN,2018-12-31,252.6172
WDI:EN.GHG.N2O.AG.MT.CE.AR5:LCN,2019-12-31,256.7568
WDI:EN.GHG.N2O.AG.MT.CE.AR5:LCN,2020-12-31,266.6347
WDI:EN.GHG.N2O.AG.MT.CE.AR5:LCN,2021-12-31,275.8867
WDI:EN.GHG.N2O.AG.MT.CE.AR5:LCN,2022-12-31,274.01640000000003
WDI:EN.GHG.N2O.AG.MT.CE.AR5:LCN,2023-12-31,277.5021
WDI:EN.GHG.N2O.AG.MT.CE.AR5:LCN,2024-12-31,278.1058
WDI:EN.GHG.N2O.AG.MT.CE.AR5:LDC,1970-12-31,71.51549999999999
WDI:EN.GHG.N2O.AG.MT.CE.AR5:LDC,1971-12-31,71.80010000000001
WDI:EN.GHG.N2O.AG.MT.CE.AR5:LDC,1972-12-31,71.35799999999999
WDI:EN.GHG.N2O.AG.MT.CE.AR5:LDC,1973-12-31,70.97350000000002
WDI:EN.GHG.N2O.AG.MT.CE.AR5:LDC,1974-12-31,70.60199999999999
WDI:EN.GHG.N2O.AG.MT.CE.AR5:LDC,1975-12-31,72.88409999999999
WDI:EN.GHG.N2O.AG.MT.CE.AR5:LDC,1976-12-31,73.56799999999998
WDI:EN.GHG.N2O.AG.MT.CE.AR5:LDC,1977-12-31,75.0776
WDI:EN.GHG.N2O.AG.MT.CE.AR5:LDC,1978-12-31,77.7246
WDI:EN.GHG.N2O.AG.MT.CE.AR5:LDC,1979-12-31,79.76879999999996
WDI:EN.GHG.N2O.AG.MT.CE.AR5:LDC,1980-12-31,80.6965
WDI:EN.GHG.N2O.AG.MT.CE.AR5:LDC,1981-12-31,82.82680000000002
WDI:EN.GHG.N2O.AG.MT.CE.AR5:LDC,1982-12-31,85.1375
WDI:EN.GHG.N2O.AG.MT.CE.AR5:LDC,1983-12-31,85.46340000000001
WDI:EN.GHG.N2O.AG.MT.CE.AR5:LDC,1984-12-31,84.1219
WDI:EN.GHG.N2O.AG.MT.CE.AR5:LDC,1985-12-31,85.50090000000003
WDI:EN.GHG.N2O.AG.MT.CE.AR5:LDC,1986-12-31,86.1385
WDI:EN.GHG.N2O.AG.MT.CE.AR5:LDC,1987-12-31,86.10959999999997
WDI:EN.GHG.N2O.AG.MT.CE.AR5:LDC,1988-12-31,88.1587
WDI:EN.GHG.N2O.AG.MT.CE.AR5:LDC,1989-12-31,90.1557
WDI:EN.GHG.N2O.AG.MT.CE.AR5:LDC,1990-12-31,91.59799999999998
WDI:EN.GHG.N2O.AG.MT.CE.AR5:LDC,1991-12-31,94.4003
WDI:EN.GHG.N2O.AG.MT.CE.AR5:LDC,1992-12-31,97.21629999999999
WDI:EN.GHG.N2O.AG.MT.CE.AR5:LDC,1993-12-31,98.5892
WDI:EN.GHG.N2O.AG.MT.CE.AR5:LDC,1994-12-31,101.53790000000001
WDI:EN.GHG.N2O.AG.MT.CE.AR5:LDC,1995-12-31,104.6859
WDI:EN.GHG.N2O.AG.MT.CE.AR5:LDC,1996-12-31,108.15110000000004
WDI:EN.GHG.N2O.AG.MT.CE.AR5:LDC,1997-12-31,110.91650000000001
WDI:EN.GHG.N2O.AG.MT.CE.AR5:LDC,1998-12-31,114.1956
WDI:EN.GHG.N2O.AG.MT.CE.AR5:LDC,1999-12-31,118.2507
WDI:EN.GHG.N2O.AG.MT.CE.AR5:LDC,2000-12-31,119.81
WDI:EN.GHG.N2O.AG.MT.CE.AR5:LDC,2001-12-31,122.88029999999998
WDI:EN.GHG.N2O.AG.MT.CE.AR5:LDC,2002-12-31,127.17069999999998
WDI:EN.GHG.N2O.AG.MT.CE.AR5:LDC,2003-12-31,130.9297
WDI:EN.GHG.N2O.AG.MT.CE.AR5:LDC,2004-12-31,133.7693
WDI:EN.GHG.N2O.AG.MT.CE.AR5:LDC,2005-12-31,138.43110000000001
WDI:EN.GHG.N2O.AG.MT.CE.AR5:LDC,2006-12-31,142.2345
WDI:EN.GHG.N2O.AG.MT.CE.AR5:LDC,2007-12-31,147.27259999999995
WDI:EN.GHG.N2O.AG.MT.CE.AR5:LDC,2008-12-31,152.4601
WDI:EN.GHG.N2O.AG.MT.CE.AR5:LDC,2009-12-31,156.8404
WDI:EN.GHG.N2O.AG.MT.CE.AR5:LDC,2010-12-31,162.5262
WDI:EN.GHG.N2O.AG.MT.CE.AR5:LDC,2011-12-31,164.24080000000004
WDI:EN.GHG.N2O.AG.MT.CE.AR5:LDC,2012-12-31,170.53359999999998
WDI:EN.GHG.N2O.AG.MT.CE.AR5:LDC,2013-12-31,176.32420000000005
WDI:EN.GHG.N2O.AG.MT.CE.AR5:LDC,2014-12-31,182.06600000000006
WDI:EN.GHG.N2O.AG.MT.CE.AR5:LDC,2015-12-31,185.614
WDI:EN.GHG.N2O.AG.MT.CE.AR5:LDC,2016-12-31,191.10389999999995
WDI:EN.GHG.N2O.AG.MT.CE.AR5:LDC,2017-12-31,197.09820000000002
WDI:EN.GHG.N2O.AG.MT.CE.AR5:LDC,2018-12-31,195.1961
WDI:EN.GHG.N2O.AG.MT.CE.AR5:LDC,2019-12-31,201.26580000000004
WDI:EN.GHG.N2O.AG.MT.CE.AR5:LDC,2020-12-31,205.42350000000002
WDI:EN.GHG.N2O.AG.MT.CE.AR5:LDC,2021-12-31,206.99190000000002
WDI:EN.GHG.N2O.AG.MT.CE.AR5:LDC,2022-12-31,212.46599999999998
WDI:EN.GHG.N2O.AG.MT.CE.AR5:LDC,2023-12-31,216.4273
WDI:EN.GHG.N2O.AG.MT.CE.AR5:LDC,2024-12-31,220.7889
WDI:EN.GHG.N2O.AG.MT.CE.AR5:LIC,1970-12-31,35.977399999999996
WDI:EN.GHG.N2O.AG.MT.CE.AR5:LIC,1971-12-31,36.0367
WDI:EN.GHG.N2O.AG.MT.CE.AR5:LIC,1972-12-31,35.786500000000004
WDI:EN.GHG.N2O.AG.MT.CE.AR5:LIC,1973-12-31,35.326299999999996
WDI:EN.GHG.N2O.AG.MT.CE.AR5:LIC,1974-12-31,35.4836
WDI:EN.GHG.N2O.AG.MT.CE.AR5:LIC,1975-12-31,37.5164
WDI:EN.GHG.N2O.AG.MT.CE.AR5:LIC,1976-12-31,38.81040000000001
WDI:EN.GHG.N2O.AG.MT.CE.AR5:LIC,1977-12-31,39.864399999999996
WDI:EN.GHG.N2O.AG.MT.CE.AR5:LIC,1978-12-31,42.178999999999995
WDI:EN.GHG.N2O.AG.MT.CE.AR5:LIC,1979-12-31,43.514599999999994
WDI:EN.GHG.N2O.AG.MT.CE.AR5:LIC,1980-12-31,45.138600000000004
WDI:EN.GHG.N2O.AG.MT.CE.AR5:LIC,1981-12-31,46.549299999999995
WDI:EN.GHG.N2O.AG.MT.CE.AR5:LIC,1982-12-31,47.9542
WDI:EN.GHG.N2O.AG.MT.CE.AR5:LIC,1983-12-31,47.7911
WDI:EN.GHG.N2O.AG.MT.CE.AR5:LIC,1984-12-31,46.647800000000004
WDI:EN.GHG.N2O.AG.MT.CE.AR5:LIC,1985-12-31,46.82520000000002
WDI:EN.GHG.N2O.AG.MT.CE.AR5:LIC,1986-12-31,46.13749999999999
WDI:EN.GHG.N2O.AG.MT.CE.AR5:LIC,1987-12-31,46.178799999999995
WDI:EN.GHG.N2O.AG.MT.CE.AR5:LIC,1988-12-31,48.009499999999996
WDI:EN.GHG.N2O.AG.MT.CE.AR5:LIC,1989-12-31,48.554300000000005
WDI:EN.GHG.N2O.AG.MT.CE.AR5:LIC,1990-12-31,49.7143
WDI:EN.GHG.N2O.AG.MT.CE.AR5:LIC,1991-12-31,51.1661
WDI:EN.GHG.N2O.AG.MT.CE.AR5:LIC,1992-12-31,52.712900000000005
WDI:EN.GHG.N2O.AG.MT.CE.AR5:LIC,1993-12-31,54.77730000000001
WDI:EN.GHG.N2O.AG.MT.CE.AR5:LIC,1994-12-31,54.687200000000004
WDI:EN.GHG.N2O.AG.MT.CE.AR5:LIC,1995-12-31,54.56249999999999
WDI:EN.GHG.N2O.AG.MT.CE.AR5:LIC,1996-12-31,56.395199999999996
WDI:EN.GHG.N2O.AG.MT.CE.AR5:LIC,1997-12-31,58.7818
WDI:EN.GHG.N2O.AG.MT.CE.AR5:LIC,1998-12-31,60.3967
WDI:EN.GHG.N2O.AG.MT.CE.AR5:LIC,1999-12-31,62.2474
WDI:EN.GHG.N2O.AG.MT.CE.AR5:LIC,2000-12-31,63.8389
WDI:EN.GHG.N2O.AG.MT.CE.AR5:LIC,2001-12-31,64.7763
WDI:EN.GHG.N2O.AG.MT.CE.AR5:LIC,2002-12-31,66.37080000000002
WDI:EN.GHG.N2O.AG.MT.CE.AR5:LIC,2003-12-31,69.797
WDI:EN.GHG.N2O.AG.MT.CE.AR5:LIC,2004-12-31,71.9891
WDI:EN.GHG.N2O.AG.MT.CE.AR5:LIC,2005-12-31,74.8728
WDI:EN.GHG.N2O.AG.MT.CE.AR5:LIC,2006-12-31,75.45859999999999
WDI:EN.GHG.N2O.AG.MT.CE.AR5:LIC,2007-12-31,77.4106
WDI:EN.GHG.N2O.AG.MT.CE.AR5:LIC,2008-12-31,80.52809999999998
WDI:EN.GHG.N2O.AG.MT.CE.AR5:LIC,2009-12-31,82.39599999999999
WDI:EN.GHG.N2O.AG.MT.CE.AR5:LIC,2010-12-31,84.57400000000001
WDI:EN.GHG.N2O.AG.MT.CE.AR5:LIC,2011-12-31,85.81060000000001
WDI:EN.GHG.N2O.AG.MT.CE.AR5:LIC,2012-12-31,88.73019999999998
WDI:EN.GHG.N2O.AG.MT.CE.AR5:LIC,2013-12-31,90.4432
WDI:EN.GHG.N2O.AG.MT.CE.AR5:LIC,2014-12-31,92.5209
WDI:EN.GHG.N2O.AG.MT.CE.AR5:LIC,2015-12-31,94.2745
WDI:EN.GHG.N2O.AG.MT.CE.AR5:LIC,2016-12-31,97.5681
WDI:EN.GHG.N2O.AG.MT.CE.AR5:LIC,2017-12-31,99.62539999999998
WDI:EN.GHG.N2O.AG.MT.CE.AR5:LIC,2018-12-31,102.3238
WDI:EN.GHG.N2O.AG.MT.CE.AR5:LIC,2019-12-31,104.6283
WDI:EN.GHG.N2O.AG.MT.CE.AR5:LIC,2020-12-31,104.30460000000001
WDI:EN.GHG.N2O.AG.MT.CE.AR5:LIC,2021-12-31,107.1379
WDI:EN.GHG.N2O.AG.MT.CE.AR5:LIC,2022-12-31,109.97749999999999
WDI:EN.GHG.N2O.AG.MT.CE.AR5:LIC,2023-12-31,145.1312
WDI:EN.GHG.N2O.AG.MT.CE.AR5:LIC,2024-12-31,148.391
WDI:EN.GHG.N2O.AG.MT.CE.AR5:LKA,1970-12-31,0.7859
WDI:EN.GHG.N2O.AG.MT.CE.AR5:LKA,1971-12-31,0.7899
WDI:EN.GHG.N2O.AG.MT.CE.AR5:LKA,1972-12-31,0.7929
WDI:EN.GHG.N2O.AG.MT.CE.AR5:LKA,1973-12-31,0.799
WDI:EN.GHG.N2O.AG.MT.CE.AR5:LKA,1974-12-31,0.9364
WDI:EN.GHG.N2O.AG.MT.CE.AR5:LKA,1975-12-31,0.7583
WDI:EN.GHG.N2O.AG.MT.CE.AR5:LKA,1976-12-31,0.8499
WDI:EN.GHG.N2O.AG.MT.CE.AR5:LKA,1977-12-31,0.8996
WDI:EN.GHG.N2O.AG.MT.CE.AR5:LKA,1978-12-31,0.9484
WDI:EN.GHG.N2O.AG.MT.CE.AR5:LKA,1979-12-31,0.9504
WDI:EN.GHG.N2O.AG.MT.CE.AR5:LKA,1980-12-31,1.0353
WDI:EN.GHG.N2O.AG.MT.CE.AR5:LKA,1981-12-31,0.9758
WDI:EN.GHG.N2O.AG.MT.CE.AR5:LKA,1982-12-31,0.9889
WDI:EN.GHG.N2O.AG.MT.CE.AR5:LKA,1983-12-31,1.0154
WDI:EN.GHG.N2O.AG.MT.CE.AR5:LKA,1984-12-31,1.1065
WDI:EN.GHG.N2O.AG.MT.CE.AR5:LKA,1985-12-31,1.1469
WDI:EN.GHG.N2O.AG.MT.CE.AR5:LKA,1986-12-31,1.1371
WDI:EN.GHG.N2O.AG.MT.CE.AR5:LKA,1987-12-31,1.1722
WDI:EN.GHG.N2O.AG.MT.CE.AR5:LKA,1988-12-31,1.1711
WDI:EN.GHG.N2O.AG.MT.CE.AR5:LKA,1989-12-31,1.1853
WDI:EN.GHG.N2O.AG.MT.CE.AR5:LKA,1990-12-31,1.1011
WDI:EN.GHG.N2O.AG.MT.CE.AR5:LKA,1991-12-31,1.0523
WDI:EN.GHG.N2O.AG.MT.CE.AR5:LKA,1992-12-31,1.1169
WDI:EN.GHG.N2O.AG.MT.CE.AR5:LKA,1993-12-31,1.1878
WDI:EN.GHG.N2O.AG.MT.CE.AR5:LKA,1994-12-31,1.24
WDI:EN.GHG.N2O.AG.MT.CE.AR5:LKA,1995-12-31,1.1911
WDI:EN.GHG.N2O.AG.MT.CE.AR5:LKA,1996-12-31,1.1852
WDI:EN.GHG.N2O.AG.MT.CE.AR5:LKA,1997-12-31,1.1958
WDI:EN.GHG.N2O.AG.MT.CE.AR5:LKA,1998-12-31,1.1454
WDI:EN.GHG.N2O.AG.MT.CE.AR5:LKA,1999-12-31,1.2678
WDI:EN.GHG.N2O.AG.MT.CE.AR5:LKA,2000-12-31,1.2236
WDI:EN.GHG.N2O.AG.MT.CE.AR5:LKA,2001-12-31,1.2261
WDI:EN.GHG.N2O.AG.MT.CE.AR5:LKA,2002-12-31,1.2315
WDI:EN.GHG.N2O.AG.MT.CE.AR5:LKA,2003-12-31,1.1608
WDI:EN.GHG.N2O.AG.MT.CE.AR5:LKA,2004-12-31,1.1888
WDI:EN.GHG.N2O.AG.MT.CE.AR5:LKA,2005-12-31,1.1259
WDI:EN.GHG.N2O.AG.MT.CE.AR5:LKA,2006-12-31,1.1507
WDI:EN.GHG.N2O.AG.MT.CE.AR5:LKA,2007-12-31,1.1305
WDI:EN.GHG.N2O.AG.MT.CE.AR5:LKA,2008-12-31,1.2879
WDI:EN.GHG.N2O.AG.MT.CE.AR5:LKA,2009-12-31,1.3137
WDI:EN.GHG.N2O.AG.MT.CE.AR5:LKA,2010-12-31,1.3579
WDI:EN.GHG.N2O.AG.MT.CE.AR5:LKA,2011-12-31,1.3773
WDI:EN.GHG.N2O.AG.MT.CE.AR5:LKA,2012-12-31,1.3459
WDI:EN.GHG.N2O.AG.MT.CE.AR5:LKA,2013-12-31,1.3896
WDI:EN.GHG.N2O.AG.MT.CE.AR5:LKA,2014-12-31,1.4654
WDI:EN.GHG.N2O.AG.MT.CE.AR5:LKA,2015-12-31,1.7019
WDI:EN.GHG.N2O.AG.MT.CE.AR5:LKA,2016-12-31,1.168
WDI:EN.GHG.N2O.AG.MT.CE.AR5:LKA,2017-12-31,1.0269
WDI:EN.GHG.N2O.AG.MT.CE.AR5:LKA,2018-12-31,1.1532
WDI:EN.GHG.N2O.AG.MT.CE.AR5:LKA,2019-12-31,0.9551
WDI:EN.GHG.N2O.AG.MT.CE.AR5:LKA,2020-12-31,1.3441
WDI:EN.GHG.N2O.AG.MT.CE.AR5:LKA,2021-12-31,0.9282
WDI:EN.GHG.N2O.AG.MT.CE.AR5:LKA,2022-12-31,1.244
WDI:EN.GHG.N2O.AG.MT.CE.AR5:LKA,2023-12-31,1.2765
WDI:EN.GHG.N2O.AG.MT.CE.AR5:LKA,2024-12-31,1.3167
WDI:EN.GHG.N2O.AG.MT.CE.AR5:LMC,1970-12-31,133.12669999999997
WDI:EN.GHG.N2O.AG.MT.CE.AR5:LMC,1971-12-31,134.8403
WDI:EN.GHG.N2O.AG.MT.CE.AR5:LMC,1972-12-31,136.1314
WDI:EN.GHG.N2O.AG.MT.CE.AR5:LMC,1973-12-31,137.382
WDI:EN.GHG.N2O.AG.MT.CE.AR5:LMC,1974-12-31,140.105
WDI:EN.GHG.N2O.AG.MT.CE.AR5:LMC,1975-12-31,142.84349999999998
WDI:EN.GHG.N2O.AG.MT.CE.AR5:LMC,1976-12-31,148.01049999999998
WDI:EN.GHG.N2O.AG.MT.CE.AR5:LMC,1977-12-31,154.74950000000004
WDI:EN.GHG.N2O.AG.MT.CE.AR5:LMC,1978-12-31,159.92289999999997
WDI:EN.GHG.N2O.AG.MT.CE.AR5:LMC,1979-12-31,165.3952
WDI:EN.GHG.N2O.AG.MT.CE.AR5:LMC,1980-12-31,167.8984
WDI:EN.GHG.N2O.AG.MT.CE.AR5:LMC,1981-12-31,172.4411
WDI:EN.GHG.N2O.AG.MT.CE.AR5:LMC,1982-12-31,177.29699999999997
WDI:EN.GHG.N2O.AG.MT.CE.AR5:LMC,1983-12-31,185.27329999999998
WDI:EN.GHG.N2O.AG.MT.CE.AR5:LMC,1984-12-31,190.58910000000003
WDI:EN.GHG.N2O.AG.MT.CE.AR5:LMC,1985-12-31,197.7514
WDI:EN.GHG.N2O.AG.MT.CE.AR5:LMC,1986-12-31,208.4779999999999
WDI:EN.GHG.N2O.AG.MT.CE.AR5:LMC,1987-12-31,205.95690000000008
WDI:EN.GHG.N2O.AG.MT.CE.AR5:LMC,1988-12-31,218.17089999999996
WDI:EN.GHG.N2O.AG.MT.CE.AR5:LMC,1989-12-31,221.29120000000003
WDI:EN.GHG.N2O.AG.MT.CE.AR5:LMC,1990-12-31,224.7071
WDI:EN.GHG.N2O.AG.MT.CE.AR5:LMC,1991-12-31,229.21250000000003
WDI:EN.GHG.N2O.AG.MT.CE.AR5:LMC,1992-12-31,234.50589999999997
WDI:EN.GHG.N2O.AG.MT.CE.AR5:LMC,1993-12-31,238.64710000000002
WDI:EN.GHG.N2O.AG.MT.CE.AR5:LMC,1994-12-31,246.38330000000002
WDI:EN.GHG.N2O.AG.MT.CE.AR5:LMC,1995-12-31,253.23269999999997
WDI:EN.GHG.N2O.AG.MT.CE.AR5:LMC,1996-12-31,260.2759
WDI:EN.GHG.N2O.AG.MT.CE.AR5:LMC,1997-12-31,265.7294
WDI:EN.GHG.N2O.AG.MT.CE.AR5:LMC,1998-12-31,271.25910000000005
WDI:EN.GHG.N2O.AG.MT.CE.AR5:LMC,1999-12-31,279.35130000000004
WDI:EN.GHG.N2O.AG.MT.CE.AR5:LMC,2000-12-31,279.46369999999996
WDI:EN.GHG.N2O.AG.MT.CE.AR5:LMC,2001-12-31,283.30499999999995
WDI:EN.GHG.N2O.AG.MT.CE.AR5:LMC,2002-12-31,281.89830000000006
WDI:EN.GHG.N2O.AG.MT.CE.AR5:LMC,2003-12-31,291.6352000000001
WDI:EN.GHG.N2O.AG.MT.CE.AR5:LMC,2004-12-31,301.46060000000006
WDI:EN.GHG.N2O.AG.MT.CE.AR5:LMC,2005-12-31,310.6948
WDI:EN.GHG.N2O.AG.MT.CE.AR5:LMC,2006-12-31,319.4719999999999
WDI:EN.GHG.N2O.AG.MT.CE.AR5:LMC,2007-12-31,334.0116
WDI:EN.GHG.N2O.AG.MT.CE.AR5:LMC,2008-12-31,340.54849999999993
WDI:EN.GHG.N2O.AG.MT.CE.AR5:LMC,2009-12-31,348.8901000000001
WDI:EN.GHG.N2O.AG.MT.CE.AR5:LMC,2010-12-31,358.5320000000001
WDI:EN.GHG.N2O.AG.MT.CE.AR5:LMC,2011-12-31,368.1271000000001
WDI:EN.GHG.N2O.AG.MT.CE.AR5:LMC,2012-12-31,368.20259999999996
WDI:EN.GHG.N2O.AG.MT.CE.AR5:LMC,2013-12-31,376.8983999999998
WDI:EN.GHG.N2O.AG.MT.CE.AR5:LMC,2014-12-31,382.1578999999999
WDI:EN.GHG.N2O.AG.MT.CE.AR5:LMC,2015-12-31,386.48969999999997
WDI:EN.GHG.N2O.AG.MT.CE.AR5:LMC,2016-12-31,393.6998000000001
WDI:EN.GHG.N2O.AG.MT.CE.AR5:LMC,2017-12-31,398.80850000000004
WDI:EN.GHG.N2O.AG.MT.CE.AR5:LMC,2018-12-31,400.4602000000001
WDI:EN.GHG.N2O.AG.MT.CE.AR5:LMC,2019-12-31,411.1092000000001
WDI:EN.GHG.N2O.AG.MT.CE.AR5:LMC,2020-12-31,427.4037
WDI:EN.GHG.N2O.AG.MT.CE.AR5:LMC,2021-12-31,425.47350000000006
WDI:EN.GHG.N2O.AG.MT.CE.AR5:LMC,2022-12-31,430.244
WDI:EN.GHG.N2O.AG.MT.CE.AR5:LMC,2023-12-31,421.971
WDI:EN.GHG.N2O.AG.MT.CE.AR5:LMC,2024-12-31,429.5958
WDI:EN.GHG.N2O.AG.MT.CE.AR5:LMY,1970-12-31,452.4148999999999
WDI:EN.GHG.N2O.AG.MT.CE.AR5:LMY,1971-12-31,458.8216
WDI:EN.GHG.N2O.AG.MT.CE.AR5:LMY,1972-12-31,465.2342000000002
WDI:EN.GHG.N2O.AG.MT.CE.AR5:LMY,1973-12-31,470.96780000000007
WDI:EN.GHG.N2O.AG.MT.CE.AR5:LMY,1974-12-31,476.4741
WDI:EN.GHG.N2O.AG.MT.CE.AR5:LMY,1975-12-31,493.1477999999999
WDI:EN.GHG.N2O.AG.MT.CE.AR5:LMY,1976-12-31,515.9082999999999
WDI:EN.GHG.N2O.AG.MT.CE.AR5:LMY,1977-12-31,541.0981999999999
WDI:EN.GHG.N2O.AG.MT.CE.AR5:LMY,1978-12-31,558.6641999999999
WDI:EN.GHG.N2O.AG.MT.CE.AR5:LMY,1979-12-31,579.1197
WDI:EN.GHG.N2O.AG.MT.CE.AR5:LMY,1980-12-31,599.3615000000002
WDI:EN.GHG.N2O.AG.MT.CE.AR5:LMY,1981-12-31,607.6987000000001
WDI:EN.GHG.N2O.AG.MT.CE.AR5:LMY,1982-12-31,623.1056000000002
WDI:EN.GHG.N2O.AG.MT.CE.AR5:LMY,1983-12-31,644.7056000000001
WDI:EN.GHG.N2O.AG.MT.CE.AR5:LMY,1984-12-31,665.3247000000003
WDI:EN.GHG.N2O.AG.MT.CE.AR5:LMY,1985-12-31,667.8757000000003
WDI:EN.GHG.N2O.AG.MT.CE.AR5:LMY,1986-12-31,687.4316000000001
WDI:EN.GHG.N2O.AG.MT.CE.AR5:LMY,1987-12-31,711.0885999999999
WDI:EN.GHG.N2O.AG.MT.CE.AR5:LMY,1988-12-31,738.2962999999995
WDI:EN.GHG.N2O.AG.MT.CE.AR5:LMY,1989-12-31,754.4422000000001
WDI:EN.GHG.N2O.AG.MT.CE.AR5:LMY,1990-12-31,768.2932999999999
WDI:EN.GHG.N2O.AG.MT.CE.AR5:LMY,1991-12-31,776.2262999999999
WDI:EN.GHG.N2O.AG.MT.CE.AR5:LMY,1992-12-31,792.8460999999999
WDI:EN.GHG.N2O.AG.MT.CE.AR5:LMY,1993-12-31,791.1555999999998
WDI:EN.GHG.N2O.AG.MT.CE.AR5:LMY,1994-12-31,811.3057000000001
WDI:EN.GHG.N2O.AG.MT.CE.AR5:LMY,1995-12-31,849.7516999999998
WDI:EN.GHG.N2O.AG.MT.CE.AR5:LMY,1996-12-31,872.6608000000002
WDI:EN.GHG.N2O.AG.MT.CE.AR5:LMY,1997-12-31,854.9888
WDI:EN.GHG.N2O.AG.MT.CE.AR5:LMY,1998-12-31,869.6776000000001
WDI:EN.GHG.N2O.AG.MT.CE.AR5:LMY,1999-12-31,888.6323999999998
WDI:EN.GHG.N2O.AG.MT.CE.AR5:LMY,2000-12-31,888.4232999999999
WDI:EN.GHG.N2O.AG.MT.CE.AR5:LMY,2001-12-31,893.9955999999996
WDI:EN.GHG.N2O.AG.MT.CE.AR5:LMY,2002-12-31,918.5666999999999
WDI:EN.GHG.N2O.AG.MT.CE.AR5:LMY,2003-12-31,934.0688000000006
WDI:EN.GHG.N2O.AG.MT.CE.AR5:LMY,2004-12-31,966.2742
WDI:EN.GHG.N2O.AG.MT.CE.AR5:LMY,2005-12-31,980.6049999999997
WDI:EN.GHG.N2O.AG.MT.CE.AR5:LMY,2006-12-31,1008.8181000000003
WDI:EN.GHG.N2O.AG.MT.CE.AR5:LMY,2007-12-31,1023.7322000000001
WDI:EN.GHG.N2O.AG.MT.CE.AR5:LMY,2008-12-31,1029.927
WDI:EN.GHG.N2O.AG.MT.CE.AR5:LMY,2009-12-31,1062.9946
WDI:EN.GHG.N2O.AG.MT.CE.AR5:LMY,2010-12-31,1062.2056
WDI:EN.GHG.N2O.AG.MT.CE.AR5:LMY,2011-12-31,1096.2761
WDI:EN.GHG.N2O.AG.MT.CE.AR5:LMY,2012-12-31,1103.0482
WDI:EN.GHG.N2O.AG.MT.CE.AR5:LMY,2013-12-31,1124.8864000000005
WDI:EN.GHG.N2O.AG.MT.CE.AR5:LMY,2014-12-31,1113.9823000000001
WDI:EN.GHG.N2O.AG.MT.CE.AR5:LMY,2015-12-31,1127.2848000000001
WDI:EN.GHG.N2O.AG.MT.CE.AR5:LMY,2016-12-31,1137.7258000000002
WDI:EN.GHG.N2O.AG.MT.CE.AR5:LMY,2017-12-31,1134.5611000000006
WDI:EN.GHG.N2O.AG.MT.CE.AR5:LMY,2018-12-31,1140.1234
WDI:EN.GHG.N2O.AG.MT.CE.AR5:LMY,2019-12-31,1161.3384000000003
WDI:EN.GHG.N2O.AG.MT.CE.AR5:LMY,2020-12-31,1187.4473999999998
WDI:EN.GHG.N2O.AG.MT.CE.AR5:LMY,2021-12-31,1194.7942000000003
WDI:EN.GHG.N2O.AG.MT.CE.AR5:LMY,2022-12-31,1202.8907000000002
WDI:EN.GHG.N2O.AG.MT.CE.AR5:LMY,2023-12-31,1261.2198
WDI:EN.GHG.N2O.AG.MT.CE.AR5:LMY,2024-12-31,1273.393
WDI:EN.GHG.N2O.AG.MT.CE.AR5:LSO,1970-12-31,0.398
WDI:EN.GHG.N2O.AG.MT.CE.AR5:LSO,1971-12-31,0.3732
WDI:EN.GHG.N2O.AG.MT.CE.AR5:LSO,1972-12-31,0.3623
WDI:EN.GHG.N2O.AG.MT.CE.AR5:LSO,1973-12-31,0.3539
WDI:EN.GHG.N2O.AG.MT.CE.AR5:LSO,1974-12-31,0.3664
WDI:EN.GHG.N2O.AG.MT.CE.AR5:LSO,1975-12-31,0.3761
WDI:EN.GHG.N2O.AG.MT.CE.AR5:LSO,1976-12-31,0.3683
WDI:EN.GHG.N2O.AG.MT.CE.AR5:LSO,1977-12-31,0.3314
WDI:EN.GHG.N2O.AG.MT.CE.AR5:LSO,1978-12-31,0.3378
WDI:EN.GHG.N2O.AG.MT.CE.AR5:LSO,1979-12-31,0.354
WDI:EN.GHG.N2O.AG.MT.CE.AR5:LSO,1980-12-31,0.3817
WDI:EN.GHG.N2O.AG.MT.CE.AR5:LSO,1981-12-31,0.3812
WDI:EN.GHG.N2O.AG.MT.CE.AR5:LSO,1982-12-31,0.3896
WDI:EN.GHG.N2O.AG.MT.CE.AR5:LSO,1983-12-31,0.3734
WDI:EN.GHG.N2O.AG.MT.CE.AR5:LSO,1984-12-31,0.368
WDI:EN.GHG.N2O.AG.MT.CE.AR5:LSO,1985-12-31,0.3859
WDI:EN.GHG.N2O.AG.MT.CE.AR5:LSO,1986-12-31,0.39
WDI:EN.GHG.N2O.AG.MT.CE.AR5:LSO,1987-12-31,0.4555
WDI:EN.GHG.N2O.AG.MT.CE.AR5:LSO,1988-12-31,0.4552
WDI:EN.GHG.N2O.AG.MT.CE.AR5:LSO,1989-12-31,0.4253
WDI:EN.GHG.N2O.AG.MT.CE.AR5:LSO,1990-12-31,0.382
WDI:EN.GHG.N2O.AG.MT.CE.AR5:LSO,1991-12-31,0.3771
WDI:EN.GHG.N2O.AG.MT.CE.AR5:LSO,1992-12-31,0.4251
WDI:EN.GHG.N2O.AG.MT.CE.AR5:LSO,1993-12-31,0.4214
WDI:EN.GHG.N2O.AG.MT.CE.AR5:LSO,1994-12-31,0.4041
WDI:EN.GHG.N2O.AG.MT.CE.AR5:LSO,1995-12-31,0.386
WDI:EN.GHG.N2O.AG.MT.CE.AR5:LSO,1996-12-31,0.3613
WDI:EN.GHG.N2O.AG.MT.CE.AR5:LSO,1997-12-31,0.386
WDI:EN.GHG.N2O.AG.MT.CE.AR5:LSO,1998-12-31,0.3127
WDI:EN.GHG.N2O.AG.MT.CE.AR5:LSO,1999-12-31,0.4618
WDI:EN.GHG.N2O.AG.MT.CE.AR5:LSO,2000-12-31,0.4379
WDI:EN.GHG.N2O.AG.MT.CE.AR5:LSO,2001-12-31,0.443
WDI:EN.GHG.N2O.AG.MT.CE.AR5:LSO,2002-12-31,0.3964
WDI:EN.GHG.N2O.AG.MT.CE.AR5:LSO,2003-12-31,0.396
WDI:EN.GHG.N2O.AG.MT.CE.AR5:LSO,2004-12-31,0.3902
WDI:EN.GHG.N2O.AG.MT.CE.AR5:LSO,2005-12-31,0.4332
WDI:EN.GHG.N2O.AG.MT.CE.AR5:LSO,2006-12-31,0.4241
WDI:EN.GHG.N2O.AG.MT.CE.AR5:LSO,2007-12-31,0.4279
WDI:EN.GHG.N2O.AG.MT.CE.AR5:LSO,2008-12-31,0.404
WDI:EN.GHG.N2O.AG.MT.CE.AR5:LSO,2009-12-31,0.4032
WDI:EN.GHG.N2O.AG.MT.CE.AR5:LSO,2010-12-31,0.3993
WDI:EN.GHG.N2O.AG.MT.CE.AR5:LSO,2011-12-31,0.3989
WDI:EN.GHG.N2O.AG.MT.CE.AR5:LSO,2012-12-31,0.4033
WDI:EN.GHG.N2O.AG.MT.CE.AR5:LSO,2013-12-31,0.3719
WDI:EN.GHG.N2O.AG.MT.CE.AR5:LSO,2014-12-31,0.365
WDI:EN.GHG.N2O.AG.MT.CE.AR5:LSO,2015-12-31,0.3571
WDI:EN.GHG.N2O.AG.MT.CE.AR5:LSO,2016-12-31,0.3437
WDI:EN.GHG.N2O.AG.MT.CE.AR5:LSO,2017-12-31,0.3819
WDI:EN.GHG.N2O.AG.MT.CE.AR5:LSO,2018-12-31,0.344
WDI:EN.GHG.N2O.AG.MT.CE.AR5:LSO,2019-12-31,0.3002
WDI:EN.GHG.N2O.AG.MT.CE.AR5:LSO,2020-12-31,0.2302
WDI:EN.GHG.N2O.AG.MT.CE.AR5:LSO,2021-12-31,0.2583
WDI:EN.GHG.N2O.AG.MT.CE.AR5:LSO,2022-12-31,0.273
WDI:EN.GHG.N2O.AG.MT.CE.AR5:LSO,2023-12-31,0.3073
WDI:EN.GHG.N2O.AG.MT.CE.AR5:LSO,2024-12-31,0.299
WDI:EN.GHG.N2O.AG.MT.CE.AR5:LTE,1970-12-31,262.5354
WDI:EN.GHG.N2O.AG.MT.CE.AR5:LTE,1971-12-31,268.5083999999999
WDI:EN.GHG.N2O.AG.MT.CE.AR5:LTE,1972-12-31,273.64430000000004
WDI:EN.GHG.N2O.AG.MT.CE.AR5:LTE,1973-12-31,279.4277
WDI:EN.GHG.N2O.AG.MT.CE.AR5:LTE,1974-12-31,282.40979999999996
WDI:EN.GHG.N2O.AG.MT.CE.AR5:LTE,1975-12-31,293.26340000000005
WDI:EN.GHG.N2O.AG.MT.CE.AR5:LTE,1976-12-31,306.6995
WDI:EN.GHG.N2O.AG.MT.CE.AR5:LTE,1977-12-31,321.76699999999994
WDI:EN.GHG.N2O.AG.MT.CE.AR5:LTE,1978-12-31,335.26090000000005
WDI:EN.GHG.N2O.AG.MT.CE.AR5:LTE,1979-12-31,344.85589999999996
WDI:EN.GHG.N2O.AG.MT.CE.AR5:LTE,1980-12-31,359.18709999999993
WDI:EN.GHG.N2O.AG.MT.CE.AR5:LTE,1981-12-31,357.07049999999987
WDI:EN.GHG.N2O.AG.MT.CE.AR5:LTE,1982-12-31,365.7169
WDI:EN.GHG.N2O.AG.MT.CE.AR5:LTE,1983-12-31,379.14669999999995
WDI:EN.GHG.N2O.AG.MT.CE.AR5:LTE,1984-12-31,392.56470000000013
WDI:EN.GHG.N2O.AG.MT.CE.AR5:LTE,1985-12-31,391.3875999999998
WDI:EN.GHG.N2O.AG.MT.CE.AR5:LTE,1986-12-31,399.21029999999996
WDI:EN.GHG.N2O.AG.MT.CE.AR5:LTE,1987-12-31,422.9794999999999
WDI:EN.GHG.N2O.AG.MT.CE.AR5:LTE,1988-12-31,435.9903
WDI:EN.GHG.N2O.AG.MT.CE.AR5:LTE,1989-12-31,444.4038999999999
WDI:EN.GHG.N2O.AG.MT.CE.AR5:LTE,1990-12-31,447.7026
WDI:EN.GHG.N2O.AG.MT.CE.AR5:LTE,1991-12-31,447.4298999999999
WDI:EN.GHG.N2O.AG.MT.CE.AR5:LTE,1992-12-31,449.5405000000001
WDI:EN.GHG.N2O.AG.MT.CE.AR5:LTE,1993-12-31,440.395
WDI:EN.GHG.N2O.AG.MT.CE.AR5:LTE,1994-12-31,449.3792000000001
WDI:EN.GHG.N2O.AG.MT.CE.AR5:LTE,1995-12-31,474.42550000000006
WDI:EN.GHG.N2O.AG.MT.CE.AR5:LTE,1996-12-31,485.08200000000005
WDI:EN.GHG.N2O.AG.MT.CE.AR5:LTE,1997-12-31,458.70759999999996
WDI:EN.GHG.N2O.AG.MT.CE.AR5:LTE,1998-12-31,461.20020000000005
WDI:EN.GHG.N2O.AG.MT.CE.AR5:LTE,1999-12-31,472.23890000000006
WDI:EN.GHG.N2O.AG.MT.CE.AR5:LTE,2000-12-31,471.4257
WDI:EN.GHG.N2O.AG.MT.CE.AR5:LTE,2001-12-31,471.80269999999985
WDI:EN.GHG.N2O.AG.MT.CE.AR5:LTE,2002-12-31,492.9715
WDI:EN.GHG.N2O.AG.MT.CE.AR5:LTE,2003-12-31,495.1468999999999
WDI:EN.GHG.N2O.AG.MT.CE.AR5:LTE,2004-12-31,513.3008
WDI:EN.GHG.N2O.AG.MT.CE.AR5:LTE,2005-12-31,513.3250000000002
WDI:EN.GHG.N2O.AG.MT.CE.AR5:LTE,2006-12-31,528.5019999999998
WDI:EN.GHG.N2O.AG.MT.CE.AR5:LTE,2007-12-31,525.688
WDI:EN.GHG.N2O.AG.MT.CE.AR5:LTE,2008-12-31,521.3796
WDI:EN.GHG.N2O.AG.MT.CE.AR5:LTE,2009-12-31,542.1842999999998
WDI:EN.GHG.N2O.AG.MT.CE.AR5:LTE,2010-12-31,526.5758999999999
WDI:EN.GHG.N2O.AG.MT.CE.AR5:LTE,2011-12-31,548.6036000000001
WDI:EN.GHG.N2O.AG.MT.CE.AR5:LTE,2012-12-31,549.1121000000002
WDI:EN.GHG.N2O.AG.MT.CE.AR5:LTE,2013-12-31,557.2381
WDI:EN.GHG.N2O.AG.MT.CE.AR5:LTE,2014-12-31,536.8358999999998
WDI:EN.GHG.N2O.AG.MT.CE.AR5:LTE,2015-12-31,550.188
WDI:EN.GHG.N2O.AG.MT.CE.AR5:LTE,2016-12-31,543.5457
WDI:EN.GHG.N2O.AG.MT.CE.AR5:LTE,2017-12-31,527.1353999999999
WDI:EN.GHG.N2O.AG.MT.CE.AR5:LTE,2018-12-31,528.5771999999998
WDI:EN.GHG.N2O.AG.MT.CE.AR5:LTE,2019-12-31,535.5815000000001
WDI:EN.GHG.N2O.AG.MT.CE.AR5:LTE,2020-12-31,543.2177999999999
WDI:EN.GHG.N2O.AG.MT.CE.AR5:LTE,2021-12-31,546.6693
WDI:EN.GHG.N2O.AG.MT.CE.AR5:LTE,2022-12-31,562.9485
WDI:EN.GHG.N2O.AG.MT.CE.AR5:LTE,2023-12-31,572.8419
WDI:EN.GHG.N2O.AG.MT.CE.AR5:LTE,2024-12-31,575.1671
WDI:EN.GHG.N2O.AG.MT.CE.AR5:LTU,1970-12-31,3.3711
WDI:EN.GHG.N2O.AG.MT.CE.AR5:LTU,1971-12-31,3.4349
WDI:EN.GHG.N2O.AG.MT.CE.AR5:LTU,1972-12-31,3.4748
WDI:EN.GHG.N2O.AG.MT.CE.AR5:LTU,1973-12-31,3.512
WDI:EN.GHG.N2O.AG.MT.CE.AR5:LTU,1974-12-31,3.5433
WDI:EN.GHG.N2O.AG.MT.CE.AR5:LTU,1975-12-31,3.5575
WDI:EN.GHG.N2O.AG.MT.CE.AR5:LTU,1976-12-31,3.5789
WDI:EN.GHG.N2O.AG.MT.CE.AR5:LTU,1977-12-31,3.5772
WDI:EN.GHG.N2O.AG.MT.CE.AR5:LTU,1978-12-31,3.6436
WDI:EN.GHG.N2O.AG.MT.CE.AR5:LTU,1979-12-31,3.6488
WDI:EN.GHG.N2O.AG.MT.CE.AR5:LTU,1980-12-31,3.6624
WDI:EN.GHG.N2O.AG.MT.CE.AR5:LTU,1981-12-31,3.6512
WDI:EN.GHG.N2O.AG.MT.CE.AR5:LTU,1982-12-31,3.6752
WDI:EN.GHG.N2O.AG.MT.CE.AR5:LTU,1983-12-31,3.7062
WDI:EN.GHG.N2O.AG.MT.CE.AR5:LTU,1984-12-31,3.7249
WDI:EN.GHG.N2O.AG.MT.CE.AR5:LTU,1985-12-31,3.7409
WDI:EN.GHG.N2O.AG.MT.CE.AR5:LTU,1986-12-31,3.7506
WDI:EN.GHG.N2O.AG.MT.CE.AR5:LTU,1987-12-31,3.7683
WDI:EN.GHG.N2O.AG.MT.CE.AR5:LTU,1988-12-31,3.7203
WDI:EN.GHG.N2O.AG.MT.CE.AR5:LTU,1989-12-31,3.7451
WDI:EN.GHG.N2O.AG.MT.CE.AR5:LTU,1990-12-31,3.7497
WDI:EN.GHG.N2O.AG.MT.CE.AR5:LTU,1991-12-31,3.6795
WDI:EN.GHG.N2O.AG.MT.CE.AR5:LTU,1992-12-31,3.5681
WDI:EN.GHG.N2O.AG.MT.CE.AR5:LTU,1993-12-31,3.2424
WDI:EN.GHG.N2O.AG.MT.CE.AR5:LTU,1994-12-31,3.0339
WDI:EN.GHG.N2O.AG.MT.CE.AR5:LTU,1995-12-31,2.9144
WDI:EN.GHG.N2O.AG.MT.CE.AR5:LTU,1996-12-31,2.8996
WDI:EN.GHG.N2O.AG.MT.CE.AR5:LTU,1997-12-31,2.9048
WDI:EN.GHG.N2O.AG.MT.CE.AR5:LTU,1998-12-31,2.8636
WDI:EN.GHG.N2O.AG.MT.CE.AR5:LTU,1999-12-31,2.7612
WDI:EN.GHG.N2O.AG.MT.CE.AR5:LTU,2000-12-31,2.7219
WDI:EN.GHG.N2O.AG.MT.CE.AR5:LTU,2001-12-31,2.6235
WDI:EN.GHG.N2O.AG.MT.CE.AR5:LTU,2002-12-31,2.6502
WDI:EN.GHG.N2O.AG.MT.CE.AR5:LTU,2003-12-31,2.6639
WDI:EN.GHG.N2O.AG.MT.CE.AR5:LTU,2004-12-31,2.6829
WDI:EN.GHG.N2O.AG.MT.CE.AR5:LTU,2005-12-31,2.674
WDI:EN.GHG.N2O.AG.MT.CE.AR5:LTU,2006-12-31,2.6328
WDI:EN.GHG.N2O.AG.MT.CE.AR5:LTU,2007-12-31,2.6939
WDI:EN.GHG.N2O.AG.MT.CE.AR5:LTU,2008-12-31,3.2604
WDI:EN.GHG.N2O.AG.MT.CE.AR5:LTU,2009-12-31,3.3397
WDI:EN.GHG.N2O.AG.MT.CE.AR5:LTU,2010-12-31,3.3198
WDI:EN.GHG.N2O.AG.MT.CE.AR5:LTU,2011-12-31,3.3568
WDI:EN.GHG.N2O.AG.MT.CE.AR5:LTU,2012-12-31,3.4159
WDI:EN.GHG.N2O.AG.MT.CE.AR5:LTU,2013-12-31,3.4158
WDI:EN.GHG.N2O.AG.MT.CE.AR5:LTU,2014-12-31,3.4835
WDI:EN.GHG.N2O.AG.MT.CE.AR5:LTU,2015-12-31,3.569
WDI:EN.GHG.N2O.AG.MT.CE.AR5:LTU,2016-12-31,3.5192
WDI:EN.GHG.N2O.AG.MT.CE.AR5:LTU,2017-12-31,3.517
WDI:EN.GHG.N2O.AG.MT.CE.AR5:LTU,2018-12-31,3.4304
WDI:EN.GHG.N2O.AG.MT.CE.AR5:LTU,2019-12-31,3.4693
WDI:EN.GHG.N2O.AG.MT.CE.AR5:LTU,2020-12-31,3.6456
WDI:EN.GHG.N2O.AG.MT.CE.AR5:LTU,2021-12-31,3.4649
WDI:EN.GHG.N2O.AG.MT.CE.AR5:LTU,2022-12-31,3.2187
WDI:EN.GHG.N2O.AG.MT.CE.AR5:LTU,2023-12-31,3.1597
WDI:EN.GHG.N2O.AG.MT.CE.AR5:LTU,2024-12-31,3.1313
WDI:EN.GHG.N2O.AG.MT.CE.AR5:LUX,1970-12-31,0.1434
WDI:EN.GHG.N2O.AG.MT.CE.AR5:LUX,1971-12-31,0.1437
WDI:EN.GHG.N2O.AG.MT.CE.AR5:LUX,1972-12-31,0.1407
WDI:EN.GHG.N2O.AG.MT.CE.AR5:LUX,1973-12-31,0.1459
WDI:EN.GHG.N2O.AG.MT.CE.AR5:LUX,1974-12-31,0.15
WDI:EN.GHG.N2O.AG.MT.CE.AR5:LUX,1975-12-31,0.1472
WDI:EN.GHG.N2O.AG.MT.CE.AR5:LUX,1976-12-31,0.1454
WDI:EN.GHG.N2O.AG.MT.CE.AR5:LUX,1977-12-31,0.1458
WDI:EN.GHG.N2O.AG.MT.CE.AR5:LUX,1978-12-31,0.147
WDI:EN.GHG.N2O.AG.MT.CE.AR5:LUX,1979-12-31,0.149
WDI:EN.GHG.N2O.AG.MT.CE.AR5:LUX,1980-12-31,0.1492
WDI:EN.GHG.N2O.AG.MT.CE.AR5:LUX,1981-12-31,0.1488
WDI:EN.GHG.N2O.AG.MT.CE.AR5:LUX,1982-12-31,0.1486
WDI:EN.GHG.N2O.AG.MT.CE.AR5:LUX,1983-12-31,0.1491
WDI:EN.GHG.N2O.AG.MT.CE.AR5:LUX,1984-12-31,0.154
WDI:EN.GHG.N2O.AG.MT.CE.AR5:LUX,1985-12-31,0.1523
WDI:EN.GHG.N2O.AG.MT.CE.AR5:LUX,1986-12-31,0.1513
WDI:EN.GHG.N2O.AG.MT.CE.AR5:LUX,1987-12-31,0.1507
WDI:EN.GHG.N2O.AG.MT.CE.AR5:LUX,1988-12-31,0.15
WDI:EN.GHG.N2O.AG.MT.CE.AR5:LUX,1989-12-31,0.1497
WDI:EN.GHG.N2O.AG.MT.CE.AR5:LUX,1990-12-31,0.1508
WDI:EN.GHG.N2O.AG.MT.CE.AR5:LUX,1991-12-31,0.1513
WDI:EN.GHG.N2O.AG.MT.CE.AR5:LUX,1992-12-31,0.1475
WDI:EN.GHG.N2O.AG.MT.CE.AR5:LUX,1993-12-31,0.1447
WDI:EN.GHG.N2O.AG.MT.CE.AR5:LUX,1994-12-31,0.1434
WDI:EN.GHG.N2O.AG.MT.CE.AR5:LUX,1995-12-31,0.1449
WDI:EN.GHG.N2O.AG.MT.CE.AR5:LUX,1996-12-31,0.1442
WDI:EN.GHG.N2O.AG.MT.CE.AR5:LUX,1997-12-31,0.1407
WDI:EN.GHG.N2O.AG.MT.CE.AR5:LUX,1998-12-31,0.1377
WDI:EN.GHG.N2O.AG.MT.CE.AR5:LUX,1999-12-31,0.1432
WDI:EN.GHG.N2O.AG.MT.CE.AR5:LUX,2000-12-31,0.1379
WDI:EN.GHG.N2O.AG.MT.CE.AR5:LUX,2001-12-31,0.1364
WDI:EN.GHG.N2O.AG.MT.CE.AR5:LUX,2002-12-31,0.1324
WDI:EN.GHG.N2O.AG.MT.CE.AR5:LUX,2003-12-31,0.1275
WDI:EN.GHG.N2O.AG.MT.CE.AR5:LUX,2004-12-31,0.1254
WDI:EN.GHG.N2O.AG.MT.CE.AR5:LUX,2005-12-31,0.1237
WDI:EN.GHG.N2O.AG.MT.CE.AR5:LUX,2006-12-31,0.1217
WDI:EN.GHG.N2O.AG.MT.CE.AR5:LUX,2007-12-31,0.1253
WDI:EN.GHG.N2O.AG.MT.CE.AR5:LUX,2008-12-31,0.129
WDI:EN.GHG.N2O.AG.MT.CE.AR5:LUX,2009-12-31,0.1294
WDI:EN.GHG.N2O.AG.MT.CE.AR5:LUX,2010-12-31,0.1303
WDI:EN.GHG.N2O.AG.MT.CE.AR5:LUX,2011-12-31,0.1269
WDI:EN.GHG.N2O.AG.MT.CE.AR5:LUX,2012-12-31,0.1248
WDI:EN.GHG.N2O.AG.MT.CE.AR5:LUX,2013-12-31,0.1293
WDI:EN.GHG.N2O.AG.MT.CE.AR5:LUX,2014-12-31,0.1311
WDI:EN.GHG.N2O.AG.MT.CE.AR5:LUX,2015-12-31,0.1339
WDI:EN.GHG.N2O.AG.MT.CE.AR5:LUX,2016-12-31,0.1345
WDI:EN.GHG.N2O.AG.MT.CE.AR5:LUX,2017-12-31,0.1367
WDI:EN.GHG.N2O.AG.MT.CE.AR5:LUX,2018-12-31,0.1323
WDI:EN.GHG.N2O.AG.MT.CE.AR5:LUX,2019-12-31,0.1323
WDI:EN.GHG.N2O.AG.MT.CE.AR5:LUX,2020-12-31,0.1309
WDI:EN.GHG.N2O.AG.MT.CE.AR5:LUX,2021-12-31,0.1293
WDI:EN.GHG.N2O.AG.MT.CE.AR5:LUX,2022-12-31,0.1291
WDI:EN.GHG.N2O.AG.MT.CE.AR5:LUX,2023-12-31,0.1272
WDI:EN.GHG.N2O.AG.MT.CE.AR5:LUX,2024-12-31,0.1266
WDI:EN.GHG.N2O.AG.MT.CE.AR5:LVA,1970-12-31,1.9046
WDI:EN.GHG.N2O.AG.MT.CE.AR5:LVA,1971-12-31,1.9458
WDI:EN.GHG.N2O.AG.MT.CE.AR5:LVA,1972-12-31,1.9724
WDI:EN.GHG.N2O.AG.MT.CE.AR5:LVA,1973-12-31,1.996
WDI:EN.GHG.N2O.AG.MT.CE.AR5:LVA,1974-12-31,2.0278
WDI:EN.GHG.N2O.AG.MT.CE.AR5:LVA,1975-12-31,2.0413
WDI:EN.GHG.N2O.AG.MT.CE.AR5:LVA,1976-12-31,2.0755
WDI:EN.GHG.N2O.AG.MT.CE.AR5:LVA,1977-12-31,2.0864
WDI:EN.GHG.N2O.AG.MT.CE.AR5:LVA,1978-12-31,2.1299
WDI:EN.GHG.N2O.AG.MT.CE.AR5:LVA,1979-12-31,2.1322
WDI:EN.GHG.N2O.AG.MT.CE.AR5:LVA,1980-12-31,2.1329
WDI:EN.GHG.N2O.AG.MT.CE.AR5:LVA,1981-12-31,2.1297
WDI:EN.GHG.N2O.AG.MT.CE.AR5:LVA,1982-12-31,2.1453
WDI:EN.GHG.N2O.AG.MT.CE.AR5:LVA,1983-12-31,2.1833
WDI:EN.GHG.N2O.AG.MT.CE.AR5:LVA,1984-12-31,2.1981
WDI:EN.GHG.N2O.AG.MT.CE.AR5:LVA,1985-12-31,2.2215
WDI:EN.GHG.N2O.AG.MT.CE.AR5:LVA,1986-12-31,2.2378
WDI:EN.GHG.N2O.AG.MT.CE.AR5:LVA,1987-12-31,2.2447
WDI:EN.GHG.N2O.AG.MT.CE.AR5:LVA,1988-12-31,2.2001
WDI:EN.GHG.N2O.AG.MT.CE.AR5:LVA,1989-12-31,2.1815
WDI:EN.GHG.N2O.AG.MT.CE.AR5:LVA,1990-12-31,2.1763
WDI:EN.GHG.N2O.AG.MT.CE.AR5:LVA,1991-12-31,2.1349
WDI:EN.GHG.N2O.AG.MT.CE.AR5:LVA,1992-12-31,2.059
WDI:EN.GHG.N2O.AG.MT.CE.AR5:LVA,1993-12-31,1.8665
WDI:EN.GHG.N2O.AG.MT.CE.AR5:LVA,1994-12-31,1.5154
WDI:EN.GHG.N2O.AG.MT.CE.AR5:LVA,1995-12-31,1.4437
WDI:EN.GHG.N2O.AG.MT.CE.AR5:LVA,1996-12-31,1.4411
WDI:EN.GHG.N2O.AG.MT.CE.AR5:LVA,1997-12-31,1.4385
WDI:EN.GHG.N2O.AG.MT.CE.AR5:LVA,1998-12-31,1.4162
WDI:EN.GHG.N2O.AG.MT.CE.AR5:LVA,1999-12-31,1.4608
WDI:EN.GHG.N2O.AG.MT.CE.AR5:LVA,2000-12-31,1.4367
WDI:EN.GHG.N2O.AG.MT.CE.AR5:LVA,2001-12-31,1.4929
WDI:EN.GHG.N2O.AG.MT.CE.AR5:LVA,2002-12-31,1.4997
WDI:EN.GHG.N2O.AG.MT.CE.AR5:LVA,2003-12-31,1.5042
WDI:EN.GHG.N2O.AG.MT.CE.AR5:LVA,2004-12-31,1.514
WDI:EN.GHG.N2O.AG.MT.CE.AR5:LVA,2005-12-31,1.5359
WDI:EN.GHG.N2O.AG.MT.CE.AR5:LVA,2006-12-31,1.5668
WDI:EN.GHG.N2O.AG.MT.CE.AR5:LVA,2007-12-31,1.6374
WDI:EN.GHG.N2O.AG.MT.CE.AR5:LVA,2008-12-31,1.6509
WDI:EN.GHG.N2O.AG.MT.CE.AR5:LVA,2009-12-31,1.5949
WDI:EN.GHG.N2O.AG.MT.CE.AR5:LVA,2010-12-31,1.573
WDI:EN.GHG.N2O.AG.MT.CE.AR5:LVA,2011-12-31,1.6199
WDI:EN.GHG.N2O.AG.MT.CE.AR5:LVA,2012-12-31,1.7076
WDI:EN.GHG.N2O.AG.MT.CE.AR5:LVA,2013-12-31,1.7034
WDI:EN.GHG.N2O.AG.MT.CE.AR5:LVA,2014-12-31,1.7115
WDI:EN.GHG.N2O.AG.MT.CE.AR5:LVA,2015-12-31,1.8962
WDI:EN.GHG.N2O.AG.MT.CE.AR5:LVA,2016-12-31,2.0466
WDI:EN.GHG.N2O.AG.MT.CE.AR5:LVA,2017-12-31,1.9689
WDI:EN.GHG.N2O.AG.MT.CE.AR5:LVA,2018-12-31,1.9199
WDI:EN.GHG.N2O.AG.MT.CE.AR5:LVA,2019-12-31,2.0153
WDI:EN.GHG.N2O.AG.MT.CE.AR5:LVA,2020-12-31,2.0939
WDI:EN.GHG.N2O.AG.MT.CE.AR5:LVA,2021-12-31,2.0742
WDI:EN.GHG.N2O.AG.MT.CE.AR5:LVA,2022-12-31,2.0641
WDI:EN.GHG.N2O.AG.MT.CE.AR5:LVA,2023-12-31,2.0463
WDI:EN.GHG.N2O.AG.MT.CE.AR5:LVA,2024-12-31,2.0952
WDI:EN.GHG.N2O.AG.MT.CE.AR5:MAC,1970-12-31,0.0006
WDI:EN.GHG.N2O.AG.MT.CE.AR5:MAC,1971-12-31,0.0006
WDI:EN.GHG.N2O.AG.MT.CE.AR5:MAC,1972-12-31,0.0007
WDI:EN.GHG.N2O.AG.MT.CE.AR5:MAC,1973-12-31,0.0007
WDI:EN.GHG.N2O.AG.MT.CE.AR5:MAC,1974-12-31,0.0007
WDI:EN.GHG.N2O.AG.MT.CE.AR5:MAC,1975-12-31,0.0007
WDI:EN.GHG.N2O.AG.MT.CE.AR5:MAC,1976-12-31,0.0007
WDI:EN.GHG.N2O.AG.MT.CE.AR5:MAC,1977-12-31,0.0007
WDI:EN.GHG.N2O.AG.MT.CE.AR5:MAC,1978-12-31,0.0007
WDI:EN.GHG.N2O.AG.MT.CE.AR5:MAC,1979-12-31,0.0009
WDI:EN.GHG.N2O.AG.MT.CE.AR5:MAC,1980-12-31,0.0009
WDI:EN.GHG.N2O.AG.MT.CE.AR5:MAC,1981-12-31,0.0009
WDI:EN.GHG.N2O.AG.MT.CE.AR5:MAC,1982-12-31,0.0009
WDI:EN.GHG.N2O.AG.MT.CE.AR5:MAC,1983-12-31,0.0008
WDI:EN.GHG.N2O.AG.MT.CE.AR5:MAC,1984-12-31,0.0008
WDI:EN.GHG.N2O.AG.MT.CE.AR5:MAC,1985-12-31,0.0008
WDI:EN.GHG.N2O.AG.MT.CE.AR5:MAC,1986-12-31,0.0009
WDI:EN.GHG.N2O.AG.MT.CE.AR5:MAC,1987-12-31,0.0009
WDI:EN.GHG.N2O.AG.MT.CE.AR5:MAC,1988-12-31,0.0009
WDI:EN.GHG.N2O.AG.MT.CE.AR5:MAC,1989-12-31,0.0009
WDI:EN.GHG.N2O.AG.MT.CE.AR5:MAC,1990-12-31,0.0009
WDI:EN.GHG.N2O.AG.MT.CE.AR5:MAC,1991-12-31,0.0009
WDI:EN.GHG.N2O.AG.MT.CE.AR5:MAC,1992-12-31,0.0009
WDI:EN.GHG.N2O.AG.MT.CE.AR5:MAC,1993-12-31,0.0009
WDI:EN.GHG.N2O.AG.MT.CE.AR5:MAC,1994-12-31,0.0009
WDI:EN.GHG.N2O.AG.MT.CE.AR5:MAC,1995-12-31,0.0009
WDI:EN.GHG.N2O.AG.MT.CE.AR5:MAC,1996-12-31,0.0008
WDI:EN.GHG.N2O.AG.MT.CE.AR5:MAC,1997-12-31,0.0009
WDI:EN.GHG.N2O.AG.MT.CE.AR5:MAC,1998-12-31,0.001
WDI:EN.GHG.N2O.AG.MT.CE.AR5:MAC,1999-12-31,0.0012
WDI:EN.GHG.N2O.AG.MT.CE.AR5:MAC,2000-12-31,0.0011
WDI:EN.GHG.N2O.AG.MT.CE.AR5:MAC,2001-12-31,0.0012
WDI:EN.GHG.N2O.AG.MT.CE.AR5:MAC,2002-12-31,0.0012
WDI:EN.GHG.N2O.AG.MT.CE.AR5:MAC,2003-12-31,0.0014
WDI:EN.GHG.N2O.AG.MT.CE.AR5:MAC,2004-12-31,0.0012
WDI:EN.GHG.N2O.AG.MT.CE.AR5:MAC,2005-12-31,0.0014
WDI:EN.GHG.N2O.AG.MT.CE.AR5:MAC,2006-12-31,0.0014
WDI:EN.GHG.N2O.AG.MT.CE.AR5:MAC,2007-12-31,0.0015
WDI:EN.GHG.N2O.AG.MT.CE.AR5:MAC,2008-12-31,0.0013
WDI:EN.GHG.N2O.AG.MT.CE.AR5:MAC,2009-12-31,0.0013
WDI:EN.GHG.N2O.AG.MT.CE.AR5:MAC,2010-12-31,0.0013
WDI:EN.GHG.N2O.AG.MT.CE.AR5:MAC,2011-12-31,0.0013
WDI:EN.GHG.N2O.AG.MT.CE.AR5:MAC,2012-12-31,0.0014
WDI:EN.GHG.N2O.AG.MT.CE.AR5:MAC,2013-12-31,0.0014
WDI:EN.GHG.N2O.AG.MT.CE.AR5:MAC,2014-12-31,0.0014
WDI:EN.GHG.N2O.AG.MT.CE.AR5:MAC,2015-12-31,0.0014
WDI:EN.GHG.N2O.AG.MT.CE.AR5:MAC,2016-12-31,0.0014
WDI:EN.GHG.N2O.AG.MT.CE.AR5:MAC,2017-12-31,0.0015
WDI:EN.GHG.N2O.AG.MT.CE.AR5:MAC,2018-12-31,0.0015
WDI:EN.GHG.N2O.AG.MT.CE.AR5:MAC,2019-12-31,0.0015
WDI:EN.GHG.N2O.AG.MT.CE.AR5:MAC,2020-12-31,0.0015
WDI:EN.GHG.N2O.AG.MT.CE.AR5:MAC,2021-12-31,0.0015
WDI:EN.GHG.N2O.AG.MT.CE.AR5:MAC,2022-12-31,0.0015
WDI:EN.GHG.N2O.AG.MT.CE.AR5:MAC,2023-12-31,0.0015
WDI:EN.GHG.N2O.AG.MT.CE.AR5:MAC,2024-12-31,0.0016
WDI:EN.GHG.N2O.AG.MT.CE.AR5:MAR,1970-12-31,3.3027
WDI:EN.GHG.N2O.AG.MT.CE.AR5:MAR,1971-12-31,3.3808
WDI:EN.GHG.N2O.AG.MT.CE.AR5:MAR,1972-12-31,3.2647
WDI:EN.GHG.N2O.AG.MT.CE.AR5:MAR,1973-12-31,3.1694
WDI:EN.GHG.N2O.AG.MT.CE.AR5:MAR,1974-12-31,3.0669
WDI:EN.GHG.N2O.AG.MT.CE.AR5:MAR,1975-12-31,3.0956
WDI:EN.GHG.N2O.AG.MT.CE.AR5:MAR,1976-12-31,3.16
WDI:EN.GHG.N2O.AG.MT.CE.AR5:MAR,1977-12-31,3.0244
WDI:EN.GHG.N2O.AG.MT.CE.AR5:MAR,1978-12-31,3.1945
WDI:EN.GHG.N2O.AG.MT.CE.AR5:MAR,1979-12-31,3.1911
WDI:EN.GHG.N2O.AG.MT.CE.AR5:MAR,1980-12-31,3.4112
WDI:EN.GHG.N2O.AG.MT.CE.AR5:MAR,1981-12-31,3.1079
WDI:EN.GHG.N2O.AG.MT.CE.AR5:MAR,1982-12-31,2.5476
WDI:EN.GHG.N2O.AG.MT.CE.AR5:MAR,1983-12-31,2.7784
WDI:EN.GHG.N2O.AG.MT.CE.AR5:MAR,1984-12-31,2.6252
WDI:EN.GHG.N2O.AG.MT.CE.AR5:MAR,1985-12-31,2.9405
WDI:EN.GHG.N2O.AG.MT.CE.AR5:MAR,1986-12-31,3.327
WDI:EN.GHG.N2O.AG.MT.CE.AR5:MAR,1987-12-31,3.53
WDI:EN.GHG.N2O.AG.MT.CE.AR5:MAR,1988-12-31,3.5014
WDI:EN.GHG.N2O.AG.MT.CE.AR5:MAR,1989-12-31,3.57
WDI:EN.GHG.N2O.AG.MT.CE.AR5:MAR,1990-12-31,3.6722
WDI:EN.GHG.N2O.AG.MT.CE.AR5:MAR,1991-12-31,3.4439
WDI:EN.GHG.N2O.AG.MT.CE.AR5:MAR,1992-12-31,3.234
WDI:EN.GHG.N2O.AG.MT.CE.AR5:MAR,1993-12-31,3.0764
WDI:EN.GHG.N2O.AG.MT.CE.AR5:MAR,1994-12-31,3.0772
WDI:EN.GHG.N2O.AG.MT.CE.AR5:MAR,1995-12-31,3.051
WDI:EN.GHG.N2O.AG.MT.CE.AR5:MAR,1996-12-31,3.1584
WDI:EN.GHG.N2O.AG.MT.CE.AR5:MAR,1997-12-31,3.4675
WDI:EN.GHG.N2O.AG.MT.CE.AR5:MAR,1998-12-31,3.5074
WDI:EN.GHG.N2O.AG.MT.CE.AR5:MAR,1999-12-31,3.6928
WDI:EN.GHG.N2O.AG.MT.CE.AR5:MAR,2000-12-31,3.8138
WDI:EN.GHG.N2O.AG.MT.CE.AR5:MAR,2001-12-31,3.8496
WDI:EN.GHG.N2O.AG.MT.CE.AR5:MAR,2002-12-31,3.842
WDI:EN.GHG.N2O.AG.MT.CE.AR5:MAR,2003-12-31,4.015
WDI:EN.GHG.N2O.AG.MT.CE.AR5:MAR,2004-12-31,4.0763
WDI:EN.GHG.N2O.AG.MT.CE.AR5:MAR,2005-12-31,3.9858
WDI:EN.GHG.N2O.AG.MT.CE.AR5:MAR,2006-12-31,4.0872
WDI:EN.GHG.N2O.AG.MT.CE.AR5:MAR,2007-12-31,3.9693
WDI:EN.GHG.N2O.AG.MT.CE.AR5:MAR,2008-12-31,3.8718
WDI:EN.GHG.N2O.AG.MT.CE.AR5:MAR,2009-12-31,3.9572
WDI:EN.GHG.N2O.AG.MT.CE.AR5:MAR,2010-12-31,4.0504
WDI:EN.GHG.N2O.AG.MT.CE.AR5:MAR,2011-12-31,4.1988
WDI:EN.GHG.N2O.AG.MT.CE.AR5:MAR,2012-12-31,4.2081
WDI:EN.GHG.N2O.AG.MT.CE.AR5:MAR,2013-12-31,4.4179
WDI:EN.GHG.N2O.AG.MT.CE.AR5:MAR,2014-12-31,4.4299
WDI:EN.GHG.N2O.AG.MT.CE.AR5:MAR,2015-12-31,4.375
WDI:EN.GHG.N2O.AG.MT.CE.AR5:MAR,2016-12-31,4.2636
WDI:EN.GHG.N2O.AG.MT.CE.AR5:MAR,2017-12-31,4.6745
WDI:EN.GHG.N2O.AG.MT.CE.AR5:MAR,2018-12-31,4.5576
WDI:EN.GHG.N2O.AG.MT.CE.AR5:MAR,2019-12-31,4.4224
WDI:EN.GHG.N2O.AG.MT.CE.AR5:MAR,2020-12-31,4.4616
WDI:EN.GHG.N2O.AG.MT.CE.AR5:MAR,2021-12-31,4.2314
WDI:EN.GHG.N2O.AG.MT.CE.AR5:MAR,2022-12-31,4.243
WDI:EN.GHG.N2O.AG.MT.CE.AR5:MAR,2023-12-31,4.0192
WDI:EN.GHG.N2O.AG.MT.CE.AR5:MAR,2024-12-31,3.886
WDI:EN.GHG.N2O.AG.MT.CE.AR5:MDA,1970-12-31,0.756
WDI:EN.GHG.N2O.AG.MT.CE.AR5:MDA,1971-12-31,0.7945
WDI:EN.GHG.N2O.AG.MT.CE.AR5:MDA,1972-12-31,0.8131
WDI:EN.GHG.N2O.AG.MT.CE.AR5:MDA,1973-12-31,0.8315
WDI:EN.GHG.N2O.AG.MT.CE.AR5:MDA,1974-12-31,0.8469
WDI:EN.GHG.N2O.AG.MT.CE.AR5:MDA,1975-12-31,0.8318
WDI:EN.GHG.N2O.AG.MT.CE.AR5:MDA,1976-12-31,0.8381
WDI:EN.GHG.N2O.AG.MT.CE.AR5:MDA,1977-12-31,0.8512
WDI:EN.GHG.N2O.AG.MT.CE.AR5:MDA,1978-12-31,0.88
WDI:EN.GHG.N2O.AG.MT.CE.AR5:MDA,1979-12-31,0.8781
WDI:EN.GHG.N2O.AG.MT.CE.AR5:MDA,1980-12-31,0.8923
WDI:EN.GHG.N2O.AG.MT.CE.AR5:MDA,1981-12-31,0.8828
WDI:EN.GHG.N2O.AG.MT.CE.AR5:MDA,1982-12-31,0.9054
WDI:EN.GHG.N2O.AG.MT.CE.AR5:MDA,1983-12-31,0.9162
WDI:EN.GHG.N2O.AG.MT.CE.AR5:MDA,1984-12-31,0.9301
WDI:EN.GHG.N2O.AG.MT.CE.AR5:MDA,1985-12-31,0.9394
WDI:EN.GHG.N2O.AG.MT.CE.AR5:MDA,1986-12-31,0.9375
WDI:EN.GHG.N2O.AG.MT.CE.AR5:MDA,1987-12-31,0.954
WDI:EN.GHG.N2O.AG.MT.CE.AR5:MDA,1988-12-31,0.9373
WDI:EN.GHG.N2O.AG.MT.CE.AR5:MDA,1989-12-31,0.9501
WDI:EN.GHG.N2O.AG.MT.CE.AR5:MDA,1990-12-31,0.9371
WDI:EN.GHG.N2O.AG.MT.CE.AR5:MDA,1991-12-31,0.891
WDI:EN.GHG.N2O.AG.MT.CE.AR5:MDA,1992-12-31,0.827
WDI:EN.GHG.N2O.AG.MT.CE.AR5:MDA,1993-12-31,0.7628
WDI:EN.GHG.N2O.AG.MT.CE.AR5:MDA,1994-12-31,0.7412
WDI:EN.GHG.N2O.AG.MT.CE.AR5:MDA,1995-12-31,0.7448
WDI:EN.GHG.N2O.AG.MT.CE.AR5:MDA,1996-12-31,0.7093
WDI:EN.GHG.N2O.AG.MT.CE.AR5:MDA,1997-12-31,0.6877
WDI:EN.GHG.N2O.AG.MT.CE.AR5:MDA,1998-12-31,0.5846
WDI:EN.GHG.N2O.AG.MT.CE.AR5:MDA,1999-12-31,0.5631
WDI:EN.GHG.N2O.AG.MT.CE.AR5:MDA,2000-12-31,0.5238
WDI:EN.GHG.N2O.AG.MT.CE.AR5:MDA,2001-12-31,0.5206
WDI:EN.GHG.N2O.AG.MT.CE.AR5:MDA,2002-12-31,0.5331
WDI:EN.GHG.N2O.AG.MT.CE.AR5:MDA,2003-12-31,0.5046
WDI:EN.GHG.N2O.AG.MT.CE.AR5:MDA,2004-12-31,0.5311
WDI:EN.GHG.N2O.AG.MT.CE.AR5:MDA,2005-12-31,0.5144
WDI:EN.GHG.N2O.AG.MT.CE.AR5:MDA,2006-12-31,0.5014
WDI:EN.GHG.N2O.AG.MT.CE.AR5:MDA,2007-12-31,0.4767
WDI:EN.GHG.N2O.AG.MT.CE.AR5:MDA,2008-12-31,0.4652
WDI:EN.GHG.N2O.AG.MT.CE.AR5:MDA,2009-12-31,0.4172
WDI:EN.GHG.N2O.AG.MT.CE.AR5:MDA,2010-12-31,0.4819
WDI:EN.GHG.N2O.AG.MT.CE.AR5:MDA,2011-12-31,0.5297
WDI:EN.GHG.N2O.AG.MT.CE.AR5:MDA,2012-12-31,0.4525
WDI:EN.GHG.N2O.AG.MT.CE.AR5:MDA,2013-12-31,0.678
WDI:EN.GHG.N2O.AG.MT.CE.AR5:MDA,2014-12-31,0.6496
WDI:EN.GHG.N2O.AG.MT.CE.AR5:MDA,2015-12-31,0.6548
WDI:EN.GHG.N2O.AG.MT.CE.AR5:MDA,2016-12-31,0.7856
WDI:EN.GHG.N2O.AG.MT.CE.AR5:MDA,2017-12-31,0.8317
WDI:EN.GHG.N2O.AG.MT.CE.AR5:MDA,2018-12-31,0.9918
WDI:EN.GHG.N2O.AG.MT.CE.AR5:MDA,2019-12-31,0.8958
WDI:EN.GHG.N2O.AG.MT.CE.AR5:MDA,2020-12-31,0.8329
WDI:EN.GHG.N2O.AG.MT.CE.AR5:MDA,2021-12-31,0.8554
WDI:EN.GHG.N2O.AG.MT.CE.AR5:MDA,2022-12-31,0.7244
WDI:EN.GHG.N2O.AG.MT.CE.AR5:MDA,2023-12-31,0.7864
WDI:EN.GHG.N2O.AG.MT.CE.AR5:MDA,2024-12-31,0.7749
WDI:EN.GHG.N2O.AG.MT.CE.AR5:MDG,1970-12-31,3.8087
WDI:EN.GHG.N2O.AG.MT.CE.AR5:MDG,1971-12-31,3.5455
WDI:EN.GHG.N2O.AG.MT.CE.AR5:MDG,1972-12-31,3.6391
WDI:EN.GHG.N2O.AG.MT.CE.AR5:MDG,1973-12-31,3.7066
WDI:EN.GHG.N2O.AG.MT.CE.AR5:MDG,1974-12-31,3.7799
WDI:EN.GHG.N2O.AG.MT.CE.AR5:MDG,1975-12-31,3.8303
WDI:EN.GHG.N2O.AG.MT.CE.AR5:MDG,1976-12-31,3.8516
WDI:EN.GHG.N2O.AG.MT.CE.AR5:MDG,1977-12-31,3.9233
WDI:EN.GHG.N2O.AG.MT.CE.AR5:MDG,1978-12-31,4.3199
WDI:EN.GHG.N2O.AG.MT.CE.AR5:MDG,1979-12-31,4.3076
WDI:EN.GHG.N2O.AG.MT.CE.AR5:MDG,1980-12-31,4.4439
WDI:EN.GHG.N2O.AG.MT.CE.AR5:MDG,1981-12-31,4.5129
WDI:EN.GHG.N2O.AG.MT.CE.AR5:MDG,1982-12-31,4.4926
WDI:EN.GHG.N2O.AG.MT.CE.AR5:MDG,1983-12-31,4.4648
WDI:EN.GHG.N2O.AG.MT.CE.AR5:MDG,1984-12-31,4.5037
WDI:EN.GHG.N2O.AG.MT.CE.AR5:MDG,1985-12-31,4.4349
WDI:EN.GHG.N2O.AG.MT.CE.AR5:MDG,1986-12-31,4.4554
WDI:EN.GHG.N2O.AG.MT.CE.AR5:MDG,1987-12-31,4.4661
WDI:EN.GHG.N2O.AG.MT.CE.AR5:MDG,1988-12-31,4.4553
WDI:EN.GHG.N2O.AG.MT.CE.AR5:MDG,1989-12-31,4.4466
WDI:EN.GHG.N2O.AG.MT.CE.AR5:MDG,1990-12-31,4.4585
WDI:EN.GHG.N2O.AG.MT.CE.AR5:MDG,1991-12-31,4.4661
WDI:EN.GHG.N2O.AG.MT.CE.AR5:MDG,1992-12-31,4.4835
WDI:EN.GHG.N2O.AG.MT.CE.AR5:MDG,1993-12-31,4.5027
WDI:EN.GHG.N2O.AG.MT.CE.AR5:MDG,1994-12-31,4.5106
WDI:EN.GHG.N2O.AG.MT.CE.AR5:MDG,1995-12-31,4.5287
WDI:EN.GHG.N2O.AG.MT.CE.AR5:MDG,1996-12-31,4.5298
WDI:EN.GHG.N2O.AG.MT.CE.AR5:MDG,1997-12-31,4.5367
WDI:EN.GHG.N2O.AG.MT.CE.AR5:MDG,1998-12-31,4.4625
WDI:EN.GHG.N2O.AG.MT.CE.AR5:MDG,1999-12-31,4.4157
WDI:EN.GHG.N2O.AG.MT.CE.AR5:MDG,2000-12-31,4.3304
WDI:EN.GHG.N2O.AG.MT.CE.AR5:MDG,2001-12-31,3.7594
WDI:EN.GHG.N2O.AG.MT.CE.AR5:MDG,2002-12-31,3.4535
WDI:EN.GHG.N2O.AG.MT.CE.AR5:MDG,2003-12-31,3.5303
WDI:EN.GHG.N2O.AG.MT.CE.AR5:MDG,2004-12-31,3.5902
WDI:EN.GHG.N2O.AG.MT.CE.AR5:MDG,2005-12-31,4.1651
WDI:EN.GHG.N2O.AG.MT.CE.AR5:MDG,2006-12-31,4.202
WDI:EN.GHG.N2O.AG.MT.CE.AR5:MDG,2007-12-31,4.2451
WDI:EN.GHG.N2O.AG.MT.CE.AR5:MDG,2008-12-31,4.2941
WDI:EN.GHG.N2O.AG.MT.CE.AR5:MDG,2009-12-31,4.3468
WDI:EN.GHG.N2O.AG.MT.CE.AR5:MDG,2010-12-31,4.3848
WDI:EN.GHG.N2O.AG.MT.CE.AR5:MDG,2011-12-31,4.421
WDI:EN.GHG.N2O.AG.MT.CE.AR5:MDG,2012-12-31,4.465
WDI:EN.GHG.N2O.AG.MT.CE.AR5:MDG,2013-12-31,4.4373
WDI:EN.GHG.N2O.AG.MT.CE.AR5:MDG,2014-12-31,4.5277
WDI:EN.GHG.N2O.AG.MT.CE.AR5:MDG,2015-12-31,4.5648
WDI:EN.GHG.N2O.AG.MT.CE.AR5:MDG,2016-12-31,4.585
WDI:EN.GHG.N2O.AG.MT.CE.AR5:MDG,2017-12-31,4.5946
WDI:EN.GHG.N2O.AG.MT.CE.AR5:MDG,2018-12-31,3.9804
WDI:EN.GHG.N2O.AG.MT.CE.AR5:MDG,2019-12-31,4.0284
WDI:EN.GHG.N2O.AG.MT.CE.AR5:MDG,2020-12-31,3.9778
WDI:EN.GHG.N2O.AG.MT.CE.AR5:MDG,2021-12-31,4.0859
WDI:EN.GHG.N2O.AG.MT.CE.AR5:MDG,2022-12-31,4.1181
WDI:EN.GHG.N2O.AG.MT.CE.AR5:MDG,2023-12-31,3.7283
WDI:EN.GHG.N2O.AG.MT.CE.AR5:MDG,2024-12-31,3.6702
WDI:EN.GHG.N2O.AG.MT.CE.AR5:MDV,1970-12-31,0.0004
WDI:EN.GHG.N2O.AG.MT.CE.AR5:MDV,1971-12-31,0.0004
WDI:EN.GHG.N2O.AG.MT.CE.AR5:MDV,1972-12-31,0.0004
WDI:EN.GHG.N2O.AG.MT.CE.AR5:MDV,1973-12-31,0.0005
WDI:EN.GHG.N2O.AG.MT.CE.AR5:MDV,1974-12-31,0.0005
WDI:EN.GHG.N2O.AG.MT.CE.AR5:MDV,1975-12-31,0.0006
WDI:EN.GHG.N2O.AG.MT.CE.AR5:MDV,1976-12-31,0.0005
WDI:EN.GHG.N2O.AG.MT.CE.AR5:MDV,1977-12-31,0.0005
WDI:EN.GHG.N2O.AG.MT.CE.AR5:MDV,1978-12-31,0.0005
WDI:EN.GHG.N2O.AG.MT.CE.AR5:MDV,1979-12-31,0.0005
WDI:EN.GHG.N2O.AG.MT.CE.AR5:MDV,1980-12-31,0.0005
WDI:EN.GHG.N2O.AG.MT.CE.AR5:MDV,1981-12-31,0.0005
WDI:EN.GHG.N2O.AG.MT.CE.AR5:MDV,1982-12-31,0.0005
WDI:EN.GHG.N2O.AG.MT.CE.AR5:MDV,1983-12-31,0.0005
WDI:EN.GHG.N2O.AG.MT.CE.AR5:MDV,1984-12-31,0.0006
WDI:EN.GHG.N2O.AG.MT.CE.AR5:MDV,1985-12-31,0.0006
WDI:EN.GHG.N2O.AG.MT.CE.AR5:MDV,1986-12-31,0.0006
WDI:EN.GHG.N2O.AG.MT.CE.AR5:MDV,1987-12-31,0.0006
WDI:EN.GHG.N2O.AG.MT.CE.AR5:MDV,1988-12-31,0.0006
WDI:EN.GHG.N2O.AG.MT.CE.AR5:MDV,1989-12-31,0.0006
WDI:EN.GHG.N2O.AG.MT.CE.AR5:MDV,1990-12-31,0.0006
WDI:EN.GHG.N2O.AG.MT.CE.AR5:MDV,1991-12-31,0.0
WDI:EN.GHG.N2O.AG.MT.CE.AR5:MDV,1992-12-31,0.0
WDI:EN.GHG.N2O.AG.MT.CE.AR5:MDV,1993-12-31,0.0
WDI:EN.GHG.N2O.AG.MT.CE.AR5:MDV,1994-12-31,0.0
WDI:EN.GHG.N2O.AG.MT.CE.AR5:MDV,1995-12-31,0.0
WDI:EN.GHG.N2O.AG.MT.CE.AR5:MDV,1996-12-31,0.0
WDI:EN.GHG.N2O.AG.MT.CE.AR5:MDV,1997-12-31,0.0
WDI:EN.GHG.N2O.AG.MT.CE.AR5:MDV,1998-12-31,0.0
WDI:EN.GHG.N2O.AG.MT.CE.AR5:MDV,1999-12-31,0.0
WDI:EN.GHG.N2O.AG.MT.CE.AR5:MDV,2000-12-31,0.0
WDI:EN.GHG.N2O.AG.MT.CE.AR5:MDV,2001-12-31,0.0
WDI:EN.GHG.N2O.AG.MT.CE.AR5:MDV,2002-12-31,0.0
WDI:EN.GHG.N2O.AG.MT.CE.AR5:MDV,2003-12-31,0.0
WDI:EN.GHG.N2O.AG.MT.CE.AR5:MDV,2004-12-31,0.0
WDI:EN.GHG.N2O.AG.MT.CE.AR5:MDV,2005-12-31,0.0
WDI:EN.GHG.N2O.AG.MT.CE.AR5:MDV,2006-12-31,0.0
WDI:EN.GHG.N2O.AG.MT.CE.AR5:MDV,2007-12-31,0.0
WDI:EN.GHG.N2O.AG.MT.CE.AR5:MDV,2008-12-31,0.0
WDI:EN.GHG.N2O.AG.MT.CE.AR5:MDV,2009-12-31,0.0
WDI:EN.GHG.N2O.AG.MT.CE.AR5:MDV,2010-12-31,0.0
WDI:EN.GHG.N2O.AG.MT.CE.AR5:MDV,2011-12-31,0.0
WDI:EN.GHG.N2O.AG.MT.CE.AR5:MDV,2012-12-31,0.0
WDI:EN.GHG.N2O.AG.MT.CE.AR5:MDV,2013-12-31,0.0
WDI:EN.GHG.N2O.AG.MT.CE.AR5:MDV,2014-12-31,0.0
WDI:EN.GHG.N2O.AG.MT.CE.AR5:MDV,2015-12-31,0.0
WDI:EN.GHG.N2O.AG.MT.CE.AR5:MDV,2016-12-31,0.0
WDI:EN.GHG.N2O.AG.MT.CE.AR5:MDV,2017-12-31,0.0
WDI:EN.GHG.N2O.AG.MT.CE.AR5:MDV,2018-12-31,0.0
WDI:EN.GHG.N2O.AG.MT.CE.AR5:MDV,2019-12-31,0.0
WDI:EN.GHG.N2O.AG.MT.CE.AR5:MDV,2020-12-31,0.0
WDI:EN.GHG.N2O.AG.MT.CE.AR5:MDV,2021-12-31,0.0
WDI:EN.GHG.N2O.AG.MT.CE.AR5:MDV,2022-12-31,0.0
WDI:EN.GHG.N2O.AG.MT.CE.AR5:MDV,2023-12-31,0.0
WDI:EN.GHG.N2O.AG.MT.CE.AR5:MDV,2024-12-31,0.0
WDI:EN.GHG.N2O.AG.MT.CE.AR5:MEA,1970-12-31,31.7694
WDI:EN.GHG.N2O.AG.MT.CE.AR5:MEA,1971-12-31,31.978900000000007
WDI:EN.GHG.N2O.AG.MT.CE.AR5:MEA,1972-12-31,31.824800000000003
WDI:EN.GHG.N2O.AG.MT.CE.AR5:MEA,1973-12-31,32.06469999999999
WDI:EN.GHG.N2O.AG.MT.CE.AR5:MEA,1974-12-31,33.2605
WDI:EN.GHG.N2O.AG.MT.CE.AR5:MEA,1975-12-31,34.6148
WDI:EN.GHG.N2O.AG.MT.CE.AR5:MEA,1976-12-31,35.905100000000004
WDI:EN.GHG.N2O.AG.MT.CE.AR5:MEA,1977-12-31,37.048100000000005
WDI:EN.GHG.N2O.AG.MT.CE.AR5:MEA,1978-12-31,38.474199999999996
WDI:EN.GHG.N2O.AG.MT.CE.AR5:MEA,1979-12-31,40.368
WDI:EN.GHG.N2O.AG.MT.CE.AR5:MEA,1980-12-31,41.5537
WDI:EN.GHG.N2O.AG.MT.CE.AR5:MEA,1981-12-31,42.6482
WDI:EN.GHG.N2O.AG.MT.CE.AR5:MEA,1982-12-31,44.1773
WDI:EN.GHG.N2O.AG.MT.CE.AR5:MEA,1983-12-31,45.8848
WDI:EN.GHG.N2O.AG.MT.CE.AR5:MEA,1984-12-31,46.210100000000004
WDI:EN.GHG.N2O.AG.MT.CE.AR5:MEA,1985-12-31,48.5336
WDI:EN.GHG.N2O.AG.MT.CE.AR5:MEA,1986-12-31,52.7895
WDI:EN.GHG.N2O.AG.MT.CE.AR5:MEA,1987-12-31,53.6169
WDI:EN.GHG.N2O.AG.MT.CE.AR5:MEA,1988-12-31,54.8382
WDI:EN.GHG.N2O.AG.MT.CE.AR5:MEA,1989-12-31,58.1386
WDI:EN.GHG.N2O.AG.MT.CE.AR5:MEA,1990-12-31,58.24749999999999
WDI:EN.GHG.N2O.AG.MT.CE.AR5:MEA,1991-12-31,58.2512
WDI:EN.GHG.N2O.AG.MT.CE.AR5:MEA,1992-12-31,61.86649999999999
WDI:EN.GHG.N2O.AG.MT.CE.AR5:MEA,1993-12-31,62.17790000000001
WDI:EN.GHG.N2O.AG.MT.CE.AR5:MEA,1994-12-31,62.290400000000005
WDI:EN.GHG.N2O.AG.MT.CE.AR5:MEA,1995-12-31,65.4746
WDI:EN.GHG.N2O.AG.MT.CE.AR5:MEA,1996-12-31,67.4212
WDI:EN.GHG.N2O.AG.MT.CE.AR5:MEA,1997-12-31,70.1443
WDI:EN.GHG.N2O.AG.MT.CE.AR5:MEA,1998-12-31,72.05740000000002
WDI:EN.GHG.N2O.AG.MT.CE.AR5:MEA,1999-12-31,73.204
WDI:EN.GHG.N2O.AG.MT.CE.AR5:MEA,2000-12-31,74.4682
WDI:EN.GHG.N2O.AG.MT.CE.AR5:MEA,2001-12-31,75.8309
WDI:EN.GHG.N2O.AG.MT.CE.AR5:MEA,2002-12-31,78.20609999999999
WDI:EN.GHG.N2O.AG.MT.CE.AR5:MEA,2003-12-31,78.77499999999996
WDI:EN.GHG.N2O.AG.MT.CE.AR5:MEA,2004-12-31,83.1633
WDI:EN.GHG.N2O.AG.MT.CE.AR5:MEA,2005-12-31,84.26520000000002
WDI:EN.GHG.N2O.AG.MT.CE.AR5:MEA,2006-12-31,85.06030000000001
WDI:EN.GHG.N2O.AG.MT.CE.AR5:MEA,2007-12-31,86.544
WDI:EN.GHG.N2O.AG.MT.CE.AR5:MEA,2008-12-31,87.14760000000001
WDI:EN.GHG.N2O.AG.MT.CE.AR5:MEA,2009-12-31,90.84270000000001
WDI:EN.GHG.N2O.AG.MT.CE.AR5:MEA,2010-12-31,89.78679999999999
WDI:EN.GHG.N2O.AG.MT.CE.AR5:MEA,2011-12-31,91.6595
WDI:EN.GHG.N2O.AG.MT.CE.AR5:MEA,2012-12-31,90.35169999999998
WDI:EN.GHG.N2O.AG.MT.CE.AR5:MEA,2013-12-31,91.57900000000001
WDI:EN.GHG.N2O.AG.MT.CE.AR5:MEA,2014-12-31,91.5386
WDI:EN.GHG.N2O.AG.MT.CE.AR5:MEA,2015-12-31,88.3017
WDI:EN.GHG.N2O.AG.MT.CE.AR5:MEA,2016-12-31,97.0086
WDI:EN.GHG.N2O.AG.MT.CE.AR5:MEA,2017-12-31,96.2055
WDI:EN.GHG.N2O.AG.MT.CE.AR5:MEA,2018-12-31,97.01900000000002
WDI:EN.GHG.N2O.AG.MT.CE.AR5:MEA,2019-12-31,96.26869999999997
WDI:EN.GHG.N2O.AG.MT.CE.AR5:MEA,2020-12-31,99.4736
WDI:EN.GHG.N2O.AG.MT.CE.AR5:MEA,2021-12-31,101.48239999999998
WDI:EN.GHG.N2O.AG.MT.CE.AR5:MEA,2022-12-31,102.51880000000003
WDI:EN.GHG.N2O.AG.MT.CE.AR5:MEA,2023-12-31,103.5095
WDI:EN.GHG.N2O.AG.MT.CE.AR5:MEA,2024-12-31,105.24
WDI:EN.GHG.N2O.AG.MT.CE.AR5:MEX,1970-12-31,15.0982
WDI:EN.GHG.N2O.AG.MT.CE.AR5:MEX,1971-12-31,14.8334
WDI:EN.GHG.N2O.AG.MT.CE.AR5:MEX,1972-12-31,15.041
WDI:EN.GHG.N2O.AG.MT.CE.AR5:MEX,1973-12-31,15.1959
WDI:EN.GHG.N2O.AG.MT.CE.AR5:MEX,1974-12-31,16.2755
WDI:EN.GHG.N2O.AG.MT.CE.AR5:MEX,1975-12-31,17.3809
WDI:EN.GHG.N2O.AG.MT.CE.AR5:MEX,1976-12-31,18.4246
WDI:EN.GHG.N2O.AG.MT.CE.AR5:MEX,1977-12-31,18.7189
WDI:EN.GHG.N2O.AG.MT.CE.AR5:MEX,1978-12-31,18.7516
WDI:EN.GHG.N2O.AG.MT.CE.AR5:MEX,1979-12-31,19.2961
WDI:EN.GHG.N2O.AG.MT.CE.AR5:MEX,1980-12-31,20.2762
WDI:EN.GHG.N2O.AG.MT.CE.AR5:MEX,1981-12-31,22.2103
WDI:EN.GHG.N2O.AG.MT.CE.AR5:MEX,1982-12-31,22.8655
WDI:EN.GHG.N2O.AG.MT.CE.AR5:MEX,1983-12-31,22.8873
WDI:EN.GHG.N2O.AG.MT.CE.AR5:MEX,1984-12-31,23.6402
WDI:EN.GHG.N2O.AG.MT.CE.AR5:MEX,1985-12-31,24.3472
WDI:EN.GHG.N2O.AG.MT.CE.AR5:MEX,1986-12-31,24.5798
WDI:EN.GHG.N2O.AG.MT.CE.AR5:MEX,1987-12-31,24.9872
WDI:EN.GHG.N2O.AG.MT.CE.AR5:MEX,1988-12-31,24.1682
WDI:EN.GHG.N2O.AG.MT.CE.AR5:MEX,1989-12-31,25.0349
WDI:EN.GHG.N2O.AG.MT.CE.AR5:MEX,1990-12-31,24.9574
WDI:EN.GHG.N2O.AG.MT.CE.AR5:MEX,1991-12-31,23.6824
WDI:EN.GHG.N2O.AG.MT.CE.AR5:MEX,1992-12-31,24.0526
WDI:EN.GHG.N2O.AG.MT.CE.AR5:MEX,1993-12-31,24.2511
WDI:EN.GHG.N2O.AG.MT.CE.AR5:MEX,1994-12-31,24.2774
WDI:EN.GHG.N2O.AG.MT.CE.AR5:MEX,1995-12-31,23.338
WDI:EN.GHG.N2O.AG.MT.CE.AR5:MEX,1996-12-31,23.8169
WDI:EN.GHG.N2O.AG.MT.CE.AR5:MEX,1997-12-31,24.1129
WDI:EN.GHG.N2O.AG.MT.CE.AR5:MEX,1998-12-31,25.0194
WDI:EN.GHG.N2O.AG.MT.CE.AR5:MEX,1999-12-31,24.6754
WDI:EN.GHG.N2O.AG.MT.CE.AR5:MEX,2000-12-31,25.1459
WDI:EN.GHG.N2O.AG.MT.CE.AR5:MEX,2001-12-31,25.1564
WDI:EN.GHG.N2O.AG.MT.CE.AR5:MEX,2002-12-31,24.4177
WDI:EN.GHG.N2O.AG.MT.CE.AR5:MEX,2003-12-31,24.7337
WDI:EN.GHG.N2O.AG.MT.CE.AR5:MEX,2004-12-31,24.6998
WDI:EN.GHG.N2O.AG.MT.CE.AR5:MEX,2005-12-31,24.3078
WDI:EN.GHG.N2O.AG.MT.CE.AR5:MEX,2006-12-31,24.3015
WDI:EN.GHG.N2O.AG.MT.CE.AR5:MEX,2007-12-31,25.282
WDI:EN.GHG.N2O.AG.MT.CE.AR5:MEX,2008-12-31,24.6544
WDI:EN.GHG.N2O.AG.MT.CE.AR5:MEX,2009-12-31,25.0149
WDI:EN.GHG.N2O.AG.MT.CE.AR5:MEX,2010-12-31,25.5876
WDI:EN.GHG.N2O.AG.MT.CE.AR5:MEX,2011-12-31,25.5052
WDI:EN.GHG.N2O.AG.MT.CE.AR5:MEX,2012-12-31,25.5783
WDI:EN.GHG.N2O.AG.MT.CE.AR5:MEX,2013-12-31,27.519
WDI:EN.GHG.N2O.AG.MT.CE.AR5:MEX,2014-12-31,27.8759
WDI:EN.GHG.N2O.AG.MT.CE.AR5:MEX,2015-12-31,27.3596
WDI:EN.GHG.N2O.AG.MT.CE.AR5:MEX,2016-12-31,29.1952
WDI:EN.GHG.N2O.AG.MT.CE.AR5:MEX,2017-12-31,28.9748
WDI:EN.GHG.N2O.AG.MT.CE.AR5:MEX,2018-12-31,29.2374
WDI:EN.GHG.N2O.AG.MT.CE.AR5:MEX,2019-12-31,28.8598
WDI:EN.GHG.N2O.AG.MT.CE.AR5:MEX,2020-12-31,30.068
WDI:EN.GHG.N2O.AG.MT.CE.AR5:MEX,2021-12-31,30.1452
WDI:EN.GHG.N2O.AG.MT.CE.AR5:MEX,2022-12-31,29.3971
WDI:EN.GHG.N2O.AG.MT.CE.AR5:MEX,2023-12-31,29.4509
WDI:EN.GHG.N2O.AG.MT.CE.AR5:MEX,2024-12-31,29.2376
WDI:EN.GHG.N2O.AG.MT.CE.AR5:MHL,1970-12-31,0.0
WDI:EN.GHG.N2O.AG.MT.CE.AR5:MHL,1971-12-31,0.0
WDI:EN.GHG.N2O.AG.MT.CE.AR5:MHL,1972-12-31,0.0
WDI:EN.GHG.N2O.AG.MT.CE.AR5:MHL,1973-12-31,0.0
WDI:EN.GHG.N2O.AG.MT.CE.AR5:MHL,1974-12-31,0.0
WDI:EN.GHG.N2O.AG.MT.CE.AR5:MHL,1975-12-31,0.0
WDI:EN.GHG.N2O.AG.MT.CE.AR5:MHL,1976-12-31,0.0
WDI:EN.GHG.N2O.AG.MT.CE.AR5:MHL,1977-12-31,0.0
WDI:EN.GHG.N2O.AG.MT.CE.AR5:MHL,1978-12-31,0.0
WDI:EN.GHG.N2O.AG.MT.CE.AR5:MHL,1979-12-31,0.0
WDI:EN.GHG.N2O.AG.MT.CE.AR5:MHL,1980-12-31,0.0
WDI:EN.GHG.N2O.AG.MT.CE.AR5:MHL,1981-12-31,0.0
WDI:EN.GHG.N2O.AG.MT.CE.AR5:MHL,1982-12-31,0.0
WDI:EN.GHG.N2O.AG.MT.CE.AR5:MHL,1983-12-31,0.0
WDI:EN.GHG.N2O.AG.MT.CE.AR5:MHL,1984-12-31,0.0
WDI:EN.GHG.N2O.AG.MT.CE.AR5:MHL,1985-12-31,0.0
WDI:EN.GHG.N2O.AG.MT.CE.AR5:MHL,1986-12-31,0.0
WDI:EN.GHG.N2O.AG.MT.CE.AR5:MHL,1987-12-31,0.0
WDI:EN.GHG.N2O.AG.MT.CE.AR5:MHL,1988-12-31,0.0
WDI:EN.GHG.N2O.AG.MT.CE.AR5:MHL,1989-12-31,0.0
WDI:EN.GHG.N2O.AG.MT.CE.AR5:MHL,1990-12-31,0.0
WDI:EN.GHG.N2O.AG.MT.CE.AR5:MHL,1991-12-31,0.0
WDI:EN.GHG.N2O.AG.MT.CE.AR5:MHL,1992-12-31,0.0
WDI:EN.GHG.N2O.AG.MT.CE.AR5:MHL,1993-12-31,0.0
WDI:EN.GHG.N2O.AG.MT.CE.AR5:MHL,1994-12-31,0.0
WDI:EN.GHG.N2O.AG.MT.CE.AR5:MHL,1995-12-31,0.0
WDI:EN.GHG.N2O.AG.MT.CE.AR5:MHL,1996-12-31,0.0
WDI:EN.GHG.N2O.AG.MT.CE.AR5:MHL,1997-12-31,0.0
WDI:EN.GHG.N2O.AG.MT.CE.AR5:MHL,1998-12-31,0.0
WDI:EN.GHG.N2O.AG.MT.CE.AR5:MHL,1999-12-31,0.0
WDI:EN.GHG.N2O.AG.MT.CE.AR5:MHL,2000-12-31,0.0
WDI:EN.GHG.N2O.AG.MT.CE.AR5:MHL,2001-12-31,0.0
WDI:EN.GHG.N2O.AG.MT.CE.AR5:MHL,2002-12-31,0.0
WDI:EN.GHG.N2O.AG.MT.CE.AR5:MHL,2003-12-31,0.0
WDI:EN.GHG.N2O.AG.MT.CE.AR5:MHL,2004-12-31,0.0
WDI:EN.GHG.N2O.AG.MT.CE.AR5:MHL,2005-12-31,0.0
WDI:EN.GHG.N2O.AG.MT.CE.AR5:MHL,2006-12-31,0.0
WDI:EN.GHG.N2O.AG.MT.CE.AR5:MHL,2007-12-31,0.0
WDI:EN.GHG.N2O.AG.MT.CE.AR5:MHL,2008-12-31,0.0
WDI:EN.GHG.N2O.AG.MT.CE.AR5:MHL,2009-12-31,0.0
WDI:EN.GHG.N2O.AG.MT.CE.AR5:MHL,2010-12-31,0.0
WDI:EN.GHG.N2O.AG.MT.CE.AR5:MHL,2011-12-31,0.0
WDI:EN.GHG.N2O.AG.MT.CE.AR5:MHL,2012-12-31,0.0
WDI:EN.GHG.N2O.AG.MT.CE.AR5:MHL,2013-12-31,0.0
WDI:EN.GHG.N2O.AG.MT.CE.AR5:MHL,2014-12-31,0.0
WDI:EN.GHG.N2O.AG.MT.CE.AR5:MHL,2015-12-31,0.0
WDI:EN.GHG.N2O.AG.MT.CE.AR5:MHL,2016-12-31,0.0
WDI:EN.GHG.N2O.AG.MT.CE.AR5:MHL,2017-12-31,0.0
WDI:EN.GHG.N2O.AG.MT.CE.AR5:MHL,2018-12-31,0.0
WDI:EN.GHG.N2O.AG.MT.CE.AR5:MHL,2019-12-31,0.0
WDI:EN.GHG.N2O.AG.MT.CE.AR5:MHL,2020-12-31,0.0
WDI:EN.GHG.N2O.AG.MT.CE.AR5:MHL,2021-12-31,0.0
WDI:EN.GHG.N2O.AG.MT.CE.AR5:MHL,2022-12-31,0.0
WDI:EN.GHG.N2O.AG.MT.CE.AR5:MHL,2023-12-31,0.0
WDI:EN.GHG.N2O.AG.MT.CE.AR5:MIC,1970-12-31,416.4374999999999
WDI:EN.GHG.N2O.AG.MT.CE.AR5:MIC,1971-12-31,422.7849000000001
WDI:EN.GHG.N2O.AG.MT.CE.AR5:MIC,1972-12-31,429.4477000000001
WDI:EN.GHG.N2O.AG.MT.CE.AR5:MIC,1973-12-31,435.64150000000006
WDI:EN.GHG.N2O.AG.MT.CE.AR5:MIC,1974-12-31,440.9905
WDI:EN.GHG.N2O.AG.MT.CE.AR5:MIC,1975-12-31,455.6313999999999
WDI:EN.GHG.N2O.AG.MT.CE.AR5:MIC,1976-12-31,477.09790000000004
WDI:EN.GHG.N2O.AG.MT.CE.AR5:MIC,1977-12-31,501.23380000000003
WDI:EN.GHG.N2O.AG.MT.CE.AR5:MIC,1978-12-31,516.4852
WDI:EN.GHG.N2O.AG.MT.CE.AR5:MIC,1979-12-31,535.6051000000002
WDI:EN.GHG.N2O.AG.MT.CE.AR5:MIC,1980-12-31,554.2229
WDI:EN.GHG.N2O.AG.MT.CE.AR5:MIC,1981-12-31,561.1494000000001
WDI:EN.GHG.N2O.AG.MT.CE.AR5:MIC,1982-12-31,575.1514000000001
WDI:EN.GHG.N2O.AG.MT.CE.AR5:MIC,1983-12-31,596.9144999999999
WDI:EN.GHG.N2O.AG.MT.CE.AR5:MIC,1984-12-31,618.6769000000002
WDI:EN.GHG.N2O.AG.MT.CE.AR5:MIC,1985-12-31,621.0505
WDI:EN.GHG.N2O.AG.MT.CE.AR5:MIC,1986-12-31,641.2941
WDI:EN.GHG.N2O.AG.MT.CE.AR5:MIC,1987-12-31,664.9097999999998
WDI:EN.GHG.N2O.AG.MT.CE.AR5:MIC,1988-12-31,690.2867999999996
WDI:EN.GHG.N2O.AG.MT.CE.AR5:MIC,1989-12-31,705.8879000000001
WDI:EN.GHG.N2O.AG.MT.CE.AR5:MIC,1990-12-31,718.5790000000002
WDI:EN.GHG.N2O.AG.MT.CE.AR5:MIC,1991-12-31,725.0602
WDI:EN.GHG.N2O.AG.MT.CE.AR5:MIC,1992-12-31,740.1332000000001
WDI:EN.GHG.N2O.AG.MT.CE.AR5:MIC,1993-12-31,736.3782999999997
WDI:EN.GHG.N2O.AG.MT.CE.AR5:MIC,1994-12-31,756.6184999999999
WDI:EN.GHG.N2O.AG.MT.CE.AR5:MIC,1995-12-31,795.1892
WDI:EN.GHG.N2O.AG.MT.CE.AR5:MIC,1996-12-31,816.2655999999998
WDI:EN.GHG.N2O.AG.MT.CE.AR5:MIC,1997-12-31,796.2069999999994
WDI:EN.GHG.N2O.AG.MT.CE.AR5:MIC,1998-12-31,809.2809000000002
WDI:EN.GHG.N2O.AG.MT.CE.AR5:MIC,1999-12-31,826.3849999999998
WDI:EN.GHG.N2O.AG.MT.CE.AR5:MIC,2000-12-31,824.5844000000001
WDI:EN.GHG.N2O.AG.MT.CE.AR5:MIC,2001-12-31,829.2192999999997
WDI:EN.GHG.N2O.AG.MT.CE.AR5:MIC,2002-12-31,852.1958999999996
WDI:EN.GHG.N2O.AG.MT.CE.AR5:MIC,2003-12-31,864.2718000000003
WDI:EN.GHG.N2O.AG.MT.CE.AR5:MIC,2004-12-31,894.2851000000003
WDI:EN.GHG.N2O.AG.MT.CE.AR5:MIC,2005-12-31,905.7321999999999
WDI:EN.GHG.N2O.AG.MT.CE.AR5:MIC,2006-12-31,933.3594999999997
WDI:EN.GHG.N2O.AG.MT.CE.AR5:MIC,2007-12-31,946.3216000000002
WDI:EN.GHG.N2O.AG.MT.CE.AR5:MIC,2008-12-31,949.3988999999997
WDI:EN.GHG.N2O.AG.MT.CE.AR5:MIC,2009-12-31,980.5986000000004
WDI:EN.GHG.N2O.AG.MT.CE.AR5:MIC,2010-12-31,977.6316000000003
WDI:EN.GHG.N2O.AG.MT.CE.AR5:MIC,2011-12-31,1010.4655000000002
WDI:EN.GHG.N2O.AG.MT.CE.AR5:MIC,2012-12-31,1014.318
WDI:EN.GHG.N2O.AG.MT.CE.AR5:MIC,2013-12-31,1034.4432000000002
WDI:EN.GHG.N2O.AG.MT.CE.AR5:MIC,2014-12-31,1021.4614000000003
WDI:EN.GHG.N2O.AG.MT.CE.AR5:MIC,2015-12-31,1033.0103000000001
WDI:EN.GHG.N2O.AG.MT.CE.AR5:MIC,2016-12-31,1040.1576999999995
WDI:EN.GHG.N2O.AG.MT.CE.AR5:MIC,2017-12-31,1034.9357000000002
WDI:EN.GHG.N2O.AG.MT.CE.AR5:MIC,2018-12-31,1037.7996000000003
WDI:EN.GHG.N2O.AG.MT.CE.AR5:MIC,2019-12-31,1056.7101000000002
WDI:EN.GHG.N2O.AG.MT.CE.AR5:MIC,2020-12-31,1083.1427999999994
WDI:EN.GHG.N2O.AG.MT.CE.AR5:MIC,2021-12-31,1087.6563000000006
WDI:EN.GHG.N2O.AG.MT.CE.AR5:MIC,2022-12-31,1092.9132000000004
WDI:EN.GHG.N2O.AG.MT.CE.AR5:MIC,2023-12-31,1116.0886
WDI:EN.GHG.N2O.AG.MT.CE.AR5:MIC,2024-12-31,1125.002
WDI:EN.GHG.N2O.AG.MT.CE.AR5:MKD,1970-12-31,0.6903
WDI:EN.GHG.N2O.AG.MT.CE.AR5:MKD,1971-12-31,0.6963
WDI:EN.GHG.N2O.AG.MT.CE.AR5:MKD,1972-12-31,0.6797
WDI:EN.GHG.N2O.AG.MT.CE.AR5:MKD,1973-12-31,0.6845
WDI:EN.GHG.N2O.AG.MT.CE.AR5:MKD,1974-12-31,0.7116
WDI:EN.GHG.N2O.AG.MT.CE.AR5:MKD,1975-12-31,0.7197
WDI:EN.GHG.N2O.AG.MT.CE.AR5:MKD,1976-12-31,0.7403
WDI:EN.GHG.N2O.AG.MT.CE.AR5:MKD,1977-12-31,0.7762
WDI:EN.GHG.N2O.AG.MT.CE.AR5:MKD,1978-12-31,0.7561
WDI:EN.GHG.N2O.AG.MT.CE.AR5:MKD,1979-12-31,0.7529
WDI:EN.GHG.N2O.AG.MT.CE.AR5:MKD,1980-12-31,0.745
WDI:EN.GHG.N2O.AG.MT.CE.AR5:MKD,1981-12-31,0.7824
WDI:EN.GHG.N2O.AG.MT.CE.AR5:MKD,1982-12-31,0.7862
WDI:EN.GHG.N2O.AG.MT.CE.AR5:MKD,1983-12-31,0.7963
WDI:EN.GHG.N2O.AG.MT.CE.AR5:MKD,1984-12-31,0.9024
WDI:EN.GHG.N2O.AG.MT.CE.AR5:MKD,1985-12-31,0.8093
WDI:EN.GHG.N2O.AG.MT.CE.AR5:MKD,1986-12-31,0.7745
WDI:EN.GHG.N2O.AG.MT.CE.AR5:MKD,1987-12-31,0.7696
WDI:EN.GHG.N2O.AG.MT.CE.AR5:MKD,1988-12-31,0.7715
WDI:EN.GHG.N2O.AG.MT.CE.AR5:MKD,1989-12-31,0.7123
WDI:EN.GHG.N2O.AG.MT.CE.AR5:MKD,1990-12-31,0.7119
WDI:EN.GHG.N2O.AG.MT.CE.AR5:MKD,1991-12-31,0.5747
WDI:EN.GHG.N2O.AG.MT.CE.AR5:MKD,1992-12-31,0.5153
WDI:EN.GHG.N2O.AG.MT.CE.AR5:MKD,1993-12-31,0.4704
WDI:EN.GHG.N2O.AG.MT.CE.AR5:MKD,1994-12-31,0.5372
WDI:EN.GHG.N2O.AG.MT.CE.AR5:MKD,1995-12-31,0.4615
WDI:EN.GHG.N2O.AG.MT.CE.AR5:MKD,1996-12-31,0.4871
WDI:EN.GHG.N2O.AG.MT.CE.AR5:MKD,1997-12-31,0.4555
WDI:EN.GHG.N2O.AG.MT.CE.AR5:MKD,1998-12-31,0.4246
WDI:EN.GHG.N2O.AG.MT.CE.AR5:MKD,1999-12-31,0.4048
WDI:EN.GHG.N2O.AG.MT.CE.AR5:MKD,2000-12-31,0.3757
WDI:EN.GHG.N2O.AG.MT.CE.AR5:MKD,2001-12-31,0.3431
WDI:EN.GHG.N2O.AG.MT.CE.AR5:MKD,2002-12-31,0.3496
WDI:EN.GHG.N2O.AG.MT.CE.AR5:MKD,2003-12-31,0.33
WDI:EN.GHG.N2O.AG.MT.CE.AR5:MKD,2004-12-31,0.3696
WDI:EN.GHG.N2O.AG.MT.CE.AR5:MKD,2005-12-31,0.356
WDI:EN.GHG.N2O.AG.MT.CE.AR5:MKD,2006-12-31,0.3493
WDI:EN.GHG.N2O.AG.MT.CE.AR5:MKD,2007-12-31,0.3367
WDI:EN.GHG.N2O.AG.MT.CE.AR5:MKD,2008-12-31,0.3362
WDI:EN.GHG.N2O.AG.MT.CE.AR5:MKD,2009-12-31,0.3079
WDI:EN.GHG.N2O.AG.MT.CE.AR5:MKD,2010-12-31,0.326
WDI:EN.GHG.N2O.AG.MT.CE.AR5:MKD,2011-12-31,0.3286
WDI:EN.GHG.N2O.AG.MT.CE.AR5:MKD,2012-12-31,0.3114
WDI:EN.GHG.N2O.AG.MT.CE.AR5:MKD,2013-12-31,0.3006
WDI:EN.GHG.N2O.AG.MT.CE.AR5:MKD,2014-12-31,0.308
WDI:EN.GHG.N2O.AG.MT.CE.AR5:MKD,2015-12-31,0.2962
WDI:EN.GHG.N2O.AG.MT.CE.AR5:MKD,2016-12-31,0.3088
WDI:EN.GHG.N2O.AG.MT.CE.AR5:MKD,2017-12-31,0.3079
WDI:EN.GHG.N2O.AG.MT.CE.AR5:MKD,2018-12-31,0.2963
WDI:EN.GHG.N2O.AG.MT.CE.AR5:MKD,2019-12-31,0.2789
WDI:EN.GHG.N2O.AG.MT.CE.AR5:MKD,2020-12-31,0.3075
WDI:EN.GHG.N2O.AG.MT.CE.AR5:MKD,2021-12-31,0.2528
WDI:EN.GHG.N2O.AG.MT.CE.AR5:MKD,2022-12-31,0.2402
WDI:EN.GHG.N2O.AG.MT.CE.AR5:MKD,2023-12-31,0.2223
WDI:EN.GHG.N2O.AG.MT.CE.AR5:MKD,2024-12-31,0.208
WDI:EN.GHG.N2O.AG.MT.CE.AR5:MLI,1970-12-31,2.5574
WDI:EN.GHG.N2O.AG.MT.CE.AR5:MLI,1971-12-31,2.617
WDI:EN.GHG.N2O.AG.MT.CE.AR5:MLI,1972-12-31,2.2662
WDI:EN.GHG.N2O.AG.MT.CE.AR5:MLI,1973-12-31,2.0543
WDI:EN.GHG.N2O.AG.MT.CE.AR5:MLI,1974-12-31,1.8122
WDI:EN.GHG.N2O.AG.MT.CE.AR5:MLI,1975-12-31,1.9935
WDI:EN.GHG.N2O.AG.MT.CE.AR5:MLI,1976-12-31,2.1049
WDI:EN.GHG.N2O.AG.MT.CE.AR5:MLI,1977-12-31,2.1362
WDI:EN.GHG.N2O.AG.MT.CE.AR5:MLI,1978-12-31,2.3175
WDI:EN.GHG.N2O.AG.MT.CE.AR5:MLI,1979-12-31,2.4841
WDI:EN.GHG.N2O.AG.MT.CE.AR5:MLI,1980-12-31,2.8843
WDI:EN.GHG.N2O.AG.MT.CE.AR5:MLI,1981-12-31,3.0451
WDI:EN.GHG.N2O.AG.MT.CE.AR5:MLI,1982-12-31,3.1389
WDI:EN.GHG.N2O.AG.MT.CE.AR5:MLI,1983-12-31,2.728
WDI:EN.GHG.N2O.AG.MT.CE.AR5:MLI,1984-12-31,2.3971
WDI:EN.GHG.N2O.AG.MT.CE.AR5:MLI,1985-12-31,2.1764
WDI:EN.GHG.N2O.AG.MT.CE.AR5:MLI,1986-12-31,2.2671
WDI:EN.GHG.N2O.AG.MT.CE.AR5:MLI,1987-12-31,2.329
WDI:EN.GHG.N2O.AG.MT.CE.AR5:MLI,1988-12-31,2.451
WDI:EN.GHG.N2O.AG.MT.CE.AR5:MLI,1989-12-31,2.5325
WDI:EN.GHG.N2O.AG.MT.CE.AR5:MLI,1990-12-31,2.6876
WDI:EN.GHG.N2O.AG.MT.CE.AR5:MLI,1991-12-31,2.6653
WDI:EN.GHG.N2O.AG.MT.CE.AR5:MLI,1992-12-31,2.6842
WDI:EN.GHG.N2O.AG.MT.CE.AR5:MLI,1993-12-31,2.7425
WDI:EN.GHG.N2O.AG.MT.CE.AR5:MLI,1994-12-31,2.7779
WDI:EN.GHG.N2O.AG.MT.CE.AR5:MLI,1995-12-31,2.8525
WDI:EN.GHG.N2O.AG.MT.CE.AR5:MLI,1996-12-31,2.9123
WDI:EN.GHG.N2O.AG.MT.CE.AR5:MLI,1997-12-31,2.9849
WDI:EN.GHG.N2O.AG.MT.CE.AR5:MLI,1998-12-31,3.1252
WDI:EN.GHG.N2O.AG.MT.CE.AR5:MLI,1999-12-31,3.2713
WDI:EN.GHG.N2O.AG.MT.CE.AR5:MLI,2000-12-31,3.4109
WDI:EN.GHG.N2O.AG.MT.CE.AR5:MLI,2001-12-31,3.526
WDI:EN.GHG.N2O.AG.MT.CE.AR5:MLI,2002-12-31,3.8498
WDI:EN.GHG.N2O.AG.MT.CE.AR5:MLI,2003-12-31,4.0329
WDI:EN.GHG.N2O.AG.MT.CE.AR5:MLI,2004-12-31,4.2329
WDI:EN.GHG.N2O.AG.MT.CE.AR5:MLI,2005-12-31,4.3949
WDI:EN.GHG.N2O.AG.MT.CE.AR5:MLI,2006-12-31,4.437
WDI:EN.GHG.N2O.AG.MT.CE.AR5:MLI,2007-12-31,4.7654
WDI:EN.GHG.N2O.AG.MT.CE.AR5:MLI,2008-12-31,4.9458
WDI:EN.GHG.N2O.AG.MT.CE.AR5:MLI,2009-12-31,5.1526
WDI:EN.GHG.N2O.AG.MT.CE.AR5:MLI,2010-12-31,5.4027
WDI:EN.GHG.N2O.AG.MT.CE.AR5:MLI,2011-12-31,5.6052
WDI:EN.GHG.N2O.AG.MT.CE.AR5:MLI,2012-12-31,5.8804
WDI:EN.GHG.N2O.AG.MT.CE.AR5:MLI,2013-12-31,6.3321
WDI:EN.GHG.N2O.AG.MT.CE.AR5:MLI,2014-12-31,6.5377
WDI:EN.GHG.N2O.AG.MT.CE.AR5:MLI,2015-12-31,6.7607
WDI:EN.GHG.N2O.AG.MT.CE.AR5:MLI,2016-12-31,7.4745
WDI:EN.GHG.N2O.AG.MT.CE.AR5:MLI,2017-12-31,8.2859
WDI:EN.GHG.N2O.AG.MT.CE.AR5:MLI,2018-12-31,8.3263
WDI:EN.GHG.N2O.AG.MT.CE.AR5:MLI,2019-12-31,8.6694
WDI:EN.GHG.N2O.AG.MT.CE.AR5:MLI,2020-12-31,8.7237
WDI:EN.GHG.N2O.AG.MT.CE.AR5:MLI,2021-12-31,8.9383
WDI:EN.GHG.N2O.AG.MT.CE.AR5:MLI,2022-12-31,8.7542
WDI:EN.GHG.N2O.AG.MT.CE.AR5:MLI,2023-12-31,9.5674
WDI:EN.GHG.N2O.AG.MT.CE.AR5:MLI,2024-12-31,9.8054
WDI:EN.GHG.N2O.AG.MT.CE.AR5:MLT,1970-12-31,0.0139
WDI:EN.GHG.N2O.AG.MT.CE.AR5:MLT,1971-12-31,0.015
WDI:EN.GHG.N2O.AG.MT.CE.AR5:MLT,1972-12-31,0.0141
WDI:EN.GHG.N2O.AG.MT.CE.AR5:MLT,1973-12-31,0.0142
WDI:EN.GHG.N2O.AG.MT.CE.AR5:MLT,1974-12-31,0.0136
WDI:EN.GHG.N2O.AG.MT.CE.AR5:MLT,1975-12-31,0.0142
WDI:EN.GHG.N2O.AG.MT.CE.AR5:MLT,1976-12-31,0.0162
WDI:EN.GHG.N2O.AG.MT.CE.AR5:MLT,1977-12-31,0.0171
WDI:EN.GHG.N2O.AG.MT.CE.AR5:MLT,1978-12-31,0.0166
WDI:EN.GHG.N2O.AG.MT.CE.AR5:MLT,1979-12-31,0.0166
WDI:EN.GHG.N2O.AG.MT.CE.AR5:MLT,1980-12-31,0.0145
WDI:EN.GHG.N2O.AG.MT.CE.AR5:MLT,1981-12-31,0.015
WDI:EN.GHG.N2O.AG.MT.CE.AR5:MLT,1982-12-31,0.0158
WDI:EN.GHG.N2O.AG.MT.CE.AR5:MLT,1983-12-31,0.0178
WDI:EN.GHG.N2O.AG.MT.CE.AR5:MLT,1984-12-31,0.0202
WDI:EN.GHG.N2O.AG.MT.CE.AR5:MLT,1985-12-31,0.0214
WDI:EN.GHG.N2O.AG.MT.CE.AR5:MLT,1986-12-31,0.0221
WDI:EN.GHG.N2O.AG.MT.CE.AR5:MLT,1987-12-31,0.0225
WDI:EN.GHG.N2O.AG.MT.CE.AR5:MLT,1988-12-31,0.023
WDI:EN.GHG.N2O.AG.MT.CE.AR5:MLT,1989-12-31,0.0235
WDI:EN.GHG.N2O.AG.MT.CE.AR5:MLT,1990-12-31,0.0242
WDI:EN.GHG.N2O.AG.MT.CE.AR5:MLT,1991-12-31,0.0244
WDI:EN.GHG.N2O.AG.MT.CE.AR5:MLT,1992-12-31,0.0258
WDI:EN.GHG.N2O.AG.MT.CE.AR5:MLT,1993-12-31,0.0258
WDI:EN.GHG.N2O.AG.MT.CE.AR5:MLT,1994-12-31,0.0253
WDI:EN.GHG.N2O.AG.MT.CE.AR5:MLT,1995-12-31,0.0232
WDI:EN.GHG.N2O.AG.MT.CE.AR5:MLT,1996-12-31,0.0223
WDI:EN.GHG.N2O.AG.MT.CE.AR5:MLT,1997-12-31,0.0231
WDI:EN.GHG.N2O.AG.MT.CE.AR5:MLT,1998-12-31,0.0214
WDI:EN.GHG.N2O.AG.MT.CE.AR5:MLT,1999-12-31,0.0229
WDI:EN.GHG.N2O.AG.MT.CE.AR5:MLT,2000-12-31,0.0226
WDI:EN.GHG.N2O.AG.MT.CE.AR5:MLT,2001-12-31,0.0246
WDI:EN.GHG.N2O.AG.MT.CE.AR5:MLT,2002-12-31,0.0228
WDI:EN.GHG.N2O.AG.MT.CE.AR5:MLT,2003-12-31,0.0238
WDI:EN.GHG.N2O.AG.MT.CE.AR5:MLT,2004-12-31,0.0221
WDI:EN.GHG.N2O.AG.MT.CE.AR5:MLT,2005-12-31,0.0232
WDI:EN.GHG.N2O.AG.MT.CE.AR5:MLT,2006-12-31,0.023
WDI:EN.GHG.N2O.AG.MT.CE.AR5:MLT,2007-12-31,0.023
WDI:EN.GHG.N2O.AG.MT.CE.AR5:MLT,2008-12-31,0.0236
WDI:EN.GHG.N2O.AG.MT.CE.AR5:MLT,2009-12-31,0.0208
WDI:EN.GHG.N2O.AG.MT.CE.AR5:MLT,2010-12-31,0.0199
WDI:EN.GHG.N2O.AG.MT.CE.AR5:MLT,2011-12-31,0.0176
WDI:EN.GHG.N2O.AG.MT.CE.AR5:MLT,2012-12-31,0.0179
WDI:EN.GHG.N2O.AG.MT.CE.AR5:MLT,2013-12-31,0.0178
WDI:EN.GHG.N2O.AG.MT.CE.AR5:MLT,2014-12-31,0.0178
WDI:EN.GHG.N2O.AG.MT.CE.AR5:MLT,2015-12-31,0.0175
WDI:EN.GHG.N2O.AG.MT.CE.AR5:MLT,2016-12-31,0.0171
WDI:EN.GHG.N2O.AG.MT.CE.AR5:MLT,2017-12-31,0.0163
WDI:EN.GHG.N2O.AG.MT.CE.AR5:MLT,2018-12-31,0.0158
WDI:EN.GHG.N2O.AG.MT.CE.AR5:MLT,2019-12-31,0.0156
WDI:EN.GHG.N2O.AG.MT.CE.AR5:MLT,2020-12-31,0.0157
WDI:EN.GHG.N2O.AG.MT.CE.AR5:MLT,2021-12-31,0.0159
WDI:EN.GHG.N2O.AG.MT.CE.AR5:MLT,2022-12-31,0.0154
WDI:EN.GHG.N2O.AG.MT.CE.AR5:MLT,2023-12-31,0.0156
WDI:EN.GHG.N2O.AG.MT.CE.AR5:MLT,2024-12-31,0.0156
WDI:EN.GHG.N2O.AG.MT.CE.AR5:MMR,1970-12-31,4.8563
WDI:EN.GHG.N2O.AG.MT.CE.AR5:MMR,1971-12-31,4.9378
WDI:EN.GHG.N2O.AG.MT.CE.AR5:MMR,1972-12-31,4.9847
WDI:EN.GHG.N2O.AG.MT.CE.AR5:MMR,1973-12-31,5.1119
WDI:EN.GHG.N2O.AG.MT.CE.AR5:MMR,1974-12-31,5.1171
WDI:EN.GHG.N2O.AG.MT.CE.AR5:MMR,1975-12-31,5.2292
WDI:EN.GHG.N2O.AG.MT.CE.AR5:MMR,1976-12-31,5.285
WDI:EN.GHG.N2O.AG.MT.CE.AR5:MMR,1977-12-31,5.3959
WDI:EN.GHG.N2O.AG.MT.CE.AR5:MMR,1978-12-31,5.6522
WDI:EN.GHG.N2O.AG.MT.CE.AR5:MMR,1979-12-31,5.8089
WDI:EN.GHG.N2O.AG.MT.CE.AR5:MMR,1980-12-31,6.0184
WDI:EN.GHG.N2O.AG.MT.CE.AR5:MMR,1981-12-31,6.4024
WDI:EN.GHG.N2O.AG.MT.CE.AR5:MMR,1982-12-31,6.6942
WDI:EN.GHG.N2O.AG.MT.CE.AR5:MMR,1983-12-31,6.8094
WDI:EN.GHG.N2O.AG.MT.CE.AR5:MMR,1984-12-31,6.9764
WDI:EN.GHG.N2O.AG.MT.CE.AR5:MMR,1985-12-31,7.1529
WDI:EN.GHG.N2O.AG.MT.CE.AR5:MMR,1986-12-31,7.0802
WDI:EN.GHG.N2O.AG.MT.CE.AR5:MMR,1987-12-31,7.0012
WDI:EN.GHG.N2O.AG.MT.CE.AR5:MMR,1988-12-31,6.9239
WDI:EN.GHG.N2O.AG.MT.CE.AR5:MMR,1989-12-31,6.4284
WDI:EN.GHG.N2O.AG.MT.CE.AR5:MMR,1990-12-31,6.4456
WDI:EN.GHG.N2O.AG.MT.CE.AR5:MMR,1991-12-31,6.4936
WDI:EN.GHG.N2O.AG.MT.CE.AR5:MMR,1992-12-31,6.6184
WDI:EN.GHG.N2O.AG.MT.CE.AR5:MMR,1993-12-31,6.776
WDI:EN.GHG.N2O.AG.MT.CE.AR5:MMR,1994-12-31,7.1543
WDI:EN.GHG.N2O.AG.MT.CE.AR5:MMR,1995-12-31,7.3165
WDI:EN.GHG.N2O.AG.MT.CE.AR5:MMR,1996-12-31,7.5283
WDI:EN.GHG.N2O.AG.MT.CE.AR5:MMR,1997-12-31,7.6147
WDI:EN.GHG.N2O.AG.MT.CE.AR5:MMR,1998-12-31,7.7346
WDI:EN.GHG.N2O.AG.MT.CE.AR5:MMR,1999-12-31,7.96
WDI:EN.GHG.N2O.AG.MT.CE.AR5:MMR,2000-12-31,8.3702
WDI:EN.GHG.N2O.AG.MT.CE.AR5:MMR,2001-12-31,8.2384
WDI:EN.GHG.N2O.AG.MT.CE.AR5:MMR,2002-12-31,8.8688
WDI:EN.GHG.N2O.AG.MT.CE.AR5:MMR,2003-12-31,9.2098
WDI:EN.GHG.N2O.AG.MT.CE.AR5:MMR,2004-12-31,9.22
WDI:EN.GHG.N2O.AG.MT.CE.AR5:MMR,2005-12-31,9.6269
WDI:EN.GHG.N2O.AG.MT.CE.AR5:MMR,2006-12-31,10.0039
WDI:EN.GHG.N2O.AG.MT.CE.AR5:MMR,2007-12-31,10.2169
WDI:EN.GHG.N2O.AG.MT.CE.AR5:MMR,2008-12-31,10.5186
WDI:EN.GHG.N2O.AG.MT.CE.AR5:MMR,2009-12-31,10.7542
WDI:EN.GHG.N2O.AG.MT.CE.AR5:MMR,2010-12-31,11.0969
WDI:EN.GHG.N2O.AG.MT.CE.AR5:MMR,2011-12-31,11.486
WDI:EN.GHG.N2O.AG.MT.CE.AR5:MMR,2012-12-31,11.8335
WDI:EN.GHG.N2O.AG.MT.CE.AR5:MMR,2013-12-31,12.4695
WDI:EN.GHG.N2O.AG.MT.CE.AR5:MMR,2014-12-31,13.0358
WDI:EN.GHG.N2O.AG.MT.CE.AR5:MMR,2015-12-31,13.4821
WDI:EN.GHG.N2O.AG.MT.CE.AR5:MMR,2016-12-31,14.4759
WDI:EN.GHG.N2O.AG.MT.CE.AR5:MMR,2017-12-31,16.3989
WDI:EN.GHG.N2O.AG.MT.CE.AR5:MMR,2018-12-31,10.4863
WDI:EN.GHG.N2O.AG.MT.CE.AR5:MMR,2019-12-31,10.3321
WDI:EN.GHG.N2O.AG.MT.CE.AR5:MMR,2020-12-31,11.1265
WDI:EN.GHG.N2O.AG.MT.CE.AR5:MMR,2021-12-31,10.4772
WDI:EN.GHG.N2O.AG.MT.CE.AR5:MMR,2022-12-31,11.0579
WDI:EN.GHG.N2O.AG.MT.CE.AR5:MMR,2023-12-31,10.8878
WDI:EN.GHG.N2O.AG.MT.CE.AR5:MMR,2024-12-31,10.839
WDI:EN.GHG.N2O.AG.MT.CE.AR5:MNA,1970-12-31,30.933200000000003
WDI:EN.GHG.N2O.AG.MT.CE.AR5:MNA,1971-12-31,31.116800000000005
WDI:EN.GHG.N2O.AG.MT.CE.AR5:MNA,1972-12-31,30.938100000000002
WDI:EN.GHG.N2O.AG.MT.CE.AR5:MNA,1973-12-31,31.106599999999993
WDI:EN.GHG.N2O.AG.MT.CE.AR5:MNA,1974-12-31,32.1953
WDI:EN.GHG.N2O.AG.MT.CE.AR5:MNA,1975-12-31,33.454600000000006
WDI:EN.GHG.N2O.AG.MT.CE.AR5:MNA,1976-12-31,34.695
WDI:EN.GHG.N2O.AG.MT.CE.AR5:MNA,1977-12-31,35.7892
WDI:EN.GHG.N2O.AG.MT.CE.AR5:MNA,1978-12-31,37.1421
WDI:EN.GHG.N2O.AG.MT.CE.AR5:MNA,1979-12-31,38.9664
WDI:EN.GHG.N2O.AG.MT.CE.AR5:MNA,1980-12-31,40.0236
WDI:EN.GHG.N2O.AG.MT.CE.AR5:MNA,1981-12-31,40.9434
WDI:EN.GHG.N2O.AG.MT.CE.AR5:MNA,1982-12-31,42.2896
WDI:EN.GHG.N2O.AG.MT.CE.AR5:MNA,1983-12-31,43.5406
WDI:EN.GHG.N2O.AG.MT.CE.AR5:MNA,1984-12-31,43.578
WDI:EN.GHG.N2O.AG.MT.CE.AR5:MNA,1985-12-31,45.7353
WDI:EN.GHG.N2O.AG.MT.CE.AR5:MNA,1986-12-31,49.8401
WDI:EN.GHG.N2O.AG.MT.CE.AR5:MNA,1987-12-31,50.339099999999995
WDI:EN.GHG.N2O.AG.MT.CE.AR5:MNA,1988-12-31,51.5182
WDI:EN.GHG.N2O.AG.MT.CE.AR5:MNA,1989-12-31,54.6686
WDI:EN.GHG.N2O.AG.MT.CE.AR5:MNA,1990-12-31,54.661899999999996
WDI:EN.GHG.N2O.AG.MT.CE.AR5:MNA,1991-12-31,54.5947
WDI:EN.GHG.N2O.AG.MT.CE.AR5:MNA,1992-12-31,58.05199999999999
WDI:EN.GHG.N2O.AG.MT.CE.AR5:MNA,1993-12-31,58.48760000000001
WDI:EN.GHG.N2O.AG.MT.CE.AR5:MNA,1994-12-31,58.6934
WDI:EN.GHG.N2O.AG.MT.CE.AR5:MNA,1995-12-31,62.14249999999999
WDI:EN.GHG.N2O.AG.MT.CE.AR5:MNA,1996-12-31,63.84499999999999
WDI:EN.GHG.N2O.AG.MT.CE.AR5:MNA,1997-12-31,66.362
WDI:EN.GHG.N2O.AG.MT.CE.AR5:MNA,1998-12-31,68.4574
WDI:EN.GHG.N2O.AG.MT.CE.AR5:MNA,1999-12-31,69.6148
WDI:EN.GHG.N2O.AG.MT.CE.AR5:MNA,2000-12-31,70.6628
WDI:EN.GHG.N2O.AG.MT.CE.AR5:MNA,2001-12-31,71.84370000000001
WDI:EN.GHG.N2O.AG.MT.CE.AR5:MNA,2002-12-31,74.1492
WDI:EN.GHG.N2O.AG.MT.CE.AR5:MNA,2003-12-31,74.5812
WDI:EN.GHG.N2O.AG.MT.CE.AR5:MNA,2004-12-31,78.8365
WDI:EN.GHG.N2O.AG.MT.CE.AR5:MNA,2005-12-31,80.1444
WDI:EN.GHG.N2O.AG.MT.CE.AR5:MNA,2006-12-31,80.8721
WDI:EN.GHG.N2O.AG.MT.CE.AR5:MNA,2007-12-31,82.20980000000002
WDI:EN.GHG.N2O.AG.MT.CE.AR5:MNA,2008-12-31,83.2404
WDI:EN.GHG.N2O.AG.MT.CE.AR5:MNA,2009-12-31,87.0935
WDI:EN.GHG.N2O.AG.MT.CE.AR5:MNA,2010-12-31,85.944
WDI:EN.GHG.N2O.AG.MT.CE.AR5:MNA,2011-12-31,87.44170000000001
WDI:EN.GHG.N2O.AG.MT.CE.AR5:MNA,2012-12-31,85.97979999999998
WDI:EN.GHG.N2O.AG.MT.CE.AR5:MNA,2013-12-31,87.18120000000002
WDI:EN.GHG.N2O.AG.MT.CE.AR5:MNA,2014-12-31,87.2453
WDI:EN.GHG.N2O.AG.MT.CE.AR5:MNA,2015-12-31,83.7215
WDI:EN.GHG.N2O.AG.MT.CE.AR5:MNA,2016-12-31,92.31570000000002
WDI:EN.GHG.N2O.AG.MT.CE.AR5:MNA,2017-12-31,91.57360000000001
WDI:EN.GHG.N2O.AG.MT.CE.AR5:MNA,2018-12-31,92.2553
WDI:EN.GHG.N2O.AG.MT.CE.AR5:MNA,2019-12-31,91.54589999999999
WDI:EN.GHG.N2O.AG.MT.CE.AR5:MNA,2020-12-31,94.24120000000002
WDI:EN.GHG.N2O.AG.MT.CE.AR5:MNA,2021-12-31,95.86110000000001
WDI:EN.GHG.N2O.AG.MT.CE.AR5:MNA,2022-12-31,96.50810000000001
WDI:EN.GHG.N2O.AG.MT.CE.AR5:MNA,2023-12-31,97.764
WDI:EN.GHG.N2O.AG.MT.CE.AR5:MNA,2024-12-31,99.292
WDI:EN.GHG.N2O.AG.MT.CE.AR5:MNG,1970-12-31,6.5645
WDI:EN.GHG.N2O.AG.MT.CE.AR5:MNG,1971-12-31,6.5894
WDI:EN.GHG.N2O.AG.MT.CE.AR5:MNG,1972-12-31,6.6099
WDI:EN.GHG.N2O.AG.MT.CE.AR5:MNG,1973-12-31,6.6327
WDI:EN.GHG.N2O.AG.MT.CE.AR5:MNG,1974-12-31,6.664
WDI:EN.GHG.N2O.AG.MT.CE.AR5:MNG,1975-12-31,6.7737
WDI:EN.GHG.N2O.AG.MT.CE.AR5:MNG,1976-12-31,6.7935
WDI:EN.GHG.N2O.AG.MT.CE.AR5:MNG,1977-12-31,6.7467
WDI:EN.GHG.N2O.AG.MT.CE.AR5:MNG,1978-12-31,6.6868
WDI:EN.GHG.N2O.AG.MT.CE.AR5:MNG,1979-12-31,6.7778
WDI:EN.GHG.N2O.AG.MT.CE.AR5:MNG,1980-12-31,6.7624
WDI:EN.GHG.N2O.AG.MT.CE.AR5:MNG,1981-12-31,6.6987
WDI:EN.GHG.N2O.AG.MT.CE.AR5:MNG,1982-12-31,6.7759
WDI:EN.GHG.N2O.AG.MT.CE.AR5:MNG,1983-12-31,6.8398
WDI:EN.GHG.N2O.AG.MT.CE.AR5:MNG,1984-12-31,6.763
WDI:EN.GHG.N2O.AG.MT.CE.AR5:MNG,1985-12-31,6.7175
WDI:EN.GHG.N2O.AG.MT.CE.AR5:MNG,1986-12-31,6.7196
WDI:EN.GHG.N2O.AG.MT.CE.AR5:MNG,1987-12-31,6.7533
WDI:EN.GHG.N2O.AG.MT.CE.AR5:MNG,1988-12-31,6.8039
WDI:EN.GHG.N2O.AG.MT.CE.AR5:MNG,1989-12-31,6.8365
WDI:EN.GHG.N2O.AG.MT.CE.AR5:MNG,1990-12-31,6.9996
WDI:EN.GHG.N2O.AG.MT.CE.AR5:MNG,1991-12-31,7.1298
WDI:EN.GHG.N2O.AG.MT.CE.AR5:MNG,1992-12-31,7.1251
WDI:EN.GHG.N2O.AG.MT.CE.AR5:MNG,1993-12-31,7.1456
WDI:EN.GHG.N2O.AG.MT.CE.AR5:MNG,1994-12-31,7.0668
WDI:EN.GHG.N2O.AG.MT.CE.AR5:MNG,1995-12-31,7.2877
WDI:EN.GHG.N2O.AG.MT.CE.AR5:MNG,1996-12-31,7.5145
WDI:EN.GHG.N2O.AG.MT.CE.AR5:MNG,1997-12-31,7.6718
WDI:EN.GHG.N2O.AG.MT.CE.AR5:MNG,1998-12-31,7.8961
WDI:EN.GHG.N2O.AG.MT.CE.AR5:MNG,1999-12-31,8.0399
WDI:EN.GHG.N2O.AG.MT.CE.AR5:MNG,2000-12-31,8.1501
WDI:EN.GHG.N2O.AG.MT.CE.AR5:MNG,2001-12-31,7.6193
WDI:EN.GHG.N2O.AG.MT.CE.AR5:MNG,2002-12-31,6.9495
WDI:EN.GHG.N2O.AG.MT.CE.AR5:MNG,2003-12-31,6.8449
WDI:EN.GHG.N2O.AG.MT.CE.AR5:MNG,2004-12-31,6.8155
WDI:EN.GHG.N2O.AG.MT.CE.AR5:MNG,2005-12-31,7.2152
WDI:EN.GHG.N2O.AG.MT.CE.AR5:MNG,2006-12-31,7.5961
WDI:EN.GHG.N2O.AG.MT.CE.AR5:MNG,2007-12-31,8.0732
WDI:EN.GHG.N2O.AG.MT.CE.AR5:MNG,2008-12-31,8.3012
WDI:EN.GHG.N2O.AG.MT.CE.AR5:MNG,2009-12-31,8.3911
WDI:EN.GHG.N2O.AG.MT.CE.AR5:MNG,2010-12-31,7.4476
WDI:EN.GHG.N2O.AG.MT.CE.AR5:MNG,2011-12-31,7.7861
WDI:EN.GHG.N2O.AG.MT.CE.AR5:MNG,2012-12-31,8.2084
WDI:EN.GHG.N2O.AG.MT.CE.AR5:MNG,2013-12-31,8.6377
WDI:EN.GHG.N2O.AG.MT.CE.AR5:MNG,2014-12-31,9.3153
WDI:EN.GHG.N2O.AG.MT.CE.AR5:MNG,2015-12-31,9.736
WDI:EN.GHG.N2O.AG.MT.CE.AR5:MNG,2016-12-31,10.2246
WDI:EN.GHG.N2O.AG.MT.CE.AR5:MNG,2017-12-31,10.6631
WDI:EN.GHG.N2O.AG.MT.CE.AR5:MNG,2018-12-31,10.6811
WDI:EN.GHG.N2O.AG.MT.CE.AR5:MNG,2019-12-31,11.1328
WDI:EN.GHG.N2O.AG.MT.CE.AR5:MNG,2020-12-31,10.8478
WDI:EN.GHG.N2O.AG.MT.CE.AR5:MNG,2021-12-31,10.9718
WDI:EN.GHG.N2O.AG.MT.CE.AR5:MNG,2022-12-31,11.4392
WDI:EN.GHG.N2O.AG.MT.CE.AR5:MNG,2023-12-31,11.0601
WDI:EN.GHG.N2O.AG.MT.CE.AR5:MNG,2024-12-31,11.1317
WDI:EN.GHG.N2O.AG.MT.CE.AR5:MNP,1970-12-31,0.0
WDI:EN.GHG.N2O.AG.MT.CE.AR5:MNP,1971-12-31,0.0
WDI:EN.GHG.N2O.AG.MT.CE.AR5:MNP,1972-12-31,0.0
WDI:EN.GHG.N2O.AG.MT.CE.AR5:MNP,1973-12-31,0.0
WDI:EN.GHG.N2O.AG.MT.CE.AR5:MNP,1974-12-31,0.0
WDI:EN.GHG.N2O.AG.MT.CE.AR5:MNP,1975-12-31,0.0
WDI:EN.GHG.N2O.AG.MT.CE.AR5:MNP,1976-12-31,0.0
WDI:EN.GHG.N2O.AG.MT.CE.AR5:MNP,1977-12-31,0.0
WDI:EN.GHG.N2O.AG.MT.CE.AR5:MNP,1978-12-31,0.0
WDI:EN.GHG.N2O.AG.MT.CE.AR5:MNP,1979-12-31,0.0
WDI:EN.GHG.N2O.AG.MT.CE.AR5:MNP,1980-12-31,0.0
WDI:EN.GHG.N2O.AG.MT.CE.AR5:MNP,1981-12-31,0.0
WDI:EN.GHG.N2O.AG.MT.CE.AR5:MNP,1982-12-31,0.0
WDI:EN.GHG.N2O.AG.MT.CE.AR5:MNP,1983-12-31,0.0
WDI:EN.GHG.N2O.AG.MT.CE.AR5:MNP,1984-12-31,0.0
WDI:EN.GHG.N2O.AG.MT.CE.AR5:MNP,1985-12-31,0.0
WDI:EN.GHG.N2O.AG.MT.CE.AR5:MNP,1986-12-31,0.0
WDI:EN.GHG.N2O.AG.MT.CE.AR5:MNP,1987-12-31,0.0
WDI:EN.GHG.N2O.AG.MT.CE.AR5:MNP,1988-12-31,0.0
WDI:EN.GHG.N2O.AG.MT.CE.AR5:MNP,1989-12-31,0.0
WDI:EN.GHG.N2O.AG.MT.CE.AR5:MNP,1990-12-31,0.0
WDI:EN.GHG.N2O.AG.MT.CE.AR5:MNP,1991-12-31,0.0
WDI:EN.GHG.N2O.AG.MT.CE.AR5:MNP,1992-12-31,0.0
WDI:EN.GHG.N2O.AG.MT.CE.AR5:MNP,1993-12-31,0.0
WDI:EN.GHG.N2O.AG.MT.CE.AR5:MNP,1994-12-31,0.0
WDI:EN.GHG.N2O.AG.MT.CE.AR5:MNP,1995-12-31,0.0
WDI:EN.GHG.N2O.AG.MT.CE.AR5:MNP,1996-12-31,0.0
WDI:EN.GHG.N2O.AG.MT.CE.AR5:MNP,1997-12-31,0.0
WDI:EN.GHG.N2O.AG.MT.CE.AR5:MNP,1998-12-31,0.0
WDI:EN.GHG.N2O.AG.MT.CE.AR5:MNP,1999-12-31,0.0
WDI:EN.GHG.N2O.AG.MT.CE.AR5:MNP,2000-12-31,0.0
WDI:EN.GHG.N2O.AG.MT.CE.AR5:MNP,2001-12-31,0.0
WDI:EN.GHG.N2O.AG.MT.CE.AR5:MNP,2002-12-31,0.0
WDI:EN.GHG.N2O.AG.MT.CE.AR5:MNP,2003-12-31,0.0
WDI:EN.GHG.N2O.AG.MT.CE.AR5:MNP,2004-12-31,0.0
WDI:EN.GHG.N2O.AG.MT.CE.AR5:MNP,2005-12-31,0.0
WDI:EN.GHG.N2O.AG.MT.CE.AR5:MNP,2006-12-31,0.0
WDI:EN.GHG.N2O.AG.MT.CE.AR5:MNP,2007-12-31,0.0
WDI:EN.GHG.N2O.AG.MT.CE.AR5:MNP,2008-12-31,0.0
WDI:EN.GHG.N2O.AG.MT.CE.AR5:MNP,2009-12-31,0.0
WDI:EN.GHG.N2O.AG.MT.CE.AR5:MNP,2010-12-31,0.0
WDI:EN.GHG.N2O.AG.MT.CE.AR5:MNP,2011-12-31,0.0
WDI:EN.GHG.N2O.AG.MT.CE.AR5:MNP,2012-12-31,0.0
WDI:EN.GHG.N2O.AG.MT.CE.AR5:MNP,2013-12-31,0.0
WDI:EN.GHG.N2O.AG.MT.CE.AR5:MNP,2014-12-31,0.0
WDI:EN.GHG.N2O.AG.MT.CE.AR5:MNP,2015-12-31,0.0
WDI:EN.GHG.N2O.AG.MT.CE.AR5:MNP,2016-12-31,0.0
WDI:EN.GHG.N2O.AG.MT.CE.AR5:MNP,2017-12-31,0.0
WDI:EN.GHG.N2O.AG.MT.CE.AR5:MNP,2018-12-31,0.0
WDI:EN.GHG.N2O.AG.MT.CE.AR5:MNP,2019-12-31,0.0
WDI:EN.GHG.N2O.AG.MT.CE.AR5:MNP,2020-12-31,0.0
WDI:EN.GHG.N2O.AG.MT.CE.AR5:MNP,2021-12-31,0.0
WDI:EN.GHG.N2O.AG.MT.CE.AR5:MNP,2022-12-31,0.0
WDI:EN.GHG.N2O.AG.MT.CE.AR5:MNP,2023-12-31,0.0
WDI:EN.GHG.N2O.AG.MT.CE.AR5:MOZ,1970-12-31,0.6557
WDI:EN.GHG.N2O.AG.MT.CE.AR5:MOZ,1971-12-31,0.6957
WDI:EN.GHG.N2O.AG.MT.CE.AR5:MOZ,1972-12-31,0.6691
WDI:EN.GHG.N2O.AG.MT.CE.AR5:MOZ,1973-12-31,0.7126
WDI:EN.GHG.N2O.AG.MT.CE.AR5:MOZ,1974-12-31,0.7302
WDI:EN.GHG.N2O.AG.MT.CE.AR5:MOZ,1975-12-31,0.7179
WDI:EN.GHG.N2O.AG.MT.CE.AR5:MOZ,1976-12-31,0.666
WDI:EN.GHG.N2O.AG.MT.CE.AR5:MOZ,1977-12-31,0.6774
WDI:EN.GHG.N2O.AG.MT.CE.AR5:MOZ,1978-12-31,0.687
WDI:EN.GHG.N2O.AG.MT.CE.AR5:MOZ,1979-12-31,0.6959
WDI:EN.GHG.N2O.AG.MT.CE.AR5:MOZ,1980-12-31,0.7082
WDI:EN.GHG.N2O.AG.MT.CE.AR5:MOZ,1981-12-31,0.7189
WDI:EN.GHG.N2O.AG.MT.CE.AR5:MOZ,1982-12-31,0.6944
WDI:EN.GHG.N2O.AG.MT.CE.AR5:MOZ,1983-12-31,0.6667
WDI:EN.GHG.N2O.AG.MT.CE.AR5:MOZ,1984-12-31,0.6852
WDI:EN.GHG.N2O.AG.MT.CE.AR5:MOZ,1985-12-31,0.7052
WDI:EN.GHG.N2O.AG.MT.CE.AR5:MOZ,1986-12-31,0.6421
WDI:EN.GHG.N2O.AG.MT.CE.AR5:MOZ,1987-12-31,0.6184
WDI:EN.GHG.N2O.AG.MT.CE.AR5:MOZ,1988-12-31,0.6406
WDI:EN.GHG.N2O.AG.MT.CE.AR5:MOZ,1989-12-31,0.6457
WDI:EN.GHG.N2O.AG.MT.CE.AR5:MOZ,1990-12-31,0.7731
WDI:EN.GHG.N2O.AG.MT.CE.AR5:MOZ,1991-12-31,0.7715
WDI:EN.GHG.N2O.AG.MT.CE.AR5:MOZ,1992-12-31,0.8288
WDI:EN.GHG.N2O.AG.MT.CE.AR5:MOZ,1993-12-31,0.893
WDI:EN.GHG.N2O.AG.MT.CE.AR5:MOZ,1994-12-31,0.9251
WDI:EN.GHG.N2O.AG.MT.CE.AR5:MOZ,1995-12-31,0.9601
WDI:EN.GHG.N2O.AG.MT.CE.AR5:MOZ,1996-12-31,1.005
WDI:EN.GHG.N2O.AG.MT.CE.AR5:MOZ,1997-12-31,1.0142
WDI:EN.GHG.N2O.AG.MT.CE.AR5:MOZ,1998-12-31,1.037
WDI:EN.GHG.N2O.AG.MT.CE.AR5:MOZ,1999-12-31,1.0417
WDI:EN.GHG.N2O.AG.MT.CE.AR5:MOZ,2000-12-31,1.1775
WDI:EN.GHG.N2O.AG.MT.CE.AR5:MOZ,2001-12-31,1.0213
WDI:EN.GHG.N2O.AG.MT.CE.AR5:MOZ,2002-12-31,1.0803
WDI:EN.GHG.N2O.AG.MT.CE.AR5:MOZ,2003-12-31,1.0761
WDI:EN.GHG.N2O.AG.MT.CE.AR5:MOZ,2004-12-31,1.1493
WDI:EN.GHG.N2O.AG.MT.CE.AR5:MOZ,2005-12-31,1.2265
WDI:EN.GHG.N2O.AG.MT.CE.AR5:MOZ,2006-12-31,1.0362
WDI:EN.GHG.N2O.AG.MT.CE.AR5:MOZ,2007-12-31,1.2062
WDI:EN.GHG.N2O.AG.MT.CE.AR5:MOZ,2008-12-31,1.2642
WDI:EN.GHG.N2O.AG.MT.CE.AR5:MOZ,2009-12-31,1.177
WDI:EN.GHG.N2O.AG.MT.CE.AR5:MOZ,2010-12-31,1.1914
WDI:EN.GHG.N2O.AG.MT.CE.AR5:MOZ,2011-12-31,1.2719
WDI:EN.GHG.N2O.AG.MT.CE.AR5:MOZ,2012-12-31,1.3678
WDI:EN.GHG.N2O.AG.MT.CE.AR5:MOZ,2013-12-31,1.3735
WDI:EN.GHG.N2O.AG.MT.CE.AR5:MOZ,2014-12-31,1.501
WDI:EN.GHG.N2O.AG.MT.CE.AR5:MOZ,2015-12-31,1.2756
WDI:EN.GHG.N2O.AG.MT.CE.AR5:MOZ,2016-12-31,1.41
WDI:EN.GHG.N2O.AG.MT.CE.AR5:MOZ,2017-12-31,1.3033
WDI:EN.GHG.N2O.AG.MT.CE.AR5:MOZ,2018-12-31,1.5923
WDI:EN.GHG.N2O.AG.MT.CE.AR5:MOZ,2019-12-31,1.4982
WDI:EN.GHG.N2O.AG.MT.CE.AR5:MOZ,2020-12-31,1.5066
WDI:EN.GHG.N2O.AG.MT.CE.AR5:MOZ,2021-12-31,1.5816
WDI:EN.GHG.N2O.AG.MT.CE.AR5:MOZ,2022-12-31,1.7742
WDI:EN.GHG.N2O.AG.MT.CE.AR5:MOZ,2023-12-31,1.7202
WDI:EN.GHG.N2O.AG.MT.CE.AR5:MOZ,2024-12-31,1.7297
WDI:EN.GHG.N2O.AG.MT.CE.AR5:MRT,1970-12-31,1.1789
WDI:EN.GHG.N2O.AG.MT.CE.AR5:MRT,1971-12-31,1.1439
WDI:EN.GHG.N2O.AG.MT.CE.AR5:MRT,1972-12-31,1.0346
WDI:EN.GHG.N2O.AG.MT.CE.AR5:MRT,1973-12-31,0.9982
WDI:EN.GHG.N2O.AG.MT.CE.AR5:MRT,1974-12-31,0.8183
WDI:EN.GHG.N2O.AG.MT.CE.AR5:MRT,1975-12-31,0.8435
WDI:EN.GHG.N2O.AG.MT.CE.AR5:MRT,1976-12-31,0.8945
WDI:EN.GHG.N2O.AG.MT.CE.AR5:MRT,1977-12-31,0.9339
WDI:EN.GHG.N2O.AG.MT.CE.AR5:MRT,1978-12-31,0.95
WDI:EN.GHG.N2O.AG.MT.CE.AR5:MRT,1979-12-31,0.972
WDI:EN.GHG.N2O.AG.MT.CE.AR5:MRT,1980-12-31,0.9908
WDI:EN.GHG.N2O.AG.MT.CE.AR5:MRT,1981-12-31,1.0721
WDI:EN.GHG.N2O.AG.MT.CE.AR5:MRT,1982-12-31,1.105
WDI:EN.GHG.N2O.AG.MT.CE.AR5:MRT,1983-12-31,0.9748
WDI:EN.GHG.N2O.AG.MT.CE.AR5:MRT,1984-12-31,0.9048
WDI:EN.GHG.N2O.AG.MT.CE.AR5:MRT,1985-12-31,0.9769
WDI:EN.GHG.N2O.AG.MT.CE.AR5:MRT,1986-12-31,1.0022
WDI:EN.GHG.N2O.AG.MT.CE.AR5:MRT,1987-12-31,1.0225
WDI:EN.GHG.N2O.AG.MT.CE.AR5:MRT,1988-12-31,1.0734
WDI:EN.GHG.N2O.AG.MT.CE.AR5:MRT,1989-12-31,1.1231
WDI:EN.GHG.N2O.AG.MT.CE.AR5:MRT,1990-12-31,1.1686
WDI:EN.GHG.N2O.AG.MT.CE.AR5:MRT,1991-12-31,1.2033
WDI:EN.GHG.N2O.AG.MT.CE.AR5:MRT,1992-12-31,1.1225
WDI:EN.GHG.N2O.AG.MT.CE.AR5:MRT,1993-12-31,1.1672
WDI:EN.GHG.N2O.AG.MT.CE.AR5:MRT,1994-12-31,1.1293
WDI:EN.GHG.N2O.AG.MT.CE.AR5:MRT,1995-12-31,1.1354
WDI:EN.GHG.N2O.AG.MT.CE.AR5:MRT,1996-12-31,1.2285
WDI:EN.GHG.N2O.AG.MT.CE.AR5:MRT,1997-12-31,1.3257
WDI:EN.GHG.N2O.AG.MT.CE.AR5:MRT,1998-12-31,1.3991
WDI:EN.GHG.N2O.AG.MT.CE.AR5:MRT,1999-12-31,1.5067
WDI:EN.GHG.N2O.AG.MT.CE.AR5:MRT,2000-12-31,1.5707
WDI:EN.GHG.N2O.AG.MT.CE.AR5:MRT,2001-12-31,1.6318
WDI:EN.GHG.N2O.AG.MT.CE.AR5:MRT,2002-12-31,1.6759
WDI:EN.GHG.N2O.AG.MT.CE.AR5:MRT,2003-12-31,1.6934
WDI:EN.GHG.N2O.AG.MT.CE.AR5:MRT,2004-12-31,1.6243
WDI:EN.GHG.N2O.AG.MT.CE.AR5:MRT,2005-12-31,1.6383
WDI:EN.GHG.N2O.AG.MT.CE.AR5:MRT,2006-12-31,1.7322
WDI:EN.GHG.N2O.AG.MT.CE.AR5:MRT,2007-12-31,1.6263
WDI:EN.GHG.N2O.AG.MT.CE.AR5:MRT,2008-12-31,1.5401
WDI:EN.GHG.N2O.AG.MT.CE.AR5:MRT,2009-12-31,1.6786
WDI:EN.GHG.N2O.AG.MT.CE.AR5:MRT,2010-12-31,1.7196
WDI:EN.GHG.N2O.AG.MT.CE.AR5:MRT,2011-12-31,1.7685
WDI:EN.GHG.N2O.AG.MT.CE.AR5:MRT,2012-12-31,1.8253
WDI:EN.GHG.N2O.AG.MT.CE.AR5:MRT,2013-12-31,1.8785
WDI:EN.GHG.N2O.AG.MT.CE.AR5:MRT,2014-12-31,1.9069
WDI:EN.GHG.N2O.AG.MT.CE.AR5:MRT,2015-12-31,2.0147
WDI:EN.GHG.N2O.AG.MT.CE.AR5:MRT,2016-12-31,1.9936
WDI:EN.GHG.N2O.AG.MT.CE.AR5:MRT,2017-12-31,1.9783
WDI:EN.GHG.N2O.AG.MT.CE.AR5:MRT,2018-12-31,1.9809
WDI:EN.GHG.N2O.AG.MT.CE.AR5:MRT,2019-12-31,2.0539
WDI:EN.GHG.N2O.AG.MT.CE.AR5:MRT,2020-12-31,2.0703
WDI:EN.GHG.N2O.AG.MT.CE.AR5:MRT,2021-12-31,2.0584
WDI:EN.GHG.N2O.AG.MT.CE.AR5:MRT,2022-12-31,2.0695
WDI:EN.GHG.N2O.AG.MT.CE.AR5:MRT,2023-12-31,2.0885
WDI:EN.GHG.N2O.AG.MT.CE.AR5:MRT,2024-12-31,2.1101
WDI:EN.GHG.N2O.AG.MT.CE.AR5:MUS,1970-12-31,0.0897
WDI:EN.GHG.N2O.AG.MT.CE.AR5:MUS,1971-12-31,0.0898
WDI:EN.GHG.N2O.AG.MT.CE.AR5:MUS,1972-12-31,0.0907
WDI:EN.GHG.N2O.AG.MT.CE.AR5:MUS,1973-12-31,0.0893
WDI:EN.GHG.N2O.AG.MT.CE.AR5:MUS,1974-12-31,0.0739
WDI:EN.GHG.N2O.AG.MT.CE.AR5:MUS,1975-12-31,0.0764
WDI:EN.GHG.N2O.AG.MT.CE.AR5:MUS,1976-12-31,0.0723
WDI:EN.GHG.N2O.AG.MT.CE.AR5:MUS,1977-12-31,0.0899
WDI:EN.GHG.N2O.AG.MT.CE.AR5:MUS,1978-12-31,0.0794
WDI:EN.GHG.N2O.AG.MT.CE.AR5:MUS,1979-12-31,0.0761
WDI:EN.GHG.N2O.AG.MT.CE.AR5:MUS,1980-12-31,0.0786
WDI:EN.GHG.N2O.AG.MT.CE.AR5:MUS,1981-12-31,0.0751
WDI:EN.GHG.N2O.AG.MT.CE.AR5:MUS,1982-12-31,0.0786
WDI:EN.GHG.N2O.AG.MT.CE.AR5:MUS,1983-12-31,0.0813
WDI:EN.GHG.N2O.AG.MT.CE.AR5:MUS,1984-12-31,0.0828
WDI:EN.GHG.N2O.AG.MT.CE.AR5:MUS,1985-12-31,0.0861
WDI:EN.GHG.N2O.AG.MT.CE.AR5:MUS,1986-12-31,0.0827
WDI:EN.GHG.N2O.AG.MT.CE.AR5:MUS,1987-12-31,0.0979
WDI:EN.GHG.N2O.AG.MT.CE.AR5:MUS,1988-12-31,0.0879
WDI:EN.GHG.N2O.AG.MT.CE.AR5:MUS,1989-12-31,0.0924
WDI:EN.GHG.N2O.AG.MT.CE.AR5:MUS,1990-12-31,0.0895
WDI:EN.GHG.N2O.AG.MT.CE.AR5:MUS,1991-12-31,0.0881
WDI:EN.GHG.N2O.AG.MT.CE.AR5:MUS,1992-12-31,0.0892
WDI:EN.GHG.N2O.AG.MT.CE.AR5:MUS,1993-12-31,0.0828
WDI:EN.GHG.N2O.AG.MT.CE.AR5:MUS,1994-12-31,0.0922
WDI:EN.GHG.N2O.AG.MT.CE.AR5:MUS,1995-12-31,0.0957
WDI:EN.GHG.N2O.AG.MT.CE.AR5:MUS,1996-12-31,0.1003
WDI:EN.GHG.N2O.AG.MT.CE.AR5:MUS,1997-12-31,0.093
WDI:EN.GHG.N2O.AG.MT.CE.AR5:MUS,1998-12-31,0.0954
WDI:EN.GHG.N2O.AG.MT.CE.AR5:MUS,1999-12-31,0.1001
WDI:EN.GHG.N2O.AG.MT.CE.AR5:MUS,2000-12-31,0.1195
WDI:EN.GHG.N2O.AG.MT.CE.AR5:MUS,2001-12-31,0.0877
WDI:EN.GHG.N2O.AG.MT.CE.AR5:MUS,2002-12-31,0.0797
WDI:EN.GHG.N2O.AG.MT.CE.AR5:MUS,2003-12-31,0.0693
WDI:EN.GHG.N2O.AG.MT.CE.AR5:MUS,2004-12-31,0.0945
WDI:EN.GHG.N2O.AG.MT.CE.AR5:MUS,2005-12-31,0.0955
WDI:EN.GHG.N2O.AG.MT.CE.AR5:MUS,2006-12-31,0.0978
WDI:EN.GHG.N2O.AG.MT.CE.AR5:MUS,2007-12-31,0.0995
WDI:EN.GHG.N2O.AG.MT.CE.AR5:MUS,2008-12-31,0.0991
WDI:EN.GHG.N2O.AG.MT.CE.AR5:MUS,2009-12-31,0.101
WDI:EN.GHG.N2O.AG.MT.CE.AR5:MUS,2010-12-31,0.1029
WDI:EN.GHG.N2O.AG.MT.CE.AR5:MUS,2011-12-31,0.1046
WDI:EN.GHG.N2O.AG.MT.CE.AR5:MUS,2012-12-31,0.0839
WDI:EN.GHG.N2O.AG.MT.CE.AR5:MUS,2013-12-31,0.0779
WDI:EN.GHG.N2O.AG.MT.CE.AR5:MUS,2014-12-31,0.0898
WDI:EN.GHG.N2O.AG.MT.CE.AR5:MUS,2015-12-31,0.0518
WDI:EN.GHG.N2O.AG.MT.CE.AR5:MUS,2016-12-31,0.0523
WDI:EN.GHG.N2O.AG.MT.CE.AR5:MUS,2017-12-31,0.0614
WDI:EN.GHG.N2O.AG.MT.CE.AR5:MUS,2018-12-31,0.0646
WDI:EN.GHG.N2O.AG.MT.CE.AR5:MUS,2019-12-31,0.0618
WDI:EN.GHG.N2O.AG.MT.CE.AR5:MUS,2020-12-31,0.0525
WDI:EN.GHG.N2O.AG.MT.CE.AR5:MUS,2021-12-31,0.0638
WDI:EN.GHG.N2O.AG.MT.CE.AR5:MUS,2022-12-31,0.0727
WDI:EN.GHG.N2O.AG.MT.CE.AR5:MUS,2023-12-31,0.0767
WDI:EN.GHG.N2O.AG.MT.CE.AR5:MUS,2024-12-31,0.0809
WDI:EN.GHG.N2O.AG.MT.CE.AR5:MWI,1970-12-31,0.3322
WDI:EN.GHG.N2O.AG.MT.CE.AR5:MWI,1971-12-31,0.3404
WDI:EN.GHG.N2O.AG.MT.CE.AR5:MWI,1972-12-31,0.365
WDI:EN.GHG.N2O.AG.MT.CE.AR5:MWI,1973-12-31,0.3783
WDI:EN.GHG.N2O.AG.MT.CE.AR5:MWI,1974-12-31,0.4047
WDI:EN.GHG.N2O.AG.MT.CE.AR5:MWI,1975-12-31,0.4097
WDI:EN.GHG.N2O.AG.MT.CE.AR5:MWI,1976-12-31,0.4419
WDI:EN.GHG.N2O.AG.MT.CE.AR5:MWI,1977-12-31,0.4572
WDI:EN.GHG.N2O.AG.MT.CE.AR5:MWI,1978-12-31,0.472
WDI:EN.GHG.N2O.AG.MT.CE.AR5:MWI,1979-12-31,0.4764
WDI:EN.GHG.N2O.AG.MT.CE.AR5:MWI,1980-12-31,0.477
WDI:EN.GHG.N2O.AG.MT.CE.AR5:MWI,1981-12-31,0.5288
WDI:EN.GHG.N2O.AG.MT.CE.AR5:MWI,1982-12-31,0.5542
WDI:EN.GHG.N2O.AG.MT.CE.AR5:MWI,1983-12-31,0.5701
WDI:EN.GHG.N2O.AG.MT.CE.AR5:MWI,1984-12-31,0.6045
WDI:EN.GHG.N2O.AG.MT.CE.AR5:MWI,1985-12-31,0.6548
WDI:EN.GHG.N2O.AG.MT.CE.AR5:MWI,1986-12-31,0.6638
WDI:EN.GHG.N2O.AG.MT.CE.AR5:MWI,1987-12-31,0.6919
WDI:EN.GHG.N2O.AG.MT.CE.AR5:MWI,1988-12-31,0.5949
WDI:EN.GHG.N2O.AG.MT.CE.AR5:MWI,1989-12-31,0.5901
WDI:EN.GHG.N2O.AG.MT.CE.AR5:MWI,1990-12-31,0.5823
WDI:EN.GHG.N2O.AG.MT.CE.AR5:MWI,1991-12-31,0.5774
WDI:EN.GHG.N2O.AG.MT.CE.AR5:MWI,1992-12-31,0.5759
WDI:EN.GHG.N2O.AG.MT.CE.AR5:MWI,1993-12-31,0.5852
WDI:EN.GHG.N2O.AG.MT.CE.AR5:MWI,1994-12-31,0.5399
WDI:EN.GHG.N2O.AG.MT.CE.AR5:MWI,1995-12-31,0.5656
WDI:EN.GHG.N2O.AG.MT.CE.AR5:MWI,1996-12-31,0.5752
WDI:EN.GHG.N2O.AG.MT.CE.AR5:MWI,1997-12-31,0.5638
WDI:EN.GHG.N2O.AG.MT.CE.AR5:MWI,1998-12-31,0.6326
WDI:EN.GHG.N2O.AG.MT.CE.AR5:MWI,1999-12-31,0.6349
WDI:EN.GHG.N2O.AG.MT.CE.AR5:MWI,2000-12-31,0.6858
WDI:EN.GHG.N2O.AG.MT.CE.AR5:MWI,2001-12-31,0.6654
WDI:EN.GHG.N2O.AG.MT.CE.AR5:MWI,2002-12-31,0.6571
WDI:EN.GHG.N2O.AG.MT.CE.AR5:MWI,2003-12-31,0.683
WDI:EN.GHG.N2O.AG.MT.CE.AR5:MWI,2004-12-31,0.7013
WDI:EN.GHG.N2O.AG.MT.CE.AR5:MWI,2005-12-31,0.7176
WDI:EN.GHG.N2O.AG.MT.CE.AR5:MWI,2006-12-31,0.7857
WDI:EN.GHG.N2O.AG.MT.CE.AR5:MWI,2007-12-31,0.9031
WDI:EN.GHG.N2O.AG.MT.CE.AR5:MWI,2008-12-31,1.012
WDI:EN.GHG.N2O.AG.MT.CE.AR5:MWI,2009-12-31,1.1063
WDI:EN.GHG.N2O.AG.MT.CE.AR5:MWI,2010-12-31,1.2446
WDI:EN.GHG.N2O.AG.MT.CE.AR5:MWI,2011-12-31,1.3571
WDI:EN.GHG.N2O.AG.MT.CE.AR5:MWI,2012-12-31,1.4729
WDI:EN.GHG.N2O.AG.MT.CE.AR5:MWI,2013-12-31,1.5842
WDI:EN.GHG.N2O.AG.MT.CE.AR5:MWI,2014-12-31,1.6555
WDI:EN.GHG.N2O.AG.MT.CE.AR5:MWI,2015-12-31,1.7923
WDI:EN.GHG.N2O.AG.MT.CE.AR5:MWI,2016-12-31,1.8981
WDI:EN.GHG.N2O.AG.MT.CE.AR5:MWI,2017-12-31,2.0439
WDI:EN.GHG.N2O.AG.MT.CE.AR5:MWI,2018-12-31,2.5747
WDI:EN.GHG.N2O.AG.MT.CE.AR5:MWI,2019-12-31,3.1283
WDI:EN.GHG.N2O.AG.MT.CE.AR5:MWI,2020-12-31,3.1252
WDI:EN.GHG.N2O.AG.MT.CE.AR5:MWI,2021-12-31,3.112
WDI:EN.GHG.N2O.AG.MT.CE.AR5:MWI,2022-12-31,3.3056
WDI:EN.GHG.N2O.AG.MT.CE.AR5:MWI,2023-12-31,3.5528
WDI:EN.GHG.N2O.AG.MT.CE.AR5:MWI,2024-12-31,3.7789
WDI:EN.GHG.N2O.AG.MT.CE.AR5:MYS,1970-12-31,1.9881
WDI:EN.GHG.N2O.AG.MT.CE.AR5:MYS,1971-12-31,1.992
WDI:EN.GHG.N2O.AG.MT.CE.AR5:MYS,1972-12-31,1.9981
WDI:EN.GHG.N2O.AG.MT.CE.AR5:MYS,1973-12-31,2.0049
WDI:EN.GHG.N2O.AG.MT.CE.AR5:MYS,1974-12-31,1.795
WDI:EN.GHG.N2O.AG.MT.CE.AR5:MYS,1975-12-31,1.8687
WDI:EN.GHG.N2O.AG.MT.CE.AR5:MYS,1976-12-31,1.9145
WDI:EN.GHG.N2O.AG.MT.CE.AR5:MYS,1977-12-31,1.9819
WDI:EN.GHG.N2O.AG.MT.CE.AR5:MYS,1978-12-31,2.0904
WDI:EN.GHG.N2O.AG.MT.CE.AR5:MYS,1979-12-31,2.2682
WDI:EN.GHG.N2O.AG.MT.CE.AR5:MYS,1980-12-31,2.323
WDI:EN.GHG.N2O.AG.MT.CE.AR5:MYS,1981-12-31,2.2501
WDI:EN.GHG.N2O.AG.MT.CE.AR5:MYS,1982-12-31,2.305
WDI:EN.GHG.N2O.AG.MT.CE.AR5:MYS,1983-12-31,2.4418
WDI:EN.GHG.N2O.AG.MT.CE.AR5:MYS,1984-12-31,2.7838
WDI:EN.GHG.N2O.AG.MT.CE.AR5:MYS,1985-12-31,2.719
WDI:EN.GHG.N2O.AG.MT.CE.AR5:MYS,1986-12-31,2.6187
WDI:EN.GHG.N2O.AG.MT.CE.AR5:MYS,1987-12-31,2.7095
WDI:EN.GHG.N2O.AG.MT.CE.AR5:MYS,1988-12-31,2.8521
WDI:EN.GHG.N2O.AG.MT.CE.AR5:MYS,1989-12-31,3.0794
WDI:EN.GHG.N2O.AG.MT.CE.AR5:MYS,1990-12-31,3.032
WDI:EN.GHG.N2O.AG.MT.CE.AR5:MYS,1991-12-31,2.8753
WDI:EN.GHG.N2O.AG.MT.CE.AR5:MYS,1992-12-31,3.1308
WDI:EN.GHG.N2O.AG.MT.CE.AR5:MYS,1993-12-31,3.1927
WDI:EN.GHG.N2O.AG.MT.CE.AR5:MYS,1994-12-31,3.1851
WDI:EN.GHG.N2O.AG.MT.CE.AR5:MYS,1995-12-31,3.1536
WDI:EN.GHG.N2O.AG.MT.CE.AR5:MYS,1996-12-31,2.9889
WDI:EN.GHG.N2O.AG.MT.CE.AR5:MYS,1997-12-31,3.5238
WDI:EN.GHG.N2O.AG.MT.CE.AR5:MYS,1998-12-31,3.8968
WDI:EN.GHG.N2O.AG.MT.CE.AR5:MYS,1999-12-31,3.5708
WDI:EN.GHG.N2O.AG.MT.CE.AR5:MYS,2000-12-31,3.6128
WDI:EN.GHG.N2O.AG.MT.CE.AR5:MYS,2001-12-31,3.5822
WDI:EN.GHG.N2O.AG.MT.CE.AR5:MYS,2002-12-31,3.7502
WDI:EN.GHG.N2O.AG.MT.CE.AR5:MYS,2003-12-31,3.9575
WDI:EN.GHG.N2O.AG.MT.CE.AR5:MYS,2004-12-31,4.8721
WDI:EN.GHG.N2O.AG.MT.CE.AR5:MYS,2005-12-31,4.5927
WDI:EN.GHG.N2O.AG.MT.CE.AR5:MYS,2006-12-31,4.8637
WDI:EN.GHG.N2O.AG.MT.CE.AR5:MYS,2007-12-31,5.0974
WDI:EN.GHG.N2O.AG.MT.CE.AR5:MYS,2008-12-31,4.9842
WDI:EN.GHG.N2O.AG.MT.CE.AR5:MYS,2009-12-31,5.4338
WDI:EN.GHG.N2O.AG.MT.CE.AR5:MYS,2010-12-31,5.1685
WDI:EN.GHG.N2O.AG.MT.CE.AR5:MYS,2011-12-31,5.2847
WDI:EN.GHG.N2O.AG.MT.CE.AR5:MYS,2012-12-31,4.9871
WDI:EN.GHG.N2O.AG.MT.CE.AR5:MYS,2013-12-31,5.7081
WDI:EN.GHG.N2O.AG.MT.CE.AR5:MYS,2014-12-31,5.3072
WDI:EN.GHG.N2O.AG.MT.CE.AR5:MYS,2015-12-31,5.112
WDI:EN.GHG.N2O.AG.MT.CE.AR5:MYS,2016-12-31,5.4236
WDI:EN.GHG.N2O.AG.MT.CE.AR5:MYS,2017-12-31,5.4145
WDI:EN.GHG.N2O.AG.MT.CE.AR5:MYS,2018-12-31,5.1409
WDI:EN.GHG.N2O.AG.MT.CE.AR5:MYS,2019-12-31,5.301
WDI:EN.GHG.N2O.AG.MT.CE.AR5:MYS,2020-12-31,4.9861
WDI:EN.GHG.N2O.AG.MT.CE.AR5:MYS,2021-12-31,4.711
WDI:EN.GHG.N2O.AG.MT.CE.AR5:MYS,2022-12-31,4.3918
WDI:EN.GHG.N2O.AG.MT.CE.AR5:MYS,2023-12-31,4.1986
WDI:EN.GHG.N2O.AG.MT.CE.AR5:MYS,2024-12-31,4.0714
WDI:EN.GHG.N2O.AG.MT.CE.AR5:NAC,1970-12-31,122.1156
WDI:EN.GHG.N2O.AG.MT.CE.AR5:NAC,1971-12-31,125.81519999999999
WDI:EN.GHG.N2O.AG.MT.CE.AR5:NAC,1972-12-31,126.4579
WDI:EN.GHG.N2O.AG.MT.CE.AR5:NAC,1973-12-31,128.7537
WDI:EN.GHG.N2O.AG.MT.CE.AR5:NAC,1974-12-31,127.0665
WDI:EN.GHG.N2O.AG.MT.CE.AR5:NAC,1975-12-31,138.7735
WDI:EN.GHG.N2O.AG.MT.CE.AR5:NAC,1976-12-31,139.2334
WDI:EN.GHG.N2O.AG.MT.CE.AR5:NAC,1977-12-31,136.0798
WDI:EN.GHG.N2O.AG.MT.CE.AR5:NAC,1978-12-31,138.1707
WDI:EN.GHG.N2O.AG.MT.CE.AR5:NAC,1979-12-31,141.757
WDI:EN.GHG.N2O.AG.MT.CE.AR5:NAC,1980-12-31,144.1226
WDI:EN.GHG.N2O.AG.MT.CE.AR5:NAC,1981-12-31,144.347
WDI:EN.GHG.N2O.AG.MT.CE.AR5:NAC,1982-12-31,137.4433
WDI:EN.GHG.N2O.AG.MT.CE.AR5:NAC,1983-12-31,140.9809
WDI:EN.GHG.N2O.AG.MT.CE.AR5:NAC,1984-12-31,146.5784
WDI:EN.GHG.N2O.AG.MT.CE.AR5:NAC,1985-12-31,141.0402
WDI:EN.GHG.N2O.AG.MT.CE.AR5:NAC,1986-12-31,138.2637
WDI:EN.GHG.N2O.AG.MT.CE.AR5:NAC,1987-12-31,137.706
WDI:EN.GHG.N2O.AG.MT.CE.AR5:NAC,1988-12-31,133.83890000000002
WDI:EN.GHG.N2O.AG.MT.CE.AR5:NAC,1989-12-31,139.89870000000002
WDI:EN.GHG.N2O.AG.MT.CE.AR5:NAC,1990-12-31,142.566
WDI:EN.GHG.N2O.AG.MT.CE.AR5:NAC,1991-12-31,139.5787
WDI:EN.GHG.N2O.AG.MT.CE.AR5:NAC,1992-12-31,143.377
WDI:EN.GHG.N2O.AG.MT.CE.AR5:NAC,1993-12-31,146.739
WDI:EN.GHG.N2O.AG.MT.CE.AR5:NAC,1994-12-31,147.6652
WDI:EN.GHG.N2O.AG.MT.CE.AR5:NAC,1995-12-31,149.1852
WDI:EN.GHG.N2O.AG.MT.CE.AR5:NAC,1996-12-31,153.3584
WDI:EN.GHG.N2O.AG.MT.CE.AR5:NAC,1997-12-31,153.37720000000002
WDI:EN.GHG.N2O.AG.MT.CE.AR5:NAC,1998-12-31,153.9168
WDI:EN.GHG.N2O.AG.MT.CE.AR5:NAC,1999-12-31,153.2105
WDI:EN.GHG.N2O.AG.MT.CE.AR5:NAC,2000-12-31,149.7654
WDI:EN.GHG.N2O.AG.MT.CE.AR5:NAC,2001-12-31,150.9479
WDI:EN.GHG.N2O.AG.MT.CE.AR5:NAC,2002-12-31,150.1966
WDI:EN.GHG.N2O.AG.MT.CE.AR5:NAC,2003-12-31,156.95260000000002
WDI:EN.GHG.N2O.AG.MT.CE.AR5:NAC,2004-12-31,155.59679999999997
WDI:EN.GHG.N2O.AG.MT.CE.AR5:NAC,2005-12-31,154.0533
WDI:EN.GHG.N2O.AG.MT.CE.AR5:NAC,2006-12-31,160.0343
WDI:EN.GHG.N2O.AG.MT.CE.AR5:NAC,2007-12-31,159.50060000000002
WDI:EN.GHG.N2O.AG.MT.CE.AR5:NAC,2008-12-31,154.9792
WDI:EN.GHG.N2O.AG.MT.CE.AR5:NAC,2009-12-31,158.4127
WDI:EN.GHG.N2O.AG.MT.CE.AR5:NAC,2010-12-31,161.0145
WDI:EN.GHG.N2O.AG.MT.CE.AR5:NAC,2011-12-31,163.59140000000002
WDI:EN.GHG.N2O.AG.MT.CE.AR5:NAC,2012-12-31,163.54520000000002
WDI:EN.GHG.N2O.AG.MT.CE.AR5:NAC,2013-12-31,165.30810000000002
WDI:EN.GHG.N2O.AG.MT.CE.AR5:NAC,2014-12-31,164.89069999999998
WDI:EN.GHG.N2O.AG.MT.CE.AR5:NAC,2015-12-31,164.2003
WDI:EN.GHG.N2O.AG.MT.CE.AR5:NAC,2016-12-31,168.4249
WDI:EN.GHG.N2O.AG.MT.CE.AR5:NAC,2017-12-31,168.44299999999998
WDI:EN.GHG.N2O.AG.MT.CE.AR5:NAC,2018-12-31,168.3138
WDI:EN.GHG.N2O.AG.MT.CE.AR5:NAC,2019-12-31,169.96810000000002
WDI:EN.GHG.N2O.AG.MT.CE.AR5:NAC,2020-12-31,170.9993
WDI:EN.GHG.N2O.AG.MT.CE.AR5:NAC,2021-12-31,165.6618
WDI:EN.GHG.N2O.AG.MT.CE.AR5:NAC,2022-12-31,169.1608
WDI:EN.GHG.N2O.AG.MT.CE.AR5:NAC,2023-12-31,169.0705
WDI:EN.GHG.N2O.AG.MT.CE.AR5:NAC,2024-12-31,169.5099
WDI:EN.GHG.N2O.AG.MT.CE.AR5:NAM,1970-12-31,1.5169
WDI:EN.GHG.N2O.AG.MT.CE.AR5:NAM,1971-12-31,1.5404
WDI:EN.GHG.N2O.AG.MT.CE.AR5:NAM,1972-12-31,1.5714
WDI:EN.GHG.N2O.AG.MT.CE.AR5:NAM,1973-12-31,1.5819
WDI:EN.GHG.N2O.AG.MT.CE.AR5:NAM,1974-12-31,1.7307
WDI:EN.GHG.N2O.AG.MT.CE.AR5:NAM,1975-12-31,1.2249
WDI:EN.GHG.N2O.AG.MT.CE.AR5:NAM,1976-12-31,1.2302
WDI:EN.GHG.N2O.AG.MT.CE.AR5:NAM,1977-12-31,1.414
WDI:EN.GHG.N2O.AG.MT.CE.AR5:NAM,1978-12-31,1.4249
WDI:EN.GHG.N2O.AG.MT.CE.AR5:NAM,1979-12-31,1.5024
WDI:EN.GHG.N2O.AG.MT.CE.AR5:NAM,1980-12-31,1.5709
WDI:EN.GHG.N2O.AG.MT.CE.AR5:NAM,1981-12-31,1.2974
WDI:EN.GHG.N2O.AG.MT.CE.AR5:NAM,1982-12-31,1.1692
WDI:EN.GHG.N2O.AG.MT.CE.AR5:NAM,1983-12-31,1.1268
WDI:EN.GHG.N2O.AG.MT.CE.AR5:NAM,1984-12-31,1.1576
WDI:EN.GHG.N2O.AG.MT.CE.AR5:NAM,1985-12-31,1.1572
WDI:EN.GHG.N2O.AG.MT.CE.AR5:NAM,1986-12-31,1.2317
WDI:EN.GHG.N2O.AG.MT.CE.AR5:NAM,1987-12-31,1.1647
WDI:EN.GHG.N2O.AG.MT.CE.AR5:NAM,1988-12-31,1.2483
WDI:EN.GHG.N2O.AG.MT.CE.AR5:NAM,1989-12-31,1.2947
WDI:EN.GHG.N2O.AG.MT.CE.AR5:NAM,1990-12-31,1.342
WDI:EN.GHG.N2O.AG.MT.CE.AR5:NAM,1991-12-31,1.4118
WDI:EN.GHG.N2O.AG.MT.CE.AR5:NAM,1992-12-31,1.3713
WDI:EN.GHG.N2O.AG.MT.CE.AR5:NAM,1993-12-31,1.2994
WDI:EN.GHG.N2O.AG.MT.CE.AR5:NAM,1994-12-31,1.288
WDI:EN.GHG.N2O.AG.MT.CE.AR5:NAM,1995-12-31,1.2768
WDI:EN.GHG.N2O.AG.MT.CE.AR5:NAM,1996-12-31,1.2647
WDI:EN.GHG.N2O.AG.MT.CE.AR5:NAM,1997-12-31,1.3169
WDI:EN.GHG.N2O.AG.MT.CE.AR5:NAM,1998-12-31,1.3712
WDI:EN.GHG.N2O.AG.MT.CE.AR5:NAM,1999-12-31,1.4341
WDI:EN.GHG.N2O.AG.MT.CE.AR5:NAM,2000-12-31,1.5738
WDI:EN.GHG.N2O.AG.MT.CE.AR5:NAM,2001-12-31,1.5571
WDI:EN.GHG.N2O.AG.MT.CE.AR5:NAM,2002-12-31,1.5122
WDI:EN.GHG.N2O.AG.MT.CE.AR5:NAM,2003-12-31,1.5243
WDI:EN.GHG.N2O.AG.MT.CE.AR5:NAM,2004-12-31,1.491
WDI:EN.GHG.N2O.AG.MT.CE.AR5:NAM,2005-12-31,1.9154
WDI:EN.GHG.N2O.AG.MT.CE.AR5:NAM,2006-12-31,1.5365
WDI:EN.GHG.N2O.AG.MT.CE.AR5:NAM,2007-12-31,1.511
WDI:EN.GHG.N2O.AG.MT.CE.AR5:NAM,2008-12-31,1.6144
WDI:EN.GHG.N2O.AG.MT.CE.AR5:NAM,2009-12-31,1.5792
WDI:EN.GHG.N2O.AG.MT.CE.AR5:NAM,2010-12-31,1.5566
WDI:EN.GHG.N2O.AG.MT.CE.AR5:NAM,2011-12-31,1.5383
WDI:EN.GHG.N2O.AG.MT.CE.AR5:NAM,2012-12-31,1.8023
WDI:EN.GHG.N2O.AG.MT.CE.AR5:NAM,2013-12-31,1.616
WDI:EN.GHG.N2O.AG.MT.CE.AR5:NAM,2014-12-31,1.7392
WDI:EN.GHG.N2O.AG.MT.CE.AR5:NAM,2015-12-31,1.6924
WDI:EN.GHG.N2O.AG.MT.CE.AR5:NAM,2016-12-31,1.8913
WDI:EN.GHG.N2O.AG.MT.CE.AR5:NAM,2017-12-31,1.7795
WDI:EN.GHG.N2O.AG.MT.CE.AR5:NAM,2018-12-31,1.7103
WDI:EN.GHG.N2O.AG.MT.CE.AR5:NAM,2019-12-31,1.6957
WDI:EN.GHG.N2O.AG.MT.CE.AR5:NAM,2020-12-31,1.5205
WDI:EN.GHG.N2O.AG.MT.CE.AR5:NAM,2021-12-31,1.7
WDI:EN.GHG.N2O.AG.MT.CE.AR5:NAM,2022-12-31,1.738
WDI:EN.GHG.N2O.AG.MT.CE.AR5:NAM,2023-12-31,2.132
WDI:EN.GHG.N2O.AG.MT.CE.AR5:NAM,2024-12-31,2.2159
WDI:EN.GHG.N2O.AG.MT.CE.AR5:NCL,1970-12-31,0.0607
WDI:EN.GHG.N2O.AG.MT.CE.AR5:NCL,1971-12-31,0.0604
WDI:EN.GHG.N2O.AG.MT.CE.AR5:NCL,1972-12-31,0.0577
WDI:EN.GHG.N2O.AG.MT.CE.AR5:NCL,1973-12-31,0.0605
WDI:EN.GHG.N2O.AG.MT.CE.AR5:NCL,1974-12-31,0.0557
WDI:EN.GHG.N2O.AG.MT.CE.AR5:NCL,1975-12-31,0.0573
WDI:EN.GHG.N2O.AG.MT.CE.AR5:NCL,1976-12-31,0.057
WDI:EN.GHG.N2O.AG.MT.CE.AR5:NCL,1977-12-31,0.0566
WDI:EN.GHG.N2O.AG.MT.CE.AR5:NCL,1978-12-31,0.0608
WDI:EN.GHG.N2O.AG.MT.CE.AR5:NCL,1979-12-31,0.0579
WDI:EN.GHG.N2O.AG.MT.CE.AR5:NCL,1980-12-31,0.0543
WDI:EN.GHG.N2O.AG.MT.CE.AR5:NCL,1981-12-31,0.0553
WDI:EN.GHG.N2O.AG.MT.CE.AR5:NCL,1982-12-31,0.0527
WDI:EN.GHG.N2O.AG.MT.CE.AR5:NCL,1983-12-31,0.065
WDI:EN.GHG.N2O.AG.MT.CE.AR5:NCL,1984-12-31,0.0662
WDI:EN.GHG.N2O.AG.MT.CE.AR5:NCL,1985-12-31,0.0689
WDI:EN.GHG.N2O.AG.MT.CE.AR5:NCL,1986-12-31,0.0688
WDI:EN.GHG.N2O.AG.MT.CE.AR5:NCL,1987-12-31,0.071
WDI:EN.GHG.N2O.AG.MT.CE.AR5:NCL,1988-12-31,0.0727
WDI:EN.GHG.N2O.AG.MT.CE.AR5:NCL,1989-12-31,0.0642
WDI:EN.GHG.N2O.AG.MT.CE.AR5:NCL,1990-12-31,0.0637
WDI:EN.GHG.N2O.AG.MT.CE.AR5:NCL,1991-12-31,0.0656
WDI:EN.GHG.N2O.AG.MT.CE.AR5:NCL,1992-12-31,0.0658
WDI:EN.GHG.N2O.AG.MT.CE.AR5:NCL,1993-12-31,0.0633
WDI:EN.GHG.N2O.AG.MT.CE.AR5:NCL,1994-12-31,0.0581
WDI:EN.GHG.N2O.AG.MT.CE.AR5:NCL,1995-12-31,0.0593
WDI:EN.GHG.N2O.AG.MT.CE.AR5:NCL,1996-12-31,0.0591
WDI:EN.GHG.N2O.AG.MT.CE.AR5:NCL,1997-12-31,0.0589
WDI:EN.GHG.N2O.AG.MT.CE.AR5:NCL,1998-12-31,0.0516
WDI:EN.GHG.N2O.AG.MT.CE.AR5:NCL,1999-12-31,0.059
WDI:EN.GHG.N2O.AG.MT.CE.AR5:NCL,2000-12-31,0.0593
WDI:EN.GHG.N2O.AG.MT.CE.AR5:NCL,2001-12-31,0.0589
WDI:EN.GHG.N2O.AG.MT.CE.AR5:NCL,2002-12-31,0.0595
WDI:EN.GHG.N2O.AG.MT.CE.AR5:NCL,2003-12-31,0.0602
WDI:EN.GHG.N2O.AG.MT.CE.AR5:NCL,2004-12-31,0.0608
WDI:EN.GHG.N2O.AG.MT.CE.AR5:NCL,2005-12-31,0.055
WDI:EN.GHG.N2O.AG.MT.CE.AR5:NCL,2006-12-31,0.0497
WDI:EN.GHG.N2O.AG.MT.CE.AR5:NCL,2007-12-31,0.0514
WDI:EN.GHG.N2O.AG.MT.CE.AR5:NCL,2008-12-31,0.0516
WDI:EN.GHG.N2O.AG.MT.CE.AR5:NCL,2009-12-31,0.051
WDI:EN.GHG.N2O.AG.MT.CE.AR5:NCL,2010-12-31,0.0513
WDI:EN.GHG.N2O.AG.MT.CE.AR5:NCL,2011-12-31,0.0508
WDI:EN.GHG.N2O.AG.MT.CE.AR5:NCL,2012-12-31,0.0475
WDI:EN.GHG.N2O.AG.MT.CE.AR5:NCL,2013-12-31,0.051
WDI:EN.GHG.N2O.AG.MT.CE.AR5:NCL,2014-12-31,0.0516
WDI:EN.GHG.N2O.AG.MT.CE.AR5:NCL,2015-12-31,0.0504
WDI:EN.GHG.N2O.AG.MT.CE.AR5:NCL,2016-12-31,0.0486
WDI:EN.GHG.N2O.AG.MT.CE.AR5:NCL,2017-12-31,0.0475
WDI:EN.GHG.N2O.AG.MT.CE.AR5:NCL,2018-12-31,0.0468
WDI:EN.GHG.N2O.AG.MT.CE.AR5:NCL,2019-12-31,0.0471
WDI:EN.GHG.N2O.AG.MT.CE.AR5:NCL,2020-12-31,0.0468
WDI:EN.GHG.N2O.AG.MT.CE.AR5:NCL,2021-12-31,0.0462
WDI:EN.GHG.N2O.AG.MT.CE.AR5:NCL,2022-12-31,0.0456
WDI:EN.GHG.N2O.AG.MT.CE.AR5:NCL,2023-12-31,0.0456
WDI:EN.GHG.N2O.AG.MT.CE.AR5:NCL,2024-12-31,0.0454
WDI:EN.GHG.N2O.AG.MT.CE.AR5:NER,1970-12-31,2.414
WDI:EN.GHG.N2O.AG.MT.CE.AR5:NER,1971-12-31,2.4923
WDI:EN.GHG.N2O.AG.MT.CE.AR5:NER,1972-12-31,2.5391
WDI:EN.GHG.N2O.AG.MT.CE.AR5:NER,1973-12-31,1.8216
WDI:EN.GHG.N2O.AG.MT.CE.AR5:NER,1974-12-31,1.8874
WDI:EN.GHG.N2O.AG.MT.CE.AR5:NER,1975-12-31,2.0347
WDI:EN.GHG.N2O.AG.MT.CE.AR5:NER,1976-12-31,2.2018
WDI:EN.GHG.N2O.AG.MT.CE.AR5:NER,1977-12-31,2.395
WDI:EN.GHG.N2O.AG.MT.CE.AR5:NER,1978-12-31,2.4921
WDI:EN.GHG.N2O.AG.MT.CE.AR5:NER,1979-12-31,2.5982
WDI:EN.GHG.N2O.AG.MT.CE.AR5:NER,1980-12-31,2.7065
WDI:EN.GHG.N2O.AG.MT.CE.AR5:NER,1981-12-31,2.8484
WDI:EN.GHG.N2O.AG.MT.CE.AR5:NER,1982-12-31,2.9964
WDI:EN.GHG.N2O.AG.MT.CE.AR5:NER,1983-12-31,3.1679
WDI:EN.GHG.N2O.AG.MT.CE.AR5:NER,1984-12-31,2.1924
WDI:EN.GHG.N2O.AG.MT.CE.AR5:NER,1985-12-31,1.7996
WDI:EN.GHG.N2O.AG.MT.CE.AR5:NER,1986-12-31,1.7989
WDI:EN.GHG.N2O.AG.MT.CE.AR5:NER,1987-12-31,1.8744
WDI:EN.GHG.N2O.AG.MT.CE.AR5:NER,1988-12-31,1.9856
WDI:EN.GHG.N2O.AG.MT.CE.AR5:NER,1989-12-31,2.0736
WDI:EN.GHG.N2O.AG.MT.CE.AR5:NER,1990-12-31,2.1728
WDI:EN.GHG.N2O.AG.MT.CE.AR5:NER,1991-12-31,2.2859
WDI:EN.GHG.N2O.AG.MT.CE.AR5:NER,1992-12-31,2.4105
WDI:EN.GHG.N2O.AG.MT.CE.AR5:NER,1993-12-31,2.5591
WDI:EN.GHG.N2O.AG.MT.CE.AR5:NER,1994-12-31,2.677
WDI:EN.GHG.N2O.AG.MT.CE.AR5:NER,1995-12-31,2.8269
WDI:EN.GHG.N2O.AG.MT.CE.AR5:NER,1996-12-31,2.9592
WDI:EN.GHG.N2O.AG.MT.CE.AR5:NER,1997-12-31,3.0964
WDI:EN.GHG.N2O.AG.MT.CE.AR5:NER,1998-12-31,3.2679
WDI:EN.GHG.N2O.AG.MT.CE.AR5:NER,1999-12-31,3.4082
WDI:EN.GHG.N2O.AG.MT.CE.AR5:NER,2000-12-31,3.5811
WDI:EN.GHG.N2O.AG.MT.CE.AR5:NER,2001-12-31,3.7678
WDI:EN.GHG.N2O.AG.MT.CE.AR5:NER,2002-12-31,3.9431
WDI:EN.GHG.N2O.AG.MT.CE.AR5:NER,2003-12-31,4.1184
WDI:EN.GHG.N2O.AG.MT.CE.AR5:NER,2004-12-31,4.293
WDI:EN.GHG.N2O.AG.MT.CE.AR5:NER,2005-12-31,4.5061
WDI:EN.GHG.N2O.AG.MT.CE.AR5:NER,2006-12-31,4.6987
WDI:EN.GHG.N2O.AG.MT.CE.AR5:NER,2007-12-31,4.9276
WDI:EN.GHG.N2O.AG.MT.CE.AR5:NER,2008-12-31,5.1865
WDI:EN.GHG.N2O.AG.MT.CE.AR5:NER,2009-12-31,5.4096
WDI:EN.GHG.N2O.AG.MT.CE.AR5:NER,2010-12-31,5.2887
WDI:EN.GHG.N2O.AG.MT.CE.AR5:NER,2011-12-31,5.5132
WDI:EN.GHG.N2O.AG.MT.CE.AR5:NER,2012-12-31,5.802
WDI:EN.GHG.N2O.AG.MT.CE.AR5:NER,2013-12-31,6.1122
WDI:EN.GHG.N2O.AG.MT.CE.AR5:NER,2014-12-31,6.4193
WDI:EN.GHG.N2O.AG.MT.CE.AR5:NER,2015-12-31,6.7125
WDI:EN.GHG.N2O.AG.MT.CE.AR5:NER,2016-12-31,7.0595
WDI:EN.GHG.N2O.AG.MT.CE.AR5:NER,2017-12-31,7.4228
WDI:EN.GHG.N2O.AG.MT.CE.AR5:NER,2018-12-31,7.8013
WDI:EN.GHG.N2O.AG.MT.CE.AR5:NER,2019-12-31,8.1843
WDI:EN.GHG.N2O.AG.MT.CE.AR5:NER,2020-12-31,8.6037
WDI:EN.GHG.N2O.AG.MT.CE.AR5:NER,2021-12-31,8.9729
WDI:EN.GHG.N2O.AG.MT.CE.AR5:NER,2022-12-31,9.4512
WDI:EN.GHG.N2O.AG.MT.CE.AR5:NER,2023-12-31,9.066
WDI:EN.GHG.N2O.AG.MT.CE.AR5:NER,2024-12-31,9.326
WDI:EN.GHG.N2O.AG.MT.CE.AR5:NGA,1970-12-31,5.5004
WDI:EN.GHG.N2O.AG.MT.CE.AR5:NGA,1971-12-31,5.6951
WDI:EN.GHG.N2O.AG.MT.CE.AR5:NGA,1972-12-31,5.8464
WDI:EN.GHG.N2O.AG.MT.CE.AR5:NGA,1973-12-31,6.1571
WDI:EN.GHG.N2O.AG.MT.CE.AR5:NGA,1974-12-31,6.3644
WDI:EN.GHG.N2O.AG.MT.CE.AR5:NGA,1975-12-31,6.6544
WDI:EN.GHG.N2O.AG.MT.CE.AR5:NGA,1976-12-31,7.0528
WDI:EN.GHG.N2O.AG.MT.CE.AR5:NGA,1977-12-31,7.257
WDI:EN.GHG.N2O.AG.MT.CE.AR5:NGA,1978-12-31,7.4666
WDI:EN.GHG.N2O.AG.MT.CE.AR5:NGA,1979-12-31,7.8276
WDI:EN.GHG.N2O.AG.MT.CE.AR5:NGA,1980-12-31,8.2019
WDI:EN.GHG.N2O.AG.MT.CE.AR5:NGA,1981-12-31,8.5089
WDI:EN.GHG.N2O.AG.MT.CE.AR5:NGA,1982-12-31,8.5189
WDI:EN.GHG.N2O.AG.MT.CE.AR5:NGA,1983-12-31,8.7948
WDI:EN.GHG.N2O.AG.MT.CE.AR5:NGA,1984-12-31,8.9952
WDI:EN.GHG.N2O.AG.MT.CE.AR5:NGA,1985-12-31,9.1906
WDI:EN.GHG.N2O.AG.MT.CE.AR5:NGA,1986-12-31,9.3755
WDI:EN.GHG.N2O.AG.MT.CE.AR5:NGA,1987-12-31,9.3465
WDI:EN.GHG.N2O.AG.MT.CE.AR5:NGA,1988-12-31,9.621
WDI:EN.GHG.N2O.AG.MT.CE.AR5:NGA,1989-12-31,9.828
WDI:EN.GHG.N2O.AG.MT.CE.AR5:NGA,1990-12-31,9.7624
WDI:EN.GHG.N2O.AG.MT.CE.AR5:NGA,1991-12-31,9.9594
WDI:EN.GHG.N2O.AG.MT.CE.AR5:NGA,1992-12-31,10.1819
WDI:EN.GHG.N2O.AG.MT.CE.AR5:NGA,1993-12-31,10.6886
WDI:EN.GHG.N2O.AG.MT.CE.AR5:NGA,1994-12-31,10.8604
WDI:EN.GHG.N2O.AG.MT.CE.AR5:NGA,1995-12-31,10.8156
WDI:EN.GHG.N2O.AG.MT.CE.AR5:NGA,1996-12-31,11.0189
WDI:EN.GHG.N2O.AG.MT.CE.AR5:NGA,1997-12-31,11.144
WDI:EN.GHG.N2O.AG.MT.CE.AR5:NGA,1998-12-31,11.564
WDI:EN.GHG.N2O.AG.MT.CE.AR5:NGA,1999-12-31,11.8865
WDI:EN.GHG.N2O.AG.MT.CE.AR5:NGA,2000-12-31,12.0877
WDI:EN.GHG.N2O.AG.MT.CE.AR5:NGA,2001-12-31,12.6543
WDI:EN.GHG.N2O.AG.MT.CE.AR5:NGA,2002-12-31,12.6839
WDI:EN.GHG.N2O.AG.MT.CE.AR5:NGA,2003-12-31,13.0125
WDI:EN.GHG.N2O.AG.MT.CE.AR5:NGA,2004-12-31,13.2274
WDI:EN.GHG.N2O.AG.MT.CE.AR5:NGA,2005-12-31,13.6764
WDI:EN.GHG.N2O.AG.MT.CE.AR5:NGA,2006-12-31,14.033
WDI:EN.GHG.N2O.AG.MT.CE.AR5:NGA,2007-12-31,14.1761
WDI:EN.GHG.N2O.AG.MT.CE.AR5:NGA,2008-12-31,15.5997
WDI:EN.GHG.N2O.AG.MT.CE.AR5:NGA,2009-12-31,15.4172
WDI:EN.GHG.N2O.AG.MT.CE.AR5:NGA,2010-12-31,16.664
WDI:EN.GHG.N2O.AG.MT.CE.AR5:NGA,2011-12-31,17.3305
WDI:EN.GHG.N2O.AG.MT.CE.AR5:NGA,2012-12-31,17.3643
WDI:EN.GHG.N2O.AG.MT.CE.AR5:NGA,2013-12-31,18.5478
WDI:EN.GHG.N2O.AG.MT.CE.AR5:NGA,2014-12-31,18.1527
WDI:EN.GHG.N2O.AG.MT.CE.AR5:NGA,2015-12-31,18.0396
WDI:EN.GHG.N2O.AG.MT.CE.AR5:NGA,2016-12-31,18.7623
WDI:EN.GHG.N2O.AG.MT.CE.AR5:NGA,2017-12-31,20.0726
WDI:EN.GHG.N2O.AG.MT.CE.AR5:NGA,2018-12-31,20.3531
WDI:EN.GHG.N2O.AG.MT.CE.AR5:NGA,2019-12-31,20.5456
WDI:EN.GHG.N2O.AG.MT.CE.AR5:NGA,2020-12-31,21.4802
WDI:EN.GHG.N2O.AG.MT.CE.AR5:NGA,2021-12-31,22.884
WDI:EN.GHG.N2O.AG.MT.CE.AR5:NGA,2022-12-31,22.2476
WDI:EN.GHG.N2O.AG.MT.CE.AR5:NGA,2023-12-31,22.4882
WDI:EN.GHG.N2O.AG.MT.CE.AR5:NGA,2024-12-31,22.9482
WDI:EN.GHG.N2O.AG.MT.CE.AR5:NIC,1970-12-31,1.2097
WDI:EN.GHG.N2O.AG.MT.CE.AR5:NIC,1971-12-31,1.1293
WDI:EN.GHG.N2O.AG.MT.CE.AR5:NIC,1972-12-31,1.1136
WDI:EN.GHG.N2O.AG.MT.CE.AR5:NIC,1973-12-31,1.1462
WDI:EN.GHG.N2O.AG.MT.CE.AR5:NIC,1974-12-31,1.1354
WDI:EN.GHG.N2O.AG.MT.CE.AR5:NIC,1975-12-31,1.1501
WDI:EN.GHG.N2O.AG.MT.CE.AR5:NIC,1976-12-31,1.221
WDI:EN.GHG.N2O.AG.MT.CE.AR5:NIC,1977-12-31,1.3335
WDI:EN.GHG.N2O.AG.MT.CE.AR5:NIC,1978-12-31,1.344
WDI:EN.GHG.N2O.AG.MT.CE.AR5:NIC,1979-12-31,1.1595
WDI:EN.GHG.N2O.AG.MT.CE.AR5:NIC,1980-12-31,1.0882
WDI:EN.GHG.N2O.AG.MT.CE.AR5:NIC,1981-12-31,1.0785
WDI:EN.GHG.N2O.AG.MT.CE.AR5:NIC,1982-12-31,1.111
WDI:EN.GHG.N2O.AG.MT.CE.AR5:NIC,1983-12-31,1.1468
WDI:EN.GHG.N2O.AG.MT.CE.AR5:NIC,1984-12-31,1.1709
WDI:EN.GHG.N2O.AG.MT.CE.AR5:NIC,1985-12-31,1.2121
WDI:EN.GHG.N2O.AG.MT.CE.AR5:NIC,1986-12-31,1.174
WDI:EN.GHG.N2O.AG.MT.CE.AR5:NIC,1987-12-31,1.0087
WDI:EN.GHG.N2O.AG.MT.CE.AR5:NIC,1988-12-31,1.1729
WDI:EN.GHG.N2O.AG.MT.CE.AR5:NIC,1989-12-31,1.1273
WDI:EN.GHG.N2O.AG.MT.CE.AR5:NIC,1990-12-31,1.2549
WDI:EN.GHG.N2O.AG.MT.CE.AR5:NIC,1991-12-31,1.0277
WDI:EN.GHG.N2O.AG.MT.CE.AR5:NIC,1992-12-31,1.1166
WDI:EN.GHG.N2O.AG.MT.CE.AR5:NIC,1993-12-31,1.2052
WDI:EN.GHG.N2O.AG.MT.CE.AR5:NIC,1994-12-31,1.1491
WDI:EN.GHG.N2O.AG.MT.CE.AR5:NIC,1995-12-31,1.1117
WDI:EN.GHG.N2O.AG.MT.CE.AR5:NIC,1996-12-31,1.0906
WDI:EN.GHG.N2O.AG.MT.CE.AR5:NIC,1997-12-31,1.1413
WDI:EN.GHG.N2O.AG.MT.CE.AR5:NIC,1998-12-31,1.1336
WDI:EN.GHG.N2O.AG.MT.CE.AR5:NIC,1999-12-31,1.3266
WDI:EN.GHG.N2O.AG.MT.CE.AR5:NIC,2000-12-31,1.347
WDI:EN.GHG.N2O.AG.MT.CE.AR5:NIC,2001-12-31,1.3435
WDI:EN.GHG.N2O.AG.MT.CE.AR5:NIC,2002-12-31,1.3752
WDI:EN.GHG.N2O.AG.MT.CE.AR5:NIC,2003-12-31,1.4751
WDI:EN.GHG.N2O.AG.MT.CE.AR5:NIC,2004-12-31,1.4496
WDI:EN.GHG.N2O.AG.MT.CE.AR5:NIC,2005-12-31,1.4463
WDI:EN.GHG.N2O.AG.MT.CE.AR5:NIC,2006-12-31,1.5872
WDI:EN.GHG.N2O.AG.MT.CE.AR5:NIC,2007-12-31,1.6612
WDI:EN.GHG.N2O.AG.MT.CE.AR5:NIC,2008-12-31,1.6348
WDI:EN.GHG.N2O.AG.MT.CE.AR5:NIC,2009-12-31,1.6583
WDI:EN.GHG.N2O.AG.MT.CE.AR5:NIC,2010-12-31,1.7507
WDI:EN.GHG.N2O.AG.MT.CE.AR5:NIC,2011-12-31,1.8105
WDI:EN.GHG.N2O.AG.MT.CE.AR5:NIC,2012-12-31,1.972
WDI:EN.GHG.N2O.AG.MT.CE.AR5:NIC,2013-12-31,1.942
WDI:EN.GHG.N2O.AG.MT.CE.AR5:NIC,2014-12-31,1.9912
WDI:EN.GHG.N2O.AG.MT.CE.AR5:NIC,2015-12-31,2.2244
WDI:EN.GHG.N2O.AG.MT.CE.AR5:NIC,2016-12-31,2.2121
WDI:EN.GHG.N2O.AG.MT.CE.AR5:NIC,2017-12-31,2.3185
WDI:EN.GHG.N2O.AG.MT.CE.AR5:NIC,2018-12-31,2.1045
WDI:EN.GHG.N2O.AG.MT.CE.AR5:NIC,2019-12-31,2.1934
WDI:EN.GHG.N2O.AG.MT.CE.AR5:NIC,2020-12-31,2.3833
WDI:EN.GHG.N2O.AG.MT.CE.AR5:NIC,2021-12-31,2.367
WDI:EN.GHG.N2O.AG.MT.CE.AR5:NIC,2022-12-31,2.3643
WDI:EN.GHG.N2O.AG.MT.CE.AR5:NIC,2023-12-31,2.3167
WDI:EN.GHG.N2O.AG.MT.CE.AR5:NIC,2024-12-31,2.2999
WDI:EN.GHG.N2O.AG.MT.CE.AR5:NLD,1970-12-31,5.9157
WDI:EN.GHG.N2O.AG.MT.CE.AR5:NLD,1971-12-31,5.8956
WDI:EN.GHG.N2O.AG.MT.CE.AR5:NLD,1972-12-31,6.0112
WDI:EN.GHG.N2O.AG.MT.CE.AR5:NLD,1973-12-31,6.2194
WDI:EN.GHG.N2O.AG.MT.CE.AR5:NLD,1974-12-31,6.8852
WDI:EN.GHG.N2O.AG.MT.CE.AR5:NLD,1975-12-31,7.03
WDI:EN.GHG.N2O.AG.MT.CE.AR5:NLD,1976-12-31,6.9156
WDI:EN.GHG.N2O.AG.MT.CE.AR5:NLD,1977-12-31,7.0163
WDI:EN.GHG.N2O.AG.MT.CE.AR5:NLD,1978-12-31,7.1566
WDI:EN.GHG.N2O.AG.MT.CE.AR5:NLD,1979-12-31,7.4951
WDI:EN.GHG.N2O.AG.MT.CE.AR5:NLD,1980-12-31,7.6572
WDI:EN.GHG.N2O.AG.MT.CE.AR5:NLD,1981-12-31,7.6537
WDI:EN.GHG.N2O.AG.MT.CE.AR5:NLD,1982-12-31,7.594
WDI:EN.GHG.N2O.AG.MT.CE.AR5:NLD,1983-12-31,7.7907
WDI:EN.GHG.N2O.AG.MT.CE.AR5:NLD,1984-12-31,7.9629
WDI:EN.GHG.N2O.AG.MT.CE.AR5:NLD,1985-12-31,7.8864
WDI:EN.GHG.N2O.AG.MT.CE.AR5:NLD,1986-12-31,7.9408
WDI:EN.GHG.N2O.AG.MT.CE.AR5:NLD,1987-12-31,7.6494
WDI:EN.GHG.N2O.AG.MT.CE.AR5:NLD,1988-12-31,7.3804
WDI:EN.GHG.N2O.AG.MT.CE.AR5:NLD,1989-12-31,7.2722
WDI:EN.GHG.N2O.AG.MT.CE.AR5:NLD,1990-12-31,7.2591
WDI:EN.GHG.N2O.AG.MT.CE.AR5:NLD,1991-12-31,7.277
WDI:EN.GHG.N2O.AG.MT.CE.AR5:NLD,1992-12-31,7.2557
WDI:EN.GHG.N2O.AG.MT.CE.AR5:NLD,1993-12-31,7.1057
WDI:EN.GHG.N2O.AG.MT.CE.AR5:NLD,1994-12-31,7.1543
WDI:EN.GHG.N2O.AG.MT.CE.AR5:NLD,1995-12-31,7.1383
WDI:EN.GHG.N2O.AG.MT.CE.AR5:NLD,1996-12-31,7.0748
WDI:EN.GHG.N2O.AG.MT.CE.AR5:NLD,1997-12-31,6.8861
WDI:EN.GHG.N2O.AG.MT.CE.AR5:NLD,1998-12-31,6.6729
WDI:EN.GHG.N2O.AG.MT.CE.AR5:NLD,1999-12-31,6.6956
WDI:EN.GHG.N2O.AG.MT.CE.AR5:NLD,2000-12-31,6.3884
WDI:EN.GHG.N2O.AG.MT.CE.AR5:NLD,2001-12-31,6.3162
WDI:EN.GHG.N2O.AG.MT.CE.AR5:NLD,2002-12-31,6.1207
WDI:EN.GHG.N2O.AG.MT.CE.AR5:NLD,2003-12-31,5.9179
WDI:EN.GHG.N2O.AG.MT.CE.AR5:NLD,2004-12-31,5.8898
WDI:EN.GHG.N2O.AG.MT.CE.AR5:NLD,2005-12-31,5.8971
WDI:EN.GHG.N2O.AG.MT.CE.AR5:NLD,2006-12-31,5.8358
WDI:EN.GHG.N2O.AG.MT.CE.AR5:NLD,2007-12-31,5.9358
WDI:EN.GHG.N2O.AG.MT.CE.AR5:NLD,2008-12-31,5.9742
WDI:EN.GHG.N2O.AG.MT.CE.AR5:NLD,2009-12-31,5.9378
WDI:EN.GHG.N2O.AG.MT.CE.AR5:NLD,2010-12-31,5.9597
WDI:EN.GHG.N2O.AG.MT.CE.AR5:NLD,2011-12-31,5.7478
WDI:EN.GHG.N2O.AG.MT.CE.AR5:NLD,2012-12-31,5.7236
WDI:EN.GHG.N2O.AG.MT.CE.AR5:NLD,2013-12-31,5.7685
WDI:EN.GHG.N2O.AG.MT.CE.AR5:NLD,2014-12-31,5.7912
WDI:EN.GHG.N2O.AG.MT.CE.AR5:NLD,2015-12-31,5.9951
WDI:EN.GHG.N2O.AG.MT.CE.AR5:NLD,2016-12-31,6.0137
WDI:EN.GHG.N2O.AG.MT.CE.AR5:NLD,2017-12-31,5.7838
WDI:EN.GHG.N2O.AG.MT.CE.AR5:NLD,2018-12-31,5.5022
WDI:EN.GHG.N2O.AG.MT.CE.AR5:NLD,2019-12-31,5.5884
WDI:EN.GHG.N2O.AG.MT.CE.AR5:NLD,2020-12-31,5.6035
WDI:EN.GHG.N2O.AG.MT.CE.AR5:NLD,2021-12-31,5.4314
WDI:EN.GHG.N2O.AG.MT.CE.AR5:NLD,2022-12-31,5.4194
WDI:EN.GHG.N2O.AG.MT.CE.AR5:NLD,2023-12-31,5.3591
WDI:EN.GHG.N2O.AG.MT.CE.AR5:NLD,2024-12-31,5.3288
WDI:EN.GHG.N2O.AG.MT.CE.AR5:NOR,1970-12-31,1.7093
WDI:EN.GHG.N2O.AG.MT.CE.AR5:NOR,1971-12-31,1.702
WDI:EN.GHG.N2O.AG.MT.CE.AR5:NOR,1972-12-31,1.7063
WDI:EN.GHG.N2O.AG.MT.CE.AR5:NOR,1973-12-31,1.7246
WDI:EN.GHG.N2O.AG.MT.CE.AR5:NOR,1974-12-31,1.7182
WDI:EN.GHG.N2O.AG.MT.CE.AR5:NOR,1975-12-31,1.6675
WDI:EN.GHG.N2O.AG.MT.CE.AR5:NOR,1976-12-31,1.6744
WDI:EN.GHG.N2O.AG.MT.CE.AR5:NOR,1977-12-31,1.6981
WDI:EN.GHG.N2O.AG.MT.CE.AR5:NOR,1978-12-31,1.7014
WDI:EN.GHG.N2O.AG.MT.CE.AR5:NOR,1979-12-31,1.7165
WDI:EN.GHG.N2O.AG.MT.CE.AR5:NOR,1980-12-31,1.7257
WDI:EN.GHG.N2O.AG.MT.CE.AR5:NOR,1981-12-31,1.7475
WDI:EN.GHG.N2O.AG.MT.CE.AR5:NOR,1982-12-31,1.7565
WDI:EN.GHG.N2O.AG.MT.CE.AR5:NOR,1983-12-31,1.7464
WDI:EN.GHG.N2O.AG.MT.CE.AR5:NOR,1984-12-31,1.767
WDI:EN.GHG.N2O.AG.MT.CE.AR5:NOR,1985-12-31,1.7548
WDI:EN.GHG.N2O.AG.MT.CE.AR5:NOR,1986-12-31,1.7554
WDI:EN.GHG.N2O.AG.MT.CE.AR5:NOR,1987-12-31,1.7697
WDI:EN.GHG.N2O.AG.MT.CE.AR5:NOR,1988-12-31,2.2229
WDI:EN.GHG.N2O.AG.MT.CE.AR5:NOR,1989-12-31,2.2285
WDI:EN.GHG.N2O.AG.MT.CE.AR5:NOR,1990-12-31,2.2523
WDI:EN.GHG.N2O.AG.MT.CE.AR5:NOR,1991-12-31,2.2665
WDI:EN.GHG.N2O.AG.MT.CE.AR5:NOR,1992-12-31,2.2481
WDI:EN.GHG.N2O.AG.MT.CE.AR5:NOR,1993-12-31,2.257
WDI:EN.GHG.N2O.AG.MT.CE.AR5:NOR,1994-12-31,2.2587
WDI:EN.GHG.N2O.AG.MT.CE.AR5:NOR,1995-12-31,2.2792
WDI:EN.GHG.N2O.AG.MT.CE.AR5:NOR,1996-12-31,2.2933
WDI:EN.GHG.N2O.AG.MT.CE.AR5:NOR,1997-12-31,2.2885
WDI:EN.GHG.N2O.AG.MT.CE.AR5:NOR,1998-12-31,2.2642
WDI:EN.GHG.N2O.AG.MT.CE.AR5:NOR,1999-12-31,2.2562
WDI:EN.GHG.N2O.AG.MT.CE.AR5:NOR,2000-12-31,2.2552
WDI:EN.GHG.N2O.AG.MT.CE.AR5:NOR,2001-12-31,2.2169
WDI:EN.GHG.N2O.AG.MT.CE.AR5:NOR,2002-12-31,2.2345
WDI:EN.GHG.N2O.AG.MT.CE.AR5:NOR,2003-12-31,2.2649
WDI:EN.GHG.N2O.AG.MT.CE.AR5:NOR,2004-12-31,2.2825
WDI:EN.GHG.N2O.AG.MT.CE.AR5:NOR,2005-12-31,2.2675
WDI:EN.GHG.N2O.AG.MT.CE.AR5:NOR,2006-12-31,2.2742
WDI:EN.GHG.N2O.AG.MT.CE.AR5:NOR,2007-12-31,2.2901
WDI:EN.GHG.N2O.AG.MT.CE.AR5:NOR,2008-12-31,2.1385
WDI:EN.GHG.N2O.AG.MT.CE.AR5:NOR,2009-12-31,2.1389
WDI:EN.GHG.N2O.AG.MT.CE.AR5:NOR,2010-12-31,2.2274
WDI:EN.GHG.N2O.AG.MT.CE.AR5:NOR,2011-12-31,2.2062
WDI:EN.GHG.N2O.AG.MT.CE.AR5:NOR,2012-12-31,2.2297
WDI:EN.GHG.N2O.AG.MT.CE.AR5:NOR,2013-12-31,2.2511
WDI:EN.GHG.N2O.AG.MT.CE.AR5:NOR,2014-12-31,2.2693
WDI:EN.GHG.N2O.AG.MT.CE.AR5:NOR,2015-12-31,2.2754
WDI:EN.GHG.N2O.AG.MT.CE.AR5:NOR,2016-12-31,2.2816
WDI:EN.GHG.N2O.AG.MT.CE.AR5:NOR,2017-12-31,2.2956
WDI:EN.GHG.N2O.AG.MT.CE.AR5:NOR,2018-12-31,2.291
WDI:EN.GHG.N2O.AG.MT.CE.AR5:NOR,2019-12-31,2.2962
WDI:EN.GHG.N2O.AG.MT.CE.AR5:NOR,2020-12-31,2.3008
WDI:EN.GHG.N2O.AG.MT.CE.AR5:NOR,2021-12-31,2.2792
WDI:EN.GHG.N2O.AG.MT.CE.AR5:NOR,2022-12-31,2.2747
WDI:EN.GHG.N2O.AG.MT.CE.AR5:NOR,2023-12-31,2.2389
WDI:EN.GHG.N2O.AG.MT.CE.AR5:NOR,2024-12-31,2.234
WDI:EN.GHG.N2O.AG.MT.CE.AR5:NPL,1970-12-31,1.6132
WDI:EN.GHG.N2O.AG.MT.CE.AR5:NPL,1971-12-31,1.6456
WDI:EN.GHG.N2O.AG.MT.CE.AR5:NPL,1972-12-31,1.6784
WDI:EN.GHG.N2O.AG.MT.CE.AR5:NPL,1973-12-31,1.7192
WDI:EN.GHG.N2O.AG.MT.CE.AR5:NPL,1974-12-31,1.7616
WDI:EN.GHG.N2O.AG.MT.CE.AR5:NPL,1975-12-31,1.8185
WDI:EN.GHG.N2O.AG.MT.CE.AR5:NPL,1976-12-31,1.8722
WDI:EN.GHG.N2O.AG.MT.CE.AR5:NPL,1977-12-31,1.9357
WDI:EN.GHG.N2O.AG.MT.CE.AR5:NPL,1978-12-31,1.9845
WDI:EN.GHG.N2O.AG.MT.CE.AR5:NPL,1979-12-31,2.0068
WDI:EN.GHG.N2O.AG.MT.CE.AR5:NPL,1980-12-31,2.1146
WDI:EN.GHG.N2O.AG.MT.CE.AR5:NPL,1981-12-31,2.1374
WDI:EN.GHG.N2O.AG.MT.CE.AR5:NPL,1982-12-31,2.1287
WDI:EN.GHG.N2O.AG.MT.CE.AR5:NPL,1983-12-31,2.2327
WDI:EN.GHG.N2O.AG.MT.CE.AR5:NPL,1984-12-31,2.2843
WDI:EN.GHG.N2O.AG.MT.CE.AR5:NPL,1985-12-31,2.3052
WDI:EN.GHG.N2O.AG.MT.CE.AR5:NPL,1986-12-31,2.3264
WDI:EN.GHG.N2O.AG.MT.CE.AR5:NPL,1987-12-31,2.3977
WDI:EN.GHG.N2O.AG.MT.CE.AR5:NPL,1988-12-31,2.4416
WDI:EN.GHG.N2O.AG.MT.CE.AR5:NPL,1989-12-31,2.5198
WDI:EN.GHG.N2O.AG.MT.CE.AR5:NPL,1990-12-31,2.5489
WDI:EN.GHG.N2O.AG.MT.CE.AR5:NPL,1991-12-31,2.5498
WDI:EN.GHG.N2O.AG.MT.CE.AR5:NPL,1992-12-31,2.6091
WDI:EN.GHG.N2O.AG.MT.CE.AR5:NPL,1993-12-31,2.5755
WDI:EN.GHG.N2O.AG.MT.CE.AR5:NPL,1994-12-31,2.7297
WDI:EN.GHG.N2O.AG.MT.CE.AR5:NPL,1995-12-31,2.8135
WDI:EN.GHG.N2O.AG.MT.CE.AR5:NPL,1996-12-31,2.8739
WDI:EN.GHG.N2O.AG.MT.CE.AR5:NPL,1997-12-31,2.9243
WDI:EN.GHG.N2O.AG.MT.CE.AR5:NPL,1998-12-31,3.0146
WDI:EN.GHG.N2O.AG.MT.CE.AR5:NPL,1999-12-31,2.9224
WDI:EN.GHG.N2O.AG.MT.CE.AR5:NPL,2000-12-31,2.9062
WDI:EN.GHG.N2O.AG.MT.CE.AR5:NPL,2001-12-31,2.9255
WDI:EN.GHG.N2O.AG.MT.CE.AR5:NPL,2002-12-31,2.9627
WDI:EN.GHG.N2O.AG.MT.CE.AR5:NPL,2003-12-31,3.0217
WDI:EN.GHG.N2O.AG.MT.CE.AR5:NPL,2004-12-31,2.8851
WDI:EN.GHG.N2O.AG.MT.CE.AR5:NPL,2005-12-31,2.8507
WDI:EN.GHG.N2O.AG.MT.CE.AR5:NPL,2006-12-31,2.8903
WDI:EN.GHG.N2O.AG.MT.CE.AR5:NPL,2007-12-31,2.9791
WDI:EN.GHG.N2O.AG.MT.CE.AR5:NPL,2008-12-31,3.057
WDI:EN.GHG.N2O.AG.MT.CE.AR5:NPL,2009-12-31,3.1162
WDI:EN.GHG.N2O.AG.MT.CE.AR5:NPL,2010-12-31,3.2322
WDI:EN.GHG.N2O.AG.MT.CE.AR5:NPL,2011-12-31,3.3746
WDI:EN.GHG.N2O.AG.MT.CE.AR5:NPL,2012-12-31,3.6623
WDI:EN.GHG.N2O.AG.MT.CE.AR5:NPL,2013-12-31,3.9491
WDI:EN.GHG.N2O.AG.MT.CE.AR5:NPL,2014-12-31,3.8682
WDI:EN.GHG.N2O.AG.MT.CE.AR5:NPL,2015-12-31,3.9815
WDI:EN.GHG.N2O.AG.MT.CE.AR5:NPL,2016-12-31,4.0753
WDI:EN.GHG.N2O.AG.MT.CE.AR5:NPL,2017-12-31,4.1531
WDI:EN.GHG.N2O.AG.MT.CE.AR5:NPL,2018-12-31,4.3382
WDI:EN.GHG.N2O.AG.MT.CE.AR5:NPL,2019-12-31,4.4281
WDI:EN.GHG.N2O.AG.MT.CE.AR5:NPL,2020-12-31,4.3044
WDI:EN.GHG.N2O.AG.MT.CE.AR5:NPL,2021-12-31,4.5192
WDI:EN.GHG.N2O.AG.MT.CE.AR5:NPL,2022-12-31,4.1193
WDI:EN.GHG.N2O.AG.MT.CE.AR5:NPL,2023-12-31,3.4771
WDI:EN.GHG.N2O.AG.MT.CE.AR5:NPL,2024-12-31,3.3327
WDI:EN.GHG.N2O.AG.MT.CE.AR5:NRU,1970-12-31,0.0001
WDI:EN.GHG.N2O.AG.MT.CE.AR5:NRU,1971-12-31,0.0001
WDI:EN.GHG.N2O.AG.MT.CE.AR5:NRU,1972-12-31,0.0001
WDI:EN.GHG.N2O.AG.MT.CE.AR5:NRU,1973-12-31,0.0001
WDI:EN.GHG.N2O.AG.MT.CE.AR5:NRU,1974-12-31,0.0001
WDI:EN.GHG.N2O.AG.MT.CE.AR5:NRU,1975-12-31,0.0001
WDI:EN.GHG.N2O.AG.MT.CE.AR5:NRU,1976-12-31,0.0001
WDI:EN.GHG.N2O.AG.MT.CE.AR5:NRU,1977-12-31,0.0001
WDI:EN.GHG.N2O.AG.MT.CE.AR5:NRU,1978-12-31,0.0001
WDI:EN.GHG.N2O.AG.MT.CE.AR5:NRU,1979-12-31,0.0001
WDI:EN.GHG.N2O.AG.MT.CE.AR5:NRU,1980-12-31,0.0001
WDI:EN.GHG.N2O.AG.MT.CE.AR5:NRU,1981-12-31,0.0001
WDI:EN.GHG.N2O.AG.MT.CE.AR5:NRU,1982-12-31,0.0001
WDI:EN.GHG.N2O.AG.MT.CE.AR5:NRU,1983-12-31,0.0002
WDI:EN.GHG.N2O.AG.MT.CE.AR5:NRU,1984-12-31,0.0001
WDI:EN.GHG.N2O.AG.MT.CE.AR5:NRU,1985-12-31,0.0002
WDI:EN.GHG.N2O.AG.MT.CE.AR5:NRU,1986-12-31,0.0002
WDI:EN.GHG.N2O.AG.MT.CE.AR5:NRU,1987-12-31,0.0002
WDI:EN.GHG.N2O.AG.MT.CE.AR5:NRU,1988-12-31,0.0002
WDI:EN.GHG.N2O.AG.MT.CE.AR5:NRU,1989-12-31,0.0002
WDI:EN.GHG.N2O.AG.MT.CE.AR5:NRU,1990-12-31,0.0002
WDI:EN.GHG.N2O.AG.MT.CE.AR5:NRU,1991-12-31,0.0002
WDI:EN.GHG.N2O.AG.MT.CE.AR5:NRU,1992-12-31,0.0002
WDI:EN.GHG.N2O.AG.MT.CE.AR5:NRU,1993-12-31,0.0002
WDI:EN.GHG.N2O.AG.MT.CE.AR5:NRU,1994-12-31,0.0002
WDI:EN.GHG.N2O.AG.MT.CE.AR5:NRU,1995-12-31,0.0002
WDI:EN.GHG.N2O.AG.MT.CE.AR5:NRU,1996-12-31,0.0002
WDI:EN.GHG.N2O.AG.MT.CE.AR5:NRU,1997-12-31,0.0002
WDI:EN.GHG.N2O.AG.MT.CE.AR5:NRU,1998-12-31,0.0002
WDI:EN.GHG.N2O.AG.MT.CE.AR5:NRU,1999-12-31,0.0002
WDI:EN.GHG.N2O.AG.MT.CE.AR5:NRU,2000-12-31,0.0002
WDI:EN.GHG.N2O.AG.MT.CE.AR5:NRU,2001-12-31,0.0002
WDI:EN.GHG.N2O.AG.MT.CE.AR5:NRU,2002-12-31,0.0002
WDI:EN.GHG.N2O.AG.MT.CE.AR5:NRU,2003-12-31,0.0002
WDI:EN.GHG.N2O.AG.MT.CE.AR5:NRU,2004-12-31,0.0002
WDI:EN.GHG.N2O.AG.MT.CE.AR5:NRU,2005-12-31,0.0002
WDI:EN.GHG.N2O.AG.MT.CE.AR5:NRU,2006-12-31,0.0002
WDI:EN.GHG.N2O.AG.MT.CE.AR5:NRU,2007-12-31,0.0002
WDI:EN.GHG.N2O.AG.MT.CE.AR5:NRU,2008-12-31,0.0002
WDI:EN.GHG.N2O.AG.MT.CE.AR5:NRU,2009-12-31,0.0002
WDI:EN.GHG.N2O.AG.MT.CE.AR5:NRU,2010-12-31,0.0002
WDI:EN.GHG.N2O.AG.MT.CE.AR5:NRU,2011-12-31,0.0002
WDI:EN.GHG.N2O.AG.MT.CE.AR5:NRU,2012-12-31,0.0002
WDI:EN.GHG.N2O.AG.MT.CE.AR5:NRU,2013-12-31,0.0002
WDI:EN.GHG.N2O.AG.MT.CE.AR5:NRU,2014-12-31,0.0002
WDI:EN.GHG.N2O.AG.MT.CE.AR5:NRU,2015-12-31,0.0002
WDI:EN.GHG.N2O.AG.MT.CE.AR5:NRU,2016-12-31,0.0002
WDI:EN.GHG.N2O.AG.MT.CE.AR5:NRU,2017-12-31,0.0002
WDI:EN.GHG.N2O.AG.MT.CE.AR5:NRU,2018-12-31,0.0002
WDI:EN.GHG.N2O.AG.MT.CE.AR5:NRU,2019-12-31,0.0002
WDI:EN.GHG.N2O.AG.MT.CE.AR5:NRU,2020-12-31,0.0002
WDI:EN.GHG.N2O.AG.MT.CE.AR5:NRU,2021-12-31,0.0002
WDI:EN.GHG.N2O.AG.MT.CE.AR5:NRU,2022-12-31,0.0002
WDI:EN.GHG.N2O.AG.MT.CE.AR5:NRU,2023-12-31,0.0002
WDI:EN.GHG.N2O.AG.MT.CE.AR5:NRU,2024-12-31,0.0002
WDI:EN.GHG.N2O.AG.MT.CE.AR5:NZL,1970-12-31,7.8341
WDI:EN.GHG.N2O.AG.MT.CE.AR5:NZL,1971-12-31,7.591
WDI:EN.GHG.N2O.AG.MT.CE.AR5:NZL,1972-12-31,7.9457
WDI:EN.GHG.N2O.AG.MT.CE.AR5:NZL,1973-12-31,7.7028
WDI:EN.GHG.N2O.AG.MT.CE.AR5:NZL,1974-12-31,7.8858
WDI:EN.GHG.N2O.AG.MT.CE.AR5:NZL,1975-12-31,7.8083
WDI:EN.GHG.N2O.AG.MT.CE.AR5:NZL,1976-12-31,7.889
WDI:EN.GHG.N2O.AG.MT.CE.AR5:NZL,1977-12-31,7.8638
WDI:EN.GHG.N2O.AG.MT.CE.AR5:NZL,1978-12-31,7.8939
WDI:EN.GHG.N2O.AG.MT.CE.AR5:NZL,1979-12-31,7.936
WDI:EN.GHG.N2O.AG.MT.CE.AR5:NZL,1980-12-31,8.3731
WDI:EN.GHG.N2O.AG.MT.CE.AR5:NZL,1981-12-31,8.3516
WDI:EN.GHG.N2O.AG.MT.CE.AR5:NZL,1982-12-31,8.377
WDI:EN.GHG.N2O.AG.MT.CE.AR5:NZL,1983-12-31,8.2592
WDI:EN.GHG.N2O.AG.MT.CE.AR5:NZL,1984-12-31,8.4493
WDI:EN.GHG.N2O.AG.MT.CE.AR5:NZL,1985-12-31,8.322
WDI:EN.GHG.N2O.AG.MT.CE.AR5:NZL,1986-12-31,8.6039
WDI:EN.GHG.N2O.AG.MT.CE.AR5:NZL,1987-12-31,8.3557
WDI:EN.GHG.N2O.AG.MT.CE.AR5:NZL,1988-12-31,8.4687
WDI:EN.GHG.N2O.AG.MT.CE.AR5:NZL,1989-12-31,8.0961
WDI:EN.GHG.N2O.AG.MT.CE.AR5:NZL,1990-12-31,8.3736
WDI:EN.GHG.N2O.AG.MT.CE.AR5:NZL,1991-12-31,8.3015
WDI:EN.GHG.N2O.AG.MT.CE.AR5:NZL,1992-12-31,8.2929
WDI:EN.GHG.N2O.AG.MT.CE.AR5:NZL,1993-12-31,8.3892
WDI:EN.GHG.N2O.AG.MT.CE.AR5:NZL,1994-12-31,8.7554
WDI:EN.GHG.N2O.AG.MT.CE.AR5:NZL,1995-12-31,8.9911
WDI:EN.GHG.N2O.AG.MT.CE.AR5:NZL,1996-12-31,8.8363
WDI:EN.GHG.N2O.AG.MT.CE.AR5:NZL,1997-12-31,8.8414
WDI:EN.GHG.N2O.AG.MT.CE.AR5:NZL,1998-12-31,8.7925
WDI:EN.GHG.N2O.AG.MT.CE.AR5:NZL,1999-12-31,9.0433
WDI:EN.GHG.N2O.AG.MT.CE.AR5:NZL,2000-12-31,9.2108
WDI:EN.GHG.N2O.AG.MT.CE.AR5:NZL,2001-12-31,9.4619
WDI:EN.GHG.N2O.AG.MT.CE.AR5:NZL,2002-12-31,9.967
WDI:EN.GHG.N2O.AG.MT.CE.AR5:NZL,2003-12-31,10.1498
WDI:EN.GHG.N2O.AG.MT.CE.AR5:NZL,2004-12-31,10.369
WDI:EN.GHG.N2O.AG.MT.CE.AR5:NZL,2005-12-31,9.994
WDI:EN.GHG.N2O.AG.MT.CE.AR5:NZL,2006-12-31,10.0032
WDI:EN.GHG.N2O.AG.MT.CE.AR5:NZL,2007-12-31,10.0925
WDI:EN.GHG.N2O.AG.MT.CE.AR5:NZL,2008-12-31,9.7025
WDI:EN.GHG.N2O.AG.MT.CE.AR5:NZL,2009-12-31,9.9629
WDI:EN.GHG.N2O.AG.MT.CE.AR5:NZL,2010-12-31,10.1609
WDI:EN.GHG.N2O.AG.MT.CE.AR5:NZL,2011-12-31,10.1735
WDI:EN.GHG.N2O.AG.MT.CE.AR5:NZL,2012-12-31,10.3347
WDI:EN.GHG.N2O.AG.MT.CE.AR5:NZL,2013-12-31,10.4708
WDI:EN.GHG.N2O.AG.MT.CE.AR5:NZL,2014-12-31,10.6639
WDI:EN.GHG.N2O.AG.MT.CE.AR5:NZL,2015-12-31,10.4379
WDI:EN.GHG.N2O.AG.MT.CE.AR5:NZL,2016-12-31,10.5137
WDI:EN.GHG.N2O.AG.MT.CE.AR5:NZL,2017-12-31,10.5541
WDI:EN.GHG.N2O.AG.MT.CE.AR5:NZL,2018-12-31,10.4697
WDI:EN.GHG.N2O.AG.MT.CE.AR5:NZL,2019-12-31,10.5323
WDI:EN.GHG.N2O.AG.MT.CE.AR5:NZL,2020-12-31,10.2897
WDI:EN.GHG.N2O.AG.MT.CE.AR5:NZL,2021-12-31,10.0684
WDI:EN.GHG.N2O.AG.MT.CE.AR5:NZL,2022-12-31,9.8148
WDI:EN.GHG.N2O.AG.MT.CE.AR5:NZL,2023-12-31,9.4417
WDI:EN.GHG.N2O.AG.MT.CE.AR5:NZL,2024-12-31,9.3278
WDI:EN.GHG.N2O.AG.MT.CE.AR5:OED,1970-12-31,377.9174000000001
WDI:EN.GHG.N2O.AG.MT.CE.AR5:OED,1971-12-31,384.13700000000017
WDI:EN.GHG.N2O.AG.MT.CE.AR5:OED,1972-12-31,386.64739999999995
WDI:EN.GHG.N2O.AG.MT.CE.AR5:OED,1973-12-31,391.212
WDI:EN.GHG.N2O.AG.MT.CE.AR5:OED,1974-12-31,392.8738000000002
WDI:EN.GHG.N2O.AG.MT.CE.AR5:OED,1975-12-31,410.6507999999999
WDI:EN.GHG.N2O.AG.MT.CE.AR5:OED,1976-12-31,416.37719999999996
WDI:EN.GHG.N2O.AG.MT.CE.AR5:OED,1977-12-31,415.1408
WDI:EN.GHG.N2O.AG.MT.CE.AR5:OED,1978-12-31,423.76809999999995
WDI:EN.GHG.N2O.AG.MT.CE.AR5:OED,1979-12-31,431.72800000000007
WDI:EN.GHG.N2O.AG.MT.CE.AR5:OED,1980-12-31,436.5520999999999
WDI:EN.GHG.N2O.AG.MT.CE.AR5:OED,1981-12-31,436.44790000000006
WDI:EN.GHG.N2O.AG.MT.CE.AR5:OED,1982-12-31,433.8989
WDI:EN.GHG.N2O.AG.MT.CE.AR5:OED,1983-12-31,438.97979999999984
WDI:EN.GHG.N2O.AG.MT.CE.AR5:OED,1984-12-31,450.4564
WDI:EN.GHG.N2O.AG.MT.CE.AR5:OED,1985-12-31,444.8854
WDI:EN.GHG.N2O.AG.MT.CE.AR5:OED,1986-12-31,448.1335
WDI:EN.GHG.N2O.AG.MT.CE.AR5:OED,1987-12-31,445.74129999999997
WDI:EN.GHG.N2O.AG.MT.CE.AR5:OED,1988-12-31,444.2107000000001
WDI:EN.GHG.N2O.AG.MT.CE.AR5:OED,1989-12-31,451.5211999999999
WDI:EN.GHG.N2O.AG.MT.CE.AR5:OED,1990-12-31,446.82170000000013
WDI:EN.GHG.N2O.AG.MT.CE.AR5:OED,1991-12-31,433.7176999999999
WDI:EN.GHG.N2O.AG.MT.CE.AR5:OED,1992-12-31,428.70840000000004
WDI:EN.GHG.N2O.AG.MT.CE.AR5:OED,1993-12-31,432.7406
WDI:EN.GHG.N2O.AG.MT.CE.AR5:OED,1994-12-31,433.4574999999999
WDI:EN.GHG.N2O.AG.MT.CE.AR5:OED,1995-12-31,432.3805000000001
WDI:EN.GHG.N2O.AG.MT.CE.AR5:OED,1996-12-31,443.8702
WDI:EN.GHG.N2O.AG.MT.CE.AR5:OED,1997-12-31,444.71489999999994
WDI:EN.GHG.N2O.AG.MT.CE.AR5:OED,1998-12-31,447.95470000000006
WDI:EN.GHG.N2O.AG.MT.CE.AR5:OED,1999-12-31,446.9803000000001
WDI:EN.GHG.N2O.AG.MT.CE.AR5:OED,2000-12-31,440.6057999999998
WDI:EN.GHG.N2O.AG.MT.CE.AR5:OED,2001-12-31,438.4604
WDI:EN.GHG.N2O.AG.MT.CE.AR5:OED,2002-12-31,436.57210000000003
WDI:EN.GHG.N2O.AG.MT.CE.AR5:OED,2003-12-31,440.53100000000006
WDI:EN.GHG.N2O.AG.MT.CE.AR5:OED,2004-12-31,442.5469
WDI:EN.GHG.N2O.AG.MT.CE.AR5:OED,2005-12-31,436.9438000000001
WDI:EN.GHG.N2O.AG.MT.CE.AR5:OED,2006-12-31,440.4513999999999
WDI:EN.GHG.N2O.AG.MT.CE.AR5:OED,2007-12-31,442.5059999999999
WDI:EN.GHG.N2O.AG.MT.CE.AR5:OED,2008-12-31,428.8368
WDI:EN.GHG.N2O.AG.MT.CE.AR5:OED,2009-12-31,434.9711
WDI:EN.GHG.N2O.AG.MT.CE.AR5:OED,2010-12-31,441.2476999999999
WDI:EN.GHG.N2O.AG.MT.CE.AR5:OED,2011-12-31,441.137
WDI:EN.GHG.N2O.AG.MT.CE.AR5:OED,2012-12-31,444.26910000000004
WDI:EN.GHG.N2O.AG.MT.CE.AR5:OED,2013-12-31,452.9147000000001
WDI:EN.GHG.N2O.AG.MT.CE.AR5:OED,2014-12-31,455.05519999999996
WDI:EN.GHG.N2O.AG.MT.CE.AR5:OED,2015-12-31,454.0235
WDI:EN.GHG.N2O.AG.MT.CE.AR5:OED,2016-12-31,461.54340000000013
WDI:EN.GHG.N2O.AG.MT.CE.AR5:OED,2017-12-31,465.0092999999999
WDI:EN.GHG.N2O.AG.MT.CE.AR5:OED,2018-12-31,457.19100000000003
WDI:EN.GHG.N2O.AG.MT.CE.AR5:OED,2019-12-31,459.21720000000005
WDI:EN.GHG.N2O.AG.MT.CE.AR5:OED,2020-12-31,461.5613
WDI:EN.GHG.N2O.AG.MT.CE.AR5:OED,2021-12-31,456.1796000000001
WDI:EN.GHG.N2O.AG.MT.CE.AR5:OED,2022-12-31,450.4373
WDI:EN.GHG.N2O.AG.MT.CE.AR5:OED,2023-12-31,449.3755
WDI:EN.GHG.N2O.AG.MT.CE.AR5:OED,2024-12-31,447.4022
WDI:EN.GHG.N2O.AG.MT.CE.AR5:OMN,1970-12-31,0.0496
WDI:EN.GHG.N2O.AG.MT.CE.AR5:OMN,1971-12-31,0.0518
WDI:EN.GHG.N2O.AG.MT.CE.AR5:OMN,1972-12-31,0.0588
WDI:EN.GHG.N2O.AG.MT.CE.AR5:OMN,1973-12-31,0.0671
WDI:EN.GHG.N2O.AG.MT.CE.AR5:OMN,1974-12-31,0.0788
WDI:EN.GHG.N2O.AG.MT.CE.AR5:OMN,1975-12-31,0.0886
WDI:EN.GHG.N2O.AG.MT.CE.AR5:OMN,1976-12-31,0.0979
WDI:EN.GHG.N2O.AG.MT.CE.AR5:OMN,1977-12-31,0.106
WDI:EN.GHG.N2O.AG.MT.CE.AR5:OMN,1978-12-31,0.1104
WDI:EN.GHG.N2O.AG.MT.CE.AR5:OMN,1979-12-31,0.1169
WDI:EN.GHG.N2O.AG.MT.CE.AR5:OMN,1980-12-31,0.1271
WDI:EN.GHG.N2O.AG.MT.CE.AR5:OMN,1981-12-31,0.1341
WDI:EN.GHG.N2O.AG.MT.CE.AR5:OMN,1982-12-31,0.1323
WDI:EN.GHG.N2O.AG.MT.CE.AR5:OMN,1983-12-31,0.1314
WDI:EN.GHG.N2O.AG.MT.CE.AR5:OMN,1984-12-31,0.1334
WDI:EN.GHG.N2O.AG.MT.CE.AR5:OMN,1985-12-31,0.1402
WDI:EN.GHG.N2O.AG.MT.CE.AR5:OMN,1986-12-31,0.1421
WDI:EN.GHG.N2O.AG.MT.CE.AR5:OMN,1987-12-31,0.1455
WDI:EN.GHG.N2O.AG.MT.CE.AR5:OMN,1988-12-31,0.1486
WDI:EN.GHG.N2O.AG.MT.CE.AR5:OMN,1989-12-31,0.1499
WDI:EN.GHG.N2O.AG.MT.CE.AR5:OMN,1990-12-31,0.153
WDI:EN.GHG.N2O.AG.MT.CE.AR5:OMN,1991-12-31,0.1653
WDI:EN.GHG.N2O.AG.MT.CE.AR5:OMN,1992-12-31,0.1795
WDI:EN.GHG.N2O.AG.MT.CE.AR5:OMN,1993-12-31,0.1915
WDI:EN.GHG.N2O.AG.MT.CE.AR5:OMN,1994-12-31,0.2046
WDI:EN.GHG.N2O.AG.MT.CE.AR5:OMN,1995-12-31,0.2117
WDI:EN.GHG.N2O.AG.MT.CE.AR5:OMN,1996-12-31,0.2204
WDI:EN.GHG.N2O.AG.MT.CE.AR5:OMN,1997-12-31,0.228
WDI:EN.GHG.N2O.AG.MT.CE.AR5:OMN,1998-12-31,0.2372
WDI:EN.GHG.N2O.AG.MT.CE.AR5:OMN,1999-12-31,0.2502
WDI:EN.GHG.N2O.AG.MT.CE.AR5:OMN,2000-12-31,0.2514
WDI:EN.GHG.N2O.AG.MT.CE.AR5:OMN,2001-12-31,0.2603
WDI:EN.GHG.N2O.AG.MT.CE.AR5:OMN,2002-12-31,0.2648
WDI:EN.GHG.N2O.AG.MT.CE.AR5:OMN,2003-12-31,0.2754
WDI:EN.GHG.N2O.AG.MT.CE.AR5:OMN,2004-12-31,0.2825
WDI:EN.GHG.N2O.AG.MT.CE.AR5:OMN,2005-12-31,0.3063
WDI:EN.GHG.N2O.AG.MT.CE.AR5:OMN,2006-12-31,0.3125
WDI:EN.GHG.N2O.AG.MT.CE.AR5:OMN,2007-12-31,0.3196
WDI:EN.GHG.N2O.AG.MT.CE.AR5:OMN,2008-12-31,0.3245
WDI:EN.GHG.N2O.AG.MT.CE.AR5:OMN,2009-12-31,0.3311
WDI:EN.GHG.N2O.AG.MT.CE.AR5:OMN,2010-12-31,0.343
WDI:EN.GHG.N2O.AG.MT.CE.AR5:OMN,2011-12-31,0.3502
WDI:EN.GHG.N2O.AG.MT.CE.AR5:OMN,2012-12-31,0.3565
WDI:EN.GHG.N2O.AG.MT.CE.AR5:OMN,2013-12-31,0.4109
WDI:EN.GHG.N2O.AG.MT.CE.AR5:OMN,2014-12-31,0.4154
WDI:EN.GHG.N2O.AG.MT.CE.AR5:OMN,2015-12-31,0.4245
WDI:EN.GHG.N2O.AG.MT.CE.AR5:OMN,2016-12-31,0.4324
WDI:EN.GHG.N2O.AG.MT.CE.AR5:OMN,2017-12-31,0.4409
WDI:EN.GHG.N2O.AG.MT.CE.AR5:OMN,2018-12-31,0.4499
WDI:EN.GHG.N2O.AG.MT.CE.AR5:OMN,2019-12-31,0.4587
WDI:EN.GHG.N2O.AG.MT.CE.AR5:OMN,2020-12-31,0.4715
WDI:EN.GHG.N2O.AG.MT.CE.AR5:OMN,2021-12-31,0.4792
WDI:EN.GHG.N2O.AG.MT.CE.AR5:OMN,2022-12-31,0.4908
WDI:EN.GHG.N2O.AG.MT.CE.AR5:OMN,2023-12-31,0.5001
WDI:EN.GHG.N2O.AG.MT.CE.AR5:OMN,2024-12-31,0.5101
WDI:EN.GHG.N2O.AG.MT.CE.AR5:OSS,1970-12-31,2.4804
WDI:EN.GHG.N2O.AG.MT.CE.AR5:OSS,1971-12-31,2.5119000000000002
WDI:EN.GHG.N2O.AG.MT.CE.AR5:OSS,1972-12-31,2.5475
WDI:EN.GHG.N2O.AG.MT.CE.AR5:OSS,1973-12-31,2.5648000000000004
WDI:EN.GHG.N2O.AG.MT.CE.AR5:OSS,1974-12-31,2.5161
WDI:EN.GHG.N2O.AG.MT.CE.AR5:OSS,1975-12-31,2.538
WDI:EN.GHG.N2O.AG.MT.CE.AR5:OSS,1976-12-31,2.5111
WDI:EN.GHG.N2O.AG.MT.CE.AR5:OSS,1977-12-31,2.5281000000000002
WDI:EN.GHG.N2O.AG.MT.CE.AR5:OSS,1978-12-31,2.5467999999999997
WDI:EN.GHG.N2O.AG.MT.CE.AR5:OSS,1979-12-31,2.5274
WDI:EN.GHG.N2O.AG.MT.CE.AR5:OSS,1980-12-31,2.5113
WDI:EN.GHG.N2O.AG.MT.CE.AR5:OSS,1981-12-31,2.5130000000000003
WDI:EN.GHG.N2O.AG.MT.CE.AR5:OSS,1982-12-31,2.6209000000000002
WDI:EN.GHG.N2O.AG.MT.CE.AR5:OSS,1983-12-31,2.6707000000000005
WDI:EN.GHG.N2O.AG.MT.CE.AR5:OSS,1984-12-31,2.6770000000000005
WDI:EN.GHG.N2O.AG.MT.CE.AR5:OSS,1985-12-31,2.7278
WDI:EN.GHG.N2O.AG.MT.CE.AR5:OSS,1986-12-31,2.752
WDI:EN.GHG.N2O.AG.MT.CE.AR5:OSS,1987-12-31,2.7735
WDI:EN.GHG.N2O.AG.MT.CE.AR5:OSS,1988-12-31,2.7413
WDI:EN.GHG.N2O.AG.MT.CE.AR5:OSS,1989-12-31,2.7511000000000005
WDI:EN.GHG.N2O.AG.MT.CE.AR5:OSS,1990-12-31,2.7767000000000004
WDI:EN.GHG.N2O.AG.MT.CE.AR5:OSS,1991-12-31,2.7323999999999997
WDI:EN.GHG.N2O.AG.MT.CE.AR5:OSS,1992-12-31,2.734
WDI:EN.GHG.N2O.AG.MT.CE.AR5:OSS,1993-12-31,2.6163000000000007
WDI:EN.GHG.N2O.AG.MT.CE.AR5:OSS,1994-12-31,2.5437999999999996
WDI:EN.GHG.N2O.AG.MT.CE.AR5:OSS,1995-12-31,2.5497
WDI:EN.GHG.N2O.AG.MT.CE.AR5:OSS,1996-12-31,2.5436
WDI:EN.GHG.N2O.AG.MT.CE.AR5:OSS,1997-12-31,2.5204
WDI:EN.GHG.N2O.AG.MT.CE.AR5:OSS,1998-12-31,2.5840000000000005
WDI:EN.GHG.N2O.AG.MT.CE.AR5:OSS,1999-12-31,2.6184
WDI:EN.GHG.N2O.AG.MT.CE.AR5:OSS,2000-12-31,2.6365
WDI:EN.GHG.N2O.AG.MT.CE.AR5:OSS,2001-12-31,2.6174999999999997
WDI:EN.GHG.N2O.AG.MT.CE.AR5:OSS,2002-12-31,2.64
WDI:EN.GHG.N2O.AG.MT.CE.AR5:OSS,2003-12-31,2.6405000000000007
WDI:EN.GHG.N2O.AG.MT.CE.AR5:OSS,2004-12-31,2.6997000000000004
WDI:EN.GHG.N2O.AG.MT.CE.AR5:OSS,2005-12-31,2.7157
WDI:EN.GHG.N2O.AG.MT.CE.AR5:OSS,2006-12-31,2.6321000000000003
WDI:EN.GHG.N2O.AG.MT.CE.AR5:OSS,2007-12-31,2.6909000000000005
WDI:EN.GHG.N2O.AG.MT.CE.AR5:OSS,2008-12-31,2.7473999999999994
WDI:EN.GHG.N2O.AG.MT.CE.AR5:OSS,2009-12-31,2.752
WDI:EN.GHG.N2O.AG.MT.CE.AR5:OSS,2010-12-31,2.7798999999999996
WDI:EN.GHG.N2O.AG.MT.CE.AR5:OSS,2011-12-31,2.8057999999999996
WDI:EN.GHG.N2O.AG.MT.CE.AR5:OSS,2012-12-31,2.8406
WDI:EN.GHG.N2O.AG.MT.CE.AR5:OSS,2013-12-31,2.8413999999999993
WDI:EN.GHG.N2O.AG.MT.CE.AR5:OSS,2014-12-31,2.8858999999999995
WDI:EN.GHG.N2O.AG.MT.CE.AR5:OSS,2015-12-31,2.931999999999999
WDI:EN.GHG.N2O.AG.MT.CE.AR5:OSS,2016-12-31,2.8447999999999998
WDI:EN.GHG.N2O.AG.MT.CE.AR5:OSS,2017-12-31,2.8764
WDI:EN.GHG.N2O.AG.MT.CE.AR5:OSS,2018-12-31,2.8932999999999995
WDI:EN.GHG.N2O.AG.MT.CE.AR5:OSS,2019-12-31,2.9926999999999997
WDI:EN.GHG.N2O.AG.MT.CE.AR5:OSS,2020-12-31,3.0107000000000004
WDI:EN.GHG.N2O.AG.MT.CE.AR5:OSS,2021-12-31,2.9103000000000003
WDI:EN.GHG.N2O.AG.MT.CE.AR5:OSS,2022-12-31,2.8832000000000004
WDI:EN.GHG.N2O.AG.MT.CE.AR5:OSS,2023-12-31,2.8343
WDI:EN.GHG.N2O.AG.MT.CE.AR5:OSS,2024-12-31,2.8405
WDI:EN.GHG.N2O.AG.MT.CE.AR5:PAK,1970-12-31,8.1588
WDI:EN.GHG.N2O.AG.MT.CE.AR5:PAK,1971-12-31,8.2546
WDI:EN.GHG.N2O.AG.MT.CE.AR5:PAK,1972-12-31,8.4453
WDI:EN.GHG.N2O.AG.MT.CE.AR5:PAK,1973-12-31,8.6867
WDI:EN.GHG.N2O.AG.MT.CE.AR5:PAK,1974-12-31,9.0351
WDI:EN.GHG.N2O.AG.MT.CE.AR5:PAK,1975-12-31,9.6995
WDI:EN.GHG.N2O.AG.MT.CE.AR5:PAK,1976-12-31,10.3409
WDI:EN.GHG.N2O.AG.MT.CE.AR5:PAK,1977-12-31,10.8779
WDI:EN.GHG.N2O.AG.MT.CE.AR5:PAK,1978-12-31,11.8219
WDI:EN.GHG.N2O.AG.MT.CE.AR5:PAK,1979-12-31,12.78
WDI:EN.GHG.N2O.AG.MT.CE.AR5:PAK,1980-12-31,12.7843
WDI:EN.GHG.N2O.AG.MT.CE.AR5:PAK,1981-12-31,13.0256
WDI:EN.GHG.N2O.AG.MT.CE.AR5:PAK,1982-12-31,13.867
WDI:EN.GHG.N2O.AG.MT.CE.AR5:PAK,1983-12-31,13.9155
WDI:EN.GHG.N2O.AG.MT.CE.AR5:PAK,1984-12-31,14.1805
WDI:EN.GHG.N2O.AG.MT.CE.AR5:PAK,1985-12-31,15.4005
WDI:EN.GHG.N2O.AG.MT.CE.AR5:PAK,1986-12-31,17.4743
WDI:EN.GHG.N2O.AG.MT.CE.AR5:PAK,1987-12-31,17.4237
WDI:EN.GHG.N2O.AG.MT.CE.AR5:PAK,1988-12-31,17.9331
WDI:EN.GHG.N2O.AG.MT.CE.AR5:PAK,1989-12-31,19.0258
WDI:EN.GHG.N2O.AG.MT.CE.AR5:PAK,1990-12-31,19.3195
WDI:EN.GHG.N2O.AG.MT.CE.AR5:PAK,1991-12-31,19.6553
WDI:EN.GHG.N2O.AG.MT.CE.AR5:PAK,1992-12-31,20.8714
WDI:EN.GHG.N2O.AG.MT.CE.AR5:PAK,1993-12-31,21.3795
WDI:EN.GHG.N2O.AG.MT.CE.AR5:PAK,1994-12-31,22.1682
WDI:EN.GHG.N2O.AG.MT.CE.AR5:PAK,1995-12-31,23.955
WDI:EN.GHG.N2O.AG.MT.CE.AR5:PAK,1996-12-31,24.2458
WDI:EN.GHG.N2O.AG.MT.CE.AR5:PAK,1997-12-31,25.0992
WDI:EN.GHG.N2O.AG.MT.CE.AR5:PAK,1998-12-31,25.3669
WDI:EN.GHG.N2O.AG.MT.CE.AR5:PAK,1999-12-31,26.3523
WDI:EN.GHG.N2O.AG.MT.CE.AR5:PAK,2000-12-31,26.9568
WDI:EN.GHG.N2O.AG.MT.CE.AR5:PAK,2001-12-31,27.3582
WDI:EN.GHG.N2O.AG.MT.CE.AR5:PAK,2002-12-31,28.0965
WDI:EN.GHG.N2O.AG.MT.CE.AR5:PAK,2003-12-31,29.4983
WDI:EN.GHG.N2O.AG.MT.CE.AR5:PAK,2004-12-31,31.2436
WDI:EN.GHG.N2O.AG.MT.CE.AR5:PAK,2005-12-31,32.4665
WDI:EN.GHG.N2O.AG.MT.CE.AR5:PAK,2006-12-31,32.1901
WDI:EN.GHG.N2O.AG.MT.CE.AR5:PAK,2007-12-31,34.3346
WDI:EN.GHG.N2O.AG.MT.CE.AR5:PAK,2008-12-31,35.4643
WDI:EN.GHG.N2O.AG.MT.CE.AR5:PAK,2009-12-31,38.4137
WDI:EN.GHG.N2O.AG.MT.CE.AR5:PAK,2010-12-31,36.908
WDI:EN.GHG.N2O.AG.MT.CE.AR5:PAK,2011-12-31,38.3113
WDI:EN.GHG.N2O.AG.MT.CE.AR5:PAK,2012-12-31,37.0714
WDI:EN.GHG.N2O.AG.MT.CE.AR5:PAK,2013-12-31,39.4476
WDI:EN.GHG.N2O.AG.MT.CE.AR5:PAK,2014-12-31,40.9094
WDI:EN.GHG.N2O.AG.MT.CE.AR5:PAK,2015-12-31,38.3037
WDI:EN.GHG.N2O.AG.MT.CE.AR5:PAK,2016-12-31,44.529
WDI:EN.GHG.N2O.AG.MT.CE.AR5:PAK,2017-12-31,43.9191
WDI:EN.GHG.N2O.AG.MT.CE.AR5:PAK,2018-12-31,44.6395
WDI:EN.GHG.N2O.AG.MT.CE.AR5:PAK,2019-12-31,45.5744
WDI:EN.GHG.N2O.AG.MT.CE.AR5:PAK,2020-12-31,48.0525
WDI:EN.GHG.N2O.AG.MT.CE.AR5:PAK,2021-12-31,49.4158
WDI:EN.GHG.N2O.AG.MT.CE.AR5:PAK,2022-12-31,49.6413
WDI:EN.GHG.N2O.AG.MT.CE.AR5:PAK,2023-12-31,50.9555
WDI:EN.GHG.N2O.AG.MT.CE.AR5:PAK,2024-12-31,52.2282
WDI:EN.GHG.N2O.AG.MT.CE.AR5:PAN,1970-12-31,0.5114
WDI:EN.GHG.N2O.AG.MT.CE.AR5:PAN,1971-12-31,0.5284
WDI:EN.GHG.N2O.AG.MT.CE.AR5:PAN,1972-12-31,0.5388
WDI:EN.GHG.N2O.AG.MT.CE.AR5:PAN,1973-12-31,0.553
WDI:EN.GHG.N2O.AG.MT.CE.AR5:PAN,1974-12-31,0.56
WDI:EN.GHG.N2O.AG.MT.CE.AR5:PAN,1975-12-31,0.5663
WDI:EN.GHG.N2O.AG.MT.CE.AR5:PAN,1976-12-31,0.5748
WDI:EN.GHG.N2O.AG.MT.CE.AR5:PAN,1977-12-31,0.5865
WDI:EN.GHG.N2O.AG.MT.CE.AR5:PAN,1978-12-31,0.5944
WDI:EN.GHG.N2O.AG.MT.CE.AR5:PAN,1979-12-31,0.6066
WDI:EN.GHG.N2O.AG.MT.CE.AR5:PAN,1980-12-31,0.598
WDI:EN.GHG.N2O.AG.MT.CE.AR5:PAN,1981-12-31,0.6107
WDI:EN.GHG.N2O.AG.MT.CE.AR5:PAN,1982-12-31,0.6166
WDI:EN.GHG.N2O.AG.MT.CE.AR5:PAN,1983-12-31,0.6181
WDI:EN.GHG.N2O.AG.MT.CE.AR5:PAN,1984-12-31,0.6155
WDI:EN.GHG.N2O.AG.MT.CE.AR5:PAN,1985-12-31,0.6159
WDI:EN.GHG.N2O.AG.MT.CE.AR5:PAN,1986-12-31,0.6233
WDI:EN.GHG.N2O.AG.MT.CE.AR5:PAN,1987-12-31,0.6216
WDI:EN.GHG.N2O.AG.MT.CE.AR5:PAN,1988-12-31,0.6271
WDI:EN.GHG.N2O.AG.MT.CE.AR5:PAN,1989-12-31,0.6304
WDI:EN.GHG.N2O.AG.MT.CE.AR5:PAN,1990-12-31,0.631
WDI:EN.GHG.N2O.AG.MT.CE.AR5:PAN,1991-12-31,0.6441
WDI:EN.GHG.N2O.AG.MT.CE.AR5:PAN,1992-12-31,0.661
WDI:EN.GHG.N2O.AG.MT.CE.AR5:PAN,1993-12-31,0.667
WDI:EN.GHG.N2O.AG.MT.CE.AR5:PAN,1994-12-31,0.678
WDI:EN.GHG.N2O.AG.MT.CE.AR5:PAN,1995-12-31,0.6794
WDI:EN.GHG.N2O.AG.MT.CE.AR5:PAN,1996-12-31,0.6715
WDI:EN.GHG.N2O.AG.MT.CE.AR5:PAN,1997-12-31,0.6396
WDI:EN.GHG.N2O.AG.MT.CE.AR5:PAN,1998-12-31,0.6605
WDI:EN.GHG.N2O.AG.MT.CE.AR5:PAN,1999-12-31,0.6558
WDI:EN.GHG.N2O.AG.MT.CE.AR5:PAN,2000-12-31,0.6574
WDI:EN.GHG.N2O.AG.MT.CE.AR5:PAN,2001-12-31,0.728
WDI:EN.GHG.N2O.AG.MT.CE.AR5:PAN,2002-12-31,0.7327
WDI:EN.GHG.N2O.AG.MT.CE.AR5:PAN,2003-12-31,0.7228
WDI:EN.GHG.N2O.AG.MT.CE.AR5:PAN,2004-12-31,0.7124
WDI:EN.GHG.N2O.AG.MT.CE.AR5:PAN,2005-12-31,0.7407
WDI:EN.GHG.N2O.AG.MT.CE.AR5:PAN,2006-12-31,0.7378
WDI:EN.GHG.N2O.AG.MT.CE.AR5:PAN,2007-12-31,0.7337
WDI:EN.GHG.N2O.AG.MT.CE.AR5:PAN,2008-12-31,0.7657
WDI:EN.GHG.N2O.AG.MT.CE.AR5:PAN,2009-12-31,0.7615
WDI:EN.GHG.N2O.AG.MT.CE.AR5:PAN,2010-12-31,0.7706
WDI:EN.GHG.N2O.AG.MT.CE.AR5:PAN,2011-12-31,0.8137
WDI:EN.GHG.N2O.AG.MT.CE.AR5:PAN,2012-12-31,0.8146
WDI:EN.GHG.N2O.AG.MT.CE.AR5:PAN,2013-12-31,0.8169
WDI:EN.GHG.N2O.AG.MT.CE.AR5:PAN,2014-12-31,0.7889
WDI:EN.GHG.N2O.AG.MT.CE.AR5:PAN,2015-12-31,0.7597
WDI:EN.GHG.N2O.AG.MT.CE.AR5:PAN,2016-12-31,0.771
WDI:EN.GHG.N2O.AG.MT.CE.AR5:PAN,2017-12-31,0.7638
WDI:EN.GHG.N2O.AG.MT.CE.AR5:PAN,2018-12-31,0.7747
WDI:EN.GHG.N2O.AG.MT.CE.AR5:PAN,2019-12-31,0.7543
WDI:EN.GHG.N2O.AG.MT.CE.AR5:PAN,2020-12-31,0.7541
WDI:EN.GHG.N2O.AG.MT.CE.AR5:PAN,2021-12-31,0.765
WDI:EN.GHG.N2O.AG.MT.CE.AR5:PAN,2022-12-31,0.7715
WDI:EN.GHG.N2O.AG.MT.CE.AR5:PAN,2023-12-31,0.7735
WDI:EN.GHG.N2O.AG.MT.CE.AR5:PAN,2024-12-31,0.7736
WDI:EN.GHG.N2O.AG.MT.CE.AR5:PER,1970-12-31,3.2993
WDI:EN.GHG.N2O.AG.MT.CE.AR5:PER,1971-12-31,3.3786
WDI:EN.GHG.N2O.AG.MT.CE.AR5:PER,1972-12-31,3.2301
WDI:EN.GHG.N2O.AG.MT.CE.AR5:PER,1973-12-31,3.178
WDI:EN.GHG.N2O.AG.MT.CE.AR5:PER,1974-12-31,3.3771
WDI:EN.GHG.N2O.AG.MT.CE.AR5:PER,1975-12-31,3.198
WDI:EN.GHG.N2O.AG.MT.CE.AR5:PER,1976-12-31,3.3232
WDI:EN.GHG.N2O.AG.MT.CE.AR5:PER,1977-12-31,3.3375
WDI:EN.GHG.N2O.AG.MT.CE.AR5:PER,1978-12-31,3.2698
WDI:EN.GHG.N2O.AG.MT.CE.AR5:PER,1979-12-31,3.2259
WDI:EN.GHG.N2O.AG.MT.CE.AR5:PER,1980-12-31,3.1564
WDI:EN.GHG.N2O.AG.MT.CE.AR5:PER,1981-12-31,3.3016
WDI:EN.GHG.N2O.AG.MT.CE.AR5:PER,1982-12-31,3.1792
WDI:EN.GHG.N2O.AG.MT.CE.AR5:PER,1983-12-31,2.9716
WDI:EN.GHG.N2O.AG.MT.CE.AR5:PER,1984-12-31,3.0536
WDI:EN.GHG.N2O.AG.MT.CE.AR5:PER,1985-12-31,3.0207
WDI:EN.GHG.N2O.AG.MT.CE.AR5:PER,1986-12-31,3.5534
WDI:EN.GHG.N2O.AG.MT.CE.AR5:PER,1987-12-31,3.7211
WDI:EN.GHG.N2O.AG.MT.CE.AR5:PER,1988-12-31,3.7499
WDI:EN.GHG.N2O.AG.MT.CE.AR5:PER,1989-12-31,3.5233
WDI:EN.GHG.N2O.AG.MT.CE.AR5:PER,1990-12-31,3.2425
WDI:EN.GHG.N2O.AG.MT.CE.AR5:PER,1991-12-31,3.1236
WDI:EN.GHG.N2O.AG.MT.CE.AR5:PER,1992-12-31,3.1015
WDI:EN.GHG.N2O.AG.MT.CE.AR5:PER,1993-12-31,3.2983
WDI:EN.GHG.N2O.AG.MT.CE.AR5:PER,1994-12-31,3.5425
WDI:EN.GHG.N2O.AG.MT.CE.AR5:PER,1995-12-31,3.8625
WDI:EN.GHG.N2O.AG.MT.CE.AR5:PER,1996-12-31,3.918
WDI:EN.GHG.N2O.AG.MT.CE.AR5:PER,1997-12-31,3.9864
WDI:EN.GHG.N2O.AG.MT.CE.AR5:PER,1998-12-31,4.1473
WDI:EN.GHG.N2O.AG.MT.CE.AR5:PER,1999-12-31,4.2856
WDI:EN.GHG.N2O.AG.MT.CE.AR5:PER,2000-12-31,4.5072
WDI:EN.GHG.N2O.AG.MT.CE.AR5:PER,2001-12-31,4.4911
WDI:EN.GHG.N2O.AG.MT.CE.AR5:PER,2002-12-31,4.6768
WDI:EN.GHG.N2O.AG.MT.CE.AR5:PER,2003-12-31,4.7693
WDI:EN.GHG.N2O.AG.MT.CE.AR5:PER,2004-12-31,4.6967
WDI:EN.GHG.N2O.AG.MT.CE.AR5:PER,2005-12-31,4.8185
WDI:EN.GHG.N2O.AG.MT.CE.AR5:PER,2006-12-31,4.8765
WDI:EN.GHG.N2O.AG.MT.CE.AR5:PER,2007-12-31,4.9504
WDI:EN.GHG.N2O.AG.MT.CE.AR5:PER,2008-12-31,4.9469
WDI:EN.GHG.N2O.AG.MT.CE.AR5:PER,2009-12-31,5.0254
WDI:EN.GHG.N2O.AG.MT.CE.AR5:PER,2010-12-31,5.0633
WDI:EN.GHG.N2O.AG.MT.CE.AR5:PER,2011-12-31,5.1631
WDI:EN.GHG.N2O.AG.MT.CE.AR5:PER,2012-12-31,5.1198
WDI:EN.GHG.N2O.AG.MT.CE.AR5:PER,2013-12-31,5.8246
WDI:EN.GHG.N2O.AG.MT.CE.AR5:PER,2014-12-31,5.6223
WDI:EN.GHG.N2O.AG.MT.CE.AR5:PER,2015-12-31,5.8384
WDI:EN.GHG.N2O.AG.MT.CE.AR5:PER,2016-12-31,5.4997
WDI:EN.GHG.N2O.AG.MT.CE.AR5:PER,2017-12-31,5.7969
WDI:EN.GHG.N2O.AG.MT.CE.AR5:PER,2018-12-31,5.4365
WDI:EN.GHG.N2O.AG.MT.CE.AR5:PER,2019-12-31,6.2342
WDI:EN.GHG.N2O.AG.MT.CE.AR5:PER,2020-12-31,5.8739
WDI:EN.GHG.N2O.AG.MT.CE.AR5:PER,2021-12-31,6.4101
WDI:EN.GHG.N2O.AG.MT.CE.AR5:PER,2022-12-31,5.8806
WDI:EN.GHG.N2O.AG.MT.CE.AR5:PER,2023-12-31,5.8648
WDI:EN.GHG.N2O.AG.MT.CE.AR5:PER,2024-12-31,5.8799
WDI:EN.GHG.N2O.AG.MT.CE.AR5:PHL,1970-12-31,4.5432
WDI:EN.GHG.N2O.AG.MT.CE.AR5:PHL,1971-12-31,4.6551
WDI:EN.GHG.N2O.AG.MT.CE.AR5:PHL,1972-12-31,4.756
WDI:EN.GHG.N2O.AG.MT.CE.AR5:PHL,1973-12-31,5.082
WDI:EN.GHG.N2O.AG.MT.CE.AR5:PHL,1974-12-31,4.8459
WDI:EN.GHG.N2O.AG.MT.CE.AR5:PHL,1975-12-31,4.2672
WDI:EN.GHG.N2O.AG.MT.CE.AR5:PHL,1976-12-31,4.0068
WDI:EN.GHG.N2O.AG.MT.CE.AR5:PHL,1977-12-31,4.1867
WDI:EN.GHG.N2O.AG.MT.CE.AR5:PHL,1978-12-31,4.5272
WDI:EN.GHG.N2O.AG.MT.CE.AR5:PHL,1979-12-31,4.5805
WDI:EN.GHG.N2O.AG.MT.CE.AR5:PHL,1980-12-31,4.6051
WDI:EN.GHG.N2O.AG.MT.CE.AR5:PHL,1981-12-31,4.6642
WDI:EN.GHG.N2O.AG.MT.CE.AR5:PHL,1982-12-31,4.8686
WDI:EN.GHG.N2O.AG.MT.CE.AR5:PHL,1983-12-31,4.9278
WDI:EN.GHG.N2O.AG.MT.CE.AR5:PHL,1984-12-31,4.6133
WDI:EN.GHG.N2O.AG.MT.CE.AR5:PHL,1985-12-31,4.7503
WDI:EN.GHG.N2O.AG.MT.CE.AR5:PHL,1986-12-31,5.3281
WDI:EN.GHG.N2O.AG.MT.CE.AR5:PHL,1987-12-31,5.6395
WDI:EN.GHG.N2O.AG.MT.CE.AR5:PHL,1988-12-31,5.6964
WDI:EN.GHG.N2O.AG.MT.CE.AR5:PHL,1989-12-31,5.7969
WDI:EN.GHG.N2O.AG.MT.CE.AR5:PHL,1990-12-31,5.9057
WDI:EN.GHG.N2O.AG.MT.CE.AR5:PHL,1991-12-31,5.3352
WDI:EN.GHG.N2O.AG.MT.CE.AR5:PHL,1992-12-31,5.6461
WDI:EN.GHG.N2O.AG.MT.CE.AR5:PHL,1993-12-31,6.0105
WDI:EN.GHG.N2O.AG.MT.CE.AR5:PHL,1994-12-31,6.1038
WDI:EN.GHG.N2O.AG.MT.CE.AR5:PHL,1995-12-31,6.1854
WDI:EN.GHG.N2O.AG.MT.CE.AR5:PHL,1996-12-31,6.8764
WDI:EN.GHG.N2O.AG.MT.CE.AR5:PHL,1997-12-31,7.4626
WDI:EN.GHG.N2O.AG.MT.CE.AR5:PHL,1998-12-31,6.7062
WDI:EN.GHG.N2O.AG.MT.CE.AR5:PHL,1999-12-31,7.2853
WDI:EN.GHG.N2O.AG.MT.CE.AR5:PHL,2000-12-31,7.4647
WDI:EN.GHG.N2O.AG.MT.CE.AR5:PHL,2001-12-31,7.6199
WDI:EN.GHG.N2O.AG.MT.CE.AR5:PHL,2002-12-31,7.5861
WDI:EN.GHG.N2O.AG.MT.CE.AR5:PHL,2003-12-31,7.7507
WDI:EN.GHG.N2O.AG.MT.CE.AR5:PHL,2004-12-31,7.9193
WDI:EN.GHG.N2O.AG.MT.CE.AR5:PHL,2005-12-31,7.9754
WDI:EN.GHG.N2O.AG.MT.CE.AR5:PHL,2006-12-31,7.6785
WDI:EN.GHG.N2O.AG.MT.CE.AR5:PHL,2007-12-31,8.053
WDI:EN.GHG.N2O.AG.MT.CE.AR5:PHL,2008-12-31,7.7289
WDI:EN.GHG.N2O.AG.MT.CE.AR5:PHL,2009-12-31,7.8111
WDI:EN.GHG.N2O.AG.MT.CE.AR5:PHL,2010-12-31,7.5629
WDI:EN.GHG.N2O.AG.MT.CE.AR5:PHL,2011-12-31,7.5569
WDI:EN.GHG.N2O.AG.MT.CE.AR5:PHL,2012-12-31,7.6282
WDI:EN.GHG.N2O.AG.MT.CE.AR5:PHL,2013-12-31,8.0271
WDI:EN.GHG.N2O.AG.MT.CE.AR5:PHL,2014-12-31,8.892
WDI:EN.GHG.N2O.AG.MT.CE.AR5:PHL,2015-12-31,8.1974
WDI:EN.GHG.N2O.AG.MT.CE.AR5:PHL,2016-12-31,8.8405
WDI:EN.GHG.N2O.AG.MT.CE.AR5:PHL,2017-12-31,8.9884
WDI:EN.GHG.N2O.AG.MT.CE.AR5:PHL,2018-12-31,8.7182
WDI:EN.GHG.N2O.AG.MT.CE.AR5:PHL,2019-12-31,8.5191
WDI:EN.GHG.N2O.AG.MT.CE.AR5:PHL,2020-12-31,9.1225
WDI:EN.GHG.N2O.AG.MT.CE.AR5:PHL,2021-12-31,8.3042
WDI:EN.GHG.N2O.AG.MT.CE.AR5:PHL,2022-12-31,8.1041
WDI:EN.GHG.N2O.AG.MT.CE.AR5:PHL,2023-12-31,7.9764
WDI:EN.GHG.N2O.AG.MT.CE.AR5:PHL,2024-12-31,7.8559
WDI:EN.GHG.N2O.AG.MT.CE.AR5:PLW,1970-12-31,0.0
WDI:EN.GHG.N2O.AG.MT.CE.AR5:PLW,1971-12-31,0.0
WDI:EN.GHG.N2O.AG.MT.CE.AR5:PLW,1972-12-31,0.0
WDI:EN.GHG.N2O.AG.MT.CE.AR5:PLW,1973-12-31,0.0
WDI:EN.GHG.N2O.AG.MT.CE.AR5:PLW,1974-12-31,0.0
WDI:EN.GHG.N2O.AG.MT.CE.AR5:PLW,1975-12-31,0.0
WDI:EN.GHG.N2O.AG.MT.CE.AR5:PLW,1976-12-31,0.0
WDI:EN.GHG.N2O.AG.MT.CE.AR5:PLW,1977-12-31,0.0
WDI:EN.GHG.N2O.AG.MT.CE.AR5:PLW,1978-12-31,0.0
WDI:EN.GHG.N2O.AG.MT.CE.AR5:PLW,1979-12-31,0.0
WDI:EN.GHG.N2O.AG.MT.CE.AR5:PLW,1980-12-31,0.0
WDI:EN.GHG.N2O.AG.MT.CE.AR5:PLW,1981-12-31,0.0
WDI:EN.GHG.N2O.AG.MT.CE.AR5:PLW,1982-12-31,0.0
WDI:EN.GHG.N2O.AG.MT.CE.AR5:PLW,1983-12-31,0.0
WDI:EN.GHG.N2O.AG.MT.CE.AR5:PLW,1984-12-31,0.0
WDI:EN.GHG.N2O.AG.MT.CE.AR5:PLW,1985-12-31,0.0
WDI:EN.GHG.N2O.AG.MT.CE.AR5:PLW,1986-12-31,0.0
WDI:EN.GHG.N2O.AG.MT.CE.AR5:PLW,1987-12-31,0.0
WDI:EN.GHG.N2O.AG.MT.CE.AR5:PLW,1988-12-31,0.0
WDI:EN.GHG.N2O.AG.MT.CE.AR5:PLW,1989-12-31,0.0
WDI:EN.GHG.N2O.AG.MT.CE.AR5:PLW,1990-12-31,0.0
WDI:EN.GHG.N2O.AG.MT.CE.AR5:PLW,1991-12-31,0.0
WDI:EN.GHG.N2O.AG.MT.CE.AR5:PLW,1992-12-31,0.0
WDI:EN.GHG.N2O.AG.MT.CE.AR5:PLW,1993-12-31,0.0
WDI:EN.GHG.N2O.AG.MT.CE.AR5:PLW,1994-12-31,0.0
WDI:EN.GHG.N2O.AG.MT.CE.AR5:PLW,1995-12-31,0.0
WDI:EN.GHG.N2O.AG.MT.CE.AR5:PLW,1996-12-31,0.0
WDI:EN.GHG.N2O.AG.MT.CE.AR5:PLW,1997-12-31,0.0
WDI:EN.GHG.N2O.AG.MT.CE.AR5:PLW,1998-12-31,0.0
WDI:EN.GHG.N2O.AG.MT.CE.AR5:PLW,1999-12-31,0.0
WDI:EN.GHG.N2O.AG.MT.CE.AR5:PLW,2000-12-31,0.0
WDI:EN.GHG.N2O.AG.MT.CE.AR5:PLW,2001-12-31,0.0
WDI:EN.GHG.N2O.AG.MT.CE.AR5:PLW,2002-12-31,0.0
WDI:EN.GHG.N2O.AG.MT.CE.AR5:PLW,2003-12-31,0.0
WDI:EN.GHG.N2O.AG.MT.CE.AR5:PLW,2004-12-31,0.0
WDI:EN.GHG.N2O.AG.MT.CE.AR5:PLW,2005-12-31,0.0
WDI:EN.GHG.N2O.AG.MT.CE.AR5:PLW,2006-12-31,0.0
WDI:EN.GHG.N2O.AG.MT.CE.AR5:PLW,2007-12-31,0.0
WDI:EN.GHG.N2O.AG.MT.CE.AR5:PLW,2008-12-31,0.0
WDI:EN.GHG.N2O.AG.MT.CE.AR5:PLW,2009-12-31,0.0
WDI:EN.GHG.N2O.AG.MT.CE.AR5:PLW,2010-12-31,0.0
WDI:EN.GHG.N2O.AG.MT.CE.AR5:PLW,2011-12-31,0.0
WDI:EN.GHG.N2O.AG.MT.CE.AR5:PLW,2012-12-31,0.0
WDI:EN.GHG.N2O.AG.MT.CE.AR5:PLW,2013-12-31,0.0
WDI:EN.GHG.N2O.AG.MT.CE.AR5:PLW,2014-12-31,0.0
WDI:EN.GHG.N2O.AG.MT.CE.AR5:PLW,2015-12-31,0.0
WDI:EN.GHG.N2O.AG.MT.CE.AR5:PLW,2016-12-31,0.0
WDI:EN.GHG.N2O.AG.MT.CE.AR5:PLW,2017-12-31,0.0
WDI:EN.GHG.N2O.AG.MT.CE.AR5:PLW,2018-12-31,0.0
WDI:EN.GHG.N2O.AG.MT.CE.AR5:PLW,2019-12-31,0.0
WDI:EN.GHG.N2O.AG.MT.CE.AR5:PLW,2020-12-31,0.0
WDI:EN.GHG.N2O.AG.MT.CE.AR5:PLW,2021-12-31,0.0
WDI:EN.GHG.N2O.AG.MT.CE.AR5:PLW,2022-12-31,0.0
WDI:EN.GHG.N2O.AG.MT.CE.AR5:PLW,2023-12-31,0.0
WDI:EN.GHG.N2O.AG.MT.CE.AR5:PNG,1970-12-31,0.9466
WDI:EN.GHG.N2O.AG.MT.CE.AR5:PNG,1971-12-31,0.9514
WDI:EN.GHG.N2O.AG.MT.CE.AR5:PNG,1972-12-31,0.9574
WDI:EN.GHG.N2O.AG.MT.CE.AR5:PNG,1973-12-31,0.9634
WDI:EN.GHG.N2O.AG.MT.CE.AR5:PNG,1974-12-31,0.971
WDI:EN.GHG.N2O.AG.MT.CE.AR5:PNG,1975-12-31,0.975
WDI:EN.GHG.N2O.AG.MT.CE.AR5:PNG,1976-12-31,0.979
WDI:EN.GHG.N2O.AG.MT.CE.AR5:PNG,1977-12-31,0.9802
WDI:EN.GHG.N2O.AG.MT.CE.AR5:PNG,1978-12-31,0.983
WDI:EN.GHG.N2O.AG.MT.CE.AR5:PNG,1979-12-31,0.986
WDI:EN.GHG.N2O.AG.MT.CE.AR5:PNG,1980-12-31,0.9871
WDI:EN.GHG.N2O.AG.MT.CE.AR5:PNG,1981-12-31,0.9908
WDI:EN.GHG.N2O.AG.MT.CE.AR5:PNG,1982-12-31,0.9898
WDI:EN.GHG.N2O.AG.MT.CE.AR5:PNG,1983-12-31,0.9909
WDI:EN.GHG.N2O.AG.MT.CE.AR5:PNG,1984-12-31,0.9919
WDI:EN.GHG.N2O.AG.MT.CE.AR5:PNG,1985-12-31,0.9933
WDI:EN.GHG.N2O.AG.MT.CE.AR5:PNG,1986-12-31,0.9939
WDI:EN.GHG.N2O.AG.MT.CE.AR5:PNG,1987-12-31,0.9909
WDI:EN.GHG.N2O.AG.MT.CE.AR5:PNG,1988-12-31,0.9914
WDI:EN.GHG.N2O.AG.MT.CE.AR5:PNG,1989-12-31,0.992
WDI:EN.GHG.N2O.AG.MT.CE.AR5:PNG,1990-12-31,0.9938
WDI:EN.GHG.N2O.AG.MT.CE.AR5:PNG,1991-12-31,0.9934
WDI:EN.GHG.N2O.AG.MT.CE.AR5:PNG,1992-12-31,0.9992
WDI:EN.GHG.N2O.AG.MT.CE.AR5:PNG,1993-12-31,1.0051
WDI:EN.GHG.N2O.AG.MT.CE.AR5:PNG,1994-12-31,1.0111
WDI:EN.GHG.N2O.AG.MT.CE.AR5:PNG,1995-12-31,1.1018
WDI:EN.GHG.N2O.AG.MT.CE.AR5:PNG,1996-12-31,1.1038
WDI:EN.GHG.N2O.AG.MT.CE.AR5:PNG,1997-12-31,1.1173
WDI:EN.GHG.N2O.AG.MT.CE.AR5:PNG,1998-12-31,1.1414
WDI:EN.GHG.N2O.AG.MT.CE.AR5:PNG,1999-12-31,1.1908
WDI:EN.GHG.N2O.AG.MT.CE.AR5:PNG,2000-12-31,1.2393
WDI:EN.GHG.N2O.AG.MT.CE.AR5:PNG,2001-12-31,1.2625
WDI:EN.GHG.N2O.AG.MT.CE.AR5:PNG,2002-12-31,1.2788
WDI:EN.GHG.N2O.AG.MT.CE.AR5:PNG,2003-12-31,1.2728
WDI:EN.GHG.N2O.AG.MT.CE.AR5:PNG,2004-12-31,1.2775
WDI:EN.GHG.N2O.AG.MT.CE.AR5:PNG,2005-12-31,1.2685
WDI:EN.GHG.N2O.AG.MT.CE.AR5:PNG,2006-12-31,1.2591
WDI:EN.GHG.N2O.AG.MT.CE.AR5:PNG,2007-12-31,1.2558
WDI:EN.GHG.N2O.AG.MT.CE.AR5:PNG,2008-12-31,1.237
WDI:EN.GHG.N2O.AG.MT.CE.AR5:PNG,2009-12-31,1.2335
WDI:EN.GHG.N2O.AG.MT.CE.AR5:PNG,2010-12-31,1.2344
WDI:EN.GHG.N2O.AG.MT.CE.AR5:PNG,2011-12-31,1.2381
WDI:EN.GHG.N2O.AG.MT.CE.AR5:PNG,2012-12-31,1.2413
WDI:EN.GHG.N2O.AG.MT.CE.AR5:PNG,2013-12-31,1.2364
WDI:EN.GHG.N2O.AG.MT.CE.AR5:PNG,2014-12-31,1.2323
WDI:EN.GHG.N2O.AG.MT.CE.AR5:PNG,2015-12-31,1.2333
WDI:EN.GHG.N2O.AG.MT.CE.AR5:PNG,2016-12-31,1.2291
WDI:EN.GHG.N2O.AG.MT.CE.AR5:PNG,2017-12-31,1.2297
WDI:EN.GHG.N2O.AG.MT.CE.AR5:PNG,2018-12-31,1.2363
WDI:EN.GHG.N2O.AG.MT.CE.AR5:PNG,2019-12-31,1.248
WDI:EN.GHG.N2O.AG.MT.CE.AR5:PNG,2020-12-31,1.2597
WDI:EN.GHG.N2O.AG.MT.CE.AR5:PNG,2021-12-31,1.2686
WDI:EN.GHG.N2O.AG.MT.CE.AR5:PNG,2022-12-31,1.2764
WDI:EN.GHG.N2O.AG.MT.CE.AR5:PNG,2023-12-31,1.2779
WDI:EN.GHG.N2O.AG.MT.CE.AR5:PNG,2024-12-31,1.2877
WDI:EN.GHG.N2O.AG.MT.CE.AR5:POL,1970-12-31,19.1797
WDI:EN.GHG.N2O.AG.MT.CE.AR5:POL,1971-12-31,19.4173
WDI:EN.GHG.N2O.AG.MT.CE.AR5:POL,1972-12-31,19.6861
WDI:EN.GHG.N2O.AG.MT.CE.AR5:POL,1973-12-31,20.1533
WDI:EN.GHG.N2O.AG.MT.CE.AR5:POL,1974-12-31,20.9373
WDI:EN.GHG.N2O.AG.MT.CE.AR5:POL,1975-12-31,21.2803
WDI:EN.GHG.N2O.AG.MT.CE.AR5:POL,1976-12-31,20.9373
WDI:EN.GHG.N2O.AG.MT.CE.AR5:POL,1977-12-31,21.1727
WDI:EN.GHG.N2O.AG.MT.CE.AR5:POL,1978-12-31,21.7299
WDI:EN.GHG.N2O.AG.MT.CE.AR5:POL,1979-12-31,21.5783
WDI:EN.GHG.N2O.AG.MT.CE.AR5:POL,1980-12-31,21.5232
WDI:EN.GHG.N2O.AG.MT.CE.AR5:POL,1981-12-31,20.4936
WDI:EN.GHG.N2O.AG.MT.CE.AR5:POL,1982-12-31,20.5935
WDI:EN.GHG.N2O.AG.MT.CE.AR5:POL,1983-12-31,20.5731
WDI:EN.GHG.N2O.AG.MT.CE.AR5:POL,1984-12-31,20.283
WDI:EN.GHG.N2O.AG.MT.CE.AR5:POL,1985-12-31,20.8404
WDI:EN.GHG.N2O.AG.MT.CE.AR5:POL,1986-12-31,21.0977
WDI:EN.GHG.N2O.AG.MT.CE.AR5:POL,1987-12-31,20.5277
WDI:EN.GHG.N2O.AG.MT.CE.AR5:POL,1988-12-31,21.2581
WDI:EN.GHG.N2O.AG.MT.CE.AR5:POL,1989-12-31,21.3021
WDI:EN.GHG.N2O.AG.MT.CE.AR5:POL,1990-12-31,17.032
WDI:EN.GHG.N2O.AG.MT.CE.AR5:POL,1991-12-31,16.0906
WDI:EN.GHG.N2O.AG.MT.CE.AR5:POL,1992-12-31,16.0051
WDI:EN.GHG.N2O.AG.MT.CE.AR5:POL,1993-12-31,15.8972
WDI:EN.GHG.N2O.AG.MT.CE.AR5:POL,1994-12-31,16.0862
WDI:EN.GHG.N2O.AG.MT.CE.AR5:POL,1995-12-31,16.1372
WDI:EN.GHG.N2O.AG.MT.CE.AR5:POL,1996-12-31,16.1098
WDI:EN.GHG.N2O.AG.MT.CE.AR5:POL,1997-12-31,16.6543
WDI:EN.GHG.N2O.AG.MT.CE.AR5:POL,1998-12-31,15.8865
WDI:EN.GHG.N2O.AG.MT.CE.AR5:POL,1999-12-31,15.6143
WDI:EN.GHG.N2O.AG.MT.CE.AR5:POL,2000-12-31,15.3927
WDI:EN.GHG.N2O.AG.MT.CE.AR5:POL,2001-12-31,15.1801
WDI:EN.GHG.N2O.AG.MT.CE.AR5:POL,2002-12-31,15.7422
WDI:EN.GHG.N2O.AG.MT.CE.AR5:POL,2003-12-31,15.8889
WDI:EN.GHG.N2O.AG.MT.CE.AR5:POL,2004-12-31,15.4763
WDI:EN.GHG.N2O.AG.MT.CE.AR5:POL,2005-12-31,15.9757
WDI:EN.GHG.N2O.AG.MT.CE.AR5:POL,2006-12-31,16.222
WDI:EN.GHG.N2O.AG.MT.CE.AR5:POL,2007-12-31,16.8228
WDI:EN.GHG.N2O.AG.MT.CE.AR5:POL,2008-12-31,16.153
WDI:EN.GHG.N2O.AG.MT.CE.AR5:POL,2009-12-31,16.412
WDI:EN.GHG.N2O.AG.MT.CE.AR5:POL,2010-12-31,16.5046
WDI:EN.GHG.N2O.AG.MT.CE.AR5:POL,2011-12-31,16.283
WDI:EN.GHG.N2O.AG.MT.CE.AR5:POL,2012-12-31,16.6451
WDI:EN.GHG.N2O.AG.MT.CE.AR5:POL,2013-12-31,16.0489
WDI:EN.GHG.N2O.AG.MT.CE.AR5:POL,2014-12-31,15.8362
WDI:EN.GHG.N2O.AG.MT.CE.AR5:POL,2015-12-31,15.9922
WDI:EN.GHG.N2O.AG.MT.CE.AR5:POL,2016-12-31,16.6208
WDI:EN.GHG.N2O.AG.MT.CE.AR5:POL,2017-12-31,16.9885
WDI:EN.GHG.N2O.AG.MT.CE.AR5:POL,2018-12-31,15.9369
WDI:EN.GHG.N2O.AG.MT.CE.AR5:POL,2019-12-31,16.2438
WDI:EN.GHG.N2O.AG.MT.CE.AR5:POL,2020-12-31,16.5906
WDI:EN.GHG.N2O.AG.MT.CE.AR5:POL,2021-12-31,15.7756
WDI:EN.GHG.N2O.AG.MT.CE.AR5:POL,2022-12-31,15.4544
WDI:EN.GHG.N2O.AG.MT.CE.AR5:POL,2023-12-31,15.2333
WDI:EN.GHG.N2O.AG.MT.CE.AR5:POL,2024-12-31,14.9591
WDI:EN.GHG.N2O.AG.MT.CE.AR5:PRE,1970-12-31,56.18300000000001
WDI:EN.GHG.N2O.AG.MT.CE.AR5:PRE,1971-12-31,56.662600000000005
WDI:EN.GHG.N2O.AG.MT.CE.AR5:PRE,1972-12-31,56.659600000000005
WDI:EN.GHG.N2O.AG.MT.CE.AR5:PRE,1973-12-31,56.41839999999999
WDI:EN.GHG.N2O.AG.MT.CE.AR5:PRE,1974-12-31,56.6202
WDI:EN.GHG.N2O.AG.MT.CE.AR5:PRE,1975-12-31,59.171299999999995
WDI:EN.GHG.N2O.AG.MT.CE.AR5:PRE,1976-12-31,60.5334
WDI:EN.GHG.N2O.AG.MT.CE.AR5:PRE,1977-12-31,62.0383
WDI:EN.GHG.N2O.AG.MT.CE.AR5:PRE,1978-12-31,64.4691
WDI:EN.GHG.N2O.AG.MT.CE.AR5:PRE,1979-12-31,66.79469999999998
WDI:EN.GHG.N2O.AG.MT.CE.AR5:PRE,1980-12-31,68.3322
WDI:EN.GHG.N2O.AG.MT.CE.AR5:PRE,1981-12-31,70.19650000000001
WDI:EN.GHG.N2O.AG.MT.CE.AR5:PRE,1982-12-31,72.0701
WDI:EN.GHG.N2O.AG.MT.CE.AR5:PRE,1983-12-31,72.1811
WDI:EN.GHG.N2O.AG.MT.CE.AR5:PRE,1984-12-31,71.30079999999998
WDI:EN.GHG.N2O.AG.MT.CE.AR5:PRE,1985-12-31,72.29729999999999
WDI:EN.GHG.N2O.AG.MT.CE.AR5:PRE,1986-12-31,72.14849999999998
WDI:EN.GHG.N2O.AG.MT.CE.AR5:PRE,1987-12-31,72.44400000000002
WDI:EN.GHG.N2O.AG.MT.CE.AR5:PRE,1988-12-31,74.939
WDI:EN.GHG.N2O.AG.MT.CE.AR5:PRE,1989-12-31,76.13239999999999
WDI:EN.GHG.N2O.AG.MT.CE.AR5:PRE,1990-12-31,77.1296
WDI:EN.GHG.N2O.AG.MT.CE.AR5:PRE,1991-12-31,78.3465
WDI:EN.GHG.N2O.AG.MT.CE.AR5:PRE,1992-12-31,80.8386
WDI:EN.GHG.N2O.AG.MT.CE.AR5:PRE,1993-12-31,84.69220000000004
WDI:EN.GHG.N2O.AG.MT.CE.AR5:PRE,1994-12-31,86.61030000000001
WDI:EN.GHG.N2O.AG.MT.CE.AR5:PRE,1995-12-31,88.03859999999999
WDI:EN.GHG.N2O.AG.MT.CE.AR5:PRE,1996-12-31,89.5448
WDI:EN.GHG.N2O.AG.MT.CE.AR5:PRE,1997-12-31,92.39420000000001
WDI:EN.GHG.N2O.AG.MT.CE.AR5:PRE,1998-12-31,94.7784
WDI:EN.GHG.N2O.AG.MT.CE.AR5:PRE,1999-12-31,98.68689999999998
WDI:EN.GHG.N2O.AG.MT.CE.AR5:PRE,2000-12-31,100.2684
WDI:EN.GHG.N2O.AG.MT.CE.AR5:PRE,2001-12-31,102.59749999999998
WDI:EN.GHG.N2O.AG.MT.CE.AR5:PRE,2002-12-31,105.84980000000002
WDI:EN.GHG.N2O.AG.MT.CE.AR5:PRE,2003-12-31,107.36000000000003
WDI:EN.GHG.N2O.AG.MT.CE.AR5:PRE,2004-12-31,109.59169999999999
WDI:EN.GHG.N2O.AG.MT.CE.AR5:PRE,2005-12-31,113.81210000000003
WDI:EN.GHG.N2O.AG.MT.CE.AR5:PRE,2006-12-31,115.43769999999996
WDI:EN.GHG.N2O.AG.MT.CE.AR5:PRE,2007-12-31,121.23400000000001
WDI:EN.GHG.N2O.AG.MT.CE.AR5:PRE,2008-12-31,126.81250000000003
WDI:EN.GHG.N2O.AG.MT.CE.AR5:PRE,2009-12-31,129.5847
WDI:EN.GHG.N2O.AG.MT.CE.AR5:PRE,2010-12-31,134.33990000000003
WDI:EN.GHG.N2O.AG.MT.CE.AR5:PRE,2011-12-31,137.3978
WDI:EN.GHG.N2O.AG.MT.CE.AR5:PRE,2012-12-31,142.07349999999997
WDI:EN.GHG.N2O.AG.MT.CE.AR5:PRE,2013-12-31,147.64300000000003
WDI:EN.GHG.N2O.AG.MT.CE.AR5:PRE,2014-12-31,150.7103
WDI:EN.GHG.N2O.AG.MT.CE.AR5:PRE,2015-12-31,152.30620000000002
WDI:EN.GHG.N2O.AG.MT.CE.AR5:PRE,2016-12-31,158.3992999999999
WDI:EN.GHG.N2O.AG.MT.CE.AR5:PRE,2017-12-31,161.04680000000005
WDI:EN.GHG.N2O.AG.MT.CE.AR5:PRE,2018-12-31,165.10550000000006
WDI:EN.GHG.N2O.AG.MT.CE.AR5:PRE,2019-12-31,170.9812
WDI:EN.GHG.N2O.AG.MT.CE.AR5:PRE,2020-12-31,174.59029999999996
WDI:EN.GHG.N2O.AG.MT.CE.AR5:PRE,2021-12-31,177.46160000000006
WDI:EN.GHG.N2O.AG.MT.CE.AR5:PRE,2022-12-31,181.57130000000004
WDI:EN.GHG.N2O.AG.MT.CE.AR5:PRE,2023-12-31,185.6499
WDI:EN.GHG.N2O.AG.MT.CE.AR5:PRE,2024-12-31,190.0436
WDI:EN.GHG.N2O.AG.MT.CE.AR5:PRI,1970-12-31,0.244
WDI:EN.GHG.N2O.AG.MT.CE.AR5:PRI,1971-12-31,0.2447
WDI:EN.GHG.N2O.AG.MT.CE.AR5:PRI,1972-12-31,0.2486
WDI:EN.GHG.N2O.AG.MT.CE.AR5:PRI,1973-12-31,0.2533
WDI:EN.GHG.N2O.AG.MT.CE.AR5:PRI,1974-12-31,0.2471
WDI:EN.GHG.N2O.AG.MT.CE.AR5:PRI,1975-12-31,0.2533
WDI:EN.GHG.N2O.AG.MT.CE.AR5:PRI,1976-12-31,0.2646
WDI:EN.GHG.N2O.AG.MT.CE.AR5:PRI,1977-12-31,0.276
WDI:EN.GHG.N2O.AG.MT.CE.AR5:PRI,1978-12-31,0.2651
WDI:EN.GHG.N2O.AG.MT.CE.AR5:PRI,1979-12-31,0.2457
WDI:EN.GHG.N2O.AG.MT.CE.AR5:PRI,1980-12-31,0.2275
WDI:EN.GHG.N2O.AG.MT.CE.AR5:PRI,1981-12-31,0.2345
WDI:EN.GHG.N2O.AG.MT.CE.AR5:PRI,1982-12-31,0.2465
WDI:EN.GHG.N2O.AG.MT.CE.AR5:PRI,1983-12-31,0.2613
WDI:EN.GHG.N2O.AG.MT.CE.AR5:PRI,1984-12-31,0.2692
WDI:EN.GHG.N2O.AG.MT.CE.AR5:PRI,1985-12-31,0.2623
WDI:EN.GHG.N2O.AG.MT.CE.AR5:PRI,1986-12-31,0.2648
WDI:EN.GHG.N2O.AG.MT.CE.AR5:PRI,1987-12-31,0.2434
WDI:EN.GHG.N2O.AG.MT.CE.AR5:PRI,1988-12-31,0.2605
WDI:EN.GHG.N2O.AG.MT.CE.AR5:PRI,1989-12-31,0.2694
WDI:EN.GHG.N2O.AG.MT.CE.AR5:PRI,1990-12-31,0.2761
WDI:EN.GHG.N2O.AG.MT.CE.AR5:PRI,1991-12-31,0.2795
WDI:EN.GHG.N2O.AG.MT.CE.AR5:PRI,1992-12-31,0.2241
WDI:EN.GHG.N2O.AG.MT.CE.AR5:PRI,1993-12-31,0.2276
WDI:EN.GHG.N2O.AG.MT.CE.AR5:PRI,1994-12-31,0.2301
WDI:EN.GHG.N2O.AG.MT.CE.AR5:PRI,1995-12-31,0.2099
WDI:EN.GHG.N2O.AG.MT.CE.AR5:PRI,1996-12-31,0.2049
WDI:EN.GHG.N2O.AG.MT.CE.AR5:PRI,1997-12-31,0.2092
WDI:EN.GHG.N2O.AG.MT.CE.AR5:PRI,1998-12-31,0.2015
WDI:EN.GHG.N2O.AG.MT.CE.AR5:PRI,1999-12-31,0.2007
WDI:EN.GHG.N2O.AG.MT.CE.AR5:PRI,2000-12-31,0.2009
WDI:EN.GHG.N2O.AG.MT.CE.AR5:PRI,2001-12-31,0.1984
WDI:EN.GHG.N2O.AG.MT.CE.AR5:PRI,2002-12-31,0.1976
WDI:EN.GHG.N2O.AG.MT.CE.AR5:PRI,2003-12-31,0.1888
WDI:EN.GHG.N2O.AG.MT.CE.AR5:PRI,2004-12-31,0.1745
WDI:EN.GHG.N2O.AG.MT.CE.AR5:PRI,2005-12-31,0.1757
WDI:EN.GHG.N2O.AG.MT.CE.AR5:PRI,2006-12-31,0.1677
WDI:EN.GHG.N2O.AG.MT.CE.AR5:PRI,2007-12-31,0.162
WDI:EN.GHG.N2O.AG.MT.CE.AR5:PRI,2008-12-31,0.1561
WDI:EN.GHG.N2O.AG.MT.CE.AR5:PRI,2009-12-31,0.1501
WDI:EN.GHG.N2O.AG.MT.CE.AR5:PRI,2010-12-31,0.1441
WDI:EN.GHG.N2O.AG.MT.CE.AR5:PRI,2011-12-31,0.1385
WDI:EN.GHG.N2O.AG.MT.CE.AR5:PRI,2012-12-31,0.1314
WDI:EN.GHG.N2O.AG.MT.CE.AR5:PRI,2013-12-31,0.1299
WDI:EN.GHG.N2O.AG.MT.CE.AR5:PRI,2014-12-31,0.1273
WDI:EN.GHG.N2O.AG.MT.CE.AR5:PRI,2015-12-31,0.125
WDI:EN.GHG.N2O.AG.MT.CE.AR5:PRI,2016-12-31,0.1227
WDI:EN.GHG.N2O.AG.MT.CE.AR5:PRI,2017-12-31,0.1202
WDI:EN.GHG.N2O.AG.MT.CE.AR5:PRI,2018-12-31,0.1174
WDI:EN.GHG.N2O.AG.MT.CE.AR5:PRI,2019-12-31,0.1191
WDI:EN.GHG.N2O.AG.MT.CE.AR5:PRI,2020-12-31,0.1192
WDI:EN.GHG.N2O.AG.MT.CE.AR5:PRI,2021-12-31,0.1184
WDI:EN.GHG.N2O.AG.MT.CE.AR5:PRI,2022-12-31,0.1184
WDI:EN.GHG.N2O.AG.MT.CE.AR5:PRI,2023-12-31,0.1107
WDI:EN.GHG.N2O.AG.MT.CE.AR5:PRI,2024-12-31,0.1092
WDI:EN.GHG.N2O.AG.MT.CE.AR5:PRK,1970-12-31,1.907
WDI:EN.GHG.N2O.AG.MT.CE.AR5:PRK,1971-12-31,1.923
WDI:EN.GHG.N2O.AG.MT.CE.AR5:PRK,1972-12-31,1.9388
WDI:EN.GHG.N2O.AG.MT.CE.AR5:PRK,1973-12-31,1.9581
WDI:EN.GHG.N2O.AG.MT.CE.AR5:PRK,1974-12-31,2.0381
WDI:EN.GHG.N2O.AG.MT.CE.AR5:PRK,1975-12-31,2.1237
WDI:EN.GHG.N2O.AG.MT.CE.AR5:PRK,1976-12-31,2.819
WDI:EN.GHG.N2O.AG.MT.CE.AR5:PRK,1977-12-31,3.1671
WDI:EN.GHG.N2O.AG.MT.CE.AR5:PRK,1978-12-31,3.7027
WDI:EN.GHG.N2O.AG.MT.CE.AR5:PRK,1979-12-31,3.7631
WDI:EN.GHG.N2O.AG.MT.CE.AR5:PRK,1980-12-31,3.8522
WDI:EN.GHG.N2O.AG.MT.CE.AR5:PRK,1981-12-31,3.9486
WDI:EN.GHG.N2O.AG.MT.CE.AR5:PRK,1982-12-31,3.9717
WDI:EN.GHG.N2O.AG.MT.CE.AR5:PRK,1983-12-31,4.099
WDI:EN.GHG.N2O.AG.MT.CE.AR5:PRK,1984-12-31,4.2061
WDI:EN.GHG.N2O.AG.MT.CE.AR5:PRK,1985-12-31,4.3954
WDI:EN.GHG.N2O.AG.MT.CE.AR5:PRK,1986-12-31,4.3376
WDI:EN.GHG.N2O.AG.MT.CE.AR5:PRK,1987-12-31,4.3597
WDI:EN.GHG.N2O.AG.MT.CE.AR5:PRK,1988-12-31,4.5695
WDI:EN.GHG.N2O.AG.MT.CE.AR5:PRK,1989-12-31,4.575
WDI:EN.GHG.N2O.AG.MT.CE.AR5:PRK,1990-12-31,4.6242
WDI:EN.GHG.N2O.AG.MT.CE.AR5:PRK,1991-12-31,4.6142
WDI:EN.GHG.N2O.AG.MT.CE.AR5:PRK,1992-12-31,4.5112
WDI:EN.GHG.N2O.AG.MT.CE.AR5:PRK,1993-12-31,4.3798
WDI:EN.GHG.N2O.AG.MT.CE.AR5:PRK,1994-12-31,2.5092
WDI:EN.GHG.N2O.AG.MT.CE.AR5:PRK,1995-12-31,1.1892
WDI:EN.GHG.N2O.AG.MT.CE.AR5:PRK,1996-12-31,0.9978
WDI:EN.GHG.N2O.AG.MT.CE.AR5:PRK,1997-12-31,1.3814
WDI:EN.GHG.N2O.AG.MT.CE.AR5:PRK,1998-12-31,1.3648
WDI:EN.GHG.N2O.AG.MT.CE.AR5:PRK,1999-12-31,1.5302
WDI:EN.GHG.N2O.AG.MT.CE.AR5:PRK,2000-12-31,1.6311
WDI:EN.GHG.N2O.AG.MT.CE.AR5:PRK,2001-12-31,1.7183
WDI:EN.GHG.N2O.AG.MT.CE.AR5:PRK,2002-12-31,1.6564
WDI:EN.GHG.N2O.AG.MT.CE.AR5:PRK,2003-12-31,1.6681
WDI:EN.GHG.N2O.AG.MT.CE.AR5:PRK,2004-12-31,1.7522
WDI:EN.GHG.N2O.AG.MT.CE.AR5:PRK,2005-12-31,1.7009
WDI:EN.GHG.N2O.AG.MT.CE.AR5:PRK,2006-12-31,1.7509
WDI:EN.GHG.N2O.AG.MT.CE.AR5:PRK,2007-12-31,1.7608
WDI:EN.GHG.N2O.AG.MT.CE.AR5:PRK,2008-12-31,1.6798
WDI:EN.GHG.N2O.AG.MT.CE.AR5:PRK,2009-12-31,1.6695
WDI:EN.GHG.N2O.AG.MT.CE.AR5:PRK,2010-12-31,1.8
WDI:EN.GHG.N2O.AG.MT.CE.AR5:PRK,2011-12-31,1.814
WDI:EN.GHG.N2O.AG.MT.CE.AR5:PRK,2012-12-31,1.8678
WDI:EN.GHG.N2O.AG.MT.CE.AR5:PRK,2013-12-31,1.8553
WDI:EN.GHG.N2O.AG.MT.CE.AR5:PRK,2014-12-31,1.6773
WDI:EN.GHG.N2O.AG.MT.CE.AR5:PRK,2015-12-31,1.5456
WDI:EN.GHG.N2O.AG.MT.CE.AR5:PRK,2016-12-31,1.7558
WDI:EN.GHG.N2O.AG.MT.CE.AR5:PRK,2017-12-31,1.6977
WDI:EN.GHG.N2O.AG.MT.CE.AR5:PRK,2018-12-31,1.9908
WDI:EN.GHG.N2O.AG.MT.CE.AR5:PRK,2019-12-31,1.4156
WDI:EN.GHG.N2O.AG.MT.CE.AR5:PRK,2020-12-31,1.0131
WDI:EN.GHG.N2O.AG.MT.CE.AR5:PRK,2021-12-31,1.0592
WDI:EN.GHG.N2O.AG.MT.CE.AR5:PRK,2022-12-31,0.9965
WDI:EN.GHG.N2O.AG.MT.CE.AR5:PRK,2023-12-31,0.9794
WDI:EN.GHG.N2O.AG.MT.CE.AR5:PRK,2024-12-31,0.9699
WDI:EN.GHG.N2O.AG.MT.CE.AR5:PRT,1970-12-31,2.0103
WDI:EN.GHG.N2O.AG.MT.CE.AR5:PRT,1971-12-31,1.9977
WDI:EN.GHG.N2O.AG.MT.CE.AR5:PRT,1972-12-31,2.018
WDI:EN.GHG.N2O.AG.MT.CE.AR5:PRT,1973-12-31,2.0451
WDI:EN.GHG.N2O.AG.MT.CE.AR5:PRT,1974-12-31,1.8546
WDI:EN.GHG.N2O.AG.MT.CE.AR5:PRT,1975-12-31,2.0032
WDI:EN.GHG.N2O.AG.MT.CE.AR5:PRT,1976-12-31,1.94
WDI:EN.GHG.N2O.AG.MT.CE.AR5:PRT,1977-12-31,2.1045
WDI:EN.GHG.N2O.AG.MT.CE.AR5:PRT,1978-12-31,2.1956
WDI:EN.GHG.N2O.AG.MT.CE.AR5:PRT,1979-12-31,2.2898
WDI:EN.GHG.N2O.AG.MT.CE.AR5:PRT,1980-12-31,2.3034
WDI:EN.GHG.N2O.AG.MT.CE.AR5:PRT,1981-12-31,2.3812
WDI:EN.GHG.N2O.AG.MT.CE.AR5:PRT,1982-12-31,2.5717
WDI:EN.GHG.N2O.AG.MT.CE.AR5:PRT,1983-12-31,2.4437
WDI:EN.GHG.N2O.AG.MT.CE.AR5:PRT,1984-12-31,2.2789
WDI:EN.GHG.N2O.AG.MT.CE.AR5:PRT,1985-12-31,2.358
WDI:EN.GHG.N2O.AG.MT.CE.AR5:PRT,1986-12-31,2.4488
WDI:EN.GHG.N2O.AG.MT.CE.AR5:PRT,1987-12-31,2.4332
WDI:EN.GHG.N2O.AG.MT.CE.AR5:PRT,1988-12-31,2.4779
WDI:EN.GHG.N2O.AG.MT.CE.AR5:PRT,1989-12-31,2.4446
WDI:EN.GHG.N2O.AG.MT.CE.AR5:PRT,1990-12-31,2.5065
WDI:EN.GHG.N2O.AG.MT.CE.AR5:PRT,1991-12-31,2.439
WDI:EN.GHG.N2O.AG.MT.CE.AR5:PRT,1992-12-31,2.377
WDI:EN.GHG.N2O.AG.MT.CE.AR5:PRT,1993-12-31,2.3641
WDI:EN.GHG.N2O.AG.MT.CE.AR5:PRT,1994-12-31,2.3894
WDI:EN.GHG.N2O.AG.MT.CE.AR5:PRT,1995-12-31,2.3795
WDI:EN.GHG.N2O.AG.MT.CE.AR5:PRT,1996-12-31,2.4318
WDI:EN.GHG.N2O.AG.MT.CE.AR5:PRT,1997-12-31,2.3702
WDI:EN.GHG.N2O.AG.MT.CE.AR5:PRT,1998-12-31,2.4079
WDI:EN.GHG.N2O.AG.MT.CE.AR5:PRT,1999-12-31,2.389
WDI:EN.GHG.N2O.AG.MT.CE.AR5:PRT,2000-12-31,2.3378
WDI:EN.GHG.N2O.AG.MT.CE.AR5:PRT,2001-12-31,2.1754
WDI:EN.GHG.N2O.AG.MT.CE.AR5:PRT,2002-12-31,2.1489
WDI:EN.GHG.N2O.AG.MT.CE.AR5:PRT,2003-12-31,2.1123
WDI:EN.GHG.N2O.AG.MT.CE.AR5:PRT,2004-12-31,2.1059
WDI:EN.GHG.N2O.AG.MT.CE.AR5:PRT,2005-12-31,2.0937
WDI:EN.GHG.N2O.AG.MT.CE.AR5:PRT,2006-12-31,2.0799
WDI:EN.GHG.N2O.AG.MT.CE.AR5:PRT,2007-12-31,2.0628
WDI:EN.GHG.N2O.AG.MT.CE.AR5:PRT,2008-12-31,2.0491
WDI:EN.GHG.N2O.AG.MT.CE.AR5:PRT,2009-12-31,2.0067
WDI:EN.GHG.N2O.AG.MT.CE.AR5:PRT,2010-12-31,1.972
WDI:EN.GHG.N2O.AG.MT.CE.AR5:PRT,2011-12-31,2.001
WDI:EN.GHG.N2O.AG.MT.CE.AR5:PRT,2012-12-31,2.0068
WDI:EN.GHG.N2O.AG.MT.CE.AR5:PRT,2013-12-31,1.9996
WDI:EN.GHG.N2O.AG.MT.CE.AR5:PRT,2014-12-31,2.0277
WDI:EN.GHG.N2O.AG.MT.CE.AR5:PRT,2015-12-31,2.0955
WDI:EN.GHG.N2O.AG.MT.CE.AR5:PRT,2016-12-31,2.0923
WDI:EN.GHG.N2O.AG.MT.CE.AR5:PRT,2017-12-31,2.1265
WDI:EN.GHG.N2O.AG.MT.CE.AR5:PRT,2018-12-31,2.1374
WDI:EN.GHG.N2O.AG.MT.CE.AR5:PRT,2019-12-31,2.2085
WDI:EN.GHG.N2O.AG.MT.CE.AR5:PRT,2020-12-31,2.2179
WDI:EN.GHG.N2O.AG.MT.CE.AR5:PRT,2021-12-31,2.0882
WDI:EN.GHG.N2O.AG.MT.CE.AR5:PRT,2022-12-31,1.9003
WDI:EN.GHG.N2O.AG.MT.CE.AR5:PRT,2023-12-31,1.8364
WDI:EN.GHG.N2O.AG.MT.CE.AR5:PRT,2024-12-31,1.8132
WDI:EN.GHG.N2O.AG.MT.CE.AR5:PRY,1970-12-31,1.5989
WDI:EN.GHG.N2O.AG.MT.CE.AR5:PRY,1971-12-31,1.6351
WDI:EN.GHG.N2O.AG.MT.CE.AR5:PRY,1972-12-31,1.676
WDI:EN.GHG.N2O.AG.MT.CE.AR5:PRY,1973-12-31,1.7676
WDI:EN.GHG.N2O.AG.MT.CE.AR5:PRY,1974-12-31,1.8299
WDI:EN.GHG.N2O.AG.MT.CE.AR5:PRY,1975-12-31,1.9255
WDI:EN.GHG.N2O.AG.MT.CE.AR5:PRY,1976-12-31,2.1256
WDI:EN.GHG.N2O.AG.MT.CE.AR5:PRY,1977-12-31,2.2303
WDI:EN.GHG.N2O.AG.MT.CE.AR5:PRY,1978-12-31,2.2465
WDI:EN.GHG.N2O.AG.MT.CE.AR5:PRY,1979-12-31,2.2451
WDI:EN.GHG.N2O.AG.MT.CE.AR5:PRY,1980-12-31,2.2526
WDI:EN.GHG.N2O.AG.MT.CE.AR5:PRY,1981-12-31,2.4486
WDI:EN.GHG.N2O.AG.MT.CE.AR5:PRY,1982-12-31,2.568
WDI:EN.GHG.N2O.AG.MT.CE.AR5:PRY,1983-12-31,2.6477
WDI:EN.GHG.N2O.AG.MT.CE.AR5:PRY,1984-12-31,2.7468
WDI:EN.GHG.N2O.AG.MT.CE.AR5:PRY,1985-12-31,2.8818
WDI:EN.GHG.N2O.AG.MT.CE.AR5:PRY,1986-12-31,2.9197
WDI:EN.GHG.N2O.AG.MT.CE.AR5:PRY,1987-12-31,3.0391
WDI:EN.GHG.N2O.AG.MT.CE.AR5:PRY,1988-12-31,3.1943
WDI:EN.GHG.N2O.AG.MT.CE.AR5:PRY,1989-12-31,3.2775
WDI:EN.GHG.N2O.AG.MT.CE.AR5:PRY,1990-12-31,3.3017
WDI:EN.GHG.N2O.AG.MT.CE.AR5:PRY,1991-12-31,3.0305
WDI:EN.GHG.N2O.AG.MT.CE.AR5:PRY,1992-12-31,3.1185
WDI:EN.GHG.N2O.AG.MT.CE.AR5:PRY,1993-12-31,3.3857
WDI:EN.GHG.N2O.AG.MT.CE.AR5:PRY,1994-12-31,3.5652
WDI:EN.GHG.N2O.AG.MT.CE.AR5:PRY,1995-12-31,3.8077
WDI:EN.GHG.N2O.AG.MT.CE.AR5:PRY,1996-12-31,3.7751
WDI:EN.GHG.N2O.AG.MT.CE.AR5:PRY,1997-12-31,3.7926
WDI:EN.GHG.N2O.AG.MT.CE.AR5:PRY,1998-12-31,3.789
WDI:EN.GHG.N2O.AG.MT.CE.AR5:PRY,1999-12-31,3.711
WDI:EN.GHG.N2O.AG.MT.CE.AR5:PRY,2000-12-31,3.7187
WDI:EN.GHG.N2O.AG.MT.CE.AR5:PRY,2001-12-31,3.8189
WDI:EN.GHG.N2O.AG.MT.CE.AR5:PRY,2002-12-31,3.5514
WDI:EN.GHG.N2O.AG.MT.CE.AR5:PRY,2003-12-31,3.8917
WDI:EN.GHG.N2O.AG.MT.CE.AR5:PRY,2004-12-31,3.7463
WDI:EN.GHG.N2O.AG.MT.CE.AR5:PRY,2005-12-31,3.8068
WDI:EN.GHG.N2O.AG.MT.CE.AR5:PRY,2006-12-31,3.8506
WDI:EN.GHG.N2O.AG.MT.CE.AR5:PRY,2007-12-31,4.0879
WDI:EN.GHG.N2O.AG.MT.CE.AR5:PRY,2008-12-31,4.069
WDI:EN.GHG.N2O.AG.MT.CE.AR5:PRY,2009-12-31,4.5302
WDI:EN.GHG.N2O.AG.MT.CE.AR5:PRY,2010-12-31,4.9585
WDI:EN.GHG.N2O.AG.MT.CE.AR5:PRY,2011-12-31,5.1468
WDI:EN.GHG.N2O.AG.MT.CE.AR5:PRY,2012-12-31,5.2973
WDI:EN.GHG.N2O.AG.MT.CE.AR5:PRY,2013-12-31,5.7447
WDI:EN.GHG.N2O.AG.MT.CE.AR5:PRY,2014-12-31,6.1717
WDI:EN.GHG.N2O.AG.MT.CE.AR5:PRY,2015-12-31,5.9781
WDI:EN.GHG.N2O.AG.MT.CE.AR5:PRY,2016-12-31,5.8093
WDI:EN.GHG.N2O.AG.MT.CE.AR5:PRY,2017-12-31,5.8634
WDI:EN.GHG.N2O.AG.MT.CE.AR5:PRY,2018-12-31,5.7934
WDI:EN.GHG.N2O.AG.MT.CE.AR5:PRY,2019-12-31,5.804
WDI:EN.GHG.N2O.AG.MT.CE.AR5:PRY,2020-12-31,6.0363
WDI:EN.GHG.N2O.AG.MT.CE.AR5:PRY,2021-12-31,5.9909
WDI:EN.GHG.N2O.AG.MT.CE.AR5:PRY,2022-12-31,5.4751
WDI:EN.GHG.N2O.AG.MT.CE.AR5:PRY,2023-12-31,5.6143
WDI:EN.GHG.N2O.AG.MT.CE.AR5:PRY,2024-12-31,5.6462
WDI:EN.GHG.N2O.AG.MT.CE.AR5:PSS,1970-12-31,0.1966
WDI:EN.GHG.N2O.AG.MT.CE.AR5:PSS,1971-12-31,0.20289999999999997
WDI:EN.GHG.N2O.AG.MT.CE.AR5:PSS,1972-12-31,0.2083
WDI:EN.GHG.N2O.AG.MT.CE.AR5:PSS,1973-12-31,0.22200000000000003
WDI:EN.GHG.N2O.AG.MT.CE.AR5:PSS,1974-12-31,0.2341
WDI:EN.GHG.N2O.AG.MT.CE.AR5:PSS,1975-12-31,0.2424
WDI:EN.GHG.N2O.AG.MT.CE.AR5:PSS,1976-12-31,0.2495
WDI:EN.GHG.N2O.AG.MT.CE.AR5:PSS,1977-12-31,0.2545
WDI:EN.GHG.N2O.AG.MT.CE.AR5:PSS,1978-12-31,0.2561
WDI:EN.GHG.N2O.AG.MT.CE.AR5:PSS,1979-12-31,0.266
WDI:EN.GHG.N2O.AG.MT.CE.AR5:PSS,1980-12-31,0.27699999999999997
WDI:EN.GHG.N2O.AG.MT.CE.AR5:PSS,1981-12-31,0.29069999999999996
WDI:EN.GHG.N2O.AG.MT.CE.AR5:PSS,1982-12-31,0.2948
WDI:EN.GHG.N2O.AG.MT.CE.AR5:PSS,1983-12-31,0.2959
WDI:EN.GHG.N2O.AG.MT.CE.AR5:PSS,1984-12-31,0.3043
WDI:EN.GHG.N2O.AG.MT.CE.AR5:PSS,1985-12-31,0.3187
WDI:EN.GHG.N2O.AG.MT.CE.AR5:PSS,1986-12-31,0.3261
WDI:EN.GHG.N2O.AG.MT.CE.AR5:PSS,1987-12-31,0.3346
WDI:EN.GHG.N2O.AG.MT.CE.AR5:PSS,1988-12-31,0.3369
WDI:EN.GHG.N2O.AG.MT.CE.AR5:PSS,1989-12-31,0.33709999999999996
WDI:EN.GHG.N2O.AG.MT.CE.AR5:PSS,1990-12-31,0.3471
WDI:EN.GHG.N2O.AG.MT.CE.AR5:PSS,1991-12-31,0.35109999999999997
WDI:EN.GHG.N2O.AG.MT.CE.AR5:PSS,1992-12-31,0.36529999999999996
WDI:EN.GHG.N2O.AG.MT.CE.AR5:PSS,1993-12-31,0.3851
WDI:EN.GHG.N2O.AG.MT.CE.AR5:PSS,1994-12-31,0.3993
WDI:EN.GHG.N2O.AG.MT.CE.AR5:PSS,1995-12-31,0.4104
WDI:EN.GHG.N2O.AG.MT.CE.AR5:PSS,1996-12-31,0.4101999999999999
WDI:EN.GHG.N2O.AG.MT.CE.AR5:PSS,1997-12-31,0.41239999999999993
WDI:EN.GHG.N2O.AG.MT.CE.AR5:PSS,1998-12-31,0.40779999999999994
WDI:EN.GHG.N2O.AG.MT.CE.AR5:PSS,1999-12-31,0.40939999999999993
WDI:EN.GHG.N2O.AG.MT.CE.AR5:PSS,2000-12-31,0.4117
WDI:EN.GHG.N2O.AG.MT.CE.AR5:PSS,2001-12-31,0.4078
WDI:EN.GHG.N2O.AG.MT.CE.AR5:PSS,2002-12-31,0.4029
WDI:EN.GHG.N2O.AG.MT.CE.AR5:PSS,2003-12-31,0.3959
WDI:EN.GHG.N2O.AG.MT.CE.AR5:PSS,2004-12-31,0.41290000000000004
WDI:EN.GHG.N2O.AG.MT.CE.AR5:PSS,2005-12-31,0.40330000000000005
WDI:EN.GHG.N2O.AG.MT.CE.AR5:PSS,2006-12-31,0.4078
WDI:EN.GHG.N2O.AG.MT.CE.AR5:PSS,2007-12-31,0.42529999999999996
WDI:EN.GHG.N2O.AG.MT.CE.AR5:PSS,2008-12-31,0.42619999999999997
WDI:EN.GHG.N2O.AG.MT.CE.AR5:PSS,2009-12-31,0.41919999999999996
WDI:EN.GHG.N2O.AG.MT.CE.AR5:PSS,2010-12-31,0.42419999999999997
WDI:EN.GHG.N2O.AG.MT.CE.AR5:PSS,2011-12-31,0.4305
WDI:EN.GHG.N2O.AG.MT.CE.AR5:PSS,2012-12-31,0.43179999999999996
WDI:EN.GHG.N2O.AG.MT.CE.AR5:PSS,2013-12-31,0.4371
WDI:EN.GHG.N2O.AG.MT.CE.AR5:PSS,2014-12-31,0.32560000000000006
WDI:EN.GHG.N2O.AG.MT.CE.AR5:PSS,2015-12-31,0.3176
WDI:EN.GHG.N2O.AG.MT.CE.AR5:PSS,2016-12-31,0.2932
WDI:EN.GHG.N2O.AG.MT.CE.AR5:PSS,2017-12-31,0.293
WDI:EN.GHG.N2O.AG.MT.CE.AR5:PSS,2018-12-31,0.2925999999999999
WDI:EN.GHG.N2O.AG.MT.CE.AR5:PSS,2019-12-31,0.30419999999999997
WDI:EN.GHG.N2O.AG.MT.CE.AR5:PSS,2020-12-31,0.2888
WDI:EN.GHG.N2O.AG.MT.CE.AR5:PSS,2021-12-31,0.2789
WDI:EN.GHG.N2O.AG.MT.CE.AR5:PSS,2022-12-31,0.2856
WDI:EN.GHG.N2O.AG.MT.CE.AR5:PSS,2023-12-31,0.302
WDI:EN.GHG.N2O.AG.MT.CE.AR5:PSS,2024-12-31,0.3038
WDI:EN.GHG.N2O.AG.MT.CE.AR5:PST,1970-12-31,354.2801
WDI:EN.GHG.N2O.AG.MT.CE.AR5:PST,1971-12-31,360.78700000000003
WDI:EN.GHG.N2O.AG.MT.CE.AR5:PST,1972-12-31,363.09239999999994
WDI:EN.GHG.N2O.AG.MT.CE.AR5:PST,1973-12-31,367.0936
WDI:EN.GHG.N2O.AG.MT.CE.AR5:PST,1974-12-31,367.42410000000007
WDI:EN.GHG.N2O.AG.MT.CE.AR5:PST,1975-12-31,382.76759999999996
WDI:EN.GHG.N2O.AG.MT.CE.AR5:PST,1976-12-31,387.9144
WDI:EN.GHG.N2O.AG.MT.CE.AR5:PST,1977-12-31,385.15400000000005
WDI:EN.GHG.N2O.AG.MT.CE.AR5:PST,1978-12-31,393.53059999999994
WDI:EN.GHG.N2O.AG.MT.CE.AR5:PST,1979-12-31,400.808
WDI:EN.GHG.N2O.AG.MT.CE.AR5:PST,1980-12-31,403.7424
WDI:EN.GHG.N2O.AG.MT.CE.AR5:PST,1981-12-31,402.8691
WDI:EN.GHG.N2O.AG.MT.CE.AR5:PST,1982-12-31,399.09299999999996
WDI:EN.GHG.N2O.AG.MT.CE.AR5:PST,1983-12-31,404.1372
WDI:EN.GHG.N2O.AG.MT.CE.AR5:PST,1984-12-31,415.2917999999999
WDI:EN.GHG.N2O.AG.MT.CE.AR5:PST,1985-12-31,410.2706
WDI:EN.GHG.N2O.AG.MT.CE.AR5:PST,1986-12-31,411.8983
WDI:EN.GHG.N2O.AG.MT.CE.AR5:PST,1987-12-31,408.51559999999995
WDI:EN.GHG.N2O.AG.MT.CE.AR5:PST,1988-12-31,406.03009999999995
WDI:EN.GHG.N2O.AG.MT.CE.AR5:PST,1989-12-31,411.1656
WDI:EN.GHG.N2O.AG.MT.CE.AR5:PST,1990-12-31,409.3989
WDI:EN.GHG.N2O.AG.MT.CE.AR5:PST,1991-12-31,397.6638000000001
WDI:EN.GHG.N2O.AG.MT.CE.AR5:PST,1992-12-31,388.84069999999997
WDI:EN.GHG.N2O.AG.MT.CE.AR5:PST,1993-12-31,389.2339
WDI:EN.GHG.N2O.AG.MT.CE.AR5:PST,1994-12-31,389.38919999999996
WDI:EN.GHG.N2O.AG.MT.CE.AR5:PST,1995-12-31,387.0517
WDI:EN.GHG.N2O.AG.MT.CE.AR5:PST,1996-12-31,395.1832999999999
WDI:EN.GHG.N2O.AG.MT.CE.AR5:PST,1997-12-31,394.2176999999999
WDI:EN.GHG.N2O.AG.MT.CE.AR5:PST,1998-12-31,393.132
WDI:EN.GHG.N2O.AG.MT.CE.AR5:PST,1999-12-31,392.3844
WDI:EN.GHG.N2O.AG.MT.CE.AR5:PST,2000-12-31,385.86969999999997
WDI:EN.GHG.N2O.AG.MT.CE.AR5:PST,2001-12-31,384.76840000000004
WDI:EN.GHG.N2O.AG.MT.CE.AR5:PST,2002-12-31,382.0392999999999
WDI:EN.GHG.N2O.AG.MT.CE.AR5:PST,2003-12-31,384.087
WDI:EN.GHG.N2O.AG.MT.CE.AR5:PST,2004-12-31,385.9982
WDI:EN.GHG.N2O.AG.MT.CE.AR5:PST,2005-12-31,379.47300000000007
WDI:EN.GHG.N2O.AG.MT.CE.AR5:PST,2006-12-31,382.4184
WDI:EN.GHG.N2O.AG.MT.CE.AR5:PST,2007-12-31,383.0763999999999
WDI:EN.GHG.N2O.AG.MT.CE.AR5:PST,2008-12-31,376.33149999999995
WDI:EN.GHG.N2O.AG.MT.CE.AR5:PST,2009-12-31,379.29269999999997
WDI:EN.GHG.N2O.AG.MT.CE.AR5:PST,2010-12-31,385.30369999999994
WDI:EN.GHG.N2O.AG.MT.CE.AR5:PST,2011-12-31,389.9482
WDI:EN.GHG.N2O.AG.MT.CE.AR5:PST,2012-12-31,391.8274
WDI:EN.GHG.N2O.AG.MT.CE.AR5:PST,2013-12-31,398.38160000000005
WDI:EN.GHG.N2O.AG.MT.CE.AR5:PST,2014-12-31,400.7655
WDI:EN.GHG.N2O.AG.MT.CE.AR5:PST,2015-12-31,398.08179999999993
WDI:EN.GHG.N2O.AG.MT.CE.AR5:PST,2016-12-31,402.7947999999999
WDI:EN.GHG.N2O.AG.MT.CE.AR5:PST,2017-12-31,407.5211999999999
WDI:EN.GHG.N2O.AG.MT.CE.AR5:PST,2018-12-31,398.4864
WDI:EN.GHG.N2O.AG.MT.CE.AR5:PST,2019-12-31,400.06660000000005
WDI:EN.GHG.N2O.AG.MT.CE.AR5:PST,2020-12-31,397.86980000000005
WDI:EN.GHG.N2O.AG.MT.CE.AR5:PST,2021-12-31,393.75870000000003
WDI:EN.GHG.N2O.AG.MT.CE.AR5:PST,2022-12-31,383.67769999999996
WDI:EN.GHG.N2O.AG.MT.CE.AR5:PST,2023-12-31,382.5404
WDI:EN.GHG.N2O.AG.MT.CE.AR5:PST,2024-12-31,380.5588
WDI:EN.GHG.N2O.AG.MT.CE.AR5:PYF,1970-12-31,0.0082
WDI:EN.GHG.N2O.AG.MT.CE.AR5:PYF,1971-12-31,0.0079
WDI:EN.GHG.N2O.AG.MT.CE.AR5:PYF,1972-12-31,0.0077
WDI:EN.GHG.N2O.AG.MT.CE.AR5:PYF,1973-12-31,0.0075
WDI:EN.GHG.N2O.AG.MT.CE.AR5:PYF,1974-12-31,0.0073
WDI:EN.GHG.N2O.AG.MT.CE.AR5:PYF,1975-12-31,0.0075
WDI:EN.GHG.N2O.AG.MT.CE.AR5:PYF,1976-12-31,0.0077
WDI:EN.GHG.N2O.AG.MT.CE.AR5:PYF,1977-12-31,0.0078
WDI:EN.GHG.N2O.AG.MT.CE.AR5:PYF,1978-12-31,0.0081
WDI:EN.GHG.N2O.AG.MT.CE.AR5:PYF,1979-12-31,0.0082
WDI:EN.GHG.N2O.AG.MT.CE.AR5:PYF,1980-12-31,0.0091
WDI:EN.GHG.N2O.AG.MT.CE.AR5:PYF,1981-12-31,0.01
WDI:EN.GHG.N2O.AG.MT.CE.AR5:PYF,1982-12-31,0.0094
WDI:EN.GHG.N2O.AG.MT.CE.AR5:PYF,1983-12-31,0.0088
WDI:EN.GHG.N2O.AG.MT.CE.AR5:PYF,1984-12-31,0.0091
WDI:EN.GHG.N2O.AG.MT.CE.AR5:PYF,1985-12-31,0.0101
WDI:EN.GHG.N2O.AG.MT.CE.AR5:PYF,1986-12-31,0.0101
WDI:EN.GHG.N2O.AG.MT.CE.AR5:PYF,1987-12-31,0.0096
WDI:EN.GHG.N2O.AG.MT.CE.AR5:PYF,1988-12-31,0.0096
WDI:EN.GHG.N2O.AG.MT.CE.AR5:PYF,1989-12-31,0.0096
WDI:EN.GHG.N2O.AG.MT.CE.AR5:PYF,1990-12-31,0.0093
WDI:EN.GHG.N2O.AG.MT.CE.AR5:PYF,1991-12-31,0.009
WDI:EN.GHG.N2O.AG.MT.CE.AR5:PYF,1992-12-31,0.0095
WDI:EN.GHG.N2O.AG.MT.CE.AR5:PYF,1993-12-31,0.0099
WDI:EN.GHG.N2O.AG.MT.CE.AR5:PYF,1994-12-31,0.01
WDI:EN.GHG.N2O.AG.MT.CE.AR5:PYF,1995-12-31,0.0099
WDI:EN.GHG.N2O.AG.MT.CE.AR5:PYF,1996-12-31,0.0099
WDI:EN.GHG.N2O.AG.MT.CE.AR5:PYF,1997-12-31,0.0096
WDI:EN.GHG.N2O.AG.MT.CE.AR5:PYF,1998-12-31,0.0102
WDI:EN.GHG.N2O.AG.MT.CE.AR5:PYF,1999-12-31,0.0108
WDI:EN.GHG.N2O.AG.MT.CE.AR5:PYF,2000-12-31,0.0118
WDI:EN.GHG.N2O.AG.MT.CE.AR5:PYF,2001-12-31,0.0106
WDI:EN.GHG.N2O.AG.MT.CE.AR5:PYF,2002-12-31,0.0094
WDI:EN.GHG.N2O.AG.MT.CE.AR5:PYF,2003-12-31,0.01
WDI:EN.GHG.N2O.AG.MT.CE.AR5:PYF,2004-12-31,0.0106
WDI:EN.GHG.N2O.AG.MT.CE.AR5:PYF,2005-12-31,0.0097
WDI:EN.GHG.N2O.AG.MT.CE.AR5:PYF,2006-12-31,0.0096
WDI:EN.GHG.N2O.AG.MT.CE.AR5:PYF,2007-12-31,0.0099
WDI:EN.GHG.N2O.AG.MT.CE.AR5:PYF,2008-12-31,0.0099
WDI:EN.GHG.N2O.AG.MT.CE.AR5:PYF,2009-12-31,0.01
WDI:EN.GHG.N2O.AG.MT.CE.AR5:PYF,2010-12-31,0.01
WDI:EN.GHG.N2O.AG.MT.CE.AR5:PYF,2011-12-31,0.01
WDI:EN.GHG.N2O.AG.MT.CE.AR5:PYF,2012-12-31,0.0101
WDI:EN.GHG.N2O.AG.MT.CE.AR5:PYF,2013-12-31,0.01
WDI:EN.GHG.N2O.AG.MT.CE.AR5:PYF,2014-12-31,0.0099
WDI:EN.GHG.N2O.AG.MT.CE.AR5:PYF,2015-12-31,0.0099
WDI:EN.GHG.N2O.AG.MT.CE.AR5:PYF,2016-12-31,0.01
WDI:EN.GHG.N2O.AG.MT.CE.AR5:PYF,2017-12-31,0.01
WDI:EN.GHG.N2O.AG.MT.CE.AR5:PYF,2018-12-31,0.01
WDI:EN.GHG.N2O.AG.MT.CE.AR5:PYF,2019-12-31,0.0101
WDI:EN.GHG.N2O.AG.MT.CE.AR5:PYF,2020-12-31,0.0101
WDI:EN.GHG.N2O.AG.MT.CE.AR5:PYF,2021-12-31,0.0101
WDI:EN.GHG.N2O.AG.MT.CE.AR5:PYF,2022-12-31,0.0101
WDI:EN.GHG.N2O.AG.MT.CE.AR5:PYF,2023-12-31,0.0104
WDI:EN.GHG.N2O.AG.MT.CE.AR5:PYF,2024-12-31,0.0105
WDI:EN.GHG.N2O.AG.MT.CE.AR5:QAT,1970-12-31,0.0085
WDI:EN.GHG.N2O.AG.MT.CE.AR5:QAT,1971-12-31,0.0087
WDI:EN.GHG.N2O.AG.MT.CE.AR5:QAT,1972-12-31,0.0091
WDI:EN.GHG.N2O.AG.MT.CE.AR5:QAT,1973-12-31,0.0095
WDI:EN.GHG.N2O.AG.MT.CE.AR5:QAT,1974-12-31,0.0096
WDI:EN.GHG.N2O.AG.MT.CE.AR5:QAT,1975-12-31,0.0111
WDI:EN.GHG.N2O.AG.MT.CE.AR5:QAT,1976-12-31,0.0121
WDI:EN.GHG.N2O.AG.MT.CE.AR5:QAT,1977-12-31,0.0132
WDI:EN.GHG.N2O.AG.MT.CE.AR5:QAT,1978-12-31,0.0128
WDI:EN.GHG.N2O.AG.MT.CE.AR5:QAT,1979-12-31,0.016
WDI:EN.GHG.N2O.AG.MT.CE.AR5:QAT,1980-12-31,0.0176
WDI:EN.GHG.N2O.AG.MT.CE.AR5:QAT,1981-12-31,0.0176
WDI:EN.GHG.N2O.AG.MT.CE.AR5:QAT,1982-12-31,0.0111
WDI:EN.GHG.N2O.AG.MT.CE.AR5:QAT,1983-12-31,0.0122
WDI:EN.GHG.N2O.AG.MT.CE.AR5:QAT,1984-12-31,0.0138
WDI:EN.GHG.N2O.AG.MT.CE.AR5:QAT,1985-12-31,0.0186
WDI:EN.GHG.N2O.AG.MT.CE.AR5:QAT,1986-12-31,0.0227
WDI:EN.GHG.N2O.AG.MT.CE.AR5:QAT,1987-12-31,0.0265
WDI:EN.GHG.N2O.AG.MT.CE.AR5:QAT,1988-12-31,0.0281
WDI:EN.GHG.N2O.AG.MT.CE.AR5:QAT,1989-12-31,0.0328
WDI:EN.GHG.N2O.AG.MT.CE.AR5:QAT,1990-12-31,0.0335
WDI:EN.GHG.N2O.AG.MT.CE.AR5:QAT,1991-12-31,0.0378
WDI:EN.GHG.N2O.AG.MT.CE.AR5:QAT,1992-12-31,0.0423
WDI:EN.GHG.N2O.AG.MT.CE.AR5:QAT,1993-12-31,0.0488
WDI:EN.GHG.N2O.AG.MT.CE.AR5:QAT,1994-12-31,0.0747
WDI:EN.GHG.N2O.AG.MT.CE.AR5:QAT,1995-12-31,0.0768
WDI:EN.GHG.N2O.AG.MT.CE.AR5:QAT,1996-12-31,0.0517
WDI:EN.GHG.N2O.AG.MT.CE.AR5:QAT,1997-12-31,0.0515
WDI:EN.GHG.N2O.AG.MT.CE.AR5:QAT,1998-12-31,0.0476
WDI:EN.GHG.N2O.AG.MT.CE.AR5:QAT,1999-12-31,0.051
WDI:EN.GHG.N2O.AG.MT.CE.AR5:QAT,2000-12-31,0.0504
WDI:EN.GHG.N2O.AG.MT.CE.AR5:QAT,2001-12-31,0.0401
WDI:EN.GHG.N2O.AG.MT.CE.AR5:QAT,2002-12-31,0.0422
WDI:EN.GHG.N2O.AG.MT.CE.AR5:QAT,2003-12-31,0.0422
WDI:EN.GHG.N2O.AG.MT.CE.AR5:QAT,2004-12-31,0.043
WDI:EN.GHG.N2O.AG.MT.CE.AR5:QAT,2005-12-31,0.036
WDI:EN.GHG.N2O.AG.MT.CE.AR5:QAT,2006-12-31,0.0384
WDI:EN.GHG.N2O.AG.MT.CE.AR5:QAT,2007-12-31,0.0414
WDI:EN.GHG.N2O.AG.MT.CE.AR5:QAT,2008-12-31,0.0424
WDI:EN.GHG.N2O.AG.MT.CE.AR5:QAT,2009-12-31,0.0531
WDI:EN.GHG.N2O.AG.MT.CE.AR5:QAT,2010-12-31,0.0559
WDI:EN.GHG.N2O.AG.MT.CE.AR5:QAT,2011-12-31,0.0608
WDI:EN.GHG.N2O.AG.MT.CE.AR5:QAT,2012-12-31,0.0677
WDI:EN.GHG.N2O.AG.MT.CE.AR5:QAT,2013-12-31,0.0819
WDI:EN.GHG.N2O.AG.MT.CE.AR5:QAT,2014-12-31,0.0842
WDI:EN.GHG.N2O.AG.MT.CE.AR5:QAT,2015-12-31,0.1049
WDI:EN.GHG.N2O.AG.MT.CE.AR5:QAT,2016-12-31,0.1321
WDI:EN.GHG.N2O.AG.MT.CE.AR5:QAT,2017-12-31,0.1415
WDI:EN.GHG.N2O.AG.MT.CE.AR5:QAT,2018-12-31,0.1696
WDI:EN.GHG.N2O.AG.MT.CE.AR5:QAT,2019-12-31,0.1779
WDI:EN.GHG.N2O.AG.MT.CE.AR5:QAT,2020-12-31,0.1864
WDI:EN.GHG.N2O.AG.MT.CE.AR5:QAT,2021-12-31,0.1758
WDI:EN.GHG.N2O.AG.MT.CE.AR5:QAT,2022-12-31,0.1616
WDI:EN.GHG.N2O.AG.MT.CE.AR5:QAT,2023-12-31,0.1664
WDI:EN.GHG.N2O.AG.MT.CE.AR5:QAT,2024-12-31,0.1667
WDI:EN.GHG.N2O.AG.MT.CE.AR5:ROU,1970-12-31,7.7587
WDI:EN.GHG.N2O.AG.MT.CE.AR5:ROU,1971-12-31,8.2122
WDI:EN.GHG.N2O.AG.MT.CE.AR5:ROU,1972-12-31,8.4769
WDI:EN.GHG.N2O.AG.MT.CE.AR5:ROU,1973-12-31,8.6514
WDI:EN.GHG.N2O.AG.MT.CE.AR5:ROU,1974-12-31,8.9941
WDI:EN.GHG.N2O.AG.MT.CE.AR5:ROU,1975-12-31,10.5723
WDI:EN.GHG.N2O.AG.MT.CE.AR5:ROU,1976-12-31,9.955
WDI:EN.GHG.N2O.AG.MT.CE.AR5:ROU,1977-12-31,10.1009
WDI:EN.GHG.N2O.AG.MT.CE.AR5:ROU,1978-12-31,11.2819
WDI:EN.GHG.N2O.AG.MT.CE.AR5:ROU,1979-12-31,11.4199
WDI:EN.GHG.N2O.AG.MT.CE.AR5:ROU,1980-12-31,10.7932
WDI:EN.GHG.N2O.AG.MT.CE.AR5:ROU,1981-12-31,12.1792
WDI:EN.GHG.N2O.AG.MT.CE.AR5:ROU,1982-12-31,12.3183
WDI:EN.GHG.N2O.AG.MT.CE.AR5:ROU,1983-12-31,12.1501
WDI:EN.GHG.N2O.AG.MT.CE.AR5:ROU,1984-12-31,12.8846
WDI:EN.GHG.N2O.AG.MT.CE.AR5:ROU,1985-12-31,13.2206
WDI:EN.GHG.N2O.AG.MT.CE.AR5:ROU,1986-12-31,11.9488
WDI:EN.GHG.N2O.AG.MT.CE.AR5:ROU,1987-12-31,11.9435
WDI:EN.GHG.N2O.AG.MT.CE.AR5:ROU,1988-12-31,11.9316
WDI:EN.GHG.N2O.AG.MT.CE.AR5:ROU,1989-12-31,12.1358
WDI:EN.GHG.N2O.AG.MT.CE.AR5:ROU,1990-12-31,11.4797
WDI:EN.GHG.N2O.AG.MT.CE.AR5:ROU,1991-12-31,8.3391
WDI:EN.GHG.N2O.AG.MT.CE.AR5:ROU,1992-12-31,7.6877
WDI:EN.GHG.N2O.AG.MT.CE.AR5:ROU,1993-12-31,7.3386
WDI:EN.GHG.N2O.AG.MT.CE.AR5:ROU,1994-12-31,6.582
WDI:EN.GHG.N2O.AG.MT.CE.AR5:ROU,1995-12-31,6.1135
WDI:EN.GHG.N2O.AG.MT.CE.AR5:ROU,1996-12-31,6.083
WDI:EN.GHG.N2O.AG.MT.CE.AR5:ROU,1997-12-31,6.1068
WDI:EN.GHG.N2O.AG.MT.CE.AR5:ROU,1998-12-31,5.7533
WDI:EN.GHG.N2O.AG.MT.CE.AR5:ROU,1999-12-31,5.3077
WDI:EN.GHG.N2O.AG.MT.CE.AR5:ROU,2000-12-31,5.1573
WDI:EN.GHG.N2O.AG.MT.CE.AR5:ROU,2001-12-31,5.4566
WDI:EN.GHG.N2O.AG.MT.CE.AR5:ROU,2002-12-31,5.0087
WDI:EN.GHG.N2O.AG.MT.CE.AR5:ROU,2003-12-31,4.8972
WDI:EN.GHG.N2O.AG.MT.CE.AR5:ROU,2004-12-31,5.611
WDI:EN.GHG.N2O.AG.MT.CE.AR5:ROU,2005-12-31,5.5349
WDI:EN.GHG.N2O.AG.MT.CE.AR5:ROU,2006-12-31,5.3948
WDI:EN.GHG.N2O.AG.MT.CE.AR5:ROU,2007-12-31,5.5945
WDI:EN.GHG.N2O.AG.MT.CE.AR5:ROU,2008-12-31,6.0651
WDI:EN.GHG.N2O.AG.MT.CE.AR5:ROU,2009-12-31,5.8911
WDI:EN.GHG.N2O.AG.MT.CE.AR5:ROU,2010-12-31,5.9807
WDI:EN.GHG.N2O.AG.MT.CE.AR5:ROU,2011-12-31,6.4995
WDI:EN.GHG.N2O.AG.MT.CE.AR5:ROU,2012-12-31,6.1024
WDI:EN.GHG.N2O.AG.MT.CE.AR5:ROU,2013-12-31,6.4236
WDI:EN.GHG.N2O.AG.MT.CE.AR5:ROU,2014-12-31,6.5525
WDI:EN.GHG.N2O.AG.MT.CE.AR5:ROU,2015-12-31,6.9599
WDI:EN.GHG.N2O.AG.MT.CE.AR5:ROU,2016-12-31,7.2722
WDI:EN.GHG.N2O.AG.MT.CE.AR5:ROU,2017-12-31,7.6184
WDI:EN.GHG.N2O.AG.MT.CE.AR5:ROU,2018-12-31,7.5911
WDI:EN.GHG.N2O.AG.MT.CE.AR5:ROU,2019-12-31,7.3288
WDI:EN.GHG.N2O.AG.MT.CE.AR5:ROU,2020-12-31,7.3547
WDI:EN.GHG.N2O.AG.MT.CE.AR5:ROU,2021-12-31,7.5845
WDI:EN.GHG.N2O.AG.MT.CE.AR5:ROU,2022-12-31,6.8774
WDI:EN.GHG.N2O.AG.MT.CE.AR5:ROU,2023-12-31,6.9096
WDI:EN.GHG.N2O.AG.MT.CE.AR5:ROU,2024-12-31,6.756
WDI:EN.GHG.N2O.AG.MT.CE.AR5:RUS,1970-12-31,53.5576
WDI:EN.GHG.N2O.AG.MT.CE.AR5:RUS,1971-12-31,55.1825
WDI:EN.GHG.N2O.AG.MT.CE.AR5:RUS,1972-12-31,55.8927
WDI:EN.GHG.N2O.AG.MT.CE.AR5:RUS,1973-12-31,57.4677
WDI:EN.GHG.N2O.AG.MT.CE.AR5:RUS,1974-12-31,58.3135
WDI:EN.GHG.N2O.AG.MT.CE.AR5:RUS,1975-12-31,58.1174
WDI:EN.GHG.N2O.AG.MT.CE.AR5:RUS,1976-12-31,60.8185
WDI:EN.GHG.N2O.AG.MT.CE.AR5:RUS,1977-12-31,61.5285
WDI:EN.GHG.N2O.AG.MT.CE.AR5:RUS,1978-12-31,63.6466
WDI:EN.GHG.N2O.AG.MT.CE.AR5:RUS,1979-12-31,62.7367
WDI:EN.GHG.N2O.AG.MT.CE.AR5:RUS,1980-12-31,62.9321
WDI:EN.GHG.N2O.AG.MT.CE.AR5:RUS,1981-12-31,62.3903
WDI:EN.GHG.N2O.AG.MT.CE.AR5:RUS,1982-12-31,63.0659
WDI:EN.GHG.N2O.AG.MT.CE.AR5:RUS,1983-12-31,65.0131
WDI:EN.GHG.N2O.AG.MT.CE.AR5:RUS,1984-12-31,65.4069
WDI:EN.GHG.N2O.AG.MT.CE.AR5:RUS,1985-12-31,66.8708
WDI:EN.GHG.N2O.AG.MT.CE.AR5:RUS,1986-12-31,68.0409
WDI:EN.GHG.N2O.AG.MT.CE.AR5:RUS,1987-12-31,68.0724
WDI:EN.GHG.N2O.AG.MT.CE.AR5:RUS,1988-12-31,65.9027
WDI:EN.GHG.N2O.AG.MT.CE.AR5:RUS,1989-12-31,64.2726
WDI:EN.GHG.N2O.AG.MT.CE.AR5:RUS,1990-12-31,63.926
WDI:EN.GHG.N2O.AG.MT.CE.AR5:RUS,1991-12-31,60.6749
WDI:EN.GHG.N2O.AG.MT.CE.AR5:RUS,1992-12-31,57.1237
WDI:EN.GHG.N2O.AG.MT.CE.AR5:RUS,1993-12-31,54.2781
WDI:EN.GHG.N2O.AG.MT.CE.AR5:RUS,1994-12-31,50.2104
WDI:EN.GHG.N2O.AG.MT.CE.AR5:RUS,1995-12-31,44.9455
WDI:EN.GHG.N2O.AG.MT.CE.AR5:RUS,1996-12-31,42.3381
WDI:EN.GHG.N2O.AG.MT.CE.AR5:RUS,1997-12-31,39.8983
WDI:EN.GHG.N2O.AG.MT.CE.AR5:RUS,1998-12-31,35.3872
WDI:EN.GHG.N2O.AG.MT.CE.AR5:RUS,1999-12-31,35.1355
WDI:EN.GHG.N2O.AG.MT.CE.AR5:RUS,2000-12-31,35.5242
WDI:EN.GHG.N2O.AG.MT.CE.AR5:RUS,2001-12-31,36.7396
WDI:EN.GHG.N2O.AG.MT.CE.AR5:RUS,2002-12-31,36.0133
WDI:EN.GHG.N2O.AG.MT.CE.AR5:RUS,2003-12-31,34.5668
WDI:EN.GHG.N2O.AG.MT.CE.AR5:RUS,2004-12-31,34.7626
WDI:EN.GHG.N2O.AG.MT.CE.AR5:RUS,2005-12-31,33.8998
WDI:EN.GHG.N2O.AG.MT.CE.AR5:RUS,2006-12-31,33.539
WDI:EN.GHG.N2O.AG.MT.CE.AR5:RUS,2007-12-31,35.0495
WDI:EN.GHG.N2O.AG.MT.CE.AR5:RUS,2008-12-31,37.7737
WDI:EN.GHG.N2O.AG.MT.CE.AR5:RUS,2009-12-31,37.2552
WDI:EN.GHG.N2O.AG.MT.CE.AR5:RUS,2010-12-31,35.3275
WDI:EN.GHG.N2O.AG.MT.CE.AR5:RUS,2011-12-31,37.2792
WDI:EN.GHG.N2O.AG.MT.CE.AR5:RUS,2012-12-31,36.331
WDI:EN.GHG.N2O.AG.MT.CE.AR5:RUS,2013-12-31,36.911
WDI:EN.GHG.N2O.AG.MT.CE.AR5:RUS,2014-12-31,37.5332
WDI:EN.GHG.N2O.AG.MT.CE.AR5:RUS,2015-12-31,39.2767
WDI:EN.GHG.N2O.AG.MT.CE.AR5:RUS,2016-12-31,41.67
WDI:EN.GHG.N2O.AG.MT.CE.AR5:RUS,2017-12-31,41.2257
WDI:EN.GHG.N2O.AG.MT.CE.AR5:RUS,2018-12-31,41.8765
WDI:EN.GHG.N2O.AG.MT.CE.AR5:RUS,2019-12-31,43.8617
WDI:EN.GHG.N2O.AG.MT.CE.AR5:RUS,2020-12-31,47.315
WDI:EN.GHG.N2O.AG.MT.CE.AR5:RUS,2021-12-31,44.604
WDI:EN.GHG.N2O.AG.MT.CE.AR5:RUS,2022-12-31,50.5903
WDI:EN.GHG.N2O.AG.MT.CE.AR5:RUS,2023-12-31,51.4691
WDI:EN.GHG.N2O.AG.MT.CE.AR5:RUS,2024-12-31,52.5747
WDI:EN.GHG.N2O.AG.MT.CE.AR5:RWA,1970-12-31,0.3985
WDI:EN.GHG.N2O.AG.MT.CE.AR5:RWA,1971-12-31,0.409
WDI:EN.GHG.N2O.AG.MT.CE.AR5:RWA,1972-12-31,0.4055
WDI:EN.GHG.N2O.AG.MT.CE.AR5:RWA,1973-12-31,0.4138
WDI:EN.GHG.N2O.AG.MT.CE.AR5:RWA,1974-12-31,0.3989
WDI:EN.GHG.N2O.AG.MT.CE.AR5:RWA,1975-12-31,0.4039
WDI:EN.GHG.N2O.AG.MT.CE.AR5:RWA,1976-12-31,0.3932
WDI:EN.GHG.N2O.AG.MT.CE.AR5:RWA,1977-12-31,0.3968
WDI:EN.GHG.N2O.AG.MT.CE.AR5:RWA,1978-12-31,0.4116
WDI:EN.GHG.N2O.AG.MT.CE.AR5:RWA,1979-12-31,0.4134
WDI:EN.GHG.N2O.AG.MT.CE.AR5:RWA,1980-12-31,0.4276
WDI:EN.GHG.N2O.AG.MT.CE.AR5:RWA,1981-12-31,0.4298
WDI:EN.GHG.N2O.AG.MT.CE.AR5:RWA,1982-12-31,0.4364
WDI:EN.GHG.N2O.AG.MT.CE.AR5:RWA,1983-12-31,0.4424
WDI:EN.GHG.N2O.AG.MT.CE.AR5:RWA,1984-12-31,0.4255
WDI:EN.GHG.N2O.AG.MT.CE.AR5:RWA,1985-12-31,0.4448
WDI:EN.GHG.N2O.AG.MT.CE.AR5:RWA,1986-12-31,0.4342
WDI:EN.GHG.N2O.AG.MT.CE.AR5:RWA,1987-12-31,0.4243
WDI:EN.GHG.N2O.AG.MT.CE.AR5:RWA,1988-12-31,0.4289
WDI:EN.GHG.N2O.AG.MT.CE.AR5:RWA,1989-12-31,0.438
WDI:EN.GHG.N2O.AG.MT.CE.AR5:RWA,1990-12-31,0.4373
WDI:EN.GHG.N2O.AG.MT.CE.AR5:RWA,1991-12-31,0.4548
WDI:EN.GHG.N2O.AG.MT.CE.AR5:RWA,1992-12-31,0.4434
WDI:EN.GHG.N2O.AG.MT.CE.AR5:RWA,1993-12-31,0.431
WDI:EN.GHG.N2O.AG.MT.CE.AR5:RWA,1994-12-31,0.4136
WDI:EN.GHG.N2O.AG.MT.CE.AR5:RWA,1995-12-31,0.3465
WDI:EN.GHG.N2O.AG.MT.CE.AR5:RWA,1996-12-31,0.3819
WDI:EN.GHG.N2O.AG.MT.CE.AR5:RWA,1997-12-31,0.3993
WDI:EN.GHG.N2O.AG.MT.CE.AR5:RWA,1998-12-31,0.4282
WDI:EN.GHG.N2O.AG.MT.CE.AR5:RWA,1999-12-31,0.4788
WDI:EN.GHG.N2O.AG.MT.CE.AR5:RWA,2000-12-31,0.4834
WDI:EN.GHG.N2O.AG.MT.CE.AR5:RWA,2001-12-31,0.5176
WDI:EN.GHG.N2O.AG.MT.CE.AR5:RWA,2002-12-31,0.5337
WDI:EN.GHG.N2O.AG.MT.CE.AR5:RWA,2003-12-31,0.5949
WDI:EN.GHG.N2O.AG.MT.CE.AR5:RWA,2004-12-31,0.6475
WDI:EN.GHG.N2O.AG.MT.CE.AR5:RWA,2005-12-31,0.6848
WDI:EN.GHG.N2O.AG.MT.CE.AR5:RWA,2006-12-31,0.764
WDI:EN.GHG.N2O.AG.MT.CE.AR5:RWA,2007-12-31,0.8127
WDI:EN.GHG.N2O.AG.MT.CE.AR5:RWA,2008-12-31,0.8594
WDI:EN.GHG.N2O.AG.MT.CE.AR5:RWA,2009-12-31,0.8871
WDI:EN.GHG.N2O.AG.MT.CE.AR5:RWA,2010-12-31,0.9399
WDI:EN.GHG.N2O.AG.MT.CE.AR5:RWA,2011-12-31,0.9003
WDI:EN.GHG.N2O.AG.MT.CE.AR5:RWA,2012-12-31,0.9257
WDI:EN.GHG.N2O.AG.MT.CE.AR5:RWA,2013-12-31,0.9321
WDI:EN.GHG.N2O.AG.MT.CE.AR5:RWA,2014-12-31,0.916
WDI:EN.GHG.N2O.AG.MT.CE.AR5:RWA,2015-12-31,1.0795
WDI:EN.GHG.N2O.AG.MT.CE.AR5:RWA,2016-12-31,1.0547
WDI:EN.GHG.N2O.AG.MT.CE.AR5:RWA,2017-12-31,1.0699
WDI:EN.GHG.N2O.AG.MT.CE.AR5:RWA,2018-12-31,1.0333
WDI:EN.GHG.N2O.AG.MT.CE.AR5:RWA,2019-12-31,1.0331
WDI:EN.GHG.N2O.AG.MT.CE.AR5:RWA,2020-12-31,1.0518
WDI:EN.GHG.N2O.AG.MT.CE.AR5:RWA,2021-12-31,0.9798
WDI:EN.GHG.N2O.AG.MT.CE.AR5:RWA,2022-12-31,0.8932
WDI:EN.GHG.N2O.AG.MT.CE.AR5:RWA,2023-12-31,0.8759
WDI:EN.GHG.N2O.AG.MT.CE.AR5:RWA,2024-12-31,0.8429
WDI:EN.GHG.N2O.AG.MT.CE.AR5:SAS,1970-12-31,60.0603
WDI:EN.GHG.N2O.AG.MT.CE.AR5:SAS,1971-12-31,60.464800000000004
WDI:EN.GHG.N2O.AG.MT.CE.AR5:SAS,1972-12-31,61.029300000000006
WDI:EN.GHG.N2O.AG.MT.CE.AR5:SAS,1973-12-31,61.3206
WDI:EN.GHG.N2O.AG.MT.CE.AR5:SAS,1974-12-31,62.9483
WDI:EN.GHG.N2O.AG.MT.CE.AR5:SAS,1975-12-31,64.58009999999999
WDI:EN.GHG.N2O.AG.MT.CE.AR5:SAS,1976-12-31,67.96490000000001
WDI:EN.GHG.N2O.AG.MT.CE.AR5:SAS,1977-12-31,71.9843
WDI:EN.GHG.N2O.AG.MT.CE.AR5:SAS,1978-12-31,74.5241
WDI:EN.GHG.N2O.AG.MT.CE.AR5:SAS,1979-12-31,78.32900000000001
WDI:EN.GHG.N2O.AG.MT.CE.AR5:SAS,1980-12-31,79.1206
WDI:EN.GHG.N2O.AG.MT.CE.AR5:SAS,1981-12-31,82.2091
WDI:EN.GHG.N2O.AG.MT.CE.AR5:SAS,1982-12-31,84.5659
WDI:EN.GHG.N2O.AG.MT.CE.AR5:SAS,1983-12-31,89.91049999999998
WDI:EN.GHG.N2O.AG.MT.CE.AR5:SAS,1984-12-31,94.93860000000001
WDI:EN.GHG.N2O.AG.MT.CE.AR5:SAS,1985-12-31,97.80340000000001
WDI:EN.GHG.N2O.AG.MT.CE.AR5:SAS,1986-12-31,103.58250000000002
WDI:EN.GHG.N2O.AG.MT.CE.AR5:SAS,1987-12-31,100.08850000000001
WDI:EN.GHG.N2O.AG.MT.CE.AR5:SAS,1988-12-31,109.6839
WDI:EN.GHG.N2O.AG.MT.CE.AR5:SAS,1989-12-31,111.62400000000001
WDI:EN.GHG.N2O.AG.MT.CE.AR5:SAS,1990-12-31,114.56770000000002
WDI:EN.GHG.N2O.AG.MT.CE.AR5:SAS,1991-12-31,118.3545
WDI:EN.GHG.N2O.AG.MT.CE.AR5:SAS,1992-12-31,121.9799
WDI:EN.GHG.N2O.AG.MT.CE.AR5:SAS,1993-12-31,124.7643
WDI:EN.GHG.N2O.AG.MT.CE.AR5:SAS,1994-12-31,130.1026
WDI:EN.GHG.N2O.AG.MT.CE.AR5:SAS,1995-12-31,133.5354
WDI:EN.GHG.N2O.AG.MT.CE.AR5:SAS,1996-12-31,137.6362
WDI:EN.GHG.N2O.AG.MT.CE.AR5:SAS,1997-12-31,140.73489999999998
WDI:EN.GHG.N2O.AG.MT.CE.AR5:SAS,1998-12-31,143.6251
WDI:EN.GHG.N2O.AG.MT.CE.AR5:SAS,1999-12-31,146.2693
WDI:EN.GHG.N2O.AG.MT.CE.AR5:SAS,2000-12-31,142.6314
WDI:EN.GHG.N2O.AG.MT.CE.AR5:SAS,2001-12-31,145.7589
WDI:EN.GHG.N2O.AG.MT.CE.AR5:SAS,2002-12-31,140.99420000000003
WDI:EN.GHG.N2O.AG.MT.CE.AR5:SAS,2003-12-31,145.94830000000002
WDI:EN.GHG.N2O.AG.MT.CE.AR5:SAS,2004-12-31,150.7765
WDI:EN.GHG.N2O.AG.MT.CE.AR5:SAS,2005-12-31,157.8006
WDI:EN.GHG.N2O.AG.MT.CE.AR5:SAS,2006-12-31,165.181
WDI:EN.GHG.N2O.AG.MT.CE.AR5:SAS,2007-12-31,172.1669
WDI:EN.GHG.N2O.AG.MT.CE.AR5:SAS,2008-12-31,175.8348
WDI:EN.GHG.N2O.AG.MT.CE.AR5:SAS,2009-12-31,178.05900000000003
WDI:EN.GHG.N2O.AG.MT.CE.AR5:SAS,2010-12-31,184.77880000000002
WDI:EN.GHG.N2O.AG.MT.CE.AR5:SAS,2011-12-31,189.05949999999999
WDI:EN.GHG.N2O.AG.MT.CE.AR5:SAS,2012-12-31,187.22079999999997
WDI:EN.GHG.N2O.AG.MT.CE.AR5:SAS,2013-12-31,187.5541
WDI:EN.GHG.N2O.AG.MT.CE.AR5:SAS,2014-12-31,189.80569999999997
WDI:EN.GHG.N2O.AG.MT.CE.AR5:SAS,2015-12-31,192.69650000000001
WDI:EN.GHG.N2O.AG.MT.CE.AR5:SAS,2016-12-31,189.7225
WDI:EN.GHG.N2O.AG.MT.CE.AR5:SAS,2017-12-31,192.31080000000003
WDI:EN.GHG.N2O.AG.MT.CE.AR5:SAS,2018-12-31,197.7026
WDI:EN.GHG.N2O.AG.MT.CE.AR5:SAS,2019-12-31,206.2722
WDI:EN.GHG.N2O.AG.MT.CE.AR5:SAS,2020-12-31,215.2346
WDI:EN.GHG.N2O.AG.MT.CE.AR5:SAS,2021-12-31,210.8874
WDI:EN.GHG.N2O.AG.MT.CE.AR5:SAS,2022-12-31,214.9992
WDI:EN.GHG.N2O.AG.MT.CE.AR5:SAS,2023-12-31,218.8105
WDI:EN.GHG.N2O.AG.MT.CE.AR5:SAS,2024-12-31,222.9299
WDI:EN.GHG.N2O.AG.MT.CE.AR5:SAU,1970-12-31,0.3292
WDI:EN.GHG.N2O.AG.MT.CE.AR5:SAU,1971-12-31,0.3426
WDI:EN.GHG.N2O.AG.MT.CE.AR5:SAU,1972-12-31,0.3464
WDI:EN.GHG.N2O.AG.MT.CE.AR5:SAU,1973-12-31,0.3873
WDI:EN.GHG.N2O.AG.MT.CE.AR5:SAU,1974-12-31,0.4483
WDI:EN.GHG.N2O.AG.MT.CE.AR5:SAU,1975-12-31,0.4899
WDI:EN.GHG.N2O.AG.MT.CE.AR5:SAU,1976-12-31,0.5461
WDI:EN.GHG.N2O.AG.MT.CE.AR5:SAU,1977-12-31,0.5548
WDI:EN.GHG.N2O.AG.MT.CE.AR5:SAU,1978-12-31,0.6124
WDI:EN.GHG.N2O.AG.MT.CE.AR5:SAU,1979-12-31,0.6646
WDI:EN.GHG.N2O.AG.MT.CE.AR5:SAU,1980-12-31,0.7354
WDI:EN.GHG.N2O.AG.MT.CE.AR5:SAU,1981-12-31,0.8705
WDI:EN.GHG.N2O.AG.MT.CE.AR5:SAU,1982-12-31,1.0735
WDI:EN.GHG.N2O.AG.MT.CE.AR5:SAU,1983-12-31,1.4818
WDI:EN.GHG.N2O.AG.MT.CE.AR5:SAU,1984-12-31,1.7249
WDI:EN.GHG.N2O.AG.MT.CE.AR5:SAU,1985-12-31,1.8679
WDI:EN.GHG.N2O.AG.MT.CE.AR5:SAU,1986-12-31,2.0169
WDI:EN.GHG.N2O.AG.MT.CE.AR5:SAU,1987-12-31,2.2901
WDI:EN.GHG.N2O.AG.MT.CE.AR5:SAU,1988-12-31,2.3327
WDI:EN.GHG.N2O.AG.MT.CE.AR5:SAU,1989-12-31,2.4635
WDI:EN.GHG.N2O.AG.MT.CE.AR5:SAU,1990-12-31,2.5783
WDI:EN.GHG.N2O.AG.MT.CE.AR5:SAU,1991-12-31,2.7066
WDI:EN.GHG.N2O.AG.MT.CE.AR5:SAU,1992-12-31,2.8001
WDI:EN.GHG.N2O.AG.MT.CE.AR5:SAU,1993-12-31,2.6148
WDI:EN.GHG.N2O.AG.MT.CE.AR5:SAU,1994-12-31,2.3398
WDI:EN.GHG.N2O.AG.MT.CE.AR5:SAU,1995-12-31,2.031
WDI:EN.GHG.N2O.AG.MT.CE.AR5:SAU,1996-12-31,2.1795
WDI:EN.GHG.N2O.AG.MT.CE.AR5:SAU,1997-12-31,2.3959
WDI:EN.GHG.N2O.AG.MT.CE.AR5:SAU,1998-12-31,2.1834
WDI:EN.GHG.N2O.AG.MT.CE.AR5:SAU,1999-12-31,2.2103
WDI:EN.GHG.N2O.AG.MT.CE.AR5:SAU,2000-12-31,2.3978
WDI:EN.GHG.N2O.AG.MT.CE.AR5:SAU,2001-12-31,2.5658
WDI:EN.GHG.N2O.AG.MT.CE.AR5:SAU,2002-12-31,2.5852
WDI:EN.GHG.N2O.AG.MT.CE.AR5:SAU,2003-12-31,2.6715
WDI:EN.GHG.N2O.AG.MT.CE.AR5:SAU,2004-12-31,2.7784
WDI:EN.GHG.N2O.AG.MT.CE.AR5:SAU,2005-12-31,2.572
WDI:EN.GHG.N2O.AG.MT.CE.AR5:SAU,2006-12-31,2.5749
WDI:EN.GHG.N2O.AG.MT.CE.AR5:SAU,2007-12-31,2.7242
WDI:EN.GHG.N2O.AG.MT.CE.AR5:SAU,2008-12-31,2.2513
WDI:EN.GHG.N2O.AG.MT.CE.AR5:SAU,2009-12-31,2.0064
WDI:EN.GHG.N2O.AG.MT.CE.AR5:SAU,2010-12-31,2.1241
WDI:EN.GHG.N2O.AG.MT.CE.AR5:SAU,2011-12-31,2.4507
WDI:EN.GHG.N2O.AG.MT.CE.AR5:SAU,2012-12-31,2.5899
WDI:EN.GHG.N2O.AG.MT.CE.AR5:SAU,2013-12-31,2.4557
WDI:EN.GHG.N2O.AG.MT.CE.AR5:SAU,2014-12-31,2.2977
WDI:EN.GHG.N2O.AG.MT.CE.AR5:SAU,2015-12-31,2.4953
WDI:EN.GHG.N2O.AG.MT.CE.AR5:SAU,2016-12-31,2.5485
WDI:EN.GHG.N2O.AG.MT.CE.AR5:SAU,2017-12-31,2.4529
WDI:EN.GHG.N2O.AG.MT.CE.AR5:SAU,2018-12-31,2.5122
WDI:EN.GHG.N2O.AG.MT.CE.AR5:SAU,2019-12-31,2.4489
WDI:EN.GHG.N2O.AG.MT.CE.AR5:SAU,2020-12-31,2.94
WDI:EN.GHG.N2O.AG.MT.CE.AR5:SAU,2021-12-31,3.2682
WDI:EN.GHG.N2O.AG.MT.CE.AR5:SAU,2022-12-31,3.5767
WDI:EN.GHG.N2O.AG.MT.CE.AR5:SAU,2023-12-31,3.3211
WDI:EN.GHG.N2O.AG.MT.CE.AR5:SAU,2024-12-31,3.4929
WDI:EN.GHG.N2O.AG.MT.CE.AR5:SDN,1970-12-31,7.6784
WDI:EN.GHG.N2O.AG.MT.CE.AR5:SDN,1971-12-31,7.816
WDI:EN.GHG.N2O.AG.MT.CE.AR5:SDN,1972-12-31,7.9601
WDI:EN.GHG.N2O.AG.MT.CE.AR5:SDN,1973-12-31,8.4866
WDI:EN.GHG.N2O.AG.MT.CE.AR5:SDN,1974-12-31,8.69
WDI:EN.GHG.N2O.AG.MT.CE.AR5:SDN,1975-12-31,9.3639
WDI:EN.GHG.N2O.AG.MT.CE.AR5:SDN,1976-12-31,9.3939
WDI:EN.GHG.N2O.AG.MT.CE.AR5:SDN,1977-12-31,9.2104
WDI:EN.GHG.N2O.AG.MT.CE.AR5:SDN,1978-12-31,9.4436
WDI:EN.GHG.N2O.AG.MT.CE.AR5:SDN,1979-12-31,10.2016
WDI:EN.GHG.N2O.AG.MT.CE.AR5:SDN,1980-12-31,10.9907
WDI:EN.GHG.N2O.AG.MT.CE.AR5:SDN,1981-12-31,11.5599
WDI:EN.GHG.N2O.AG.MT.CE.AR5:SDN,1982-12-31,12.127
WDI:EN.GHG.N2O.AG.MT.CE.AR5:SDN,1983-12-31,11.9346
WDI:EN.GHG.N2O.AG.MT.CE.AR5:SDN,1984-12-31,12.3582
WDI:EN.GHG.N2O.AG.MT.CE.AR5:SDN,1985-12-31,12.4876
WDI:EN.GHG.N2O.AG.MT.CE.AR5:SDN,1986-12-31,11.532
WDI:EN.GHG.N2O.AG.MT.CE.AR5:SDN,1987-12-31,11.2659
WDI:EN.GHG.N2O.AG.MT.CE.AR5:SDN,1988-12-31,11.512
WDI:EN.GHG.N2O.AG.MT.CE.AR5:SDN,1989-12-31,11.6016
WDI:EN.GHG.N2O.AG.MT.CE.AR5:SDN,1990-12-31,11.8271
WDI:EN.GHG.N2O.AG.MT.CE.AR5:SDN,1991-12-31,12.133
WDI:EN.GHG.N2O.AG.MT.CE.AR5:SDN,1992-12-31,13.6179
WDI:EN.GHG.N2O.AG.MT.CE.AR5:SDN,1993-12-31,14.8623
WDI:EN.GHG.N2O.AG.MT.CE.AR5:SDN,1994-12-31,15.85
WDI:EN.GHG.N2O.AG.MT.CE.AR5:SDN,1995-12-31,16.0501
WDI:EN.GHG.N2O.AG.MT.CE.AR5:SDN,1996-12-31,16.939
WDI:EN.GHG.N2O.AG.MT.CE.AR5:SDN,1997-12-31,17.6602
WDI:EN.GHG.N2O.AG.MT.CE.AR5:SDN,1998-12-31,18.2199
WDI:EN.GHG.N2O.AG.MT.CE.AR5:SDN,1999-12-31,19.0061
WDI:EN.GHG.N2O.AG.MT.CE.AR5:SDN,2000-12-31,19.9299
WDI:EN.GHG.N2O.AG.MT.CE.AR5:SDN,2001-12-31,21.0052
WDI:EN.GHG.N2O.AG.MT.CE.AR5:SDN,2002-12-31,21.189
WDI:EN.GHG.N2O.AG.MT.CE.AR5:SDN,2003-12-31,22.1283
WDI:EN.GHG.N2O.AG.MT.CE.AR5:SDN,2004-12-31,22.4287
WDI:EN.GHG.N2O.AG.MT.CE.AR5:SDN,2005-12-31,23.0936
WDI:EN.GHG.N2O.AG.MT.CE.AR5:SDN,2006-12-31,23.1897
WDI:EN.GHG.N2O.AG.MT.CE.AR5:SDN,2007-12-31,23.3499
WDI:EN.GHG.N2O.AG.MT.CE.AR5:SDN,2008-12-31,23.4742
WDI:EN.GHG.N2O.AG.MT.CE.AR5:SDN,2009-12-31,23.6091
WDI:EN.GHG.N2O.AG.MT.CE.AR5:SDN,2010-12-31,23.7717
WDI:EN.GHG.N2O.AG.MT.CE.AR5:SDN,2011-12-31,22.9295
WDI:EN.GHG.N2O.AG.MT.CE.AR5:SDN,2012-12-31,23.997
WDI:EN.GHG.N2O.AG.MT.CE.AR5:SDN,2013-12-31,24.3904
WDI:EN.GHG.N2O.AG.MT.CE.AR5:SDN,2014-12-31,24.6931
WDI:EN.GHG.N2O.AG.MT.CE.AR5:SDN,2015-12-31,24.6969
WDI:EN.GHG.N2O.AG.MT.CE.AR5:SDN,2016-12-31,25.3116
WDI:EN.GHG.N2O.AG.MT.CE.AR5:SDN,2017-12-31,24.6622
WDI:EN.GHG.N2O.AG.MT.CE.AR5:SDN,2018-12-31,25.8908
WDI:EN.GHG.N2O.AG.MT.CE.AR5:SDN,2019-12-31,26.0422
WDI:EN.GHG.N2O.AG.MT.CE.AR5:SDN,2020-12-31,25.7782
WDI:EN.GHG.N2O.AG.MT.CE.AR5:SDN,2021-12-31,25.8471
WDI:EN.GHG.N2O.AG.MT.CE.AR5:SDN,2022-12-31,26.5205
WDI:EN.GHG.N2O.AG.MT.CE.AR5:SDN,2023-12-31,26.149
WDI:EN.GHG.N2O.AG.MT.CE.AR5:SDN,2024-12-31,26.291
WDI:EN.GHG.N2O.AG.MT.CE.AR5:SEN,1970-12-31,1.1919
WDI:EN.GHG.N2O.AG.MT.CE.AR5:SEN,1971-12-31,1.2242
WDI:EN.GHG.N2O.AG.MT.CE.AR5:SEN,1972-12-31,1.1729
WDI:EN.GHG.N2O.AG.MT.CE.AR5:SEN,1973-12-31,1.0724
WDI:EN.GHG.N2O.AG.MT.CE.AR5:SEN,1974-12-31,1.088
WDI:EN.GHG.N2O.AG.MT.CE.AR5:SEN,1975-12-31,1.119
WDI:EN.GHG.N2O.AG.MT.CE.AR5:SEN,1976-12-31,1.1529
WDI:EN.GHG.N2O.AG.MT.CE.AR5:SEN,1977-12-31,1.1888
WDI:EN.GHG.N2O.AG.MT.CE.AR5:SEN,1978-12-31,1.2072
WDI:EN.GHG.N2O.AG.MT.CE.AR5:SEN,1979-12-31,1.1823
WDI:EN.GHG.N2O.AG.MT.CE.AR5:SEN,1980-12-31,1.0859
WDI:EN.GHG.N2O.AG.MT.CE.AR5:SEN,1981-12-31,1.1056
WDI:EN.GHG.N2O.AG.MT.CE.AR5:SEN,1982-12-31,1.122
WDI:EN.GHG.N2O.AG.MT.CE.AR5:SEN,1983-12-31,1.082
WDI:EN.GHG.N2O.AG.MT.CE.AR5:SEN,1984-12-31,1.0761
WDI:EN.GHG.N2O.AG.MT.CE.AR5:SEN,1985-12-31,1.1533
WDI:EN.GHG.N2O.AG.MT.CE.AR5:SEN,1986-12-31,1.2677
WDI:EN.GHG.N2O.AG.MT.CE.AR5:SEN,1987-12-31,1.3355
WDI:EN.GHG.N2O.AG.MT.CE.AR5:SEN,1988-12-31,1.3353
WDI:EN.GHG.N2O.AG.MT.CE.AR5:SEN,1989-12-31,1.3716
WDI:EN.GHG.N2O.AG.MT.CE.AR5:SEN,1990-12-31,1.4224
WDI:EN.GHG.N2O.AG.MT.CE.AR5:SEN,1991-12-31,1.4901
WDI:EN.GHG.N2O.AG.MT.CE.AR5:SEN,1992-12-31,1.5239
WDI:EN.GHG.N2O.AG.MT.CE.AR5:SEN,1993-12-31,1.613
WDI:EN.GHG.N2O.AG.MT.CE.AR5:SEN,1994-12-31,1.6538
WDI:EN.GHG.N2O.AG.MT.CE.AR5:SEN,1995-12-31,1.6459
WDI:EN.GHG.N2O.AG.MT.CE.AR5:SEN,1996-12-31,1.7121
WDI:EN.GHG.N2O.AG.MT.CE.AR5:SEN,1997-12-31,1.7567
WDI:EN.GHG.N2O.AG.MT.CE.AR5:SEN,1998-12-31,1.7968
WDI:EN.GHG.N2O.AG.MT.CE.AR5:SEN,1999-12-31,1.8772
WDI:EN.GHG.N2O.AG.MT.CE.AR5:SEN,2000-12-31,1.9341
WDI:EN.GHG.N2O.AG.MT.CE.AR5:SEN,2001-12-31,1.9831
WDI:EN.GHG.N2O.AG.MT.CE.AR5:SEN,2002-12-31,1.9606
WDI:EN.GHG.N2O.AG.MT.CE.AR5:SEN,2003-12-31,1.9424
WDI:EN.GHG.N2O.AG.MT.CE.AR5:SEN,2004-12-31,1.9599
WDI:EN.GHG.N2O.AG.MT.CE.AR5:SEN,2005-12-31,2.0038
WDI:EN.GHG.N2O.AG.MT.CE.AR5:SEN,2006-12-31,2.035
WDI:EN.GHG.N2O.AG.MT.CE.AR5:SEN,2007-12-31,2.0708
WDI:EN.GHG.N2O.AG.MT.CE.AR5:SEN,2008-12-31,2.1199
WDI:EN.GHG.N2O.AG.MT.CE.AR5:SEN,2009-12-31,2.1656
WDI:EN.GHG.N2O.AG.MT.CE.AR5:SEN,2010-12-31,2.3241
WDI:EN.GHG.N2O.AG.MT.CE.AR5:SEN,2011-12-31,2.3706
WDI:EN.GHG.N2O.AG.MT.CE.AR5:SEN,2012-12-31,2.4253
WDI:EN.GHG.N2O.AG.MT.CE.AR5:SEN,2013-12-31,2.4676
WDI:EN.GHG.N2O.AG.MT.CE.AR5:SEN,2014-12-31,2.4456
WDI:EN.GHG.N2O.AG.MT.CE.AR5:SEN,2015-12-31,2.5274
WDI:EN.GHG.N2O.AG.MT.CE.AR5:SEN,2016-12-31,2.6033
WDI:EN.GHG.N2O.AG.MT.CE.AR5:SEN,2017-12-31,2.6703
WDI:EN.GHG.N2O.AG.MT.CE.AR5:SEN,2018-12-31,2.715
WDI:EN.GHG.N2O.AG.MT.CE.AR5:SEN,2019-12-31,2.7261
WDI:EN.GHG.N2O.AG.MT.CE.AR5:SEN,2020-12-31,2.8807
WDI:EN.GHG.N2O.AG.MT.CE.AR5:SEN,2021-12-31,2.7202
WDI:EN.GHG.N2O.AG.MT.CE.AR5:SEN,2022-12-31,2.927
WDI:EN.GHG.N2O.AG.MT.CE.AR5:SEN,2023-12-31,2.9545
WDI:EN.GHG.N2O.AG.MT.CE.AR5:SEN,2024-12-31,2.9939
WDI:EN.GHG.N2O.AG.MT.CE.AR5:SGP,1970-12-31,0.0533
WDI:EN.GHG.N2O.AG.MT.CE.AR5:SGP,1971-12-31,0.0554
WDI:EN.GHG.N2O.AG.MT.CE.AR5:SGP,1972-12-31,0.0554
WDI:EN.GHG.N2O.AG.MT.CE.AR5:SGP,1973-12-31,0.0627
WDI:EN.GHG.N2O.AG.MT.CE.AR5:SGP,1974-12-31,0.0596
WDI:EN.GHG.N2O.AG.MT.CE.AR5:SGP,1975-12-31,0.0554
WDI:EN.GHG.N2O.AG.MT.CE.AR5:SGP,1976-12-31,0.0569
WDI:EN.GHG.N2O.AG.MT.CE.AR5:SGP,1977-12-31,0.0642
WDI:EN.GHG.N2O.AG.MT.CE.AR5:SGP,1978-12-31,0.0618
WDI:EN.GHG.N2O.AG.MT.CE.AR5:SGP,1979-12-31,0.0636
WDI:EN.GHG.N2O.AG.MT.CE.AR5:SGP,1980-12-31,0.0586
WDI:EN.GHG.N2O.AG.MT.CE.AR5:SGP,1981-12-31,0.0535
WDI:EN.GHG.N2O.AG.MT.CE.AR5:SGP,1982-12-31,0.0463
WDI:EN.GHG.N2O.AG.MT.CE.AR5:SGP,1983-12-31,0.0473
WDI:EN.GHG.N2O.AG.MT.CE.AR5:SGP,1984-12-31,0.0468
WDI:EN.GHG.N2O.AG.MT.CE.AR5:SGP,1985-12-31,0.0413
WDI:EN.GHG.N2O.AG.MT.CE.AR5:SGP,1986-12-31,0.0346
WDI:EN.GHG.N2O.AG.MT.CE.AR5:SGP,1987-12-31,0.0308
WDI:EN.GHG.N2O.AG.MT.CE.AR5:SGP,1988-12-31,0.0221
WDI:EN.GHG.N2O.AG.MT.CE.AR5:SGP,1989-12-31,0.0233
WDI:EN.GHG.N2O.AG.MT.CE.AR5:SGP,1990-12-31,0.0207
WDI:EN.GHG.N2O.AG.MT.CE.AR5:SGP,1991-12-31,0.0049
WDI:EN.GHG.N2O.AG.MT.CE.AR5:SGP,1992-12-31,0.0044
WDI:EN.GHG.N2O.AG.MT.CE.AR5:SGP,1993-12-31,0.0044
WDI:EN.GHG.N2O.AG.MT.CE.AR5:SGP,1994-12-31,0.0047
WDI:EN.GHG.N2O.AG.MT.CE.AR5:SGP,1995-12-31,0.0051
WDI:EN.GHG.N2O.AG.MT.CE.AR5:SGP,1996-12-31,0.006
WDI:EN.GHG.N2O.AG.MT.CE.AR5:SGP,1997-12-31,0.005
WDI:EN.GHG.N2O.AG.MT.CE.AR5:SGP,1998-12-31,0.0048
WDI:EN.GHG.N2O.AG.MT.CE.AR5:SGP,1999-12-31,0.0048
WDI:EN.GHG.N2O.AG.MT.CE.AR5:SGP,2000-12-31,0.0048
WDI:EN.GHG.N2O.AG.MT.CE.AR5:SGP,2001-12-31,0.0051
WDI:EN.GHG.N2O.AG.MT.CE.AR5:SGP,2002-12-31,0.0063
WDI:EN.GHG.N2O.AG.MT.CE.AR5:SGP,2003-12-31,0.0067
WDI:EN.GHG.N2O.AG.MT.CE.AR5:SGP,2004-12-31,0.0065
WDI:EN.GHG.N2O.AG.MT.CE.AR5:SGP,2005-12-31,0.0064
WDI:EN.GHG.N2O.AG.MT.CE.AR5:SGP,2006-12-31,0.0064
WDI:EN.GHG.N2O.AG.MT.CE.AR5:SGP,2007-12-31,0.007
WDI:EN.GHG.N2O.AG.MT.CE.AR5:SGP,2008-12-31,0.007
WDI:EN.GHG.N2O.AG.MT.CE.AR5:SGP,2009-12-31,0.0074
WDI:EN.GHG.N2O.AG.MT.CE.AR5:SGP,2010-12-31,0.0076
WDI:EN.GHG.N2O.AG.MT.CE.AR5:SGP,2011-12-31,0.0075
WDI:EN.GHG.N2O.AG.MT.CE.AR5:SGP,2012-12-31,0.0079
WDI:EN.GHG.N2O.AG.MT.CE.AR5:SGP,2013-12-31,0.0079
WDI:EN.GHG.N2O.AG.MT.CE.AR5:SGP,2014-12-31,0.0079
WDI:EN.GHG.N2O.AG.MT.CE.AR5:SGP,2015-12-31,0.0079
WDI:EN.GHG.N2O.AG.MT.CE.AR5:SGP,2016-12-31,0.0081
WDI:EN.GHG.N2O.AG.MT.CE.AR5:SGP,2017-12-31,0.0084
WDI:EN.GHG.N2O.AG.MT.CE.AR5:SGP,2018-12-31,0.0085
WDI:EN.GHG.N2O.AG.MT.CE.AR5:SGP,2019-12-31,0.0088
WDI:EN.GHG.N2O.AG.MT.CE.AR5:SGP,2020-12-31,0.0088
WDI:EN.GHG.N2O.AG.MT.CE.AR5:SGP,2021-12-31,0.0093
WDI:EN.GHG.N2O.AG.MT.CE.AR5:SGP,2022-12-31,0.0061
WDI:EN.GHG.N2O.AG.MT.CE.AR5:SGP,2023-12-31,0.0061
WDI:EN.GHG.N2O.AG.MT.CE.AR5:SGP,2024-12-31,0.0057
WDI:EN.GHG.N2O.AG.MT.CE.AR5:SLB,1970-12-31,0.0091
WDI:EN.GHG.N2O.AG.MT.CE.AR5:SLB,1971-12-31,0.0101
WDI:EN.GHG.N2O.AG.MT.CE.AR5:SLB,1972-12-31,0.0111
WDI:EN.GHG.N2O.AG.MT.CE.AR5:SLB,1973-12-31,0.012
WDI:EN.GHG.N2O.AG.MT.CE.AR5:SLB,1974-12-31,0.014
WDI:EN.GHG.N2O.AG.MT.CE.AR5:SLB,1975-12-31,0.0147
WDI:EN.GHG.N2O.AG.MT.CE.AR5:SLB,1976-12-31,0.0157
WDI:EN.GHG.N2O.AG.MT.CE.AR5:SLB,1977-12-31,0.0162
WDI:EN.GHG.N2O.AG.MT.CE.AR5:SLB,1978-12-31,0.0166
WDI:EN.GHG.N2O.AG.MT.CE.AR5:SLB,1979-12-31,0.0156
WDI:EN.GHG.N2O.AG.MT.CE.AR5:SLB,1980-12-31,0.0161
WDI:EN.GHG.N2O.AG.MT.CE.AR5:SLB,1981-12-31,0.0163
WDI:EN.GHG.N2O.AG.MT.CE.AR5:SLB,1982-12-31,0.0164
WDI:EN.GHG.N2O.AG.MT.CE.AR5:SLB,1983-12-31,0.0161
WDI:EN.GHG.N2O.AG.MT.CE.AR5:SLB,1984-12-31,0.0159
WDI:EN.GHG.N2O.AG.MT.CE.AR5:SLB,1985-12-31,0.016
WDI:EN.GHG.N2O.AG.MT.CE.AR5:SLB,1986-12-31,0.0147
WDI:EN.GHG.N2O.AG.MT.CE.AR5:SLB,1987-12-31,0.0117
WDI:EN.GHG.N2O.AG.MT.CE.AR5:SLB,1988-12-31,0.0113
WDI:EN.GHG.N2O.AG.MT.CE.AR5:SLB,1989-12-31,0.0114
WDI:EN.GHG.N2O.AG.MT.CE.AR5:SLB,1990-12-31,0.0116
WDI:EN.GHG.N2O.AG.MT.CE.AR5:SLB,1991-12-31,0.0117
WDI:EN.GHG.N2O.AG.MT.CE.AR5:SLB,1992-12-31,0.0118
WDI:EN.GHG.N2O.AG.MT.CE.AR5:SLB,1993-12-31,0.0118
WDI:EN.GHG.N2O.AG.MT.CE.AR5:SLB,1994-12-31,0.0118
WDI:EN.GHG.N2O.AG.MT.CE.AR5:SLB,1995-12-31,0.0121
WDI:EN.GHG.N2O.AG.MT.CE.AR5:SLB,1996-12-31,0.0121
WDI:EN.GHG.N2O.AG.MT.CE.AR5:SLB,1997-12-31,0.0122
WDI:EN.GHG.N2O.AG.MT.CE.AR5:SLB,1998-12-31,0.0122
WDI:EN.GHG.N2O.AG.MT.CE.AR5:SLB,1999-12-31,0.0122
WDI:EN.GHG.N2O.AG.MT.CE.AR5:SLB,2000-12-31,0.0124
WDI:EN.GHG.N2O.AG.MT.CE.AR5:SLB,2001-12-31,0.0125
WDI:EN.GHG.N2O.AG.MT.CE.AR5:SLB,2002-12-31,0.0126
WDI:EN.GHG.N2O.AG.MT.CE.AR5:SLB,2003-12-31,0.0127
WDI:EN.GHG.N2O.AG.MT.CE.AR5:SLB,2004-12-31,0.0131
WDI:EN.GHG.N2O.AG.MT.CE.AR5:SLB,2005-12-31,0.0132
WDI:EN.GHG.N2O.AG.MT.CE.AR5:SLB,2006-12-31,0.0134
WDI:EN.GHG.N2O.AG.MT.CE.AR5:SLB,2007-12-31,0.0138
WDI:EN.GHG.N2O.AG.MT.CE.AR5:SLB,2008-12-31,0.0139
WDI:EN.GHG.N2O.AG.MT.CE.AR5:SLB,2009-12-31,0.0139
WDI:EN.GHG.N2O.AG.MT.CE.AR5:SLB,2010-12-31,0.0139
WDI:EN.GHG.N2O.AG.MT.CE.AR5:SLB,2011-12-31,0.0139
WDI:EN.GHG.N2O.AG.MT.CE.AR5:SLB,2012-12-31,0.0142
WDI:EN.GHG.N2O.AG.MT.CE.AR5:SLB,2013-12-31,0.0144
WDI:EN.GHG.N2O.AG.MT.CE.AR5:SLB,2014-12-31,0.0145
WDI:EN.GHG.N2O.AG.MT.CE.AR5:SLB,2015-12-31,0.0145
WDI:EN.GHG.N2O.AG.MT.CE.AR5:SLB,2016-12-31,0.0145
WDI:EN.GHG.N2O.AG.MT.CE.AR5:SLB,2017-12-31,0.0146
WDI:EN.GHG.N2O.AG.MT.CE.AR5:SLB,2018-12-31,0.0146
WDI:EN.GHG.N2O.AG.MT.CE.AR5:SLB,2019-12-31,0.0147
WDI:EN.GHG.N2O.AG.MT.CE.AR5:SLB,2020-12-31,0.0147
WDI:EN.GHG.N2O.AG.MT.CE.AR5:SLB,2021-12-31,0.0147
WDI:EN.GHG.N2O.AG.MT.CE.AR5:SLB,2022-12-31,0.0147
WDI:EN.GHG.N2O.AG.MT.CE.AR5:SLB,2023-12-31,0.0148
WDI:EN.GHG.N2O.AG.MT.CE.AR5:SLB,2024-12-31,0.0149
WDI:EN.GHG.N2O.AG.MT.CE.AR5:SLE,1970-12-31,0.138
WDI:EN.GHG.N2O.AG.MT.CE.AR5:SLE,1971-12-31,0.1405
WDI:EN.GHG.N2O.AG.MT.CE.AR5:SLE,1972-12-31,0.1429
WDI:EN.GHG.N2O.AG.MT.CE.AR5:SLE,1973-12-31,0.1451
WDI:EN.GHG.N2O.AG.MT.CE.AR5:SLE,1974-12-31,0.1483
WDI:EN.GHG.N2O.AG.MT.CE.AR5:SLE,1975-12-31,0.1523
WDI:EN.GHG.N2O.AG.MT.CE.AR5:SLE,1976-12-31,0.1561
WDI:EN.GHG.N2O.AG.MT.CE.AR5:SLE,1977-12-31,0.1595
WDI:EN.GHG.N2O.AG.MT.CE.AR5:SLE,1978-12-31,0.1636
WDI:EN.GHG.N2O.AG.MT.CE.AR5:SLE,1979-12-31,0.1646
WDI:EN.GHG.N2O.AG.MT.CE.AR5:SLE,1980-12-31,0.169
WDI:EN.GHG.N2O.AG.MT.CE.AR5:SLE,1981-12-31,0.1741
WDI:EN.GHG.N2O.AG.MT.CE.AR5:SLE,1982-12-31,0.1806
WDI:EN.GHG.N2O.AG.MT.CE.AR5:SLE,1983-12-31,0.1727
WDI:EN.GHG.N2O.AG.MT.CE.AR5:SLE,1984-12-31,0.1639
WDI:EN.GHG.N2O.AG.MT.CE.AR5:SLE,1985-12-31,0.1647
WDI:EN.GHG.N2O.AG.MT.CE.AR5:SLE,1986-12-31,0.1658
WDI:EN.GHG.N2O.AG.MT.CE.AR5:SLE,1987-12-31,0.1672
WDI:EN.GHG.N2O.AG.MT.CE.AR5:SLE,1988-12-31,0.1686
WDI:EN.GHG.N2O.AG.MT.CE.AR5:SLE,1989-12-31,0.1696
WDI:EN.GHG.N2O.AG.MT.CE.AR5:SLE,1990-12-31,0.2161
WDI:EN.GHG.N2O.AG.MT.CE.AR5:SLE,1991-12-31,0.2157
WDI:EN.GHG.N2O.AG.MT.CE.AR5:SLE,1992-12-31,0.2246
WDI:EN.GHG.N2O.AG.MT.CE.AR5:SLE,1993-12-31,0.235
WDI:EN.GHG.N2O.AG.MT.CE.AR5:SLE,1994-12-31,0.2463
WDI:EN.GHG.N2O.AG.MT.CE.AR5:SLE,1995-12-31,0.2416
WDI:EN.GHG.N2O.AG.MT.CE.AR5:SLE,1996-12-31,0.2249
WDI:EN.GHG.N2O.AG.MT.CE.AR5:SLE,1997-12-31,0.2112
WDI:EN.GHG.N2O.AG.MT.CE.AR5:SLE,1998-12-31,0.2129
WDI:EN.GHG.N2O.AG.MT.CE.AR5:SLE,1999-12-31,0.1913
WDI:EN.GHG.N2O.AG.MT.CE.AR5:SLE,2000-12-31,0.1873
WDI:EN.GHG.N2O.AG.MT.CE.AR5:SLE,2001-12-31,0.1645
WDI:EN.GHG.N2O.AG.MT.CE.AR5:SLE,2002-12-31,0.1758
WDI:EN.GHG.N2O.AG.MT.CE.AR5:SLE,2003-12-31,0.1987
WDI:EN.GHG.N2O.AG.MT.CE.AR5:SLE,2004-12-31,0.2218
WDI:EN.GHG.N2O.AG.MT.CE.AR5:SLE,2005-12-31,0.2471
WDI:EN.GHG.N2O.AG.MT.CE.AR5:SLE,2006-12-31,0.2996
WDI:EN.GHG.N2O.AG.MT.CE.AR5:SLE,2007-12-31,0.2876
WDI:EN.GHG.N2O.AG.MT.CE.AR5:SLE,2008-12-31,0.325
WDI:EN.GHG.N2O.AG.MT.CE.AR5:SLE,2009-12-31,0.3818
WDI:EN.GHG.N2O.AG.MT.CE.AR5:SLE,2010-12-31,0.4136
WDI:EN.GHG.N2O.AG.MT.CE.AR5:SLE,2011-12-31,0.4463
WDI:EN.GHG.N2O.AG.MT.CE.AR5:SLE,2012-12-31,0.4665
WDI:EN.GHG.N2O.AG.MT.CE.AR5:SLE,2013-12-31,0.493
WDI:EN.GHG.N2O.AG.MT.CE.AR5:SLE,2014-12-31,0.5026
WDI:EN.GHG.N2O.AG.MT.CE.AR5:SLE,2015-12-31,0.4776
WDI:EN.GHG.N2O.AG.MT.CE.AR5:SLE,2016-12-31,0.4602
WDI:EN.GHG.N2O.AG.MT.CE.AR5:SLE,2017-12-31,0.469
WDI:EN.GHG.N2O.AG.MT.CE.AR5:SLE,2018-12-31,0.5004
WDI:EN.GHG.N2O.AG.MT.CE.AR5:SLE,2019-12-31,0.4877
WDI:EN.GHG.N2O.AG.MT.CE.AR5:SLE,2020-12-31,0.5071
WDI:EN.GHG.N2O.AG.MT.CE.AR5:SLE,2021-12-31,0.5645
WDI:EN.GHG.N2O.AG.MT.CE.AR5:SLE,2022-12-31,0.5216
WDI:EN.GHG.N2O.AG.MT.CE.AR5:SLE,2023-12-31,0.5437
WDI:EN.GHG.N2O.AG.MT.CE.AR5:SLE,2024-12-31,0.5587
WDI:EN.GHG.N2O.AG.MT.CE.AR5:SLV,1970-12-31,0.8486
WDI:EN.GHG.N2O.AG.MT.CE.AR5:SLV,1971-12-31,0.815
WDI:EN.GHG.N2O.AG.MT.CE.AR5:SLV,1972-12-31,0.8295
WDI:EN.GHG.N2O.AG.MT.CE.AR5:SLV,1973-12-31,0.8007
WDI:EN.GHG.N2O.AG.MT.CE.AR5:SLV,1974-12-31,0.7859
WDI:EN.GHG.N2O.AG.MT.CE.AR5:SLV,1975-12-31,0.7958
WDI:EN.GHG.N2O.AG.MT.CE.AR5:SLV,1976-12-31,0.8841
WDI:EN.GHG.N2O.AG.MT.CE.AR5:SLV,1977-12-31,0.9524
WDI:EN.GHG.N2O.AG.MT.CE.AR5:SLV,1978-12-31,1.0161
WDI:EN.GHG.N2O.AG.MT.CE.AR5:SLV,1979-12-31,0.8617
WDI:EN.GHG.N2O.AG.MT.CE.AR5:SLV,1980-12-31,0.7743
WDI:EN.GHG.N2O.AG.MT.CE.AR5:SLV,1981-12-31,0.8279
WDI:EN.GHG.N2O.AG.MT.CE.AR5:SLV,1982-12-31,0.664
WDI:EN.GHG.N2O.AG.MT.CE.AR5:SLV,1983-12-31,0.7317
WDI:EN.GHG.N2O.AG.MT.CE.AR5:SLV,1984-12-31,0.6351
WDI:EN.GHG.N2O.AG.MT.CE.AR5:SLV,1985-12-31,0.7705
WDI:EN.GHG.N2O.AG.MT.CE.AR5:SLV,1986-12-31,0.729
WDI:EN.GHG.N2O.AG.MT.CE.AR5:SLV,1987-12-31,0.8332
WDI:EN.GHG.N2O.AG.MT.CE.AR5:SLV,1988-12-31,0.8628
WDI:EN.GHG.N2O.AG.MT.CE.AR5:SLV,1989-12-31,0.8029
WDI:EN.GHG.N2O.AG.MT.CE.AR5:SLV,1990-12-31,0.8118
WDI:EN.GHG.N2O.AG.MT.CE.AR5:SLV,1991-12-31,0.8332
WDI:EN.GHG.N2O.AG.MT.CE.AR5:SLV,1992-12-31,0.8412
WDI:EN.GHG.N2O.AG.MT.CE.AR5:SLV,1993-12-31,0.8236
WDI:EN.GHG.N2O.AG.MT.CE.AR5:SLV,1994-12-31,0.7832
WDI:EN.GHG.N2O.AG.MT.CE.AR5:SLV,1995-12-31,0.7074
WDI:EN.GHG.N2O.AG.MT.CE.AR5:SLV,1996-12-31,0.8709
WDI:EN.GHG.N2O.AG.MT.CE.AR5:SLV,1997-12-31,0.901
WDI:EN.GHG.N2O.AG.MT.CE.AR5:SLV,1998-12-31,0.7862
WDI:EN.GHG.N2O.AG.MT.CE.AR5:SLV,1999-12-31,0.8256
WDI:EN.GHG.N2O.AG.MT.CE.AR5:SLV,2000-12-31,0.7724
WDI:EN.GHG.N2O.AG.MT.CE.AR5:SLV,2001-12-31,0.8111
WDI:EN.GHG.N2O.AG.MT.CE.AR5:SLV,2002-12-31,0.7887
WDI:EN.GHG.N2O.AG.MT.CE.AR5:SLV,2003-12-31,0.7422
WDI:EN.GHG.N2O.AG.MT.CE.AR5:SLV,2004-12-31,0.8139
WDI:EN.GHG.N2O.AG.MT.CE.AR5:SLV,2005-12-31,0.8223
WDI:EN.GHG.N2O.AG.MT.CE.AR5:SLV,2006-12-31,0.8282
WDI:EN.GHG.N2O.AG.MT.CE.AR5:SLV,2007-12-31,0.8247
WDI:EN.GHG.N2O.AG.MT.CE.AR5:SLV,2008-12-31,0.9038
WDI:EN.GHG.N2O.AG.MT.CE.AR5:SLV,2009-12-31,0.8705
WDI:EN.GHG.N2O.AG.MT.CE.AR5:SLV,2010-12-31,0.8463
WDI:EN.GHG.N2O.AG.MT.CE.AR5:SLV,2011-12-31,0.7435
WDI:EN.GHG.N2O.AG.MT.CE.AR5:SLV,2012-12-31,0.8309
WDI:EN.GHG.N2O.AG.MT.CE.AR5:SLV,2013-12-31,0.7357
WDI:EN.GHG.N2O.AG.MT.CE.AR5:SLV,2014-12-31,0.7573
WDI:EN.GHG.N2O.AG.MT.CE.AR5:SLV,2015-12-31,0.7833
WDI:EN.GHG.N2O.AG.MT.CE.AR5:SLV,2016-12-31,0.7696
WDI:EN.GHG.N2O.AG.MT.CE.AR5:SLV,2017-12-31,0.8198
WDI:EN.GHG.N2O.AG.MT.CE.AR5:SLV,2018-12-31,0.7638
WDI:EN.GHG.N2O.AG.MT.CE.AR5:SLV,2019-12-31,0.7345
WDI:EN.GHG.N2O.AG.MT.CE.AR5:SLV,2020-12-31,0.8731
WDI:EN.GHG.N2O.AG.MT.CE.AR5:SLV,2021-12-31,0.7531
WDI:EN.GHG.N2O.AG.MT.CE.AR5:SLV,2022-12-31,0.7275
WDI:EN.GHG.N2O.AG.MT.CE.AR5:SLV,2023-12-31,0.7104
WDI:EN.GHG.N2O.AG.MT.CE.AR5:SLV,2024-12-31,0.7014
WDI:EN.GHG.N2O.AG.MT.CE.AR5:SOM,1970-12-31,3.5237
WDI:EN.GHG.N2O.AG.MT.CE.AR5:SOM,1971-12-31,3.44
WDI:EN.GHG.N2O.AG.MT.CE.AR5:SOM,1972-12-31,3.5244
WDI:EN.GHG.N2O.AG.MT.CE.AR5:SOM,1973-12-31,3.4712
WDI:EN.GHG.N2O.AG.MT.CE.AR5:SOM,1974-12-31,3.2859
WDI:EN.GHG.N2O.AG.MT.CE.AR5:SOM,1975-12-31,3.6009
WDI:EN.GHG.N2O.AG.MT.CE.AR5:SOM,1976-12-31,3.5367
WDI:EN.GHG.N2O.AG.MT.CE.AR5:SOM,1977-12-31,3.8417
WDI:EN.GHG.N2O.AG.MT.CE.AR5:SOM,1978-12-31,4.1909
WDI:EN.GHG.N2O.AG.MT.CE.AR5:SOM,1979-12-31,4.1383
WDI:EN.GHG.N2O.AG.MT.CE.AR5:SOM,1980-12-31,4.0949
WDI:EN.GHG.N2O.AG.MT.CE.AR5:SOM,1981-12-31,4.2549
WDI:EN.GHG.N2O.AG.MT.CE.AR5:SOM,1982-12-31,4.3888
WDI:EN.GHG.N2O.AG.MT.CE.AR5:SOM,1983-12-31,4.2257
WDI:EN.GHG.N2O.AG.MT.CE.AR5:SOM,1984-12-31,4.3154
WDI:EN.GHG.N2O.AG.MT.CE.AR5:SOM,1985-12-31,4.478
WDI:EN.GHG.N2O.AG.MT.CE.AR5:SOM,1986-12-31,4.5398
WDI:EN.GHG.N2O.AG.MT.CE.AR5:SOM,1987-12-31,4.7095
WDI:EN.GHG.N2O.AG.MT.CE.AR5:SOM,1988-12-31,4.9748
WDI:EN.GHG.N2O.AG.MT.CE.AR5:SOM,1989-12-31,4.925
WDI:EN.GHG.N2O.AG.MT.CE.AR5:SOM,1990-12-31,4.3838
WDI:EN.GHG.N2O.AG.MT.CE.AR5:SOM,1991-12-31,3.7306
WDI:EN.GHG.N2O.AG.MT.CE.AR5:SOM,1992-12-31,3.27
WDI:EN.GHG.N2O.AG.MT.CE.AR5:SOM,1993-12-31,3.816
WDI:EN.GHG.N2O.AG.MT.CE.AR5:SOM,1994-12-31,4.2811
WDI:EN.GHG.N2O.AG.MT.CE.AR5:SOM,1995-12-31,4.4304
WDI:EN.GHG.N2O.AG.MT.CE.AR5:SOM,1996-12-31,4.5426
WDI:EN.GHG.N2O.AG.MT.CE.AR5:SOM,1997-12-31,4.6344
WDI:EN.GHG.N2O.AG.MT.CE.AR5:SOM,1998-12-31,4.5178
WDI:EN.GHG.N2O.AG.MT.CE.AR5:SOM,1999-12-31,4.4657
WDI:EN.GHG.N2O.AG.MT.CE.AR5:SOM,2000-12-31,4.541
WDI:EN.GHG.N2O.AG.MT.CE.AR5:SOM,2001-12-31,4.6677
WDI:EN.GHG.N2O.AG.MT.CE.AR5:SOM,2002-12-31,4.7038
WDI:EN.GHG.N2O.AG.MT.CE.AR5:SOM,2003-12-31,4.6894
WDI:EN.GHG.N2O.AG.MT.CE.AR5:SOM,2004-12-31,4.7668
WDI:EN.GHG.N2O.AG.MT.CE.AR5:SOM,2005-12-31,4.8659
WDI:EN.GHG.N2O.AG.MT.CE.AR5:SOM,2006-12-31,4.5649
WDI:EN.GHG.N2O.AG.MT.CE.AR5:SOM,2007-12-31,4.2508
WDI:EN.GHG.N2O.AG.MT.CE.AR5:SOM,2008-12-31,4.2419
WDI:EN.GHG.N2O.AG.MT.CE.AR5:SOM,2009-12-31,4.2349
WDI:EN.GHG.N2O.AG.MT.CE.AR5:SOM,2010-12-31,4.2628
WDI:EN.GHG.N2O.AG.MT.CE.AR5:SOM,2011-12-31,4.2934
WDI:EN.GHG.N2O.AG.MT.CE.AR5:SOM,2012-12-31,4.3231
WDI:EN.GHG.N2O.AG.MT.CE.AR5:SOM,2013-12-31,4.3274
WDI:EN.GHG.N2O.AG.MT.CE.AR5:SOM,2014-12-31,4.3498
WDI:EN.GHG.N2O.AG.MT.CE.AR5:SOM,2015-12-31,4.3383
WDI:EN.GHG.N2O.AG.MT.CE.AR5:SOM,2016-12-31,4.3139
WDI:EN.GHG.N2O.AG.MT.CE.AR5:SOM,2017-12-31,4.2639
WDI:EN.GHG.N2O.AG.MT.CE.AR5:SOM,2018-12-31,4.2788
WDI:EN.GHG.N2O.AG.MT.CE.AR5:SOM,2019-12-31,4.2615
WDI:EN.GHG.N2O.AG.MT.CE.AR5:SOM,2020-12-31,4.2762
WDI:EN.GHG.N2O.AG.MT.CE.AR5:SOM,2021-12-31,4.2013
WDI:EN.GHG.N2O.AG.MT.CE.AR5:SOM,2022-12-31,4.1394
WDI:EN.GHG.N2O.AG.MT.CE.AR5:SOM,2023-12-31,4.1728
WDI:EN.GHG.N2O.AG.MT.CE.AR5:SOM,2024-12-31,4.1537
WDI:EN.GHG.N2O.AG.MT.CE.AR5:SSA,1970-12-31,67.6021
WDI:EN.GHG.N2O.AG.MT.CE.AR5:SSA,1971-12-31,68.35819999999998
WDI:EN.GHG.N2O.AG.MT.CE.AR5:SSA,1972-12-31,69.1095
WDI:EN.GHG.N2O.AG.MT.CE.AR5:SSA,1973-12-31,68.84290000000001
WDI:EN.GHG.N2O.AG.MT.CE.AR5:SSA,1974-12-31,69.55809999999998
WDI:EN.GHG.N2O.AG.MT.CE.AR5:SSA,1975-12-31,72.1107
WDI:EN.GHG.N2O.AG.MT.CE.AR5:SSA,1976-12-31,73.61300000000001
WDI:EN.GHG.N2O.AG.MT.CE.AR5:SSA,1977-12-31,75.71779999999998
WDI:EN.GHG.N2O.AG.MT.CE.AR5:SSA,1978-12-31,78.21640000000001
WDI:EN.GHG.N2O.AG.MT.CE.AR5:SSA,1979-12-31,80.98339999999999
WDI:EN.GHG.N2O.AG.MT.CE.AR5:SSA,1980-12-31,82.67539999999998
WDI:EN.GHG.N2O.AG.MT.CE.AR5:SSA,1981-12-31,84.66350000000001
WDI:EN.GHG.N2O.AG.MT.CE.AR5:SSA,1982-12-31,86.28000000000002
WDI:EN.GHG.N2O.AG.MT.CE.AR5:SSA,1983-12-31,85.99990000000001
WDI:EN.GHG.N2O.AG.MT.CE.AR5:SSA,1984-12-31,85.086
WDI:EN.GHG.N2O.AG.MT.CE.AR5:SSA,1985-12-31,85.8708
WDI:EN.GHG.N2O.AG.MT.CE.AR5:SSA,1986-12-31,86.18379999999999
WDI:EN.GHG.N2O.AG.MT.CE.AR5:SSA,1987-12-31,86.2495
WDI:EN.GHG.N2O.AG.MT.CE.AR5:SSA,1988-12-31,89.19570000000002
WDI:EN.GHG.N2O.AG.MT.CE.AR5:SSA,1989-12-31,91.0926
WDI:EN.GHG.N2O.AG.MT.CE.AR5:SSA,1990-12-31,92.80930000000002
WDI:EN.GHG.N2O.AG.MT.CE.AR5:SSA,1991-12-31,94.18039999999999
WDI:EN.GHG.N2O.AG.MT.CE.AR5:SSA,1992-12-31,96.09740000000004
WDI:EN.GHG.N2O.AG.MT.CE.AR5:SSA,1993-12-31,98.36420000000004
WDI:EN.GHG.N2O.AG.MT.CE.AR5:SSA,1994-12-31,100.30959999999999
WDI:EN.GHG.N2O.AG.MT.CE.AR5:SSA,1995-12-31,101.99079999999998
WDI:EN.GHG.N2O.AG.MT.CE.AR5:SSA,1996-12-31,104.30579999999999
WDI:EN.GHG.N2O.AG.MT.CE.AR5:SSA,1997-12-31,107.19119999999998
WDI:EN.GHG.N2O.AG.MT.CE.AR5:SSA,1998-12-31,109.68810000000003
WDI:EN.GHG.N2O.AG.MT.CE.AR5:SSA,1999-12-31,114.05080000000001
WDI:EN.GHG.N2O.AG.MT.CE.AR5:SSA,2000-12-31,116.23570000000002
WDI:EN.GHG.N2O.AG.MT.CE.AR5:SSA,2001-12-31,118.37199999999999
WDI:EN.GHG.N2O.AG.MT.CE.AR5:SSA,2002-12-31,119.8186
WDI:EN.GHG.N2O.AG.MT.CE.AR5:SSA,2003-12-31,123.40639999999996
WDI:EN.GHG.N2O.AG.MT.CE.AR5:SSA,2004-12-31,126.11689999999997
WDI:EN.GHG.N2O.AG.MT.CE.AR5:SSA,2005-12-31,129.90140000000002
WDI:EN.GHG.N2O.AG.MT.CE.AR5:SSA,2006-12-31,131.3518
WDI:EN.GHG.N2O.AG.MT.CE.AR5:SSA,2007-12-31,137.5914
WDI:EN.GHG.N2O.AG.MT.CE.AR5:SSA,2008-12-31,142.84560000000002
WDI:EN.GHG.N2O.AG.MT.CE.AR5:SSA,2009-12-31,145.1868
WDI:EN.GHG.N2O.AG.MT.CE.AR5:SSA,2010-12-31,150.01590000000002
WDI:EN.GHG.N2O.AG.MT.CE.AR5:SSA,2011-12-31,153.06129999999996
WDI:EN.GHG.N2O.AG.MT.CE.AR5:SSA,2012-12-31,158.05949999999999
WDI:EN.GHG.N2O.AG.MT.CE.AR5:SSA,2013-12-31,163.2742
WDI:EN.GHG.N2O.AG.MT.CE.AR5:SSA,2014-12-31,165.84939999999997
WDI:EN.GHG.N2O.AG.MT.CE.AR5:SSA,2015-12-31,167.75610000000003
WDI:EN.GHG.N2O.AG.MT.CE.AR5:SSA,2016-12-31,173.7008
WDI:EN.GHG.N2O.AG.MT.CE.AR5:SSA,2017-12-31,176.90740000000002
WDI:EN.GHG.N2O.AG.MT.CE.AR5:SSA,2018-12-31,180.1361
WDI:EN.GHG.N2O.AG.MT.CE.AR5:SSA,2019-12-31,184.89559999999997
WDI:EN.GHG.N2O.AG.MT.CE.AR5:SSA,2020-12-31,190.07549999999992
WDI:EN.GHG.N2O.AG.MT.CE.AR5:SSA,2021-12-31,194.87300000000002
WDI:EN.GHG.N2O.AG.MT.CE.AR5:SSA,2022-12-31,197.85830000000004
WDI:EN.GHG.N2O.AG.MT.CE.AR5:SSA,2023-12-31,237.0521
WDI:EN.GHG.N2O.AG.MT.CE.AR5:SSA,2024-12-31,242.6414
WDI:EN.GHG.N2O.AG.MT.CE.AR5:SSF,1970-12-31,79.64989999999997
WDI:EN.GHG.N2O.AG.MT.CE.AR5:SSF,1971-12-31,80.55870000000002
WDI:EN.GHG.N2O.AG.MT.CE.AR5:SSF,1972-12-31,81.211
WDI:EN.GHG.N2O.AG.MT.CE.AR5:SSF,1973-12-31,80.97200000000001
WDI:EN.GHG.N2O.AG.MT.CE.AR5:SSF,1974-12-31,81.61979999999998
WDI:EN.GHG.N2O.AG.MT.CE.AR5:SSF,1975-12-31,83.81830000000001
WDI:EN.GHG.N2O.AG.MT.CE.AR5:SSF,1976-12-31,85.17949999999999
WDI:EN.GHG.N2O.AG.MT.CE.AR5:SSF,1977-12-31,87.34380000000002
WDI:EN.GHG.N2O.AG.MT.CE.AR5:SSF,1978-12-31,89.9121
WDI:EN.GHG.N2O.AG.MT.CE.AR5:SSF,1979-12-31,92.76610000000002
WDI:EN.GHG.N2O.AG.MT.CE.AR5:SSF,1980-12-31,94.393
WDI:EN.GHG.N2O.AG.MT.CE.AR5:SSF,1981-12-31,96.39090000000002
WDI:EN.GHG.N2O.AG.MT.CE.AR5:SSF,1982-12-31,98.01599999999999
WDI:EN.GHG.N2O.AG.MT.CE.AR5:SSF,1983-12-31,98.13360000000002
WDI:EN.GHG.N2O.AG.MT.CE.AR5:SSF,1984-12-31,96.70829999999997
WDI:EN.GHG.N2O.AG.MT.CE.AR5:SSF,1985-12-31,98.0181
WDI:EN.GHG.N2O.AG.MT.CE.AR5:SSF,1986-12-31,99.12219999999999
WDI:EN.GHG.N2O.AG.MT.CE.AR5:SSF,1987-12-31,98.41549999999998
WDI:EN.GHG.N2O.AG.MT.CE.AR5:SSF,1988-12-31,101.4836
WDI:EN.GHG.N2O.AG.MT.CE.AR5:SSF,1989-12-31,104.06299999999999
WDI:EN.GHG.N2O.AG.MT.CE.AR5:SSF,1990-12-31,106.13389999999998
WDI:EN.GHG.N2O.AG.MT.CE.AR5:SSF,1991-12-31,107.54859999999996
WDI:EN.GHG.N2O.AG.MT.CE.AR5:SSF,1992-12-31,109.77240000000002
WDI:EN.GHG.N2O.AG.MT.CE.AR5:SSF,1993-12-31,110.56110000000001
WDI:EN.GHG.N2O.AG.MT.CE.AR5:SSF,1994-12-31,112.67249999999997
WDI:EN.GHG.N2O.AG.MT.CE.AR5:SSF,1995-12-31,114.37030000000001
WDI:EN.GHG.N2O.AG.MT.CE.AR5:SSF,1996-12-31,117.45190000000002
WDI:EN.GHG.N2O.AG.MT.CE.AR5:SSF,1997-12-31,120.70750000000001
WDI:EN.GHG.N2O.AG.MT.CE.AR5:SSF,1998-12-31,124.37830000000001
WDI:EN.GHG.N2O.AG.MT.CE.AR5:SSF,1999-12-31,128.57680000000002
WDI:EN.GHG.N2O.AG.MT.CE.AR5:SSF,2000-12-31,129.91020000000003
WDI:EN.GHG.N2O.AG.MT.CE.AR5:SSF,2001-12-31,133.238
WDI:EN.GHG.N2O.AG.MT.CE.AR5:SSF,2002-12-31,136.3233
WDI:EN.GHG.N2O.AG.MT.CE.AR5:SSF,2003-12-31,139.21020000000001
WDI:EN.GHG.N2O.AG.MT.CE.AR5:SSF,2004-12-31,142.5501
WDI:EN.GHG.N2O.AG.MT.CE.AR5:SSF,2005-12-31,147.0665
WDI:EN.GHG.N2O.AG.MT.CE.AR5:SSF,2006-12-31,149.87199999999996
WDI:EN.GHG.N2O.AG.MT.CE.AR5:SSF,2007-12-31,158.06140000000002
WDI:EN.GHG.N2O.AG.MT.CE.AR5:SSF,2008-12-31,164.31449999999998
WDI:EN.GHG.N2O.AG.MT.CE.AR5:SSF,2009-12-31,167.76629999999997
WDI:EN.GHG.N2O.AG.MT.CE.AR5:SSF,2010-12-31,173.75039999999998
WDI:EN.GHG.N2O.AG.MT.CE.AR5:SSF,2011-12-31,176.44150000000002
WDI:EN.GHG.N2O.AG.MT.CE.AR5:SSF,2012-12-31,182.49179999999998
WDI:EN.GHG.N2O.AG.MT.CE.AR5:SSF,2013-12-31,188.4493
WDI:EN.GHG.N2O.AG.MT.CE.AR5:SSF,2014-12-31,192.148
WDI:EN.GHG.N2O.AG.MT.CE.AR5:SSF,2015-12-31,194.80290000000002
WDI:EN.GHG.N2O.AG.MT.CE.AR5:SSF,2016-12-31,201.47269999999992
WDI:EN.GHG.N2O.AG.MT.CE.AR5:SSF,2017-12-31,205.67090000000005
WDI:EN.GHG.N2O.AG.MT.CE.AR5:SSF,2018-12-31,209.1761
WDI:EN.GHG.N2O.AG.MT.CE.AR5:SSF,2019-12-31,216.44260000000003
WDI:EN.GHG.N2O.AG.MT.CE.AR5:SSF,2020-12-31,223.582
WDI:EN.GHG.N2O.AG.MT.CE.AR5:SSF,2021-12-31,226.05920000000003
WDI:EN.GHG.N2O.AG.MT.CE.AR5:SSF,2022-12-31,230.58630000000002
WDI:EN.GHG.N2O.AG.MT.CE.AR5:SSF,2023-12-31,237.0544
WDI:EN.GHG.N2O.AG.MT.CE.AR5:SSF,2024-12-31,242.6438
WDI:EN.GHG.N2O.AG.MT.CE.AR5:SST,1970-12-31,3.0774
WDI:EN.GHG.N2O.AG.MT.CE.AR5:SST,1971-12-31,3.1176000000000004
WDI:EN.GHG.N2O.AG.MT.CE.AR5:SST,1972-12-31,3.1594000000000007
WDI:EN.GHG.N2O.AG.MT.CE.AR5:SST,1973-12-31,3.1968000000000014
WDI:EN.GHG.N2O.AG.MT.CE.AR5:SST,1974-12-31,3.157
WDI:EN.GHG.N2O.AG.MT.CE.AR5:SST,1975-12-31,3.1858999999999997
WDI:EN.GHG.N2O.AG.MT.CE.AR5:SST,1976-12-31,3.174199999999999
WDI:EN.GHG.N2O.AG.MT.CE.AR5:SST,1977-12-31,3.1979000000000006
WDI:EN.GHG.N2O.AG.MT.CE.AR5:SST,1978-12-31,3.224299999999999
WDI:EN.GHG.N2O.AG.MT.CE.AR5:SST,1979-12-31,3.188100000000001
WDI:EN.GHG.N2O.AG.MT.CE.AR5:SST,1980-12-31,3.1899999999999995
WDI:EN.GHG.N2O.AG.MT.CE.AR5:SST,1981-12-31,3.201200000000002
WDI:EN.GHG.N2O.AG.MT.CE.AR5:SST,1982-12-31,3.3159
WDI:EN.GHG.N2O.AG.MT.CE.AR5:SST,1983-12-31,3.3566000000000003
WDI:EN.GHG.N2O.AG.MT.CE.AR5:SST,1984-12-31,3.3711
WDI:EN.GHG.N2O.AG.MT.CE.AR5:SST,1985-12-31,3.4340999999999995
WDI:EN.GHG.N2O.AG.MT.CE.AR5:SST,1986-12-31,3.4569999999999994
WDI:EN.GHG.N2O.AG.MT.CE.AR5:SST,1987-12-31,3.494799999999999
WDI:EN.GHG.N2O.AG.MT.CE.AR5:SST,1988-12-31,3.4617
WDI:EN.GHG.N2O.AG.MT.CE.AR5:SST,1989-12-31,3.4769
WDI:EN.GHG.N2O.AG.MT.CE.AR5:SST,1990-12-31,3.5375000000000005
WDI:EN.GHG.N2O.AG.MT.CE.AR5:SST,1991-12-31,3.512699999999999
WDI:EN.GHG.N2O.AG.MT.CE.AR5:SST,1992-12-31,3.5438000000000005
WDI:EN.GHG.N2O.AG.MT.CE.AR5:SST,1993-12-31,3.4509000000000003
WDI:EN.GHG.N2O.AG.MT.CE.AR5:SST,1994-12-31,3.386999999999999
WDI:EN.GHG.N2O.AG.MT.CE.AR5:SST,1995-12-31,3.426599999999999
WDI:EN.GHG.N2O.AG.MT.CE.AR5:SST,1996-12-31,3.4545
WDI:EN.GHG.N2O.AG.MT.CE.AR5:SST,1997-12-31,3.4342
WDI:EN.GHG.N2O.AG.MT.CE.AR5:SST,1998-12-31,3.4870000000000014
WDI:EN.GHG.N2O.AG.MT.CE.AR5:SST,1999-12-31,3.5351999999999992
WDI:EN.GHG.N2O.AG.MT.CE.AR5:SST,2000-12-31,3.5492
WDI:EN.GHG.N2O.AG.MT.CE.AR5:SST,2001-12-31,3.538399999999999
WDI:EN.GHG.N2O.AG.MT.CE.AR5:SST,2002-12-31,3.5496
WDI:EN.GHG.N2O.AG.MT.CE.AR5:SST,2003-12-31,3.5499
WDI:EN.GHG.N2O.AG.MT.CE.AR5:SST,2004-12-31,3.6725000000000003
WDI:EN.GHG.N2O.AG.MT.CE.AR5:SST,2005-12-31,3.6695999999999995
WDI:EN.GHG.N2O.AG.MT.CE.AR5:SST,2006-12-31,3.591
WDI:EN.GHG.N2O.AG.MT.CE.AR5:SST,2007-12-31,3.6847000000000008
WDI:EN.GHG.N2O.AG.MT.CE.AR5:SST,2008-12-31,3.7347999999999995
WDI:EN.GHG.N2O.AG.MT.CE.AR5:SST,2009-12-31,3.7588000000000004
WDI:EN.GHG.N2O.AG.MT.CE.AR5:SST,2010-12-31,3.7885999999999993
WDI:EN.GHG.N2O.AG.MT.CE.AR5:SST,2011-12-31,3.8289999999999993
WDI:EN.GHG.N2O.AG.MT.CE.AR5:SST,2012-12-31,3.8807000000000005
WDI:EN.GHG.N2O.AG.MT.CE.AR5:SST,2013-12-31,3.8945000000000007
WDI:EN.GHG.N2O.AG.MT.CE.AR5:SST,2014-12-31,3.822799999999998
WDI:EN.GHG.N2O.AG.MT.CE.AR5:SST,2015-12-31,3.8660999999999994
WDI:EN.GHG.N2O.AG.MT.CE.AR5:SST,2016-12-31,3.7494999999999994
WDI:EN.GHG.N2O.AG.MT.CE.AR5:SST,2017-12-31,3.7948999999999997
WDI:EN.GHG.N2O.AG.MT.CE.AR5:SST,2018-12-31,3.8102
WDI:EN.GHG.N2O.AG.MT.CE.AR5:SST,2019-12-31,3.926400000000001
WDI:EN.GHG.N2O.AG.MT.CE.AR5:SST,2020-12-31,3.9322999999999997
WDI:EN.GHG.N2O.AG.MT.CE.AR5:SST,2021-12-31,3.8257
WDI:EN.GHG.N2O.AG.MT.CE.AR5:SST,2022-12-31,3.8131000000000004
WDI:EN.GHG.N2O.AG.MT.CE.AR5:SST,2023-12-31,3.7841
WDI:EN.GHG.N2O.AG.MT.CE.AR5:SST,2024-12-31,3.7957
WDI:EN.GHG.N2O.AG.MT.CE.AR5:STP,1970-12-31,0.0023
WDI:EN.GHG.N2O.AG.MT.CE.AR5:STP,1971-12-31,0.0022
WDI:EN.GHG.N2O.AG.MT.CE.AR5:STP,1972-12-31,0.002
WDI:EN.GHG.N2O.AG.MT.CE.AR5:STP,1973-12-31,0.0022
WDI:EN.GHG.N2O.AG.MT.CE.AR5:STP,1974-12-31,0.0019
WDI:EN.GHG.N2O.AG.MT.CE.AR5:STP,1975-12-31,0.0023
WDI:EN.GHG.N2O.AG.MT.CE.AR5:STP,1976-12-31,0.0029
WDI:EN.GHG.N2O.AG.MT.CE.AR5:STP,1977-12-31,0.0025
WDI:EN.GHG.N2O.AG.MT.CE.AR5:STP,1978-12-31,0.0023
WDI:EN.GHG.N2O.AG.MT.CE.AR5:STP,1979-12-31,0.0022
WDI:EN.GHG.N2O.AG.MT.CE.AR5:STP,1980-12-31,0.0021
WDI:EN.GHG.N2O.AG.MT.CE.AR5:STP,1981-12-31,0.0023
WDI:EN.GHG.N2O.AG.MT.CE.AR5:STP,1982-12-31,0.0024
WDI:EN.GHG.N2O.AG.MT.CE.AR5:STP,1983-12-31,0.0024
WDI:EN.GHG.N2O.AG.MT.CE.AR5:STP,1984-12-31,0.0024
WDI:EN.GHG.N2O.AG.MT.CE.AR5:STP,1985-12-31,0.0025
WDI:EN.GHG.N2O.AG.MT.CE.AR5:STP,1986-12-31,0.0025
WDI:EN.GHG.N2O.AG.MT.CE.AR5:STP,1987-12-31,0.0026
WDI:EN.GHG.N2O.AG.MT.CE.AR5:STP,1988-12-31,0.0026
WDI:EN.GHG.N2O.AG.MT.CE.AR5:STP,1989-12-31,0.0027
WDI:EN.GHG.N2O.AG.MT.CE.AR5:STP,1990-12-31,0.0028
WDI:EN.GHG.N2O.AG.MT.CE.AR5:STP,1991-12-31,0.0029
WDI:EN.GHG.N2O.AG.MT.CE.AR5:STP,1992-12-31,0.003
WDI:EN.GHG.N2O.AG.MT.CE.AR5:STP,1993-12-31,0.0028
WDI:EN.GHG.N2O.AG.MT.CE.AR5:STP,1994-12-31,0.0029
WDI:EN.GHG.N2O.AG.MT.CE.AR5:STP,1995-12-31,0.0029
WDI:EN.GHG.N2O.AG.MT.CE.AR5:STP,1996-12-31,0.003
WDI:EN.GHG.N2O.AG.MT.CE.AR5:STP,1997-12-31,0.0031
WDI:EN.GHG.N2O.AG.MT.CE.AR5:STP,1998-12-31,0.0031
WDI:EN.GHG.N2O.AG.MT.CE.AR5:STP,1999-12-31,0.0031
WDI:EN.GHG.N2O.AG.MT.CE.AR5:STP,2000-12-31,0.0033
WDI:EN.GHG.N2O.AG.MT.CE.AR5:STP,2001-12-31,0.0037
WDI:EN.GHG.N2O.AG.MT.CE.AR5:STP,2002-12-31,0.0041
WDI:EN.GHG.N2O.AG.MT.CE.AR5:STP,2003-12-31,0.0045
WDI:EN.GHG.N2O.AG.MT.CE.AR5:STP,2004-12-31,0.0045
WDI:EN.GHG.N2O.AG.MT.CE.AR5:STP,2005-12-31,0.0046
WDI:EN.GHG.N2O.AG.MT.CE.AR5:STP,2006-12-31,0.0045
WDI:EN.GHG.N2O.AG.MT.CE.AR5:STP,2007-12-31,0.0049
WDI:EN.GHG.N2O.AG.MT.CE.AR5:STP,2008-12-31,0.0054
WDI:EN.GHG.N2O.AG.MT.CE.AR5:STP,2009-12-31,0.0059
WDI:EN.GHG.N2O.AG.MT.CE.AR5:STP,2010-12-31,0.0058
WDI:EN.GHG.N2O.AG.MT.CE.AR5:STP,2011-12-31,0.0061
WDI:EN.GHG.N2O.AG.MT.CE.AR5:STP,2012-12-31,0.0065
WDI:EN.GHG.N2O.AG.MT.CE.AR5:STP,2013-12-31,0.0071
WDI:EN.GHG.N2O.AG.MT.CE.AR5:STP,2014-12-31,0.0075
WDI:EN.GHG.N2O.AG.MT.CE.AR5:STP,2015-12-31,0.0075
WDI:EN.GHG.N2O.AG.MT.CE.AR5:STP,2016-12-31,0.0076
WDI:EN.GHG.N2O.AG.MT.CE.AR5:STP,2017-12-31,0.0084
WDI:EN.GHG.N2O.AG.MT.CE.AR5:STP,2018-12-31,0.008
WDI:EN.GHG.N2O.AG.MT.CE.AR5:STP,2019-12-31,0.0081
WDI:EN.GHG.N2O.AG.MT.CE.AR5:STP,2020-12-31,0.0082
WDI:EN.GHG.N2O.AG.MT.CE.AR5:STP,2021-12-31,0.0081
WDI:EN.GHG.N2O.AG.MT.CE.AR5:STP,2022-12-31,0.0095
WDI:EN.GHG.N2O.AG.MT.CE.AR5:STP,2023-12-31,0.0094
WDI:EN.GHG.N2O.AG.MT.CE.AR5:STP,2024-12-31,0.0096
WDI:EN.GHG.N2O.AG.MT.CE.AR5:SUR,1970-12-31,0.0388
WDI:EN.GHG.N2O.AG.MT.CE.AR5:SUR,1971-12-31,0.0376
WDI:EN.GHG.N2O.AG.MT.CE.AR5:SUR,1972-12-31,0.0369
WDI:EN.GHG.N2O.AG.MT.CE.AR5:SUR,1973-12-31,0.0379
WDI:EN.GHG.N2O.AG.MT.CE.AR5:SUR,1974-12-31,0.0378
WDI:EN.GHG.N2O.AG.MT.CE.AR5:SUR,1975-12-31,0.0381
WDI:EN.GHG.N2O.AG.MT.CE.AR5:SUR,1976-12-31,0.0382
WDI:EN.GHG.N2O.AG.MT.CE.AR5:SUR,1977-12-31,0.039
WDI:EN.GHG.N2O.AG.MT.CE.AR5:SUR,1978-12-31,0.0424
WDI:EN.GHG.N2O.AG.MT.CE.AR5:SUR,1979-12-31,0.0457
WDI:EN.GHG.N2O.AG.MT.CE.AR5:SUR,1980-12-31,0.0479
WDI:EN.GHG.N2O.AG.MT.CE.AR5:SUR,1981-12-31,0.0504
WDI:EN.GHG.N2O.AG.MT.CE.AR5:SUR,1982-12-31,0.0517
WDI:EN.GHG.N2O.AG.MT.CE.AR5:SUR,1983-12-31,0.0523
WDI:EN.GHG.N2O.AG.MT.CE.AR5:SUR,1984-12-31,0.0545
WDI:EN.GHG.N2O.AG.MT.CE.AR5:SUR,1985-12-31,0.0567
WDI:EN.GHG.N2O.AG.MT.CE.AR5:SUR,1986-12-31,0.0572
WDI:EN.GHG.N2O.AG.MT.CE.AR5:SUR,1987-12-31,0.0602
WDI:EN.GHG.N2O.AG.MT.CE.AR5:SUR,1988-12-31,0.0646
WDI:EN.GHG.N2O.AG.MT.CE.AR5:SUR,1989-12-31,0.0675
WDI:EN.GHG.N2O.AG.MT.CE.AR5:SUR,1990-12-31,0.0717
WDI:EN.GHG.N2O.AG.MT.CE.AR5:SUR,1991-12-31,0.07
WDI:EN.GHG.N2O.AG.MT.CE.AR5:SUR,1992-12-31,0.0706
WDI:EN.GHG.N2O.AG.MT.CE.AR5:SUR,1993-12-31,0.0683
WDI:EN.GHG.N2O.AG.MT.CE.AR5:SUR,1994-12-31,0.0645
WDI:EN.GHG.N2O.AG.MT.CE.AR5:SUR,1995-12-31,0.0652
WDI:EN.GHG.N2O.AG.MT.CE.AR5:SUR,1996-12-31,0.0665
WDI:EN.GHG.N2O.AG.MT.CE.AR5:SUR,1997-12-31,0.0681
WDI:EN.GHG.N2O.AG.MT.CE.AR5:SUR,1998-12-31,0.0687
WDI:EN.GHG.N2O.AG.MT.CE.AR5:SUR,1999-12-31,0.0744
WDI:EN.GHG.N2O.AG.MT.CE.AR5:SUR,2000-12-31,0.0712
WDI:EN.GHG.N2O.AG.MT.CE.AR5:SUR,2001-12-31,0.0685
WDI:EN.GHG.N2O.AG.MT.CE.AR5:SUR,2002-12-31,0.0546
WDI:EN.GHG.N2O.AG.MT.CE.AR5:SUR,2003-12-31,0.055
WDI:EN.GHG.N2O.AG.MT.CE.AR5:SUR,2004-12-31,0.065
WDI:EN.GHG.N2O.AG.MT.CE.AR5:SUR,2005-12-31,0.064
WDI:EN.GHG.N2O.AG.MT.CE.AR5:SUR,2006-12-31,0.065
WDI:EN.GHG.N2O.AG.MT.CE.AR5:SUR,2007-12-31,0.0688
WDI:EN.GHG.N2O.AG.MT.CE.AR5:SUR,2008-12-31,0.066
WDI:EN.GHG.N2O.AG.MT.CE.AR5:SUR,2009-12-31,0.0724
WDI:EN.GHG.N2O.AG.MT.CE.AR5:SUR,2010-12-31,0.0749
WDI:EN.GHG.N2O.AG.MT.CE.AR5:SUR,2011-12-31,0.0736
WDI:EN.GHG.N2O.AG.MT.CE.AR5:SUR,2012-12-31,0.0746
WDI:EN.GHG.N2O.AG.MT.CE.AR5:SUR,2013-12-31,0.0702
WDI:EN.GHG.N2O.AG.MT.CE.AR5:SUR,2014-12-31,0.069
WDI:EN.GHG.N2O.AG.MT.CE.AR5:SUR,2015-12-31,0.0694
WDI:EN.GHG.N2O.AG.MT.CE.AR5:SUR,2016-12-31,0.0693
WDI:EN.GHG.N2O.AG.MT.CE.AR5:SUR,2017-12-31,0.0712
WDI:EN.GHG.N2O.AG.MT.CE.AR5:SUR,2018-12-31,0.0704
WDI:EN.GHG.N2O.AG.MT.CE.AR5:SUR,2019-12-31,0.0708
WDI:EN.GHG.N2O.AG.MT.CE.AR5:SUR,2020-12-31,0.0698
WDI:EN.GHG.N2O.AG.MT.CE.AR5:SUR,2021-12-31,0.0721
WDI:EN.GHG.N2O.AG.MT.CE.AR5:SUR,2022-12-31,0.0704
WDI:EN.GHG.N2O.AG.MT.CE.AR5:SUR,2023-12-31,0.0691
WDI:EN.GHG.N2O.AG.MT.CE.AR5:SUR,2024-12-31,0.0694
WDI:EN.GHG.N2O.AG.MT.CE.AR5:SVK,1970-12-31,1.3901
WDI:EN.GHG.N2O.AG.MT.CE.AR5:SVK,1971-12-31,1.4333
WDI:EN.GHG.N2O.AG.MT.CE.AR5:SVK,1972-12-31,1.4469
WDI:EN.GHG.N2O.AG.MT.CE.AR5:SVK,1973-12-31,1.4741
WDI:EN.GHG.N2O.AG.MT.CE.AR5:SVK,1974-12-31,1.5263
WDI:EN.GHG.N2O.AG.MT.CE.AR5:SVK,1975-12-31,1.5393
WDI:EN.GHG.N2O.AG.MT.CE.AR5:SVK,1976-12-31,1.505
WDI:EN.GHG.N2O.AG.MT.CE.AR5:SVK,1977-12-31,1.6751
WDI:EN.GHG.N2O.AG.MT.CE.AR5:SVK,1978-12-31,1.7564
WDI:EN.GHG.N2O.AG.MT.CE.AR5:SVK,1979-12-31,1.7358
WDI:EN.GHG.N2O.AG.MT.CE.AR5:SVK,1980-12-31,1.9518
WDI:EN.GHG.N2O.AG.MT.CE.AR5:SVK,1981-12-31,1.869
WDI:EN.GHG.N2O.AG.MT.CE.AR5:SVK,1982-12-31,1.855
WDI:EN.GHG.N2O.AG.MT.CE.AR5:SVK,1983-12-31,1.9496
WDI:EN.GHG.N2O.AG.MT.CE.AR5:SVK,1984-12-31,2.0232
WDI:EN.GHG.N2O.AG.MT.CE.AR5:SVK,1985-12-31,1.9293
WDI:EN.GHG.N2O.AG.MT.CE.AR5:SVK,1986-12-31,2.3413
WDI:EN.GHG.N2O.AG.MT.CE.AR5:SVK,1987-12-31,2.1191
WDI:EN.GHG.N2O.AG.MT.CE.AR5:SVK,1988-12-31,2.4057
WDI:EN.GHG.N2O.AG.MT.CE.AR5:SVK,1989-12-31,2.4669
WDI:EN.GHG.N2O.AG.MT.CE.AR5:SVK,1990-12-31,2.2809
WDI:EN.GHG.N2O.AG.MT.CE.AR5:SVK,1991-12-31,1.527
WDI:EN.GHG.N2O.AG.MT.CE.AR5:SVK,1992-12-31,1.3659
WDI:EN.GHG.N2O.AG.MT.CE.AR5:SVK,1993-12-31,1.2171
WDI:EN.GHG.N2O.AG.MT.CE.AR5:SVK,1994-12-31,1.2355
WDI:EN.GHG.N2O.AG.MT.CE.AR5:SVK,1995-12-31,1.1743
WDI:EN.GHG.N2O.AG.MT.CE.AR5:SVK,1996-12-31,1.2334
WDI:EN.GHG.N2O.AG.MT.CE.AR5:SVK,1997-12-31,1.2063
WDI:EN.GHG.N2O.AG.MT.CE.AR5:SVK,1998-12-31,1.1974
WDI:EN.GHG.N2O.AG.MT.CE.AR5:SVK,1999-12-31,1.0128
WDI:EN.GHG.N2O.AG.MT.CE.AR5:SVK,2000-12-31,1.0484
WDI:EN.GHG.N2O.AG.MT.CE.AR5:SVK,2001-12-31,1.1033
WDI:EN.GHG.N2O.AG.MT.CE.AR5:SVK,2002-12-31,1.0765
WDI:EN.GHG.N2O.AG.MT.CE.AR5:SVK,2003-12-31,1.0968
WDI:EN.GHG.N2O.AG.MT.CE.AR5:SVK,2004-12-31,1.1212
WDI:EN.GHG.N2O.AG.MT.CE.AR5:SVK,2005-12-31,1.0637
WDI:EN.GHG.N2O.AG.MT.CE.AR5:SVK,2006-12-31,1.0788
WDI:EN.GHG.N2O.AG.MT.CE.AR5:SVK,2007-12-31,1.0886
WDI:EN.GHG.N2O.AG.MT.CE.AR5:SVK,2008-12-31,1.0665
WDI:EN.GHG.N2O.AG.MT.CE.AR5:SVK,2009-12-31,0.9502
WDI:EN.GHG.N2O.AG.MT.CE.AR5:SVK,2010-12-31,0.9841
WDI:EN.GHG.N2O.AG.MT.CE.AR5:SVK,2011-12-31,1.1133
WDI:EN.GHG.N2O.AG.MT.CE.AR5:SVK,2012-12-31,1.0581
WDI:EN.GHG.N2O.AG.MT.CE.AR5:SVK,2013-12-31,1.1168
WDI:EN.GHG.N2O.AG.MT.CE.AR5:SVK,2014-12-31,1.1812
WDI:EN.GHG.N2O.AG.MT.CE.AR5:SVK,2015-12-31,1.2224
WDI:EN.GHG.N2O.AG.MT.CE.AR5:SVK,2016-12-31,1.3031
WDI:EN.GHG.N2O.AG.MT.CE.AR5:SVK,2017-12-31,1.1427
WDI:EN.GHG.N2O.AG.MT.CE.AR5:SVK,2018-12-31,1.3273
WDI:EN.GHG.N2O.AG.MT.CE.AR5:SVK,2019-12-31,1.2385
WDI:EN.GHG.N2O.AG.MT.CE.AR5:SVK,2020-12-31,1.3131
WDI:EN.GHG.N2O.AG.MT.CE.AR5:SVK,2021-12-31,1.3503
WDI:EN.GHG.N2O.AG.MT.CE.AR5:SVK,2022-12-31,1.2244
WDI:EN.GHG.N2O.AG.MT.CE.AR5:SVK,2023-12-31,1.285
WDI:EN.GHG.N2O.AG.MT.CE.AR5:SVK,2024-12-31,1.2863
WDI:EN.GHG.N2O.AG.MT.CE.AR5:SVN,1970-12-31,0.7265
WDI:EN.GHG.N2O.AG.MT.CE.AR5:SVN,1971-12-31,0.7456
WDI:EN.GHG.N2O.AG.MT.CE.AR5:SVN,1972-12-31,0.7462
WDI:EN.GHG.N2O.AG.MT.CE.AR5:SVN,1973-12-31,0.7633
WDI:EN.GHG.N2O.AG.MT.CE.AR5:SVN,1974-12-31,0.8056
WDI:EN.GHG.N2O.AG.MT.CE.AR5:SVN,1975-12-31,0.8237
WDI:EN.GHG.N2O.AG.MT.CE.AR5:SVN,1976-12-31,0.8488
WDI:EN.GHG.N2O.AG.MT.CE.AR5:SVN,1977-12-31,0.9076
WDI:EN.GHG.N2O.AG.MT.CE.AR5:SVN,1978-12-31,0.8904
WDI:EN.GHG.N2O.AG.MT.CE.AR5:SVN,1979-12-31,0.8859
WDI:EN.GHG.N2O.AG.MT.CE.AR5:SVN,1980-12-31,0.8678
WDI:EN.GHG.N2O.AG.MT.CE.AR5:SVN,1981-12-31,0.9316
WDI:EN.GHG.N2O.AG.MT.CE.AR5:SVN,1982-12-31,0.9506
WDI:EN.GHG.N2O.AG.MT.CE.AR5:SVN,1983-12-31,0.9443
WDI:EN.GHG.N2O.AG.MT.CE.AR5:SVN,1984-12-31,1.0404
WDI:EN.GHG.N2O.AG.MT.CE.AR5:SVN,1985-12-31,0.9336
WDI:EN.GHG.N2O.AG.MT.CE.AR5:SVN,1986-12-31,0.9244
WDI:EN.GHG.N2O.AG.MT.CE.AR5:SVN,1987-12-31,0.9141
WDI:EN.GHG.N2O.AG.MT.CE.AR5:SVN,1988-12-31,0.9257
WDI:EN.GHG.N2O.AG.MT.CE.AR5:SVN,1989-12-31,0.8037
WDI:EN.GHG.N2O.AG.MT.CE.AR5:SVN,1990-12-31,0.8171
WDI:EN.GHG.N2O.AG.MT.CE.AR5:SVN,1991-12-31,0.6709
WDI:EN.GHG.N2O.AG.MT.CE.AR5:SVN,1992-12-31,0.5389
WDI:EN.GHG.N2O.AG.MT.CE.AR5:SVN,1993-12-31,0.5495
WDI:EN.GHG.N2O.AG.MT.CE.AR5:SVN,1994-12-31,0.5189
WDI:EN.GHG.N2O.AG.MT.CE.AR5:SVN,1995-12-31,0.5498
WDI:EN.GHG.N2O.AG.MT.CE.AR5:SVN,1996-12-31,0.491
WDI:EN.GHG.N2O.AG.MT.CE.AR5:SVN,1997-12-31,0.5299
WDI:EN.GHG.N2O.AG.MT.CE.AR5:SVN,1998-12-31,0.6435
WDI:EN.GHG.N2O.AG.MT.CE.AR5:SVN,1999-12-31,0.655
WDI:EN.GHG.N2O.AG.MT.CE.AR5:SVN,2000-12-31,0.6703
WDI:EN.GHG.N2O.AG.MT.CE.AR5:SVN,2001-12-31,0.6519
WDI:EN.GHG.N2O.AG.MT.CE.AR5:SVN,2002-12-31,0.6739
WDI:EN.GHG.N2O.AG.MT.CE.AR5:SVN,2003-12-31,0.6503
WDI:EN.GHG.N2O.AG.MT.CE.AR5:SVN,2004-12-31,0.6612
WDI:EN.GHG.N2O.AG.MT.CE.AR5:SVN,2005-12-31,0.6623
WDI:EN.GHG.N2O.AG.MT.CE.AR5:SVN,2006-12-31,0.5957
WDI:EN.GHG.N2O.AG.MT.CE.AR5:SVN,2007-12-31,0.5335
WDI:EN.GHG.N2O.AG.MT.CE.AR5:SVN,2008-12-31,0.4467
WDI:EN.GHG.N2O.AG.MT.CE.AR5:SVN,2009-12-31,0.4647
WDI:EN.GHG.N2O.AG.MT.CE.AR5:SVN,2010-12-31,0.4226
WDI:EN.GHG.N2O.AG.MT.CE.AR5:SVN,2011-12-31,0.4159
WDI:EN.GHG.N2O.AG.MT.CE.AR5:SVN,2012-12-31,0.4268
WDI:EN.GHG.N2O.AG.MT.CE.AR5:SVN,2013-12-31,0.4273
WDI:EN.GHG.N2O.AG.MT.CE.AR5:SVN,2014-12-31,0.4448
WDI:EN.GHG.N2O.AG.MT.CE.AR5:SVN,2015-12-31,0.4431
WDI:EN.GHG.N2O.AG.MT.CE.AR5:SVN,2016-12-31,0.4459
WDI:EN.GHG.N2O.AG.MT.CE.AR5:SVN,2017-12-31,0.4381
WDI:EN.GHG.N2O.AG.MT.CE.AR5:SVN,2018-12-31,0.4184
WDI:EN.GHG.N2O.AG.MT.CE.AR5:SVN,2019-12-31,0.4221
WDI:EN.GHG.N2O.AG.MT.CE.AR5:SVN,2020-12-31,0.4353
WDI:EN.GHG.N2O.AG.MT.CE.AR5:SVN,2021-12-31,0.4593
WDI:EN.GHG.N2O.AG.MT.CE.AR5:SVN,2022-12-31,0.4389
WDI:EN.GHG.N2O.AG.MT.CE.AR5:SVN,2023-12-31,0.4325
WDI:EN.GHG.N2O.AG.MT.CE.AR5:SVN,2024-12-31,0.427
WDI:EN.GHG.N2O.AG.MT.CE.AR5:SWE,1970-12-31,4.3873
WDI:EN.GHG.N2O.AG.MT.CE.AR5:SWE,1971-12-31,4.37
WDI:EN.GHG.N2O.AG.MT.CE.AR5:SWE,1972-12-31,4.3676
WDI:EN.GHG.N2O.AG.MT.CE.AR5:SWE,1973-12-31,4.3869
WDI:EN.GHG.N2O.AG.MT.CE.AR5:SWE,1974-12-31,4.3209
WDI:EN.GHG.N2O.AG.MT.CE.AR5:SWE,1975-12-31,4.361
WDI:EN.GHG.N2O.AG.MT.CE.AR5:SWE,1976-12-31,4.3779
WDI:EN.GHG.N2O.AG.MT.CE.AR5:SWE,1977-12-31,4.3821
WDI:EN.GHG.N2O.AG.MT.CE.AR5:SWE,1978-12-31,4.3888
WDI:EN.GHG.N2O.AG.MT.CE.AR5:SWE,1979-12-31,4.3882
WDI:EN.GHG.N2O.AG.MT.CE.AR5:SWE,1980-12-31,4.3479
WDI:EN.GHG.N2O.AG.MT.CE.AR5:SWE,1981-12-31,4.3827
WDI:EN.GHG.N2O.AG.MT.CE.AR5:SWE,1982-12-31,4.409
WDI:EN.GHG.N2O.AG.MT.CE.AR5:SWE,1983-12-31,4.4141
WDI:EN.GHG.N2O.AG.MT.CE.AR5:SWE,1984-12-31,4.4327
WDI:EN.GHG.N2O.AG.MT.CE.AR5:SWE,1985-12-31,4.2983
WDI:EN.GHG.N2O.AG.MT.CE.AR5:SWE,1986-12-31,4.202
WDI:EN.GHG.N2O.AG.MT.CE.AR5:SWE,1987-12-31,4.1093
WDI:EN.GHG.N2O.AG.MT.CE.AR5:SWE,1988-12-31,4.0066
WDI:EN.GHG.N2O.AG.MT.CE.AR5:SWE,1989-12-31,4.1182
WDI:EN.GHG.N2O.AG.MT.CE.AR5:SWE,1990-12-31,4.0646
WDI:EN.GHG.N2O.AG.MT.CE.AR5:SWE,1991-12-31,3.8174
WDI:EN.GHG.N2O.AG.MT.CE.AR5:SWE,1992-12-31,3.903
WDI:EN.GHG.N2O.AG.MT.CE.AR5:SWE,1993-12-31,4.064
WDI:EN.GHG.N2O.AG.MT.CE.AR5:SWE,1994-12-31,4.0253
WDI:EN.GHG.N2O.AG.MT.CE.AR5:SWE,1995-12-31,3.9264
WDI:EN.GHG.N2O.AG.MT.CE.AR5:SWE,1996-12-31,4.0402
WDI:EN.GHG.N2O.AG.MT.CE.AR5:SWE,1997-12-31,4.0398
WDI:EN.GHG.N2O.AG.MT.CE.AR5:SWE,1998-12-31,3.9419
WDI:EN.GHG.N2O.AG.MT.CE.AR5:SWE,1999-12-31,3.9177
WDI:EN.GHG.N2O.AG.MT.CE.AR5:SWE,2000-12-31,3.9169
WDI:EN.GHG.N2O.AG.MT.CE.AR5:SWE,2001-12-31,3.8836
WDI:EN.GHG.N2O.AG.MT.CE.AR5:SWE,2002-12-31,3.8615
WDI:EN.GHG.N2O.AG.MT.CE.AR5:SWE,2003-12-31,3.8285
WDI:EN.GHG.N2O.AG.MT.CE.AR5:SWE,2004-12-31,3.8082
WDI:EN.GHG.N2O.AG.MT.CE.AR5:SWE,2005-12-31,3.8668
WDI:EN.GHG.N2O.AG.MT.CE.AR5:SWE,2006-12-31,3.8194
WDI:EN.GHG.N2O.AG.MT.CE.AR5:SWE,2007-12-31,3.9583
WDI:EN.GHG.N2O.AG.MT.CE.AR5:SWE,2008-12-31,3.7833
WDI:EN.GHG.N2O.AG.MT.CE.AR5:SWE,2009-12-31,3.8879
WDI:EN.GHG.N2O.AG.MT.CE.AR5:SWE,2010-12-31,3.8943
WDI:EN.GHG.N2O.AG.MT.CE.AR5:SWE,2011-12-31,3.878
WDI:EN.GHG.N2O.AG.MT.CE.AR5:SWE,2012-12-31,3.9023
WDI:EN.GHG.N2O.AG.MT.CE.AR5:SWE,2013-12-31,3.9042
WDI:EN.GHG.N2O.AG.MT.CE.AR5:SWE,2014-12-31,4.04
WDI:EN.GHG.N2O.AG.MT.CE.AR5:SWE,2015-12-31,4.1117
WDI:EN.GHG.N2O.AG.MT.CE.AR5:SWE,2016-12-31,4.1736
WDI:EN.GHG.N2O.AG.MT.CE.AR5:SWE,2017-12-31,4.1619
WDI:EN.GHG.N2O.AG.MT.CE.AR5:SWE,2018-12-31,4.0764
WDI:EN.GHG.N2O.AG.MT.CE.AR5:SWE,2019-12-31,4.284
WDI:EN.GHG.N2O.AG.MT.CE.AR5:SWE,2020-12-31,4.3309
WDI:EN.GHG.N2O.AG.MT.CE.AR5:SWE,2021-12-31,4.1547
WDI:EN.GHG.N2O.AG.MT.CE.AR5:SWE,2022-12-31,4.1551
WDI:EN.GHG.N2O.AG.MT.CE.AR5:SWE,2023-12-31,4.0551
WDI:EN.GHG.N2O.AG.MT.CE.AR5:SWE,2024-12-31,4.0853
WDI:EN.GHG.N2O.AG.MT.CE.AR5:SWZ,1970-12-31,0.3227
WDI:EN.GHG.N2O.AG.MT.CE.AR5:SWZ,1971-12-31,0.3238
WDI:EN.GHG.N2O.AG.MT.CE.AR5:SWZ,1972-12-31,0.332
WDI:EN.GHG.N2O.AG.MT.CE.AR5:SWZ,1973-12-31,0.3382
WDI:EN.GHG.N2O.AG.MT.CE.AR5:SWZ,1974-12-31,0.3395
WDI:EN.GHG.N2O.AG.MT.CE.AR5:SWZ,1975-12-31,0.3473
WDI:EN.GHG.N2O.AG.MT.CE.AR5:SWZ,1976-12-31,0.3516
WDI:EN.GHG.N2O.AG.MT.CE.AR5:SWZ,1977-12-31,0.3515
WDI:EN.GHG.N2O.AG.MT.CE.AR5:SWZ,1978-12-31,0.3571
WDI:EN.GHG.N2O.AG.MT.CE.AR5:SWZ,1979-12-31,0.366
WDI:EN.GHG.N2O.AG.MT.CE.AR5:SWZ,1980-12-31,0.3662
WDI:EN.GHG.N2O.AG.MT.CE.AR5:SWZ,1981-12-31,0.3651
WDI:EN.GHG.N2O.AG.MT.CE.AR5:SWZ,1982-12-31,0.3552
WDI:EN.GHG.N2O.AG.MT.CE.AR5:SWZ,1983-12-31,0.3573
WDI:EN.GHG.N2O.AG.MT.CE.AR5:SWZ,1984-12-31,0.3427
WDI:EN.GHG.N2O.AG.MT.CE.AR5:SWZ,1985-12-31,0.356
WDI:EN.GHG.N2O.AG.MT.CE.AR5:SWZ,1986-12-31,0.3613
WDI:EN.GHG.N2O.AG.MT.CE.AR5:SWZ,1987-12-31,0.3556
WDI:EN.GHG.N2O.AG.MT.CE.AR5:SWZ,1988-12-31,0.3531
WDI:EN.GHG.N2O.AG.MT.CE.AR5:SWZ,1989-12-31,0.3728
WDI:EN.GHG.N2O.AG.MT.CE.AR5:SWZ,1990-12-31,0.3917
WDI:EN.GHG.N2O.AG.MT.CE.AR5:SWZ,1991-12-31,0.4041
WDI:EN.GHG.N2O.AG.MT.CE.AR5:SWZ,1992-12-31,0.4151
WDI:EN.GHG.N2O.AG.MT.CE.AR5:SWZ,1993-12-31,0.3441
WDI:EN.GHG.N2O.AG.MT.CE.AR5:SWZ,1994-12-31,0.353
WDI:EN.GHG.N2O.AG.MT.CE.AR5:SWZ,1995-12-31,0.3605
WDI:EN.GHG.N2O.AG.MT.CE.AR5:SWZ,1996-12-31,0.3751
WDI:EN.GHG.N2O.AG.MT.CE.AR5:SWZ,1997-12-31,0.3787
WDI:EN.GHG.N2O.AG.MT.CE.AR5:SWZ,1998-12-31,0.3669
WDI:EN.GHG.N2O.AG.MT.CE.AR5:SWZ,1999-12-31,0.3691
WDI:EN.GHG.N2O.AG.MT.CE.AR5:SWZ,2000-12-31,0.367
WDI:EN.GHG.N2O.AG.MT.CE.AR5:SWZ,2001-12-31,0.3232
WDI:EN.GHG.N2O.AG.MT.CE.AR5:SWZ,2002-12-31,0.3286
WDI:EN.GHG.N2O.AG.MT.CE.AR5:SWZ,2003-12-31,0.3672
WDI:EN.GHG.N2O.AG.MT.CE.AR5:SWZ,2004-12-31,0.3739
WDI:EN.GHG.N2O.AG.MT.CE.AR5:SWZ,2005-12-31,0.3788
WDI:EN.GHG.N2O.AG.MT.CE.AR5:SWZ,2006-12-31,0.3592
WDI:EN.GHG.N2O.AG.MT.CE.AR5:SWZ,2007-12-31,0.3614
WDI:EN.GHG.N2O.AG.MT.CE.AR5:SWZ,2008-12-31,0.3602
WDI:EN.GHG.N2O.AG.MT.CE.AR5:SWZ,2009-12-31,0.3603
WDI:EN.GHG.N2O.AG.MT.CE.AR5:SWZ,2010-12-31,0.3817
WDI:EN.GHG.N2O.AG.MT.CE.AR5:SWZ,2011-12-31,0.3846
WDI:EN.GHG.N2O.AG.MT.CE.AR5:SWZ,2012-12-31,0.3877
WDI:EN.GHG.N2O.AG.MT.CE.AR5:SWZ,2013-12-31,0.384
WDI:EN.GHG.N2O.AG.MT.CE.AR5:SWZ,2014-12-31,0.383
WDI:EN.GHG.N2O.AG.MT.CE.AR5:SWZ,2015-12-31,0.3787
WDI:EN.GHG.N2O.AG.MT.CE.AR5:SWZ,2016-12-31,0.3735
WDI:EN.GHG.N2O.AG.MT.CE.AR5:SWZ,2017-12-31,0.3734
WDI:EN.GHG.N2O.AG.MT.CE.AR5:SWZ,2018-12-31,0.3724
WDI:EN.GHG.N2O.AG.MT.CE.AR5:SWZ,2019-12-31,0.374
WDI:EN.GHG.N2O.AG.MT.CE.AR5:SWZ,2020-12-31,0.3765
WDI:EN.GHG.N2O.AG.MT.CE.AR5:SWZ,2021-12-31,0.3759
WDI:EN.GHG.N2O.AG.MT.CE.AR5:SWZ,2022-12-31,0.3778
WDI:EN.GHG.N2O.AG.MT.CE.AR5:SWZ,2023-12-31,0.3423
WDI:EN.GHG.N2O.AG.MT.CE.AR5:SWZ,2024-12-31,0.3354
WDI:EN.GHG.N2O.AG.MT.CE.AR5:SYC,1970-12-31,0.0019
WDI:EN.GHG.N2O.AG.MT.CE.AR5:SYC,1971-12-31,0.0023
WDI:EN.GHG.N2O.AG.MT.CE.AR5:SYC,1972-12-31,0.0028
WDI:EN.GHG.N2O.AG.MT.CE.AR5:SYC,1973-12-31,0.0028
WDI:EN.GHG.N2O.AG.MT.CE.AR5:SYC,1974-12-31,0.0031
WDI:EN.GHG.N2O.AG.MT.CE.AR5:SYC,1975-12-31,0.0033
WDI:EN.GHG.N2O.AG.MT.CE.AR5:SYC,1976-12-31,0.0032
WDI:EN.GHG.N2O.AG.MT.CE.AR5:SYC,1977-12-31,0.0026
WDI:EN.GHG.N2O.AG.MT.CE.AR5:SYC,1978-12-31,0.0029
WDI:EN.GHG.N2O.AG.MT.CE.AR5:SYC,1979-12-31,0.0031
WDI:EN.GHG.N2O.AG.MT.CE.AR5:SYC,1980-12-31,0.0033
WDI:EN.GHG.N2O.AG.MT.CE.AR5:SYC,1981-12-31,0.0036
WDI:EN.GHG.N2O.AG.MT.CE.AR5:SYC,1982-12-31,0.0035
WDI:EN.GHG.N2O.AG.MT.CE.AR5:SYC,1983-12-31,0.0036
WDI:EN.GHG.N2O.AG.MT.CE.AR5:SYC,1984-12-31,0.0037
WDI:EN.GHG.N2O.AG.MT.CE.AR5:SYC,1985-12-31,0.004
WDI:EN.GHG.N2O.AG.MT.CE.AR5:SYC,1986-12-31,0.0042
WDI:EN.GHG.N2O.AG.MT.CE.AR5:SYC,1987-12-31,0.0042
WDI:EN.GHG.N2O.AG.MT.CE.AR5:SYC,1988-12-31,0.0043
WDI:EN.GHG.N2O.AG.MT.CE.AR5:SYC,1989-12-31,0.0045
WDI:EN.GHG.N2O.AG.MT.CE.AR5:SYC,1990-12-31,0.005
WDI:EN.GHG.N2O.AG.MT.CE.AR5:SYC,1991-12-31,0.005
WDI:EN.GHG.N2O.AG.MT.CE.AR5:SYC,1992-12-31,0.0049
WDI:EN.GHG.N2O.AG.MT.CE.AR5:SYC,1993-12-31,0.0049
WDI:EN.GHG.N2O.AG.MT.CE.AR5:SYC,1994-12-31,0.005
WDI:EN.GHG.N2O.AG.MT.CE.AR5:SYC,1995-12-31,0.0049
WDI:EN.GHG.N2O.AG.MT.CE.AR5:SYC,1996-12-31,0.0047
WDI:EN.GHG.N2O.AG.MT.CE.AR5:SYC,1997-12-31,0.0049
WDI:EN.GHG.N2O.AG.MT.CE.AR5:SYC,1998-12-31,0.0047
WDI:EN.GHG.N2O.AG.MT.CE.AR5:SYC,1999-12-31,0.0046
WDI:EN.GHG.N2O.AG.MT.CE.AR5:SYC,2000-12-31,0.0036
WDI:EN.GHG.N2O.AG.MT.CE.AR5:SYC,2001-12-31,0.0024
WDI:EN.GHG.N2O.AG.MT.CE.AR5:SYC,2002-12-31,0.0025
WDI:EN.GHG.N2O.AG.MT.CE.AR5:SYC,2003-12-31,0.0027
WDI:EN.GHG.N2O.AG.MT.CE.AR5:SYC,2004-12-31,0.0024
WDI:EN.GHG.N2O.AG.MT.CE.AR5:SYC,2005-12-31,0.0024
WDI:EN.GHG.N2O.AG.MT.CE.AR5:SYC,2006-12-31,0.0023
WDI:EN.GHG.N2O.AG.MT.CE.AR5:SYC,2007-12-31,0.0025
WDI:EN.GHG.N2O.AG.MT.CE.AR5:SYC,2008-12-31,0.0021
WDI:EN.GHG.N2O.AG.MT.CE.AR5:SYC,2009-12-31,0.0017
WDI:EN.GHG.N2O.AG.MT.CE.AR5:SYC,2010-12-31,0.0016
WDI:EN.GHG.N2O.AG.MT.CE.AR5:SYC,2011-12-31,0.0017
WDI:EN.GHG.N2O.AG.MT.CE.AR5:SYC,2012-12-31,0.0016
WDI:EN.GHG.N2O.AG.MT.CE.AR5:SYC,2013-12-31,0.0016
WDI:EN.GHG.N2O.AG.MT.CE.AR5:SYC,2014-12-31,0.0016
WDI:EN.GHG.N2O.AG.MT.CE.AR5:SYC,2015-12-31,0.0016
WDI:EN.GHG.N2O.AG.MT.CE.AR5:SYC,2016-12-31,0.0016
WDI:EN.GHG.N2O.AG.MT.CE.AR5:SYC,2017-12-31,0.0016
WDI:EN.GHG.N2O.AG.MT.CE.AR5:SYC,2018-12-31,0.0016
WDI:EN.GHG.N2O.AG.MT.CE.AR5:SYC,2019-12-31,0.0016
WDI:EN.GHG.N2O.AG.MT.CE.AR5:SYC,2020-12-31,0.0019
WDI:EN.GHG.N2O.AG.MT.CE.AR5:SYC,2021-12-31,0.0022
WDI:EN.GHG.N2O.AG.MT.CE.AR5:SYC,2022-12-31,0.0023
WDI:EN.GHG.N2O.AG.MT.CE.AR5:SYC,2023-12-31,0.0023
WDI:EN.GHG.N2O.AG.MT.CE.AR5:SYC,2024-12-31,0.0024
WDI:EN.GHG.N2O.AG.MT.CE.AR5:SYR,1970-12-31,0.8953
WDI:EN.GHG.N2O.AG.MT.CE.AR5:SYR,1971-12-31,0.85
WDI:EN.GHG.N2O.AG.MT.CE.AR5:SYR,1972-12-31,0.8898
WDI:EN.GHG.N2O.AG.MT.CE.AR5:SYR,1973-12-31,0.8024
WDI:EN.GHG.N2O.AG.MT.CE.AR5:SYR,1974-12-31,0.927
WDI:EN.GHG.N2O.AG.MT.CE.AR5:SYR,1975-12-31,1.0016
WDI:EN.GHG.N2O.AG.MT.CE.AR5:SYR,1976-12-31,1.1311
WDI:EN.GHG.N2O.AG.MT.CE.AR5:SYR,1977-12-31,1.1821
WDI:EN.GHG.N2O.AG.MT.CE.AR5:SYR,1978-12-31,1.3163
WDI:EN.GHG.N2O.AG.MT.CE.AR5:SYR,1979-12-31,1.4196
WDI:EN.GHG.N2O.AG.MT.CE.AR5:SYR,1980-12-31,1.6181
WDI:EN.GHG.N2O.AG.MT.CE.AR5:SYR,1981-12-31,1.65
WDI:EN.GHG.N2O.AG.MT.CE.AR5:SYR,1982-12-31,1.7684
WDI:EN.GHG.N2O.AG.MT.CE.AR5:SYR,1983-12-31,2.0047
WDI:EN.GHG.N2O.AG.MT.CE.AR5:SYR,1984-12-31,1.8939
WDI:EN.GHG.N2O.AG.MT.CE.AR5:SYR,1985-12-31,1.9444
WDI:EN.GHG.N2O.AG.MT.CE.AR5:SYR,1986-12-31,2.025
WDI:EN.GHG.N2O.AG.MT.CE.AR5:SYR,1987-12-31,2.1277
WDI:EN.GHG.N2O.AG.MT.CE.AR5:SYR,1988-12-31,2.392
WDI:EN.GHG.N2O.AG.MT.CE.AR5:SYR,1989-12-31,2.2765
WDI:EN.GHG.N2O.AG.MT.CE.AR5:SYR,1990-12-31,2.5344
WDI:EN.GHG.N2O.AG.MT.CE.AR5:SYR,1991-12-31,2.3923
WDI:EN.GHG.N2O.AG.MT.CE.AR5:SYR,1992-12-31,2.4387
WDI:EN.GHG.N2O.AG.MT.CE.AR5:SYR,1993-12-31,2.3902
WDI:EN.GHG.N2O.AG.MT.CE.AR5:SYR,1994-12-31,2.5641
WDI:EN.GHG.N2O.AG.MT.CE.AR5:SYR,1995-12-31,2.7549
WDI:EN.GHG.N2O.AG.MT.CE.AR5:SYR,1996-12-31,2.782
WDI:EN.GHG.N2O.AG.MT.CE.AR5:SYR,1997-12-31,2.8509
WDI:EN.GHG.N2O.AG.MT.CE.AR5:SYR,1998-12-31,2.9411
WDI:EN.GHG.N2O.AG.MT.CE.AR5:SYR,1999-12-31,2.9481
WDI:EN.GHG.N2O.AG.MT.CE.AR5:SYR,2000-12-31,2.866
WDI:EN.GHG.N2O.AG.MT.CE.AR5:SYR,2001-12-31,2.5772
WDI:EN.GHG.N2O.AG.MT.CE.AR5:SYR,2002-12-31,2.8006
WDI:EN.GHG.N2O.AG.MT.CE.AR5:SYR,2003-12-31,2.9617
WDI:EN.GHG.N2O.AG.MT.CE.AR5:SYR,2004-12-31,3.4377
WDI:EN.GHG.N2O.AG.MT.CE.AR5:SYR,2005-12-31,3.62
WDI:EN.GHG.N2O.AG.MT.CE.AR5:SYR,2006-12-31,3.3805
WDI:EN.GHG.N2O.AG.MT.CE.AR5:SYR,2007-12-31,3.5164
WDI:EN.GHG.N2O.AG.MT.CE.AR5:SYR,2008-12-31,3.0038
WDI:EN.GHG.N2O.AG.MT.CE.AR5:SYR,2009-12-31,3.0517
WDI:EN.GHG.N2O.AG.MT.CE.AR5:SYR,2010-12-31,2.8725
WDI:EN.GHG.N2O.AG.MT.CE.AR5:SYR,2011-12-31,3.1103
WDI:EN.GHG.N2O.AG.MT.CE.AR5:SYR,2012-12-31,2.8316
WDI:EN.GHG.N2O.AG.MT.CE.AR5:SYR,2013-12-31,2.218
WDI:EN.GHG.N2O.AG.MT.CE.AR5:SYR,2014-12-31,2.1453
WDI:EN.GHG.N2O.AG.MT.CE.AR5:SYR,2015-12-31,1.982
WDI:EN.GHG.N2O.AG.MT.CE.AR5:SYR,2016-12-31,1.8442
WDI:EN.GHG.N2O.AG.MT.CE.AR5:SYR,2017-12-31,1.8133
WDI:EN.GHG.N2O.AG.MT.CE.AR5:SYR,2018-12-31,1.6603
WDI:EN.GHG.N2O.AG.MT.CE.AR5:SYR,2019-12-31,1.9127
WDI:EN.GHG.N2O.AG.MT.CE.AR5:SYR,2020-12-31,2.1175
WDI:EN.GHG.N2O.AG.MT.CE.AR5:SYR,2021-12-31,1.9281
WDI:EN.GHG.N2O.AG.MT.CE.AR5:SYR,2022-12-31,2.0014
WDI:EN.GHG.N2O.AG.MT.CE.AR5:SYR,2023-12-31,2.1549
WDI:EN.GHG.N2O.AG.MT.CE.AR5:SYR,2024-12-31,2.2393
WDI:EN.GHG.N2O.AG.MT.CE.AR5:TCD,1970-12-31,1.9756
WDI:EN.GHG.N2O.AG.MT.CE.AR5:TCD,1971-12-31,1.9743
WDI:EN.GHG.N2O.AG.MT.CE.AR5:TCD,1972-12-31,2.1098
WDI:EN.GHG.N2O.AG.MT.CE.AR5:TCD,1973-12-31,1.8539
WDI:EN.GHG.N2O.AG.MT.CE.AR5:TCD,1974-12-31,1.4622
WDI:EN.GHG.N2O.AG.MT.CE.AR5:TCD,1975-12-31,1.5468
WDI:EN.GHG.N2O.AG.MT.CE.AR5:TCD,1976-12-31,1.6532
WDI:EN.GHG.N2O.AG.MT.CE.AR5:TCD,1977-12-31,1.8236
WDI:EN.GHG.N2O.AG.MT.CE.AR5:TCD,1978-12-31,1.8732
WDI:EN.GHG.N2O.AG.MT.CE.AR5:TCD,1979-12-31,1.922
WDI:EN.GHG.N2O.AG.MT.CE.AR5:TCD,1980-12-31,1.9675
WDI:EN.GHG.N2O.AG.MT.CE.AR5:TCD,1981-12-31,1.9976
WDI:EN.GHG.N2O.AG.MT.CE.AR5:TCD,1982-12-31,2.0322
WDI:EN.GHG.N2O.AG.MT.CE.AR5:TCD,1983-12-31,2.0266
WDI:EN.GHG.N2O.AG.MT.CE.AR5:TCD,1984-12-31,1.6244
WDI:EN.GHG.N2O.AG.MT.CE.AR5:TCD,1985-12-31,1.6623
WDI:EN.GHG.N2O.AG.MT.CE.AR5:TCD,1986-12-31,1.7476
WDI:EN.GHG.N2O.AG.MT.CE.AR5:TCD,1987-12-31,1.8435
WDI:EN.GHG.N2O.AG.MT.CE.AR5:TCD,1988-12-31,1.9499
WDI:EN.GHG.N2O.AG.MT.CE.AR5:TCD,1989-12-31,2.0493
WDI:EN.GHG.N2O.AG.MT.CE.AR5:TCD,1990-12-31,2.1488
WDI:EN.GHG.N2O.AG.MT.CE.AR5:TCD,1991-12-31,3.767
WDI:EN.GHG.N2O.AG.MT.CE.AR5:TCD,1992-12-31,3.9365
WDI:EN.GHG.N2O.AG.MT.CE.AR5:TCD,1993-12-31,4.1353
WDI:EN.GHG.N2O.AG.MT.CE.AR5:TCD,1994-12-31,4.3393
WDI:EN.GHG.N2O.AG.MT.CE.AR5:TCD,1995-12-31,4.5376
WDI:EN.GHG.N2O.AG.MT.CE.AR5:TCD,1996-12-31,4.7325
WDI:EN.GHG.N2O.AG.MT.CE.AR5:TCD,1997-12-31,4.9539
WDI:EN.GHG.N2O.AG.MT.CE.AR5:TCD,1998-12-31,5.1784
WDI:EN.GHG.N2O.AG.MT.CE.AR5:TCD,1999-12-31,5.3866
WDI:EN.GHG.N2O.AG.MT.CE.AR5:TCD,2000-12-31,5.6275
WDI:EN.GHG.N2O.AG.MT.CE.AR5:TCD,2001-12-31,5.9639
WDI:EN.GHG.N2O.AG.MT.CE.AR5:TCD,2002-12-31,6.2895
WDI:EN.GHG.N2O.AG.MT.CE.AR5:TCD,2003-12-31,6.6366
WDI:EN.GHG.N2O.AG.MT.CE.AR5:TCD,2004-12-31,6.9951
WDI:EN.GHG.N2O.AG.MT.CE.AR5:TCD,2005-12-31,7.4013
WDI:EN.GHG.N2O.AG.MT.CE.AR5:TCD,2006-12-31,7.8203
WDI:EN.GHG.N2O.AG.MT.CE.AR5:TCD,2007-12-31,8.2892
WDI:EN.GHG.N2O.AG.MT.CE.AR5:TCD,2008-12-31,8.7616
WDI:EN.GHG.N2O.AG.MT.CE.AR5:TCD,2009-12-31,9.2528
WDI:EN.GHG.N2O.AG.MT.CE.AR5:TCD,2010-12-31,9.8318
WDI:EN.GHG.N2O.AG.MT.CE.AR5:TCD,2011-12-31,10.3301
WDI:EN.GHG.N2O.AG.MT.CE.AR5:TCD,2012-12-31,10.938
WDI:EN.GHG.N2O.AG.MT.CE.AR5:TCD,2013-12-31,11.5532
WDI:EN.GHG.N2O.AG.MT.CE.AR5:TCD,2014-12-31,12.2114
WDI:EN.GHG.N2O.AG.MT.CE.AR5:TCD,2015-12-31,13.2399
WDI:EN.GHG.N2O.AG.MT.CE.AR5:TCD,2016-12-31,13.9793
WDI:EN.GHG.N2O.AG.MT.CE.AR5:TCD,2017-12-31,14.8151
WDI:EN.GHG.N2O.AG.MT.CE.AR5:TCD,2018-12-31,15.6769
WDI:EN.GHG.N2O.AG.MT.CE.AR5:TCD,2019-12-31,16.5825
WDI:EN.GHG.N2O.AG.MT.CE.AR5:TCD,2020-12-31,17.5426
WDI:EN.GHG.N2O.AG.MT.CE.AR5:TCD,2021-12-31,18.3382
WDI:EN.GHG.N2O.AG.MT.CE.AR5:TCD,2022-12-31,19.5853
WDI:EN.GHG.N2O.AG.MT.CE.AR5:TCD,2023-12-31,20.7739
WDI:EN.GHG.N2O.AG.MT.CE.AR5:TCD,2024-12-31,21.7975
WDI:EN.GHG.N2O.AG.MT.CE.AR5:TEA,1970-12-31,125.5667
WDI:EN.GHG.N2O.AG.MT.CE.AR5:TEA,1971-12-31,127.4667
WDI:EN.GHG.N2O.AG.MT.CE.AR5:TEA,1972-12-31,129.2957
WDI:EN.GHG.N2O.AG.MT.CE.AR5:TEA,1973-12-31,130.85219999999998
WDI:EN.GHG.N2O.AG.MT.CE.AR5:TEA,1974-12-31,128.45850000000002
WDI:EN.GHG.N2O.AG.MT.CE.AR5:TEA,1975-12-31,135.16060000000002
WDI:EN.GHG.N2O.AG.MT.CE.AR5:TEA,1976-12-31,141.12199999999999
WDI:EN.GHG.N2O.AG.MT.CE.AR5:TEA,1977-12-31,152.1558
WDI:EN.GHG.N2O.AG.MT.CE.AR5:TEA,1978-12-31,161.71269999999998
WDI:EN.GHG.N2O.AG.MT.CE.AR5:TEA,1979-12-31,170.99269999999999
WDI:EN.GHG.N2O.AG.MT.CE.AR5:TEA,1980-12-31,182.2977
WDI:EN.GHG.N2O.AG.MT.CE.AR5:TEA,1981-12-31,182.6525
WDI:EN.GHG.N2O.AG.MT.CE.AR5:TEA,1982-12-31,190.48750000000004
WDI:EN.GHG.N2O.AG.MT.CE.AR5:TEA,1983-12-31,203.7433
WDI:EN.GHG.N2O.AG.MT.CE.AR5:TEA,1984-12-31,214.4622
WDI:EN.GHG.N2O.AG.MT.CE.AR5:TEA,1985-12-31,210.13199999999998
WDI:EN.GHG.N2O.AG.MT.CE.AR5:TEA,1986-12-31,215.12839999999997
WDI:EN.GHG.N2O.AG.MT.CE.AR5:TEA,1987-12-31,237.6783
WDI:EN.GHG.N2O.AG.MT.CE.AR5:TEA,1988-12-31,251.72160000000005
WDI:EN.GHG.N2O.AG.MT.CE.AR5:TEA,1989-12-31,258.71830000000006
WDI:EN.GHG.N2O.AG.MT.CE.AR5:TEA,1990-12-31,268.10740000000004
WDI:EN.GHG.N2O.AG.MT.CE.AR5:TEA,1991-12-31,273.6779
WDI:EN.GHG.N2O.AG.MT.CE.AR5:TEA,1992-12-31,280.4856
WDI:EN.GHG.N2O.AG.MT.CE.AR5:TEA,1993-12-31,271.90430000000003
WDI:EN.GHG.N2O.AG.MT.CE.AR5:TEA,1994-12-31,285.06449999999995
WDI:EN.GHG.N2O.AG.MT.CE.AR5:TEA,1995-12-31,318.7893
WDI:EN.GHG.N2O.AG.MT.CE.AR5:TEA,1996-12-31,339.2973
WDI:EN.GHG.N2O.AG.MT.CE.AR5:TEA,1997-12-31,311.582
WDI:EN.GHG.N2O.AG.MT.CE.AR5:TEA,1998-12-31,320.3132
WDI:EN.GHG.N2O.AG.MT.CE.AR5:TEA,1999-12-31,330.6142
WDI:EN.GHG.N2O.AG.MT.CE.AR5:TEA,2000-12-31,327.6368
WDI:EN.GHG.N2O.AG.MT.CE.AR5:TEA,2001-12-31,324.4431
WDI:EN.GHG.N2O.AG.MT.CE.AR5:TEA,2002-12-31,344.44230000000005
WDI:EN.GHG.N2O.AG.MT.CE.AR5:TEA,2003-12-31,339.3966
WDI:EN.GHG.N2O.AG.MT.CE.AR5:TEA,2004-12-31,353.4945
WDI:EN.GHG.N2O.AG.MT.CE.AR5:TEA,2005-12-31,355.21520000000004
WDI:EN.GHG.N2O.AG.MT.CE.AR5:TEA,2006-12-31,369.63370000000003
WDI:EN.GHG.N2O.AG.MT.CE.AR5:TEA,2007-12-31,364.0416
WDI:EN.GHG.N2O.AG.MT.CE.AR5:TEA,2008-12-31,358.4536
WDI:EN.GHG.N2O.AG.MT.CE.AR5:TEA,2009-12-31,382.3713
WDI:EN.GHG.N2O.AG.MT.CE.AR5:TEA,2010-12-31,364.9906999999999
WDI:EN.GHG.N2O.AG.MT.CE.AR5:TEA,2011-12-31,378.72260000000006
WDI:EN.GHG.N2O.AG.MT.CE.AR5:TEA,2012-12-31,384.6229
WDI:EN.GHG.N2O.AG.MT.CE.AR5:TEA,2013-12-31,389.32669999999996
WDI:EN.GHG.N2O.AG.MT.CE.AR5:TEA,2014-12-31,369.8809
WDI:EN.GHG.N2O.AG.MT.CE.AR5:TEA,2015-12-31,382.2108
WDI:EN.GHG.N2O.AG.MT.CE.AR5:TEA,2016-12-31,367.2708
WDI:EN.GHG.N2O.AG.MT.CE.AR5:TEA,2017-12-31,355.515
WDI:EN.GHG.N2O.AG.MT.CE.AR5:TEA,2018-12-31,351.7568
WDI:EN.GHG.N2O.AG.MT.CE.AR5:TEA,2019-12-31,354.76410000000004
WDI:EN.GHG.N2O.AG.MT.CE.AR5:TEA,2020-12-31,350.5971
WDI:EN.GHG.N2O.AG.MT.CE.AR5:TEA,2021-12-31,348.49250000000006
WDI:EN.GHG.N2O.AG.MT.CE.AR5:TEA,2022-12-31,358.7943000000001
WDI:EN.GHG.N2O.AG.MT.CE.AR5:TEA,2023-12-31,364.3051
WDI:EN.GHG.N2O.AG.MT.CE.AR5:TEA,2024-12-31,365.1601
WDI:EN.GHG.N2O.AG.MT.CE.AR5:TEC,1970-12-31,153.5662
WDI:EN.GHG.N2O.AG.MT.CE.AR5:TEC,1971-12-31,157.67109999999997
WDI:EN.GHG.N2O.AG.MT.CE.AR5:TEC,1972-12-31,159.75359999999995
WDI:EN.GHG.N2O.AG.MT.CE.AR5:TEC,1973-12-31,163.4335
WDI:EN.GHG.N2O.AG.MT.CE.AR5:TEC,1974-12-31,166.2036
WDI:EN.GHG.N2O.AG.MT.CE.AR5:TEC,1975-12-31,169.30949999999999
WDI:EN.GHG.N2O.AG.MT.CE.AR5:TEC,1976-12-31,174.32449999999997
WDI:EN.GHG.N2O.AG.MT.CE.AR5:TEC,1977-12-31,176.70319999999998
WDI:EN.GHG.N2O.AG.MT.CE.AR5:TEC,1978-12-31,183.00900000000004
WDI:EN.GHG.N2O.AG.MT.CE.AR5:TEC,1979-12-31,182.5991
WDI:EN.GHG.N2O.AG.MT.CE.AR5:TEC,1980-12-31,183.03839999999997
WDI:EN.GHG.N2O.AG.MT.CE.AR5:TEC,1981-12-31,183.38890000000006
WDI:EN.GHG.N2O.AG.MT.CE.AR5:TEC,1982-12-31,185.3945
WDI:EN.GHG.N2O.AG.MT.CE.AR5:TEC,1983-12-31,188.64450000000002
WDI:EN.GHG.N2O.AG.MT.CE.AR5:TEC,1984-12-31,190.43270000000004
WDI:EN.GHG.N2O.AG.MT.CE.AR5:TEC,1985-12-31,191.77720000000002
WDI:EN.GHG.N2O.AG.MT.CE.AR5:TEC,1986-12-31,193.40369999999996
WDI:EN.GHG.N2O.AG.MT.CE.AR5:TEC,1987-12-31,194.488
WDI:EN.GHG.N2O.AG.MT.CE.AR5:TEC,1988-12-31,191.23409999999998
WDI:EN.GHG.N2O.AG.MT.CE.AR5:TEC,1989-12-31,188.084
WDI:EN.GHG.N2O.AG.MT.CE.AR5:TEC,1990-12-31,182.02269999999993
WDI:EN.GHG.N2O.AG.MT.CE.AR5:TEC,1991-12-31,169.88890000000004
WDI:EN.GHG.N2O.AG.MT.CE.AR5:TEC,1992-12-31,161.5771
WDI:EN.GHG.N2O.AG.MT.CE.AR5:TEC,1993-12-31,155.9085
WDI:EN.GHG.N2O.AG.MT.CE.AR5:TEC,1994-12-31,146.7432
WDI:EN.GHG.N2O.AG.MT.CE.AR5:TEC,1995-12-31,135.6603
WDI:EN.GHG.N2O.AG.MT.CE.AR5:TEC,1996-12-31,130.2656
WDI:EN.GHG.N2O.AG.MT.CE.AR5:TEC,1997-12-31,126.5096
WDI:EN.GHG.N2O.AG.MT.CE.AR5:TEC,1998-12-31,117.68560000000001
WDI:EN.GHG.N2O.AG.MT.CE.AR5:TEC,1999-12-31,116.7835
WDI:EN.GHG.N2O.AG.MT.CE.AR5:TEC,2000-12-31,115.34880000000001
WDI:EN.GHG.N2O.AG.MT.CE.AR5:TEC,2001-12-31,116.0035
WDI:EN.GHG.N2O.AG.MT.CE.AR5:TEC,2002-12-31,116.13539999999999
WDI:EN.GHG.N2O.AG.MT.CE.AR5:TEC,2003-12-31,115.1173
WDI:EN.GHG.N2O.AG.MT.CE.AR5:TEC,2004-12-31,116.71959999999999
WDI:EN.GHG.N2O.AG.MT.CE.AR5:TEC,2005-12-31,116.89139999999999
WDI:EN.GHG.N2O.AG.MT.CE.AR5:TEC,2006-12-31,118.32629999999999
WDI:EN.GHG.N2O.AG.MT.CE.AR5:TEC,2007-12-31,120.942
WDI:EN.GHG.N2O.AG.MT.CE.AR5:TEC,2008-12-31,127.07939999999998
WDI:EN.GHG.N2O.AG.MT.CE.AR5:TEC,2009-12-31,128.2913
WDI:EN.GHG.N2O.AG.MT.CE.AR5:TEC,2010-12-31,126.6326
WDI:EN.GHG.N2O.AG.MT.CE.AR5:TEC,2011-12-31,134.1724
WDI:EN.GHG.N2O.AG.MT.CE.AR5:TEC,2012-12-31,134.61829999999998
WDI:EN.GHG.N2O.AG.MT.CE.AR5:TEC,2013-12-31,138.97480000000002
WDI:EN.GHG.N2O.AG.MT.CE.AR5:TEC,2014-12-31,140.50680000000003
WDI:EN.GHG.N2O.AG.MT.CE.AR5:TEC,2015-12-31,143.38
WDI:EN.GHG.N2O.AG.MT.CE.AR5:TEC,2016-12-31,152.08089999999999
WDI:EN.GHG.N2O.AG.MT.CE.AR5:TEC,2017-12-31,153.607
WDI:EN.GHG.N2O.AG.MT.CE.AR5:TEC,2018-12-31,153.1132
WDI:EN.GHG.N2O.AG.MT.CE.AR5:TEC,2019-12-31,157.7732
WDI:EN.GHG.N2O.AG.MT.CE.AR5:TEC,2020-12-31,165.60539999999997
WDI:EN.GHG.N2O.AG.MT.CE.AR5:TEC,2021-12-31,160.98800000000003
WDI:EN.GHG.N2O.AG.MT.CE.AR5:TEC,2022-12-31,157.10410000000002
WDI:EN.GHG.N2O.AG.MT.CE.AR5:TEC,2023-12-31,155.3507
WDI:EN.GHG.N2O.AG.MT.CE.AR5:TEC,2024-12-31,155.8165
WDI:EN.GHG.N2O.AG.MT.CE.AR5:TGO,1970-12-31,0.1793
WDI:EN.GHG.N2O.AG.MT.CE.AR5:TGO,1971-12-31,0.1693
WDI:EN.GHG.N2O.AG.MT.CE.AR5:TGO,1972-12-31,0.1929
WDI:EN.GHG.N2O.AG.MT.CE.AR5:TGO,1973-12-31,0.1956
WDI:EN.GHG.N2O.AG.MT.CE.AR5:TGO,1974-12-31,0.2
WDI:EN.GHG.N2O.AG.MT.CE.AR5:TGO,1975-12-31,0.2149
WDI:EN.GHG.N2O.AG.MT.CE.AR5:TGO,1976-12-31,0.2182
WDI:EN.GHG.N2O.AG.MT.CE.AR5:TGO,1977-12-31,0.2151
WDI:EN.GHG.N2O.AG.MT.CE.AR5:TGO,1978-12-31,0.223
WDI:EN.GHG.N2O.AG.MT.CE.AR5:TGO,1979-12-31,0.2151
WDI:EN.GHG.N2O.AG.MT.CE.AR5:TGO,1980-12-31,0.1867
WDI:EN.GHG.N2O.AG.MT.CE.AR5:TGO,1981-12-31,0.1943
WDI:EN.GHG.N2O.AG.MT.CE.AR5:TGO,1982-12-31,0.2203
WDI:EN.GHG.N2O.AG.MT.CE.AR5:TGO,1983-12-31,0.2039
WDI:EN.GHG.N2O.AG.MT.CE.AR5:TGO,1984-12-31,0.2219
WDI:EN.GHG.N2O.AG.MT.CE.AR5:TGO,1985-12-31,0.2398
WDI:EN.GHG.N2O.AG.MT.CE.AR5:TGO,1986-12-31,0.2559
WDI:EN.GHG.N2O.AG.MT.CE.AR5:TGO,1987-12-31,0.2716
WDI:EN.GHG.N2O.AG.MT.CE.AR5:TGO,1988-12-31,0.3437
WDI:EN.GHG.N2O.AG.MT.CE.AR5:TGO,1989-12-31,0.342
WDI:EN.GHG.N2O.AG.MT.CE.AR5:TGO,1990-12-31,0.3666
WDI:EN.GHG.N2O.AG.MT.CE.AR5:TGO,1991-12-31,0.3346
WDI:EN.GHG.N2O.AG.MT.CE.AR5:TGO,1992-12-31,0.2971
WDI:EN.GHG.N2O.AG.MT.CE.AR5:TGO,1993-12-31,0.2929
WDI:EN.GHG.N2O.AG.MT.CE.AR5:TGO,1994-12-31,0.2836
WDI:EN.GHG.N2O.AG.MT.CE.AR5:TGO,1995-12-31,0.2404
WDI:EN.GHG.N2O.AG.MT.CE.AR5:TGO,1996-12-31,0.2823
WDI:EN.GHG.N2O.AG.MT.CE.AR5:TGO,1997-12-31,0.3283
WDI:EN.GHG.N2O.AG.MT.CE.AR5:TGO,1998-12-31,0.3454
WDI:EN.GHG.N2O.AG.MT.CE.AR5:TGO,1999-12-31,0.3661
WDI:EN.GHG.N2O.AG.MT.CE.AR5:TGO,2000-12-31,0.3813
WDI:EN.GHG.N2O.AG.MT.CE.AR5:TGO,2001-12-31,0.3897
WDI:EN.GHG.N2O.AG.MT.CE.AR5:TGO,2002-12-31,0.402
WDI:EN.GHG.N2O.AG.MT.CE.AR5:TGO,2003-12-31,0.4123
WDI:EN.GHG.N2O.AG.MT.CE.AR5:TGO,2004-12-31,0.4152
WDI:EN.GHG.N2O.AG.MT.CE.AR5:TGO,2005-12-31,0.4451
WDI:EN.GHG.N2O.AG.MT.CE.AR5:TGO,2006-12-31,0.4607
WDI:EN.GHG.N2O.AG.MT.CE.AR5:TGO,2007-12-31,0.4693
WDI:EN.GHG.N2O.AG.MT.CE.AR5:TGO,2008-12-31,0.4724
WDI:EN.GHG.N2O.AG.MT.CE.AR5:TGO,2009-12-31,0.493
WDI:EN.GHG.N2O.AG.MT.CE.AR5:TGO,2010-12-31,0.5006
WDI:EN.GHG.N2O.AG.MT.CE.AR5:TGO,2011-12-31,0.507
WDI:EN.GHG.N2O.AG.MT.CE.AR5:TGO,2012-12-31,0.6227
WDI:EN.GHG.N2O.AG.MT.CE.AR5:TGO,2013-12-31,0.6684
WDI:EN.GHG.N2O.AG.MT.CE.AR5:TGO,2014-12-31,0.6571
WDI:EN.GHG.N2O.AG.MT.CE.AR5:TGO,2015-12-31,0.6805
WDI:EN.GHG.N2O.AG.MT.CE.AR5:TGO,2016-12-31,0.7112
WDI:EN.GHG.N2O.AG.MT.CE.AR5:TGO,2017-12-31,0.7425
WDI:EN.GHG.N2O.AG.MT.CE.AR5:TGO,2018-12-31,0.7754
WDI:EN.GHG.N2O.AG.MT.CE.AR5:TGO,2019-12-31,0.8137
WDI:EN.GHG.N2O.AG.MT.CE.AR5:TGO,2020-12-31,0.851
WDI:EN.GHG.N2O.AG.MT.CE.AR5:TGO,2021-12-31,0.8942
WDI:EN.GHG.N2O.AG.MT.CE.AR5:TGO,2022-12-31,0.9379
WDI:EN.GHG.N2O.AG.MT.CE.AR5:TGO,2023-12-31,0.9776
WDI:EN.GHG.N2O.AG.MT.CE.AR5:TGO,2024-12-31,1.0155
WDI:EN.GHG.N2O.AG.MT.CE.AR5:THA,1970-12-31,6.5443
WDI:EN.GHG.N2O.AG.MT.CE.AR5:THA,1971-12-31,6.3164
WDI:EN.GHG.N2O.AG.MT.CE.AR5:THA,1972-12-31,6.1538
WDI:EN.GHG.N2O.AG.MT.CE.AR5:THA,1973-12-31,6.2785
WDI:EN.GHG.N2O.AG.MT.CE.AR5:THA,1974-12-31,6.3301
WDI:EN.GHG.N2O.AG.MT.CE.AR5:THA,1975-12-31,6.5012
WDI:EN.GHG.N2O.AG.MT.CE.AR5:THA,1976-12-31,6.9358
WDI:EN.GHG.N2O.AG.MT.CE.AR5:THA,1977-12-31,7.0823
WDI:EN.GHG.N2O.AG.MT.CE.AR5:THA,1978-12-31,7.3252
WDI:EN.GHG.N2O.AG.MT.CE.AR5:THA,1979-12-31,7.0062
WDI:EN.GHG.N2O.AG.MT.CE.AR5:THA,1980-12-31,6.8575
WDI:EN.GHG.N2O.AG.MT.CE.AR5:THA,1981-12-31,7.5831
WDI:EN.GHG.N2O.AG.MT.CE.AR5:THA,1982-12-31,7.9119
WDI:EN.GHG.N2O.AG.MT.CE.AR5:THA,1983-12-31,8.5321
WDI:EN.GHG.N2O.AG.MT.CE.AR5:THA,1984-12-31,8.5595
WDI:EN.GHG.N2O.AG.MT.CE.AR5:THA,1985-12-31,8.7351
WDI:EN.GHG.N2O.AG.MT.CE.AR5:THA,1986-12-31,9.1145
WDI:EN.GHG.N2O.AG.MT.CE.AR5:THA,1987-12-31,9.17
WDI:EN.GHG.N2O.AG.MT.CE.AR5:THA,1988-12-31,9.5895
WDI:EN.GHG.N2O.AG.MT.CE.AR5:THA,1989-12-31,9.9498
WDI:EN.GHG.N2O.AG.MT.CE.AR5:THA,1990-12-31,10.2352
WDI:EN.GHG.N2O.AG.MT.CE.AR5:THA,1991-12-31,10.5477
WDI:EN.GHG.N2O.AG.MT.CE.AR5:THA,1992-12-31,11.201
WDI:EN.GHG.N2O.AG.MT.CE.AR5:THA,1993-12-31,12.1856
WDI:EN.GHG.N2O.AG.MT.CE.AR5:THA,1994-12-31,12.168
WDI:EN.GHG.N2O.AG.MT.CE.AR5:THA,1995-12-31,11.4093
WDI:EN.GHG.N2O.AG.MT.CE.AR5:THA,1996-12-31,11.4017
WDI:EN.GHG.N2O.AG.MT.CE.AR5:THA,1997-12-31,10.9084
WDI:EN.GHG.N2O.AG.MT.CE.AR5:THA,1998-12-31,10.9594
WDI:EN.GHG.N2O.AG.MT.CE.AR5:THA,1999-12-31,11.5452
WDI:EN.GHG.N2O.AG.MT.CE.AR5:THA,2000-12-31,10.7059
WDI:EN.GHG.N2O.AG.MT.CE.AR5:THA,2001-12-31,11.0131
WDI:EN.GHG.N2O.AG.MT.CE.AR5:THA,2002-12-31,11.2835
WDI:EN.GHG.N2O.AG.MT.CE.AR5:THA,2003-12-31,11.72
WDI:EN.GHG.N2O.AG.MT.CE.AR5:THA,2004-12-31,11.4221
WDI:EN.GHG.N2O.AG.MT.CE.AR5:THA,2005-12-31,11.3511
WDI:EN.GHG.N2O.AG.MT.CE.AR5:THA,2006-12-31,10.9662
WDI:EN.GHG.N2O.AG.MT.CE.AR5:THA,2007-12-31,11.8162
WDI:EN.GHG.N2O.AG.MT.CE.AR5:THA,2008-12-31,11.3402
WDI:EN.GHG.N2O.AG.MT.CE.AR5:THA,2009-12-31,12.9726
WDI:EN.GHG.N2O.AG.MT.CE.AR5:THA,2010-12-31,13.4748
WDI:EN.GHG.N2O.AG.MT.CE.AR5:THA,2011-12-31,13.7715
WDI:EN.GHG.N2O.AG.MT.CE.AR5:THA,2012-12-31,13.5781
WDI:EN.GHG.N2O.AG.MT.CE.AR5:THA,2013-12-31,14.1867
WDI:EN.GHG.N2O.AG.MT.CE.AR5:THA,2014-12-31,13.2336
WDI:EN.GHG.N2O.AG.MT.CE.AR5:THA,2015-12-31,12.215
WDI:EN.GHG.N2O.AG.MT.CE.AR5:THA,2016-12-31,13.1113
WDI:EN.GHG.N2O.AG.MT.CE.AR5:THA,2017-12-31,13.9584
WDI:EN.GHG.N2O.AG.MT.CE.AR5:THA,2018-12-31,14.0106
WDI:EN.GHG.N2O.AG.MT.CE.AR5:THA,2019-12-31,12.6035
WDI:EN.GHG.N2O.AG.MT.CE.AR5:THA,2020-12-31,12.925
WDI:EN.GHG.N2O.AG.MT.CE.AR5:THA,2021-12-31,12.3288
WDI:EN.GHG.N2O.AG.MT.CE.AR5:THA,2022-12-31,11.8417
WDI:EN.GHG.N2O.AG.MT.CE.AR5:THA,2023-12-31,11.4872
WDI:EN.GHG.N2O.AG.MT.CE.AR5:THA,2024-12-31,11.0823
WDI:EN.GHG.N2O.AG.MT.CE.AR5:TJK,1970-12-31,0.9352
WDI:EN.GHG.N2O.AG.MT.CE.AR5:TJK,1971-12-31,0.9665
WDI:EN.GHG.N2O.AG.MT.CE.AR5:TJK,1972-12-31,0.9866
WDI:EN.GHG.N2O.AG.MT.CE.AR5:TJK,1973-12-31,1.0003
WDI:EN.GHG.N2O.AG.MT.CE.AR5:TJK,1974-12-31,1.0334
WDI:EN.GHG.N2O.AG.MT.CE.AR5:TJK,1975-12-31,1.0515
WDI:EN.GHG.N2O.AG.MT.CE.AR5:TJK,1976-12-31,1.0727
WDI:EN.GHG.N2O.AG.MT.CE.AR5:TJK,1977-12-31,1.095
WDI:EN.GHG.N2O.AG.MT.CE.AR5:TJK,1978-12-31,1.1223
WDI:EN.GHG.N2O.AG.MT.CE.AR5:TJK,1979-12-31,1.1363
WDI:EN.GHG.N2O.AG.MT.CE.AR5:TJK,1980-12-31,1.1514
WDI:EN.GHG.N2O.AG.MT.CE.AR5:TJK,1981-12-31,1.1506
WDI:EN.GHG.N2O.AG.MT.CE.AR5:TJK,1982-12-31,1.1664
WDI:EN.GHG.N2O.AG.MT.CE.AR5:TJK,1983-12-31,1.1961
WDI:EN.GHG.N2O.AG.MT.CE.AR5:TJK,1984-12-31,1.2178
WDI:EN.GHG.N2O.AG.MT.CE.AR5:TJK,1985-12-31,1.2338
WDI:EN.GHG.N2O.AG.MT.CE.AR5:TJK,1986-12-31,1.251
WDI:EN.GHG.N2O.AG.MT.CE.AR5:TJK,1987-12-31,1.2729
WDI:EN.GHG.N2O.AG.MT.CE.AR5:TJK,1988-12-31,1.2357
WDI:EN.GHG.N2O.AG.MT.CE.AR5:TJK,1989-12-31,1.1966
WDI:EN.GHG.N2O.AG.MT.CE.AR5:TJK,1990-12-31,1.1762
WDI:EN.GHG.N2O.AG.MT.CE.AR5:TJK,1991-12-31,1.1476
WDI:EN.GHG.N2O.AG.MT.CE.AR5:TJK,1992-12-31,1.0943
WDI:EN.GHG.N2O.AG.MT.CE.AR5:TJK,1993-12-31,0.9923
WDI:EN.GHG.N2O.AG.MT.CE.AR5:TJK,1994-12-31,0.9754
WDI:EN.GHG.N2O.AG.MT.CE.AR5:TJK,1995-12-31,0.9282
WDI:EN.GHG.N2O.AG.MT.CE.AR5:TJK,1996-12-31,0.8762
WDI:EN.GHG.N2O.AG.MT.CE.AR5:TJK,1997-12-31,0.9395
WDI:EN.GHG.N2O.AG.MT.CE.AR5:TJK,1998-12-31,0.8356
WDI:EN.GHG.N2O.AG.MT.CE.AR5:TJK,1999-12-31,0.7324
WDI:EN.GHG.N2O.AG.MT.CE.AR5:TJK,2000-12-31,0.7744
WDI:EN.GHG.N2O.AG.MT.CE.AR5:TJK,2001-12-31,0.7576
WDI:EN.GHG.N2O.AG.MT.CE.AR5:TJK,2002-12-31,0.8711
WDI:EN.GHG.N2O.AG.MT.CE.AR5:TJK,2003-12-31,0.8989
WDI:EN.GHG.N2O.AG.MT.CE.AR5:TJK,2004-12-31,0.9369
WDI:EN.GHG.N2O.AG.MT.CE.AR5:TJK,2005-12-31,0.9828
WDI:EN.GHG.N2O.AG.MT.CE.AR5:TJK,2006-12-31,1.0041
WDI:EN.GHG.N2O.AG.MT.CE.AR5:TJK,2007-12-31,1.0188
WDI:EN.GHG.N2O.AG.MT.CE.AR5:TJK,2008-12-31,1.1887
WDI:EN.GHG.N2O.AG.MT.CE.AR5:TJK,2009-12-31,1.2667
WDI:EN.GHG.N2O.AG.MT.CE.AR5:TJK,2010-12-31,1.2832
WDI:EN.GHG.N2O.AG.MT.CE.AR5:TJK,2011-12-31,1.3109
WDI:EN.GHG.N2O.AG.MT.CE.AR5:TJK,2012-12-31,1.3564
WDI:EN.GHG.N2O.AG.MT.CE.AR5:TJK,2013-12-31,1.4338
WDI:EN.GHG.N2O.AG.MT.CE.AR5:TJK,2014-12-31,1.4783
WDI:EN.GHG.N2O.AG.MT.CE.AR5:TJK,2015-12-31,1.5275
WDI:EN.GHG.N2O.AG.MT.CE.AR5:TJK,2016-12-31,1.5381
WDI:EN.GHG.N2O.AG.MT.CE.AR5:TJK,2017-12-31,1.8188
WDI:EN.GHG.N2O.AG.MT.CE.AR5:TJK,2018-12-31,1.8042
WDI:EN.GHG.N2O.AG.MT.CE.AR5:TJK,2019-12-31,1.7678
WDI:EN.GHG.N2O.AG.MT.CE.AR5:TJK,2020-12-31,1.8941
WDI:EN.GHG.N2O.AG.MT.CE.AR5:TJK,2021-12-31,1.8086
WDI:EN.GHG.N2O.AG.MT.CE.AR5:TJK,2022-12-31,1.8686
WDI:EN.GHG.N2O.AG.MT.CE.AR5:TJK,2023-12-31,1.8573
WDI:EN.GHG.N2O.AG.MT.CE.AR5:TJK,2024-12-31,1.8492
WDI:EN.GHG.N2O.AG.MT.CE.AR5:TKM,1970-12-31,1.2451
WDI:EN.GHG.N2O.AG.MT.CE.AR5:TKM,1971-12-31,1.2799
WDI:EN.GHG.N2O.AG.MT.CE.AR5:TKM,1972-12-31,1.2952
WDI:EN.GHG.N2O.AG.MT.CE.AR5:TKM,1973-12-31,1.3052
WDI:EN.GHG.N2O.AG.MT.CE.AR5:TKM,1974-12-31,1.3632
WDI:EN.GHG.N2O.AG.MT.CE.AR5:TKM,1975-12-31,1.3772
WDI:EN.GHG.N2O.AG.MT.CE.AR5:TKM,1976-12-31,1.4131
WDI:EN.GHG.N2O.AG.MT.CE.AR5:TKM,1977-12-31,1.4835
WDI:EN.GHG.N2O.AG.MT.CE.AR5:TKM,1978-12-31,1.5234
WDI:EN.GHG.N2O.AG.MT.CE.AR5:TKM,1979-12-31,1.5486
WDI:EN.GHG.N2O.AG.MT.CE.AR5:TKM,1980-12-31,1.5709
WDI:EN.GHG.N2O.AG.MT.CE.AR5:TKM,1981-12-31,1.5646
WDI:EN.GHG.N2O.AG.MT.CE.AR5:TKM,1982-12-31,1.5847
WDI:EN.GHG.N2O.AG.MT.CE.AR5:TKM,1983-12-31,1.6374
WDI:EN.GHG.N2O.AG.MT.CE.AR5:TKM,1984-12-31,1.6571
WDI:EN.GHG.N2O.AG.MT.CE.AR5:TKM,1985-12-31,1.6786
WDI:EN.GHG.N2O.AG.MT.CE.AR5:TKM,1986-12-31,1.708
WDI:EN.GHG.N2O.AG.MT.CE.AR5:TKM,1987-12-31,1.739
WDI:EN.GHG.N2O.AG.MT.CE.AR5:TKM,1988-12-31,1.6798
WDI:EN.GHG.N2O.AG.MT.CE.AR5:TKM,1989-12-31,1.5457
WDI:EN.GHG.N2O.AG.MT.CE.AR5:TKM,1990-12-31,1.4962
WDI:EN.GHG.N2O.AG.MT.CE.AR5:TKM,1991-12-31,1.4196
WDI:EN.GHG.N2O.AG.MT.CE.AR5:TKM,1992-12-31,1.3245
WDI:EN.GHG.N2O.AG.MT.CE.AR5:TKM,1993-12-31,1.4551
WDI:EN.GHG.N2O.AG.MT.CE.AR5:TKM,1994-12-31,1.4594
WDI:EN.GHG.N2O.AG.MT.CE.AR5:TKM,1995-12-31,1.4508
WDI:EN.GHG.N2O.AG.MT.CE.AR5:TKM,1996-12-31,1.3891
WDI:EN.GHG.N2O.AG.MT.CE.AR5:TKM,1997-12-31,1.6757
WDI:EN.GHG.N2O.AG.MT.CE.AR5:TKM,1998-12-31,1.3221
WDI:EN.GHG.N2O.AG.MT.CE.AR5:TKM,1999-12-31,1.543
WDI:EN.GHG.N2O.AG.MT.CE.AR5:TKM,2000-12-31,1.7556
WDI:EN.GHG.N2O.AG.MT.CE.AR5:TKM,2001-12-31,1.9756
WDI:EN.GHG.N2O.AG.MT.CE.AR5:TKM,2002-12-31,2.2095
WDI:EN.GHG.N2O.AG.MT.CE.AR5:TKM,2003-12-31,2.5006
WDI:EN.GHG.N2O.AG.MT.CE.AR5:TKM,2004-12-31,2.6736
WDI:EN.GHG.N2O.AG.MT.CE.AR5:TKM,2005-12-31,3.061
WDI:EN.GHG.N2O.AG.MT.CE.AR5:TKM,2006-12-31,3.5612
WDI:EN.GHG.N2O.AG.MT.CE.AR5:TKM,2007-12-31,3.4297
WDI:EN.GHG.N2O.AG.MT.CE.AR5:TKM,2008-12-31,3.6638
WDI:EN.GHG.N2O.AG.MT.CE.AR5:TKM,2009-12-31,3.5724
WDI:EN.GHG.N2O.AG.MT.CE.AR5:TKM,2010-12-31,3.603
WDI:EN.GHG.N2O.AG.MT.CE.AR5:TKM,2011-12-31,3.5636
WDI:EN.GHG.N2O.AG.MT.CE.AR5:TKM,2012-12-31,3.6346
WDI:EN.GHG.N2O.AG.MT.CE.AR5:TKM,2013-12-31,4.3099
WDI:EN.GHG.N2O.AG.MT.CE.AR5:TKM,2014-12-31,4.4633
WDI:EN.GHG.N2O.AG.MT.CE.AR5:TKM,2015-12-31,4.8411
WDI:EN.GHG.N2O.AG.MT.CE.AR5:TKM,2016-12-31,4.5608
WDI:EN.GHG.N2O.AG.MT.CE.AR5:TKM,2017-12-31,4.5366
WDI:EN.GHG.N2O.AG.MT.CE.AR5:TKM,2018-12-31,4.5158
WDI:EN.GHG.N2O.AG.MT.CE.AR5:TKM,2019-12-31,4.5763
WDI:EN.GHG.N2O.AG.MT.CE.AR5:TKM,2020-12-31,4.7314
WDI:EN.GHG.N2O.AG.MT.CE.AR5:TKM,2021-12-31,4.7138
WDI:EN.GHG.N2O.AG.MT.CE.AR5:TKM,2022-12-31,4.7098
WDI:EN.GHG.N2O.AG.MT.CE.AR5:TKM,2023-12-31,4.7247
WDI:EN.GHG.N2O.AG.MT.CE.AR5:TKM,2024-12-31,4.7743
WDI:EN.GHG.N2O.AG.MT.CE.AR5:TLA,1970-12-31,107.64280000000002
WDI:EN.GHG.N2O.AG.MT.CE.AR5:TLA,1971-12-31,109.43249999999999
WDI:EN.GHG.N2O.AG.MT.CE.AR5:TLA,1972-12-31,112.56299999999999
WDI:EN.GHG.N2O.AG.MT.CE.AR5:TLA,1973-12-31,115.38010000000001
WDI:EN.GHG.N2O.AG.MT.CE.AR5:TLA,1974-12-31,119.611
WDI:EN.GHG.N2O.AG.MT.CE.AR5:TLA,1975-12-31,123.34450000000001
WDI:EN.GHG.N2O.AG.MT.CE.AR5:TLA,1976-12-31,129.5647
WDI:EN.GHG.N2O.AG.MT.CE.AR5:TLA,1977-12-31,134.9471
WDI:EN.GHG.N2O.AG.MT.CE.AR5:TLA,1978-12-31,133.9657
WDI:EN.GHG.N2O.AG.MT.CE.AR5:TLA,1979-12-31,136.7341
WDI:EN.GHG.N2O.AG.MT.CE.AR5:TLA,1980-12-31,141.8943
WDI:EN.GHG.N2O.AG.MT.CE.AR5:TLA,1981-12-31,143.5988
WDI:EN.GHG.N2O.AG.MT.CE.AR5:TLA,1982-12-31,144.9376
WDI:EN.GHG.N2O.AG.MT.CE.AR5:TLA,1983-12-31,145.032
WDI:EN.GHG.N2O.AG.MT.CE.AR5:TLA,1984-12-31,149.78310000000002
WDI:EN.GHG.N2O.AG.MT.CE.AR5:TLA,1985-12-31,151.6354
WDI:EN.GHG.N2O.AG.MT.CE.AR5:TLA,1986-12-31,155.2012
WDI:EN.GHG.N2O.AG.MT.CE.AR5:TLA,1987-12-31,158.48789999999997
WDI:EN.GHG.N2O.AG.MT.CE.AR5:TLA,1988-12-31,160.50049999999996
WDI:EN.GHG.N2O.AG.MT.CE.AR5:TLA,1989-12-31,163.1038
WDI:EN.GHG.N2O.AG.MT.CE.AR5:TLA,1990-12-31,163.44160000000002
WDI:EN.GHG.N2O.AG.MT.CE.AR5:TLA,1991-12-31,165.4084
WDI:EN.GHG.N2O.AG.MT.CE.AR5:TLA,1992-12-31,169.53040000000001
WDI:EN.GHG.N2O.AG.MT.CE.AR5:TLA,1993-12-31,173.24609999999998
WDI:EN.GHG.N2O.AG.MT.CE.AR5:TLA,1994-12-31,179.64109999999997
WDI:EN.GHG.N2O.AG.MT.CE.AR5:TLA,1995-12-31,182.0179
WDI:EN.GHG.N2O.AG.MT.CE.AR5:TLA,1996-12-31,179.83180000000002
WDI:EN.GHG.N2O.AG.MT.CE.AR5:TLA,1997-12-31,183.23310000000004
WDI:EN.GHG.N2O.AG.MT.CE.AR5:TLA,1998-12-31,184.44860000000003
WDI:EN.GHG.N2O.AG.MT.CE.AR5:TLA,1999-12-31,184.7717
WDI:EN.GHG.N2O.AG.MT.CE.AR5:TLA,2000-12-31,189.7408
WDI:EN.GHG.N2O.AG.MT.CE.AR5:TLA,2001-12-31,193.0932
WDI:EN.GHG.N2O.AG.MT.CE.AR5:TLA,2002-12-31,198.3939
WDI:EN.GHG.N2O.AG.MT.CE.AR5:TLA,2003-12-31,209.96300000000002
WDI:EN.GHG.N2O.AG.MT.CE.AR5:TLA,2004-12-31,215.94629999999998
WDI:EN.GHG.N2O.AG.MT.CE.AR5:TLA,2005-12-31,216.0719
WDI:EN.GHG.N2O.AG.MT.CE.AR5:TLA,2006-12-31,218.5402
WDI:EN.GHG.N2O.AG.MT.CE.AR5:TLA,2007-12-31,224.38200000000003
WDI:EN.GHG.N2O.AG.MT.CE.AR5:TLA,2008-12-31,222.72060000000005
WDI:EN.GHG.N2O.AG.MT.CE.AR5:TLA,2009-12-31,221.82840000000002
WDI:EN.GHG.N2O.AG.MT.CE.AR5:TLA,2010-12-31,226.2575
WDI:EN.GHG.N2O.AG.MT.CE.AR5:TLA,2011-12-31,233.0908
WDI:EN.GHG.N2O.AG.MT.CE.AR5:TLA,2012-12-31,232.6055
WDI:EN.GHG.N2O.AG.MT.CE.AR5:TLA,2013-12-31,238.76510000000002
WDI:EN.GHG.N2O.AG.MT.CE.AR5:TLA,2014-12-31,241.7845
WDI:EN.GHG.N2O.AG.MT.CE.AR5:TLA,2015-12-31,240.57259999999997
WDI:EN.GHG.N2O.AG.MT.CE.AR5:TLA,2016-12-31,248.9515
WDI:EN.GHG.N2O.AG.MT.CE.AR5:TLA,2017-12-31,250.8923
WDI:EN.GHG.N2O.AG.MT.CE.AR5:TLA,2018-12-31,250.27190000000004
WDI:EN.GHG.N2O.AG.MT.CE.AR5:TLA,2019-12-31,254.4286
WDI:EN.GHG.N2O.AG.MT.CE.AR5:TLA,2020-12-31,264.64009999999996
WDI:EN.GHG.N2O.AG.MT.CE.AR5:TLA,2021-12-31,273.91780000000006
WDI:EN.GHG.N2O.AG.MT.CE.AR5:TLA,2022-12-31,272.0921
WDI:EN.GHG.N2O.AG.MT.CE.AR5:TLA,2023-12-31,275.6127
WDI:EN.GHG.N2O.AG.MT.CE.AR5:TLA,2024-12-31,276.2657
WDI:EN.GHG.N2O.AG.MT.CE.AR5:TLS,1970-12-31,0.1305
WDI:EN.GHG.N2O.AG.MT.CE.AR5:TLS,1971-12-31,0.1312
WDI:EN.GHG.N2O.AG.MT.CE.AR5:TLS,1972-12-31,0.1383
WDI:EN.GHG.N2O.AG.MT.CE.AR5:TLS,1973-12-31,0.1388
WDI:EN.GHG.N2O.AG.MT.CE.AR5:TLS,1974-12-31,0.1367
WDI:EN.GHG.N2O.AG.MT.CE.AR5:TLS,1975-12-31,0.1213
WDI:EN.GHG.N2O.AG.MT.CE.AR5:TLS,1976-12-31,0.1067
WDI:EN.GHG.N2O.AG.MT.CE.AR5:TLS,1977-12-31,0.0889
WDI:EN.GHG.N2O.AG.MT.CE.AR5:TLS,1978-12-31,0.0757
WDI:EN.GHG.N2O.AG.MT.CE.AR5:TLS,1979-12-31,0.0583
WDI:EN.GHG.N2O.AG.MT.CE.AR5:TLS,1980-12-31,0.0493
WDI:EN.GHG.N2O.AG.MT.CE.AR5:TLS,1981-12-31,0.0495
WDI:EN.GHG.N2O.AG.MT.CE.AR5:TLS,1982-12-31,0.0538
WDI:EN.GHG.N2O.AG.MT.CE.AR5:TLS,1983-12-31,0.0571
WDI:EN.GHG.N2O.AG.MT.CE.AR5:TLS,1984-12-31,0.0596
WDI:EN.GHG.N2O.AG.MT.CE.AR5:TLS,1985-12-31,0.0633
WDI:EN.GHG.N2O.AG.MT.CE.AR5:TLS,1986-12-31,0.0658
WDI:EN.GHG.N2O.AG.MT.CE.AR5:TLS,1987-12-31,0.0678
WDI:EN.GHG.N2O.AG.MT.CE.AR5:TLS,1988-12-31,0.0673
WDI:EN.GHG.N2O.AG.MT.CE.AR5:TLS,1989-12-31,0.076
WDI:EN.GHG.N2O.AG.MT.CE.AR5:TLS,1990-12-31,0.0813
WDI:EN.GHG.N2O.AG.MT.CE.AR5:TLS,1991-12-31,0.0898
WDI:EN.GHG.N2O.AG.MT.CE.AR5:TLS,1992-12-31,0.0968
WDI:EN.GHG.N2O.AG.MT.CE.AR5:TLS,1993-12-31,0.1038
WDI:EN.GHG.N2O.AG.MT.CE.AR5:TLS,1994-12-31,0.1248
WDI:EN.GHG.N2O.AG.MT.CE.AR5:TLS,1995-12-31,0.1265
WDI:EN.GHG.N2O.AG.MT.CE.AR5:TLS,1996-12-31,0.1307
WDI:EN.GHG.N2O.AG.MT.CE.AR5:TLS,1997-12-31,0.1337
WDI:EN.GHG.N2O.AG.MT.CE.AR5:TLS,1998-12-31,0.1408
WDI:EN.GHG.N2O.AG.MT.CE.AR5:TLS,1999-12-31,0.1177
WDI:EN.GHG.N2O.AG.MT.CE.AR5:TLS,2000-12-31,0.1263
WDI:EN.GHG.N2O.AG.MT.CE.AR5:TLS,2001-12-31,0.1484
WDI:EN.GHG.N2O.AG.MT.CE.AR5:TLS,2002-12-31,0.149
WDI:EN.GHG.N2O.AG.MT.CE.AR5:TLS,2003-12-31,0.144
WDI:EN.GHG.N2O.AG.MT.CE.AR5:TLS,2004-12-31,0.1377
WDI:EN.GHG.N2O.AG.MT.CE.AR5:TLS,2005-12-31,0.1452
WDI:EN.GHG.N2O.AG.MT.CE.AR5:TLS,2006-12-31,0.1486
WDI:EN.GHG.N2O.AG.MT.CE.AR5:TLS,2007-12-31,0.1499
WDI:EN.GHG.N2O.AG.MT.CE.AR5:TLS,2008-12-31,0.1542
WDI:EN.GHG.N2O.AG.MT.CE.AR5:TLS,2009-12-31,0.1584
WDI:EN.GHG.N2O.AG.MT.CE.AR5:TLS,2010-12-31,0.1553
WDI:EN.GHG.N2O.AG.MT.CE.AR5:TLS,2011-12-31,0.1563
WDI:EN.GHG.N2O.AG.MT.CE.AR5:TLS,2012-12-31,0.1627
WDI:EN.GHG.N2O.AG.MT.CE.AR5:TLS,2013-12-31,0.1674
WDI:EN.GHG.N2O.AG.MT.CE.AR5:TLS,2014-12-31,0.1688
WDI:EN.GHG.N2O.AG.MT.CE.AR5:TLS,2015-12-31,0.1912
WDI:EN.GHG.N2O.AG.MT.CE.AR5:TLS,2016-12-31,0.1903
WDI:EN.GHG.N2O.AG.MT.CE.AR5:TLS,2017-12-31,0.1877
WDI:EN.GHG.N2O.AG.MT.CE.AR5:TLS,2018-12-31,0.1892
WDI:EN.GHG.N2O.AG.MT.CE.AR5:TLS,2019-12-31,0.2106
WDI:EN.GHG.N2O.AG.MT.CE.AR5:TLS,2020-12-31,0.1936
WDI:EN.GHG.N2O.AG.MT.CE.AR5:TLS,2021-12-31,0.1813
WDI:EN.GHG.N2O.AG.MT.CE.AR5:TLS,2022-12-31,0.1934
WDI:EN.GHG.N2O.AG.MT.CE.AR5:TLS,2023-12-31,0.1991
WDI:EN.GHG.N2O.AG.MT.CE.AR5:TLS,2024-12-31,0.201
WDI:EN.GHG.N2O.AG.MT.CE.AR5:TMN,1970-12-31,30.933200000000003
WDI:EN.GHG.N2O.AG.MT.CE.AR5:TMN,1971-12-31,31.116800000000005
WDI:EN.GHG.N2O.AG.MT.CE.AR5:TMN,1972-12-31,30.938100000000002
WDI:EN.GHG.N2O.AG.MT.CE.AR5:TMN,1973-12-31,31.106599999999993
WDI:EN.GHG.N2O.AG.MT.CE.AR5:TMN,1974-12-31,32.1953
WDI:EN.GHG.N2O.AG.MT.CE.AR5:TMN,1975-12-31,33.454600000000006
WDI:EN.GHG.N2O.AG.MT.CE.AR5:TMN,1976-12-31,34.695
WDI:EN.GHG.N2O.AG.MT.CE.AR5:TMN,1977-12-31,35.7892
WDI:EN.GHG.N2O.AG.MT.CE.AR5:TMN,1978-12-31,37.1421
WDI:EN.GHG.N2O.AG.MT.CE.AR5:TMN,1979-12-31,38.9664
WDI:EN.GHG.N2O.AG.MT.CE.AR5:TMN,1980-12-31,40.0236
WDI:EN.GHG.N2O.AG.MT.CE.AR5:TMN,1981-12-31,40.9434
WDI:EN.GHG.N2O.AG.MT.CE.AR5:TMN,1982-12-31,42.2896
WDI:EN.GHG.N2O.AG.MT.CE.AR5:TMN,1983-12-31,43.5406
WDI:EN.GHG.N2O.AG.MT.CE.AR5:TMN,1984-12-31,43.578
WDI:EN.GHG.N2O.AG.MT.CE.AR5:TMN,1985-12-31,45.7353
WDI:EN.GHG.N2O.AG.MT.CE.AR5:TMN,1986-12-31,49.8401
WDI:EN.GHG.N2O.AG.MT.CE.AR5:TMN,1987-12-31,50.339099999999995
WDI:EN.GHG.N2O.AG.MT.CE.AR5:TMN,1988-12-31,51.5182
WDI:EN.GHG.N2O.AG.MT.CE.AR5:TMN,1989-12-31,54.6686
WDI:EN.GHG.N2O.AG.MT.CE.AR5:TMN,1990-12-31,54.661899999999996
WDI:EN.GHG.N2O.AG.MT.CE.AR5:TMN,1991-12-31,54.5947
WDI:EN.GHG.N2O.AG.MT.CE.AR5:TMN,1992-12-31,58.05199999999999
WDI:EN.GHG.N2O.AG.MT.CE.AR5:TMN,1993-12-31,58.48760000000001
WDI:EN.GHG.N2O.AG.MT.CE.AR5:TMN,1994-12-31,58.6934
WDI:EN.GHG.N2O.AG.MT.CE.AR5:TMN,1995-12-31,62.14249999999999
WDI:EN.GHG.N2O.AG.MT.CE.AR5:TMN,1996-12-31,63.84499999999999
WDI:EN.GHG.N2O.AG.MT.CE.AR5:TMN,1997-12-31,66.362
WDI:EN.GHG.N2O.AG.MT.CE.AR5:TMN,1998-12-31,68.4574
WDI:EN.GHG.N2O.AG.MT.CE.AR5:TMN,1999-12-31,69.6148
WDI:EN.GHG.N2O.AG.MT.CE.AR5:TMN,2000-12-31,70.6628
WDI:EN.GHG.N2O.AG.MT.CE.AR5:TMN,2001-12-31,71.84370000000001
WDI:EN.GHG.N2O.AG.MT.CE.AR5:TMN,2002-12-31,74.1492
WDI:EN.GHG.N2O.AG.MT.CE.AR5:TMN,2003-12-31,74.5812
WDI:EN.GHG.N2O.AG.MT.CE.AR5:TMN,2004-12-31,78.8365
WDI:EN.GHG.N2O.AG.MT.CE.AR5:TMN,2005-12-31,80.1444
WDI:EN.GHG.N2O.AG.MT.CE.AR5:TMN,2006-12-31,80.8721
WDI:EN.GHG.N2O.AG.MT.CE.AR5:TMN,2007-12-31,82.20980000000002
WDI:EN.GHG.N2O.AG.MT.CE.AR5:TMN,2008-12-31,83.2404
WDI:EN.GHG.N2O.AG.MT.CE.AR5:TMN,2009-12-31,87.0935
WDI:EN.GHG.N2O.AG.MT.CE.AR5:TMN,2010-12-31,85.944
WDI:EN.GHG.N2O.AG.MT.CE.AR5:TMN,2011-12-31,87.44170000000001
WDI:EN.GHG.N2O.AG.MT.CE.AR5:TMN,2012-12-31,85.97979999999998
WDI:EN.GHG.N2O.AG.MT.CE.AR5:TMN,2013-12-31,87.18120000000002
WDI:EN.GHG.N2O.AG.MT.CE.AR5:TMN,2014-12-31,87.2453
WDI:EN.GHG.N2O.AG.MT.CE.AR5:TMN,2015-12-31,83.7215
WDI:EN.GHG.N2O.AG.MT.CE.AR5:TMN,2016-12-31,92.31570000000002
WDI:EN.GHG.N2O.AG.MT.CE.AR5:TMN,2017-12-31,91.57360000000001
WDI:EN.GHG.N2O.AG.MT.CE.AR5:TMN,2018-12-31,92.2553
WDI:EN.GHG.N2O.AG.MT.CE.AR5:TMN,2019-12-31,91.54589999999999
WDI:EN.GHG.N2O.AG.MT.CE.AR5:TMN,2020-12-31,94.24120000000002
WDI:EN.GHG.N2O.AG.MT.CE.AR5:TMN,2021-12-31,95.86110000000001
WDI:EN.GHG.N2O.AG.MT.CE.AR5:TMN,2022-12-31,96.50810000000001
WDI:EN.GHG.N2O.AG.MT.CE.AR5:TMN,2023-12-31,97.764
WDI:EN.GHG.N2O.AG.MT.CE.AR5:TMN,2024-12-31,99.292
WDI:EN.GHG.N2O.AG.MT.CE.AR5:TON,1970-12-31,0.0067
WDI:EN.GHG.N2O.AG.MT.CE.AR5:TON,1971-12-31,0.0063
WDI:EN.GHG.N2O.AG.MT.CE.AR5:TON,1972-12-31,0.0064
WDI:EN.GHG.N2O.AG.MT.CE.AR5:TON,1973-12-31,0.0076
WDI:EN.GHG.N2O.AG.MT.CE.AR5:TON,1974-12-31,0.0083
WDI:EN.GHG.N2O.AG.MT.CE.AR5:TON,1975-12-31,0.0102
WDI:EN.GHG.N2O.AG.MT.CE.AR5:TON,1976-12-31,0.0115
WDI:EN.GHG.N2O.AG.MT.CE.AR5:TON,1977-12-31,0.0129
WDI:EN.GHG.N2O.AG.MT.CE.AR5:TON,1978-12-31,0.0169
WDI:EN.GHG.N2O.AG.MT.CE.AR5:TON,1979-12-31,0.0169
WDI:EN.GHG.N2O.AG.MT.CE.AR5:TON,1980-12-31,0.0181
WDI:EN.GHG.N2O.AG.MT.CE.AR5:TON,1981-12-31,0.0202
WDI:EN.GHG.N2O.AG.MT.CE.AR5:TON,1982-12-31,0.0181
WDI:EN.GHG.N2O.AG.MT.CE.AR5:TON,1983-12-31,0.0148
WDI:EN.GHG.N2O.AG.MT.CE.AR5:TON,1984-12-31,0.0133
WDI:EN.GHG.N2O.AG.MT.CE.AR5:TON,1985-12-31,0.017
WDI:EN.GHG.N2O.AG.MT.CE.AR5:TON,1986-12-31,0.0172
WDI:EN.GHG.N2O.AG.MT.CE.AR5:TON,1987-12-31,0.0194
WDI:EN.GHG.N2O.AG.MT.CE.AR5:TON,1988-12-31,0.0206
WDI:EN.GHG.N2O.AG.MT.CE.AR5:TON,1989-12-31,0.0188
WDI:EN.GHG.N2O.AG.MT.CE.AR5:TON,1990-12-31,0.0167
WDI:EN.GHG.N2O.AG.MT.CE.AR5:TON,1991-12-31,0.0164
WDI:EN.GHG.N2O.AG.MT.CE.AR5:TON,1992-12-31,0.0184
WDI:EN.GHG.N2O.AG.MT.CE.AR5:TON,1993-12-31,0.0181
WDI:EN.GHG.N2O.AG.MT.CE.AR5:TON,1994-12-31,0.0177
WDI:EN.GHG.N2O.AG.MT.CE.AR5:TON,1995-12-31,0.017
WDI:EN.GHG.N2O.AG.MT.CE.AR5:TON,1996-12-31,0.0172
WDI:EN.GHG.N2O.AG.MT.CE.AR5:TON,1997-12-31,0.0169
WDI:EN.GHG.N2O.AG.MT.CE.AR5:TON,1998-12-31,0.0169
WDI:EN.GHG.N2O.AG.MT.CE.AR5:TON,1999-12-31,0.0173
WDI:EN.GHG.N2O.AG.MT.CE.AR5:TON,2000-12-31,0.0182
WDI:EN.GHG.N2O.AG.MT.CE.AR5:TON,2001-12-31,0.0181
WDI:EN.GHG.N2O.AG.MT.CE.AR5:TON,2002-12-31,0.0183
WDI:EN.GHG.N2O.AG.MT.CE.AR5:TON,2003-12-31,0.0184
WDI:EN.GHG.N2O.AG.MT.CE.AR5:TON,2004-12-31,0.0184
WDI:EN.GHG.N2O.AG.MT.CE.AR5:TON,2005-12-31,0.0184
WDI:EN.GHG.N2O.AG.MT.CE.AR5:TON,2006-12-31,0.0184
WDI:EN.GHG.N2O.AG.MT.CE.AR5:TON,2007-12-31,0.0186
WDI:EN.GHG.N2O.AG.MT.CE.AR5:TON,2008-12-31,0.0186
WDI:EN.GHG.N2O.AG.MT.CE.AR5:TON,2009-12-31,0.0185
WDI:EN.GHG.N2O.AG.MT.CE.AR5:TON,2010-12-31,0.0185
WDI:EN.GHG.N2O.AG.MT.CE.AR5:TON,2011-12-31,0.0185
WDI:EN.GHG.N2O.AG.MT.CE.AR5:TON,2012-12-31,0.0187
WDI:EN.GHG.N2O.AG.MT.CE.AR5:TON,2013-12-31,0.0188
WDI:EN.GHG.N2O.AG.MT.CE.AR5:TON,2014-12-31,0.0189
WDI:EN.GHG.N2O.AG.MT.CE.AR5:TON,2015-12-31,0.0191
WDI:EN.GHG.N2O.AG.MT.CE.AR5:TON,2016-12-31,0.0193
WDI:EN.GHG.N2O.AG.MT.CE.AR5:TON,2017-12-31,0.0194
WDI:EN.GHG.N2O.AG.MT.CE.AR5:TON,2018-12-31,0.0194
WDI:EN.GHG.N2O.AG.MT.CE.AR5:TON,2019-12-31,0.0195
WDI:EN.GHG.N2O.AG.MT.CE.AR5:TON,2020-12-31,0.0196
WDI:EN.GHG.N2O.AG.MT.CE.AR5:TON,2021-12-31,0.0196
WDI:EN.GHG.N2O.AG.MT.CE.AR5:TON,2022-12-31,0.0196
WDI:EN.GHG.N2O.AG.MT.CE.AR5:TON,2023-12-31,0.0197
WDI:EN.GHG.N2O.AG.MT.CE.AR5:TON,2024-12-31,0.0198
WDI:EN.GHG.N2O.AG.MT.CE.AR5:TSA,1970-12-31,60.0603
WDI:EN.GHG.N2O.AG.MT.CE.AR5:TSA,1971-12-31,60.464800000000004
WDI:EN.GHG.N2O.AG.MT.CE.AR5:TSA,1972-12-31,61.029300000000006
WDI:EN.GHG.N2O.AG.MT.CE.AR5:TSA,1973-12-31,61.3206
WDI:EN.GHG.N2O.AG.MT.CE.AR5:TSA,1974-12-31,62.9483
WDI:EN.GHG.N2O.AG.MT.CE.AR5:TSA,1975-12-31,64.58009999999999
WDI:EN.GHG.N2O.AG.MT.CE.AR5:TSA,1976-12-31,67.96490000000001
WDI:EN.GHG.N2O.AG.MT.CE.AR5:TSA,1977-12-31,71.9843
WDI:EN.GHG.N2O.AG.MT.CE.AR5:TSA,1978-12-31,74.5241
WDI:EN.GHG.N2O.AG.MT.CE.AR5:TSA,1979-12-31,78.32900000000001
WDI:EN.GHG.N2O.AG.MT.CE.AR5:TSA,1980-12-31,79.1206
WDI:EN.GHG.N2O.AG.MT.CE.AR5:TSA,1981-12-31,82.2091
WDI:EN.GHG.N2O.AG.MT.CE.AR5:TSA,1982-12-31,84.5659
WDI:EN.GHG.N2O.AG.MT.CE.AR5:TSA,1983-12-31,89.91049999999998
WDI:EN.GHG.N2O.AG.MT.CE.AR5:TSA,1984-12-31,94.93860000000001
WDI:EN.GHG.N2O.AG.MT.CE.AR5:TSA,1985-12-31,97.80340000000001
WDI:EN.GHG.N2O.AG.MT.CE.AR5:TSA,1986-12-31,103.58250000000002
WDI:EN.GHG.N2O.AG.MT.CE.AR5:TSA,1987-12-31,100.08850000000001
WDI:EN.GHG.N2O.AG.MT.CE.AR5:TSA,1988-12-31,109.6839
WDI:EN.GHG.N2O.AG.MT.CE.AR5:TSA,1989-12-31,111.62400000000001
WDI:EN.GHG.N2O.AG.MT.CE.AR5:TSA,1990-12-31,114.56770000000002
WDI:EN.GHG.N2O.AG.MT.CE.AR5:TSA,1991-12-31,118.3545
WDI:EN.GHG.N2O.AG.MT.CE.AR5:TSA,1992-12-31,121.9799
WDI:EN.GHG.N2O.AG.MT.CE.AR5:TSA,1993-12-31,124.7643
WDI:EN.GHG.N2O.AG.MT.CE.AR5:TSA,1994-12-31,130.1026
WDI:EN.GHG.N2O.AG.MT.CE.AR5:TSA,1995-12-31,133.5354
WDI:EN.GHG.N2O.AG.MT.CE.AR5:TSA,1996-12-31,137.6362
WDI:EN.GHG.N2O.AG.MT.CE.AR5:TSA,1997-12-31,140.73489999999998
WDI:EN.GHG.N2O.AG.MT.CE.AR5:TSA,1998-12-31,143.6251
WDI:EN.GHG.N2O.AG.MT.CE.AR5:TSA,1999-12-31,146.2693
WDI:EN.GHG.N2O.AG.MT.CE.AR5:TSA,2000-12-31,142.6314
WDI:EN.GHG.N2O.AG.MT.CE.AR5:TSA,2001-12-31,145.7589
WDI:EN.GHG.N2O.AG.MT.CE.AR5:TSA,2002-12-31,140.99420000000003
WDI:EN.GHG.N2O.AG.MT.CE.AR5:TSA,2003-12-31,145.94830000000002
WDI:EN.GHG.N2O.AG.MT.CE.AR5:TSA,2004-12-31,150.7765
WDI:EN.GHG.N2O.AG.MT.CE.AR5:TSA,2005-12-31,157.8006
WDI:EN.GHG.N2O.AG.MT.CE.AR5:TSA,2006-12-31,165.181
WDI:EN.GHG.N2O.AG.MT.CE.AR5:TSA,2007-12-31,172.1669
WDI:EN.GHG.N2O.AG.MT.CE.AR5:TSA,2008-12-31,175.8348
WDI:EN.GHG.N2O.AG.MT.CE.AR5:TSA,2009-12-31,178.05900000000003
WDI:EN.GHG.N2O.AG.MT.CE.AR5:TSA,2010-12-31,184.77880000000002
WDI:EN.GHG.N2O.AG.MT.CE.AR5:TSA,2011-12-31,189.05949999999999
WDI:EN.GHG.N2O.AG.MT.CE.AR5:TSA,2012-12-31,187.22079999999997
WDI:EN.GHG.N2O.AG.MT.CE.AR5:TSA,2013-12-31,187.5541
WDI:EN.GHG.N2O.AG.MT.CE.AR5:TSA,2014-12-31,189.80569999999997
WDI:EN.GHG.N2O.AG.MT.CE.AR5:TSA,2015-12-31,192.69650000000001
WDI:EN.GHG.N2O.AG.MT.CE.AR5:TSA,2016-12-31,189.7225
WDI:EN.GHG.N2O.AG.MT.CE.AR5:TSA,2017-12-31,192.31080000000003
WDI:EN.GHG.N2O.AG.MT.CE.AR5:TSA,2018-12-31,197.7026
WDI:EN.GHG.N2O.AG.MT.CE.AR5:TSA,2019-12-31,206.2722
WDI:EN.GHG.N2O.AG.MT.CE.AR5:TSA,2020-12-31,215.2346
WDI:EN.GHG.N2O.AG.MT.CE.AR5:TSA,2021-12-31,210.8874
WDI:EN.GHG.N2O.AG.MT.CE.AR5:TSA,2022-12-31,214.9992
WDI:EN.GHG.N2O.AG.MT.CE.AR5:TSA,2023-12-31,218.8105
WDI:EN.GHG.N2O.AG.MT.CE.AR5:TSA,2024-12-31,222.9299
WDI:EN.GHG.N2O.AG.MT.CE.AR5:TSS,1970-12-31,79.64989999999999
WDI:EN.GHG.N2O.AG.MT.CE.AR5:TSS,1971-12-31,80.55870000000002
WDI:EN.GHG.N2O.AG.MT.CE.AR5:TSS,1972-12-31,81.21099999999997
WDI:EN.GHG.N2O.AG.MT.CE.AR5:TSS,1973-12-31,80.97199999999997
WDI:EN.GHG.N2O.AG.MT.CE.AR5:TSS,1974-12-31,81.6198
WDI:EN.GHG.N2O.AG.MT.CE.AR5:TSS,1975-12-31,83.81829999999998
WDI:EN.GHG.N2O.AG.MT.CE.AR5:TSS,1976-12-31,85.17949999999999
WDI:EN.GHG.N2O.AG.MT.CE.AR5:TSS,1977-12-31,87.34380000000002
WDI:EN.GHG.N2O.AG.MT.CE.AR5:TSS,1978-12-31,89.9121
WDI:EN.GHG.N2O.AG.MT.CE.AR5:TSS,1979-12-31,92.76609999999995
WDI:EN.GHG.N2O.AG.MT.CE.AR5:TSS,1980-12-31,94.39299999999999
WDI:EN.GHG.N2O.AG.MT.CE.AR5:TSS,1981-12-31,96.39090000000003
WDI:EN.GHG.N2O.AG.MT.CE.AR5:TSS,1982-12-31,98.016
WDI:EN.GHG.N2O.AG.MT.CE.AR5:TSS,1983-12-31,98.1336
WDI:EN.GHG.N2O.AG.MT.CE.AR5:TSS,1984-12-31,96.70829999999998
WDI:EN.GHG.N2O.AG.MT.CE.AR5:TSS,1985-12-31,98.01810000000002
WDI:EN.GHG.N2O.AG.MT.CE.AR5:TSS,1986-12-31,99.12219999999999
WDI:EN.GHG.N2O.AG.MT.CE.AR5:TSS,1987-12-31,98.4155
WDI:EN.GHG.N2O.AG.MT.CE.AR5:TSS,1988-12-31,101.48359999999997
WDI:EN.GHG.N2O.AG.MT.CE.AR5:TSS,1989-12-31,104.063
WDI:EN.GHG.N2O.AG.MT.CE.AR5:TSS,1990-12-31,106.13389999999998
WDI:EN.GHG.N2O.AG.MT.CE.AR5:TSS,1991-12-31,107.54860000000001
WDI:EN.GHG.N2O.AG.MT.CE.AR5:TSS,1992-12-31,109.77240000000006
WDI:EN.GHG.N2O.AG.MT.CE.AR5:TSS,1993-12-31,110.56110000000005
WDI:EN.GHG.N2O.AG.MT.CE.AR5:TSS,1994-12-31,112.67250000000001
WDI:EN.GHG.N2O.AG.MT.CE.AR5:TSS,1995-12-31,114.3703
WDI:EN.GHG.N2O.AG.MT.CE.AR5:TSS,1996-12-31,117.45189999999998
WDI:EN.GHG.N2O.AG.MT.CE.AR5:TSS,1997-12-31,120.70749999999998
WDI:EN.GHG.N2O.AG.MT.CE.AR5:TSS,1998-12-31,124.37830000000004
WDI:EN.GHG.N2O.AG.MT.CE.AR5:TSS,1999-12-31,128.57680000000002
WDI:EN.GHG.N2O.AG.MT.CE.AR5:TSS,2000-12-31,129.9102
WDI:EN.GHG.N2O.AG.MT.CE.AR5:TSS,2001-12-31,133.238
WDI:EN.GHG.N2O.AG.MT.CE.AR5:TSS,2002-12-31,136.32330000000002
WDI:EN.GHG.N2O.AG.MT.CE.AR5:TSS,2003-12-31,139.2102
WDI:EN.GHG.N2O.AG.MT.CE.AR5:TSS,2004-12-31,142.55010000000004
WDI:EN.GHG.N2O.AG.MT.CE.AR5:TSS,2005-12-31,147.0665
WDI:EN.GHG.N2O.AG.MT.CE.AR5:TSS,2006-12-31,149.87199999999999
WDI:EN.GHG.N2O.AG.MT.CE.AR5:TSS,2007-12-31,158.06139999999996
WDI:EN.GHG.N2O.AG.MT.CE.AR5:TSS,2008-12-31,164.31449999999998
WDI:EN.GHG.N2O.AG.MT.CE.AR5:TSS,2009-12-31,167.76629999999994
WDI:EN.GHG.N2O.AG.MT.CE.AR5:TSS,2010-12-31,173.75040000000004
WDI:EN.GHG.N2O.AG.MT.CE.AR5:TSS,2011-12-31,176.44149999999996
WDI:EN.GHG.N2O.AG.MT.CE.AR5:TSS,2012-12-31,182.4918
WDI:EN.GHG.N2O.AG.MT.CE.AR5:TSS,2013-12-31,188.44930000000002
WDI:EN.GHG.N2O.AG.MT.CE.AR5:TSS,2014-12-31,192.148
WDI:EN.GHG.N2O.AG.MT.CE.AR5:TSS,2015-12-31,194.80289999999994
WDI:EN.GHG.N2O.AG.MT.CE.AR5:TSS,2016-12-31,201.47269999999995
WDI:EN.GHG.N2O.AG.MT.CE.AR5:TSS,2017-12-31,205.67090000000002
WDI:EN.GHG.N2O.AG.MT.CE.AR5:TSS,2018-12-31,209.1761
WDI:EN.GHG.N2O.AG.MT.CE.AR5:TSS,2019-12-31,216.44259999999997
WDI:EN.GHG.N2O.AG.MT.CE.AR5:TSS,2020-12-31,223.58199999999994
WDI:EN.GHG.N2O.AG.MT.CE.AR5:TSS,2021-12-31,226.0592
WDI:EN.GHG.N2O.AG.MT.CE.AR5:TSS,2022-12-31,230.5863
WDI:EN.GHG.N2O.AG.MT.CE.AR5:TSS,2023-12-31,237.0544
WDI:EN.GHG.N2O.AG.MT.CE.AR5:TSS,2024-12-31,242.6438
WDI:EN.GHG.N2O.AG.MT.CE.AR5:TTO,1970-12-31,0.0886
WDI:EN.GHG.N2O.AG.MT.CE.AR5:TTO,1971-12-31,0.0896
WDI:EN.GHG.N2O.AG.MT.CE.AR5:TTO,1972-12-31,0.0922
WDI:EN.GHG.N2O.AG.MT.CE.AR5:TTO,1973-12-31,0.092
WDI:EN.GHG.N2O.AG.MT.CE.AR5:TTO,1974-12-31,0.0852
WDI:EN.GHG.N2O.AG.MT.CE.AR5:TTO,1975-12-31,0.0802
WDI:EN.GHG.N2O.AG.MT.CE.AR5:TTO,1976-12-31,0.0842
WDI:EN.GHG.N2O.AG.MT.CE.AR5:TTO,1977-12-31,0.0792
WDI:EN.GHG.N2O.AG.MT.CE.AR5:TTO,1978-12-31,0.0852
WDI:EN.GHG.N2O.AG.MT.CE.AR5:TTO,1979-12-31,0.0857
WDI:EN.GHG.N2O.AG.MT.CE.AR5:TTO,1980-12-31,0.0817
WDI:EN.GHG.N2O.AG.MT.CE.AR5:TTO,1981-12-31,0.0751
WDI:EN.GHG.N2O.AG.MT.CE.AR5:TTO,1982-12-31,0.0801
WDI:EN.GHG.N2O.AG.MT.CE.AR5:TTO,1983-12-31,0.0809
WDI:EN.GHG.N2O.AG.MT.CE.AR5:TTO,1984-12-31,0.0855
WDI:EN.GHG.N2O.AG.MT.CE.AR5:TTO,1985-12-31,0.0858
WDI:EN.GHG.N2O.AG.MT.CE.AR5:TTO,1986-12-31,0.0744
WDI:EN.GHG.N2O.AG.MT.CE.AR5:TTO,1987-12-31,0.076
WDI:EN.GHG.N2O.AG.MT.CE.AR5:TTO,1988-12-31,0.0623
WDI:EN.GHG.N2O.AG.MT.CE.AR5:TTO,1989-12-31,0.0662
WDI:EN.GHG.N2O.AG.MT.CE.AR5:TTO,1990-12-31,0.0892
WDI:EN.GHG.N2O.AG.MT.CE.AR5:TTO,1991-12-31,0.0909
WDI:EN.GHG.N2O.AG.MT.CE.AR5:TTO,1992-12-31,0.0937
WDI:EN.GHG.N2O.AG.MT.CE.AR5:TTO,1993-12-31,0.0747
WDI:EN.GHG.N2O.AG.MT.CE.AR5:TTO,1994-12-31,0.0723
WDI:EN.GHG.N2O.AG.MT.CE.AR5:TTO,1995-12-31,0.0761
WDI:EN.GHG.N2O.AG.MT.CE.AR5:TTO,1996-12-31,0.0941
WDI:EN.GHG.N2O.AG.MT.CE.AR5:TTO,1997-12-31,0.0916
WDI:EN.GHG.N2O.AG.MT.CE.AR5:TTO,1998-12-31,0.0854
WDI:EN.GHG.N2O.AG.MT.CE.AR5:TTO,1999-12-31,0.0877
WDI:EN.GHG.N2O.AG.MT.CE.AR5:TTO,2000-12-31,0.0976
WDI:EN.GHG.N2O.AG.MT.CE.AR5:TTO,2001-12-31,0.1076
WDI:EN.GHG.N2O.AG.MT.CE.AR5:TTO,2002-12-31,0.1101
WDI:EN.GHG.N2O.AG.MT.CE.AR5:TTO,2003-12-31,0.1001
WDI:EN.GHG.N2O.AG.MT.CE.AR5:TTO,2004-12-31,0.1165
WDI:EN.GHG.N2O.AG.MT.CE.AR5:TTO,2005-12-31,0.1163
WDI:EN.GHG.N2O.AG.MT.CE.AR5:TTO,2006-12-31,0.1172
WDI:EN.GHG.N2O.AG.MT.CE.AR5:TTO,2007-12-31,0.1171
WDI:EN.GHG.N2O.AG.MT.CE.AR5:TTO,2008-12-31,0.1141
WDI:EN.GHG.N2O.AG.MT.CE.AR5:TTO,2009-12-31,0.119
WDI:EN.GHG.N2O.AG.MT.CE.AR5:TTO,2010-12-31,0.1194
WDI:EN.GHG.N2O.AG.MT.CE.AR5:TTO,2011-12-31,0.1209
WDI:EN.GHG.N2O.AG.MT.CE.AR5:TTO,2012-12-31,0.1274
WDI:EN.GHG.N2O.AG.MT.CE.AR5:TTO,2013-12-31,0.1327
WDI:EN.GHG.N2O.AG.MT.CE.AR5:TTO,2014-12-31,0.1308
WDI:EN.GHG.N2O.AG.MT.CE.AR5:TTO,2015-12-31,0.1315
WDI:EN.GHG.N2O.AG.MT.CE.AR5:TTO,2016-12-31,0.132
WDI:EN.GHG.N2O.AG.MT.CE.AR5:TTO,2017-12-31,0.1366
WDI:EN.GHG.N2O.AG.MT.CE.AR5:TTO,2018-12-31,0.1372
WDI:EN.GHG.N2O.AG.MT.CE.AR5:TTO,2019-12-31,0.1401
WDI:EN.GHG.N2O.AG.MT.CE.AR5:TTO,2020-12-31,0.1428
WDI:EN.GHG.N2O.AG.MT.CE.AR5:TTO,2021-12-31,0.1429
WDI:EN.GHG.N2O.AG.MT.CE.AR5:TTO,2022-12-31,0.1438
WDI:EN.GHG.N2O.AG.MT.CE.AR5:TTO,2023-12-31,0.1451
WDI:EN.GHG.N2O.AG.MT.CE.AR5:TTO,2024-12-31,0.1467
WDI:EN.GHG.N2O.AG.MT.CE.AR5:TUN,1970-12-31,0.7248
WDI:EN.GHG.N2O.AG.MT.CE.AR5:TUN,1971-12-31,0.7891
WDI:EN.GHG.N2O.AG.MT.CE.AR5:TUN,1972-12-31,0.8482
WDI:EN.GHG.N2O.AG.MT.CE.AR5:TUN,1973-12-31,0.8359
WDI:EN.GHG.N2O.AG.MT.CE.AR5:TUN,1974-12-31,0.8674
WDI:EN.GHG.N2O.AG.MT.CE.AR5:TUN,1975-12-31,0.9031
WDI:EN.GHG.N2O.AG.MT.CE.AR5:TUN,1976-12-31,0.8988
WDI:EN.GHG.N2O.AG.MT.CE.AR5:TUN,1977-12-31,0.9147
WDI:EN.GHG.N2O.AG.MT.CE.AR5:TUN,1978-12-31,0.8328
WDI:EN.GHG.N2O.AG.MT.CE.AR5:TUN,1979-12-31,0.6982
WDI:EN.GHG.N2O.AG.MT.CE.AR5:TUN,1980-12-31,0.7584
WDI:EN.GHG.N2O.AG.MT.CE.AR5:TUN,1981-12-31,0.76
WDI:EN.GHG.N2O.AG.MT.CE.AR5:TUN,1982-12-31,0.8196
WDI:EN.GHG.N2O.AG.MT.CE.AR5:TUN,1983-12-31,0.8284
WDI:EN.GHG.N2O.AG.MT.CE.AR5:TUN,1984-12-31,0.9088
WDI:EN.GHG.N2O.AG.MT.CE.AR5:TUN,1985-12-31,0.9729
WDI:EN.GHG.N2O.AG.MT.CE.AR5:TUN,1986-12-31,0.957
WDI:EN.GHG.N2O.AG.MT.CE.AR5:TUN,1987-12-31,1.0239
WDI:EN.GHG.N2O.AG.MT.CE.AR5:TUN,1988-12-31,0.9734
WDI:EN.GHG.N2O.AG.MT.CE.AR5:TUN,1989-12-31,0.9978
WDI:EN.GHG.N2O.AG.MT.CE.AR5:TUN,1990-12-31,0.9917
WDI:EN.GHG.N2O.AG.MT.CE.AR5:TUN,1991-12-31,1.0938
WDI:EN.GHG.N2O.AG.MT.CE.AR5:TUN,1992-12-31,1.1104
WDI:EN.GHG.N2O.AG.MT.CE.AR5:TUN,1993-12-31,1.1627
WDI:EN.GHG.N2O.AG.MT.CE.AR5:TUN,1994-12-31,1.0736
WDI:EN.GHG.N2O.AG.MT.CE.AR5:TUN,1995-12-31,1.0357
WDI:EN.GHG.N2O.AG.MT.CE.AR5:TUN,1996-12-31,1.199
WDI:EN.GHG.N2O.AG.MT.CE.AR5:TUN,1997-12-31,1.1396
WDI:EN.GHG.N2O.AG.MT.CE.AR5:TUN,1998-12-31,1.2364
WDI:EN.GHG.N2O.AG.MT.CE.AR5:TUN,1999-12-31,1.2673
WDI:EN.GHG.N2O.AG.MT.CE.AR5:TUN,2000-12-31,1.2875
WDI:EN.GHG.N2O.AG.MT.CE.AR5:TUN,2001-12-31,1.2572
WDI:EN.GHG.N2O.AG.MT.CE.AR5:TUN,2002-12-31,1.241
WDI:EN.GHG.N2O.AG.MT.CE.AR5:TUN,2003-12-31,1.2309
WDI:EN.GHG.N2O.AG.MT.CE.AR5:TUN,2004-12-31,1.2774
WDI:EN.GHG.N2O.AG.MT.CE.AR5:TUN,2005-12-31,1.3288
WDI:EN.GHG.N2O.AG.MT.CE.AR5:TUN,2006-12-31,1.3389
WDI:EN.GHG.N2O.AG.MT.CE.AR5:TUN,2007-12-31,1.3767
WDI:EN.GHG.N2O.AG.MT.CE.AR5:TUN,2008-12-31,1.3391
WDI:EN.GHG.N2O.AG.MT.CE.AR5:TUN,2009-12-31,1.3703
WDI:EN.GHG.N2O.AG.MT.CE.AR5:TUN,2010-12-31,1.3494
WDI:EN.GHG.N2O.AG.MT.CE.AR5:TUN,2011-12-31,1.3521
WDI:EN.GHG.N2O.AG.MT.CE.AR5:TUN,2012-12-31,1.3682
WDI:EN.GHG.N2O.AG.MT.CE.AR5:TUN,2013-12-31,1.244
WDI:EN.GHG.N2O.AG.MT.CE.AR5:TUN,2014-12-31,1.298
WDI:EN.GHG.N2O.AG.MT.CE.AR5:TUN,2015-12-31,1.3211
WDI:EN.GHG.N2O.AG.MT.CE.AR5:TUN,2016-12-31,1.4041
WDI:EN.GHG.N2O.AG.MT.CE.AR5:TUN,2017-12-31,1.3041
WDI:EN.GHG.N2O.AG.MT.CE.AR5:TUN,2018-12-31,1.3399
WDI:EN.GHG.N2O.AG.MT.CE.AR5:TUN,2019-12-31,1.3052
WDI:EN.GHG.N2O.AG.MT.CE.AR5:TUN,2020-12-31,1.2019
WDI:EN.GHG.N2O.AG.MT.CE.AR5:TUN,2021-12-31,1.2925
WDI:EN.GHG.N2O.AG.MT.CE.AR5:TUN,2022-12-31,1.3931
WDI:EN.GHG.N2O.AG.MT.CE.AR5:TUN,2023-12-31,1.4029
WDI:EN.GHG.N2O.AG.MT.CE.AR5:TUN,2024-12-31,1.4356
WDI:EN.GHG.N2O.AG.MT.CE.AR5:TUR,1970-12-31,10.6808
WDI:EN.GHG.N2O.AG.MT.CE.AR5:TUR,1971-12-31,10.7818
WDI:EN.GHG.N2O.AG.MT.CE.AR5:TUR,1972-12-31,10.6997
WDI:EN.GHG.N2O.AG.MT.CE.AR5:TUR,1973-12-31,10.801
WDI:EN.GHG.N2O.AG.MT.CE.AR5:TUR,1974-12-31,10.4315
WDI:EN.GHG.N2O.AG.MT.CE.AR5:TUR,1975-12-31,11.4644
WDI:EN.GHG.N2O.AG.MT.CE.AR5:TUR,1976-12-31,12.5002
WDI:EN.GHG.N2O.AG.MT.CE.AR5:TUR,1977-12-31,13.0632
WDI:EN.GHG.N2O.AG.MT.CE.AR5:TUR,1978-12-31,13.3925
WDI:EN.GHG.N2O.AG.MT.CE.AR5:TUR,1979-12-31,13.8545
WDI:EN.GHG.N2O.AG.MT.CE.AR5:TUR,1980-12-31,14.2722
WDI:EN.GHG.N2O.AG.MT.CE.AR5:TUR,1981-12-31,14.7315
WDI:EN.GHG.N2O.AG.MT.CE.AR5:TUR,1982-12-31,15.0727
WDI:EN.GHG.N2O.AG.MT.CE.AR5:TUR,1983-12-31,15.2297
WDI:EN.GHG.N2O.AG.MT.CE.AR5:TUR,1984-12-31,15.4759
WDI:EN.GHG.N2O.AG.MT.CE.AR5:TUR,1985-12-31,13.9882
WDI:EN.GHG.N2O.AG.MT.CE.AR5:TUR,1986-12-31,14.5015
WDI:EN.GHG.N2O.AG.MT.CE.AR5:TUR,1987-12-31,15.6048
WDI:EN.GHG.N2O.AG.MT.CE.AR5:TUR,1988-12-31,15.2411
WDI:EN.GHG.N2O.AG.MT.CE.AR5:TUR,1989-12-31,15.2856
WDI:EN.GHG.N2O.AG.MT.CE.AR5:TUR,1990-12-31,15.3863
WDI:EN.GHG.N2O.AG.MT.CE.AR5:TUR,1991-12-31,14.7719
WDI:EN.GHG.N2O.AG.MT.CE.AR5:TUR,1992-12-31,15.2365
WDI:EN.GHG.N2O.AG.MT.CE.AR5:TUR,1993-12-31,16.0187
WDI:EN.GHG.N2O.AG.MT.CE.AR5:TUR,1994-12-31,14.152
WDI:EN.GHG.N2O.AG.MT.CE.AR5:TUR,1995-12-31,13.8198
WDI:EN.GHG.N2O.AG.MT.CE.AR5:TUR,1996-12-31,14.5391
WDI:EN.GHG.N2O.AG.MT.CE.AR5:TUR,1997-12-31,14.6129
WDI:EN.GHG.N2O.AG.MT.CE.AR5:TUR,1998-12-31,15.6744
WDI:EN.GHG.N2O.AG.MT.CE.AR5:TUR,1999-12-31,16.0137
WDI:EN.GHG.N2O.AG.MT.CE.AR5:TUR,2000-12-31,15.0224
WDI:EN.GHG.N2O.AG.MT.CE.AR5:TUR,2001-12-31,13.881
WDI:EN.GHG.N2O.AG.MT.CE.AR5:TUR,2002-12-31,14.1129
WDI:EN.GHG.N2O.AG.MT.CE.AR5:TUR,2003-12-31,14.5732
WDI:EN.GHG.N2O.AG.MT.CE.AR5:TUR,2004-12-31,14.8275
WDI:EN.GHG.N2O.AG.MT.CE.AR5:TUR,2005-12-31,15.073
WDI:EN.GHG.N2O.AG.MT.CE.AR5:TUR,2006-12-31,15.3628
WDI:EN.GHG.N2O.AG.MT.CE.AR5:TUR,2007-12-31,14.8226
WDI:EN.GHG.N2O.AG.MT.CE.AR5:TUR,2008-12-31,13.5786
WDI:EN.GHG.N2O.AG.MT.CE.AR5:TUR,2009-12-31,14.9821
WDI:EN.GHG.N2O.AG.MT.CE.AR5:TUR,2010-12-31,14.5438
WDI:EN.GHG.N2O.AG.MT.CE.AR5:TUR,2011-12-31,14.5787
WDI:EN.GHG.N2O.AG.MT.CE.AR5:TUR,2012-12-31,15.9991
WDI:EN.GHG.N2O.AG.MT.CE.AR5:TUR,2013-12-31,17.6876
WDI:EN.GHG.N2O.AG.MT.CE.AR5:TUR,2014-12-31,17.4093
WDI:EN.GHG.N2O.AG.MT.CE.AR5:TUR,2015-12-31,17.7726
WDI:EN.GHG.N2O.AG.MT.CE.AR5:TUR,2016-12-31,19.8637
WDI:EN.GHG.N2O.AG.MT.CE.AR5:TUR,2017-12-31,19.5701
WDI:EN.GHG.N2O.AG.MT.CE.AR5:TUR,2018-12-31,19.4593
WDI:EN.GHG.N2O.AG.MT.CE.AR5:TUR,2019-12-31,20.5307
WDI:EN.GHG.N2O.AG.MT.CE.AR5:TUR,2020-12-31,23.0339
WDI:EN.GHG.N2O.AG.MT.CE.AR5:TUR,2021-12-31,21.5853
WDI:EN.GHG.N2O.AG.MT.CE.AR5:TUR,2022-12-31,20.2001
WDI:EN.GHG.N2O.AG.MT.CE.AR5:TUR,2023-12-31,19.721
WDI:EN.GHG.N2O.AG.MT.CE.AR5:TUR,2024-12-31,19.4017
WDI:EN.GHG.N2O.AG.MT.CE.AR5:TUV,1970-12-31,0.0004
WDI:EN.GHG.N2O.AG.MT.CE.AR5:TUV,1971-12-31,0.0004
WDI:EN.GHG.N2O.AG.MT.CE.AR5:TUV,1972-12-31,0.0004
WDI:EN.GHG.N2O.AG.MT.CE.AR5:TUV,1973-12-31,0.0004
WDI:EN.GHG.N2O.AG.MT.CE.AR5:TUV,1974-12-31,0.0004
WDI:EN.GHG.N2O.AG.MT.CE.AR5:TUV,1975-12-31,0.0004
WDI:EN.GHG.N2O.AG.MT.CE.AR5:TUV,1976-12-31,0.0004
WDI:EN.GHG.N2O.AG.MT.CE.AR5:TUV,1977-12-31,0.0004
WDI:EN.GHG.N2O.AG.MT.CE.AR5:TUV,1978-12-31,0.0004
WDI:EN.GHG.N2O.AG.MT.CE.AR5:TUV,1979-12-31,0.0004
WDI:EN.GHG.N2O.AG.MT.CE.AR5:TUV,1980-12-31,0.0005
WDI:EN.GHG.N2O.AG.MT.CE.AR5:TUV,1981-12-31,0.0004
WDI:EN.GHG.N2O.AG.MT.CE.AR5:TUV,1982-12-31,0.0005
WDI:EN.GHG.N2O.AG.MT.CE.AR5:TUV,1983-12-31,0.0005
WDI:EN.GHG.N2O.AG.MT.CE.AR5:TUV,1984-12-31,0.0006
WDI:EN.GHG.N2O.AG.MT.CE.AR5:TUV,1985-12-31,0.0007
WDI:EN.GHG.N2O.AG.MT.CE.AR5:TUV,1986-12-31,0.0007
WDI:EN.GHG.N2O.AG.MT.CE.AR5:TUV,1987-12-31,0.0006
WDI:EN.GHG.N2O.AG.MT.CE.AR5:TUV,1988-12-31,0.0006
WDI:EN.GHG.N2O.AG.MT.CE.AR5:TUV,1989-12-31,0.0009
WDI:EN.GHG.N2O.AG.MT.CE.AR5:TUV,1990-12-31,0.0009
WDI:EN.GHG.N2O.AG.MT.CE.AR5:TUV,1991-12-31,0.001
WDI:EN.GHG.N2O.AG.MT.CE.AR5:TUV,1992-12-31,0.001
WDI:EN.GHG.N2O.AG.MT.CE.AR5:TUV,1993-12-31,0.001
WDI:EN.GHG.N2O.AG.MT.CE.AR5:TUV,1994-12-31,0.001
WDI:EN.GHG.N2O.AG.MT.CE.AR5:TUV,1995-12-31,0.001
WDI:EN.GHG.N2O.AG.MT.CE.AR5:TUV,1996-12-31,0.001
WDI:EN.GHG.N2O.AG.MT.CE.AR5:TUV,1997-12-31,0.0011
WDI:EN.GHG.N2O.AG.MT.CE.AR5:TUV,1998-12-31,0.0011
WDI:EN.GHG.N2O.AG.MT.CE.AR5:TUV,1999-12-31,0.0011
WDI:EN.GHG.N2O.AG.MT.CE.AR5:TUV,2000-12-31,0.0011
WDI:EN.GHG.N2O.AG.MT.CE.AR5:TUV,2001-12-31,0.0011
WDI:EN.GHG.N2O.AG.MT.CE.AR5:TUV,2002-12-31,0.0011
WDI:EN.GHG.N2O.AG.MT.CE.AR5:TUV,2003-12-31,0.0011
WDI:EN.GHG.N2O.AG.MT.CE.AR5:TUV,2004-12-31,0.0011
WDI:EN.GHG.N2O.AG.MT.CE.AR5:TUV,2005-12-31,0.0011
WDI:EN.GHG.N2O.AG.MT.CE.AR5:TUV,2006-12-31,0.0011
WDI:EN.GHG.N2O.AG.MT.CE.AR5:TUV,2007-12-31,0.0011
WDI:EN.GHG.N2O.AG.MT.CE.AR5:TUV,2008-12-31,0.0011
WDI:EN.GHG.N2O.AG.MT.CE.AR5:TUV,2009-12-31,0.0012
WDI:EN.GHG.N2O.AG.MT.CE.AR5:TUV,2010-12-31,0.0012
WDI:EN.GHG.N2O.AG.MT.CE.AR5:TUV,2011-12-31,0.0012
WDI:EN.GHG.N2O.AG.MT.CE.AR5:TUV,2012-12-31,0.0012
WDI:EN.GHG.N2O.AG.MT.CE.AR5:TUV,2013-12-31,0.0012
WDI:EN.GHG.N2O.AG.MT.CE.AR5:TUV,2014-12-31,0.0012
WDI:EN.GHG.N2O.AG.MT.CE.AR5:TUV,2015-12-31,0.0012
WDI:EN.GHG.N2O.AG.MT.CE.AR5:TUV,2016-12-31,0.0012
WDI:EN.GHG.N2O.AG.MT.CE.AR5:TUV,2017-12-31,0.0012
WDI:EN.GHG.N2O.AG.MT.CE.AR5:TUV,2018-12-31,0.0012
WDI:EN.GHG.N2O.AG.MT.CE.AR5:TUV,2019-12-31,0.0012
WDI:EN.GHG.N2O.AG.MT.CE.AR5:TUV,2020-12-31,0.0012
WDI:EN.GHG.N2O.AG.MT.CE.AR5:TUV,2021-12-31,0.0012
WDI:EN.GHG.N2O.AG.MT.CE.AR5:TUV,2022-12-31,0.0012
WDI:EN.GHG.N2O.AG.MT.CE.AR5:TUV,2023-12-31,0.0013
WDI:EN.GHG.N2O.AG.MT.CE.AR5:TUV,2024-12-31,0.0013
WDI:EN.GHG.N2O.AG.MT.CE.AR5:TZA,1970-12-31,4.4016
WDI:EN.GHG.N2O.AG.MT.CE.AR5:TZA,1971-12-31,4.4487
WDI:EN.GHG.N2O.AG.MT.CE.AR5:TZA,1972-12-31,4.4995
WDI:EN.GHG.N2O.AG.MT.CE.AR5:TZA,1973-12-31,4.5316
WDI:EN.GHG.N2O.AG.MT.CE.AR5:TZA,1974-12-31,4.6237
WDI:EN.GHG.N2O.AG.MT.CE.AR5:TZA,1975-12-31,4.7451
WDI:EN.GHG.N2O.AG.MT.CE.AR5:TZA,1976-12-31,4.9075
WDI:EN.GHG.N2O.AG.MT.CE.AR5:TZA,1977-12-31,5.0187
WDI:EN.GHG.N2O.AG.MT.CE.AR5:TZA,1978-12-31,5.1119
WDI:EN.GHG.N2O.AG.MT.CE.AR5:TZA,1979-12-31,5.2684
WDI:EN.GHG.N2O.AG.MT.CE.AR5:TZA,1980-12-31,5.3227
WDI:EN.GHG.N2O.AG.MT.CE.AR5:TZA,1981-12-31,5.4877
WDI:EN.GHG.N2O.AG.MT.CE.AR5:TZA,1982-12-31,5.5732
WDI:EN.GHG.N2O.AG.MT.CE.AR5:TZA,1983-12-31,5.6701
WDI:EN.GHG.N2O.AG.MT.CE.AR5:TZA,1984-12-31,5.4361
WDI:EN.GHG.N2O.AG.MT.CE.AR5:TZA,1985-12-31,5.6084
WDI:EN.GHG.N2O.AG.MT.CE.AR5:TZA,1986-12-31,5.6952
WDI:EN.GHG.N2O.AG.MT.CE.AR5:TZA,1987-12-31,5.7992
WDI:EN.GHG.N2O.AG.MT.CE.AR5:TZA,1988-12-31,5.8153
WDI:EN.GHG.N2O.AG.MT.CE.AR5:TZA,1989-12-31,5.9145
WDI:EN.GHG.N2O.AG.MT.CE.AR5:TZA,1990-12-31,5.9602
WDI:EN.GHG.N2O.AG.MT.CE.AR5:TZA,1991-12-31,6.0415
WDI:EN.GHG.N2O.AG.MT.CE.AR5:TZA,1992-12-31,6.1206
WDI:EN.GHG.N2O.AG.MT.CE.AR5:TZA,1993-12-31,6.1821
WDI:EN.GHG.N2O.AG.MT.CE.AR5:TZA,1994-12-31,6.2075
WDI:EN.GHG.N2O.AG.MT.CE.AR5:TZA,1995-12-31,6.9688
WDI:EN.GHG.N2O.AG.MT.CE.AR5:TZA,1996-12-31,6.3615
WDI:EN.GHG.N2O.AG.MT.CE.AR5:TZA,1997-12-31,6.4293
WDI:EN.GHG.N2O.AG.MT.CE.AR5:TZA,1998-12-31,6.5968
WDI:EN.GHG.N2O.AG.MT.CE.AR5:TZA,1999-12-31,7.5059
WDI:EN.GHG.N2O.AG.MT.CE.AR5:TZA,2000-12-31,7.3916
WDI:EN.GHG.N2O.AG.MT.CE.AR5:TZA,2001-12-31,7.5757
WDI:EN.GHG.N2O.AG.MT.CE.AR5:TZA,2002-12-31,7.8582
WDI:EN.GHG.N2O.AG.MT.CE.AR5:TZA,2003-12-31,8.1042
WDI:EN.GHG.N2O.AG.MT.CE.AR5:TZA,2004-12-31,8.2792
WDI:EN.GHG.N2O.AG.MT.CE.AR5:TZA,2005-12-31,8.3207
WDI:EN.GHG.N2O.AG.MT.CE.AR5:TZA,2006-12-31,8.7293
WDI:EN.GHG.N2O.AG.MT.CE.AR5:TZA,2007-12-31,8.7765
WDI:EN.GHG.N2O.AG.MT.CE.AR5:TZA,2008-12-31,9.0028
WDI:EN.GHG.N2O.AG.MT.CE.AR5:TZA,2009-12-31,9.1988
WDI:EN.GHG.N2O.AG.MT.CE.AR5:TZA,2010-12-31,9.4625
WDI:EN.GHG.N2O.AG.MT.CE.AR5:TZA,2011-12-31,10.184
WDI:EN.GHG.N2O.AG.MT.CE.AR5:TZA,2012-12-31,10.7895
WDI:EN.GHG.N2O.AG.MT.CE.AR5:TZA,2013-12-31,11.6614
WDI:EN.GHG.N2O.AG.MT.CE.AR5:TZA,2014-12-31,12.0439
WDI:EN.GHG.N2O.AG.MT.CE.AR5:TZA,2015-12-31,12.1332
WDI:EN.GHG.N2O.AG.MT.CE.AR5:TZA,2016-12-31,12.4698
WDI:EN.GHG.N2O.AG.MT.CE.AR5:TZA,2017-12-31,12.6246
WDI:EN.GHG.N2O.AG.MT.CE.AR5:TZA,2018-12-31,12.9725
WDI:EN.GHG.N2O.AG.MT.CE.AR5:TZA,2019-12-31,13.1412
WDI:EN.GHG.N2O.AG.MT.CE.AR5:TZA,2020-12-31,14.0849
WDI:EN.GHG.N2O.AG.MT.CE.AR5:TZA,2021-12-31,14.0285
WDI:EN.GHG.N2O.AG.MT.CE.AR5:TZA,2022-12-31,14.6715
WDI:EN.GHG.N2O.AG.MT.CE.AR5:TZA,2023-12-31,17.3024
WDI:EN.GHG.N2O.AG.MT.CE.AR5:TZA,2024-12-31,18.2088
WDI:EN.GHG.N2O.AG.MT.CE.AR5:UGA,1970-12-31,2.2705
WDI:EN.GHG.N2O.AG.MT.CE.AR5:UGA,1971-12-31,2.2787
WDI:EN.GHG.N2O.AG.MT.CE.AR5:UGA,1972-12-31,2.3581
WDI:EN.GHG.N2O.AG.MT.CE.AR5:UGA,1973-12-31,2.4203
WDI:EN.GHG.N2O.AG.MT.CE.AR5:UGA,1974-12-31,2.4709
WDI:EN.GHG.N2O.AG.MT.CE.AR5:UGA,1975-12-31,2.5502
WDI:EN.GHG.N2O.AG.MT.CE.AR5:UGA,1976-12-31,2.6111
WDI:EN.GHG.N2O.AG.MT.CE.AR5:UGA,1977-12-31,2.5869
WDI:EN.GHG.N2O.AG.MT.CE.AR5:UGA,1978-12-31,2.7749
WDI:EN.GHG.N2O.AG.MT.CE.AR5:UGA,1979-12-31,2.7399
WDI:EN.GHG.N2O.AG.MT.CE.AR5:UGA,1980-12-31,2.5391
WDI:EN.GHG.N2O.AG.MT.CE.AR5:UGA,1981-12-31,2.5478
WDI:EN.GHG.N2O.AG.MT.CE.AR5:UGA,1982-12-31,2.5931
WDI:EN.GHG.N2O.AG.MT.CE.AR5:UGA,1983-12-31,2.6379
WDI:EN.GHG.N2O.AG.MT.CE.AR5:UGA,1984-12-31,2.6909
WDI:EN.GHG.N2O.AG.MT.CE.AR5:UGA,1985-12-31,2.7329
WDI:EN.GHG.N2O.AG.MT.CE.AR5:UGA,1986-12-31,2.8174
WDI:EN.GHG.N2O.AG.MT.CE.AR5:UGA,1987-12-31,2.32
WDI:EN.GHG.N2O.AG.MT.CE.AR5:UGA,1988-12-31,2.492
WDI:EN.GHG.N2O.AG.MT.CE.AR5:UGA,1989-12-31,2.6283
WDI:EN.GHG.N2O.AG.MT.CE.AR5:UGA,1990-12-31,2.9206
WDI:EN.GHG.N2O.AG.MT.CE.AR5:UGA,1991-12-31,3.0305
WDI:EN.GHG.N2O.AG.MT.CE.AR5:UGA,1992-12-31,3.0831
WDI:EN.GHG.N2O.AG.MT.CE.AR5:UGA,1993-12-31,3.1803
WDI:EN.GHG.N2O.AG.MT.CE.AR5:UGA,1994-12-31,3.0893
WDI:EN.GHG.N2O.AG.MT.CE.AR5:UGA,1995-12-31,3.1676
WDI:EN.GHG.N2O.AG.MT.CE.AR5:UGA,1996-12-31,3.2055
WDI:EN.GHG.N2O.AG.MT.CE.AR5:UGA,1997-12-31,3.2861
WDI:EN.GHG.N2O.AG.MT.CE.AR5:UGA,1998-12-31,3.395
WDI:EN.GHG.N2O.AG.MT.CE.AR5:UGA,1999-12-31,3.481
WDI:EN.GHG.N2O.AG.MT.CE.AR5:UGA,2000-12-31,3.5657
WDI:EN.GHG.N2O.AG.MT.CE.AR5:UGA,2001-12-31,3.6749
WDI:EN.GHG.N2O.AG.MT.CE.AR5:UGA,2002-12-31,3.8371
WDI:EN.GHG.N2O.AG.MT.CE.AR5:UGA,2003-12-31,4.0318
WDI:EN.GHG.N2O.AG.MT.CE.AR5:UGA,2004-12-31,4.1398
WDI:EN.GHG.N2O.AG.MT.CE.AR5:UGA,2005-12-31,4.2613
WDI:EN.GHG.N2O.AG.MT.CE.AR5:UGA,2006-12-31,4.3629
WDI:EN.GHG.N2O.AG.MT.CE.AR5:UGA,2007-12-31,4.4889
WDI:EN.GHG.N2O.AG.MT.CE.AR5:UGA,2008-12-31,6.3761
WDI:EN.GHG.N2O.AG.MT.CE.AR5:UGA,2009-12-31,6.5581
WDI:EN.GHG.N2O.AG.MT.CE.AR5:UGA,2010-12-31,6.7501
WDI:EN.GHG.N2O.AG.MT.CE.AR5:UGA,2011-12-31,6.9359
WDI:EN.GHG.N2O.AG.MT.CE.AR5:UGA,2012-12-31,7.1265
WDI:EN.GHG.N2O.AG.MT.CE.AR5:UGA,2013-12-31,7.2404
WDI:EN.GHG.N2O.AG.MT.CE.AR5:UGA,2014-12-31,7.4357
WDI:EN.GHG.N2O.AG.MT.CE.AR5:UGA,2015-12-31,7.6389
WDI:EN.GHG.N2O.AG.MT.CE.AR5:UGA,2016-12-31,7.8615
WDI:EN.GHG.N2O.AG.MT.CE.AR5:UGA,2017-12-31,7.8599
WDI:EN.GHG.N2O.AG.MT.CE.AR5:UGA,2018-12-31,8.0774
WDI:EN.GHG.N2O.AG.MT.CE.AR5:UGA,2019-12-31,8.0644
WDI:EN.GHG.N2O.AG.MT.CE.AR5:UGA,2020-12-31,8.0227
WDI:EN.GHG.N2O.AG.MT.CE.AR5:UGA,2021-12-31,8.1022
WDI:EN.GHG.N2O.AG.MT.CE.AR5:UGA,2022-12-31,8.1646
WDI:EN.GHG.N2O.AG.MT.CE.AR5:UGA,2023-12-31,8.7226
WDI:EN.GHG.N2O.AG.MT.CE.AR5:UGA,2024-12-31,8.8568
WDI:EN.GHG.N2O.AG.MT.CE.AR5:UKR,1970-12-31,22.5637
WDI:EN.GHG.N2O.AG.MT.CE.AR5:UKR,1971-12-31,23.2831
WDI:EN.GHG.N2O.AG.MT.CE.AR5:UKR,1972-12-31,23.6778
WDI:EN.GHG.N2O.AG.MT.CE.AR5:UKR,1973-12-31,24.2268
WDI:EN.GHG.N2O.AG.MT.CE.AR5:UKR,1974-12-31,24.6865
WDI:EN.GHG.N2O.AG.MT.CE.AR5:UKR,1975-12-31,24.6842
WDI:EN.GHG.N2O.AG.MT.CE.AR5:UKR,1976-12-31,25.7815
WDI:EN.GHG.N2O.AG.MT.CE.AR5:UKR,1977-12-31,26.2298
WDI:EN.GHG.N2O.AG.MT.CE.AR5:UKR,1978-12-31,27.1588
WDI:EN.GHG.N2O.AG.MT.CE.AR5:UKR,1979-12-31,26.8872
WDI:EN.GHG.N2O.AG.MT.CE.AR5:UKR,1980-12-31,26.8973
WDI:EN.GHG.N2O.AG.MT.CE.AR5:UKR,1981-12-31,26.7279
WDI:EN.GHG.N2O.AG.MT.CE.AR5:UKR,1982-12-31,27.0344
WDI:EN.GHG.N2O.AG.MT.CE.AR5:UKR,1983-12-31,27.898
WDI:EN.GHG.N2O.AG.MT.CE.AR5:UKR,1984-12-31,28.1484
WDI:EN.GHG.N2O.AG.MT.CE.AR5:UKR,1985-12-31,28.8093
WDI:EN.GHG.N2O.AG.MT.CE.AR5:UKR,1986-12-31,29.3329
WDI:EN.GHG.N2O.AG.MT.CE.AR5:UKR,1987-12-31,29.4158
WDI:EN.GHG.N2O.AG.MT.CE.AR5:UKR,1988-12-31,28.4586
WDI:EN.GHG.N2O.AG.MT.CE.AR5:UKR,1989-12-31,27.6336
WDI:EN.GHG.N2O.AG.MT.CE.AR5:UKR,1990-12-31,27.3412
WDI:EN.GHG.N2O.AG.MT.CE.AR5:UKR,1991-12-31,26.0661
WDI:EN.GHG.N2O.AG.MT.CE.AR5:UKR,1992-12-31,24.7445
WDI:EN.GHG.N2O.AG.MT.CE.AR5:UKR,1993-12-31,23.7171
WDI:EN.GHG.N2O.AG.MT.CE.AR5:UKR,1994-12-31,22.2655
WDI:EN.GHG.N2O.AG.MT.CE.AR5:UKR,1995-12-31,20.6236
WDI:EN.GHG.N2O.AG.MT.CE.AR5:UKR,1996-12-31,18.8145
WDI:EN.GHG.N2O.AG.MT.CE.AR5:UKR,1997-12-31,17.688
WDI:EN.GHG.N2O.AG.MT.CE.AR5:UKR,1998-12-31,15.6232
WDI:EN.GHG.N2O.AG.MT.CE.AR5:UKR,1999-12-31,15.0536
WDI:EN.GHG.N2O.AG.MT.CE.AR5:UKR,2000-12-31,14.3219
WDI:EN.GHG.N2O.AG.MT.CE.AR5:UKR,2001-12-31,14.5821
WDI:EN.GHG.N2O.AG.MT.CE.AR5:UKR,2002-12-31,14.3744
WDI:EN.GHG.N2O.AG.MT.CE.AR5:UKR,2003-12-31,13.8823
WDI:EN.GHG.N2O.AG.MT.CE.AR5:UKR,2004-12-31,13.7463
WDI:EN.GHG.N2O.AG.MT.CE.AR5:UKR,2005-12-31,13.2304
WDI:EN.GHG.N2O.AG.MT.CE.AR5:UKR,2006-12-31,13.0088
WDI:EN.GHG.N2O.AG.MT.CE.AR5:UKR,2007-12-31,13.0566
WDI:EN.GHG.N2O.AG.MT.CE.AR5:UKR,2008-12-31,14.2327
WDI:EN.GHG.N2O.AG.MT.CE.AR5:UKR,2009-12-31,13.6167
WDI:EN.GHG.N2O.AG.MT.CE.AR5:UKR,2010-12-31,13.5205
WDI:EN.GHG.N2O.AG.MT.CE.AR5:UKR,2011-12-31,16.8804
WDI:EN.GHG.N2O.AG.MT.CE.AR5:UKR,2012-12-31,16.7381
WDI:EN.GHG.N2O.AG.MT.CE.AR5:UKR,2013-12-31,16.8995
WDI:EN.GHG.N2O.AG.MT.CE.AR5:UKR,2014-12-31,17.094
WDI:EN.GHG.N2O.AG.MT.CE.AR5:UKR,2015-12-31,16.6121
WDI:EN.GHG.N2O.AG.MT.CE.AR5:UKR,2016-12-31,18.6797
WDI:EN.GHG.N2O.AG.MT.CE.AR5:UKR,2017-12-31,20.1225
WDI:EN.GHG.N2O.AG.MT.CE.AR5:UKR,2018-12-31,18.9902
WDI:EN.GHG.N2O.AG.MT.CE.AR5:UKR,2019-12-31,20.0802
WDI:EN.GHG.N2O.AG.MT.CE.AR5:UKR,2020-12-31,20.0568
WDI:EN.GHG.N2O.AG.MT.CE.AR5:UKR,2021-12-31,21.1771
WDI:EN.GHG.N2O.AG.MT.CE.AR5:UKR,2022-12-31,12.9718
WDI:EN.GHG.N2O.AG.MT.CE.AR5:UKR,2023-12-31,12.151
WDI:EN.GHG.N2O.AG.MT.CE.AR5:UKR,2024-12-31,11.2784
WDI:EN.GHG.N2O.AG.MT.CE.AR5:UMC,1970-12-31,283.3108
WDI:EN.GHG.N2O.AG.MT.CE.AR5:UMC,1971-12-31,287.9446000000001
WDI:EN.GHG.N2O.AG.MT.CE.AR5:UMC,1972-12-31,293.31630000000007
WDI:EN.GHG.N2O.AG.MT.CE.AR5:UMC,1973-12-31,298.2595000000001
WDI:EN.GHG.N2O.AG.MT.CE.AR5:UMC,1974-12-31,300.8855
WDI:EN.GHG.N2O.AG.MT.CE.AR5:UMC,1975-12-31,312.7879
WDI:EN.GHG.N2O.AG.MT.CE.AR5:UMC,1976-12-31,329.0873999999999
WDI:EN.GHG.N2O.AG.MT.CE.AR5:UMC,1977-12-31,346.4843
WDI:EN.GHG.N2O.AG.MT.CE.AR5:UMC,1978-12-31,356.5623
WDI:EN.GHG.N2O.AG.MT.CE.AR5:UMC,1979-12-31,370.20990000000006
WDI:EN.GHG.N2O.AG.MT.CE.AR5:UMC,1980-12-31,386.3244999999999
WDI:EN.GHG.N2O.AG.MT.CE.AR5:UMC,1981-12-31,388.7082999999999
WDI:EN.GHG.N2O.AG.MT.CE.AR5:UMC,1982-12-31,397.8543999999999
WDI:EN.GHG.N2O.AG.MT.CE.AR5:UMC,1983-12-31,411.6412000000001
WDI:EN.GHG.N2O.AG.MT.CE.AR5:UMC,1984-12-31,428.0878000000002
WDI:EN.GHG.N2O.AG.MT.CE.AR5:UMC,1985-12-31,423.2990999999999
WDI:EN.GHG.N2O.AG.MT.CE.AR5:UMC,1986-12-31,432.81610000000006
WDI:EN.GHG.N2O.AG.MT.CE.AR5:UMC,1987-12-31,458.95290000000006
WDI:EN.GHG.N2O.AG.MT.CE.AR5:UMC,1988-12-31,472.11590000000007
WDI:EN.GHG.N2O.AG.MT.CE.AR5:UMC,1989-12-31,484.5967000000002
WDI:EN.GHG.N2O.AG.MT.CE.AR5:UMC,1990-12-31,493.87190000000004
WDI:EN.GHG.N2O.AG.MT.CE.AR5:UMC,1991-12-31,495.8477
WDI:EN.GHG.N2O.AG.MT.CE.AR5:UMC,1992-12-31,505.6273
WDI:EN.GHG.N2O.AG.MT.CE.AR5:UMC,1993-12-31,497.7312000000002
WDI:EN.GHG.N2O.AG.MT.CE.AR5:UMC,1994-12-31,510.2351999999999
WDI:EN.GHG.N2O.AG.MT.CE.AR5:UMC,1995-12-31,541.9564999999999
WDI:EN.GHG.N2O.AG.MT.CE.AR5:UMC,1996-12-31,555.9896999999999
WDI:EN.GHG.N2O.AG.MT.CE.AR5:UMC,1997-12-31,530.4776
WDI:EN.GHG.N2O.AG.MT.CE.AR5:UMC,1998-12-31,538.0218000000001
WDI:EN.GHG.N2O.AG.MT.CE.AR5:UMC,1999-12-31,547.0337000000002
WDI:EN.GHG.N2O.AG.MT.CE.AR5:UMC,2000-12-31,545.1206999999998
WDI:EN.GHG.N2O.AG.MT.CE.AR5:UMC,2001-12-31,545.9142999999996
WDI:EN.GHG.N2O.AG.MT.CE.AR5:UMC,2002-12-31,570.2975999999998
WDI:EN.GHG.N2O.AG.MT.CE.AR5:UMC,2003-12-31,572.6366
WDI:EN.GHG.N2O.AG.MT.CE.AR5:UMC,2004-12-31,592.8245000000002
WDI:EN.GHG.N2O.AG.MT.CE.AR5:UMC,2005-12-31,595.0373999999999
WDI:EN.GHG.N2O.AG.MT.CE.AR5:UMC,2006-12-31,613.8875
WDI:EN.GHG.N2O.AG.MT.CE.AR5:UMC,2007-12-31,612.3100000000002
WDI:EN.GHG.N2O.AG.MT.CE.AR5:UMC,2008-12-31,608.8503999999999
WDI:EN.GHG.N2O.AG.MT.CE.AR5:UMC,2009-12-31,631.7085000000002
WDI:EN.GHG.N2O.AG.MT.CE.AR5:UMC,2010-12-31,619.0995999999998
WDI:EN.GHG.N2O.AG.MT.CE.AR5:UMC,2011-12-31,642.3384000000003
WDI:EN.GHG.N2O.AG.MT.CE.AR5:UMC,2012-12-31,646.1154000000001
WDI:EN.GHG.N2O.AG.MT.CE.AR5:UMC,2013-12-31,657.5448
WDI:EN.GHG.N2O.AG.MT.CE.AR5:UMC,2014-12-31,639.3034999999998
WDI:EN.GHG.N2O.AG.MT.CE.AR5:UMC,2015-12-31,646.5206000000001
WDI:EN.GHG.N2O.AG.MT.CE.AR5:UMC,2016-12-31,646.4578999999998
WDI:EN.GHG.N2O.AG.MT.CE.AR5:UMC,2017-12-31,636.1271999999999
WDI:EN.GHG.N2O.AG.MT.CE.AR5:UMC,2018-12-31,637.3394
WDI:EN.GHG.N2O.AG.MT.CE.AR5:UMC,2019-12-31,645.6009
WDI:EN.GHG.N2O.AG.MT.CE.AR5:UMC,2020-12-31,655.7391000000002
WDI:EN.GHG.N2O.AG.MT.CE.AR5:UMC,2021-12-31,662.1828000000002
WDI:EN.GHG.N2O.AG.MT.CE.AR5:UMC,2022-12-31,662.6692000000002
WDI:EN.GHG.N2O.AG.MT.CE.AR5:UMC,2023-12-31,694.1176
WDI:EN.GHG.N2O.AG.MT.CE.AR5:UMC,2024-12-31,695.4062
WDI:EN.GHG.N2O.AG.MT.CE.AR5:URY,1970-12-31,4.3712
WDI:EN.GHG.N2O.AG.MT.CE.AR5:URY,1971-12-31,4.2944
WDI:EN.GHG.N2O.AG.MT.CE.AR5:URY,1972-12-31,4.3552
WDI:EN.GHG.N2O.AG.MT.CE.AR5:URY,1973-12-31,4.5737
WDI:EN.GHG.N2O.AG.MT.CE.AR5:URY,1974-12-31,4.7729
WDI:EN.GHG.N2O.AG.MT.CE.AR5:URY,1975-12-31,5.0952
WDI:EN.GHG.N2O.AG.MT.CE.AR5:URY,1976-12-31,4.7988
WDI:EN.GHG.N2O.AG.MT.CE.AR5:URY,1977-12-31,4.727
WDI:EN.GHG.N2O.AG.MT.CE.AR5:URY,1978-12-31,4.6947
WDI:EN.GHG.N2O.AG.MT.CE.AR5:URY,1979-12-31,4.9164
WDI:EN.GHG.N2O.AG.MT.CE.AR5:URY,1980-12-31,5.3698
WDI:EN.GHG.N2O.AG.MT.CE.AR5:URY,1981-12-31,5.4609
WDI:EN.GHG.N2O.AG.MT.CE.AR5:URY,1982-12-31,5.3658
WDI:EN.GHG.N2O.AG.MT.CE.AR5:URY,1983-12-31,4.8327
WDI:EN.GHG.N2O.AG.MT.CE.AR5:URY,1984-12-31,4.6279
WDI:EN.GHG.N2O.AG.MT.CE.AR5:URY,1985-12-31,4.7025
WDI:EN.GHG.N2O.AG.MT.CE.AR5:URY,1986-12-31,4.8149
WDI:EN.GHG.N2O.AG.MT.CE.AR5:URY,1987-12-31,5.0417
WDI:EN.GHG.N2O.AG.MT.CE.AR5:URY,1988-12-31,5.3267
WDI:EN.GHG.N2O.AG.MT.CE.AR5:URY,1989-12-31,5.0034
WDI:EN.GHG.N2O.AG.MT.CE.AR5:URY,1990-12-31,4.7339
WDI:EN.GHG.N2O.AG.MT.CE.AR5:URY,1991-12-31,4.9814
WDI:EN.GHG.N2O.AG.MT.CE.AR5:URY,1992-12-31,5.1283
WDI:EN.GHG.N2O.AG.MT.CE.AR5:URY,1993-12-31,5.2424
WDI:EN.GHG.N2O.AG.MT.CE.AR5:URY,1994-12-31,5.3227
WDI:EN.GHG.N2O.AG.MT.CE.AR5:URY,1995-12-31,5.2941
WDI:EN.GHG.N2O.AG.MT.CE.AR5:URY,1996-12-31,5.4473
WDI:EN.GHG.N2O.AG.MT.CE.AR5:URY,1997-12-31,5.3368
WDI:EN.GHG.N2O.AG.MT.CE.AR5:URY,1998-12-31,5.2004
WDI:EN.GHG.N2O.AG.MT.CE.AR5:URY,1999-12-31,5.0955
WDI:EN.GHG.N2O.AG.MT.CE.AR5:URY,2000-12-31,4.982
WDI:EN.GHG.N2O.AG.MT.CE.AR5:URY,2001-12-31,5.0383
WDI:EN.GHG.N2O.AG.MT.CE.AR5:URY,2002-12-31,5.138
WDI:EN.GHG.N2O.AG.MT.CE.AR5:URY,2003-12-31,5.352
WDI:EN.GHG.N2O.AG.MT.CE.AR5:URY,2004-12-31,5.4085
WDI:EN.GHG.N2O.AG.MT.CE.AR5:URY,2005-12-31,5.4467
WDI:EN.GHG.N2O.AG.MT.CE.AR5:URY,2006-12-31,5.6653
WDI:EN.GHG.N2O.AG.MT.CE.AR5:URY,2007-12-31,5.6295
WDI:EN.GHG.N2O.AG.MT.CE.AR5:URY,2008-12-31,5.6609
WDI:EN.GHG.N2O.AG.MT.CE.AR5:URY,2009-12-31,5.6222
WDI:EN.GHG.N2O.AG.MT.CE.AR5:URY,2010-12-31,5.3969
WDI:EN.GHG.N2O.AG.MT.CE.AR5:URY,2011-12-31,5.4063
WDI:EN.GHG.N2O.AG.MT.CE.AR5:URY,2012-12-31,5.838
WDI:EN.GHG.N2O.AG.MT.CE.AR5:URY,2013-12-31,5.8377
WDI:EN.GHG.N2O.AG.MT.CE.AR5:URY,2014-12-31,5.6821
WDI:EN.GHG.N2O.AG.MT.CE.AR5:URY,2015-12-31,5.7539
WDI:EN.GHG.N2O.AG.MT.CE.AR5:URY,2016-12-31,5.7388
WDI:EN.GHG.N2O.AG.MT.CE.AR5:URY,2017-12-31,5.6002
WDI:EN.GHG.N2O.AG.MT.CE.AR5:URY,2018-12-31,5.4604
WDI:EN.GHG.N2O.AG.MT.CE.AR5:URY,2019-12-31,5.7612
WDI:EN.GHG.N2O.AG.MT.CE.AR5:URY,2020-12-31,5.5973
WDI:EN.GHG.N2O.AG.MT.CE.AR5:URY,2021-12-31,6.4424
WDI:EN.GHG.N2O.AG.MT.CE.AR5:URY,2022-12-31,6.3059
WDI:EN.GHG.N2O.AG.MT.CE.AR5:URY,2023-12-31,6.4836
WDI:EN.GHG.N2O.AG.MT.CE.AR5:URY,2024-12-31,6.8234
WDI:EN.GHG.N2O.AG.MT.CE.AR5:USA,1970-12-31,106.7146
WDI:EN.GHG.N2O.AG.MT.CE.AR5:USA,1971-12-31,109.8526
WDI:EN.GHG.N2O.AG.MT.CE.AR5:USA,1972-12-31,110.5623
WDI:EN.GHG.N2O.AG.MT.CE.AR5:USA,1973-12-31,112.6824
WDI:EN.GHG.N2O.AG.MT.CE.AR5:USA,1974-12-31,111.0468
WDI:EN.GHG.N2O.AG.MT.CE.AR5:USA,1975-12-31,122.2326
WDI:EN.GHG.N2O.AG.MT.CE.AR5:USA,1976-12-31,122.0914
WDI:EN.GHG.N2O.AG.MT.CE.AR5:USA,1977-12-31,118.6684
WDI:EN.GHG.N2O.AG.MT.CE.AR5:USA,1978-12-31,120.3071
WDI:EN.GHG.N2O.AG.MT.CE.AR5:USA,1979-12-31,123.9352
WDI:EN.GHG.N2O.AG.MT.CE.AR5:USA,1980-12-31,125.6204
WDI:EN.GHG.N2O.AG.MT.CE.AR5:USA,1981-12-31,125.1525
WDI:EN.GHG.N2O.AG.MT.CE.AR5:USA,1982-12-31,117.6532
WDI:EN.GHG.N2O.AG.MT.CE.AR5:USA,1983-12-31,120.567
WDI:EN.GHG.N2O.AG.MT.CE.AR5:USA,1984-12-31,126.0195
WDI:EN.GHG.N2O.AG.MT.CE.AR5:USA,1985-12-31,120.3895
WDI:EN.GHG.N2O.AG.MT.CE.AR5:USA,1986-12-31,118.0722
WDI:EN.GHG.N2O.AG.MT.CE.AR5:USA,1987-12-31,117.6618
WDI:EN.GHG.N2O.AG.MT.CE.AR5:USA,1988-12-31,114.6145
WDI:EN.GHG.N2O.AG.MT.CE.AR5:USA,1989-12-31,119.801
WDI:EN.GHG.N2O.AG.MT.CE.AR5:USA,1990-12-31,122.1947
WDI:EN.GHG.N2O.AG.MT.CE.AR5:USA,1991-12-31,118.7597
WDI:EN.GHG.N2O.AG.MT.CE.AR5:USA,1992-12-31,122.2455
WDI:EN.GHG.N2O.AG.MT.CE.AR5:USA,1993-12-31,124.9382
WDI:EN.GHG.N2O.AG.MT.CE.AR5:USA,1994-12-31,125.8757
WDI:EN.GHG.N2O.AG.MT.CE.AR5:USA,1995-12-31,126.1837
WDI:EN.GHG.N2O.AG.MT.CE.AR5:USA,1996-12-31,129.1524
WDI:EN.GHG.N2O.AG.MT.CE.AR5:USA,1997-12-31,129.5353
WDI:EN.GHG.N2O.AG.MT.CE.AR5:USA,1998-12-31,130.1157
WDI:EN.GHG.N2O.AG.MT.CE.AR5:USA,1999-12-31,128.8297
WDI:EN.GHG.N2O.AG.MT.CE.AR5:USA,2000-12-31,125.7071
WDI:EN.GHG.N2O.AG.MT.CE.AR5:USA,2001-12-31,127.1937
WDI:EN.GHG.N2O.AG.MT.CE.AR5:USA,2002-12-31,126.5157
WDI:EN.GHG.N2O.AG.MT.CE.AR5:USA,2003-12-31,132.6091
WDI:EN.GHG.N2O.AG.MT.CE.AR5:USA,2004-12-31,131.3199
WDI:EN.GHG.N2O.AG.MT.CE.AR5:USA,2005-12-31,129.6476
WDI:EN.GHG.N2O.AG.MT.CE.AR5:USA,2006-12-31,134.667
WDI:EN.GHG.N2O.AG.MT.CE.AR5:USA,2007-12-31,133.8393
WDI:EN.GHG.N2O.AG.MT.CE.AR5:USA,2008-12-31,129.3931
WDI:EN.GHG.N2O.AG.MT.CE.AR5:USA,2009-12-31,132.8568
WDI:EN.GHG.N2O.AG.MT.CE.AR5:USA,2010-12-31,135.2525
WDI:EN.GHG.N2O.AG.MT.CE.AR5:USA,2011-12-31,136.2897
WDI:EN.GHG.N2O.AG.MT.CE.AR5:USA,2012-12-31,134.9498
WDI:EN.GHG.N2O.AG.MT.CE.AR5:USA,2013-12-31,136.1647
WDI:EN.GHG.N2O.AG.MT.CE.AR5:USA,2014-12-31,135.6899
WDI:EN.GHG.N2O.AG.MT.CE.AR5:USA,2015-12-31,135.2214
WDI:EN.GHG.N2O.AG.MT.CE.AR5:USA,2016-12-31,139.7537
WDI:EN.GHG.N2O.AG.MT.CE.AR5:USA,2017-12-31,138.7188
WDI:EN.GHG.N2O.AG.MT.CE.AR5:USA,2018-12-31,138.1435
WDI:EN.GHG.N2O.AG.MT.CE.AR5:USA,2019-12-31,138.4121
WDI:EN.GHG.N2O.AG.MT.CE.AR5:USA,2020-12-31,138.8637
WDI:EN.GHG.N2O.AG.MT.CE.AR5:USA,2021-12-31,135.8542
WDI:EN.GHG.N2O.AG.MT.CE.AR5:USA,2022-12-31,137.641
WDI:EN.GHG.N2O.AG.MT.CE.AR5:USA,2023-12-31,137.6557
WDI:EN.GHG.N2O.AG.MT.CE.AR5:USA,2024-12-31,137.6598
WDI:EN.GHG.N2O.AG.MT.CE.AR5:UZB,1970-12-31,6.0068
WDI:EN.GHG.N2O.AG.MT.CE.AR5:UZB,1971-12-31,6.1541
WDI:EN.GHG.N2O.AG.MT.CE.AR5:UZB,1972-12-31,6.2488
WDI:EN.GHG.N2O.AG.MT.CE.AR5:UZB,1973-12-31,6.311
WDI:EN.GHG.N2O.AG.MT.CE.AR5:UZB,1974-12-31,6.6001
WDI:EN.GHG.N2O.AG.MT.CE.AR5:UZB,1975-12-31,6.6782
WDI:EN.GHG.N2O.AG.MT.CE.AR5:UZB,1976-12-31,6.8679
WDI:EN.GHG.N2O.AG.MT.CE.AR5:UZB,1977-12-31,7.2025
WDI:EN.GHG.N2O.AG.MT.CE.AR5:UZB,1978-12-31,7.3307
WDI:EN.GHG.N2O.AG.MT.CE.AR5:UZB,1979-12-31,7.436
WDI:EN.GHG.N2O.AG.MT.CE.AR5:UZB,1980-12-31,7.7696
WDI:EN.GHG.N2O.AG.MT.CE.AR5:UZB,1981-12-31,7.7581
WDI:EN.GHG.N2O.AG.MT.CE.AR5:UZB,1982-12-31,7.8143
WDI:EN.GHG.N2O.AG.MT.CE.AR5:UZB,1983-12-31,8.0942
WDI:EN.GHG.N2O.AG.MT.CE.AR5:UZB,1984-12-31,8.1518
WDI:EN.GHG.N2O.AG.MT.CE.AR5:UZB,1985-12-31,8.2447
WDI:EN.GHG.N2O.AG.MT.CE.AR5:UZB,1986-12-31,8.3518
WDI:EN.GHG.N2O.AG.MT.CE.AR5:UZB,1987-12-31,8.553
WDI:EN.GHG.N2O.AG.MT.CE.AR5:UZB,1988-12-31,8.2384
WDI:EN.GHG.N2O.AG.MT.CE.AR5:UZB,1989-12-31,7.5364
WDI:EN.GHG.N2O.AG.MT.CE.AR5:UZB,1990-12-31,7.2557
WDI:EN.GHG.N2O.AG.MT.CE.AR5:UZB,1991-12-31,6.8117
WDI:EN.GHG.N2O.AG.MT.CE.AR5:UZB,1992-12-31,6.2794
WDI:EN.GHG.N2O.AG.MT.CE.AR5:UZB,1993-12-31,6.0306
WDI:EN.GHG.N2O.AG.MT.CE.AR5:UZB,1994-12-31,5.797
WDI:EN.GHG.N2O.AG.MT.CE.AR5:UZB,1995-12-31,5.5142
WDI:EN.GHG.N2O.AG.MT.CE.AR5:UZB,1996-12-31,5.0599
WDI:EN.GHG.N2O.AG.MT.CE.AR5:UZB,1997-12-31,4.7395
WDI:EN.GHG.N2O.AG.MT.CE.AR5:UZB,1998-12-31,4.572
WDI:EN.GHG.N2O.AG.MT.CE.AR5:UZB,1999-12-31,4.5492
WDI:EN.GHG.N2O.AG.MT.CE.AR5:UZB,2000-12-31,4.6652
WDI:EN.GHG.N2O.AG.MT.CE.AR5:UZB,2001-12-31,4.4689
WDI:EN.GHG.N2O.AG.MT.CE.AR5:UZB,2002-12-31,4.6836
WDI:EN.GHG.N2O.AG.MT.CE.AR5:UZB,2003-12-31,4.8449
WDI:EN.GHG.N2O.AG.MT.CE.AR5:UZB,2004-12-31,5.0814
WDI:EN.GHG.N2O.AG.MT.CE.AR5:UZB,2005-12-31,5.3958
WDI:EN.GHG.N2O.AG.MT.CE.AR5:UZB,2006-12-31,6.0131
WDI:EN.GHG.N2O.AG.MT.CE.AR5:UZB,2007-12-31,6.5696
WDI:EN.GHG.N2O.AG.MT.CE.AR5:UZB,2008-12-31,7.0077
WDI:EN.GHG.N2O.AG.MT.CE.AR5:UZB,2009-12-31,7.2351
WDI:EN.GHG.N2O.AG.MT.CE.AR5:UZB,2010-12-31,8.1418
WDI:EN.GHG.N2O.AG.MT.CE.AR5:UZB,2011-12-31,8.4915
WDI:EN.GHG.N2O.AG.MT.CE.AR5:UZB,2012-12-31,9.0466
WDI:EN.GHG.N2O.AG.MT.CE.AR5:UZB,2013-12-31,9.9171
WDI:EN.GHG.N2O.AG.MT.CE.AR5:UZB,2014-12-31,10.4683
WDI:EN.GHG.N2O.AG.MT.CE.AR5:UZB,2015-12-31,10.8261
WDI:EN.GHG.N2O.AG.MT.CE.AR5:UZB,2016-12-31,11.8211
WDI:EN.GHG.N2O.AG.MT.CE.AR5:UZB,2017-12-31,10.9064
WDI:EN.GHG.N2O.AG.MT.CE.AR5:UZB,2018-12-31,11.7092
WDI:EN.GHG.N2O.AG.MT.CE.AR5:UZB,2019-12-31,12.0054
WDI:EN.GHG.N2O.AG.MT.CE.AR5:UZB,2020-12-31,12.2635
WDI:EN.GHG.N2O.AG.MT.CE.AR5:UZB,2021-12-31,12.33
WDI:EN.GHG.N2O.AG.MT.CE.AR5:UZB,2022-12-31,12.6181
WDI:EN.GHG.N2O.AG.MT.CE.AR5:UZB,2023-12-31,12.4795
WDI:EN.GHG.N2O.AG.MT.CE.AR5:UZB,2024-12-31,12.6916
WDI:EN.GHG.N2O.AG.MT.CE.AR5:VCT,1970-12-31,0.0048
WDI:EN.GHG.N2O.AG.MT.CE.AR5:VCT,1971-12-31,0.0048
WDI:EN.GHG.N2O.AG.MT.CE.AR5:VCT,1972-12-31,0.0049
WDI:EN.GHG.N2O.AG.MT.CE.AR5:VCT,1973-12-31,0.0054
WDI:EN.GHG.N2O.AG.MT.CE.AR5:VCT,1974-12-31,0.0055
WDI:EN.GHG.N2O.AG.MT.CE.AR5:VCT,1975-12-31,0.0055
WDI:EN.GHG.N2O.AG.MT.CE.AR5:VCT,1976-12-31,0.0056
WDI:EN.GHG.N2O.AG.MT.CE.AR5:VCT,1977-12-31,0.0058
WDI:EN.GHG.N2O.AG.MT.CE.AR5:VCT,1978-12-31,0.0058
WDI:EN.GHG.N2O.AG.MT.CE.AR5:VCT,1979-12-31,0.0059
WDI:EN.GHG.N2O.AG.MT.CE.AR5:VCT,1980-12-31,0.0062
WDI:EN.GHG.N2O.AG.MT.CE.AR5:VCT,1981-12-31,0.0064
WDI:EN.GHG.N2O.AG.MT.CE.AR5:VCT,1982-12-31,0.0068
WDI:EN.GHG.N2O.AG.MT.CE.AR5:VCT,1983-12-31,0.0072
WDI:EN.GHG.N2O.AG.MT.CE.AR5:VCT,1984-12-31,0.0086
WDI:EN.GHG.N2O.AG.MT.CE.AR5:VCT,1985-12-31,0.0095
WDI:EN.GHG.N2O.AG.MT.CE.AR5:VCT,1986-12-31,0.0095
WDI:EN.GHG.N2O.AG.MT.CE.AR5:VCT,1987-12-31,0.0075
WDI:EN.GHG.N2O.AG.MT.CE.AR5:VCT,1988-12-31,0.009
WDI:EN.GHG.N2O.AG.MT.CE.AR5:VCT,1989-12-31,0.0074
WDI:EN.GHG.N2O.AG.MT.CE.AR5:VCT,1990-12-31,0.0065
WDI:EN.GHG.N2O.AG.MT.CE.AR5:VCT,1991-12-31,0.006
WDI:EN.GHG.N2O.AG.MT.CE.AR5:VCT,1992-12-31,0.0059
WDI:EN.GHG.N2O.AG.MT.CE.AR5:VCT,1993-12-31,0.006
WDI:EN.GHG.N2O.AG.MT.CE.AR5:VCT,1994-12-31,0.006
WDI:EN.GHG.N2O.AG.MT.CE.AR5:VCT,1995-12-31,0.0061
WDI:EN.GHG.N2O.AG.MT.CE.AR5:VCT,1996-12-31,0.006
WDI:EN.GHG.N2O.AG.MT.CE.AR5:VCT,1997-12-31,0.0061
WDI:EN.GHG.N2O.AG.MT.CE.AR5:VCT,1998-12-31,0.0061
WDI:EN.GHG.N2O.AG.MT.CE.AR5:VCT,1999-12-31,0.0061
WDI:EN.GHG.N2O.AG.MT.CE.AR5:VCT,2000-12-31,0.006
WDI:EN.GHG.N2O.AG.MT.CE.AR5:VCT,2001-12-31,0.006
WDI:EN.GHG.N2O.AG.MT.CE.AR5:VCT,2002-12-31,0.0059
WDI:EN.GHG.N2O.AG.MT.CE.AR5:VCT,2003-12-31,0.0056
WDI:EN.GHG.N2O.AG.MT.CE.AR5:VCT,2004-12-31,0.0057
WDI:EN.GHG.N2O.AG.MT.CE.AR5:VCT,2005-12-31,0.0058
WDI:EN.GHG.N2O.AG.MT.CE.AR5:VCT,2006-12-31,0.0059
WDI:EN.GHG.N2O.AG.MT.CE.AR5:VCT,2007-12-31,0.0062
WDI:EN.GHG.N2O.AG.MT.CE.AR5:VCT,2008-12-31,0.0061
WDI:EN.GHG.N2O.AG.MT.CE.AR5:VCT,2009-12-31,0.0062
WDI:EN.GHG.N2O.AG.MT.CE.AR5:VCT,2010-12-31,0.006
WDI:EN.GHG.N2O.AG.MT.CE.AR5:VCT,2011-12-31,0.0059
WDI:EN.GHG.N2O.AG.MT.CE.AR5:VCT,2012-12-31,0.0055
WDI:EN.GHG.N2O.AG.MT.CE.AR5:VCT,2013-12-31,0.0053
WDI:EN.GHG.N2O.AG.MT.CE.AR5:VCT,2014-12-31,0.0052
WDI:EN.GHG.N2O.AG.MT.CE.AR5:VCT,2015-12-31,0.0051
WDI:EN.GHG.N2O.AG.MT.CE.AR5:VCT,2016-12-31,0.0049
WDI:EN.GHG.N2O.AG.MT.CE.AR5:VCT,2017-12-31,0.0048
WDI:EN.GHG.N2O.AG.MT.CE.AR5:VCT,2018-12-31,0.0048
WDI:EN.GHG.N2O.AG.MT.CE.AR5:VCT,2019-12-31,0.0047
WDI:EN.GHG.N2O.AG.MT.CE.AR5:VCT,2020-12-31,0.0046
WDI:EN.GHG.N2O.AG.MT.CE.AR5:VCT,2021-12-31,0.0045
WDI:EN.GHG.N2O.AG.MT.CE.AR5:VCT,2022-12-31,0.0044
WDI:EN.GHG.N2O.AG.MT.CE.AR5:VCT,2023-12-31,0.0044
WDI:EN.GHG.N2O.AG.MT.CE.AR5:VCT,2024-12-31,0.0043
WDI:EN.GHG.N2O.AG.MT.CE.AR5:VEN,1970-12-31,3.4448
WDI:EN.GHG.N2O.AG.MT.CE.AR5:VEN,1971-12-31,3.5296
WDI:EN.GHG.N2O.AG.MT.CE.AR5:VEN,1972-12-31,3.5983
WDI:EN.GHG.N2O.AG.MT.CE.AR5:VEN,1973-12-31,3.66
WDI:EN.GHG.N2O.AG.MT.CE.AR5:VEN,1974-12-31,3.8857
WDI:EN.GHG.N2O.AG.MT.CE.AR5:VEN,1975-12-31,4.0454
WDI:EN.GHG.N2O.AG.MT.CE.AR5:VEN,1976-12-31,4.0077
WDI:EN.GHG.N2O.AG.MT.CE.AR5:VEN,1977-12-31,4.406
WDI:EN.GHG.N2O.AG.MT.CE.AR5:VEN,1978-12-31,4.7089
WDI:EN.GHG.N2O.AG.MT.CE.AR5:VEN,1979-12-31,4.7826
WDI:EN.GHG.N2O.AG.MT.CE.AR5:VEN,1980-12-31,5.0145
WDI:EN.GHG.N2O.AG.MT.CE.AR5:VEN,1981-12-31,4.892
WDI:EN.GHG.N2O.AG.MT.CE.AR5:VEN,1982-12-31,5.0377
WDI:EN.GHG.N2O.AG.MT.CE.AR5:VEN,1983-12-31,5.155
WDI:EN.GHG.N2O.AG.MT.CE.AR5:VEN,1984-12-31,5.5776
WDI:EN.GHG.N2O.AG.MT.CE.AR5:VEN,1985-12-31,6.0574
WDI:EN.GHG.N2O.AG.MT.CE.AR5:VEN,1986-12-31,6.5017
WDI:EN.GHG.N2O.AG.MT.CE.AR5:VEN,1987-12-31,6.9718
WDI:EN.GHG.N2O.AG.MT.CE.AR5:VEN,1988-12-31,7.2312
WDI:EN.GHG.N2O.AG.MT.CE.AR5:VEN,1989-12-31,6.9317
WDI:EN.GHG.N2O.AG.MT.CE.AR5:VEN,1990-12-31,6.786
WDI:EN.GHG.N2O.AG.MT.CE.AR5:VEN,1991-12-31,6.8506
WDI:EN.GHG.N2O.AG.MT.CE.AR5:VEN,1992-12-31,6.6941
WDI:EN.GHG.N2O.AG.MT.CE.AR5:VEN,1993-12-31,6.4512
WDI:EN.GHG.N2O.AG.MT.CE.AR5:VEN,1994-12-31,6.5529
WDI:EN.GHG.N2O.AG.MT.CE.AR5:VEN,1995-12-31,6.5784
WDI:EN.GHG.N2O.AG.MT.CE.AR5:VEN,1996-12-31,6.7017
WDI:EN.GHG.N2O.AG.MT.CE.AR5:VEN,1997-12-31,6.8546
WDI:EN.GHG.N2O.AG.MT.CE.AR5:VEN,1998-12-31,6.8691
WDI:EN.GHG.N2O.AG.MT.CE.AR5:VEN,1999-12-31,6.9571
WDI:EN.GHG.N2O.AG.MT.CE.AR5:VEN,2000-12-31,7.4167
WDI:EN.GHG.N2O.AG.MT.CE.AR5:VEN,2001-12-31,7.6264
WDI:EN.GHG.N2O.AG.MT.CE.AR5:VEN,2002-12-31,7.9854
WDI:EN.GHG.N2O.AG.MT.CE.AR5:VEN,2003-12-31,8.0478
WDI:EN.GHG.N2O.AG.MT.CE.AR5:VEN,2004-12-31,8.2699
WDI:EN.GHG.N2O.AG.MT.CE.AR5:VEN,2005-12-31,8.5624
WDI:EN.GHG.N2O.AG.MT.CE.AR5:VEN,2006-12-31,8.3837
WDI:EN.GHG.N2O.AG.MT.CE.AR5:VEN,2007-12-31,8.6063
WDI:EN.GHG.N2O.AG.MT.CE.AR5:VEN,2008-12-31,8.675
WDI:EN.GHG.N2O.AG.MT.CE.AR5:VEN,2009-12-31,8.705
WDI:EN.GHG.N2O.AG.MT.CE.AR5:VEN,2010-12-31,7.7312
WDI:EN.GHG.N2O.AG.MT.CE.AR5:VEN,2011-12-31,8.0484
WDI:EN.GHG.N2O.AG.MT.CE.AR5:VEN,2012-12-31,9.0698
WDI:EN.GHG.N2O.AG.MT.CE.AR5:VEN,2013-12-31,9.2368
WDI:EN.GHG.N2O.AG.MT.CE.AR5:VEN,2014-12-31,9.2843
WDI:EN.GHG.N2O.AG.MT.CE.AR5:VEN,2015-12-31,9.0373
WDI:EN.GHG.N2O.AG.MT.CE.AR5:VEN,2016-12-31,8.5439
WDI:EN.GHG.N2O.AG.MT.CE.AR5:VEN,2017-12-31,8.4215
WDI:EN.GHG.N2O.AG.MT.CE.AR5:VEN,2018-12-31,7.6513
WDI:EN.GHG.N2O.AG.MT.CE.AR5:VEN,2019-12-31,7.8336
WDI:EN.GHG.N2O.AG.MT.CE.AR5:VEN,2020-12-31,7.91
WDI:EN.GHG.N2O.AG.MT.CE.AR5:VEN,2021-12-31,7.7923
WDI:EN.GHG.N2O.AG.MT.CE.AR5:VEN,2022-12-31,7.84
WDI:EN.GHG.N2O.AG.MT.CE.AR5:VEN,2023-12-31,7.603
WDI:EN.GHG.N2O.AG.MT.CE.AR5:VEN,2024-12-31,7.5059
WDI:EN.GHG.N2O.AG.MT.CE.AR5:VGB,1970-12-31,0.002
WDI:EN.GHG.N2O.AG.MT.CE.AR5:VGB,1971-12-31,0.0021
WDI:EN.GHG.N2O.AG.MT.CE.AR5:VGB,1972-12-31,0.0022
WDI:EN.GHG.N2O.AG.MT.CE.AR5:VGB,1973-12-31,0.0022
WDI:EN.GHG.N2O.AG.MT.CE.AR5:VGB,1974-12-31,0.0023
WDI:EN.GHG.N2O.AG.MT.CE.AR5:VGB,1975-12-31,0.0023
WDI:EN.GHG.N2O.AG.MT.CE.AR5:VGB,1976-12-31,0.0024
WDI:EN.GHG.N2O.AG.MT.CE.AR5:VGB,1977-12-31,0.0025
WDI:EN.GHG.N2O.AG.MT.CE.AR5:VGB,1978-12-31,0.0024
WDI:EN.GHG.N2O.AG.MT.CE.AR5:VGB,1979-12-31,0.0025
WDI:EN.GHG.N2O.AG.MT.CE.AR5:VGB,1980-12-31,0.0025
WDI:EN.GHG.N2O.AG.MT.CE.AR5:VGB,1981-12-31,0.0025
WDI:EN.GHG.N2O.AG.MT.CE.AR5:VGB,1982-12-31,0.0025
WDI:EN.GHG.N2O.AG.MT.CE.AR5:VGB,1983-12-31,0.0025
WDI:EN.GHG.N2O.AG.MT.CE.AR5:VGB,1984-12-31,0.0025
WDI:EN.GHG.N2O.AG.MT.CE.AR5:VGB,1985-12-31,0.0024
WDI:EN.GHG.N2O.AG.MT.CE.AR5:VGB,1986-12-31,0.0022
WDI:EN.GHG.N2O.AG.MT.CE.AR5:VGB,1987-12-31,0.0021
WDI:EN.GHG.N2O.AG.MT.CE.AR5:VGB,1988-12-31,0.0021
WDI:EN.GHG.N2O.AG.MT.CE.AR5:VGB,1989-12-31,0.0021
WDI:EN.GHG.N2O.AG.MT.CE.AR5:VGB,1990-12-31,0.0021
WDI:EN.GHG.N2O.AG.MT.CE.AR5:VGB,1991-12-31,0.0021
WDI:EN.GHG.N2O.AG.MT.CE.AR5:VGB,1992-12-31,0.0021
WDI:EN.GHG.N2O.AG.MT.CE.AR5:VGB,1993-12-31,0.0021
WDI:EN.GHG.N2O.AG.MT.CE.AR5:VGB,1994-12-31,0.0022
WDI:EN.GHG.N2O.AG.MT.CE.AR5:VGB,1995-12-31,0.0022
WDI:EN.GHG.N2O.AG.MT.CE.AR5:VGB,1996-12-31,0.0022
WDI:EN.GHG.N2O.AG.MT.CE.AR5:VGB,1997-12-31,0.0022
WDI:EN.GHG.N2O.AG.MT.CE.AR5:VGB,1998-12-31,0.0022
WDI:EN.GHG.N2O.AG.MT.CE.AR5:VGB,1999-12-31,0.0022
WDI:EN.GHG.N2O.AG.MT.CE.AR5:VGB,2000-12-31,0.0022
WDI:EN.GHG.N2O.AG.MT.CE.AR5:VGB,2001-12-31,0.0022
WDI:EN.GHG.N2O.AG.MT.CE.AR5:VGB,2002-12-31,0.0022
WDI:EN.GHG.N2O.AG.MT.CE.AR5:VGB,2003-12-31,0.0023
WDI:EN.GHG.N2O.AG.MT.CE.AR5:VGB,2004-12-31,0.0023
WDI:EN.GHG.N2O.AG.MT.CE.AR5:VGB,2005-12-31,0.0023
WDI:EN.GHG.N2O.AG.MT.CE.AR5:VGB,2006-12-31,0.0023
WDI:EN.GHG.N2O.AG.MT.CE.AR5:VGB,2007-12-31,0.0023
WDI:EN.GHG.N2O.AG.MT.CE.AR5:VGB,2008-12-31,0.0023
WDI:EN.GHG.N2O.AG.MT.CE.AR5:VGB,2009-12-31,0.0023
WDI:EN.GHG.N2O.AG.MT.CE.AR5:VGB,2010-12-31,0.0023
WDI:EN.GHG.N2O.AG.MT.CE.AR5:VGB,2011-12-31,0.0023
WDI:EN.GHG.N2O.AG.MT.CE.AR5:VGB,2012-12-31,0.0023
WDI:EN.GHG.N2O.AG.MT.CE.AR5:VGB,2013-12-31,0.0023
WDI:EN.GHG.N2O.AG.MT.CE.AR5:VGB,2014-12-31,0.0023
WDI:EN.GHG.N2O.AG.MT.CE.AR5:VGB,2015-12-31,0.0023
WDI:EN.GHG.N2O.AG.MT.CE.AR5:VGB,2016-12-31,0.0023
WDI:EN.GHG.N2O.AG.MT.CE.AR5:VGB,2017-12-31,0.0023
WDI:EN.GHG.N2O.AG.MT.CE.AR5:VGB,2018-12-31,0.0023
WDI:EN.GHG.N2O.AG.MT.CE.AR5:VGB,2019-12-31,0.0023
WDI:EN.GHG.N2O.AG.MT.CE.AR5:VGB,2020-12-31,0.0023
WDI:EN.GHG.N2O.AG.MT.CE.AR5:VGB,2021-12-31,0.0024
WDI:EN.GHG.N2O.AG.MT.CE.AR5:VGB,2022-12-31,0.0024
WDI:EN.GHG.N2O.AG.MT.CE.AR5:VGB,2023-12-31,0.0024
WDI:EN.GHG.N2O.AG.MT.CE.AR5:VGB,2024-12-31,0.0024
WDI:EN.GHG.N2O.AG.MT.CE.AR5:VIR,1970-12-31,0.0039
WDI:EN.GHG.N2O.AG.MT.CE.AR5:VIR,1971-12-31,0.0033
WDI:EN.GHG.N2O.AG.MT.CE.AR5:VIR,1972-12-31,0.0035
WDI:EN.GHG.N2O.AG.MT.CE.AR5:VIR,1973-12-31,0.0036
WDI:EN.GHG.N2O.AG.MT.CE.AR5:VIR,1974-12-31,0.0036
WDI:EN.GHG.N2O.AG.MT.CE.AR5:VIR,1975-12-31,0.0037
WDI:EN.GHG.N2O.AG.MT.CE.AR5:VIR,1976-12-31,0.0038
WDI:EN.GHG.N2O.AG.MT.CE.AR5:VIR,1977-12-31,0.0039
WDI:EN.GHG.N2O.AG.MT.CE.AR5:VIR,1978-12-31,0.004
WDI:EN.GHG.N2O.AG.MT.CE.AR5:VIR,1979-12-31,0.0041
WDI:EN.GHG.N2O.AG.MT.CE.AR5:VIR,1980-12-31,0.0044
WDI:EN.GHG.N2O.AG.MT.CE.AR5:VIR,1981-12-31,0.0046
WDI:EN.GHG.N2O.AG.MT.CE.AR5:VIR,1982-12-31,0.0047
WDI:EN.GHG.N2O.AG.MT.CE.AR5:VIR,1983-12-31,0.0048
WDI:EN.GHG.N2O.AG.MT.CE.AR5:VIR,1984-12-31,0.0048
WDI:EN.GHG.N2O.AG.MT.CE.AR5:VIR,1985-12-31,0.0048
WDI:EN.GHG.N2O.AG.MT.CE.AR5:VIR,1986-12-31,0.0047
WDI:EN.GHG.N2O.AG.MT.CE.AR5:VIR,1987-12-31,0.0028
WDI:EN.GHG.N2O.AG.MT.CE.AR5:VIR,1988-12-31,0.0038
WDI:EN.GHG.N2O.AG.MT.CE.AR5:VIR,1989-12-31,0.0039
WDI:EN.GHG.N2O.AG.MT.CE.AR5:VIR,1990-12-31,0.0038
WDI:EN.GHG.N2O.AG.MT.CE.AR5:VIR,1991-12-31,0.0038
WDI:EN.GHG.N2O.AG.MT.CE.AR5:VIR,1992-12-31,0.0038
WDI:EN.GHG.N2O.AG.MT.CE.AR5:VIR,1993-12-31,0.0038
WDI:EN.GHG.N2O.AG.MT.CE.AR5:VIR,1994-12-31,0.0038
WDI:EN.GHG.N2O.AG.MT.CE.AR5:VIR,1995-12-31,0.0039
WDI:EN.GHG.N2O.AG.MT.CE.AR5:VIR,1996-12-31,0.0038
WDI:EN.GHG.N2O.AG.MT.CE.AR5:VIR,1997-12-31,0.0039
WDI:EN.GHG.N2O.AG.MT.CE.AR5:VIR,1998-12-31,0.0039
WDI:EN.GHG.N2O.AG.MT.CE.AR5:VIR,1999-12-31,0.0039
WDI:EN.GHG.N2O.AG.MT.CE.AR5:VIR,2000-12-31,0.0039
WDI:EN.GHG.N2O.AG.MT.CE.AR5:VIR,2001-12-31,0.0039
WDI:EN.GHG.N2O.AG.MT.CE.AR5:VIR,2002-12-31,0.0039
WDI:EN.GHG.N2O.AG.MT.CE.AR5:VIR,2003-12-31,0.0039
WDI:EN.GHG.N2O.AG.MT.CE.AR5:VIR,2004-12-31,0.0039
WDI:EN.GHG.N2O.AG.MT.CE.AR5:VIR,2005-12-31,0.004
WDI:EN.GHG.N2O.AG.MT.CE.AR5:VIR,2006-12-31,0.004
WDI:EN.GHG.N2O.AG.MT.CE.AR5:VIR,2007-12-31,0.004
WDI:EN.GHG.N2O.AG.MT.CE.AR5:VIR,2008-12-31,0.004
WDI:EN.GHG.N2O.AG.MT.CE.AR5:VIR,2009-12-31,0.004
WDI:EN.GHG.N2O.AG.MT.CE.AR5:VIR,2010-12-31,0.004
WDI:EN.GHG.N2O.AG.MT.CE.AR5:VIR,2011-12-31,0.004
WDI:EN.GHG.N2O.AG.MT.CE.AR5:VIR,2012-12-31,0.004
WDI:EN.GHG.N2O.AG.MT.CE.AR5:VIR,2013-12-31,0.004
WDI:EN.GHG.N2O.AG.MT.CE.AR5:VIR,2014-12-31,0.004
WDI:EN.GHG.N2O.AG.MT.CE.AR5:VIR,2015-12-31,0.004
WDI:EN.GHG.N2O.AG.MT.CE.AR5:VIR,2016-12-31,0.004
WDI:EN.GHG.N2O.AG.MT.CE.AR5:VIR,2017-12-31,0.004
WDI:EN.GHG.N2O.AG.MT.CE.AR5:VIR,2018-12-31,0.004
WDI:EN.GHG.N2O.AG.MT.CE.AR5:VIR,2019-12-31,0.004
WDI:EN.GHG.N2O.AG.MT.CE.AR5:VIR,2020-12-31,0.004
WDI:EN.GHG.N2O.AG.MT.CE.AR5:VIR,2021-12-31,0.004
WDI:EN.GHG.N2O.AG.MT.CE.AR5:VIR,2022-12-31,0.004
WDI:EN.GHG.N2O.AG.MT.CE.AR5:VIR,2023-12-31,0.0041
WDI:EN.GHG.N2O.AG.MT.CE.AR5:VIR,2024-12-31,0.0041
WDI:EN.GHG.N2O.AG.MT.CE.AR5:VNM,1970-12-31,3.5626
WDI:EN.GHG.N2O.AG.MT.CE.AR5:VNM,1971-12-31,3.5573
WDI:EN.GHG.N2O.AG.MT.CE.AR5:VNM,1972-12-31,3.5568
WDI:EN.GHG.N2O.AG.MT.CE.AR5:VNM,1973-12-31,3.6683
WDI:EN.GHG.N2O.AG.MT.CE.AR5:VNM,1974-12-31,3.6657
WDI:EN.GHG.N2O.AG.MT.CE.AR5:VNM,1975-12-31,3.8829
WDI:EN.GHG.N2O.AG.MT.CE.AR5:VNM,1976-12-31,4.2105
WDI:EN.GHG.N2O.AG.MT.CE.AR5:VNM,1977-12-31,4.5796
WDI:EN.GHG.N2O.AG.MT.CE.AR5:VNM,1978-12-31,4.1628
WDI:EN.GHG.N2O.AG.MT.CE.AR5:VNM,1979-12-31,3.7312
WDI:EN.GHG.N2O.AG.MT.CE.AR5:VNM,1980-12-31,3.8548
WDI:EN.GHG.N2O.AG.MT.CE.AR5:VNM,1981-12-31,4.2501
WDI:EN.GHG.N2O.AG.MT.CE.AR5:VNM,1982-12-31,4.7137
WDI:EN.GHG.N2O.AG.MT.CE.AR5:VNM,1983-12-31,5.4554
WDI:EN.GHG.N2O.AG.MT.CE.AR5:VNM,1984-12-31,5.5698
WDI:EN.GHG.N2O.AG.MT.CE.AR5:VNM,1985-12-31,5.9535
WDI:EN.GHG.N2O.AG.MT.CE.AR5:VNM,1986-12-31,6.3483
WDI:EN.GHG.N2O.AG.MT.CE.AR5:VNM,1987-12-31,6.0584
WDI:EN.GHG.N2O.AG.MT.CE.AR5:VNM,1988-12-31,6.8307
WDI:EN.GHG.N2O.AG.MT.CE.AR5:VNM,1989-12-31,6.9892
WDI:EN.GHG.N2O.AG.MT.CE.AR5:VNM,1990-12-31,6.9819
WDI:EN.GHG.N2O.AG.MT.CE.AR5:VNM,1991-12-31,8.0744
WDI:EN.GHG.N2O.AG.MT.CE.AR5:VNM,1992-12-31,7.8623
WDI:EN.GHG.N2O.AG.MT.CE.AR5:VNM,1993-12-31,8.2013
WDI:EN.GHG.N2O.AG.MT.CE.AR5:VNM,1994-12-31,10.0238
WDI:EN.GHG.N2O.AG.MT.CE.AR5:VNM,1995-12-31,9.8293
WDI:EN.GHG.N2O.AG.MT.CE.AR5:VNM,1996-12-31,11.0178
WDI:EN.GHG.N2O.AG.MT.CE.AR5:VNM,1997-12-31,10.7553
WDI:EN.GHG.N2O.AG.MT.CE.AR5:VNM,1998-12-31,12.3546
WDI:EN.GHG.N2O.AG.MT.CE.AR5:VNM,1999-12-31,12.7006
WDI:EN.GHG.N2O.AG.MT.CE.AR5:VNM,2000-12-31,13.4817
WDI:EN.GHG.N2O.AG.MT.CE.AR5:VNM,2001-12-31,12.3482
WDI:EN.GHG.N2O.AG.MT.CE.AR5:VNM,2002-12-31,13.5145
WDI:EN.GHG.N2O.AG.MT.CE.AR5:VNM,2003-12-31,14.1959
WDI:EN.GHG.N2O.AG.MT.CE.AR5:VNM,2004-12-31,14.8328
WDI:EN.GHG.N2O.AG.MT.CE.AR5:VNM,2005-12-31,13.716
WDI:EN.GHG.N2O.AG.MT.CE.AR5:VNM,2006-12-31,13.8896
WDI:EN.GHG.N2O.AG.MT.CE.AR5:VNM,2007-12-31,13.9763
WDI:EN.GHG.N2O.AG.MT.CE.AR5:VNM,2008-12-31,13.1446
WDI:EN.GHG.N2O.AG.MT.CE.AR5:VNM,2009-12-31,14.2925
WDI:EN.GHG.N2O.AG.MT.CE.AR5:VNM,2010-12-31,14.4969
WDI:EN.GHG.N2O.AG.MT.CE.AR5:VNM,2011-12-31,14.6975
WDI:EN.GHG.N2O.AG.MT.CE.AR5:VNM,2012-12-31,15.0837
WDI:EN.GHG.N2O.AG.MT.CE.AR5:VNM,2013-12-31,15.928
WDI:EN.GHG.N2O.AG.MT.CE.AR5:VNM,2014-12-31,15.2579
WDI:EN.GHG.N2O.AG.MT.CE.AR5:VNM,2015-12-31,17.5721
WDI:EN.GHG.N2O.AG.MT.CE.AR5:VNM,2016-12-31,15.7783
WDI:EN.GHG.N2O.AG.MT.CE.AR5:VNM,2017-12-31,16.0381
WDI:EN.GHG.N2O.AG.MT.CE.AR5:VNM,2018-12-31,16.0196
WDI:EN.GHG.N2O.AG.MT.CE.AR5:VNM,2019-12-31,16.4146
WDI:EN.GHG.N2O.AG.MT.CE.AR5:VNM,2020-12-31,14.3108
WDI:EN.GHG.N2O.AG.MT.CE.AR5:VNM,2021-12-31,16.2601
WDI:EN.GHG.N2O.AG.MT.CE.AR5:VNM,2022-12-31,15.0186
WDI:EN.GHG.N2O.AG.MT.CE.AR5:VNM,2023-12-31,14.8564
WDI:EN.GHG.N2O.AG.MT.CE.AR5:VNM,2024-12-31,14.7319
WDI:EN.GHG.N2O.AG.MT.CE.AR5:VUT,1970-12-31,0.044
WDI:EN.GHG.N2O.AG.MT.CE.AR5:VUT,1971-12-31,0.0485
WDI:EN.GHG.N2O.AG.MT.CE.AR5:VUT,1972-12-31,0.049
WDI:EN.GHG.N2O.AG.MT.CE.AR5:VUT,1973-12-31,0.0546
WDI:EN.GHG.N2O.AG.MT.CE.AR5:VUT,1974-12-31,0.0573
WDI:EN.GHG.N2O.AG.MT.CE.AR5:VUT,1975-12-31,0.0599
WDI:EN.GHG.N2O.AG.MT.CE.AR5:VUT,1976-12-31,0.0626
WDI:EN.GHG.N2O.AG.MT.CE.AR5:VUT,1977-12-31,0.0603
WDI:EN.GHG.N2O.AG.MT.CE.AR5:VUT,1978-12-31,0.0582
WDI:EN.GHG.N2O.AG.MT.CE.AR5:VUT,1979-12-31,0.0563
WDI:EN.GHG.N2O.AG.MT.CE.AR5:VUT,1980-12-31,0.0561
WDI:EN.GHG.N2O.AG.MT.CE.AR5:VUT,1981-12-31,0.0556
WDI:EN.GHG.N2O.AG.MT.CE.AR5:VUT,1982-12-31,0.0571
WDI:EN.GHG.N2O.AG.MT.CE.AR5:VUT,1983-12-31,0.0587
WDI:EN.GHG.N2O.AG.MT.CE.AR5:VUT,1984-12-31,0.0588
WDI:EN.GHG.N2O.AG.MT.CE.AR5:VUT,1985-12-31,0.0614
WDI:EN.GHG.N2O.AG.MT.CE.AR5:VUT,1986-12-31,0.0636
WDI:EN.GHG.N2O.AG.MT.CE.AR5:VUT,1987-12-31,0.0665
WDI:EN.GHG.N2O.AG.MT.CE.AR5:VUT,1988-12-31,0.067
WDI:EN.GHG.N2O.AG.MT.CE.AR5:VUT,1989-12-31,0.0693
WDI:EN.GHG.N2O.AG.MT.CE.AR5:VUT,1990-12-31,0.0752
WDI:EN.GHG.N2O.AG.MT.CE.AR5:VUT,1991-12-31,0.0778
WDI:EN.GHG.N2O.AG.MT.CE.AR5:VUT,1992-12-31,0.0828
WDI:EN.GHG.N2O.AG.MT.CE.AR5:VUT,1993-12-31,0.0873
WDI:EN.GHG.N2O.AG.MT.CE.AR5:VUT,1994-12-31,0.0884
WDI:EN.GHG.N2O.AG.MT.CE.AR5:VUT,1995-12-31,0.0889
WDI:EN.GHG.N2O.AG.MT.CE.AR5:VUT,1996-12-31,0.0902
WDI:EN.GHG.N2O.AG.MT.CE.AR5:VUT,1997-12-31,0.091
WDI:EN.GHG.N2O.AG.MT.CE.AR5:VUT,1998-12-31,0.0918
WDI:EN.GHG.N2O.AG.MT.CE.AR5:VUT,1999-12-31,0.0926
WDI:EN.GHG.N2O.AG.MT.CE.AR5:VUT,2000-12-31,0.088
WDI:EN.GHG.N2O.AG.MT.CE.AR5:VUT,2001-12-31,0.0819
WDI:EN.GHG.N2O.AG.MT.CE.AR5:VUT,2002-12-31,0.0815
WDI:EN.GHG.N2O.AG.MT.CE.AR5:VUT,2003-12-31,0.0839
WDI:EN.GHG.N2O.AG.MT.CE.AR5:VUT,2004-12-31,0.0848
WDI:EN.GHG.N2O.AG.MT.CE.AR5:VUT,2005-12-31,0.0854
WDI:EN.GHG.N2O.AG.MT.CE.AR5:VUT,2006-12-31,0.0873
WDI:EN.GHG.N2O.AG.MT.CE.AR5:VUT,2007-12-31,0.1038
WDI:EN.GHG.N2O.AG.MT.CE.AR5:VUT,2008-12-31,0.1053
WDI:EN.GHG.N2O.AG.MT.CE.AR5:VUT,2009-12-31,0.0982
WDI:EN.GHG.N2O.AG.MT.CE.AR5:VUT,2010-12-31,0.1004
WDI:EN.GHG.N2O.AG.MT.CE.AR5:VUT,2011-12-31,0.1035
WDI:EN.GHG.N2O.AG.MT.CE.AR5:VUT,2012-12-31,0.1046
WDI:EN.GHG.N2O.AG.MT.CE.AR5:VUT,2013-12-31,0.1054
WDI:EN.GHG.N2O.AG.MT.CE.AR5:VUT,2014-12-31,0.1065
WDI:EN.GHG.N2O.AG.MT.CE.AR5:VUT,2015-12-31,0.095
WDI:EN.GHG.N2O.AG.MT.CE.AR5:VUT,2016-12-31,0.0758
WDI:EN.GHG.N2O.AG.MT.CE.AR5:VUT,2017-12-31,0.0678
WDI:EN.GHG.N2O.AG.MT.CE.AR5:VUT,2018-12-31,0.0682
WDI:EN.GHG.N2O.AG.MT.CE.AR5:VUT,2019-12-31,0.0679
WDI:EN.GHG.N2O.AG.MT.CE.AR5:VUT,2020-12-31,0.0676
WDI:EN.GHG.N2O.AG.MT.CE.AR5:VUT,2021-12-31,0.0674
WDI:EN.GHG.N2O.AG.MT.CE.AR5:VUT,2022-12-31,0.0674
WDI:EN.GHG.N2O.AG.MT.CE.AR5:VUT,2023-12-31,0.061
WDI:EN.GHG.N2O.AG.MT.CE.AR5:VUT,2024-12-31,0.0594
WDI:EN.GHG.N2O.AG.MT.CE.AR5:WLD,1970-12-31,890.31571066033
WDI:EN.GHG.N2O.AG.MT.CE.AR5:WLD,1971-12-31,905.40557253627
WDI:EN.GHG.N2O.AG.MT.CE.AR5:WLD,1972-12-31,915.16199171171
WDI:EN.GHG.N2O.AG.MT.CE.AR5:WLD,1973-12-31,927.26127082515
WDI:EN.GHG.N2O.AG.MT.CE.AR5:WLD,1974-12-31,935.32676310355
WDI:EN.GHG.N2O.AG.MT.CE.AR5:WLD,1975-12-31,969.60121742102
WDI:EN.GHG.N2O.AG.MT.CE.AR5:WLD,1976-12-31,997.39355091664
WDI:EN.GHG.N2O.AG.MT.CE.AR5:WLD,1977-12-31,1021.5187456548
WDI:EN.GHG.N2O.AG.MT.CE.AR5:WLD,1978-12-31,1051.1828560466
WDI:EN.GHG.N2O.AG.MT.CE.AR5:WLD,1979-12-31,1078.4410825167
WDI:EN.GHG.N2O.AG.MT.CE.AR5:WLD,1980-12-31,1102.1979813072
WDI:EN.GHG.N2O.AG.MT.CE.AR5:WLD,1981-12-31,1109.4326484119
WDI:EN.GHG.N2O.AG.MT.CE.AR5:WLD,1982-12-31,1158.1946789936
WDI:EN.GHG.N2O.AG.MT.CE.AR5:WLD,1983-12-31,1190.9655020961
WDI:EN.GHG.N2O.AG.MT.CE.AR5:WLD,1984-12-31,1224.1584194051
WDI:EN.GHG.N2O.AG.MT.CE.AR5:WLD,1985-12-31,1217.6002003859
WDI:EN.GHG.N2O.AG.MT.CE.AR5:WLD,1986-12-31,1244.6474425734
WDI:EN.GHG.N2O.AG.MT.CE.AR5:WLD,1987-12-31,1264.8956346018
WDI:EN.GHG.N2O.AG.MT.CE.AR5:WLD,1988-12-31,1293.6120566469
WDI:EN.GHG.N2O.AG.MT.CE.AR5:WLD,1989-12-31,1306.3851440999
WDI:EN.GHG.N2O.AG.MT.CE.AR5:WLD,1990-12-31,1315.7802288768
WDI:EN.GHG.N2O.AG.MT.CE.AR5:WLD,1991-12-31,1304.7754758055
WDI:EN.GHG.N2O.AG.MT.CE.AR5:WLD,1992-12-31,1312.9059417761
WDI:EN.GHG.N2O.AG.MT.CE.AR5:WLD,1993-12-31,1314.1549670302
WDI:EN.GHG.N2O.AG.MT.CE.AR5:WLD,1994-12-31,1324.6738610173
WDI:EN.GHG.N2O.AG.MT.CE.AR5:WLD,1995-12-31,1356.9158883678
WDI:EN.GHG.N2O.AG.MT.CE.AR5:WLD,1996-12-31,1389.8030397322
WDI:EN.GHG.N2O.AG.MT.CE.AR5:WLD,1997-12-31,1354.0989509581
WDI:EN.GHG.N2O.AG.MT.CE.AR5:WLD,1998-12-31,1380.4869705692
WDI:EN.GHG.N2O.AG.MT.CE.AR5:WLD,1999-12-31,1396.9526468541
WDI:EN.GHG.N2O.AG.MT.CE.AR5:WLD,2000-12-31,1397.2403032105
WDI:EN.GHG.N2O.AG.MT.CE.AR5:WLD,2001-12-31,1399.5001348187
WDI:EN.GHG.N2O.AG.MT.CE.AR5:WLD,2002-12-31,1418.0744083797
WDI:EN.GHG.N2O.AG.MT.CE.AR5:WLD,2003-12-31,1433.5811249087
WDI:EN.GHG.N2O.AG.MT.CE.AR5:WLD,2004-12-31,1472.617689351
WDI:EN.GHG.N2O.AG.MT.CE.AR5:WLD,2005-12-31,1478.7965713898
WDI:EN.GHG.N2O.AG.MT.CE.AR5:WLD,2006-12-31,1510.5742599425
WDI:EN.GHG.N2O.AG.MT.CE.AR5:WLD,2007-12-31,1532.6380788005
WDI:EN.GHG.N2O.AG.MT.CE.AR5:WLD,2008-12-31,1526.8512216155
WDI:EN.GHG.N2O.AG.MT.CE.AR5:WLD,2009-12-31,1563.5221189879
WDI:EN.GHG.N2O.AG.MT.CE.AR5:WLD,2010-12-31,1569.3879549453
WDI:EN.GHG.N2O.AG.MT.CE.AR5:WLD,2011-12-31,1609.1651540797
WDI:EN.GHG.N2O.AG.MT.CE.AR5:WLD,2012-12-31,1620.7990028596
WDI:EN.GHG.N2O.AG.MT.CE.AR5:WLD,2013-12-31,1642.3766559956
WDI:EN.GHG.N2O.AG.MT.CE.AR5:WLD,2014-12-31,1636.4852605293
WDI:EN.GHG.N2O.AG.MT.CE.AR5:WLD,2015-12-31,1653.0077939611
WDI:EN.GHG.N2O.AG.MT.CE.AR5:WLD,2016-12-31,1668.9111816059
WDI:EN.GHG.N2O.AG.MT.CE.AR5:WLD,2017-12-31,1670.6781410678
WDI:EN.GHG.N2O.AG.MT.CE.AR5:WLD,2018-12-31,1665.2245641757
WDI:EN.GHG.N2O.AG.MT.CE.AR5:WLD,2019-12-31,1694.2710964436
WDI:EN.GHG.N2O.AG.MT.CE.AR5:WLD,2020-12-31,1723.1053353549
WDI:EN.GHG.N2O.AG.MT.CE.AR5:WLD,2021-12-31,1719.7958182807
WDI:EN.GHG.N2O.AG.MT.CE.AR5:WLD,2022-12-31,1730.4060154123
WDI:EN.GHG.N2O.AG.MT.CE.AR5:WLD,2023-12-31,1752.5118882238
WDI:EN.GHG.N2O.AG.MT.CE.AR5:WLD,2024-12-31,1764.1519388616
WDI:EN.GHG.N2O.AG.MT.CE.AR5:WSM,1970-12-31,0.0145
WDI:EN.GHG.N2O.AG.MT.CE.AR5:WSM,1971-12-31,0.0144
WDI:EN.GHG.N2O.AG.MT.CE.AR5:WSM,1972-12-31,0.0146
WDI:EN.GHG.N2O.AG.MT.CE.AR5:WSM,1973-12-31,0.0148
WDI:EN.GHG.N2O.AG.MT.CE.AR5:WSM,1974-12-31,0.0157
WDI:EN.GHG.N2O.AG.MT.CE.AR5:WSM,1975-12-31,0.0168
WDI:EN.GHG.N2O.AG.MT.CE.AR5:WSM,1976-12-31,0.0174
WDI:EN.GHG.N2O.AG.MT.CE.AR5:WSM,1977-12-31,0.0172
WDI:EN.GHG.N2O.AG.MT.CE.AR5:WSM,1978-12-31,0.0176
WDI:EN.GHG.N2O.AG.MT.CE.AR5:WSM,1979-12-31,0.0181
WDI:EN.GHG.N2O.AG.MT.CE.AR5:WSM,1980-12-31,0.0185
WDI:EN.GHG.N2O.AG.MT.CE.AR5:WSM,1981-12-31,0.0188
WDI:EN.GHG.N2O.AG.MT.CE.AR5:WSM,1982-12-31,0.0195
WDI:EN.GHG.N2O.AG.MT.CE.AR5:WSM,1983-12-31,0.0197
WDI:EN.GHG.N2O.AG.MT.CE.AR5:WSM,1984-12-31,0.0201
WDI:EN.GHG.N2O.AG.MT.CE.AR5:WSM,1985-12-31,0.0216
WDI:EN.GHG.N2O.AG.MT.CE.AR5:WSM,1986-12-31,0.0241
WDI:EN.GHG.N2O.AG.MT.CE.AR5:WSM,1987-12-31,0.0265
WDI:EN.GHG.N2O.AG.MT.CE.AR5:WSM,1988-12-31,0.0266
WDI:EN.GHG.N2O.AG.MT.CE.AR5:WSM,1989-12-31,0.0263
WDI:EN.GHG.N2O.AG.MT.CE.AR5:WSM,1990-12-31,0.0265
WDI:EN.GHG.N2O.AG.MT.CE.AR5:WSM,1991-12-31,0.0264
WDI:EN.GHG.N2O.AG.MT.CE.AR5:WSM,1992-12-31,0.0257
WDI:EN.GHG.N2O.AG.MT.CE.AR5:WSM,1993-12-31,0.0263
WDI:EN.GHG.N2O.AG.MT.CE.AR5:WSM,1994-12-31,0.0267
WDI:EN.GHG.N2O.AG.MT.CE.AR5:WSM,1995-12-31,0.0262
WDI:EN.GHG.N2O.AG.MT.CE.AR5:WSM,1996-12-31,0.0264
WDI:EN.GHG.N2O.AG.MT.CE.AR5:WSM,1997-12-31,0.0265
WDI:EN.GHG.N2O.AG.MT.CE.AR5:WSM,1998-12-31,0.027
WDI:EN.GHG.N2O.AG.MT.CE.AR5:WSM,1999-12-31,0.0271
WDI:EN.GHG.N2O.AG.MT.CE.AR5:WSM,2000-12-31,0.0274
WDI:EN.GHG.N2O.AG.MT.CE.AR5:WSM,2001-12-31,0.0297
WDI:EN.GHG.N2O.AG.MT.CE.AR5:WSM,2002-12-31,0.0298
WDI:EN.GHG.N2O.AG.MT.CE.AR5:WSM,2003-12-31,0.0303
WDI:EN.GHG.N2O.AG.MT.CE.AR5:WSM,2004-12-31,0.0307
WDI:EN.GHG.N2O.AG.MT.CE.AR5:WSM,2005-12-31,0.0307
WDI:EN.GHG.N2O.AG.MT.CE.AR5:WSM,2006-12-31,0.0305
WDI:EN.GHG.N2O.AG.MT.CE.AR5:WSM,2007-12-31,0.0292
WDI:EN.GHG.N2O.AG.MT.CE.AR5:WSM,2008-12-31,0.0287
WDI:EN.GHG.N2O.AG.MT.CE.AR5:WSM,2009-12-31,0.0303
WDI:EN.GHG.N2O.AG.MT.CE.AR5:WSM,2010-12-31,0.0333
WDI:EN.GHG.N2O.AG.MT.CE.AR5:WSM,2011-12-31,0.0349
WDI:EN.GHG.N2O.AG.MT.CE.AR5:WSM,2012-12-31,0.0359
WDI:EN.GHG.N2O.AG.MT.CE.AR5:WSM,2013-12-31,0.0367
WDI:EN.GHG.N2O.AG.MT.CE.AR5:WSM,2014-12-31,0.0368
WDI:EN.GHG.N2O.AG.MT.CE.AR5:WSM,2015-12-31,0.0398
WDI:EN.GHG.N2O.AG.MT.CE.AR5:WSM,2016-12-31,0.0355
WDI:EN.GHG.N2O.AG.MT.CE.AR5:WSM,2017-12-31,0.0333
WDI:EN.GHG.N2O.AG.MT.CE.AR5:WSM,2018-12-31,0.03
WDI:EN.GHG.N2O.AG.MT.CE.AR5:WSM,2019-12-31,0.0254
WDI:EN.GHG.N2O.AG.MT.CE.AR5:WSM,2020-12-31,0.0231
WDI:EN.GHG.N2O.AG.MT.CE.AR5:WSM,2021-12-31,0.0291
WDI:EN.GHG.N2O.AG.MT.CE.AR5:WSM,2022-12-31,0.028
WDI:EN.GHG.N2O.AG.MT.CE.AR5:WSM,2023-12-31,0.0268
WDI:EN.GHG.N2O.AG.MT.CE.AR5:WSM,2024-12-31,0.0261
WDI:EN.GHG.N2O.AG.MT.CE.AR5:YEM,1970-12-31,0.8075
WDI:EN.GHG.N2O.AG.MT.CE.AR5:YEM,1971-12-31,0.8746
WDI:EN.GHG.N2O.AG.MT.CE.AR5:YEM,1972-12-31,0.8583
WDI:EN.GHG.N2O.AG.MT.CE.AR5:YEM,1973-12-31,0.8203
WDI:EN.GHG.N2O.AG.MT.CE.AR5:YEM,1974-12-31,0.8875
WDI:EN.GHG.N2O.AG.MT.CE.AR5:YEM,1975-12-31,0.9318
WDI:EN.GHG.N2O.AG.MT.CE.AR5:YEM,1976-12-31,0.8523
WDI:EN.GHG.N2O.AG.MT.CE.AR5:YEM,1977-12-31,0.8619
WDI:EN.GHG.N2O.AG.MT.CE.AR5:YEM,1978-12-31,0.8641
WDI:EN.GHG.N2O.AG.MT.CE.AR5:YEM,1979-12-31,0.8735
WDI:EN.GHG.N2O.AG.MT.CE.AR5:YEM,1980-12-31,0.8932
WDI:EN.GHG.N2O.AG.MT.CE.AR5:YEM,1981-12-31,0.9125
WDI:EN.GHG.N2O.AG.MT.CE.AR5:YEM,1982-12-31,0.9255
WDI:EN.GHG.N2O.AG.MT.CE.AR5:YEM,1983-12-31,0.9319
WDI:EN.GHG.N2O.AG.MT.CE.AR5:YEM,1984-12-31,0.9486
WDI:EN.GHG.N2O.AG.MT.CE.AR5:YEM,1985-12-31,0.9638
WDI:EN.GHG.N2O.AG.MT.CE.AR5:YEM,1986-12-31,0.9858
WDI:EN.GHG.N2O.AG.MT.CE.AR5:YEM,1987-12-31,0.9976
WDI:EN.GHG.N2O.AG.MT.CE.AR5:YEM,1988-12-31,1.0466
WDI:EN.GHG.N2O.AG.MT.CE.AR5:YEM,1989-12-31,1.0645
WDI:EN.GHG.N2O.AG.MT.CE.AR5:YEM,1990-12-31,1.2973
WDI:EN.GHG.N2O.AG.MT.CE.AR5:YEM,1991-12-31,1.2235
WDI:EN.GHG.N2O.AG.MT.CE.AR5:YEM,1992-12-31,1.2705
WDI:EN.GHG.N2O.AG.MT.CE.AR5:YEM,1993-12-31,1.301
WDI:EN.GHG.N2O.AG.MT.CE.AR5:YEM,1994-12-31,1.2877
WDI:EN.GHG.N2O.AG.MT.CE.AR5:YEM,1995-12-31,1.3032
WDI:EN.GHG.N2O.AG.MT.CE.AR5:YEM,1996-12-31,1.3533
WDI:EN.GHG.N2O.AG.MT.CE.AR5:YEM,1997-12-31,1.4117
WDI:EN.GHG.N2O.AG.MT.CE.AR5:YEM,1998-12-31,1.4885
WDI:EN.GHG.N2O.AG.MT.CE.AR5:YEM,1999-12-31,1.5213
WDI:EN.GHG.N2O.AG.MT.CE.AR5:YEM,2000-12-31,1.5691
WDI:EN.GHG.N2O.AG.MT.CE.AR5:YEM,2001-12-31,1.6521
WDI:EN.GHG.N2O.AG.MT.CE.AR5:YEM,2002-12-31,1.6642
WDI:EN.GHG.N2O.AG.MT.CE.AR5:YEM,2003-12-31,1.826
WDI:EN.GHG.N2O.AG.MT.CE.AR5:YEM,2004-12-31,1.8556
WDI:EN.GHG.N2O.AG.MT.CE.AR5:YEM,2005-12-31,1.8814
WDI:EN.GHG.N2O.AG.MT.CE.AR5:YEM,2006-12-31,1.9333
WDI:EN.GHG.N2O.AG.MT.CE.AR5:YEM,2007-12-31,2.0262
WDI:EN.GHG.N2O.AG.MT.CE.AR5:YEM,2008-12-31,2.0773
WDI:EN.GHG.N2O.AG.MT.CE.AR5:YEM,2009-12-31,2.1226
WDI:EN.GHG.N2O.AG.MT.CE.AR5:YEM,2010-12-31,2.1555
WDI:EN.GHG.N2O.AG.MT.CE.AR5:YEM,2011-12-31,2.1845
WDI:EN.GHG.N2O.AG.MT.CE.AR5:YEM,2012-12-31,2.2118
WDI:EN.GHG.N2O.AG.MT.CE.AR5:YEM,2013-12-31,2.2435
WDI:EN.GHG.N2O.AG.MT.CE.AR5:YEM,2014-12-31,2.2722
WDI:EN.GHG.N2O.AG.MT.CE.AR5:YEM,2015-12-31,2.2358
WDI:EN.GHG.N2O.AG.MT.CE.AR5:YEM,2016-12-31,2.1679
WDI:EN.GHG.N2O.AG.MT.CE.AR5:YEM,2017-12-31,2.1562
WDI:EN.GHG.N2O.AG.MT.CE.AR5:YEM,2018-12-31,2.0406
WDI:EN.GHG.N2O.AG.MT.CE.AR5:YEM,2019-12-31,2.2866
WDI:EN.GHG.N2O.AG.MT.CE.AR5:YEM,2020-12-31,2.3229
WDI:EN.GHG.N2O.AG.MT.CE.AR5:YEM,2021-12-31,2.4097
WDI:EN.GHG.N2O.AG.MT.CE.AR5:YEM,2022-12-31,2.4153
WDI:EN.GHG.N2O.AG.MT.CE.AR5:YEM,2023-12-31,2.3939
WDI:EN.GHG.N2O.AG.MT.CE.AR5:YEM,2024-12-31,2.4644
WDI:EN.GHG.N2O.AG.MT.CE.AR5:ZAF,1970-12-31,8.9427
WDI:EN.GHG.N2O.AG.MT.CE.AR5:ZAF,1971-12-31,8.8845
WDI:EN.GHG.N2O.AG.MT.CE.AR5:ZAF,1972-12-31,8.9621
WDI:EN.GHG.N2O.AG.MT.CE.AR5:ZAF,1973-12-31,8.9536
WDI:EN.GHG.N2O.AG.MT.CE.AR5:ZAF,1974-12-31,9.3227
WDI:EN.GHG.N2O.AG.MT.CE.AR5:ZAF,1975-12-31,9.7086
WDI:EN.GHG.N2O.AG.MT.CE.AR5:ZAF,1976-12-31,9.882
WDI:EN.GHG.N2O.AG.MT.CE.AR5:ZAF,1977-12-31,10.2182
WDI:EN.GHG.N2O.AG.MT.CE.AR5:ZAF,1978-12-31,10.4718
WDI:EN.GHG.N2O.AG.MT.CE.AR5:ZAF,1979-12-31,11.0276
WDI:EN.GHG.N2O.AG.MT.CE.AR5:ZAF,1980-12-31,11.0886
WDI:EN.GHG.N2O.AG.MT.CE.AR5:ZAF,1981-12-31,11.2792
WDI:EN.GHG.N2O.AG.MT.CE.AR5:ZAF,1982-12-31,11.1231
WDI:EN.GHG.N2O.AG.MT.CE.AR5:ZAF,1983-12-31,10.653
WDI:EN.GHG.N2O.AG.MT.CE.AR5:ZAF,1984-12-31,10.7513
WDI:EN.GHG.N2O.AG.MT.CE.AR5:ZAF,1985-12-31,10.2345
WDI:EN.GHG.N2O.AG.MT.CE.AR5:ZAF,1986-12-31,10.2273
WDI:EN.GHG.N2O.AG.MT.CE.AR5:ZAF,1987-12-31,10.1872
WDI:EN.GHG.N2O.AG.MT.CE.AR5:ZAF,1988-12-31,10.6166
WDI:EN.GHG.N2O.AG.MT.CE.AR5:ZAF,1989-12-31,10.9225
WDI:EN.GHG.N2O.AG.MT.CE.AR5:ZAF,1990-12-31,11.2553
WDI:EN.GHG.N2O.AG.MT.CE.AR5:ZAF,1991-12-31,11.2725
WDI:EN.GHG.N2O.AG.MT.CE.AR5:ZAF,1992-12-31,11.0913
WDI:EN.GHG.N2O.AG.MT.CE.AR5:ZAF,1993-12-31,11.2511
WDI:EN.GHG.N2O.AG.MT.CE.AR5:ZAF,1994-12-31,10.9085
WDI:EN.GHG.N2O.AG.MT.CE.AR5:ZAF,1995-12-31,10.8794
WDI:EN.GHG.N2O.AG.MT.CE.AR5:ZAF,1996-12-31,11.3262
WDI:EN.GHG.N2O.AG.MT.CE.AR5:ZAF,1997-12-31,11.5521
WDI:EN.GHG.N2O.AG.MT.CE.AR5:ZAF,1998-12-31,11.696
WDI:EN.GHG.N2O.AG.MT.CE.AR5:ZAF,1999-12-31,11.6277
WDI:EN.GHG.N2O.AG.MT.CE.AR5:ZAF,2000-12-31,11.6502
WDI:EN.GHG.N2O.AG.MT.CE.AR5:ZAF,2001-12-31,11.5506
WDI:EN.GHG.N2O.AG.MT.CE.AR5:ZAF,2002-12-31,12.0761
WDI:EN.GHG.N2O.AG.MT.CE.AR5:ZAF,2003-12-31,11.8196
WDI:EN.GHG.N2O.AG.MT.CE.AR5:ZAF,2004-12-31,11.9433
WDI:EN.GHG.N2O.AG.MT.CE.AR5:ZAF,2005-12-31,11.8512
WDI:EN.GHG.N2O.AG.MT.CE.AR5:ZAF,2006-12-31,12.0046
WDI:EN.GHG.N2O.AG.MT.CE.AR5:ZAF,2007-12-31,12.2747
WDI:EN.GHG.N2O.AG.MT.CE.AR5:ZAF,2008-12-31,12.326
WDI:EN.GHG.N2O.AG.MT.CE.AR5:ZAF,2009-12-31,12.211
WDI:EN.GHG.N2O.AG.MT.CE.AR5:ZAF,2010-12-31,12.0797
WDI:EN.GHG.N2O.AG.MT.CE.AR5:ZAF,2011-12-31,12.1343
WDI:EN.GHG.N2O.AG.MT.CE.AR5:ZAF,2012-12-31,12.3464
WDI:EN.GHG.N2O.AG.MT.CE.AR5:ZAF,2013-12-31,12.3518
WDI:EN.GHG.N2O.AG.MT.CE.AR5:ZAF,2014-12-31,12.9612
WDI:EN.GHG.N2O.AG.MT.CE.AR5:ZAF,2015-12-31,12.0842
WDI:EN.GHG.N2O.AG.MT.CE.AR5:ZAF,2016-12-31,12.343
WDI:EN.GHG.N2O.AG.MT.CE.AR5:ZAF,2017-12-31,13.2087
WDI:EN.GHG.N2O.AG.MT.CE.AR5:ZAF,2018-12-31,12.0773
WDI:EN.GHG.N2O.AG.MT.CE.AR5:ZAF,2019-12-31,11.5242
WDI:EN.GHG.N2O.AG.MT.CE.AR5:ZAF,2020-12-31,12.1174
WDI:EN.GHG.N2O.AG.MT.CE.AR5:ZAF,2021-12-31,13.4293
WDI:EN.GHG.N2O.AG.MT.CE.AR5:ZAF,2022-12-31,12.7117
WDI:EN.GHG.N2O.AG.MT.CE.AR5:ZAF,2023-12-31,12.7475
WDI:EN.GHG.N2O.AG.MT.CE.AR5:ZAF,2024-12-31,12.8151
WDI:EN.GHG.N2O.AG.MT.CE.AR5:ZMB,1970-12-31,1.6091
WDI:EN.GHG.N2O.AG.MT.CE.AR5:ZMB,1971-12-31,1.6315
WDI:EN.GHG.N2O.AG.MT.CE.AR5:ZMB,1972-12-31,1.6605
WDI:EN.GHG.N2O.AG.MT.CE.AR5:ZMB,1973-12-31,1.669
WDI:EN.GHG.N2O.AG.MT.CE.AR5:ZMB,1974-12-31,1.7367
WDI:EN.GHG.N2O.AG.MT.CE.AR5:ZMB,1975-12-31,1.7626
WDI:EN.GHG.N2O.AG.MT.CE.AR5:ZMB,1976-12-31,1.884
WDI:EN.GHG.N2O.AG.MT.CE.AR5:ZMB,1977-12-31,1.9258
WDI:EN.GHG.N2O.AG.MT.CE.AR5:ZMB,1978-12-31,1.8694
WDI:EN.GHG.N2O.AG.MT.CE.AR5:ZMB,1979-12-31,1.917
WDI:EN.GHG.N2O.AG.MT.CE.AR5:ZMB,1980-12-31,1.9742
WDI:EN.GHG.N2O.AG.MT.CE.AR5:ZMB,1981-12-31,2.0544
WDI:EN.GHG.N2O.AG.MT.CE.AR5:ZMB,1982-12-31,2.0967
WDI:EN.GHG.N2O.AG.MT.CE.AR5:ZMB,1983-12-31,1.9937
WDI:EN.GHG.N2O.AG.MT.CE.AR5:ZMB,1984-12-31,1.9117
WDI:EN.GHG.N2O.AG.MT.CE.AR5:ZMB,1985-12-31,2.1117
WDI:EN.GHG.N2O.AG.MT.CE.AR5:ZMB,1986-12-31,2.1432
WDI:EN.GHG.N2O.AG.MT.CE.AR5:ZMB,1987-12-31,2.2134
WDI:EN.GHG.N2O.AG.MT.CE.AR5:ZMB,1988-12-31,2.2235
WDI:EN.GHG.N2O.AG.MT.CE.AR5:ZMB,1989-12-31,2.2311
WDI:EN.GHG.N2O.AG.MT.CE.AR5:ZMB,1990-12-31,2.2287
WDI:EN.GHG.N2O.AG.MT.CE.AR5:ZMB,1991-12-31,2.2805
WDI:EN.GHG.N2O.AG.MT.CE.AR5:ZMB,1992-12-31,2.3538
WDI:EN.GHG.N2O.AG.MT.CE.AR5:ZMB,1993-12-31,2.294
WDI:EN.GHG.N2O.AG.MT.CE.AR5:ZMB,1994-12-31,2.1042
WDI:EN.GHG.N2O.AG.MT.CE.AR5:ZMB,1995-12-31,1.9978
WDI:EN.GHG.N2O.AG.MT.CE.AR5:ZMB,1996-12-31,1.9163
WDI:EN.GHG.N2O.AG.MT.CE.AR5:ZMB,1997-12-31,2.1256
WDI:EN.GHG.N2O.AG.MT.CE.AR5:ZMB,1998-12-31,2.0587
WDI:EN.GHG.N2O.AG.MT.CE.AR5:ZMB,1999-12-31,2.141
WDI:EN.GHG.N2O.AG.MT.CE.AR5:ZMB,2000-12-31,2.0513
WDI:EN.GHG.N2O.AG.MT.CE.AR5:ZMB,2001-12-31,2.1098
WDI:EN.GHG.N2O.AG.MT.CE.AR5:ZMB,2002-12-31,2.0811
WDI:EN.GHG.N2O.AG.MT.CE.AR5:ZMB,2003-12-31,2.0563
WDI:EN.GHG.N2O.AG.MT.CE.AR5:ZMB,2004-12-31,2.022
WDI:EN.GHG.N2O.AG.MT.CE.AR5:ZMB,2005-12-31,2.1029
WDI:EN.GHG.N2O.AG.MT.CE.AR5:ZMB,2006-12-31,2.2547
WDI:EN.GHG.N2O.AG.MT.CE.AR5:ZMB,2007-12-31,2.1259
WDI:EN.GHG.N2O.AG.MT.CE.AR5:ZMB,2008-12-31,2.1384
WDI:EN.GHG.N2O.AG.MT.CE.AR5:ZMB,2009-12-31,2.5098
WDI:EN.GHG.N2O.AG.MT.CE.AR5:ZMB,2010-12-31,2.8912
WDI:EN.GHG.N2O.AG.MT.CE.AR5:ZMB,2011-12-31,2.806
WDI:EN.GHG.N2O.AG.MT.CE.AR5:ZMB,2012-12-31,3.3401
WDI:EN.GHG.N2O.AG.MT.CE.AR5:ZMB,2013-12-31,3.621
WDI:EN.GHG.N2O.AG.MT.CE.AR5:ZMB,2014-12-31,3.6198
WDI:EN.GHG.N2O.AG.MT.CE.AR5:ZMB,2015-12-31,3.4464
WDI:EN.GHG.N2O.AG.MT.CE.AR5:ZMB,2016-12-31,3.4716
WDI:EN.GHG.N2O.AG.MT.CE.AR5:ZMB,2017-12-31,3.5334
WDI:EN.GHG.N2O.AG.MT.CE.AR5:ZMB,2018-12-31,3.4886
WDI:EN.GHG.N2O.AG.MT.CE.AR5:ZMB,2019-12-31,3.8202
WDI:EN.GHG.N2O.AG.MT.CE.AR5:ZMB,2020-12-31,3.8078
WDI:EN.GHG.N2O.AG.MT.CE.AR5:ZMB,2021-12-31,3.9889
WDI:EN.GHG.N2O.AG.MT.CE.AR5:ZMB,2022-12-31,4.0791
WDI:EN.GHG.N2O.AG.MT.CE.AR5:ZMB,2023-12-31,4.1401
WDI:EN.GHG.N2O.AG.MT.CE.AR5:ZMB,2024-12-31,4.2801
WDI:EN.GHG.N2O.AG.MT.CE.AR5:ZWE,1970-12-31,2.8167
WDI:EN.GHG.N2O.AG.MT.CE.AR5:ZWE,1971-12-31,2.9913
WDI:EN.GHG.N2O.AG.MT.CE.AR5:ZWE,1972-12-31,3.0188
WDI:EN.GHG.N2O.AG.MT.CE.AR5:ZWE,1973-12-31,3.0008
WDI:EN.GHG.N2O.AG.MT.CE.AR5:ZWE,1974-12-31,3.0794
WDI:EN.GHG.N2O.AG.MT.CE.AR5:ZWE,1975-12-31,3.2344
WDI:EN.GHG.N2O.AG.MT.CE.AR5:ZWE,1976-12-31,3.2245
WDI:EN.GHG.N2O.AG.MT.CE.AR5:ZWE,1977-12-31,3.2695
WDI:EN.GHG.N2O.AG.MT.CE.AR5:ZWE,1978-12-31,3.0695
WDI:EN.GHG.N2O.AG.MT.CE.AR5:ZWE,1979-12-31,2.8176
WDI:EN.GHG.N2O.AG.MT.CE.AR5:ZWE,1980-12-31,2.7999
WDI:EN.GHG.N2O.AG.MT.CE.AR5:ZWE,1981-12-31,2.972
WDI:EN.GHG.N2O.AG.MT.CE.AR5:ZWE,1982-12-31,3.0566
WDI:EN.GHG.N2O.AG.MT.CE.AR5:ZWE,1983-12-31,3.0104
WDI:EN.GHG.N2O.AG.MT.CE.AR5:ZWE,1984-12-31,2.9962
WDI:EN.GHG.N2O.AG.MT.CE.AR5:ZWE,1985-12-31,3.2056
WDI:EN.GHG.N2O.AG.MT.CE.AR5:ZWE,1986-12-31,3.3406
WDI:EN.GHG.N2O.AG.MT.CE.AR5:ZWE,1987-12-31,3.3298
WDI:EN.GHG.N2O.AG.MT.CE.AR5:ZWE,1988-12-31,3.4116
WDI:EN.GHG.N2O.AG.MT.CE.AR5:ZWE,1989-12-31,3.4565
WDI:EN.GHG.N2O.AG.MT.CE.AR5:ZWE,1990-12-31,3.7694
WDI:EN.GHG.N2O.AG.MT.CE.AR5:ZWE,1991-12-31,3.2462
WDI:EN.GHG.N2O.AG.MT.CE.AR5:ZWE,1992-12-31,3.3589
WDI:EN.GHG.N2O.AG.MT.CE.AR5:ZWE,1993-12-31,2.7015
WDI:EN.GHG.N2O.AG.MT.CE.AR5:ZWE,1994-12-31,2.7666
WDI:EN.GHG.N2O.AG.MT.CE.AR5:ZWE,1995-12-31,2.7417
WDI:EN.GHG.N2O.AG.MT.CE.AR5:ZWE,1996-12-31,3.3351
WDI:EN.GHG.N2O.AG.MT.CE.AR5:ZWE,1997-12-31,3.3464
WDI:EN.GHG.N2O.AG.MT.CE.AR5:ZWE,1998-12-31,3.5202
WDI:EN.GHG.N2O.AG.MT.CE.AR5:ZWE,1999-12-31,3.8108
WDI:EN.GHG.N2O.AG.MT.CE.AR5:ZWE,2000-12-31,3.8848
WDI:EN.GHG.N2O.AG.MT.CE.AR5:ZWE,2001-12-31,3.9377
WDI:EN.GHG.N2O.AG.MT.CE.AR5:ZWE,2002-12-31,3.4936
WDI:EN.GHG.N2O.AG.MT.CE.AR5:ZWE,2003-12-31,3.1742
WDI:EN.GHG.N2O.AG.MT.CE.AR5:ZWE,2004-12-31,3.1182
WDI:EN.GHG.N2O.AG.MT.CE.AR5:ZWE,2005-12-31,3.0959
WDI:EN.GHG.N2O.AG.MT.CE.AR5:ZWE,2006-12-31,3.0024
WDI:EN.GHG.N2O.AG.MT.CE.AR5:ZWE,2007-12-31,3.0583
WDI:EN.GHG.N2O.AG.MT.CE.AR5:ZWE,2008-12-31,2.9934
WDI:EN.GHG.N2O.AG.MT.CE.AR5:ZWE,2009-12-31,3.2489
WDI:EN.GHG.N2O.AG.MT.CE.AR5:ZWE,2010-12-31,3.5756
WDI:EN.GHG.N2O.AG.MT.CE.AR5:ZWE,2011-12-31,3.724
WDI:EN.GHG.N2O.AG.MT.CE.AR5:ZWE,2012-12-31,3.762
WDI:EN.GHG.N2O.AG.MT.CE.AR5:ZWE,2013-12-31,3.8344
WDI:EN.GHG.N2O.AG.MT.CE.AR5:ZWE,2014-12-31,3.1129
WDI:EN.GHG.N2O.AG.MT.CE.AR5:ZWE,2015-12-31,3.4061
WDI:EN.GHG.N2O.AG.MT.CE.AR5:ZWE,2016-12-31,3.4443
WDI:EN.GHG.N2O.AG.MT.CE.AR5:ZWE,2017-12-31,3.3159
WDI:EN.GHG.N2O.AG.MT.CE.AR5:ZWE,2018-12-31,3.3559
WDI:EN.GHG.N2O.AG.MT.CE.AR5:ZWE,2019-12-31,3.1862
WDI:EN.GHG.N2O.AG.MT.CE.AR5:ZWE,2020-12-31,3.3714
WDI:EN.GHG.N2O.AG.MT.CE.AR5:ZWE,2021-12-31,3.5105
WDI:EN.GHG.N2O.AG.MT.CE.AR5:ZWE,2022-12-31,3.4159
WDI:EN.GHG.N2O.AG.MT.CE.AR5:ZWE,2023-12-31,3.6782
WDI:EN.GHG.N2O.AG.MT.CE.AR5:ZWE,2024-12-31,3.7335
