series_id,obs_date,value
WDI:NE.EXP.GNFS.ZS:ABW,1995-12-31,84.8984771573604
WDI:NE.EXP.GNFS.ZS:ABW,1996-12-31,86.63967611336032
WDI:NE.EXP.GNFS.ZS:ABW,1997-12-31,82.53099927060539
WDI:NE.EXP.GNFS.ZS:ABW,1998-12-31,79.63770546796377
WDI:NE.EXP.GNFS.ZS:ABW,1999-12-31,79.92866407263296
WDI:NE.EXP.GNFS.ZS:ABW,2000-12-31,74.3860109498193
WDI:NE.EXP.GNFS.ZS:ABW,2001-12-31,70.99678377026493
WDI:NE.EXP.GNFS.ZS:ABW,2002-12-31,64.56431358031722
WDI:NE.EXP.GNFS.ZS:ABW,2003-12-31,62.731213240920916
WDI:NE.EXP.GNFS.ZS:ABW,2004-12-31,64.66555851409773
WDI:NE.EXP.GNFS.ZS:ABW,2005-12-31,68.07529818808734
WDI:NE.EXP.GNFS.ZS:ABW,2006-12-31,64.59415265315226
WDI:NE.EXP.GNFS.ZS:ABW,2007-12-31,65.06126253865551
WDI:NE.EXP.GNFS.ZS:ABW,2008-12-31,65.52929506580253
WDI:NE.EXP.GNFS.ZS:ABW,2009-12-31,62.918563468955156
WDI:NE.EXP.GNFS.ZS:ABW,2010-12-31,60.21818609047166
WDI:NE.EXP.GNFS.ZS:ABW,2011-12-31,69.75101275623877
WDI:NE.EXP.GNFS.ZS:ABW,2012-12-31,73.10354580416272
WDI:NE.EXP.GNFS.ZS:ABW,2013-12-31,73.57643589297234
WDI:NE.EXP.GNFS.ZS:ABW,2014-12-31,75.45462315896262
WDI:NE.EXP.GNFS.ZS:ABW,2015-12-31,70.3217227986333
WDI:NE.EXP.GNFS.ZS:ABW,2016-12-31,68.96666005705981
WDI:NE.EXP.GNFS.ZS:ABW,2017-12-31,69.63693621074074
WDI:NE.EXP.GNFS.ZS:ABW,2018-12-31,68.40886396097386
WDI:NE.EXP.GNFS.ZS:ABW,2019-12-31,66.72178754215834
WDI:NE.EXP.GNFS.ZS:ABW,2020-12-31,53.57694364834735
WDI:NE.EXP.GNFS.ZS:ABW,2021-12-31,67.5199048286586
WDI:NE.EXP.GNFS.ZS:ABW,2022-12-31,80.80688102125588
WDI:NE.EXP.GNFS.ZS:ABW,2023-12-31,79.8588933716615
WDI:NE.EXP.GNFS.ZS:ABW,2024-12-31,85.9688151817883
WDI:NE.EXP.GNFS.ZS:AFE,1980-12-31,27.905744802654407
WDI:NE.EXP.GNFS.ZS:AFE,1981-12-31,22.75027995405832
WDI:NE.EXP.GNFS.ZS:AFE,1982-12-31,20.47585405378795
WDI:NE.EXP.GNFS.ZS:AFE,1983-12-31,20.08572679673789
WDI:NE.EXP.GNFS.ZS:AFE,1984-12-31,20.726934527763724
WDI:NE.EXP.GNFS.ZS:AFE,1985-12-31,22.004947753025654
WDI:NE.EXP.GNFS.ZS:AFE,1986-12-31,23.326974849266286
WDI:NE.EXP.GNFS.ZS:AFE,1987-12-31,24.60600184724458
WDI:NE.EXP.GNFS.ZS:AFE,1988-12-31,23.69069987336862
WDI:NE.EXP.GNFS.ZS:AFE,1989-12-31,22.027185137401116
WDI:NE.EXP.GNFS.ZS:AFE,1990-12-31,20.304303257177185
WDI:NE.EXP.GNFS.ZS:AFE,1991-12-31,18.44086221200399
WDI:NE.EXP.GNFS.ZS:AFE,1992-12-31,21.461772749617563
WDI:NE.EXP.GNFS.ZS:AFE,1993-12-31,22.64524975349096
WDI:NE.EXP.GNFS.ZS:AFE,1994-12-31,23.63476186878333
WDI:NE.EXP.GNFS.ZS:AFE,1995-12-31,24.299344472909834
WDI:NE.EXP.GNFS.ZS:AFE,1996-12-31,25.402801256317154
WDI:NE.EXP.GNFS.ZS:AFE,1997-12-31,24.484816707997663
WDI:NE.EXP.GNFS.ZS:AFE,1998-12-31,24.81135439257675
WDI:NE.EXP.GNFS.ZS:AFE,1999-12-31,24.73600877167229
WDI:NE.EXP.GNFS.ZS:AFE,2000-12-31,25.54665055701194
WDI:NE.EXP.GNFS.ZS:AFE,2001-12-31,27.20725004593403
WDI:NE.EXP.GNFS.ZS:AFE,2002-12-31,27.536544478551928
WDI:NE.EXP.GNFS.ZS:AFE,2003-12-31,25.346188026381583
WDI:NE.EXP.GNFS.ZS:AFE,2004-12-31,25.510669796816504
WDI:NE.EXP.GNFS.ZS:AFE,2005-12-31,27.421743079738874
WDI:NE.EXP.GNFS.ZS:AFE,2006-12-31,29.23079708452951
WDI:NE.EXP.GNFS.ZS:AFE,2007-12-31,31.570913702167598
WDI:NE.EXP.GNFS.ZS:AFE,2008-12-31,34.920231010866935
WDI:NE.EXP.GNFS.ZS:AFE,2009-12-31,26.911993153148362
WDI:NE.EXP.GNFS.ZS:AFE,2010-12-31,29.01137314713374
WDI:NE.EXP.GNFS.ZS:AFE,2011-12-31,30.974625382419323
WDI:NE.EXP.GNFS.ZS:AFE,2012-12-31,29.466768547602012
WDI:NE.EXP.GNFS.ZS:AFE,2013-12-31,28.80516468402139
WDI:NE.EXP.GNFS.ZS:AFE,2014-12-31,27.732508498366343
WDI:NE.EXP.GNFS.ZS:AFE,2015-12-31,23.89775465834475
WDI:NE.EXP.GNFS.ZS:AFE,2016-12-31,23.697296922970512
WDI:NE.EXP.GNFS.ZS:AFE,2017-12-31,23.815797794441874
WDI:NE.EXP.GNFS.ZS:AFE,2018-12-31,25.350131085381978
WDI:NE.EXP.GNFS.ZS:AFE,2019-12-31,24.1083995883246
WDI:NE.EXP.GNFS.ZS:AFE,2020-12-31,22.322105930673647
WDI:NE.EXP.GNFS.ZS:AFE,2021-12-31,25.851912261435178
WDI:NE.EXP.GNFS.ZS:AFE,2022-12-31,27.13534200400156
WDI:NE.EXP.GNFS.ZS:AFE,2023-12-31,26.1604657168212
WDI:NE.EXP.GNFS.ZS:AFE,2024-12-31,25.5215824374484
WDI:NE.EXP.GNFS.ZS:AFE,2025-12-31,25.5665587243646
WDI:NE.EXP.GNFS.ZS:AFG,2020-12-31,10.42081713862066
WDI:NE.EXP.GNFS.ZS:AFG,2021-12-31,14.34215279753703
WDI:NE.EXP.GNFS.ZS:AFG,2022-12-31,18.38004240163747
WDI:NE.EXP.GNFS.ZS:AFG,2023-12-31,16.2352784419391
WDI:NE.EXP.GNFS.ZS:AFG,2024-12-31,15.7027518479481
WDI:NE.EXP.GNFS.ZS:AGO,2002-12-31,49.49753848072291
WDI:NE.EXP.GNFS.ZS:AGO,2003-12-31,47.564460965316954
WDI:NE.EXP.GNFS.ZS:AGO,2004-12-31,51.04417688693358
WDI:NE.EXP.GNFS.ZS:AGO,2005-12-31,58.72326618700344
WDI:NE.EXP.GNFS.ZS:AGO,2006-12-31,56.85333856665933
WDI:NE.EXP.GNFS.ZS:AGO,2007-12-31,61.2105085588617
WDI:NE.EXP.GNFS.ZS:AGO,2008-12-31,65.03053218766193
WDI:NE.EXP.GNFS.ZS:AGO,2009-12-31,50.89938639540112
WDI:NE.EXP.GNFS.ZS:AGO,2010-12-31,53.892516131985225
WDI:NE.EXP.GNFS.ZS:AGO,2011-12-31,54.12053248195616
WDI:NE.EXP.GNFS.ZS:AGO,2012-12-31,50.02706071284536
WDI:NE.EXP.GNFS.ZS:AGO,2013-12-31,45.232320919742754
WDI:NE.EXP.GNFS.ZS:AGO,2014-12-31,37.01432674936415
WDI:NE.EXP.GNFS.ZS:AGO,2015-12-31,26.148931712458523
WDI:NE.EXP.GNFS.ZS:AGO,2016-12-31,24.659165255540604
WDI:NE.EXP.GNFS.ZS:AGO,2017-12-31,25.45723518484969
WDI:NE.EXP.GNFS.ZS:AGO,2018-12-31,36.24589512908513
WDI:NE.EXP.GNFS.ZS:AGO,2019-12-31,37.16033112440833
WDI:NE.EXP.GNFS.ZS:AGO,2020-12-31,31.575828007657652
WDI:NE.EXP.GNFS.ZS:AGO,2021-12-31,39.4494840713604
WDI:NE.EXP.GNFS.ZS:AGO,2022-12-31,35.19605302170635
WDI:NE.EXP.GNFS.ZS:AGO,2023-12-31,32.6693723720411
WDI:NE.EXP.GNFS.ZS:AGO,2024-12-31,30.8795219046294
WDI:NE.EXP.GNFS.ZS:AGO,2025-12-31,22.9777500640377
WDI:NE.EXP.GNFS.ZS:ALB,1980-12-31,23.95749191066951
WDI:NE.EXP.GNFS.ZS:ALB,1981-12-31,23.81050665972247
WDI:NE.EXP.GNFS.ZS:ALB,1982-12-31,20.07291790606421
WDI:NE.EXP.GNFS.ZS:ALB,1983-12-31,18.852075140684356
WDI:NE.EXP.GNFS.ZS:ALB,1984-12-31,18.040331426534706
WDI:NE.EXP.GNFS.ZS:ALB,1985-12-31,16.820372569607212
WDI:NE.EXP.GNFS.ZS:ALB,1986-12-31,15.606180130535247
WDI:NE.EXP.GNFS.ZS:ALB,1987-12-31,16.029921838815312
WDI:NE.EXP.GNFS.ZS:ALB,1988-12-31,16.97939413365964
WDI:NE.EXP.GNFS.ZS:ALB,1989-12-31,18.593353461246554
WDI:NE.EXP.GNFS.ZS:ALB,1990-12-31,15.40506382934147
WDI:NE.EXP.GNFS.ZS:ALB,1991-12-31,7.484818724678139
WDI:NE.EXP.GNFS.ZS:ALB,1992-12-31,12.499591493250545
WDI:NE.EXP.GNFS.ZS:ALB,1993-12-31,15.978829813386527
WDI:NE.EXP.GNFS.ZS:ALB,1994-12-31,11.983694347693001
WDI:NE.EXP.GNFS.ZS:ALB,1995-12-31,12.26965122570078
WDI:NE.EXP.GNFS.ZS:ALB,1996-12-31,11.495145017889914
WDI:NE.EXP.GNFS.ZS:ALB,1997-12-31,10.040849236361762
WDI:NE.EXP.GNFS.ZS:ALB,1998-12-31,11.227303824211814
WDI:NE.EXP.GNFS.ZS:ALB,1999-12-31,16.473433438741143
WDI:NE.EXP.GNFS.ZS:ALB,2000-12-31,19.530470898001102
WDI:NE.EXP.GNFS.ZS:ALB,2001-12-31,20.61356661901692
WDI:NE.EXP.GNFS.ZS:ALB,2002-12-31,20.171185933313456
WDI:NE.EXP.GNFS.ZS:ALB,2003-12-31,20.163880378646134
WDI:NE.EXP.GNFS.ZS:ALB,2004-12-31,21.551752222221484
WDI:NE.EXP.GNFS.ZS:ALB,2005-12-31,22.442781839726734
WDI:NE.EXP.GNFS.ZS:ALB,2006-12-31,24.508591932400662
WDI:NE.EXP.GNFS.ZS:ALB,2007-12-31,27.130819912404586
WDI:NE.EXP.GNFS.ZS:ALB,2008-12-31,24.582661920353644
WDI:NE.EXP.GNFS.ZS:ALB,2009-12-31,24.644624460971958
WDI:NE.EXP.GNFS.ZS:ALB,2010-12-31,27.609929670104684
WDI:NE.EXP.GNFS.ZS:ALB,2011-12-31,29.054473802263324
WDI:NE.EXP.GNFS.ZS:ALB,2012-12-31,29.11077093608142
WDI:NE.EXP.GNFS.ZS:ALB,2013-12-31,28.869402007646933
WDI:NE.EXP.GNFS.ZS:ALB,2014-12-31,28.068343487549757
WDI:NE.EXP.GNFS.ZS:ALB,2015-12-31,27.06932246203194
WDI:NE.EXP.GNFS.ZS:ALB,2016-12-31,28.66979317416082
WDI:NE.EXP.GNFS.ZS:ALB,2017-12-31,31.00179578885826
WDI:NE.EXP.GNFS.ZS:ALB,2018-12-31,31.114013542195075
WDI:NE.EXP.GNFS.ZS:ALB,2019-12-31,30.936122485848372
WDI:NE.EXP.GNFS.ZS:ALB,2020-12-31,22.54075855589325
WDI:NE.EXP.GNFS.ZS:ALB,2021-12-31,31.1330562572669
WDI:NE.EXP.GNFS.ZS:ALB,2022-12-31,37.19707556149769
WDI:NE.EXP.GNFS.ZS:ALB,2023-12-31,38.4188212901288
WDI:NE.EXP.GNFS.ZS:ALB,2024-12-31,36.2848685351465
WDI:NE.EXP.GNFS.ZS:ALB,2025-12-31,37.0141194079686
WDI:NE.EXP.GNFS.ZS:ARB,2001-12-31,37.961211340062746
WDI:NE.EXP.GNFS.ZS:ARB,2002-12-31,39.25425943621299
WDI:NE.EXP.GNFS.ZS:ARB,2003-12-31,42.548459537733756
WDI:NE.EXP.GNFS.ZS:ARB,2004-12-31,47.45801444966786
WDI:NE.EXP.GNFS.ZS:ARB,2005-12-31,52.108353418701846
WDI:NE.EXP.GNFS.ZS:ARB,2006-12-31,53.69260349145591
WDI:NE.EXP.GNFS.ZS:ARB,2007-12-31,53.67154749668563
WDI:NE.EXP.GNFS.ZS:ARB,2008-12-31,56.64881977616497
WDI:NE.EXP.GNFS.ZS:ARB,2009-12-31,46.15739466467807
WDI:NE.EXP.GNFS.ZS:ARB,2010-12-31,48.55538887490242
WDI:NE.EXP.GNFS.ZS:ARB,2011-12-31,52.74875572315303
WDI:NE.EXP.GNFS.ZS:ARB,2012-12-31,54.16361974093332
WDI:NE.EXP.GNFS.ZS:ARB,2013-12-31,52.27509815575178
WDI:NE.EXP.GNFS.ZS:ARB,2014-12-31,48.47557954958723
WDI:NE.EXP.GNFS.ZS:ARB,2015-12-31,40.31526892145299
WDI:NE.EXP.GNFS.ZS:ARB,2016-12-31,37.59692225128957
WDI:NE.EXP.GNFS.ZS:ARB,2017-12-31,41.784994920446934
WDI:NE.EXP.GNFS.ZS:ARB,2018-12-31,44.408725299684946
WDI:NE.EXP.GNFS.ZS:ARB,2019-12-31,42.1571893930522
WDI:NE.EXP.GNFS.ZS:ARB,2020-12-31,35.77538429541475
WDI:NE.EXP.GNFS.ZS:ARB,2021-12-31,41.50273945946367
WDI:NE.EXP.GNFS.ZS:ARB,2022-12-31,47.84230618917525
WDI:NE.EXP.GNFS.ZS:ARB,2023-12-31,46.8268242818741
WDI:NE.EXP.GNFS.ZS:ARE,2001-12-31,49.1592253276122
WDI:NE.EXP.GNFS.ZS:ARE,2002-12-31,49.50334738408133
WDI:NE.EXP.GNFS.ZS:ARE,2003-12-31,55.923199215174456
WDI:NE.EXP.GNFS.ZS:ARE,2004-12-31,63.567729813864815
WDI:NE.EXP.GNFS.ZS:ARE,2005-12-31,67.58531138988411
WDI:NE.EXP.GNFS.ZS:ARE,2006-12-31,68.62779767151349
WDI:NE.EXP.GNFS.ZS:ARE,2007-12-31,72.38409750030881
WDI:NE.EXP.GNFS.ZS:ARE,2008-12-31,78.86788870153997
WDI:NE.EXP.GNFS.ZS:ARE,2009-12-31,79.65331786218624
WDI:NE.EXP.GNFS.ZS:ARE,2010-12-31,77.44553435702139
WDI:NE.EXP.GNFS.ZS:ARE,2011-12-31,85.62864836615202
WDI:NE.EXP.GNFS.ZS:ARE,2012-12-31,95.60086625341239
WDI:NE.EXP.GNFS.ZS:ARE,2013-12-31,95.7551835445394
WDI:NE.EXP.GNFS.ZS:ARE,2014-12-31,94.77385608015497
WDI:NE.EXP.GNFS.ZS:ARE,2015-12-31,93.86254309250953
WDI:NE.EXP.GNFS.ZS:ARE,2016-12-31,94.47475346968591
WDI:NE.EXP.GNFS.ZS:ARE,2017-12-31,94.73739636198677
WDI:NE.EXP.GNFS.ZS:ARE,2018-12-31,90.84295812558678
WDI:NE.EXP.GNFS.ZS:ARE,2019-12-31,93.30230912013975
WDI:NE.EXP.GNFS.ZS:ARE,2020-12-31,98.0724675358339
WDI:NE.EXP.GNFS.ZS:ARE,2021-12-31,100.64257426763679
WDI:NE.EXP.GNFS.ZS:ARE,2022-12-31,102.0519889741333
WDI:NE.EXP.GNFS.ZS:ARE,2023-12-31,106.846123390953
WDI:NE.EXP.GNFS.ZS:ARG,1960-12-31,7.604049108256436
WDI:NE.EXP.GNFS.ZS:ARG,1961-12-31,5.9949469947786955
WDI:NE.EXP.GNFS.ZS:ARG,1962-12-31,4.691842758998306
WDI:NE.EXP.GNFS.ZS:ARG,1963-12-31,7.890454202624619
WDI:NE.EXP.GNFS.ZS:ARG,1964-12-31,5.563715604785078
WDI:NE.EXP.GNFS.ZS:ARG,1965-12-31,6.225874437667957
WDI:NE.EXP.GNFS.ZS:ARG,1966-12-31,6.652917383599545
WDI:NE.EXP.GNFS.ZS:ARG,1967-12-31,7.495596226249303
WDI:NE.EXP.GNFS.ZS:ARG,1968-12-31,6.484453462775146
WDI:NE.EXP.GNFS.ZS:ARG,1969-12-31,6.398713316529901
WDI:NE.EXP.GNFS.ZS:ARG,1970-12-31,5.601566676004002
WDI:NE.EXP.GNFS.ZS:ARG,1971-12-31,6.007232881288886
WDI:NE.EXP.GNFS.ZS:ARG,1972-12-31,7.197765839083525
WDI:NE.EXP.GNFS.ZS:ARG,1973-12-31,7.6126677211921345
WDI:NE.EXP.GNFS.ZS:ARG,1974-12-31,6.902570797609897
WDI:NE.EXP.GNFS.ZS:ARG,1975-12-31,5.82405179865594
WDI:NE.EXP.GNFS.ZS:ARG,1976-12-31,9.175388296401739
WDI:NE.EXP.GNFS.ZS:ARG,1977-12-31,9.615892412713368
WDI:NE.EXP.GNFS.ZS:ARG,1978-12-31,8.608389938114778
WDI:NE.EXP.GNFS.ZS:ARG,1979-12-31,6.510915466757396
WDI:NE.EXP.GNFS.ZS:ARG,1980-12-31,5.061972681115178
WDI:NE.EXP.GNFS.ZS:ARG,1981-12-31,6.921049480309992
WDI:NE.EXP.GNFS.ZS:ARG,1982-12-31,9.090493078595125
WDI:NE.EXP.GNFS.ZS:ARG,1983-12-31,9.151520686820716
WDI:NE.EXP.GNFS.ZS:ARG,1984-12-31,7.589895311788802
WDI:NE.EXP.GNFS.ZS:ARG,1985-12-31,11.736098020735156
WDI:NE.EXP.GNFS.ZS:ARG,1986-12-31,8.16197754429543
WDI:NE.EXP.GNFS.ZS:ARG,1987-12-31,7.873205813400308
WDI:NE.EXP.GNFS.ZS:ARG,1988-12-31,9.531612972934036
WDI:NE.EXP.GNFS.ZS:ARG,1989-12-31,13.058408908564065
WDI:NE.EXP.GNFS.ZS:ARG,1990-12-31,10.359536592526384
WDI:NE.EXP.GNFS.ZS:ARG,1991-12-31,7.675043348322166
WDI:NE.EXP.GNFS.ZS:ARG,1992-12-31,6.598187472037402
WDI:NE.EXP.GNFS.ZS:ARG,1993-12-31,6.909351533708319
WDI:NE.EXP.GNFS.ZS:ARG,1994-12-31,7.529948725916719
WDI:NE.EXP.GNFS.ZS:ARG,1995-12-31,9.680410259590147
WDI:NE.EXP.GNFS.ZS:ARG,1996-12-31,10.428596756013922
WDI:NE.EXP.GNFS.ZS:ARG,1997-12-31,10.560850101926183
WDI:NE.EXP.GNFS.ZS:ARG,1998-12-31,10.41558196109193
WDI:NE.EXP.GNFS.ZS:ARG,1999-12-31,9.827174514942351
WDI:NE.EXP.GNFS.ZS:ARG,2000-12-31,10.986375232557629
WDI:NE.EXP.GNFS.ZS:ARG,2001-12-31,11.5790080825317
WDI:NE.EXP.GNFS.ZS:ARG,2002-12-31,28.382596999168214
WDI:NE.EXP.GNFS.ZS:ARG,2003-12-31,25.93094292642245
WDI:NE.EXP.GNFS.ZS:ARG,2004-12-31,23.84761942398915
WDI:NE.EXP.GNFS.ZS:ARG,2005-12-31,23.24587673385756
WDI:NE.EXP.GNFS.ZS:ARG,2006-12-31,23.026694603811514
WDI:NE.EXP.GNFS.ZS:ARG,2007-12-31,22.66275031150658
WDI:NE.EXP.GNFS.ZS:ARG,2008-12-31,22.060900382624236
WDI:NE.EXP.GNFS.ZS:ARG,2009-12-31,19.56098505608181
WDI:NE.EXP.GNFS.ZS:ARG,2010-12-31,18.933823405370887
WDI:NE.EXP.GNFS.ZS:ARG,2011-12-31,18.449209145315486
WDI:NE.EXP.GNFS.ZS:ARG,2012-12-31,16.237859462024566
WDI:NE.EXP.GNFS.ZS:ARG,2013-12-31,14.617173388438564
WDI:NE.EXP.GNFS.ZS:ARG,2014-12-31,14.405478589375567
WDI:NE.EXP.GNFS.ZS:ARG,2015-12-31,10.705652050453766
WDI:NE.EXP.GNFS.ZS:ARG,2016-12-31,12.527095169000932
WDI:NE.EXP.GNFS.ZS:ARG,2017-12-31,11.320283359673338
WDI:NE.EXP.GNFS.ZS:ARG,2018-12-31,14.436685749903372
WDI:NE.EXP.GNFS.ZS:ARG,2019-12-31,17.924878377846202
WDI:NE.EXP.GNFS.ZS:ARG,2020-12-31,16.605414437248417
WDI:NE.EXP.GNFS.ZS:ARG,2021-12-31,18.066709169036486
WDI:NE.EXP.GNFS.ZS:ARG,2022-12-31,16.281667725325406
WDI:NE.EXP.GNFS.ZS:ARG,2023-12-31,12.8223120961047
WDI:NE.EXP.GNFS.ZS:ARG,2024-12-31,15.2497485928824
WDI:NE.EXP.GNFS.ZS:ARG,2025-12-31,15.5556611218587
WDI:NE.EXP.GNFS.ZS:ARM,1990-12-31,35.002981514609424
WDI:NE.EXP.GNFS.ZS:ARM,1991-12-31,40.74538837997239
WDI:NE.EXP.GNFS.ZS:ARM,1992-12-31,39.82075502111609
WDI:NE.EXP.GNFS.ZS:ARM,1993-12-31,47.21897587005531
WDI:NE.EXP.GNFS.ZS:ARM,1994-12-31,39.328039352326094
WDI:NE.EXP.GNFS.ZS:ARM,1995-12-31,23.927920828361707
WDI:NE.EXP.GNFS.ZS:ARM,1996-12-31,23.240003504338148
WDI:NE.EXP.GNFS.ZS:ARM,1997-12-31,20.273269388754162
WDI:NE.EXP.GNFS.ZS:ARM,1998-12-31,19.00301997167367
WDI:NE.EXP.GNFS.ZS:ARM,1999-12-31,20.75824695265674
WDI:NE.EXP.GNFS.ZS:ARM,2000-12-31,22.1614188089398
WDI:NE.EXP.GNFS.ZS:ARM,2001-12-31,24.14585439563056
WDI:NE.EXP.GNFS.ZS:ARM,2002-12-31,27.832108365993953
WDI:NE.EXP.GNFS.ZS:ARM,2003-12-31,30.482997892398128
WDI:NE.EXP.GNFS.ZS:ARM,2004-12-31,28.190743823172298
WDI:NE.EXP.GNFS.ZS:ARM,2005-12-31,27.313197950011524
WDI:NE.EXP.GNFS.ZS:ARM,2006-12-31,22.14598143551338
WDI:NE.EXP.GNFS.ZS:ARM,2007-12-31,18.18935698197247
WDI:NE.EXP.GNFS.ZS:ARM,2008-12-31,14.265729573976726
WDI:NE.EXP.GNFS.ZS:ARM,2009-12-31,14.670900746136347
WDI:NE.EXP.GNFS.ZS:ARM,2010-12-31,19.748415316825223
WDI:NE.EXP.GNFS.ZS:ARM,2011-12-31,22.52318826401312
WDI:NE.EXP.GNFS.ZS:ARM,2012-12-31,27.56181148284392
WDI:NE.EXP.GNFS.ZS:ARM,2013-12-31,28.353485138481805
WDI:NE.EXP.GNFS.ZS:ARM,2014-12-31,28.56038165554456
WDI:NE.EXP.GNFS.ZS:ARM,2015-12-31,29.72539121203342
WDI:NE.EXP.GNFS.ZS:ARM,2016-12-31,33.74427986063961
WDI:NE.EXP.GNFS.ZS:ARM,2017-12-31,38.21604565504643
WDI:NE.EXP.GNFS.ZS:ARM,2018-12-31,39.39289402860731
WDI:NE.EXP.GNFS.ZS:ARM,2019-12-31,42.262607350291105
WDI:NE.EXP.GNFS.ZS:ARM,2020-12-31,30.0766482474182
WDI:NE.EXP.GNFS.ZS:ARM,2021-12-31,35.66889239529323
WDI:NE.EXP.GNFS.ZS:ARM,2022-12-31,51.570920365649656
WDI:NE.EXP.GNFS.ZS:ARM,2023-12-31,61.008329479156
WDI:NE.EXP.GNFS.ZS:ARM,2024-12-31,73.6253540067184
WDI:NE.EXP.GNFS.ZS:ARM,2025-12-31,48.0989027205254
WDI:NE.EXP.GNFS.ZS:ASM,2002-12-31,101.171875
WDI:NE.EXP.GNFS.ZS:ASM,2003-12-31,97.90076335877863
WDI:NE.EXP.GNFS.ZS:ASM,2004-12-31,90.37328094302553
WDI:NE.EXP.GNFS.ZS:ASM,2005-12-31,99.6
WDI:NE.EXP.GNFS.ZS:ASM,2006-12-31,100.40567951318458
WDI:NE.EXP.GNFS.ZS:ASM,2007-12-31,97.49034749034749
WDI:NE.EXP.GNFS.ZS:ASM,2008-12-31,114.46428571428571
WDI:NE.EXP.GNFS.ZS:ASM,2009-12-31,78.51851851851852
WDI:NE.EXP.GNFS.ZS:ASM,2010-12-31,63.525305410122165
WDI:NE.EXP.GNFS.ZS:ASM,2011-12-31,58.77192982456141
WDI:NE.EXP.GNFS.ZS:ASM,2012-12-31,75.46875
WDI:NE.EXP.GNFS.ZS:ASM,2013-12-31,71.78683385579937
WDI:NE.EXP.GNFS.ZS:ASM,2014-12-31,66.7185069984448
WDI:NE.EXP.GNFS.ZS:ASM,2015-12-31,63.59583952451708
WDI:NE.EXP.GNFS.ZS:ASM,2016-12-31,63.934426229508205
WDI:NE.EXP.GNFS.ZS:ASM,2017-12-31,59.150326797385624
WDI:NE.EXP.GNFS.ZS:ASM,2018-12-31,68.23161189358372
WDI:NE.EXP.GNFS.ZS:ASM,2019-12-31,61.66924265842349
WDI:NE.EXP.GNFS.ZS:ASM,2020-12-31,59.22330097087378
WDI:NE.EXP.GNFS.ZS:ASM,2021-12-31,44.266666666666666
WDI:NE.EXP.GNFS.ZS:ASM,2022-12-31,46.95752009184845
WDI:NE.EXP.GNFS.ZS:ATG,2014-12-31,74.51074678106976
WDI:NE.EXP.GNFS.ZS:ATG,2015-12-31,70.70449679352573
WDI:NE.EXP.GNFS.ZS:ATG,2016-12-31,70.02409291061754
WDI:NE.EXP.GNFS.ZS:ATG,2017-12-31,64.41600247097689
WDI:NE.EXP.GNFS.ZS:ATG,2018-12-31,62.47054811162405
WDI:NE.EXP.GNFS.ZS:ATG,2019-12-31,69.16469480264556
WDI:NE.EXP.GNFS.ZS:ATG,2020-12-31,41.885963761537695
WDI:NE.EXP.GNFS.ZS:ATG,2021-12-31,46.96121357270663
WDI:NE.EXP.GNFS.ZS:ATG,2022-12-31,54.723764963599244
WDI:NE.EXP.GNFS.ZS:AUS,1960-12-31,12.951499489151994
WDI:NE.EXP.GNFS.ZS:AUS,1961-12-31,12.362933924208852
WDI:NE.EXP.GNFS.ZS:AUS,1962-12-31,13.89762011674899
WDI:NE.EXP.GNFS.ZS:AUS,1963-12-31,12.963347523621637
WDI:NE.EXP.GNFS.ZS:AUS,1964-12-31,14.890517808476647
WDI:NE.EXP.GNFS.ZS:AUS,1965-12-31,13.178628320489086
WDI:NE.EXP.GNFS.ZS:AUS,1966-12-31,12.891600802653672
WDI:NE.EXP.GNFS.ZS:AUS,1967-12-31,12.843025605231256
WDI:NE.EXP.GNFS.ZS:AUS,1968-12-31,12.25857177041671
WDI:NE.EXP.GNFS.ZS:AUS,1969-12-31,11.916956283153466
WDI:NE.EXP.GNFS.ZS:AUS,1970-12-31,12.93560606060606
WDI:NE.EXP.GNFS.ZS:AUS,1971-12-31,12.621191135734072
WDI:NE.EXP.GNFS.ZS:AUS,1972-12-31,12.785510949723175
WDI:NE.EXP.GNFS.ZS:AUS,1973-12-31,14.110478633849114
WDI:NE.EXP.GNFS.ZS:AUS,1974-12-31,13.111092728927124
WDI:NE.EXP.GNFS.ZS:AUS,1975-12-31,14.238466281742252
WDI:NE.EXP.GNFS.ZS:AUS,1976-12-31,13.481974912240766
WDI:NE.EXP.GNFS.ZS:AUS,1977-12-31,13.980983620170651
WDI:NE.EXP.GNFS.ZS:AUS,1978-12-31,13.587369781765645
WDI:NE.EXP.GNFS.ZS:AUS,1979-12-31,14.26805580081229
WDI:NE.EXP.GNFS.ZS:AUS,1980-12-31,16.388857980045252
WDI:NE.EXP.GNFS.ZS:AUS,1981-12-31,14.86554682430971
WDI:NE.EXP.GNFS.ZS:AUS,1982-12-31,13.499134088521705
WDI:NE.EXP.GNFS.ZS:AUS,1983-12-31,13.553308590949348
WDI:NE.EXP.GNFS.ZS:AUS,1984-12-31,13.541116476037788
WDI:NE.EXP.GNFS.ZS:AUS,1985-12-31,15.203552358696621
WDI:NE.EXP.GNFS.ZS:AUS,1986-12-31,14.953789845251494
WDI:NE.EXP.GNFS.ZS:AUS,1987-12-31,15.438327258776136
WDI:NE.EXP.GNFS.ZS:AUS,1988-12-31,15.932601832649219
WDI:NE.EXP.GNFS.ZS:AUS,1989-12-31,15.098018478293293
WDI:NE.EXP.GNFS.ZS:AUS,1990-12-31,15.094721412690227
WDI:NE.EXP.GNFS.ZS:AUS,1991-12-31,16.006722866884353
WDI:NE.EXP.GNFS.ZS:AUS,1992-12-31,16.63485697434385
WDI:NE.EXP.GNFS.ZS:AUS,1993-12-31,17.51519620184872
WDI:NE.EXP.GNFS.ZS:AUS,1994-12-31,17.94639685331895
WDI:NE.EXP.GNFS.ZS:AUS,1995-12-31,17.84357197658473
WDI:NE.EXP.GNFS.ZS:AUS,1996-12-31,18.860976203644107
WDI:NE.EXP.GNFS.ZS:AUS,1997-12-31,19.09770363368626
WDI:NE.EXP.GNFS.ZS:AUS,1998-12-31,19.524000725112792
WDI:NE.EXP.GNFS.ZS:AUS,1999-12-31,18.262144073769058
WDI:NE.EXP.GNFS.ZS:AUS,2000-12-31,19.35608268822598
WDI:NE.EXP.GNFS.ZS:AUS,2001-12-31,22.10975726758131
WDI:NE.EXP.GNFS.ZS:AUS,2002-12-31,20.69276810283957
WDI:NE.EXP.GNFS.ZS:AUS,2003-12-31,19.02556299754862
WDI:NE.EXP.GNFS.ZS:AUS,2004-12-31,17.135062873279406
WDI:NE.EXP.GNFS.ZS:AUS,2005-12-31,18.19511721489217
WDI:NE.EXP.GNFS.ZS:AUS,2006-12-31,19.81935646239073
WDI:NE.EXP.GNFS.ZS:AUS,2007-12-31,20.14589535275916
WDI:NE.EXP.GNFS.ZS:AUS,2008-12-31,20.104412140364293
WDI:NE.EXP.GNFS.ZS:AUS,2009-12-31,22.936907108963545
WDI:NE.EXP.GNFS.ZS:AUS,2010-12-31,19.732223712415603
WDI:NE.EXP.GNFS.ZS:AUS,2011-12-31,21.3710952598475
WDI:NE.EXP.GNFS.ZS:AUS,2012-12-31,21.421233024544804
WDI:NE.EXP.GNFS.ZS:AUS,2013-12-31,19.893141104787272
WDI:NE.EXP.GNFS.ZS:AUS,2014-12-31,20.995917991280674
WDI:NE.EXP.GNFS.ZS:AUS,2015-12-31,19.984645450325516
WDI:NE.EXP.GNFS.ZS:AUS,2016-12-31,19.20314387833513
WDI:NE.EXP.GNFS.ZS:AUS,2017-12-31,21.17184122110758
WDI:NE.EXP.GNFS.ZS:AUS,2018-12-31,21.81257365750659
WDI:NE.EXP.GNFS.ZS:AUS,2019-12-31,24.062480021072176
WDI:NE.EXP.GNFS.ZS:AUS,2020-12-31,23.938037391541304
WDI:NE.EXP.GNFS.ZS:AUS,2021-12-31,22.001814422892526
WDI:NE.EXP.GNFS.ZS:AUS,2022-12-31,25.46152983736588
WDI:NE.EXP.GNFS.ZS:AUS,2023-12-31,26.701068252275
WDI:NE.EXP.GNFS.ZS:AUS,2024-12-31,24.6215240529473
WDI:NE.EXP.GNFS.ZS:AUS,2025-12-31,23.2444383508997
WDI:NE.EXP.GNFS.ZS:AUT,1970-12-31,27.499467745369383
WDI:NE.EXP.GNFS.ZS:AUT,1971-12-31,27.141664544661566
WDI:NE.EXP.GNFS.ZS:AUT,1972-12-31,27.036564993512275
WDI:NE.EXP.GNFS.ZS:AUT,1973-12-31,27.025220554623054
WDI:NE.EXP.GNFS.ZS:AUT,1974-12-31,29.228854632096517
WDI:NE.EXP.GNFS.ZS:AUT,1975-12-31,28.205109572559127
WDI:NE.EXP.GNFS.ZS:AUT,1976-12-31,28.865587911022946
WDI:NE.EXP.GNFS.ZS:AUT,1977-12-31,28.06387904531526
WDI:NE.EXP.GNFS.ZS:AUT,1978-12-31,29.22958067622588
WDI:NE.EXP.GNFS.ZS:AUT,1979-12-31,31.002205699374002
WDI:NE.EXP.GNFS.ZS:AUT,1980-12-31,31.81769621794759
WDI:NE.EXP.GNFS.ZS:AUT,1981-12-31,33.13042748676745
WDI:NE.EXP.GNFS.ZS:AUT,1982-12-31,31.866311313624625
WDI:NE.EXP.GNFS.ZS:AUT,1983-12-31,30.598046887642056
WDI:NE.EXP.GNFS.ZS:AUT,1984-12-31,32.8798022396179
WDI:NE.EXP.GNFS.ZS:AUT,1985-12-31,35.05864071687782
WDI:NE.EXP.GNFS.ZS:AUT,1986-12-31,32.12353727362384
WDI:NE.EXP.GNFS.ZS:AUT,1987-12-31,31.52970158001771
WDI:NE.EXP.GNFS.ZS:AUT,1988-12-31,33.200969490657435
WDI:NE.EXP.GNFS.ZS:AUT,1989-12-31,35.15289114451859
WDI:NE.EXP.GNFS.ZS:AUT,1990-12-31,35.837785254948336
WDI:NE.EXP.GNFS.ZS:AUT,1991-12-31,34.7265065316097
WDI:NE.EXP.GNFS.ZS:AUT,1992-12-31,33.285642444341725
WDI:NE.EXP.GNFS.ZS:AUT,1993-12-31,31.587621889267307
WDI:NE.EXP.GNFS.ZS:AUT,1994-12-31,32.28498922470454
WDI:NE.EXP.GNFS.ZS:AUT,1995-12-31,33.66500092276472
WDI:NE.EXP.GNFS.ZS:AUT,1996-12-31,34.43773558058074
WDI:NE.EXP.GNFS.ZS:AUT,1997-12-31,37.21443358741109
WDI:NE.EXP.GNFS.ZS:AUT,1998-12-31,38.56159062283878
WDI:NE.EXP.GNFS.ZS:AUT,1999-12-31,39.5093125883092
WDI:NE.EXP.GNFS.ZS:AUT,2000-12-31,43.59109146286102
WDI:NE.EXP.GNFS.ZS:AUT,2001-12-31,44.851810180620795
WDI:NE.EXP.GNFS.ZS:AUT,2002-12-31,45.651053394375616
WDI:NE.EXP.GNFS.ZS:AUT,2003-12-31,44.82572259151257
WDI:NE.EXP.GNFS.ZS:AUT,2004-12-31,47.219199103862756
WDI:NE.EXP.GNFS.ZS:AUT,2005-12-31,48.95115167017559
WDI:NE.EXP.GNFS.ZS:AUT,2006-12-31,51.2031559330564
WDI:NE.EXP.GNFS.ZS:AUT,2007-12-31,52.89048323881784
WDI:NE.EXP.GNFS.ZS:AUT,2008-12-31,53.59839134175749
WDI:NE.EXP.GNFS.ZS:AUT,2009-12-31,45.48691068224587
WDI:NE.EXP.GNFS.ZS:AUT,2010-12-31,51.583982112249075
WDI:NE.EXP.GNFS.ZS:AUT,2011-12-31,54.29207688317225
WDI:NE.EXP.GNFS.ZS:AUT,2012-12-31,54.32549244145596
WDI:NE.EXP.GNFS.ZS:AUT,2013-12-31,53.8898209853854
WDI:NE.EXP.GNFS.ZS:AUT,2014-12-31,53.85615709613412
WDI:NE.EXP.GNFS.ZS:AUT,2015-12-31,53.39601227232389
WDI:NE.EXP.GNFS.ZS:AUT,2016-12-31,52.66340208330522
WDI:NE.EXP.GNFS.ZS:AUT,2017-12-31,54.326029675396825
WDI:NE.EXP.GNFS.ZS:AUT,2018-12-31,55.70223947350728
WDI:NE.EXP.GNFS.ZS:AUT,2019-12-31,55.89580739293392
WDI:NE.EXP.GNFS.ZS:AUT,2020-12-31,51.66308997006159
WDI:NE.EXP.GNFS.ZS:AUT,2021-12-31,55.9539450675875
WDI:NE.EXP.GNFS.ZS:AUT,2022-12-31,61.42731211868732
WDI:NE.EXP.GNFS.ZS:AUT,2023-12-31,58.4867595713944
WDI:NE.EXP.GNFS.ZS:AUT,2024-12-31,55.6782850851641
WDI:NE.EXP.GNFS.ZS:AUT,2025-12-31,54.7019473752362
WDI:NE.EXP.GNFS.ZS:AZE,1990-12-31,43.860845839017735
WDI:NE.EXP.GNFS.ZS:AZE,1991-12-31,45.65868263473054
WDI:NE.EXP.GNFS.ZS:AZE,1992-12-31,86.20360573432086
WDI:NE.EXP.GNFS.ZS:AZE,1993-12-31,57.462420382165604
WDI:NE.EXP.GNFS.ZS:AZE,1994-12-31,24.721110221510543
WDI:NE.EXP.GNFS.ZS:AZE,1995-12-31,32.48664354672415
WDI:NE.EXP.GNFS.ZS:AZE,1996-12-31,24.928639391056137
WDI:NE.EXP.GNFS.ZS:AZE,1997-12-31,29.034607225406074
WDI:NE.EXP.GNFS.ZS:AZE,1998-12-31,22.69952915189211
WDI:NE.EXP.GNFS.ZS:AZE,1999-12-31,27.97011999682128
WDI:NE.EXP.GNFS.ZS:AZE,2000-12-31,40.17083147877323
WDI:NE.EXP.GNFS.ZS:AZE,2001-12-31,41.49860787117164
WDI:NE.EXP.GNFS.ZS:AZE,2002-12-31,42.76783505154639
WDI:NE.EXP.GNFS.ZS:AZE,2003-12-31,42.006576645910584
WDI:NE.EXP.GNFS.ZS:AZE,2004-12-31,48.78900846404539
WDI:NE.EXP.GNFS.ZS:AZE,2005-12-31,62.941106009183464
WDI:NE.EXP.GNFS.ZS:AZE,2006-12-31,66.50414484002091
WDI:NE.EXP.GNFS.ZS:AZE,2007-12-31,68.12891169055553
WDI:NE.EXP.GNFS.ZS:AZE,2008-12-31,65.77613784718416
WDI:NE.EXP.GNFS.ZS:AZE,2009-12-31,51.63574568487282
WDI:NE.EXP.GNFS.ZS:AZE,2010-12-31,54.304721535382086
WDI:NE.EXP.GNFS.ZS:AZE,2011-12-31,56.426980530701584
WDI:NE.EXP.GNFS.ZS:AZE,2012-12-31,52.97468019151063
WDI:NE.EXP.GNFS.ZS:AZE,2013-12-31,48.41583307552164
WDI:NE.EXP.GNFS.ZS:AZE,2014-12-31,43.273556658493476
WDI:NE.EXP.GNFS.ZS:AZE,2015-12-31,37.7947774917249
WDI:NE.EXP.GNFS.ZS:AZE,2016-12-31,46.42764939131356
WDI:NE.EXP.GNFS.ZS:AZE,2017-12-31,48.54786473276105
WDI:NE.EXP.GNFS.ZS:AZE,2018-12-31,54.09229386205864
WDI:NE.EXP.GNFS.ZS:AZE,2019-12-31,49.050627501642325
WDI:NE.EXP.GNFS.ZS:AZE,2020-12-31,35.623555866025704
WDI:NE.EXP.GNFS.ZS:AZE,2021-12-31,46.488747167479225
WDI:NE.EXP.GNFS.ZS:AZE,2022-12-31,59.98684806680763
WDI:NE.EXP.GNFS.ZS:AZE,2023-12-31,48.9964135000536
WDI:NE.EXP.GNFS.ZS:AZE,2024-12-31,45.8346308453245
WDI:NE.EXP.GNFS.ZS:AZE,2025-12-31,43.0222163694672
WDI:NE.EXP.GNFS.ZS:BEL,1970-12-31,44.956276491715236
WDI:NE.EXP.GNFS.ZS:BEL,1971-12-31,43.76746309496606
WDI:NE.EXP.GNFS.ZS:BEL,1972-12-31,44.1372779894459
WDI:NE.EXP.GNFS.ZS:BEL,1973-12-31,48.031943855439515
WDI:NE.EXP.GNFS.ZS:BEL,1974-12-31,52.89335805538583
WDI:NE.EXP.GNFS.ZS:BEL,1975-12-31,45.91603656753003
WDI:NE.EXP.GNFS.ZS:BEL,1976-12-31,48.55438285766662
WDI:NE.EXP.GNFS.ZS:BEL,1977-12-31,47.50725022273471
WDI:NE.EXP.GNFS.ZS:BEL,1978-12-31,45.76164417914298
WDI:NE.EXP.GNFS.ZS:BEL,1979-12-31,49.92243849794827
WDI:NE.EXP.GNFS.ZS:BEL,1980-12-31,50.11728048413195
WDI:NE.EXP.GNFS.ZS:BEL,1981-12-31,54.06352205727878
WDI:NE.EXP.GNFS.ZS:BEL,1982-12-31,58.103311806477144
WDI:NE.EXP.GNFS.ZS:BEL,1983-12-31,60.39562658046249
WDI:NE.EXP.GNFS.ZS:BEL,1984-12-31,64.41235167805321
WDI:NE.EXP.GNFS.ZS:BEL,1985-12-31,62.454327417218146
WDI:NE.EXP.GNFS.ZS:BEL,1986-12-31,57.28304983255248
WDI:NE.EXP.GNFS.ZS:BEL,1987-12-31,55.86776306844472
WDI:NE.EXP.GNFS.ZS:BEL,1988-12-31,59.40808324387945
WDI:NE.EXP.GNFS.ZS:BEL,1989-12-31,63.56674893527337
WDI:NE.EXP.GNFS.ZS:BEL,1990-12-31,61.613690955539326
WDI:NE.EXP.GNFS.ZS:BEL,1991-12-31,60.22965488287463
WDI:NE.EXP.GNFS.ZS:BEL,1992-12-31,58.80893033173934
WDI:NE.EXP.GNFS.ZS:BEL,1993-12-31,56.10774115747969
WDI:NE.EXP.GNFS.ZS:BEL,1994-12-31,58.42495934542292
WDI:NE.EXP.GNFS.ZS:BEL,1995-12-31,60.114371718060454
WDI:NE.EXP.GNFS.ZS:BEL,1996-12-31,61.19239095587182
WDI:NE.EXP.GNFS.ZS:BEL,1997-12-31,64.78658108044793
WDI:NE.EXP.GNFS.ZS:BEL,1998-12-31,64.17434501542834
WDI:NE.EXP.GNFS.ZS:BEL,1999-12-31,64.56305951608616
WDI:NE.EXP.GNFS.ZS:BEL,2000-12-31,72.54739515805667
WDI:NE.EXP.GNFS.ZS:BEL,2001-12-31,71.6119589202939
WDI:NE.EXP.GNFS.ZS:BEL,2002-12-31,70.83129769567647
WDI:NE.EXP.GNFS.ZS:BEL,2003-12-31,69.03650850888442
WDI:NE.EXP.GNFS.ZS:BEL,2004-12-31,70.90627744721796
WDI:NE.EXP.GNFS.ZS:BEL,2005-12-31,74.28282892139534
WDI:NE.EXP.GNFS.ZS:BEL,2006-12-31,76.80499705521888
WDI:NE.EXP.GNFS.ZS:BEL,2007-12-31,78.30180470282629
WDI:NE.EXP.GNFS.ZS:BEL,2008-12-31,80.88061997520349
WDI:NE.EXP.GNFS.ZS:BEL,2009-12-31,68.59607706905462
WDI:NE.EXP.GNFS.ZS:BEL,2010-12-31,75.82828986924433
WDI:NE.EXP.GNFS.ZS:BEL,2011-12-31,80.27136435188388
WDI:NE.EXP.GNFS.ZS:BEL,2012-12-31,80.04897213424212
WDI:NE.EXP.GNFS.ZS:BEL,2013-12-31,78.91141344136064
WDI:NE.EXP.GNFS.ZS:BEL,2014-12-31,79.39652058002021
WDI:NE.EXP.GNFS.ZS:BEL,2015-12-31,77.87773921999913
WDI:NE.EXP.GNFS.ZS:BEL,2016-12-31,79.61813170719525
WDI:NE.EXP.GNFS.ZS:BEL,2017-12-31,83.44440505251156
WDI:NE.EXP.GNFS.ZS:BEL,2018-12-31,83.48305671613726
WDI:NE.EXP.GNFS.ZS:BEL,2019-12-31,82.96742753964011
WDI:NE.EXP.GNFS.ZS:BEL,2020-12-31,79.19687056132936
WDI:NE.EXP.GNFS.ZS:BEL,2021-12-31,89.62535510521549
WDI:NE.EXP.GNFS.ZS:BEL,2022-12-31,94.42134467444052
WDI:NE.EXP.GNFS.ZS:BEL,2023-12-31,82.8132982978783
WDI:NE.EXP.GNFS.ZS:BEL,2024-12-31,79.3187864838737
WDI:NE.EXP.GNFS.ZS:BEL,2025-12-31,75.4500710497086
WDI:NE.EXP.GNFS.ZS:BEN,1960-12-31,6.123913812868471
WDI:NE.EXP.GNFS.ZS:BEN,1961-12-31,4.583489548699365
WDI:NE.EXP.GNFS.ZS:BEN,1962-12-31,3.5178231965590183
WDI:NE.EXP.GNFS.ZS:BEN,1963-12-31,3.821360212943596
WDI:NE.EXP.GNFS.ZS:BEN,1964-12-31,5.137338272481611
WDI:NE.EXP.GNFS.ZS:BEN,1965-12-31,7.267563063855096
WDI:NE.EXP.GNFS.ZS:BEN,1966-12-31,6.8465448702017175
WDI:NE.EXP.GNFS.ZS:BEN,1967-12-31,7.665822050308854
WDI:NE.EXP.GNFS.ZS:BEN,1968-12-31,9.334642586945582
WDI:NE.EXP.GNFS.ZS:BEN,1969-12-31,11.773219224992966
WDI:NE.EXP.GNFS.ZS:BEN,1970-12-31,15.1765798315404
WDI:NE.EXP.GNFS.ZS:BEN,1971-12-31,17.78579859044563
WDI:NE.EXP.GNFS.ZS:BEN,1972-12-31,14.384402214007633
WDI:NE.EXP.GNFS.ZS:BEN,1973-12-31,15.66197565051678
WDI:NE.EXP.GNFS.ZS:BEN,1974-12-31,14.316756135465578
WDI:NE.EXP.GNFS.ZS:BEN,1975-12-31,14.528245927766998
WDI:NE.EXP.GNFS.ZS:BEN,1976-12-31,12.991246309692286
WDI:NE.EXP.GNFS.ZS:BEN,1977-12-31,16.17890261413781
WDI:NE.EXP.GNFS.ZS:BEN,1978-12-31,16.52508821299233
WDI:NE.EXP.GNFS.ZS:BEN,1979-12-31,17.516379474837144
WDI:NE.EXP.GNFS.ZS:BEN,1980-12-31,15.816512879414335
WDI:NE.EXP.GNFS.ZS:BEN,1981-12-31,15.930500461049304
WDI:NE.EXP.GNFS.ZS:BEN,1982-12-31,17.77103582970848
WDI:NE.EXP.GNFS.ZS:BEN,1983-12-31,13.764289193942119
WDI:NE.EXP.GNFS.ZS:BEN,1984-12-31,19.579375321244278
WDI:NE.EXP.GNFS.ZS:BEN,1985-12-31,23.652618353909453
WDI:NE.EXP.GNFS.ZS:BEN,1986-12-31,16.675920945503258
WDI:NE.EXP.GNFS.ZS:BEN,1987-12-31,15.267528120164146
WDI:NE.EXP.GNFS.ZS:BEN,1988-12-31,13.803739211676708
WDI:NE.EXP.GNFS.ZS:BEN,1989-12-31,13.495428981303437
WDI:NE.EXP.GNFS.ZS:BEN,1990-12-31,19.18130301065296
WDI:NE.EXP.GNFS.ZS:BEN,1991-12-31,21.002486062747302
WDI:NE.EXP.GNFS.ZS:BEN,1992-12-31,23.239148049645845
WDI:NE.EXP.GNFS.ZS:BEN,1993-12-31,22.46438303675555
WDI:NE.EXP.GNFS.ZS:BEN,1994-12-31,28.327018617295284
WDI:NE.EXP.GNFS.ZS:BEN,1995-12-31,27.36894250275283
WDI:NE.EXP.GNFS.ZS:BEN,1996-12-31,26.49881155458344
WDI:NE.EXP.GNFS.ZS:BEN,1997-12-31,27.176134594454886
WDI:NE.EXP.GNFS.ZS:BEN,1998-12-31,27.092939551006513
WDI:NE.EXP.GNFS.ZS:BEN,1999-12-31,23.009530794781867
WDI:NE.EXP.GNFS.ZS:BEN,2000-12-31,20.605302548955446
WDI:NE.EXP.GNFS.ZS:BEN,2001-12-31,19.86857881155235
WDI:NE.EXP.GNFS.ZS:BEN,2002-12-31,19.72661077833198
WDI:NE.EXP.GNFS.ZS:BEN,2003-12-31,18.644297250083092
WDI:NE.EXP.GNFS.ZS:BEN,2004-12-31,18.513547565912514
WDI:NE.EXP.GNFS.ZS:BEN,2005-12-31,18.48363998046696
WDI:NE.EXP.GNFS.ZS:BEN,2006-12-31,18.05792571296397
WDI:NE.EXP.GNFS.ZS:BEN,2007-12-31,22.042853115436337
WDI:NE.EXP.GNFS.ZS:BEN,2008-12-31,22.140720266279985
WDI:NE.EXP.GNFS.ZS:BEN,2009-12-31,19.927966839388194
WDI:NE.EXP.GNFS.ZS:BEN,2010-12-31,23.07204806705505
WDI:NE.EXP.GNFS.ZS:BEN,2011-12-31,20.849651503121617
WDI:NE.EXP.GNFS.ZS:BEN,2012-12-31,23.896736867013306
WDI:NE.EXP.GNFS.ZS:BEN,2013-12-31,27.570565319311957
WDI:NE.EXP.GNFS.ZS:BEN,2014-12-31,31.43084112363254
WDI:NE.EXP.GNFS.ZS:BEN,2015-12-31,24.72045121103895
WDI:NE.EXP.GNFS.ZS:BEN,2016-12-31,27.606788071198235
WDI:NE.EXP.GNFS.ZS:BEN,2017-12-31,27.205594781883207
WDI:NE.EXP.GNFS.ZS:BEN,2018-12-31,27.274230618908508
WDI:NE.EXP.GNFS.ZS:BEN,2019-12-31,29.630527193547803
WDI:NE.EXP.GNFS.ZS:BEN,2020-12-31,19.872470427652374
WDI:NE.EXP.GNFS.ZS:BEN,2021-12-31,20.91880617547327
WDI:NE.EXP.GNFS.ZS:BEN,2022-12-31,20.81533004744576
WDI:NE.EXP.GNFS.ZS:BEN,2023-12-31,20.003519091069
WDI:NE.EXP.GNFS.ZS:BEN,2024-12-31,18.84015691814
WDI:NE.EXP.GNFS.ZS:BEN,2025-12-31,17.0524416091327
WDI:NE.EXP.GNFS.ZS:BFA,1960-12-31,4.861965447137282
WDI:NE.EXP.GNFS.ZS:BFA,1961-12-31,5.4288860387775175
WDI:NE.EXP.GNFS.ZS:BFA,1962-12-31,5.531983697231226
WDI:NE.EXP.GNFS.ZS:BFA,1963-12-31,5.5794920814370155
WDI:NE.EXP.GNFS.ZS:BFA,1964-12-31,2.7988361825162977
WDI:NE.EXP.GNFS.ZS:BFA,1965-12-31,4.652596543122595
WDI:NE.EXP.GNFS.ZS:BFA,1966-12-31,5.051730849813657
WDI:NE.EXP.GNFS.ZS:BFA,1967-12-31,4.928506231559421
WDI:NE.EXP.GNFS.ZS:BFA,1968-12-31,6.204738146883164
WDI:NE.EXP.GNFS.ZS:BFA,1969-12-31,5.817213740564103
WDI:NE.EXP.GNFS.ZS:BFA,1970-12-31,5.455240232863335
WDI:NE.EXP.GNFS.ZS:BFA,1971-12-31,5.511467516621562
WDI:NE.EXP.GNFS.ZS:BFA,1972-12-31,6.399727195178959
WDI:NE.EXP.GNFS.ZS:BFA,1973-12-31,6.311797580311741
WDI:NE.EXP.GNFS.ZS:BFA,1974-12-31,8.320763172734084
WDI:NE.EXP.GNFS.ZS:BFA,1975-12-31,7.348254347929986
WDI:NE.EXP.GNFS.ZS:BFA,1976-12-31,8.205252445405925
WDI:NE.EXP.GNFS.ZS:BFA,1977-12-31,7.960266865406605
WDI:NE.EXP.GNFS.ZS:BFA,1978-12-31,7.468419216048063
WDI:NE.EXP.GNFS.ZS:BFA,1979-12-31,8.246134387017975
WDI:NE.EXP.GNFS.ZS:BFA,1980-12-31,8.95052102371656
WDI:NE.EXP.GNFS.ZS:BFA,1981-12-31,9.276410607464173
WDI:NE.EXP.GNFS.ZS:BFA,1982-12-31,8.195716127762587
WDI:NE.EXP.GNFS.ZS:BFA,1983-12-31,7.884149398306042
WDI:NE.EXP.GNFS.ZS:BFA,1984-12-31,10.960913625854971
WDI:NE.EXP.GNFS.ZS:BFA,1985-12-31,9.921464694113757
WDI:NE.EXP.GNFS.ZS:BFA,1986-12-31,8.990563133765564
WDI:NE.EXP.GNFS.ZS:BFA,1987-12-31,11.358816803425265
WDI:NE.EXP.GNFS.ZS:BFA,1988-12-31,10.998700186601544
WDI:NE.EXP.GNFS.ZS:BFA,1989-12-31,8.748862592007544
WDI:NE.EXP.GNFS.ZS:BFA,1990-12-31,10.96669141195167
WDI:NE.EXP.GNFS.ZS:BFA,1991-12-31,10.447548442435947
WDI:NE.EXP.GNFS.ZS:BFA,1992-12-31,8.846480368621105
WDI:NE.EXP.GNFS.ZS:BFA,1993-12-31,8.95154328138584
WDI:NE.EXP.GNFS.ZS:BFA,1994-12-31,14.201621145419594
WDI:NE.EXP.GNFS.ZS:BFA,1995-12-31,14.140556539991458
WDI:NE.EXP.GNFS.ZS:BFA,1996-12-31,10.563605205570695
WDI:NE.EXP.GNFS.ZS:BFA,1997-12-31,10.81253099846768
WDI:NE.EXP.GNFS.ZS:BFA,1998-12-31,12.80810302200564
WDI:NE.EXP.GNFS.ZS:BFA,1999-12-31,8.354005505730994
WDI:NE.EXP.GNFS.ZS:BFA,2000-12-31,8.844717485267703
WDI:NE.EXP.GNFS.ZS:BFA,2001-12-31,9.044082767419297
WDI:NE.EXP.GNFS.ZS:BFA,2002-12-31,8.865365632191812
WDI:NE.EXP.GNFS.ZS:BFA,2003-12-31,9.220431658405724
WDI:NE.EXP.GNFS.ZS:BFA,2004-12-31,10.881587301295061
WDI:NE.EXP.GNFS.ZS:BFA,2005-12-31,9.841847478090635
WDI:NE.EXP.GNFS.ZS:BFA,2006-12-31,10.956863502702097
WDI:NE.EXP.GNFS.ZS:BFA,2007-12-31,10.348542216799231
WDI:NE.EXP.GNFS.ZS:BFA,2008-12-31,10.149327052384766
WDI:NE.EXP.GNFS.ZS:BFA,2009-12-31,13.78897086142336
WDI:NE.EXP.GNFS.ZS:BFA,2010-12-31,20.515848855400787
WDI:NE.EXP.GNFS.ZS:BFA,2011-12-31,26.195500519627085
WDI:NE.EXP.GNFS.ZS:BFA,2012-12-31,26.5980854179657
WDI:NE.EXP.GNFS.ZS:BFA,2013-12-31,27.076985453032513
WDI:NE.EXP.GNFS.ZS:BFA,2014-12-31,26.932004154154
WDI:NE.EXP.GNFS.ZS:BFA,2015-12-31,26.107645535702417
WDI:NE.EXP.GNFS.ZS:BFA,2016-12-31,25.91596480425103
WDI:NE.EXP.GNFS.ZS:BFA,2017-12-31,26.452385635050067
WDI:NE.EXP.GNFS.ZS:BFA,2018-12-31,28.078906141921877
WDI:NE.EXP.GNFS.ZS:BFA,2019-12-31,29.257695657279374
WDI:NE.EXP.GNFS.ZS:BFA,2020-12-31,31.776865690866302
WDI:NE.EXP.GNFS.ZS:BFA,2021-12-31,32.79707351618103
WDI:NE.EXP.GNFS.ZS:BFA,2022-12-31,31.21807341915884
WDI:NE.EXP.GNFS.ZS:BFA,2023-12-31,28.9494254778906
WDI:NE.EXP.GNFS.ZS:BFA,2024-12-31,28.56446679662
WDI:NE.EXP.GNFS.ZS:BFA,2025-12-31,34.9899001231927
WDI:NE.EXP.GNFS.ZS:BGD,1960-12-31,9.99668529799247
WDI:NE.EXP.GNFS.ZS:BGD,1961-12-31,10.782353406333499
WDI:NE.EXP.GNFS.ZS:BGD,1962-12-31,10.74675128332278
WDI:NE.EXP.GNFS.ZS:BGD,1963-12-31,9.983485122160243
WDI:NE.EXP.GNFS.ZS:BGD,1964-12-31,10.028412416521691
WDI:NE.EXP.GNFS.ZS:BGD,1965-12-31,9.662716409196285
WDI:NE.EXP.GNFS.ZS:BGD,1966-12-31,10.28428082744448
WDI:NE.EXP.GNFS.ZS:BGD,1967-12-31,9.306142123301585
WDI:NE.EXP.GNFS.ZS:BGD,1968-12-31,8.33080893013733
WDI:NE.EXP.GNFS.ZS:BGD,1969-12-31,8.145992412565283
WDI:NE.EXP.GNFS.ZS:BGD,1970-12-31,8.313112892605211
WDI:NE.EXP.GNFS.ZS:BGD,1971-12-31,6.291487317244242
WDI:NE.EXP.GNFS.ZS:BGD,1972-12-31,5.674730402823095
WDI:NE.EXP.GNFS.ZS:BGD,1973-12-31,6.539409334003249
WDI:NE.EXP.GNFS.ZS:BGD,1974-12-31,3.7010754647133797
WDI:NE.EXP.GNFS.ZS:BGD,1975-12-31,2.8950788938617364
WDI:NE.EXP.GNFS.ZS:BGD,1976-12-31,4.746081768190182
WDI:NE.EXP.GNFS.ZS:BGD,1977-12-31,7.040751965477419
WDI:NE.EXP.GNFS.ZS:BGD,1978-12-31,5.557663161009456
WDI:NE.EXP.GNFS.ZS:BGD,1979-12-31,6.109219480813095
WDI:NE.EXP.GNFS.ZS:BGD,1980-12-31,5.494283791051261
WDI:NE.EXP.GNFS.ZS:BGD,1981-12-31,5.130863152804642
WDI:NE.EXP.GNFS.ZS:BGD,1982-12-31,5.075299866127585
WDI:NE.EXP.GNFS.ZS:BGD,1983-12-31,5.603849031169409
WDI:NE.EXP.GNFS.ZS:BGD,1984-12-31,3.3962551345500516
WDI:NE.EXP.GNFS.ZS:BGD,1985-12-31,5.384478600370486
WDI:NE.EXP.GNFS.ZS:BGD,1986-12-31,5.182931963301853
WDI:NE.EXP.GNFS.ZS:BGD,1987-12-31,4.990049638959214
WDI:NE.EXP.GNFS.ZS:BGD,1988-12-31,5.428300965312657
WDI:NE.EXP.GNFS.ZS:BGD,1989-12-31,5.540143717941364
WDI:NE.EXP.GNFS.ZS:BGD,1990-12-31,5.908316486608918
WDI:NE.EXP.GNFS.ZS:BGD,1991-12-31,6.662611968632932
WDI:NE.EXP.GNFS.ZS:BGD,1992-12-31,7.586676910371108
WDI:NE.EXP.GNFS.ZS:BGD,1993-12-31,9.017269035749743
WDI:NE.EXP.GNFS.ZS:BGD,1994-12-31,9.001543646282313
WDI:NE.EXP.GNFS.ZS:BGD,1995-12-31,10.864634213862976
WDI:NE.EXP.GNFS.ZS:BGD,1996-12-31,9.706507649523465
WDI:NE.EXP.GNFS.ZS:BGD,1997-12-31,10.520370557350565
WDI:NE.EXP.GNFS.ZS:BGD,1998-12-31,11.757331228718648
WDI:NE.EXP.GNFS.ZS:BGD,1999-12-31,11.758642385731306
WDI:NE.EXP.GNFS.ZS:BGD,2000-12-31,12.3442012279919
WDI:NE.EXP.GNFS.ZS:BGD,2001-12-31,13.386559208064888
WDI:NE.EXP.GNFS.ZS:BGD,2002-12-31,12.409968932201945
WDI:NE.EXP.GNFS.ZS:BGD,2003-12-31,11.431148695941264
WDI:NE.EXP.GNFS.ZS:BGD,2004-12-31,11.146508946135343
WDI:NE.EXP.GNFS.ZS:BGD,2005-12-31,14.392841897928252
WDI:NE.EXP.GNFS.ZS:BGD,2006-12-31,16.353463565288777
WDI:NE.EXP.GNFS.ZS:BGD,2007-12-31,16.995334846490458
WDI:NE.EXP.GNFS.ZS:BGD,2008-12-31,17.658858482075683
WDI:NE.EXP.GNFS.ZS:BGD,2009-12-31,16.9401329056133
WDI:NE.EXP.GNFS.ZS:BGD,2010-12-31,16.024112685691616
WDI:NE.EXP.GNFS.ZS:BGD,2011-12-31,19.922074955493866
WDI:NE.EXP.GNFS.ZS:BGD,2012-12-31,20.161588864062487
WDI:NE.EXP.GNFS.ZS:BGD,2013-12-31,19.53787410987982
WDI:NE.EXP.GNFS.ZS:BGD,2014-12-31,18.989659995010697
WDI:NE.EXP.GNFS.ZS:BGD,2015-12-31,17.33667378654855
WDI:NE.EXP.GNFS.ZS:BGD,2016-12-31,13.92120448144592
WDI:NE.EXP.GNFS.ZS:BGD,2017-12-31,12.819746890600348
WDI:NE.EXP.GNFS.ZS:BGD,2018-12-31,12.674787944339148
WDI:NE.EXP.GNFS.ZS:BGD,2019-12-31,13.094757335303905
WDI:NE.EXP.GNFS.ZS:BGD,2020-12-31,10.442788061603748
WDI:NE.EXP.GNFS.ZS:BGD,2021-12-31,10.662778900413372
WDI:NE.EXP.GNFS.ZS:BGD,2022-12-31,12.882226434898525
WDI:NE.EXP.GNFS.ZS:BGD,2023-12-31,13.1571638341204
WDI:NE.EXP.GNFS.ZS:BGD,2024-12-31,10.4611878291715
WDI:NE.EXP.GNFS.ZS:BGD,2025-12-31,11.1161085689856
WDI:NE.EXP.GNFS.ZS:BGR,1980-12-31,35.707805048272654
WDI:NE.EXP.GNFS.ZS:BGR,1981-12-31,35.63843554533036
WDI:NE.EXP.GNFS.ZS:BGR,1982-12-31,34.282907662082515
WDI:NE.EXP.GNFS.ZS:BGR,1983-12-31,37.14824280721526
WDI:NE.EXP.GNFS.ZS:BGR,1984-12-31,40.13116141315845
WDI:NE.EXP.GNFS.ZS:BGR,1985-12-31,42.795126904799154
WDI:NE.EXP.GNFS.ZS:BGR,1986-12-31,40.0336395168459
WDI:NE.EXP.GNFS.ZS:BGR,1987-12-31,40.78529918179753
WDI:NE.EXP.GNFS.ZS:BGR,1988-12-31,45.565665495721746
WDI:NE.EXP.GNFS.ZS:BGR,1989-12-31,46.42059465577879
WDI:NE.EXP.GNFS.ZS:BGR,1990-12-31,33.119192079417324
WDI:NE.EXP.GNFS.ZS:BGR,1991-12-31,43.47826086956522
WDI:NE.EXP.GNFS.ZS:BGR,1992-12-31,47.11155378486056
WDI:NE.EXP.GNFS.ZS:BGR,1993-12-31,38.20675811308129
WDI:NE.EXP.GNFS.ZS:BGR,1994-12-31,45.047564687975644
WDI:NE.EXP.GNFS.ZS:BGR,1995-12-31,32.339534223788625
WDI:NE.EXP.GNFS.ZS:BGR,1996-12-31,48.49705482824823
WDI:NE.EXP.GNFS.ZS:BGR,1997-12-31,49.57618754208951
WDI:NE.EXP.GNFS.ZS:BGR,1998-12-31,41.941345662466546
WDI:NE.EXP.GNFS.ZS:BGR,1999-12-31,42.749787804433154
WDI:NE.EXP.GNFS.ZS:BGR,2000-12-31,36.21885675601105
WDI:NE.EXP.GNFS.ZS:BGR,2001-12-31,34.88131742250091
WDI:NE.EXP.GNFS.ZS:BGR,2002-12-31,33.647303719612296
WDI:NE.EXP.GNFS.ZS:BGR,2003-12-31,34.41694587881934
WDI:NE.EXP.GNFS.ZS:BGR,2004-12-31,40.95664027275647
WDI:NE.EXP.GNFS.ZS:BGR,2005-12-31,42.529565750775674
WDI:NE.EXP.GNFS.ZS:BGR,2006-12-31,46.977878630893095
WDI:NE.EXP.GNFS.ZS:BGR,2007-12-31,52.35503434565848
WDI:NE.EXP.GNFS.ZS:BGR,2008-12-31,52.477659046971134
WDI:NE.EXP.GNFS.ZS:BGR,2009-12-31,42.21885008724545
WDI:NE.EXP.GNFS.ZS:BGR,2010-12-31,50.098044937987666
WDI:NE.EXP.GNFS.ZS:BGR,2011-12-31,58.788207515795484
WDI:NE.EXP.GNFS.ZS:BGR,2012-12-31,60.34627469427837
WDI:NE.EXP.GNFS.ZS:BGR,2013-12-31,64.56497865140518
WDI:NE.EXP.GNFS.ZS:BGR,2014-12-31,64.55081095038523
WDI:NE.EXP.GNFS.ZS:BGR,2015-12-31,63.7864172382015
WDI:NE.EXP.GNFS.ZS:BGR,2016-12-31,63.860930529439194
WDI:NE.EXP.GNFS.ZS:BGR,2017-12-31,66.99052141724732
WDI:NE.EXP.GNFS.ZS:BGR,2018-12-31,65.9187143714344
WDI:NE.EXP.GNFS.ZS:BGR,2019-12-31,64.30058786214087
WDI:NE.EXP.GNFS.ZS:BGR,2020-12-31,56.4751229374987
WDI:NE.EXP.GNFS.ZS:BGR,2021-12-31,61.849605708539926
WDI:NE.EXP.GNFS.ZS:BGR,2022-12-31,69.97947489276143
WDI:NE.EXP.GNFS.ZS:BGR,2023-12-31,62.0049746360507
WDI:NE.EXP.GNFS.ZS:BGR,2024-12-31,56.3699636895975
WDI:NE.EXP.GNFS.ZS:BGR,2025-12-31,50.738480678418
WDI:NE.EXP.GNFS.ZS:BHR,1980-12-31,109.14879943865272
WDI:NE.EXP.GNFS.ZS:BHR,1981-12-31,115.32370893501762
WDI:NE.EXP.GNFS.ZS:BHR,1982-12-31,104.63994223783158
WDI:NE.EXP.GNFS.ZS:BHR,1983-12-31,85.02811491335282
WDI:NE.EXP.GNFS.ZS:BHR,1984-12-31,84.85605723398706
WDI:NE.EXP.GNFS.ZS:BHR,1985-12-31,89.50271349290996
WDI:NE.EXP.GNFS.ZS:BHR,1986-12-31,86.8122064533917
WDI:NE.EXP.GNFS.ZS:BHR,1987-12-31,90.02877944117355
WDI:NE.EXP.GNFS.ZS:BHR,1988-12-31,83.84622978235278
WDI:NE.EXP.GNFS.ZS:BHR,1989-12-31,86.753663343202
WDI:NE.EXP.GNFS.ZS:BHR,1990-12-31,101.62708196495788
WDI:NE.EXP.GNFS.ZS:BHR,1991-12-31,74.75714061467458
WDI:NE.EXP.GNFS.ZS:BHR,1992-12-31,74.21084388181914
WDI:NE.EXP.GNFS.ZS:BHR,1993-12-31,73.76460921579044
WDI:NE.EXP.GNFS.ZS:BHR,1994-12-31,71.40648252557718
WDI:NE.EXP.GNFS.ZS:BHR,1995-12-31,72.10765645518073
WDI:NE.EXP.GNFS.ZS:BHR,1996-12-31,77.31669798881128
WDI:NE.EXP.GNFS.ZS:BHR,1997-12-31,69.54510877575748
WDI:NE.EXP.GNFS.ZS:BHR,1998-12-31,56.816544178806325
WDI:NE.EXP.GNFS.ZS:BHR,1999-12-31,69.36082764417225
WDI:NE.EXP.GNFS.ZS:BHR,2000-12-31,79.18066702859741
WDI:NE.EXP.GNFS.ZS:BHR,2001-12-31,73.61076132205449
WDI:NE.EXP.GNFS.ZS:BHR,2002-12-31,72.50856629592255
WDI:NE.EXP.GNFS.ZS:BHR,2003-12-31,72.06307199823252
WDI:NE.EXP.GNFS.ZS:BHR,2004-12-31,78.60514596133855
WDI:NE.EXP.GNFS.ZS:BHR,2005-12-31,83.89404820593447
WDI:NE.EXP.GNFS.ZS:BHR,2006-12-31,84.63894426247414
WDI:NE.EXP.GNFS.ZS:BHR,2007-12-31,79.67952923206471
WDI:NE.EXP.GNFS.ZS:BHR,2008-12-31,82.57734838062333
WDI:NE.EXP.GNFS.ZS:BHR,2009-12-31,68.46559386511176
WDI:NE.EXP.GNFS.ZS:BHR,2010-12-31,66.70271503762756
WDI:NE.EXP.GNFS.ZS:BHR,2011-12-31,95.6363487649272
WDI:NE.EXP.GNFS.ZS:BHR,2012-12-31,98.26563623292596
WDI:NE.EXP.GNFS.ZS:BHR,2013-12-31,100.826651632348
WDI:NE.EXP.GNFS.ZS:BHR,2014-12-31,92.22553571961234
WDI:NE.EXP.GNFS.ZS:BHR,2015-12-31,79.34410357223463
WDI:NE.EXP.GNFS.ZS:BHR,2016-12-31,70.5882906981125
WDI:NE.EXP.GNFS.ZS:BHR,2017-12-31,72.2538621389219
WDI:NE.EXP.GNFS.ZS:BHR,2018-12-31,75.71537268207959
WDI:NE.EXP.GNFS.ZS:BHR,2019-12-31,73.09442398737507
WDI:NE.EXP.GNFS.ZS:BHR,2020-12-31,70.45443582350956
WDI:NE.EXP.GNFS.ZS:BHR,2021-12-31,86.27421867266825
WDI:NE.EXP.GNFS.ZS:BHR,2022-12-31,95.96136540060041
WDI:NE.EXP.GNFS.ZS:BHR,2023-12-31,87.351143952571
WDI:NE.EXP.GNFS.ZS:BHR,2024-12-31,87.4874315086406
WDI:NE.EXP.GNFS.ZS:BHS,1977-12-31,82.6507713884993
WDI:NE.EXP.GNFS.ZS:BHS,1978-12-31,82.66458433445459
WDI:NE.EXP.GNFS.ZS:BHS,1979-12-31,68.87172584034693
WDI:NE.EXP.GNFS.ZS:BHS,1980-12-31,70.3811877480716
WDI:NE.EXP.GNFS.ZS:BHS,1981-12-31,67.38170347003155
WDI:NE.EXP.GNFS.ZS:BHS,1982-12-31,65.78597224862193
WDI:NE.EXP.GNFS.ZS:BHS,1983-12-31,66.5685595567867
WDI:NE.EXP.GNFS.ZS:BHS,1984-12-31,63.58826123168879
WDI:NE.EXP.GNFS.ZS:BHS,1985-12-31,64.79079867241775
WDI:NE.EXP.GNFS.ZS:BHS,1986-12-31,63.817997977755304
WDI:NE.EXP.GNFS.ZS:BHS,1987-12-31,61.32277307747874
WDI:NE.EXP.GNFS.ZS:BHS,1989-12-31,53.831482691051605
WDI:NE.EXP.GNFS.ZS:BHS,1990-12-31,54.16077068856602
WDI:NE.EXP.GNFS.ZS:BHS,1991-12-31,50.95109219712262
WDI:NE.EXP.GNFS.ZS:BHS,1992-12-31,50.24702476680605
WDI:NE.EXP.GNFS.ZS:BHS,1993-12-31,51.966688227684344
WDI:NE.EXP.GNFS.ZS:BHS,1994-12-31,51.0214789812826
WDI:NE.EXP.GNFS.ZS:BHS,1995-12-31,49.549139690871975
WDI:NE.EXP.GNFS.ZS:BHS,1996-12-31,48.03768356885564
WDI:NE.EXP.GNFS.ZS:BHS,1997-12-31,36.88040477799746
WDI:NE.EXP.GNFS.ZS:BHS,1998-12-31,34.657160167534485
WDI:NE.EXP.GNFS.ZS:BHS,1999-12-31,36.45688956216073
WDI:NE.EXP.GNFS.ZS:BHS,2000-12-31,38.047562858526064
WDI:NE.EXP.GNFS.ZS:BHS,2001-12-31,34.072588643913136
WDI:NE.EXP.GNFS.ZS:BHS,2002-12-31,36.17545455773795
WDI:NE.EXP.GNFS.ZS:BHS,2003-12-31,35.81023416898814
WDI:NE.EXP.GNFS.ZS:BHS,2004-12-31,38.215231096961006
WDI:NE.EXP.GNFS.ZS:BHS,2005-12-31,38.75988694821171
WDI:NE.EXP.GNFS.ZS:BHS,2006-12-31,38.309277336546266
WDI:NE.EXP.GNFS.ZS:BHS,2007-12-31,40.09195410958776
WDI:NE.EXP.GNFS.ZS:BHS,2008-12-31,39.49363480904427
WDI:NE.EXP.GNFS.ZS:BHS,2009-12-31,34.190679986696
WDI:NE.EXP.GNFS.ZS:BHS,2010-12-31,34.95328732061777
WDI:NE.EXP.GNFS.ZS:BHS,2011-12-31,37.43526853318372
WDI:NE.EXP.GNFS.ZS:BHS,2012-12-31,38.127308682511845
WDI:NE.EXP.GNFS.ZS:BHS,2013-12-31,39.85661508500951
WDI:NE.EXP.GNFS.ZS:BHS,2014-12-31,37.36298264671293
WDI:NE.EXP.GNFS.ZS:BHS,2015-12-31,35.83158748394945
WDI:NE.EXP.GNFS.ZS:BHS,2016-12-31,32.851888324958544
WDI:NE.EXP.GNFS.ZS:BHS,2017-12-31,31.725971928753342
WDI:NE.EXP.GNFS.ZS:BHS,2018-12-31,35.25180978532202
WDI:NE.EXP.GNFS.ZS:BHS,2019-12-31,34.980793854033294
WDI:NE.EXP.GNFS.ZS:BHS,2020-12-31,23.27369924347692
WDI:NE.EXP.GNFS.ZS:BHS,2021-12-31,27.971255296170145
WDI:NE.EXP.GNFS.ZS:BHS,2022-12-31,37.15891428242473
WDI:NE.EXP.GNFS.ZS:BHS,2023-12-31,37.8114502367185
WDI:NE.EXP.GNFS.ZS:BHS,2024-12-31,37.7835884998232
WDI:NE.EXP.GNFS.ZS:BIH,1994-12-31,15.448289421942588
WDI:NE.EXP.GNFS.ZS:BIH,1995-12-31,20.411739023502072
WDI:NE.EXP.GNFS.ZS:BIH,1996-12-31,23.617706247982976
WDI:NE.EXP.GNFS.ZS:BIH,1997-12-31,27.83363490033526
WDI:NE.EXP.GNFS.ZS:BIH,1998-12-31,27.303197225460078
WDI:NE.EXP.GNFS.ZS:BIH,1999-12-31,27.643946778602736
WDI:NE.EXP.GNFS.ZS:BIH,2000-12-31,21.88381874547198
WDI:NE.EXP.GNFS.ZS:BIH,2001-12-31,22.068719996169794
WDI:NE.EXP.GNFS.ZS:BIH,2002-12-31,19.126011889100194
WDI:NE.EXP.GNFS.ZS:BIH,2003-12-31,20.58798523031563
WDI:NE.EXP.GNFS.ZS:BIH,2004-12-31,22.536243103654442
WDI:NE.EXP.GNFS.ZS:BIH,2005-12-31,24.31642289108027
WDI:NE.EXP.GNFS.ZS:BIH,2006-12-31,26.25834520154812
WDI:NE.EXP.GNFS.ZS:BIH,2007-12-31,27.10155544438264
WDI:NE.EXP.GNFS.ZS:BIH,2008-12-31,26.848068924193058
WDI:NE.EXP.GNFS.ZS:BIH,2009-12-31,25.00937878535689
WDI:NE.EXP.GNFS.ZS:BIH,2010-12-31,29.695542186820408
WDI:NE.EXP.GNFS.ZS:BIH,2011-12-31,32.03597181103982
WDI:NE.EXP.GNFS.ZS:BIH,2012-12-31,32.35054143794094
WDI:NE.EXP.GNFS.ZS:BIH,2013-12-31,33.74304555981038
WDI:NE.EXP.GNFS.ZS:BIH,2014-12-31,33.98911911436762
WDI:NE.EXP.GNFS.ZS:BIH,2015-12-31,35.11487672321013
WDI:NE.EXP.GNFS.ZS:BIH,2016-12-31,35.90870891201324
WDI:NE.EXP.GNFS.ZS:BIH,2017-12-31,40.3244116811041
WDI:NE.EXP.GNFS.ZS:BIH,2018-12-31,41.98455384933015
WDI:NE.EXP.GNFS.ZS:BIH,2019-12-31,40.040069270151015
WDI:NE.EXP.GNFS.ZS:BIH,2020-12-31,34.5918555020937
WDI:NE.EXP.GNFS.ZS:BIH,2021-12-31,42.8225929673139
WDI:NE.EXP.GNFS.ZS:BIH,2022-12-31,48.30712734100345
WDI:NE.EXP.GNFS.ZS:BIH,2023-12-31,43.9317398178138
WDI:NE.EXP.GNFS.ZS:BIH,2024-12-31,40.7026955014872
WDI:NE.EXP.GNFS.ZS:BIH,2025-12-31,41.0015226327566
WDI:NE.EXP.GNFS.ZS:BLR,1990-12-31,45.95842956120092
WDI:NE.EXP.GNFS.ZS:BLR,1991-12-31,33.33333333333333
WDI:NE.EXP.GNFS.ZS:BLR,1992-12-31,59.78260869565217
WDI:NE.EXP.GNFS.ZS:BLR,1993-12-31,67.61421319796955
WDI:NE.EXP.GNFS.ZS:BLR,1994-12-31,71.26960040465352
WDI:NE.EXP.GNFS.ZS:BLR,1995-12-31,49.66516478175993
WDI:NE.EXP.GNFS.ZS:BLR,1996-12-31,46.34980374167922
WDI:NE.EXP.GNFS.ZS:BLR,1997-12-31,59.85988059864242
WDI:NE.EXP.GNFS.ZS:BLR,1998-12-31,59.051129299405694
WDI:NE.EXP.GNFS.ZS:BLR,1999-12-31,59.20334137017591
WDI:NE.EXP.GNFS.ZS:BLR,2000-12-31,69.2108213448948
WDI:NE.EXP.GNFS.ZS:BLR,2001-12-31,66.74760673607715
WDI:NE.EXP.GNFS.ZS:BLR,2002-12-31,63.62751594403615
WDI:NE.EXP.GNFS.ZS:BLR,2003-12-31,65.15637990635803
WDI:NE.EXP.GNFS.ZS:BLR,2004-12-31,67.88633335867083
WDI:NE.EXP.GNFS.ZS:BLR,2005-12-31,59.79780872360993
WDI:NE.EXP.GNFS.ZS:BLR,2006-12-31,60.061311769084234
WDI:NE.EXP.GNFS.ZS:BLR,2007-12-31,60.94305271532121
WDI:NE.EXP.GNFS.ZS:BLR,2008-12-31,60.937755218397605
WDI:NE.EXP.GNFS.ZS:BLR,2009-12-31,48.87646182419332
WDI:NE.EXP.GNFS.ZS:BLR,2010-12-31,51.37288535295642
WDI:NE.EXP.GNFS.ZS:BLR,2011-12-31,78.4653615193087
WDI:NE.EXP.GNFS.ZS:BLR,2012-12-31,78.77690727839382
WDI:NE.EXP.GNFS.ZS:BLR,2013-12-31,58.33357810667694
WDI:NE.EXP.GNFS.ZS:BLR,2014-12-31,54.94100405724698
WDI:NE.EXP.GNFS.ZS:BLR,2015-12-31,58.01076656707427
WDI:NE.EXP.GNFS.ZS:BLR,2016-12-31,62.50934712319245
WDI:NE.EXP.GNFS.ZS:BLR,2017-12-31,66.78960020123273
WDI:NE.EXP.GNFS.ZS:BLR,2018-12-31,70.45504526253742
WDI:NE.EXP.GNFS.ZS:BLR,2019-12-31,65.09458399297569
WDI:NE.EXP.GNFS.ZS:BLR,2020-12-31,61.01209718355767
WDI:NE.EXP.GNFS.ZS:BLR,2021-12-31,70.8317550415821
WDI:NE.EXP.GNFS.ZS:BLR,2022-12-31,63.05118689384281
WDI:NE.EXP.GNFS.ZS:BLR,2023-12-31,66.0267285714941
WDI:NE.EXP.GNFS.ZS:BLR,2024-12-31,63.1561020083551
WDI:NE.EXP.GNFS.ZS:BLR,2025-12-31,55.0805784287869
WDI:NE.EXP.GNFS.ZS:BLZ,1980-12-31,34.566308080808085
WDI:NE.EXP.GNFS.ZS:BLZ,1981-12-31,32.58774419942473
WDI:NE.EXP.GNFS.ZS:BLZ,1982-12-31,28.54473888553611
WDI:NE.EXP.GNFS.ZS:BLZ,1983-12-31,29.188074575624647
WDI:NE.EXP.GNFS.ZS:BLZ,1984-12-31,37.42013363182366
WDI:NE.EXP.GNFS.ZS:BLZ,1985-12-31,29.11680508179603
WDI:NE.EXP.GNFS.ZS:BLZ,1986-12-31,33.502241412520064
WDI:NE.EXP.GNFS.ZS:BLZ,1987-12-31,37.169499056857994
WDI:NE.EXP.GNFS.ZS:BLZ,1988-12-31,38.219620832839006
WDI:NE.EXP.GNFS.ZS:BLZ,1989-12-31,35.20973315007127
WDI:NE.EXP.GNFS.ZS:BLZ,1990-12-31,40.84154067620318
WDI:NE.EXP.GNFS.ZS:BLZ,1991-12-31,35.97729846429112
WDI:NE.EXP.GNFS.ZS:BLZ,1992-12-31,41.0241941273705
WDI:NE.EXP.GNFS.ZS:BLZ,1993-12-31,38.488756108881404
WDI:NE.EXP.GNFS.ZS:BLZ,1994-12-31,41.51441753321293
WDI:NE.EXP.GNFS.ZS:BLZ,1995-12-31,40.2212156814719
WDI:NE.EXP.GNFS.ZS:BLZ,1996-12-31,41.75119666965802
WDI:NE.EXP.GNFS.ZS:BLZ,1997-12-31,43.79463523439625
WDI:NE.EXP.GNFS.ZS:BLZ,1998-12-31,43.16710026511038
WDI:NE.EXP.GNFS.ZS:BLZ,1999-12-31,44.07429711955846
WDI:NE.EXP.GNFS.ZS:BLZ,2000-12-31,42.87042143655502
WDI:NE.EXP.GNFS.ZS:BLZ,2001-12-31,41.88642391464186
WDI:NE.EXP.GNFS.ZS:BLZ,2002-12-31,43.62163305677439
WDI:NE.EXP.GNFS.ZS:BLZ,2003-12-31,44.56905544511583
WDI:NE.EXP.GNFS.ZS:BLZ,2004-12-31,42.28510957704674
WDI:NE.EXP.GNFS.ZS:BLZ,2005-12-31,45.72928384104602
WDI:NE.EXP.GNFS.ZS:BLZ,2006-12-31,51.80240899647405
WDI:NE.EXP.GNFS.ZS:BLZ,2007-12-31,50.58001291708085
WDI:NE.EXP.GNFS.ZS:BLZ,2008-12-31,53.839711338858855
WDI:NE.EXP.GNFS.ZS:BLZ,2009-12-31,45.44432499102865
WDI:NE.EXP.GNFS.ZS:BLZ,2010-12-31,50.625218554908656
WDI:NE.EXP.GNFS.ZS:BLZ,2011-12-31,56.72204991469918
WDI:NE.EXP.GNFS.ZS:BLZ,2012-12-31,59.32647951954101
WDI:NE.EXP.GNFS.ZS:BLZ,2013-12-31,56.02385220319199
WDI:NE.EXP.GNFS.ZS:BLZ,2014-12-31,55.49226603048054
WDI:NE.EXP.GNFS.ZS:BLZ,2015-12-31,51.566768546271234
WDI:NE.EXP.GNFS.ZS:BLZ,2016-12-31,47.30726729283215
WDI:NE.EXP.GNFS.ZS:BLZ,2017-12-31,49.80959747523006
WDI:NE.EXP.GNFS.ZS:BLZ,2018-12-31,51.73513993881793
WDI:NE.EXP.GNFS.ZS:BLZ,2019-12-31,52.01891988488014
WDI:NE.EXP.GNFS.ZS:BLZ,2020-12-31,37.6373221387979
WDI:NE.EXP.GNFS.ZS:BLZ,2021-12-31,47.58148217727761
WDI:NE.EXP.GNFS.ZS:BLZ,2022-12-31,52.57878742439215
WDI:NE.EXP.GNFS.ZS:BLZ,2023-12-31,54.9308418513115
WDI:NE.EXP.GNFS.ZS:BLZ,2024-12-31,55.2233936496697
WDI:NE.EXP.GNFS.ZS:BMU,2010-12-31,50.79499273949638
WDI:NE.EXP.GNFS.ZS:BMU,2011-12-31,52.53924198095551
WDI:NE.EXP.GNFS.ZS:BMU,2012-12-31,50.512543687956516
WDI:NE.EXP.GNFS.ZS:BMU,2013-12-31,51.61319109474592
WDI:NE.EXP.GNFS.ZS:BMU,2014-12-31,51.161243207813925
WDI:NE.EXP.GNFS.ZS:BMU,2015-12-31,49.97083946135428
WDI:NE.EXP.GNFS.ZS:BMU,2016-12-31,49.33005657609207
WDI:NE.EXP.GNFS.ZS:BMU,2017-12-31,48.538149250187196
WDI:NE.EXP.GNFS.ZS:BMU,2018-12-31,51.4791563825902
WDI:NE.EXP.GNFS.ZS:BMU,2019-12-31,51.74342439817524
WDI:NE.EXP.GNFS.ZS:BMU,2020-12-31,47.13465122505504
WDI:NE.EXP.GNFS.ZS:BMU,2021-12-31,47.9001272558699
WDI:NE.EXP.GNFS.ZS:BMU,2022-12-31,50.298848887296664
WDI:NE.EXP.GNFS.ZS:BMU,2023-12-31,52.7605680301685
WDI:NE.EXP.GNFS.ZS:BMU,2024-12-31,55.146561003487
WDI:NE.EXP.GNFS.ZS:BOL,1960-12-31,16.20897521768252
WDI:NE.EXP.GNFS.ZS:BOL,1961-12-31,16.39983579638752
WDI:NE.EXP.GNFS.ZS:BOL,1962-12-31,15.149239722170076
WDI:NE.EXP.GNFS.ZS:BOL,1963-12-31,16.98047419804742
WDI:NE.EXP.GNFS.ZS:BOL,1964-12-31,20.300170199597712
WDI:NE.EXP.GNFS.ZS:BOL,1965-12-31,21.46239554317549
WDI:NE.EXP.GNFS.ZS:BOL,1966-12-31,21.257861635220127
WDI:NE.EXP.GNFS.ZS:BOL,1967-12-31,22.496937298140104
WDI:NE.EXP.GNFS.ZS:BOL,1968-12-31,19.78021978021978
WDI:NE.EXP.GNFS.ZS:BOL,1969-12-31,20.418326693227094
WDI:NE.EXP.GNFS.ZS:BOL,1970-12-31,24.598576394636652
WDI:NE.EXP.GNFS.ZS:BOL,1971-12-31,21.38905961893055
WDI:NE.EXP.GNFS.ZS:BOL,1972-12-31,21.11244019138756
WDI:NE.EXP.GNFS.ZS:BOL,1973-12-31,27.714466603355493
WDI:NE.EXP.GNFS.ZS:BOL,1974-12-31,35.292438014562414
WDI:NE.EXP.GNFS.ZS:BOL,1975-12-31,25.93831830084376
WDI:NE.EXP.GNFS.ZS:BOL,1976-12-31,27.676660508167632
WDI:NE.EXP.GNFS.ZS:BOL,1977-12-31,26.774128613678943
WDI:NE.EXP.GNFS.ZS:BOL,1978-12-31,22.595143746176962
WDI:NE.EXP.GNFS.ZS:BOL,1979-12-31,24.174703469681855
WDI:NE.EXP.GNFS.ZS:BOL,1980-12-31,24.52745395878086
WDI:NE.EXP.GNFS.ZS:BOL,1981-12-31,23.26632609267489
WDI:NE.EXP.GNFS.ZS:BOL,1982-12-31,29.06437887982144
WDI:NE.EXP.GNFS.ZS:BOL,1983-12-31,28.31678675211974
WDI:NE.EXP.GNFS.ZS:BOL,1984-12-31,23.654863438603904
WDI:NE.EXP.GNFS.ZS:BOL,1985-12-31,19.04993347294561
WDI:NE.EXP.GNFS.ZS:BOL,1986-12-31,21.324012266832028
WDI:NE.EXP.GNFS.ZS:BOL,1987-12-31,19.630475372815436
WDI:NE.EXP.GNFS.ZS:BOL,1988-12-31,18.767446879255008
WDI:NE.EXP.GNFS.ZS:BOL,1989-12-31,22.498216110483373
WDI:NE.EXP.GNFS.ZS:BOL,1990-12-31,22.776982138857203
WDI:NE.EXP.GNFS.ZS:BOL,1991-12-31,21.47934686388236
WDI:NE.EXP.GNFS.ZS:BOL,1992-12-31,20.04576177548057
WDI:NE.EXP.GNFS.ZS:BOL,1993-12-31,19.080765189888847
WDI:NE.EXP.GNFS.ZS:BOL,1994-12-31,21.663311742427098
WDI:NE.EXP.GNFS.ZS:BOL,1995-12-31,22.551421622502367
WDI:NE.EXP.GNFS.ZS:BOL,1996-12-31,22.58187057880727
WDI:NE.EXP.GNFS.ZS:BOL,1997-12-31,21.11060288900506
WDI:NE.EXP.GNFS.ZS:BOL,1998-12-31,19.698684894671946
WDI:NE.EXP.GNFS.ZS:BOL,1999-12-31,16.880899352495913
WDI:NE.EXP.GNFS.ZS:BOL,2000-12-31,18.274744973771345
WDI:NE.EXP.GNFS.ZS:BOL,2001-12-31,19.97214923026699
WDI:NE.EXP.GNFS.ZS:BOL,2002-12-31,21.63445508418025
WDI:NE.EXP.GNFS.ZS:BOL,2003-12-31,25.600734451901737
WDI:NE.EXP.GNFS.ZS:BOL,2004-12-31,31.13839051859984
WDI:NE.EXP.GNFS.ZS:BOL,2005-12-31,35.54814293065667
WDI:NE.EXP.GNFS.ZS:BOL,2006-12-31,41.77171426810296
WDI:NE.EXP.GNFS.ZS:BOL,2007-12-31,41.7956567530236
WDI:NE.EXP.GNFS.ZS:BOL,2008-12-31,44.90655599255889
WDI:NE.EXP.GNFS.ZS:BOL,2009-12-31,35.72262482542744
WDI:NE.EXP.GNFS.ZS:BOL,2010-12-31,41.18745614161314
WDI:NE.EXP.GNFS.ZS:BOL,2011-12-31,44.09170185333077
WDI:NE.EXP.GNFS.ZS:BOL,2012-12-31,47.1661966249317
WDI:NE.EXP.GNFS.ZS:BOL,2013-12-31,44.0924795250944
WDI:NE.EXP.GNFS.ZS:BOL,2014-12-31,43.29308799093168
WDI:NE.EXP.GNFS.ZS:BOL,2015-12-31,30.868296029124544
WDI:NE.EXP.GNFS.ZS:BOL,2016-12-31,24.48800553944644
WDI:NE.EXP.GNFS.ZS:BOL,2017-12-31,19.53886666850879
WDI:NE.EXP.GNFS.ZS:BOL,2018-12-31,20.355058928554364
WDI:NE.EXP.GNFS.ZS:BOL,2019-12-31,20.047439935224862
WDI:NE.EXP.GNFS.ZS:BOL,2020-12-31,16.87175316977856
WDI:NE.EXP.GNFS.ZS:BOL,2021-12-31,23.552515626564382
WDI:NE.EXP.GNFS.ZS:BOL,2022-12-31,27.793991504201543
WDI:NE.EXP.GNFS.ZS:BOL,2023-12-31,22.4028095381649
WDI:NE.EXP.GNFS.ZS:BOL,2024-12-31,21.4350624296
WDI:NE.EXP.GNFS.ZS:BRA,1960-12-31,6.281813562167618
WDI:NE.EXP.GNFS.ZS:BRA,1961-12-31,6.420216755176182
WDI:NE.EXP.GNFS.ZS:BRA,1962-12-31,4.008478717722547
WDI:NE.EXP.GNFS.ZS:BRA,1963-12-31,8.933145444011878
WDI:NE.EXP.GNFS.ZS:BRA,1964-12-31,6.460996664973533
WDI:NE.EXP.GNFS.ZS:BRA,1965-12-31,7.503164430591525
WDI:NE.EXP.GNFS.ZS:BRA,1966-12-31,6.530203907579679
WDI:NE.EXP.GNFS.ZS:BRA,1967-12-31,5.677192175423339
WDI:NE.EXP.GNFS.ZS:BRA,1968-12-31,5.990874444079564
WDI:NE.EXP.GNFS.ZS:BRA,1969-12-31,6.671565384187941
WDI:NE.EXP.GNFS.ZS:BRA,1970-12-31,7.029425604988263
WDI:NE.EXP.GNFS.ZS:BRA,1971-12-31,6.457220500387815
WDI:NE.EXP.GNFS.ZS:BRA,1972-12-31,7.272113964079716
WDI:NE.EXP.GNFS.ZS:BRA,1973-12-31,7.844873429025179
WDI:NE.EXP.GNFS.ZS:BRA,1974-12-31,7.673127810881889
WDI:NE.EXP.GNFS.ZS:BRA,1975-12-31,7.2180068263761745
WDI:NE.EXP.GNFS.ZS:BRA,1976-12-31,7.01316307160746
WDI:NE.EXP.GNFS.ZS:BRA,1977-12-31,7.245261155423662
WDI:NE.EXP.GNFS.ZS:BRA,1978-12-31,6.692986079323971
WDI:NE.EXP.GNFS.ZS:BRA,1979-12-31,7.240780048765684
WDI:NE.EXP.GNFS.ZS:BRA,1980-12-31,8.962394873267469
WDI:NE.EXP.GNFS.ZS:BRA,1981-12-31,9.622840370968417
WDI:NE.EXP.GNFS.ZS:BRA,1982-12-31,7.900484525322583
WDI:NE.EXP.GNFS.ZS:BRA,1983-12-31,12.243755565929119
WDI:NE.EXP.GNFS.ZS:BRA,1984-12-31,15.03541253548775
WDI:NE.EXP.GNFS.ZS:BRA,1985-12-31,12.948579096143758
WDI:NE.EXP.GNFS.ZS:BRA,1986-12-31,9.217279070001268
WDI:NE.EXP.GNFS.ZS:BRA,1987-12-31,9.828482027335514
WDI:NE.EXP.GNFS.ZS:BRA,1988-12-31,11.667358547693098
WDI:NE.EXP.GNFS.ZS:BRA,1989-12-31,8.929609671889008
WDI:NE.EXP.GNFS.ZS:BRA,1990-12-31,8.1972364845005
WDI:NE.EXP.GNFS.ZS:BRA,1991-12-31,8.677636598878678
WDI:NE.EXP.GNFS.ZS:BRA,1992-12-31,10.868311660593474
WDI:NE.EXP.GNFS.ZS:BRA,1993-12-31,10.50327165541441
WDI:NE.EXP.GNFS.ZS:BRA,1994-12-31,9.513076427020039
WDI:NE.EXP.GNFS.ZS:BRA,1995-12-31,7.528875038470733
WDI:NE.EXP.GNFS.ZS:BRA,1996-12-31,6.730209684712538
WDI:NE.EXP.GNFS.ZS:BRA,1997-12-31,6.98364957728647
WDI:NE.EXP.GNFS.ZS:BRA,1998-12-31,7.03050033464164
WDI:NE.EXP.GNFS.ZS:BRA,1999-12-31,9.564898259565036
WDI:NE.EXP.GNFS.ZS:BRA,2000-12-31,10.188048005849122
WDI:NE.EXP.GNFS.ZS:BRA,2001-12-31,12.371710672387103
WDI:NE.EXP.GNFS.ZS:BRA,2002-12-31,14.230590274115695
WDI:NE.EXP.GNFS.ZS:BRA,2003-12-31,15.180783705745895
WDI:NE.EXP.GNFS.ZS:BRA,2004-12-31,16.54576151389762
WDI:NE.EXP.GNFS.ZS:BRA,2005-12-31,15.2438292651669
WDI:NE.EXP.GNFS.ZS:BRA,2006-12-31,14.374316302133943
WDI:NE.EXP.GNFS.ZS:BRA,2007-12-31,13.327675104299965
WDI:NE.EXP.GNFS.ZS:BRA,2008-12-31,13.534000513391046
WDI:NE.EXP.GNFS.ZS:BRA,2009-12-31,10.851371135038285
WDI:NE.EXP.GNFS.ZS:BRA,2010-12-31,10.865584776017641
WDI:NE.EXP.GNFS.ZS:BRA,2011-12-31,11.58251267926516
WDI:NE.EXP.GNFS.ZS:BRA,2012-12-31,11.877539070691743
WDI:NE.EXP.GNFS.ZS:BRA,2013-12-31,11.742230646731134
WDI:NE.EXP.GNFS.ZS:BRA,2014-12-31,11.011942818916506
WDI:NE.EXP.GNFS.ZS:BRA,2015-12-31,12.900191418648557
WDI:NE.EXP.GNFS.ZS:BRA,2016-12-31,12.466679042812453
WDI:NE.EXP.GNFS.ZS:BRA,2017-12-31,12.518967870501399
WDI:NE.EXP.GNFS.ZS:BRA,2018-12-31,14.634999495879605
WDI:NE.EXP.GNFS.ZS:BRA,2019-12-31,14.122919190909478
WDI:NE.EXP.GNFS.ZS:BRA,2020-12-31,16.453552009970927
WDI:NE.EXP.GNFS.ZS:BRA,2021-12-31,19.109430368696383
WDI:NE.EXP.GNFS.ZS:BRA,2022-12-31,19.630765003483795
WDI:NE.EXP.GNFS.ZS:BRA,2023-12-31,17.9693243032741
WDI:NE.EXP.GNFS.ZS:BRA,2024-12-31,17.9385794398559
WDI:NE.EXP.GNFS.ZS:BRA,2025-12-31,17.8207228961707
WDI:NE.EXP.GNFS.ZS:BRN,1974-12-31,41.68068163073678
WDI:NE.EXP.GNFS.ZS:BRN,1975-12-31,42.14696927222914
WDI:NE.EXP.GNFS.ZS:BRN,1976-12-31,43.62835776211823
WDI:NE.EXP.GNFS.ZS:BRN,1977-12-31,44.5433156406127
WDI:NE.EXP.GNFS.ZS:BRN,1978-12-31,44.98917176646317
WDI:NE.EXP.GNFS.ZS:BRN,1979-12-31,44.0967426564454
WDI:NE.EXP.GNFS.ZS:BRN,1980-12-31,42.62550992937866
WDI:NE.EXP.GNFS.ZS:BRN,1981-12-31,43.41576143982377
WDI:NE.EXP.GNFS.ZS:BRN,1982-12-31,42.652082927994904
WDI:NE.EXP.GNFS.ZS:BRN,1983-12-31,42.80837344062699
WDI:NE.EXP.GNFS.ZS:BRN,1989-12-31,37.029223709445375
WDI:NE.EXP.GNFS.ZS:BRN,1990-12-31,36.02654342504501
WDI:NE.EXP.GNFS.ZS:BRN,1991-12-31,39.27498488433494
WDI:NE.EXP.GNFS.ZS:BRN,1992-12-31,38.26136440859781
WDI:NE.EXP.GNFS.ZS:BRN,1993-12-31,36.24554498055171
WDI:NE.EXP.GNFS.ZS:BRN,1994-12-31,32.280021422030394
WDI:NE.EXP.GNFS.ZS:BRN,1995-12-31,36.71433981391062
WDI:NE.EXP.GNFS.ZS:BRN,1996-12-31,40.00675126652416
WDI:NE.EXP.GNFS.ZS:BRN,1997-12-31,38.137974289526184
WDI:NE.EXP.GNFS.ZS:BRN,1998-12-31,36.835675534749704
WDI:NE.EXP.GNFS.ZS:BRN,1999-12-31,40.6972280530706
WDI:NE.EXP.GNFS.ZS:BRN,2000-12-31,56.97029613628403
WDI:NE.EXP.GNFS.ZS:BRN,2001-12-31,57.92957140100741
WDI:NE.EXP.GNFS.ZS:BRN,2002-12-31,56.65597396078439
WDI:NE.EXP.GNFS.ZS:BRN,2003-12-31,58.42088863164653
WDI:NE.EXP.GNFS.ZS:BRN,2004-12-31,57.766185119326906
WDI:NE.EXP.GNFS.ZS:BRN,2005-12-31,58.571806540326406
WDI:NE.EXP.GNFS.ZS:BRN,2006-12-31,60.16057189864207
WDI:NE.EXP.GNFS.ZS:BRN,2007-12-31,56.964114075778184
WDI:NE.EXP.GNFS.ZS:BRN,2008-12-31,65.94314080226124
WDI:NE.EXP.GNFS.ZS:BRN,2009-12-31,59.703604915139884
WDI:NE.EXP.GNFS.ZS:BRN,2010-12-31,67.40825223817876
WDI:NE.EXP.GNFS.ZS:BRN,2011-12-31,69.50634276455835
WDI:NE.EXP.GNFS.ZS:BRN,2012-12-31,70.15973099278925
WDI:NE.EXP.GNFS.ZS:BRN,2013-12-31,68.04411777808073
WDI:NE.EXP.GNFS.ZS:BRN,2014-12-31,68.17710184845974
WDI:NE.EXP.GNFS.ZS:BRN,2015-12-31,52.213011228693716
WDI:NE.EXP.GNFS.ZS:BRN,2016-12-31,49.57777737941331
WDI:NE.EXP.GNFS.ZS:BRN,2017-12-31,49.57330652300989
WDI:NE.EXP.GNFS.ZS:BRN,2018-12-31,51.933239786618635
WDI:NE.EXP.GNFS.ZS:BRN,2019-12-31,57.946040538108036
WDI:NE.EXP.GNFS.ZS:BRN,2020-12-31,57.35611141598781
WDI:NE.EXP.GNFS.ZS:BRN,2021-12-31,80.16891080845369
WDI:NE.EXP.GNFS.ZS:BRN,2022-12-31,86.38935688368467
WDI:NE.EXP.GNFS.ZS:BRN,2023-12-31,76.7032024805205
WDI:NE.EXP.GNFS.ZS:BRN,2024-12-31,74.2707418045022
WDI:NE.EXP.GNFS.ZS:BRN,2025-12-31,71.5712945703066
WDI:NE.EXP.GNFS.ZS:BTN,1980-12-31,14.380477343087955
WDI:NE.EXP.GNFS.ZS:BTN,1981-12-31,16.24340616171066
WDI:NE.EXP.GNFS.ZS:BTN,1982-12-31,14.431020981925341
WDI:NE.EXP.GNFS.ZS:BTN,1983-12-31,12.744064506299187
WDI:NE.EXP.GNFS.ZS:BTN,1984-12-31,13.640363932524274
WDI:NE.EXP.GNFS.ZS:BTN,1985-12-31,15.81439790862559
WDI:NE.EXP.GNFS.ZS:BTN,1986-12-31,18.566241127626576
WDI:NE.EXP.GNFS.ZS:BTN,1987-12-31,24.557017907368138
WDI:NE.EXP.GNFS.ZS:BTN,1988-12-31,29.270411761408603
WDI:NE.EXP.GNFS.ZS:BTN,1989-12-31,29.237120722532545
WDI:NE.EXP.GNFS.ZS:BTN,1990-12-31,27.961671930109926
WDI:NE.EXP.GNFS.ZS:BTN,1991-12-31,33.45967531161316
WDI:NE.EXP.GNFS.ZS:BTN,1992-12-31,33.395099435265294
WDI:NE.EXP.GNFS.ZS:BTN,1993-12-31,32.85930283415496
WDI:NE.EXP.GNFS.ZS:BTN,1994-12-31,30.875962913691048
WDI:NE.EXP.GNFS.ZS:BTN,1995-12-31,39.40583072406147
WDI:NE.EXP.GNFS.ZS:BTN,1996-12-31,37.00682235210954
WDI:NE.EXP.GNFS.ZS:BTN,1997-12-31,37.30146975490241
WDI:NE.EXP.GNFS.ZS:BTN,1998-12-31,34.329679351819166
WDI:NE.EXP.GNFS.ZS:BTN,1999-12-31,32.65490901488023
WDI:NE.EXP.GNFS.ZS:BTN,2000-12-31,28.00141115907814
WDI:NE.EXP.GNFS.ZS:BTN,2001-12-31,25.24171375815435
WDI:NE.EXP.GNFS.ZS:BTN,2002-12-31,22.920231962015585
WDI:NE.EXP.GNFS.ZS:BTN,2003-12-31,24.3568394131845
WDI:NE.EXP.GNFS.ZS:BTN,2004-12-31,29.651840162411297
WDI:NE.EXP.GNFS.ZS:BTN,2005-12-31,36.40439429634515
WDI:NE.EXP.GNFS.ZS:BTN,2006-12-31,51.81293031166491
WDI:NE.EXP.GNFS.ZS:BTN,2007-12-31,52.35712696542238
WDI:NE.EXP.GNFS.ZS:BTN,2008-12-31,46.598977305102984
WDI:NE.EXP.GNFS.ZS:BTN,2009-12-31,42.46629308783997
WDI:NE.EXP.GNFS.ZS:BTN,2010-12-31,39.38704523763572
WDI:NE.EXP.GNFS.ZS:BTN,2011-12-31,37.92320187368182
WDI:NE.EXP.GNFS.ZS:BTN,2012-12-31,35.78810978661793
WDI:NE.EXP.GNFS.ZS:BTN,2013-12-31,37.43436594316339
WDI:NE.EXP.GNFS.ZS:BTN,2014-12-31,34.18934140684321
WDI:NE.EXP.GNFS.ZS:BTN,2015-12-31,31.536091004500395
WDI:NE.EXP.GNFS.ZS:BTN,2016-12-31,27.122833913239404
WDI:NE.EXP.GNFS.ZS:BTN,2017-12-31,28.446408023237733
WDI:NE.EXP.GNFS.ZS:BTN,2018-12-31,29.18971919307325
WDI:NE.EXP.GNFS.ZS:BTN,2019-12-31,31.457503261759793
WDI:NE.EXP.GNFS.ZS:BTN,2020-12-31,28.065635514450243
WDI:NE.EXP.GNFS.ZS:BTN,2021-12-31,29.198740692453708
WDI:NE.EXP.GNFS.ZS:BTN,2022-12-31,25.498839958787627
WDI:NE.EXP.GNFS.ZS:BTN,2023-12-31,28.3881078975658
WDI:NE.EXP.GNFS.ZS:BTN,2024-12-31,31.4948602422141
WDI:NE.EXP.GNFS.ZS:BWA,1960-12-31,26.27563603173359
WDI:NE.EXP.GNFS.ZS:BWA,1961-12-31,27.21632298971308
WDI:NE.EXP.GNFS.ZS:BWA,1962-12-31,27.926039261651255
WDI:NE.EXP.GNFS.ZS:BWA,1963-12-31,28.994443343389637
WDI:NE.EXP.GNFS.ZS:BWA,1964-12-31,28.811009825894395
WDI:NE.EXP.GNFS.ZS:BWA,1965-12-31,31.70731707317074
WDI:NE.EXP.GNFS.ZS:BWA,1966-12-31,29.268292682926827
WDI:NE.EXP.GNFS.ZS:BWA,1967-12-31,24.613847964898515
WDI:NE.EXP.GNFS.ZS:BWA,1968-12-31,23.05263157894737
WDI:NE.EXP.GNFS.ZS:BWA,1969-12-31,22.772277227722775
WDI:NE.EXP.GNFS.ZS:BWA,1970-12-31,24.65554749818709
WDI:NE.EXP.GNFS.ZS:BWA,1971-12-31,33.14977973568282
WDI:NE.EXP.GNFS.ZS:BWA,1972-12-31,37.37214791502754
WDI:NE.EXP.GNFS.ZS:BWA,1973-12-31,38.83151372086161
WDI:NE.EXP.GNFS.ZS:BWA,1974-12-31,40.92329886992066
WDI:NE.EXP.GNFS.ZS:BWA,1975-12-31,43.59413668379974
WDI:NE.EXP.GNFS.ZS:BWA,1976-12-31,50.38639876352396
WDI:NE.EXP.GNFS.ZS:BWA,1977-12-31,50.90072320841552
WDI:NE.EXP.GNFS.ZS:BWA,1978-12-31,52.06053788730954
WDI:NE.EXP.GNFS.ZS:BWA,1979-12-31,54.12301706076025
WDI:NE.EXP.GNFS.ZS:BWA,1980-12-31,53.05924443635922
WDI:NE.EXP.GNFS.ZS:BWA,1981-12-31,49.70506399554814
WDI:NE.EXP.GNFS.ZS:BWA,1982-12-31,54.56198268025453
WDI:NE.EXP.GNFS.ZS:BWA,1983-12-31,62.08344674728779
WDI:NE.EXP.GNFS.ZS:BWA,1984-12-31,60.81127215170231
WDI:NE.EXP.GNFS.ZS:BWA,1985-12-31,66.29104882246165
WDI:NE.EXP.GNFS.ZS:BWA,1986-12-31,68.33084947839046
WDI:NE.EXP.GNFS.ZS:BWA,1987-12-31,75.12956508561903
WDI:NE.EXP.GNFS.ZS:BWA,1988-12-31,70.52194052690352
WDI:NE.EXP.GNFS.ZS:BWA,1989-12-31,59.22459785468854
WDI:NE.EXP.GNFS.ZS:BWA,1990-12-31,55.05540706289393
WDI:NE.EXP.GNFS.ZS:BWA,1991-12-31,53.02951416115172
WDI:NE.EXP.GNFS.ZS:BWA,1992-12-31,48.17956309514283
WDI:NE.EXP.GNFS.ZS:BWA,1993-12-31,47.09579720058073
WDI:NE.EXP.GNFS.ZS:BWA,1994-12-31,47.82239868469382
WDI:NE.EXP.GNFS.ZS:BWA,1995-12-31,50.83649784203382
WDI:NE.EXP.GNFS.ZS:BWA,1996-12-31,53.828444483056046
WDI:NE.EXP.GNFS.ZS:BWA,1997-12-31,60.8807385501806
WDI:NE.EXP.GNFS.ZS:BWA,1998-12-31,49.289172100375424
WDI:NE.EXP.GNFS.ZS:BWA,1999-12-31,55.19726828960546
WDI:NE.EXP.GNFS.ZS:BWA,2000-12-31,51.83181007012993
WDI:NE.EXP.GNFS.ZS:BWA,2001-12-31,48.6576082380348
WDI:NE.EXP.GNFS.ZS:BWA,2002-12-31,52.15742677824268
WDI:NE.EXP.GNFS.ZS:BWA,2003-12-31,48.826857834010426
WDI:NE.EXP.GNFS.ZS:BWA,2004-12-31,49.61378778150518
WDI:NE.EXP.GNFS.ZS:BWA,2005-12-31,52.92355354476956
WDI:NE.EXP.GNFS.ZS:BWA,2006-12-31,51.78082676039354
WDI:NE.EXP.GNFS.ZS:BWA,2007-12-31,56.47996292716798
WDI:NE.EXP.GNFS.ZS:BWA,2008-12-31,46.946904660995045
WDI:NE.EXP.GNFS.ZS:BWA,2009-12-31,35.833661858761786
WDI:NE.EXP.GNFS.ZS:BWA,2010-12-31,42.144331514442655
WDI:NE.EXP.GNFS.ZS:BWA,2011-12-31,44.236397916720136
WDI:NE.EXP.GNFS.ZS:BWA,2012-12-31,48.11502383228996
WDI:NE.EXP.GNFS.ZS:BWA,2013-12-31,61.379761746196316
WDI:NE.EXP.GNFS.ZS:BWA,2014-12-31,61.28296789340655
WDI:NE.EXP.GNFS.ZS:BWA,2015-12-31,53.09089734281973
WDI:NE.EXP.GNFS.ZS:BWA,2016-12-31,54.611354760452905
WDI:NE.EXP.GNFS.ZS:BWA,2017-12-31,42.92004248855394
WDI:NE.EXP.GNFS.ZS:BWA,2018-12-31,44.228143923739204
WDI:NE.EXP.GNFS.ZS:BWA,2019-12-31,37.08781765520669
WDI:NE.EXP.GNFS.ZS:BWA,2020-12-31,31.290366285222653
WDI:NE.EXP.GNFS.ZS:BWA,2021-12-31,41.912552160030245
WDI:NE.EXP.GNFS.ZS:BWA,2022-12-31,43.543611776361104
WDI:NE.EXP.GNFS.ZS:BWA,2023-12-31,32.8968928794687
WDI:NE.EXP.GNFS.ZS:BWA,2024-12-31,27.0767041570041
WDI:NE.EXP.GNFS.ZS:BWA,2025-12-31,32.0337480184486
WDI:NE.EXP.GNFS.ZS:CAF,1960-12-31,23.272724480000335
WDI:NE.EXP.GNFS.ZS:CAF,1961-12-31,26.490065786588314
WDI:NE.EXP.GNFS.ZS:CAF,1962-12-31,24.590165133028606
WDI:NE.EXP.GNFS.ZS:CAF,1963-12-31,25.236592423051295
WDI:NE.EXP.GNFS.ZS:CAF,1964-12-31,28.448269394075464
WDI:NE.EXP.GNFS.ZS:CAF,1965-12-31,27.100268292682927
WDI:NE.EXP.GNFS.ZS:CAF,1966-12-31,28.350515463917525
WDI:NE.EXP.GNFS.ZS:CAF,1967-12-31,26.302729528535977
WDI:NE.EXP.GNFS.ZS:CAF,1968-12-31,34.31229774553465
WDI:NE.EXP.GNFS.ZS:CAF,1969-12-31,27.334664122321517
WDI:NE.EXP.GNFS.ZS:CAF,1970-12-31,31.938497894204854
WDI:NE.EXP.GNFS.ZS:CAF,1971-12-31,29.799232942079584
WDI:NE.EXP.GNFS.ZS:CAF,1972-12-31,24.934800685966266
WDI:NE.EXP.GNFS.ZS:CAF,1973-12-31,28.61804185508226
WDI:NE.EXP.GNFS.ZS:CAF,1974-12-31,27.73682388848776
WDI:NE.EXP.GNFS.ZS:CAF,1975-12-31,21.130346577889554
WDI:NE.EXP.GNFS.ZS:CAF,1976-12-31,22.186866262157285
WDI:NE.EXP.GNFS.ZS:CAF,1977-12-31,25.20439769675138
WDI:NE.EXP.GNFS.ZS:CAF,1978-12-31,23.420317632811106
WDI:NE.EXP.GNFS.ZS:CAF,1979-12-31,22.432567361757755
WDI:NE.EXP.GNFS.ZS:CAF,1980-12-31,25.221545219735514
WDI:NE.EXP.GNFS.ZS:CAF,1981-12-31,24.38344999346875
WDI:NE.EXP.GNFS.ZS:CAF,1982-12-31,22.17775213155763
WDI:NE.EXP.GNFS.ZS:CAF,1983-12-31,24.148999309870607
WDI:NE.EXP.GNFS.ZS:CAF,1984-12-31,23.393994258060864
WDI:NE.EXP.GNFS.ZS:CAF,1985-12-31,22.00851896176762
WDI:NE.EXP.GNFS.ZS:CAF,1986-12-31,18.18642624283733
WDI:NE.EXP.GNFS.ZS:CAF,1987-12-31,17.84414116395432
WDI:NE.EXP.GNFS.ZS:CAF,1988-12-31,17.74475246053065
WDI:NE.EXP.GNFS.ZS:CAF,1989-12-31,20.30388635128063
WDI:NE.EXP.GNFS.ZS:CAF,1990-12-31,17.067468865916304
WDI:NE.EXP.GNFS.ZS:CAF,1991-12-31,17.58667102455947
WDI:NE.EXP.GNFS.ZS:CAF,1992-12-31,16.865699997056645
WDI:NE.EXP.GNFS.ZS:CAF,1993-12-31,17.099554546634522
WDI:NE.EXP.GNFS.ZS:CAF,1994-12-31,23.399410888407367
WDI:NE.EXP.GNFS.ZS:CAF,1995-12-31,22.22094495684739
WDI:NE.EXP.GNFS.ZS:CAF,1996-12-31,21.4703862760844
WDI:NE.EXP.GNFS.ZS:CAF,1997-12-31,26.884280261852517
WDI:NE.EXP.GNFS.ZS:CAF,1998-12-31,22.656886572755802
WDI:NE.EXP.GNFS.ZS:CAF,1999-12-31,19.223650278593478
WDI:NE.EXP.GNFS.ZS:CAF,2000-12-31,20.372213590597497
WDI:NE.EXP.GNFS.ZS:CAF,2001-12-31,17.15725383752628
WDI:NE.EXP.GNFS.ZS:CAF,2002-12-31,15.962704936480005
WDI:NE.EXP.GNFS.ZS:CAF,2003-12-31,18.236003837768216
WDI:NE.EXP.GNFS.ZS:CAF,2004-12-31,13.997917508823013
WDI:NE.EXP.GNFS.ZS:CAF,2005-12-31,13.362753325697177
WDI:NE.EXP.GNFS.ZS:CAF,2006-12-31,14.316005148530927
WDI:NE.EXP.GNFS.ZS:CAF,2007-12-31,14.115327420423384
WDI:NE.EXP.GNFS.ZS:CAF,2008-12-31,11.003664702044857
WDI:NE.EXP.GNFS.ZS:CAF,2009-12-31,9.841649901879714
WDI:NE.EXP.GNFS.ZS:CAF,2010-12-31,11.625801071931875
WDI:NE.EXP.GNFS.ZS:CAF,2011-12-31,13.127820098599003
WDI:NE.EXP.GNFS.ZS:CAF,2012-12-31,11.550133001862573
WDI:NE.EXP.GNFS.ZS:CAF,2013-12-31,14.972954792190585
WDI:NE.EXP.GNFS.ZS:CAF,2014-12-31,16.67578758799373
WDI:NE.EXP.GNFS.ZS:CAF,2015-12-31,17.067660623663464
WDI:NE.EXP.GNFS.ZS:CAF,2016-12-31,14.82187965781366
WDI:NE.EXP.GNFS.ZS:CAF,2017-12-31,17.25977376001808
WDI:NE.EXP.GNFS.ZS:CAF,2018-12-31,15.940030000770081
WDI:NE.EXP.GNFS.ZS:CAF,2019-12-31,15.75538000180832
WDI:NE.EXP.GNFS.ZS:CAF,2020-12-31,15.1724799997493
WDI:NE.EXP.GNFS.ZS:CAF,2021-12-31,13.227459996755073
WDI:NE.EXP.GNFS.ZS:CAF,2022-12-31,12.300499998649256
WDI:NE.EXP.GNFS.ZS:CAF,2023-12-31,14.4408262093734
WDI:NE.EXP.GNFS.ZS:CAF,2024-12-31,15.007027885938
WDI:NE.EXP.GNFS.ZS:CAF,2025-12-31,19.3448050350028
WDI:NE.EXP.GNFS.ZS:CAN,1961-12-31,17.582919076064755
WDI:NE.EXP.GNFS.ZS:CAN,1962-12-31,17.572224563118873
WDI:NE.EXP.GNFS.ZS:CAN,1963-12-31,17.931889748754248
WDI:NE.EXP.GNFS.ZS:CAN,1964-12-31,18.98490603740876
WDI:NE.EXP.GNFS.ZS:CAN,1965-12-31,18.2919573688229
WDI:NE.EXP.GNFS.ZS:CAN,1966-12-31,19.06096388151393
WDI:NE.EXP.GNFS.ZS:CAN,1967-12-31,19.93935993837556
WDI:NE.EXP.GNFS.ZS:CAN,1968-12-31,20.8229173491378
WDI:NE.EXP.GNFS.ZS:CAN,1969-12-31,20.844120869375626
WDI:NE.EXP.GNFS.ZS:CAN,1970-12-31,21.844322792895962
WDI:NE.EXP.GNFS.ZS:CAN,1971-12-31,20.99567959061865
WDI:NE.EXP.GNFS.ZS:CAN,1972-12-31,21.213900577738904
WDI:NE.EXP.GNFS.ZS:CAN,1973-12-31,22.688998852004502
WDI:NE.EXP.GNFS.ZS:CAN,1974-12-31,23.993651262596018
WDI:NE.EXP.GNFS.ZS:CAN,1975-12-31,21.959784111328243
WDI:NE.EXP.GNFS.ZS:CAN,1976-12-31,21.682752457420204
WDI:NE.EXP.GNFS.ZS:CAN,1977-12-31,22.702047637188834
WDI:NE.EXP.GNFS.ZS:CAN,1978-12-31,24.530956894702875
WDI:NE.EXP.GNFS.ZS:CAN,1979-12-31,26.328513519022618
WDI:NE.EXP.GNFS.ZS:CAN,1980-12-31,27.507498620446324
WDI:NE.EXP.GNFS.ZS:CAN,1981-12-31,26.384658402966675
WDI:NE.EXP.GNFS.ZS:CAN,1982-12-31,25.192629211630656
WDI:NE.EXP.GNFS.ZS:CAN,1983-12-31,24.924996914430025
WDI:NE.EXP.GNFS.ZS:CAN,1984-12-31,27.936560848164234
WDI:NE.EXP.GNFS.ZS:CAN,1985-12-31,27.5469124667268
WDI:NE.EXP.GNFS.ZS:CAN,1986-12-31,26.98763837988721
WDI:NE.EXP.GNFS.ZS:CAN,1987-12-31,26.003419601069755
WDI:NE.EXP.GNFS.ZS:CAN,1988-12-31,26.05288932419197
WDI:NE.EXP.GNFS.ZS:CAN,1989-12-31,25.046345999502666
WDI:NE.EXP.GNFS.ZS:CAN,1990-12-31,25.07429895859244
WDI:NE.EXP.GNFS.ZS:CAN,1991-12-31,24.353316528279088
WDI:NE.EXP.GNFS.ZS:CAN,1992-12-31,26.199132560172373
WDI:NE.EXP.GNFS.ZS:CAN,1993-12-31,29.142599362548303
WDI:NE.EXP.GNFS.ZS:CAN,1994-12-31,32.78158823796801
WDI:NE.EXP.GNFS.ZS:CAN,1995-12-31,36.09805428193853
WDI:NE.EXP.GNFS.ZS:CAN,1996-12-31,37.09843993142862
WDI:NE.EXP.GNFS.ZS:CAN,1997-12-31,38.132970189492724
WDI:NE.EXP.GNFS.ZS:CAN,1998-12-31,40.029174760429925
WDI:NE.EXP.GNFS.ZS:CAN,1999-12-31,41.861184998367925
WDI:NE.EXP.GNFS.ZS:CAN,2000-12-31,44.20923582110603
WDI:NE.EXP.GNFS.ZS:CAN,2001-12-31,42.039955090932125
WDI:NE.EXP.GNFS.ZS:CAN,2002-12-31,40.058658593081766
WDI:NE.EXP.GNFS.ZS:CAN,2003-12-31,36.865985198550774
WDI:NE.EXP.GNFS.ZS:CAN,2004-12-31,37.327771306048255
WDI:NE.EXP.GNFS.ZS:CAN,2005-12-31,36.85670732350712
WDI:NE.EXP.GNFS.ZS:CAN,2006-12-31,35.40245921685129
WDI:NE.EXP.GNFS.ZS:CAN,2007-12-31,34.229555163977025
WDI:NE.EXP.GNFS.ZS:CAN,2008-12-31,34.395005552068746
WDI:NE.EXP.GNFS.ZS:CAN,2009-12-31,28.515834316574324
WDI:NE.EXP.GNFS.ZS:CAN,2010-12-31,29.167381933031862
WDI:NE.EXP.GNFS.ZS:CAN,2011-12-31,30.678391917310716
WDI:NE.EXP.GNFS.ZS:CAN,2012-12-31,30.353025522587778
WDI:NE.EXP.GNFS.ZS:CAN,2013-12-31,30.331938668386737
WDI:NE.EXP.GNFS.ZS:CAN,2014-12-31,31.73657587334083
WDI:NE.EXP.GNFS.ZS:CAN,2015-12-31,31.849960963444303
WDI:NE.EXP.GNFS.ZS:CAN,2016-12-31,31.50257240933621
WDI:NE.EXP.GNFS.ZS:CAN,2017-12-31,31.45441015097814
WDI:NE.EXP.GNFS.ZS:CAN,2018-12-31,32.32540372648582
WDI:NE.EXP.GNFS.ZS:CAN,2019-12-31,32.35269582025646
WDI:NE.EXP.GNFS.ZS:CAN,2020-12-31,29.473647234934425
WDI:NE.EXP.GNFS.ZS:CAN,2021-12-31,31.17507829832945
WDI:NE.EXP.GNFS.ZS:CAN,2022-12-31,33.94319066693792
WDI:NE.EXP.GNFS.ZS:CAN,2023-12-31,33.3416520498948
WDI:NE.EXP.GNFS.ZS:CAN,2024-12-31,32.4691150314085
WDI:NE.EXP.GNFS.ZS:CAN,2025-12-31,31.3323868147182
WDI:NE.EXP.GNFS.ZS:CEB,1995-12-31,32.56513592402187
WDI:NE.EXP.GNFS.ZS:CEB,1996-12-31,32.6320200425945
WDI:NE.EXP.GNFS.ZS:CEB,1997-12-31,34.92340432304765
WDI:NE.EXP.GNFS.ZS:CEB,1998-12-31,35.17023443020254
WDI:NE.EXP.GNFS.ZS:CEB,1999-12-31,35.117484029412275
WDI:NE.EXP.GNFS.ZS:CEB,2000-12-31,38.50898140759104
WDI:NE.EXP.GNFS.ZS:CEB,2001-12-31,39.00633040786509
WDI:NE.EXP.GNFS.ZS:CEB,2002-12-31,39.079719603188146
WDI:NE.EXP.GNFS.ZS:CEB,2003-12-31,41.64744871668515
WDI:NE.EXP.GNFS.ZS:CEB,2004-12-31,45.26775639183945
WDI:NE.EXP.GNFS.ZS:CEB,2005-12-31,46.598512344205005
WDI:NE.EXP.GNFS.ZS:CEB,2006-12-31,50.09718929926949
WDI:NE.EXP.GNFS.ZS:CEB,2007-12-31,50.61951846301371
WDI:NE.EXP.GNFS.ZS:CEB,2008-12-31,49.73501961999406
WDI:NE.EXP.GNFS.ZS:CEB,2009-12-31,46.61426793614334
WDI:NE.EXP.GNFS.ZS:CEB,2010-12-31,52.101304184085585
WDI:NE.EXP.GNFS.ZS:CEB,2011-12-31,56.420506045480124
WDI:NE.EXP.GNFS.ZS:CEB,2012-12-31,58.57182009596931
WDI:NE.EXP.GNFS.ZS:CEB,2013-12-31,60.13688881569209
WDI:NE.EXP.GNFS.ZS:CEB,2014-12-31,61.059315747358966
WDI:NE.EXP.GNFS.ZS:CEB,2015-12-31,61.14117738039025
WDI:NE.EXP.GNFS.ZS:CEB,2016-12-31,62.21301898663919
WDI:NE.EXP.GNFS.ZS:CEB,2017-12-31,63.319150305717464
WDI:NE.EXP.GNFS.ZS:CEB,2018-12-31,62.90851170606756
WDI:NE.EXP.GNFS.ZS:CEB,2019-12-31,61.78478210016236
WDI:NE.EXP.GNFS.ZS:CEB,2020-12-31,58.67785958017257
WDI:NE.EXP.GNFS.ZS:CEB,2021-12-31,63.117551933133186
WDI:NE.EXP.GNFS.ZS:CEB,2022-12-31,68.61967256886464
WDI:NE.EXP.GNFS.ZS:CEB,2023-12-31,62.7220904063465
WDI:NE.EXP.GNFS.ZS:CEB,2024-12-31,58.3944687039942
WDI:NE.EXP.GNFS.ZS:CEB,2025-12-31,56.3896097998902
WDI:NE.EXP.GNFS.ZS:CHE,1970-12-31,41.31439077850118
WDI:NE.EXP.GNFS.ZS:CHE,1971-12-31,39.24512783409615
WDI:NE.EXP.GNFS.ZS:CHE,1972-12-31,38.64107909360427
WDI:NE.EXP.GNFS.ZS:CHE,1973-12-31,38.993361385768
WDI:NE.EXP.GNFS.ZS:CHE,1974-12-31,41.01770452641021
WDI:NE.EXP.GNFS.ZS:CHE,1975-12-31,39.60759380465065
WDI:NE.EXP.GNFS.ZS:CHE,1976-12-31,42.36339502879231
WDI:NE.EXP.GNFS.ZS:CHE,1977-12-31,46.218698968344995
WDI:NE.EXP.GNFS.ZS:CHE,1978-12-31,44.24253890107106
WDI:NE.EXP.GNFS.ZS:CHE,1979-12-31,44.544097268155056
WDI:NE.EXP.GNFS.ZS:CHE,1980-12-31,46.32151827651667
WDI:NE.EXP.GNFS.ZS:CHE,1981-12-31,48.2450230800391
WDI:NE.EXP.GNFS.ZS:CHE,1982-12-31,44.383566998424406
WDI:NE.EXP.GNFS.ZS:CHE,1983-12-31,43.100683940058396
WDI:NE.EXP.GNFS.ZS:CHE,1984-12-31,47.29639347023823
WDI:NE.EXP.GNFS.ZS:CHE,1985-12-31,47.76846124714708
WDI:NE.EXP.GNFS.ZS:CHE,1986-12-31,43.95237553517438
WDI:NE.EXP.GNFS.ZS:CHE,1987-12-31,41.20233714917582
WDI:NE.EXP.GNFS.ZS:CHE,1988-12-31,42.37756880339704
WDI:NE.EXP.GNFS.ZS:CHE,1989-12-31,44.81487630924366
WDI:NE.EXP.GNFS.ZS:CHE,1990-12-31,41.35819828884202
WDI:NE.EXP.GNFS.ZS:CHE,1991-12-31,39.81663501592973
WDI:NE.EXP.GNFS.ZS:CHE,1992-12-31,40.732219669228805
WDI:NE.EXP.GNFS.ZS:CHE,1993-12-31,40.81411746093311
WDI:NE.EXP.GNFS.ZS:CHE,1994-12-31,40.06459796979923
WDI:NE.EXP.GNFS.ZS:CHE,1995-12-31,40.01970829685321
WDI:NE.EXP.GNFS.ZS:CHE,1996-12-31,41.027787872228124
WDI:NE.EXP.GNFS.ZS:CHE,1997-12-31,46.49448080790711
WDI:NE.EXP.GNFS.ZS:CHE,1998-12-31,45.9946832411421
WDI:NE.EXP.GNFS.ZS:CHE,1999-12-31,46.78101479074645
WDI:NE.EXP.GNFS.ZS:CHE,2000-12-31,51.437722876885374
WDI:NE.EXP.GNFS.ZS:CHE,2001-12-31,50.20269647818738
WDI:NE.EXP.GNFS.ZS:CHE,2002-12-31,48.559641164690895
WDI:NE.EXP.GNFS.ZS:CHE,2003-12-31,47.72071843444735
WDI:NE.EXP.GNFS.ZS:CHE,2004-12-31,51.29998529861726
WDI:NE.EXP.GNFS.ZS:CHE,2005-12-31,53.85417403145482
WDI:NE.EXP.GNFS.ZS:CHE,2006-12-31,56.60918522456211
WDI:NE.EXP.GNFS.ZS:CHE,2007-12-31,61.55281455021559
WDI:NE.EXP.GNFS.ZS:CHE,2008-12-31,63.12931869269045
WDI:NE.EXP.GNFS.ZS:CHE,2009-12-31,58.00966903846101
WDI:NE.EXP.GNFS.ZS:CHE,2010-12-31,64.83762800810553
WDI:NE.EXP.GNFS.ZS:CHE,2011-12-31,66.44992364976893
WDI:NE.EXP.GNFS.ZS:CHE,2012-12-31,67.77737305366665
WDI:NE.EXP.GNFS.ZS:CHE,2013-12-31,72.06821362055493
WDI:NE.EXP.GNFS.ZS:CHE,2014-12-31,65.33727012169288
WDI:NE.EXP.GNFS.ZS:CHE,2015-12-31,63.828955753898775
WDI:NE.EXP.GNFS.ZS:CHE,2016-12-31,66.81772592577204
WDI:NE.EXP.GNFS.ZS:CHE,2017-12-31,66.34849028899674
WDI:NE.EXP.GNFS.ZS:CHE,2018-12-31,67.47818610319995
WDI:NE.EXP.GNFS.ZS:CHE,2019-12-31,66.96539367984194
WDI:NE.EXP.GNFS.ZS:CHE,2020-12-31,64.0955571587348
WDI:NE.EXP.GNFS.ZS:CHE,2021-12-31,71.11923291573355
WDI:NE.EXP.GNFS.ZS:CHE,2022-12-31,76.1397677689787
WDI:NE.EXP.GNFS.ZS:CHE,2023-12-31,70.3187381654557
WDI:NE.EXP.GNFS.ZS:CHE,2024-12-31,71.202289539209
WDI:NE.EXP.GNFS.ZS:CHE,2025-12-31,78.0527434720482
WDI:NE.EXP.GNFS.ZS:CHL,1960-12-31,12.742718586412687
WDI:NE.EXP.GNFS.ZS:CHL,1961-12-31,11.129518932315415
WDI:NE.EXP.GNFS.ZS:CHL,1962-12-31,11.086064526639511
WDI:NE.EXP.GNFS.ZS:CHL,1963-12-31,12.058030011649432
WDI:NE.EXP.GNFS.ZS:CHL,1964-12-31,12.044150302426782
WDI:NE.EXP.GNFS.ZS:CHL,1965-12-31,13.11580836693414
WDI:NE.EXP.GNFS.ZS:CHL,1966-12-31,14.154004875647939
WDI:NE.EXP.GNFS.ZS:CHL,1967-12-31,13.875497942158411
WDI:NE.EXP.GNFS.ZS:CHL,1968-12-31,13.520934339099597
WDI:NE.EXP.GNFS.ZS:CHL,1969-12-31,15.895642462000628
WDI:NE.EXP.GNFS.ZS:CHL,1970-12-31,14.174603332412444
WDI:NE.EXP.GNFS.ZS:CHL,1971-12-31,10.716133229753028
WDI:NE.EXP.GNFS.ZS:CHL,1972-12-31,9.382471252486784
WDI:NE.EXP.GNFS.ZS:CHL,1973-12-31,12.98475218046977
WDI:NE.EXP.GNFS.ZS:CHL,1974-12-31,19.091558690256463
WDI:NE.EXP.GNFS.ZS:CHL,1975-12-31,23.524539837508115
WDI:NE.EXP.GNFS.ZS:CHL,1976-12-31,23.521081168836993
WDI:NE.EXP.GNFS.ZS:CHL,1977-12-31,19.302996962020043
WDI:NE.EXP.GNFS.ZS:CHL,1978-12-31,19.357746243440406
WDI:NE.EXP.GNFS.ZS:CHL,1979-12-31,21.68694632053342
WDI:NE.EXP.GNFS.ZS:CHL,1980-12-31,21.268448444752863
WDI:NE.EXP.GNFS.ZS:CHL,1981-12-31,15.246663345114742
WDI:NE.EXP.GNFS.ZS:CHL,1982-12-31,18.442256147857876
WDI:NE.EXP.GNFS.ZS:CHL,1983-12-31,23.119070854350685
WDI:NE.EXP.GNFS.ZS:CHL,1984-12-31,22.455287265306563
WDI:NE.EXP.GNFS.ZS:CHL,1985-12-31,25.935026201450828
WDI:NE.EXP.GNFS.ZS:CHL,1986-12-31,26.892238690456587
WDI:NE.EXP.GNFS.ZS:CHL,1987-12-31,27.89912737462304
WDI:NE.EXP.GNFS.ZS:CHL,1988-12-31,32.309353590807866
WDI:NE.EXP.GNFS.ZS:CHL,1989-12-31,33.515262948016876
WDI:NE.EXP.GNFS.ZS:CHL,1990-12-31,32.21194492441528
WDI:NE.EXP.GNFS.ZS:CHL,1991-12-31,30.984879484534638
WDI:NE.EXP.GNFS.ZS:CHL,1992-12-31,28.595070480094524
WDI:NE.EXP.GNFS.ZS:CHL,1993-12-31,25.545055502359777
WDI:NE.EXP.GNFS.ZS:CHL,1994-12-31,27.253017979472578
WDI:NE.EXP.GNFS.ZS:CHL,1995-12-31,28.480603304114844
WDI:NE.EXP.GNFS.ZS:CHL,1996-12-31,25.950447502443076
WDI:NE.EXP.GNFS.ZS:CHL,1997-12-31,25.878004271775996
WDI:NE.EXP.GNFS.ZS:CHL,1998-12-31,25.14358141716928
WDI:NE.EXP.GNFS.ZS:CHL,1999-12-31,28.309113885765026
WDI:NE.EXP.GNFS.ZS:CHL,2000-12-31,30.123753878092618
WDI:NE.EXP.GNFS.ZS:CHL,2001-12-31,31.847311266169598
WDI:NE.EXP.GNFS.ZS:CHL,2002-12-31,32.25722035454376
WDI:NE.EXP.GNFS.ZS:CHL,2003-12-31,35.060974530800074
WDI:NE.EXP.GNFS.ZS:CHL,2004-12-31,39.68574951206418
WDI:NE.EXP.GNFS.ZS:CHL,2005-12-31,40.175572010920064
WDI:NE.EXP.GNFS.ZS:CHL,2006-12-31,43.865674200923664
WDI:NE.EXP.GNFS.ZS:CHL,2007-12-31,45.129851895586604
WDI:NE.EXP.GNFS.ZS:CHL,2008-12-31,41.1625607908642
WDI:NE.EXP.GNFS.ZS:CHL,2009-12-31,37.11563479567211
WDI:NE.EXP.GNFS.ZS:CHL,2010-12-31,37.90399431849137
WDI:NE.EXP.GNFS.ZS:CHL,2011-12-31,37.68978027457169
WDI:NE.EXP.GNFS.ZS:CHL,2012-12-31,33.845590504375615
WDI:NE.EXP.GNFS.ZS:CHL,2013-12-31,32.087463589174035
WDI:NE.EXP.GNFS.ZS:CHL,2014-12-31,33.00390296647741
WDI:NE.EXP.GNFS.ZS:CHL,2015-12-31,29.19107949033236
WDI:NE.EXP.GNFS.ZS:CHL,2016-12-31,27.923158109822072
WDI:NE.EXP.GNFS.ZS:CHL,2017-12-31,28.3313768341631
WDI:NE.EXP.GNFS.ZS:CHL,2018-12-31,28.529044739757925
WDI:NE.EXP.GNFS.ZS:CHL,2019-12-31,27.874667757051203
WDI:NE.EXP.GNFS.ZS:CHL,2020-12-31,31.330390242861206
WDI:NE.EXP.GNFS.ZS:CHL,2021-12-31,31.9927952679237
WDI:NE.EXP.GNFS.ZS:CHL,2022-12-31,35.606628272313685
WDI:NE.EXP.GNFS.ZS:CHL,2023-12-31,30.7750617433637
WDI:NE.EXP.GNFS.ZS:CHL,2024-12-31,33.7320704435058
WDI:NE.EXP.GNFS.ZS:CHL,2025-12-31,34.5635609348334
WDI:NE.EXP.GNFS.ZS:CHN,1960-12-31,3.146497017267359
WDI:NE.EXP.GNFS.ZS:CHN,1961-12-31,3.0014772438982913
WDI:NE.EXP.GNFS.ZS:CHN,1962-12-31,3.181878092495922
WDI:NE.EXP.GNFS.ZS:CHN,1963-12-31,3.2794271541689977
WDI:NE.EXP.GNFS.ZS:CHN,1964-12-31,3.241055882216338
WDI:NE.EXP.GNFS.ZS:CHN,1965-12-31,3.183686449113516
WDI:NE.EXP.GNFS.ZS:CHN,1966-12-31,3.0845477882663843
WDI:NE.EXP.GNFS.ZS:CHN,1967-12-31,2.952801149949928
WDI:NE.EXP.GNFS.ZS:CHN,1968-12-31,2.979276349032849
WDI:NE.EXP.GNFS.ZS:CHN,1969-12-31,2.773264094983975
WDI:NE.EXP.GNFS.ZS:CHN,1970-12-31,2.4519117386266096
WDI:NE.EXP.GNFS.ZS:CHN,1971-12-31,2.7115273498634593
WDI:NE.EXP.GNFS.ZS:CHN,1972-12-31,3.1063054589712498
WDI:NE.EXP.GNFS.ZS:CHN,1973-12-31,4.294531982563211
WDI:NE.EXP.GNFS.ZS:CHN,1974-12-31,4.99456118394499
WDI:NE.EXP.GNFS.ZS:CHN,1975-12-31,4.8718223240515055
WDI:NE.EXP.GNFS.ZS:CHN,1976-12-31,4.825391651857296
WDI:NE.EXP.GNFS.ZS:CHN,1977-12-31,4.720213823373472
WDI:NE.EXP.GNFS.ZS:CHN,1978-12-31,7.210921732522796
WDI:NE.EXP.GNFS.ZS:CHN,1979-12-31,7.818969614335801
WDI:NE.EXP.GNFS.ZS:CHN,1980-12-31,10.13419674913506
WDI:NE.EXP.GNFS.ZS:CHN,1981-12-31,12.419828179667117
WDI:NE.EXP.GNFS.ZS:CHN,1982-12-31,10.998649038449699
WDI:NE.EXP.GNFS.ZS:CHN,1983-12-31,9.499536612160082
WDI:NE.EXP.GNFS.ZS:CHN,1984-12-31,9.508536863925729
WDI:NE.EXP.GNFS.ZS:CHN,1985-12-31,8.32129856902917
WDI:NE.EXP.GNFS.ZS:CHN,1986-12-31,8.69621588638232
WDI:NE.EXP.GNFS.ZS:CHN,1987-12-31,12.460124829953838
WDI:NE.EXP.GNFS.ZS:CHN,1988-12-31,14.357717044389206
WDI:NE.EXP.GNFS.ZS:CHN,1989-12-31,11.823504929726903
WDI:NE.EXP.GNFS.ZS:CHN,1990-12-31,13.58826411725261
WDI:NE.EXP.GNFS.ZS:CHN,1991-12-31,14.445032311133668
WDI:NE.EXP.GNFS.ZS:CHN,1992-12-31,15.60024102132688
WDI:NE.EXP.GNFS.ZS:CHN,1993-12-31,16.633997520983566
WDI:NE.EXP.GNFS.ZS:CHN,1994-12-31,18.45157782597071
WDI:NE.EXP.GNFS.ZS:CHN,1995-12-31,17.862429172975567
WDI:NE.EXP.GNFS.ZS:CHN,1996-12-31,17.824710464342907
WDI:NE.EXP.GNFS.ZS:CHN,1997-12-31,19.369294593850796
WDI:NE.EXP.GNFS.ZS:CHN,1998-12-31,18.199226751481707
WDI:NE.EXP.GNFS.ZS:CHN,1999-12-31,18.000690586431222
WDI:NE.EXP.GNFS.ZS:CHN,2000-12-31,20.68159936329305
WDI:NE.EXP.GNFS.ZS:CHN,2001-12-31,20.077687382994597
WDI:NE.EXP.GNFS.ZS:CHN,2002-12-31,22.35182337158076
WDI:NE.EXP.GNFS.ZS:CHN,2003-12-31,26.602373851451134
WDI:NE.EXP.GNFS.ZS:CHN,2004-12-31,30.60971624644044
WDI:NE.EXP.GNFS.ZS:CHN,2005-12-31,33.36879774989219
WDI:NE.EXP.GNFS.ZS:CHN,2006-12-31,35.52684686817009
WDI:NE.EXP.GNFS.ZS:CHN,2007-12-31,34.90669561946486
WDI:NE.EXP.GNFS.ZS:CHN,2008-12-31,32.09251360214302
WDI:NE.EXP.GNFS.ZS:CHN,2009-12-31,24.330771812540306
WDI:NE.EXP.GNFS.ZS:CHN,2010-12-31,26.72274515024688
WDI:NE.EXP.GNFS.ZS:CHN,2011-12-31,26.151882894875932
WDI:NE.EXP.GNFS.ZS:CHN,2012-12-31,25.076704329560012
WDI:NE.EXP.GNFS.ZS:CHN,2013-12-31,24.163343090585368
WDI:NE.EXP.GNFS.ZS:CHN,2014-12-31,23.071976694726256
WDI:NE.EXP.GNFS.ZS:CHN,2015-12-31,20.93906422343264
WDI:NE.EXP.GNFS.ZS:CHN,2016-12-31,19.203650736541192
WDI:NE.EXP.GNFS.ZS:CHN,2017-12-31,19.33563016577276
WDI:NE.EXP.GNFS.ZS:CHN,2018-12-31,18.770519802938026
WDI:NE.EXP.GNFS.ZS:CHN,2019-12-31,18.055706959749568
WDI:NE.EXP.GNFS.ZS:CHN,2020-12-31,18.203582168482228
WDI:NE.EXP.GNFS.ZS:CHN,2021-12-31,19.526242224509147
WDI:NE.EXP.GNFS.ZS:CHN,2022-12-31,20.297731691400543
WDI:NE.EXP.GNFS.ZS:CHN,2023-12-31,19.4023091648376
WDI:NE.EXP.GNFS.ZS:CHN,2024-12-31,20.4428283665891
WDI:NE.EXP.GNFS.ZS:CHN,2025-12-31,21.0711983566772
WDI:NE.EXP.GNFS.ZS:CIV,1960-12-31,34.23954706884314
WDI:NE.EXP.GNFS.ZS:CIV,1961-12-31,35.29251939389041
WDI:NE.EXP.GNFS.ZS:CIV,1962-12-31,34.39262454548807
WDI:NE.EXP.GNFS.ZS:CIV,1963-12-31,33.93545167763895
WDI:NE.EXP.GNFS.ZS:CIV,1964-12-31,35.886030032337935
WDI:NE.EXP.GNFS.ZS:CIV,1965-12-31,36.823411280231944
WDI:NE.EXP.GNFS.ZS:CIV,1966-12-31,36.40699068233566
WDI:NE.EXP.GNFS.ZS:CIV,1967-12-31,36.22371932821063
WDI:NE.EXP.GNFS.ZS:CIV,1968-12-31,40.699872090040735
WDI:NE.EXP.GNFS.ZS:CIV,1969-12-31,36.761797566222285
WDI:NE.EXP.GNFS.ZS:CIV,1970-12-31,35.769325514347706
WDI:NE.EXP.GNFS.ZS:CIV,1971-12-31,32.20999269945461
WDI:NE.EXP.GNFS.ZS:CIV,1972-12-31,33.51212081305611
WDI:NE.EXP.GNFS.ZS:CIV,1973-12-31,35.75389082054382
WDI:NE.EXP.GNFS.ZS:CIV,1974-12-31,45.69688756680113
WDI:NE.EXP.GNFS.ZS:CIV,1975-12-31,36.72858255073225
WDI:NE.EXP.GNFS.ZS:CIV,1976-12-31,41.741470258236234
WDI:NE.EXP.GNFS.ZS:CIV,1977-12-31,42.62604183961379
WDI:NE.EXP.GNFS.ZS:CIV,1978-12-31,36.521203070370355
WDI:NE.EXP.GNFS.ZS:CIV,1979-12-31,34.60332236307508
WDI:NE.EXP.GNFS.ZS:CIV,1980-12-31,35.001629331394334
WDI:NE.EXP.GNFS.ZS:CIV,1981-12-31,35.17500349062595
WDI:NE.EXP.GNFS.ZS:CIV,1982-12-31,36.423228685315266
WDI:NE.EXP.GNFS.ZS:CIV,1983-12-31,36.95985991430004
WDI:NE.EXP.GNFS.ZS:CIV,1984-12-31,45.311927697072214
WDI:NE.EXP.GNFS.ZS:CIV,1985-12-31,46.77491298168871
WDI:NE.EXP.GNFS.ZS:CIV,1986-12-31,39.49590840895052
WDI:NE.EXP.GNFS.ZS:CIV,1987-12-31,33.42999019831881
WDI:NE.EXP.GNFS.ZS:CIV,1988-12-31,30.488128493597742
WDI:NE.EXP.GNFS.ZS:CIV,1989-12-31,32.033335638127106
WDI:NE.EXP.GNFS.ZS:CIV,1990-12-31,31.689874670199764
WDI:NE.EXP.GNFS.ZS:CIV,1991-12-31,30.011726344451766
WDI:NE.EXP.GNFS.ZS:CIV,1992-12-31,31.90948692754215
WDI:NE.EXP.GNFS.ZS:CIV,1993-12-31,29.442452874173636
WDI:NE.EXP.GNFS.ZS:CIV,1994-12-31,40.52740186403806
WDI:NE.EXP.GNFS.ZS:CIV,1995-12-31,41.75929966367061
WDI:NE.EXP.GNFS.ZS:CIV,1996-12-31,28.054808911974526
WDI:NE.EXP.GNFS.ZS:CIV,1997-12-31,28.161951042363075
WDI:NE.EXP.GNFS.ZS:CIV,1998-12-31,27.1844537490724
WDI:NE.EXP.GNFS.ZS:CIV,1999-12-31,28.737501633735913
WDI:NE.EXP.GNFS.ZS:CIV,2000-12-31,27.790058563560272
WDI:NE.EXP.GNFS.ZS:CIV,2001-12-31,27.469814629524127
WDI:NE.EXP.GNFS.ZS:CIV,2002-12-31,31.361161437555978
WDI:NE.EXP.GNFS.ZS:CIV,2003-12-31,28.74101340724901
WDI:NE.EXP.GNFS.ZS:CIV,2004-12-31,30.141288867863064
WDI:NE.EXP.GNFS.ZS:CIV,2005-12-31,31.878980225236724
WDI:NE.EXP.GNFS.ZS:CIV,2006-12-31,32.84093023342093
WDI:NE.EXP.GNFS.ZS:CIV,2007-12-31,30.4909527241434
WDI:NE.EXP.GNFS.ZS:CIV,2008-12-31,31.013669071374395
WDI:NE.EXP.GNFS.ZS:CIV,2009-12-31,35.4127413048103
WDI:NE.EXP.GNFS.ZS:CIV,2010-12-31,33.49957459083213
WDI:NE.EXP.GNFS.ZS:CIV,2011-12-31,35.28137635196339
WDI:NE.EXP.GNFS.ZS:CIV,2012-12-31,34.98249039834226
WDI:NE.EXP.GNFS.ZS:CIV,2013-12-31,29.160402657565538
WDI:NE.EXP.GNFS.ZS:CIV,2014-12-31,28.156958764553657
WDI:NE.EXP.GNFS.ZS:CIV,2015-12-31,27.355388782851538
WDI:NE.EXP.GNFS.ZS:CIV,2016-12-31,24.942270307669638
WDI:NE.EXP.GNFS.ZS:CIV,2017-12-31,25.497605950901896
WDI:NE.EXP.GNFS.ZS:CIV,2018-12-31,22.69573193686121
WDI:NE.EXP.GNFS.ZS:CIV,2019-12-31,22.66048876504519
WDI:NE.EXP.GNFS.ZS:CIV,2020-12-31,20.99346848429969
WDI:NE.EXP.GNFS.ZS:CIV,2021-12-31,22.2962678369402
WDI:NE.EXP.GNFS.ZS:CIV,2022-12-31,24.267360326229465
WDI:NE.EXP.GNFS.ZS:CIV,2023-12-31,22.4353390507141
WDI:NE.EXP.GNFS.ZS:CIV,2024-12-31,26.028011108531
WDI:NE.EXP.GNFS.ZS:CIV,2025-12-31,29.785395705048
WDI:NE.EXP.GNFS.ZS:CMR,1965-12-31,23.75939243959539
WDI:NE.EXP.GNFS.ZS:CMR,1966-12-31,20.994734857892194
WDI:NE.EXP.GNFS.ZS:CMR,1967-12-31,20.625272657141355
WDI:NE.EXP.GNFS.ZS:CMR,1968-12-31,22.123551689286103
WDI:NE.EXP.GNFS.ZS:CMR,1969-12-31,23.383428616446402
WDI:NE.EXP.GNFS.ZS:CMR,1970-12-31,26.20993167591827
WDI:NE.EXP.GNFS.ZS:CMR,1971-12-31,23.018157775206067
WDI:NE.EXP.GNFS.ZS:CMR,1972-12-31,20.391869575477912
WDI:NE.EXP.GNFS.ZS:CMR,1973-12-31,20.69372592052928
WDI:NE.EXP.GNFS.ZS:CMR,1974-12-31,25.43808980762554
WDI:NE.EXP.GNFS.ZS:CMR,1975-12-31,22.684959133732722
WDI:NE.EXP.GNFS.ZS:CMR,1976-12-31,22.642596864459723
WDI:NE.EXP.GNFS.ZS:CMR,1977-12-31,25.05995286307645
WDI:NE.EXP.GNFS.ZS:CMR,1978-12-31,23.65519780511745
WDI:NE.EXP.GNFS.ZS:CMR,1979-12-31,21.07854679941373
WDI:NE.EXP.GNFS.ZS:CMR,1980-12-31,27.884748187111374
WDI:NE.EXP.GNFS.ZS:CMR,1981-12-31,21.86705334121039
WDI:NE.EXP.GNFS.ZS:CMR,1982-12-31,33.21433786080761
WDI:NE.EXP.GNFS.ZS:CMR,1983-12-31,30.39760327616604
WDI:NE.EXP.GNFS.ZS:CMR,1984-12-31,33.47859419853745
WDI:NE.EXP.GNFS.ZS:CMR,1985-12-31,33.44877105846223
WDI:NE.EXP.GNFS.ZS:CMR,1986-12-31,23.281370600862047
WDI:NE.EXP.GNFS.ZS:CMR,1987-12-31,16.69425643221139
WDI:NE.EXP.GNFS.ZS:CMR,1988-12-31,16.032974869317258
WDI:NE.EXP.GNFS.ZS:CMR,1989-12-31,20.70703663809261
WDI:NE.EXP.GNFS.ZS:CMR,1990-12-31,20.182914399795447
WDI:NE.EXP.GNFS.ZS:CMR,1991-12-31,19.99888046106723
WDI:NE.EXP.GNFS.ZS:CMR,1992-12-31,20.547022248546337
WDI:NE.EXP.GNFS.ZS:CMR,1993-12-31,16.390717236617988
WDI:NE.EXP.GNFS.ZS:CMR,1994-12-31,21.481020513099697
WDI:NE.EXP.GNFS.ZS:CMR,1995-12-31,21.61848796659708
WDI:NE.EXP.GNFS.ZS:CMR,1996-12-31,24.26249197279904
WDI:NE.EXP.GNFS.ZS:CMR,1997-12-31,26.650655331466094
WDI:NE.EXP.GNFS.ZS:CMR,1998-12-31,21.979185003629123
WDI:NE.EXP.GNFS.ZS:CMR,1999-12-31,19.428600566928772
WDI:NE.EXP.GNFS.ZS:CMR,2000-12-31,24.856812731704654
WDI:NE.EXP.GNFS.ZS:CMR,2001-12-31,25.26121724904234
WDI:NE.EXP.GNFS.ZS:CMR,2002-12-31,22.986158365901275
WDI:NE.EXP.GNFS.ZS:CMR,2003-12-31,19.436911458591624
WDI:NE.EXP.GNFS.ZS:CMR,2004-12-31,20.54757370521009
WDI:NE.EXP.GNFS.ZS:CMR,2005-12-31,22.245456398115422
WDI:NE.EXP.GNFS.ZS:CMR,2006-12-31,24.179094058435087
WDI:NE.EXP.GNFS.ZS:CMR,2007-12-31,26.97864180471478
WDI:NE.EXP.GNFS.ZS:CMR,2008-12-31,27.008365469603678
WDI:NE.EXP.GNFS.ZS:CMR,2009-12-31,19.582415284910127
WDI:NE.EXP.GNFS.ZS:CMR,2010-12-31,22.368890297981984
WDI:NE.EXP.GNFS.ZS:CMR,2011-12-31,24.229686622930963
WDI:NE.EXP.GNFS.ZS:CMR,2012-12-31,23.876723843779207
WDI:NE.EXP.GNFS.ZS:CMR,2013-12-31,23.63910866802923
WDI:NE.EXP.GNFS.ZS:CMR,2014-12-31,23.60997553368548
WDI:NE.EXP.GNFS.ZS:CMR,2015-12-31,20.989149629531486
WDI:NE.EXP.GNFS.ZS:CMR,2016-12-31,18.94997875596487
WDI:NE.EXP.GNFS.ZS:CMR,2017-12-31,18.35109858300218
WDI:NE.EXP.GNFS.ZS:CMR,2018-12-31,18.73625346901809
WDI:NE.EXP.GNFS.ZS:CMR,2019-12-31,19.85009074731856
WDI:NE.EXP.GNFS.ZS:CMR,2020-12-31,15.23573698147905
WDI:NE.EXP.GNFS.ZS:CMR,2021-12-31,16.50888403677811
WDI:NE.EXP.GNFS.ZS:CMR,2022-12-31,19.321813317909044
WDI:NE.EXP.GNFS.ZS:CMR,2023-12-31,16.8527562193087
WDI:NE.EXP.GNFS.ZS:CMR,2024-12-31,15.6732536622499
WDI:NE.EXP.GNFS.ZS:CMR,2025-12-31,13.0891506194146
WDI:NE.EXP.GNFS.ZS:COD,1994-12-31,22.62529441471721
WDI:NE.EXP.GNFS.ZS:COD,1995-12-31,28.482288310077802
WDI:NE.EXP.GNFS.ZS:COD,1996-12-31,30.002763085304622
WDI:NE.EXP.GNFS.ZS:COD,1997-12-31,18.750000234375
WDI:NE.EXP.GNFS.ZS:COD,1998-12-31,29.790088287070827
WDI:NE.EXP.GNFS.ZS:COD,1999-12-31,23.635669919313624
WDI:NE.EXP.GNFS.ZS:COD,2000-12-31,11.449612031342705
WDI:NE.EXP.GNFS.ZS:COD,2001-12-31,11.987684833485986
WDI:NE.EXP.GNFS.ZS:COD,2002-12-31,15.671342806788552
WDI:NE.EXP.GNFS.ZS:COD,2003-12-31,24.000443036255508
WDI:NE.EXP.GNFS.ZS:COD,2004-12-31,22.729513513102713
WDI:NE.EXP.GNFS.ZS:COD,2005-12-31,23.159896708538433
WDI:NE.EXP.GNFS.ZS:COD,2006-12-31,20.25351459982474
WDI:NE.EXP.GNFS.ZS:COD,2007-12-31,35.58906335460391
WDI:NE.EXP.GNFS.ZS:COD,2008-12-31,33.9875035809117
WDI:NE.EXP.GNFS.ZS:COD,2009-12-31,26.87257223527073
WDI:NE.EXP.GNFS.ZS:COD,2010-12-31,36.69402481627453
WDI:NE.EXP.GNFS.ZS:COD,2011-12-31,38.68817738050129
WDI:NE.EXP.GNFS.ZS:COD,2012-12-31,30.061307427291677
WDI:NE.EXP.GNFS.ZS:COD,2013-12-31,34.13597637662967
WDI:NE.EXP.GNFS.ZS:COD,2014-12-31,32.946717875370865
WDI:NE.EXP.GNFS.ZS:COD,2015-12-31,26.007121905455534
WDI:NE.EXP.GNFS.ZS:COD,2016-12-31,31.12237831088724
WDI:NE.EXP.GNFS.ZS:COD,2017-12-31,31.084022602610652
WDI:NE.EXP.GNFS.ZS:COD,2018-12-31,34.465624150436206
WDI:NE.EXP.GNFS.ZS:COD,2019-12-31,28.465729192977197
WDI:NE.EXP.GNFS.ZS:COD,2020-12-31,29.845511833331884
WDI:NE.EXP.GNFS.ZS:COD,2021-12-31,37.829511069310975
WDI:NE.EXP.GNFS.ZS:COD,2022-12-31,40.82032461105977
WDI:NE.EXP.GNFS.ZS:COD,2023-12-31,42.0539835211192
WDI:NE.EXP.GNFS.ZS:COD,2024-12-31,45.6969577635665
WDI:NE.EXP.GNFS.ZS:COD,2025-12-31,43.4174837745438
WDI:NE.EXP.GNFS.ZS:COG,1960-12-31,20.45332534505859
WDI:NE.EXP.GNFS.ZS:COG,1961-12-31,19.45955537341939
WDI:NE.EXP.GNFS.ZS:COG,1962-12-31,30.489597279561465
WDI:NE.EXP.GNFS.ZS:COG,1963-12-31,36.472898948615565
WDI:NE.EXP.GNFS.ZS:COG,1964-12-31,38.15260174500399
WDI:NE.EXP.GNFS.ZS:COG,1965-12-31,36.008223043575505
WDI:NE.EXP.GNFS.ZS:COG,1966-12-31,29.88929889298893
WDI:NE.EXP.GNFS.ZS:COG,1967-12-31,30.479457273879667
WDI:NE.EXP.GNFS.ZS:COG,1968-12-31,30.385836012861738
WDI:NE.EXP.GNFS.ZS:COG,1969-12-31,32.075490319588
WDI:NE.EXP.GNFS.ZS:COG,1970-12-31,34.73682894736842
WDI:NE.EXP.GNFS.ZS:COG,1971-12-31,32.58172516965327
WDI:NE.EXP.GNFS.ZS:COG,1972-12-31,28.309178743961354
WDI:NE.EXP.GNFS.ZS:COG,1973-12-31,31.62251655629139
WDI:NE.EXP.GNFS.ZS:COG,1974-12-31,53.22918381831086
WDI:NE.EXP.GNFS.ZS:COG,1975-12-31,35.88807785888078
WDI:NE.EXP.GNFS.ZS:COG,1976-12-31,40.37715474209651
WDI:NE.EXP.GNFS.ZS:COG,1977-12-31,45.58499468085107
WDI:NE.EXP.GNFS.ZS:COG,1978-12-31,43.721437216338884
WDI:NE.EXP.GNFS.ZS:COG,1979-12-31,47.411764705882355
WDI:NE.EXP.GNFS.ZS:COG,1980-12-31,60.01664816870145
WDI:NE.EXP.GNFS.ZS:COG,1981-12-31,58.02104485877793
WDI:NE.EXP.GNFS.ZS:COG,1982-12-31,55.267605633802816
WDI:NE.EXP.GNFS.ZS:COG,1983-12-31,57.94544544544544
WDI:NE.EXP.GNFS.ZS:COG,1984-12-31,61.62754303599374
WDI:NE.EXP.GNFS.ZS:COG,1985-12-31,56.78821590440874
WDI:NE.EXP.GNFS.ZS:COG,1986-12-31,39.833700934944275
WDI:NE.EXP.GNFS.ZS:COG,1987-12-31,41.734306133846935
WDI:NE.EXP.GNFS.ZS:COG,1988-12-31,40.62215477996965
WDI:NE.EXP.GNFS.ZS:COG,1989-12-31,48.5242020194741
WDI:NE.EXP.GNFS.ZS:COG,1990-12-31,51.7773595800525
WDI:NE.EXP.GNFS.ZS:COG,1991-12-31,41.634588526083
WDI:NE.EXP.GNFS.ZS:COG,1992-12-31,40.69209692168985
WDI:NE.EXP.GNFS.ZS:COG,1993-12-31,42.83637056966189
WDI:NE.EXP.GNFS.ZS:COG,1994-12-31,58.517021254937085
WDI:NE.EXP.GNFS.ZS:COG,1995-12-31,64.70457015716721
WDI:NE.EXP.GNFS.ZS:COG,1996-12-31,68.45821343386935
WDI:NE.EXP.GNFS.ZS:COG,1997-12-31,75.59663937449288
WDI:NE.EXP.GNFS.ZS:COG,1998-12-31,76.27762977132423
WDI:NE.EXP.GNFS.ZS:COG,1999-12-31,72.29007106879183
WDI:NE.EXP.GNFS.ZS:COG,2000-12-31,80.29714721919302
WDI:NE.EXP.GNFS.ZS:COG,2001-12-31,77.42002685153541
WDI:NE.EXP.GNFS.ZS:COG,2002-12-31,81.51642548339588
WDI:NE.EXP.GNFS.ZS:COG,2003-12-31,80.81236559700758
WDI:NE.EXP.GNFS.ZS:COG,2004-12-31,80.52979283329262
WDI:NE.EXP.GNFS.ZS:COG,2005-12-31,75.00508375141783
WDI:NE.EXP.GNFS.ZS:COG,2006-12-31,77.46412945715608
WDI:NE.EXP.GNFS.ZS:COG,2007-12-31,68.48539072026583
WDI:NE.EXP.GNFS.ZS:COG,2008-12-31,73.40291852881451
WDI:NE.EXP.GNFS.ZS:COG,2009-12-31,64.47991210644497
WDI:NE.EXP.GNFS.ZS:COG,2010-12-31,68.52809153009392
WDI:NE.EXP.GNFS.ZS:COG,2011-12-31,73.61173273938954
WDI:NE.EXP.GNFS.ZS:COG,2012-12-31,58.08202781995539
WDI:NE.EXP.GNFS.ZS:COG,2013-12-31,52.934340584028206
WDI:NE.EXP.GNFS.ZS:COG,2014-12-31,53.1336383710482
WDI:NE.EXP.GNFS.ZS:COG,2015-12-31,40.857048793450225
WDI:NE.EXP.GNFS.ZS:COG,2016-12-31,42.06852605008098
WDI:NE.EXP.GNFS.ZS:COG,2017-12-31,47.96273165883941
WDI:NE.EXP.GNFS.ZS:COG,2018-12-31,62.21059229505477
WDI:NE.EXP.GNFS.ZS:COG,2019-12-31,56.1988143702835
WDI:NE.EXP.GNFS.ZS:COG,2020-12-31,40.719043279298845
WDI:NE.EXP.GNFS.ZS:COG,2021-12-31,52.83657085862333
WDI:NE.EXP.GNFS.ZS:COG,2022-12-31,63.81214685629249
WDI:NE.EXP.GNFS.ZS:COG,2023-12-31,56.8959278033859
WDI:NE.EXP.GNFS.ZS:COG,2024-12-31,52.7796430530581
WDI:NE.EXP.GNFS.ZS:COG,2025-12-31,48.022613302008
WDI:NE.EXP.GNFS.ZS:COL,1960-12-31,15.69457914434304
WDI:NE.EXP.GNFS.ZS:COL,1961-12-31,12.991351697840308
WDI:NE.EXP.GNFS.ZS:COL,1962-12-31,12.223505813001475
WDI:NE.EXP.GNFS.ZS:COL,1963-12-31,11.98285510792524
WDI:NE.EXP.GNFS.ZS:COL,1964-12-31,11.95749707497912
WDI:NE.EXP.GNFS.ZS:COL,1965-12-31,12.134638275360402
WDI:NE.EXP.GNFS.ZS:COL,1966-12-31,9.981578767824248
WDI:NE.EXP.GNFS.ZS:COL,1967-12-31,11.212486982864716
WDI:NE.EXP.GNFS.ZS:COL,1968-12-31,11.773186958044118
WDI:NE.EXP.GNFS.ZS:COL,1969-12-31,12.539381354718602
WDI:NE.EXP.GNFS.ZS:COL,1970-12-31,13.270516992046277
WDI:NE.EXP.GNFS.ZS:COL,1971-12-31,11.96643701166237
WDI:NE.EXP.GNFS.ZS:COL,1972-12-31,13.254822956110834
WDI:NE.EXP.GNFS.ZS:COL,1973-12-31,14.924329659483467
WDI:NE.EXP.GNFS.ZS:COL,1974-12-31,14.54011365328304
WDI:NE.EXP.GNFS.ZS:COL,1975-12-31,15.817263544536273
WDI:NE.EXP.GNFS.ZS:COL,1976-12-31,17.0462359328912
WDI:NE.EXP.GNFS.ZS:COL,1977-12-31,16.865657675876257
WDI:NE.EXP.GNFS.ZS:COL,1978-12-31,16.625966066584787
WDI:NE.EXP.GNFS.ZS:COL,1979-12-31,15.2164715006599
WDI:NE.EXP.GNFS.ZS:COL,1980-12-31,16.217980786888983
WDI:NE.EXP.GNFS.ZS:COL,1981-12-31,11.85123057455392
WDI:NE.EXP.GNFS.ZS:COL,1982-12-31,10.91283459162663
WDI:NE.EXP.GNFS.ZS:COL,1983-12-31,10.459517696815828
WDI:NE.EXP.GNFS.ZS:COL,1984-12-31,11.884792344727874
WDI:NE.EXP.GNFS.ZS:COL,1985-12-31,13.807775978612463
WDI:NE.EXP.GNFS.ZS:COL,1986-12-31,18.83724644060745
WDI:NE.EXP.GNFS.ZS:COL,1987-12-31,16.94966959823254
WDI:NE.EXP.GNFS.ZS:COL,1988-12-31,16.286167625408435
WDI:NE.EXP.GNFS.ZS:COL,1989-12-31,18.002563411309712
WDI:NE.EXP.GNFS.ZS:COL,1990-12-31,18.862669028641616
WDI:NE.EXP.GNFS.ZS:COL,1991-12-31,19.0945389024404
WDI:NE.EXP.GNFS.ZS:COL,1992-12-31,16.518554695365445
WDI:NE.EXP.GNFS.ZS:COL,1993-12-31,15.184495285478441
WDI:NE.EXP.GNFS.ZS:COL,1994-12-31,14.998361834568778
WDI:NE.EXP.GNFS.ZS:COL,1995-12-31,14.533742889210261
WDI:NE.EXP.GNFS.ZS:COL,1996-12-31,15.199461701397048
WDI:NE.EXP.GNFS.ZS:COL,1997-12-31,14.841543743470668
WDI:NE.EXP.GNFS.ZS:COL,1998-12-31,15.00735083699117
WDI:NE.EXP.GNFS.ZS:COL,1999-12-31,18.346578750154098
WDI:NE.EXP.GNFS.ZS:COL,2000-12-31,15.915139715437993
WDI:NE.EXP.GNFS.ZS:COL,2001-12-31,15.387135766500922
WDI:NE.EXP.GNFS.ZS:COL,2002-12-31,14.81556967752718
WDI:NE.EXP.GNFS.ZS:COL,2003-12-31,16.575299711762653
WDI:NE.EXP.GNFS.ZS:COL,2004-12-31,16.77075142480228
WDI:NE.EXP.GNFS.ZS:COL,2005-12-31,16.971043739162855
WDI:NE.EXP.GNFS.ZS:COL,2006-12-31,17.72858775065251
WDI:NE.EXP.GNFS.ZS:COL,2007-12-31,16.433142126364626
WDI:NE.EXP.GNFS.ZS:COL,2008-12-31,18.109595135073885
WDI:NE.EXP.GNFS.ZS:COL,2009-12-31,16.424495687575515
WDI:NE.EXP.GNFS.ZS:COL,2010-12-31,16.340844759769144
WDI:NE.EXP.GNFS.ZS:COL,2011-12-31,19.276505073317146
WDI:NE.EXP.GNFS.ZS:COL,2012-12-31,18.811205283665437
WDI:NE.EXP.GNFS.ZS:COL,2013-12-31,18.086439721436847
WDI:NE.EXP.GNFS.ZS:COL,2014-12-31,16.634749109650897
WDI:NE.EXP.GNFS.ZS:COL,2015-12-31,15.6502115094968
WDI:NE.EXP.GNFS.ZS:COL,2016-12-31,14.717139278197507
WDI:NE.EXP.GNFS.ZS:COL,2017-12-31,15.145289748400547
WDI:NE.EXP.GNFS.ZS:COL,2018-12-31,15.899719677543123
WDI:NE.EXP.GNFS.ZS:COL,2019-12-31,15.868038654124076
WDI:NE.EXP.GNFS.ZS:COL,2020-12-31,13.522275559330216
WDI:NE.EXP.GNFS.ZS:COL,2021-12-31,16.19700595488641
WDI:NE.EXP.GNFS.ZS:COL,2022-12-31,20.388367993833096
WDI:NE.EXP.GNFS.ZS:COL,2023-12-31,17.8077746975806
WDI:NE.EXP.GNFS.ZS:COL,2024-12-31,16.0804545104347
WDI:NE.EXP.GNFS.ZS:COL,2025-12-31,14.9840475310756
WDI:NE.EXP.GNFS.ZS:COM,1980-12-31,8.83645203737985
WDI:NE.EXP.GNFS.ZS:COM,1981-12-31,8.835326311054471
WDI:NE.EXP.GNFS.ZS:COM,1982-12-31,8.836370853041382
WDI:NE.EXP.GNFS.ZS:COM,1983-12-31,8.83593536017529
WDI:NE.EXP.GNFS.ZS:COM,1984-12-31,8.835993259318
WDI:NE.EXP.GNFS.ZS:COM,1985-12-31,8.836740928480106
WDI:NE.EXP.GNFS.ZS:COM,1986-12-31,8.835727657285886
WDI:NE.EXP.GNFS.ZS:COM,1987-12-31,8.83593919438475
WDI:NE.EXP.GNFS.ZS:COM,1988-12-31,8.83577254148538
WDI:NE.EXP.GNFS.ZS:COM,1989-12-31,8.83662434707573
WDI:NE.EXP.GNFS.ZS:COM,1990-12-31,8.836453791570493
WDI:NE.EXP.GNFS.ZS:COM,1991-12-31,8.836287994761479
WDI:NE.EXP.GNFS.ZS:COM,1992-12-31,8.836502410191171
WDI:NE.EXP.GNFS.ZS:COM,1993-12-31,8.835914449893496
WDI:NE.EXP.GNFS.ZS:COM,1994-12-31,8.83605448664154
WDI:NE.EXP.GNFS.ZS:COM,1995-12-31,8.83640480692066
WDI:NE.EXP.GNFS.ZS:COM,1996-12-31,8.836459337769455
WDI:NE.EXP.GNFS.ZS:COM,1997-12-31,8.836305486645427
WDI:NE.EXP.GNFS.ZS:COM,1998-12-31,8.836263499456606
WDI:NE.EXP.GNFS.ZS:COM,1999-12-31,8.835953046394634
WDI:NE.EXP.GNFS.ZS:COM,2000-12-31,8.836314069420865
WDI:NE.EXP.GNFS.ZS:COM,2001-12-31,8.836260787598475
WDI:NE.EXP.GNFS.ZS:COM,2002-12-31,8.836176731174865
WDI:NE.EXP.GNFS.ZS:COM,2003-12-31,8.836129866416627
WDI:NE.EXP.GNFS.ZS:COM,2004-12-31,8.836027197570166
WDI:NE.EXP.GNFS.ZS:COM,2005-12-31,8.836281080705653
WDI:NE.EXP.GNFS.ZS:COM,2006-12-31,8.836179332535114
WDI:NE.EXP.GNFS.ZS:COM,2007-12-31,8.975341966970909
WDI:NE.EXP.GNFS.ZS:COM,2008-12-31,8.221347228752023
WDI:NE.EXP.GNFS.ZS:COM,2009-12-31,9.311938671977755
WDI:NE.EXP.GNFS.ZS:COM,2010-12-31,9.638897037219502
WDI:NE.EXP.GNFS.ZS:COM,2011-12-31,9.956403748935276
WDI:NE.EXP.GNFS.ZS:COM,2012-12-31,8.945874380437242
WDI:NE.EXP.GNFS.ZS:COM,2013-12-31,9.048395315821677
WDI:NE.EXP.GNFS.ZS:COM,2014-12-31,9.676472482635015
WDI:NE.EXP.GNFS.ZS:COM,2015-12-31,10.136198306976137
WDI:NE.EXP.GNFS.ZS:COM,2016-12-31,10.672895576896163
WDI:NE.EXP.GNFS.ZS:COM,2017-12-31,11.901316448466275
WDI:NE.EXP.GNFS.ZS:COM,2018-12-31,12.909022991783411
WDI:NE.EXP.GNFS.ZS:COM,2019-12-31,12.773460640366253
WDI:NE.EXP.GNFS.ZS:COM,2020-12-31,5.67175210068826
WDI:NE.EXP.GNFS.ZS:COM,2021-12-31,9.917034174548133
WDI:NE.EXP.GNFS.ZS:COM,2022-12-31,12.947027503563135
WDI:NE.EXP.GNFS.ZS:COM,2023-12-31,10.3108363180596
WDI:NE.EXP.GNFS.ZS:COM,2024-12-31,9.23135575502753
WDI:NE.EXP.GNFS.ZS:COM,2025-12-31,9.2978020237782
WDI:NE.EXP.GNFS.ZS:CPV,1980-12-31,17.074768222744147
WDI:NE.EXP.GNFS.ZS:CPV,1981-12-31,21.469137689398792
WDI:NE.EXP.GNFS.ZS:CPV,1982-12-31,22.927430438612358
WDI:NE.EXP.GNFS.ZS:CPV,1983-12-31,24.627945819288833
WDI:NE.EXP.GNFS.ZS:CPV,1984-12-31,22.77305584105521
WDI:NE.EXP.GNFS.ZS:CPV,1985-12-31,22.63847866902953
WDI:NE.EXP.GNFS.ZS:CPV,1986-12-31,17.609862273672256
WDI:NE.EXP.GNFS.ZS:CPV,1987-12-31,18.099041030450756
WDI:NE.EXP.GNFS.ZS:CPV,1988-12-31,16.70766225135896
WDI:NE.EXP.GNFS.ZS:CPV,1989-12-31,19.225445230927846
WDI:NE.EXP.GNFS.ZS:CPV,1990-12-31,17.131969468503957
WDI:NE.EXP.GNFS.ZS:CPV,1991-12-31,16.564073544360784
WDI:NE.EXP.GNFS.ZS:CPV,1992-12-31,17.283007587265793
WDI:NE.EXP.GNFS.ZS:CPV,1993-12-31,13.260831075798338
WDI:NE.EXP.GNFS.ZS:CPV,1994-12-31,15.046299543056776
WDI:NE.EXP.GNFS.ZS:CPV,1995-12-31,17.13695268982217
WDI:NE.EXP.GNFS.ZS:CPV,1996-12-31,20.199157560773543
WDI:NE.EXP.GNFS.ZS:CPV,1997-12-31,27.44172630183328
WDI:NE.EXP.GNFS.ZS:CPV,1998-12-31,22.79615287514253
WDI:NE.EXP.GNFS.ZS:CPV,1999-12-31,20.975945625015527
WDI:NE.EXP.GNFS.ZS:CPV,2000-12-31,27.0072185431265
WDI:NE.EXP.GNFS.ZS:CPV,2001-12-31,29.809412882810044
WDI:NE.EXP.GNFS.ZS:CPV,2002-12-31,32.54495671304582
WDI:NE.EXP.GNFS.ZS:CPV,2003-12-31,31.364351166950915
WDI:NE.EXP.GNFS.ZS:CPV,2004-12-31,32.004173065871036
WDI:NE.EXP.GNFS.ZS:CPV,2005-12-31,37.77736046086639
WDI:NE.EXP.GNFS.ZS:CPV,2006-12-31,45.13220526080152
WDI:NE.EXP.GNFS.ZS:CPV,2007-12-31,33.74589809664826
WDI:NE.EXP.GNFS.ZS:CPV,2008-12-31,34.34045375519604
WDI:NE.EXP.GNFS.ZS:CPV,2009-12-31,29.03782961301759
WDI:NE.EXP.GNFS.ZS:CPV,2010-12-31,30.283822677520455
WDI:NE.EXP.GNFS.ZS:CPV,2011-12-31,32.87426102675059
WDI:NE.EXP.GNFS.ZS:CPV,2012-12-31,37.46345322721655
WDI:NE.EXP.GNFS.ZS:CPV,2013-12-31,37.51683856739007
WDI:NE.EXP.GNFS.ZS:CPV,2014-12-31,37.24829248218675
WDI:NE.EXP.GNFS.ZS:CPV,2015-12-31,41.13520163271733
WDI:NE.EXP.GNFS.ZS:CPV,2016-12-31,41.47294871817467
WDI:NE.EXP.GNFS.ZS:CPV,2017-12-31,42.068803583760825
WDI:NE.EXP.GNFS.ZS:CPV,2018-12-31,45.865993464408014
WDI:NE.EXP.GNFS.ZS:CPV,2019-12-31,46.70503313709487
WDI:NE.EXP.GNFS.ZS:CPV,2020-12-31,25.29337077219979
WDI:NE.EXP.GNFS.ZS:CPV,2021-12-31,23.849798357656287
WDI:NE.EXP.GNFS.ZS:CPV,2022-12-31,38.684254217013404
WDI:NE.EXP.GNFS.ZS:CPV,2023-12-31,39.2805048495495
WDI:NE.EXP.GNFS.ZS:CPV,2024-12-31,42.6792709353695
WDI:NE.EXP.GNFS.ZS:CPV,2025-12-31,41.9760625876389
WDI:NE.EXP.GNFS.ZS:CRI,1960-12-31,21.185106017472048
WDI:NE.EXP.GNFS.ZS:CRI,1961-12-31,20.861634314292147
WDI:NE.EXP.GNFS.ZS:CRI,1962-12-31,22.72327587732682
WDI:NE.EXP.GNFS.ZS:CRI,1963-12-31,22.0874188252842
WDI:NE.EXP.GNFS.ZS:CRI,1964-12-31,24.419375376157046
WDI:NE.EXP.GNFS.ZS:CRI,1965-12-31,22.56331818437988
WDI:NE.EXP.GNFS.ZS:CRI,1966-12-31,24.78080518518819
WDI:NE.EXP.GNFS.ZS:CRI,1967-12-31,24.881848445545902
WDI:NE.EXP.GNFS.ZS:CRI,1968-12-31,27.766399979838884
WDI:NE.EXP.GNFS.ZS:CRI,1969-12-31,26.596289735358162
WDI:NE.EXP.GNFS.ZS:CRI,1970-12-31,27.835084001381993
WDI:NE.EXP.GNFS.ZS:CRI,1971-12-31,26.794172346679517
WDI:NE.EXP.GNFS.ZS:CRI,1972-12-31,30.227123347695905
WDI:NE.EXP.GNFS.ZS:CRI,1973-12-31,30.799810765175444
WDI:NE.EXP.GNFS.ZS:CRI,1974-12-31,33.14315574009062
WDI:NE.EXP.GNFS.ZS:CRI,1975-12-31,30.062007010354346
WDI:NE.EXP.GNFS.ZS:CRI,1976-12-31,28.908955483758636
WDI:NE.EXP.GNFS.ZS:CRI,1977-12-31,30.868910261954873
WDI:NE.EXP.GNFS.ZS:CRI,1978-12-31,28.181189382312144
WDI:NE.EXP.GNFS.ZS:CRI,1979-12-31,26.922831792551005
WDI:NE.EXP.GNFS.ZS:CRI,1980-12-31,26.477882861399905
WDI:NE.EXP.GNFS.ZS:CRI,1981-12-31,43.26835645890338
WDI:NE.EXP.GNFS.ZS:CRI,1982-12-31,45.08389849924495
WDI:NE.EXP.GNFS.ZS:CRI,1983-12-31,36.037242680606894
WDI:NE.EXP.GNFS.ZS:CRI,1984-12-31,34.381995314423754
WDI:NE.EXP.GNFS.ZS:CRI,1985-12-31,30.72320202425427
WDI:NE.EXP.GNFS.ZS:CRI,1986-12-31,31.340992532625407
WDI:NE.EXP.GNFS.ZS:CRI,1987-12-31,31.632314519139054
WDI:NE.EXP.GNFS.ZS:CRI,1988-12-31,34.02431729831179
WDI:NE.EXP.GNFS.ZS:CRI,1989-12-31,34.85115541826021
WDI:NE.EXP.GNFS.ZS:CRI,1990-12-31,34.1902683361643
WDI:NE.EXP.GNFS.ZS:CRI,1991-12-31,33.40610643182974
WDI:NE.EXP.GNFS.ZS:CRI,1992-12-31,35.28175223631989
WDI:NE.EXP.GNFS.ZS:CRI,1993-12-31,36.03722388350642
WDI:NE.EXP.GNFS.ZS:CRI,1994-12-31,35.884658668300986
WDI:NE.EXP.GNFS.ZS:CRI,1995-12-31,38.12921450230816
WDI:NE.EXP.GNFS.ZS:CRI,1996-12-31,40.0119930195513
WDI:NE.EXP.GNFS.ZS:CRI,1997-12-31,41.60906831428798
WDI:NE.EXP.GNFS.ZS:CRI,1998-12-31,43.9628410453671
WDI:NE.EXP.GNFS.ZS:CRI,1999-12-31,42.55786575742027
WDI:NE.EXP.GNFS.ZS:CRI,2000-12-31,42.93032217073853
WDI:NE.EXP.GNFS.ZS:CRI,2001-12-31,40.508572503029335
WDI:NE.EXP.GNFS.ZS:CRI,2002-12-31,39.224535207061564
WDI:NE.EXP.GNFS.ZS:CRI,2003-12-31,40.67171291843309
WDI:NE.EXP.GNFS.ZS:CRI,2004-12-31,42.2076534629626
WDI:NE.EXP.GNFS.ZS:CRI,2005-12-31,43.46452236069833
WDI:NE.EXP.GNFS.ZS:CRI,2006-12-31,43.31403510869322
WDI:NE.EXP.GNFS.ZS:CRI,2007-12-31,40.58213750842135
WDI:NE.EXP.GNFS.ZS:CRI,2008-12-31,38.80646065097564
WDI:NE.EXP.GNFS.ZS:CRI,2009-12-31,34.632305025928765
WDI:NE.EXP.GNFS.ZS:CRI,2010-12-31,32.82941134672732
WDI:NE.EXP.GNFS.ZS:CRI,2011-12-31,32.472470877044366
WDI:NE.EXP.GNFS.ZS:CRI,2012-12-31,31.651317335696266
WDI:NE.EXP.GNFS.ZS:CRI,2013-12-31,30.591649361252404
WDI:NE.EXP.GNFS.ZS:CRI,2014-12-31,31.36291528359749
WDI:NE.EXP.GNFS.ZS:CRI,2015-12-31,29.995657864798332
WDI:NE.EXP.GNFS.ZS:CRI,2016-12-31,31.26009630038449
WDI:NE.EXP.GNFS.ZS:CRI,2017-12-31,32.762683147986266
WDI:NE.EXP.GNFS.ZS:CRI,2018-12-31,33.73851077615363
WDI:NE.EXP.GNFS.ZS:CRI,2019-12-31,34.32532155933081
WDI:NE.EXP.GNFS.ZS:CRI,2020-12-31,31.906497657805854
WDI:NE.EXP.GNFS.ZS:CRI,2021-12-31,36.17635702696537
WDI:NE.EXP.GNFS.ZS:CRI,2022-12-31,42.40519611443936
WDI:NE.EXP.GNFS.ZS:CRI,2023-12-31,38.0957487081207
WDI:NE.EXP.GNFS.ZS:CRI,2024-12-31,37.5298397915012
WDI:NE.EXP.GNFS.ZS:CRI,2025-12-31,38.8499059117269
WDI:NE.EXP.GNFS.ZS:CUB,1970-12-31,32.62535927421953
WDI:NE.EXP.GNFS.ZS:CUB,1971-12-31,32.62576065941305
WDI:NE.EXP.GNFS.ZS:CUB,1972-12-31,32.62630522541098
WDI:NE.EXP.GNFS.ZS:CUB,1973-12-31,32.624116687296976
WDI:NE.EXP.GNFS.ZS:CUB,1974-12-31,32.61374859201198
WDI:NE.EXP.GNFS.ZS:CUB,1975-12-31,32.636863694719594
WDI:NE.EXP.GNFS.ZS:CUB,1976-12-31,32.627772540672225
WDI:NE.EXP.GNFS.ZS:CUB,1977-12-31,32.629023436356725
WDI:NE.EXP.GNFS.ZS:CUB,1978-12-31,32.613173316329686
WDI:NE.EXP.GNFS.ZS:CUB,1979-12-31,32.561910545213564
WDI:NE.EXP.GNFS.ZS:CUB,1980-12-31,32.75243679925999
WDI:NE.EXP.GNFS.ZS:CUB,1981-12-31,32.582318657597845
WDI:NE.EXP.GNFS.ZS:CUB,1982-12-31,32.6352787375449
WDI:NE.EXP.GNFS.ZS:CUB,1983-12-31,32.53392270948899
WDI:NE.EXP.GNFS.ZS:CUB,1984-12-31,32.30559688892234
WDI:NE.EXP.GNFS.ZS:CUB,1985-12-31,33.7050654442203
WDI:NE.EXP.GNFS.ZS:CUB,1986-12-31,31.731730115488936
WDI:NE.EXP.GNFS.ZS:CUB,1987-12-31,32.90007855504001
WDI:NE.EXP.GNFS.ZS:CUB,1988-12-31,32.027142352645356
WDI:NE.EXP.GNFS.ZS:CUB,1989-12-31,31.16396859274204
WDI:NE.EXP.GNFS.ZS:CUB,1990-12-31,30.239045214226245
WDI:NE.EXP.GNFS.ZS:CUB,1991-12-31,21.931179713084
WDI:NE.EXP.GNFS.ZS:CUB,1992-12-31,16.918266966612382
WDI:NE.EXP.GNFS.ZS:CUB,1993-12-31,13.194209952886848
WDI:NE.EXP.GNFS.ZS:CUB,1994-12-31,13.2397137421534
WDI:NE.EXP.GNFS.ZS:CUB,1995-12-31,13.401511865504807
WDI:NE.EXP.GNFS.ZS:CUB,1996-12-31,15.31336107302124
WDI:NE.EXP.GNFS.ZS:CUB,1997-12-31,14.923967969433747
WDI:NE.EXP.GNFS.ZS:CUB,1998-12-31,14.252614218766348
WDI:NE.EXP.GNFS.ZS:CUB,1999-12-31,14.53747907710026
WDI:NE.EXP.GNFS.ZS:CUB,2000-12-31,14.130029379625327
WDI:NE.EXP.GNFS.ZS:CUB,2001-12-31,13.234477186071764
WDI:NE.EXP.GNFS.ZS:CUB,2002-12-31,11.527068665247613
WDI:NE.EXP.GNFS.ZS:CUB,2003-12-31,12.951934754270052
WDI:NE.EXP.GNFS.ZS:CUB,2004-12-31,16.021778394366933
WDI:NE.EXP.GNFS.ZS:CUB,2005-12-31,21.018043449425978
WDI:NE.EXP.GNFS.ZS:CUB,2006-12-31,18.713454727469912
WDI:NE.EXP.GNFS.ZS:CUB,2007-12-31,20.3363598668348
WDI:NE.EXP.GNFS.ZS:CUB,2008-12-31,20.567605659282016
WDI:NE.EXP.GNFS.ZS:CUB,2009-12-31,17.4597293814433
WDI:NE.EXP.GNFS.ZS:CUB,2010-12-31,22.570264892426316
WDI:NE.EXP.GNFS.ZS:CUB,2011-12-31,25.103638208436006
WDI:NE.EXP.GNFS.ZS:CUB,2012-12-31,25.51099930271667
WDI:NE.EXP.GNFS.ZS:CUB,2013-12-31,24.100430341680926
WDI:NE.EXP.GNFS.ZS:CUB,2014-12-31,22.083884541900737
WDI:NE.EXP.GNFS.ZS:CUB,2015-12-31,17.14738881339748
WDI:NE.EXP.GNFS.ZS:CUB,2016-12-31,14.98253134098135
WDI:NE.EXP.GNFS.ZS:CUB,2017-12-31,14.55127048053246
WDI:NE.EXP.GNFS.ZS:CUB,2018-12-31,14.522733390597947
WDI:NE.EXP.GNFS.ZS:CUB,2019-12-31,12.213374379759367
WDI:NE.EXP.GNFS.ZS:CUB,2020-12-31,8.168455175497428
WDI:NE.EXP.GNFS.ZS:CUB,2021-12-31,34.893565509575986
WDI:NE.EXP.GNFS.ZS:CUB,2022-12-31,40.4896279061686
WDI:NE.EXP.GNFS.ZS:CUB,2023-12-31,45.6267674849104
WDI:NE.EXP.GNFS.ZS:CUB,2024-12-31,42.4701633021061
WDI:NE.EXP.GNFS.ZS:CUW,2005-12-31,59.496284960947484
WDI:NE.EXP.GNFS.ZS:CUW,2006-12-31,63.390652477035324
WDI:NE.EXP.GNFS.ZS:CUW,2007-12-31,60.853442064008156
WDI:NE.EXP.GNFS.ZS:CUW,2008-12-31,69.46675819540847
WDI:NE.EXP.GNFS.ZS:CUW,2009-12-31,60.68401394279768
WDI:NE.EXP.GNFS.ZS:CUW,2010-12-31,55.53953322184414
WDI:NE.EXP.GNFS.ZS:CUW,2011-12-31,72.98567119596392
WDI:NE.EXP.GNFS.ZS:CUW,2012-12-31,80.79582170320457
WDI:NE.EXP.GNFS.ZS:CUW,2013-12-31,74.29898272099358
WDI:NE.EXP.GNFS.ZS:CUW,2014-12-31,75.93212113307364
WDI:NE.EXP.GNFS.ZS:CUW,2015-12-31,68.49411656562322
WDI:NE.EXP.GNFS.ZS:CUW,2016-12-31,62.99550948927825
WDI:NE.EXP.GNFS.ZS:CUW,2017-12-31,59.629689123362596
WDI:NE.EXP.GNFS.ZS:CUW,2018-12-31,63.24600055322771
WDI:NE.EXP.GNFS.ZS:CYM,2017-12-31,74.02181723523611
WDI:NE.EXP.GNFS.ZS:CYM,2018-12-31,71.58784904547305
WDI:NE.EXP.GNFS.ZS:CYM,2019-12-31,69.47102566346342
WDI:NE.EXP.GNFS.ZS:CYM,2020-12-31,59.633598781384165
WDI:NE.EXP.GNFS.ZS:CYP,1975-12-31,35.48638998921912
WDI:NE.EXP.GNFS.ZS:CYP,1976-12-31,49.74543472240238
WDI:NE.EXP.GNFS.ZS:CYP,1977-12-31,47.813757548837735
WDI:NE.EXP.GNFS.ZS:CYP,1978-12-31,42.329709526134884
WDI:NE.EXP.GNFS.ZS:CYP,1979-12-31,44.680846318461164
WDI:NE.EXP.GNFS.ZS:CYP,1980-12-31,45.25845316002921
WDI:NE.EXP.GNFS.ZS:CYP,1981-12-31,50.25114333874355
WDI:NE.EXP.GNFS.ZS:CYP,1982-12-31,50.92204211917044
WDI:NE.EXP.GNFS.ZS:CYP,1983-12-31,50.40907649922847
WDI:NE.EXP.GNFS.ZS:CYP,1984-12-31,54.65829107266399
WDI:NE.EXP.GNFS.ZS:CYP,1985-12-31,48.73835987138661
WDI:NE.EXP.GNFS.ZS:CYP,1986-12-31,45.03716594157862
WDI:NE.EXP.GNFS.ZS:CYP,1987-12-31,47.286823260068985
WDI:NE.EXP.GNFS.ZS:CYP,1988-12-31,48.07855861259891
WDI:NE.EXP.GNFS.ZS:CYP,1989-12-31,51.4599666796572
WDI:NE.EXP.GNFS.ZS:CYP,1990-12-31,51.50056472059378
WDI:NE.EXP.GNFS.ZS:CYP,1991-12-31,47.08565081332779
WDI:NE.EXP.GNFS.ZS:CYP,1992-12-31,49.45696026387711
WDI:NE.EXP.GNFS.ZS:CYP,1993-12-31,47.491374281519285
WDI:NE.EXP.GNFS.ZS:CYP,1994-12-31,47.68948391985862
WDI:NE.EXP.GNFS.ZS:CYP,1995-12-31,66.76329376953146
WDI:NE.EXP.GNFS.ZS:CYP,1996-12-31,70.20766725116474
WDI:NE.EXP.GNFS.ZS:CYP,1997-12-31,69.18560901231096
WDI:NE.EXP.GNFS.ZS:CYP,1998-12-31,68.69748147278206
WDI:NE.EXP.GNFS.ZS:CYP,1999-12-31,66.92646399960542
WDI:NE.EXP.GNFS.ZS:CYP,2000-12-31,69.96282391743111
WDI:NE.EXP.GNFS.ZS:CYP,2001-12-31,68.20885507116515
WDI:NE.EXP.GNFS.ZS:CYP,2002-12-31,62.40530677766628
WDI:NE.EXP.GNFS.ZS:CYP,2003-12-31,57.7621279453982
WDI:NE.EXP.GNFS.ZS:CYP,2004-12-31,56.88980308868634
WDI:NE.EXP.GNFS.ZS:CYP,2005-12-31,55.69210649867122
WDI:NE.EXP.GNFS.ZS:CYP,2006-12-31,53.43581087816727
WDI:NE.EXP.GNFS.ZS:CYP,2007-12-31,53.25898012923126
WDI:NE.EXP.GNFS.ZS:CYP,2008-12-31,50.08169582220295
WDI:NE.EXP.GNFS.ZS:CYP,2009-12-31,48.72225040241331
WDI:NE.EXP.GNFS.ZS:CYP,2010-12-31,50.33452584734687
WDI:NE.EXP.GNFS.ZS:CYP,2011-12-31,53.454085884251825
WDI:NE.EXP.GNFS.ZS:CYP,2012-12-31,55.27838094087151
WDI:NE.EXP.GNFS.ZS:CYP,2013-12-31,61.29659043124782
WDI:NE.EXP.GNFS.ZS:CYP,2014-12-31,65.95170487288678
WDI:NE.EXP.GNFS.ZS:CYP,2015-12-31,70.01730312932575
WDI:NE.EXP.GNFS.ZS:CYP,2016-12-31,70.48405222812717
WDI:NE.EXP.GNFS.ZS:CYP,2017-12-31,73.8364791392389
WDI:NE.EXP.GNFS.ZS:CYP,2018-12-31,74.51113462054597
WDI:NE.EXP.GNFS.ZS:CYP,2019-12-31,75.75886760372079
WDI:NE.EXP.GNFS.ZS:CYP,2020-12-31,79.64725271768498
WDI:NE.EXP.GNFS.ZS:CYP,2021-12-31,90.75783316336245
WDI:NE.EXP.GNFS.ZS:CYP,2022-12-31,104.66609337927952
WDI:NE.EXP.GNFS.ZS:CYP,2023-12-31,96.3899707005315
WDI:NE.EXP.GNFS.ZS:CYP,2024-12-31,97.0202359384563
WDI:NE.EXP.GNFS.ZS:CYP,2025-12-31,97.5738320583018
WDI:NE.EXP.GNFS.ZS:CZE,1990-12-31,32.69151264757475
WDI:NE.EXP.GNFS.ZS:CZE,1991-12-31,38.15791136821686
WDI:NE.EXP.GNFS.ZS:CZE,1992-12-31,39.57890868244767
WDI:NE.EXP.GNFS.ZS:CZE,1993-12-31,39.65765928581229
WDI:NE.EXP.GNFS.ZS:CZE,1994-12-31,36.83713572068418
WDI:NE.EXP.GNFS.ZS:CZE,1995-12-31,39.92843950980069
WDI:NE.EXP.GNFS.ZS:CZE,1996-12-31,37.89903703011481
WDI:NE.EXP.GNFS.ZS:CZE,1997-12-31,40.01809906362063
WDI:NE.EXP.GNFS.ZS:CZE,1998-12-31,41.81380839178121
WDI:NE.EXP.GNFS.ZS:CZE,1999-12-31,42.490787398970134
WDI:NE.EXP.GNFS.ZS:CZE,2000-12-31,47.82222777847231
WDI:NE.EXP.GNFS.ZS:CZE,2001-12-31,48.621841398316235
WDI:NE.EXP.GNFS.ZS:CZE,2002-12-31,44.77974579824631
WDI:NE.EXP.GNFS.ZS:CZE,2003-12-31,46.567323062956795
WDI:NE.EXP.GNFS.ZS:CZE,2004-12-31,56.899478168274456
WDI:NE.EXP.GNFS.ZS:CZE,2005-12-31,61.75886644733622
WDI:NE.EXP.GNFS.ZS:CZE,2006-12-31,64.88698257234894
WDI:NE.EXP.GNFS.ZS:CZE,2007-12-31,66.15054235188296
WDI:NE.EXP.GNFS.ZS:CZE,2008-12-31,63.034220634025864
WDI:NE.EXP.GNFS.ZS:CZE,2009-12-31,58.47578446865484
WDI:NE.EXP.GNFS.ZS:CZE,2010-12-31,64.89159801554791
WDI:NE.EXP.GNFS.ZS:CZE,2011-12-31,70.25063761261234
WDI:NE.EXP.GNFS.ZS:CZE,2012-12-31,75.10481047672559
WDI:NE.EXP.GNFS.ZS:CZE,2013-12-31,75.5803954463061
WDI:NE.EXP.GNFS.ZS:CZE,2014-12-31,81.35103521226974
WDI:NE.EXP.GNFS.ZS:CZE,2015-12-31,80.01256714317621
WDI:NE.EXP.GNFS.ZS:CZE,2016-12-31,78.10833300640302
WDI:NE.EXP.GNFS.ZS:CZE,2017-12-31,77.68443262312756
WDI:NE.EXP.GNFS.ZS:CZE,2018-12-31,75.60978148655907
WDI:NE.EXP.GNFS.ZS:CZE,2019-12-31,72.12485113864818
WDI:NE.EXP.GNFS.ZS:CZE,2020-12-31,67.76097323447348
WDI:NE.EXP.GNFS.ZS:CZE,2021-12-31,70.55004514284401
WDI:NE.EXP.GNFS.ZS:CZE,2022-12-31,72.40942814280884
WDI:NE.EXP.GNFS.ZS:CZE,2023-12-31,68.4031069284452
WDI:NE.EXP.GNFS.ZS:CZE,2024-12-31,68.8585282145125
WDI:NE.EXP.GNFS.ZS:CZE,2025-12-31,66.9450959346234
WDI:NE.EXP.GNFS.ZS:DEU,1970-12-31,15.065289709479698
WDI:NE.EXP.GNFS.ZS:DEU,1971-12-31,14.49934153539269
WDI:NE.EXP.GNFS.ZS:DEU,1972-12-31,14.492267547689345
WDI:NE.EXP.GNFS.ZS:DEU,1973-12-31,15.291102230012187
WDI:NE.EXP.GNFS.ZS:DEU,1974-12-31,18.160778666256245
WDI:NE.EXP.GNFS.ZS:DEU,1975-12-31,17.03914158585274
WDI:NE.EXP.GNFS.ZS:DEU,1976-12-31,17.996192330094818
WDI:NE.EXP.GNFS.ZS:DEU,1977-12-31,17.904823796026022
WDI:NE.EXP.GNFS.ZS:DEU,1978-12-31,17.56304415166938
WDI:NE.EXP.GNFS.ZS:DEU,1979-12-31,17.75013900374517
WDI:NE.EXP.GNFS.ZS:DEU,1980-12-31,18.543410933796505
WDI:NE.EXP.GNFS.ZS:DEU,1981-12-31,20.050697192692052
WDI:NE.EXP.GNFS.ZS:DEU,1982-12-31,20.782798378580438
WDI:NE.EXP.GNFS.ZS:DEU,1983-12-31,20.20661400556118
WDI:NE.EXP.GNFS.ZS:DEU,1984-12-31,21.63478328964953
WDI:NE.EXP.GNFS.ZS:DEU,1985-12-31,22.84314786578711
WDI:NE.EXP.GNFS.ZS:DEU,1986-12-31,21.198187068483158
WDI:NE.EXP.GNFS.ZS:DEU,1987-12-31,20.596603960033395
WDI:NE.EXP.GNFS.ZS:DEU,1988-12-31,21.00195883842491
WDI:NE.EXP.GNFS.ZS:DEU,1989-12-31,22.206435878534474
WDI:NE.EXP.GNFS.ZS:DEU,1990-12-31,22.740411776850294
WDI:NE.EXP.GNFS.ZS:DEU,1991-12-31,23.566011774241176
WDI:NE.EXP.GNFS.ZS:DEU,1992-12-31,22.089549620151004
WDI:NE.EXP.GNFS.ZS:DEU,1993-12-31,19.879021703256058
WDI:NE.EXP.GNFS.ZS:DEU,1994-12-31,20.605706140303152
WDI:NE.EXP.GNFS.ZS:DEU,1995-12-31,21.481528266830882
WDI:NE.EXP.GNFS.ZS:DEU,1996-12-31,22.28216907952047
WDI:NE.EXP.GNFS.ZS:DEU,1997-12-31,24.70139997356622
WDI:NE.EXP.GNFS.ZS:DEU,1998-12-31,25.660160905103567
WDI:NE.EXP.GNFS.ZS:DEU,1999-12-31,26.029876181856693
WDI:NE.EXP.GNFS.ZS:DEU,2000-12-31,29.680653249814526
WDI:NE.EXP.GNFS.ZS:DEU,2001-12-31,30.56041138130656
WDI:NE.EXP.GNFS.ZS:DEU,2002-12-31,31.190450489349452
WDI:NE.EXP.GNFS.ZS:DEU,2003-12-31,31.26784510958091
WDI:NE.EXP.GNFS.ZS:DEU,2004-12-31,33.935212643477655
WDI:NE.EXP.GNFS.ZS:DEU,2005-12-31,35.95314979081657
WDI:NE.EXP.GNFS.ZS:DEU,2006-12-31,38.96944991715372
WDI:NE.EXP.GNFS.ZS:DEU,2007-12-31,40.636805626578344
WDI:NE.EXP.GNFS.ZS:DEU,2008-12-31,40.94887381820429
WDI:NE.EXP.GNFS.ZS:DEU,2009-12-31,35.454516293299434
WDI:NE.EXP.GNFS.ZS:DEU,2010-12-31,39.49534654298234
WDI:NE.EXP.GNFS.ZS:DEU,2011-12-31,41.643628659111506
WDI:NE.EXP.GNFS.ZS:DEU,2012-12-31,42.68558343574062
WDI:NE.EXP.GNFS.ZS:DEU,2013-12-31,41.6802838324356
WDI:NE.EXP.GNFS.ZS:DEU,2014-12-31,41.693667552362726
WDI:NE.EXP.GNFS.ZS:DEU,2015-12-31,42.585397615183524
WDI:NE.EXP.GNFS.ZS:DEU,2016-12-31,41.63554195185919
WDI:NE.EXP.GNFS.ZS:DEU,2017-12-31,42.202957598159074
WDI:NE.EXP.GNFS.ZS:DEU,2018-12-31,42.496891407471686
WDI:NE.EXP.GNFS.ZS:DEU,2019-12-31,42.34024448163561
WDI:NE.EXP.GNFS.ZS:DEU,2020-12-31,39.11980688088283
WDI:NE.EXP.GNFS.ZS:DEU,2021-12-31,42.51983792914288
WDI:NE.EXP.GNFS.ZS:DEU,2022-12-31,45.62840434251853
WDI:NE.EXP.GNFS.ZS:DEU,2023-12-31,42.9672624196847
WDI:NE.EXP.GNFS.ZS:DEU,2024-12-31,41.4340593720908
WDI:NE.EXP.GNFS.ZS:DEU,2025-12-31,40.4347738545071
WDI:NE.EXP.GNFS.ZS:DJI,2013-12-31,156.41410249353223
WDI:NE.EXP.GNFS.ZS:DJI,2014-12-31,157.94932784160304
WDI:NE.EXP.GNFS.ZS:DJI,2015-12-31,145.4213074801046
WDI:NE.EXP.GNFS.ZS:DJI,2016-12-31,103.76402511209291
WDI:NE.EXP.GNFS.ZS:DJI,2017-12-31,150.09836147049361
WDI:NE.EXP.GNFS.ZS:DJI,2018-12-31,156.61998652227186
WDI:NE.EXP.GNFS.ZS:DJI,2019-12-31,166.71786448138434
WDI:NE.EXP.GNFS.ZS:DJI,2020-12-31,117.13485403547598
WDI:NE.EXP.GNFS.ZS:DJI,2021-12-31,142.72819397409452
WDI:NE.EXP.GNFS.ZS:DJI,2022-12-31,159.2507355288076
WDI:NE.EXP.GNFS.ZS:DJI,2023-12-31,150.741322598259
WDI:NE.EXP.GNFS.ZS:DJI,2024-12-31,126.415267144255
WDI:NE.EXP.GNFS.ZS:DJI,2025-12-31,110.493588636595
WDI:NE.EXP.GNFS.ZS:DNK,1966-12-31,28.041373405101872
WDI:NE.EXP.GNFS.ZS:DNK,1967-12-31,26.73701969685313
WDI:NE.EXP.GNFS.ZS:DNK,1968-12-31,26.971669356946798
WDI:NE.EXP.GNFS.ZS:DNK,1969-12-31,26.71750289784509
WDI:NE.EXP.GNFS.ZS:DNK,1970-12-31,27.1510308678265
WDI:NE.EXP.GNFS.ZS:DNK,1971-12-31,26.82388353706711
WDI:NE.EXP.GNFS.ZS:DNK,1972-12-31,26.408298728373573
WDI:NE.EXP.GNFS.ZS:DNK,1973-12-31,27.984498898932365
WDI:NE.EXP.GNFS.ZS:DNK,1974-12-31,30.687515849406427
WDI:NE.EXP.GNFS.ZS:DNK,1975-12-31,29.410519981204146
WDI:NE.EXP.GNFS.ZS:DNK,1976-12-31,28.28371861580523
WDI:NE.EXP.GNFS.ZS:DNK,1977-12-31,28.399044618050034
WDI:NE.EXP.GNFS.ZS:DNK,1978-12-31,27.437589774667813
WDI:NE.EXP.GNFS.ZS:DNK,1979-12-31,29.22187102867568
WDI:NE.EXP.GNFS.ZS:DNK,1980-12-31,32.64800906478806
WDI:NE.EXP.GNFS.ZS:DNK,1981-12-31,36.32097762744822
WDI:NE.EXP.GNFS.ZS:DNK,1982-12-31,36.069867906908186
WDI:NE.EXP.GNFS.ZS:DNK,1983-12-31,36.10805536065492
WDI:NE.EXP.GNFS.ZS:DNK,1984-12-31,36.43841713041149
WDI:NE.EXP.GNFS.ZS:DNK,1985-12-31,36.55138857328366
WDI:NE.EXP.GNFS.ZS:DNK,1986-12-31,32.42062573066953
WDI:NE.EXP.GNFS.ZS:DNK,1987-12-31,31.770858857284722
WDI:NE.EXP.GNFS.ZS:DNK,1988-12-31,33.61939503230582
WDI:NE.EXP.GNFS.ZS:DNK,1989-12-31,35.45055315939661
WDI:NE.EXP.GNFS.ZS:DNK,1990-12-31,36.43094120981959
WDI:NE.EXP.GNFS.ZS:DNK,1991-12-31,37.69443869942111
WDI:NE.EXP.GNFS.ZS:DNK,1992-12-31,36.94210110161292
WDI:NE.EXP.GNFS.ZS:DNK,1993-12-31,36.58775795587771
WDI:NE.EXP.GNFS.ZS:DNK,1994-12-31,36.885984335217756
WDI:NE.EXP.GNFS.ZS:DNK,1995-12-31,36.64333058422166
WDI:NE.EXP.GNFS.ZS:DNK,1996-12-31,37.09727550273583
WDI:NE.EXP.GNFS.ZS:DNK,1997-12-31,37.82744404122245
WDI:NE.EXP.GNFS.ZS:DNK,1998-12-31,37.21070819009326
WDI:NE.EXP.GNFS.ZS:DNK,1999-12-31,39.36557241895849
WDI:NE.EXP.GNFS.ZS:DNK,2000-12-31,44.878683583368556
WDI:NE.EXP.GNFS.ZS:DNK,2001-12-31,45.52958624008651
WDI:NE.EXP.GNFS.ZS:DNK,2002-12-31,45.665355350686205
WDI:NE.EXP.GNFS.ZS:DNK,2003-12-31,43.773147164624774
WDI:NE.EXP.GNFS.ZS:DNK,2004-12-31,43.82154480892099
WDI:NE.EXP.GNFS.ZS:DNK,2005-12-31,47.375121234654515
WDI:NE.EXP.GNFS.ZS:DNK,2006-12-31,50.68436612932018
WDI:NE.EXP.GNFS.ZS:DNK,2007-12-31,51.39748723485821
WDI:NE.EXP.GNFS.ZS:DNK,2008-12-31,53.97091872809205
WDI:NE.EXP.GNFS.ZS:DNK,2009-12-31,46.99890975462925
WDI:NE.EXP.GNFS.ZS:DNK,2010-12-31,50.59078053563384
WDI:NE.EXP.GNFS.ZS:DNK,2011-12-31,54.08362724724024
WDI:NE.EXP.GNFS.ZS:DNK,2012-12-31,55.08084260585753
WDI:NE.EXP.GNFS.ZS:DNK,2013-12-31,54.9209092360852
WDI:NE.EXP.GNFS.ZS:DNK,2014-12-31,54.83340375148427
WDI:NE.EXP.GNFS.ZS:DNK,2015-12-31,55.81432157338582
WDI:NE.EXP.GNFS.ZS:DNK,2016-12-31,53.743952898517264
WDI:NE.EXP.GNFS.ZS:DNK,2017-12-31,55.34595156137364
WDI:NE.EXP.GNFS.ZS:DNK,2018-12-31,56.98336838073856
WDI:NE.EXP.GNFS.ZS:DNK,2019-12-31,58.95060791671669
WDI:NE.EXP.GNFS.ZS:DNK,2020-12-31,55.03689732445144
WDI:NE.EXP.GNFS.ZS:DNK,2021-12-31,59.207347871595736
WDI:NE.EXP.GNFS.ZS:DNK,2022-12-31,70.7552148776405
WDI:NE.EXP.GNFS.ZS:DNK,2023-12-31,69.3143620591443
WDI:NE.EXP.GNFS.ZS:DNK,2024-12-31,71.0020132043046
WDI:NE.EXP.GNFS.ZS:DNK,2025-12-31,70.117072547021
WDI:NE.EXP.GNFS.ZS:DOM,1960-12-31,25.594895417115744
WDI:NE.EXP.GNFS.ZS:DOM,1961-12-31,23.253318069616856
WDI:NE.EXP.GNFS.ZS:DOM,1962-12-31,23.868462565222668
WDI:NE.EXP.GNFS.ZS:DOM,1963-12-31,20.727043019456104
WDI:NE.EXP.GNFS.ZS:DOM,1964-12-31,19.695789751929578
WDI:NE.EXP.GNFS.ZS:DOM,1965-12-31,16.30447021731787
WDI:NE.EXP.GNFS.ZS:DOM,1966-12-31,16.34312430125013
WDI:NE.EXP.GNFS.ZS:DOM,1967-12-31,18.08078855817549
WDI:NE.EXP.GNFS.ZS:DOM,1968-12-31,18.487628579371698
WDI:NE.EXP.GNFS.ZS:DOM,1969-12-31,18.480292563998375
WDI:NE.EXP.GNFS.ZS:DOM,1970-12-31,17.953025513295184
WDI:NE.EXP.GNFS.ZS:DOM,1971-12-31,18.00984896489649
WDI:NE.EXP.GNFS.ZS:DOM,1972-12-31,21.276427291939218
WDI:NE.EXP.GNFS.ZS:DOM,1973-12-31,22.560786293074038
WDI:NE.EXP.GNFS.ZS:DOM,1974-12-31,25.61902823255973
WDI:NE.EXP.GNFS.ZS:DOM,1975-12-31,28.87882021004668
WDI:NE.EXP.GNFS.ZS:DOM,1976-12-31,22.294883360749083
WDI:NE.EXP.GNFS.ZS:DOM,1977-12-31,21.074541496806262
WDI:NE.EXP.GNFS.ZS:DOM,1978-12-31,18.646702222034474
WDI:NE.EXP.GNFS.ZS:DOM,1979-12-31,22.026452316869136
WDI:NE.EXP.GNFS.ZS:DOM,1980-12-31,20.345740626802538
WDI:NE.EXP.GNFS.ZS:DOM,1981-12-31,21.613551082485817
WDI:NE.EXP.GNFS.ZS:DOM,1982-12-31,16.439918958802043
WDI:NE.EXP.GNFS.ZS:DOM,1983-12-31,16.978146075092727
WDI:NE.EXP.GNFS.ZS:DOM,1984-12-31,21.73342301190271
WDI:NE.EXP.GNFS.ZS:DOM,1985-12-31,26.16301952642372
WDI:NE.EXP.GNFS.ZS:DOM,1986-12-31,22.939538375879465
WDI:NE.EXP.GNFS.ZS:DOM,1987-12-31,25.525495902444252
WDI:NE.EXP.GNFS.ZS:DOM,1988-12-31,34.48172021734829
WDI:NE.EXP.GNFS.ZS:DOM,1989-12-31,30.67167221003467
WDI:NE.EXP.GNFS.ZS:DOM,1990-12-31,30.61070790912303
WDI:NE.EXP.GNFS.ZS:DOM,1991-12-31,40.077973155229344
WDI:NE.EXP.GNFS.ZS:DOM,1992-12-31,36.80375031609557
WDI:NE.EXP.GNFS.ZS:DOM,1993-12-31,36.38933239754654
WDI:NE.EXP.GNFS.ZS:DOM,1994-12-31,36.20853991800653
WDI:NE.EXP.GNFS.ZS:DOM,1995-12-31,35.22672162241663
WDI:NE.EXP.GNFS.ZS:DOM,1996-12-31,34.88670972567521
WDI:NE.EXP.GNFS.ZS:DOM,1997-12-31,35.2222875438087
WDI:NE.EXP.GNFS.ZS:DOM,1998-12-31,34.309884279100004
WDI:NE.EXP.GNFS.ZS:DOM,1999-12-31,34.98110210746652
WDI:NE.EXP.GNFS.ZS:DOM,2000-12-31,35.497825141764174
WDI:NE.EXP.GNFS.ZS:DOM,2001-12-31,31.890620088626743
WDI:NE.EXP.GNFS.ZS:DOM,2002-12-31,30.72401015558903
WDI:NE.EXP.GNFS.ZS:DOM,2003-12-31,42.15299816027078
WDI:NE.EXP.GNFS.ZS:DOM,2004-12-31,41.14747664188534
WDI:NE.EXP.GNFS.ZS:DOM,2005-12-31,28.3311381514539
WDI:NE.EXP.GNFS.ZS:DOM,2006-12-31,28.22491626919468
WDI:NE.EXP.GNFS.ZS:DOM,2007-12-31,26.762022011961196
WDI:NE.EXP.GNFS.ZS:DOM,2008-12-31,23.948351501527267
WDI:NE.EXP.GNFS.ZS:DOM,2009-12-31,21.09318261031631
WDI:NE.EXP.GNFS.ZS:DOM,2010-12-31,22.775118616548795
WDI:NE.EXP.GNFS.ZS:DOM,2011-12-31,24.326960214138147
WDI:NE.EXP.GNFS.ZS:DOM,2012-12-31,24.766621399390555
WDI:NE.EXP.GNFS.ZS:DOM,2013-12-31,25.3838177066263
WDI:NE.EXP.GNFS.ZS:DOM,2014-12-31,25.4069026925032
WDI:NE.EXP.GNFS.ZS:DOM,2015-12-31,24.036834723654284
WDI:NE.EXP.GNFS.ZS:DOM,2016-12-31,24.193867038629165
WDI:NE.EXP.GNFS.ZS:DOM,2017-12-31,24.17975196380343
WDI:NE.EXP.GNFS.ZS:DOM,2018-12-31,23.99308964376905
WDI:NE.EXP.GNFS.ZS:DOM,2019-12-31,23.325332586795007
WDI:NE.EXP.GNFS.ZS:DOM,2020-12-31,18.797207241504797
WDI:NE.EXP.GNFS.ZS:DOM,2021-12-31,21.528299798604344
WDI:NE.EXP.GNFS.ZS:DOM,2022-12-31,22.026186619824056
WDI:NE.EXP.GNFS.ZS:DOM,2023-12-31,21.3233165320401
WDI:NE.EXP.GNFS.ZS:DOM,2024-12-31,22.7679273981921
WDI:NE.EXP.GNFS.ZS:DOM,2025-12-31,23.6399210081098
WDI:NE.EXP.GNFS.ZS:DZA,1960-12-31,39.04317259501805
WDI:NE.EXP.GNFS.ZS:DZA,1961-12-31,46.24455688890546
WDI:NE.EXP.GNFS.ZS:DZA,1962-12-31,19.793872675119967
WDI:NE.EXP.GNFS.ZS:DZA,1963-12-31,24.68468205451112
WDI:NE.EXP.GNFS.ZS:DZA,1964-12-31,25.08405872792659
WDI:NE.EXP.GNFS.ZS:DZA,1965-12-31,22.603943556325458
WDI:NE.EXP.GNFS.ZS:DZA,1966-12-31,25.986197517809074
WDI:NE.EXP.GNFS.ZS:DZA,1967-12-31,23.434416768712037
WDI:NE.EXP.GNFS.ZS:DZA,1968-12-31,23.13563460335874
WDI:NE.EXP.GNFS.ZS:DZA,1969-12-31,23.78877682429611
WDI:NE.EXP.GNFS.ZS:DZA,1970-12-31,22.07273340054245
WDI:NE.EXP.GNFS.ZS:DZA,1971-12-31,18.44251915413979
WDI:NE.EXP.GNFS.ZS:DZA,1972-12-31,20.449561983245754
WDI:NE.EXP.GNFS.ZS:DZA,1973-12-31,25.503663001274425
WDI:NE.EXP.GNFS.ZS:DZA,1974-12-31,38.74904361387276
WDI:NE.EXP.GNFS.ZS:DZA,1975-12-31,33.688936216292056
WDI:NE.EXP.GNFS.ZS:DZA,1976-12-31,33.0545839253536
WDI:NE.EXP.GNFS.ZS:DZA,1977-12-31,30.58656693011
WDI:NE.EXP.GNFS.ZS:DZA,1978-12-31,25.53583672127666
WDI:NE.EXP.GNFS.ZS:DZA,1979-12-31,31.148300205341616
WDI:NE.EXP.GNFS.ZS:DZA,1980-12-31,34.33846146578935
WDI:NE.EXP.GNFS.ZS:DZA,1981-12-31,34.58725077387212
WDI:NE.EXP.GNFS.ZS:DZA,1982-12-31,30.924856323020066
WDI:NE.EXP.GNFS.ZS:DZA,1983-12-31,27.94180611203484
WDI:NE.EXP.GNFS.ZS:DZA,1984-12-31,25.71001618198412
WDI:NE.EXP.GNFS.ZS:DZA,1985-12-31,23.583932888083353
WDI:NE.EXP.GNFS.ZS:DZA,1986-12-31,12.854757336127848
WDI:NE.EXP.GNFS.ZS:DZA,1987-12-31,14.272474725221555
WDI:NE.EXP.GNFS.ZS:DZA,1988-12-31,15.507867878641285
WDI:NE.EXP.GNFS.ZS:DZA,1989-12-31,18.639263335762692
WDI:NE.EXP.GNFS.ZS:DZA,1990-12-31,23.4436850828471
WDI:NE.EXP.GNFS.ZS:DZA,1991-12-31,29.11782217052003
WDI:NE.EXP.GNFS.ZS:DZA,1992-12-31,25.319594279343743
WDI:NE.EXP.GNFS.ZS:DZA,1993-12-31,21.783876996166395
WDI:NE.EXP.GNFS.ZS:DZA,1994-12-31,22.530725245238102
WDI:NE.EXP.GNFS.ZS:DZA,1995-12-31,26.19477597905593
WDI:NE.EXP.GNFS.ZS:DZA,1996-12-31,29.760448325184736
WDI:NE.EXP.GNFS.ZS:DZA,1997-12-31,30.906311379864466
WDI:NE.EXP.GNFS.ZS:DZA,1998-12-31,22.57835400980394
WDI:NE.EXP.GNFS.ZS:DZA,1999-12-31,28.15011311846898
WDI:NE.EXP.GNFS.ZS:DZA,2000-12-31,42.069717721341554
WDI:NE.EXP.GNFS.ZS:DZA,2001-12-31,34.12123139580178
WDI:NE.EXP.GNFS.ZS:DZA,2002-12-31,33.137164097500474
WDI:NE.EXP.GNFS.ZS:DZA,2003-12-31,35.66906352874318
WDI:NE.EXP.GNFS.ZS:DZA,2004-12-31,38.392959459367646
WDI:NE.EXP.GNFS.ZS:DZA,2005-12-31,44.37128289831401
WDI:NE.EXP.GNFS.ZS:DZA,2006-12-31,45.76413426820874
WDI:NE.EXP.GNFS.ZS:DZA,2007-12-31,44.72015566540203
WDI:NE.EXP.GNFS.ZS:DZA,2008-12-31,45.64718180580537
WDI:NE.EXP.GNFS.ZS:DZA,2009-12-31,32.58600627115181
WDI:NE.EXP.GNFS.ZS:DZA,2010-12-31,34.98822961491196
WDI:NE.EXP.GNFS.ZS:DZA,2011-12-31,35.98808640932591
WDI:NE.EXP.GNFS.ZS:DZA,2012-12-31,34.38279200150354
WDI:NE.EXP.GNFS.ZS:DZA,2013-12-31,30.79936492908932
WDI:NE.EXP.GNFS.ZS:DZA,2014-12-31,27.619486370587776
WDI:NE.EXP.GNFS.ZS:DZA,2015-12-31,20.528141681045497
WDI:NE.EXP.GNFS.ZS:DZA,2016-12-31,18.4866879717888
WDI:NE.EXP.GNFS.ZS:DZA,2017-12-31,20.333679517167518
WDI:NE.EXP.GNFS.ZS:DZA,2018-12-31,23.42310573890802
WDI:NE.EXP.GNFS.ZS:DZA,2019-12-31,20.407941949490993
WDI:NE.EXP.GNFS.ZS:DZA,2020-12-31,15.535201111619088
WDI:NE.EXP.GNFS.ZS:DZA,2021-12-31,23.444367290595082
WDI:NE.EXP.GNFS.ZS:DZA,2022-12-31,30.79155617633414
WDI:NE.EXP.GNFS.ZS:DZA,2023-12-31,23.7900604738163
WDI:NE.EXP.GNFS.ZS:DZA,2024-12-31,19.8523800653814
WDI:NE.EXP.GNFS.ZS:DZA,2025-12-31,16.8347751595565
WDI:NE.EXP.GNFS.ZS:EAP,1960-12-31,5.384452084549186
WDI:NE.EXP.GNFS.ZS:EAP,1961-12-31,5.404504563671946
WDI:NE.EXP.GNFS.ZS:EAP,1962-12-31,5.932670785469369
WDI:NE.EXP.GNFS.ZS:EAP,1963-12-31,6.275824097785816
WDI:NE.EXP.GNFS.ZS:EAP,1964-12-31,6.115561833305091
WDI:NE.EXP.GNFS.ZS:EAP,1965-12-31,5.923364379464689
WDI:NE.EXP.GNFS.ZS:EAP,1966-12-31,5.77549104911617
WDI:NE.EXP.GNFS.ZS:EAP,1967-12-31,5.792326382431631
WDI:NE.EXP.GNFS.ZS:EAP,1968-12-31,6.1639031086499445
WDI:NE.EXP.GNFS.ZS:EAP,1969-12-31,5.885444243916288
WDI:NE.EXP.GNFS.ZS:EAP,1970-12-31,5.722172334336177
WDI:NE.EXP.GNFS.ZS:EAP,1971-12-31,5.922332054388617
WDI:NE.EXP.GNFS.ZS:EAP,1972-12-31,6.532526749070411
WDI:NE.EXP.GNFS.ZS:EAP,1973-12-31,8.73018192615271
WDI:NE.EXP.GNFS.ZS:EAP,1974-12-31,11.793675016672728
WDI:NE.EXP.GNFS.ZS:EAP,1975-12-31,10.235583875263252
WDI:NE.EXP.GNFS.ZS:EAP,1976-12-31,11.471351816565424
WDI:NE.EXP.GNFS.ZS:EAP,1977-12-31,11.827368203978747
WDI:NE.EXP.GNFS.ZS:EAP,1978-12-31,14.342951887658542
WDI:NE.EXP.GNFS.ZS:EAP,1979-12-31,16.846231756688987
WDI:NE.EXP.GNFS.ZS:EAP,1980-12-31,19.401624309652856
WDI:NE.EXP.GNFS.ZS:EAP,1981-12-31,19.819067616023414
WDI:NE.EXP.GNFS.ZS:EAP,1982-12-31,17.59409275301777
WDI:NE.EXP.GNFS.ZS:EAP,1983-12-31,17.533786221072933
WDI:NE.EXP.GNFS.ZS:EAP,1984-12-31,17.873521806581216
WDI:NE.EXP.GNFS.ZS:EAP,1985-12-31,15.659721512732103
WDI:NE.EXP.GNFS.ZS:EAP,1986-12-31,15.257481285130115
WDI:NE.EXP.GNFS.ZS:EAP,1987-12-31,19.275336886289477
WDI:NE.EXP.GNFS.ZS:EAP,1988-12-31,21.372058316651138
WDI:NE.EXP.GNFS.ZS:EAP,1989-12-31,21.415228584019534
WDI:NE.EXP.GNFS.ZS:EAP,1990-12-31,23.28303306893327
WDI:NE.EXP.GNFS.ZS:EAP,1991-12-31,24.922719171745733
WDI:NE.EXP.GNFS.ZS:EAP,1992-12-31,26.114239959449254
WDI:NE.EXP.GNFS.ZS:EAP,1993-12-31,26.875931606466402
WDI:NE.EXP.GNFS.ZS:EAP,1994-12-31,28.263198538420742
WDI:NE.EXP.GNFS.ZS:EAP,1995-12-31,28.283893277041177
WDI:NE.EXP.GNFS.ZS:EAP,1996-12-31,27.730474381856222
WDI:NE.EXP.GNFS.ZS:EAP,1997-12-31,29.526180532733846
WDI:NE.EXP.GNFS.ZS:EAP,1998-12-31,30.243922667905586
WDI:NE.EXP.GNFS.ZS:EAP,1999-12-31,29.651674819578883
WDI:NE.EXP.GNFS.ZS:EAP,2000-12-31,32.99259197703145
WDI:NE.EXP.GNFS.ZS:EAP,2001-12-31,30.725043719647694
WDI:NE.EXP.GNFS.ZS:EAP,2002-12-31,31.49003202113572
WDI:NE.EXP.GNFS.ZS:EAP,2003-12-31,34.28435700484934
WDI:NE.EXP.GNFS.ZS:EAP,2004-12-31,37.94411939237145
WDI:NE.EXP.GNFS.ZS:EAP,2005-12-31,40.14677387472923
WDI:NE.EXP.GNFS.ZS:EAP,2006-12-31,41.21392288260585
WDI:NE.EXP.GNFS.ZS:EAP,2007-12-31,39.94255245574995
WDI:NE.EXP.GNFS.ZS:EAP,2008-12-31,37.106933762718
WDI:NE.EXP.GNFS.ZS:EAP,2009-12-31,28.946885092650444
WDI:NE.EXP.GNFS.ZS:EAP,2010-12-31,30.826645348012597
WDI:NE.EXP.GNFS.ZS:EAP,2011-12-31,30.42955907611094
WDI:NE.EXP.GNFS.ZS:EAP,2012-12-31,29.03265095686482
WDI:NE.EXP.GNFS.ZS:EAP,2013-12-31,27.937802657940953
WDI:NE.EXP.GNFS.ZS:EAP,2014-12-31,26.909676021375024
WDI:NE.EXP.GNFS.ZS:EAP,2015-12-31,24.61152196834213
WDI:NE.EXP.GNFS.ZS:EAP,2016-12-31,23.005250068977535
WDI:NE.EXP.GNFS.ZS:EAP,2017-12-31,23.44083689507356
WDI:NE.EXP.GNFS.ZS:EAP,2018-12-31,22.962919073797877
WDI:NE.EXP.GNFS.ZS:EAP,2019-12-31,22.048245561269976
WDI:NE.EXP.GNFS.ZS:EAP,2020-12-31,21.51167643379197
WDI:NE.EXP.GNFS.ZS:EAP,2021-12-31,23.080619665896247
WDI:NE.EXP.GNFS.ZS:EAP,2022-12-31,24.454019076592477
WDI:NE.EXP.GNFS.ZS:EAP,2023-12-31,23.3136635628917
WDI:NE.EXP.GNFS.ZS:EAP,2024-12-31,24.5618659870998
WDI:NE.EXP.GNFS.ZS:EAP,2025-12-31,25.5218884751343
WDI:NE.EXP.GNFS.ZS:EAR,1960-12-31,13.047322194806288
WDI:NE.EXP.GNFS.ZS:EAR,1961-12-31,12.739269612555995
WDI:NE.EXP.GNFS.ZS:EAR,1962-12-31,12.49728962683405
WDI:NE.EXP.GNFS.ZS:EAR,1963-12-31,12.919362257846098
WDI:NE.EXP.GNFS.ZS:EAR,1964-12-31,11.54537782719613
WDI:NE.EXP.GNFS.ZS:EAR,1965-12-31,11.126697125068109
WDI:NE.EXP.GNFS.ZS:EAR,1966-12-31,11.835893490347447
WDI:NE.EXP.GNFS.ZS:EAR,1967-12-31,11.81371613388561
WDI:NE.EXP.GNFS.ZS:EAR,1968-12-31,11.561772125397583
WDI:NE.EXP.GNFS.ZS:EAR,1969-12-31,11.16580017620663
WDI:NE.EXP.GNFS.ZS:EAR,1970-12-31,11.6262401056679
WDI:NE.EXP.GNFS.ZS:EAR,1971-12-31,12.23992638761695
WDI:NE.EXP.GNFS.ZS:EAR,1972-12-31,13.617035181760304
WDI:NE.EXP.GNFS.ZS:EAR,1973-12-31,17.345100687567548
WDI:NE.EXP.GNFS.ZS:EAR,1974-12-31,21.65719711065883
WDI:NE.EXP.GNFS.ZS:EAR,1975-12-31,20.59702114091923
WDI:NE.EXP.GNFS.ZS:EAR,1976-12-31,21.409671753907894
WDI:NE.EXP.GNFS.ZS:EAR,1977-12-31,21.3679757755076
WDI:NE.EXP.GNFS.ZS:EAR,1978-12-31,18.875354432968287
WDI:NE.EXP.GNFS.ZS:EAR,1979-12-31,21.847433070989307
WDI:NE.EXP.GNFS.ZS:EAR,1980-12-31,23.345956910442823
WDI:NE.EXP.GNFS.ZS:EAR,1981-12-31,22.41828374217664
WDI:NE.EXP.GNFS.ZS:EAR,1982-12-31,20.70087660822379
WDI:NE.EXP.GNFS.ZS:EAR,1983-12-31,18.84604931737921
WDI:NE.EXP.GNFS.ZS:EAR,1984-12-31,18.055048855121402
WDI:NE.EXP.GNFS.ZS:EAR,1985-12-31,16.802108456784627
WDI:NE.EXP.GNFS.ZS:EAR,1986-12-31,14.264962447804413
WDI:NE.EXP.GNFS.ZS:EAR,1987-12-31,16.319809240196165
WDI:NE.EXP.GNFS.ZS:EAR,1988-12-31,17.243162669197883
WDI:NE.EXP.GNFS.ZS:EAR,1989-12-31,18.69820052759481
WDI:NE.EXP.GNFS.ZS:EAR,1990-12-31,19.357385270139744
WDI:NE.EXP.GNFS.ZS:EAR,1991-12-31,19.04389995049378
WDI:NE.EXP.GNFS.ZS:EAR,1992-12-31,18.713646134840992
WDI:NE.EXP.GNFS.ZS:EAR,1993-12-31,17.952902274014846
WDI:NE.EXP.GNFS.ZS:EAR,1994-12-31,19.09462294124456
WDI:NE.EXP.GNFS.ZS:EAR,1995-12-31,21.46076286061668
WDI:NE.EXP.GNFS.ZS:EAR,1996-12-31,22.354975934604717
WDI:NE.EXP.GNFS.ZS:EAR,1997-12-31,22.3389018059245
WDI:NE.EXP.GNFS.ZS:EAR,1998-12-31,21.361703030183083
WDI:NE.EXP.GNFS.ZS:EAR,1999-12-31,21.8703395091285
WDI:NE.EXP.GNFS.ZS:EAR,2000-12-31,24.628874817130548
WDI:NE.EXP.GNFS.ZS:EAR,2001-12-31,23.467184204110016
WDI:NE.EXP.GNFS.ZS:EAR,2002-12-31,25.33490101033906
WDI:NE.EXP.GNFS.ZS:EAR,2003-12-31,26.087548397173848
WDI:NE.EXP.GNFS.ZS:EAR,2004-12-31,27.917037131655388
WDI:NE.EXP.GNFS.ZS:EAR,2005-12-31,29.589706674914385
WDI:NE.EXP.GNFS.ZS:EAR,2006-12-31,30.549162986643424
WDI:NE.EXP.GNFS.ZS:EAR,2007-12-31,29.83027426739504
WDI:NE.EXP.GNFS.ZS:EAR,2008-12-31,31.369827277425145
WDI:NE.EXP.GNFS.ZS:EAR,2009-12-31,25.99879235808295
WDI:NE.EXP.GNFS.ZS:EAR,2010-12-31,27.46624615492022
WDI:NE.EXP.GNFS.ZS:EAR,2011-12-31,29.068239824615656
WDI:NE.EXP.GNFS.ZS:EAR,2012-12-31,28.75211357396149
WDI:NE.EXP.GNFS.ZS:EAR,2013-12-31,28.245269900820368
WDI:NE.EXP.GNFS.ZS:EAR,2014-12-31,27.17200215323803
WDI:NE.EXP.GNFS.ZS:EAR,2015-12-31,23.861475737163897
WDI:NE.EXP.GNFS.ZS:EAR,2016-12-31,22.859500175045515
WDI:NE.EXP.GNFS.ZS:EAR,2017-12-31,23.76792668229643
WDI:NE.EXP.GNFS.ZS:EAR,2018-12-31,26.04740610311902
WDI:NE.EXP.GNFS.ZS:EAR,2019-12-31,24.958447160617936
WDI:NE.EXP.GNFS.ZS:EAR,2020-12-31,22.413275081299588
WDI:NE.EXP.GNFS.ZS:EAR,2021-12-31,25.632678751359638
WDI:NE.EXP.GNFS.ZS:EAR,2022-12-31,28.403520027056867
WDI:NE.EXP.GNFS.ZS:EAR,2023-12-31,26.1202493165318
WDI:NE.EXP.GNFS.ZS:EAR,2024-12-31,25.4738209677885
WDI:NE.EXP.GNFS.ZS:EAR,2025-12-31,25.6949153050205
WDI:NE.EXP.GNFS.ZS:EAS,1960-12-31,12.459324976150645
WDI:NE.EXP.GNFS.ZS:EAS,1961-12-31,11.726603062881995
WDI:NE.EXP.GNFS.ZS:EAS,1962-12-31,12.214957107659357
WDI:NE.EXP.GNFS.ZS:EAS,1963-12-31,12.148876775968933
WDI:NE.EXP.GNFS.ZS:EAS,1964-12-31,12.038358578140587
WDI:NE.EXP.GNFS.ZS:EAS,1965-12-31,11.461774461344133
WDI:NE.EXP.GNFS.ZS:EAS,1966-12-31,11.142467283098958
WDI:NE.EXP.GNFS.ZS:EAS,1967-12-31,10.937492632354854
WDI:NE.EXP.GNFS.ZS:EAS,1968-12-31,11.00476214102591
WDI:NE.EXP.GNFS.ZS:EAS,1969-12-31,10.923935050840772
WDI:NE.EXP.GNFS.ZS:EAS,1970-12-31,10.995323602799283
WDI:NE.EXP.GNFS.ZS:EAS,1971-12-31,11.685250990844398
WDI:NE.EXP.GNFS.ZS:EAS,1972-12-31,11.426699943517969
WDI:NE.EXP.GNFS.ZS:EAS,1973-12-31,12.135510968755419
WDI:NE.EXP.GNFS.ZS:EAS,1974-12-31,15.09249312545239
WDI:NE.EXP.GNFS.ZS:EAS,1975-12-31,14.198678413422613
WDI:NE.EXP.GNFS.ZS:EAS,1976-12-31,15.542720655030068
WDI:NE.EXP.GNFS.ZS:EAS,1977-12-31,15.371413704812415
WDI:NE.EXP.GNFS.ZS:EAS,1978-12-31,14.461856093969605
WDI:NE.EXP.GNFS.ZS:EAS,1979-12-31,15.869539802160531
WDI:NE.EXP.GNFS.ZS:EAS,1980-12-31,18.618768055815366
WDI:NE.EXP.GNFS.ZS:EAS,1981-12-31,19.27666882929773
WDI:NE.EXP.GNFS.ZS:EAS,1982-12-31,18.671107040465216
WDI:NE.EXP.GNFS.ZS:EAS,1983-12-31,18.271573333937262
WDI:NE.EXP.GNFS.ZS:EAS,1984-12-31,19.390766994151495
WDI:NE.EXP.GNFS.ZS:EAS,1985-12-31,18.49783741426265
WDI:NE.EXP.GNFS.ZS:EAS,1986-12-31,15.95954918012814
WDI:NE.EXP.GNFS.ZS:EAS,1987-12-31,16.30826549559395
WDI:NE.EXP.GNFS.ZS:EAS,1988-12-31,16.403768458816177
WDI:NE.EXP.GNFS.ZS:EAS,1989-12-31,17.06506141699646
WDI:NE.EXP.GNFS.ZS:EAS,1990-12-31,17.57368661663196
WDI:NE.EXP.GNFS.ZS:EAS,1991-12-31,17.571444017381772
WDI:NE.EXP.GNFS.ZS:EAS,1992-12-31,17.883859836060527
WDI:NE.EXP.GNFS.ZS:EAS,1993-12-31,17.505111242995646
WDI:NE.EXP.GNFS.ZS:EAS,1994-12-31,18.04072107209647
WDI:NE.EXP.GNFS.ZS:EAS,1995-12-31,18.756298404556468
WDI:NE.EXP.GNFS.ZS:EAS,1996-12-31,20.218270936508187
WDI:NE.EXP.GNFS.ZS:EAS,1997-12-31,22.237522157840242
WDI:NE.EXP.GNFS.ZS:EAS,1998-12-31,22.76317243964168
WDI:NE.EXP.GNFS.ZS:EAS,1999-12-31,21.538375378287032
WDI:NE.EXP.GNFS.ZS:EAS,2000-12-31,23.557961224939167
WDI:NE.EXP.GNFS.ZS:EAS,2001-12-31,23.39738998201939
WDI:NE.EXP.GNFS.ZS:EAS,2002-12-31,24.72431561365052
WDI:NE.EXP.GNFS.ZS:EAS,2003-12-31,26.26818616238365
WDI:NE.EXP.GNFS.ZS:EAS,2004-12-31,29.124102035778826
WDI:NE.EXP.GNFS.ZS:EAS,2005-12-31,31.467684552439206
WDI:NE.EXP.GNFS.ZS:EAS,2006-12-31,34.545989435614565
WDI:NE.EXP.GNFS.ZS:EAS,2007-12-31,36.00710536706461
WDI:NE.EXP.GNFS.ZS:EAS,2008-12-31,35.64451856056956
WDI:NE.EXP.GNFS.ZS:EAS,2009-12-31,29.031556140415965
WDI:NE.EXP.GNFS.ZS:EAS,2010-12-31,31.79207295766151
WDI:NE.EXP.GNFS.ZS:EAS,2011-12-31,32.336619096492576
WDI:NE.EXP.GNFS.ZS:EAS,2012-12-31,31.570635087714226
WDI:NE.EXP.GNFS.ZS:EAS,2013-12-31,32.04936671161446
WDI:NE.EXP.GNFS.ZS:EAS,2014-12-31,31.90359597926058
WDI:NE.EXP.GNFS.ZS:EAS,2015-12-31,29.80932622292381
WDI:NE.EXP.GNFS.ZS:EAS,2016-12-31,27.773833563086253
WDI:NE.EXP.GNFS.ZS:EAS,2017-12-31,28.77783836365574
WDI:NE.EXP.GNFS.ZS:EAS,2018-12-31,28.69847651854162
WDI:NE.EXP.GNFS.ZS:EAS,2019-12-31,27.50008544956486
WDI:NE.EXP.GNFS.ZS:EAS,2020-12-31,26.214429695511633
WDI:NE.EXP.GNFS.ZS:EAS,2021-12-31,28.574203265146043
WDI:NE.EXP.GNFS.ZS:EAS,2022-12-31,31.019334662907333
WDI:NE.EXP.GNFS.ZS:EAS,2023-12-31,29.6746080486877
WDI:NE.EXP.GNFS.ZS:EAS,2024-12-31,31.1220356381199
WDI:NE.EXP.GNFS.ZS:EAS,2025-12-31,32.5369215045494
WDI:NE.EXP.GNFS.ZS:ECA,1990-12-31,24.948071404877886
WDI:NE.EXP.GNFS.ZS:ECA,1991-12-31,23.209385340339836
WDI:NE.EXP.GNFS.ZS:ECA,1992-12-31,24.82210977311874
WDI:NE.EXP.GNFS.ZS:ECA,1993-12-31,21.908451928698813
WDI:NE.EXP.GNFS.ZS:ECA,1994-12-31,29.0312486998338
WDI:NE.EXP.GNFS.ZS:ECA,1995-12-31,25.107482343259726
WDI:NE.EXP.GNFS.ZS:ECA,1996-12-31,24.698371727282566
WDI:NE.EXP.GNFS.ZS:ECA,1997-12-31,25.87154147011836
WDI:NE.EXP.GNFS.ZS:ECA,1998-12-31,24.88853408874564
WDI:NE.EXP.GNFS.ZS:ECA,1999-12-31,24.18107298021929
WDI:NE.EXP.GNFS.ZS:ECA,2000-12-31,27.60003508403766
WDI:NE.EXP.GNFS.ZS:ECA,2001-12-31,32.952722738184804
WDI:NE.EXP.GNFS.ZS:ECA,2002-12-31,31.309778082553674
WDI:NE.EXP.GNFS.ZS:ECA,2003-12-31,30.33702786461017
WDI:NE.EXP.GNFS.ZS:ECA,2004-12-31,32.19924639679396
WDI:NE.EXP.GNFS.ZS:ECA,2005-12-31,30.40755198297753
WDI:NE.EXP.GNFS.ZS:ECA,2006-12-31,31.243385339431434
WDI:NE.EXP.GNFS.ZS:ECA,2007-12-31,31.097286801355583
WDI:NE.EXP.GNFS.ZS:ECA,2008-12-31,34.08140567146721
WDI:NE.EXP.GNFS.ZS:ECA,2009-12-31,30.75432780118016
WDI:NE.EXP.GNFS.ZS:ECA,2010-12-31,30.331418298999385
WDI:NE.EXP.GNFS.ZS:ECA,2011-12-31,34.17756680866847
WDI:NE.EXP.GNFS.ZS:ECA,2012-12-31,34.351629471114784
WDI:NE.EXP.GNFS.ZS:ECA,2013-12-31,31.827409781338016
WDI:NE.EXP.GNFS.ZS:ECA,2014-12-31,32.28292724420054
WDI:NE.EXP.GNFS.ZS:ECA,2015-12-31,29.554553095483122
WDI:NE.EXP.GNFS.ZS:ECA,2016-12-31,28.636457476038018
WDI:NE.EXP.GNFS.ZS:ECA,2017-12-31,31.85436379600846
WDI:NE.EXP.GNFS.ZS:ECA,2018-12-31,36.77504130443286
WDI:NE.EXP.GNFS.ZS:ECA,2019-12-31,36.72112881942288
WDI:NE.EXP.GNFS.ZS:ECA,2020-12-31,31.91529602328236
WDI:NE.EXP.GNFS.ZS:ECA,2021-12-31,37.45215640552757
WDI:NE.EXP.GNFS.ZS:ECA,2022-12-31,40.79887728237757
WDI:NE.EXP.GNFS.ZS:ECA,2023-12-31,35.0791932021449
WDI:NE.EXP.GNFS.ZS:ECA,2024-12-31,31.8354264583418
WDI:NE.EXP.GNFS.ZS:ECA,2025-12-31,29.0176419153296
WDI:NE.EXP.GNFS.ZS:ECS,1970-12-31,20.194955657698554
WDI:NE.EXP.GNFS.ZS:ECS,1971-12-31,20.2450773882402
WDI:NE.EXP.GNFS.ZS:ECS,1972-12-31,20.253215051904856
WDI:NE.EXP.GNFS.ZS:ECS,1973-12-31,21.341630103110496
WDI:NE.EXP.GNFS.ZS:ECS,1974-12-31,24.38848607368731
WDI:NE.EXP.GNFS.ZS:ECS,1975-12-31,22.76710360953296
WDI:NE.EXP.GNFS.ZS:ECS,1976-12-31,23.824590132719187
WDI:NE.EXP.GNFS.ZS:ECS,1977-12-31,24.275379678490047
WDI:NE.EXP.GNFS.ZS:ECS,1978-12-31,24.059348978174466
WDI:NE.EXP.GNFS.ZS:ECS,1979-12-31,24.581300074717653
WDI:NE.EXP.GNFS.ZS:ECS,1980-12-31,25.103985031379622
WDI:NE.EXP.GNFS.ZS:ECS,1981-12-31,26.36228425464018
WDI:NE.EXP.GNFS.ZS:ECS,1982-12-31,26.268868263351035
WDI:NE.EXP.GNFS.ZS:ECS,1983-12-31,26.494081380195
WDI:NE.EXP.GNFS.ZS:ECS,1984-12-31,28.217653087908833
WDI:NE.EXP.GNFS.ZS:ECS,1985-12-31,28.449070279081802
WDI:NE.EXP.GNFS.ZS:ECS,1986-12-31,25.507091005271924
WDI:NE.EXP.GNFS.ZS:ECS,1987-12-31,24.860002392132223
WDI:NE.EXP.GNFS.ZS:ECS,1988-12-31,24.89049450693032
WDI:NE.EXP.GNFS.ZS:ECS,1989-12-31,26.047695745088983
WDI:NE.EXP.GNFS.ZS:ECS,1990-12-31,25.46325461172482
WDI:NE.EXP.GNFS.ZS:ECS,1991-12-31,24.88814841835543
WDI:NE.EXP.GNFS.ZS:ECS,1992-12-31,27.285996939707363
WDI:NE.EXP.GNFS.ZS:ECS,1993-12-31,26.365042175573283
WDI:NE.EXP.GNFS.ZS:ECS,1994-12-31,27.282303316108504
WDI:NE.EXP.GNFS.ZS:ECS,1995-12-31,28.41382689944484
WDI:NE.EXP.GNFS.ZS:ECS,1996-12-31,28.654169808503177
WDI:NE.EXP.GNFS.ZS:ECS,1997-12-31,30.27944914093692
WDI:NE.EXP.GNFS.ZS:ECS,1998-12-31,30.635088059628764
WDI:NE.EXP.GNFS.ZS:ECS,1999-12-31,31.082462946085982
WDI:NE.EXP.GNFS.ZS:ECS,2000-12-31,34.40941892101898
WDI:NE.EXP.GNFS.ZS:ECS,2001-12-31,34.41278986593896
WDI:NE.EXP.GNFS.ZS:ECS,2002-12-31,33.576583870249664
WDI:NE.EXP.GNFS.ZS:ECS,2003-12-31,32.90964269005804
WDI:NE.EXP.GNFS.ZS:ECS,2004-12-31,34.18507611683783
WDI:NE.EXP.GNFS.ZS:ECS,2005-12-31,35.41386992624782
WDI:NE.EXP.GNFS.ZS:ECS,2006-12-31,37.21632367526209
WDI:NE.EXP.GNFS.ZS:ECS,2007-12-31,37.454952027532315
WDI:NE.EXP.GNFS.ZS:ECS,2008-12-31,38.48929667994499
WDI:NE.EXP.GNFS.ZS:ECS,2009-12-31,34.58613401711445
WDI:NE.EXP.GNFS.ZS:ECS,2010-12-31,37.71739844332223
WDI:NE.EXP.GNFS.ZS:ECS,2011-12-31,40.04866589180077
WDI:NE.EXP.GNFS.ZS:ECS,2012-12-31,40.62039461506341
WDI:NE.EXP.GNFS.ZS:ECS,2013-12-31,40.563137005098525
WDI:NE.EXP.GNFS.ZS:ECS,2014-12-31,40.8149407991463
WDI:NE.EXP.GNFS.ZS:ECS,2015-12-31,41.632470609900885
WDI:NE.EXP.GNFS.ZS:ECS,2016-12-31,41.67328541356625
WDI:NE.EXP.GNFS.ZS:ECS,2017-12-31,43.15863017547051
WDI:NE.EXP.GNFS.ZS:ECS,2018-12-31,44.6001417621995
WDI:NE.EXP.GNFS.ZS:ECS,2019-12-31,44.54159142317522
WDI:NE.EXP.GNFS.ZS:ECS,2020-12-31,41.92603045058488
WDI:NE.EXP.GNFS.ZS:ECS,2021-12-31,45.40278389066646
WDI:NE.EXP.GNFS.ZS:ECS,2022-12-31,49.785184170113865
WDI:NE.EXP.GNFS.ZS:ECS,2023-12-31,46.3165919722184
WDI:NE.EXP.GNFS.ZS:ECS,2024-12-31,44.7868134112805
WDI:NE.EXP.GNFS.ZS:ECS,2025-12-31,43.7131847710584
WDI:NE.EXP.GNFS.ZS:ECU,1960-12-31,9.547574610316586
WDI:NE.EXP.GNFS.ZS:ECU,1961-12-31,8.957492997160225
WDI:NE.EXP.GNFS.ZS:ECU,1962-12-31,10.241499501540211
WDI:NE.EXP.GNFS.ZS:ECU,1963-12-31,9.23332169307243
WDI:NE.EXP.GNFS.ZS:ECU,1964-12-31,8.900053900519216
WDI:NE.EXP.GNFS.ZS:ECU,1965-12-31,8.979657186542292
WDI:NE.EXP.GNFS.ZS:ECU,1966-12-31,10.485699989086319
WDI:NE.EXP.GNFS.ZS:ECU,1967-12-31,10.107186569982746
WDI:NE.EXP.GNFS.ZS:ECU,1968-12-31,11.042165596063144
WDI:NE.EXP.GNFS.ZS:ECU,1969-12-31,8.502945502182003
WDI:NE.EXP.GNFS.ZS:ECU,1970-12-31,9.441228157246853
WDI:NE.EXP.GNFS.ZS:ECU,1971-12-31,10.580406117185513
WDI:NE.EXP.GNFS.ZS:ECU,1972-12-31,12.407912173492523
WDI:NE.EXP.GNFS.ZS:ECU,1973-12-31,17.8780376822995
WDI:NE.EXP.GNFS.ZS:ECU,1974-12-31,22.65205054626252
WDI:NE.EXP.GNFS.ZS:ECU,1975-12-31,16.070893640775825
WDI:NE.EXP.GNFS.ZS:ECU,1976-12-31,16.035635944762326
WDI:NE.EXP.GNFS.ZS:ECU,1977-12-31,16.302876828283594
WDI:NE.EXP.GNFS.ZS:ECU,1978-12-31,14.731982706412392
WDI:NE.EXP.GNFS.ZS:ECU,1979-12-31,17.908078493992004
WDI:NE.EXP.GNFS.ZS:ECU,1980-12-31,17.148026488978342
WDI:NE.EXP.GNFS.ZS:ECU,1981-12-31,14.61784583633482
WDI:NE.EXP.GNFS.ZS:ECU,1982-12-31,14.65649111710165
WDI:NE.EXP.GNFS.ZS:ECU,1983-12-31,15.559614963864584
WDI:NE.EXP.GNFS.ZS:ECU,1984-12-31,17.376420398750433
WDI:NE.EXP.GNFS.ZS:ECU,1985-12-31,19.681370973265423
WDI:NE.EXP.GNFS.ZS:ECU,1986-12-31,15.629403475043091
WDI:NE.EXP.GNFS.ZS:ECU,1987-12-31,15.36608706650605
WDI:NE.EXP.GNFS.ZS:ECU,1988-12-31,19.005851001446462
WDI:NE.EXP.GNFS.ZS:ECU,1989-12-31,20.283048968717612
WDI:NE.EXP.GNFS.ZS:ECU,1990-12-31,22.76437202193045
WDI:NE.EXP.GNFS.ZS:ECU,1991-12-31,23.674583589050226
WDI:NE.EXP.GNFS.ZS:ECU,1992-12-31,24.133740141312305
WDI:NE.EXP.GNFS.ZS:ECU,1993-12-31,20.035840832134483
WDI:NE.EXP.GNFS.ZS:ECU,1994-12-31,20.279818070142998
WDI:NE.EXP.GNFS.ZS:ECU,1995-12-31,21.28690337217639
WDI:NE.EXP.GNFS.ZS:ECU,1996-12-31,22.273284687976176
WDI:NE.EXP.GNFS.ZS:ECU,1997-12-31,21.534926210669813
WDI:NE.EXP.GNFS.ZS:ECU,1998-12-31,17.891950866825713
WDI:NE.EXP.GNFS.ZS:ECU,1999-12-31,26.377541640247614
WDI:NE.EXP.GNFS.ZS:ECU,2000-12-31,37.55105975607913
WDI:NE.EXP.GNFS.ZS:ECU,2001-12-31,27.607133722819444
WDI:NE.EXP.GNFS.ZS:ECU,2002-12-31,25.71441687956956
WDI:NE.EXP.GNFS.ZS:ECU,2003-12-31,26.841773515617916
WDI:NE.EXP.GNFS.ZS:ECU,2004-12-31,29.09968865701091
WDI:NE.EXP.GNFS.ZS:ECU,2005-12-31,32.62714880457483
WDI:NE.EXP.GNFS.ZS:ECU,2006-12-31,35.701685167780745
WDI:NE.EXP.GNFS.ZS:ECU,2007-12-31,37.48243310134813
WDI:NE.EXP.GNFS.ZS:ECU,2008-12-31,40.276300871460414
WDI:NE.EXP.GNFS.ZS:ECU,2009-12-31,29.309628834542544
WDI:NE.EXP.GNFS.ZS:ECU,2010-12-31,32.48569517991351
WDI:NE.EXP.GNFS.ZS:ECU,2011-12-31,36.11336943935132
WDI:NE.EXP.GNFS.ZS:ECU,2012-12-31,34.83141081771563
WDI:NE.EXP.GNFS.ZS:ECU,2013-12-31,32.37526650782838
WDI:NE.EXP.GNFS.ZS:ECU,2014-12-31,31.355036694031806
WDI:NE.EXP.GNFS.ZS:ECU,2015-12-31,22.754485726599025
WDI:NE.EXP.GNFS.ZS:ECU,2016-12-31,20.53929115588997
WDI:NE.EXP.GNFS.ZS:ECU,2017-12-31,21.485587391276937
WDI:NE.EXP.GNFS.ZS:ECU,2018-12-31,23.543870134732696
WDI:NE.EXP.GNFS.ZS:ECU,2019-12-31,24.04863459857134
WDI:NE.EXP.GNFS.ZS:ECU,2020-12-31,23.283562164242387
WDI:NE.EXP.GNFS.ZS:ECU,2021-12-31,27.065975584002526
WDI:NE.EXP.GNFS.ZS:ECU,2022-12-31,30.92524569282866
WDI:NE.EXP.GNFS.ZS:ECU,2023-12-31,28.649536821321
WDI:NE.EXP.GNFS.ZS:ECU,2024-12-31,30.4978780132278
WDI:NE.EXP.GNFS.ZS:ECU,2025-12-31,31.438582119541
WDI:NE.EXP.GNFS.ZS:EGY,1960-12-31,19.86619333697433
WDI:NE.EXP.GNFS.ZS:EGY,1961-12-31,17.646307181190902
WDI:NE.EXP.GNFS.ZS:EGY,1962-12-31,15.052380077191692
WDI:NE.EXP.GNFS.ZS:EGY,1963-12-31,17.758857456742653
WDI:NE.EXP.GNFS.ZS:EGY,1964-12-31,18.398046398046397
WDI:NE.EXP.GNFS.ZS:EGY,1965-12-31,17.130876186272346
WDI:NE.EXP.GNFS.ZS:EGY,1966-12-31,16.33337422811107
WDI:NE.EXP.GNFS.ZS:EGY,1967-12-31,16.825785071800535
WDI:NE.EXP.GNFS.ZS:EGY,1968-12-31,11.799921228830248
WDI:NE.EXP.GNFS.ZS:EGY,1969-12-31,13.452831589104134
WDI:NE.EXP.GNFS.ZS:EGY,1970-12-31,13.568215892053972
WDI:NE.EXP.GNFS.ZS:EGY,1971-12-31,13.241698018188819
WDI:NE.EXP.GNFS.ZS:EGY,1972-12-31,12.71023880348058
WDI:NE.EXP.GNFS.ZS:EGY,1973-12-31,13.535151363522644
WDI:NE.EXP.GNFS.ZS:EGY,1974-12-31,20.367410342421035
WDI:NE.EXP.GNFS.ZS:EGY,1975-12-31,18.167941808314175
WDI:NE.EXP.GNFS.ZS:EGY,1976-12-31,17.16731796080303
WDI:NE.EXP.GNFS.ZS:EGY,1977-12-31,21.586133814053767
WDI:NE.EXP.GNFS.ZS:EGY,1978-12-31,19.903170996335646
WDI:NE.EXP.GNFS.ZS:EGY,1979-12-31,26.492738457635717
WDI:NE.EXP.GNFS.ZS:EGY,1980-12-31,30.51463828733279
WDI:NE.EXP.GNFS.ZS:EGY,1981-12-31,30.961436324455
WDI:NE.EXP.GNFS.ZS:EGY,1982-12-31,26.333273957962238
WDI:NE.EXP.GNFS.ZS:EGY,1983-12-31,22.932330827067666
WDI:NE.EXP.GNFS.ZS:EGY,1984-12-31,20.569620253164558
WDI:NE.EXP.GNFS.ZS:EGY,1985-12-31,18.230563002680967
WDI:NE.EXP.GNFS.ZS:EGY,1986-12-31,13.83219954648526
WDI:NE.EXP.GNFS.ZS:EGY,1987-12-31,12.62135922330097
WDI:NE.EXP.GNFS.ZS:EGY,1988-12-31,17.37012987012987
WDI:NE.EXP.GNFS.ZS:EGY,1989-12-31,17.792207792207794
WDI:NE.EXP.GNFS.ZS:EGY,1990-12-31,20.354906054279752
WDI:NE.EXP.GNFS.ZS:EGY,1991-12-31,27.46666666666667
WDI:NE.EXP.GNFS.ZS:EGY,1992-12-31,28.396836808051763
WDI:NE.EXP.GNFS.ZS:EGY,1993-12-31,25.837628865979383
WDI:NE.EXP.GNFS.ZS:EGY,1994-12-31,22.57142857142857
WDI:NE.EXP.GNFS.ZS:EGY,1995-12-31,22.54901960784314
WDI:NE.EXP.GNFS.ZS:EGY,1996-12-31,20.74978204010462
WDI:NE.EXP.GNFS.ZS:EGY,1997-12-31,18.841669800676947
WDI:NE.EXP.GNFS.ZS:EGY,1998-12-31,16.214335421016006
WDI:NE.EXP.GNFS.ZS:EGY,1999-12-31,15.052015604681404
WDI:NE.EXP.GNFS.ZS:EGY,2000-12-31,16.201117318435752
WDI:NE.EXP.GNFS.ZS:EGY,2001-12-31,17.479788123780317
WDI:NE.EXP.GNFS.ZS:EGY,2002-12-31,18.316178411190286
WDI:NE.EXP.GNFS.ZS:EGY,2003-12-31,21.79640718562874
WDI:NE.EXP.GNFS.ZS:EGY,2004-12-31,28.229960848959408
WDI:NE.EXP.GNFS.ZS:EGY,2005-12-31,30.343546889507895
WDI:NE.EXP.GNFS.ZS:EGY,2006-12-31,29.949813825481623
WDI:NE.EXP.GNFS.ZS:EGY,2007-12-31,30.249731471535984
WDI:NE.EXP.GNFS.ZS:EGY,2008-12-31,33.04299274148521
WDI:NE.EXP.GNFS.ZS:EGY,2009-12-31,24.956822107081177
WDI:NE.EXP.GNFS.ZS:EGY,2010-12-31,21.349245814685894
WDI:NE.EXP.GNFS.ZS:EGY,2011-12-31,20.567427612865583
WDI:NE.EXP.GNFS.ZS:EGY,2012-12-31,16.396966620887323
WDI:NE.EXP.GNFS.ZS:EGY,2013-12-31,17.017845624596863
WDI:NE.EXP.GNFS.ZS:EGY,2014-12-31,14.244131455399062
WDI:NE.EXP.GNFS.ZS:EGY,2015-12-31,13.183845492859772
WDI:NE.EXP.GNFS.ZS:EGY,2016-12-31,10.345463940355797
WDI:NE.EXP.GNFS.ZS:EGY,2017-12-31,15.014086818567248
WDI:NE.EXP.GNFS.ZS:EGY,2018-12-31,17.984655608417984
WDI:NE.EXP.GNFS.ZS:EGY,2019-12-31,16.644031451036454
WDI:NE.EXP.GNFS.ZS:EGY,2020-12-31,12.47277573708676
WDI:NE.EXP.GNFS.ZS:EGY,2021-12-31,10.56115021536522
WDI:NE.EXP.GNFS.ZS:EGY,2022-12-31,15.087025820847943
WDI:NE.EXP.GNFS.ZS:EGY,2023-12-31,19.1060913405676
WDI:NE.EXP.GNFS.ZS:EGY,2024-12-31,16.3762422101126
WDI:NE.EXP.GNFS.ZS:EGY,2025-12-31,19.8200284513845
WDI:NE.EXP.GNFS.ZS:EMU,1970-12-31,19.068507031901465
WDI:NE.EXP.GNFS.ZS:EMU,1971-12-31,19.07923362432251
WDI:NE.EXP.GNFS.ZS:EMU,1972-12-31,19.389923070467667
WDI:NE.EXP.GNFS.ZS:EMU,1973-12-31,20.234018745906784
WDI:NE.EXP.GNFS.ZS:EMU,1974-12-31,23.27676095919327
WDI:NE.EXP.GNFS.ZS:EMU,1975-12-31,21.760435348999664
WDI:NE.EXP.GNFS.ZS:EMU,1976-12-31,22.780889450723507
WDI:NE.EXP.GNFS.ZS:EMU,1977-12-31,23.116236100543695
WDI:NE.EXP.GNFS.ZS:EMU,1978-12-31,22.909919626026888
WDI:NE.EXP.GNFS.ZS:EMU,1979-12-31,23.642887349209786
WDI:NE.EXP.GNFS.ZS:EMU,1980-12-31,23.98237052635551
WDI:NE.EXP.GNFS.ZS:EMU,1981-12-31,25.57214952099487
WDI:NE.EXP.GNFS.ZS:EMU,1982-12-31,25.47329486958883
WDI:NE.EXP.GNFS.ZS:EMU,1983-12-31,25.60460127463046
WDI:NE.EXP.GNFS.ZS:EMU,1984-12-31,27.2474973780728
WDI:NE.EXP.GNFS.ZS:EMU,1985-12-31,27.52817784658848
WDI:NE.EXP.GNFS.ZS:EMU,1986-12-31,24.660132848963553
WDI:NE.EXP.GNFS.ZS:EMU,1987-12-31,23.971158712576955
WDI:NE.EXP.GNFS.ZS:EMU,1988-12-31,24.376525427540376
WDI:NE.EXP.GNFS.ZS:EMU,1989-12-31,25.497009703168853
WDI:NE.EXP.GNFS.ZS:EMU,1990-12-31,25.113145087961126
WDI:NE.EXP.GNFS.ZS:EMU,1991-12-31,25.052911179077103
WDI:NE.EXP.GNFS.ZS:EMU,1992-12-31,24.755255865530113
WDI:NE.EXP.GNFS.ZS:EMU,1993-12-31,24.76074417960273
WDI:NE.EXP.GNFS.ZS:EMU,1994-12-31,26.167676861966903
WDI:NE.EXP.GNFS.ZS:EMU,1995-12-31,27.765618982463124
WDI:NE.EXP.GNFS.ZS:EMU,1996-12-31,28.136250068016462
WDI:NE.EXP.GNFS.ZS:EMU,1997-12-31,30.431407371533396
WDI:NE.EXP.GNFS.ZS:EMU,1998-12-31,31.020448105130598
WDI:NE.EXP.GNFS.ZS:EMU,1999-12-31,31.307416920837134
WDI:NE.EXP.GNFS.ZS:EMU,2000-12-31,35.01560114679943
WDI:NE.EXP.GNFS.ZS:EMU,2001-12-31,34.99925461834218
WDI:NE.EXP.GNFS.ZS:EMU,2002-12-31,34.36185226882527
WDI:NE.EXP.GNFS.ZS:EMU,2003-12-31,33.394607520975725
WDI:NE.EXP.GNFS.ZS:EMU,2004-12-31,34.87055336124899
WDI:NE.EXP.GNFS.ZS:EMU,2005-12-31,36.157394836966056
WDI:NE.EXP.GNFS.ZS:EMU,2006-12-31,38.05848336439715
WDI:NE.EXP.GNFS.ZS:EMU,2007-12-31,39.116597956495454
WDI:NE.EXP.GNFS.ZS:EMU,2008-12-31,39.4123586614933
WDI:NE.EXP.GNFS.ZS:EMU,2009-12-31,34.5283301321756
WDI:NE.EXP.GNFS.ZS:EMU,2010-12-31,38.42659366712971
WDI:NE.EXP.GNFS.ZS:EMU,2011-12-31,41.16640985999666
WDI:NE.EXP.GNFS.ZS:EMU,2012-12-31,42.799440249536424
WDI:NE.EXP.GNFS.ZS:EMU,2013-12-31,43.08035380247656
WDI:NE.EXP.GNFS.ZS:EMU,2014-12-31,43.63476223368105
WDI:NE.EXP.GNFS.ZS:EMU,2015-12-31,45.11194914389306
WDI:NE.EXP.GNFS.ZS:EMU,2016-12-31,44.69314760760771
WDI:NE.EXP.GNFS.ZS:EMU,2017-12-31,46.32010106979745
WDI:NE.EXP.GNFS.ZS:EMU,2018-12-31,47.10903359045188
WDI:NE.EXP.GNFS.ZS:EMU,2019-12-31,47.41246783352706
WDI:NE.EXP.GNFS.ZS:EMU,2020-12-31,44.67119608790216
WDI:NE.EXP.GNFS.ZS:EMU,2021-12-31,48.54832236573388
WDI:NE.EXP.GNFS.ZS:EMU,2022-12-31,53.943704582659
WDI:NE.EXP.GNFS.ZS:EMU,2023-12-31,50.3935458363716
WDI:NE.EXP.GNFS.ZS:EMU,2024-12-31,49.1960886882902
WDI:NE.EXP.GNFS.ZS:EMU,2025-12-31,48.5702603387684
WDI:NE.EXP.GNFS.ZS:ERI,1992-12-31,11.423606347464215
WDI:NE.EXP.GNFS.ZS:ERI,1993-12-31,30.556690918008666
WDI:NE.EXP.GNFS.ZS:ERI,1994-12-31,28.019662921348313
WDI:NE.EXP.GNFS.ZS:ERI,1995-12-31,22.38801935501311
WDI:NE.EXP.GNFS.ZS:ERI,1996-12-31,29.233770357936763
WDI:NE.EXP.GNFS.ZS:ERI,1997-12-31,29.614822787729683
WDI:NE.EXP.GNFS.ZS:ERI,1998-12-31,14.83448358919914
WDI:NE.EXP.GNFS.ZS:ERI,1999-12-31,9.534407549185437
WDI:NE.EXP.GNFS.ZS:ERI,2000-12-31,9.670620593508659
WDI:NE.EXP.GNFS.ZS:ERI,2001-12-31,10.80704035998024
WDI:NE.EXP.GNFS.ZS:ERI,2002-12-31,11.781180840280811
WDI:NE.EXP.GNFS.ZS:ERI,2003-12-31,6.442327833547921
WDI:NE.EXP.GNFS.ZS:ERI,2004-12-31,5.775398982391181
WDI:NE.EXP.GNFS.ZS:ERI,2005-12-31,6.165713320069193
WDI:NE.EXP.GNFS.ZS:ERI,2006-12-31,6.899509392147799
WDI:NE.EXP.GNFS.ZS:ERI,2007-12-31,5.771852583766157
WDI:NE.EXP.GNFS.ZS:ERI,2008-12-31,4.428756649237591
WDI:NE.EXP.GNFS.ZS:ERI,2009-12-31,4.528623859110888
WDI:NE.EXP.GNFS.ZS:ERI,2010-12-31,6.378376597868963
WDI:NE.EXP.GNFS.ZS:ERI,2011-12-31,18.154837256767056
WDI:NE.EXP.GNFS.ZS:ESP,1970-12-31,12.152307418689311
WDI:NE.EXP.GNFS.ZS:ESP,1971-12-31,13.03669644346791
WDI:NE.EXP.GNFS.ZS:ESP,1972-12-31,13.362934847535993
WDI:NE.EXP.GNFS.ZS:ESP,1973-12-31,13.345332654115527
WDI:NE.EXP.GNFS.ZS:ESP,1974-12-31,13.208226342822405
WDI:NE.EXP.GNFS.ZS:ESP,1975-12-31,12.397958786545173
WDI:NE.EXP.GNFS.ZS:ESP,1976-12-31,12.58936251458255
WDI:NE.EXP.GNFS.ZS:ESP,1977-12-31,13.275558774877252
WDI:NE.EXP.GNFS.ZS:ESP,1978-12-31,13.904382757806829
WDI:NE.EXP.GNFS.ZS:ESP,1979-12-31,13.728682579875997
WDI:NE.EXP.GNFS.ZS:ESP,1980-12-31,14.316373796513894
WDI:NE.EXP.GNFS.ZS:ESP,1981-12-31,16.31259935290165
WDI:NE.EXP.GNFS.ZS:ESP,1982-12-31,17.00749946177906
WDI:NE.EXP.GNFS.ZS:ESP,1983-12-31,19.10946153949272
WDI:NE.EXP.GNFS.ZS:ESP,1984-12-31,21.341188969986792
WDI:NE.EXP.GNFS.ZS:ESP,1985-12-31,20.90208621108945
WDI:NE.EXP.GNFS.ZS:ESP,1986-12-31,18.229895968389975
WDI:NE.EXP.GNFS.ZS:ESP,1987-12-31,17.756567688443408
WDI:NE.EXP.GNFS.ZS:ESP,1988-12-31,17.33375685986268
WDI:NE.EXP.GNFS.ZS:ESP,1989-12-31,16.63209347128429
WDI:NE.EXP.GNFS.ZS:ESP,1990-12-31,15.75294333645481
WDI:NE.EXP.GNFS.ZS:ESP,1991-12-31,15.788929150789127
WDI:NE.EXP.GNFS.ZS:ESP,1992-12-31,16.216522307442403
WDI:NE.EXP.GNFS.ZS:ESP,1993-12-31,17.740583982794508
WDI:NE.EXP.GNFS.ZS:ESP,1994-12-31,20.347489380002607
WDI:NE.EXP.GNFS.ZS:ESP,1995-12-31,21.866166658338024
WDI:NE.EXP.GNFS.ZS:ESP,1996-12-31,23.07310009694322
WDI:NE.EXP.GNFS.ZS:ESP,1997-12-31,25.716080474631532
WDI:NE.EXP.GNFS.ZS:ESP,1998-12-31,26.149877870757198
WDI:NE.EXP.GNFS.ZS:ESP,1999-12-31,26.389770883103008
WDI:NE.EXP.GNFS.ZS:ESP,2000-12-31,28.588922570413345
WDI:NE.EXP.GNFS.ZS:ESP,2001-12-31,27.876848541567394
WDI:NE.EXP.GNFS.ZS:ESP,2002-12-31,26.564267269894792
WDI:NE.EXP.GNFS.ZS:ESP,2003-12-31,25.61559170930492
WDI:NE.EXP.GNFS.ZS:ESP,2004-12-31,25.38825824739931
WDI:NE.EXP.GNFS.ZS:ESP,2005-12-31,24.94057893251103
WDI:NE.EXP.GNFS.ZS:ESP,2006-12-31,25.183486968843038
WDI:NE.EXP.GNFS.ZS:ESP,2007-12-31,25.92309712577062
WDI:NE.EXP.GNFS.ZS:ESP,2008-12-31,25.54780876494024
WDI:NE.EXP.GNFS.ZS:ESP,2009-12-31,22.985395949636064
WDI:NE.EXP.GNFS.ZS:ESP,2010-12-31,25.827813339893886
WDI:NE.EXP.GNFS.ZS:ESP,2011-12-31,29.388410109573403
WDI:NE.EXP.GNFS.ZS:ESP,2012-12-31,31.299736284272427
WDI:NE.EXP.GNFS.ZS:ESP,2013-12-31,32.755457016609924
WDI:NE.EXP.GNFS.ZS:ESP,2014-12-31,33.21933992910143
WDI:NE.EXP.GNFS.ZS:ESP,2015-12-31,33.29868495610388
WDI:NE.EXP.GNFS.ZS:ESP,2016-12-31,33.577032984940786
WDI:NE.EXP.GNFS.ZS:ESP,2017-12-31,34.90039520556844
WDI:NE.EXP.GNFS.ZS:ESP,2018-12-31,34.874813986253955
WDI:NE.EXP.GNFS.ZS:ESP,2019-12-31,34.675562929226054
WDI:NE.EXP.GNFS.ZS:ESP,2020-12-31,30.481024854456283
WDI:NE.EXP.GNFS.ZS:ESP,2021-12-31,33.757084325530116
WDI:NE.EXP.GNFS.ZS:ESP,2022-12-31,39.67168242768357
WDI:NE.EXP.GNFS.ZS:ESP,2023-12-31,37.8166476493913
WDI:NE.EXP.GNFS.ZS:ESP,2024-12-31,37.0558792721708
WDI:NE.EXP.GNFS.ZS:ESP,2025-12-31,36.6374813887545
WDI:NE.EXP.GNFS.ZS:EST,1993-12-31,64.12678127668528
WDI:NE.EXP.GNFS.ZS:EST,1994-12-31,69.09730481980658
WDI:NE.EXP.GNFS.ZS:EST,1995-12-31,65.90134741011966
WDI:NE.EXP.GNFS.ZS:EST,1996-12-31,61.27924955909967
WDI:NE.EXP.GNFS.ZS:EST,1997-12-31,70.3823658944387
WDI:NE.EXP.GNFS.ZS:EST,1998-12-31,73.63434580332525
WDI:NE.EXP.GNFS.ZS:EST,1999-12-31,69.86610792299902
WDI:NE.EXP.GNFS.ZS:EST,2000-12-31,61.627394317074305
WDI:NE.EXP.GNFS.ZS:EST,2001-12-31,61.29538897861809
WDI:NE.EXP.GNFS.ZS:EST,2002-12-31,57.939021497648014
WDI:NE.EXP.GNFS.ZS:EST,2003-12-31,57.14734209296681
WDI:NE.EXP.GNFS.ZS:EST,2004-12-31,61.06584520317202
WDI:NE.EXP.GNFS.ZS:EST,2005-12-31,65.4224930152567
WDI:NE.EXP.GNFS.ZS:EST,2006-12-31,63.25635466908768
WDI:NE.EXP.GNFS.ZS:EST,2007-12-31,62.59540891039798
WDI:NE.EXP.GNFS.ZS:EST,2008-12-31,66.38882473845176
WDI:NE.EXP.GNFS.ZS:EST,2009-12-31,60.861421816400764
WDI:NE.EXP.GNFS.ZS:EST,2010-12-31,75.04594090016082
WDI:NE.EXP.GNFS.ZS:EST,2011-12-31,86.26961752211837
WDI:NE.EXP.GNFS.ZS:EST,2012-12-31,85.3980903719718
WDI:NE.EXP.GNFS.ZS:EST,2013-12-31,83.45411063510116
WDI:NE.EXP.GNFS.ZS:EST,2014-12-31,80.58973522973567
WDI:NE.EXP.GNFS.ZS:EST,2015-12-31,76.03446023335047
WDI:NE.EXP.GNFS.ZS:EST,2016-12-31,75.47686216374548
WDI:NE.EXP.GNFS.ZS:EST,2017-12-31,74.3055583828982
WDI:NE.EXP.GNFS.ZS:EST,2018-12-31,72.90049515720878
WDI:NE.EXP.GNFS.ZS:EST,2019-12-31,72.01915435491976
WDI:NE.EXP.GNFS.ZS:EST,2020-12-31,68.15455340586762
WDI:NE.EXP.GNFS.ZS:EST,2021-12-31,79.6159088233408
WDI:NE.EXP.GNFS.ZS:EST,2022-12-31,87.4299380839503
WDI:NE.EXP.GNFS.ZS:EST,2023-12-31,77.7746597010983
WDI:NE.EXP.GNFS.ZS:EST,2024-12-31,75.6694833213142
WDI:NE.EXP.GNFS.ZS:EST,2025-12-31,78.3623550209044
WDI:NE.EXP.GNFS.ZS:ETH,2011-12-31,16.68685319973367
WDI:NE.EXP.GNFS.ZS:ETH,2012-12-31,13.767298199026257
WDI:NE.EXP.GNFS.ZS:ETH,2013-12-31,12.484073558976993
WDI:NE.EXP.GNFS.ZS:ETH,2014-12-31,11.641619909570307
WDI:NE.EXP.GNFS.ZS:ETH,2015-12-31,9.363313597359255
WDI:NE.EXP.GNFS.ZS:ETH,2016-12-31,7.812062582291397
WDI:NE.EXP.GNFS.ZS:ETH,2017-12-31,7.629374715250164
WDI:NE.EXP.GNFS.ZS:ETH,2018-12-31,8.372678155897606
WDI:NE.EXP.GNFS.ZS:ETH,2019-12-31,7.9399650245958435
WDI:NE.EXP.GNFS.ZS:ETH,2020-12-31,7.127199896688029
WDI:NE.EXP.GNFS.ZS:ETH,2021-12-31,7.631709191116013
WDI:NE.EXP.GNFS.ZS:ETH,2022-12-31,8.243960377989017
WDI:NE.EXP.GNFS.ZS:ETH,2023-12-31,6.59591829052029
WDI:NE.EXP.GNFS.ZS:ETH,2024-12-31,5.53927082166771
WDI:NE.EXP.GNFS.ZS:ETH,2025-12-31,13.2837545839474
WDI:NE.EXP.GNFS.ZS:EUU,1970-12-31,19.469551157610272
WDI:NE.EXP.GNFS.ZS:EUU,1971-12-31,19.480676752186827
WDI:NE.EXP.GNFS.ZS:EUU,1972-12-31,19.752897310235376
WDI:NE.EXP.GNFS.ZS:EUU,1973-12-31,20.721698809704584
WDI:NE.EXP.GNFS.ZS:EUU,1974-12-31,23.826411012257232
WDI:NE.EXP.GNFS.ZS:EUU,1975-12-31,22.22821379441099
WDI:NE.EXP.GNFS.ZS:EUU,1976-12-31,23.114756882722144
WDI:NE.EXP.GNFS.ZS:EUU,1977-12-31,23.40749086860587
WDI:NE.EXP.GNFS.ZS:EUU,1978-12-31,23.22157269309171
WDI:NE.EXP.GNFS.ZS:EUU,1979-12-31,24.039064976053123
WDI:NE.EXP.GNFS.ZS:EUU,1980-12-31,24.394404985265552
WDI:NE.EXP.GNFS.ZS:EUU,1981-12-31,25.959951968391582
WDI:NE.EXP.GNFS.ZS:EUU,1982-12-31,25.932873815259843
WDI:NE.EXP.GNFS.ZS:EUU,1983-12-31,26.197949383199
WDI:NE.EXP.GNFS.ZS:EUU,1984-12-31,27.807031448965745
WDI:NE.EXP.GNFS.ZS:EUU,1985-12-31,28.051410599923994
WDI:NE.EXP.GNFS.ZS:EUU,1986-12-31,25.19269004168001
WDI:NE.EXP.GNFS.ZS:EUU,1987-12-31,24.552405192947464
WDI:NE.EXP.GNFS.ZS:EUU,1988-12-31,24.962960105110245
WDI:NE.EXP.GNFS.ZS:EUU,1989-12-31,26.03188075608742
WDI:NE.EXP.GNFS.ZS:EUU,1990-12-31,25.615066614825547
WDI:NE.EXP.GNFS.ZS:EUU,1991-12-31,25.464337747288813
WDI:NE.EXP.GNFS.ZS:EUU,1992-12-31,25.214680974984866
WDI:NE.EXP.GNFS.ZS:EUU,1993-12-31,25.289681665494467
WDI:NE.EXP.GNFS.ZS:EUU,1994-12-31,26.697814146630122
WDI:NE.EXP.GNFS.ZS:EUU,1995-12-31,28.340226844132005
WDI:NE.EXP.GNFS.ZS:EUU,1996-12-31,28.67128794236205
WDI:NE.EXP.GNFS.ZS:EUU,1997-12-31,30.955783516190483
WDI:NE.EXP.GNFS.ZS:EUU,1998-12-31,31.557501325294535
WDI:NE.EXP.GNFS.ZS:EUU,1999-12-31,31.878720625798106
WDI:NE.EXP.GNFS.ZS:EUU,2000-12-31,35.59483671034629
WDI:NE.EXP.GNFS.ZS:EUU,2001-12-31,35.55777011837798
WDI:NE.EXP.GNFS.ZS:EUU,2002-12-31,34.93819034092229
WDI:NE.EXP.GNFS.ZS:EUU,2003-12-31,34.129846036094094
WDI:NE.EXP.GNFS.ZS:EUU,2004-12-31,35.72272515775346
WDI:NE.EXP.GNFS.ZS:EUU,2005-12-31,37.128488297743104
WDI:NE.EXP.GNFS.ZS:EUU,2006-12-31,39.192524727107596
WDI:NE.EXP.GNFS.ZS:EUU,2007-12-31,40.232756497514494
WDI:NE.EXP.GNFS.ZS:EUU,2008-12-31,40.56906187160977
WDI:NE.EXP.GNFS.ZS:EUU,2009-12-31,35.74615891398842
WDI:NE.EXP.GNFS.ZS:EUU,2010-12-31,39.688420322386136
WDI:NE.EXP.GNFS.ZS:EUU,2011-12-31,42.455572278514936
WDI:NE.EXP.GNFS.ZS:EUU,2012-12-31,44.006407272443916
WDI:NE.EXP.GNFS.ZS:EUU,2013-12-31,44.288008619962596
WDI:NE.EXP.GNFS.ZS:EUU,2014-12-31,44.90941141384776
WDI:NE.EXP.GNFS.ZS:EUU,2015-12-31,46.260900702695295
WDI:NE.EXP.GNFS.ZS:EUU,2016-12-31,45.90615301099947
WDI:NE.EXP.GNFS.ZS:EUU,2017-12-31,47.49899431628777
WDI:NE.EXP.GNFS.ZS:EUU,2018-12-31,48.28347004136188
WDI:NE.EXP.GNFS.ZS:EUU,2019-12-31,48.60598487162048
WDI:NE.EXP.GNFS.ZS:EUU,2020-12-31,45.84358291811001
WDI:NE.EXP.GNFS.ZS:EUU,2021-12-31,49.71717340360187
WDI:NE.EXP.GNFS.ZS:EUU,2022-12-31,55.29910380891621
WDI:NE.EXP.GNFS.ZS:EUU,2023-12-31,51.7580205118519
WDI:NE.EXP.GNFS.ZS:EUU,2024-12-31,50.3674760951217
WDI:NE.EXP.GNFS.ZS:EUU,2025-12-31,49.6067179750537
WDI:NE.EXP.GNFS.ZS:FCS,1989-12-31,30.4491498611895
WDI:NE.EXP.GNFS.ZS:FCS,1990-12-31,21.731110528564393
WDI:NE.EXP.GNFS.ZS:FCS,1991-12-31,23.917845629843047
WDI:NE.EXP.GNFS.ZS:FCS,1992-12-31,25.17252357962665
WDI:NE.EXP.GNFS.ZS:FCS,1993-12-31,24.92687124125833
WDI:NE.EXP.GNFS.ZS:FCS,1994-12-31,28.359562141781307
WDI:NE.EXP.GNFS.ZS:FCS,1995-12-31,24.540267517451028
WDI:NE.EXP.GNFS.ZS:FCS,1996-12-31,23.39413361646252
WDI:NE.EXP.GNFS.ZS:FCS,1997-12-31,24.614295488929113
WDI:NE.EXP.GNFS.ZS:FCS,1998-12-31,21.31264305876647
WDI:NE.EXP.GNFS.ZS:FCS,1999-12-31,34.85493210832802
WDI:NE.EXP.GNFS.ZS:FCS,2000-12-31,40.07144700496024
WDI:NE.EXP.GNFS.ZS:FCS,2001-12-31,33.54610915888846
WDI:NE.EXP.GNFS.ZS:FCS,2002-12-31,35.88014036796591
WDI:NE.EXP.GNFS.ZS:FCS,2003-12-31,36.41331158223647
WDI:NE.EXP.GNFS.ZS:FCS,2004-12-31,39.987626993812675
WDI:NE.EXP.GNFS.ZS:FCS,2005-12-31,40.05549241360909
WDI:NE.EXP.GNFS.ZS:FCS,2006-12-31,38.215928359159285
WDI:NE.EXP.GNFS.ZS:FCS,2007-12-31,36.68920470682297
WDI:NE.EXP.GNFS.ZS:FCS,2008-12-31,38.57218105582335
WDI:NE.EXP.GNFS.ZS:FCS,2009-12-31,28.506099465194968
WDI:NE.EXP.GNFS.ZS:FCS,2010-12-31,33.62774472211086
WDI:NE.EXP.GNFS.ZS:FCS,2011-12-31,32.29844367329827
WDI:NE.EXP.GNFS.ZS:FCS,2012-12-31,32.92137332467504
WDI:NE.EXP.GNFS.ZS:FCS,2013-12-31,29.16881278114068
WDI:NE.EXP.GNFS.ZS:FCS,2014-12-31,27.66752406045521
WDI:NE.EXP.GNFS.ZS:FCS,2015-12-31,22.7800306450117
WDI:NE.EXP.GNFS.ZS:FCS,2016-12-31,20.96493420241983
WDI:NE.EXP.GNFS.ZS:FCS,2017-12-31,24.804156640365463
WDI:NE.EXP.GNFS.ZS:FCS,2018-12-31,28.34641071419196
WDI:NE.EXP.GNFS.ZS:FCS,2019-12-31,23.186245383077857
WDI:NE.EXP.GNFS.ZS:FCS,2020-12-31,17.264797721931586
WDI:NE.EXP.GNFS.ZS:FCS,2021-12-31,23.69310820683806
WDI:NE.EXP.GNFS.ZS:FCS,2022-12-31,25.731855851776846
WDI:NE.EXP.GNFS.ZS:FCS,2023-12-31,25.10547038890657
WDI:NE.EXP.GNFS.ZS:FCS,2024-12-31,27.893534087309078
WDI:NE.EXP.GNFS.ZS:FIN,1970-12-31,23.86793317019093
WDI:NE.EXP.GNFS.ZS:FIN,1971-12-31,22.566082235317786
WDI:NE.EXP.GNFS.ZS:FIN,1972-12-31,23.651025876768752
WDI:NE.EXP.GNFS.ZS:FIN,1973-12-31,23.602143591688176
WDI:NE.EXP.GNFS.ZS:FIN,1974-12-31,25.67861579248984
WDI:NE.EXP.GNFS.ZS:FIN,1975-12-31,22.131636296717026
WDI:NE.EXP.GNFS.ZS:FIN,1976-12-31,23.544933723475236
WDI:NE.EXP.GNFS.ZS:FIN,1977-12-31,26.848904486739983
WDI:NE.EXP.GNFS.ZS:FIN,1978-12-31,27.85783891908558
WDI:NE.EXP.GNFS.ZS:FIN,1979-12-31,29.575942565826296
WDI:NE.EXP.GNFS.ZS:FIN,1980-12-31,30.819964349376118
WDI:NE.EXP.GNFS.ZS:FIN,1981-12-31,31.29187357137227
WDI:NE.EXP.GNFS.ZS:FIN,1982-12-31,28.881566647971585
WDI:NE.EXP.GNFS.ZS:FIN,1983-12-31,28.71417797888386
WDI:NE.EXP.GNFS.ZS:FIN,1984-12-31,29.495527861981213
WDI:NE.EXP.GNFS.ZS:FIN,1985-12-31,27.998282524688705
WDI:NE.EXP.GNFS.ZS:FIN,1986-12-31,25.65415789137788
WDI:NE.EXP.GNFS.ZS:FIN,1987-12-31,25.0066475610837
WDI:NE.EXP.GNFS.ZS:FIN,1988-12-31,23.9098410877472
WDI:NE.EXP.GNFS.ZS:FIN,1989-12-31,23.027388327355723
WDI:NE.EXP.GNFS.ZS:FIN,1990-12-31,22.14502440525922
WDI:NE.EXP.GNFS.ZS:FIN,1991-12-31,21.266093679886783
WDI:NE.EXP.GNFS.ZS:FIN,1992-12-31,25.54313212086901
WDI:NE.EXP.GNFS.ZS:FIN,1993-12-31,31.416890550169374
WDI:NE.EXP.GNFS.ZS:FIN,1994-12-31,34.074311056196635
WDI:NE.EXP.GNFS.ZS:FIN,1995-12-31,35.79945964612916
WDI:NE.EXP.GNFS.ZS:FIN,1996-12-31,36.35721780401463
WDI:NE.EXP.GNFS.ZS:FIN,1997-12-31,37.792062402946804
WDI:NE.EXP.GNFS.ZS:FIN,1998-12-31,37.45215102423794
WDI:NE.EXP.GNFS.ZS:FIN,1999-12-31,37.612697812243866
WDI:NE.EXP.GNFS.ZS:FIN,2000-12-31,42.04830407813119
WDI:NE.EXP.GNFS.ZS:FIN,2001-12-31,39.76820894387088
WDI:NE.EXP.GNFS.ZS:FIN,2002-12-31,39.147130153597416
WDI:NE.EXP.GNFS.ZS:FIN,2003-12-31,37.32944883135373
WDI:NE.EXP.GNFS.ZS:FIN,2004-12-31,38.619512287310776
WDI:NE.EXP.GNFS.ZS:FIN,2005-12-31,40.27850315183462
WDI:NE.EXP.GNFS.ZS:FIN,2006-12-31,43.083170871393776
WDI:NE.EXP.GNFS.ZS:FIN,2007-12-31,43.82895236262356
WDI:NE.EXP.GNFS.ZS:FIN,2008-12-31,44.90278142422511
WDI:NE.EXP.GNFS.ZS:FIN,2009-12-31,36.08330811346191
WDI:NE.EXP.GNFS.ZS:FIN,2010-12-31,38.41304937097057
WDI:NE.EXP.GNFS.ZS:FIN,2011-12-31,38.96739267916319
WDI:NE.EXP.GNFS.ZS:FIN,2012-12-31,38.93491301440278
WDI:NE.EXP.GNFS.ZS:FIN,2013-12-31,38.250195334574954
WDI:NE.EXP.GNFS.ZS:FIN,2014-12-31,36.80600422627578
WDI:NE.EXP.GNFS.ZS:FIN,2015-12-31,35.78157113496232
WDI:NE.EXP.GNFS.ZS:FIN,2016-12-31,35.33333024286449
WDI:NE.EXP.GNFS.ZS:FIN,2017-12-31,38.16631509617011
WDI:NE.EXP.GNFS.ZS:FIN,2018-12-31,39.14922058601583
WDI:NE.EXP.GNFS.ZS:FIN,2019-12-31,40.61831811435615
WDI:NE.EXP.GNFS.ZS:FIN,2020-12-31,36.21434342836112
WDI:NE.EXP.GNFS.ZS:FIN,2021-12-31,39.92177324693284
WDI:NE.EXP.GNFS.ZS:FIN,2022-12-31,46.284780280684615
WDI:NE.EXP.GNFS.ZS:FIN,2023-12-31,42.7684474643322
WDI:NE.EXP.GNFS.ZS:FIN,2024-12-31,41.9032366762925
WDI:NE.EXP.GNFS.ZS:FIN,2025-12-31,42.3266920911003
WDI:NE.EXP.GNFS.ZS:FJI,2023-12-31,57.5069787068294
WDI:NE.EXP.GNFS.ZS:FJI,2024-12-31,54.4059095106187
WDI:NE.EXP.GNFS.ZS:FRA,1960-12-31,15.601230874800304
WDI:NE.EXP.GNFS.ZS:FRA,1961-12-31,15.197887094061905
WDI:NE.EXP.GNFS.ZS:FRA,1962-12-31,13.936957789282117
WDI:NE.EXP.GNFS.ZS:FRA,1963-12-31,13.694693022514784
WDI:NE.EXP.GNFS.ZS:FRA,1964-12-31,13.885376949955699
WDI:NE.EXP.GNFS.ZS:FRA,1965-12-31,14.378541188364894
WDI:NE.EXP.GNFS.ZS:FRA,1966-12-31,14.417701778419028
WDI:NE.EXP.GNFS.ZS:FRA,1967-12-31,14.35000686323265
WDI:NE.EXP.GNFS.ZS:FRA,1968-12-31,14.408406796457255
WDI:NE.EXP.GNFS.ZS:FRA,1969-12-31,15.16604059528256
WDI:NE.EXP.GNFS.ZS:FRA,1970-12-31,16.889468274622423
WDI:NE.EXP.GNFS.ZS:FRA,1971-12-31,17.394901565011374
WDI:NE.EXP.GNFS.ZS:FRA,1972-12-31,17.54098952411156
WDI:NE.EXP.GNFS.ZS:FRA,1973-12-31,18.481366012542626
WDI:NE.EXP.GNFS.ZS:FRA,1974-12-31,21.715409803168672
WDI:NE.EXP.GNFS.ZS:FRA,1975-12-31,19.85826017229857
WDI:NE.EXP.GNFS.ZS:FRA,1976-12-31,20.393303314047582
WDI:NE.EXP.GNFS.ZS:FRA,1977-12-31,21.28761674616462
WDI:NE.EXP.GNFS.ZS:FRA,1978-12-31,21.281052787711218
WDI:NE.EXP.GNFS.ZS:FRA,1979-12-31,21.71471259391225
WDI:NE.EXP.GNFS.ZS:FRA,1980-12-31,21.999116258101807
WDI:NE.EXP.GNFS.ZS:FRA,1981-12-31,23.051057479390128
WDI:NE.EXP.GNFS.ZS:FRA,1982-12-31,22.384690707375803
WDI:NE.EXP.GNFS.ZS:FRA,1983-12-31,23.435048146442455
WDI:NE.EXP.GNFS.ZS:FRA,1984-12-31,24.906737208290643
WDI:NE.EXP.GNFS.ZS:FRA,1985-12-31,24.41579208074673
WDI:NE.EXP.GNFS.ZS:FRA,1986-12-31,21.383692182475553
WDI:NE.EXP.GNFS.ZS:FRA,1987-12-31,20.631835188960068
WDI:NE.EXP.GNFS.ZS:FRA,1988-12-31,21.422237318949126
WDI:NE.EXP.GNFS.ZS:FRA,1989-12-31,22.79411073195174
WDI:NE.EXP.GNFS.ZS:FRA,1990-12-31,21.988701259838837
WDI:NE.EXP.GNFS.ZS:FRA,1991-12-31,22.414268866944393
WDI:NE.EXP.GNFS.ZS:FRA,1992-12-31,22.44540388981095
WDI:NE.EXP.GNFS.ZS:FRA,1993-12-31,21.816309385316995
WDI:NE.EXP.GNFS.ZS:FRA,1994-12-31,22.750512293509654
WDI:NE.EXP.GNFS.ZS:FRA,1995-12-31,23.689654922415706
WDI:NE.EXP.GNFS.ZS:FRA,1996-12-31,24.12300275458897
WDI:NE.EXP.GNFS.ZS:FRA,1997-12-31,26.630325047694402
WDI:NE.EXP.GNFS.ZS:FRA,1998-12-31,27.252767103393733
WDI:NE.EXP.GNFS.ZS:FRA,1999-12-31,27.206977324269538
WDI:NE.EXP.GNFS.ZS:FRA,2000-12-31,29.75804898931285
WDI:NE.EXP.GNFS.ZS:FRA,2001-12-31,29.43060350994193
WDI:NE.EXP.GNFS.ZS:FRA,2002-12-31,28.730701759276766
WDI:NE.EXP.GNFS.ZS:FRA,2003-12-31,27.13696766739435
WDI:NE.EXP.GNFS.ZS:FRA,2004-12-31,27.538103859796166
WDI:NE.EXP.GNFS.ZS:FRA,2005-12-31,28.163556525739907
WDI:NE.EXP.GNFS.ZS:FRA,2006-12-31,28.927848483614056
WDI:NE.EXP.GNFS.ZS:FRA,2007-12-31,28.85853446889257
WDI:NE.EXP.GNFS.ZS:FRA,2008-12-31,29.199059678250205
WDI:NE.EXP.GNFS.ZS:FRA,2009-12-31,25.880948231160815
WDI:NE.EXP.GNFS.ZS:FRA,2010-12-31,27.826488091555273
WDI:NE.EXP.GNFS.ZS:FRA,2011-12-31,29.538847336075015
WDI:NE.EXP.GNFS.ZS:FRA,2012-12-31,30.355678652744377
WDI:NE.EXP.GNFS.ZS:FRA,2013-12-31,30.5912853427773
WDI:NE.EXP.GNFS.ZS:FRA,2014-12-31,30.741812901515047
WDI:NE.EXP.GNFS.ZS:FRA,2015-12-31,31.693494726268938
WDI:NE.EXP.GNFS.ZS:FRA,2016-12-31,31.49821007006302
WDI:NE.EXP.GNFS.ZS:FRA,2017-12-31,32.311834044929036
WDI:NE.EXP.GNFS.ZS:FRA,2018-12-31,32.91798189221635
WDI:NE.EXP.GNFS.ZS:FRA,2019-12-31,32.889559391084674
WDI:NE.EXP.GNFS.ZS:FRA,2020-12-31,28.557222819265455
WDI:NE.EXP.GNFS.ZS:FRA,2021-12-31,31.28804993321046
WDI:NE.EXP.GNFS.ZS:FRA,2022-12-31,36.61604842687852
WDI:NE.EXP.GNFS.ZS:FRA,2023-12-31,34.4562568778842
WDI:NE.EXP.GNFS.ZS:FRA,2024-12-31,33.8897542343832
WDI:NE.EXP.GNFS.ZS:FRA,2025-12-31,33.3928225145364
WDI:NE.EXP.GNFS.ZS:FRO,1962-12-31,46.479415159676805
WDI:NE.EXP.GNFS.ZS:FRO,1963-12-31,41.650610147719966
WDI:NE.EXP.GNFS.ZS:FRO,1964-12-31,36.668545659526494
WDI:NE.EXP.GNFS.ZS:FRO,1965-12-31,41.91856107919061
WDI:NE.EXP.GNFS.ZS:FRO,1966-12-31,32.351618705035975
WDI:NE.EXP.GNFS.ZS:FRO,1967-12-31,38.52832645973518
WDI:NE.EXP.GNFS.ZS:FRO,1968-12-31,31.51973818776846
WDI:NE.EXP.GNFS.ZS:FRO,1969-12-31,34.65195891974135
WDI:NE.EXP.GNFS.ZS:FRO,1970-12-31,39.403453689167975
WDI:NE.EXP.GNFS.ZS:FRO,1971-12-31,37.871993477374644
WDI:NE.EXP.GNFS.ZS:FRO,1972-12-31,38.839985529965034
WDI:NE.EXP.GNFS.ZS:FRO,1973-12-31,48.32889071150298
WDI:NE.EXP.GNFS.ZS:FRO,1974-12-31,40.515300592012004
WDI:NE.EXP.GNFS.ZS:FRO,1975-12-31,35.50929823218795
WDI:NE.EXP.GNFS.ZS:FRO,1976-12-31,38.6177370030581
WDI:NE.EXP.GNFS.ZS:FRO,1977-12-31,41.285502179223144
WDI:NE.EXP.GNFS.ZS:FRO,1978-12-31,35.316103742194265
WDI:NE.EXP.GNFS.ZS:FRO,1979-12-31,33.60735624390864
WDI:NE.EXP.GNFS.ZS:FRO,1980-12-31,36.241272583315336
WDI:NE.EXP.GNFS.ZS:FRO,1981-12-31,36.495384615384616
WDI:NE.EXP.GNFS.ZS:FRO,1982-12-31,33.68108108108108
WDI:NE.EXP.GNFS.ZS:FRO,1983-12-31,35.1438202247191
WDI:NE.EXP.GNFS.ZS:FRO,1984-12-31,38.07796917497733
WDI:NE.EXP.GNFS.ZS:FRO,1985-12-31,39.880830080131496
WDI:NE.EXP.GNFS.ZS:FRO,1986-12-31,36.47290993900251
WDI:NE.EXP.GNFS.ZS:FRO,1987-12-31,39.82519788918206
WDI:NE.EXP.GNFS.ZS:FRO,1988-12-31,36.45705521472393
WDI:NE.EXP.GNFS.ZS:FRO,1989-12-31,40.1945403200502
WDI:NE.EXP.GNFS.ZS:FRO,1990-12-31,43.82778338378742
WDI:NE.EXP.GNFS.ZS:FRO,1991-12-31,48.3665749656121
WDI:NE.EXP.GNFS.ZS:FRO,1992-12-31,48.393537847159195
WDI:NE.EXP.GNFS.ZS:FRO,1993-12-31,43.79813538710985
WDI:NE.EXP.GNFS.ZS:FRO,1994-12-31,43.5764608371322
WDI:NE.EXP.GNFS.ZS:FRO,1995-12-31,40.73267326732673
WDI:NE.EXP.GNFS.ZS:FRO,1996-12-31,49.843150923666784
WDI:NE.EXP.GNFS.ZS:FRO,1997-12-31,48.74331117236906
WDI:NE.EXP.GNFS.ZS:FRO,1998-12-31,46.650546422251345
WDI:NE.EXP.GNFS.ZS:FRO,1999-12-31,48.76191686792932
WDI:NE.EXP.GNFS.ZS:FRO,2000-12-31,51.3355592654424
WDI:NE.EXP.GNFS.ZS:FRO,2001-12-31,51.56316339950501
WDI:NE.EXP.GNFS.ZS:FRO,2002-12-31,49.063726220632795
WDI:NE.EXP.GNFS.ZS:FRO,2003-12-31,46.772384099936325
WDI:NE.EXP.GNFS.ZS:FRO,2004-12-31,43.70185421747377
WDI:NE.EXP.GNFS.ZS:FRO,2005-12-31,42.045863735430686
WDI:NE.EXP.GNFS.ZS:FRO,2006-12-31,41.799528282230575
WDI:NE.EXP.GNFS.ZS:FRO,2007-12-31,42.12944419574488
WDI:NE.EXP.GNFS.ZS:FRO,2008-12-31,45.97477488833043
WDI:NE.EXP.GNFS.ZS:FRO,2009-12-31,43.65865349462584
WDI:NE.EXP.GNFS.ZS:FRO,2010-12-31,46.722636531393455
WDI:NE.EXP.GNFS.ZS:FRO,2011-12-31,52.43447363334969
WDI:NE.EXP.GNFS.ZS:FRO,2012-12-31,52.55876809274868
WDI:NE.EXP.GNFS.ZS:FRO,2013-12-31,55.44296257073833
WDI:NE.EXP.GNFS.ZS:FRO,2014-12-31,53.41428816005087
WDI:NE.EXP.GNFS.ZS:FRO,2015-12-31,53.21649246405266
WDI:NE.EXP.GNFS.ZS:FRO,2016-12-31,54.5363339704935
WDI:NE.EXP.GNFS.ZS:FRO,2017-12-31,56.36529958835188
WDI:NE.EXP.GNFS.ZS:FRO,2018-12-31,52.81800663527822
WDI:NE.EXP.GNFS.ZS:FRO,2019-12-31,55.76971627657181
WDI:NE.EXP.GNFS.ZS:FRO,2020-12-31,47.428368535882306
WDI:NE.EXP.GNFS.ZS:FRO,2021-12-31,51.98048109374665
WDI:NE.EXP.GNFS.ZS:FRO,2022-12-31,61.37440387772652
WDI:NE.EXP.GNFS.ZS:FRO,2023-12-31,57.1947583465234
WDI:NE.EXP.GNFS.ZS:FRO,2024-12-31,54.5562557930637
WDI:NE.EXP.GNFS.ZS:FSM,1983-12-31,4.280091417521455
WDI:NE.EXP.GNFS.ZS:FSM,1995-12-31,18.187604869976354
WDI:NE.EXP.GNFS.ZS:FSM,1996-12-31,18.47182611230771
WDI:NE.EXP.GNFS.ZS:FSM,1997-12-31,18.10201210515906
WDI:NE.EXP.GNFS.ZS:FSM,1998-12-31,18.935842500454203
WDI:NE.EXP.GNFS.ZS:FSM,1999-12-31,16.574671932733814
WDI:NE.EXP.GNFS.ZS:FSM,2000-12-31,18.29134074737555
WDI:NE.EXP.GNFS.ZS:FSM,2001-12-31,19.459556437114298
WDI:NE.EXP.GNFS.ZS:FSM,2002-12-31,18.51428455756489
WDI:NE.EXP.GNFS.ZS:FSM,2003-12-31,19.09110874506276
WDI:NE.EXP.GNFS.ZS:FSM,2004-12-31,15.708710629915846
WDI:NE.EXP.GNFS.ZS:FSM,2005-12-31,17.07976304589212
WDI:NE.EXP.GNFS.ZS:FSM,2006-12-31,18.50484588172283
WDI:NE.EXP.GNFS.ZS:FSM,2007-12-31,23.014845179968727
WDI:NE.EXP.GNFS.ZS:FSM,2008-12-31,23.63198540343678
WDI:NE.EXP.GNFS.ZS:FSM,2009-12-31,22.209713021221177
WDI:NE.EXP.GNFS.ZS:FSM,2010-12-31,24.084873133552534
WDI:NE.EXP.GNFS.ZS:FSM,2011-12-31,25.09783465718588
WDI:NE.EXP.GNFS.ZS:FSM,2012-12-31,30.355774862378087
WDI:NE.EXP.GNFS.ZS:FSM,2013-12-31,30.68969511310824
WDI:NE.EXP.GNFS.ZS:FSM,2014-12-31,32.4846936456458
WDI:NE.EXP.GNFS.ZS:FSM,2015-12-31,27.726278382731145
WDI:NE.EXP.GNFS.ZS:FSM,2016-12-31,28.307692307692307
WDI:NE.EXP.GNFS.ZS:FSM,2017-12-31,30.64066852367688
WDI:NE.EXP.GNFS.ZS:FSM,2018-12-31,36.47959183673469
WDI:NE.EXP.GNFS.ZS:FSM,2019-12-31,26.649746192893403
WDI:NE.EXP.GNFS.ZS:FSM,2020-12-31,17.16265395772141
WDI:NE.EXP.GNFS.ZS:FSM,2021-12-31,20.173548698308156
WDI:NE.EXP.GNFS.ZS:FSM,2022-12-31,21.156038041441313
WDI:NE.EXP.GNFS.ZS:FSM,2023-12-31,22.1231146817116
WDI:NE.EXP.GNFS.ZS:FSM,2024-12-31,22.4475615608787
WDI:NE.EXP.GNFS.ZS:FSM,2025-12-31,22.1204724773494
WDI:NE.EXP.GNFS.ZS:GAB,1960-12-31,34.1709866594221
WDI:NE.EXP.GNFS.ZS:GAB,1961-12-31,31.21169298416368
WDI:NE.EXP.GNFS.ZS:GAB,1962-12-31,31.714257477568612
WDI:NE.EXP.GNFS.ZS:GAB,1963-12-31,47.102995058753436
WDI:NE.EXP.GNFS.ZS:GAB,1964-12-31,41.89186987031323
WDI:NE.EXP.GNFS.ZS:GAB,1965-12-31,43.24324324324324
WDI:NE.EXP.GNFS.ZS:GAB,1966-12-31,39.735105916408266
WDI:NE.EXP.GNFS.ZS:GAB,1967-12-31,48.053907185628745
WDI:NE.EXP.GNFS.ZS:GAB,1968-12-31,48.42248328601282
WDI:NE.EXP.GNFS.ZS:GAB,1969-12-31,54.65546020139328
WDI:NE.EXP.GNFS.ZS:GAB,1970-12-31,49.7206592802996
WDI:NE.EXP.GNFS.ZS:GAB,1971-12-31,66.31769743101808
WDI:NE.EXP.GNFS.ZS:GAB,1972-12-31,73.08743778801843
WDI:NE.EXP.GNFS.ZS:GAB,1973-12-31,58.8454314090627
WDI:NE.EXP.GNFS.ZS:GAB,1974-12-31,57.546408393866024
WDI:NE.EXP.GNFS.ZS:GAB,1975-12-31,49.5242214532872
WDI:NE.EXP.GNFS.ZS:GAB,1976-12-31,45.58475872618551
WDI:NE.EXP.GNFS.ZS:GAB,1977-12-31,51.59374094465372
WDI:NE.EXP.GNFS.ZS:GAB,1978-12-31,61.75816023738873
WDI:NE.EXP.GNFS.ZS:GAB,1979-12-31,58.485882717964635
WDI:NE.EXP.GNFS.ZS:GAB,1980-12-31,64.72019464720195
WDI:NE.EXP.GNFS.ZS:GAB,1981-12-31,63.36350643163411
WDI:NE.EXP.GNFS.ZS:GAB,1982-12-31,61.59475145092102
WDI:NE.EXP.GNFS.ZS:GAB,1983-12-31,61.32476979029637
WDI:NE.EXP.GNFS.ZS:GAB,1984-12-31,59.09266161161805
WDI:NE.EXP.GNFS.ZS:GAB,1985-12-31,62.5724758413862
WDI:NE.EXP.GNFS.ZS:GAB,1986-12-31,35.191312462882834
WDI:NE.EXP.GNFS.ZS:GAB,1987-12-31,42.6949203879677
WDI:NE.EXP.GNFS.ZS:GAB,1988-12-31,36.730583970099154
WDI:NE.EXP.GNFS.ZS:GAB,1989-12-31,45.795582178959194
WDI:NE.EXP.GNFS.ZS:GAB,1990-12-31,46.03850425768234
WDI:NE.EXP.GNFS.ZS:GAB,1991-12-31,47.26345929441065
WDI:NE.EXP.GNFS.ZS:GAB,1992-12-31,46.075552855579424
WDI:NE.EXP.GNFS.ZS:GAB,1993-12-31,48.79461351284262
WDI:NE.EXP.GNFS.ZS:GAB,1994-12-31,61.6756399787038
WDI:NE.EXP.GNFS.ZS:GAB,1995-12-31,59.38699903038138
WDI:NE.EXP.GNFS.ZS:GAB,1996-12-31,62.66324498764075
WDI:NE.EXP.GNFS.ZS:GAB,1997-12-31,61.30401080698594
WDI:NE.EXP.GNFS.ZS:GAB,1998-12-31,47.406351606805295
WDI:NE.EXP.GNFS.ZS:GAB,1999-12-31,59.612504353883665
WDI:NE.EXP.GNFS.ZS:GAB,2000-12-31,69.03217670860818
WDI:NE.EXP.GNFS.ZS:GAB,2001-12-31,54.27523247988327
WDI:NE.EXP.GNFS.ZS:GAB,2002-12-31,52.60889969478069
WDI:NE.EXP.GNFS.ZS:GAB,2003-12-31,51.92943449508982
WDI:NE.EXP.GNFS.ZS:GAB,2004-12-31,55.03915527688375
WDI:NE.EXP.GNFS.ZS:GAB,2005-12-31,60.00867275738862
WDI:NE.EXP.GNFS.ZS:GAB,2006-12-31,60.5718165208079
WDI:NE.EXP.GNFS.ZS:GAB,2007-12-31,58.52860458613398
WDI:NE.EXP.GNFS.ZS:GAB,2008-12-31,62.19971201133736
WDI:NE.EXP.GNFS.ZS:GAB,2009-12-31,52.171732183978456
WDI:NE.EXP.GNFS.ZS:GAB,2010-12-31,57.66349237630367
WDI:NE.EXP.GNFS.ZS:GAB,2011-12-31,61.74437212745062
WDI:NE.EXP.GNFS.ZS:GAB,2012-12-31,60.950341438130074
WDI:NE.EXP.GNFS.ZS:GAB,2013-12-31,57.35740588132708
WDI:NE.EXP.GNFS.ZS:GAB,2014-12-31,44.52089239456752
WDI:NE.EXP.GNFS.ZS:GAB,2015-12-31,46.03200850437045
WDI:NE.EXP.GNFS.ZS:GAB,2016-12-31,44.03534729211109
WDI:NE.EXP.GNFS.ZS:GAB,2017-12-31,50.2267539725926
WDI:NE.EXP.GNFS.ZS:GAB,2018-12-31,54.29907649100619
WDI:NE.EXP.GNFS.ZS:GAB,2019-12-31,51.43107322719963
WDI:NE.EXP.GNFS.ZS:GAB,2020-12-31,47.599482815972195
WDI:NE.EXP.GNFS.ZS:GAB,2021-12-31,60.93912049255287
WDI:NE.EXP.GNFS.ZS:GAB,2022-12-31,67.57873319345681
WDI:NE.EXP.GNFS.ZS:GAB,2023-12-31,63.7282777796674
WDI:NE.EXP.GNFS.ZS:GAB,2024-12-31,64.5782984798737
WDI:NE.EXP.GNFS.ZS:GAB,2025-12-31,55.4925877518666
WDI:NE.EXP.GNFS.ZS:GBR,1970-12-31,22.035479605516887
WDI:NE.EXP.GNFS.ZS:GBR,1971-12-31,22.119081498521194
WDI:NE.EXP.GNFS.ZS:GBR,1972-12-31,20.85047903135745
WDI:NE.EXP.GNFS.ZS:GBR,1973-12-31,22.68246558261445
WDI:NE.EXP.GNFS.ZS:GBR,1974-12-31,27.101492351133437
WDI:NE.EXP.GNFS.ZS:GBR,1975-12-31,25.667690392957155
WDI:NE.EXP.GNFS.ZS:GBR,1976-12-31,28.305156431054463
WDI:NE.EXP.GNFS.ZS:GBR,1977-12-31,29.98171812009336
WDI:NE.EXP.GNFS.ZS:GBR,1978-12-31,28.306555037308108
WDI:NE.EXP.GNFS.ZS:GBR,1979-12-31,27.66638912071319
WDI:NE.EXP.GNFS.ZS:GBR,1980-12-31,26.896106903828514
WDI:NE.EXP.GNFS.ZS:GBR,1981-12-31,26.253502796514113
WDI:NE.EXP.GNFS.ZS:GBR,1982-12-31,25.902631150488105
WDI:NE.EXP.GNFS.ZS:GBR,1983-12-31,26.0333968006291
WDI:NE.EXP.GNFS.ZS:GBR,1984-12-31,27.830488894525374
WDI:NE.EXP.GNFS.ZS:GBR,1985-12-31,28.186759903580583
WDI:NE.EXP.GNFS.ZS:GBR,1986-12-31,25.104743231353776
WDI:NE.EXP.GNFS.ZS:GBR,1987-12-31,24.618288903753577
WDI:NE.EXP.GNFS.ZS:GBR,1988-12-31,22.170475559490377
WDI:NE.EXP.GNFS.ZS:GBR,1989-12-31,22.64100778094727
WDI:NE.EXP.GNFS.ZS:GBR,1990-12-31,23.329635699470337
WDI:NE.EXP.GNFS.ZS:GBR,1991-12-31,22.595553779056306
WDI:NE.EXP.GNFS.ZS:GBR,1992-12-31,22.923527381466
WDI:NE.EXP.GNFS.ZS:GBR,1993-12-31,24.83193134708803
WDI:NE.EXP.GNFS.ZS:GBR,1994-12-31,26.077873203828254
WDI:NE.EXP.GNFS.ZS:GBR,1995-12-31,25.696760285453273
WDI:NE.EXP.GNFS.ZS:GBR,1996-12-31,26.26714491647959
WDI:NE.EXP.GNFS.ZS:GBR,1997-12-31,25.618988898730255
WDI:NE.EXP.GNFS.ZS:GBR,1998-12-31,24.321402786586415
WDI:NE.EXP.GNFS.ZS:GBR,1999-12-31,24.210515253738556
WDI:NE.EXP.GNFS.ZS:GBR,2000-12-31,25.55634305762614
WDI:NE.EXP.GNFS.ZS:GBR,2001-12-31,25.449309977384573
WDI:NE.EXP.GNFS.ZS:GBR,2002-12-31,24.431505232512393
WDI:NE.EXP.GNFS.ZS:GBR,2003-12-31,23.96867490110907
WDI:NE.EXP.GNFS.ZS:GBR,2004-12-31,23.984529172817094
WDI:NE.EXP.GNFS.ZS:GBR,2005-12-31,25.207001750936577
WDI:NE.EXP.GNFS.ZS:GBR,2006-12-31,27.412859926390993
WDI:NE.EXP.GNFS.ZS:GBR,2007-12-31,25.407980388328117
WDI:NE.EXP.GNFS.ZS:GBR,2008-12-31,27.379437367098213
WDI:NE.EXP.GNFS.ZS:GBR,2009-12-31,26.7073659504747
WDI:NE.EXP.GNFS.ZS:GBR,2010-12-31,28.746366438735542
WDI:NE.EXP.GNFS.ZS:GBR,2011-12-31,31.264921898625403
WDI:NE.EXP.GNFS.ZS:GBR,2012-12-31,30.499538830045513
WDI:NE.EXP.GNFS.ZS:GBR,2013-12-31,30.20761601545382
WDI:NE.EXP.GNFS.ZS:GBR,2014-12-31,28.5320090066163
WDI:NE.EXP.GNFS.ZS:GBR,2015-12-31,27.879073617646327
WDI:NE.EXP.GNFS.ZS:GBR,2016-12-31,29.061556150252777
WDI:NE.EXP.GNFS.ZS:GBR,2017-12-31,30.973831096564886
WDI:NE.EXP.GNFS.ZS:GBR,2018-12-31,31.854534000687984
WDI:NE.EXP.GNFS.ZS:GBR,2019-12-31,31.902860280315547
WDI:NE.EXP.GNFS.ZS:GBR,2020-12-31,29.948652057682896
WDI:NE.EXP.GNFS.ZS:GBR,2021-12-31,29.289407108770494
WDI:NE.EXP.GNFS.ZS:GBR,2022-12-31,34.06192838370693
WDI:NE.EXP.GNFS.ZS:GBR,2023-12-31,31.9122697629938
WDI:NE.EXP.GNFS.ZS:GBR,2024-12-31,31.0561435739375
WDI:NE.EXP.GNFS.ZS:GBR,2025-12-31,30.5969582161816
WDI:NE.EXP.GNFS.ZS:GEO,1987-12-31,41.499613139199546
WDI:NE.EXP.GNFS.ZS:GEO,1988-12-31,42.25736095965104
WDI:NE.EXP.GNFS.ZS:GEO,1989-12-31,42.49686498536993
WDI:NE.EXP.GNFS.ZS:GEO,1990-12-31,40.09087264466123
WDI:NE.EXP.GNFS.ZS:GEO,1991-12-31,27.748691099476442
WDI:NE.EXP.GNFS.ZS:GEO,1992-12-31,35.656836461126005
WDI:NE.EXP.GNFS.ZS:GEO,1993-12-31,46.888741164488415
WDI:NE.EXP.GNFS.ZS:GEO,1994-12-31,57.77210462152278
WDI:NE.EXP.GNFS.ZS:GEO,1995-12-31,25.501895708973365
WDI:NE.EXP.GNFS.ZS:GEO,1996-12-31,13.326203955021324
WDI:NE.EXP.GNFS.ZS:GEO,1997-12-31,15.610224154207556
WDI:NE.EXP.GNFS.ZS:GEO,1998-12-31,16.458734393978613
WDI:NE.EXP.GNFS.ZS:GEO,1999-12-31,19.055592993102476
WDI:NE.EXP.GNFS.ZS:GEO,2000-12-31,22.99446641624332
WDI:NE.EXP.GNFS.ZS:GEO,2001-12-31,24.46136649685346
WDI:NE.EXP.GNFS.ZS:GEO,2002-12-31,29.229275751072965
WDI:NE.EXP.GNFS.ZS:GEO,2003-12-31,31.45572798075688
WDI:NE.EXP.GNFS.ZS:GEO,2004-12-31,31.128935394888185
WDI:NE.EXP.GNFS.ZS:GEO,2005-12-31,33.25904189864812
WDI:NE.EXP.GNFS.ZS:GEO,2006-12-31,32.47086635871181
WDI:NE.EXP.GNFS.ZS:GEO,2007-12-31,30.81829843825395
WDI:NE.EXP.GNFS.ZS:GEO,2008-12-31,28.263319860130327
WDI:NE.EXP.GNFS.ZS:GEO,2009-12-31,29.54520182364061
WDI:NE.EXP.GNFS.ZS:GEO,2010-12-31,32.46746670278568
WDI:NE.EXP.GNFS.ZS:GEO,2011-12-31,33.863442277481894
WDI:NE.EXP.GNFS.ZS:GEO,2012-12-31,35.63957988314156
WDI:NE.EXP.GNFS.ZS:GEO,2013-12-31,40.94149426865262
WDI:NE.EXP.GNFS.ZS:GEO,2014-12-31,39.181885757518444
WDI:NE.EXP.GNFS.ZS:GEO,2015-12-31,40.13724933425958
WDI:NE.EXP.GNFS.ZS:GEO,2016-12-31,39.99929253412853
WDI:NE.EXP.GNFS.ZS:GEO,2017-12-31,45.87655249153362
WDI:NE.EXP.GNFS.ZS:GEO,2018-12-31,49.69554105875611
WDI:NE.EXP.GNFS.ZS:GEO,2019-12-31,54.30430841008727
WDI:NE.EXP.GNFS.ZS:GEO,2020-12-31,36.90032416798891
WDI:NE.EXP.GNFS.ZS:GEO,2021-12-31,42.67436120808906
WDI:NE.EXP.GNFS.ZS:GEO,2022-12-31,52.478879220422726
WDI:NE.EXP.GNFS.ZS:GEO,2023-12-31,49.2670598313658
WDI:NE.EXP.GNFS.ZS:GEO,2024-12-31,47.8150660758993
WDI:NE.EXP.GNFS.ZS:GEO,2025-12-31,47.4056403368221
WDI:NE.EXP.GNFS.ZS:GHA,1960-12-31,28.193325661680092
WDI:NE.EXP.GNFS.ZS:GHA,1961-12-31,26.129032258064516
WDI:NE.EXP.GNFS.ZS:GHA,1962-12-31,24.214792299898683
WDI:NE.EXP.GNFS.ZS:GHA,1963-12-31,21.181818181818183
WDI:NE.EXP.GNFS.ZS:GHA,1964-12-31,19.902912621359224
WDI:NE.EXP.GNFS.ZS:GHA,1965-12-31,17.121418826739426
WDI:NE.EXP.GNFS.ZS:GHA,1966-12-31,14.624505928853754
WDI:NE.EXP.GNFS.ZS:GHA,1967-12-31,17.420212765957448
WDI:NE.EXP.GNFS.ZS:GHA,1968-12-31,20.352941176470587
WDI:NE.EXP.GNFS.ZS:GHA,1969-12-31,19.74012993503248
WDI:NE.EXP.GNFS.ZS:GHA,1970-12-31,21.336874723328904
WDI:NE.EXP.GNFS.ZS:GHA,1971-12-31,15.76
WDI:NE.EXP.GNFS.ZS:GHA,1972-12-31,20.710479573712256
WDI:NE.EXP.GNFS.ZS:GHA,1973-12-31,21.45101399600114
WDI:NE.EXP.GNFS.ZS:GHA,1974-12-31,18.326180257510728
WDI:NE.EXP.GNFS.ZS:GHA,1975-12-31,19.363997728563316
WDI:NE.EXP.GNFS.ZS:GHA,1976-12-31,15.706405148636224
WDI:NE.EXP.GNFS.ZS:GHA,1977-12-31,10.498969810982711
WDI:NE.EXP.GNFS.ZS:GHA,1978-12-31,8.357952920994949
WDI:NE.EXP.GNFS.ZS:GHA,1979-12-31,11.232371908440223
WDI:NE.EXP.GNFS.ZS:GHA,1980-12-31,8.466349295248763
WDI:NE.EXP.GNFS.ZS:GHA,1981-12-31,4.7558725525293974
WDI:NE.EXP.GNFS.ZS:GHA,1982-12-31,3.338307249193185
WDI:NE.EXP.GNFS.ZS:GHA,1983-12-31,5.5559177995848685
WDI:NE.EXP.GNFS.ZS:GHA,1984-12-31,8.04402704011295
WDI:NE.EXP.GNFS.ZS:GHA,1985-12-31,10.654485669643899
WDI:NE.EXP.GNFS.ZS:GHA,1986-12-31,16.57609705256036
WDI:NE.EXP.GNFS.ZS:GHA,1987-12-31,19.66260053619303
WDI:NE.EXP.GNFS.ZS:GHA,1988-12-31,18.18338349841514
WDI:NE.EXP.GNFS.ZS:GHA,1989-12-31,16.74263731518317
WDI:NE.EXP.GNFS.ZS:GHA,1990-12-31,16.877890410773478
WDI:NE.EXP.GNFS.ZS:GHA,1991-12-31,16.96354605856408
WDI:NE.EXP.GNFS.ZS:GHA,1992-12-31,17.225955492128616
WDI:NE.EXP.GNFS.ZS:GHA,1993-12-31,20.253919062007697
WDI:NE.EXP.GNFS.ZS:GHA,1994-12-31,25.25863592699328
WDI:NE.EXP.GNFS.ZS:GHA,1995-12-31,24.496445940890386
WDI:NE.EXP.GNFS.ZS:GHA,1996-12-31,32.112182172559464
WDI:NE.EXP.GNFS.ZS:GHA,1997-12-31,32.410290929187866
WDI:NE.EXP.GNFS.ZS:GHA,1998-12-31,33.87135175763182
WDI:NE.EXP.GNFS.ZS:GHA,1999-12-31,32.078338953731325
WDI:NE.EXP.GNFS.ZS:GHA,2000-12-31,48.802257619003775
WDI:NE.EXP.GNFS.ZS:GHA,2001-12-31,45.233016466731634
WDI:NE.EXP.GNFS.ZS:GHA,2002-12-31,42.61625189308666
WDI:NE.EXP.GNFS.ZS:GHA,2003-12-31,40.67904265111997
WDI:NE.EXP.GNFS.ZS:GHA,2004-12-31,39.30332512141074
WDI:NE.EXP.GNFS.ZS:GHA,2005-12-31,36.44921695071396
WDI:NE.EXP.GNFS.ZS:GHA,2006-12-31,24.65619049089574
WDI:NE.EXP.GNFS.ZS:GHA,2007-12-31,24.5250906044049
WDI:NE.EXP.GNFS.ZS:GHA,2008-12-31,25.029457299507417
WDI:NE.EXP.GNFS.ZS:GHA,2009-12-31,29.291865978504816
WDI:NE.EXP.GNFS.ZS:GHA,2010-12-31,29.47671798315733
WDI:NE.EXP.GNFS.ZS:GHA,2011-12-31,36.9366085502594
WDI:NE.EXP.GNFS.ZS:GHA,2012-12-31,40.35921817403706
WDI:NE.EXP.GNFS.ZS:GHA,2013-12-31,25.440783396728474
WDI:NE.EXP.GNFS.ZS:GHA,2014-12-31,28.23190216059761
WDI:NE.EXP.GNFS.ZS:GHA,2015-12-31,33.83170482336964
WDI:NE.EXP.GNFS.ZS:GHA,2016-12-31,31.19323914836203
WDI:NE.EXP.GNFS.ZS:GHA,2017-12-31,33.87687477996809
WDI:NE.EXP.GNFS.ZS:GHA,2018-12-31,33.454895448926464
WDI:NE.EXP.GNFS.ZS:GHA,2019-12-31,37.449599862531066
WDI:NE.EXP.GNFS.ZS:GHA,2020-12-31,31.525420486711486
WDI:NE.EXP.GNFS.ZS:GHA,2021-12-31,30.055119469623122
WDI:NE.EXP.GNFS.ZS:GHA,2022-12-31,34.66404355335874
WDI:NE.EXP.GNFS.ZS:GHA,2023-12-31,31.7708164943996
WDI:NE.EXP.GNFS.ZS:GHA,2024-12-31,35.0557831990043
WDI:NE.EXP.GNFS.ZS:GIN,1986-12-31,21.323948461503235
WDI:NE.EXP.GNFS.ZS:GIN,1987-12-31,21.693924893998158
WDI:NE.EXP.GNFS.ZS:GIN,1988-12-31,18.4301901869829
WDI:NE.EXP.GNFS.ZS:GIN,1989-12-31,21.325114989700715
WDI:NE.EXP.GNFS.ZS:GIN,1990-12-31,21.312519631136954
WDI:NE.EXP.GNFS.ZS:GIN,1991-12-31,20.802012787200187
WDI:NE.EXP.GNFS.ZS:GIN,1992-12-31,17.059908823855697
WDI:NE.EXP.GNFS.ZS:GIN,1993-12-31,18.187327674998507
WDI:NE.EXP.GNFS.ZS:GIN,1994-12-31,15.604368268496005
WDI:NE.EXP.GNFS.ZS:GIN,1995-12-31,14.484041503315655
WDI:NE.EXP.GNFS.ZS:GIN,1996-12-31,13.164693986713663
WDI:NE.EXP.GNFS.ZS:GIN,1997-12-31,13.415700645078013
WDI:NE.EXP.GNFS.ZS:GIN,1998-12-31,14.599191058153076
WDI:NE.EXP.GNFS.ZS:GIN,1999-12-31,14.841163580834193
WDI:NE.EXP.GNFS.ZS:GIN,2000-12-31,16.81935831837572
WDI:NE.EXP.GNFS.ZS:GIN,2001-12-31,19.600279622816274
WDI:NE.EXP.GNFS.ZS:GIN,2002-12-31,18.159439288649562
WDI:NE.EXP.GNFS.ZS:GIN,2003-12-31,17.802072550526262
WDI:NE.EXP.GNFS.ZS:GIN,2004-12-31,16.889383652730576
WDI:NE.EXP.GNFS.ZS:GIN,2005-12-31,23.857257886843602
WDI:NE.EXP.GNFS.ZS:GIN,2006-12-31,23.82430776129274
WDI:NE.EXP.GNFS.ZS:GIN,2007-12-31,23.550955979011274
WDI:NE.EXP.GNFS.ZS:GIN,2008-12-31,21.64046211004913
WDI:NE.EXP.GNFS.ZS:GIN,2009-12-31,22.51578831969125
WDI:NE.EXP.GNFS.ZS:GIN,2010-12-31,30.341207018783983
WDI:NE.EXP.GNFS.ZS:GIN,2011-12-31,32.60224128632376
WDI:NE.EXP.GNFS.ZS:GIN,2012-12-31,33.13739450158297
WDI:NE.EXP.GNFS.ZS:GIN,2013-12-31,26.470621725373483
WDI:NE.EXP.GNFS.ZS:GIN,2014-12-31,26.688510966270414
WDI:NE.EXP.GNFS.ZS:GIN,2015-12-31,21.496871982435078
WDI:NE.EXP.GNFS.ZS:GIN,2016-12-31,29.371512604327094
WDI:NE.EXP.GNFS.ZS:GIN,2017-12-31,44.66029845312106
WDI:NE.EXP.GNFS.ZS:GIN,2018-12-31,40.207095532874106
WDI:NE.EXP.GNFS.ZS:GIN,2019-12-31,35.04204933563285
WDI:NE.EXP.GNFS.ZS:GIN,2020-12-31,46.969818134712035
WDI:NE.EXP.GNFS.ZS:GIN,2021-12-31,56.21863327837088
WDI:NE.EXP.GNFS.ZS:GIN,2022-12-31,45.41865143173539
WDI:NE.EXP.GNFS.ZS:GIN,2023-12-31,44.1320630492989
WDI:NE.EXP.GNFS.ZS:GIN,2024-12-31,41.3930067703478
WDI:NE.EXP.GNFS.ZS:GIN,2025-12-31,41.4119356368784
WDI:NE.EXP.GNFS.ZS:GMB,1966-12-31,36.17061431285624
WDI:NE.EXP.GNFS.ZS:GMB,1967-12-31,40.52147024504084
WDI:NE.EXP.GNFS.ZS:GMB,1968-12-31,39.990437317784256
WDI:NE.EXP.GNFS.ZS:GMB,1969-12-31,40.39287991498406
WDI:NE.EXP.GNFS.ZS:GMB,1970-12-31,37.791555759522716
WDI:NE.EXP.GNFS.ZS:GMB,1971-12-31,32.36724890829694
WDI:NE.EXP.GNFS.ZS:GMB,1972-12-31,33.77305743243244
WDI:NE.EXP.GNFS.ZS:GMB,1973-12-31,35.102656249999995
WDI:NE.EXP.GNFS.ZS:GMB,1974-12-31,38.97303233679072
WDI:NE.EXP.GNFS.ZS:GMB,1975-12-31,44.70857142857143
WDI:NE.EXP.GNFS.ZS:GMB,1976-12-31,41.05685179941858
WDI:NE.EXP.GNFS.ZS:GMB,1977-12-31,36.73550079409418
WDI:NE.EXP.GNFS.ZS:GMB,1978-12-31,33.681222098214285
WDI:NE.EXP.GNFS.ZS:GMB,1979-12-31,34.9595566314545
WDI:NE.EXP.GNFS.ZS:GMB,1980-12-31,42.73621179470036
WDI:NE.EXP.GNFS.ZS:GMB,1981-12-31,43.961091907162626
WDI:NE.EXP.GNFS.ZS:GMB,1982-12-31,44.33438680569834
WDI:NE.EXP.GNFS.ZS:GMB,1983-12-31,50.48829004114168
WDI:NE.EXP.GNFS.ZS:GMB,1984-12-31,51.12493706733795
WDI:NE.EXP.GNFS.ZS:GMB,1985-12-31,43.864850105239206
WDI:NE.EXP.GNFS.ZS:GMB,1986-12-31,46.6241521468575
WDI:NE.EXP.GNFS.ZS:GMB,1987-12-31,49.41808687852383
WDI:NE.EXP.GNFS.ZS:GMB,1988-12-31,50.365717320215765
WDI:NE.EXP.GNFS.ZS:GMB,1989-12-31,55.059983985334796
WDI:NE.EXP.GNFS.ZS:GMB,1990-12-31,59.90273625676406
WDI:NE.EXP.GNFS.ZS:GMB,1991-12-31,29.43891965343769
WDI:NE.EXP.GNFS.ZS:GMB,1992-12-31,30.592706669516613
WDI:NE.EXP.GNFS.ZS:GMB,1993-12-31,28.192015652740455
WDI:NE.EXP.GNFS.ZS:GMB,1994-12-31,21.239618008447987
WDI:NE.EXP.GNFS.ZS:GMB,1995-12-31,23.775649041675514
WDI:NE.EXP.GNFS.ZS:GMB,1996-12-31,21.798671598445342
WDI:NE.EXP.GNFS.ZS:GMB,1997-12-31,22.932202546424943
WDI:NE.EXP.GNFS.ZS:GMB,1998-12-31,25.305574654089853
WDI:NE.EXP.GNFS.ZS:GMB,1999-12-31,24.39736108338526
WDI:NE.EXP.GNFS.ZS:GMB,2000-12-31,25.798674318983096
WDI:NE.EXP.GNFS.ZS:GMB,2001-12-31,21.82079813386342
WDI:NE.EXP.GNFS.ZS:GMB,2002-12-31,27.157384583150524
WDI:NE.EXP.GNFS.ZS:GMB,2003-12-31,31.093786445129197
WDI:NE.EXP.GNFS.ZS:GMB,2004-12-31,20.594782868259124
WDI:NE.EXP.GNFS.ZS:GMB,2005-12-31,19.90329077842911
WDI:NE.EXP.GNFS.ZS:GMB,2006-12-31,21.034712338833135
WDI:NE.EXP.GNFS.ZS:GMB,2007-12-31,18.032957460316183
WDI:NE.EXP.GNFS.ZS:GMB,2008-12-31,14.475200175038841
WDI:NE.EXP.GNFS.ZS:GMB,2009-12-31,15.746107526115305
WDI:NE.EXP.GNFS.ZS:GMB,2010-12-31,14.66781487829721
WDI:NE.EXP.GNFS.ZS:GMB,2011-12-31,16.859404468480417
WDI:NE.EXP.GNFS.ZS:GMB,2012-12-31,19.84168223483772
WDI:NE.EXP.GNFS.ZS:GMB,2013-12-31,18.97916436590056
WDI:NE.EXP.GNFS.ZS:GMB,2014-12-31,21.83689544396093
WDI:NE.EXP.GNFS.ZS:GMB,2015-12-31,15.57084858291472
WDI:NE.EXP.GNFS.ZS:GMB,2016-12-31,12.755634792157661
WDI:NE.EXP.GNFS.ZS:GMB,2017-12-31,18.480734822584278
WDI:NE.EXP.GNFS.ZS:GMB,2018-12-31,22.288179771085847
WDI:NE.EXP.GNFS.ZS:GMB,2019-12-31,20.165891238048623
WDI:NE.EXP.GNFS.ZS:GMB,2020-12-31,9.60764388834478
WDI:NE.EXP.GNFS.ZS:GMB,2021-12-31,6.617334760206911
WDI:NE.EXP.GNFS.ZS:GMB,2022-12-31,8.569850632265934
WDI:NE.EXP.GNFS.ZS:GMB,2023-12-31,7.05322372905498
WDI:NE.EXP.GNFS.ZS:GMB,2024-12-31,8.74884228082436
WDI:NE.EXP.GNFS.ZS:GMB,2025-12-31,12.7304316126942
WDI:NE.EXP.GNFS.ZS:GNB,1970-12-31,3.999926428119365
WDI:NE.EXP.GNFS.ZS:GNB,1971-12-31,4.158114936544498
WDI:NE.EXP.GNFS.ZS:GNB,1972-12-31,4.355568539677377
WDI:NE.EXP.GNFS.ZS:GNB,1973-12-31,6.059836124127137
WDI:NE.EXP.GNFS.ZS:GNB,1974-12-31,5.0183665996660585
WDI:NE.EXP.GNFS.ZS:GNB,1975-12-31,5.184906793174818
WDI:NE.EXP.GNFS.ZS:GNB,1976-12-31,5.2725789095397815
WDI:NE.EXP.GNFS.ZS:GNB,1977-12-31,9.304330024677867
WDI:NE.EXP.GNFS.ZS:GNB,1978-12-31,7.734685849491248
WDI:NE.EXP.GNFS.ZS:GNB,1979-12-31,7.27220912622875
WDI:NE.EXP.GNFS.ZS:GNB,1980-12-31,12.68755889206393
WDI:NE.EXP.GNFS.ZS:GNB,1981-12-31,11.193158025473016
WDI:NE.EXP.GNFS.ZS:GNB,1982-12-31,7.840236106388628
WDI:NE.EXP.GNFS.ZS:GNB,1983-12-31,6.009148272564023
WDI:NE.EXP.GNFS.ZS:GNB,1984-12-31,13.401208412137649
WDI:NE.EXP.GNFS.ZS:GNB,1985-12-31,9.757991676354191
WDI:NE.EXP.GNFS.ZS:GNB,1986-12-31,5.2352190175495155
WDI:NE.EXP.GNFS.ZS:GNB,1987-12-31,11.367003001489422
WDI:NE.EXP.GNFS.ZS:GNB,1988-12-31,12.440895948851015
WDI:NE.EXP.GNFS.ZS:GNB,1989-12-31,8.890718949594861
WDI:NE.EXP.GNFS.ZS:GNB,1990-12-31,9.935989365919205
WDI:NE.EXP.GNFS.ZS:GNB,1991-12-31,9.982487234255519
WDI:NE.EXP.GNFS.ZS:GNB,1992-12-31,4.90248990313934
WDI:NE.EXP.GNFS.ZS:GNB,1993-12-31,8.86943637990046
WDI:NE.EXP.GNFS.ZS:GNB,1994-12-31,16.454407740223896
WDI:NE.EXP.GNFS.ZS:GNB,1995-12-31,11.667169591769651
WDI:NE.EXP.GNFS.ZS:GNB,1996-12-31,10.52440404947997
WDI:NE.EXP.GNFS.ZS:GNB,1997-12-31,4.902991038462157
WDI:NE.EXP.GNFS.ZS:GNB,1998-12-31,4.105877618873896
WDI:NE.EXP.GNFS.ZS:GNB,1999-12-31,8.32895324919587
WDI:NE.EXP.GNFS.ZS:GNB,2000-12-31,13.092784463727645
WDI:NE.EXP.GNFS.ZS:GNB,2001-12-31,10.079189384903714
WDI:NE.EXP.GNFS.ZS:GNB,2002-12-31,11.455566566140508
WDI:NE.EXP.GNFS.ZS:GNB,2003-12-31,11.931753846832104
WDI:NE.EXP.GNFS.ZS:GNB,2004-12-31,12.93324466032506
WDI:NE.EXP.GNFS.ZS:GNB,2005-12-31,13.562802789356123
WDI:NE.EXP.GNFS.ZS:GNB,2006-12-31,10.377562766001287
WDI:NE.EXP.GNFS.ZS:GNB,2007-12-31,11.120302364892446
WDI:NE.EXP.GNFS.ZS:GNB,2008-12-31,11.766575820663858
WDI:NE.EXP.GNFS.ZS:GNB,2009-12-31,11.12830804191897
WDI:NE.EXP.GNFS.ZS:GNB,2010-12-31,12.639415699978477
WDI:NE.EXP.GNFS.ZS:GNB,2011-12-31,19.298095815956433
WDI:NE.EXP.GNFS.ZS:GNB,2012-12-31,14.116777564725894
WDI:NE.EXP.GNFS.ZS:GNB,2013-12-31,13.214421171479751
WDI:NE.EXP.GNFS.ZS:GNB,2014-12-31,16.69412094865159
WDI:NE.EXP.GNFS.ZS:GNB,2015-12-31,25.046711962225327
WDI:NE.EXP.GNFS.ZS:GNB,2016-12-31,23.77473103852065
WDI:NE.EXP.GNFS.ZS:GNB,2017-12-31,26.53438040754353
WDI:NE.EXP.GNFS.ZS:GNB,2018-12-31,25.476867329751467
WDI:NE.EXP.GNFS.ZS:GNB,2019-12-31,18.28088943750926
WDI:NE.EXP.GNFS.ZS:GNB,2020-12-31,15.467951458791775
WDI:NE.EXP.GNFS.ZS:GNB,2021-12-31,17.537893521942603
WDI:NE.EXP.GNFS.ZS:GNB,2022-12-31,14.724843666134358
WDI:NE.EXP.GNFS.ZS:GNB,2023-12-31,13.7413098032507
WDI:NE.EXP.GNFS.ZS:GNB,2024-12-31,12.6982986406255
WDI:NE.EXP.GNFS.ZS:GNB,2025-12-31,13.8662930962048
WDI:NE.EXP.GNFS.ZS:GNQ,2005-12-31,87.41738313120548
WDI:NE.EXP.GNFS.ZS:GNQ,2006-12-31,82.32565044653674
WDI:NE.EXP.GNFS.ZS:GNQ,2007-12-31,88.62129397247797
WDI:NE.EXP.GNFS.ZS:GNQ,2008-12-31,89.2243501802952
WDI:NE.EXP.GNFS.ZS:GNQ,2009-12-31,74.34220993785301
WDI:NE.EXP.GNFS.ZS:GNQ,2010-12-31,85.75843319859673
WDI:NE.EXP.GNFS.ZS:GNQ,2011-12-31,75.0953126579793
WDI:NE.EXP.GNFS.ZS:GNQ,2012-12-31,71.90499182407505
WDI:NE.EXP.GNFS.ZS:GNQ,2013-12-31,67.65331666254785
WDI:NE.EXP.GNFS.ZS:GNQ,2014-12-31,65.9632885983728
WDI:NE.EXP.GNFS.ZS:GNQ,2015-12-31,56.65847382180819
WDI:NE.EXP.GNFS.ZS:GNQ,2016-12-31,51.41282994475753
WDI:NE.EXP.GNFS.ZS:GNQ,2017-12-31,58.86310521370256
WDI:NE.EXP.GNFS.ZS:GNQ,2018-12-31,59.61453472443977
WDI:NE.EXP.GNFS.ZS:GNQ,2019-12-31,51.130749548200306
WDI:NE.EXP.GNFS.ZS:GNQ,2020-12-31,40.84544985015159
WDI:NE.EXP.GNFS.ZS:GNQ,2021-12-31,45.127551049281735
WDI:NE.EXP.GNFS.ZS:GNQ,2022-12-31,52.967085202511456
WDI:NE.EXP.GNFS.ZS:GNQ,2023-12-31,37.8045825137903
WDI:NE.EXP.GNFS.ZS:GNQ,2024-12-31,44.9766162904941
WDI:NE.EXP.GNFS.ZS:GNQ,2025-12-31,46.5199788593141
WDI:NE.EXP.GNFS.ZS:GRC,1960-12-31,9.865662679413125
WDI:NE.EXP.GNFS.ZS:GRC,1961-12-31,9.447173648579628
WDI:NE.EXP.GNFS.ZS:GRC,1962-12-31,8.317884833366108
WDI:NE.EXP.GNFS.ZS:GRC,1963-12-31,9.03639646117294
WDI:NE.EXP.GNFS.ZS:GRC,1964-12-31,7.617289366155589
WDI:NE.EXP.GNFS.ZS:GRC,1965-12-31,7.62209645477615
WDI:NE.EXP.GNFS.ZS:GRC,1966-12-31,9.31214689644262
WDI:NE.EXP.GNFS.ZS:GRC,1967-12-31,8.960406121627864
WDI:NE.EXP.GNFS.ZS:GRC,1968-12-31,7.957189071706935
WDI:NE.EXP.GNFS.ZS:GRC,1969-12-31,7.666059783902138
WDI:NE.EXP.GNFS.ZS:GRC,1970-12-31,7.852566070235199
WDI:NE.EXP.GNFS.ZS:GRC,1971-12-31,8.125476321161889
WDI:NE.EXP.GNFS.ZS:GRC,1972-12-31,9.094780577891402
WDI:NE.EXP.GNFS.ZS:GRC,1973-12-31,11.592743040923397
WDI:NE.EXP.GNFS.ZS:GRC,1974-12-31,14.161045544612064
WDI:NE.EXP.GNFS.ZS:GRC,1975-12-31,14.087264932369356
WDI:NE.EXP.GNFS.ZS:GRC,1976-12-31,13.994654335563425
WDI:NE.EXP.GNFS.ZS:GRC,1977-12-31,13.926472800070536
WDI:NE.EXP.GNFS.ZS:GRC,1978-12-31,13.600242076365829
WDI:NE.EXP.GNFS.ZS:GRC,1979-12-31,15.11543522291471
WDI:NE.EXP.GNFS.ZS:GRC,1980-12-31,19.249766529144594
WDI:NE.EXP.GNFS.ZS:GRC,1981-12-31,21.307216673193807
WDI:NE.EXP.GNFS.ZS:GRC,1982-12-31,17.142928596897605
WDI:NE.EXP.GNFS.ZS:GRC,1983-12-31,16.412779678433367
WDI:NE.EXP.GNFS.ZS:GRC,1984-12-31,16.736356851882235
WDI:NE.EXP.GNFS.ZS:GRC,1985-12-31,16.0717576428319
WDI:NE.EXP.GNFS.ZS:GRC,1986-12-31,17.626480667014352
WDI:NE.EXP.GNFS.ZS:GRC,1987-12-31,18.054384468869902
WDI:NE.EXP.GNFS.ZS:GRC,1988-12-31,16.2518454121946
WDI:NE.EXP.GNFS.ZS:GRC,1989-12-31,15.884435414167541
WDI:NE.EXP.GNFS.ZS:GRC,1990-12-31,14.721761428049318
WDI:NE.EXP.GNFS.ZS:GRC,1991-12-31,14.145036862797877
WDI:NE.EXP.GNFS.ZS:GRC,1992-12-31,14.821625311964729
WDI:NE.EXP.GNFS.ZS:GRC,1993-12-31,13.993749701303045
WDI:NE.EXP.GNFS.ZS:GRC,1994-12-31,14.390060660858339
WDI:NE.EXP.GNFS.ZS:GRC,1995-12-31,14.369813894067338
WDI:NE.EXP.GNFS.ZS:GRC,1996-12-31,14.313382680547868
WDI:NE.EXP.GNFS.ZS:GRC,1997-12-31,16.370329134187553
WDI:NE.EXP.GNFS.ZS:GRC,1998-12-31,16.48591608199224
WDI:NE.EXP.GNFS.ZS:GRC,1999-12-31,19.415917914972596
WDI:NE.EXP.GNFS.ZS:GRC,2000-12-31,24.011257952533324
WDI:NE.EXP.GNFS.ZS:GRC,2001-12-31,23.159759575781457
WDI:NE.EXP.GNFS.ZS:GRC,2002-12-31,20.38310242262259
WDI:NE.EXP.GNFS.ZS:GRC,2003-12-31,18.87349238430848
WDI:NE.EXP.GNFS.ZS:GRC,2004-12-31,20.609310913622284
WDI:NE.EXP.GNFS.ZS:GRC,2005-12-31,20.99253028831491
WDI:NE.EXP.GNFS.ZS:GRC,2006-12-31,20.774972803753634
WDI:NE.EXP.GNFS.ZS:GRC,2007-12-31,21.748187468445895
WDI:NE.EXP.GNFS.ZS:GRC,2008-12-31,22.784791998361467
WDI:NE.EXP.GNFS.ZS:GRC,2009-12-31,18.729882009507165
WDI:NE.EXP.GNFS.ZS:GRC,2010-12-31,21.728829401843893
WDI:NE.EXP.GNFS.ZS:GRC,2011-12-31,25.307599353156863
WDI:NE.EXP.GNFS.ZS:GRC,2012-12-31,28.965822030270132
WDI:NE.EXP.GNFS.ZS:GRC,2013-12-31,30.327198444262887
WDI:NE.EXP.GNFS.ZS:GRC,2014-12-31,32.515045577162496
WDI:NE.EXP.GNFS.ZS:GRC,2015-12-31,32.18635930461862
WDI:NE.EXP.GNFS.ZS:GRC,2016-12-31,31.179360220916024
WDI:NE.EXP.GNFS.ZS:GRC,2017-12-31,34.77935936718629
WDI:NE.EXP.GNFS.ZS:GRC,2018-12-31,38.63081005558012
WDI:NE.EXP.GNFS.ZS:GRC,2019-12-31,39.56028855302629
WDI:NE.EXP.GNFS.ZS:GRC,2020-12-31,31.45043248841148
WDI:NE.EXP.GNFS.ZS:GRC,2021-12-31,40.26040854974698
WDI:NE.EXP.GNFS.ZS:GRC,2022-12-31,49.231620558950326
WDI:NE.EXP.GNFS.ZS:GRC,2023-12-31,43.8388384656123
WDI:NE.EXP.GNFS.ZS:GRC,2024-12-31,42.1116783220502
WDI:NE.EXP.GNFS.ZS:GRC,2025-12-31,39.4617692969977
WDI:NE.EXP.GNFS.ZS:GRL,2003-12-31,37.79580468613054
WDI:NE.EXP.GNFS.ZS:GRL,2004-12-31,39.286728273512416
WDI:NE.EXP.GNFS.ZS:GRL,2005-12-31,41.06065932877193
WDI:NE.EXP.GNFS.ZS:GRL,2006-12-31,37.80311573319968
WDI:NE.EXP.GNFS.ZS:GRL,2007-12-31,36.20226498901799
WDI:NE.EXP.GNFS.ZS:GRL,2008-12-31,36.9791298751246
WDI:NE.EXP.GNFS.ZS:GRL,2009-12-31,30.731117468369362
WDI:NE.EXP.GNFS.ZS:GRL,2010-12-31,34.055973859923284
WDI:NE.EXP.GNFS.ZS:GRL,2011-12-31,37.99793229300379
WDI:NE.EXP.GNFS.ZS:GRL,2012-12-31,37.51199020937386
WDI:NE.EXP.GNFS.ZS:GRL,2013-12-31,37.70085215027024
WDI:NE.EXP.GNFS.ZS:GRL,2014-12-31,38.47282302050028
WDI:NE.EXP.GNFS.ZS:GRL,2015-12-31,37.57984512721693
WDI:NE.EXP.GNFS.ZS:GRL,2016-12-31,40.76504771259404
WDI:NE.EXP.GNFS.ZS:GRL,2017-12-31,40.69223374705904
WDI:NE.EXP.GNFS.ZS:GRL,2018-12-31,44.45457890454548
WDI:NE.EXP.GNFS.ZS:GRL,2019-12-31,41.0427004962382
WDI:NE.EXP.GNFS.ZS:GRL,2020-12-31,35.96582363650756
WDI:NE.EXP.GNFS.ZS:GRL,2021-12-31,34.05546889714156
WDI:NE.EXP.GNFS.ZS:GRL,2022-12-31,40.79008714987627
WDI:NE.EXP.GNFS.ZS:GRL,2023-12-31,40.7986421686905
WDI:NE.EXP.GNFS.ZS:GTM,1960-12-31,12.638943334509712
WDI:NE.EXP.GNFS.ZS:GTM,1961-12-31,11.953191413874933
WDI:NE.EXP.GNFS.ZS:GTM,1962-12-31,11.787338230150404
WDI:NE.EXP.GNFS.ZS:GTM,1963-12-31,14.285714285714285
WDI:NE.EXP.GNFS.ZS:GTM,1964-12-31,15.38757719864346
WDI:NE.EXP.GNFS.ZS:GTM,1965-12-31,16.786842180174418
WDI:NE.EXP.GNFS.ZS:GTM,1966-12-31,18.940102106852663
WDI:NE.EXP.GNFS.ZS:GTM,1967-12-31,16.209150326797385
WDI:NE.EXP.GNFS.ZS:GTM,1968-12-31,16.733933561005898
WDI:NE.EXP.GNFS.ZS:GTM,1969-12-31,17.803428809806974
WDI:NE.EXP.GNFS.ZS:GTM,1970-12-31,18.571428571428573
WDI:NE.EXP.GNFS.ZS:GTM,1971-12-31,17.286376461104393
WDI:NE.EXP.GNFS.ZS:GTM,1972-12-31,18.907343073335554
WDI:NE.EXP.GNFS.ZS:GTM,1973-12-31,20.881985797836457
WDI:NE.EXP.GNFS.ZS:GTM,1974-12-31,22.407085953094604
WDI:NE.EXP.GNFS.ZS:GTM,1975-12-31,21.72303135028388
WDI:NE.EXP.GNFS.ZS:GTM,1976-12-31,21.572399533942704
WDI:NE.EXP.GNFS.ZS:GTM,1977-12-31,24.455796936199363
WDI:NE.EXP.GNFS.ZS:GTM,1978-12-31,21.47563596759345
WDI:NE.EXP.GNFS.ZS:GTM,1979-12-31,21.348476766769718
WDI:NE.EXP.GNFS.ZS:GTM,1980-12-31,22.186401309860766
WDI:NE.EXP.GNFS.ZS:GTM,1981-12-31,17.089747879532457
WDI:NE.EXP.GNFS.ZS:GTM,1982-12-31,14.787196792033846
WDI:NE.EXP.GNFS.ZS:GTM,1983-12-31,12.994474563780129
WDI:NE.EXP.GNFS.ZS:GTM,1984-12-31,13.002111795120255
WDI:NE.EXP.GNFS.ZS:GTM,1985-12-31,11.94822951858451
WDI:NE.EXP.GNFS.ZS:GTM,1986-12-31,16.051899759743023
WDI:NE.EXP.GNFS.ZS:GTM,1987-12-31,15.84890838120735
WDI:NE.EXP.GNFS.ZS:GTM,1988-12-31,16.103675330358005
WDI:NE.EXP.GNFS.ZS:GTM,1989-12-31,17.307448868103737
WDI:NE.EXP.GNFS.ZS:GTM,1990-12-31,21.027520942380754
WDI:NE.EXP.GNFS.ZS:GTM,1991-12-31,17.9526059616575
WDI:NE.EXP.GNFS.ZS:GTM,1992-12-31,18.065989430090276
WDI:NE.EXP.GNFS.ZS:GTM,1993-12-31,17.70303110682204
WDI:NE.EXP.GNFS.ZS:GTM,1994-12-31,17.519944947999193
WDI:NE.EXP.GNFS.ZS:GTM,1995-12-31,19.259044030749294
WDI:NE.EXP.GNFS.ZS:GTM,1996-12-31,17.810117299141844
WDI:NE.EXP.GNFS.ZS:GTM,1997-12-31,17.956108023015354
WDI:NE.EXP.GNFS.ZS:GTM,1998-12-31,18.1716066211
WDI:NE.EXP.GNFS.ZS:GTM,1999-12-31,19.004924125361075
WDI:NE.EXP.GNFS.ZS:GTM,2000-12-31,20.19503439569268
WDI:NE.EXP.GNFS.ZS:GTM,2001-12-31,28.663548285185747
WDI:NE.EXP.GNFS.ZS:GTM,2002-12-31,26.726276797161795
WDI:NE.EXP.GNFS.ZS:GTM,2003-12-31,26.181099716479324
WDI:NE.EXP.GNFS.ZS:GTM,2004-12-31,27.419409708972296
WDI:NE.EXP.GNFS.ZS:GTM,2005-12-31,25.454901513816974
WDI:NE.EXP.GNFS.ZS:GTM,2006-12-31,25.339833434462662
WDI:NE.EXP.GNFS.ZS:GTM,2007-12-31,25.980517603784115
WDI:NE.EXP.GNFS.ZS:GTM,2008-12-31,25.12434592086193
WDI:NE.EXP.GNFS.ZS:GTM,2009-12-31,24.367826482059904
WDI:NE.EXP.GNFS.ZS:GTM,2010-12-31,26.225464334159415
WDI:NE.EXP.GNFS.ZS:GTM,2011-12-31,27.067705784877194
WDI:NE.EXP.GNFS.ZS:GTM,2012-12-31,25.267092636424987
WDI:NE.EXP.GNFS.ZS:GTM,2013-12-31,21.99816646700114
WDI:NE.EXP.GNFS.ZS:GTM,2014-12-31,21.744360688521265
WDI:NE.EXP.GNFS.ZS:GTM,2015-12-31,19.82990710939319
WDI:NE.EXP.GNFS.ZS:GTM,2016-12-31,18.753087949947968
WDI:NE.EXP.GNFS.ZS:GTM,2017-12-31,18.495039416429325
WDI:NE.EXP.GNFS.ZS:GTM,2018-12-31,18.169325848880227
WDI:NE.EXP.GNFS.ZS:GTM,2019-12-31,17.611972774527363
WDI:NE.EXP.GNFS.ZS:GTM,2020-12-31,16.343611807596652
WDI:NE.EXP.GNFS.ZS:GTM,2021-12-31,17.629656985658357
WDI:NE.EXP.GNFS.ZS:GTM,2022-12-31,18.945499982306266
WDI:NE.EXP.GNFS.ZS:GTM,2023-12-31,16.6174908714024
WDI:NE.EXP.GNFS.ZS:GTM,2024-12-31,15.8834632887959
WDI:NE.EXP.GNFS.ZS:GTM,2025-12-31,15.5591718853697
WDI:NE.EXP.GNFS.ZS:GUM,2002-12-31,21.272834413671184
WDI:NE.EXP.GNFS.ZS:GUM,2003-12-31,17.680022415242362
WDI:NE.EXP.GNFS.ZS:GUM,2004-12-31,21.866115275264928
WDI:NE.EXP.GNFS.ZS:GUM,2005-12-31,22.691668644671257
WDI:NE.EXP.GNFS.ZS:GUM,2006-12-31,23.71401604530439
WDI:NE.EXP.GNFS.ZS:GUM,2007-12-31,22.856493063452355
WDI:NE.EXP.GNFS.ZS:GUM,2008-12-31,20.888793473593818
WDI:NE.EXP.GNFS.ZS:GUM,2009-12-31,17.35708367854184
WDI:NE.EXP.GNFS.ZS:GUM,2010-12-31,17.094362497474236
WDI:NE.EXP.GNFS.ZS:GUM,2011-12-31,18.619582664526487
WDI:NE.EXP.GNFS.ZS:GUM,2012-12-31,19.069325735992404
WDI:NE.EXP.GNFS.ZS:GUM,2013-12-31,19.50361177995925
WDI:NE.EXP.GNFS.ZS:GUM,2014-12-31,18.841354723707664
WDI:NE.EXP.GNFS.ZS:GUM,2015-12-31,18.07208139334368
WDI:NE.EXP.GNFS.ZS:GUM,2016-12-31,18.962887646161665
WDI:NE.EXP.GNFS.ZS:GUM,2017-12-31,18.975552968568103
WDI:NE.EXP.GNFS.ZS:GUM,2018-12-31,19.253016030408197
WDI:NE.EXP.GNFS.ZS:GUM,2019-12-31,22.250196695515342
WDI:NE.EXP.GNFS.ZS:GUM,2020-12-31,6.406355645706559
WDI:NE.EXP.GNFS.ZS:GUM,2021-12-31,3.095925569457812
WDI:NE.EXP.GNFS.ZS:GUM,2022-12-31,7.88712011577424
WDI:NE.EXP.GNFS.ZS:GUY,1960-12-31,48.732008224811516
WDI:NE.EXP.GNFS.ZS:GUY,1961-12-31,52.07156308851224
WDI:NE.EXP.GNFS.ZS:GUY,1962-12-31,56.642728904847395
WDI:NE.EXP.GNFS.ZS:GUY,1963-12-31,62.92731496846996
WDI:NE.EXP.GNFS.ZS:GUY,1964-12-31,57.11290805630428
WDI:NE.EXP.GNFS.ZS:GUY,1965-12-31,55.255172413793105
WDI:NE.EXP.GNFS.ZS:GUY,1966-12-31,54.98971193415638
WDI:NE.EXP.GNFS.ZS:GUY,1967-12-31,57.441805784152365
WDI:NE.EXP.GNFS.ZS:GUY,1968-12-31,58.237214363438525
WDI:NE.EXP.GNFS.ZS:GUY,1969-12-31,59.24588848776574
WDI:NE.EXP.GNFS.ZS:GUY,1970-12-31,56.46004480955937
WDI:NE.EXP.GNFS.ZS:GUY,1971-12-31,58.41162914376884
WDI:NE.EXP.GNFS.ZS:GUY,1972-12-31,57.46704488569998
WDI:NE.EXP.GNFS.ZS:GUY,1973-12-31,52.186724565756826
WDI:NE.EXP.GNFS.ZS:GUY,1974-12-31,68.3460773017702
WDI:NE.EXP.GNFS.ZS:GUY,1975-12-31,74.88
WDI:NE.EXP.GNFS.ZS:GUY,1976-12-31,66.07692984772467
WDI:NE.EXP.GNFS.ZS:GUY,1977-12-31,63.20796656886281
WDI:NE.EXP.GNFS.ZS:GUY,1978-12-31,63.08274828429439
WDI:NE.EXP.GNFS.ZS:GUY,1979-12-31,59.806952718497854
WDI:NE.EXP.GNFS.ZS:GUY,1980-12-31,81.28646551724138
WDI:NE.EXP.GNFS.ZS:GUY,1981-12-31,68.92298490438228
WDI:NE.EXP.GNFS.ZS:GUY,1982-12-31,52.78008298755187
WDI:NE.EXP.GNFS.ZS:GUY,1983-12-31,45.87874659400545
WDI:NE.EXP.GNFS.ZS:GUY,1984-12-31,44.16115188447674
WDI:NE.EXP.GNFS.ZS:GUY,1985-12-31,48.08717948717949
WDI:NE.EXP.GNFS.ZS:GUY,1986-12-31,46.304149599269564
WDI:NE.EXP.GNFS.ZS:GUY,1987-12-31,79.56834015630676
WDI:NE.EXP.GNFS.ZS:GUY,1988-12-31,63.62977195818685
WDI:NE.EXP.GNFS.ZS:GUY,1989-12-31,66.3407608716802
WDI:NE.EXP.GNFS.ZS:GUY,1990-12-31,62.706670770763004
WDI:NE.EXP.GNFS.ZS:GUY,1991-12-31,102.3145290766309
WDI:NE.EXP.GNFS.ZS:GUY,1992-12-31,125.74845337441691
WDI:NE.EXP.GNFS.ZS:GUY,1993-12-31,114.32259251742103
WDI:NE.EXP.GNFS.ZS:GUY,1994-12-31,104.95197469571123
WDI:NE.EXP.GNFS.ZS:GUY,1995-12-31,101.21056842725191
WDI:NE.EXP.GNFS.ZS:GUY,1996-12-31,102.62130931435694
WDI:NE.EXP.GNFS.ZS:GUY,1997-12-31,99.66006552970518
WDI:NE.EXP.GNFS.ZS:GUY,1998-12-31,95.93275489028463
WDI:NE.EXP.GNFS.ZS:GUY,1999-12-31,96.50847171320547
WDI:NE.EXP.GNFS.ZS:GUY,2000-12-31,96.07997321207364
WDI:NE.EXP.GNFS.ZS:GUY,2001-12-31,92.87428334125416
WDI:NE.EXP.GNFS.ZS:GUY,2002-12-31,92.30318542324781
WDI:NE.EXP.GNFS.ZS:GUY,2003-12-31,89.67669195635273
WDI:NE.EXP.GNFS.ZS:GUY,2004-12-31,95.56267318272157
WDI:NE.EXP.GNFS.ZS:GUY,2005-12-31,84.62286857156721
WDI:NE.EXP.GNFS.ZS:HIC,1970-12-31,13.322851530813898
WDI:NE.EXP.GNFS.ZS:HIC,1971-12-31,13.477038569724076
WDI:NE.EXP.GNFS.ZS:HIC,1972-12-31,13.761959174632063
WDI:NE.EXP.GNFS.ZS:HIC,1973-12-31,15.354891219790968
WDI:NE.EXP.GNFS.ZS:HIC,1974-12-31,18.278017818556012
WDI:NE.EXP.GNFS.ZS:HIC,1975-12-31,17.649485387929168
WDI:NE.EXP.GNFS.ZS:HIC,1976-12-31,17.971379523576406
WDI:NE.EXP.GNFS.ZS:HIC,1977-12-31,18.03272879660844
WDI:NE.EXP.GNFS.ZS:HIC,1978-12-31,17.789369831327857
WDI:NE.EXP.GNFS.ZS:HIC,1979-12-31,19.136620924865156
WDI:NE.EXP.GNFS.ZS:HIC,1980-12-31,20.65463068518429
WDI:NE.EXP.GNFS.ZS:HIC,1981-12-31,20.483767447866704
WDI:NE.EXP.GNFS.ZS:HIC,1982-12-31,19.27337171625016
WDI:NE.EXP.GNFS.ZS:HIC,1983-12-31,18.261263418663674
WDI:NE.EXP.GNFS.ZS:HIC,1984-12-31,18.54937934921131
WDI:NE.EXP.GNFS.ZS:HIC,1985-12-31,18.057439684769108
WDI:NE.EXP.GNFS.ZS:HIC,1986-12-31,17.18885514771192
WDI:NE.EXP.GNFS.ZS:HIC,1987-12-31,17.53976726105263
WDI:NE.EXP.GNFS.ZS:HIC,1988-12-31,17.906307111921553
WDI:NE.EXP.GNFS.ZS:HIC,1989-12-31,18.58170255943197
WDI:NE.EXP.GNFS.ZS:HIC,1990-12-31,19.031057911237593
WDI:NE.EXP.GNFS.ZS:HIC,1991-12-31,18.76312656444761
WDI:NE.EXP.GNFS.ZS:HIC,1992-12-31,19.922522372899504
WDI:NE.EXP.GNFS.ZS:HIC,1993-12-31,18.94264328616206
WDI:NE.EXP.GNFS.ZS:HIC,1994-12-31,19.427910150174064
WDI:NE.EXP.GNFS.ZS:HIC,1995-12-31,20.70510426022067
WDI:NE.EXP.GNFS.ZS:HIC,1996-12-31,21.256724097033914
WDI:NE.EXP.GNFS.ZS:HIC,1997-12-31,22.198291920253403
WDI:NE.EXP.GNFS.ZS:HIC,1998-12-31,22.10608491859415
WDI:NE.EXP.GNFS.ZS:HIC,1999-12-31,21.774810790248083
WDI:NE.EXP.GNFS.ZS:HIC,2000-12-31,23.227992982686395
WDI:NE.EXP.GNFS.ZS:HIC,2001-12-31,22.642234417306664
WDI:NE.EXP.GNFS.ZS:HIC,2002-12-31,22.584829131802973
WDI:NE.EXP.GNFS.ZS:HIC,2003-12-31,23.188807797631213
WDI:NE.EXP.GNFS.ZS:HIC,2004-12-31,24.91998663593246
WDI:NE.EXP.GNFS.ZS:HIC,2005-12-31,26.163615980084785
WDI:NE.EXP.GNFS.ZS:HIC,2006-12-31,27.94785175566758
WDI:NE.EXP.GNFS.ZS:HIC,2007-12-31,29.235457364987667
WDI:NE.EXP.GNFS.ZS:HIC,2008-12-31,30.707396448560694
WDI:NE.EXP.GNFS.ZS:HIC,2009-12-31,26.52689906583059
WDI:NE.EXP.GNFS.ZS:HIC,2010-12-31,29.261784391548446
WDI:NE.EXP.GNFS.ZS:HIC,2011-12-31,31.604419666470896
WDI:NE.EXP.GNFS.ZS:HIC,2012-12-31,31.623383160338637
WDI:NE.EXP.GNFS.ZS:HIC,2013-12-31,32.09530630588436
WDI:NE.EXP.GNFS.ZS:HIC,2014-12-31,32.1967062056867
WDI:NE.EXP.GNFS.ZS:HIC,2015-12-31,30.690172481612986
WDI:NE.EXP.GNFS.ZS:HIC,2016-12-31,29.776112574739372
WDI:NE.EXP.GNFS.ZS:HIC,2017-12-31,30.984721698604663
WDI:NE.EXP.GNFS.ZS:HIC,2018-12-31,31.868134418851806
WDI:NE.EXP.GNFS.ZS:HIC,2019-12-31,31.00982733951905
WDI:NE.EXP.GNFS.ZS:HIC,2020-12-31,28.64056660811796
WDI:NE.EXP.GNFS.ZS:HIC,2021-12-31,31.43922388684282
WDI:NE.EXP.GNFS.ZS:HIC,2022-12-31,34.00868939510755
WDI:NE.EXP.GNFS.ZS:HIC,2023-12-31,31.8311075332187
WDI:NE.EXP.GNFS.ZS:HIC,2024-12-31,31.4497005095937
WDI:NE.EXP.GNFS.ZS:HIC,2025-12-31,31.7468572222019
WDI:NE.EXP.GNFS.ZS:HKG,1961-12-31,83.04493628437291
WDI:NE.EXP.GNFS.ZS:HKG,1962-12-31,78.34695522044434
WDI:NE.EXP.GNFS.ZS:HKG,1963-12-31,73.07950513091014
WDI:NE.EXP.GNFS.ZS:HKG,1964-12-31,72.92227456258412
WDI:NE.EXP.GNFS.ZS:HKG,1965-12-31,68.8239088368093
WDI:NE.EXP.GNFS.ZS:HKG,1966-12-31,75.90673575129534
WDI:NE.EXP.GNFS.ZS:HKG,1967-12-31,80.62681744749595
WDI:NE.EXP.GNFS.ZS:HKG,1968-12-31,90.21351236920098
WDI:NE.EXP.GNFS.ZS:HKG,1969-12-31,94.96835931470906
WDI:NE.EXP.GNFS.ZS:HKG,1970-12-31,93.18791655846967
WDI:NE.EXP.GNFS.ZS:HKG,1971-12-31,89.35572129980136
WDI:NE.EXP.GNFS.ZS:HKG,1972-12-31,84.38829044174712
WDI:NE.EXP.GNFS.ZS:HKG,1973-12-31,85.42115324122244
WDI:NE.EXP.GNFS.ZS:HKG,1974-12-31,86.6342082980525
WDI:NE.EXP.GNFS.ZS:HKG,1975-12-31,83.39954425376595
WDI:NE.EXP.GNFS.ZS:HKG,1976-12-31,89.44201659383116
WDI:NE.EXP.GNFS.ZS:HKG,1977-12-31,83.36198897440096
WDI:NE.EXP.GNFS.ZS:HKG,1978-12-31,85.58438833321675
WDI:NE.EXP.GNFS.ZS:HKG,1979-12-31,89.63182507919886
WDI:NE.EXP.GNFS.ZS:HKG,1980-12-31,88.74522173250058
WDI:NE.EXP.GNFS.ZS:HKG,1981-12-31,90.53336252290036
WDI:NE.EXP.GNFS.ZS:HKG,1982-12-31,84.86875334812888
WDI:NE.EXP.GNFS.ZS:HKG,1983-12-31,94.06712966159029
WDI:NE.EXP.GNFS.ZS:HKG,1984-12-31,103.95699105316191
WDI:NE.EXP.GNFS.ZS:HKG,1985-12-31,103.91977794396826
WDI:NE.EXP.GNFS.ZS:HKG,1986-12-31,104.7054051946026
WDI:NE.EXP.GNFS.ZS:HKG,1987-12-31,112.77047394685513
WDI:NE.EXP.GNFS.ZS:HKG,1988-12-31,120.13319716097803
WDI:NE.EXP.GNFS.ZS:HKG,1989-12-31,118.3292393366607
WDI:NE.EXP.GNFS.ZS:HKG,1990-12-31,117.26908032627124
WDI:NE.EXP.GNFS.ZS:HKG,1991-12-31,119.3323526050775
WDI:NE.EXP.GNFS.ZS:HKG,1992-12-31,122.66648495285766
WDI:NE.EXP.GNFS.ZS:HKG,1993-12-31,120.35767607222263
WDI:NE.EXP.GNFS.ZS:HKG,1994-12-31,119.29259439220282
WDI:NE.EXP.GNFS.ZS:HKG,1995-12-31,126.20861729070265
WDI:NE.EXP.GNFS.ZS:HKG,1996-12-31,121.68451251962071
WDI:NE.EXP.GNFS.ZS:HKG,1997-12-31,115.04147964835339
WDI:NE.EXP.GNFS.ZS:HKG,1998-12-31,110.83470812813343
WDI:NE.EXP.GNFS.ZS:HKG,1999-12-31,112.71857449690734
WDI:NE.EXP.GNFS.ZS:HKG,2000-12-31,126.03145717274231
WDI:NE.EXP.GNFS.ZS:HKG,2001-12-31,122.76969470352167
WDI:NE.EXP.GNFS.ZS:HKG,2002-12-31,132.0767631640409
WDI:NE.EXP.GNFS.ZS:HKG,2003-12-31,150.7759799915491
WDI:NE.EXP.GNFS.ZS:HKG,2004-12-31,167.77589716837932
WDI:NE.EXP.GNFS.ZS:HKG,2005-12-31,177.45291670354962
WDI:NE.EXP.GNFS.ZS:HKG,2006-12-31,185.18516301249676
WDI:NE.EXP.GNFS.ZS:HKG,2007-12-31,186.41240740606122
WDI:NE.EXP.GNFS.ZS:HKG,2008-12-31,193.41517680661698
WDI:NE.EXP.GNFS.ZS:HKG,2009-12-31,178.13505540170377
WDI:NE.EXP.GNFS.ZS:HKG,2010-12-31,205.32259735229675
WDI:NE.EXP.GNFS.ZS:HKG,2011-12-31,212.85241647410348
WDI:NE.EXP.GNFS.ZS:HKG,2012-12-31,215.84956547650313
WDI:NE.EXP.GNFS.ZS:HKG,2013-12-31,221.6100603047741
WDI:NE.EXP.GNFS.ZS:HKG,2014-12-31,213.09041351678422
WDI:NE.EXP.GNFS.ZS:HKG,2015-12-31,195.89760161449038
WDI:NE.EXP.GNFS.ZS:HKG,2016-12-31,187.00512888872473
WDI:NE.EXP.GNFS.ZS:HKG,2017-12-31,188.9023996366386
WDI:NE.EXP.GNFS.ZS:HKG,2018-12-31,188.33950700229136
WDI:NE.EXP.GNFS.ZS:HKG,2019-12-31,177.6513151743642
WDI:NE.EXP.GNFS.ZS:HKG,2020-12-31,176.30448244688583
WDI:NE.EXP.GNFS.ZS:HKG,2021-12-31,204.01426373260838
WDI:NE.EXP.GNFS.ZS:HKG,2022-12-31,194.4865180071407
WDI:NE.EXP.GNFS.ZS:HKG,2023-12-31,176.854196785869
WDI:NE.EXP.GNFS.ZS:HKG,2024-12-31,181.62493830097
WDI:NE.EXP.GNFS.ZS:HKG,2025-12-31,199.757696650493
WDI:NE.EXP.GNFS.ZS:HND,1960-12-31,18.427415116156837
WDI:NE.EXP.GNFS.ZS:HND,1961-12-31,20.86230876216968
WDI:NE.EXP.GNFS.ZS:HND,1962-12-31,21.03483895201427
WDI:NE.EXP.GNFS.ZS:HND,1963-12-31,27.235772357723576
WDI:NE.EXP.GNFS.ZS:HND,1964-12-31,28.996785653865675
WDI:NE.EXP.GNFS.ZS:HND,1965-12-31,35.15858997004838
WDI:NE.EXP.GNFS.ZS:HND,1966-12-31,37.38351513400274
WDI:NE.EXP.GNFS.ZS:HND,1967-12-31,37.24615487049737
WDI:NE.EXP.GNFS.ZS:HND,1968-12-31,38.573793610889695
WDI:NE.EXP.GNFS.ZS:HND,1969-12-31,35.806489815253435
WDI:NE.EXP.GNFS.ZS:HND,1970-12-31,35.15590446704998
WDI:NE.EXP.GNFS.ZS:HND,1971-12-31,36.42860869111587
WDI:NE.EXP.GNFS.ZS:HND,1972-12-31,36.4478727016931
WDI:NE.EXP.GNFS.ZS:HND,1973-12-31,41.42958433040858
WDI:NE.EXP.GNFS.ZS:HND,1974-12-31,42.73531777956558
WDI:NE.EXP.GNFS.ZS:HND,1975-12-31,42.002180369159056
WDI:NE.EXP.GNFS.ZS:HND,1976-12-31,45.155099729440636
WDI:NE.EXP.GNFS.ZS:HND,1977-12-31,47.969169253432945
WDI:NE.EXP.GNFS.ZS:HND,1978-12-31,46.30167317694734
WDI:NE.EXP.GNFS.ZS:HND,1979-12-31,48.36805930404117
WDI:NE.EXP.GNFS.ZS:HND,1980-12-31,47.36999120713478
WDI:NE.EXP.GNFS.ZS:HND,1981-12-31,40.64052772859672
WDI:NE.EXP.GNFS.ZS:HND,1982-12-31,33.414836303356815
WDI:NE.EXP.GNFS.ZS:HND,1983-12-31,32.97183997083751
WDI:NE.EXP.GNFS.ZS:HND,1984-12-31,32.83332092607757
WDI:NE.EXP.GNFS.ZS:HND,1985-12-31,32.18931220109511
WDI:NE.EXP.GNFS.ZS:HND,1986-12-31,33.7115658400799
WDI:NE.EXP.GNFS.ZS:HND,1987-12-31,29.739492119089316
WDI:NE.EXP.GNFS.ZS:HND,1988-12-31,34.17836998570163
WDI:NE.EXP.GNFS.ZS:HND,1989-12-31,39.39212456954634
WDI:NE.EXP.GNFS.ZS:HND,1990-12-31,47.362937204107816
WDI:NE.EXP.GNFS.ZS:HND,1991-12-31,44.731931769072375
WDI:NE.EXP.GNFS.ZS:HND,1992-12-31,41.567918118851196
WDI:NE.EXP.GNFS.ZS:HND,1993-12-31,45.460770850498946
WDI:NE.EXP.GNFS.ZS:HND,1994-12-31,53.148108991162644
WDI:NE.EXP.GNFS.ZS:HND,1995-12-31,56.87670450234111
WDI:NE.EXP.GNFS.ZS:HND,1996-12-31,60.69498857760366
WDI:NE.EXP.GNFS.ZS:HND,1997-12-31,59.72523953808781
WDI:NE.EXP.GNFS.ZS:HND,1998-12-31,59.177225048707946
WDI:NE.EXP.GNFS.ZS:HND,1999-12-31,53.825723228765234
WDI:NE.EXP.GNFS.ZS:HND,2000-12-31,53.972182998887995
WDI:NE.EXP.GNFS.ZS:HND,2001-12-31,51.381700230628205
WDI:NE.EXP.GNFS.ZS:HND,2002-12-31,52.730582054493965
WDI:NE.EXP.GNFS.ZS:HND,2003-12-31,54.09402749517217
WDI:NE.EXP.GNFS.ZS:HND,2004-12-31,58.42298345278083
WDI:NE.EXP.GNFS.ZS:HND,2005-12-31,59.00584171531135
WDI:NE.EXP.GNFS.ZS:HND,2006-12-31,56.05464205382766
WDI:NE.EXP.GNFS.ZS:HND,2007-12-31,53.50901153929147
WDI:NE.EXP.GNFS.ZS:HND,2008-12-31,51.32527668759138
WDI:NE.EXP.GNFS.ZS:HND,2009-12-31,39.53025081975183
WDI:NE.EXP.GNFS.ZS:HND,2010-12-31,45.75890619674826
WDI:NE.EXP.GNFS.ZS:HND,2011-12-31,51.257686675553494
WDI:NE.EXP.GNFS.ZS:HND,2012-12-31,50.902798821636175
WDI:NE.EXP.GNFS.ZS:HND,2013-12-31,47.94149031947255
WDI:NE.EXP.GNFS.ZS:HND,2014-12-31,47.56265473002061
WDI:NE.EXP.GNFS.ZS:HND,2015-12-31,45.1667574562581
WDI:NE.EXP.GNFS.ZS:HND,2016-12-31,42.71410478141821
WDI:NE.EXP.GNFS.ZS:HND,2017-12-31,43.09385483701783
WDI:NE.EXP.GNFS.ZS:HND,2018-12-31,41.45481656132466
WDI:NE.EXP.GNFS.ZS:HND,2019-12-31,40.21896373889644
WDI:NE.EXP.GNFS.ZS:HND,2020-12-31,35.87514010303779
WDI:NE.EXP.GNFS.ZS:HND,2021-12-31,39.36539835992547
WDI:NE.EXP.GNFS.ZS:HND,2022-12-31,42.43918179489615
WDI:NE.EXP.GNFS.ZS:HND,2023-12-31,37.3686804713719
WDI:NE.EXP.GNFS.ZS:HND,2024-12-31,33.9216124364928
WDI:NE.EXP.GNFS.ZS:HND,2025-12-31,34.9917417691344
WDI:NE.EXP.GNFS.ZS:HPC,1965-12-31,12.478977345294329
WDI:NE.EXP.GNFS.ZS:HPC,1966-12-31,12.125939426338766
WDI:NE.EXP.GNFS.ZS:HPC,1967-12-31,12.766466373171301
WDI:NE.EXP.GNFS.ZS:HPC,1968-12-31,13.134420530034866
WDI:NE.EXP.GNFS.ZS:HPC,1969-12-31,12.64156585297867
WDI:NE.EXP.GNFS.ZS:HPC,1970-12-31,14.8786360851507
WDI:NE.EXP.GNFS.ZS:HPC,1971-12-31,13.691458284605712
WDI:NE.EXP.GNFS.ZS:HPC,1972-12-31,14.13095315104437
WDI:NE.EXP.GNFS.ZS:HPC,1973-12-31,14.126845297060775
WDI:NE.EXP.GNFS.ZS:HPC,1974-12-31,16.350269300128037
WDI:NE.EXP.GNFS.ZS:HPC,1975-12-31,14.990586519298683
WDI:NE.EXP.GNFS.ZS:HPC,1976-12-31,15.873827301674279
WDI:NE.EXP.GNFS.ZS:HPC,1977-12-31,16.051808486231877
WDI:NE.EXP.GNFS.ZS:HPC,1978-12-31,15.195455870277854
WDI:NE.EXP.GNFS.ZS:HPC,1979-12-31,16.342037198302293
WDI:NE.EXP.GNFS.ZS:HPC,1980-12-31,17.070986819062934
WDI:NE.EXP.GNFS.ZS:HPC,1981-12-31,15.623882630998242
WDI:NE.EXP.GNFS.ZS:HPC,1982-12-31,15.220812034365514
WDI:NE.EXP.GNFS.ZS:HPC,1983-12-31,15.014162921926044
WDI:NE.EXP.GNFS.ZS:HPC,1984-12-31,16.230754969198912
WDI:NE.EXP.GNFS.ZS:HPC,1985-12-31,15.089077307722018
WDI:NE.EXP.GNFS.ZS:HPC,1986-12-31,17.26345596808141
WDI:NE.EXP.GNFS.ZS:HPC,1987-12-31,16.4632933976818
WDI:NE.EXP.GNFS.ZS:HPC,1988-12-31,15.315818598165306
WDI:NE.EXP.GNFS.ZS:HPC,1989-12-31,16.05770783112475
WDI:NE.EXP.GNFS.ZS:HPC,1990-12-31,15.316395495677689
WDI:NE.EXP.GNFS.ZS:HPC,1991-12-31,13.709033147254182
WDI:NE.EXP.GNFS.ZS:HPC,1992-12-31,17.220654656032558
WDI:NE.EXP.GNFS.ZS:HPC,1993-12-31,16.712679167378713
WDI:NE.EXP.GNFS.ZS:HPC,1994-12-31,20.316428769059467
WDI:NE.EXP.GNFS.ZS:HPC,1995-12-31,21.569585482850382
WDI:NE.EXP.GNFS.ZS:HPC,1996-12-31,21.363994265125523
WDI:NE.EXP.GNFS.ZS:HPC,1997-12-31,20.52761532370598
WDI:NE.EXP.GNFS.ZS:HPC,1998-12-31,20.240230299567266
WDI:NE.EXP.GNFS.ZS:HPC,1999-12-31,19.601154453471302
WDI:NE.EXP.GNFS.ZS:HPC,2000-12-31,19.999013037569483
WDI:NE.EXP.GNFS.ZS:HPC,2001-12-31,20.46099840094196
WDI:NE.EXP.GNFS.ZS:HPC,2002-12-31,21.145382051903653
WDI:NE.EXP.GNFS.ZS:HPC,2003-12-31,21.444551730774926
WDI:NE.EXP.GNFS.ZS:HPC,2004-12-31,23.358227656069467
WDI:NE.EXP.GNFS.ZS:HPC,2005-12-31,24.221998662273652
WDI:NE.EXP.GNFS.ZS:HPC,2006-12-31,24.719349606820717
WDI:NE.EXP.GNFS.ZS:HPC,2007-12-31,25.095794314730302
WDI:NE.EXP.GNFS.ZS:HPC,2008-12-31,25.798833380692333
WDI:NE.EXP.GNFS.ZS:HPC,2009-12-31,22.486866474292814
WDI:NE.EXP.GNFS.ZS:HPC,2010-12-31,25.36491777362772
WDI:NE.EXP.GNFS.ZS:HPC,2011-12-31,27.260956426366207
WDI:NE.EXP.GNFS.ZS:HPC,2012-12-31,27.119850536720346
WDI:NE.EXP.GNFS.ZS:HPC,2013-12-31,25.240801166188803
WDI:NE.EXP.GNFS.ZS:HPC,2014-12-31,24.566519366708263
WDI:NE.EXP.GNFS.ZS:HPC,2015-12-31,22.00266345022123
WDI:NE.EXP.GNFS.ZS:HPC,2016-12-31,21.390103021072555
WDI:NE.EXP.GNFS.ZS:HPC,2017-12-31,22.19633526322006
WDI:NE.EXP.GNFS.ZS:HPC,2018-12-31,23.18679376507557
WDI:NE.EXP.GNFS.ZS:HPC,2019-12-31,22.77201539687292
WDI:NE.EXP.GNFS.ZS:HPC,2020-12-31,20.422596433900615
WDI:NE.EXP.GNFS.ZS:HPC,2021-12-31,22.80671380101541
WDI:NE.EXP.GNFS.ZS:HPC,2022-12-31,24.21756954081145
WDI:NE.EXP.GNFS.ZS:HPC,2023-12-31,22.5471919096994
WDI:NE.EXP.GNFS.ZS:HPC,2024-12-31,22.6348440511827
WDI:NE.EXP.GNFS.ZS:HPC,2025-12-31,24.1692383963972
WDI:NE.EXP.GNFS.ZS:HRV,1995-12-31,27.306708369247634
WDI:NE.EXP.GNFS.ZS:HRV,1996-12-31,30.307266530953964
WDI:NE.EXP.GNFS.ZS:HRV,1997-12-31,31.044391813681187
WDI:NE.EXP.GNFS.ZS:HRV,1998-12-31,29.136452376701875
WDI:NE.EXP.GNFS.ZS:HRV,1999-12-31,30.137134696007443
WDI:NE.EXP.GNFS.ZS:HRV,2000-12-31,35.08952488602951
WDI:NE.EXP.GNFS.ZS:HRV,2001-12-31,37.13391091607148
WDI:NE.EXP.GNFS.ZS:HRV,2002-12-31,35.891546772318414
WDI:NE.EXP.GNFS.ZS:HRV,2003-12-31,35.5463061278995
WDI:NE.EXP.GNFS.ZS:HRV,2004-12-31,36.56168618720975
WDI:NE.EXP.GNFS.ZS:HRV,2005-12-31,36.40265172301058
WDI:NE.EXP.GNFS.ZS:HRV,2006-12-31,37.54540177387741
WDI:NE.EXP.GNFS.ZS:HRV,2007-12-31,37.46576194124818
WDI:NE.EXP.GNFS.ZS:HRV,2008-12-31,35.974985435883056
WDI:NE.EXP.GNFS.ZS:HRV,2009-12-31,32.10100191279072
WDI:NE.EXP.GNFS.ZS:HRV,2010-12-31,35.503387252172644
WDI:NE.EXP.GNFS.ZS:HRV,2011-12-31,38.051831946999876
WDI:NE.EXP.GNFS.ZS:HRV,2012-12-31,38.703805709704284
WDI:NE.EXP.GNFS.ZS:HRV,2013-12-31,39.4693627523811
WDI:NE.EXP.GNFS.ZS:HRV,2014-12-31,42.41719979912039
WDI:NE.EXP.GNFS.ZS:HRV,2015-12-31,45.43110918395262
WDI:NE.EXP.GNFS.ZS:HRV,2016-12-31,46.62021518650871
WDI:NE.EXP.GNFS.ZS:HRV,2017-12-31,48.91627744343847
WDI:NE.EXP.GNFS.ZS:HRV,2018-12-31,49.11111769053038
WDI:NE.EXP.GNFS.ZS:HRV,2019-12-31,50.49186413733374
WDI:NE.EXP.GNFS.ZS:HRV,2020-12-31,41.28031811372032
WDI:NE.EXP.GNFS.ZS:HRV,2021-12-31,49.78694322358
WDI:NE.EXP.GNFS.ZS:HRV,2022-12-31,59.51204469274206
WDI:NE.EXP.GNFS.ZS:HRV,2023-12-31,52.5673730204834
WDI:NE.EXP.GNFS.ZS:HRV,2024-12-31,50.1414353064432
WDI:NE.EXP.GNFS.ZS:HRV,2025-12-31,47.9720354934122
WDI:NE.EXP.GNFS.ZS:HTI,1988-12-31,16.30213210255161
WDI:NE.EXP.GNFS.ZS:HTI,1989-12-31,13.015419166961658
WDI:NE.EXP.GNFS.ZS:HTI,1990-12-31,11.910183601031143
WDI:NE.EXP.GNFS.ZS:HTI,1991-12-31,10.31144548321071
WDI:NE.EXP.GNFS.ZS:HTI,1992-12-31,7.571511403169695
WDI:NE.EXP.GNFS.ZS:HTI,1993-12-31,10.845350142474743
WDI:NE.EXP.GNFS.ZS:HTI,1994-12-31,6.420726555899746
WDI:NE.EXP.GNFS.ZS:HTI,1995-12-31,9.133563860884134
WDI:NE.EXP.GNFS.ZS:HTI,1996-12-31,11.327630930177717
WDI:NE.EXP.GNFS.ZS:HTI,1997-12-31,10.45254231011369
WDI:NE.EXP.GNFS.ZS:HTI,1998-12-31,9.900471451021478
WDI:NE.EXP.GNFS.ZS:HTI,1999-12-31,12.249111964651862
WDI:NE.EXP.GNFS.ZS:HTI,2000-12-31,7.357980431948389
WDI:NE.EXP.GNFS.ZS:HTI,2001-12-31,7.025775098353401
WDI:NE.EXP.GNFS.ZS:HTI,2002-12-31,6.284429470523922
WDI:NE.EXP.GNFS.ZS:HTI,2003-12-31,9.272435516848086
WDI:NE.EXP.GNFS.ZS:HTI,2004-12-31,8.375012743927174
WDI:NE.EXP.GNFS.ZS:HTI,2005-12-31,8.607309260120507
WDI:NE.EXP.GNFS.ZS:HTI,2006-12-31,9.02116806690294
WDI:NE.EXP.GNFS.ZS:HTI,2007-12-31,8.443689322251902
WDI:NE.EXP.GNFS.ZS:HTI,2008-12-31,8.791390071361533
WDI:NE.EXP.GNFS.ZS:HTI,2009-12-31,8.916115818199287
WDI:NE.EXP.GNFS.ZS:HTI,2010-12-31,8.570288158164932
WDI:NE.EXP.GNFS.ZS:HTI,2011-12-31,10.083114167005409
WDI:NE.EXP.GNFS.ZS:HTI,2012-12-31,9.655093657038073
WDI:NE.EXP.GNFS.ZS:HTI,2013-12-31,10.516285758395503
WDI:NE.EXP.GNFS.ZS:HTI,2014-12-31,10.97483562354278
WDI:NE.EXP.GNFS.ZS:HTI,2015-12-31,11.767746984447989
WDI:NE.EXP.GNFS.ZS:HTI,2016-12-31,11.601970943233084
WDI:NE.EXP.GNFS.ZS:HTI,2017-12-31,11.003470344206736
WDI:NE.EXP.GNFS.ZS:HTI,2018-12-31,10.780822591735463
WDI:NE.EXP.GNFS.ZS:HTI,2019-12-31,10.55767343348492
WDI:NE.EXP.GNFS.ZS:HTI,2020-12-31,7.65100448067923
WDI:NE.EXP.GNFS.ZS:HTI,2021-12-31,7.114727544661081
WDI:NE.EXP.GNFS.ZS:HTI,2022-12-31,7.2387601158694235
WDI:NE.EXP.GNFS.ZS:HTI,2023-12-31,3.19960218811037
WDI:NE.EXP.GNFS.ZS:HTI,2024-12-31,2.19043620968954
WDI:NE.EXP.GNFS.ZS:HTI,2025-12-31,1.55997335042545
WDI:NE.EXP.GNFS.ZS:HUN,1991-12-31,28.71060033096104
WDI:NE.EXP.GNFS.ZS:HUN,1992-12-31,27.559570840171922
WDI:NE.EXP.GNFS.ZS:HUN,1993-12-31,23.145472996583273
WDI:NE.EXP.GNFS.ZS:HUN,1994-12-31,25.350032297857993
WDI:NE.EXP.GNFS.ZS:HUN,1995-12-31,39.110274910239525
WDI:NE.EXP.GNFS.ZS:HUN,1996-12-31,41.77112387432123
WDI:NE.EXP.GNFS.ZS:HUN,1997-12-31,47.842941919277486
WDI:NE.EXP.GNFS.ZS:HUN,1998-12-31,52.884895311527046
WDI:NE.EXP.GNFS.ZS:HUN,1999-12-31,55.572974959290235
WDI:NE.EXP.GNFS.ZS:HUN,2000-12-31,66.78184156552507
WDI:NE.EXP.GNFS.ZS:HUN,2001-12-31,64.79467038542087
WDI:NE.EXP.GNFS.ZS:HUN,2002-12-31,58.06733836887332
WDI:NE.EXP.GNFS.ZS:HUN,2003-12-31,56.34366335958529
WDI:NE.EXP.GNFS.ZS:HUN,2004-12-31,59.56411776973407
WDI:NE.EXP.GNFS.ZS:HUN,2005-12-31,62.52152127712972
WDI:NE.EXP.GNFS.ZS:HUN,2006-12-31,73.80648647853015
WDI:NE.EXP.GNFS.ZS:HUN,2007-12-31,77.8221656386034
WDI:NE.EXP.GNFS.ZS:HUN,2008-12-31,79.20394486301255
WDI:NE.EXP.GNFS.ZS:HUN,2009-12-31,74.35294962180461
WDI:NE.EXP.GNFS.ZS:HUN,2010-12-31,81.25350354550146
WDI:NE.EXP.GNFS.ZS:HUN,2011-12-31,86.19315031818681
WDI:NE.EXP.GNFS.ZS:HUN,2012-12-31,86.08760970612147
WDI:NE.EXP.GNFS.ZS:HUN,2013-12-31,85.39378520706221
WDI:NE.EXP.GNFS.ZS:HUN,2014-12-31,87.02716411026732
WDI:NE.EXP.GNFS.ZS:HUN,2015-12-31,87.4348841373907
WDI:NE.EXP.GNFS.ZS:HUN,2016-12-31,86.11146345981186
WDI:NE.EXP.GNFS.ZS:HUN,2017-12-31,85.74615334494833
WDI:NE.EXP.GNFS.ZS:HUN,2018-12-31,83.39677950012565
WDI:NE.EXP.GNFS.ZS:HUN,2019-12-31,81.065700696964
WDI:NE.EXP.GNFS.ZS:HUN,2020-12-31,78.0879317443048
WDI:NE.EXP.GNFS.ZS:HUN,2021-12-31,79.41143438213784
WDI:NE.EXP.GNFS.ZS:HUN,2022-12-31,89.77194748588728
WDI:NE.EXP.GNFS.ZS:HUN,2023-12-31,81.3874893501556
WDI:NE.EXP.GNFS.ZS:HUN,2024-12-31,76.1979120113902
WDI:NE.EXP.GNFS.ZS:HUN,2025-12-31,72.6304321068483
WDI:NE.EXP.GNFS.ZS:IBD,1960-12-31,10.859946537312675
WDI:NE.EXP.GNFS.ZS:IBD,1961-12-31,10.975669747539047
WDI:NE.EXP.GNFS.ZS:IBD,1962-12-31,10.5384252307833
WDI:NE.EXP.GNFS.ZS:IBD,1963-12-31,11.437207962952332
WDI:NE.EXP.GNFS.ZS:IBD,1964-12-31,10.257171345213418
WDI:NE.EXP.GNFS.ZS:IBD,1965-12-31,10.017388632869825
WDI:NE.EXP.GNFS.ZS:IBD,1966-12-31,10.2774832707491
WDI:NE.EXP.GNFS.ZS:IBD,1967-12-31,10.255721349817343
WDI:NE.EXP.GNFS.ZS:IBD,1968-12-31,10.294689426420552
WDI:NE.EXP.GNFS.ZS:IBD,1969-12-31,10.189191776725046
WDI:NE.EXP.GNFS.ZS:IBD,1970-12-31,10.159854213647465
WDI:NE.EXP.GNFS.ZS:IBD,1971-12-31,10.365052151423189
WDI:NE.EXP.GNFS.ZS:IBD,1972-12-31,11.020299622625746
WDI:NE.EXP.GNFS.ZS:IBD,1973-12-31,13.011105441285864
WDI:NE.EXP.GNFS.ZS:IBD,1974-12-31,17.108379815424623
WDI:NE.EXP.GNFS.ZS:IBD,1975-12-31,15.360681981204454
WDI:NE.EXP.GNFS.ZS:IBD,1976-12-31,16.44615557311409
WDI:NE.EXP.GNFS.ZS:IBD,1977-12-31,16.295614135971594
WDI:NE.EXP.GNFS.ZS:IBD,1978-12-31,15.898302031354367
WDI:NE.EXP.GNFS.ZS:IBD,1979-12-31,18.266253875889436
WDI:NE.EXP.GNFS.ZS:IBD,1980-12-31,19.116120763930322
WDI:NE.EXP.GNFS.ZS:IBD,1981-12-31,17.227765082130958
WDI:NE.EXP.GNFS.ZS:IBD,1982-12-31,17.07150488101553
WDI:NE.EXP.GNFS.ZS:IBD,1983-12-31,17.693733961130683
WDI:NE.EXP.GNFS.ZS:IBD,1984-12-31,17.965063918881153
WDI:NE.EXP.GNFS.ZS:IBD,1985-12-31,16.768586516734516
WDI:NE.EXP.GNFS.ZS:IBD,1986-12-31,14.49130010981475
WDI:NE.EXP.GNFS.ZS:IBD,1987-12-31,17.070957120614516
WDI:NE.EXP.GNFS.ZS:IBD,1988-12-31,18.558285370958853
WDI:NE.EXP.GNFS.ZS:IBD,1989-12-31,19.26473902878105
WDI:NE.EXP.GNFS.ZS:IBD,1990-12-31,18.19003477026142
WDI:NE.EXP.GNFS.ZS:IBD,1991-12-31,18.11301470104783
WDI:NE.EXP.GNFS.ZS:IBD,1992-12-31,25.21928543900025
WDI:NE.EXP.GNFS.ZS:IBD,1993-12-31,21.31167386290606
WDI:NE.EXP.GNFS.ZS:IBD,1994-12-31,20.667629528852675
WDI:NE.EXP.GNFS.ZS:IBD,1995-12-31,21.341086968364735
WDI:NE.EXP.GNFS.ZS:IBD,1996-12-31,21.131358024874526
WDI:NE.EXP.GNFS.ZS:IBD,1997-12-31,21.650437737814034
WDI:NE.EXP.GNFS.ZS:IBD,1998-12-31,21.5543453012814
WDI:NE.EXP.GNFS.ZS:IBD,1999-12-31,23.33118852967812
WDI:NE.EXP.GNFS.ZS:IBD,2000-12-31,25.85063283112776
WDI:NE.EXP.GNFS.ZS:IBD,2001-12-31,25.01600004148163
WDI:NE.EXP.GNFS.ZS:IBD,2002-12-31,26.855434414081742
WDI:NE.EXP.GNFS.ZS:IBD,2003-12-31,28.502619412330006
WDI:NE.EXP.GNFS.ZS:IBD,2004-12-31,30.74633587548027
WDI:NE.EXP.GNFS.ZS:IBD,2005-12-31,31.7542781747611
WDI:NE.EXP.GNFS.ZS:IBD,2006-12-31,32.60626622960465
WDI:NE.EXP.GNFS.ZS:IBD,2007-12-31,31.74006740819558
WDI:NE.EXP.GNFS.ZS:IBD,2008-12-31,31.874645499664883
WDI:NE.EXP.GNFS.ZS:IBD,2009-12-31,26.324381023559912
WDI:NE.EXP.GNFS.ZS:IBD,2010-12-31,27.73987015827158
WDI:NE.EXP.GNFS.ZS:IBD,2011-12-31,28.287694975811657
WDI:NE.EXP.GNFS.ZS:IBD,2012-12-31,27.77261174506938
WDI:NE.EXP.GNFS.ZS:IBD,2013-12-31,27.06421338946062
WDI:NE.EXP.GNFS.ZS:IBD,2014-12-31,26.40534111217282
WDI:NE.EXP.GNFS.ZS:IBD,2015-12-31,24.729393405200145
WDI:NE.EXP.GNFS.ZS:IBD,2016-12-31,23.575978745214147
WDI:NE.EXP.GNFS.ZS:IBD,2017-12-31,24.12982063590761
WDI:NE.EXP.GNFS.ZS:IBD,2018-12-31,25.220988184361264
WDI:NE.EXP.GNFS.ZS:IBD,2019-12-31,24.306317828134326
WDI:NE.EXP.GNFS.ZS:IBD,2020-12-31,23.242407400609498
WDI:NE.EXP.GNFS.ZS:IBD,2021-12-31,25.600199662722346
WDI:NE.EXP.GNFS.ZS:IBD,2022-12-31,27.275476102643704
WDI:NE.EXP.GNFS.ZS:IBD,2023-12-31,25.487706894082
WDI:NE.EXP.GNFS.ZS:IBD,2024-12-31,25.8578933505333
WDI:NE.EXP.GNFS.ZS:IBD,2025-12-31,26.1345631356604
WDI:NE.EXP.GNFS.ZS:IBT,1960-12-31,11.080555848844224
WDI:NE.EXP.GNFS.ZS:IBT,1961-12-31,11.193842556460606
WDI:NE.EXP.GNFS.ZS:IBT,1962-12-31,10.813487321353374
WDI:NE.EXP.GNFS.ZS:IBT,1963-12-31,11.540136413192478
WDI:NE.EXP.GNFS.ZS:IBT,1964-12-31,10.659914254627353
WDI:NE.EXP.GNFS.ZS:IBT,1965-12-31,10.426229014145045
WDI:NE.EXP.GNFS.ZS:IBT,1966-12-31,10.608195904812899
WDI:NE.EXP.GNFS.ZS:IBT,1967-12-31,10.618467698246366
WDI:NE.EXP.GNFS.ZS:IBT,1968-12-31,10.70371943355168
WDI:NE.EXP.GNFS.ZS:IBT,1969-12-31,10.51078934411961
WDI:NE.EXP.GNFS.ZS:IBT,1970-12-31,10.541191847440704
WDI:NE.EXP.GNFS.ZS:IBT,1971-12-31,10.691851128686288
WDI:NE.EXP.GNFS.ZS:IBT,1972-12-31,11.273409654222345
WDI:NE.EXP.GNFS.ZS:IBT,1973-12-31,13.208871524377628
WDI:NE.EXP.GNFS.ZS:IBT,1974-12-31,16.87648890810438
WDI:NE.EXP.GNFS.ZS:IBT,1975-12-31,15.111462090081119
WDI:NE.EXP.GNFS.ZS:IBT,1976-12-31,16.14291301663479
WDI:NE.EXP.GNFS.ZS:IBT,1977-12-31,16.130480358556984
WDI:NE.EXP.GNFS.ZS:IBT,1978-12-31,15.66223910298547
WDI:NE.EXP.GNFS.ZS:IBT,1979-12-31,17.846552984898533
WDI:NE.EXP.GNFS.ZS:IBT,1980-12-31,18.60973439049703
WDI:NE.EXP.GNFS.ZS:IBT,1981-12-31,16.09744404008776
WDI:NE.EXP.GNFS.ZS:IBT,1982-12-31,15.97628179137917
WDI:NE.EXP.GNFS.ZS:IBT,1983-12-31,16.86833276095932
WDI:NE.EXP.GNFS.ZS:IBT,1984-12-31,17.381582619380907
WDI:NE.EXP.GNFS.ZS:IBT,1985-12-31,16.27054283652686
WDI:NE.EXP.GNFS.ZS:IBT,1986-12-31,14.524199719383898
WDI:NE.EXP.GNFS.ZS:IBT,1987-12-31,16.885813059468617
WDI:NE.EXP.GNFS.ZS:IBT,1988-12-31,18.227623573432105
WDI:NE.EXP.GNFS.ZS:IBT,1989-12-31,18.98583564463963
WDI:NE.EXP.GNFS.ZS:IBT,1990-12-31,17.96168080882672
WDI:NE.EXP.GNFS.ZS:IBT,1991-12-31,17.825267500673387
WDI:NE.EXP.GNFS.ZS:IBT,1992-12-31,24.682703690934776
WDI:NE.EXP.GNFS.ZS:IBT,1993-12-31,21.093852163005344
WDI:NE.EXP.GNFS.ZS:IBT,1994-12-31,20.693932416632418
WDI:NE.EXP.GNFS.ZS:IBT,1995-12-31,21.132884468523297
WDI:NE.EXP.GNFS.ZS:IBT,1996-12-31,20.754000909809967
WDI:NE.EXP.GNFS.ZS:IBT,1997-12-31,21.209828031809717
WDI:NE.EXP.GNFS.ZS:IBT,1998-12-31,20.991930100810546
WDI:NE.EXP.GNFS.ZS:IBT,1999-12-31,23.184578071050392
WDI:NE.EXP.GNFS.ZS:IBT,2000-12-31,25.472375372058035
WDI:NE.EXP.GNFS.ZS:IBT,2001-12-31,24.732448162581942
WDI:NE.EXP.GNFS.ZS:IBT,2002-12-31,26.383825818742114
WDI:NE.EXP.GNFS.ZS:IBT,2003-12-31,27.90011439944942
WDI:NE.EXP.GNFS.ZS:IBT,2004-12-31,30.05944014042778
WDI:NE.EXP.GNFS.ZS:IBT,2005-12-31,31.061437778887168
WDI:NE.EXP.GNFS.ZS:IBT,2006-12-31,31.817049474884644
WDI:NE.EXP.GNFS.ZS:IBT,2007-12-31,31.070043068300418
WDI:NE.EXP.GNFS.ZS:IBT,2008-12-31,31.217746150811543
WDI:NE.EXP.GNFS.ZS:IBT,2009-12-31,25.88212901462321
WDI:NE.EXP.GNFS.ZS:IBT,2010-12-31,27.28609531557973
WDI:NE.EXP.GNFS.ZS:IBT,2011-12-31,27.872935200288506
WDI:NE.EXP.GNFS.ZS:IBT,2012-12-31,27.288859300567335
WDI:NE.EXP.GNFS.ZS:IBT,2013-12-31,26.534431634561894
WDI:NE.EXP.GNFS.ZS:IBT,2014-12-31,25.83956414751871
WDI:NE.EXP.GNFS.ZS:IBT,2015-12-31,24.17094646004079
WDI:NE.EXP.GNFS.ZS:IBT,2016-12-31,23.090444059514734
WDI:NE.EXP.GNFS.ZS:IBT,2017-12-31,23.718810011156936
WDI:NE.EXP.GNFS.ZS:IBT,2018-12-31,24.770495161095226
WDI:NE.EXP.GNFS.ZS:IBT,2019-12-31,23.753327578388802
WDI:NE.EXP.GNFS.ZS:IBT,2020-12-31,22.659447534499336
WDI:NE.EXP.GNFS.ZS:IBT,2021-12-31,25.053005084971574
WDI:NE.EXP.GNFS.ZS:IBT,2022-12-31,26.710107674471157
WDI:NE.EXP.GNFS.ZS:IBT,2023-12-31,25.1316363342294
WDI:NE.EXP.GNFS.ZS:IBT,2024-12-31,25.5974832209527
WDI:NE.EXP.GNFS.ZS:IBT,2025-12-31,25.8553692142377
WDI:NE.EXP.GNFS.ZS:IDA,1980-12-31,17.653945491891502
WDI:NE.EXP.GNFS.ZS:IDA,1981-12-31,12.04177097868201
WDI:NE.EXP.GNFS.ZS:IDA,1982-12-31,11.77913429501608
WDI:NE.EXP.GNFS.ZS:IDA,1983-12-31,13.641617816697119
WDI:NE.EXP.GNFS.ZS:IDA,1984-12-31,15.530221482112216
WDI:NE.EXP.GNFS.ZS:IDA,1985-12-31,14.948740960996968
WDI:NE.EXP.GNFS.ZS:IDA,1986-12-31,17.569288412518205
WDI:NE.EXP.GNFS.ZS:IDA,1987-12-31,17.992940494710584
WDI:NE.EXP.GNFS.ZS:IDA,1988-12-31,17.872125103627155
WDI:NE.EXP.GNFS.ZS:IDA,1989-12-31,19.24573586290738
WDI:NE.EXP.GNFS.ZS:IDA,1990-12-31,18.775377966995958
WDI:NE.EXP.GNFS.ZS:IDA,1991-12-31,18.63083448600434
WDI:NE.EXP.GNFS.ZS:IDA,1992-12-31,21.675481405546936
WDI:NE.EXP.GNFS.ZS:IDA,1993-12-31,22.270660522214232
WDI:NE.EXP.GNFS.ZS:IDA,1994-12-31,25.331040658373905
WDI:NE.EXP.GNFS.ZS:IDA,1995-12-31,22.477317781561243
WDI:NE.EXP.GNFS.ZS:IDA,1996-12-31,19.922967319272065
WDI:NE.EXP.GNFS.ZS:IDA,1997-12-31,19.3572561306877
WDI:NE.EXP.GNFS.ZS:IDA,1998-12-31,18.28481226857326
WDI:NE.EXP.GNFS.ZS:IDA,1999-12-31,24.636368407544975
WDI:NE.EXP.GNFS.ZS:IDA,2000-12-31,23.914255525824036
WDI:NE.EXP.GNFS.ZS:IDA,2001-12-31,24.334523212093977
WDI:NE.EXP.GNFS.ZS:IDA,2002-12-31,23.913909249667412
WDI:NE.EXP.GNFS.ZS:IDA,2003-12-31,23.671863757514778
WDI:NE.EXP.GNFS.ZS:IDA,2004-12-31,24.54396438949116
WDI:NE.EXP.GNFS.ZS:IDA,2005-12-31,25.11719276712203
WDI:NE.EXP.GNFS.ZS:IDA,2006-12-31,24.503905775940847
WDI:NE.EXP.GNFS.ZS:IDA,2007-12-31,24.470611203803845
WDI:NE.EXP.GNFS.ZS:IDA,2008-12-31,24.740898106717026
WDI:NE.EXP.GNFS.ZS:IDA,2009-12-31,22.358190203264076
WDI:NE.EXP.GNFS.ZS:IDA,2010-12-31,22.918321256087623
WDI:NE.EXP.GNFS.ZS:IDA,2011-12-31,23.513761228632866
WDI:NE.EXP.GNFS.ZS:IDA,2012-12-31,21.339759017246845
WDI:NE.EXP.GNFS.ZS:IDA,2013-12-31,20.204897075201437
WDI:NE.EXP.GNFS.ZS:IDA,2014-12-31,19.55608408104851
WDI:NE.EXP.GNFS.ZS:IDA,2015-12-31,18.2853741506942
WDI:NE.EXP.GNFS.ZS:IDA,2016-12-31,18.07684209309413
WDI:NE.EXP.GNFS.ZS:IDA,2017-12-31,19.455529735596023
WDI:NE.EXP.GNFS.ZS:IDA,2018-12-31,19.905503169636063
WDI:NE.EXP.GNFS.ZS:IDA,2019-12-31,18.329043849456454
WDI:NE.EXP.GNFS.ZS:IDA,2020-12-31,16.695432123721595
WDI:NE.EXP.GNFS.ZS:IDA,2021-12-31,18.786063116810816
WDI:NE.EXP.GNFS.ZS:IDA,2022-12-31,20.598744071322795
WDI:NE.EXP.GNFS.ZS:IDA,2023-12-31,21.389481020745
WDI:NE.EXP.GNFS.ZS:IDA,2024-12-31,23.0527356761793
WDI:NE.EXP.GNFS.ZS:IDA,2025-12-31,23.6663370579335
WDI:NE.EXP.GNFS.ZS:IDN,1960-12-31,11.532547411583803
WDI:NE.EXP.GNFS.ZS:IDN,1961-12-31,11.061476281642204
WDI:NE.EXP.GNFS.ZS:IDN,1962-12-31,5.168152198337203
WDI:NE.EXP.GNFS.ZS:IDN,1963-12-31,9.06881077038145
WDI:NE.EXP.GNFS.ZS:IDN,1964-12-31,12.252050185743323
WDI:NE.EXP.GNFS.ZS:IDN,1965-12-31,5.276254744833404
WDI:NE.EXP.GNFS.ZS:IDN,1966-12-31,12.757201646090536
WDI:NE.EXP.GNFS.ZS:IDN,1967-12-31,8.775654635527246
WDI:NE.EXP.GNFS.ZS:IDN,1968-12-31,10.86946153479277
WDI:NE.EXP.GNFS.ZS:IDN,1969-12-31,9.013980868285504
WDI:NE.EXP.GNFS.ZS:IDN,1970-12-31,12.84431137724551
WDI:NE.EXP.GNFS.ZS:IDN,1971-12-31,14.419934640522875
WDI:NE.EXP.GNFS.ZS:IDN,1972-12-31,16.51621384750219
WDI:NE.EXP.GNFS.ZS:IDN,1973-12-31,20.053602629786475
WDI:NE.EXP.GNFS.ZS:IDN,1974-12-31,28.997945461337316
WDI:NE.EXP.GNFS.ZS:IDN,1975-12-31,22.547755586315997
WDI:NE.EXP.GNFS.ZS:IDN,1976-12-31,22.174090142047106
WDI:NE.EXP.GNFS.ZS:IDN,1977-12-31,23.490981394688255
WDI:NE.EXP.GNFS.ZS:IDN,1978-12-31,21.86714147542425
WDI:NE.EXP.GNFS.ZS:IDN,1979-12-31,30.065822753189657
WDI:NE.EXP.GNFS.ZS:IDN,1980-12-31,30.47417027353523
WDI:NE.EXP.GNFS.ZS:IDN,1981-12-31,27.630444037240636
WDI:NE.EXP.GNFS.ZS:IDN,1982-12-31,22.379034286615042
WDI:NE.EXP.GNFS.ZS:IDN,1983-12-31,27.745408262955646
WDI:NE.EXP.GNFS.ZS:IDN,1984-12-31,27.31497861117365
WDI:NE.EXP.GNFS.ZS:IDN,1985-12-31,23.77767079669935
WDI:NE.EXP.GNFS.ZS:IDN,1986-12-31,20.495602457046065
WDI:NE.EXP.GNFS.ZS:IDN,1987-12-31,24.576800096781763
WDI:NE.EXP.GNFS.ZS:IDN,1988-12-31,25.041659395038028
WDI:NE.EXP.GNFS.ZS:IDN,1989-12-31,26.08755466259771
WDI:NE.EXP.GNFS.ZS:IDN,1990-12-31,27.305758978144883
WDI:NE.EXP.GNFS.ZS:IDN,1991-12-31,28.3512610672578
WDI:NE.EXP.GNFS.ZS:IDN,1992-12-31,30.307463507827514
WDI:NE.EXP.GNFS.ZS:IDN,1993-12-31,26.7548134217247
WDI:NE.EXP.GNFS.ZS:IDN,1994-12-31,26.511427851573323
WDI:NE.EXP.GNFS.ZS:IDN,1995-12-31,26.312165013142607
WDI:NE.EXP.GNFS.ZS:IDN,1996-12-31,25.824551982094306
WDI:NE.EXP.GNFS.ZS:IDN,1997-12-31,27.859243283131736
WDI:NE.EXP.GNFS.ZS:IDN,1998-12-31,52.96813456607797
WDI:NE.EXP.GNFS.ZS:IDN,1999-12-31,35.5141290838601
WDI:NE.EXP.GNFS.ZS:IDN,2000-12-31,40.97730847387039
WDI:NE.EXP.GNFS.ZS:IDN,2001-12-31,39.032139095511084
WDI:NE.EXP.GNFS.ZS:IDN,2002-12-31,32.68762088783749
WDI:NE.EXP.GNFS.ZS:IDN,2003-12-31,30.477654780966102
WDI:NE.EXP.GNFS.ZS:IDN,2004-12-31,32.216694618259865
WDI:NE.EXP.GNFS.ZS:IDN,2005-12-31,34.0672676279992
WDI:NE.EXP.GNFS.ZS:IDN,2006-12-31,31.03471631431658
WDI:NE.EXP.GNFS.ZS:IDN,2007-12-31,29.43571848512635
WDI:NE.EXP.GNFS.ZS:IDN,2008-12-31,29.808284167373174
WDI:NE.EXP.GNFS.ZS:IDN,2009-12-31,24.15911966862791
WDI:NE.EXP.GNFS.ZS:IDN,2010-12-31,24.299030936640783
WDI:NE.EXP.GNFS.ZS:IDN,2011-12-31,26.327353088883598
WDI:NE.EXP.GNFS.ZS:IDN,2012-12-31,24.59437878817687
WDI:NE.EXP.GNFS.ZS:IDN,2013-12-31,23.92357637936048
WDI:NE.EXP.GNFS.ZS:IDN,2014-12-31,23.66598459693668
WDI:NE.EXP.GNFS.ZS:IDN,2015-12-31,21.160179259805858
WDI:NE.EXP.GNFS.ZS:IDN,2016-12-31,19.088993853666448
WDI:NE.EXP.GNFS.ZS:IDN,2017-12-31,20.1773044351106
WDI:NE.EXP.GNFS.ZS:IDN,2018-12-31,21.002746497245457
WDI:NE.EXP.GNFS.ZS:IDN,2019-12-31,18.591527797088286
WDI:NE.EXP.GNFS.ZS:IDN,2020-12-31,17.3311682848923
WDI:NE.EXP.GNFS.ZS:IDN,2021-12-31,21.416555639065315
WDI:NE.EXP.GNFS.ZS:IDN,2022-12-31,24.50291168628321
WDI:NE.EXP.GNFS.ZS:IDN,2023-12-31,21.8085632197562
WDI:NE.EXP.GNFS.ZS:IDN,2024-12-31,22.3096487702606
WDI:NE.EXP.GNFS.ZS:IDN,2025-12-31,22.8465482987858
WDI:NE.EXP.GNFS.ZS:IDX,1990-12-31,15.087412715050025
WDI:NE.EXP.GNFS.ZS:IDX,1991-12-31,14.811177174795063
WDI:NE.EXP.GNFS.ZS:IDX,1992-12-31,17.878104477551997
WDI:NE.EXP.GNFS.ZS:IDX,1993-12-31,19.320669771622104
WDI:NE.EXP.GNFS.ZS:IDX,1994-12-31,25.43423184811539
WDI:NE.EXP.GNFS.ZS:IDX,1995-12-31,24.98760017160283
WDI:NE.EXP.GNFS.ZS:IDX,1996-12-31,23.13671150731962
WDI:NE.EXP.GNFS.ZS:IDX,1997-12-31,23.30299245686742
WDI:NE.EXP.GNFS.ZS:IDX,1998-12-31,22.898255466975066
WDI:NE.EXP.GNFS.ZS:IDX,1999-12-31,22.971022984418976
WDI:NE.EXP.GNFS.ZS:IDX,2000-12-31,24.38451221808994
WDI:NE.EXP.GNFS.ZS:IDX,2001-12-31,25.03057127406827
WDI:NE.EXP.GNFS.ZS:IDX,2002-12-31,25.12135423002547
WDI:NE.EXP.GNFS.ZS:IDX,2003-12-31,24.307858784489078
WDI:NE.EXP.GNFS.ZS:IDX,2004-12-31,26.55320645744663
WDI:NE.EXP.GNFS.ZS:IDX,2005-12-31,27.86888226960866
WDI:NE.EXP.GNFS.ZS:IDX,2006-12-31,28.322284421589416
WDI:NE.EXP.GNFS.ZS:IDX,2007-12-31,28.577502236824543
WDI:NE.EXP.GNFS.ZS:IDX,2008-12-31,28.413640780324084
WDI:NE.EXP.GNFS.ZS:IDX,2009-12-31,23.974569822165172
WDI:NE.EXP.GNFS.ZS:IDX,2010-12-31,25.495564865931925
WDI:NE.EXP.GNFS.ZS:IDX,2011-12-31,25.85638650866543
WDI:NE.EXP.GNFS.ZS:IDX,2012-12-31,24.57888181025162
WDI:NE.EXP.GNFS.ZS:IDX,2013-12-31,23.42341366210218
WDI:NE.EXP.GNFS.ZS:IDX,2014-12-31,23.31637750485988
WDI:NE.EXP.GNFS.ZS:IDX,2015-12-31,21.438403184529246
WDI:NE.EXP.GNFS.ZS:IDX,2016-12-31,20.415423577291925
WDI:NE.EXP.GNFS.ZS:IDX,2017-12-31,21.089327945340557
WDI:NE.EXP.GNFS.ZS:IDX,2018-12-31,21.671436894132746
WDI:NE.EXP.GNFS.ZS:IDX,2019-12-31,21.5134895838286
WDI:NE.EXP.GNFS.ZS:IDX,2020-12-31,18.86712728421035
WDI:NE.EXP.GNFS.ZS:IDX,2021-12-31,21.150334470882356
WDI:NE.EXP.GNFS.ZS:IDX,2022-12-31,22.765338868018336
WDI:NE.EXP.GNFS.ZS:IDX,2023-12-31,22.2709549018448
WDI:NE.EXP.GNFS.ZS:IDX,2024-12-31,21.8246256823047
WDI:NE.EXP.GNFS.ZS:IDX,2025-12-31,22.8446342447197
WDI:NE.EXP.GNFS.ZS:IND,1960-12-31,4.463156455547525
WDI:NE.EXP.GNFS.ZS:IND,1961-12-31,4.3035861899982315
WDI:NE.EXP.GNFS.ZS:IND,1962-12-31,4.1689752832177245
WDI:NE.EXP.GNFS.ZS:IND,1963-12-31,4.280503384901251
WDI:NE.EXP.GNFS.ZS:IND,1964-12-31,3.7255511726312918
WDI:NE.EXP.GNFS.ZS:IND,1965-12-31,3.3074727808806235
WDI:NE.EXP.GNFS.ZS:IND,1966-12-31,4.14255065953483
WDI:NE.EXP.GNFS.ZS:IND,1967-12-31,4.03444499534157
WDI:NE.EXP.GNFS.ZS:IND,1968-12-31,4.038771005797665
WDI:NE.EXP.GNFS.ZS:IND,1969-12-31,3.713842820481582
WDI:NE.EXP.GNFS.ZS:IND,1970-12-31,3.782825062029956
WDI:NE.EXP.GNFS.ZS:IND,1971-12-31,3.6672052170616887
WDI:NE.EXP.GNFS.ZS:IND,1972-12-31,4.027489261552762
WDI:NE.EXP.GNFS.ZS:IND,1973-12-31,4.208763192328722
WDI:NE.EXP.GNFS.ZS:IND,1974-12-31,4.831321003369997
WDI:NE.EXP.GNFS.ZS:IND,1975-12-31,5.647062157855777
WDI:NE.EXP.GNFS.ZS:IND,1976-12-31,6.686512861669805
WDI:NE.EXP.GNFS.ZS:IND,1977-12-31,6.383171813738012
WDI:NE.EXP.GNFS.ZS:IND,1978-12-31,6.314825234508198
WDI:NE.EXP.GNFS.ZS:IND,1979-12-31,6.749638157300526
WDI:NE.EXP.GNFS.ZS:IND,1980-12-31,6.139551132161833
WDI:NE.EXP.GNFS.ZS:IND,1981-12-31,5.936026626578064
WDI:NE.EXP.GNFS.ZS:IND,1982-12-31,5.983299848639781
WDI:NE.EXP.GNFS.ZS:IND,1983-12-31,5.8376294242785605
WDI:NE.EXP.GNFS.ZS:IND,1984-12-31,6.283401392886125
WDI:NE.EXP.GNFS.ZS:IND,1985-12-31,5.254554996287083
WDI:NE.EXP.GNFS.ZS:IND,1986-12-31,5.196221660359887
WDI:NE.EXP.GNFS.ZS:IND,1987-12-31,5.604580884003965
WDI:NE.EXP.GNFS.ZS:IND,1988-12-31,6.035219754911279
WDI:NE.EXP.GNFS.ZS:IND,1989-12-31,7.016130277943114
WDI:NE.EXP.GNFS.ZS:IND,1990-12-31,7.053350234144568
WDI:NE.EXP.GNFS.ZS:IND,1991-12-31,8.494240770535466
WDI:NE.EXP.GNFS.ZS:IND,1992-12-31,8.842926925020878
WDI:NE.EXP.GNFS.ZS:IND,1993-12-31,9.834217454863262
WDI:NE.EXP.GNFS.ZS:IND,1994-12-31,9.888084916445399
WDI:NE.EXP.GNFS.ZS:IND,1995-12-31,10.843968035062238
WDI:NE.EXP.GNFS.ZS:IND,1996-12-31,10.385169271606278
WDI:NE.EXP.GNFS.ZS:IND,1997-12-31,10.690717318378956
WDI:NE.EXP.GNFS.ZS:IND,1998-12-31,11.01846917931019
WDI:NE.EXP.GNFS.ZS:IND,1999-12-31,11.452064612800928
WDI:NE.EXP.GNFS.ZS:IND,2000-12-31,12.997236311347853
WDI:NE.EXP.GNFS.ZS:IND,2001-12-31,12.558379633910777
WDI:NE.EXP.GNFS.ZS:IND,2002-12-31,14.264383924314739
WDI:NE.EXP.GNFS.ZS:IND,2003-12-31,14.947913858173406
WDI:NE.EXP.GNFS.ZS:IND,2004-12-31,17.859124963047883
WDI:NE.EXP.GNFS.ZS:IND,2005-12-31,19.60524669483348
WDI:NE.EXP.GNFS.ZS:IND,2006-12-31,21.26794142219655
WDI:NE.EXP.GNFS.ZS:IND,2007-12-31,20.79969974890322
WDI:NE.EXP.GNFS.ZS:IND,2008-12-31,24.097357260139106
WDI:NE.EXP.GNFS.ZS:IND,2009-12-31,20.400519374356367
WDI:NE.EXP.GNFS.ZS:IND,2010-12-31,22.40093324879449
WDI:NE.EXP.GNFS.ZS:IND,2011-12-31,24.54041131957129
WDI:NE.EXP.GNFS.ZS:IND,2012-12-31,24.534430661417986
WDI:NE.EXP.GNFS.ZS:IND,2013-12-31,25.43086130051904
WDI:NE.EXP.GNFS.ZS:IND,2014-12-31,22.96796300811724
WDI:NE.EXP.GNFS.ZS:IND,2015-12-31,19.813189156404547
WDI:NE.EXP.GNFS.ZS:IND,2016-12-31,19.158234910594622
WDI:NE.EXP.GNFS.ZS:IND,2017-12-31,18.791764839298228
WDI:NE.EXP.GNFS.ZS:IND,2018-12-31,19.927828598856166
WDI:NE.EXP.GNFS.ZS:IND,2019-12-31,18.664264897257034
WDI:NE.EXP.GNFS.ZS:IND,2020-12-31,18.682476929675566
WDI:NE.EXP.GNFS.ZS:IND,2021-12-31,21.399158330551472
WDI:NE.EXP.GNFS.ZS:IND,2022-12-31,23.25154120452979
WDI:NE.EXP.GNFS.ZS:IND,2023-12-31,22.354801966733
WDI:NE.EXP.GNFS.ZS:IND,2024-12-31,22.0639816354399
WDI:NE.EXP.GNFS.ZS:IND,2025-12-31,22.2630410669804
WDI:NE.EXP.GNFS.ZS:IRL,1970-12-31,33.0917946052338
WDI:NE.EXP.GNFS.ZS:IRL,1971-12-31,32.32412385674069
WDI:NE.EXP.GNFS.ZS:IRL,1972-12-31,30.935941635726387
WDI:NE.EXP.GNFS.ZS:IRL,1973-12-31,34.019386758244764
WDI:NE.EXP.GNFS.ZS:IRL,1974-12-31,38.10755260522502
WDI:NE.EXP.GNFS.ZS:IRL,1975-12-31,38.221957614904255
WDI:NE.EXP.GNFS.ZS:IRL,1976-12-31,41.41004583217066
WDI:NE.EXP.GNFS.ZS:IRL,1977-12-31,44.21680803579335
WDI:NE.EXP.GNFS.ZS:IRL,1978-12-31,44.7005294795216
WDI:NE.EXP.GNFS.ZS:IRL,1979-12-31,44.51101443294797
WDI:NE.EXP.GNFS.ZS:IRL,1980-12-31,44.36219675546956
WDI:NE.EXP.GNFS.ZS:IRL,1981-12-31,43.37516702477072
WDI:NE.EXP.GNFS.ZS:IRL,1982-12-31,43.03655127390037
WDI:NE.EXP.GNFS.ZS:IRL,1983-12-31,46.95424178467961
WDI:NE.EXP.GNFS.ZS:IRL,1984-12-31,53.310212641078
WDI:NE.EXP.GNFS.ZS:IRL,1985-12-31,54.03784931264673
WDI:NE.EXP.GNFS.ZS:IRL,1986-12-31,49.09912393656853
WDI:NE.EXP.GNFS.ZS:IRL,1987-12-31,52.439814502197265
WDI:NE.EXP.GNFS.ZS:IRL,1988-12-31,55.59240812446844
WDI:NE.EXP.GNFS.ZS:IRL,1989-12-31,58.92822986705573
WDI:NE.EXP.GNFS.ZS:IRL,1990-12-31,54.706219238361776
WDI:NE.EXP.GNFS.ZS:IRL,1991-12-31,55.58183645744011
WDI:NE.EXP.GNFS.ZS:IRL,1992-12-31,58.40546362438134
WDI:NE.EXP.GNFS.ZS:IRL,1993-12-31,63.366966997161036
WDI:NE.EXP.GNFS.ZS:IRL,1994-12-31,67.96003210666906
WDI:NE.EXP.GNFS.ZS:IRL,1995-12-31,73.51998055470231
WDI:NE.EXP.GNFS.ZS:IRL,1996-12-31,74.9070020586701
WDI:NE.EXP.GNFS.ZS:IRL,1997-12-31,77.1247806345089
WDI:NE.EXP.GNFS.ZS:IRL,1998-12-31,84.32405023278766
WDI:NE.EXP.GNFS.ZS:IRL,1999-12-31,86.46007582217956
WDI:NE.EXP.GNFS.ZS:IRL,2000-12-31,94.38943473388969
WDI:NE.EXP.GNFS.ZS:IRL,2001-12-31,95.22437263765909
WDI:NE.EXP.GNFS.ZS:IRL,2002-12-31,90.44946681306698
WDI:NE.EXP.GNFS.ZS:IRL,2003-12-31,80.84058472647033
WDI:NE.EXP.GNFS.ZS:IRL,2004-12-31,80.47556600091343
WDI:NE.EXP.GNFS.ZS:IRL,2005-12-31,79.52768640752468
WDI:NE.EXP.GNFS.ZS:IRL,2006-12-31,79.03466327725467
WDI:NE.EXP.GNFS.ZS:IRL,2007-12-31,80.83678807236005
WDI:NE.EXP.GNFS.ZS:IRL,2008-12-31,84.33327335457915
WDI:NE.EXP.GNFS.ZS:IRL,2009-12-31,93.55615768415086
WDI:NE.EXP.GNFS.ZS:IRL,2010-12-31,103.3270783557685
WDI:NE.EXP.GNFS.ZS:IRL,2011-12-31,102.41088550994984
WDI:NE.EXP.GNFS.ZS:IRL,2012-12-31,103.82169518958149
WDI:NE.EXP.GNFS.ZS:IRL,2013-12-31,109.74648073732729
WDI:NE.EXP.GNFS.ZS:IRL,2014-12-31,115.09726544851321
WDI:NE.EXP.GNFS.ZS:IRL,2015-12-31,126.68752196084469
WDI:NE.EXP.GNFS.ZS:IRL,2016-12-31,129.1784338438709
WDI:NE.EXP.GNFS.ZS:IRL,2017-12-31,128.4962707929043
WDI:NE.EXP.GNFS.ZS:IRL,2018-12-31,125.96871543688164
WDI:NE.EXP.GNFS.ZS:IRL,2019-12-31,131.22450934216897
WDI:NE.EXP.GNFS.ZS:IRL,2020-12-31,139.81188990684544
WDI:NE.EXP.GNFS.ZS:IRL,2021-12-31,136.39767022285133
WDI:NE.EXP.GNFS.ZS:IRL,2022-12-31,139.5059805386978
WDI:NE.EXP.GNFS.ZS:IRL,2023-12-31,136.52636667411
WDI:NE.EXP.GNFS.ZS:IRL,2024-12-31,143.984601661031
WDI:NE.EXP.GNFS.ZS:IRL,2025-12-31,140.066665278394
WDI:NE.EXP.GNFS.ZS:IRN,1960-12-31,13.849078460270862
WDI:NE.EXP.GNFS.ZS:IRN,1961-12-31,13.732147437506924
WDI:NE.EXP.GNFS.ZS:IRN,1962-12-31,14.497355685296693
WDI:NE.EXP.GNFS.ZS:IRN,1963-12-31,15.33100554511958
WDI:NE.EXP.GNFS.ZS:IRN,1964-12-31,16.398282448553665
WDI:NE.EXP.GNFS.ZS:IRN,1965-12-31,16.150274921456077
WDI:NE.EXP.GNFS.ZS:IRN,1966-12-31,16.294392354568686
WDI:NE.EXP.GNFS.ZS:IRN,1967-12-31,17.296538207263755
WDI:NE.EXP.GNFS.ZS:IRN,1968-12-31,17.479185591517293
WDI:NE.EXP.GNFS.ZS:IRN,1969-12-31,18.028084641120035
WDI:NE.EXP.GNFS.ZS:IRN,1970-12-31,18.465544970992585
WDI:NE.EXP.GNFS.ZS:IRN,1971-12-31,23.105223000267745
WDI:NE.EXP.GNFS.ZS:IRN,1972-12-31,22.947457757486458
WDI:NE.EXP.GNFS.ZS:IRN,1973-12-31,33.440076025626965
WDI:NE.EXP.GNFS.ZS:IRN,1974-12-31,47.370930903923316
WDI:NE.EXP.GNFS.ZS:IRN,1975-12-31,40.735735929588785
WDI:NE.EXP.GNFS.ZS:IRN,1976-12-31,37.2050049388261
WDI:NE.EXP.GNFS.ZS:IRN,1977-12-31,30.79530351131429
WDI:NE.EXP.GNFS.ZS:IRN,1978-12-31,23.47453726855689
WDI:NE.EXP.GNFS.ZS:IRN,1979-12-31,26.746335916887237
WDI:NE.EXP.GNFS.ZS:IRN,1980-12-31,13.736025762753142
WDI:NE.EXP.GNFS.ZS:IRN,1981-12-31,12.369723402444679
WDI:NE.EXP.GNFS.ZS:IRN,1982-12-31,17.090270099560765
WDI:NE.EXP.GNFS.ZS:IRN,1983-12-31,14.53382416605558
WDI:NE.EXP.GNFS.ZS:IRN,1984-12-31,11.313438905387082
WDI:NE.EXP.GNFS.ZS:IRN,1985-12-31,8.883595381454494
WDI:NE.EXP.GNFS.ZS:IRN,1986-12-31,3.731615720020056
WDI:NE.EXP.GNFS.ZS:IRN,1987-12-31,9.157403211032424
WDI:NE.EXP.GNFS.ZS:IRN,1988-12-31,7.285160407245458
WDI:NE.EXP.GNFS.ZS:IRN,1989-12-31,9.827269633200958
WDI:NE.EXP.GNFS.ZS:IRN,1990-12-31,13.27874180049008
WDI:NE.EXP.GNFS.ZS:IRN,1991-12-31,13.824320286036365
WDI:NE.EXP.GNFS.ZS:IRN,1992-12-31,13.164590669173066
WDI:NE.EXP.GNFS.ZS:IRN,1993-12-31,25.41011164664481
WDI:NE.EXP.GNFS.ZS:IRN,1994-12-31,28.286192414356115
WDI:NE.EXP.GNFS.ZS:IRN,1995-12-31,21.676240704329903
WDI:NE.EXP.GNFS.ZS:IRN,1996-12-31,20.195130239872668
WDI:NE.EXP.GNFS.ZS:IRN,1997-12-31,17.27793086506474
WDI:NE.EXP.GNFS.ZS:IRN,1998-12-31,12.68338091236191
WDI:NE.EXP.GNFS.ZS:IRN,1999-12-31,19.292023195997995
WDI:NE.EXP.GNFS.ZS:IRN,2000-12-31,21.467057567848286
WDI:NE.EXP.GNFS.ZS:IRN,2001-12-31,19.303320356235336
WDI:NE.EXP.GNFS.ZS:IRN,2002-12-31,24.41390215364573
WDI:NE.EXP.GNFS.ZS:IRN,2003-12-31,24.627472830923217
WDI:NE.EXP.GNFS.ZS:IRN,2004-12-31,25.266928255823046
WDI:NE.EXP.GNFS.ZS:IRN,2005-12-31,30.330819186539742
WDI:NE.EXP.GNFS.ZS:IRN,2006-12-31,29.86903525058313
WDI:NE.EXP.GNFS.ZS:IRN,2007-12-31,28.843612405416458
WDI:NE.EXP.GNFS.ZS:IRN,2008-12-31,26.5771274521598
WDI:NE.EXP.GNFS.ZS:IRN,2009-12-31,22.711489137821452
WDI:NE.EXP.GNFS.ZS:IRN,2010-12-31,24.39965328290902
WDI:NE.EXP.GNFS.ZS:IRN,2011-12-31,24.93331312646738
WDI:NE.EXP.GNFS.ZS:IRN,2012-12-31,22.475300199258598
WDI:NE.EXP.GNFS.ZS:IRN,2013-12-31,25.182906741907154
WDI:NE.EXP.GNFS.ZS:IRN,2014-12-31,22.83067238916428
WDI:NE.EXP.GNFS.ZS:IRN,2015-12-31,18.720834506865604
WDI:NE.EXP.GNFS.ZS:IRN,2016-12-31,20.309781614448145
WDI:NE.EXP.GNFS.ZS:IRN,2017-12-31,21.832930994610862
WDI:NE.EXP.GNFS.ZS:IRN,2018-12-31,29.639694129411986
WDI:NE.EXP.GNFS.ZS:IRN,2019-12-31,22.31470820964125
WDI:NE.EXP.GNFS.ZS:IRN,2020-12-31,18.390374863913102
WDI:NE.EXP.GNFS.ZS:IRN,2021-12-31,22.019207836041552
WDI:NE.EXP.GNFS.ZS:IRN,2022-12-31,25.566618517499514
WDI:NE.EXP.GNFS.ZS:IRN,2023-12-31,23.9216475542357
WDI:NE.EXP.GNFS.ZS:IRN,2024-12-31,23.5514720983508
WDI:NE.EXP.GNFS.ZS:IRN,2025-12-31,25.754375261588
WDI:NE.EXP.GNFS.ZS:IRQ,1970-12-31,37.332536905879344
WDI:NE.EXP.GNFS.ZS:IRQ,1971-12-31,43.65485948477752
WDI:NE.EXP.GNFS.ZS:IRQ,1972-12-31,36.925885359620295
WDI:NE.EXP.GNFS.ZS:IRQ,1973-12-31,46.328446502057616
WDI:NE.EXP.GNFS.ZS:IRQ,1974-12-31,61.039724778735035
WDI:NE.EXP.GNFS.ZS:IRQ,1975-12-31,52.32871197443575
WDI:NE.EXP.GNFS.ZS:IRQ,1976-12-31,57.36982643524699
WDI:NE.EXP.GNFS.ZS:IRQ,1977-12-31,56.19814960226691
WDI:NE.EXP.GNFS.ZS:IRQ,1978-12-31,56.67806755023514
WDI:NE.EXP.GNFS.ZS:IRQ,1979-12-31,62.45343505981804
WDI:NE.EXP.GNFS.ZS:IRQ,1980-12-31,63.48735312953768
WDI:NE.EXP.GNFS.ZS:IRQ,1981-12-31,31.619208770677453
WDI:NE.EXP.GNFS.ZS:IRQ,1982-12-31,26.351388550260722
WDI:NE.EXP.GNFS.ZS:IRQ,1983-12-31,24.620869978607082
WDI:NE.EXP.GNFS.ZS:IRQ,1984-12-31,25.663704650571447
WDI:NE.EXP.GNFS.ZS:IRQ,1985-12-31,25.144886022995244
WDI:NE.EXP.GNFS.ZS:IRQ,1986-12-31,16.5015015015015
WDI:NE.EXP.GNFS.ZS:IRQ,1987-12-31,23.22215909090909
WDI:NE.EXP.GNFS.ZS:IRQ,1988-12-31,19.687426024845358
WDI:NE.EXP.GNFS.ZS:IRQ,1989-12-31,21.9650233488012
WDI:NE.EXP.GNFS.ZS:IRQ,1990-12-31,7.698318328520469
WDI:NE.EXP.GNFS.ZS:IRQ,1991-12-31,1.29041072656861
WDI:NE.EXP.GNFS.ZS:IRQ,1992-12-31,0.5824075393281464
WDI:NE.EXP.GNFS.ZS:IRQ,1993-12-31,0.07554868397612413
WDI:NE.EXP.GNFS.ZS:IRQ,1994-12-31,0.035565990711837206
WDI:NE.EXP.GNFS.ZS:IRQ,1995-12-31,0.005376759307383191
WDI:NE.EXP.GNFS.ZS:IRQ,1996-12-31,0.009161773696006258
WDI:NE.EXP.GNFS.ZS:IRQ,1997-12-31,63.847008946578654
WDI:NE.EXP.GNFS.ZS:IRQ,1998-12-31,77.89898864859097
WDI:NE.EXP.GNFS.ZS:IRQ,1999-12-31,77.63488340878799
WDI:NE.EXP.GNFS.ZS:IRQ,2000-12-31,75.7037742203896
WDI:NE.EXP.GNFS.ZS:IRQ,2001-12-31,65.2733913946118
WDI:NE.EXP.GNFS.ZS:IRQ,2002-12-31,70.57005151709383
WDI:NE.EXP.GNFS.ZS:IRQ,2003-12-31,77.39271888125369
WDI:NE.EXP.GNFS.ZS:IRQ,2004-12-31,56.27090853057406
WDI:NE.EXP.GNFS.ZS:IRQ,2005-12-31,54.34787058007522
WDI:NE.EXP.GNFS.ZS:IRQ,2006-12-31,51.031942991210435
WDI:NE.EXP.GNFS.ZS:IRQ,2007-12-31,45.89983917339569
WDI:NE.EXP.GNFS.ZS:IRQ,2008-12-31,50.32830722158289
WDI:NE.EXP.GNFS.ZS:IRQ,2009-12-31,39.40011025633141
WDI:NE.EXP.GNFS.ZS:IRQ,2010-12-31,39.416829214280035
WDI:NE.EXP.GNFS.ZS:IRQ,2011-12-31,44.41752303928194
WDI:NE.EXP.GNFS.ZS:IRQ,2012-12-31,44.50843536123815
WDI:NE.EXP.GNFS.ZS:IRQ,2013-12-31,39.66353653520257
WDI:NE.EXP.GNFS.ZS:IRQ,2014-12-31,38.94172645147786
WDI:NE.EXP.GNFS.ZS:IRQ,2015-12-31,34.51414644109558
WDI:NE.EXP.GNFS.ZS:IRQ,2016-12-31,28.108523679298585
WDI:NE.EXP.GNFS.ZS:IRQ,2017-12-31,33.91606341349788
WDI:NE.EXP.GNFS.ZS:IRQ,2018-12-31,40.802642026531764
WDI:NE.EXP.GNFS.ZS:IRQ,2019-12-31,38.05186819888379
WDI:NE.EXP.GNFS.ZS:IRQ,2020-12-31,27.750277551257042
WDI:NE.EXP.GNFS.ZS:IRQ,2021-12-31,37.32165283404568
WDI:NE.EXP.GNFS.ZS:IRQ,2022-12-31,44.525946214534144
WDI:NE.EXP.GNFS.ZS:IRQ,2023-12-31,39.6312322400043
WDI:NE.EXP.GNFS.ZS:IRQ,2024-12-31,39.7635173537006
WDI:NE.EXP.GNFS.ZS:ISL,1970-12-31,42.81720734956285
WDI:NE.EXP.GNFS.ZS:ISL,1971-12-31,35.63310278848958
WDI:NE.EXP.GNFS.ZS:ISL,1972-12-31,33.329726121343136
WDI:NE.EXP.GNFS.ZS:ISL,1973-12-31,33.85465999546834
WDI:NE.EXP.GNFS.ZS:ISL,1974-12-31,29.90098062359239
WDI:NE.EXP.GNFS.ZS:ISL,1975-12-31,31.685607338491916
WDI:NE.EXP.GNFS.ZS:ISL,1976-12-31,32.87608780740726
WDI:NE.EXP.GNFS.ZS:ISL,1977-12-31,31.338460797252367
WDI:NE.EXP.GNFS.ZS:ISL,1978-12-31,34.76534471723217
WDI:NE.EXP.GNFS.ZS:ISL,1979-12-31,36.120564661033015
WDI:NE.EXP.GNFS.ZS:ISL,1980-12-31,33.78488234585353
WDI:NE.EXP.GNFS.ZS:ISL,1981-12-31,32.95435991987799
WDI:NE.EXP.GNFS.ZS:ISL,1982-12-31,30.63288372353999
WDI:NE.EXP.GNFS.ZS:ISL,1983-12-31,37.78078973339388
WDI:NE.EXP.GNFS.ZS:ISL,1984-12-31,36.18208276582433
WDI:NE.EXP.GNFS.ZS:ISL,1985-12-31,38.31327679814324
WDI:NE.EXP.GNFS.ZS:ISL,1986-12-31,36.73178424262744
WDI:NE.EXP.GNFS.ZS:ISL,1987-12-31,32.63153766596527
WDI:NE.EXP.GNFS.ZS:ISL,1988-12-31,30.23255464071549
WDI:NE.EXP.GNFS.ZS:ISL,1989-12-31,31.91725711498635
WDI:NE.EXP.GNFS.ZS:ISL,1990-12-31,32.02690197655536
WDI:NE.EXP.GNFS.ZS:ISL,1991-12-31,29.79573772880074
WDI:NE.EXP.GNFS.ZS:ISL,1992-12-31,28.84200198807284
WDI:NE.EXP.GNFS.ZS:ISL,1993-12-31,31.196722491330448
WDI:NE.EXP.GNFS.ZS:ISL,1994-12-31,34.04638543744836
WDI:NE.EXP.GNFS.ZS:ISL,1995-12-31,33.81695537162528
WDI:NE.EXP.GNFS.ZS:ISL,1996-12-31,34.58577079715794
WDI:NE.EXP.GNFS.ZS:ISL,1997-12-31,34.8568838729156
WDI:NE.EXP.GNFS.ZS:ISL,1998-12-31,33.2441330480477
WDI:NE.EXP.GNFS.ZS:ISL,1999-12-31,32.00936916901401
WDI:NE.EXP.GNFS.ZS:ISL,2000-12-31,31.727381039326907
WDI:NE.EXP.GNFS.ZS:ISL,2001-12-31,36.54778728561677
WDI:NE.EXP.GNFS.ZS:ISL,2002-12-31,35.1463090802713
WDI:NE.EXP.GNFS.ZS:ISL,2003-12-31,32.240328958604124
WDI:NE.EXP.GNFS.ZS:ISL,2004-12-31,32.08819717686602
WDI:NE.EXP.GNFS.ZS:ISL,2005-12-31,29.83882660023605
WDI:NE.EXP.GNFS.ZS:ISL,2006-12-31,30.05055160675174
WDI:NE.EXP.GNFS.ZS:ISL,2007-12-31,32.38009634329288
WDI:NE.EXP.GNFS.ZS:ISL,2008-12-31,39.917674192041126
WDI:NE.EXP.GNFS.ZS:ISL,2009-12-31,48.505458491238784
WDI:NE.EXP.GNFS.ZS:ISL,2010-12-31,51.14916013248618
WDI:NE.EXP.GNFS.ZS:ISL,2011-12-31,53.95734361526038
WDI:NE.EXP.GNFS.ZS:ISL,2012-12-31,54.184494421801766
WDI:NE.EXP.GNFS.ZS:ISL,2013-12-31,52.82409934871819
WDI:NE.EXP.GNFS.ZS:ISL,2014-12-31,50.91370051417804
WDI:NE.EXP.GNFS.ZS:ISL,2015-12-31,51.334774443723404
WDI:NE.EXP.GNFS.ZS:ISL,2016-12-31,47.48902309496669
WDI:NE.EXP.GNFS.ZS:ISL,2017-12-31,45.67108786219904
WDI:NE.EXP.GNFS.ZS:ISL,2018-12-31,46.471917383294844
WDI:NE.EXP.GNFS.ZS:ISL,2019-12-31,44.713862277529905
WDI:NE.EXP.GNFS.ZS:ISL,2020-12-31,34.138732274421386
WDI:NE.EXP.GNFS.ZS:ISL,2021-12-31,37.36495192411733
WDI:NE.EXP.GNFS.ZS:ISL,2022-12-31,46.74162166650132
WDI:NE.EXP.GNFS.ZS:ISL,2023-12-31,43.9745925950012
WDI:NE.EXP.GNFS.ZS:ISL,2024-12-31,42.457252735894
WDI:NE.EXP.GNFS.ZS:ISL,2025-12-31,40.113798877848
WDI:NE.EXP.GNFS.ZS:ISR,1970-12-31,20.476919950585096
WDI:NE.EXP.GNFS.ZS:ISR,1971-12-31,22.403263276046875
WDI:NE.EXP.GNFS.ZS:ISR,1972-12-31,22.960008556641153
WDI:NE.EXP.GNFS.ZS:ISR,1973-12-31,22.222083580073267
WDI:NE.EXP.GNFS.ZS:ISR,1974-12-31,21.48770987608774
WDI:NE.EXP.GNFS.ZS:ISR,1975-12-31,22.632796327707037
WDI:NE.EXP.GNFS.ZS:ISR,1976-12-31,26.0397905358978
WDI:NE.EXP.GNFS.ZS:ISR,1977-12-31,30.201925829673893
WDI:NE.EXP.GNFS.ZS:ISR,1978-12-31,36.07580842262857
WDI:NE.EXP.GNFS.ZS:ISR,1979-12-31,33.30069097241412
WDI:NE.EXP.GNFS.ZS:ISR,1980-12-31,34.94785747505574
WDI:NE.EXP.GNFS.ZS:ISR,1981-12-31,33.84315145848376
WDI:NE.EXP.GNFS.ZS:ISR,1982-12-31,29.183007102242815
WDI:NE.EXP.GNFS.ZS:ISR,1983-12-31,26.793347856275513
WDI:NE.EXP.GNFS.ZS:ISR,1984-12-31,31.07774329291556
WDI:NE.EXP.GNFS.ZS:ISR,1985-12-31,34.89651835754214
WDI:NE.EXP.GNFS.ZS:ISR,1986-12-31,30.852417450598512
WDI:NE.EXP.GNFS.ZS:ISR,1987-12-31,30.45477036881153
WDI:NE.EXP.GNFS.ZS:ISR,1988-12-31,27.46654501853183
WDI:NE.EXP.GNFS.ZS:ISR,1989-12-31,29.532477950899022
WDI:NE.EXP.GNFS.ZS:ISR,1990-12-31,27.946520770951732
WDI:NE.EXP.GNFS.ZS:ISR,1991-12-31,23.97934037780882
WDI:NE.EXP.GNFS.ZS:ISR,1992-12-31,24.483161345991086
WDI:NE.EXP.GNFS.ZS:ISR,1993-12-31,26.104522654385224
WDI:NE.EXP.GNFS.ZS:ISR,1994-12-31,26.109865604586563
WDI:NE.EXP.GNFS.ZS:ISR,1995-12-31,25.848187843673458
WDI:NE.EXP.GNFS.ZS:ISR,1996-12-31,25.437994351267374
WDI:NE.EXP.GNFS.ZS:ISR,1997-12-31,26.28267124782399
WDI:NE.EXP.GNFS.ZS:ISR,1998-12-31,26.904864634131194
WDI:NE.EXP.GNFS.ZS:ISR,1999-12-31,30.800524029250493
WDI:NE.EXP.GNFS.ZS:ISR,2000-12-31,33.77107773079842
WDI:NE.EXP.GNFS.ZS:ISR,2001-12-31,29.505897901186668
WDI:NE.EXP.GNFS.ZS:ISR,2002-12-31,30.87260383480066
WDI:NE.EXP.GNFS.ZS:ISR,2003-12-31,32.68909768149982
WDI:NE.EXP.GNFS.ZS:ISR,2004-12-31,37.20341600199321
WDI:NE.EXP.GNFS.ZS:ISR,2005-12-31,38.81997314561253
WDI:NE.EXP.GNFS.ZS:ISR,2006-12-31,39.03666547382015
WDI:NE.EXP.GNFS.ZS:ISR,2007-12-31,38.73094278493054
WDI:NE.EXP.GNFS.ZS:ISR,2008-12-31,37.17357118628023
WDI:NE.EXP.GNFS.ZS:ISR,2009-12-31,31.821566837558535
WDI:NE.EXP.GNFS.ZS:ISR,2010-12-31,33.52837757918834
WDI:NE.EXP.GNFS.ZS:ISR,2011-12-31,34.1820194106911
WDI:NE.EXP.GNFS.ZS:ISR,2012-12-31,34.71841815770099
WDI:NE.EXP.GNFS.ZS:ISR,2013-12-31,32.80512062578931
WDI:NE.EXP.GNFS.ZS:ISR,2014-12-31,31.48905958629865
WDI:NE.EXP.GNFS.ZS:ISR,2015-12-31,30.86186619597637
WDI:NE.EXP.GNFS.ZS:ISR,2016-12-31,29.69600893880323
WDI:NE.EXP.GNFS.ZS:ISR,2017-12-31,28.977658758099228
WDI:NE.EXP.GNFS.ZS:ISR,2018-12-31,29.692502233165204
WDI:NE.EXP.GNFS.ZS:ISR,2019-12-31,28.98104224866077
WDI:NE.EXP.GNFS.ZS:ISR,2020-12-31,27.172299438522856
WDI:NE.EXP.GNFS.ZS:ISR,2021-12-31,28.823404615301467
WDI:NE.EXP.GNFS.ZS:ISR,2022-12-31,31.38532809686413
WDI:NE.EXP.GNFS.ZS:ISR,2023-12-31,30.3284744013966
WDI:NE.EXP.GNFS.ZS:ISR,2024-12-31,28.399007008222
WDI:NE.EXP.GNFS.ZS:ISR,2025-12-31,27.5583636636004
WDI:NE.EXP.GNFS.ZS:ITA,1970-12-31,15.128667602676193
WDI:NE.EXP.GNFS.ZS:ITA,1971-12-31,15.544228337063041
WDI:NE.EXP.GNFS.ZS:ITA,1972-12-31,16.27601374441306
WDI:NE.EXP.GNFS.ZS:ITA,1973-12-31,16.068412249472246
WDI:NE.EXP.GNFS.ZS:ITA,1974-12-31,18.4814222840373
WDI:NE.EXP.GNFS.ZS:ITA,1975-12-31,18.689180587749096
WDI:NE.EXP.GNFS.ZS:ITA,1976-12-31,19.998610947807112
WDI:NE.EXP.GNFS.ZS:ITA,1977-12-31,21.330512460300767
WDI:NE.EXP.GNFS.ZS:ITA,1978-12-31,21.62890654856742
WDI:NE.EXP.GNFS.ZS:ITA,1979-12-31,22.333754431028733
WDI:NE.EXP.GNFS.ZS:ITA,1980-12-31,20.139681596021553
WDI:NE.EXP.GNFS.ZS:ITA,1981-12-31,21.61553106058081
WDI:NE.EXP.GNFS.ZS:ITA,1982-12-31,21.07140659039861
WDI:NE.EXP.GNFS.ZS:ITA,1983-12-31,20.28615952300903
WDI:NE.EXP.GNFS.ZS:ITA,1984-12-31,20.956315999237425
WDI:NE.EXP.GNFS.ZS:ITA,1985-12-31,21.064044577054933
WDI:NE.EXP.GNFS.ZS:ITA,1986-12-31,18.660911478816708
WDI:NE.EXP.GNFS.ZS:ITA,1987-12-31,17.94269647933076
WDI:NE.EXP.GNFS.ZS:ITA,1988-12-31,17.537567533629513
WDI:NE.EXP.GNFS.ZS:ITA,1989-12-31,18.474079499032342
WDI:NE.EXP.GNFS.ZS:ITA,1990-12-31,18.21744999186467
WDI:NE.EXP.GNFS.ZS:ITA,1991-12-31,16.996835108722347
WDI:NE.EXP.GNFS.ZS:ITA,1992-12-31,17.438996599709736
WDI:NE.EXP.GNFS.ZS:ITA,1993-12-31,20.352188422683977
WDI:NE.EXP.GNFS.ZS:ITA,1994-12-31,21.82079596737325
WDI:NE.EXP.GNFS.ZS:ITA,1995-12-31,24.615755205165282
WDI:NE.EXP.GNFS.ZS:ITA,1996-12-31,23.66230383831797
WDI:NE.EXP.GNFS.ZS:ITA,1997-12-31,24.089491691836553
WDI:NE.EXP.GNFS.ZS:ITA,1998-12-31,24.012325709691282
WDI:NE.EXP.GNFS.ZS:ITA,1999-12-31,23.153451612275898
WDI:NE.EXP.GNFS.ZS:ITA,2000-12-31,25.561195625575117
WDI:NE.EXP.GNFS.ZS:ITA,2001-12-31,25.561080191844386
WDI:NE.EXP.GNFS.ZS:ITA,2002-12-31,24.312694818816333
WDI:NE.EXP.GNFS.ZS:ITA,2003-12-31,23.2240496903642
WDI:NE.EXP.GNFS.ZS:ITA,2004-12-31,23.926840946640223
WDI:NE.EXP.GNFS.ZS:ITA,2005-12-31,24.511853357918305
WDI:NE.EXP.GNFS.ZS:ITA,2006-12-31,26.05306282431509
WDI:NE.EXP.GNFS.ZS:ITA,2007-12-31,27.24505453950125
WDI:NE.EXP.GNFS.ZS:ITA,2008-12-31,26.74276159644825
WDI:NE.EXP.GNFS.ZS:ITA,2009-12-31,22.277159595552522
WDI:NE.EXP.GNFS.ZS:ITA,2010-12-31,24.91865142238792
WDI:NE.EXP.GNFS.ZS:ITA,2011-12-31,26.562986654335425
WDI:NE.EXP.GNFS.ZS:ITA,2012-12-31,27.985187076845254
WDI:NE.EXP.GNFS.ZS:ITA,2013-12-31,28.177442406393986
WDI:NE.EXP.GNFS.ZS:ITA,2014-12-31,28.622402736353187
WDI:NE.EXP.GNFS.ZS:ITA,2015-12-31,29.144111052531997
WDI:NE.EXP.GNFS.ZS:ITA,2016-12-31,28.798748891915665
WDI:NE.EXP.GNFS.ZS:ITA,2017-12-31,30.139885915277386
WDI:NE.EXP.GNFS.ZS:ITA,2018-12-31,30.81350727359906
WDI:NE.EXP.GNFS.ZS:ITA,2019-12-31,30.94987391819416
WDI:NE.EXP.GNFS.ZS:ITA,2020-12-31,28.725855187019928
WDI:NE.EXP.GNFS.ZS:ITA,2021-12-31,31.171608863009183
WDI:NE.EXP.GNFS.ZS:ITA,2022-12-31,35.09914004125776
WDI:NE.EXP.GNFS.ZS:ITA,2023-12-31,33.3293695692309
WDI:NE.EXP.GNFS.ZS:ITA,2024-12-31,32.3350686402627
WDI:NE.EXP.GNFS.ZS:ITA,2025-12-31,32.2270197272539
WDI:NE.EXP.GNFS.ZS:JOR,1976-12-31,32.38716502115656
WDI:NE.EXP.GNFS.ZS:JOR,1977-12-31,33.12572421784473
WDI:NE.EXP.GNFS.ZS:JOR,1978-12-31,33.45907204828367
WDI:NE.EXP.GNFS.ZS:JOR,1979-12-31,34.72773536895674
WDI:NE.EXP.GNFS.ZS:JOR,1980-12-31,40.38973302429393
WDI:NE.EXP.GNFS.ZS:JOR,1981-12-31,43.64213723595196
WDI:NE.EXP.GNFS.ZS:JOR,1982-12-31,40.61572025937822
WDI:NE.EXP.GNFS.ZS:JOR,1983-12-31,35.79984327773425
WDI:NE.EXP.GNFS.ZS:JOR,1984-12-31,39.07943656071634
WDI:NE.EXP.GNFS.ZS:JOR,1985-12-31,39.6579721912108
WDI:NE.EXP.GNFS.ZS:JOR,1986-12-31,28.301718366436063
WDI:NE.EXP.GNFS.ZS:JOR,1987-12-31,33.069488782962345
WDI:NE.EXP.GNFS.ZS:JOR,1988-12-31,43.445692883895134
WDI:NE.EXP.GNFS.ZS:JOR,1989-12-31,56.050298907441764
WDI:NE.EXP.GNFS.ZS:JOR,1990-12-31,59.83484842997356
WDI:NE.EXP.GNFS.ZS:JOR,1991-12-31,57.39012846517918
WDI:NE.EXP.GNFS.ZS:JOR,1992-12-31,50.23266397075117
WDI:NE.EXP.GNFS.ZS:JOR,1993-12-31,50.33512769024817
WDI:NE.EXP.GNFS.ZS:JOR,1994-12-31,47.86224496821426
WDI:NE.EXP.GNFS.ZS:JOR,1995-12-31,51.72121237830615
WDI:NE.EXP.GNFS.ZS:JOR,1996-12-31,52.878898933137876
WDI:NE.EXP.GNFS.ZS:JOR,1997-12-31,49.24759893329181
WDI:NE.EXP.GNFS.ZS:JOR,1998-12-31,44.795104994830474
WDI:NE.EXP.GNFS.ZS:JOR,1999-12-31,43.310785179031896
WDI:NE.EXP.GNFS.ZS:JOR,2000-12-31,41.827395935786086
WDI:NE.EXP.GNFS.ZS:JOR,2001-12-31,42.13429294278485
WDI:NE.EXP.GNFS.ZS:JOR,2002-12-31,47.42125404768914
WDI:NE.EXP.GNFS.ZS:JOR,2003-12-31,47.37227993968487
WDI:NE.EXP.GNFS.ZS:JOR,2004-12-31,52.18949684213129
WDI:NE.EXP.GNFS.ZS:JOR,2005-12-31,52.704580084252036
WDI:NE.EXP.GNFS.ZS:JOR,2006-12-31,53.87432789403675
WDI:NE.EXP.GNFS.ZS:JOR,2007-12-31,54.23491299366102
WDI:NE.EXP.GNFS.ZS:JOR,2008-12-31,56.05049656585766
WDI:NE.EXP.GNFS.ZS:JOR,2009-12-31,45.075471711109216
WDI:NE.EXP.GNFS.ZS:JOR,2010-12-31,46.997142642245386
WDI:NE.EXP.GNFS.ZS:JOR,2011-12-31,46.55057762955462
WDI:NE.EXP.GNFS.ZS:JOR,2012-12-31,45.22598540690395
WDI:NE.EXP.GNFS.ZS:JOR,2013-12-31,41.29560357365171
WDI:NE.EXP.GNFS.ZS:JOR,2014-12-31,42.13390770504639
WDI:NE.EXP.GNFS.ZS:JOR,2015-12-31,36.544437022526736
WDI:NE.EXP.GNFS.ZS:JOR,2016-12-31,34.39521006556793
WDI:NE.EXP.GNFS.ZS:JOR,2017-12-31,34.36836913099573
WDI:NE.EXP.GNFS.ZS:JOR,2018-12-31,34.7991158378548
WDI:NE.EXP.GNFS.ZS:JOR,2019-12-31,36.33494043581705
WDI:NE.EXP.GNFS.ZS:JOR,2020-12-31,23.899941960736992
WDI:NE.EXP.GNFS.ZS:JOR,2021-12-31,29.95841425647902
WDI:NE.EXP.GNFS.ZS:JOR,2022-12-31,42.537467156343254
WDI:NE.EXP.GNFS.ZS:JOR,2023-12-31,43.51688339451937
WDI:NE.EXP.GNFS.ZS:JOR,2024-12-31,42.61205511947933
WDI:NE.EXP.GNFS.ZS:JPN,1970-12-31,10.140141538875326
WDI:NE.EXP.GNFS.ZS:JPN,1971-12-31,10.990490659977418
WDI:NE.EXP.GNFS.ZS:JPN,1972-12-31,9.931551575171245
WDI:NE.EXP.GNFS.ZS:JPN,1973-12-31,9.417892770057135
WDI:NE.EXP.GNFS.ZS:JPN,1974-12-31,12.761579594563615
WDI:NE.EXP.GNFS.ZS:JPN,1975-12-31,12.008024829299531
WDI:NE.EXP.GNFS.ZS:JPN,1976-12-31,12.7207365025142
WDI:NE.EXP.GNFS.ZS:JPN,1977-12-31,12.28760896222246
WDI:NE.EXP.GNFS.ZS:JPN,1978-12-31,10.43364737032235
WDI:NE.EXP.GNFS.ZS:JPN,1979-12-31,10.854073197698336
WDI:NE.EXP.GNFS.ZS:JPN,1980-12-31,12.848221952944419
WDI:NE.EXP.GNFS.ZS:JPN,1981-12-31,13.823598706411392
WDI:NE.EXP.GNFS.ZS:JPN,1982-12-31,13.62984342354641
WDI:NE.EXP.GNFS.ZS:JPN,1983-12-31,13.009265379048324
WDI:NE.EXP.GNFS.ZS:JPN,1984-12-31,14.099759872566034
WDI:NE.EXP.GNFS.ZS:JPN,1985-12-31,13.619371360297865
WDI:NE.EXP.GNFS.ZS:JPN,1986-12-31,10.700771756073244
WDI:NE.EXP.GNFS.ZS:JPN,1987-12-31,9.752995796642136
WDI:NE.EXP.GNFS.ZS:JPN,1988-12-31,9.409214790338392
WDI:NE.EXP.GNFS.ZS:JPN,1989-12-31,9.934752016403023
WDI:NE.EXP.GNFS.ZS:JPN,1990-12-31,10.050095914740911
WDI:NE.EXP.GNFS.ZS:JPN,1991-12-31,9.616174713670963
WDI:NE.EXP.GNFS.ZS:JPN,1992-12-31,9.51828502471035
WDI:NE.EXP.GNFS.ZS:JPN,1993-12-31,8.9139139952642
WDI:NE.EXP.GNFS.ZS:JPN,1994-12-31,8.839827126215049
WDI:NE.EXP.GNFS.ZS:JPN,1995-12-31,8.816470432609586
WDI:NE.EXP.GNFS.ZS:JPN,1996-12-31,9.315745083529995
WDI:NE.EXP.GNFS.ZS:JPN,1997-12-31,10.383695639775445
WDI:NE.EXP.GNFS.ZS:JPN,1998-12-31,10.373806098594326
WDI:NE.EXP.GNFS.ZS:JPN,1999-12-31,9.80553900156021
WDI:NE.EXP.GNFS.ZS:JPN,2000-12-31,10.463494202750487
WDI:NE.EXP.GNFS.ZS:JPN,2001-12-31,10.076799963284385
WDI:NE.EXP.GNFS.ZS:JPN,2002-12-31,10.855445607228663
WDI:NE.EXP.GNFS.ZS:JPN,2003-12-31,11.465801576659365
WDI:NE.EXP.GNFS.ZS:JPN,2004-12-31,12.786264624786245
WDI:NE.EXP.GNFS.ZS:JPN,2005-12-31,13.815895722115934
WDI:NE.EXP.GNFS.ZS:JPN,2006-12-31,15.657374046611713
WDI:NE.EXP.GNFS.ZS:JPN,2007-12-31,17.289127370722944
WDI:NE.EXP.GNFS.ZS:JPN,2008-12-31,17.23554337640705
WDI:NE.EXP.GNFS.ZS:JPN,2009-12-31,12.41956574797995
WDI:NE.EXP.GNFS.ZS:JPN,2010-12-31,14.918503449642811
WDI:NE.EXP.GNFS.ZS:JPN,2011-12-31,14.77446226134986
WDI:NE.EXP.GNFS.ZS:JPN,2012-12-31,14.414774612982434
WDI:NE.EXP.GNFS.ZS:JPN,2013-12-31,15.784156731877259
WDI:NE.EXP.GNFS.ZS:JPN,2014-12-31,17.418655348479504
WDI:NE.EXP.GNFS.ZS:JPN,2015-12-31,17.43675983765287
WDI:NE.EXP.GNFS.ZS:JPN,2016-12-31,16.0579692360598
WDI:NE.EXP.GNFS.ZS:JPN,2017-12-31,17.591439104783635
WDI:NE.EXP.GNFS.ZS:JPN,2018-12-31,18.31494559852225
WDI:NE.EXP.GNFS.ZS:JPN,2019-12-31,17.463526427522105
WDI:NE.EXP.GNFS.ZS:JPN,2020-12-31,15.533182864322168
WDI:NE.EXP.GNFS.ZS:JPN,2021-12-31,18.1091919388618
WDI:NE.EXP.GNFS.ZS:JPN,2022-12-31,21.546424123916605
WDI:NE.EXP.GNFS.ZS:JPN,2023-12-31,21.0593101343597
WDI:NE.EXP.GNFS.ZS:JPN,2024-12-31,21.9799093698461
WDI:NE.EXP.GNFS.ZS:KAZ,1992-12-31,74.00497097844114
WDI:NE.EXP.GNFS.ZS:KAZ,1993-12-31,37.89539511472279
WDI:NE.EXP.GNFS.ZS:KAZ,1994-12-31,37.06473770912993
WDI:NE.EXP.GNFS.ZS:KAZ,1995-12-31,38.97386091363551
WDI:NE.EXP.GNFS.ZS:KAZ,1996-12-31,35.26880493070209
WDI:NE.EXP.GNFS.ZS:KAZ,1997-12-31,34.9168566674192
WDI:NE.EXP.GNFS.ZS:KAZ,1998-12-31,30.344203290497955
WDI:NE.EXP.GNFS.ZS:KAZ,1999-12-31,42.46209550883895
WDI:NE.EXP.GNFS.ZS:KAZ,2000-12-31,56.602426799537334
WDI:NE.EXP.GNFS.ZS:KAZ,2001-12-31,45.8950186109102
WDI:NE.EXP.GNFS.ZS:KAZ,2002-12-31,46.9906407561754
WDI:NE.EXP.GNFS.ZS:KAZ,2003-12-31,48.41702209463264
WDI:NE.EXP.GNFS.ZS:KAZ,2004-12-31,52.50041042502214
WDI:NE.EXP.GNFS.ZS:KAZ,2005-12-31,53.19435825406801
WDI:NE.EXP.GNFS.ZS:KAZ,2006-12-31,50.975297842183274
WDI:NE.EXP.GNFS.ZS:KAZ,2007-12-31,49.312820890358246
WDI:NE.EXP.GNFS.ZS:KAZ,2008-12-31,57.146384939133064
WDI:NE.EXP.GNFS.ZS:KAZ,2009-12-31,41.83842244609146
WDI:NE.EXP.GNFS.ZS:KAZ,2010-12-31,44.24417949847349
WDI:NE.EXP.GNFS.ZS:KAZ,2011-12-31,46.464662794755185
WDI:NE.EXP.GNFS.ZS:KAZ,2012-12-31,44.109663038429055
WDI:NE.EXP.GNFS.ZS:KAZ,2013-12-31,38.617037715279686
WDI:NE.EXP.GNFS.ZS:KAZ,2014-12-31,39.341758090729336
WDI:NE.EXP.GNFS.ZS:KAZ,2015-12-31,28.51670800723535
WDI:NE.EXP.GNFS.ZS:KAZ,2016-12-31,31.843888642283613
WDI:NE.EXP.GNFS.ZS:KAZ,2017-12-31,32.39775293698795
WDI:NE.EXP.GNFS.ZS:KAZ,2018-12-31,37.625218425287315
WDI:NE.EXP.GNFS.ZS:KAZ,2019-12-31,36.43898709909944
WDI:NE.EXP.GNFS.ZS:KAZ,2020-12-31,30.52890679896806
WDI:NE.EXP.GNFS.ZS:KAZ,2021-12-31,33.644862124162394
WDI:NE.EXP.GNFS.ZS:KAZ,2022-12-31,41.569008904154444
WDI:NE.EXP.GNFS.ZS:KAZ,2023-12-31,34.650577449538
WDI:NE.EXP.GNFS.ZS:KAZ,2024-12-31,31.5871636865516
WDI:NE.EXP.GNFS.ZS:KEN,1960-12-31,31.095746519434957
WDI:NE.EXP.GNFS.ZS:KEN,1961-12-31,32.71716968145383
WDI:NE.EXP.GNFS.ZS:KEN,1962-12-31,32.03780926139477
WDI:NE.EXP.GNFS.ZS:KEN,1963-12-31,32.03294765670398
WDI:NE.EXP.GNFS.ZS:KEN,1964-12-31,33.38941315389473
WDI:NE.EXP.GNFS.ZS:KEN,1965-12-31,31.397315206878567
WDI:NE.EXP.GNFS.ZS:KEN,1966-12-31,32.41163351627392
WDI:NE.EXP.GNFS.ZS:KEN,1967-12-31,28.46433439345752
WDI:NE.EXP.GNFS.ZS:KEN,1968-12-31,29.40081105685674
WDI:NE.EXP.GNFS.ZS:KEN,1969-12-31,29.528655083037343
WDI:NE.EXP.GNFS.ZS:KEN,1970-12-31,29.82572556141515
WDI:NE.EXP.GNFS.ZS:KEN,1971-12-31,28.63935510281198
WDI:NE.EXP.GNFS.ZS:KEN,1972-12-31,26.587828859952168
WDI:NE.EXP.GNFS.ZS:KEN,1973-12-31,27.393834680633038
WDI:NE.EXP.GNFS.ZS:KEN,1974-12-31,33.67588385028755
WDI:NE.EXP.GNFS.ZS:KEN,1975-12-31,29.823685969750148
WDI:NE.EXP.GNFS.ZS:KEN,1976-12-31,32.45047124380848
WDI:NE.EXP.GNFS.ZS:KEN,1977-12-31,34.95886875638475
WDI:NE.EXP.GNFS.ZS:KEN,1978-12-31,28.9355183365614
WDI:NE.EXP.GNFS.ZS:KEN,1979-12-31,25.753154235687926
WDI:NE.EXP.GNFS.ZS:KEN,1980-12-31,29.516964217511994
WDI:NE.EXP.GNFS.ZS:KEN,1981-12-31,30.459881320949435
WDI:NE.EXP.GNFS.ZS:KEN,1982-12-31,26.657465998935198
WDI:NE.EXP.GNFS.ZS:KEN,1983-12-31,25.949932405436716
WDI:NE.EXP.GNFS.ZS:KEN,1984-12-31,26.749892652163876
WDI:NE.EXP.GNFS.ZS:KEN,1985-12-31,25.29893296009586
WDI:NE.EXP.GNFS.ZS:KEN,1986-12-31,25.848355272679598
WDI:NE.EXP.GNFS.ZS:KEN,1987-12-31,21.305221347435648
WDI:NE.EXP.GNFS.ZS:KEN,1988-12-31,22.37121356091678
WDI:NE.EXP.GNFS.ZS:KEN,1989-12-31,23.033029428282536
WDI:NE.EXP.GNFS.ZS:KEN,1990-12-31,25.692605964936448
WDI:NE.EXP.GNFS.ZS:KEN,1991-12-31,27.041632324019442
WDI:NE.EXP.GNFS.ZS:KEN,1992-12-31,26.260374190635055
WDI:NE.EXP.GNFS.ZS:KEN,1993-12-31,38.903630169804174
WDI:NE.EXP.GNFS.ZS:KEN,1994-12-31,37.04028083841511
WDI:NE.EXP.GNFS.ZS:KEN,1995-12-31,32.5917012190029
WDI:NE.EXP.GNFS.ZS:KEN,1996-12-31,25.20060194942427
WDI:NE.EXP.GNFS.ZS:KEN,1997-12-31,22.686387351634984
WDI:NE.EXP.GNFS.ZS:KEN,1998-12-31,20.16926082752846
WDI:NE.EXP.GNFS.ZS:KEN,1999-12-31,20.832735198507514
WDI:NE.EXP.GNFS.ZS:KEN,2000-12-31,21.58757114176249
WDI:NE.EXP.GNFS.ZS:KEN,2001-12-31,22.93157636433675
WDI:NE.EXP.GNFS.ZS:KEN,2002-12-31,24.89797261470021
WDI:NE.EXP.GNFS.ZS:KEN,2003-12-31,24.08681530542101
WDI:NE.EXP.GNFS.ZS:KEN,2004-12-31,26.610258575297273
WDI:NE.EXP.GNFS.ZS:KEN,2005-12-31,28.509030214201204
WDI:NE.EXP.GNFS.ZS:KEN,2006-12-31,22.984939644186138
WDI:NE.EXP.GNFS.ZS:KEN,2007-12-31,21.91899129336988
WDI:NE.EXP.GNFS.ZS:KEN,2008-12-31,22.674057553226707
WDI:NE.EXP.GNFS.ZS:KEN,2009-12-31,18.77494549160134
WDI:NE.EXP.GNFS.ZS:KEN,2010-12-31,20.1243596478793
WDI:NE.EXP.GNFS.ZS:KEN,2011-12-31,21.54947707082787
WDI:NE.EXP.GNFS.ZS:KEN,2012-12-31,19.86494772288335
WDI:NE.EXP.GNFS.ZS:KEN,2013-12-31,17.792180553165483
WDI:NE.EXP.GNFS.ZS:KEN,2014-12-31,16.472804465812267
WDI:NE.EXP.GNFS.ZS:KEN,2015-12-31,15.128733903450408
WDI:NE.EXP.GNFS.ZS:KEN,2016-12-31,13.249744800675897
WDI:NE.EXP.GNFS.ZS:KEN,2017-12-31,12.736659941372535
WDI:NE.EXP.GNFS.ZS:KEN,2018-12-31,12.541975333358957
WDI:NE.EXP.GNFS.ZS:KEN,2019-12-31,11.427995686933242
WDI:NE.EXP.GNFS.ZS:KEN,2020-12-31,11.441045182159334
WDI:NE.EXP.GNFS.ZS:KEN,2021-12-31,13.109738201821767
WDI:NE.EXP.GNFS.ZS:KEN,2022-12-31,15.957028362946918
WDI:NE.EXP.GNFS.ZS:KEN,2023-12-31,16.7133442998721
WDI:NE.EXP.GNFS.ZS:KEN,2024-12-31,16.8549548908518
WDI:NE.EXP.GNFS.ZS:KEN,2025-12-31,15.7640677825707
WDI:NE.EXP.GNFS.ZS:KGZ,1990-12-31,29.205607476635514
WDI:NE.EXP.GNFS.ZS:KGZ,1991-12-31,35.351351351351354
WDI:NE.EXP.GNFS.ZS:KGZ,1992-12-31,35.58613246998516
WDI:NE.EXP.GNFS.ZS:KGZ,1993-12-31,33.531290268362376
WDI:NE.EXP.GNFS.ZS:KGZ,1994-12-31,33.76181443024494
WDI:NE.EXP.GNFS.ZS:KGZ,1995-12-31,29.467144830320034
WDI:NE.EXP.GNFS.ZS:KGZ,1996-12-31,30.738099002961626
WDI:NE.EXP.GNFS.ZS:KGZ,1997-12-31,38.286889332816266
WDI:NE.EXP.GNFS.ZS:KGZ,1998-12-31,36.48329208282867
WDI:NE.EXP.GNFS.ZS:KGZ,1999-12-31,42.202937797472515
WDI:NE.EXP.GNFS.ZS:KGZ,2000-12-31,41.84786184336352
WDI:NE.EXP.GNFS.ZS:KGZ,2001-12-31,36.72457314556024
WDI:NE.EXP.GNFS.ZS:KGZ,2002-12-31,39.58135412409708
WDI:NE.EXP.GNFS.ZS:KGZ,2003-12-31,38.681123720362365
WDI:NE.EXP.GNFS.ZS:KGZ,2004-12-31,42.55591108492041
WDI:NE.EXP.GNFS.ZS:KGZ,2005-12-31,38.305556436522785
WDI:NE.EXP.GNFS.ZS:KGZ,2006-12-31,41.720613602272756
WDI:NE.EXP.GNFS.ZS:KGZ,2007-12-31,52.912978857303536
WDI:NE.EXP.GNFS.ZS:KGZ,2008-12-31,53.548956098640424
WDI:NE.EXP.GNFS.ZS:KGZ,2009-12-31,54.6983469575282
WDI:NE.EXP.GNFS.ZS:KGZ,2010-12-31,51.554322675617705
WDI:NE.EXP.GNFS.ZS:KGZ,2011-12-31,54.53847716573813
WDI:NE.EXP.GNFS.ZS:KGZ,2012-12-31,44.404200968012184
WDI:NE.EXP.GNFS.ZS:KGZ,2013-12-31,42.25015395665797
WDI:NE.EXP.GNFS.ZS:KGZ,2014-12-31,37.44865158949223
WDI:NE.EXP.GNFS.ZS:KGZ,2015-12-31,35.18960048725938
WDI:NE.EXP.GNFS.ZS:KGZ,2016-12-31,35.82540887516921
WDI:NE.EXP.GNFS.ZS:KGZ,2017-12-31,34.252841364835376
WDI:NE.EXP.GNFS.ZS:KGZ,2018-12-31,31.601730005114288
WDI:NE.EXP.GNFS.ZS:KGZ,2019-12-31,33.476469660032365
WDI:NE.EXP.GNFS.ZS:KGZ,2020-12-31,29.581877807420675
WDI:NE.EXP.GNFS.ZS:KGZ,2021-12-31,35.80558987796324
WDI:NE.EXP.GNFS.ZS:KGZ,2022-12-31,46.33727183077922
WDI:NE.EXP.GNFS.ZS:KGZ,2023-12-31,36.8882232535821
WDI:NE.EXP.GNFS.ZS:KGZ,2024-12-31,46.7710472091149
WDI:NE.EXP.GNFS.ZS:KGZ,2025-12-31,26.8114572968262
WDI:NE.EXP.GNFS.ZS:KHM,1993-12-31,16.05707362638172
WDI:NE.EXP.GNFS.ZS:KHM,1994-12-31,25.79195938802541
WDI:NE.EXP.GNFS.ZS:KHM,1995-12-31,31.184181531083677
WDI:NE.EXP.GNFS.ZS:KHM,1996-12-31,25.36400673944334
WDI:NE.EXP.GNFS.ZS:KHM,1997-12-31,33.61693557607175
WDI:NE.EXP.GNFS.ZS:KHM,1998-12-31,31.23814579324798
WDI:NE.EXP.GNFS.ZS:KHM,1999-12-31,40.54418617805612
WDI:NE.EXP.GNFS.ZS:KHM,2000-12-31,49.30490027069007
WDI:NE.EXP.GNFS.ZS:KHM,2001-12-31,51.17977520129621
WDI:NE.EXP.GNFS.ZS:KHM,2002-12-31,54.18895047633896
WDI:NE.EXP.GNFS.ZS:KHM,2003-12-31,54.228624017640726
WDI:NE.EXP.GNFS.ZS:KHM,2004-12-31,60.818357369997535
WDI:NE.EXP.GNFS.ZS:KHM,2005-12-31,61.039916355318226
WDI:NE.EXP.GNFS.ZS:KHM,2006-12-31,64.67232933126797
WDI:NE.EXP.GNFS.ZS:KHM,2007-12-31,61.13658699428254
WDI:NE.EXP.GNFS.ZS:KHM,2008-12-31,61.77878568455937
WDI:NE.EXP.GNFS.ZS:KHM,2009-12-31,46.21099500815934
WDI:NE.EXP.GNFS.ZS:KHM,2010-12-31,50.226542854051395
WDI:NE.EXP.GNFS.ZS:KHM,2011-12-31,49.92117726435313
WDI:NE.EXP.GNFS.ZS:KHM,2012-12-31,53.28500258655203
WDI:NE.EXP.GNFS.ZS:KHM,2013-12-31,56.62056577454242
WDI:NE.EXP.GNFS.ZS:KHM,2014-12-31,56.62954802968698
WDI:NE.EXP.GNFS.ZS:KHM,2015-12-31,55.981220312404375
WDI:NE.EXP.GNFS.ZS:KHM,2016-12-31,56.43183772182338
WDI:NE.EXP.GNFS.ZS:KHM,2017-12-31,56.3000536720904
WDI:NE.EXP.GNFS.ZS:KHM,2018-12-31,55.47139735662079
WDI:NE.EXP.GNFS.ZS:KHM,2019-12-31,55.44686797291194
WDI:NE.EXP.GNFS.ZS:KHM,2020-12-31,59.92179794096091
WDI:NE.EXP.GNFS.ZS:KHM,2021-12-31,72.36103464355084
WDI:NE.EXP.GNFS.ZS:KHM,2022-12-31,72.2070606780988
WDI:NE.EXP.GNFS.ZS:KHM,2023-12-31,66.8926660552171
WDI:NE.EXP.GNFS.ZS:KHM,2024-12-31,71.3635841655888
WDI:NE.EXP.GNFS.ZS:KHM,2025-12-31,68.6465213655928
WDI:NE.EXP.GNFS.ZS:KIR,1972-12-31,54.52990245235032
WDI:NE.EXP.GNFS.ZS:KIR,1973-12-31,65.04174909696593
WDI:NE.EXP.GNFS.ZS:KIR,1974-12-31,85.81442616528871
WDI:NE.EXP.GNFS.ZS:KIR,1975-12-31,83.58873700220506
WDI:NE.EXP.GNFS.ZS:KIR,1976-12-31,69.73999001192509
WDI:NE.EXP.GNFS.ZS:KIR,1977-12-31,68.99724325422073
WDI:NE.EXP.GNFS.ZS:KIR,1978-12-31,67.88662514169603
WDI:NE.EXP.GNFS.ZS:KIR,1979-12-31,75.7778376939896
WDI:NE.EXP.GNFS.ZS:KIR,1980-12-31,55.64464649958126
WDI:NE.EXP.GNFS.ZS:KIR,1981-12-31,35.75795173423784
WDI:NE.EXP.GNFS.ZS:KIR,1982-12-31,33.28842611063191
WDI:NE.EXP.GNFS.ZS:KIR,1983-12-31,34.17921826250305
WDI:NE.EXP.GNFS.ZS:KIR,1984-12-31,48.934461575164875
WDI:NE.EXP.GNFS.ZS:KIR,1985-12-31,36.04902064739222
WDI:NE.EXP.GNFS.ZS:KIR,1986-12-31,39.23775193079692
WDI:NE.EXP.GNFS.ZS:KIR,1987-12-31,33.76117403133899
WDI:NE.EXP.GNFS.ZS:KIR,1988-12-31,25.56717917733114
WDI:NE.EXP.GNFS.ZS:KIR,1989-12-31,25.9321432148892
WDI:NE.EXP.GNFS.ZS:KIR,1990-12-31,22.40028597453941
WDI:NE.EXP.GNFS.ZS:KIR,1991-12-31,24.93404416444296
WDI:NE.EXP.GNFS.ZS:KIR,1992-12-31,16.20956029886683
WDI:NE.EXP.GNFS.ZS:KIR,1993-12-31,16.137530740021315
WDI:NE.EXP.GNFS.ZS:KIR,1994-12-31,15.768194951752712
WDI:NE.EXP.GNFS.ZS:KIR,1995-12-31,16.798034986405703
WDI:NE.EXP.GNFS.ZS:KIR,1996-12-31,11.282275938196209
WDI:NE.EXP.GNFS.ZS:KIR,1997-12-31,16.636515813698267
WDI:NE.EXP.GNFS.ZS:KIR,1998-12-31,15.003312730108942
WDI:NE.EXP.GNFS.ZS:KIR,1999-12-31,16.607244324700478
WDI:NE.EXP.GNFS.ZS:KIR,2000-12-31,10.852139617066166
WDI:NE.EXP.GNFS.ZS:KIR,2001-12-31,15.579487645131767
WDI:NE.EXP.GNFS.ZS:KIR,2002-12-31,19.071416317997713
WDI:NE.EXP.GNFS.ZS:KIR,2003-12-31,16.33352813277314
WDI:NE.EXP.GNFS.ZS:KIR,2004-12-31,12.141862913425328
WDI:NE.EXP.GNFS.ZS:KIR,2005-12-31,14.142400246743058
WDI:NE.EXP.GNFS.ZS:KIR,2006-12-31,10.20177150964424
WDI:NE.EXP.GNFS.ZS:KIR,2007-12-31,15.450053432018432
WDI:NE.EXP.GNFS.ZS:KIR,2008-12-31,14.112261178298983
WDI:NE.EXP.GNFS.ZS:KIR,2009-12-31,14.136554872089963
WDI:NE.EXP.GNFS.ZS:KIR,2010-12-31,11.56628383392286
WDI:NE.EXP.GNFS.ZS:KIR,2011-12-31,13.167789214885797
WDI:NE.EXP.GNFS.ZS:KIR,2012-12-31,12.765867349717816
WDI:NE.EXP.GNFS.ZS:KIR,2013-12-31,10.965078545234505
WDI:NE.EXP.GNFS.ZS:KIR,2014-12-31,12.032758629585093
WDI:NE.EXP.GNFS.ZS:KIR,2015-12-31,13.957451832874494
WDI:NE.EXP.GNFS.ZS:KIR,2016-12-31,16.617286450939897
WDI:NE.EXP.GNFS.ZS:KIR,2017-12-31,13.25632282303042
WDI:NE.EXP.GNFS.ZS:KIR,2018-12-31,9.050696087757846
WDI:NE.EXP.GNFS.ZS:KIR,2019-12-31,14.9824049433267
WDI:NE.EXP.GNFS.ZS:KIR,2020-12-31,10.419980623194892
WDI:NE.EXP.GNFS.ZS:KIR,2021-12-31,3.770220595285333
WDI:NE.EXP.GNFS.ZS:KIR,2022-12-31,7.604776311224312
WDI:NE.EXP.GNFS.ZS:KIR,2023-12-31,5.85831693667442
WDI:NE.EXP.GNFS.ZS:KIR,2024-12-31,4.51592634986162
WDI:NE.EXP.GNFS.ZS:KOR,1960-12-31,2.631578947368421
WDI:NE.EXP.GNFS.ZS:KOR,1961-12-31,4.027731924727633
WDI:NE.EXP.GNFS.ZS:KOR,1962-12-31,3.8639455782312924
WDI:NE.EXP.GNFS.ZS:KOR,1963-12-31,3.934740882917467
WDI:NE.EXP.GNFS.ZS:KOR,1964-12-31,4.936112979152656
WDI:NE.EXP.GNFS.ZS:KOR,1965-12-31,7.086520076481835
WDI:NE.EXP.GNFS.ZS:KOR,1966-12-31,8.382229673093043
WDI:NE.EXP.GNFS.ZS:KOR,1967-12-31,9.039420027186226
WDI:NE.EXP.GNFS.ZS:KOR,1968-12-31,10.06388840044546
WDI:NE.EXP.GNFS.ZS:KOR,1969-12-31,10.522070356262605
WDI:NE.EXP.GNFS.ZS:KOR,1970-12-31,11.302899269866023
WDI:NE.EXP.GNFS.ZS:KOR,1971-12-31,12.503958771197421
WDI:NE.EXP.GNFS.ZS:KOR,1972-12-31,16.333572636113107
WDI:NE.EXP.GNFS.ZS:KOR,1973-12-31,23.523218046186244
WDI:NE.EXP.GNFS.ZS:KOR,1974-12-31,21.772145595777523
WDI:NE.EXP.GNFS.ZS:KOR,1975-12-31,22.182276589784294
WDI:NE.EXP.GNFS.ZS:KOR,1976-12-31,25.040817437209178
WDI:NE.EXP.GNFS.ZS:KOR,1977-12-31,25.521494457138022
WDI:NE.EXP.GNFS.ZS:KOR,1978-12-31,24.489580399887355
WDI:NE.EXP.GNFS.ZS:KOR,1979-12-31,23.13049653138144
WDI:NE.EXP.GNFS.ZS:KOR,1980-12-31,27.726514840414218
WDI:NE.EXP.GNFS.ZS:KOR,1981-12-31,29.167967931562032
WDI:NE.EXP.GNFS.ZS:KOR,1982-12-31,26.69007961772538
WDI:NE.EXP.GNFS.ZS:KOR,1983-12-31,27.162901752644792
WDI:NE.EXP.GNFS.ZS:KOR,1984-12-31,28.134056754208554
WDI:NE.EXP.GNFS.ZS:KOR,1985-12-31,26.115732689389326
WDI:NE.EXP.GNFS.ZS:KOR,1986-12-31,30.980523809748973
WDI:NE.EXP.GNFS.ZS:KOR,1987-12-31,33.684878781103265
WDI:NE.EXP.GNFS.ZS:KOR,1988-12-31,31.436264598274256
WDI:NE.EXP.GNFS.ZS:KOR,1989-12-31,26.47497135466093
WDI:NE.EXP.GNFS.ZS:KOR,1990-12-31,24.16857995110119
WDI:NE.EXP.GNFS.ZS:KOR,1991-12-31,22.987547451662213
WDI:NE.EXP.GNFS.ZS:KOR,1992-12-31,23.26127803143025
WDI:NE.EXP.GNFS.ZS:KOR,1993-12-31,22.85877564657277
WDI:NE.EXP.GNFS.ZS:KOR,1994-12-31,23.506986814948498
WDI:NE.EXP.GNFS.ZS:KOR,1995-12-31,25.090852879261703
WDI:NE.EXP.GNFS.ZS:KOR,1996-12-31,24.150971190802736
WDI:NE.EXP.GNFS.ZS:KOR,1997-12-31,27.47289037327253
WDI:NE.EXP.GNFS.ZS:KOR,1998-12-31,38.236890990071785
WDI:NE.EXP.GNFS.ZS:KOR,1999-12-31,31.51226133815541
WDI:NE.EXP.GNFS.ZS:KOR,2000-12-31,32.86430164831473
WDI:NE.EXP.GNFS.ZS:KOR,2001-12-31,30.86287302802382
WDI:NE.EXP.GNFS.ZS:KOR,2002-12-31,28.86908106903695
WDI:NE.EXP.GNFS.ZS:KOR,2003-12-31,30.444749781882628
WDI:NE.EXP.GNFS.ZS:KOR,2004-12-31,35.609930497378635
WDI:NE.EXP.GNFS.ZS:KOR,2005-12-31,34.12719666028756
WDI:NE.EXP.GNFS.ZS:KOR,2006-12-31,34.44571827716611
WDI:NE.EXP.GNFS.ZS:KOR,2007-12-31,36.04149095321607
WDI:NE.EXP.GNFS.ZS:KOR,2008-12-31,45.84715083772876
WDI:NE.EXP.GNFS.ZS:KOR,2009-12-31,43.510619526481804
WDI:NE.EXP.GNFS.ZS:KOR,2010-12-31,45.271860688695476
WDI:NE.EXP.GNFS.ZS:KOR,2011-12-31,51.281320767794234
WDI:NE.EXP.GNFS.ZS:KOR,2012-12-31,52.02353120851883
WDI:NE.EXP.GNFS.ZS:KOR,2013-12-31,49.23385910406915
WDI:NE.EXP.GNFS.ZS:KOR,2014-12-31,45.78762036730521
WDI:NE.EXP.GNFS.ZS:KOR,2015-12-31,40.968131454018206
WDI:NE.EXP.GNFS.ZS:KOR,2016-12-31,38.11298755839113
WDI:NE.EXP.GNFS.ZS:KOR,2017-12-31,38.84888999205319
WDI:NE.EXP.GNFS.ZS:KOR,2018-12-31,39.45234979318372
WDI:NE.EXP.GNFS.ZS:KOR,2019-12-31,37.041326637048826
WDI:NE.EXP.GNFS.ZS:KOR,2020-12-31,34.615200198788756
WDI:NE.EXP.GNFS.ZS:KOR,2021-12-31,39.33881926694786
WDI:NE.EXP.GNFS.ZS:KOR,2022-12-31,45.294860984132974
WDI:NE.EXP.GNFS.ZS:KOR,2023-12-31,41.3214807367697
WDI:NE.EXP.GNFS.ZS:KOR,2024-12-31,44.3582383593234
WDI:NE.EXP.GNFS.ZS:KOR,2025-12-31,45.7630385215931
WDI:NE.EXP.GNFS.ZS:KWT,1965-12-31,67.69025367156209
WDI:NE.EXP.GNFS.ZS:KWT,1966-12-31,65.69086651053864
WDI:NE.EXP.GNFS.ZS:KWT,1967-12-31,59.518348623853214
WDI:NE.EXP.GNFS.ZS:KWT,1968-12-31,61.72450052576236
WDI:NE.EXP.GNFS.ZS:KWT,1969-12-31,63.49848331648129
WDI:NE.EXP.GNFS.ZS:KWT,1970-12-31,59.8168176946312
WDI:NE.EXP.GNFS.ZS:KWT,1971-12-31,66.34824622581026
WDI:NE.EXP.GNFS.ZS:KWT,1972-12-31,68.59972677595628
WDI:NE.EXP.GNFS.ZS:KWT,1973-12-31,71.9344180537373
WDI:NE.EXP.GNFS.ZS:KWT,1974-12-31,84.95935182164574
WDI:NE.EXP.GNFS.ZS:KWT,1975-12-31,80.47031888527907
WDI:NE.EXP.GNFS.ZS:KWT,1976-12-31,77.93316925801494
WDI:NE.EXP.GNFS.ZS:KWT,1977-12-31,72.0262638652713
WDI:NE.EXP.GNFS.ZS:KWT,1978-12-31,70.53912717210328
WDI:NE.EXP.GNFS.ZS:KWT,1979-12-31,77.97012128922253
WDI:NE.EXP.GNFS.ZS:KWT,1980-12-31,78.34904719418559
WDI:NE.EXP.GNFS.ZS:KWT,1981-12-31,69.49812420916362
WDI:NE.EXP.GNFS.ZS:KWT,1982-12-31,54.504772934493595
WDI:NE.EXP.GNFS.ZS:KWT,1983-12-31,59.12937319790491
WDI:NE.EXP.GNFS.ZS:KWT,1984-12-31,60.1129750335505
WDI:NE.EXP.GNFS.ZS:KWT,1985-12-31,53.6749194566151
WDI:NE.EXP.GNFS.ZS:KWT,1986-12-31,46.18658275406142
WDI:NE.EXP.GNFS.ZS:KWT,1987-12-31,52.54013496669886
WDI:NE.EXP.GNFS.ZS:KWT,1988-12-31,47.564607974166975
WDI:NE.EXP.GNFS.ZS:KWT,1989-12-31,52.401685522639674
WDI:NE.EXP.GNFS.ZS:KWT,1990-12-31,44.938948974977386
WDI:NE.EXP.GNFS.ZS:KWT,1991-12-31,16.902039008947504
WDI:NE.EXP.GNFS.ZS:KWT,1992-12-31,40.470266189474536
WDI:NE.EXP.GNFS.ZS:KWT,1993-12-31,47.771185213028915
WDI:NE.EXP.GNFS.ZS:KWT,1994-12-31,50.85365924879374
WDI:NE.EXP.GNFS.ZS:KWT,1995-12-31,52.35460136309297
WDI:NE.EXP.GNFS.ZS:KWT,1996-12-31,52.284947662025004
WDI:NE.EXP.GNFS.ZS:KWT,1997-12-31,52.8528137117534
WDI:NE.EXP.GNFS.ZS:KWT,1998-12-31,43.86264465945741
WDI:NE.EXP.GNFS.ZS:KWT,1999-12-31,45.933890966989104
WDI:NE.EXP.GNFS.ZS:KWT,2000-12-31,56.472174446643564
WDI:NE.EXP.GNFS.ZS:KWT,2001-12-31,51.308411214953274
WDI:NE.EXP.GNFS.ZS:KWT,2002-12-31,44.6160483175151
WDI:NE.EXP.GNFS.ZS:KWT,2003-12-31,52.09151059773467
WDI:NE.EXP.GNFS.ZS:KWT,2004-12-31,56.91711338322858
WDI:NE.EXP.GNFS.ZS:KWT,2005-12-31,63.97606089890308
WDI:NE.EXP.GNFS.ZS:KWT,2006-12-31,65.54573372469842
WDI:NE.EXP.GNFS.ZS:KWT,2007-12-31,63.415038397082924
WDI:NE.EXP.GNFS.ZS:KWT,2008-12-31,66.7595495181702
WDI:NE.EXP.GNFS.ZS:KWT,2009-12-31,59.433634354444166
WDI:NE.EXP.GNFS.ZS:KWT,2010-12-31,66.67351126967353
WDI:NE.EXP.GNFS.ZS:KWT,2011-12-31,73.21767499985239
WDI:NE.EXP.GNFS.ZS:KWT,2012-12-31,74.7318371141504
WDI:NE.EXP.GNFS.ZS:KWT,2013-12-31,70.86101798904855
WDI:NE.EXP.GNFS.ZS:KWT,2014-12-31,68.50552512632248
WDI:NE.EXP.GNFS.ZS:KWT,2015-12-31,53.7653724505163
WDI:NE.EXP.GNFS.ZS:KWT,2016-12-31,47.63228526253103
WDI:NE.EXP.GNFS.ZS:KWT,2017-12-31,51.19631559252738
WDI:NE.EXP.GNFS.ZS:KWT,2018-12-31,57.31146275341202
WDI:NE.EXP.GNFS.ZS:KWT,2019-12-31,52.05825607638788
WDI:NE.EXP.GNFS.ZS:KWT,2020-12-31,43.713147229091085
WDI:NE.EXP.GNFS.ZS:KWT,2021-12-31,51.7263630655345
WDI:NE.EXP.GNFS.ZS:KWT,2022-12-31,60.44930630706434
WDI:NE.EXP.GNFS.ZS:KWT,2023-12-31,57.702062317436
WDI:NE.EXP.GNFS.ZS:KWT,2024-12-31,55.7559768271522
WDI:NE.EXP.GNFS.ZS:LAC,1960-12-31,10.279538230193658
WDI:NE.EXP.GNFS.ZS:LAC,1961-12-31,9.501972220454407
WDI:NE.EXP.GNFS.ZS:LAC,1962-12-31,8.449921840213067
WDI:NE.EXP.GNFS.ZS:LAC,1963-12-31,10.938002313879814
WDI:NE.EXP.GNFS.ZS:LAC,1964-12-31,9.246608412594277
WDI:NE.EXP.GNFS.ZS:LAC,1965-12-31,9.688370971455438
WDI:NE.EXP.GNFS.ZS:LAC,1966-12-31,9.38172270487565
WDI:NE.EXP.GNFS.ZS:LAC,1967-12-31,9.261327690512829
WDI:NE.EXP.GNFS.ZS:LAC,1968-12-31,9.270994777266834
WDI:NE.EXP.GNFS.ZS:LAC,1969-12-31,9.480909232913323
WDI:NE.EXP.GNFS.ZS:LAC,1970-12-31,9.649844197647726
WDI:NE.EXP.GNFS.ZS:LAC,1971-12-31,9.330386435173942
WDI:NE.EXP.GNFS.ZS:LAC,1972-12-31,10.16512720252099
WDI:NE.EXP.GNFS.ZS:LAC,1973-12-31,10.46335677044742
WDI:NE.EXP.GNFS.ZS:LAC,1974-12-31,10.328516914135005
WDI:NE.EXP.GNFS.ZS:LAC,1975-12-31,9.49621942194445
WDI:NE.EXP.GNFS.ZS:LAC,1976-12-31,10.453295415874035
WDI:NE.EXP.GNFS.ZS:LAC,1977-12-31,11.287103875771816
WDI:NE.EXP.GNFS.ZS:LAC,1978-12-31,10.783472867709479
WDI:NE.EXP.GNFS.ZS:LAC,1979-12-31,11.42031975046223
WDI:NE.EXP.GNFS.ZS:LAC,1980-12-31,11.491894255325873
WDI:NE.EXP.GNFS.ZS:LAC,1981-12-31,11.169109017868607
WDI:NE.EXP.GNFS.ZS:LAC,1982-12-31,11.931296317941928
WDI:NE.EXP.GNFS.ZS:LAC,1983-12-31,14.69053882065434
WDI:NE.EXP.GNFS.ZS:LAC,1984-12-31,15.167809168955001
WDI:NE.EXP.GNFS.ZS:LAC,1985-12-31,15.011884324758599
WDI:NE.EXP.GNFS.ZS:LAC,1986-12-31,13.160427487448075
WDI:NE.EXP.GNFS.ZS:LAC,1987-12-31,13.474014829723673
WDI:NE.EXP.GNFS.ZS:LAC,1988-12-31,15.157947656818504
WDI:NE.EXP.GNFS.ZS:LAC,1989-12-31,14.083206127816759
WDI:NE.EXP.GNFS.ZS:LAC,1990-12-31,13.87969326140456
WDI:NE.EXP.GNFS.ZS:LAC,1991-12-31,13.00466421660887
WDI:NE.EXP.GNFS.ZS:LAC,1992-12-31,12.906034546604205
WDI:NE.EXP.GNFS.ZS:LAC,1993-12-31,11.549000175861092
WDI:NE.EXP.GNFS.ZS:LAC,1994-12-31,11.716422854012963
WDI:NE.EXP.GNFS.ZS:LAC,1995-12-31,13.152292292239936
WDI:NE.EXP.GNFS.ZS:LAC,1996-12-31,13.431105406688431
WDI:NE.EXP.GNFS.ZS:LAC,1997-12-31,13.625005915986863
WDI:NE.EXP.GNFS.ZS:LAC,1998-12-31,13.780626279704054
WDI:NE.EXP.GNFS.ZS:LAC,1999-12-31,16.224163597369905
WDI:NE.EXP.GNFS.ZS:LAC,2000-12-31,17.18969594100365
WDI:NE.EXP.GNFS.ZS:LAC,2001-12-31,17.302138379049932
WDI:NE.EXP.GNFS.ZS:LAC,2002-12-31,19.63071723291207
WDI:NE.EXP.GNFS.ZS:LAC,2003-12-31,20.852178242248907
WDI:NE.EXP.GNFS.ZS:LAC,2004-12-31,21.85383037514221
WDI:NE.EXP.GNFS.ZS:LAC,2005-12-31,21.336473303664704
WDI:NE.EXP.GNFS.ZS:LAC,2006-12-31,21.348277086466158
WDI:NE.EXP.GNFS.ZS:LAC,2007-12-31,20.5554501719817
WDI:NE.EXP.GNFS.ZS:LAC,2008-12-31,20.458521576023745
WDI:NE.EXP.GNFS.ZS:LAC,2009-12-31,17.855900978702525
WDI:NE.EXP.GNFS.ZS:LAC,2010-12-31,18.323493963272135
WDI:NE.EXP.GNFS.ZS:LAC,2011-12-31,19.22421670020011
WDI:NE.EXP.GNFS.ZS:LAC,2012-12-31,19.604088324524366
WDI:NE.EXP.GNFS.ZS:LAC,2013-12-31,19.152220796491047
WDI:NE.EXP.GNFS.ZS:LAC,2014-12-31,18.891029754874257
WDI:NE.EXP.GNFS.ZS:LAC,2015-12-31,19.969202276556086
WDI:NE.EXP.GNFS.ZS:LAC,2016-12-31,20.320970982506623
WDI:NE.EXP.GNFS.ZS:LAC,2017-12-31,20.15483503518756
WDI:NE.EXP.GNFS.ZS:LAC,2018-12-31,22.518945701921194
WDI:NE.EXP.GNFS.ZS:LAC,2019-12-31,22.761667179965617
WDI:NE.EXP.GNFS.ZS:LAC,2020-12-31,23.367800472520273
WDI:NE.EXP.GNFS.ZS:LAC,2021-12-31,25.743286497378374
WDI:NE.EXP.GNFS.ZS:LAC,2022-12-31,26.589268000196363
WDI:NE.EXP.GNFS.ZS:LAC,2023-12-31,23.5818473566006
WDI:NE.EXP.GNFS.ZS:LAC,2024-12-31,24.1129178155233
WDI:NE.EXP.GNFS.ZS:LAC,2025-12-31,24.5640711542528
WDI:NE.EXP.GNFS.ZS:LAO,1984-12-31,2.7642277231806487
WDI:NE.EXP.GNFS.ZS:LAO,1985-12-31,4.037559054332261
WDI:NE.EXP.GNFS.ZS:LAO,1986-12-31,3.6137440286957263
WDI:NE.EXP.GNFS.ZS:LAO,1987-12-31,6.092436843597736
WDI:NE.EXP.GNFS.ZS:LAO,1988-12-31,13.62861980619267
WDI:NE.EXP.GNFS.ZS:LAO,1989-12-31,12.130675210744664
WDI:NE.EXP.GNFS.ZS:LAO,1990-12-31,11.328763293632724
WDI:NE.EXP.GNFS.ZS:LAO,1991-12-31,12.953726480142121
WDI:NE.EXP.GNFS.ZS:LAO,1992-12-31,17.02575542691907
WDI:NE.EXP.GNFS.ZS:LAO,1993-12-31,21.461619264088604
WDI:NE.EXP.GNFS.ZS:LAO,1994-12-31,24.986940717685563
WDI:NE.EXP.GNFS.ZS:LAO,1995-12-31,23.220388914756366
WDI:NE.EXP.GNFS.ZS:LAO,1996-12-31,22.69874962490583
WDI:NE.EXP.GNFS.ZS:LAO,1997-12-31,23.892224791023075
WDI:NE.EXP.GNFS.ZS:LAO,1998-12-31,36.455872754924876
WDI:NE.EXP.GNFS.ZS:LAO,1999-12-31,35.87584152414758
WDI:NE.EXP.GNFS.ZS:LAO,2000-12-31,30.662003601608482
WDI:NE.EXP.GNFS.ZS:LAO,2001-12-31,27.87315887350495
WDI:NE.EXP.GNFS.ZS:LAO,2002-12-31,28.752514664277523
WDI:NE.EXP.GNFS.ZS:LAO,2003-12-31,23.500433162778837
WDI:NE.EXP.GNFS.ZS:LAO,2004-12-31,24.912122565161514
WDI:NE.EXP.GNFS.ZS:LAO,2005-12-31,28.963735722006685
WDI:NE.EXP.GNFS.ZS:LAO,2006-12-31,38.15507752301793
WDI:NE.EXP.GNFS.ZS:LAO,2007-12-31,33.61431308286353
WDI:NE.EXP.GNFS.ZS:LAO,2008-12-31,33.15408047508676
WDI:NE.EXP.GNFS.ZS:LAO,2009-12-31,30.083069674643237
WDI:NE.EXP.GNFS.ZS:LAO,2010-12-31,35.38402603795605
WDI:NE.EXP.GNFS.ZS:LAO,2011-12-31,40.34315609768163
WDI:NE.EXP.GNFS.ZS:LAO,2012-12-31,37.87672835017588
WDI:NE.EXP.GNFS.ZS:LAO,2013-12-31,38.17310339830045
WDI:NE.EXP.GNFS.ZS:LAO,2014-12-31,40.75454665114967
WDI:NE.EXP.GNFS.ZS:LAO,2015-12-31,33.9522573081909
WDI:NE.EXP.GNFS.ZS:LAO,2016-12-31,33.20942745612203
WDI:NE.EXP.GNFS.ZS:LBN,1989-12-31,18.349245607309534
WDI:NE.EXP.GNFS.ZS:LBN,1990-12-31,17.992786045621838
WDI:NE.EXP.GNFS.ZS:LBN,1991-12-31,12.528835709228003
WDI:NE.EXP.GNFS.ZS:LBN,1992-12-31,10.850705163931801
WDI:NE.EXP.GNFS.ZS:LBN,1993-12-31,9.174398857338694
WDI:NE.EXP.GNFS.ZS:LBN,1994-12-31,7.870608735045967
WDI:NE.EXP.GNFS.ZS:LBN,1995-12-31,10.806454876033113
WDI:NE.EXP.GNFS.ZS:LBN,1996-12-31,12.846320000714284
WDI:NE.EXP.GNFS.ZS:LBN,1997-12-31,14.5319587628866
WDI:NE.EXP.GNFS.ZS:LBN,1998-12-31,13.763432636047268
WDI:NE.EXP.GNFS.ZS:LBN,1999-12-31,14.063989627426304
WDI:NE.EXP.GNFS.ZS:LBN,2000-12-31,14.177555726364336
WDI:NE.EXP.GNFS.ZS:LBN,2001-12-31,15.604915999548991
WDI:NE.EXP.GNFS.ZS:LBN,2002-12-31,16.098642283180936
WDI:NE.EXP.GNFS.ZS:LBN,2003-12-31,16.73658133773741
WDI:NE.EXP.GNFS.ZS:LBN,2004-12-31,35.054904551184215
WDI:NE.EXP.GNFS.ZS:LBN,2005-12-31,36.623538708259645
WDI:NE.EXP.GNFS.ZS:LBN,2006-12-31,35.5896575058264
WDI:NE.EXP.GNFS.ZS:LBN,2007-12-31,37.141517004262454
WDI:NE.EXP.GNFS.ZS:LBN,2008-12-31,38.54565444028783
WDI:NE.EXP.GNFS.ZS:LBN,2009-12-31,33.19570169865377
WDI:NE.EXP.GNFS.ZS:LBN,2010-12-31,35.02312286640705
WDI:NE.EXP.GNFS.ZS:LBN,2011-12-31,36.3630972315613
WDI:NE.EXP.GNFS.ZS:LBN,2012-12-31,28.809212878115094
WDI:NE.EXP.GNFS.ZS:LBN,2013-12-31,26.646754746661927
WDI:NE.EXP.GNFS.ZS:LBN,2014-12-31,23.75616449846835
WDI:NE.EXP.GNFS.ZS:LBN,2015-12-31,23.139667726802415
WDI:NE.EXP.GNFS.ZS:LBN,2016-12-31,21.72615588741385
WDI:NE.EXP.GNFS.ZS:LBN,2017-12-31,21.926933186023817
WDI:NE.EXP.GNFS.ZS:LBN,2018-12-31,20.754521158756575
WDI:NE.EXP.GNFS.ZS:LBN,2019-12-31,20.697758956757735
WDI:NE.EXP.GNFS.ZS:LBN,2020-12-31,16.37258686764814
WDI:NE.EXP.GNFS.ZS:LBN,2021-12-31,26.025627692713734
WDI:NE.EXP.GNFS.ZS:LBN,2022-12-31,34.8287792460469
WDI:NE.EXP.GNFS.ZS:LBN,2023-12-31,30.5514119674735
WDI:NE.EXP.GNFS.ZS:LBN,2024-12-31,23.3165495276514
WDI:NE.EXP.GNFS.ZS:LBY,1990-12-31,39.67623701893708
WDI:NE.EXP.GNFS.ZS:LBY,1991-12-31,33.831421890658056
WDI:NE.EXP.GNFS.ZS:LBY,1992-12-31,30.589036788596584
WDI:NE.EXP.GNFS.ZS:LBY,1993-12-31,28.24474924989284
WDI:NE.EXP.GNFS.ZS:LBY,1994-12-31,27.035216213504565
WDI:NE.EXP.GNFS.ZS:LBY,1995-12-31,29.176029962546817
WDI:NE.EXP.GNFS.ZS:LBY,1996-12-31,28.653530377668307
WDI:NE.EXP.GNFS.ZS:LBY,1997-12-31,26.78634532475793
WDI:NE.EXP.GNFS.ZS:LBY,1998-12-31,19.36901585308429
WDI:NE.EXP.GNFS.ZS:LBY,1999-12-31,20.220544168764235
WDI:NE.EXP.GNFS.ZS:LBY,2000-12-31,31.558004285277015
WDI:NE.EXP.GNFS.ZS:LBY,2001-12-31,26.540697674418606
WDI:NE.EXP.GNFS.ZS:LBY,2002-12-31,44.76779947716439
WDI:NE.EXP.GNFS.ZS:LBY,2003-12-31,57.3170731707317
WDI:NE.EXP.GNFS.ZS:LBY,2004-12-31,63.75596089087067
WDI:NE.EXP.GNFS.ZS:LBY,2005-12-31,63.716843150552215
WDI:NE.EXP.GNFS.ZS:LBY,2006-12-31,71.83932727035487
WDI:NE.EXP.GNFS.ZS:LBY,2007-12-31,73.43247789619505
WDI:NE.EXP.GNFS.ZS:LBY,2008-12-31,74.11570652993515
WDI:NE.EXP.GNFS.ZS:LBY,2009-12-31,63.23689154299868
WDI:NE.EXP.GNFS.ZS:LBY,2010-12-31,66.2720071713114
WDI:NE.EXP.GNFS.ZS:LBY,2011-12-31,38.14589639880271
WDI:NE.EXP.GNFS.ZS:LBY,2012-12-31,66.86785684920244
WDI:NE.EXP.GNFS.ZS:LBY,2013-12-31,59.88860758436875
WDI:NE.EXP.GNFS.ZS:LBY,2014-12-31,32.23832100240135
WDI:NE.EXP.GNFS.ZS:LBY,2015-12-31,22.22737412151448
WDI:NE.EXP.GNFS.ZS:LBY,2016-12-31,14.577887550038762
WDI:NE.EXP.GNFS.ZS:LBY,2017-12-31,27.197255713879752
WDI:NE.EXP.GNFS.ZS:LBY,2018-12-31,39.61350441705143
WDI:NE.EXP.GNFS.ZS:LBY,2019-12-31,42.355322400760045
WDI:NE.EXP.GNFS.ZS:LBY,2020-12-31,20.36379005609775
WDI:NE.EXP.GNFS.ZS:LBY,2021-12-31,92.05460755146582
WDI:NE.EXP.GNFS.ZS:LBY,2022-12-31,91.98092350782122
WDI:NE.EXP.GNFS.ZS:LBY,2023-12-31,85.6010032090609
WDI:NE.EXP.GNFS.ZS:LBY,2024-12-31,71.7293179684166
WDI:NE.EXP.GNFS.ZS:LBY,2025-12-31,71.7134746269549
WDI:NE.EXP.GNFS.ZS:LCN,1960-12-31,14.137604843790562
WDI:NE.EXP.GNFS.ZS:LCN,1961-12-31,13.44465732959267
WDI:NE.EXP.GNFS.ZS:LCN,1962-12-31,12.842543816068297
WDI:NE.EXP.GNFS.ZS:LCN,1963-12-31,14.853674733654593
WDI:NE.EXP.GNFS.ZS:LCN,1964-12-31,12.581796144790827
WDI:NE.EXP.GNFS.ZS:LCN,1965-12-31,12.95871790587761
WDI:NE.EXP.GNFS.ZS:LCN,1966-12-31,12.54298947457162
WDI:NE.EXP.GNFS.ZS:LCN,1967-12-31,12.394054023193105
WDI:NE.EXP.GNFS.ZS:LCN,1968-12-31,12.2238188374231
WDI:NE.EXP.GNFS.ZS:LCN,1969-12-31,12.353959915792773
WDI:NE.EXP.GNFS.ZS:LCN,1970-12-31,12.327378401471666
WDI:NE.EXP.GNFS.ZS:LCN,1971-12-31,11.926794723703644
WDI:NE.EXP.GNFS.ZS:LCN,1972-12-31,12.399143518436992
WDI:NE.EXP.GNFS.ZS:LCN,1973-12-31,13.004335350399124
WDI:NE.EXP.GNFS.ZS:LCN,1974-12-31,14.536240787315059
WDI:NE.EXP.GNFS.ZS:LCN,1975-12-31,12.902957368036242
WDI:NE.EXP.GNFS.ZS:LCN,1976-12-31,13.582001641787777
WDI:NE.EXP.GNFS.ZS:LCN,1977-12-31,14.307927206054707
WDI:NE.EXP.GNFS.ZS:LCN,1978-12-31,13.368825708948314
WDI:NE.EXP.GNFS.ZS:LCN,1979-12-31,14.671672409404794
WDI:NE.EXP.GNFS.ZS:LCN,1980-12-31,14.970998845169051
WDI:NE.EXP.GNFS.ZS:LCN,1981-12-31,14.246356591276138
WDI:NE.EXP.GNFS.ZS:LCN,1982-12-31,14.758452069839272
WDI:NE.EXP.GNFS.ZS:LCN,1983-12-31,17.258109281656374
WDI:NE.EXP.GNFS.ZS:LCN,1984-12-31,17.686099102750212
WDI:NE.EXP.GNFS.ZS:LCN,1985-12-31,17.668302887471405
WDI:NE.EXP.GNFS.ZS:LCN,1986-12-31,16.0475500044016
WDI:NE.EXP.GNFS.ZS:LCN,1987-12-31,16.216517525590604
WDI:NE.EXP.GNFS.ZS:LCN,1988-12-31,17.93232758074719
WDI:NE.EXP.GNFS.ZS:LCN,1989-12-31,17.64001525769224
WDI:NE.EXP.GNFS.ZS:LCN,1990-12-31,17.773146131283603
WDI:NE.EXP.GNFS.ZS:LCN,1991-12-31,16.755192972411205
WDI:NE.EXP.GNFS.ZS:LCN,1992-12-31,16.326862470391994
WDI:NE.EXP.GNFS.ZS:LCN,1993-12-31,14.519820806300004
WDI:NE.EXP.GNFS.ZS:LCN,1994-12-31,14.66596880833083
WDI:NE.EXP.GNFS.ZS:LCN,1995-12-31,16.09299526953837
WDI:NE.EXP.GNFS.ZS:LCN,1996-12-31,16.38113447509913
WDI:NE.EXP.GNFS.ZS:LCN,1997-12-31,16.37078737012256
WDI:NE.EXP.GNFS.ZS:LCN,1998-12-31,16.363887155268824
WDI:NE.EXP.GNFS.ZS:LCN,1999-12-31,19.07963481759917
WDI:NE.EXP.GNFS.ZS:LCN,2000-12-31,20.364533878696506
WDI:NE.EXP.GNFS.ZS:LCN,2001-12-31,20.478609317685308
WDI:NE.EXP.GNFS.ZS:LCN,2002-12-31,23.09706538675557
WDI:NE.EXP.GNFS.ZS:LCN,2003-12-31,24.779719767110482
WDI:NE.EXP.GNFS.ZS:LCN,2004-12-31,25.88259337097759
WDI:NE.EXP.GNFS.ZS:LCN,2005-12-31,25.500427621843475
WDI:NE.EXP.GNFS.ZS:LCN,2006-12-31,25.47319989455808
WDI:NE.EXP.GNFS.ZS:LCN,2007-12-31,24.307319079664744
WDI:NE.EXP.GNFS.ZS:LCN,2008-12-31,24.048729507524996
WDI:NE.EXP.GNFS.ZS:LCN,2009-12-31,20.61137308662401
WDI:NE.EXP.GNFS.ZS:LCN,2010-12-31,21.573342295511928
WDI:NE.EXP.GNFS.ZS:LCN,2011-12-31,22.221336166485443
WDI:NE.EXP.GNFS.ZS:LCN,2012-12-31,22.228544478620435
WDI:NE.EXP.GNFS.ZS:LCN,2013-12-31,21.60318742269687
WDI:NE.EXP.GNFS.ZS:LCN,2014-12-31,21.73662352328045
WDI:NE.EXP.GNFS.ZS:LCN,2015-12-31,22.465482756835183
WDI:NE.EXP.GNFS.ZS:LCN,2016-12-31,22.58904209611069
WDI:NE.EXP.GNFS.ZS:LCN,2017-12-31,22.378248246750776
WDI:NE.EXP.GNFS.ZS:LCN,2018-12-31,24.53135986146326
WDI:NE.EXP.GNFS.ZS:LCN,2019-12-31,24.733894429423955
WDI:NE.EXP.GNFS.ZS:LCN,2020-12-31,25.003423279503657
WDI:NE.EXP.GNFS.ZS:LCN,2021-12-31,27.190189757202326
WDI:NE.EXP.GNFS.ZS:LCN,2022-12-31,28.110910775140006
WDI:NE.EXP.GNFS.ZS:LCN,2023-12-31,25.2018158524315
WDI:NE.EXP.GNFS.ZS:LCN,2024-12-31,25.7658164426472
WDI:NE.EXP.GNFS.ZS:LCN,2025-12-31,26.1462714281691
WDI:NE.EXP.GNFS.ZS:LDC,1994-12-31,25.323914901981915
WDI:NE.EXP.GNFS.ZS:LDC,1995-12-31,23.61077712698049
WDI:NE.EXP.GNFS.ZS:LDC,1996-12-31,19.667967139647725
WDI:NE.EXP.GNFS.ZS:LDC,1997-12-31,19.255133471042384
WDI:NE.EXP.GNFS.ZS:LDC,1998-12-31,19.023653619592388
WDI:NE.EXP.GNFS.ZS:LDC,1999-12-31,19.515380456638415
WDI:NE.EXP.GNFS.ZS:LDC,2000-12-31,20.256063458039602
WDI:NE.EXP.GNFS.ZS:LDC,2001-12-31,21.20952031001739
WDI:NE.EXP.GNFS.ZS:LDC,2002-12-31,20.662344838794656
WDI:NE.EXP.GNFS.ZS:LDC,2003-12-31,20.552499411700737
WDI:NE.EXP.GNFS.ZS:LDC,2004-12-31,22.89678975502626
WDI:NE.EXP.GNFS.ZS:LDC,2005-12-31,26.81464354525262
WDI:NE.EXP.GNFS.ZS:LDC,2006-12-31,28.82734138361252
WDI:NE.EXP.GNFS.ZS:LDC,2007-12-31,30.28308620491765
WDI:NE.EXP.GNFS.ZS:LDC,2008-12-31,32.00650730576513
WDI:NE.EXP.GNFS.ZS:LDC,2009-12-31,25.09109514103679
WDI:NE.EXP.GNFS.ZS:LDC,2010-12-31,27.14139284301383
WDI:NE.EXP.GNFS.ZS:LDC,2011-12-31,28.90017508517415
WDI:NE.EXP.GNFS.ZS:LDC,2012-12-31,27.884872312266673
WDI:NE.EXP.GNFS.ZS:LDC,2013-12-31,26.206957847938796
WDI:NE.EXP.GNFS.ZS:LDC,2014-12-31,24.520097161593306
WDI:NE.EXP.GNFS.ZS:LDC,2015-12-31,20.123921634531047
WDI:NE.EXP.GNFS.ZS:LDC,2016-12-31,18.42747547247335
WDI:NE.EXP.GNFS.ZS:LDC,2017-12-31,19.218505871202325
WDI:NE.EXP.GNFS.ZS:LDC,2018-12-31,20.922280044571114
WDI:NE.EXP.GNFS.ZS:LDC,2019-12-31,20.426803987926323
WDI:NE.EXP.GNFS.ZS:LDC,2020-12-31,18.00016540813107
WDI:NE.EXP.GNFS.ZS:LDC,2021-12-31,20.88749116299003
WDI:NE.EXP.GNFS.ZS:LDC,2022-12-31,22.46944964997137
WDI:NE.EXP.GNFS.ZS:LDC,2023-12-31,21.4478586693872
WDI:NE.EXP.GNFS.ZS:LDC,2024-12-31,20.5832188707843
WDI:NE.EXP.GNFS.ZS:LDC,2025-12-31,21.6584551764879
WDI:NE.EXP.GNFS.ZS:LIC,1991-12-31,12.210571234555859
WDI:NE.EXP.GNFS.ZS:LIC,1992-12-31,16.598784771913554
WDI:NE.EXP.GNFS.ZS:LIC,1993-12-31,17.195024834315454
WDI:NE.EXP.GNFS.ZS:LIC,1994-12-31,28.39238419648175
WDI:NE.EXP.GNFS.ZS:LIC,1995-12-31,25.076015063587757
WDI:NE.EXP.GNFS.ZS:LIC,1996-12-31,22.727285753089685
WDI:NE.EXP.GNFS.ZS:LIC,1997-12-31,20.91682016931461
WDI:NE.EXP.GNFS.ZS:LIC,1998-12-31,20.282712358062078
WDI:NE.EXP.GNFS.ZS:LIC,1999-12-31,21.233068887165587
WDI:NE.EXP.GNFS.ZS:LIC,2000-12-31,23.210291894268327
WDI:NE.EXP.GNFS.ZS:LIC,2001-12-31,23.740774406147874
WDI:NE.EXP.GNFS.ZS:LIC,2002-12-31,24.541235066247097
WDI:NE.EXP.GNFS.ZS:LIC,2003-12-31,23.54386338895434
WDI:NE.EXP.GNFS.ZS:LIC,2004-12-31,27.296313794498158
WDI:NE.EXP.GNFS.ZS:LIC,2005-12-31,28.635026379750833
WDI:NE.EXP.GNFS.ZS:LIC,2006-12-31,28.384811456580568
WDI:NE.EXP.GNFS.ZS:LIC,2007-12-31,29.17297720887361
WDI:NE.EXP.GNFS.ZS:LIC,2008-12-31,30.806163118446005
WDI:NE.EXP.GNFS.ZS:LIC,2009-12-31,24.637360835327826
WDI:NE.EXP.GNFS.ZS:LIC,2010-12-31,27.276512416947696
WDI:NE.EXP.GNFS.ZS:LIC,2011-12-31,24.42858296101287
WDI:NE.EXP.GNFS.ZS:LIC,2012-12-31,20.561548113542937
WDI:NE.EXP.GNFS.ZS:LIC,2013-12-31,20.37141978000498
WDI:NE.EXP.GNFS.ZS:LIC,2014-12-31,20.918682969762553
WDI:NE.EXP.GNFS.ZS:LIC,2015-12-31,17.833215271197908
WDI:NE.EXP.GNFS.ZS:LIC,2016-12-31,18.404013427962308
WDI:NE.EXP.GNFS.ZS:LIC,2017-12-31,20.213196583916602
WDI:NE.EXP.GNFS.ZS:LIC,2018-12-31,22.093883699657198
WDI:NE.EXP.GNFS.ZS:LIC,2019-12-31,20.71720333757336
WDI:NE.EXP.GNFS.ZS:LIC,2020-12-31,20.190393286543667
WDI:NE.EXP.GNFS.ZS:LIC,2021-12-31,23.180755007840563
WDI:NE.EXP.GNFS.ZS:LIC,2022-12-31,23.912917877323665
WDI:NE.EXP.GNFS.ZS:LIC,2023-12-31,19.5142646130817
WDI:NE.EXP.GNFS.ZS:LIC,2024-12-31,20.1557969534716
WDI:NE.EXP.GNFS.ZS:LIC,2025-12-31,23.5985850446637
WDI:NE.EXP.GNFS.ZS:LKA,1960-12-31,29.95324988824318
WDI:NE.EXP.GNFS.ZS:LKA,1961-12-31,27.53754368
WDI:NE.EXP.GNFS.ZS:LKA,1962-12-31,27.79267364418938
WDI:NE.EXP.GNFS.ZS:LKA,1963-12-31,25.756807545380656
WDI:NE.EXP.GNFS.ZS:LKA,1964-12-31,24.61552213524958
WDI:NE.EXP.GNFS.ZS:LKA,1965-12-31,25.903018307768434
WDI:NE.EXP.GNFS.ZS:LKA,1966-12-31,22.37015713086242
WDI:NE.EXP.GNFS.ZS:LKA,1967-12-31,20.46032975544982
WDI:NE.EXP.GNFS.ZS:LKA,1968-12-31,20.621442563911177
WDI:NE.EXP.GNFS.ZS:LKA,1969-12-31,18.392475416844807
WDI:NE.EXP.GNFS.ZS:LKA,1970-12-31,25.45374707259953
WDI:NE.EXP.GNFS.ZS:LKA,1971-12-31,24.61209964412811
WDI:NE.EXP.GNFS.ZS:LKA,1972-12-31,22.32570341706565
WDI:NE.EXP.GNFS.ZS:LKA,1973-12-31,24.347967833079764
WDI:NE.EXP.GNFS.ZS:LKA,1974-12-31,26.43136595010727
WDI:NE.EXP.GNFS.ZS:LKA,1975-12-31,27.48993490612183
WDI:NE.EXP.GNFS.ZS:LKA,1976-12-31,29.04678343210939
WDI:NE.EXP.GNFS.ZS:LKA,1977-12-31,33.81492570110144
WDI:NE.EXP.GNFS.ZS:LKA,1978-12-31,34.77088948787062
WDI:NE.EXP.GNFS.ZS:LKA,1979-12-31,33.71065340637944
WDI:NE.EXP.GNFS.ZS:LKA,1980-12-31,32.218497752792096
WDI:NE.EXP.GNFS.ZS:LKA,1981-12-31,30.459384742073997
WDI:NE.EXP.GNFS.ZS:LKA,1982-12-31,27.356456196215163
WDI:NE.EXP.GNFS.ZS:LKA,1983-12-31,26.328730849252885
WDI:NE.EXP.GNFS.ZS:LKA,1984-12-31,28.804001404914597
WDI:NE.EXP.GNFS.ZS:LKA,1985-12-31,26.01200923787529
WDI:NE.EXP.GNFS.ZS:LKA,1986-12-31,23.718198736307208
WDI:NE.EXP.GNFS.ZS:LKA,1987-12-31,25.192275432969204
WDI:NE.EXP.GNFS.ZS:LKA,1988-12-31,26.076438630159203
WDI:NE.EXP.GNFS.ZS:LKA,1989-12-31,27.26020381831824
WDI:NE.EXP.GNFS.ZS:LKA,1990-12-31,30.180804514829823
WDI:NE.EXP.GNFS.ZS:LKA,1991-12-31,28.741086895218142
WDI:NE.EXP.GNFS.ZS:LKA,1992-12-31,31.77037408031828
WDI:NE.EXP.GNFS.ZS:LKA,1993-12-31,33.801006875982104
WDI:NE.EXP.GNFS.ZS:LKA,1994-12-31,33.812883795787826
WDI:NE.EXP.GNFS.ZS:LKA,1995-12-31,35.59762913090096
WDI:NE.EXP.GNFS.ZS:LKA,1996-12-31,34.97333777703716
WDI:NE.EXP.GNFS.ZS:LKA,1997-12-31,36.53811808076633
WDI:NE.EXP.GNFS.ZS:LKA,1998-12-31,36.24381867727061
WDI:NE.EXP.GNFS.ZS:LKA,1999-12-31,35.48370471706558
WDI:NE.EXP.GNFS.ZS:LKA,2000-12-31,39.01570088642501
WDI:NE.EXP.GNFS.ZS:LKA,2001-12-31,37.3311884768914
WDI:NE.EXP.GNFS.ZS:LKA,2002-12-31,34.913330197833595
WDI:NE.EXP.GNFS.ZS:LKA,2003-12-31,34.653502832422845
WDI:NE.EXP.GNFS.ZS:LKA,2004-12-31,35.33090273244115
WDI:NE.EXP.GNFS.ZS:LKA,2005-12-31,32.33687298748931
WDI:NE.EXP.GNFS.ZS:LKA,2006-12-31,30.128527093797214
WDI:NE.EXP.GNFS.ZS:LKA,2007-12-31,29.114999687036143
WDI:NE.EXP.GNFS.ZS:LKA,2008-12-31,24.841487098820544
WDI:NE.EXP.GNFS.ZS:LKA,2009-12-31,21.328366243782952
WDI:NE.EXP.GNFS.ZS:LKA,2015-12-31,19.893383820225495
WDI:NE.EXP.GNFS.ZS:LKA,2016-12-31,19.824036042951764
WDI:NE.EXP.GNFS.ZS:LKA,2017-12-31,20.22420003611329
WDI:NE.EXP.GNFS.ZS:LKA,2018-12-31,21.446248614641085
WDI:NE.EXP.GNFS.ZS:LKA,2019-12-31,21.82353092473631
WDI:NE.EXP.GNFS.ZS:LKA,2020-12-31,15.457639917345837
WDI:NE.EXP.GNFS.ZS:LKA,2021-12-31,16.921421589555486
WDI:NE.EXP.GNFS.ZS:LKA,2022-12-31,21.559562462096718
WDI:NE.EXP.GNFS.ZS:LKA,2023-12-31,20.5995283672112
WDI:NE.EXP.GNFS.ZS:LKA,2024-12-31,19.7559774138192
WDI:NE.EXP.GNFS.ZS:LKA,2025-12-31,18.9673796128721
WDI:NE.EXP.GNFS.ZS:LMC,1981-12-31,11.299429931935695
WDI:NE.EXP.GNFS.ZS:LMC,1982-12-31,11.07514497069788
WDI:NE.EXP.GNFS.ZS:LMC,1983-12-31,11.660122336624426
WDI:NE.EXP.GNFS.ZS:LMC,1984-12-31,12.689178054354366
WDI:NE.EXP.GNFS.ZS:LMC,1985-12-31,11.695280969360008
WDI:NE.EXP.GNFS.ZS:LMC,1986-12-31,12.005441850221956
WDI:NE.EXP.GNFS.ZS:LMC,1987-12-31,12.029947603854675
WDI:NE.EXP.GNFS.ZS:LMC,1988-12-31,13.077303446581826
WDI:NE.EXP.GNFS.ZS:LMC,1989-12-31,14.423812982707995
WDI:NE.EXP.GNFS.ZS:LMC,1990-12-31,14.836971627838777
WDI:NE.EXP.GNFS.ZS:LMC,1991-12-31,16.42870657167783
WDI:NE.EXP.GNFS.ZS:LMC,1992-12-31,17.321272721020392
WDI:NE.EXP.GNFS.ZS:LMC,1993-12-31,17.99175011570512
WDI:NE.EXP.GNFS.ZS:LMC,1994-12-31,18.007534008386074
WDI:NE.EXP.GNFS.ZS:LMC,1995-12-31,18.28067654002493
WDI:NE.EXP.GNFS.ZS:LMC,1996-12-31,17.672138740178667
WDI:NE.EXP.GNFS.ZS:LMC,1997-12-31,18.11879196922165
WDI:NE.EXP.GNFS.ZS:LMC,1998-12-31,17.404568931778467
WDI:NE.EXP.GNFS.ZS:LMC,1999-12-31,20.204194061475395
WDI:NE.EXP.GNFS.ZS:LMC,2000-12-31,21.029189819648778
WDI:NE.EXP.GNFS.ZS:LMC,2001-12-31,20.943845397945566
WDI:NE.EXP.GNFS.ZS:LMC,2002-12-31,21.41547629617676
WDI:NE.EXP.GNFS.ZS:LMC,2003-12-31,21.924377090915705
WDI:NE.EXP.GNFS.ZS:LMC,2004-12-31,24.0445885307119
WDI:NE.EXP.GNFS.ZS:LMC,2005-12-31,25.678206062856262
WDI:NE.EXP.GNFS.ZS:LMC,2006-12-31,26.562630164815275
WDI:NE.EXP.GNFS.ZS:LMC,2007-12-31,26.434993084467344
WDI:NE.EXP.GNFS.ZS:LMC,2008-12-31,28.549224331602556
WDI:NE.EXP.GNFS.ZS:LMC,2009-12-31,24.6002588009734
WDI:NE.EXP.GNFS.ZS:LMC,2010-12-31,25.52391912677473
WDI:NE.EXP.GNFS.ZS:LMC,2011-12-31,27.215469957116955
WDI:NE.EXP.GNFS.ZS:LMC,2012-12-31,26.463998676295613
WDI:NE.EXP.GNFS.ZS:LMC,2013-12-31,26.24223060607266
WDI:NE.EXP.GNFS.ZS:LMC,2014-12-31,24.625776935923852
WDI:NE.EXP.GNFS.ZS:LMC,2015-12-31,22.632328440342704
WDI:NE.EXP.GNFS.ZS:LMC,2016-12-31,22.100187473300515
WDI:NE.EXP.GNFS.ZS:LMC,2017-12-31,23.36034912575118
WDI:NE.EXP.GNFS.ZS:LMC,2018-12-31,24.686280287345905
WDI:NE.EXP.GNFS.ZS:LMC,2019-12-31,23.321627940924497
WDI:NE.EXP.GNFS.ZS:LMC,2020-12-31,22.206752573970732
WDI:NE.EXP.GNFS.ZS:LMC,2021-12-31,24.60620782920638
WDI:NE.EXP.GNFS.ZS:LMC,2022-12-31,27.083638212982613
WDI:NE.EXP.GNFS.ZS:LMC,2023-12-31,22.9364688626112
WDI:NE.EXP.GNFS.ZS:LMC,2024-12-31,23.2113760078768
WDI:NE.EXP.GNFS.ZS:LMC,2025-12-31,23.2304305510864
WDI:NE.EXP.GNFS.ZS:LMY,1960-12-31,10.30712439186425
WDI:NE.EXP.GNFS.ZS:LMY,1961-12-31,10.342739447511901
WDI:NE.EXP.GNFS.ZS:LMY,1962-12-31,9.773887889983026
WDI:NE.EXP.GNFS.ZS:LMY,1963-12-31,10.615553541466621
WDI:NE.EXP.GNFS.ZS:LMY,1964-12-31,9.972332509879699
WDI:NE.EXP.GNFS.ZS:LMY,1965-12-31,9.73942192993386
WDI:NE.EXP.GNFS.ZS:LMY,1966-12-31,9.934807878662667
WDI:NE.EXP.GNFS.ZS:LMY,1967-12-31,9.96139592485161
WDI:NE.EXP.GNFS.ZS:LMY,1968-12-31,10.104695063511675
WDI:NE.EXP.GNFS.ZS:LMY,1969-12-31,9.909588321616228
WDI:NE.EXP.GNFS.ZS:LMY,1970-12-31,10.006688632789821
WDI:NE.EXP.GNFS.ZS:LMY,1971-12-31,10.219337376765704
WDI:NE.EXP.GNFS.ZS:LMY,1972-12-31,10.929412842777541
WDI:NE.EXP.GNFS.ZS:LMY,1973-12-31,12.724413085674922
WDI:NE.EXP.GNFS.ZS:LMY,1974-12-31,15.7346655972776
WDI:NE.EXP.GNFS.ZS:LMY,1975-12-31,14.308245896864916
WDI:NE.EXP.GNFS.ZS:LMY,1976-12-31,15.414304741516919
WDI:NE.EXP.GNFS.ZS:LMY,1977-12-31,15.4867560958798
WDI:NE.EXP.GNFS.ZS:LMY,1978-12-31,15.160200323041687
WDI:NE.EXP.GNFS.ZS:LMY,1979-12-31,17.135277850498017
WDI:NE.EXP.GNFS.ZS:LMY,1980-12-31,17.752653971294922
WDI:NE.EXP.GNFS.ZS:LMY,1981-12-31,15.281567345016246
WDI:NE.EXP.GNFS.ZS:LMY,1982-12-31,15.361925337465498
WDI:NE.EXP.GNFS.ZS:LMY,1983-12-31,16.342699730170636
WDI:NE.EXP.GNFS.ZS:LMY,1984-12-31,16.828848591060975
WDI:NE.EXP.GNFS.ZS:LMY,1985-12-31,15.724596203805351
WDI:NE.EXP.GNFS.ZS:LMY,1986-12-31,13.938688824169521
WDI:NE.EXP.GNFS.ZS:LMY,1987-12-31,16.309534653561077
WDI:NE.EXP.GNFS.ZS:LMY,1988-12-31,17.661049593289217
WDI:NE.EXP.GNFS.ZS:LMY,1989-12-31,17.709812378004706
WDI:NE.EXP.GNFS.ZS:LMY,1990-12-31,17.245457035734262
WDI:NE.EXP.GNFS.ZS:LMY,1991-12-31,18.025743250268803
WDI:NE.EXP.GNFS.ZS:LMY,1992-12-31,18.723955579161323
WDI:NE.EXP.GNFS.ZS:LMY,1993-12-31,18.313650210769836
WDI:NE.EXP.GNFS.ZS:LMY,1994-12-31,19.276409417928047
WDI:NE.EXP.GNFS.ZS:LMY,1995-12-31,19.859533284677813
WDI:NE.EXP.GNFS.ZS:LMY,1996-12-31,19.67927965964614
WDI:NE.EXP.GNFS.ZS:LMY,1997-12-31,20.339487661910514
WDI:NE.EXP.GNFS.ZS:LMY,1998-12-31,19.9456010516851
WDI:NE.EXP.GNFS.ZS:LMY,1999-12-31,22.066759309346185
WDI:NE.EXP.GNFS.ZS:LMY,2000-12-31,24.20335767232253
WDI:NE.EXP.GNFS.ZS:LMY,2001-12-31,23.702004401170782
WDI:NE.EXP.GNFS.ZS:LMY,2002-12-31,25.390442781261562
WDI:NE.EXP.GNFS.ZS:LMY,2003-12-31,26.844292631974685
WDI:NE.EXP.GNFS.ZS:LMY,2004-12-31,29.152482335539414
WDI:NE.EXP.GNFS.ZS:LMY,2005-12-31,30.16728016235963
WDI:NE.EXP.GNFS.ZS:LMY,2006-12-31,31.023906600710188
WDI:NE.EXP.GNFS.ZS:LMY,2007-12-31,30.561642152463236
WDI:NE.EXP.GNFS.ZS:LMY,2008-12-31,30.70043007564133
WDI:NE.EXP.GNFS.ZS:LMY,2009-12-31,25.222303085058407
WDI:NE.EXP.GNFS.ZS:LMY,2010-12-31,26.415257101173157
WDI:NE.EXP.GNFS.ZS:LMY,2011-12-31,27.07049082898447
WDI:NE.EXP.GNFS.ZS:LMY,2012-12-31,26.576817335609682
WDI:NE.EXP.GNFS.ZS:LMY,2013-12-31,25.783534531378056
WDI:NE.EXP.GNFS.ZS:LMY,2014-12-31,24.774424486712903
WDI:NE.EXP.GNFS.ZS:LMY,2015-12-31,23.045072057605402
WDI:NE.EXP.GNFS.ZS:LMY,2016-12-31,22.013893579213445
WDI:NE.EXP.GNFS.ZS:LMY,2017-12-31,22.605192675189503
WDI:NE.EXP.GNFS.ZS:LMY,2018-12-31,23.422977667323725
WDI:NE.EXP.GNFS.ZS:LMY,2019-12-31,22.462690457585513
WDI:NE.EXP.GNFS.ZS:LMY,2020-12-31,21.531350180106372
WDI:NE.EXP.GNFS.ZS:LMY,2021-12-31,23.754194445609592
WDI:NE.EXP.GNFS.ZS:LMY,2022-12-31,25.504708733344778
WDI:NE.EXP.GNFS.ZS:LMY,2023-12-31,24.0508735458224
WDI:NE.EXP.GNFS.ZS:LMY,2024-12-31,24.7174391989351
WDI:NE.EXP.GNFS.ZS:LMY,2025-12-31,25.2600453287365
WDI:NE.EXP.GNFS.ZS:LSO,1960-12-31,11.740890688259109
WDI:NE.EXP.GNFS.ZS:LSO,1961-12-31,12.549019607843137
WDI:NE.EXP.GNFS.ZS:LSO,1962-12-31,14.381270903010032
WDI:NE.EXP.GNFS.ZS:LSO,1963-12-31,14.880952380952381
WDI:NE.EXP.GNFS.ZS:LSO,1964-12-31,15.363881401617252
WDI:NE.EXP.GNFS.ZS:LSO,1965-12-31,15.561224489795919
WDI:NE.EXP.GNFS.ZS:LSO,1966-12-31,10.864197530864198
WDI:NE.EXP.GNFS.ZS:LSO,1967-12-31,12.048192771084338
WDI:NE.EXP.GNFS.ZS:LSO,1968-12-31,12.075643654591023
WDI:NE.EXP.GNFS.ZS:LSO,1969-12-31,13.582342954159593
WDI:NE.EXP.GNFS.ZS:LSO,1970-12-31,12.219959266802444
WDI:NE.EXP.GNFS.ZS:LSO,1971-12-31,12.79707495429616
WDI:NE.EXP.GNFS.ZS:LSO,1972-12-31,16.077170418006432
WDI:NE.EXP.GNFS.ZS:LSO,1973-12-31,14.26872770511296
WDI:NE.EXP.GNFS.ZS:LSO,1974-12-31,13.658536585365855
WDI:NE.EXP.GNFS.ZS:LSO,1975-12-31,14.466546112115733
WDI:NE.EXP.GNFS.ZS:LSO,1976-12-31,17.91277258566978
WDI:NE.EXP.GNFS.ZS:LSO,1977-12-31,11.89767995240928
WDI:NE.EXP.GNFS.ZS:LSO,1978-12-31,17.25625539257981
WDI:NE.EXP.GNFS.ZS:LSO,1979-12-31,22.103970528039298
WDI:NE.EXP.GNFS.ZS:LSO,1980-12-31,21.00565307944064
WDI:NE.EXP.GNFS.ZS:LSO,1981-12-31,19.291338582677163
WDI:NE.EXP.GNFS.ZS:LSO,2007-12-31,53.24876001925336
WDI:NE.EXP.GNFS.ZS:LSO,2008-12-31,52.918482903757116
WDI:NE.EXP.GNFS.ZS:LSO,2009-12-31,44.76332897779009
WDI:NE.EXP.GNFS.ZS:LSO,2010-12-31,42.12625893112147
WDI:NE.EXP.GNFS.ZS:LSO,2011-12-31,47.72284512036386
WDI:NE.EXP.GNFS.ZS:LSO,2012-12-31,41.795933674504546
WDI:NE.EXP.GNFS.ZS:LSO,2013-12-31,38.24966470775664
WDI:NE.EXP.GNFS.ZS:LSO,2014-12-31,38.14969532558366
WDI:NE.EXP.GNFS.ZS:LSO,2015-12-31,42.891803712310185
WDI:NE.EXP.GNFS.ZS:LSO,2016-12-31,45.77966524541043
WDI:NE.EXP.GNFS.ZS:LSO,2017-12-31,47.4769340332662
WDI:NE.EXP.GNFS.ZS:LSO,2018-12-31,49.83311142190453
WDI:NE.EXP.GNFS.ZS:LSO,2019-12-31,46.209328178116124
WDI:NE.EXP.GNFS.ZS:LSO,2020-12-31,44.44901241038797
WDI:NE.EXP.GNFS.ZS:LSO,2021-12-31,46.14608982145452
WDI:NE.EXP.GNFS.ZS:LSO,2022-12-31,46.50638221537211
WDI:NE.EXP.GNFS.ZS:LSO,2023-12-31,42.6829787081486
WDI:NE.EXP.GNFS.ZS:LSO,2024-12-31,49.4056446644915
WDI:NE.EXP.GNFS.ZS:LSO,2025-12-31,49.530822364134
WDI:NE.EXP.GNFS.ZS:LTE,1970-12-31,10.050161787650435
WDI:NE.EXP.GNFS.ZS:LTE,1971-12-31,10.01016238521874
WDI:NE.EXP.GNFS.ZS:LTE,1972-12-31,10.455507417569228
WDI:NE.EXP.GNFS.ZS:LTE,1973-12-31,11.787255230221358
WDI:NE.EXP.GNFS.ZS:LTE,1974-12-31,14.9021118390116
WDI:NE.EXP.GNFS.ZS:LTE,1975-12-31,13.387676780216049
WDI:NE.EXP.GNFS.ZS:LTE,1976-12-31,13.761301759347324
WDI:NE.EXP.GNFS.ZS:LTE,1977-12-31,13.629113906339255
WDI:NE.EXP.GNFS.ZS:LTE,1978-12-31,14.983417266475962
WDI:NE.EXP.GNFS.ZS:LTE,1979-12-31,17.084389931332787
WDI:NE.EXP.GNFS.ZS:LTE,1980-12-31,19.039990333292813
WDI:NE.EXP.GNFS.ZS:LTE,1981-12-31,18.37813390041385
WDI:NE.EXP.GNFS.ZS:LTE,1982-12-31,16.57821940612443
WDI:NE.EXP.GNFS.ZS:LTE,1983-12-31,18.443964328359463
WDI:NE.EXP.GNFS.ZS:LTE,1984-12-31,19.74695751602234
WDI:NE.EXP.GNFS.ZS:LTE,1985-12-31,18.304212375727865
WDI:NE.EXP.GNFS.ZS:LTE,1986-12-31,17.208738917370876
WDI:NE.EXP.GNFS.ZS:LTE,1987-12-31,19.98642925582102
WDI:NE.EXP.GNFS.ZS:LTE,1988-12-31,21.98322611432701
WDI:NE.EXP.GNFS.ZS:LTE,1989-12-31,22.296561942619668
WDI:NE.EXP.GNFS.ZS:LTE,1990-12-31,21.825059311848186
WDI:NE.EXP.GNFS.ZS:LTE,1991-12-31,21.027182244224267
WDI:NE.EXP.GNFS.ZS:LTE,1992-12-31,35.96877323300131
WDI:NE.EXP.GNFS.ZS:LTE,1993-12-31,28.948268688816935
WDI:NE.EXP.GNFS.ZS:LTE,1994-12-31,26.282957036049027
WDI:NE.EXP.GNFS.ZS:LTE,1995-12-31,25.304131482185344
WDI:NE.EXP.GNFS.ZS:LTE,1996-12-31,24.167528175303246
WDI:NE.EXP.GNFS.ZS:LTE,1997-12-31,24.84670947794148
WDI:NE.EXP.GNFS.ZS:LTE,1998-12-31,25.313029883807346
WDI:NE.EXP.GNFS.ZS:LTE,1999-12-31,28.914392219528146
WDI:NE.EXP.GNFS.ZS:LTE,2000-12-31,31.46361371127374
WDI:NE.EXP.GNFS.ZS:LTE,2001-12-31,31.31051168957774
WDI:NE.EXP.GNFS.ZS:LTE,2002-12-31,32.62826392143476
WDI:NE.EXP.GNFS.ZS:LTE,2003-12-31,35.30058018717725
WDI:NE.EXP.GNFS.ZS:LTE,2004-12-31,37.816085098620015
WDI:NE.EXP.GNFS.ZS:LTE,2005-12-31,38.636067529045484
WDI:NE.EXP.GNFS.ZS:LTE,2006-12-31,39.16264242684384
WDI:NE.EXP.GNFS.ZS:LTE,2007-12-31,37.80754229199309
WDI:NE.EXP.GNFS.ZS:LTE,2008-12-31,36.83203037698407
WDI:NE.EXP.GNFS.ZS:LTE,2009-12-31,30.71889283677467
WDI:NE.EXP.GNFS.ZS:LTE,2010-12-31,31.93764956192449
WDI:NE.EXP.GNFS.ZS:LTE,2011-12-31,32.19101334140351
WDI:NE.EXP.GNFS.ZS:LTE,2012-12-31,31.623477898361674
WDI:NE.EXP.GNFS.ZS:LTE,2013-12-31,30.856686757829404
WDI:NE.EXP.GNFS.ZS:LTE,2014-12-31,30.26571198603989
WDI:NE.EXP.GNFS.ZS:LTE,2015-12-31,29.13775706251861
WDI:NE.EXP.GNFS.ZS:LTE,2016-12-31,27.851018080786243
WDI:NE.EXP.GNFS.ZS:LTE,2017-12-31,28.19362443154449
WDI:NE.EXP.GNFS.ZS:LTE,2018-12-31,28.576931247507986
WDI:NE.EXP.GNFS.ZS:LTE,2019-12-31,27.835594252265714
WDI:NE.EXP.GNFS.ZS:LTE,2020-12-31,27.361247354096797
WDI:NE.EXP.GNFS.ZS:LTE,2021-12-31,29.293146802467753
WDI:NE.EXP.GNFS.ZS:LTE,2022-12-31,31.150759277803143
WDI:NE.EXP.GNFS.ZS:LTE,2023-12-31,29.7733970538451
WDI:NE.EXP.GNFS.ZS:LTE,2024-12-31,30.728902105815
WDI:NE.EXP.GNFS.ZS:LTE,2025-12-31,31.291063421231
WDI:NE.EXP.GNFS.ZS:LTU,1995-12-31,36.93869705618206
WDI:NE.EXP.GNFS.ZS:LTU,1996-12-31,41.7452908673057
WDI:NE.EXP.GNFS.ZS:LTU,1997-12-31,44.78176167745463
WDI:NE.EXP.GNFS.ZS:LTU,1998-12-31,38.98123897139839
WDI:NE.EXP.GNFS.ZS:LTU,1999-12-31,32.29657255351944
WDI:NE.EXP.GNFS.ZS:LTU,2000-12-31,38.50732964460361
WDI:NE.EXP.GNFS.ZS:LTU,2001-12-31,44.01295767445043
WDI:NE.EXP.GNFS.ZS:LTU,2002-12-31,47.329067705039414
WDI:NE.EXP.GNFS.ZS:LTU,2003-12-31,46.15346417618338
WDI:NE.EXP.GNFS.ZS:LTU,2004-12-31,48.52333854426162
WDI:NE.EXP.GNFS.ZS:LTU,2005-12-31,55.11377693370086
WDI:NE.EXP.GNFS.ZS:LTU,2006-12-31,57.16507120912129
WDI:NE.EXP.GNFS.ZS:LTU,2007-12-31,51.60057854801175
WDI:NE.EXP.GNFS.ZS:LTU,2008-12-31,57.580726134390694
WDI:NE.EXP.GNFS.ZS:LTU,2009-12-31,51.64253139669861
WDI:NE.EXP.GNFS.ZS:LTU,2010-12-31,64.79851344558307
WDI:NE.EXP.GNFS.ZS:LTU,2011-12-31,73.46921695590648
WDI:NE.EXP.GNFS.ZS:LTU,2012-12-31,78.6260683563339
WDI:NE.EXP.GNFS.ZS:LTU,2013-12-31,79.04193857508913
WDI:NE.EXP.GNFS.ZS:LTU,2014-12-31,72.61021239446859
WDI:NE.EXP.GNFS.ZS:LTU,2015-12-31,68.60438078184086
WDI:NE.EXP.GNFS.ZS:LTU,2016-12-31,67.70942489026987
WDI:NE.EXP.GNFS.ZS:LTU,2017-12-31,73.6063406090345
WDI:NE.EXP.GNFS.ZS:LTU,2018-12-31,74.52951913171157
WDI:NE.EXP.GNFS.ZS:LTU,2019-12-31,76.81872298863794
WDI:NE.EXP.GNFS.ZS:LTU,2020-12-31,72.43468550345972
WDI:NE.EXP.GNFS.ZS:LTU,2021-12-31,79.62993851304194
WDI:NE.EXP.GNFS.ZS:LTU,2022-12-31,86.7798492943433
WDI:NE.EXP.GNFS.ZS:LTU,2023-12-31,75.933513171116
WDI:NE.EXP.GNFS.ZS:LTU,2024-12-31,73.9407258792654
WDI:NE.EXP.GNFS.ZS:LTU,2025-12-31,72.9839535290335
WDI:NE.EXP.GNFS.ZS:LUX,1970-12-31,89.78883216817273
WDI:NE.EXP.GNFS.ZS:LUX,1971-12-31,89.04289905293169
WDI:NE.EXP.GNFS.ZS:LUX,1972-12-31,83.72677404958789
WDI:NE.EXP.GNFS.ZS:LUX,1973-12-31,90.24139634891591
WDI:NE.EXP.GNFS.ZS:LUX,1974-12-31,103.68027272845562
WDI:NE.EXP.GNFS.ZS:LUX,1975-12-31,93.41614858844977
WDI:NE.EXP.GNFS.ZS:LUX,1976-12-31,89.02212569268691
WDI:NE.EXP.GNFS.ZS:LUX,1977-12-31,87.74389541203963
WDI:NE.EXP.GNFS.ZS:LUX,1978-12-31,84.62928135461446
WDI:NE.EXP.GNFS.ZS:LUX,1979-12-31,91.84977690590145
WDI:NE.EXP.GNFS.ZS:LUX,1980-12-31,89.42202785352164
WDI:NE.EXP.GNFS.ZS:LUX,1981-12-31,87.52935141594111
WDI:NE.EXP.GNFS.ZS:LUX,1982-12-31,89.91020576359057
WDI:NE.EXP.GNFS.ZS:LUX,1983-12-31,91.15673946532934
WDI:NE.EXP.GNFS.ZS:LUX,1984-12-31,102.12077956906795
WDI:NE.EXP.GNFS.ZS:LUX,1985-12-31,109.56099256693955
WDI:NE.EXP.GNFS.ZS:LUX,1986-12-31,100.2633708770889
WDI:NE.EXP.GNFS.ZS:LUX,1987-12-31,97.47202796521748
WDI:NE.EXP.GNFS.ZS:LUX,1988-12-31,99.0372478350919
WDI:NE.EXP.GNFS.ZS:LUX,1989-12-31,101.81395846932115
WDI:NE.EXP.GNFS.ZS:LUX,1990-12-31,99.71288364050773
WDI:NE.EXP.GNFS.ZS:LUX,1991-12-31,99.60559889543438
WDI:NE.EXP.GNFS.ZS:LUX,1992-12-31,98.59861489022919
WDI:NE.EXP.GNFS.ZS:LUX,1993-12-31,98.86483307215029
WDI:NE.EXP.GNFS.ZS:LUX,1994-12-31,102.13963859649505
WDI:NE.EXP.GNFS.ZS:LUX,1995-12-31,104.47882569970905
WDI:NE.EXP.GNFS.ZS:LUX,1996-12-31,107.9810981424759
WDI:NE.EXP.GNFS.ZS:LUX,1997-12-31,116.22095184737518
WDI:NE.EXP.GNFS.ZS:LUX,1998-12-31,127.6971265485479
WDI:NE.EXP.GNFS.ZS:LUX,1999-12-31,129.93645195079424
WDI:NE.EXP.GNFS.ZS:LUX,2000-12-31,147.64488443348648
WDI:NE.EXP.GNFS.ZS:LUX,2001-12-31,146.20090570772754
WDI:NE.EXP.GNFS.ZS:LUX,2002-12-31,136.36172012307816
WDI:NE.EXP.GNFS.ZS:LUX,2003-12-31,132.84805248823486
WDI:NE.EXP.GNFS.ZS:LUX,2004-12-31,143.73436357448992
WDI:NE.EXP.GNFS.ZS:LUX,2005-12-31,153.82440981281124
WDI:NE.EXP.GNFS.ZS:LUX,2006-12-31,167.740311680643
WDI:NE.EXP.GNFS.ZS:LUX,2007-12-31,169.57670551353368
WDI:NE.EXP.GNFS.ZS:LUX,2008-12-31,161.4947617893014
WDI:NE.EXP.GNFS.ZS:LUX,2009-12-31,147.9250830131452
WDI:NE.EXP.GNFS.ZS:LUX,2010-12-31,162.70985714004397
WDI:NE.EXP.GNFS.ZS:LUX,2011-12-31,169.48912343633054
WDI:NE.EXP.GNFS.ZS:LUX,2012-12-31,171.2117880667678
WDI:NE.EXP.GNFS.ZS:LUX,2013-12-31,176.38333092742852
WDI:NE.EXP.GNFS.ZS:LUX,2014-12-31,182.78259241963354
WDI:NE.EXP.GNFS.ZS:LUX,2015-12-31,191.8354490418435
WDI:NE.EXP.GNFS.ZS:LUX,2016-12-31,191.09863374062243
WDI:NE.EXP.GNFS.ZS:LUX,2017-12-31,192.74750354073072
WDI:NE.EXP.GNFS.ZS:LUX,2018-12-31,197.21819995337358
WDI:NE.EXP.GNFS.ZS:LUX,2019-12-31,206.58014583987222
WDI:NE.EXP.GNFS.ZS:LUX,2020-12-31,204.43696228921513
WDI:NE.EXP.GNFS.ZS:LUX,2021-12-31,215.61816298876857
WDI:NE.EXP.GNFS.ZS:LUX,2022-12-31,222.30845616310287
WDI:NE.EXP.GNFS.ZS:LUX,2023-12-31,217.379822583978
WDI:NE.EXP.GNFS.ZS:LUX,2024-12-31,191.532970187611
WDI:NE.EXP.GNFS.ZS:LUX,2025-12-31,190.522135684017
WDI:NE.EXP.GNFS.ZS:LVA,1995-12-31,35.677496823883985
WDI:NE.EXP.GNFS.ZS:LVA,1996-12-31,41.64031774065175
WDI:NE.EXP.GNFS.ZS:LVA,1997-12-31,40.816571499449076
WDI:NE.EXP.GNFS.ZS:LVA,1998-12-31,40.31755707350275
WDI:NE.EXP.GNFS.ZS:LVA,1999-12-31,36.03077537137247
WDI:NE.EXP.GNFS.ZS:LVA,2000-12-31,37.72139013649079
WDI:NE.EXP.GNFS.ZS:LVA,2001-12-31,38.79641801977113
WDI:NE.EXP.GNFS.ZS:LVA,2002-12-31,37.756364216987706
WDI:NE.EXP.GNFS.ZS:LVA,2003-12-31,37.737968062417835
WDI:NE.EXP.GNFS.ZS:LVA,2004-12-31,40.625150239409294
WDI:NE.EXP.GNFS.ZS:LVA,2005-12-31,44.805227167109976
WDI:NE.EXP.GNFS.ZS:LVA,2006-12-31,41.95307744362974
WDI:NE.EXP.GNFS.ZS:LVA,2007-12-31,40.38644258837108
WDI:NE.EXP.GNFS.ZS:LVA,2008-12-31,41.23453214131567
WDI:NE.EXP.GNFS.ZS:LVA,2009-12-31,43.39605919917596
WDI:NE.EXP.GNFS.ZS:LVA,2010-12-31,54.36545550586806
WDI:NE.EXP.GNFS.ZS:LVA,2011-12-31,61.80174355530029
WDI:NE.EXP.GNFS.ZS:LVA,2012-12-31,63.831514922580325
WDI:NE.EXP.GNFS.ZS:LVA,2013-12-31,62.57598027126106
WDI:NE.EXP.GNFS.ZS:LVA,2014-12-31,63.572101627410184
WDI:NE.EXP.GNFS.ZS:LVA,2015-12-31,62.59556255757444
WDI:NE.EXP.GNFS.ZS:LVA,2016-12-31,61.928419644664125
WDI:NE.EXP.GNFS.ZS:LVA,2017-12-31,64.13995426397564
WDI:NE.EXP.GNFS.ZS:LVA,2018-12-31,63.86981869322342
WDI:NE.EXP.GNFS.ZS:LVA,2019-12-31,62.536843016307266
WDI:NE.EXP.GNFS.ZS:LVA,2020-12-31,62.65924226175852
WDI:NE.EXP.GNFS.ZS:LVA,2021-12-31,66.8112769573847
WDI:NE.EXP.GNFS.ZS:LVA,2022-12-31,77.50148384232865
WDI:NE.EXP.GNFS.ZS:LVA,2023-12-31,65.9896551482715
WDI:NE.EXP.GNFS.ZS:LVA,2024-12-31,64.8634107408094
WDI:NE.EXP.GNFS.ZS:LVA,2025-12-31,62.573000305163
WDI:NE.EXP.GNFS.ZS:MAC,1982-12-31,110.55813299592296
WDI:NE.EXP.GNFS.ZS:MAC,1983-12-31,112.45122383824051
WDI:NE.EXP.GNFS.ZS:MAC,1984-12-31,114.32115256177846
WDI:NE.EXP.GNFS.ZS:MAC,1985-12-31,105.87425424506654
WDI:NE.EXP.GNFS.ZS:MAC,1986-12-31,108.43039830577503
WDI:NE.EXP.GNFS.ZS:MAC,1987-12-31,110.29271092404822
WDI:NE.EXP.GNFS.ZS:MAC,1988-12-31,106.18920828125849
WDI:NE.EXP.GNFS.ZS:MAC,1989-12-31,104.33362469522014
WDI:NE.EXP.GNFS.ZS:MAC,1990-12-31,98.25268817204301
WDI:NE.EXP.GNFS.ZS:MAC,1991-12-31,91.6351449996682
WDI:NE.EXP.GNFS.ZS:MAC,1992-12-31,82.08989509686312
WDI:NE.EXP.GNFS.ZS:MAC,1993-12-31,76.15914578764317
WDI:NE.EXP.GNFS.ZS:MAC,1994-12-31,73.56038137701786
WDI:NE.EXP.GNFS.ZS:MAC,1995-12-31,73.98560792276727
WDI:NE.EXP.GNFS.ZS:MAC,1996-12-31,74.01266309861126
WDI:NE.EXP.GNFS.ZS:MAC,1997-12-31,73.93074653646417
WDI:NE.EXP.GNFS.ZS:MAC,1998-12-31,74.17528719735944
WDI:NE.EXP.GNFS.ZS:MAC,1999-12-31,76.19639171317178
WDI:NE.EXP.GNFS.ZS:MAC,2000-12-31,89.26554711497784
WDI:NE.EXP.GNFS.ZS:MAC,2001-12-31,91.22514152997532
WDI:NE.EXP.GNFS.ZS:MAC,2002-12-31,93.26409996622762
WDI:NE.EXP.GNFS.ZS:MAC,2003-12-31,92.86135425642887
WDI:NE.EXP.GNFS.ZS:MAC,2004-12-31,94.77056053969221
WDI:NE.EXP.GNFS.ZS:MAC,2005-12-31,84.38638813324437
WDI:NE.EXP.GNFS.ZS:MAC,2006-12-31,78.5453812156553
WDI:NE.EXP.GNFS.ZS:MAC,2007-12-31,78.88258278726693
WDI:NE.EXP.GNFS.ZS:MAC,2008-12-31,79.69449534212134
WDI:NE.EXP.GNFS.ZS:MAC,2009-12-31,78.5122145065757
WDI:NE.EXP.GNFS.ZS:MAC,2010-12-31,87.42389919297749
WDI:NE.EXP.GNFS.ZS:MAC,2011-12-31,90.33987450162796
WDI:NE.EXP.GNFS.ZS:MAC,2012-12-31,90.77334986917177
WDI:NE.EXP.GNFS.ZS:MAC,2013-12-31,90.62461309140875
WDI:NE.EXP.GNFS.ZS:MAC,2014-12-31,85.60663905711166
WDI:NE.EXP.GNFS.ZS:MAC,2015-12-31,78.70497061438098
WDI:NE.EXP.GNFS.ZS:MAC,2016-12-31,76.8087077221785
WDI:NE.EXP.GNFS.ZS:MAC,2017-12-31,80.64699121094718
WDI:NE.EXP.GNFS.ZS:MAC,2018-12-31,82.85170623746076
WDI:NE.EXP.GNFS.ZS:MAC,2019-12-31,82.64678131593703
WDI:NE.EXP.GNFS.ZS:MAC,2020-12-31,61.66495018914262
WDI:NE.EXP.GNFS.ZS:MAC,2021-12-31,91.89491153599928
WDI:NE.EXP.GNFS.ZS:MAC,2022-12-31,84.7916044961703
WDI:NE.EXP.GNFS.ZS:MAC,2023-12-31,92.4170435765852
WDI:NE.EXP.GNFS.ZS:MAC,2024-12-31,92.1896066002616
WDI:NE.EXP.GNFS.ZS:MAC,2025-12-31,92.2861448665199
WDI:NE.EXP.GNFS.ZS:MAR,1960-12-31,23.571634660397557
WDI:NE.EXP.GNFS.ZS:MAR,1961-12-31,21.7539721653939
WDI:NE.EXP.GNFS.ZS:MAR,1962-12-31,18.020265789275193
WDI:NE.EXP.GNFS.ZS:MAR,1963-12-31,17.922213743420734
WDI:NE.EXP.GNFS.ZS:MAR,1964-12-31,19.49014908440354
WDI:NE.EXP.GNFS.ZS:MAR,1965-12-31,18.16353887399464
WDI:NE.EXP.GNFS.ZS:MAR,1966-12-31,18.961253091508656
WDI:NE.EXP.GNFS.ZS:MAR,1967-12-31,17.903476907109496
WDI:NE.EXP.GNFS.ZS:MAR,1968-12-31,18.483841739655695
WDI:NE.EXP.GNFS.ZS:MAR,1969-12-31,18.37761783646301
WDI:NE.EXP.GNFS.ZS:MAR,1970-12-31,17.63698116977174
WDI:NE.EXP.GNFS.ZS:MAR,1971-12-31,16.95332030362256
WDI:NE.EXP.GNFS.ZS:MAR,1972-12-31,18.57399871492825
WDI:NE.EXP.GNFS.ZS:MAR,1973-12-31,20.836713995943203
WDI:NE.EXP.GNFS.ZS:MAR,1974-12-31,27.556648777579014
WDI:NE.EXP.GNFS.ZS:MAR,1975-12-31,22.472879075004805
WDI:NE.EXP.GNFS.ZS:MAR,1976-12-31,17.91505335725753
WDI:NE.EXP.GNFS.ZS:MAR,1977-12-31,16.895962701714193
WDI:NE.EXP.GNFS.ZS:MAR,1978-12-31,16.370888784131704
WDI:NE.EXP.GNFS.ZS:MAR,1979-12-31,17.01013813000661
WDI:NE.EXP.GNFS.ZS:MAR,1980-12-31,19.33593406628942
WDI:NE.EXP.GNFS.ZS:MAR,1981-12-31,22.671210871985334
WDI:NE.EXP.GNFS.ZS:MAR,1982-12-31,21.604739115930737
WDI:NE.EXP.GNFS.ZS:MAR,1983-12-31,22.754698213549844
WDI:NE.EXP.GNFS.ZS:MAR,1984-12-31,25.634179299362724
WDI:NE.EXP.GNFS.ZS:MAR,1985-12-31,25.513226298792613
WDI:NE.EXP.GNFS.ZS:MAR,1986-12-31,21.882367684951625
WDI:NE.EXP.GNFS.ZS:MAR,1987-12-31,22.48125302813488
WDI:NE.EXP.GNFS.ZS:MAR,1988-12-31,24.996546859721704
WDI:NE.EXP.GNFS.ZS:MAR,1989-12-31,22.554937296354815
WDI:NE.EXP.GNFS.ZS:MAR,1990-12-31,24.559320507562628
WDI:NE.EXP.GNFS.ZS:MAR,1991-12-31,22.318767749663635
WDI:NE.EXP.GNFS.ZS:MAR,1992-12-31,22.17215461938771
WDI:NE.EXP.GNFS.ZS:MAR,1993-12-31,22.06075149691004
WDI:NE.EXP.GNFS.ZS:MAR,1994-12-31,20.938501462521877
WDI:NE.EXP.GNFS.ZS:MAR,1995-12-31,22.673220038380578
WDI:NE.EXP.GNFS.ZS:MAR,1996-12-31,21.835974958686492
WDI:NE.EXP.GNFS.ZS:MAR,1997-12-31,23.924117867187515
WDI:NE.EXP.GNFS.ZS:MAR,1998-12-31,21.04243570675319
WDI:NE.EXP.GNFS.ZS:MAR,1999-12-31,22.6346692831278
WDI:NE.EXP.GNFS.ZS:MAR,2000-12-31,24.19682788978874
WDI:NE.EXP.GNFS.ZS:MAR,2001-12-31,25.395545360067555
WDI:NE.EXP.GNFS.ZS:MAR,2002-12-31,25.944379811552377
WDI:NE.EXP.GNFS.ZS:MAR,2003-12-31,24.676486583266044
WDI:NE.EXP.GNFS.ZS:MAR,2004-12-31,25.349205505807817
WDI:NE.EXP.GNFS.ZS:MAR,2005-12-31,27.99589963398969
WDI:NE.EXP.GNFS.ZS:MAR,2006-12-31,29.628966797078515
WDI:NE.EXP.GNFS.ZS:MAR,2007-12-31,31.427773808978515
WDI:NE.EXP.GNFS.ZS:MAR,2008-12-31,32.47222340844391
WDI:NE.EXP.GNFS.ZS:MAR,2009-12-31,25.717177538809306
WDI:NE.EXP.GNFS.ZS:MAR,2010-12-31,29.788948680228355
WDI:NE.EXP.GNFS.ZS:MAR,2011-12-31,31.954484264697648
WDI:NE.EXP.GNFS.ZS:MAR,2012-12-31,32.09709614511362
WDI:NE.EXP.GNFS.ZS:MAR,2013-12-31,30.253265639161693
WDI:NE.EXP.GNFS.ZS:MAR,2014-12-31,30.132986637429177
WDI:NE.EXP.GNFS.ZS:MAR,2015-12-31,29.995853889969474
WDI:NE.EXP.GNFS.ZS:MAR,2016-12-31,30.734595142421878
WDI:NE.EXP.GNFS.ZS:MAR,2017-12-31,32.606460990778096
WDI:NE.EXP.GNFS.ZS:MAR,2018-12-31,33.828437372671694
WDI:NE.EXP.GNFS.ZS:MAR,2019-12-31,34.09305746889105
WDI:NE.EXP.GNFS.ZS:MAR,2020-12-31,30.794106953978257
WDI:NE.EXP.GNFS.ZS:MAR,2021-12-31,33.136084940578726
WDI:NE.EXP.GNFS.ZS:MAR,2022-12-31,44.711628231345315
WDI:NE.EXP.GNFS.ZS:MAR,2023-12-31,42.4176033594569
WDI:NE.EXP.GNFS.ZS:MAR,2024-12-31,41.9985232956684
WDI:NE.EXP.GNFS.ZS:MAR,2025-12-31,41.9692139163022
WDI:NE.EXP.GNFS.ZS:MDA,1995-12-31,60.126024061243434
WDI:NE.EXP.GNFS.ZS:MDA,1996-12-31,55.328255164883586
WDI:NE.EXP.GNFS.ZS:MDA,1997-12-31,53.20011551002442
WDI:NE.EXP.GNFS.ZS:MDA,1998-12-31,45.01953659201547
WDI:NE.EXP.GNFS.ZS:MDA,1999-12-31,52.31837639960024
WDI:NE.EXP.GNFS.ZS:MDA,2000-12-31,49.60011381088042
WDI:NE.EXP.GNFS.ZS:MDA,2001-12-31,50.05504282044314
WDI:NE.EXP.GNFS.ZS:MDA,2002-12-31,52.463896518589536
WDI:NE.EXP.GNFS.ZS:MDA,2003-12-31,53.313190195155514
WDI:NE.EXP.GNFS.ZS:MDA,2004-12-31,51.19391233766234
WDI:NE.EXP.GNFS.ZS:MDA,2005-12-31,51.163584935727194
WDI:NE.EXP.GNFS.ZS:MDA,2006-12-31,45.256336863744025
WDI:NE.EXP.GNFS.ZS:MDA,2007-12-31,45.58047351675089
WDI:NE.EXP.GNFS.ZS:MDA,2008-12-31,40.8187486093894
WDI:NE.EXP.GNFS.ZS:MDA,2009-12-31,36.87212251875122
WDI:NE.EXP.GNFS.ZS:MDA,2010-12-31,27.829613064086118
WDI:NE.EXP.GNFS.ZS:MDA,2011-12-31,32.540457569794285
WDI:NE.EXP.GNFS.ZS:MDA,2012-12-31,31.132850537246735
WDI:NE.EXP.GNFS.ZS:MDA,2013-12-31,32.092613166028485
WDI:NE.EXP.GNFS.ZS:MDA,2014-12-31,31.527963559563343
WDI:NE.EXP.GNFS.ZS:MDA,2015-12-31,31.806921788330715
WDI:NE.EXP.GNFS.ZS:MDA,2016-12-31,32.86649893497451
WDI:NE.EXP.GNFS.ZS:MDA,2017-12-31,32.53284659774459
WDI:NE.EXP.GNFS.ZS:MDA,2018-12-31,30.696369943019402
WDI:NE.EXP.GNFS.ZS:MDA,2019-12-31,31.191084957976873
WDI:NE.EXP.GNFS.ZS:MDA,2020-12-31,27.91433626375359
WDI:NE.EXP.GNFS.ZS:MDA,2021-12-31,30.648787712689828
WDI:NE.EXP.GNFS.ZS:MDA,2022-12-31,41.22645945444993
WDI:NE.EXP.GNFS.ZS:MDA,2023-12-31,35.1125857861262
WDI:NE.EXP.GNFS.ZS:MDA,2024-12-31,31.5677994316927
WDI:NE.EXP.GNFS.ZS:MDA,2025-12-31,31.7519320468579
WDI:NE.EXP.GNFS.ZS:MDG,1960-12-31,10.030184184753978
WDI:NE.EXP.GNFS.ZS:MDG,1961-12-31,14.604749324054268
WDI:NE.EXP.GNFS.ZS:MDG,1962-12-31,13.755029303758477
WDI:NE.EXP.GNFS.ZS:MDG,1963-12-31,12.780448065733763
WDI:NE.EXP.GNFS.ZS:MDG,1964-12-31,13.302797449575927
WDI:NE.EXP.GNFS.ZS:MDG,1965-12-31,13.21170446020172
WDI:NE.EXP.GNFS.ZS:MDG,1966-12-31,17.29471530565372
WDI:NE.EXP.GNFS.ZS:MDG,1967-12-31,17.514252878468614
WDI:NE.EXP.GNFS.ZS:MDG,1968-12-31,17.7503387756611
WDI:NE.EXP.GNFS.ZS:MDG,1969-12-31,18.109269659193505
WDI:NE.EXP.GNFS.ZS:MDG,1970-12-31,19.160337693690693
WDI:NE.EXP.GNFS.ZS:MDG,1971-12-31,14.444668333560461
WDI:NE.EXP.GNFS.ZS:MDG,1972-12-31,14.262974393354847
WDI:NE.EXP.GNFS.ZS:MDG,1973-12-31,14.247855767416103
WDI:NE.EXP.GNFS.ZS:MDG,1974-12-31,15.526161254599302
WDI:NE.EXP.GNFS.ZS:MDG,1975-12-31,15.859518389625801
WDI:NE.EXP.GNFS.ZS:MDG,1976-12-31,15.163741844044226
WDI:NE.EXP.GNFS.ZS:MDG,1977-12-31,16.44499126252615
WDI:NE.EXP.GNFS.ZS:MDG,1978-12-31,17.151038309536133
WDI:NE.EXP.GNFS.ZS:MDG,1979-12-31,14.575381808721813
WDI:NE.EXP.GNFS.ZS:MDG,1980-12-31,10.665345957973148
WDI:NE.EXP.GNFS.ZS:MDG,1981-12-31,8.889827714111494
WDI:NE.EXP.GNFS.ZS:MDG,1982-12-31,8.46237429046018
WDI:NE.EXP.GNFS.ZS:MDG,1983-12-31,8.149204322960205
WDI:NE.EXP.GNFS.ZS:MDG,1984-12-31,10.749774526686547
WDI:NE.EXP.GNFS.ZS:MDG,1985-12-31,9.894803595647662
WDI:NE.EXP.GNFS.ZS:MDG,1986-12-31,9.845295980540762
WDI:NE.EXP.GNFS.ZS:MDG,1987-12-31,14.139637516543324
WDI:NE.EXP.GNFS.ZS:MDG,1988-12-31,13.58430619418167
WDI:NE.EXP.GNFS.ZS:MDG,1989-12-31,15.35615435849365
WDI:NE.EXP.GNFS.ZS:MDG,1990-12-31,12.870270784727813
WDI:NE.EXP.GNFS.ZS:MDG,1991-12-31,15.972448264983374
WDI:NE.EXP.GNFS.ZS:MDG,1992-12-31,14.496153998093211
WDI:NE.EXP.GNFS.ZS:MDG,1993-12-31,13.809692541960594
WDI:NE.EXP.GNFS.ZS:MDG,1994-12-31,20.019802172659606
WDI:NE.EXP.GNFS.ZS:MDG,1995-12-31,20.98689760539489
WDI:NE.EXP.GNFS.ZS:MDG,1996-12-31,17.02486156407397
WDI:NE.EXP.GNFS.ZS:MDG,1997-12-31,16.14294254395204
WDI:NE.EXP.GNFS.ZS:MDG,1998-12-31,16.41237558517334
WDI:NE.EXP.GNFS.ZS:MDG,1999-12-31,18.34662006901673
WDI:NE.EXP.GNFS.ZS:MDG,2000-12-31,19.11966844956274
WDI:NE.EXP.GNFS.ZS:MDG,2001-12-31,20.070249419802998
WDI:NE.EXP.GNFS.ZS:MDG,2002-12-31,21.815574405356497
WDI:NE.EXP.GNFS.ZS:MDG,2003-12-31,13.694162817595712
WDI:NE.EXP.GNFS.ZS:MDG,2004-12-31,19.457306455405774
WDI:NE.EXP.GNFS.ZS:MDG,2005-12-31,24.31938610687619
WDI:NE.EXP.GNFS.ZS:MDG,2006-12-31,27.486913781215826
WDI:NE.EXP.GNFS.ZS:MDG,2007-12-31,27.79620714225956
WDI:NE.EXP.GNFS.ZS:MDG,2008-12-31,27.707199399882388
WDI:NE.EXP.GNFS.ZS:MDG,2009-12-31,20.37582983559713
WDI:NE.EXP.GNFS.ZS:MDG,2010-12-31,21.874380518660892
WDI:NE.EXP.GNFS.ZS:MDG,2011-12-31,22.7196386760737
WDI:NE.EXP.GNFS.ZS:MDG,2012-12-31,21.780692102948546
WDI:NE.EXP.GNFS.ZS:MDG,2013-12-31,23.272166077861414
WDI:NE.EXP.GNFS.ZS:MDG,2014-12-31,28.281911974631896
WDI:NE.EXP.GNFS.ZS:MDG,2015-12-31,28.39064612968362
WDI:NE.EXP.GNFS.ZS:MDG,2016-12-31,29.09256943355427
WDI:NE.EXP.GNFS.ZS:MDG,2017-12-31,30.902630876480824
WDI:NE.EXP.GNFS.ZS:MDG,2018-12-31,31.536023653941157
WDI:NE.EXP.GNFS.ZS:MDG,2019-12-31,28.4244012431975
WDI:NE.EXP.GNFS.ZS:MDG,2020-12-31,20.14207488336171
WDI:NE.EXP.GNFS.ZS:MDG,2021-12-31,23.091632100144043
WDI:NE.EXP.GNFS.ZS:MDG,2022-12-31,30.543294874647913
WDI:NE.EXP.GNFS.ZS:MDG,2023-12-31,26.7228861237427
WDI:NE.EXP.GNFS.ZS:MDG,2024-12-31,24.0079179466347
WDI:NE.EXP.GNFS.ZS:MDG,2025-12-31,21.3332640704507
WDI:NE.EXP.GNFS.ZS:MDV,2014-12-31,91.29412740361363
WDI:NE.EXP.GNFS.ZS:MDV,2015-12-31,76.42778877245607
WDI:NE.EXP.GNFS.ZS:MDV,2016-12-31,71.61363313011935
WDI:NE.EXP.GNFS.ZS:MDV,2017-12-31,69.05944844853782
WDI:NE.EXP.GNFS.ZS:MDV,2018-12-31,66.44830064802679
WDI:NE.EXP.GNFS.ZS:MDV,2019-12-31,65.51341794000919
WDI:NE.EXP.GNFS.ZS:MDV,2020-12-31,48.241199630008616
WDI:NE.EXP.GNFS.ZS:MDV,2021-12-31,76.09898516245717
WDI:NE.EXP.GNFS.ZS:MDV,2022-12-31,82.67085556030345
WDI:NE.EXP.GNFS.ZS:MDV,2023-12-31,74.0437692661116
WDI:NE.EXP.GNFS.ZS:MDV,2024-12-31,78.214216540835
WDI:NE.EXP.GNFS.ZS:MEA,1994-12-31,31.415557992585676
WDI:NE.EXP.GNFS.ZS:MEA,1995-12-31,31.066978578008037
WDI:NE.EXP.GNFS.ZS:MEA,1996-12-31,31.224873080513564
WDI:NE.EXP.GNFS.ZS:MEA,1997-12-31,31.864373728124196
WDI:NE.EXP.GNFS.ZS:MEA,1998-12-31,27.39407865563187
WDI:NE.EXP.GNFS.ZS:MEA,1999-12-31,31.751605620932118
WDI:NE.EXP.GNFS.ZS:MEA,2000-12-31,36.34865058548792
WDI:NE.EXP.GNFS.ZS:MEA,2001-12-31,32.88795631057441
WDI:NE.EXP.GNFS.ZS:MEA,2002-12-31,34.62666042312492
WDI:NE.EXP.GNFS.ZS:MEA,2003-12-31,37.08847011765343
WDI:NE.EXP.GNFS.ZS:MEA,2004-12-31,40.94240229866796
WDI:NE.EXP.GNFS.ZS:MEA,2005-12-31,45.541448093352074
WDI:NE.EXP.GNFS.ZS:MEA,2006-12-31,46.96834053138274
WDI:NE.EXP.GNFS.ZS:MEA,2007-12-31,46.4829087138443
WDI:NE.EXP.GNFS.ZS:MEA,2008-12-31,48.69039914442441
WDI:NE.EXP.GNFS.ZS:MEA,2009-12-31,39.44048398022718
WDI:NE.EXP.GNFS.ZS:MEA,2010-12-31,41.71840860460721
WDI:NE.EXP.GNFS.ZS:MEA,2011-12-31,44.673300076032184
WDI:NE.EXP.GNFS.ZS:MEA,2012-12-31,45.400955163594666
WDI:NE.EXP.GNFS.ZS:MEA,2013-12-31,45.099702014551
WDI:NE.EXP.GNFS.ZS:MEA,2014-12-31,42.06884903457524
WDI:NE.EXP.GNFS.ZS:MEA,2015-12-31,35.04799927966966
WDI:NE.EXP.GNFS.ZS:MEA,2016-12-31,32.63224013944802
WDI:NE.EXP.GNFS.ZS:MEA,2017-12-31,35.45323651909171
WDI:NE.EXP.GNFS.ZS:MEA,2018-12-31,38.90402983589317
WDI:NE.EXP.GNFS.ZS:MEA,2019-12-31,37.01076528481466
WDI:NE.EXP.GNFS.ZS:MEA,2020-12-31,31.742442686349037
WDI:NE.EXP.GNFS.ZS:MEA,2021-12-31,36.19536832171951
WDI:NE.EXP.GNFS.ZS:MEA,2022-12-31,42.1984406129292
WDI:NE.EXP.GNFS.ZS:MEA,2023-12-31,41.1172763623396
WDI:NE.EXP.GNFS.ZS:MEX,1960-12-31,8.505521472392639
WDI:NE.EXP.GNFS.ZS:MEX,1961-12-31,8.412485875706215
WDI:NE.EXP.GNFS.ZS:MEX,1962-12-31,8.569105263157896
WDI:NE.EXP.GNFS.ZS:MEX,1963-12-31,8.320141509433961
WDI:NE.EXP.GNFS.ZS:MEX,1964-12-31,7.633067729083666
WDI:NE.EXP.GNFS.ZS:MEX,1965-12-31,7.634249084249084
WDI:NE.EXP.GNFS.ZS:MEX,1966-12-31,7.471019736842105
WDI:NE.EXP.GNFS.ZS:MEX,1967-12-31,6.867740963855422
WDI:NE.EXP.GNFS.ZS:MEX,1968-12-31,7.0379291553133525
WDI:NE.EXP.GNFS.ZS:MEX,1969-12-31,7.5464778325123145
WDI:NE.EXP.GNFS.ZS:MEX,1970-12-31,7.754617117117117
WDI:NE.EXP.GNFS.ZS:MEX,1971-12-31,7.640408163265307
WDI:NE.EXP.GNFS.ZS:MEX,1972-12-31,8.060176991150444
WDI:NE.EXP.GNFS.ZS:MEX,1973-12-31,8.412011577424023
WDI:NE.EXP.GNFS.ZS:MEX,1974-12-31,8.408666666666667
WDI:NE.EXP.GNFS.ZS:MEX,1975-12-31,6.894454545454545
WDI:NE.EXP.GNFS.ZS:MEX,1976-12-31,8.48983223924143
WDI:NE.EXP.GNFS.ZS:MEX,1977-12-31,10.319091400757166
WDI:NE.EXP.GNFS.ZS:MEX,1978-12-31,10.47097133076594
WDI:NE.EXP.GNFS.ZS:MEX,1979-12-31,11.189162320730118
WDI:NE.EXP.GNFS.ZS:MEX,1980-12-31,10.142620097202345
WDI:NE.EXP.GNFS.ZS:MEX,1981-12-31,9.861568427264327
WDI:NE.EXP.GNFS.ZS:MEX,1982-12-31,14.42686588250729
WDI:NE.EXP.GNFS.ZS:MEX,1983-12-31,18.115034750119367
WDI:NE.EXP.GNFS.ZS:MEX,1984-12-31,16.567142895815234
WDI:NE.EXP.GNFS.ZS:MEX,1985-12-31,14.566314890479662
WDI:NE.EXP.GNFS.ZS:MEX,1986-12-31,16.68217992695597
WDI:NE.EXP.GNFS.ZS:MEX,1987-12-31,18.53656700425887
WDI:NE.EXP.GNFS.ZS:MEX,1988-12-31,20.0960561464169
WDI:NE.EXP.GNFS.ZS:MEX,1989-12-31,19.132199302995943
WDI:NE.EXP.GNFS.ZS:MEX,1990-12-31,18.70447104917174
WDI:NE.EXP.GNFS.ZS:MEX,1991-12-31,16.433390033604354
WDI:NE.EXP.GNFS.ZS:MEX,1992-12-31,15.256744442975048
WDI:NE.EXP.GNFS.ZS:MEX,1993-12-31,11.595984689680021
WDI:NE.EXP.GNFS.ZS:MEX,1994-12-31,12.75459571252717
WDI:NE.EXP.GNFS.ZS:MEX,1995-12-31,22.865926921195754
WDI:NE.EXP.GNFS.ZS:MEX,1996-12-31,24.72313195214161
WDI:NE.EXP.GNFS.ZS:MEX,1997-12-31,23.25557214692713
WDI:NE.EXP.GNFS.ZS:MEX,1998-12-31,23.22174939516405
WDI:NE.EXP.GNFS.ZS:MEX,1999-12-31,23.416859249037376
WDI:NE.EXP.GNFS.ZS:MEX,2000-12-31,24.231173468130294
WDI:NE.EXP.GNFS.ZS:MEX,2001-12-31,21.541210205035703
WDI:NE.EXP.GNFS.ZS:MEX,2002-12-31,21.851761923637564
WDI:NE.EXP.GNFS.ZS:MEX,2003-12-31,23.655593509055265
WDI:NE.EXP.GNFS.ZS:MEX,2004-12-31,25.10335600800549
WDI:NE.EXP.GNFS.ZS:MEX,2005-12-31,25.487073828511402
WDI:NE.EXP.GNFS.ZS:MEX,2006-12-31,26.554748170575927
WDI:NE.EXP.GNFS.ZS:MEX,2007-12-31,26.781061327925737
WDI:NE.EXP.GNFS.ZS:MEX,2008-12-31,27.020061234520227
WDI:NE.EXP.GNFS.ZS:MEX,2009-12-31,26.5132697232887
WDI:NE.EXP.GNFS.ZS:MEX,2010-12-31,29.01746011549926
WDI:NE.EXP.GNFS.ZS:MEX,2011-12-31,30.44296622748666
WDI:NE.EXP.GNFS.ZS:MEX,2012-12-31,31.53945039141298
WDI:NE.EXP.GNFS.ZS:MEX,2013-12-31,30.755800584348986
WDI:NE.EXP.GNFS.ZS:MEX,2014-12-31,31.462992199987966
WDI:NE.EXP.GNFS.ZS:MEX,2015-12-31,34.16277268732376
WDI:NE.EXP.GNFS.ZS:MEX,2016-12-31,36.815677251480814
WDI:NE.EXP.GNFS.ZS:MEX,2017-12-31,37.51408861988743
WDI:NE.EXP.GNFS.ZS:MEX,2018-12-31,39.04393044193307
WDI:NE.EXP.GNFS.ZS:MEX,2019-12-31,38.5296507920009
WDI:NE.EXP.GNFS.ZS:MEX,2020-12-31,39.23537209041149
WDI:NE.EXP.GNFS.ZS:MEX,2021-12-31,40.56919320101942
WDI:NE.EXP.GNFS.ZS:MEX,2022-12-31,42.93229021337019
WDI:NE.EXP.GNFS.ZS:MEX,2023-12-31,36.1479343675069
WDI:NE.EXP.GNFS.ZS:MEX,2024-12-31,37.2836162309013
WDI:NE.EXP.GNFS.ZS:MEX,2025-12-31,39.6453397926899
WDI:NE.EXP.GNFS.ZS:MHL,1995-12-31,22.318556100806784
WDI:NE.EXP.GNFS.ZS:MHL,1996-12-31,23.30034819318407
WDI:NE.EXP.GNFS.ZS:MHL,1997-12-31,25.85500984213453
WDI:NE.EXP.GNFS.ZS:MHL,1998-12-31,24.75522017023274
WDI:NE.EXP.GNFS.ZS:MHL,1999-12-31,22.306423965678622
WDI:NE.EXP.GNFS.ZS:MHL,2000-12-31,28.82352172834023
WDI:NE.EXP.GNFS.ZS:MHL,2001-12-31,25.449630369728304
WDI:NE.EXP.GNFS.ZS:MHL,2002-12-31,27.33047893301
WDI:NE.EXP.GNFS.ZS:MHL,2003-12-31,30.215018092939367
WDI:NE.EXP.GNFS.ZS:MHL,2004-12-31,30.289014296463506
WDI:NE.EXP.GNFS.ZS:MHL,2005-12-31,32.73652173913044
WDI:NE.EXP.GNFS.ZS:MHL,2006-12-31,25.15691340782123
WDI:NE.EXP.GNFS.ZS:MHL,2007-12-31,26.098737541528237
WDI:NE.EXP.GNFS.ZS:MHL,2008-12-31,29.378035470668486
WDI:NE.EXP.GNFS.ZS:MHL,2009-12-31,27.85615079365079
WDI:NE.EXP.GNFS.ZS:MHL,2010-12-31,36.09267535692117
WDI:NE.EXP.GNFS.ZS:MHL,2011-12-31,51.25177016831108
WDI:NE.EXP.GNFS.ZS:MHL,2012-12-31,54.77459878251245
WDI:NE.EXP.GNFS.ZS:MHL,2013-12-31,51.14543991416309
WDI:NE.EXP.GNFS.ZS:MHL,2014-12-31,49.62091397849463
WDI:NE.EXP.GNFS.ZS:MHL,2015-12-31,44.24218835057158
WDI:NE.EXP.GNFS.ZS:MHL,2016-12-31,36.49331020812686
WDI:NE.EXP.GNFS.ZS:MHL,2017-12-31,39.11291530182499
WDI:NE.EXP.GNFS.ZS:MHL,2018-12-31,39.72577272727273
WDI:NE.EXP.GNFS.ZS:MHL,2019-12-31,37.061872048089306
WDI:NE.EXP.GNFS.ZS:MHL,2020-12-31,35.48846153846154
WDI:NE.EXP.GNFS.ZS:MHL,2021-12-31,45.97843594072949
WDI:NE.EXP.GNFS.ZS:MHL,2022-12-31,39.97784167499013
WDI:NE.EXP.GNFS.ZS:MHL,2023-12-31,38.2575757575758
WDI:NE.EXP.GNFS.ZS:MHL,2024-12-31,37.1929824561403
WDI:NE.EXP.GNFS.ZS:MHL,2025-12-31,36.038961038961
WDI:NE.EXP.GNFS.ZS:MIC,1960-12-31,10.337679688083396
WDI:NE.EXP.GNFS.ZS:MIC,1961-12-31,10.355483178868257
WDI:NE.EXP.GNFS.ZS:MIC,1962-12-31,9.752669496687833
WDI:NE.EXP.GNFS.ZS:MIC,1963-12-31,10.691748434296173
WDI:NE.EXP.GNFS.ZS:MIC,1964-12-31,9.889100918991781
WDI:NE.EXP.GNFS.ZS:MIC,1965-12-31,9.661310300046837
WDI:NE.EXP.GNFS.ZS:MIC,1966-12-31,9.851533372537883
WDI:NE.EXP.GNFS.ZS:MIC,1967-12-31,9.856848313502054
WDI:NE.EXP.GNFS.ZS:MIC,1968-12-31,10.003069551350912
WDI:NE.EXP.GNFS.ZS:MIC,1969-12-31,9.811068248674253
WDI:NE.EXP.GNFS.ZS:MIC,1970-12-31,9.880161973358808
WDI:NE.EXP.GNFS.ZS:MIC,1971-12-31,10.126102710666421
WDI:NE.EXP.GNFS.ZS:MIC,1972-12-31,10.864221526217955
WDI:NE.EXP.GNFS.ZS:MIC,1973-12-31,12.74818249302528
WDI:NE.EXP.GNFS.ZS:MIC,1974-12-31,15.82765423301078
WDI:NE.EXP.GNFS.ZS:MIC,1975-12-31,14.390215336495245
WDI:NE.EXP.GNFS.ZS:MIC,1976-12-31,15.525484354097463
WDI:NE.EXP.GNFS.ZS:MIC,1977-12-31,15.655633216099977
WDI:NE.EXP.GNFS.ZS:MIC,1978-12-31,15.339806449370263
WDI:NE.EXP.GNFS.ZS:MIC,1979-12-31,17.295698614051094
WDI:NE.EXP.GNFS.ZS:MIC,1980-12-31,17.90775309036845
WDI:NE.EXP.GNFS.ZS:MIC,1981-12-31,15.384638171742488
WDI:NE.EXP.GNFS.ZS:MIC,1982-12-31,15.49936038617907
WDI:NE.EXP.GNFS.ZS:MIC,1983-12-31,16.501887079188343
WDI:NE.EXP.GNFS.ZS:MIC,1984-12-31,16.977813326490843
WDI:NE.EXP.GNFS.ZS:MIC,1985-12-31,15.851884041686045
WDI:NE.EXP.GNFS.ZS:MIC,1986-12-31,14.040756203460683
WDI:NE.EXP.GNFS.ZS:MIC,1987-12-31,16.441853239006594
WDI:NE.EXP.GNFS.ZS:MIC,1988-12-31,17.858870721495062
WDI:NE.EXP.GNFS.ZS:MIC,1989-12-31,17.860766407186524
WDI:NE.EXP.GNFS.ZS:MIC,1990-12-31,17.434214163345175
WDI:NE.EXP.GNFS.ZS:MIC,1991-12-31,18.290638746172966
WDI:NE.EXP.GNFS.ZS:MIC,1992-12-31,18.807321528091354
WDI:NE.EXP.GNFS.ZS:MIC,1993-12-31,18.37802502118435
WDI:NE.EXP.GNFS.ZS:MIC,1994-12-31,19.146019042959644
WDI:NE.EXP.GNFS.ZS:MIC,1995-12-31,19.810711610720062
WDI:NE.EXP.GNFS.ZS:MIC,1996-12-31,19.661543904700245
WDI:NE.EXP.GNFS.ZS:MIC,1997-12-31,20.35364098523413
WDI:NE.EXP.GNFS.ZS:MIC,1998-12-31,19.963981778049945
WDI:NE.EXP.GNFS.ZS:MIC,1999-12-31,22.105706444794706
WDI:NE.EXP.GNFS.ZS:MIC,2000-12-31,24.257256101957537
WDI:NE.EXP.GNFS.ZS:MIC,2001-12-31,23.734220616988324
WDI:NE.EXP.GNFS.ZS:MIC,2002-12-31,25.446383384036952
WDI:NE.EXP.GNFS.ZS:MIC,2003-12-31,26.94189202454389
WDI:NE.EXP.GNFS.ZS:MIC,2004-12-31,29.230152044084896
WDI:NE.EXP.GNFS.ZS:MIC,2005-12-31,30.244589144124586
WDI:NE.EXP.GNFS.ZS:MIC,2006-12-31,31.11855725157156
WDI:NE.EXP.GNFS.ZS:MIC,2007-12-31,30.63352082994762
WDI:NE.EXP.GNFS.ZS:MIC,2008-12-31,30.749364342272244
WDI:NE.EXP.GNFS.ZS:MIC,2009-12-31,25.27224008967048
WDI:NE.EXP.GNFS.ZS:MIC,2010-12-31,26.438681935660313
WDI:NE.EXP.GNFS.ZS:MIC,2011-12-31,27.143569077894497
WDI:NE.EXP.GNFS.ZS:MIC,2012-12-31,26.67921743165899
WDI:NE.EXP.GNFS.ZS:MIC,2013-12-31,25.873473799717427
WDI:NE.EXP.GNFS.ZS:MIC,2014-12-31,24.844798296305637
WDI:NE.EXP.GNFS.ZS:MIC,2015-12-31,23.129223522134826
WDI:NE.EXP.GNFS.ZS:MIC,2016-12-31,22.067433009141155
WDI:NE.EXP.GNFS.ZS:MIC,2017-12-31,22.643010829866316
WDI:NE.EXP.GNFS.ZS:MIC,2018-12-31,23.449819395923015
WDI:NE.EXP.GNFS.ZS:MIC,2019-12-31,22.493099878019226
WDI:NE.EXP.GNFS.ZS:MIC,2020-12-31,21.557032694712486
WDI:NE.EXP.GNFS.ZS:MIC,2021-12-31,23.771873435177127
WDI:NE.EXP.GNFS.ZS:MIC,2022-12-31,25.536991592304297
WDI:NE.EXP.GNFS.ZS:MIC,2023-12-31,24.1307437886295
WDI:NE.EXP.GNFS.ZS:MIC,2024-12-31,24.8030743669604
WDI:NE.EXP.GNFS.ZS:MIC,2025-12-31,25.308821790288
WDI:NE.EXP.GNFS.ZS:MKD,1990-12-31,24.567857142857143
WDI:NE.EXP.GNFS.ZS:MKD,1991-12-31,21.775723140495867
WDI:NE.EXP.GNFS.ZS:MKD,1992-12-31,51.66390456230856
WDI:NE.EXP.GNFS.ZS:MKD,1993-12-31,44.445030771455656
WDI:NE.EXP.GNFS.ZS:MKD,1994-12-31,36.311688311688314
WDI:NE.EXP.GNFS.ZS:MKD,1995-12-31,31.3839303239845
WDI:NE.EXP.GNFS.ZS:MKD,1996-12-31,21.304843932691426
WDI:NE.EXP.GNFS.ZS:MKD,1997-12-31,23.490933901657442
WDI:NE.EXP.GNFS.ZS:MKD,1998-12-31,23.266728688520594
WDI:NE.EXP.GNFS.ZS:MKD,1999-12-31,23.0418595204847
WDI:NE.EXP.GNFS.ZS:MKD,2000-12-31,32.94684008590526
WDI:NE.EXP.GNFS.ZS:MKD,2001-12-31,29.198908052125063
WDI:NE.EXP.GNFS.ZS:MKD,2002-12-31,26.30084963705763
WDI:NE.EXP.GNFS.ZS:MKD,2003-12-31,27.656367466337173
WDI:NE.EXP.GNFS.ZS:MKD,2004-12-31,30.70416616213059
WDI:NE.EXP.GNFS.ZS:MKD,2005-12-31,34.80760065748735
WDI:NE.EXP.GNFS.ZS:MKD,2006-12-31,37.79148249910405
WDI:NE.EXP.GNFS.ZS:MKD,2007-12-31,44.11661379123546
WDI:NE.EXP.GNFS.ZS:MKD,2008-12-31,43.224469136397595
WDI:NE.EXP.GNFS.ZS:MKD,2009-12-31,32.805543362387915
WDI:NE.EXP.GNFS.ZS:MKD,2010-12-31,39.78975339358238
WDI:NE.EXP.GNFS.ZS:MKD,2011-12-31,47.124213138698714
WDI:NE.EXP.GNFS.ZS:MKD,2012-12-31,45.3742530045875
WDI:NE.EXP.GNFS.ZS:MKD,2013-12-31,43.39647453331501
WDI:NE.EXP.GNFS.ZS:MKD,2014-12-31,47.662855290913534
WDI:NE.EXP.GNFS.ZS:MKD,2015-12-31,48.73799990696909
WDI:NE.EXP.GNFS.ZS:MKD,2016-12-31,50.66384216410697
WDI:NE.EXP.GNFS.ZS:MKD,2017-12-31,55.14571934263702
WDI:NE.EXP.GNFS.ZS:MKD,2018-12-31,60.37513731732634
WDI:NE.EXP.GNFS.ZS:MKD,2019-12-31,62.40805678788133
WDI:NE.EXP.GNFS.ZS:MKD,2020-12-31,57.771485775759025
WDI:NE.EXP.GNFS.ZS:MKD,2021-12-31,65.44386485615776
WDI:NE.EXP.GNFS.ZS:MKD,2022-12-31,72.78539954220399
WDI:NE.EXP.GNFS.ZS:MKD,2023-12-31,67.3969980458635
WDI:NE.EXP.GNFS.ZS:MKD,2024-12-31,61.6792037479617
WDI:NE.EXP.GNFS.ZS:MKD,2025-12-31,59.6492997278415
WDI:NE.EXP.GNFS.ZS:MLI,1967-12-31,11.3616406082191
WDI:NE.EXP.GNFS.ZS:MLI,1968-12-31,10.222569980724217
WDI:NE.EXP.GNFS.ZS:MLI,1969-12-31,11.203632072552818
WDI:NE.EXP.GNFS.ZS:MLI,1970-12-31,12.469555617669808
WDI:NE.EXP.GNFS.ZS:MLI,1971-12-31,13.415911006723801
WDI:NE.EXP.GNFS.ZS:MLI,1972-12-31,10.029272804745856
WDI:NE.EXP.GNFS.ZS:MLI,1973-12-31,10.187919348141964
WDI:NE.EXP.GNFS.ZS:MLI,1974-12-31,12.723725314734768
WDI:NE.EXP.GNFS.ZS:MLI,1975-12-31,9.661185013586406
WDI:NE.EXP.GNFS.ZS:MLI,1976-12-31,11.005708015931187
WDI:NE.EXP.GNFS.ZS:MLI,1977-12-31,12.755695068087494
WDI:NE.EXP.GNFS.ZS:MLI,1978-12-31,11.597984824911055
WDI:NE.EXP.GNFS.ZS:MLI,1979-12-31,11.992421178423445
WDI:NE.EXP.GNFS.ZS:MLI,1980-12-31,9.713384000081104
WDI:NE.EXP.GNFS.ZS:MLI,1981-12-31,8.967291751876708
WDI:NE.EXP.GNFS.ZS:MLI,1982-12-31,11.319210407661195
WDI:NE.EXP.GNFS.ZS:MLI,1983-12-31,13.948564695203064
WDI:NE.EXP.GNFS.ZS:MLI,1984-12-31,16.770757987421845
WDI:NE.EXP.GNFS.ZS:MLI,1985-12-31,14.636712437167656
WDI:NE.EXP.GNFS.ZS:MLI,1986-12-31,12.834241544565886
WDI:NE.EXP.GNFS.ZS:MLI,1987-12-31,13.885683940266535
WDI:NE.EXP.GNFS.ZS:MLI,1988-12-31,11.66092275552705
WDI:NE.EXP.GNFS.ZS:MLI,1989-12-31,12.214503631990436
WDI:NE.EXP.GNFS.ZS:MLI,1990-12-31,12.92245042469661
WDI:NE.EXP.GNFS.ZS:MLI,1991-12-31,12.348199078458116
WDI:NE.EXP.GNFS.ZS:MLI,1992-12-31,12.018217023449774
WDI:NE.EXP.GNFS.ZS:MLI,1993-12-31,12.298362311233415
WDI:NE.EXP.GNFS.ZS:MLI,1994-12-31,15.209272791731054
WDI:NE.EXP.GNFS.ZS:MLI,1995-12-31,15.693774088262618
WDI:NE.EXP.GNFS.ZS:MLI,1996-12-31,14.01795958496751
WDI:NE.EXP.GNFS.ZS:MLI,1997-12-31,18.818453797338268
WDI:NE.EXP.GNFS.ZS:MLI,1998-12-31,16.423521879978622
WDI:NE.EXP.GNFS.ZS:MLI,1999-12-31,16.64478571505552
WDI:NE.EXP.GNFS.ZS:MLI,2000-12-31,18.308287160595263
WDI:NE.EXP.GNFS.ZS:MLI,2001-12-31,21.267528091386527
WDI:NE.EXP.GNFS.ZS:MLI,2002-12-31,22.582497751301293
WDI:NE.EXP.GNFS.ZS:MLI,2003-12-31,20.598732738650572
WDI:NE.EXP.GNFS.ZS:MLI,2004-12-31,18.810781347326284
WDI:NE.EXP.GNFS.ZS:MLI,2005-12-31,19.030541643998504
WDI:NE.EXP.GNFS.ZS:MLI,2006-12-31,22.718440167711016
WDI:NE.EXP.GNFS.ZS:MLI,2007-12-31,19.773193596015563
WDI:NE.EXP.GNFS.ZS:MLI,2008-12-31,20.66760823568777
WDI:NE.EXP.GNFS.ZS:MLI,2009-12-31,17.40906444749247
WDI:NE.EXP.GNFS.ZS:MLI,2010-12-31,19.213639216991734
WDI:NE.EXP.GNFS.ZS:MLI,2011-12-31,18.151521884204307
WDI:NE.EXP.GNFS.ZS:MLI,2012-12-31,22.619689020302726
WDI:NE.EXP.GNFS.ZS:MLI,2013-12-31,20.978304559146537
WDI:NE.EXP.GNFS.ZS:MLI,2014-12-31,18.972156983974028
WDI:NE.EXP.GNFS.ZS:MLI,2015-12-31,20.223947593818664
WDI:NE.EXP.GNFS.ZS:MLI,2016-12-31,19.65887922238701
WDI:NE.EXP.GNFS.ZS:MLI,2017-12-31,18.90650759288465
WDI:NE.EXP.GNFS.ZS:MLI,2018-12-31,20.59905905788051
WDI:NE.EXP.GNFS.ZS:MLI,2019-12-31,21.727225499495873
WDI:NE.EXP.GNFS.ZS:MLI,2020-12-31,25.142259372784608
WDI:NE.EXP.GNFS.ZS:MLI,2021-12-31,23.434772746322327
WDI:NE.EXP.GNFS.ZS:MLI,2022-12-31,26.02565262466699
WDI:NE.EXP.GNFS.ZS:MLI,2023-12-31,24.7863775029858
WDI:NE.EXP.GNFS.ZS:MLI,2024-12-31,22.325419474237
WDI:NE.EXP.GNFS.ZS:MLI,2025-12-31,22.0767726182095
WDI:NE.EXP.GNFS.ZS:MLT,1970-12-31,44.180864974238816
WDI:NE.EXP.GNFS.ZS:MLT,1971-12-31,45.510761013004725
WDI:NE.EXP.GNFS.ZS:MLT,1972-12-31,46.525729400296065
WDI:NE.EXP.GNFS.ZS:MLT,1973-12-31,57.89781773196765
WDI:NE.EXP.GNFS.ZS:MLT,1974-12-31,74.64137006510907
WDI:NE.EXP.GNFS.ZS:MLT,1975-12-31,73.69200871739527
WDI:NE.EXP.GNFS.ZS:MLT,1976-12-31,75.41418013220712
WDI:NE.EXP.GNFS.ZS:MLT,1977-12-31,76.92383443306659
WDI:NE.EXP.GNFS.ZS:MLT,1978-12-31,73.55352877587679
WDI:NE.EXP.GNFS.ZS:MLT,1979-12-31,79.38918259863637
WDI:NE.EXP.GNFS.ZS:MLT,1980-12-31,80.9335661360345
WDI:NE.EXP.GNFS.ZS:MLT,1981-12-31,72.53552574677006
WDI:NE.EXP.GNFS.ZS:MLT,1982-12-31,61.59885765144193
WDI:NE.EXP.GNFS.ZS:MLT,1983-12-31,59.80599200447252
WDI:NE.EXP.GNFS.ZS:MLT,1984-12-31,62.4184568364333
WDI:NE.EXP.GNFS.ZS:MLT,1985-12-31,64.50003208984107
WDI:NE.EXP.GNFS.ZS:MLT,1986-12-31,64.33491934627492
WDI:NE.EXP.GNFS.ZS:MLT,1987-12-31,69.5802382311618
WDI:NE.EXP.GNFS.ZS:MLT,1988-12-31,70.40500542016981
WDI:NE.EXP.GNFS.ZS:MLT,1989-12-31,72.13422728258537
WDI:NE.EXP.GNFS.ZS:MLT,1990-12-31,75.83362624499831
WDI:NE.EXP.GNFS.ZS:MLT,1991-12-31,77.37196474451284
WDI:NE.EXP.GNFS.ZS:MLT,1992-12-31,81.75957785939109
WDI:NE.EXP.GNFS.ZS:MLT,1993-12-31,84.81218399009866
WDI:NE.EXP.GNFS.ZS:MLT,1994-12-31,85.96184261854063
WDI:NE.EXP.GNFS.ZS:MLT,1995-12-31,85.32074570052002
WDI:NE.EXP.GNFS.ZS:MLT,1996-12-31,77.1133395655597
WDI:NE.EXP.GNFS.ZS:MLT,1997-12-31,74.78083669519252
WDI:NE.EXP.GNFS.ZS:MLT,1998-12-31,75.31053649030417
WDI:NE.EXP.GNFS.ZS:MLT,1999-12-31,80.27530466723833
WDI:NE.EXP.GNFS.ZS:MLT,2000-12-31,90.26922524087703
WDI:NE.EXP.GNFS.ZS:MLT,2001-12-31,78.4583118178899
WDI:NE.EXP.GNFS.ZS:MLT,2002-12-31,82.51781972891763
WDI:NE.EXP.GNFS.ZS:MLT,2003-12-31,75.45626198725823
WDI:NE.EXP.GNFS.ZS:MLT,2004-12-31,75.09743104126744
WDI:NE.EXP.GNFS.ZS:MLT,2005-12-31,74.22356221843756
WDI:NE.EXP.GNFS.ZS:MLT,2006-12-31,89.17921875479152
WDI:NE.EXP.GNFS.ZS:MLT,2007-12-31,90.85349382220754
WDI:NE.EXP.GNFS.ZS:MLT,2008-12-31,91.47240382651485
WDI:NE.EXP.GNFS.ZS:MLT,2009-12-31,81.03287865830096
WDI:NE.EXP.GNFS.ZS:MLT,2010-12-31,89.6241282901991
WDI:NE.EXP.GNFS.ZS:MLT,2011-12-31,97.44117163026323
WDI:NE.EXP.GNFS.ZS:MLT,2012-12-31,100.79914293217867
WDI:NE.EXP.GNFS.ZS:MLT,2013-12-31,97.66962658669235
WDI:NE.EXP.GNFS.ZS:MLT,2014-12-31,96.9298167627865
WDI:NE.EXP.GNFS.ZS:MLT,2015-12-31,108.73258373556438
WDI:NE.EXP.GNFS.ZS:MLT,2016-12-31,113.16626174707937
WDI:NE.EXP.GNFS.ZS:MLT,2017-12-31,116.62649747353254
WDI:NE.EXP.GNFS.ZS:MLT,2018-12-31,123.34930371025466
WDI:NE.EXP.GNFS.ZS:MLT,2019-12-31,124.52003989438158
WDI:NE.EXP.GNFS.ZS:MLT,2020-12-31,129.9541178594872
WDI:NE.EXP.GNFS.ZS:MLT,2021-12-31,118.75556368056668
WDI:NE.EXP.GNFS.ZS:MLT,2022-12-31,128.4600906111224
WDI:NE.EXP.GNFS.ZS:MLT,2023-12-31,119.748336901667
WDI:NE.EXP.GNFS.ZS:MLT,2024-12-31,118.481460190952
WDI:NE.EXP.GNFS.ZS:MLT,2025-12-31,119.109581237895
WDI:NE.EXP.GNFS.ZS:MNA,1965-12-31,18.093686447432486
WDI:NE.EXP.GNFS.ZS:MNA,1966-12-31,18.06112443632352
WDI:NE.EXP.GNFS.ZS:MNA,1967-12-31,17.815436096641953
WDI:NE.EXP.GNFS.ZS:MNA,1968-12-31,16.86391079406314
WDI:NE.EXP.GNFS.ZS:MNA,1969-12-31,17.415253969905894
WDI:NE.EXP.GNFS.ZS:MNA,1970-12-31,17.625164388245892
WDI:NE.EXP.GNFS.ZS:MNA,1971-12-31,19.233665164793436
WDI:NE.EXP.GNFS.ZS:MNA,1972-12-31,19.48724256023577
WDI:NE.EXP.GNFS.ZS:MNA,1973-12-31,27.178914780128117
WDI:NE.EXP.GNFS.ZS:MNA,1974-12-31,39.28641093510316
WDI:NE.EXP.GNFS.ZS:MNA,1975-12-31,34.10525532559294
WDI:NE.EXP.GNFS.ZS:MNA,1976-12-31,32.91049088990647
WDI:NE.EXP.GNFS.ZS:MNA,1977-12-31,29.766225239512757
WDI:NE.EXP.GNFS.ZS:MNA,1978-12-31,26.16946381434293
WDI:NE.EXP.GNFS.ZS:MNA,1979-12-31,31.38070453733876
WDI:NE.EXP.GNFS.ZS:MNA,1980-12-31,28.827418050321143
WDI:NE.EXP.GNFS.ZS:MNA,1981-12-31,22.299624746933237
WDI:NE.EXP.GNFS.ZS:MNA,1982-12-31,21.89257217322087
WDI:NE.EXP.GNFS.ZS:MNA,1983-12-31,19.870886598373012
WDI:NE.EXP.GNFS.ZS:MNA,1984-12-31,18.38737348506898
WDI:NE.EXP.GNFS.ZS:MNA,1985-12-31,16.41655703680839
WDI:NE.EXP.GNFS.ZS:MNA,1986-12-31,10.64134411919398
WDI:NE.EXP.GNFS.ZS:MNA,1987-12-31,15.844121239490569
WDI:NE.EXP.GNFS.ZS:MNA,1988-12-31,16.358180913118396
WDI:NE.EXP.GNFS.ZS:MNA,1989-12-31,18.599806777632008
WDI:NE.EXP.GNFS.ZS:MNA,1990-12-31,16.551367729075427
WDI:NE.EXP.GNFS.ZS:MNA,1991-12-31,21.7342222468925
WDI:NE.EXP.GNFS.ZS:MNA,1992-12-31,21.251046538293817
WDI:NE.EXP.GNFS.ZS:MNA,1993-12-31,23.760874444721157
WDI:NE.EXP.GNFS.ZS:MNA,1994-12-31,25.334016835838923
WDI:NE.EXP.GNFS.ZS:MNA,1995-12-31,23.65014166493353
WDI:NE.EXP.GNFS.ZS:MNA,1996-12-31,22.912100891559856
WDI:NE.EXP.GNFS.ZS:MNA,1997-12-31,24.257213617397273
WDI:NE.EXP.GNFS.ZS:MNA,1998-12-31,21.481733703106144
WDI:NE.EXP.GNFS.ZS:MNA,1999-12-31,25.166001542756018
WDI:NE.EXP.GNFS.ZS:MNA,2000-12-31,27.529844078178044
WDI:NE.EXP.GNFS.ZS:MNA,2001-12-31,24.911020648711233
WDI:NE.EXP.GNFS.ZS:MNA,2002-12-31,27.26578441739732
WDI:NE.EXP.GNFS.ZS:MNA,2003-12-31,27.762645546868324
WDI:NE.EXP.GNFS.ZS:MNA,2004-12-31,30.10945321556428
WDI:NE.EXP.GNFS.ZS:MNA,2005-12-31,33.622317549017055
WDI:NE.EXP.GNFS.ZS:MNA,2006-12-31,34.46561533599925
WDI:NE.EXP.GNFS.ZS:MNA,2007-12-31,33.864008685107805
WDI:NE.EXP.GNFS.ZS:MNA,2008-12-31,35.18767753368781
WDI:NE.EXP.GNFS.ZS:MNA,2009-12-31,27.59687751428455
WDI:NE.EXP.GNFS.ZS:MNA,2010-12-31,28.89927663263637
WDI:NE.EXP.GNFS.ZS:MNA,2011-12-31,27.845128136825963
WDI:NE.EXP.GNFS.ZS:MNA,2012-12-31,27.224662328301143
WDI:NE.EXP.GNFS.ZS:MNA,2013-12-31,26.741219450966497
WDI:NE.EXP.GNFS.ZS:MNA,2014-12-31,23.690427704248123
WDI:NE.EXP.GNFS.ZS:MNA,2015-12-31,19.42376232163745
WDI:NE.EXP.GNFS.ZS:MNA,2016-12-31,17.98262842564556
WDI:NE.EXP.GNFS.ZS:MNA,2017-12-31,20.891307241880646
WDI:NE.EXP.GNFS.ZS:MNA,2018-12-31,25.072233734810624
WDI:NE.EXP.GNFS.ZS:MNA,2019-12-31,23.013453266489748
WDI:NE.EXP.GNFS.ZS:MNA,2020-12-31,17.519659303423616
WDI:NE.EXP.GNFS.ZS:MNA,2021-12-31,21.6397353909419
WDI:NE.EXP.GNFS.ZS:MNA,2022-12-31,26.802508053290747
WDI:NE.EXP.GNFS.ZS:MNA,2023-12-31,26.0088232186342
WDI:NE.EXP.GNFS.ZS:MNA,2024-12-31,24.5614624088848
WDI:NE.EXP.GNFS.ZS:MNA,2025-12-31,25.2126490539461
WDI:NE.EXP.GNFS.ZS:MNE,2000-12-31,36.8149918504193
WDI:NE.EXP.GNFS.ZS:MNE,2001-12-31,38.42345437839257
WDI:NE.EXP.GNFS.ZS:MNE,2002-12-31,35.356117125481404
WDI:NE.EXP.GNFS.ZS:MNE,2003-12-31,30.611246198997698
WDI:NE.EXP.GNFS.ZS:MNE,2004-12-31,42.02204717618996
WDI:NE.EXP.GNFS.ZS:MNE,2005-12-31,43.54912468030198
WDI:NE.EXP.GNFS.ZS:MNE,2006-12-31,40.62426342658224
WDI:NE.EXP.GNFS.ZS:MNE,2007-12-31,43.035769995381976
WDI:NE.EXP.GNFS.ZS:MNE,2008-12-31,39.56163816004942
WDI:NE.EXP.GNFS.ZS:MNE,2009-12-31,34.46919008106483
WDI:NE.EXP.GNFS.ZS:MNE,2010-12-31,36.71477155694347
WDI:NE.EXP.GNFS.ZS:MNE,2011-12-31,42.441679204564096
WDI:NE.EXP.GNFS.ZS:MNE,2012-12-31,42.220507906641664
WDI:NE.EXP.GNFS.ZS:MNE,2013-12-31,41.75069086451439
WDI:NE.EXP.GNFS.ZS:MNE,2014-12-31,40.268321085447184
WDI:NE.EXP.GNFS.ZS:MNE,2015-12-31,42.728387905323814
WDI:NE.EXP.GNFS.ZS:MNE,2016-12-31,40.78199590700603
WDI:NE.EXP.GNFS.ZS:MNE,2017-12-31,41.50110194107178
WDI:NE.EXP.GNFS.ZS:MNE,2018-12-31,43.45856723707443
WDI:NE.EXP.GNFS.ZS:MNE,2019-12-31,44.32383792070125
WDI:NE.EXP.GNFS.ZS:MNE,2020-12-31,26.25220097230374
WDI:NE.EXP.GNFS.ZS:MNE,2021-12-31,43.119368210587695
WDI:NE.EXP.GNFS.ZS:MNE,2022-12-31,51.344941663811724
WDI:NE.EXP.GNFS.ZS:MNE,2023-12-31,49.229023063194
WDI:NE.EXP.GNFS.ZS:MNE,2024-12-31,43.7470829634338
WDI:NE.EXP.GNFS.ZS:MNE,2025-12-31,40.0626882380633
WDI:NE.EXP.GNFS.ZS:MNG,1981-12-31,23.870883576668493
WDI:NE.EXP.GNFS.ZS:MNG,1982-12-31,26.258757469989902
WDI:NE.EXP.GNFS.ZS:MNG,1983-12-31,26.608171082902004
WDI:NE.EXP.GNFS.ZS:MNG,1984-12-31,29.179612562731847
WDI:NE.EXP.GNFS.ZS:MNG,1985-12-31,26.72974898450689
WDI:NE.EXP.GNFS.ZS:MNG,1986-12-31,30.178208606498817
WDI:NE.EXP.GNFS.ZS:MNG,1987-12-31,30.803297142428594
WDI:NE.EXP.GNFS.ZS:MNG,1988-12-31,28.448988419240106
WDI:NE.EXP.GNFS.ZS:MNG,1989-12-31,22.48677566702604
WDI:NE.EXP.GNFS.ZS:MNG,1990-12-31,18.27470167885898
WDI:NE.EXP.GNFS.ZS:MNG,1991-12-31,54.06845984297433
WDI:NE.EXP.GNFS.ZS:MNG,1992-12-31,28.932993251088384
WDI:NE.EXP.GNFS.ZS:MNG,1993-12-31,59.33218993542969
WDI:NE.EXP.GNFS.ZS:MNG,1994-12-31,44.63069350816739
WDI:NE.EXP.GNFS.ZS:MNG,1995-12-31,40.541372125105354
WDI:NE.EXP.GNFS.ZS:MNG,1996-12-31,35.52432563944355
WDI:NE.EXP.GNFS.ZS:MNG,1997-12-31,52.666345082748066
WDI:NE.EXP.GNFS.ZS:MNG,1998-12-31,47.84351451264182
WDI:NE.EXP.GNFS.ZS:MNG,1999-12-31,50.15844061540753
WDI:NE.EXP.GNFS.ZS:MNG,2000-12-31,53.996751465861195
WDI:NE.EXP.GNFS.ZS:MNG,2001-12-31,50.31834099200475
WDI:NE.EXP.GNFS.ZS:MNG,2002-12-31,50.72661597844075
WDI:NE.EXP.GNFS.ZS:MNG,2003-12-31,52.352049532945124
WDI:NE.EXP.GNFS.ZS:MNG,2004-12-31,60.78777491895012
WDI:NE.EXP.GNFS.ZS:MNG,2005-12-31,58.76938379346021
WDI:NE.EXP.GNFS.ZS:MNG,2006-12-31,59.443265077556006
WDI:NE.EXP.GNFS.ZS:MNG,2007-12-31,59.61444843214817
WDI:NE.EXP.GNFS.ZS:MNG,2008-12-31,54.017035917031166
WDI:NE.EXP.GNFS.ZS:MNG,2009-12-31,50.27799932785912
WDI:NE.EXP.GNFS.ZS:MNG,2010-12-31,46.67898258370723
WDI:NE.EXP.GNFS.ZS:MNG,2011-12-31,52.553555045629565
WDI:NE.EXP.GNFS.ZS:MNG,2012-12-31,43.57215119425203
WDI:NE.EXP.GNFS.ZS:MNG,2013-12-31,38.890237481919584
WDI:NE.EXP.GNFS.ZS:MNG,2014-12-31,52.24899869422773
WDI:NE.EXP.GNFS.ZS:MNG,2015-12-31,44.18405023468281
WDI:NE.EXP.GNFS.ZS:MNG,2016-12-31,50.87219405581398
WDI:NE.EXP.GNFS.ZS:MNG,2017-12-31,59.166679267025344
WDI:NE.EXP.GNFS.ZS:MNG,2018-12-31,58.16478227692643
WDI:NE.EXP.GNFS.ZS:MNG,2019-12-31,59.21723318065395
WDI:NE.EXP.GNFS.ZS:MNG,2020-12-31,57.66034973409949
WDI:NE.EXP.GNFS.ZS:MNG,2021-12-31,58.54886395409158
WDI:NE.EXP.GNFS.ZS:MNG,2022-12-31,65.06135115586146
WDI:NE.EXP.GNFS.ZS:MNG,2023-12-31,76.2571171270924
WDI:NE.EXP.GNFS.ZS:MNG,2024-12-31,68.7165627140568
WDI:NE.EXP.GNFS.ZS:MNG,2025-12-31,68.0690875802365
WDI:NE.EXP.GNFS.ZS:MNP,2002-12-31,91.04361370716511
WDI:NE.EXP.GNFS.ZS:MNP,2003-12-31,90.23405972558514
WDI:NE.EXP.GNFS.ZS:MNP,2004-12-31,100.6611570247934
WDI:NE.EXP.GNFS.ZS:MNP,2005-12-31,95.85296889726673
WDI:NE.EXP.GNFS.ZS:MNP,2006-12-31,83.73737373737373
WDI:NE.EXP.GNFS.ZS:MNP,2007-12-31,66.84434968017058
WDI:NE.EXP.GNFS.ZS:MNP,2008-12-31,51.97018104366348
WDI:NE.EXP.GNFS.ZS:MNP,2009-12-31,39.24528301886793
WDI:NE.EXP.GNFS.ZS:MNP,2010-12-31,41.92740926157697
WDI:NE.EXP.GNFS.ZS:MNP,2011-12-31,43.484224965706446
WDI:NE.EXP.GNFS.ZS:MNP,2012-12-31,50.80428954423593
WDI:NE.EXP.GNFS.ZS:MNP,2013-12-31,52.07253886010362
WDI:NE.EXP.GNFS.ZS:MNP,2014-12-31,52.52403846153846
WDI:NE.EXP.GNFS.ZS:MNP,2015-12-31,52.96703296703297
WDI:NE.EXP.GNFS.ZS:MNP,2016-12-31,71.70731707317073
WDI:NE.EXP.GNFS.ZS:MNP,2017-12-31,69.2948717948718
WDI:NE.EXP.GNFS.ZS:MNP,2018-12-31,50.73020753266718
WDI:NE.EXP.GNFS.ZS:MNP,2019-12-31,42.49363867684479
WDI:NE.EXP.GNFS.ZS:MNP,2020-12-31,14.780600461893764
WDI:NE.EXP.GNFS.ZS:MNP,2021-12-31,6.017505470459518
WDI:NE.EXP.GNFS.ZS:MNP,2022-12-31,22.26277372262774
WDI:NE.EXP.GNFS.ZS:MOZ,1991-12-31,7.999423907568269
WDI:NE.EXP.GNFS.ZS:MOZ,1992-12-31,9.15149242640735
WDI:NE.EXP.GNFS.ZS:MOZ,1993-12-31,8.240627338143666
WDI:NE.EXP.GNFS.ZS:MOZ,1994-12-31,10.513041449025074
WDI:NE.EXP.GNFS.ZS:MOZ,1995-12-31,11.362985095547756
WDI:NE.EXP.GNFS.ZS:MOZ,1996-12-31,11.853009812660332
WDI:NE.EXP.GNFS.ZS:MOZ,1997-12-31,10.729091551816625
WDI:NE.EXP.GNFS.ZS:MOZ,1998-12-31,9.937704556963887
WDI:NE.EXP.GNFS.ZS:MOZ,1999-12-31,8.884017177016693
WDI:NE.EXP.GNFS.ZS:MOZ,2000-12-31,11.285685191384708
WDI:NE.EXP.GNFS.ZS:MOZ,2001-12-31,18.73978227982845
WDI:NE.EXP.GNFS.ZS:MOZ,2002-12-31,21.469946672022672
WDI:NE.EXP.GNFS.ZS:MOZ,2003-12-31,22.8118539424611
WDI:NE.EXP.GNFS.ZS:MOZ,2004-12-31,26.374613414071156
WDI:NE.EXP.GNFS.ZS:MOZ,2005-12-31,27.867763726904577
WDI:NE.EXP.GNFS.ZS:MOZ,2006-12-31,28.03968184917609
WDI:NE.EXP.GNFS.ZS:MOZ,2007-12-31,28.320839868976293
WDI:NE.EXP.GNFS.ZS:MOZ,2008-12-31,27.346265561776512
WDI:NE.EXP.GNFS.ZS:MOZ,2009-12-31,27.983421469315584
WDI:NE.EXP.GNFS.ZS:MOZ,2010-12-31,29.368232737356664
WDI:NE.EXP.GNFS.ZS:MOZ,2011-12-31,31.37890026728321
WDI:NE.EXP.GNFS.ZS:MOZ,2012-12-31,30.0174391521977
WDI:NE.EXP.GNFS.ZS:MOZ,2013-12-31,27.993807270821137
WDI:NE.EXP.GNFS.ZS:MOZ,2014-12-31,32.78903729709211
WDI:NE.EXP.GNFS.ZS:MOZ,2015-12-31,32.57229353284025
WDI:NE.EXP.GNFS.ZS:MOZ,2016-12-31,35.381937395366506
WDI:NE.EXP.GNFS.ZS:MOZ,2017-12-31,41.043463320554
WDI:NE.EXP.GNFS.ZS:MOZ,2018-12-31,45.53103584031474
WDI:NE.EXP.GNFS.ZS:MOZ,2019-12-31,37.142056360832285
WDI:NE.EXP.GNFS.ZS:MOZ,2020-12-31,32.78987346878436
WDI:NE.EXP.GNFS.ZS:MOZ,2021-12-31,40.35049852427321
WDI:NE.EXP.GNFS.ZS:MOZ,2022-12-31,49.826942804041714
WDI:NE.EXP.GNFS.ZS:MOZ,2023-12-31,45.6002906309861
WDI:NE.EXP.GNFS.ZS:MOZ,2024-12-31,42.822299687441
WDI:NE.EXP.GNFS.ZS:MOZ,2025-12-31,41.3814750416072
WDI:NE.EXP.GNFS.ZS:MRT,1961-12-31,11.3673587156786
WDI:NE.EXP.GNFS.ZS:MRT,1962-12-31,11.521403988125623
WDI:NE.EXP.GNFS.ZS:MRT,1963-12-31,19.97448229992049
WDI:NE.EXP.GNFS.ZS:MRT,1964-12-31,34.512864619651516
WDI:NE.EXP.GNFS.ZS:MRT,1965-12-31,33.44762962807477
WDI:NE.EXP.GNFS.ZS:MRT,1966-12-31,34.08429033414833
WDI:NE.EXP.GNFS.ZS:MRT,1967-12-31,32.9818435623611
WDI:NE.EXP.GNFS.ZS:MRT,1968-12-31,30.12400623890736
WDI:NE.EXP.GNFS.ZS:MRT,1969-12-31,30.78851036505479
WDI:NE.EXP.GNFS.ZS:MRT,1970-12-31,32.35165176232319
WDI:NE.EXP.GNFS.ZS:MRT,1971-12-31,31.882334328384793
WDI:NE.EXP.GNFS.ZS:MRT,1972-12-31,38.22745994644999
WDI:NE.EXP.GNFS.ZS:MRT,1973-12-31,37.124377335522205
WDI:NE.EXP.GNFS.ZS:MRT,1974-12-31,38.28378328724264
WDI:NE.EXP.GNFS.ZS:MRT,1975-12-31,30.471369380014195
WDI:NE.EXP.GNFS.ZS:MRT,1976-12-31,30.07856870458527
WDI:NE.EXP.GNFS.ZS:MRT,1977-12-31,25.984498005303863
WDI:NE.EXP.GNFS.ZS:MRT,1978-12-31,26.44952562782278
WDI:NE.EXP.GNFS.ZS:MRT,1979-12-31,26.305924337984553
WDI:NE.EXP.GNFS.ZS:MRT,1980-12-31,29.18941364838758
WDI:NE.EXP.GNFS.ZS:MRT,1981-12-31,35.72381539146933
WDI:NE.EXP.GNFS.ZS:MRT,1982-12-31,31.75878703605281
WDI:NE.EXP.GNFS.ZS:MRT,1983-12-31,36.25549655240978
WDI:NE.EXP.GNFS.ZS:MRT,1984-12-31,36.13663953806772
WDI:NE.EXP.GNFS.ZS:MRT,1985-12-31,47.48932881005564
WDI:NE.EXP.GNFS.ZS:MRT,1986-12-31,44.51222401450051
WDI:NE.EXP.GNFS.ZS:MRT,1987-12-31,38.91269053545163
WDI:NE.EXP.GNFS.ZS:MRT,1988-12-31,39.84740771278007
WDI:NE.EXP.GNFS.ZS:MRT,1989-12-31,39.501735866637674
WDI:NE.EXP.GNFS.ZS:MRT,1990-12-31,36.17996812050323
WDI:NE.EXP.GNFS.ZS:MRT,1991-12-31,27.540631915912826
WDI:NE.EXP.GNFS.ZS:MRT,1992-12-31,22.37196354070476
WDI:NE.EXP.GNFS.ZS:MRT,1993-12-31,25.360934602992707
WDI:NE.EXP.GNFS.ZS:MRT,1994-12-31,34.699628309105904
WDI:NE.EXP.GNFS.ZS:MRT,1995-12-31,41.48646320672433
WDI:NE.EXP.GNFS.ZS:MRT,1996-12-31,39.16341346885759
WDI:NE.EXP.GNFS.ZS:MRT,1997-12-31,33.39205406638322
WDI:NE.EXP.GNFS.ZS:MRT,1998-12-31,24.459168559458305
WDI:NE.EXP.GNFS.ZS:MRT,1999-12-31,22.569186038298184
WDI:NE.EXP.GNFS.ZS:MRT,2000-12-31,25.517115714084326
WDI:NE.EXP.GNFS.ZS:MRT,2001-12-31,25.536995080515982
WDI:NE.EXP.GNFS.ZS:MRT,2002-12-31,24.773608402842328
WDI:NE.EXP.GNFS.ZS:MRT,2003-12-31,19.12477217547284
WDI:NE.EXP.GNFS.ZS:MRT,2004-12-31,23.269257568695707
WDI:NE.EXP.GNFS.ZS:MRT,2005-12-31,26.753247053687474
WDI:NE.EXP.GNFS.ZS:MRT,2006-12-31,42.364103327396684
WDI:NE.EXP.GNFS.ZS:MRT,2007-12-31,40.52316179828856
WDI:NE.EXP.GNFS.ZS:MRT,2008-12-31,41.60285047845107
WDI:NE.EXP.GNFS.ZS:MRT,2009-12-31,37.24574830291234
WDI:NE.EXP.GNFS.ZS:MRT,2010-12-31,45.7393481127116
WDI:NE.EXP.GNFS.ZS:MRT,2011-12-31,50.1828096997874
WDI:NE.EXP.GNFS.ZS:MRT,2012-12-31,48.2613552096143
WDI:NE.EXP.GNFS.ZS:MRT,2013-12-31,45.54859921224215
WDI:NE.EXP.GNFS.ZS:MRT,2014-12-31,37.38920072194279
WDI:NE.EXP.GNFS.ZS:MRT,2015-12-31,30.19514475533487
WDI:NE.EXP.GNFS.ZS:MRT,2016-12-31,33.925140548854586
WDI:NE.EXP.GNFS.ZS:MRT,2017-12-31,34.50567753009467
WDI:NE.EXP.GNFS.ZS:MRT,2018-12-31,36.586250401293746
WDI:NE.EXP.GNFS.ZS:MRT,2019-12-31,42.39752404066069
WDI:NE.EXP.GNFS.ZS:MRT,2020-12-31,41.406104283545
WDI:NE.EXP.GNFS.ZS:MRT,2021-12-31,39.85602326430251
WDI:NE.EXP.GNFS.ZS:MRT,2022-12-31,39.737807822991954
WDI:NE.EXP.GNFS.ZS:MRT,2023-12-31,38.4070908149798
WDI:NE.EXP.GNFS.ZS:MRT,2024-12-31,41.4108312054046
WDI:NE.EXP.GNFS.ZS:MRT,2025-12-31,39.8529382759178
WDI:NE.EXP.GNFS.ZS:MUS,1976-12-31,50.09087627103058
WDI:NE.EXP.GNFS.ZS:MUS,1977-12-31,48.15719169967315
WDI:NE.EXP.GNFS.ZS:MUS,1978-12-31,42.65042177682452
WDI:NE.EXP.GNFS.ZS:MUS,1979-12-31,42.10327330580974
WDI:NE.EXP.GNFS.ZS:MUS,1980-12-31,50.487301728794435
WDI:NE.EXP.GNFS.ZS:MUS,1981-12-31,44.13105634442487
WDI:NE.EXP.GNFS.ZS:MUS,1982-12-31,46.52917564950244
WDI:NE.EXP.GNFS.ZS:MUS,1983-12-31,46.022979695413746
WDI:NE.EXP.GNFS.ZS:MUS,1984-12-31,48.02332435901267
WDI:NE.EXP.GNFS.ZS:MUS,1985-12-31,52.815186476653196
WDI:NE.EXP.GNFS.ZS:MUS,1986-12-31,59.69874664301086
WDI:NE.EXP.GNFS.ZS:MUS,1987-12-31,63.70750538237415
WDI:NE.EXP.GNFS.ZS:MUS,1988-12-31,63.86486527890868
WDI:NE.EXP.GNFS.ZS:MUS,1989-12-31,63.3503251023952
WDI:NE.EXP.GNFS.ZS:MUS,1990-12-31,64.0939278515127
WDI:NE.EXP.GNFS.ZS:MUS,1991-12-31,61.47754755164514
WDI:NE.EXP.GNFS.ZS:MUS,1992-12-31,58.516720972604965
WDI:NE.EXP.GNFS.ZS:MUS,1993-12-31,57.46877261891685
WDI:NE.EXP.GNFS.ZS:MUS,1994-12-31,55.96918386669909
WDI:NE.EXP.GNFS.ZS:MUS,1995-12-31,57.87830692738763
WDI:NE.EXP.GNFS.ZS:MUS,1996-12-31,62.74081948983851
WDI:NE.EXP.GNFS.ZS:MUS,1997-12-31,60.64556604123318
WDI:NE.EXP.GNFS.ZS:MUS,1998-12-31,64.81111343900004
WDI:NE.EXP.GNFS.ZS:MUS,1999-12-31,62.9550301414524
WDI:NE.EXP.GNFS.ZS:MUS,2000-12-31,60.28256284847014
WDI:NE.EXP.GNFS.ZS:MUS,2001-12-31,67.08379484691993
WDI:NE.EXP.GNFS.ZS:MUS,2002-12-31,60.789867607867606
WDI:NE.EXP.GNFS.ZS:MUS,2003-12-31,55.263186321592364
WDI:NE.EXP.GNFS.ZS:MUS,2004-12-31,52.61472025578846
WDI:NE.EXP.GNFS.ZS:MUS,2005-12-31,58.24032134548015
WDI:NE.EXP.GNFS.ZS:MUS,2006-12-31,57.35961435647283
WDI:NE.EXP.GNFS.ZS:MUS,2007-12-31,54.786899539732325
WDI:NE.EXP.GNFS.ZS:MUS,2008-12-31,50.13568662289529
WDI:NE.EXP.GNFS.ZS:MUS,2009-12-31,46.68616511084392
WDI:NE.EXP.GNFS.ZS:MUS,2010-12-31,50.281300932759954
WDI:NE.EXP.GNFS.ZS:MUS,2011-12-31,51.47515064733608
WDI:NE.EXP.GNFS.ZS:MUS,2012-12-31,52.7836292506771
WDI:NE.EXP.GNFS.ZS:MUS,2013-12-31,64.23581369397971
WDI:NE.EXP.GNFS.ZS:MUS,2014-12-31,64.81627293348703
WDI:NE.EXP.GNFS.ZS:MUS,2015-12-31,64.5652688880706
WDI:NE.EXP.GNFS.ZS:MUS,2016-12-31,61.04752200991549
WDI:NE.EXP.GNFS.ZS:MUS,2017-12-31,60.34420872062205
WDI:NE.EXP.GNFS.ZS:MUS,2018-12-31,58.56750233955573
WDI:NE.EXP.GNFS.ZS:MUS,2019-12-31,60.34593604071466
WDI:NE.EXP.GNFS.ZS:MUS,2020-12-31,55.36101570894613
WDI:NE.EXP.GNFS.ZS:MUS,2021-12-31,60.76735431783848
WDI:NE.EXP.GNFS.ZS:MUS,2022-12-31,67.0292948520561
WDI:NE.EXP.GNFS.ZS:MUS,2023-12-31,69.0411453509364
WDI:NE.EXP.GNFS.ZS:MUS,2024-12-31,67.1108899609862
WDI:NE.EXP.GNFS.ZS:MUS,2025-12-31,65.0363961733561
WDI:NE.EXP.GNFS.ZS:MWI,2017-12-31,12.675127804928163
WDI:NE.EXP.GNFS.ZS:MWI,2018-12-31,11.672781351085932
WDI:NE.EXP.GNFS.ZS:MWI,2019-12-31,12.989456594690568
WDI:NE.EXP.GNFS.ZS:MWI,2020-12-31,11.004753722448417
WDI:NE.EXP.GNFS.ZS:MWI,2021-12-31,12.71195641564367
WDI:NE.EXP.GNFS.ZS:MWI,2022-12-31,11.342380846456965
WDI:NE.EXP.GNFS.ZS:MWI,2023-12-31,11.2450363894528
WDI:NE.EXP.GNFS.ZS:MWI,2024-12-31,11.2855606151277
WDI:NE.EXP.GNFS.ZS:MWI,2025-12-31,10.6488595679017
WDI:NE.EXP.GNFS.ZS:MYS,1960-12-31,53.06853051483124
WDI:NE.EXP.GNFS.ZS:MYS,1961-12-31,48.471315699072484
WDI:NE.EXP.GNFS.ZS:MYS,1962-12-31,46.04210869920026
WDI:NE.EXP.GNFS.ZS:MYS,1963-12-31,45.71837584591359
WDI:NE.EXP.GNFS.ZS:MYS,1964-12-31,44.0820813484793
WDI:NE.EXP.GNFS.ZS:MYS,1965-12-31,44.89502762430939
WDI:NE.EXP.GNFS.ZS:MYS,1966-12-31,42.51272991790502
WDI:NE.EXP.GNFS.ZS:MYS,1967-12-31,40.96496619545175
WDI:NE.EXP.GNFS.ZS:MYS,1968-12-31,43.2270720941638
WDI:NE.EXP.GNFS.ZS:MYS,1969-12-31,47.2187555714031
WDI:NE.EXP.GNFS.ZS:MYS,1970-12-31,45.557528108884945
WDI:NE.EXP.GNFS.ZS:MYS,1971-12-31,40.46314164415284
WDI:NE.EXP.GNFS.ZS:MYS,1972-12-31,36.0126582278481
WDI:NE.EXP.GNFS.ZS:MYS,1973-12-31,41.48373658067617
WDI:NE.EXP.GNFS.ZS:MYS,1974-12-31,48.311313325750284
WDI:NE.EXP.GNFS.ZS:MYS,1975-12-31,45.54898799928354
WDI:NE.EXP.GNFS.ZS:MYS,1976-12-31,51.821256898700376
WDI:NE.EXP.GNFS.ZS:MYS,1977-12-31,50.14223871366729
WDI:NE.EXP.GNFS.ZS:MYS,1978-12-31,49.05505991659188
WDI:NE.EXP.GNFS.ZS:MYS,1979-12-31,56.01413062209202
WDI:NE.EXP.GNFS.ZS:MYS,1980-12-31,57.544833796053126
WDI:NE.EXP.GNFS.ZS:MYS,1981-12-31,52.33888184958256
WDI:NE.EXP.GNFS.ZS:MYS,1982-12-31,50.873017140848894
WDI:NE.EXP.GNFS.ZS:MYS,1983-12-31,51.52745443188916
WDI:NE.EXP.GNFS.ZS:MYS,1984-12-31,54.269013199245755
WDI:NE.EXP.GNFS.ZS:MYS,1985-12-31,54.907706208855046
WDI:NE.EXP.GNFS.ZS:MYS,1986-12-31,56.29661703494706
WDI:NE.EXP.GNFS.ZS:MYS,1987-12-31,62.89449343281741
WDI:NE.EXP.GNFS.ZS:MYS,1988-12-31,66.41550286889682
WDI:NE.EXP.GNFS.ZS:MYS,1989-12-31,71.37684946737241
WDI:NE.EXP.GNFS.ZS:MYS,1990-12-31,74.46611970003612
WDI:NE.EXP.GNFS.ZS:MYS,1991-12-31,77.82555282555282
WDI:NE.EXP.GNFS.ZS:MYS,1992-12-31,75.98386004964097
WDI:NE.EXP.GNFS.ZS:MYS,1993-12-31,78.92028758261031
WDI:NE.EXP.GNFS.ZS:MYS,1994-12-31,89.15077688132159
WDI:NE.EXP.GNFS.ZS:MYS,1995-12-31,94.08917037123607
WDI:NE.EXP.GNFS.ZS:MYS,1996-12-31,91.57615121466745
WDI:NE.EXP.GNFS.ZS:MYS,1997-12-31,93.28944800298089
WDI:NE.EXP.GNFS.ZS:MYS,1998-12-31,115.74372535243589
WDI:NE.EXP.GNFS.ZS:MYS,1999-12-31,121.31139365083587
WDI:NE.EXP.GNFS.ZS:MYS,2000-12-31,119.80970872696766
WDI:NE.EXP.GNFS.ZS:MYS,2001-12-31,110.40249135654705
WDI:NE.EXP.GNFS.ZS:MYS,2002-12-31,108.3053027950513
WDI:NE.EXP.GNFS.ZS:MYS,2003-12-31,106.94344614811506
WDI:NE.EXP.GNFS.ZS:MYS,2004-12-31,115.37333772107465
WDI:NE.EXP.GNFS.ZS:MYS,2005-12-31,112.89897677978138
WDI:NE.EXP.GNFS.ZS:MYS,2006-12-31,112.18548084399045
WDI:NE.EXP.GNFS.ZS:MYS,2007-12-31,106.1682748669853
WDI:NE.EXP.GNFS.ZS:MYS,2008-12-31,99.4995772447266
WDI:NE.EXP.GNFS.ZS:MYS,2009-12-31,91.41679186709256
WDI:NE.EXP.GNFS.ZS:MYS,2010-12-31,86.93029506935433
WDI:NE.EXP.GNFS.ZS:MYS,2011-12-31,85.25544210859978
WDI:NE.EXP.GNFS.ZS:MYS,2012-12-31,79.29991392553117
WDI:NE.EXP.GNFS.ZS:MYS,2013-12-31,75.62904103026268
WDI:NE.EXP.GNFS.ZS:MYS,2014-12-31,73.79349862577648
WDI:NE.EXP.GNFS.ZS:MYS,2015-12-31,69.44869089707538
WDI:NE.EXP.GNFS.ZS:MYS,2016-12-31,66.77544545425079
WDI:NE.EXP.GNFS.ZS:MYS,2017-12-31,70.011742508597
WDI:NE.EXP.GNFS.ZS:MYS,2018-12-31,68.55497141968597
WDI:NE.EXP.GNFS.ZS:MYS,2019-12-31,65.27776684285756
WDI:NE.EXP.GNFS.ZS:MYS,2020-12-31,61.577935905434934
WDI:NE.EXP.GNFS.ZS:MYS,2021-12-31,70.63305554933368
WDI:NE.EXP.GNFS.ZS:MYS,2022-12-31,76.80779748258439
WDI:NE.EXP.GNFS.ZS:MYS,2023-12-31,68.6789535653168
WDI:NE.EXP.GNFS.ZS:MYS,2024-12-31,71.3410849829908
WDI:NE.EXP.GNFS.ZS:MYS,2025-12-31,70.9677892986947
WDI:NE.EXP.GNFS.ZS:NAC,1970-12-31,6.808085675117696
WDI:NE.EXP.GNFS.ZS:NAC,1971-12-31,6.641857716171316
WDI:NE.EXP.GNFS.ZS:NAC,1972-12-31,6.824369246113711
WDI:NE.EXP.GNFS.ZS:NAC,1973-12-31,8.048371014446527
WDI:NE.EXP.GNFS.ZS:NAC,1974-12-31,9.698579691002154
WDI:NE.EXP.GNFS.ZS:NAC,1975-12-31,9.532037888062405
WDI:NE.EXP.GNFS.ZS:NAC,1976-12-31,9.357617749360351
WDI:NE.EXP.GNFS.ZS:NAC,1977-12-31,9.058295629203228
WDI:NE.EXP.GNFS.ZS:NAC,1978-12-31,9.37390431973313
WDI:NE.EXP.GNFS.ZS:NAC,1979-12-31,10.264427850055453
WDI:NE.EXP.GNFS.ZS:NAC,1980-12-31,11.391839612169376
WDI:NE.EXP.GNFS.ZS:NAC,1981-12-31,11.006003179374147
WDI:NE.EXP.GNFS.ZS:NAC,1982-12-31,9.920210515835098
WDI:NE.EXP.GNFS.ZS:NAC,1983-12-31,9.121173884068892
WDI:NE.EXP.GNFS.ZS:NAC,1984-12-31,9.160126165441602
WDI:NE.EXP.GNFS.ZS:NAC,1985-12-31,8.598620036062924
WDI:NE.EXP.GNFS.ZS:NAC,1986-12-31,8.546604908853883
WDI:NE.EXP.GNFS.ZS:NAC,1987-12-31,9.02257601201139
WDI:NE.EXP.GNFS.ZS:NAC,1988-12-31,10.05952882697084
WDI:NE.EXP.GNFS.ZS:NAC,1989-12-31,10.422859170596249
WDI:NE.EXP.GNFS.ZS:NAC,1990-12-31,10.705223657895843
WDI:NE.EXP.GNFS.ZS:NAC,1991-12-31,11.003343627544021
WDI:NE.EXP.GNFS.ZS:NAC,1992-12-31,11.099984810656878
WDI:NE.EXP.GNFS.ZS:NAC,1993-12-31,11.086085915880894
WDI:NE.EXP.GNFS.ZS:NAC,1994-12-31,11.594417831216099
WDI:NE.EXP.GNFS.ZS:NAC,1995-12-31,12.525160792134105
WDI:NE.EXP.GNFS.ZS:NAC,1996-12-31,12.67028182800885
WDI:NE.EXP.GNFS.ZS:NAC,1997-12-31,13.050878687221903
WDI:NE.EXP.GNFS.ZS:NAC,1998-12-31,12.458932978556028
WDI:NE.EXP.GNFS.ZS:NAC,1999-12-31,12.399496401994552
WDI:NE.EXP.GNFS.ZS:NAC,2000-12-31,12.977597588975728
WDI:NE.EXP.GNFS.ZS:NAC,2001-12-31,11.82748943335888
WDI:NE.EXP.GNFS.ZS:NAC,2002-12-31,11.15617760542103
WDI:NE.EXP.GNFS.ZS:NAC,2003-12-31,11.065650286298874
WDI:NE.EXP.GNFS.ZS:NAC,2004-12-31,11.789076906756371
WDI:NE.EXP.GNFS.ZS:NAC,2005-12-31,12.213805413995745
WDI:NE.EXP.GNFS.ZS:NAC,2006-12-31,12.813062963354355
WDI:NE.EXP.GNFS.ZS:NAC,2007-12-31,13.57504312102672
WDI:NE.EXP.GNFS.ZS:NAC,2008-12-31,14.530829606509949
WDI:NE.EXP.GNFS.ZS:NAC,2009-12-31,12.469727745904951
WDI:NE.EXP.GNFS.ZS:NAC,2010-12-31,13.988854978040543
WDI:NE.EXP.GNFS.ZS:NAC,2011-12-31,15.341617564701545
WDI:NE.EXP.GNFS.ZS:NAC,2012-12-31,15.345954857948527
WDI:NE.EXP.GNFS.ZS:NAC,2013-12-31,15.251012071128974
WDI:NE.EXP.GNFS.ZS:NAC,2014-12-31,15.260721256042888
WDI:NE.EXP.GNFS.ZS:NAC,2015-12-31,14.010162314222718
WDI:NE.EXP.GNFS.ZS:NAC,2016-12-31,13.446953243117173
WDI:NE.EXP.GNFS.ZS:NAC,2017-12-31,13.771783447777713
WDI:NE.EXP.GNFS.ZS:NAC,2018-12-31,13.92069722633483
WDI:NE.EXP.GNFS.ZS:NAC,2019-12-31,13.433155366503033
WDI:NE.EXP.GNFS.ZS:NAC,2020-12-31,11.62861724486567
WDI:NE.EXP.GNFS.ZS:NAC,2021-12-31,12.5840664345953
WDI:NE.EXP.GNFS.ZS:NAC,2022-12-31,13.541045705091207
WDI:NE.EXP.GNFS.ZS:NAC,2023-12-31,12.6938592608069
WDI:NE.EXP.GNFS.ZS:NAC,2024-12-31,12.532781914827
WDI:NE.EXP.GNFS.ZS:NAM,1980-12-31,70.3881333075794
WDI:NE.EXP.GNFS.ZS:NAM,1981-12-31,56.39046949106184
WDI:NE.EXP.GNFS.ZS:NAM,1982-12-31,52.35731042816232
WDI:NE.EXP.GNFS.ZS:NAM,1983-12-31,45.045961774732454
WDI:NE.EXP.GNFS.ZS:NAM,1984-12-31,45.36662785384236
WDI:NE.EXP.GNFS.ZS:NAM,1985-12-31,51.61649766019455
WDI:NE.EXP.GNFS.ZS:NAM,1986-12-31,56.523776584166626
WDI:NE.EXP.GNFS.ZS:NAM,1987-12-31,46.46928945681622
WDI:NE.EXP.GNFS.ZS:NAM,1988-12-31,46.257587210084125
WDI:NE.EXP.GNFS.ZS:NAM,1989-12-31,49.869931943827766
WDI:NE.EXP.GNFS.ZS:NAM,1990-12-31,43.560472415624716
WDI:NE.EXP.GNFS.ZS:NAM,1991-12-31,43.9971077302683
WDI:NE.EXP.GNFS.ZS:NAM,1992-12-31,43.01489230612696
WDI:NE.EXP.GNFS.ZS:NAM,1993-12-31,46.603611846081655
WDI:NE.EXP.GNFS.ZS:NAM,1994-12-31,44.105578691546626
WDI:NE.EXP.GNFS.ZS:NAM,1995-12-31,44.68876599840287
WDI:NE.EXP.GNFS.ZS:NAM,1996-12-31,45.40465121496805
WDI:NE.EXP.GNFS.ZS:NAM,1997-12-31,42.64598523314157
WDI:NE.EXP.GNFS.ZS:NAM,1998-12-31,41.36994842616365
WDI:NE.EXP.GNFS.ZS:NAM,1999-12-31,41.43037451014772
WDI:NE.EXP.GNFS.ZS:NAM,2000-12-31,40.73615055988702
WDI:NE.EXP.GNFS.ZS:NAM,2001-12-31,41.05594302559544
WDI:NE.EXP.GNFS.ZS:NAM,2002-12-31,46.168900068577656
WDI:NE.EXP.GNFS.ZS:NAM,2003-12-31,43.42944408383318
WDI:NE.EXP.GNFS.ZS:NAM,2004-12-31,39.79794020682104
WDI:NE.EXP.GNFS.ZS:NAM,2005-12-31,40.40857633519113
WDI:NE.EXP.GNFS.ZS:NAM,2006-12-31,45.3668335484121
WDI:NE.EXP.GNFS.ZS:NAM,2007-12-31,49.855201026690665
WDI:NE.EXP.GNFS.ZS:NAM,2008-12-31,53.653435634212364
WDI:NE.EXP.GNFS.ZS:NAM,2009-12-31,51.563174811965176
WDI:NE.EXP.GNFS.ZS:NAM,2010-12-31,48.28195447856374
WDI:NE.EXP.GNFS.ZS:NAM,2011-12-31,45.53978192083277
WDI:NE.EXP.GNFS.ZS:NAM,2012-12-31,40.05833801192203
WDI:NE.EXP.GNFS.ZS:NAM,2013-12-31,37.501984915253836
WDI:NE.EXP.GNFS.ZS:NAM,2014-12-31,39.01708520917796
WDI:NE.EXP.GNFS.ZS:NAM,2015-12-31,35.37084840976368
WDI:NE.EXP.GNFS.ZS:NAM,2016-12-31,35.00946741810226
WDI:NE.EXP.GNFS.ZS:NAM,2017-12-31,33.620804077143184
WDI:NE.EXP.GNFS.ZS:NAM,2018-12-31,35.88256455957033
WDI:NE.EXP.GNFS.ZS:NAM,2019-12-31,36.40088186158184
WDI:NE.EXP.GNFS.ZS:NAM,2020-12-31,33.677868951742305
WDI:NE.EXP.GNFS.ZS:NAM,2021-12-31,31.956410883298776
WDI:NE.EXP.GNFS.ZS:NAM,2022-12-31,40.45847182996255
WDI:NE.EXP.GNFS.ZS:NAM,2023-12-31,43.2846167726677
WDI:NE.EXP.GNFS.ZS:NAM,2024-12-31,41.0651913141848
WDI:NE.EXP.GNFS.ZS:NAM,2025-12-31,44.6767598538623
WDI:NE.EXP.GNFS.ZS:NCL,1990-12-31,18.487623791982895
WDI:NE.EXP.GNFS.ZS:NCL,1991-12-31,16.908919992121557
WDI:NE.EXP.GNFS.ZS:NCL,1992-12-31,13.710483342597726
WDI:NE.EXP.GNFS.ZS:NCL,1993-12-31,13.111149717290788
WDI:NE.EXP.GNFS.ZS:NCL,1994-12-31,13.596176876371219
WDI:NE.EXP.GNFS.ZS:NCL,1995-12-31,15.563809268860426
WDI:NE.EXP.GNFS.ZS:NCL,1996-12-31,15.34627819712386
WDI:NE.EXP.GNFS.ZS:NCL,1997-12-31,16.492012201260188
WDI:NE.EXP.GNFS.ZS:NCL,1998-12-31,15.701910001162917
WDI:NE.EXP.GNFS.ZS:NCL,1999-12-31,18.433917555011007
WDI:NE.EXP.GNFS.ZS:NCL,2000-12-31,22.780880614538273
WDI:NE.EXP.GNFS.ZS:NCL,2001-12-31,18.708795453242935
WDI:NE.EXP.GNFS.ZS:NCL,2002-12-31,18.056043699061608
WDI:NE.EXP.GNFS.ZS:NCL,2003-12-31,20.612272324034006
WDI:NE.EXP.GNFS.ZS:NCL,2004-12-31,21.993687537064144
WDI:NE.EXP.GNFS.ZS:NCL,2005-12-31,21.467195855899458
WDI:NE.EXP.GNFS.ZS:NCL,2006-12-31,23.893128444435423
WDI:NE.EXP.GNFS.ZS:NCL,2007-12-31,27.384724787721265
WDI:NE.EXP.GNFS.ZS:NCL,2008-12-31,18.5542331555049
WDI:NE.EXP.GNFS.ZS:NCL,2009-12-31,15.400656627031816
WDI:NE.EXP.GNFS.ZS:NCL,2010-12-31,20.19947491615386
WDI:NE.EXP.GNFS.ZS:NCL,2011-12-31,20.090824576724795
WDI:NE.EXP.GNFS.ZS:NCL,2012-12-31,17.758536514681
WDI:NE.EXP.GNFS.ZS:NCL,2013-12-31,15.723097366089833
WDI:NE.EXP.GNFS.ZS:NCL,2014-12-31,18.586181087319492
WDI:NE.EXP.GNFS.ZS:NCL,2015-12-31,18.069166288935566
WDI:NE.EXP.GNFS.ZS:NCL,2016-12-31,19.265486386949163
WDI:NE.EXP.GNFS.ZS:NCL,2017-12-31,21.00779809366174
WDI:NE.EXP.GNFS.ZS:NCL,2018-12-31,20.9894073
WDI:NE.EXP.GNFS.ZS:NCL,2019-12-31,18.329363602574258
WDI:NE.EXP.GNFS.ZS:NCL,2020-12-31,18.04516589419091
WDI:NE.EXP.GNFS.ZS:NCL,2021-12-31,14.154621023007282
WDI:NE.EXP.GNFS.ZS:NCL,2022-12-31,15.381977026145147
WDI:NE.EXP.GNFS.ZS:NCL,2023-12-31,16.9373546011132
WDI:NE.EXP.GNFS.ZS:NCL,2024-12-31,11.6947134994698
WDI:NE.EXP.GNFS.ZS:NER,1960-12-31,7.100410731772648
WDI:NE.EXP.GNFS.ZS:NER,1961-12-31,8.121235141433408
WDI:NE.EXP.GNFS.ZS:NER,1962-12-31,9.283574914370586
WDI:NE.EXP.GNFS.ZS:NER,1963-12-31,9.311149974489918
WDI:NE.EXP.GNFS.ZS:NER,1964-12-31,9.266660529850357
WDI:NE.EXP.GNFS.ZS:NER,1965-12-31,9.484851017636183
WDI:NE.EXP.GNFS.ZS:NER,1966-12-31,12.452714365373211
WDI:NE.EXP.GNFS.ZS:NER,1967-12-31,8.42953560931158
WDI:NE.EXP.GNFS.ZS:NER,1968-12-31,7.977598559189662
WDI:NE.EXP.GNFS.ZS:NER,1969-12-31,9.3576559667712
WDI:NE.EXP.GNFS.ZS:NER,1970-12-31,10.772383037558212
WDI:NE.EXP.GNFS.ZS:NER,1971-12-31,12.367839765661492
WDI:NE.EXP.GNFS.ZS:NER,1972-12-31,14.21370631996848
WDI:NE.EXP.GNFS.ZS:NER,1973-12-31,15.514769459451161
WDI:NE.EXP.GNFS.ZS:NER,1974-12-31,12.270563048803085
WDI:NE.EXP.GNFS.ZS:NER,1975-12-31,19.246529376492756
WDI:NE.EXP.GNFS.ZS:NER,1976-12-31,22.263653975686776
WDI:NE.EXP.GNFS.ZS:NER,1977-12-31,19.64259194303172
WDI:NE.EXP.GNFS.ZS:NER,1978-12-31,22.530647872260136
WDI:NE.EXP.GNFS.ZS:NER,1979-12-31,28.541148540586942
WDI:NE.EXP.GNFS.ZS:NER,1980-12-31,24.58422250371728
WDI:NE.EXP.GNFS.ZS:NER,1981-12-31,24.155824162405548
WDI:NE.EXP.GNFS.ZS:NER,1982-12-31,20.97057210168107
WDI:NE.EXP.GNFS.ZS:NER,1983-12-31,20.82492061141418
WDI:NE.EXP.GNFS.ZS:NER,1984-12-31,22.9053264293439
WDI:NE.EXP.GNFS.ZS:NER,1985-12-31,20.68595238044117
WDI:NE.EXP.GNFS.ZS:NER,1986-12-31,20.000424634495424
WDI:NE.EXP.GNFS.ZS:NER,1987-12-31,20.80292186545248
WDI:NE.EXP.GNFS.ZS:NER,1988-12-31,18.299882123371052
WDI:NE.EXP.GNFS.ZS:NER,1989-12-31,16.599714998100595
WDI:NE.EXP.GNFS.ZS:NER,1990-12-31,15.068634965716502
WDI:NE.EXP.GNFS.ZS:NER,1991-12-31,12.017960053767965
WDI:NE.EXP.GNFS.ZS:NER,1992-12-31,11.781664338597892
WDI:NE.EXP.GNFS.ZS:NER,1993-12-31,10.909263387563438
WDI:NE.EXP.GNFS.ZS:NER,1994-12-31,13.141031896276925
WDI:NE.EXP.GNFS.ZS:NER,1995-12-31,14.53805246287331
WDI:NE.EXP.GNFS.ZS:NER,1996-12-31,15.295924461761611
WDI:NE.EXP.GNFS.ZS:NER,1997-12-31,13.537888178313857
WDI:NE.EXP.GNFS.ZS:NER,1998-12-31,13.9700549614385
WDI:NE.EXP.GNFS.ZS:NER,1999-12-31,12.655655587723489
WDI:NE.EXP.GNFS.ZS:NER,2000-12-31,14.339703701563522
WDI:NE.EXP.GNFS.ZS:NER,2001-12-31,13.455813515196832
WDI:NE.EXP.GNFS.ZS:NER,2002-12-31,11.918808047899427
WDI:NE.EXP.GNFS.ZS:NER,2003-12-31,13.27422809735289
WDI:NE.EXP.GNFS.ZS:NER,2004-12-31,14.25856960956115
WDI:NE.EXP.GNFS.ZS:NER,2005-12-31,14.411416011146013
WDI:NE.EXP.GNFS.ZS:NER,2006-12-31,13.870442623181727
WDI:NE.EXP.GNFS.ZS:NER,2007-12-31,13.066538547622883
WDI:NE.EXP.GNFS.ZS:NER,2008-12-31,13.180509596802192
WDI:NE.EXP.GNFS.ZS:NER,2009-12-31,14.977850620896971
WDI:NE.EXP.GNFS.ZS:NER,2010-12-31,16.184414598201933
WDI:NE.EXP.GNFS.ZS:NER,2011-12-31,15.289555437140697
WDI:NE.EXP.GNFS.ZS:NER,2012-12-31,16.10057707195349
WDI:NE.EXP.GNFS.ZS:NER,2013-12-31,16.979033602088524
WDI:NE.EXP.GNFS.ZS:NER,2014-12-31,15.945862927874968
WDI:NE.EXP.GNFS.ZS:NER,2015-12-31,14.268369961936807
WDI:NE.EXP.GNFS.ZS:NER,2016-12-31,12.18333889391577
WDI:NE.EXP.GNFS.ZS:NER,2017-12-31,12.806541214211626
WDI:NE.EXP.GNFS.ZS:NER,2018-12-31,11.295737155056862
WDI:NE.EXP.GNFS.ZS:NER,2019-12-31,10.759376916053167
WDI:NE.EXP.GNFS.ZS:NER,2020-12-31,9.737845606189774
WDI:NE.EXP.GNFS.ZS:NER,2021-12-31,9.99372066917064
WDI:NE.EXP.GNFS.ZS:NER,2022-12-31,26.4030742163666
WDI:NE.EXP.GNFS.ZS:NER,2023-12-31,8.25116486718739
WDI:NE.EXP.GNFS.ZS:NER,2024-12-31,8.99782940205197
WDI:NE.EXP.GNFS.ZS:NER,2025-12-31,15.7618372545511
WDI:NE.EXP.GNFS.ZS:NGA,1960-12-31,9.241530464052156
WDI:NE.EXP.GNFS.ZS:NIC,1960-12-31,23.652970528497658
WDI:NE.EXP.GNFS.ZS:NIC,1961-12-31,23.40189561885157
WDI:NE.EXP.GNFS.ZS:NIC,1962-12-31,26.43155770062447
WDI:NE.EXP.GNFS.ZS:NIC,1963-12-31,28.82429092848831
WDI:NE.EXP.GNFS.ZS:NIC,1964-12-31,28.87396634689376
WDI:NE.EXP.GNFS.ZS:NIC,1965-12-31,29.300518666976338
WDI:NE.EXP.GNFS.ZS:NIC,1966-12-31,27.115170431526032
WDI:NE.EXP.GNFS.ZS:NIC,1967-12-31,26.46189258981612
WDI:NE.EXP.GNFS.ZS:NIC,1968-12-31,26.68486855784431
WDI:NE.EXP.GNFS.ZS:NIC,1969-12-31,24.385958223244614
WDI:NE.EXP.GNFS.ZS:NIC,1970-12-31,26.73240088763695
WDI:NE.EXP.GNFS.ZS:NIC,1971-12-31,26.29968980950002
WDI:NE.EXP.GNFS.ZS:NIC,1972-12-31,35.289251539244475
WDI:NE.EXP.GNFS.ZS:NIC,1973-12-31,28.210319366030838
WDI:NE.EXP.GNFS.ZS:NIC,1974-12-31,29.07488933829922
WDI:NE.EXP.GNFS.ZS:NIC,1975-12-31,28.042757516087462
WDI:NE.EXP.GNFS.ZS:NIC,1976-12-31,32.99472073133558
WDI:NE.EXP.GNFS.ZS:NIC,1977-12-31,32.091333524753374
WDI:NE.EXP.GNFS.ZS:NIC,1978-12-31,34.40969822447654
WDI:NE.EXP.GNFS.ZS:NIC,1979-12-31,42.02458021110149
WDI:NE.EXP.GNFS.ZS:NIC,1980-12-31,24.228800356556373
WDI:NE.EXP.GNFS.ZS:NIC,1981-12-31,22.3441657136051
WDI:NE.EXP.GNFS.ZS:NIC,1982-12-31,15.978821506868545
WDI:NE.EXP.GNFS.ZS:NIC,1983-12-31,19.400305598500292
WDI:NE.EXP.GNFS.ZS:NIC,1984-12-31,16.443038712089443
WDI:NE.EXP.GNFS.ZS:NIC,1985-12-31,14.766199635872523
WDI:NE.EXP.GNFS.ZS:NIC,1986-12-31,12.776313274414608
WDI:NE.EXP.GNFS.ZS:NIC,1987-12-31,11.77068286871626
WDI:NE.EXP.GNFS.ZS:NIC,1988-12-31,17.980878530467958
WDI:NE.EXP.GNFS.ZS:NIC,1989-12-31,32.53701101343181
WDI:NE.EXP.GNFS.ZS:NIC,1990-12-31,24.94835925596425
WDI:NE.EXP.GNFS.ZS:NIC,1991-12-31,21.821984018169985
WDI:NE.EXP.GNFS.ZS:NIC,1992-12-31,17.251227130745203
WDI:NE.EXP.GNFS.ZS:NIC,1993-12-31,20.427926880320015
WDI:NE.EXP.GNFS.ZS:NIC,1994-12-31,13.13987686881245
WDI:NE.EXP.GNFS.ZS:NIC,1995-12-31,16.095086253383908
WDI:NE.EXP.GNFS.ZS:NIC,1996-12-31,16.847358108153713
WDI:NE.EXP.GNFS.ZS:NIC,1997-12-31,19.419545183751357
WDI:NE.EXP.GNFS.ZS:NIC,1998-12-31,19.33444051470713
WDI:NE.EXP.GNFS.ZS:NIC,1999-12-31,18.530279519044843
WDI:NE.EXP.GNFS.ZS:NIC,2000-12-31,20.10816588669311
WDI:NE.EXP.GNFS.ZS:NIC,2001-12-31,19.04191088244933
WDI:NE.EXP.GNFS.ZS:NIC,2002-12-31,18.847135884568154
WDI:NE.EXP.GNFS.ZS:NIC,2003-12-31,20.704998914845003
WDI:NE.EXP.GNFS.ZS:NIC,2004-12-31,23.059855739825615
WDI:NE.EXP.GNFS.ZS:NIC,2005-12-31,24.382130894609396
WDI:NE.EXP.GNFS.ZS:NIC,2006-12-31,31.26662886508562
WDI:NE.EXP.GNFS.ZS:NIC,2007-12-31,33.06357304236737
WDI:NE.EXP.GNFS.ZS:NIC,2008-12-31,34.470462001104835
WDI:NE.EXP.GNFS.ZS:NIC,2009-12-31,33.98149420961393
WDI:NE.EXP.GNFS.ZS:NIC,2010-12-31,40.467115155992886
WDI:NE.EXP.GNFS.ZS:NIC,2011-12-31,45.01697815257632
WDI:NE.EXP.GNFS.ZS:NIC,2012-12-31,47.469175558778225
WDI:NE.EXP.GNFS.ZS:NIC,2013-12-31,45.21426949020644
WDI:NE.EXP.GNFS.ZS:NIC,2014-12-31,45.00807224963403
WDI:NE.EXP.GNFS.ZS:NIC,2015-12-31,40.08377828884117
WDI:NE.EXP.GNFS.ZS:NIC,2016-12-31,38.882026390657906
WDI:NE.EXP.GNFS.ZS:NIC,2017-12-31,41.338969262606035
WDI:NE.EXP.GNFS.ZS:NIC,2018-12-31,42.27714743726655
WDI:NE.EXP.GNFS.ZS:NIC,2019-12-31,44.80442978519247
WDI:NE.EXP.GNFS.ZS:NIC,2020-12-31,41.746100541175494
WDI:NE.EXP.GNFS.ZS:NIC,2021-12-31,46.404243064290505
WDI:NE.EXP.GNFS.ZS:NIC,2022-12-31,49.89577473583092
WDI:NE.EXP.GNFS.ZS:NIC,2023-12-31,45.8658095323572
WDI:NE.EXP.GNFS.ZS:NIC,2024-12-31,40.986351560247
WDI:NE.EXP.GNFS.ZS:NIC,2025-12-31,41.5934723818613
WDI:NE.EXP.GNFS.ZS:NLD,1969-12-31,41.38887029020138
WDI:NE.EXP.GNFS.ZS:NLD,1970-12-31,43.497589497132985
WDI:NE.EXP.GNFS.ZS:NLD,1971-12-31,43.76369188156175
WDI:NE.EXP.GNFS.ZS:NLD,1972-12-31,43.72062428550852
WDI:NE.EXP.GNFS.ZS:NLD,1973-12-31,45.78820967643276
WDI:NE.EXP.GNFS.ZS:NLD,1974-12-31,50.79633158446726
WDI:NE.EXP.GNFS.ZS:NLD,1975-12-31,47.88030391838721
WDI:NE.EXP.GNFS.ZS:NLD,1976-12-31,48.95593541001355
WDI:NE.EXP.GNFS.ZS:NLD,1977-12-31,46.322722559048856
WDI:NE.EXP.GNFS.ZS:NLD,1978-12-31,44.226144407150706
WDI:NE.EXP.GNFS.ZS:NLD,1979-12-31,48.25520432056989
WDI:NE.EXP.GNFS.ZS:NLD,1980-12-31,50.8356365663113
WDI:NE.EXP.GNFS.ZS:NLD,1981-12-31,55.34528350441698
WDI:NE.EXP.GNFS.ZS:NLD,1982-12-31,55.35598256040445
WDI:NE.EXP.GNFS.ZS:NLD,1983-12-31,55.04139683302597
WDI:NE.EXP.GNFS.ZS:NLD,1984-12-31,58.87911155545132
WDI:NE.EXP.GNFS.ZS:NLD,1985-12-31,60.397751327690244
WDI:NE.EXP.GNFS.ZS:NLD,1986-12-31,51.203899142193364
WDI:NE.EXP.GNFS.ZS:NLD,1987-12-31,49.85781419140446
WDI:NE.EXP.GNFS.ZS:NLD,1988-12-31,52.163152244118606
WDI:NE.EXP.GNFS.ZS:NLD,1989-12-31,55.48500954219043
WDI:NE.EXP.GNFS.ZS:NLD,1990-12-31,54.86265493044231
WDI:NE.EXP.GNFS.ZS:NLD,1991-12-31,55.56263801538242
WDI:NE.EXP.GNFS.ZS:NLD,1992-12-31,53.815429500577594
WDI:NE.EXP.GNFS.ZS:NLD,1993-12-31,53.045153078904896
WDI:NE.EXP.GNFS.ZS:NLD,1994-12-31,55.186201782778745
WDI:NE.EXP.GNFS.ZS:NLD,1995-12-31,57.6919813836234
WDI:NE.EXP.GNFS.ZS:NLD,1996-12-31,57.79814653924124
WDI:NE.EXP.GNFS.ZS:NLD,1997-12-31,60.765838878969866
WDI:NE.EXP.GNFS.ZS:NLD,1998-12-31,59.67723553144446
WDI:NE.EXP.GNFS.ZS:NLD,1999-12-31,60.29589925334945
WDI:NE.EXP.GNFS.ZS:NLD,2000-12-31,66.44294114655091
WDI:NE.EXP.GNFS.ZS:NLD,2001-12-31,63.37254447230614
WDI:NE.EXP.GNFS.ZS:NLD,2002-12-31,60.10487153535189
WDI:NE.EXP.GNFS.ZS:NLD,2003-12-31,59.23934892338527
WDI:NE.EXP.GNFS.ZS:NLD,2004-12-31,62.5959181523516
WDI:NE.EXP.GNFS.ZS:NLD,2005-12-31,65.58589244325846
WDI:NE.EXP.GNFS.ZS:NLD,2006-12-31,68.14572963550567
WDI:NE.EXP.GNFS.ZS:NLD,2007-12-31,68.71004777006142
WDI:NE.EXP.GNFS.ZS:NLD,2008-12-31,69.6056649864348
WDI:NE.EXP.GNFS.ZS:NLD,2009-12-31,61.601814105015606
WDI:NE.EXP.GNFS.ZS:NLD,2010-12-31,69.28736497351568
WDI:NE.EXP.GNFS.ZS:NLD,2011-12-31,75.17518707708535
WDI:NE.EXP.GNFS.ZS:NLD,2012-12-31,79.57559036935305
WDI:NE.EXP.GNFS.ZS:NLD,2013-12-31,80.3711722486241
WDI:NE.EXP.GNFS.ZS:NLD,2014-12-31,81.38226153689729
WDI:NE.EXP.GNFS.ZS:NLD,2015-12-31,83.99184753459434
WDI:NE.EXP.GNFS.ZS:NLD,2016-12-31,80.9095011629118
WDI:NE.EXP.GNFS.ZS:NLD,2017-12-31,85.17954721313265
WDI:NE.EXP.GNFS.ZS:NLD,2018-12-31,87.05645944926347
WDI:NE.EXP.GNFS.ZS:NLD,2019-12-31,85.32093949265276
WDI:NE.EXP.GNFS.ZS:NLD,2020-12-31,81.24152594789966
WDI:NE.EXP.GNFS.ZS:NLD,2021-12-31,86.45000280410521
WDI:NE.EXP.GNFS.ZS:NLD,2022-12-31,96.44362158137288
WDI:NE.EXP.GNFS.ZS:NLD,2023-12-31,87.4860612893795
WDI:NE.EXP.GNFS.ZS:NLD,2024-12-31,82.4976839942829
WDI:NE.EXP.GNFS.ZS:NLD,2025-12-31,80.6693413415314
WDI:NE.EXP.GNFS.ZS:NOR,1970-12-31,35.169889653665464
WDI:NE.EXP.GNFS.ZS:NOR,1971-12-31,33.58212581513552
WDI:NE.EXP.GNFS.ZS:NOR,1972-12-31,33.860023434357565
WDI:NE.EXP.GNFS.ZS:NOR,1973-12-31,36.34320546764362
WDI:NE.EXP.GNFS.ZS:NOR,1974-12-31,38.71351717992539
WDI:NE.EXP.GNFS.ZS:NOR,1975-12-31,35.242567602953756
WDI:NE.EXP.GNFS.ZS:NOR,1976-12-31,35.20362636970411
WDI:NE.EXP.GNFS.ZS:NOR,1977-12-31,33.55055935701097
WDI:NE.EXP.GNFS.ZS:NOR,1978-12-31,35.43403297428727
WDI:NE.EXP.GNFS.ZS:NOR,1979-12-31,38.492271441685524
WDI:NE.EXP.GNFS.ZS:NOR,1980-12-31,41.92925075169898
WDI:NE.EXP.GNFS.ZS:NOR,1981-12-31,42.059597877335875
WDI:NE.EXP.GNFS.ZS:NOR,1982-12-31,40.451864218141345
WDI:NE.EXP.GNFS.ZS:NOR,1983-12-31,40.753952457095075
WDI:NE.EXP.GNFS.ZS:NOR,1984-12-31,41.57943161311468
WDI:NE.EXP.GNFS.ZS:NOR,1985-12-31,41.33111190927486
WDI:NE.EXP.GNFS.ZS:NOR,1986-12-31,33.04365608545622
WDI:NE.EXP.GNFS.ZS:NOR,1987-12-31,31.22918878391618
WDI:NE.EXP.GNFS.ZS:NOR,1988-12-31,31.71119918564519
WDI:NE.EXP.GNFS.ZS:NOR,1989-12-31,36.43280894563641
WDI:NE.EXP.GNFS.ZS:NOR,1990-12-31,38.72797758517912
WDI:NE.EXP.GNFS.ZS:NOR,1991-12-31,38.58967430169082
WDI:NE.EXP.GNFS.ZS:NOR,1992-12-31,36.59605973732402
WDI:NE.EXP.GNFS.ZS:NOR,1993-12-31,36.693550744037005
WDI:NE.EXP.GNFS.ZS:NOR,1994-12-31,36.74404452756336
WDI:NE.EXP.GNFS.ZS:NOR,1995-12-31,36.61873999364577
WDI:NE.EXP.GNFS.ZS:NOR,1996-12-31,39.43244914058589
WDI:NE.EXP.GNFS.ZS:NOR,1997-12-31,40.03601030367813
WDI:NE.EXP.GNFS.ZS:NOR,1998-12-31,36.7545972571568
WDI:NE.EXP.GNFS.ZS:NOR,1999-12-31,38.38659321275079
WDI:NE.EXP.GNFS.ZS:NOR,2000-12-31,45.61277608585598
WDI:NE.EXP.GNFS.ZS:NOR,2001-12-31,44.98515358318206
WDI:NE.EXP.GNFS.ZS:NOR,2002-12-31,40.4688823606507
WDI:NE.EXP.GNFS.ZS:NOR,2003-12-31,39.672309809463115
WDI:NE.EXP.GNFS.ZS:NOR,2004-12-31,41.11014734445002
WDI:NE.EXP.GNFS.ZS:NOR,2005-12-31,43.44205941101742
WDI:NE.EXP.GNFS.ZS:NOR,2006-12-31,44.537323736971715
WDI:NE.EXP.GNFS.ZS:NOR,2007-12-31,42.9575531295574
WDI:NE.EXP.GNFS.ZS:NOR,2008-12-31,46.21810089869515
WDI:NE.EXP.GNFS.ZS:NOR,2009-12-31,39.81014972259021
WDI:NE.EXP.GNFS.ZS:NOR,2010-12-31,40.15032907274298
WDI:NE.EXP.GNFS.ZS:NOR,2011-12-31,41.66126617434106
WDI:NE.EXP.GNFS.ZS:NOR,2012-12-31,41.28706485440226
WDI:NE.EXP.GNFS.ZS:NOR,2013-12-31,39.861309534403226
WDI:NE.EXP.GNFS.ZS:NOR,2014-12-31,39.72767204254824
WDI:NE.EXP.GNFS.ZS:NOR,2015-12-31,38.575188734971725
WDI:NE.EXP.GNFS.ZS:NOR,2016-12-31,35.93817142618745
WDI:NE.EXP.GNFS.ZS:NOR,2017-12-31,36.7322649944946
WDI:NE.EXP.GNFS.ZS:NOR,2018-12-31,38.221027288351635
WDI:NE.EXP.GNFS.ZS:NOR,2019-12-31,36.64092532062696
WDI:NE.EXP.GNFS.ZS:NOR,2020-12-31,32.210337779767876
WDI:NE.EXP.GNFS.ZS:NOR,2021-12-31,43.036301920636575
WDI:NE.EXP.GNFS.ZS:NOR,2022-12-31,55.49982077149368
WDI:NE.EXP.GNFS.ZS:NOR,2023-12-31,46.4049617701132
WDI:NE.EXP.GNFS.ZS:NOR,2024-12-31,46.3794958458439
WDI:NE.EXP.GNFS.ZS:NOR,2025-12-31,45.3729560131418
WDI:NE.EXP.GNFS.ZS:NPL,1965-12-31,7.76508403722035
WDI:NE.EXP.GNFS.ZS:NPL,1966-12-31,5.644810952531164
WDI:NE.EXP.GNFS.ZS:NPL,1967-12-31,6.874512753320144
WDI:NE.EXP.GNFS.ZS:NPL,1968-12-31,6.845113429663644
WDI:NE.EXP.GNFS.ZS:NPL,1969-12-31,7.01314974343331
WDI:NE.EXP.GNFS.ZS:NPL,1970-12-31,4.90419708029197
WDI:NE.EXP.GNFS.ZS:NPL,1971-12-31,5.403893246637134
WDI:NE.EXP.GNFS.ZS:NPL,1972-12-31,5.661104999089401
WDI:NE.EXP.GNFS.ZS:NPL,1973-12-31,6.610492261591243
WDI:NE.EXP.GNFS.ZS:NPL,1974-12-31,5.449719138418143
WDI:NE.EXP.GNFS.ZS:NPL,1975-12-31,8.901092980521309
WDI:NE.EXP.GNFS.ZS:NPL,1976-12-31,10.77383011828119
WDI:NE.EXP.GNFS.ZS:NPL,1977-12-31,11.788193865740741
WDI:NE.EXP.GNFS.ZS:NPL,1978-12-31,10.571659818704244
WDI:NE.EXP.GNFS.ZS:NPL,1979-12-31,11.784829566577406
WDI:NE.EXP.GNFS.ZS:NPL,1980-12-31,11.541262538703375
WDI:NE.EXP.GNFS.ZS:NPL,1981-12-31,12.901454300373198
WDI:NE.EXP.GNFS.ZS:NPL,1982-12-31,11.591584138158877
WDI:NE.EXP.GNFS.ZS:NPL,1983-12-31,10.231042950236967
WDI:NE.EXP.GNFS.ZS:NPL,1984-12-31,10.652450103762504
WDI:NE.EXP.GNFS.ZS:NPL,1985-12-31,11.529214356244365
WDI:NE.EXP.GNFS.ZS:NPL,1986-12-31,11.662299906682936
WDI:NE.EXP.GNFS.ZS:NPL,1987-12-31,11.813275084554679
WDI:NE.EXP.GNFS.ZS:NPL,1988-12-31,11.447169271578291
WDI:NE.EXP.GNFS.ZS:NPL,1989-12-31,11.067604655591527
WDI:NE.EXP.GNFS.ZS:NPL,1990-12-31,10.527309120445578
WDI:NE.EXP.GNFS.ZS:NPL,1991-12-31,11.49075128633856
WDI:NE.EXP.GNFS.ZS:NPL,1992-12-31,15.959726129297563
WDI:NE.EXP.GNFS.ZS:NPL,1993-12-31,18.432964105599893
WDI:NE.EXP.GNFS.ZS:NPL,1994-12-31,18.99393793408005
WDI:NE.EXP.GNFS.ZS:NPL,1995-12-31,24.973158982548192
WDI:NE.EXP.GNFS.ZS:NPL,1996-12-31,22.817575136694344
WDI:NE.EXP.GNFS.ZS:NPL,1997-12-31,26.3278350735973
WDI:NE.EXP.GNFS.ZS:NPL,1998-12-31,22.822051222390265
WDI:NE.EXP.GNFS.ZS:NPL,1999-12-31,22.848472090657125
WDI:NE.EXP.GNFS.ZS:NPL,2000-12-31,23.28400371026225
WDI:NE.EXP.GNFS.ZS:NPL,2001-12-31,22.560773718946585
WDI:NE.EXP.GNFS.ZS:NPL,2002-12-31,17.73712952422825
WDI:NE.EXP.GNFS.ZS:NPL,2003-12-31,15.699864494515786
WDI:NE.EXP.GNFS.ZS:NPL,2004-12-31,16.682695263521683
WDI:NE.EXP.GNFS.ZS:NPL,2005-12-31,14.583686792939405
WDI:NE.EXP.GNFS.ZS:NPL,2006-12-31,13.446590957736316
WDI:NE.EXP.GNFS.ZS:NPL,2007-12-31,12.85566487640607
WDI:NE.EXP.GNFS.ZS:NPL,2008-12-31,12.775820258000289
WDI:NE.EXP.GNFS.ZS:NPL,2009-12-31,12.419354185892143
WDI:NE.EXP.GNFS.ZS:NPL,2010-12-31,9.582536171982287
WDI:NE.EXP.GNFS.ZS:NPL,2011-12-31,7.806135679875971
WDI:NE.EXP.GNFS.ZS:NPL,2012-12-31,8.75029128721577
WDI:NE.EXP.GNFS.ZS:NPL,2013-12-31,9.294658677614496
WDI:NE.EXP.GNFS.ZS:NPL,2014-12-31,10.12404211815503
WDI:NE.EXP.GNFS.ZS:NPL,2015-12-31,10.214588593014561
WDI:NE.EXP.GNFS.ZS:NPL,2016-12-31,8.1795780409177
WDI:NE.EXP.GNFS.ZS:NPL,2017-12-31,7.812188654947207
WDI:NE.EXP.GNFS.ZS:NPL,2018-12-31,7.815641021787541
WDI:NE.EXP.GNFS.ZS:NPL,2019-12-31,7.779936474515697
WDI:NE.EXP.GNFS.ZS:NPL,2020-12-31,6.805298354641123
WDI:NE.EXP.GNFS.ZS:NPL,2021-12-31,5.119171484927978
WDI:NE.EXP.GNFS.ZS:NPL,2022-12-31,6.702390865892359
WDI:NE.EXP.GNFS.ZS:NPL,2023-12-31,7.00596728086136
WDI:NE.EXP.GNFS.ZS:NPL,2024-12-31,7.55423347172655
WDI:NE.EXP.GNFS.ZS:NPL,2025-12-31,8.82763359925247
WDI:NE.EXP.GNFS.ZS:NRU,2008-12-31,90.47619047619048
WDI:NE.EXP.GNFS.ZS:NRU,2009-12-31,83.33333333333334
WDI:NE.EXP.GNFS.ZS:NRU,2010-12-31,51.85185185185185
WDI:NE.EXP.GNFS.ZS:NRU,2011-12-31,62.121212121212125
WDI:NE.EXP.GNFS.ZS:NRU,2012-12-31,68.36734693877551
WDI:NE.EXP.GNFS.ZS:NRU,2013-12-31,101.08695652173914
WDI:NE.EXP.GNFS.ZS:NRU,2014-12-31,99.07407407407408
WDI:NE.EXP.GNFS.ZS:NRU,2015-12-31,71.56862745098039
WDI:NE.EXP.GNFS.ZS:NRU,2016-12-31,72.38805970149254
WDI:NE.EXP.GNFS.ZS:NRU,2017-12-31,60.0
WDI:NE.EXP.GNFS.ZS:NRU,2018-12-31,54.7115976331361
WDI:NE.EXP.GNFS.ZS:NRU,2019-12-31,60.39502857142857
WDI:NE.EXP.GNFS.ZS:NRU,2020-12-31,43.58360215053764
WDI:NE.EXP.GNFS.ZS:NRU,2021-12-31,30.818
WDI:NE.EXP.GNFS.ZS:NRU,2022-12-31,53.81047619047619
WDI:NE.EXP.GNFS.ZS:NRU,2023-12-31,40.8333333333333
WDI:NE.EXP.GNFS.ZS:NRU,2024-12-31,53.515625
WDI:NE.EXP.GNFS.ZS:NRU,2025-12-31,61.7647058823529
WDI:NE.EXP.GNFS.ZS:NZL,1970-12-31,22.087281803250594
WDI:NE.EXP.GNFS.ZS:NZL,1971-12-31,22.494529540481402
WDI:NE.EXP.GNFS.ZS:NZL,1972-12-31,24.453760162601625
WDI:NE.EXP.GNFS.ZS:NZL,1973-12-31,24.008259971742202
WDI:NE.EXP.GNFS.ZS:NZL,1974-12-31,20.623145400593472
WDI:NE.EXP.GNFS.ZS:NZL,1975-12-31,23.10326659641728
WDI:NE.EXP.GNFS.ZS:NZL,1976-12-31,26.682898882841595
WDI:NE.EXP.GNFS.ZS:NZL,1977-12-31,26.145879946301857
WDI:NE.EXP.GNFS.ZS:NZL,1978-12-31,26.644106034968978
WDI:NE.EXP.GNFS.ZS:NZL,1979-12-31,28.628720525705447
WDI:NE.EXP.GNFS.ZS:NZL,1980-12-31,28.805115004566968
WDI:NE.EXP.GNFS.ZS:NZL,1981-12-31,27.925531914893615
WDI:NE.EXP.GNFS.ZS:NZL,1982-12-31,27.735246247513412
WDI:NE.EXP.GNFS.ZS:NZL,1983-12-31,28.408445754143123
WDI:NE.EXP.GNFS.ZS:NZL,1984-12-31,31.810458298432454
WDI:NE.EXP.GNFS.ZS:NZL,1985-12-31,29.304234284648384
WDI:NE.EXP.GNFS.ZS:NZL,1986-12-31,26.637102479595537
WDI:NE.EXP.GNFS.ZS:NZL,1987-12-31,26.122217452627705
WDI:NE.EXP.GNFS.ZS:NZL,1988-12-31,26.193022227925344
WDI:NE.EXP.GNFS.ZS:NZL,1989-12-31,26.350185953754107
WDI:NE.EXP.GNFS.ZS:NZL,1990-12-31,26.7618584733406
WDI:NE.EXP.GNFS.ZS:NZL,1991-12-31,29.161346374083486
WDI:NE.EXP.GNFS.ZS:NZL,1992-12-31,31.19167677283462
WDI:NE.EXP.GNFS.ZS:NZL,1993-12-31,30.602423884126516
WDI:NE.EXP.GNFS.ZS:NZL,1994-12-31,30.77814569536424
WDI:NE.EXP.GNFS.ZS:NZL,1995-12-31,29.39336630782659
WDI:NE.EXP.GNFS.ZS:NZL,1996-12-31,28.34887884392835
WDI:NE.EXP.GNFS.ZS:NZL,1997-12-31,28.320373992272096
WDI:NE.EXP.GNFS.ZS:NZL,1998-12-31,29.61732162582143
WDI:NE.EXP.GNFS.ZS:NZL,1999-12-31,30.95055153715038
WDI:NE.EXP.GNFS.ZS:NZL,2000-12-31,35.74545849014094
WDI:NE.EXP.GNFS.ZS:NZL,2001-12-31,35.43103984088508
WDI:NE.EXP.GNFS.ZS:NZL,2002-12-31,32.847071703863705
WDI:NE.EXP.GNFS.ZS:NZL,2003-12-31,29.839725401724543
WDI:NE.EXP.GNFS.ZS:NZL,2004-12-31,29.543410606952687
WDI:NE.EXP.GNFS.ZS:NZL,2005-12-31,28.285165432038152
WDI:NE.EXP.GNFS.ZS:NZL,2006-12-31,29.608613753168534
WDI:NE.EXP.GNFS.ZS:NZL,2007-12-31,29.273113947919626
WDI:NE.EXP.GNFS.ZS:NZL,2008-12-31,32.00520435522358
WDI:NE.EXP.GNFS.ZS:NZL,2009-12-31,28.665458410132928
WDI:NE.EXP.GNFS.ZS:NZL,2010-12-31,30.19729613060199
WDI:NE.EXP.GNFS.ZS:NZL,2011-12-31,30.36010690673794
WDI:NE.EXP.GNFS.ZS:NZL,2012-12-31,28.80151978194433
WDI:NE.EXP.GNFS.ZS:NZL,2013-12-31,28.797623238680757
WDI:NE.EXP.GNFS.ZS:NZL,2014-12-31,27.954404179205245
WDI:NE.EXP.GNFS.ZS:NZL,2015-12-31,27.933747833266164
WDI:NE.EXP.GNFS.ZS:NZL,2016-12-31,26.611374320349572
WDI:NE.EXP.GNFS.ZS:NZL,2017-12-31,27.563441658418565
WDI:NE.EXP.GNFS.ZS:NZL,2018-12-31,27.865615228446277
WDI:NE.EXP.GNFS.ZS:NZL,2019-12-31,27.329834187500197
WDI:NE.EXP.GNFS.ZS:NZL,2020-12-31,21.69714828434357
WDI:NE.EXP.GNFS.ZS:NZL,2021-12-31,22.30988598450459
WDI:NE.EXP.GNFS.ZS:NZL,2022-12-31,24.04738731916559
WDI:NE.EXP.GNFS.ZS:NZL,2023-12-31,23.6303100710205
WDI:NE.EXP.GNFS.ZS:NZL,2024-12-31,24.7052588214056
WDI:NE.EXP.GNFS.ZS:OED,1970-12-31,12.503726146881732
WDI:NE.EXP.GNFS.ZS:OED,1971-12-31,12.605473466231127
WDI:NE.EXP.GNFS.ZS:OED,1972-12-31,12.83810354814997
WDI:NE.EXP.GNFS.ZS:OED,1973-12-31,14.146661186064549
WDI:NE.EXP.GNFS.ZS:OED,1974-12-31,16.575383766162354
WDI:NE.EXP.GNFS.ZS:OED,1975-12-31,15.940124586943504
WDI:NE.EXP.GNFS.ZS:OED,1976-12-31,16.246373250763366
WDI:NE.EXP.GNFS.ZS:OED,1977-12-31,16.3749738398927
WDI:NE.EXP.GNFS.ZS:OED,1978-12-31,16.298998901396526
WDI:NE.EXP.GNFS.ZS:OED,1979-12-31,17.290501925085294
WDI:NE.EXP.GNFS.ZS:OED,1980-12-31,18.36031582113702
WDI:NE.EXP.GNFS.ZS:OED,1981-12-31,18.0302305599727
WDI:NE.EXP.GNFS.ZS:OED,1982-12-31,17.427146529879188
WDI:NE.EXP.GNFS.ZS:OED,1983-12-31,16.765182019691697
WDI:NE.EXP.GNFS.ZS:OED,1984-12-31,17.03516643626267
WDI:NE.EXP.GNFS.ZS:OED,1985-12-31,16.637952349266307
WDI:NE.EXP.GNFS.ZS:OED,1986-12-31,15.978571716107373
WDI:NE.EXP.GNFS.ZS:OED,1987-12-31,16.216806647394083
WDI:NE.EXP.GNFS.ZS:OED,1988-12-31,16.55130886440713
WDI:NE.EXP.GNFS.ZS:OED,1989-12-31,17.024346711935262
WDI:NE.EXP.GNFS.ZS:OED,1990-12-31,17.588160504955933
WDI:NE.EXP.GNFS.ZS:OED,1991-12-31,17.33437733418474
WDI:NE.EXP.GNFS.ZS:OED,1992-12-31,17.315618048366805
WDI:NE.EXP.GNFS.ZS:OED,1993-12-31,16.65357083623407
WDI:NE.EXP.GNFS.ZS:OED,1994-12-31,17.372075881043013
WDI:NE.EXP.GNFS.ZS:OED,1995-12-31,18.677982960643586
WDI:NE.EXP.GNFS.ZS:OED,1996-12-31,19.2292108536459
WDI:NE.EXP.GNFS.ZS:OED,1997-12-31,20.128186748406137
WDI:NE.EXP.GNFS.ZS:OED,1998-12-31,20.24872815399664
WDI:NE.EXP.GNFS.ZS:OED,1999-12-31,19.817628512064292
WDI:NE.EXP.GNFS.ZS:OED,2000-12-31,20.868091187944728
WDI:NE.EXP.GNFS.ZS:OED,2001-12-31,20.45208795603288
WDI:NE.EXP.GNFS.ZS:OED,2002-12-31,20.357880875881985
WDI:NE.EXP.GNFS.ZS:OED,2003-12-31,20.8492784257828
WDI:NE.EXP.GNFS.ZS:OED,2004-12-31,22.339646725312843
WDI:NE.EXP.GNFS.ZS:OED,2005-12-31,23.202174776706322
WDI:NE.EXP.GNFS.ZS:OED,2006-12-31,24.755018193364904
WDI:NE.EXP.GNFS.ZS:OED,2007-12-31,26.047840818561312
WDI:NE.EXP.GNFS.ZS:OED,2008-12-31,27.231635184375712
WDI:NE.EXP.GNFS.ZS:OED,2009-12-31,23.596613330012595
WDI:NE.EXP.GNFS.ZS:OED,2010-12-31,25.71262602680036
WDI:NE.EXP.GNFS.ZS:OED,2011-12-31,27.73521555484476
WDI:NE.EXP.GNFS.ZS:OED,2012-12-31,27.623019723698555
WDI:NE.EXP.GNFS.ZS:OED,2013-12-31,28.057588816215134
WDI:NE.EXP.GNFS.ZS:OED,2014-12-31,28.274998640118458
WDI:NE.EXP.GNFS.ZS:OED,2015-12-31,27.155257455401998
WDI:NE.EXP.GNFS.ZS:OED,2016-12-31,26.550150959453973
WDI:NE.EXP.GNFS.ZS:OED,2017-12-31,27.68066918702532
WDI:NE.EXP.GNFS.ZS:OED,2018-12-31,28.4617008060623
WDI:NE.EXP.GNFS.ZS:OED,2019-12-31,27.868202200716365
WDI:NE.EXP.GNFS.ZS:OED,2020-12-31,25.767518766354
WDI:NE.EXP.GNFS.ZS:OED,2021-12-31,28.114954163741302
WDI:NE.EXP.GNFS.ZS:OED,2022-12-31,30.571410870324918
WDI:NE.EXP.GNFS.ZS:OED,2023-12-31,28.6304153484134
WDI:NE.EXP.GNFS.ZS:OED,2024-12-31,28.1528983229875
WDI:NE.EXP.GNFS.ZS:OED,2025-12-31,28.2538396080872
WDI:NE.EXP.GNFS.ZS:OMN,1967-12-31,33.76288659793815
WDI:NE.EXP.GNFS.ZS:OMN,1968-12-31,70.13977128335452
WDI:NE.EXP.GNFS.ZS:OMN,1969-12-31,74.6
WDI:NE.EXP.GNFS.ZS:OMN,1970-12-31,73.68913857677903
WDI:NE.EXP.GNFS.ZS:OMN,1971-12-31,65.78737010391687
WDI:NE.EXP.GNFS.ZS:OMN,1972-12-31,59.375
WDI:NE.EXP.GNFS.ZS:OMN,1973-12-31,67.82762691853601
WDI:NE.EXP.GNFS.ZS:OMN,1974-12-31,73.72035180299032
WDI:NE.EXP.GNFS.ZS:OMN,1975-12-31,67.55039596111516
WDI:NE.EXP.GNFS.ZS:OMN,1976-12-31,62.3317878548004
WDI:NE.EXP.GNFS.ZS:OMN,1977-12-31,58.30164149750301
WDI:NE.EXP.GNFS.ZS:OMN,1978-12-31,58.320120621223396
WDI:NE.EXP.GNFS.ZS:OMN,1979-12-31,61.062419542458315
WDI:NE.EXP.GNFS.ZS:OMN,1980-12-31,62.6591113692464
WDI:NE.EXP.GNFS.ZS:OMN,1981-12-31,64.68711104825465
WDI:NE.EXP.GNFS.ZS:OMN,1982-12-31,58.54602366268017
WDI:NE.EXP.GNFS.ZS:OMN,1983-12-31,53.65159508199552
WDI:NE.EXP.GNFS.ZS:OMN,1984-12-31,50.280613082149074
WDI:NE.EXP.GNFS.ZS:OMN,1985-12-31,49.827832108215866
WDI:NE.EXP.GNFS.ZS:OMN,1986-12-31,39.246522527557545
WDI:NE.EXP.GNFS.ZS:OMN,1987-12-31,48.87793996397216
WDI:NE.EXP.GNFS.ZS:OMN,1988-12-31,40.00620251201737
WDI:NE.EXP.GNFS.ZS:OMN,1990-12-31,41.44358904216656
WDI:NE.EXP.GNFS.ZS:OMN,1991-12-31,37.78864931247609
WDI:NE.EXP.GNFS.ZS:OMN,1992-12-31,39.24013495672583
WDI:NE.EXP.GNFS.ZS:OMN,1993-12-31,37.79516046494627
WDI:NE.EXP.GNFS.ZS:OMN,1994-12-31,37.73418168964298
WDI:NE.EXP.GNFS.ZS:OMN,1995-12-31,38.64222854496129
WDI:NE.EXP.GNFS.ZS:OMN,1996-12-31,43.71478531183213
WDI:NE.EXP.GNFS.ZS:OMN,1997-12-31,43.913902224528925
WDI:NE.EXP.GNFS.ZS:OMN,1998-12-31,36.82930782946993
WDI:NE.EXP.GNFS.ZS:OMN,1999-12-31,42.89235346449458
WDI:NE.EXP.GNFS.ZS:OMN,2000-12-31,52.88124503435062
WDI:NE.EXP.GNFS.ZS:OMN,2001-12-31,52.06076293320528
WDI:NE.EXP.GNFS.ZS:OMN,2002-12-31,51.078512070540214
WDI:NE.EXP.GNFS.ZS:OMN,2003-12-31,49.84174719508733
WDI:NE.EXP.GNFS.ZS:OMN,2004-12-31,49.76309832565045
WDI:NE.EXP.GNFS.ZS:OMN,2005-12-31,55.29430722803317
WDI:NE.EXP.GNFS.ZS:OMN,2006-12-31,53.78380194366903
WDI:NE.EXP.GNFS.ZS:OMN,2007-12-31,54.6159437848316
WDI:NE.EXP.GNFS.ZS:OMN,2008-12-31,56.673087455616454
WDI:NE.EXP.GNFS.ZS:OMN,2009-12-31,52.79029739096993
WDI:NE.EXP.GNFS.ZS:OMN,2010-12-31,59.09563825530212
WDI:NE.EXP.GNFS.ZS:OMN,2011-12-31,63.917470417279134
WDI:NE.EXP.GNFS.ZS:OMN,2012-12-31,62.72185475784544
WDI:NE.EXP.GNFS.ZS:OMN,2013-12-31,66.0316248510717
WDI:NE.EXP.GNFS.ZS:OMN,2014-12-31,61.44017866160908
WDI:NE.EXP.GNFS.ZS:OMN,2015-12-31,49.65256093813503
WDI:NE.EXP.GNFS.ZS:OMN,2016-12-31,41.31962474469484
WDI:NE.EXP.GNFS.ZS:OMN,2017-12-31,45.71654647564765
WDI:NE.EXP.GNFS.ZS:OMN,2018-12-31,50.62244201909959
WDI:NE.EXP.GNFS.ZS:OMN,2019-12-31,49.49290300477858
WDI:NE.EXP.GNFS.ZS:OMN,2020-12-31,47.05487336914812
WDI:NE.EXP.GNFS.ZS:OMN,2021-12-31,53.329759351918035
WDI:NE.EXP.GNFS.ZS:OMN,2022-12-31,63.25050191295125
WDI:NE.EXP.GNFS.ZS:OMN,2023-12-31,61.5843427989208
WDI:NE.EXP.GNFS.ZS:OMN,2024-12-31,66.072566156431
WDI:NE.EXP.GNFS.ZS:OSS,1993-12-31,47.82618072602738
WDI:NE.EXP.GNFS.ZS:OSS,1994-12-31,48.79406629371311
WDI:NE.EXP.GNFS.ZS:OSS,1995-12-31,54.84005545964664
WDI:NE.EXP.GNFS.ZS:OSS,1996-12-31,56.15291696655823
WDI:NE.EXP.GNFS.ZS:OSS,1997-12-31,55.82173315191228
WDI:NE.EXP.GNFS.ZS:OSS,1998-12-31,57.09188213101791
WDI:NE.EXP.GNFS.ZS:OSS,1999-12-31,56.557036057476274
WDI:NE.EXP.GNFS.ZS:OSS,2000-12-31,59.52696614758661
WDI:NE.EXP.GNFS.ZS:OSS,2001-12-31,60.18516194955173
WDI:NE.EXP.GNFS.ZS:OSS,2002-12-31,57.599924835471725
WDI:NE.EXP.GNFS.ZS:OSS,2003-12-31,54.39844668979244
WDI:NE.EXP.GNFS.ZS:OSS,2004-12-31,54.643652980226086
WDI:NE.EXP.GNFS.ZS:OSS,2005-12-31,55.22749360719384
WDI:NE.EXP.GNFS.ZS:OSS,2006-12-31,56.505013549649085
WDI:NE.EXP.GNFS.ZS:OSS,2007-12-31,56.34551538694538
WDI:NE.EXP.GNFS.ZS:OSS,2008-12-31,59.596698074642475
WDI:NE.EXP.GNFS.ZS:OSS,2009-12-31,56.101028846956865
WDI:NE.EXP.GNFS.ZS:OSS,2010-12-31,61.606068603237674
WDI:NE.EXP.GNFS.ZS:OSS,2011-12-31,67.3028468482427
WDI:NE.EXP.GNFS.ZS:OSS,2012-12-31,68.33820008035396
WDI:NE.EXP.GNFS.ZS:OSS,2013-12-31,69.62359145110635
WDI:NE.EXP.GNFS.ZS:OSS,2014-12-31,69.86529771423106
WDI:NE.EXP.GNFS.ZS:OSS,2015-12-31,68.49899699640744
WDI:NE.EXP.GNFS.ZS:OSS,2016-12-31,66.50161807921447
WDI:NE.EXP.GNFS.ZS:OSS,2017-12-31,67.71825482082075
WDI:NE.EXP.GNFS.ZS:OSS,2018-12-31,68.82726549539274
WDI:NE.EXP.GNFS.ZS:OSS,2019-12-31,70.06496836118149
WDI:NE.EXP.GNFS.ZS:OSS,2020-12-31,67.17598200150127
WDI:NE.EXP.GNFS.ZS:OSS,2021-12-31,75.90828969153071
WDI:NE.EXP.GNFS.ZS:OSS,2022-12-31,83.71943262453954
WDI:NE.EXP.GNFS.ZS:OSS,2023-12-31,77.9394178961023
WDI:NE.EXP.GNFS.ZS:OSS,2024-12-31,76.6680355883281
WDI:NE.EXP.GNFS.ZS:OSS,2025-12-31,75.9580881911356
WDI:NE.EXP.GNFS.ZS:PAK,1960-12-31,7.174862775848549
WDI:NE.EXP.GNFS.ZS:PAK,1961-12-31,6.215265385203692
WDI:NE.EXP.GNFS.ZS:PAK,1962-12-31,6.699147381242387
WDI:NE.EXP.GNFS.ZS:PAK,1963-12-31,8.176129149283511
WDI:NE.EXP.GNFS.ZS:PAK,1964-12-31,7.722101186153473
WDI:NE.EXP.GNFS.ZS:PAK,1965-12-31,7.055073490348858
WDI:NE.EXP.GNFS.ZS:PAK,1966-12-31,6.906926129816925
WDI:NE.EXP.GNFS.ZS:PAK,1967-12-31,6.920609913914364
WDI:NE.EXP.GNFS.ZS:PAK,1968-12-31,7.533423856277419
WDI:NE.EXP.GNFS.ZS:PAK,1969-12-31,6.92157005006167
WDI:NE.EXP.GNFS.ZS:PAK,1970-12-31,7.616594416870851
WDI:NE.EXP.GNFS.ZS:PAK,1971-12-31,7.721840483550235
WDI:NE.EXP.GNFS.ZS:PAK,1972-12-31,7.175388217218737
WDI:NE.EXP.GNFS.ZS:PAK,1973-12-31,14.758786226515735
WDI:NE.EXP.GNFS.ZS:PAK,1974-12-31,13.575174229869925
WDI:NE.EXP.GNFS.ZS:PAK,1975-12-31,11.687038486099494
WDI:NE.EXP.GNFS.ZS:PAK,1976-12-31,10.647878248596237
WDI:NE.EXP.GNFS.ZS:PAK,1977-12-31,9.343029623100142
WDI:NE.EXP.GNFS.ZS:PAK,1978-12-31,9.430399128925789
WDI:NE.EXP.GNFS.ZS:PAK,1979-12-31,11.04532745042711
WDI:NE.EXP.GNFS.ZS:PAK,1980-12-31,12.590795929609403
WDI:NE.EXP.GNFS.ZS:PAK,1981-12-31,12.835195329911286
WDI:NE.EXP.GNFS.ZS:PAK,1982-12-31,10.19036954087346
WDI:NE.EXP.GNFS.ZS:PAK,1983-12-31,12.183475261192084
WDI:NE.EXP.GNFS.ZS:PAK,1984-12-31,11.394657481384082
WDI:NE.EXP.GNFS.ZS:PAK,1985-12-31,10.566188788898607
WDI:NE.EXP.GNFS.ZS:PAK,1986-12-31,12.296222586739017
WDI:NE.EXP.GNFS.ZS:PAK,1987-12-31,13.809414843164552
WDI:NE.EXP.GNFS.ZS:PAK,1988-12-31,13.858828023553835
WDI:NE.EXP.GNFS.ZS:PAK,1989-12-31,14.071932912847762
WDI:NE.EXP.GNFS.ZS:PAK,1990-12-31,14.788718407650977
WDI:NE.EXP.GNFS.ZS:PAK,1991-12-31,16.93239271017049
WDI:NE.EXP.GNFS.ZS:PAK,1992-12-31,17.270727307998694
WDI:NE.EXP.GNFS.ZS:PAK,1993-12-31,16.20209461781163
WDI:NE.EXP.GNFS.ZS:PAK,1994-12-31,16.158380570301766
WDI:NE.EXP.GNFS.ZS:PAK,1995-12-31,16.709969655751955
WDI:NE.EXP.GNFS.ZS:PAK,1996-12-31,16.903101775185327
WDI:NE.EXP.GNFS.ZS:PAK,1997-12-31,16.08195322512099
WDI:NE.EXP.GNFS.ZS:PAK,1998-12-31,16.484791175565494
WDI:NE.EXP.GNFS.ZS:PAK,1999-12-31,15.353499327350214
WDI:NE.EXP.GNFS.ZS:PAK,2000-12-31,9.629625715605892
WDI:NE.EXP.GNFS.ZS:PAK,2001-12-31,10.626172373062655
WDI:NE.EXP.GNFS.ZS:PAK,2002-12-31,11.262966895404942
WDI:NE.EXP.GNFS.ZS:PAK,2003-12-31,12.164643910538276
WDI:NE.EXP.GNFS.ZS:PAK,2004-12-31,11.422970350186965
WDI:NE.EXP.GNFS.ZS:PAK,2005-12-31,12.251841752208808
WDI:NE.EXP.GNFS.ZS:PAK,2006-12-31,12.548946626547233
WDI:NE.EXP.GNFS.ZS:PAK,2007-12-31,11.62507655926638
WDI:NE.EXP.GNFS.ZS:PAK,2008-12-31,11.875815280620033
WDI:NE.EXP.GNFS.ZS:PAK,2009-12-31,12.390988205430391
WDI:NE.EXP.GNFS.ZS:PAK,2010-12-31,12.63722455929476
WDI:NE.EXP.GNFS.ZS:PAK,2011-12-31,13.48255486172171
WDI:NE.EXP.GNFS.ZS:PAK,2012-12-31,11.873964147323756
WDI:NE.EXP.GNFS.ZS:PAK,2013-12-31,12.177499204069637
WDI:NE.EXP.GNFS.ZS:PAK,2014-12-31,11.194971742614598
WDI:NE.EXP.GNFS.ZS:PAK,2015-12-31,9.974570951240358
WDI:NE.EXP.GNFS.ZS:PAK,2016-12-31,8.736716391165679
WDI:NE.EXP.GNFS.ZS:PAK,2017-12-31,8.221611343955594
WDI:NE.EXP.GNFS.ZS:PAK,2018-12-31,8.581799605560732
WDI:NE.EXP.GNFS.ZS:PAK,2019-12-31,9.3908635386027
WDI:NE.EXP.GNFS.ZS:PAK,2020-12-31,9.298559442347246
WDI:NE.EXP.GNFS.ZS:PAK,2021-12-31,9.05159988878188
WDI:NE.EXP.GNFS.ZS:PAK,2022-12-31,10.540590272104113
WDI:NE.EXP.GNFS.ZS:PAK,2023-12-31,10.4939587511564
WDI:NE.EXP.GNFS.ZS:PAK,2024-12-31,10.3855031331012
WDI:NE.EXP.GNFS.ZS:PAK,2025-12-31,9.98520671042165
WDI:NE.EXP.GNFS.ZS:PAN,1960-12-31,45.788239385449536
WDI:NE.EXP.GNFS.ZS:PAN,1961-12-31,47.18644239827199
WDI:NE.EXP.GNFS.ZS:PAN,1962-12-31,53.180828892311226
WDI:NE.EXP.GNFS.ZS:PAN,1963-12-31,52.65943030045608
WDI:NE.EXP.GNFS.ZS:PAN,1964-12-31,52.474799890483325
WDI:NE.EXP.GNFS.ZS:PAN,1965-12-31,54.43834632691027
WDI:NE.EXP.GNFS.ZS:PAN,1966-12-31,55.78788651996645
WDI:NE.EXP.GNFS.ZS:PAN,1967-12-31,56.35280348623576
WDI:NE.EXP.GNFS.ZS:PAN,1968-12-31,57.29531805205846
WDI:NE.EXP.GNFS.ZS:PAN,1969-12-31,57.4091891980853
WDI:NE.EXP.GNFS.ZS:PAN,1970-12-31,55.78755955560241
WDI:NE.EXP.GNFS.ZS:PAN,1971-12-31,54.32441473854354
WDI:NE.EXP.GNFS.ZS:PAN,1972-12-31,53.45085133562769
WDI:NE.EXP.GNFS.ZS:PAN,1973-12-31,53.5747745812061
WDI:NE.EXP.GNFS.ZS:PAN,1974-12-31,67.58834544101569
WDI:NE.EXP.GNFS.ZS:PAN,1975-12-31,68.99266502281995
WDI:NE.EXP.GNFS.ZS:PAN,1976-12-31,62.84887867807578
WDI:NE.EXP.GNFS.ZS:PAN,1977-12-31,65.30869819282078
WDI:NE.EXP.GNFS.ZS:PAN,1978-12-31,59.02509204179576
WDI:NE.EXP.GNFS.ZS:PAN,1979-12-31,58.94933141166126
WDI:NE.EXP.GNFS.ZS:PAN,1980-12-31,65.03131150730077
WDI:NE.EXP.GNFS.ZS:PAN,1981-12-31,62.28918136921733
WDI:NE.EXP.GNFS.ZS:PAN,1982-12-31,56.80968206710707
WDI:NE.EXP.GNFS.ZS:PAN,1983-12-31,47.13750105739502
WDI:NE.EXP.GNFS.ZS:PAN,1984-12-31,44.50712781672686
WDI:NE.EXP.GNFS.ZS:PAN,1985-12-31,45.442204836550836
WDI:NE.EXP.GNFS.ZS:PAN,1986-12-31,47.10904540743285
WDI:NE.EXP.GNFS.ZS:PAN,1987-12-31,47.36369839335856
WDI:NE.EXP.GNFS.ZS:PAN,1988-12-31,49.809161217062446
WDI:NE.EXP.GNFS.ZS:PAN,1989-12-31,52.25871052007396
WDI:NE.EXP.GNFS.ZS:PAN,1990-12-31,57.49329457238434
WDI:NE.EXP.GNFS.ZS:PAN,1991-12-31,64.35225615648379
WDI:NE.EXP.GNFS.ZS:PAN,1992-12-31,66.35669501916091
WDI:NE.EXP.GNFS.ZS:PAN,1993-12-31,64.05865862687769
WDI:NE.EXP.GNFS.ZS:PAN,1994-12-31,66.04205563398583
WDI:NE.EXP.GNFS.ZS:PAN,1995-12-31,66.84710085804156
WDI:NE.EXP.GNFS.ZS:PAN,1996-12-31,83.4318448253914
WDI:NE.EXP.GNFS.ZS:PAN,1997-12-31,88.92025629007075
WDI:NE.EXP.GNFS.ZS:PAN,1998-12-31,76.92103929300464
WDI:NE.EXP.GNFS.ZS:PAN,1999-12-31,63.78469176763899
WDI:NE.EXP.GNFS.ZS:PAN,2000-12-31,68.96011645222266
WDI:NE.EXP.GNFS.ZS:PAN,2001-12-31,68.70008523651234
WDI:NE.EXP.GNFS.ZS:PAN,2002-12-31,62.829057458876015
WDI:NE.EXP.GNFS.ZS:PAN,2003-12-31,58.13357060213414
WDI:NE.EXP.GNFS.ZS:PAN,2004-12-31,60.57682456880043
WDI:NE.EXP.GNFS.ZS:PAN,2005-12-31,68.23559574702831
WDI:NE.EXP.GNFS.ZS:PAN,2006-12-31,69.19423417437521
WDI:NE.EXP.GNFS.ZS:PAN,2007-12-31,71.97917276049655
WDI:NE.EXP.GNFS.ZS:PAN,2008-12-31,78.29859226171108
WDI:NE.EXP.GNFS.ZS:PAN,2009-12-31,69.96480872480217
WDI:NE.EXP.GNFS.ZS:PAN,2010-12-31,70.025242051299
WDI:NE.EXP.GNFS.ZS:PAN,2011-12-31,77.74567220882955
WDI:NE.EXP.GNFS.ZS:PAN,2012-12-31,74.54431569421074
WDI:NE.EXP.GNFS.ZS:PAN,2013-12-31,64.5610772701238
WDI:NE.EXP.GNFS.ZS:PAN,2014-12-31,54.88908206049719
WDI:NE.EXP.GNFS.ZS:PAN,2015-12-31,47.38661991709584
WDI:NE.EXP.GNFS.ZS:PAN,2016-12-31,41.74075546299866
WDI:NE.EXP.GNFS.ZS:PAN,2017-12-31,41.47101067478029
WDI:NE.EXP.GNFS.ZS:PAN,2018-12-31,42.34710444051439
WDI:NE.EXP.GNFS.ZS:PAN,2019-12-31,40.214174485733174
WDI:NE.EXP.GNFS.ZS:PAN,2020-12-31,36.26908816404875
WDI:NE.EXP.GNFS.ZS:PAN,2021-12-31,41.60670401082441
WDI:NE.EXP.GNFS.ZS:PAN,2022-12-31,48.026597833341484
WDI:NE.EXP.GNFS.ZS:PAN,2023-12-31,45.6292440025453
WDI:NE.EXP.GNFS.ZS:PAN,2024-12-31,44.3578422661429
WDI:NE.EXP.GNFS.ZS:PER,1960-12-31,20.21071177012694
WDI:NE.EXP.GNFS.ZS:PER,1961-12-31,20.808012821709063
WDI:NE.EXP.GNFS.ZS:PER,1962-12-31,19.966300261931348
WDI:NE.EXP.GNFS.ZS:PER,1963-12-31,18.44707556010732
WDI:NE.EXP.GNFS.ZS:PER,1964-12-31,18.512720160744013
WDI:NE.EXP.GNFS.ZS:PER,1965-12-31,15.670656889399591
WDI:NE.EXP.GNFS.ZS:PER,1966-12-31,15.563126509485512
WDI:NE.EXP.GNFS.ZS:PER,1967-12-31,15.42376402924264
WDI:NE.EXP.GNFS.ZS:PER,1968-12-31,18.108756827936407
WDI:NE.EXP.GNFS.ZS:PER,1969-12-31,17.46510665356545
WDI:NE.EXP.GNFS.ZS:PER,1970-12-31,17.417949858257163
WDI:NE.EXP.GNFS.ZS:PER,1971-12-31,13.839754058419473
WDI:NE.EXP.GNFS.ZS:PER,1972-12-31,13.749887616753634
WDI:NE.EXP.GNFS.ZS:PER,1973-12-31,13.325708599229197
WDI:NE.EXP.GNFS.ZS:PER,1974-12-31,14.114306488423873
WDI:NE.EXP.GNFS.ZS:PER,1975-12-31,10.562621593570109
WDI:NE.EXP.GNFS.ZS:PER,1976-12-31,11.729083377679979
WDI:NE.EXP.GNFS.ZS:PER,1977-12-31,15.47478059450549
WDI:NE.EXP.GNFS.ZS:PER,1978-12-31,20.18288886179989
WDI:NE.EXP.GNFS.ZS:PER,1979-12-31,27.005023253703005
WDI:NE.EXP.GNFS.ZS:PER,1980-12-31,25.52052211407355
WDI:NE.EXP.GNFS.ZS:PER,1981-12-31,18.561803025360955
WDI:NE.EXP.GNFS.ZS:PER,1982-12-31,18.818476734064816
WDI:NE.EXP.GNFS.ZS:PER,1983-12-31,21.735218045513555
WDI:NE.EXP.GNFS.ZS:PER,1984-12-31,21.816505505789276
WDI:NE.EXP.GNFS.ZS:PER,1985-12-31,26.145055448908195
WDI:NE.EXP.GNFS.ZS:PER,1986-12-31,16.442611490561035
WDI:NE.EXP.GNFS.ZS:PER,1987-12-31,12.665421409022374
WDI:NE.EXP.GNFS.ZS:PER,1988-12-31,15.099490423953291
WDI:NE.EXP.GNFS.ZS:PER,1989-12-31,11.32963641324106
WDI:NE.EXP.GNFS.ZS:PER,1990-12-31,15.697191461943955
WDI:NE.EXP.GNFS.ZS:PER,1991-12-31,12.202386665406115
WDI:NE.EXP.GNFS.ZS:PER,1992-12-31,12.51350576867995
WDI:NE.EXP.GNFS.ZS:PER,1993-12-31,12.450675104103539
WDI:NE.EXP.GNFS.ZS:PER,1994-12-31,12.771482770164031
WDI:NE.EXP.GNFS.ZS:PER,1995-12-31,12.599885251490484
WDI:NE.EXP.GNFS.ZS:PER,1996-12-31,13.316519917997729
WDI:NE.EXP.GNFS.ZS:PER,1997-12-31,14.477260256286112
WDI:NE.EXP.GNFS.ZS:PER,1998-12-31,13.702901848867677
WDI:NE.EXP.GNFS.ZS:PER,1999-12-31,15.39688800711178
WDI:NE.EXP.GNFS.ZS:PER,2000-12-31,16.768373720816907
WDI:NE.EXP.GNFS.ZS:PER,2001-12-31,16.60137952193374
WDI:NE.EXP.GNFS.ZS:PER,2002-12-31,17.274807852987426
WDI:NE.EXP.GNFS.ZS:PER,2003-12-31,19.014666947248905
WDI:NE.EXP.GNFS.ZS:PER,2004-12-31,22.91223375085002
WDI:NE.EXP.GNFS.ZS:PER,2005-12-31,26.84876111170932
WDI:NE.EXP.GNFS.ZS:PER,2006-12-31,30.53663645352102
WDI:NE.EXP.GNFS.ZS:PER,2007-12-31,31.522116530546494
WDI:NE.EXP.GNFS.ZS:PER,2008-12-31,29.727630209883788
WDI:NE.EXP.GNFS.ZS:PER,2009-12-31,26.442052739027815
WDI:NE.EXP.GNFS.ZS:PER,2010-12-31,27.826164152174748
WDI:NE.EXP.GNFS.ZS:PER,2011-12-31,30.502759756388876
WDI:NE.EXP.GNFS.ZS:PER,2012-12-31,27.44961437109722
WDI:NE.EXP.GNFS.ZS:PER,2013-12-31,24.80829942085084
WDI:NE.EXP.GNFS.ZS:PER,2014-12-31,22.606970375815074
WDI:NE.EXP.GNFS.ZS:PER,2015-12-31,21.287325285895804
WDI:NE.EXP.GNFS.ZS:PER,2016-12-31,22.600313740990753
WDI:NE.EXP.GNFS.ZS:PER,2017-12-31,24.71987197469727
WDI:NE.EXP.GNFS.ZS:PER,2018-12-31,25.19218467224722
WDI:NE.EXP.GNFS.ZS:PER,2019-12-31,24.03908743490677
WDI:NE.EXP.GNFS.ZS:PER,2020-12-31,23.01144314299312
WDI:NE.EXP.GNFS.ZS:PER,2021-12-31,29.23585959391129
WDI:NE.EXP.GNFS.ZS:PER,2022-12-31,28.831860770197498
WDI:NE.EXP.GNFS.ZS:PER,2023-12-31,27.1701618135233
WDI:NE.EXP.GNFS.ZS:PER,2024-12-31,28.8839339520309
WDI:NE.EXP.GNFS.ZS:PER,2025-12-31,29.9698270665613
WDI:NE.EXP.GNFS.ZS:PHL,1981-12-31,16.156684675589993
WDI:NE.EXP.GNFS.ZS:PHL,1982-12-31,13.871113187760887
WDI:NE.EXP.GNFS.ZS:PHL,1983-12-31,14.710572582075157
WDI:NE.EXP.GNFS.ZS:PHL,1984-12-31,16.94246935344987
WDI:NE.EXP.GNFS.ZS:PHL,1985-12-31,17.022123267371867
WDI:NE.EXP.GNFS.ZS:PHL,1986-12-31,18.56612320937157
WDI:NE.EXP.GNFS.ZS:PHL,1987-12-31,18.541532615047775
WDI:NE.EXP.GNFS.ZS:PHL,1988-12-31,19.99936371917047
WDI:NE.EXP.GNFS.ZS:PHL,1989-12-31,19.739889582246718
WDI:NE.EXP.GNFS.ZS:PHL,1990-12-31,19.393213143787623
WDI:NE.EXP.GNFS.ZS:PHL,1991-12-31,20.965141175608906
WDI:NE.EXP.GNFS.ZS:PHL,1992-12-31,20.77966454148859
WDI:NE.EXP.GNFS.ZS:PHL,1993-12-31,22.3031303689154
WDI:NE.EXP.GNFS.ZS:PHL,1994-12-31,24.07566585701599
WDI:NE.EXP.GNFS.ZS:PHL,1995-12-31,25.946041662664815
WDI:NE.EXP.GNFS.ZS:PHL,1996-12-31,28.88672137316589
WDI:NE.EXP.GNFS.ZS:PHL,1997-12-31,35.086145735911565
WDI:NE.EXP.GNFS.ZS:PHL,1998-12-31,37.80686839882146
WDI:NE.EXP.GNFS.ZS:PHL,1999-12-31,38.411158735542564
WDI:NE.EXP.GNFS.ZS:PHL,2000-12-31,43.344219224021856
WDI:NE.EXP.GNFS.ZS:PHL,2001-12-31,41.15550150745465
WDI:NE.EXP.GNFS.ZS:PHL,2002-12-31,40.00567994402893
WDI:NE.EXP.GNFS.ZS:PHL,2003-12-31,42.305018371271196
WDI:NE.EXP.GNFS.ZS:PHL,2004-12-31,41.82684099079994
WDI:NE.EXP.GNFS.ZS:PHL,2005-12-31,41.23003921589544
WDI:NE.EXP.GNFS.ZS:PHL,2006-12-31,41.24545937050842
WDI:NE.EXP.GNFS.ZS:PHL,2007-12-31,38.01418633780757
WDI:NE.EXP.GNFS.ZS:PHL,2008-12-31,33.356833243739196
WDI:NE.EXP.GNFS.ZS:PHL,2009-12-31,30.219525599589158
WDI:NE.EXP.GNFS.ZS:PHL,2010-12-31,32.874829719567806
WDI:NE.EXP.GNFS.ZS:PHL,2011-12-31,29.105428878140515
WDI:NE.EXP.GNFS.ZS:PHL,2012-12-31,27.46707385772334
WDI:NE.EXP.GNFS.ZS:PHL,2013-12-31,26.177419809000714
WDI:NE.EXP.GNFS.ZS:PHL,2014-12-31,27.35450419092846
WDI:NE.EXP.GNFS.ZS:PHL,2015-12-31,27.208057239045143
WDI:NE.EXP.GNFS.ZS:PHL,2016-12-31,26.673003343515724
WDI:NE.EXP.GNFS.ZS:PHL,2017-12-31,29.552290854669184
WDI:NE.EXP.GNFS.ZS:PHL,2018-12-31,30.213605373327468
WDI:NE.EXP.GNFS.ZS:PHL,2019-12-31,28.382920012639325
WDI:NE.EXP.GNFS.ZS:PHL,2020-12-31,25.202839310203156
WDI:NE.EXP.GNFS.ZS:PHL,2021-12-31,25.752034916018662
WDI:NE.EXP.GNFS.ZS:PHL,2022-12-31,28.387401545793896
WDI:NE.EXP.GNFS.ZS:PHL,2023-12-31,26.6368493470585
WDI:NE.EXP.GNFS.ZS:PHL,2024-12-31,25.7369806583516
WDI:NE.EXP.GNFS.ZS:PHL,2025-12-31,26.5503358170748
WDI:NE.EXP.GNFS.ZS:PLW,2005-12-31,42.81197599814301
WDI:NE.EXP.GNFS.ZS:PLW,2006-12-31,45.43116317639719
WDI:NE.EXP.GNFS.ZS:PLW,2007-12-31,42.59583091609532
WDI:NE.EXP.GNFS.ZS:PLW,2008-12-31,46.234393942556075
WDI:NE.EXP.GNFS.ZS:PLW,2009-12-31,41.73771318173991
WDI:NE.EXP.GNFS.ZS:PLW,2010-12-31,45.439964717944285
WDI:NE.EXP.GNFS.ZS:PLW,2011-12-31,51.38638426138491
WDI:NE.EXP.GNFS.ZS:PLW,2012-12-31,55.658217997903556
WDI:NE.EXP.GNFS.ZS:PLW,2013-12-31,54.97890594419837
WDI:NE.EXP.GNFS.ZS:PLW,2014-12-31,55.27208413911915
WDI:NE.EXP.GNFS.ZS:PLW,2015-12-31,52.92400275092193
WDI:NE.EXP.GNFS.ZS:PLW,2016-12-31,47.90422688030666
WDI:NE.EXP.GNFS.ZS:PLW,2017-12-31,45.28856564601404
WDI:NE.EXP.GNFS.ZS:PLW,2018-12-31,42.80916973698588
WDI:NE.EXP.GNFS.ZS:PLW,2019-12-31,38.31078446934621
WDI:NE.EXP.GNFS.ZS:PLW,2020-12-31,23.081217757322495
WDI:NE.EXP.GNFS.ZS:PLW,2021-12-31,6.714271757250763
WDI:NE.EXP.GNFS.ZS:PLW,2022-12-31,15.668615046064835
WDI:NE.EXP.GNFS.ZS:PLW,2023-12-31,26.1410304075549
WDI:NE.EXP.GNFS.ZS:PLW,2024-12-31,32.6986673415734
WDI:NE.EXP.GNFS.ZS:PNG,1961-12-31,16.102470265324794
WDI:NE.EXP.GNFS.ZS:PNG,1962-12-31,16.20926243567753
WDI:NE.EXP.GNFS.ZS:PNG,1963-12-31,17.410714285714285
WDI:NE.EXP.GNFS.ZS:PNG,1964-12-31,18.30520909757887
WDI:NE.EXP.GNFS.ZS:PNG,1965-12-31,18.027985681744223
WDI:NE.EXP.GNFS.ZS:PNG,1966-12-31,16.78602119736465
WDI:NE.EXP.GNFS.ZS:PNG,1967-12-31,17.368149754525923
WDI:NE.EXP.GNFS.ZS:PNG,1968-12-31,18.859644769241743
WDI:NE.EXP.GNFS.ZS:PNG,1969-12-31,18.915082858627734
WDI:NE.EXP.GNFS.ZS:PNG,1970-12-31,18.476749049835348
WDI:NE.EXP.GNFS.ZS:PNG,1971-12-31,21.36995624051649
WDI:NE.EXP.GNFS.ZS:PNG,1972-12-31,31.209049452956123
WDI:NE.EXP.GNFS.ZS:PNG,1973-12-31,44.87811304252761
WDI:NE.EXP.GNFS.ZS:PNG,1974-12-31,46.88448596302455
WDI:NE.EXP.GNFS.ZS:PNG,1975-12-31,39.97878992569719
WDI:NE.EXP.GNFS.ZS:PNG,1976-12-31,41.773731167506355
WDI:NE.EXP.GNFS.ZS:PNG,1977-12-31,44.97497112052368
WDI:NE.EXP.GNFS.ZS:PNG,1978-12-31,41.93643276124267
WDI:NE.EXP.GNFS.ZS:PNG,1979-12-31,45.47960642658297
WDI:NE.EXP.GNFS.ZS:PNG,1980-12-31,43.18248346115567
WDI:NE.EXP.GNFS.ZS:PNG,1981-12-31,38.240542469664526
WDI:NE.EXP.GNFS.ZS:PNG,1982-12-31,36.83398124857077
WDI:NE.EXP.GNFS.ZS:PNG,1983-12-31,36.19603267211202
WDI:NE.EXP.GNFS.ZS:PNG,1984-12-31,39.44281556250532
WDI:NE.EXP.GNFS.ZS:PNG,1985-12-31,42.114597495375705
WDI:NE.EXP.GNFS.ZS:PNG,1986-12-31,43.579671888970964
WDI:NE.EXP.GNFS.ZS:PNG,1987-12-31,43.166452130695866
WDI:NE.EXP.GNFS.ZS:PNG,1988-12-31,43.25100154569256
WDI:NE.EXP.GNFS.ZS:PNG,1989-12-31,40.64747020389402
WDI:NE.EXP.GNFS.ZS:PNG,1990-12-31,40.62479682725441
WDI:NE.EXP.GNFS.ZS:PNG,1991-12-31,42.26481029509652
WDI:NE.EXP.GNFS.ZS:PNG,1992-12-31,47.84986976083353
WDI:NE.EXP.GNFS.ZS:PNG,1993-12-31,52.643259846725975
WDI:NE.EXP.GNFS.ZS:PNG,1994-12-31,53.53460752581234
WDI:NE.EXP.GNFS.ZS:PNG,1995-12-31,61.03898655302113
WDI:NE.EXP.GNFS.ZS:PNG,1996-12-31,59.404507925294716
WDI:NE.EXP.GNFS.ZS:PNG,1997-12-31,49.15752302389966
WDI:NE.EXP.GNFS.ZS:PNG,1998-12-31,54.04148982520888
WDI:NE.EXP.GNFS.ZS:PNG,1999-12-31,63.11836387938651
WDI:NE.EXP.GNFS.ZS:PNG,2000-12-31,66.17835925142258
WDI:NE.EXP.GNFS.ZS:PNG,2001-12-31,65.32996739224531
WDI:NE.EXP.GNFS.ZS:PNG,2002-12-31,60.91581056153748
WDI:NE.EXP.GNFS.ZS:PNG,2003-12-31,69.41796632379052
WDI:NE.EXP.GNFS.ZS:PNG,2004-12-31,72.16404960289475
WDI:NE.EXP.GNFS.ZS:POL,1995-12-31,22.85373620377561
WDI:NE.EXP.GNFS.ZS:POL,1996-12-31,21.98409476714149
WDI:NE.EXP.GNFS.ZS:POL,1997-12-31,23.255184146134468
WDI:NE.EXP.GNFS.ZS:POL,1998-12-31,25.860342495436456
WDI:NE.EXP.GNFS.ZS:POL,1999-12-31,23.99679268993197
WDI:NE.EXP.GNFS.ZS:POL,2000-12-31,27.073219728364478
WDI:NE.EXP.GNFS.ZS:POL,2001-12-31,27.057258008035095
WDI:NE.EXP.GNFS.ZS:POL,2002-12-31,28.62339830134027
WDI:NE.EXP.GNFS.ZS:POL,2003-12-31,33.23866677803908
WDI:NE.EXP.GNFS.ZS:POL,2004-12-31,34.06216960992768
WDI:NE.EXP.GNFS.ZS:POL,2005-12-31,34.52546227548166
WDI:NE.EXP.GNFS.ZS:POL,2006-12-31,37.658041225107716
WDI:NE.EXP.GNFS.ZS:POL,2007-12-31,38.47111641710735
WDI:NE.EXP.GNFS.ZS:POL,2008-12-31,37.66877270095992
WDI:NE.EXP.GNFS.ZS:POL,2009-12-31,37.004050466545124
WDI:NE.EXP.GNFS.ZS:POL,2010-12-31,39.89220684632192
WDI:NE.EXP.GNFS.ZS:POL,2011-12-31,42.31819097341002
WDI:NE.EXP.GNFS.ZS:POL,2012-12-31,44.022901638596466
WDI:NE.EXP.GNFS.ZS:POL,2013-12-31,45.767288162914404
WDI:NE.EXP.GNFS.ZS:POL,2014-12-31,46.22067203255788
WDI:NE.EXP.GNFS.ZS:POL,2015-12-31,47.16163672575272
WDI:NE.EXP.GNFS.ZS:POL,2016-12-31,49.906428862355035
WDI:NE.EXP.GNFS.ZS:POL,2017-12-31,51.69252757862939
WDI:NE.EXP.GNFS.ZS:POL,2018-12-31,52.23257544397503
WDI:NE.EXP.GNFS.ZS:POL,2019-12-31,52.612893481174225
WDI:NE.EXP.GNFS.ZS:POL,2020-12-31,52.43388551992481
WDI:NE.EXP.GNFS.ZS:POL,2021-12-31,57.037976072301596
WDI:NE.EXP.GNFS.ZS:POL,2022-12-31,62.35251624554557
WDI:NE.EXP.GNFS.ZS:POL,2023-12-31,57.8812710195434
WDI:NE.EXP.GNFS.ZS:POL,2024-12-31,52.1798133919011
WDI:NE.EXP.GNFS.ZS:POL,2025-12-31,49.9505650987029
WDI:NE.EXP.GNFS.ZS:PRE,1990-12-31,15.821436295417652
WDI:NE.EXP.GNFS.ZS:PRE,1991-12-31,15.181026250544502
WDI:NE.EXP.GNFS.ZS:PRE,1992-12-31,18.529177103370575
WDI:NE.EXP.GNFS.ZS:PRE,1993-12-31,17.57316348972993
WDI:NE.EXP.GNFS.ZS:PRE,1994-12-31,17.337184524267514
WDI:NE.EXP.GNFS.ZS:PRE,1995-12-31,14.47071926562227
WDI:NE.EXP.GNFS.ZS:PRE,1996-12-31,12.522560803741007
WDI:NE.EXP.GNFS.ZS:PRE,1997-12-31,17.148807038336393
WDI:NE.EXP.GNFS.ZS:PRE,1998-12-31,17.36154522351986
WDI:NE.EXP.GNFS.ZS:PRE,1999-12-31,36.029712570732634
WDI:NE.EXP.GNFS.ZS:PRE,2000-12-31,37.46025729291542
WDI:NE.EXP.GNFS.ZS:PRE,2001-12-31,31.164708977045603
WDI:NE.EXP.GNFS.ZS:PRE,2002-12-31,28.851652680433936
WDI:NE.EXP.GNFS.ZS:PRE,2003-12-31,26.23185954971256
WDI:NE.EXP.GNFS.ZS:PRE,2004-12-31,26.957219565091005
WDI:NE.EXP.GNFS.ZS:PRE,2005-12-31,28.899986434509106
WDI:NE.EXP.GNFS.ZS:PRE,2006-12-31,28.22400225209544
WDI:NE.EXP.GNFS.ZS:PRE,2007-12-31,29.525594788661238
WDI:NE.EXP.GNFS.ZS:PRE,2008-12-31,32.915641997553244
WDI:NE.EXP.GNFS.ZS:PRE,2009-12-31,26.665330530880873
WDI:NE.EXP.GNFS.ZS:PRE,2010-12-31,28.05567150165117
WDI:NE.EXP.GNFS.ZS:PRE,2011-12-31,30.617299879810712
WDI:NE.EXP.GNFS.ZS:PRE,2012-12-31,29.45978859281837
WDI:NE.EXP.GNFS.ZS:PRE,2013-12-31,26.30337436219569
WDI:NE.EXP.GNFS.ZS:PRE,2014-12-31,24.128978207648853
WDI:NE.EXP.GNFS.ZS:PRE,2015-12-31,19.586395968893953
WDI:NE.EXP.GNFS.ZS:PRE,2016-12-31,18.89417969426201
WDI:NE.EXP.GNFS.ZS:PRE,2017-12-31,21.966160225416417
WDI:NE.EXP.GNFS.ZS:PRE,2018-12-31,25.157038934873427
WDI:NE.EXP.GNFS.ZS:PRE,2019-12-31,20.338626089204556
WDI:NE.EXP.GNFS.ZS:PRE,2020-12-31,17.10909788819385
WDI:NE.EXP.GNFS.ZS:PRE,2021-12-31,21.807380745776015
WDI:NE.EXP.GNFS.ZS:PRE,2022-12-31,25.44449068345362
WDI:NE.EXP.GNFS.ZS:PRE,2023-12-31,25.3681770696529
WDI:NE.EXP.GNFS.ZS:PRE,2024-12-31,29.983286239322
WDI:NE.EXP.GNFS.ZS:PRI,1971-12-31,31.81979174045477
WDI:NE.EXP.GNFS.ZS:PRI,1972-12-31,31.19499439081041
WDI:NE.EXP.GNFS.ZS:PRI,1973-12-31,35.212212955558094
WDI:NE.EXP.GNFS.ZS:PRI,1974-12-31,43.445502810743285
WDI:NE.EXP.GNFS.ZS:PRI,1975-12-31,38.281107058780485
WDI:NE.EXP.GNFS.ZS:PRI,1976-12-31,37.31017104118814
WDI:NE.EXP.GNFS.ZS:PRI,1977-12-31,45.201747570856334
WDI:NE.EXP.GNFS.ZS:PRI,1978-12-31,42.703985669502906
WDI:NE.EXP.GNFS.ZS:PRI,1979-12-31,47.32
WDI:NE.EXP.GNFS.ZS:PRI,1980-12-31,48.5816806478204
WDI:NE.EXP.GNFS.ZS:PRI,1981-12-31,50.72043219664446
WDI:NE.EXP.GNFS.ZS:PRI,1982-12-31,52.9795635938488
WDI:NE.EXP.GNFS.ZS:PRI,1983-12-31,49.32220460044222
WDI:NE.EXP.GNFS.ZS:PRI,1984-12-31,47.72838758832309
WDI:NE.EXP.GNFS.ZS:PRI,1985-12-31,51.96705636496264
WDI:NE.EXP.GNFS.ZS:PRI,1986-12-31,52.575047820693975
WDI:NE.EXP.GNFS.ZS:PRI,1987-12-31,50.22975301550833
WDI:NE.EXP.GNFS.ZS:PRI,1988-12-31,52.87995815931297
WDI:NE.EXP.GNFS.ZS:PRI,1989-12-31,58.07600528386574
WDI:NE.EXP.GNFS.ZS:PRI,1990-12-31,63.08146352106082
WDI:NE.EXP.GNFS.ZS:PRI,1991-12-31,66.04199686245539
WDI:NE.EXP.GNFS.ZS:PRI,1992-12-31,60.78815654324824
WDI:NE.EXP.GNFS.ZS:PRI,1993-12-31,53.6007138853385
WDI:NE.EXP.GNFS.ZS:PRI,1994-12-31,54.80537849865321
WDI:NE.EXP.GNFS.ZS:PRI,1995-12-31,55.83303677315703
WDI:NE.EXP.GNFS.ZS:PRI,1996-12-31,50.60427316788497
WDI:NE.EXP.GNFS.ZS:PRI,1997-12-31,49.69552082251827
WDI:NE.EXP.GNFS.ZS:PRI,1998-12-31,55.97137173115607
WDI:NE.EXP.GNFS.ZS:PRI,1999-12-31,60.340934631143995
WDI:NE.EXP.GNFS.ZS:PRI,2000-12-31,62.34129312272899
WDI:NE.EXP.GNFS.ZS:PRI,2001-12-31,67.76749643106906
WDI:NE.EXP.GNFS.ZS:PRI,2002-12-31,65.86148401013634
WDI:NE.EXP.GNFS.ZS:PRI,2003-12-31,73.73675952926334
WDI:NE.EXP.GNFS.ZS:PRI,2004-12-31,68.5739714691732
WDI:NE.EXP.GNFS.ZS:PRI,2005-12-31,67.38190139684441
WDI:NE.EXP.GNFS.ZS:PRI,2006-12-31,68.88329753409741
WDI:NE.EXP.GNFS.ZS:PRI,2007-12-31,67.03309926326054
WDI:NE.EXP.GNFS.ZS:PRI,2008-12-31,68.29781939847905
WDI:NE.EXP.GNFS.ZS:PRI,2009-12-31,63.08680964791421
WDI:NE.EXP.GNFS.ZS:PRI,2010-12-31,62.67166626177942
WDI:NE.EXP.GNFS.ZS:PRI,2011-12-31,64.05272656068607
WDI:NE.EXP.GNFS.ZS:PRI,2012-12-31,57.45258199691231
WDI:NE.EXP.GNFS.ZS:PRI,2013-12-31,60.86998535871157
WDI:NE.EXP.GNFS.ZS:PRI,2014-12-31,60.82162470301369
WDI:NE.EXP.GNFS.ZS:PRI,2015-12-31,67.19493497008479
WDI:NE.EXP.GNFS.ZS:PRI,2016-12-31,68.75816467264156
WDI:NE.EXP.GNFS.ZS:PRI,2017-12-31,68.72372408659632
WDI:NE.EXP.GNFS.ZS:PRI,2018-12-31,59.95398090891172
WDI:NE.EXP.GNFS.ZS:PRI,2019-12-31,60.578884086204795
WDI:NE.EXP.GNFS.ZS:PRI,2020-12-31,60.347965546698425
WDI:NE.EXP.GNFS.ZS:PRI,2021-12-31,54.4123367654327
WDI:NE.EXP.GNFS.ZS:PRI,2022-12-31,52.446292592387636
WDI:NE.EXP.GNFS.ZS:PRI,2023-12-31,53.6448077849649
WDI:NE.EXP.GNFS.ZS:PRI,2024-12-31,51.8769700552116
WDI:NE.EXP.GNFS.ZS:PRI,2025-12-31,46.8831342261072
WDI:NE.EXP.GNFS.ZS:PRT,1970-12-31,19.11025946895257
WDI:NE.EXP.GNFS.ZS:PRT,1971-12-31,19.650283749876156
WDI:NE.EXP.GNFS.ZS:PRT,1972-12-31,21.337763833165035
WDI:NE.EXP.GNFS.ZS:PRT,1973-12-31,20.940400178589233
WDI:NE.EXP.GNFS.ZS:PRT,1974-12-31,21.050783749921127
WDI:NE.EXP.GNFS.ZS:PRT,1975-12-31,15.982884847698656
WDI:NE.EXP.GNFS.ZS:PRT,1976-12-31,13.65929258810035
WDI:NE.EXP.GNFS.ZS:PRT,1977-12-31,14.434696986541015
WDI:NE.EXP.GNFS.ZS:PRT,1978-12-31,15.761510424911407
WDI:NE.EXP.GNFS.ZS:PRT,1979-12-31,21.196686929492266
WDI:NE.EXP.GNFS.ZS:PRT,1980-12-31,21.455259334954174
WDI:NE.EXP.GNFS.ZS:PRT,1981-12-31,20.330652140607988
WDI:NE.EXP.GNFS.ZS:PRT,1982-12-31,20.68364778969891
WDI:NE.EXP.GNFS.ZS:PRT,1983-12-31,24.551395699529206
WDI:NE.EXP.GNFS.ZS:PRT,1984-12-31,29.17955371412252
WDI:NE.EXP.GNFS.ZS:PRT,1985-12-31,29.24231283676257
WDI:NE.EXP.GNFS.ZS:PRT,1986-12-31,25.994885831644922
WDI:NE.EXP.GNFS.ZS:PRT,1987-12-31,27.338564531981703
WDI:NE.EXP.GNFS.ZS:PRT,1988-12-31,27.636670797274142
WDI:NE.EXP.GNFS.ZS:PRT,1989-12-31,29.46519060486735
WDI:NE.EXP.GNFS.ZS:PRT,1990-12-31,29.16917753078041
WDI:NE.EXP.GNFS.ZS:PRT,1991-12-31,26.547558876518984
WDI:NE.EXP.GNFS.ZS:PRT,1992-12-31,24.458670650222665
WDI:NE.EXP.GNFS.ZS:PRT,1993-12-31,23.60014829021285
WDI:NE.EXP.GNFS.ZS:PRT,1994-12-31,25.133565929522472
WDI:NE.EXP.GNFS.ZS:PRT,1995-12-31,26.769731873785176
WDI:NE.EXP.GNFS.ZS:PRT,1996-12-31,26.548464879622436
WDI:NE.EXP.GNFS.ZS:PRT,1997-12-31,27.15414474759154
WDI:NE.EXP.GNFS.ZS:PRT,1998-12-31,27.331627227376238
WDI:NE.EXP.GNFS.ZS:PRT,1999-12-31,26.481974724695107
WDI:NE.EXP.GNFS.ZS:PRT,2000-12-31,28.20462059389035
WDI:NE.EXP.GNFS.ZS:PRT,2001-12-31,27.437326113526534
WDI:NE.EXP.GNFS.ZS:PRT,2002-12-31,27.073362232597702
WDI:NE.EXP.GNFS.ZS:PRT,2003-12-31,27.36719189789173
WDI:NE.EXP.GNFS.ZS:PRT,2004-12-31,27.667051555251938
WDI:NE.EXP.GNFS.ZS:PRT,2005-12-31,27.08416754595368
WDI:NE.EXP.GNFS.ZS:PRT,2006-12-31,30.35740444110019
WDI:NE.EXP.GNFS.ZS:PRT,2007-12-31,31.19418457133732
WDI:NE.EXP.GNFS.ZS:PRT,2008-12-31,31.26107907838684
WDI:NE.EXP.GNFS.ZS:PRT,2009-12-31,27.293742718078352
WDI:NE.EXP.GNFS.ZS:PRT,2010-12-31,30.027585123527306
WDI:NE.EXP.GNFS.ZS:PRT,2011-12-31,34.41151309332279
WDI:NE.EXP.GNFS.ZS:PRT,2012-12-31,37.72350572197789
WDI:NE.EXP.GNFS.ZS:PRT,2013-12-31,39.56395033248123
WDI:NE.EXP.GNFS.ZS:PRT,2014-12-31,40.185090581629204
WDI:NE.EXP.GNFS.ZS:PRT,2015-12-31,40.687666409006624
WDI:NE.EXP.GNFS.ZS:PRT,2016-12-31,40.35508892605642
WDI:NE.EXP.GNFS.ZS:PRT,2017-12-31,42.94267864801981
WDI:NE.EXP.GNFS.ZS:PRT,2018-12-31,43.67758057085202
WDI:NE.EXP.GNFS.ZS:PRT,2019-12-31,43.653125943299095
WDI:NE.EXP.GNFS.ZS:PRT,2020-12-31,37.25601513445287
WDI:NE.EXP.GNFS.ZS:PRT,2021-12-31,41.54842718435122
WDI:NE.EXP.GNFS.ZS:PRT,2022-12-31,49.481682200450614
WDI:NE.EXP.GNFS.ZS:PRT,2023-12-31,47.1554769314882
WDI:NE.EXP.GNFS.ZS:PRT,2024-12-31,45.8196856112127
WDI:NE.EXP.GNFS.ZS:PRT,2025-12-31,43.6580888492067
WDI:NE.EXP.GNFS.ZS:PRY,1962-12-31,12.62981869389192
WDI:NE.EXP.GNFS.ZS:PRY,1963-12-31,11.560406846936244
WDI:NE.EXP.GNFS.ZS:PRY,1964-12-31,12.256083339811862
WDI:NE.EXP.GNFS.ZS:PRY,1965-12-31,14.95741787733486
WDI:NE.EXP.GNFS.ZS:PRY,1966-12-31,13.246567408265477
WDI:NE.EXP.GNFS.ZS:PRY,1967-12-31,12.21869613544469
WDI:NE.EXP.GNFS.ZS:PRY,1968-12-31,12.354348092726603
WDI:NE.EXP.GNFS.ZS:PRY,1969-12-31,13.577675374145779
WDI:NE.EXP.GNFS.ZS:PRY,1970-12-31,14.917045955072677
WDI:NE.EXP.GNFS.ZS:PRY,1971-12-31,13.375370211139773
WDI:NE.EXP.GNFS.ZS:PRY,1972-12-31,13.7669119392357
WDI:NE.EXP.GNFS.ZS:PRY,1973-12-31,14.963686950421327
WDI:NE.EXP.GNFS.ZS:PRY,1974-12-31,15.508549730118041
WDI:NE.EXP.GNFS.ZS:PRY,1975-12-31,13.208954048277926
WDI:NE.EXP.GNFS.ZS:PRY,1976-12-31,14.660226375607866
WDI:NE.EXP.GNFS.ZS:PRY,1977-12-31,19.453970228972885
WDI:NE.EXP.GNFS.ZS:PRY,1978-12-31,18.420236744361976
WDI:NE.EXP.GNFS.ZS:PRY,1979-12-31,16.05824665399964
WDI:NE.EXP.GNFS.ZS:PRY,1980-12-31,13.845615825600088
WDI:NE.EXP.GNFS.ZS:PRY,1981-12-31,11.162442199610831
WDI:NE.EXP.GNFS.ZS:PRY,1982-12-31,12.137875827634865
WDI:NE.EXP.GNFS.ZS:PRY,1983-12-31,9.25558053041867
WDI:NE.EXP.GNFS.ZS:PRY,1984-12-31,18.37372012909609
WDI:NE.EXP.GNFS.ZS:PRY,1985-12-31,27.081751616529758
WDI:NE.EXP.GNFS.ZS:PRY,1986-12-31,34.286302759185936
WDI:NE.EXP.GNFS.ZS:PRY,1987-12-31,36.37415457159658
WDI:NE.EXP.GNFS.ZS:PRY,1988-12-31,48.38468210146685
WDI:NE.EXP.GNFS.ZS:PRY,1989-12-31,51.88011015480427
WDI:NE.EXP.GNFS.ZS:PRY,1990-12-31,52.2235305170331
WDI:NE.EXP.GNFS.ZS:PRY,1991-12-31,50.84206856951623
WDI:NE.EXP.GNFS.ZS:PRY,1992-12-31,49.83401119671066
WDI:NE.EXP.GNFS.ZS:PRY,1993-12-31,59.9203075195212
WDI:NE.EXP.GNFS.ZS:PRY,1994-12-31,60.820357353321896
WDI:NE.EXP.GNFS.ZS:PRY,1995-12-31,61.775027374930815
WDI:NE.EXP.GNFS.ZS:PRY,1996-12-31,52.740501580260016
WDI:NE.EXP.GNFS.ZS:PRY,1997-12-31,48.46975286926407
WDI:NE.EXP.GNFS.ZS:PRY,1998-12-31,54.63983520094493
WDI:NE.EXP.GNFS.ZS:PRY,1999-12-31,42.792940008868854
WDI:NE.EXP.GNFS.ZS:PRY,2000-12-31,43.33092602949338
WDI:NE.EXP.GNFS.ZS:PRY,2001-12-31,40.64258896082688
WDI:NE.EXP.GNFS.ZS:PRY,2002-12-31,47.47507653873744
WDI:NE.EXP.GNFS.ZS:PRY,2003-12-31,47.14465759631527
WDI:NE.EXP.GNFS.ZS:PRY,2004-12-31,45.687824671848645
WDI:NE.EXP.GNFS.ZS:PRY,2005-12-31,47.59359211198475
WDI:NE.EXP.GNFS.ZS:PRY,2006-12-31,46.293085178055456
WDI:NE.EXP.GNFS.ZS:PRY,2007-12-31,43.37492915594101
WDI:NE.EXP.GNFS.ZS:PRY,2008-12-31,42.438368709399896
WDI:NE.EXP.GNFS.ZS:PRY,2009-12-31,38.097254049195335
WDI:NE.EXP.GNFS.ZS:PRY,2010-12-31,42.13984162561089
WDI:NE.EXP.GNFS.ZS:PRY,2011-12-31,40.238859668657035
WDI:NE.EXP.GNFS.ZS:PRY,2012-12-31,37.99551919822876
WDI:NE.EXP.GNFS.ZS:PRY,2013-12-31,38.713665582239244
WDI:NE.EXP.GNFS.ZS:PRY,2014-12-31,35.46441189876275
WDI:NE.EXP.GNFS.ZS:PRY,2015-12-31,34.734658699949286
WDI:NE.EXP.GNFS.ZS:PRY,2016-12-31,37.143232905214354
WDI:NE.EXP.GNFS.ZS:PRY,2017-12-31,38.169284540390095
WDI:NE.EXP.GNFS.ZS:PRY,2018-12-31,36.85322353644816
WDI:NE.EXP.GNFS.ZS:PRY,2019-12-31,36.08729094344127
WDI:NE.EXP.GNFS.ZS:PRY,2020-12-31,33.27062698502225
WDI:NE.EXP.GNFS.ZS:PRY,2021-12-31,35.487092510142574
WDI:NE.EXP.GNFS.ZS:PRY,2022-12-31,34.3693845850532
WDI:NE.EXP.GNFS.ZS:PRY,2023-12-31,42.257662716231
WDI:NE.EXP.GNFS.ZS:PRY,2024-12-31,37.7135431058066
WDI:NE.EXP.GNFS.ZS:PRY,2025-12-31,37.1780127232973
WDI:NE.EXP.GNFS.ZS:PSE,1994-12-31,14.54296064432174
WDI:NE.EXP.GNFS.ZS:PSE,1995-12-31,17.122578286828315
WDI:NE.EXP.GNFS.ZS:PSE,1996-12-31,16.013608634443923
WDI:NE.EXP.GNFS.ZS:PSE,1997-12-31,17.296132773019842
WDI:NE.EXP.GNFS.ZS:PSE,1998-12-31,18.053984955012538
WDI:NE.EXP.GNFS.ZS:PSE,1999-12-31,17.596928263719796
WDI:NE.EXP.GNFS.ZS:PSE,2000-12-31,20.5165059347181
WDI:NE.EXP.GNFS.ZS:PSE,2001-12-31,15.3832704748108
WDI:NE.EXP.GNFS.ZS:PSE,2002-12-31,13.437201192418021
WDI:NE.EXP.GNFS.ZS:PSE,2003-12-31,12.981350806451614
WDI:NE.EXP.GNFS.ZS:PSE,2004-12-31,12.96517564250179
WDI:NE.EXP.GNFS.ZS:PSE,2005-12-31,14.111243342372749
WDI:NE.EXP.GNFS.ZS:PSE,2006-12-31,13.766991380438645
WDI:NE.EXP.GNFS.ZS:PSE,2007-12-31,18.334852210395997
WDI:NE.EXP.GNFS.ZS:PSE,2008-12-31,15.9362004815058
WDI:NE.EXP.GNFS.ZS:PSE,2009-12-31,14.016102501947882
WDI:NE.EXP.GNFS.ZS:PSE,2010-12-31,14.122811547797346
WDI:NE.EXP.GNFS.ZS:PSE,2011-12-31,16.086035347440124
WDI:NE.EXP.GNFS.ZS:PSE,2012-12-31,15.326332688968252
WDI:NE.EXP.GNFS.ZS:PSE,2013-12-31,15.619843882949205
WDI:NE.EXP.GNFS.ZS:PSE,2014-12-31,15.823069829946318
WDI:NE.EXP.GNFS.ZS:PSE,2015-12-31,16.062380120809596
WDI:NE.EXP.GNFS.ZS:PSE,2016-12-31,14.32679450062965
WDI:NE.EXP.GNFS.ZS:PSE,2017-12-31,15.724206349206348
WDI:NE.EXP.GNFS.ZS:PSE,2018-12-31,15.961564454492953
WDI:NE.EXP.GNFS.ZS:PSE,2019-12-31,15.521055242653281
WDI:NE.EXP.GNFS.ZS:PSE,2020-12-31,15.357623441091445
WDI:NE.EXP.GNFS.ZS:PSE,2021-12-31,17.34110110994533
WDI:NE.EXP.GNFS.ZS:PSE,2022-12-31,18.436252641465135
WDI:NE.EXP.GNFS.ZS:PSE,2023-12-31,16.9958841111666
WDI:NE.EXP.GNFS.ZS:PSE,2024-12-31,21.8525432511909
WDI:NE.EXP.GNFS.ZS:PSE,2025-12-31,21.2278136668395
WDI:NE.EXP.GNFS.ZS:PSS,2023-12-31,42.0457567103024
WDI:NE.EXP.GNFS.ZS:PSS,2024-12-31,41.4777620650859
WDI:NE.EXP.GNFS.ZS:PST,1970-12-31,12.881363744072486
WDI:NE.EXP.GNFS.ZS:PST,1971-12-31,12.995093454433828
WDI:NE.EXP.GNFS.ZS:PST,1972-12-31,13.219204922958374
WDI:NE.EXP.GNFS.ZS:PST,1973-12-31,14.585501861022083
WDI:NE.EXP.GNFS.ZS:PST,1974-12-31,17.191297520501696
WDI:NE.EXP.GNFS.ZS:PST,1975-12-31,16.560077233579868
WDI:NE.EXP.GNFS.ZS:PST,1976-12-31,16.879891585834788
WDI:NE.EXP.GNFS.ZS:PST,1977-12-31,16.952588679239604
WDI:NE.EXP.GNFS.ZS:PST,1978-12-31,16.846905970933992
WDI:NE.EXP.GNFS.ZS:PST,1979-12-31,17.966062621089897
WDI:NE.EXP.GNFS.ZS:PST,1980-12-31,19.152947113607343
WDI:NE.EXP.GNFS.ZS:PST,1981-12-31,18.952910124148424
WDI:NE.EXP.GNFS.ZS:PST,1982-12-31,18.129031427218205
WDI:NE.EXP.GNFS.ZS:PST,1983-12-31,17.339294311222552
WDI:NE.EXP.GNFS.ZS:PST,1984-12-31,17.659264598057295
WDI:NE.EXP.GNFS.ZS:PST,1985-12-31,17.238738009242454
WDI:NE.EXP.GNFS.ZS:PST,1986-12-31,16.446466969556713
WDI:NE.EXP.GNFS.ZS:PST,1987-12-31,16.727786183468073
WDI:NE.EXP.GNFS.ZS:PST,1988-12-31,17.108412985797578
WDI:NE.EXP.GNFS.ZS:PST,1989-12-31,17.647045603878368
WDI:NE.EXP.GNFS.ZS:PST,1990-12-31,18.206904982214184
WDI:NE.EXP.GNFS.ZS:PST,1991-12-31,18.04706751989459
WDI:NE.EXP.GNFS.ZS:PST,1992-12-31,18.10483923361903
WDI:NE.EXP.GNFS.ZS:PST,1993-12-31,17.66615154142328
WDI:NE.EXP.GNFS.ZS:PST,1994-12-31,18.407709814312003
WDI:NE.EXP.GNFS.ZS:PST,1995-12-31,19.638588643724756
WDI:NE.EXP.GNFS.ZS:PST,1996-12-31,20.21063489979801
WDI:NE.EXP.GNFS.ZS:PST,1997-12-31,21.137935466506686
WDI:NE.EXP.GNFS.ZS:PST,1998-12-31,21.03770195835444
WDI:NE.EXP.GNFS.ZS:PST,1999-12-31,20.53813432509273
WDI:NE.EXP.GNFS.ZS:PST,2000-12-31,21.725712915806582
WDI:NE.EXP.GNFS.ZS:PST,2001-12-31,21.198062136386685
WDI:NE.EXP.GNFS.ZS:PST,2002-12-31,21.08848328804139
WDI:NE.EXP.GNFS.ZS:PST,2003-12-31,21.563182927741213
WDI:NE.EXP.GNFS.ZS:PST,2004-12-31,23.156605823567624
WDI:NE.EXP.GNFS.ZS:PST,2005-12-31,24.158800825042285
WDI:NE.EXP.GNFS.ZS:PST,2006-12-31,25.806127790135232
WDI:NE.EXP.GNFS.ZS:PST,2007-12-31,27.162691166495428
WDI:NE.EXP.GNFS.ZS:PST,2008-12-31,28.503680253525914
WDI:NE.EXP.GNFS.ZS:PST,2009-12-31,24.532319950993934
WDI:NE.EXP.GNFS.ZS:PST,2010-12-31,27.056697594885627
WDI:NE.EXP.GNFS.ZS:PST,2011-12-31,29.294799512040715
WDI:NE.EXP.GNFS.ZS:PST,2012-12-31,29.252160457090078
WDI:NE.EXP.GNFS.ZS:PST,2013-12-31,29.76251806607898
WDI:NE.EXP.GNFS.ZS:PST,2014-12-31,29.850428662754965
WDI:NE.EXP.GNFS.ZS:PST,2015-12-31,28.383488271467005
WDI:NE.EXP.GNFS.ZS:PST,2016-12-31,27.57208514065461
WDI:NE.EXP.GNFS.ZS:PST,2017-12-31,28.740651590264232
WDI:NE.EXP.GNFS.ZS:PST,2018-12-31,29.465485346433297
WDI:NE.EXP.GNFS.ZS:PST,2019-12-31,28.657392970852413
WDI:NE.EXP.GNFS.ZS:PST,2020-12-31,26.23240068355855
WDI:NE.EXP.GNFS.ZS:PST,2021-12-31,28.74178429534129
WDI:NE.EXP.GNFS.ZS:PST,2022-12-31,31.084122189442166
WDI:NE.EXP.GNFS.ZS:PST,2023-12-31,29.1498630594373
WDI:NE.EXP.GNFS.ZS:PST,2024-12-31,28.7733646383575
WDI:NE.EXP.GNFS.ZS:PST,2025-12-31,28.9126216845255
WDI:NE.EXP.GNFS.ZS:PYF,1991-12-31,1.2646540610138697
WDI:NE.EXP.GNFS.ZS:PYF,1992-12-31,1.363524552789619
WDI:NE.EXP.GNFS.ZS:PYF,1993-12-31,2.350538137128994
WDI:NE.EXP.GNFS.ZS:PYF,1994-12-31,3.512080082350946
WDI:NE.EXP.GNFS.ZS:PYF,1995-12-31,2.7893056114327885
WDI:NE.EXP.GNFS.ZS:PYF,1996-12-31,3.989068415727886
WDI:NE.EXP.GNFS.ZS:PYF,1997-12-31,4.127261483553738
WDI:NE.EXP.GNFS.ZS:PYF,1998-12-31,3.9541817861047086
WDI:NE.EXP.GNFS.ZS:PYF,1999-12-31,4.867456754319303
WDI:NE.EXP.GNFS.ZS:PYF,2000-12-31,4.69809149754936
WDI:NE.EXP.GNFS.ZS:PYF,2005-12-31,20.460251963554096
WDI:NE.EXP.GNFS.ZS:PYF,2006-12-31,20.254258981138225
WDI:NE.EXP.GNFS.ZS:PYF,2007-12-31,20.37980931597953
WDI:NE.EXP.GNFS.ZS:PYF,2008-12-31,18.932594650884468
WDI:NE.EXP.GNFS.ZS:PYF,2009-12-31,16.712434787085048
WDI:NE.EXP.GNFS.ZS:PYF,2010-12-31,16.378128667565896
WDI:NE.EXP.GNFS.ZS:PYF,2011-12-31,18.232207287242343
WDI:NE.EXP.GNFS.ZS:PYF,2012-12-31,19.277548202853872
WDI:NE.EXP.GNFS.ZS:PYF,2013-12-31,18.51609248635972
WDI:NE.EXP.GNFS.ZS:PYF,2014-12-31,19.70488545943804
WDI:NE.EXP.GNFS.ZS:PYF,2015-12-31,19.61376507475402
WDI:NE.EXP.GNFS.ZS:PYF,2016-12-31,19.61263410831261
WDI:NE.EXP.GNFS.ZS:PYF,2017-12-31,19.55695843036701
WDI:NE.EXP.GNFS.ZS:PYF,2018-12-31,20.979168750221795
WDI:NE.EXP.GNFS.ZS:PYF,2019-12-31,20.592359029642875
WDI:NE.EXP.GNFS.ZS:PYF,2020-12-31,9.49972847640143
WDI:NE.EXP.GNFS.ZS:PYF,2021-12-31,13.44312713924302
WDI:NE.EXP.GNFS.ZS:PYF,2022-12-31,21.817121738598907
WDI:NE.EXP.GNFS.ZS:PYF,2023-12-31,24.0679217423403
WDI:NE.EXP.GNFS.ZS:PYF,2024-12-31,18.3213723539379
WDI:NE.EXP.GNFS.ZS:QAT,1994-12-31,44.87575807843361
WDI:NE.EXP.GNFS.ZS:QAT,1995-12-31,44.33866814311887
WDI:NE.EXP.GNFS.ZS:QAT,1996-12-31,43.72574216781119
WDI:NE.EXP.GNFS.ZS:QAT,1997-12-31,48.28080961200863
WDI:NE.EXP.GNFS.ZS:QAT,1998-12-31,51.09563093807397
WDI:NE.EXP.GNFS.ZS:QAT,1999-12-31,60.040788277803635
WDI:NE.EXP.GNFS.ZS:QAT,2000-12-31,67.28335859913993
WDI:NE.EXP.GNFS.ZS:QAT,2001-12-31,65.89285714285714
WDI:NE.EXP.GNFS.ZS:QAT,2002-12-31,60.342772827875834
WDI:NE.EXP.GNFS.ZS:QAT,2003-12-31,61.69758238679477
WDI:NE.EXP.GNFS.ZS:QAT,2004-12-31,64.16822494632592
WDI:NE.EXP.GNFS.ZS:QAT,2005-12-31,65.08504482050206
WDI:NE.EXP.GNFS.ZS:QAT,2006-12-31,62.81773016682385
WDI:NE.EXP.GNFS.ZS:QAT,2007-12-31,60.277371860266335
WDI:NE.EXP.GNFS.ZS:QAT,2008-12-31,61.36235262153138
WDI:NE.EXP.GNFS.ZS:QAT,2009-12-31,51.13487609063277
WDI:NE.EXP.GNFS.ZS:QAT,2010-12-31,63.073357288729184
WDI:NE.EXP.GNFS.ZS:QAT,2011-12-31,72.61970650169805
WDI:NE.EXP.GNFS.ZS:QAT,2012-12-31,76.47241329620012
WDI:NE.EXP.GNFS.ZS:QAT,2013-12-31,72.71779686439424
WDI:NE.EXP.GNFS.ZS:QAT,2014-12-31,67.99807635434512
WDI:NE.EXP.GNFS.ZS:QAT,2015-12-31,57.0615202477184
WDI:NE.EXP.GNFS.ZS:QAT,2016-12-31,47.71385375834004
WDI:NE.EXP.GNFS.ZS:QAT,2017-12-31,52.88940503171038
WDI:NE.EXP.GNFS.ZS:QAT,2018-12-31,55.94179878322893
WDI:NE.EXP.GNFS.ZS:QAT,2019-12-31,52.18881232164887
WDI:NE.EXP.GNFS.ZS:QAT,2020-12-31,49.11881869961077
WDI:NE.EXP.GNFS.ZS:QAT,2021-12-31,58.725973480071836
WDI:NE.EXP.GNFS.ZS:QAT,2022-12-31,68.59840882442755
WDI:NE.EXP.GNFS.ZS:ROU,1990-12-31,16.726891246065975
WDI:NE.EXP.GNFS.ZS:ROU,1991-12-31,17.60061708788965
WDI:NE.EXP.GNFS.ZS:ROU,1992-12-31,27.79141511311617
WDI:NE.EXP.GNFS.ZS:ROU,1993-12-31,23.016300821529462
WDI:NE.EXP.GNFS.ZS:ROU,1994-12-31,24.901353035395616
WDI:NE.EXP.GNFS.ZS:ROU,1995-12-31,25.630042309410562
WDI:NE.EXP.GNFS.ZS:ROU,1996-12-31,26.45749361152823
WDI:NE.EXP.GNFS.ZS:ROU,1997-12-31,28.197144324924217
WDI:NE.EXP.GNFS.ZS:ROU,1998-12-31,23.015480562153282
WDI:NE.EXP.GNFS.ZS:ROU,1999-12-31,26.661817205549426
WDI:NE.EXP.GNFS.ZS:ROU,2000-12-31,21.58888431382005
WDI:NE.EXP.GNFS.ZS:ROU,2001-12-31,22.105963469214952
WDI:NE.EXP.GNFS.ZS:ROU,2002-12-31,24.013029358744085
WDI:NE.EXP.GNFS.ZS:ROU,2003-12-31,24.21273504879177
WDI:NE.EXP.GNFS.ZS:ROU,2004-12-31,25.743936265035966
WDI:NE.EXP.GNFS.ZS:ROU,2005-12-31,24.535220606152297
WDI:NE.EXP.GNFS.ZS:ROU,2006-12-31,24.771226499040445
WDI:NE.EXP.GNFS.ZS:ROU,2007-12-31,24.710829049515013
WDI:NE.EXP.GNFS.ZS:ROU,2008-12-31,26.155499661561
WDI:NE.EXP.GNFS.ZS:ROU,2009-12-31,26.02237702281099
WDI:NE.EXP.GNFS.ZS:ROU,2010-12-31,31.641593309248357
WDI:NE.EXP.GNFS.ZS:ROU,2011-12-31,35.23660885335513
WDI:NE.EXP.GNFS.ZS:ROU,2012-12-31,35.70836298625902
WDI:NE.EXP.GNFS.ZS:ROU,2013-12-31,40.24536361247178
WDI:NE.EXP.GNFS.ZS:ROU,2014-12-31,41.47671193966258
WDI:NE.EXP.GNFS.ZS:ROU,2015-12-31,41.349193584830566
WDI:NE.EXP.GNFS.ZS:ROU,2016-12-31,42.41633517437366
WDI:NE.EXP.GNFS.ZS:ROU,2017-12-31,42.33427420614297
WDI:NE.EXP.GNFS.ZS:ROU,2018-12-31,41.78419120439953
WDI:NE.EXP.GNFS.ZS:ROU,2019-12-31,40.33520342706572
WDI:NE.EXP.GNFS.ZS:ROU,2020-12-31,36.97114099581752
WDI:NE.EXP.GNFS.ZS:ROU,2021-12-31,40.694387273554796
WDI:NE.EXP.GNFS.ZS:ROU,2022-12-31,43.51310539421628
WDI:NE.EXP.GNFS.ZS:ROU,2023-12-31,39.2445975462886
WDI:NE.EXP.GNFS.ZS:ROU,2024-12-31,35.6030266999465
WDI:NE.EXP.GNFS.ZS:ROU,2025-12-31,35.4843123183415
WDI:NE.EXP.GNFS.ZS:RUS,1989-12-31,21.902268760907504
WDI:NE.EXP.GNFS.ZS:RUS,1990-12-31,18.162061471592672
WDI:NE.EXP.GNFS.ZS:RUS,1991-12-31,13.271362173757598
WDI:NE.EXP.GNFS.ZS:RUS,1992-12-31,62.3224618621778
WDI:NE.EXP.GNFS.ZS:RUS,1993-12-31,38.20459448428663
WDI:NE.EXP.GNFS.ZS:RUS,1994-12-31,27.75837904216128
WDI:NE.EXP.GNFS.ZS:RUS,1995-12-31,29.2890113495619
WDI:NE.EXP.GNFS.ZS:RUS,1996-12-31,26.07298813029083
WDI:NE.EXP.GNFS.ZS:RUS,1997-12-31,24.729841529228853
WDI:NE.EXP.GNFS.ZS:RUS,1998-12-31,31.221205473179996
WDI:NE.EXP.GNFS.ZS:RUS,1999-12-31,43.21996851282444
WDI:NE.EXP.GNFS.ZS:RUS,2000-12-31,44.060441305514615
WDI:NE.EXP.GNFS.ZS:RUS,2001-12-31,36.893493596033736
WDI:NE.EXP.GNFS.ZS:RUS,2002-12-31,35.212594063062646
WDI:NE.EXP.GNFS.ZS:RUS,2003-12-31,35.24998177578062
WDI:NE.EXP.GNFS.ZS:RUS,2004-12-31,34.41789105545975
WDI:NE.EXP.GNFS.ZS:RUS,2005-12-31,35.20306596511812
WDI:NE.EXP.GNFS.ZS:RUS,2006-12-31,33.730475443976204
WDI:NE.EXP.GNFS.ZS:RUS,2007-12-31,30.164060484536996
WDI:NE.EXP.GNFS.ZS:RUS,2008-12-31,31.309560333568875
WDI:NE.EXP.GNFS.ZS:RUS,2009-12-31,27.938101204152066
WDI:NE.EXP.GNFS.ZS:RUS,2010-12-31,29.215560784975786
WDI:NE.EXP.GNFS.ZS:RUS,2011-12-31,28.05536147985494
WDI:NE.EXP.GNFS.ZS:RUS,2012-12-31,26.907320339366315
WDI:NE.EXP.GNFS.ZS:RUS,2013-12-31,25.845336826255007
WDI:NE.EXP.GNFS.ZS:RUS,2014-12-31,27.1110970517525
WDI:NE.EXP.GNFS.ZS:RUS,2015-12-31,28.703389442923953
WDI:NE.EXP.GNFS.ZS:RUS,2016-12-31,25.854482976916728
WDI:NE.EXP.GNFS.ZS:RUS,2017-12-31,26.090880979756804
WDI:NE.EXP.GNFS.ZS:RUS,2018-12-31,30.793256802074296
WDI:NE.EXP.GNFS.ZS:RUS,2019-12-31,28.433430679975878
WDI:NE.EXP.GNFS.ZS:RUS,2020-12-31,25.522185511354927
WDI:NE.EXP.GNFS.ZS:RUS,2021-12-31,30.002419536404055
WDI:NE.EXP.GNFS.ZS:RUS,2022-12-31,27.720303352680308
WDI:NE.EXP.GNFS.ZS:RUS,2023-12-31,22.7699393140297
WDI:NE.EXP.GNFS.ZS:RUS,2024-12-31,21.8563659146375
WDI:NE.EXP.GNFS.ZS:RUS,2025-12-31,18.2030774281844
WDI:NE.EXP.GNFS.ZS:RWA,1960-12-31,12.436972281619035
WDI:NE.EXP.GNFS.ZS:RWA,1961-12-31,11.47540833109399
WDI:NE.EXP.GNFS.ZS:RWA,1962-12-31,9.279999406080037
WDI:NE.EXP.GNFS.ZS:RWA,1963-12-31,5.9375
WDI:NE.EXP.GNFS.ZS:RWA,1964-12-31,12.00000055384618
WDI:NE.EXP.GNFS.ZS:RWA,1965-12-31,12.096775819459115
WDI:NE.EXP.GNFS.ZS:RWA,1966-12-31,11.279368693040444
WDI:NE.EXP.GNFS.ZS:RWA,1967-12-31,10.512031905135535
WDI:NE.EXP.GNFS.ZS:RWA,1968-12-31,8.739835904082193
WDI:NE.EXP.GNFS.ZS:RWA,1969-12-31,7.678853290314935
WDI:NE.EXP.GNFS.ZS:RWA,1970-12-31,11.505228881167016
WDI:NE.EXP.GNFS.ZS:RWA,1971-12-31,10.21142663448361
WDI:NE.EXP.GNFS.ZS:RWA,1972-12-31,8.281938617865677
WDI:NE.EXP.GNFS.ZS:RWA,1973-12-31,11.598361540916455
WDI:NE.EXP.GNFS.ZS:RWA,1974-12-31,12.168757731759532
WDI:NE.EXP.GNFS.ZS:RWA,1975-12-31,9.171881594567113
WDI:NE.EXP.GNFS.ZS:RWA,1976-12-31,14.578953413609366
WDI:NE.EXP.GNFS.ZS:RWA,1977-12-31,14.267766118540617
WDI:NE.EXP.GNFS.ZS:RWA,1978-12-31,14.780998002497462
WDI:NE.EXP.GNFS.ZS:RWA,1979-12-31,21.04606313384189
WDI:NE.EXP.GNFS.ZS:RWA,1980-12-31,14.436521583244824
WDI:NE.EXP.GNFS.ZS:RWA,1981-12-31,9.825505543260808
WDI:NE.EXP.GNFS.ZS:RWA,1982-12-31,11.5525587504753
WDI:NE.EXP.GNFS.ZS:RWA,1983-12-31,11.581767489545964
WDI:NE.EXP.GNFS.ZS:RWA,1984-12-31,12.63143363405408
WDI:NE.EXP.GNFS.ZS:RWA,1985-12-31,10.782506693740535
WDI:NE.EXP.GNFS.ZS:RWA,1986-12-31,12.58431791554554
WDI:NE.EXP.GNFS.ZS:RWA,1987-12-31,7.450052524659425
WDI:NE.EXP.GNFS.ZS:RWA,1988-12-31,6.6195598092765335
WDI:NE.EXP.GNFS.ZS:RWA,1989-12-31,6.139288951375632
WDI:NE.EXP.GNFS.ZS:RWA,1990-12-31,5.6146091553814195
WDI:NE.EXP.GNFS.ZS:RWA,1991-12-31,7.316604442660463
WDI:NE.EXP.GNFS.ZS:RWA,1992-12-31,5.56840818985812
WDI:NE.EXP.GNFS.ZS:RWA,1993-12-31,5.175245978923739
WDI:NE.EXP.GNFS.ZS:RWA,1994-12-31,6.30258595021786
WDI:NE.EXP.GNFS.ZS:RWA,1995-12-31,5.150791912731048
WDI:NE.EXP.GNFS.ZS:RWA,1996-12-31,6.031370020809405
WDI:NE.EXP.GNFS.ZS:RWA,1997-12-31,7.797339361797791
WDI:NE.EXP.GNFS.ZS:RWA,1998-12-31,5.585063576159696
WDI:NE.EXP.GNFS.ZS:RWA,1999-12-31,5.412855227733015
WDI:NE.EXP.GNFS.ZS:RWA,2000-12-31,5.377178491783417
WDI:NE.EXP.GNFS.ZS:RWA,2001-12-31,7.2689843031187795
WDI:NE.EXP.GNFS.ZS:RWA,2002-12-31,6.180679697069378
WDI:NE.EXP.GNFS.ZS:RWA,2003-12-31,7.776653925668409
WDI:NE.EXP.GNFS.ZS:RWA,2004-12-31,10.393522042721541
WDI:NE.EXP.GNFS.ZS:RWA,2005-12-31,10.687984793451804
WDI:NE.EXP.GNFS.ZS:RWA,2006-12-31,10.883416595342933
WDI:NE.EXP.GNFS.ZS:RWA,2007-12-31,13.667823882771204
WDI:NE.EXP.GNFS.ZS:RWA,2008-12-31,11.272754907071423
WDI:NE.EXP.GNFS.ZS:RWA,2009-12-31,10.36748281229304
WDI:NE.EXP.GNFS.ZS:RWA,2010-12-31,10.742764731127389
WDI:NE.EXP.GNFS.ZS:RWA,2011-12-31,12.658870575220908
WDI:NE.EXP.GNFS.ZS:RWA,2012-12-31,11.99427815205711
WDI:NE.EXP.GNFS.ZS:RWA,2013-12-31,13.492535804566582
WDI:NE.EXP.GNFS.ZS:RWA,2014-12-31,13.86866158020809
WDI:NE.EXP.GNFS.ZS:RWA,2015-12-31,13.231786835961584
WDI:NE.EXP.GNFS.ZS:RWA,2016-12-31,15.42180315628883
WDI:NE.EXP.GNFS.ZS:RWA,2017-12-31,20.5283808772972
WDI:NE.EXP.GNFS.ZS:RWA,2018-12-31,21.10801098862
WDI:NE.EXP.GNFS.ZS:RWA,2019-12-31,21.825443539005587
WDI:NE.EXP.GNFS.ZS:RWA,2020-12-31,19.325941834272626
WDI:NE.EXP.GNFS.ZS:RWA,2021-12-31,19.502494693488025
WDI:NE.EXP.GNFS.ZS:RWA,2022-12-31,22.478061514691134
WDI:NE.EXP.GNFS.ZS:RWA,2023-12-31,23.7006060278177
WDI:NE.EXP.GNFS.ZS:RWA,2024-12-31,28.4212300769621
WDI:NE.EXP.GNFS.ZS:RWA,2025-12-31,21.5547314535693
WDI:NE.EXP.GNFS.ZS:SAS,1960-12-31,5.978405866893908
WDI:NE.EXP.GNFS.ZS:SAS,1961-12-31,5.845887323528986
WDI:NE.EXP.GNFS.ZS:SAS,1962-12-31,5.666066141386835
WDI:NE.EXP.GNFS.ZS:SAS,1963-12-31,5.441272114637273
WDI:NE.EXP.GNFS.ZS:SAS,1964-12-31,4.811508521727586
WDI:NE.EXP.GNFS.ZS:SAS,1965-12-31,4.533030324675834
WDI:NE.EXP.GNFS.ZS:SAS,1966-12-31,5.547118477052206
WDI:NE.EXP.GNFS.ZS:SAS,1967-12-31,5.287971951829715
WDI:NE.EXP.GNFS.ZS:SAS,1968-12-31,5.121768561772452
WDI:NE.EXP.GNFS.ZS:SAS,1969-12-31,4.766423958479015
WDI:NE.EXP.GNFS.ZS:SAS,1970-12-31,5.075739199308087
WDI:NE.EXP.GNFS.ZS:SAS,1971-12-31,4.662116500228826
WDI:NE.EXP.GNFS.ZS:SAS,1972-12-31,4.812486280508473
WDI:NE.EXP.GNFS.ZS:SAS,1973-12-31,5.0866499302986465
WDI:NE.EXP.GNFS.ZS:SAS,1974-12-31,5.448550201718499
WDI:NE.EXP.GNFS.ZS:SAS,1975-12-31,6.005787536956938
WDI:NE.EXP.GNFS.ZS:SAS,1976-12-31,7.348655350820533
WDI:NE.EXP.GNFS.ZS:SAS,1977-12-31,7.40678323437384
WDI:NE.EXP.GNFS.ZS:SAS,1978-12-31,6.888205901134705
WDI:NE.EXP.GNFS.ZS:SAS,1979-12-31,7.366042217119678
WDI:NE.EXP.GNFS.ZS:SAS,1980-12-31,6.722285267698804
WDI:NE.EXP.GNFS.ZS:SAS,1981-12-31,6.513692406373179
WDI:NE.EXP.GNFS.ZS:SAS,1982-12-31,6.505631360994049
WDI:NE.EXP.GNFS.ZS:SAS,1983-12-31,6.384352603831406
WDI:NE.EXP.GNFS.ZS:SAS,1984-12-31,6.758676894364138
WDI:NE.EXP.GNFS.ZS:SAS,1985-12-31,5.877932845558453
WDI:NE.EXP.GNFS.ZS:SAS,1986-12-31,5.764563942145158
WDI:NE.EXP.GNFS.ZS:SAS,1987-12-31,6.123946023391939
WDI:NE.EXP.GNFS.ZS:SAS,1988-12-31,6.562139806070821
WDI:NE.EXP.GNFS.ZS:SAS,1989-12-31,7.462705740694106
WDI:NE.EXP.GNFS.ZS:SAS,1990-12-31,7.607976171621908
WDI:NE.EXP.GNFS.ZS:SAS,1991-12-31,9.059480927022726
WDI:NE.EXP.GNFS.ZS:SAS,1992-12-31,9.596288184033162
WDI:NE.EXP.GNFS.ZS:SAS,1993-12-31,10.74945717681807
WDI:NE.EXP.GNFS.ZS:SAS,1994-12-31,10.793162890380984
WDI:NE.EXP.GNFS.ZS:SAS,1995-12-31,11.932516972404864
WDI:NE.EXP.GNFS.ZS:SAS,1996-12-31,11.337187929236189
WDI:NE.EXP.GNFS.ZS:SAS,1997-12-31,11.796157460402558
WDI:NE.EXP.GNFS.ZS:SAS,1998-12-31,12.17772368223861
WDI:NE.EXP.GNFS.ZS:SAS,1999-12-31,12.462582271969287
WDI:NE.EXP.GNFS.ZS:SAS,2000-12-31,14.006870153822573
WDI:NE.EXP.GNFS.ZS:SAS,2001-12-31,13.604535643355062
WDI:NE.EXP.GNFS.ZS:SAS,2002-12-31,14.881510892250885
WDI:NE.EXP.GNFS.ZS:SAS,2003-12-31,15.369163998775113
WDI:NE.EXP.GNFS.ZS:SAS,2004-12-31,17.96798763454978
WDI:NE.EXP.GNFS.ZS:SAS,2005-12-31,19.749811510577636
WDI:NE.EXP.GNFS.ZS:SAS,2006-12-31,21.37311194086229
WDI:NE.EXP.GNFS.ZS:SAS,2007-12-31,20.983123921880377
WDI:NE.EXP.GNFS.ZS:SAS,2008-12-31,23.86407917673465
WDI:NE.EXP.GNFS.ZS:SAS,2009-12-31,20.371356301767264
WDI:NE.EXP.GNFS.ZS:SAS,2010-12-31,22.111783019450915
WDI:NE.EXP.GNFS.ZS:SAS,2011-12-31,24.262768150984286
WDI:NE.EXP.GNFS.ZS:SAS,2012-12-31,24.24266187481483
WDI:NE.EXP.GNFS.ZS:SAS,2013-12-31,24.937536443088007
WDI:NE.EXP.GNFS.ZS:SAS,2014-12-31,22.658441739623093
WDI:NE.EXP.GNFS.ZS:SAS,2015-12-31,19.626462746906846
WDI:NE.EXP.GNFS.ZS:SAS,2016-12-31,18.65454682334428
WDI:NE.EXP.GNFS.ZS:SAS,2017-12-31,18.248855801513635
WDI:NE.EXP.GNFS.ZS:SAS,2018-12-31,19.1957804820547
WDI:NE.EXP.GNFS.ZS:SAS,2019-12-31,18.138769177312376
WDI:NE.EXP.GNFS.ZS:SAS,2020-12-31,17.542230456387042
WDI:NE.EXP.GNFS.ZS:SAS,2021-12-31,20.01149265534889
WDI:NE.EXP.GNFS.ZS:SAS,2022-12-31,21.927408901984645
WDI:NE.EXP.GNFS.ZS:SAS,2023-12-31,21.2646158940211
WDI:NE.EXP.GNFS.ZS:SAS,2024-12-31,20.7687457207034
WDI:NE.EXP.GNFS.ZS:SAS,2025-12-31,21.0377211836739
WDI:NE.EXP.GNFS.ZS:SAU,1968-12-31,47.73368608756199
WDI:NE.EXP.GNFS.ZS:SAU,1969-12-31,48.19018423234473
WDI:NE.EXP.GNFS.ZS:SAU,1970-12-31,50.801719150343004
WDI:NE.EXP.GNFS.ZS:SAU,1971-12-31,53.98455191239879
WDI:NE.EXP.GNFS.ZS:SAU,1972-12-31,61.583782704214094
WDI:NE.EXP.GNFS.ZS:SAU,1973-12-31,99.70399249151686
WDI:NE.EXP.GNFS.ZS:SAU,1974-12-31,62.93606093687971
WDI:NE.EXP.GNFS.ZS:SAU,1975-12-31,73.33373852792803
WDI:NE.EXP.GNFS.ZS:SAU,1976-12-31,59.72957422324511
WDI:NE.EXP.GNFS.ZS:SAU,1977-12-31,57.420627788972965
WDI:NE.EXP.GNFS.ZS:SAU,1978-12-31,49.31671009378058
WDI:NE.EXP.GNFS.ZS:SAU,1979-12-31,54.85638589341859
WDI:NE.EXP.GNFS.ZS:SAU,1980-12-31,63.45580135225739
WDI:NE.EXP.GNFS.ZS:SAU,1981-12-31,62.818692680234925
WDI:NE.EXP.GNFS.ZS:SAU,1982-12-31,50.7317249597399
WDI:NE.EXP.GNFS.ZS:SAU,1983-12-31,38.46865701071954
WDI:NE.EXP.GNFS.ZS:SAU,1984-12-31,34.521940041465236
WDI:NE.EXP.GNFS.ZS:SAU,1985-12-31,30.071110071800977
WDI:NE.EXP.GNFS.ZS:SAU,1986-12-31,26.702999813676172
WDI:NE.EXP.GNFS.ZS:SAU,1987-12-31,30.861774026192546
WDI:NE.EXP.GNFS.ZS:SAU,1988-12-31,31.323766561075157
WDI:NE.EXP.GNFS.ZS:SAU,1989-12-31,33.74567655748953
WDI:NE.EXP.GNFS.ZS:SAU,1990-12-31,40.33482776232904
WDI:NE.EXP.GNFS.ZS:SAU,1991-12-31,38.308399437775655
WDI:NE.EXP.GNFS.ZS:SAU,1992-12-31,39.10680685789082
WDI:NE.EXP.GNFS.ZS:SAU,1993-12-31,34.35281596096112
WDI:NE.EXP.GNFS.ZS:SAU,1994-12-31,34.000948185607335
WDI:NE.EXP.GNFS.ZS:SAU,1995-12-31,37.337841362095304
WDI:NE.EXP.GNFS.ZS:SAU,1996-12-31,40.02282094478038
WDI:NE.EXP.GNFS.ZS:SAU,1997-12-31,39.158597920628644
WDI:NE.EXP.GNFS.ZS:SAU,1998-12-31,29.632381796776208
WDI:NE.EXP.GNFS.ZS:SAU,1999-12-31,34.666470988838114
WDI:NE.EXP.GNFS.ZS:SAU,2000-12-31,43.40526903069028
WDI:NE.EXP.GNFS.ZS:SAU,2001-12-31,39.633694222871014
WDI:NE.EXP.GNFS.ZS:SAU,2002-12-31,40.94880327191001
WDI:NE.EXP.GNFS.ZS:SAU,2003-12-31,45.85414918711594
WDI:NE.EXP.GNFS.ZS:SAU,2004-12-31,50.98533108381781
WDI:NE.EXP.GNFS.ZS:SAU,2005-12-31,57.05074298955696
WDI:NE.EXP.GNFS.ZS:SAU,2006-12-31,59.83190824454424
WDI:NE.EXP.GNFS.ZS:SAU,2007-12-31,59.93744013928421
WDI:NE.EXP.GNFS.ZS:SAU,2008-12-31,62.11150203310216
WDI:NE.EXP.GNFS.ZS:SAU,2009-12-31,47.08862065343912
WDI:NE.EXP.GNFS.ZS:SAU,2010-12-31,49.56971452631239
WDI:NE.EXP.GNFS.ZS:SAU,2011-12-31,55.27334613657787
WDI:NE.EXP.GNFS.ZS:SAU,2012-12-31,53.119847643636476
WDI:NE.EXP.GNFS.ZS:SAU,2013-12-31,50.372516441579386
WDI:NE.EXP.GNFS.ZS:SAU,2014-12-31,45.09584582278619
WDI:NE.EXP.GNFS.ZS:SAU,2015-12-31,31.440131615380356
WDI:NE.EXP.GNFS.ZS:SAU,2016-12-31,29.143089711459076
WDI:NE.EXP.GNFS.ZS:SAU,2017-12-31,32.36253789911891
WDI:NE.EXP.GNFS.ZS:SAU,2018-12-31,35.520983162576876
WDI:NE.EXP.GNFS.ZS:SAU,2019-12-31,32.159204977113035
WDI:NE.EXP.GNFS.ZS:SAU,2020-12-31,23.809811526218503
WDI:NE.EXP.GNFS.ZS:SAU,2021-12-31,29.15566140268371
WDI:NE.EXP.GNFS.ZS:SAU,2022-12-31,35.98500989555221
WDI:NE.EXP.GNFS.ZS:SAU,2023-12-31,30.7559610678442
WDI:NE.EXP.GNFS.ZS:SAU,2024-12-31,29.3880027930942
WDI:NE.EXP.GNFS.ZS:SAU,2025-12-31,29.7448740074211
WDI:NE.EXP.GNFS.ZS:SDN,1960-12-31,14.558898521162671
WDI:NE.EXP.GNFS.ZS:SDN,1961-12-31,13.316110850164398
WDI:NE.EXP.GNFS.ZS:SDN,1962-12-31,14.616216216216216
WDI:NE.EXP.GNFS.ZS:SDN,1963-12-31,16.705632306057385
WDI:NE.EXP.GNFS.ZS:SDN,1964-12-31,15.53578816714936
WDI:NE.EXP.GNFS.ZS:SDN,1965-12-31,14.231838030964669
WDI:NE.EXP.GNFS.ZS:SDN,1966-12-31,14.316115302766494
WDI:NE.EXP.GNFS.ZS:SDN,1967-12-31,15.115240307307488
WDI:NE.EXP.GNFS.ZS:SDN,1968-12-31,15.11468675111263
WDI:NE.EXP.GNFS.ZS:SDN,1969-12-31,15.700295352090782
WDI:NE.EXP.GNFS.ZS:SDN,1970-12-31,16.340763024750444
WDI:NE.EXP.GNFS.ZS:SDN,1971-12-31,15.637550200803213
WDI:NE.EXP.GNFS.ZS:SDN,1972-12-31,16.018968309044645
WDI:NE.EXP.GNFS.ZS:SDN,1973-12-31,14.848343443770414
WDI:NE.EXP.GNFS.ZS:SDN,1974-12-31,12.709466811751904
WDI:NE.EXP.GNFS.ZS:SDN,1975-12-31,12.093604858878171
WDI:NE.EXP.GNFS.ZS:SDN,1976-12-31,11.223612570446079
WDI:NE.EXP.GNFS.ZS:SDN,1977-12-31,9.375
WDI:NE.EXP.GNFS.ZS:SDN,1978-12-31,7.919953066944789
WDI:NE.EXP.GNFS.ZS:SDN,1979-12-31,9.95599103213485
WDI:NE.EXP.GNFS.ZS:SDN,1980-12-31,10.500681427198998
WDI:NE.EXP.GNFS.ZS:SDN,1981-12-31,9.650742940814323
WDI:NE.EXP.GNFS.ZS:SDN,1982-12-31,9.98075998075998
WDI:NE.EXP.GNFS.ZS:SDN,1983-12-31,10.561537311200837
WDI:NE.EXP.GNFS.ZS:SDN,1984-12-31,8.46715113496639
WDI:NE.EXP.GNFS.ZS:SDN,1985-12-31,5.7509567012082385
WDI:NE.EXP.GNFS.ZS:SDN,1986-12-31,4.756148312558213
WDI:NE.EXP.GNFS.ZS:SDN,1987-12-31,5.512679162072767
WDI:NE.EXP.GNFS.ZS:SDN,1988-12-31,3.788083770766816
WDI:NE.EXP.GNFS.ZS:SDN,1989-12-31,5.345845032775739
WDI:NE.EXP.GNFS.ZS:SDN,1990-12-31,4.02284234619564
WDI:NE.EXP.GNFS.ZS:SDN,1991-12-31,3.3361650050937546
WDI:NE.EXP.GNFS.ZS:SDN,1992-12-31,5.245696820909225
WDI:NE.EXP.GNFS.ZS:SDN,1993-12-31,4.2300750917841485
WDI:NE.EXP.GNFS.ZS:SDN,1994-12-31,4.690437469456761
WDI:NE.EXP.GNFS.ZS:SDN,1995-12-31,4.969441971112983
WDI:NE.EXP.GNFS.ZS:SDN,1996-12-31,6.16027363926995
WDI:NE.EXP.GNFS.ZS:SDN,1997-12-31,5.343646745040406
WDI:NE.EXP.GNFS.ZS:SDN,1998-12-31,6.702106506978951
WDI:NE.EXP.GNFS.ZS:SDN,1999-12-31,7.779407238222283
WDI:NE.EXP.GNFS.ZS:SDN,2000-12-31,15.984557057728335
WDI:NE.EXP.GNFS.ZS:SDN,2001-12-31,9.560517861946801
WDI:NE.EXP.GNFS.ZS:SDN,2002-12-31,11.40958295368733
WDI:NE.EXP.GNFS.ZS:SDN,2003-12-31,12.252534118264785
WDI:NE.EXP.GNFS.ZS:SDN,2004-12-31,14.300391937677043
WDI:NE.EXP.GNFS.ZS:SDN,2005-12-31,14.458821843368987
WDI:NE.EXP.GNFS.ZS:SDN,2006-12-31,15.094925300160098
WDI:NE.EXP.GNFS.ZS:SDN,2007-12-31,16.90053412416891
WDI:NE.EXP.GNFS.ZS:SDN,2008-12-31,20.265431625962236
WDI:NE.EXP.GNFS.ZS:SDN,2009-12-31,14.554197994025314
WDI:NE.EXP.GNFS.ZS:SDN,2010-12-31,17.475606345745312
WDI:NE.EXP.GNFS.ZS:SDN,2011-12-31,12.478706028252127
WDI:NE.EXP.GNFS.ZS:SDN,2012-12-31,6.856452636730867
WDI:NE.EXP.GNFS.ZS:SDN,2013-12-31,9.506891168390135
WDI:NE.EXP.GNFS.ZS:SDN,2014-12-31,7.6089111228327555
WDI:NE.EXP.GNFS.ZS:SDN,2015-12-31,6.422910929185726
WDI:NE.EXP.GNFS.ZS:SDN,2016-12-31,5.004491007382467
WDI:NE.EXP.GNFS.ZS:SDN,2017-12-31,6.112144258212926
WDI:NE.EXP.GNFS.ZS:SDN,2018-12-31,7.650201984663925
WDI:NE.EXP.GNFS.ZS:SDN,2019-12-31,8.45298341762853
WDI:NE.EXP.GNFS.ZS:SDN,2020-12-31,5.125312694685977
WDI:NE.EXP.GNFS.ZS:SDN,2021-12-31,2.249870427799298
WDI:NE.EXP.GNFS.ZS:SDN,2022-12-31,1.5711618305558648
WDI:NE.EXP.GNFS.ZS:SDN,2023-12-31,1.10810859308483
WDI:NE.EXP.GNFS.ZS:SDN,2024-12-31,0.720930190156301
WDI:NE.EXP.GNFS.ZS:SDN,2025-12-31,1.1030420269355
WDI:NE.EXP.GNFS.ZS:SEN,1960-12-31,11.51147733395174
WDI:NE.EXP.GNFS.ZS:SEN,1961-12-31,14.514196658690764
WDI:NE.EXP.GNFS.ZS:SEN,1962-12-31,13.916371739309099
WDI:NE.EXP.GNFS.ZS:SEN,1963-12-31,12.076608371967929
WDI:NE.EXP.GNFS.ZS:SEN,1964-12-31,11.97278631891421
WDI:NE.EXP.GNFS.ZS:SEN,1965-12-31,12.01893637114894
WDI:NE.EXP.GNFS.ZS:SEN,1966-12-31,12.726996411058897
WDI:NE.EXP.GNFS.ZS:SEN,1967-12-31,11.71165660452238
WDI:NE.EXP.GNFS.ZS:SEN,1968-12-31,13.5343026042449
WDI:NE.EXP.GNFS.ZS:SEN,1969-12-31,14.698639210919104
WDI:NE.EXP.GNFS.ZS:SEN,1970-12-31,16.093534037010034
WDI:NE.EXP.GNFS.ZS:SEN,1971-12-31,15.32767577148008
WDI:NE.EXP.GNFS.ZS:SEN,1972-12-31,18.135986783296964
WDI:NE.EXP.GNFS.ZS:SEN,1973-12-31,16.857624417236668
WDI:NE.EXP.GNFS.ZS:SEN,1974-12-31,25.294616090256323
WDI:NE.EXP.GNFS.ZS:SEN,1975-12-31,21.548828546140523
WDI:NE.EXP.GNFS.ZS:SEN,1976-12-31,21.475750586242093
WDI:NE.EXP.GNFS.ZS:SEN,1977-12-31,25.61551842546999
WDI:NE.EXP.GNFS.ZS:SEN,1978-12-31,17.89055418126568
WDI:NE.EXP.GNFS.ZS:SEN,1979-12-31,18.842476862412006
WDI:NE.EXP.GNFS.ZS:SEN,1980-12-31,16.109604875587483
WDI:NE.EXP.GNFS.ZS:SEN,1981-12-31,21.348600823593287
WDI:NE.EXP.GNFS.ZS:SEN,1982-12-31,19.6180854743934
WDI:NE.EXP.GNFS.ZS:SEN,1983-12-31,23.729967128723683
WDI:NE.EXP.GNFS.ZS:SEN,1984-12-31,22.892609724182496
WDI:NE.EXP.GNFS.ZS:SEN,1985-12-31,18.734464813057286
WDI:NE.EXP.GNFS.ZS:SEN,1986-12-31,16.56095996245982
WDI:NE.EXP.GNFS.ZS:SEN,1987-12-31,14.32744281320204
WDI:NE.EXP.GNFS.ZS:SEN,1988-12-31,15.025115666787423
WDI:NE.EXP.GNFS.ZS:SEN,1989-12-31,16.383933776989252
WDI:NE.EXP.GNFS.ZS:SEN,1990-12-31,17.056101645599355
WDI:NE.EXP.GNFS.ZS:SEN,1991-12-31,15.515729353023811
WDI:NE.EXP.GNFS.ZS:SEN,1992-12-31,14.989071255882616
WDI:NE.EXP.GNFS.ZS:SEN,1993-12-31,13.554006603149007
WDI:NE.EXP.GNFS.ZS:SEN,1994-12-31,21.221439084373333
WDI:NE.EXP.GNFS.ZS:SEN,1995-12-31,20.65685941950142
WDI:NE.EXP.GNFS.ZS:SEN,1996-12-31,18.084165394101763
WDI:NE.EXP.GNFS.ZS:SEN,1997-12-31,18.332932613660503
WDI:NE.EXP.GNFS.ZS:SEN,1998-12-31,18.584965904791105
WDI:NE.EXP.GNFS.ZS:SEN,1999-12-31,19.00425741308226
WDI:NE.EXP.GNFS.ZS:SEN,2000-12-31,17.764149598197733
WDI:NE.EXP.GNFS.ZS:SEN,2001-12-31,17.700680104360238
WDI:NE.EXP.GNFS.ZS:SEN,2002-12-31,19.616880051819706
WDI:NE.EXP.GNFS.ZS:SEN,2003-12-31,18.21802668373332
WDI:NE.EXP.GNFS.ZS:SEN,2004-12-31,19.101662875790044
WDI:NE.EXP.GNFS.ZS:SEN,2005-12-31,19.80663757070128
WDI:NE.EXP.GNFS.ZS:SEN,2006-12-31,19.25208464436903
WDI:NE.EXP.GNFS.ZS:SEN,2007-12-31,20.554388227222283
WDI:NE.EXP.GNFS.ZS:SEN,2008-12-31,20.84630126157063
WDI:NE.EXP.GNFS.ZS:SEN,2009-12-31,19.393866552884866
WDI:NE.EXP.GNFS.ZS:SEN,2010-12-31,19.98123882749521
WDI:NE.EXP.GNFS.ZS:SEN,2011-12-31,21.303548885652006
WDI:NE.EXP.GNFS.ZS:SEN,2012-12-31,22.47437442157385
WDI:NE.EXP.GNFS.ZS:SEN,2013-12-31,22.349742309905917
WDI:NE.EXP.GNFS.ZS:SEN,2014-12-31,21.778296741322464
WDI:NE.EXP.GNFS.ZS:SEN,2015-12-31,22.67719450167243
WDI:NE.EXP.GNFS.ZS:SEN,2016-12-31,21.56085809626818
WDI:NE.EXP.GNFS.ZS:SEN,2017-12-31,21.93008314771671
WDI:NE.EXP.GNFS.ZS:SEN,2018-12-31,22.94909147833076
WDI:NE.EXP.GNFS.ZS:SEN,2019-12-31,24.983134197386516
WDI:NE.EXP.GNFS.ZS:SEN,2020-12-31,20.700552855570557
WDI:NE.EXP.GNFS.ZS:SEN,2021-12-31,24.6396021156771
WDI:NE.EXP.GNFS.ZS:SEN,2022-12-31,26.699164224050804
WDI:NE.EXP.GNFS.ZS:SEN,2023-12-31,23.1064628813737
WDI:NE.EXP.GNFS.ZS:SEN,2024-12-31,25.4821491435337
WDI:NE.EXP.GNFS.ZS:SEN,2025-12-31,32.4878683497667
WDI:NE.EXP.GNFS.ZS:SGP,1960-12-31,162.82562343561696
WDI:NE.EXP.GNFS.ZS:SGP,1961-12-31,142.42320673302856
WDI:NE.EXP.GNFS.ZS:SGP,1962-12-31,138.12121930969045
WDI:NE.EXP.GNFS.ZS:SGP,1963-12-31,141.15343538625845
WDI:NE.EXP.GNFS.ZS:SGP,1964-12-31,122.08461201227531
WDI:NE.EXP.GNFS.ZS:SGP,1965-12-31,123.23702909237164
WDI:NE.EXP.GNFS.ZS:SGP,1966-12-31,123.2779168156358
WDI:NE.EXP.GNFS.ZS:SGP,1967-12-31,114.29325312013509
WDI:NE.EXP.GNFS.ZS:SGP,1968-12-31,125.65988452020895
WDI:NE.EXP.GNFS.ZS:SGP,1969-12-31,132.12563714010196
WDI:NE.EXP.GNFS.ZS:SGP,1970-12-31,126.02690796523395
WDI:NE.EXP.GNFS.ZS:SGP,1971-12-31,119.46348432156309
WDI:NE.EXP.GNFS.ZS:SGP,1972-12-31,106.7390963949749
WDI:NE.EXP.GNFS.ZS:SGP,1973-12-31,118.33660394782409
WDI:NE.EXP.GNFS.ZS:SGP,1974-12-31,149.47160870988355
WDI:NE.EXP.GNFS.ZS:SGP,1975-12-31,137.12150458528484
WDI:NE.EXP.GNFS.ZS:SGP,1976-12-31,149.4807843555461
WDI:NE.EXP.GNFS.ZS:SGP,1977-12-31,162.75897072132673
WDI:NE.EXP.GNFS.ZS:SGP,1978-12-31,165.43839366540513
WDI:NE.EXP.GNFS.ZS:SGP,1979-12-31,184.6773125461185
WDI:NE.EXP.GNFS.ZS:SGP,1980-12-31,202.00621578996197
WDI:NE.EXP.GNFS.ZS:SGP,1981-12-31,198.18265682656826
WDI:NE.EXP.GNFS.ZS:SGP,1982-12-31,185.35248902334234
WDI:NE.EXP.GNFS.ZS:SGP,1983-12-31,166.86557359819224
WDI:NE.EXP.GNFS.ZS:SGP,1984-12-31,156.46411249352988
WDI:NE.EXP.GNFS.ZS:SGP,1985-12-31,152.22231467251387
WDI:NE.EXP.GNFS.ZS:SGP,1986-12-31,148.7309470883556
WDI:NE.EXP.GNFS.ZS:SGP,1987-12-31,164.00333702894653
WDI:NE.EXP.GNFS.ZS:SGP,1988-12-31,184.71411487059325
WDI:NE.EXP.GNFS.ZS:SGP,1989-12-31,179.2956930931274
WDI:NE.EXP.GNFS.ZS:SGP,1990-12-31,177.1925444339311
WDI:NE.EXP.GNFS.ZS:SGP,1991-12-31,168.5461939222946
WDI:NE.EXP.GNFS.ZS:SGP,1992-12-31,161.72594977402315
WDI:NE.EXP.GNFS.ZS:SGP,1993-12-31,161.65051964245413
WDI:NE.EXP.GNFS.ZS:SGP,1994-12-31,166.19335900365508
WDI:NE.EXP.GNFS.ZS:SGP,1995-12-31,181.12094087172684
WDI:NE.EXP.GNFS.ZS:SGP,1996-12-31,175.6431123929496
WDI:NE.EXP.GNFS.ZS:SGP,1997-12-31,169.29688614086493
WDI:NE.EXP.GNFS.ZS:SGP,1998-12-31,166.78757050884857
WDI:NE.EXP.GNFS.ZS:SGP,1999-12-31,176.7450129057623
WDI:NE.EXP.GNFS.ZS:SGP,2000-12-31,188.35089028475105
WDI:NE.EXP.GNFS.ZS:SGP,2001-12-31,182.8941807097714
WDI:NE.EXP.GNFS.ZS:SGP,2002-12-31,184.08611806653184
WDI:NE.EXP.GNFS.ZS:SGP,2003-12-31,202.58620638980375
WDI:NE.EXP.GNFS.ZS:SGP,2004-12-31,213.95169544264604
WDI:NE.EXP.GNFS.ZS:SGP,2005-12-31,225.1596677369161
WDI:NE.EXP.GNFS.ZS:SGP,2006-12-31,228.0376170610623
WDI:NE.EXP.GNFS.ZS:SGP,2007-12-31,212.77939373137133
WDI:NE.EXP.GNFS.ZS:SGP,2008-12-31,228.99377093511904
WDI:NE.EXP.GNFS.ZS:SGP,2009-12-31,190.84493501112806
WDI:NE.EXP.GNFS.ZS:SGP,2010-12-31,197.99896079302687
WDI:NE.EXP.GNFS.ZS:SGP,2011-12-31,203.32770864953798
WDI:NE.EXP.GNFS.ZS:SGP,2012-12-31,196.71961287575877
WDI:NE.EXP.GNFS.ZS:SGP,2013-12-31,195.077796338143
WDI:NE.EXP.GNFS.ZS:SGP,2014-12-31,191.9535357875051
WDI:NE.EXP.GNFS.ZS:SGP,2015-12-31,178.38460849968155
WDI:NE.EXP.GNFS.ZS:SGP,2016-12-31,164.55066424550554
WDI:NE.EXP.GNFS.ZS:SGP,2017-12-31,171.74162550983792
WDI:NE.EXP.GNFS.ZS:SGP,2018-12-31,178.19825143611814
WDI:NE.EXP.GNFS.ZS:SGP,2019-12-31,176.89129999275056
WDI:NE.EXP.GNFS.ZS:SGP,2020-12-31,181.78202453177815
WDI:NE.EXP.GNFS.ZS:SGP,2021-12-31,182.7108065748864
WDI:NE.EXP.GNFS.ZS:SGP,2022-12-31,186.11429078720104
WDI:NE.EXP.GNFS.ZS:SGP,2023-12-31,180.430012907963
WDI:NE.EXP.GNFS.ZS:SGP,2024-12-31,174.655854525978
WDI:NE.EXP.GNFS.ZS:SGP,2025-12-31,177.851484150301
WDI:NE.EXP.GNFS.ZS:SLB,1980-12-31,47.45095605932727
WDI:NE.EXP.GNFS.ZS:SLB,1981-12-31,47.45095458953729
WDI:NE.EXP.GNFS.ZS:SLB,1982-12-31,47.510269184537265
WDI:NE.EXP.GNFS.ZS:SLB,1983-12-31,47.563650722355646
WDI:NE.EXP.GNFS.ZS:SLB,1984-12-31,55.77919216128873
WDI:NE.EXP.GNFS.ZS:SLB,1985-12-31,47.73486362765527
WDI:NE.EXP.GNFS.ZS:SLB,1986-12-31,58.73650854003745
WDI:NE.EXP.GNFS.ZS:SLB,1987-12-31,57.27749732398245
WDI:NE.EXP.GNFS.ZS:SLB,1988-12-31,62.30401171232711
WDI:NE.EXP.GNFS.ZS:SLB,1989-12-31,62.04894625187855
WDI:NE.EXP.GNFS.ZS:SLB,1990-12-31,46.37647096665171
WDI:NE.EXP.GNFS.ZS:SLB,1991-12-31,52.77510439676518
WDI:NE.EXP.GNFS.ZS:SLB,1992-12-31,53.56960151071354
WDI:NE.EXP.GNFS.ZS:SLB,1993-12-31,58.9340284141291
WDI:NE.EXP.GNFS.ZS:SLB,1994-12-31,49.62738731867902
WDI:NE.EXP.GNFS.ZS:SLB,1995-12-31,45.03161782466514
WDI:NE.EXP.GNFS.ZS:SLB,1996-12-31,45.141669055550615
WDI:NE.EXP.GNFS.ZS:SLB,1997-12-31,45.32052314087882
WDI:NE.EXP.GNFS.ZS:SLB,1998-12-31,40.52562783069582
WDI:NE.EXP.GNFS.ZS:SLB,1999-12-31,36.465561284399236
WDI:NE.EXP.GNFS.ZS:SLB,2000-12-31,27.09975856408536
WDI:NE.EXP.GNFS.ZS:SLB,2001-12-31,17.535093320008514
WDI:NE.EXP.GNFS.ZS:SLB,2002-12-31,21.51577018265862
WDI:NE.EXP.GNFS.ZS:SLB,2003-12-31,21.99971036275553
WDI:NE.EXP.GNFS.ZS:SLB,2004-12-31,24.880692081858168
WDI:NE.EXP.GNFS.ZS:SLB,2005-12-31,27.29857703396178
WDI:NE.EXP.GNFS.ZS:SLB,2006-12-31,27.063244724571224
WDI:NE.EXP.GNFS.ZS:SLB,2007-12-31,32.14804702887135
WDI:NE.EXP.GNFS.ZS:SLB,2008-12-31,34.73086550429335
WDI:NE.EXP.GNFS.ZS:SLB,2009-12-31,29.1564024386767
WDI:NE.EXP.GNFS.ZS:SLB,2010-12-31,35.15138137059074
WDI:NE.EXP.GNFS.ZS:SLB,2011-12-31,50.15177276321994
WDI:NE.EXP.GNFS.ZS:SLB,2012-12-31,49.911005041653894
WDI:NE.EXP.GNFS.ZS:SLB,2013-12-31,45.93253259641633
WDI:NE.EXP.GNFS.ZS:SLB,2014-12-31,42.336329973924855
WDI:NE.EXP.GNFS.ZS:SLB,2015-12-31,40.3605536351233
WDI:NE.EXP.GNFS.ZS:SLB,2016-12-31,39.72869170636473
WDI:NE.EXP.GNFS.ZS:SLB,2017-12-31,38.67914314587598
WDI:NE.EXP.GNFS.ZS:SLB,2018-12-31,42.12637271980791
WDI:NE.EXP.GNFS.ZS:SLB,2019-12-31,36.49700230398095
WDI:NE.EXP.GNFS.ZS:SLB,2020-12-31,27.938539081823414
WDI:NE.EXP.GNFS.ZS:SLB,2021-12-31,26.55551825067749
WDI:NE.EXP.GNFS.ZS:SLB,2022-12-31,28.13197664138024
WDI:NE.EXP.GNFS.ZS:SLB,2023-12-31,36.2593066478577
WDI:NE.EXP.GNFS.ZS:SLB,2024-12-31,40.5685062735727
WDI:NE.EXP.GNFS.ZS:SLE,1964-12-31,29.077045385666157
WDI:NE.EXP.GNFS.ZS:SLE,1965-12-31,28.86638098948189
WDI:NE.EXP.GNFS.ZS:SLE,1966-12-31,27.77777777777778
WDI:NE.EXP.GNFS.ZS:SLE,1967-12-31,27.078384798099762
WDI:NE.EXP.GNFS.ZS:SLE,1968-12-31,23.68280322901016
WDI:NE.EXP.GNFS.ZS:SLE,1969-12-31,27.629743815605963
WDI:NE.EXP.GNFS.ZS:SLE,1970-12-31,31.021328199022673
WDI:NE.EXP.GNFS.ZS:SLE,1971-12-31,31.267839162825123
WDI:NE.EXP.GNFS.ZS:SLE,1972-12-31,27.77263469727828
WDI:NE.EXP.GNFS.ZS:SLE,1973-12-31,24.63877679227403
WDI:NE.EXP.GNFS.ZS:SLE,1974-12-31,24.096863262466567
WDI:NE.EXP.GNFS.ZS:SLE,1975-12-31,25.108485919219714
WDI:NE.EXP.GNFS.ZS:SLE,1976-12-31,21.540004591978544
WDI:NE.EXP.GNFS.ZS:SLE,1977-12-31,19.719513871114568
WDI:NE.EXP.GNFS.ZS:SLE,1978-12-31,19.822630206547032
WDI:NE.EXP.GNFS.ZS:SLE,1979-12-31,19.904893158311275
WDI:NE.EXP.GNFS.ZS:SLE,1980-12-31,22.864560796192123
WDI:NE.EXP.GNFS.ZS:SLE,1981-12-31,23.015013155858227
WDI:NE.EXP.GNFS.ZS:SLE,1982-12-31,15.755687129947024
WDI:NE.EXP.GNFS.ZS:SLE,1983-12-31,11.070838441447684
WDI:NE.EXP.GNFS.ZS:SLE,1984-12-31,10.624656530500092
WDI:NE.EXP.GNFS.ZS:SLE,1985-12-31,14.822451317296679
WDI:NE.EXP.GNFS.ZS:SLE,1986-12-31,11.916835699797158
WDI:NE.EXP.GNFS.ZS:SLE,1987-12-31,31.964222143111424
WDI:NE.EXP.GNFS.ZS:SLE,1988-12-31,28.724676540582323
WDI:NE.EXP.GNFS.ZS:SLE,1989-12-31,23.91764074112323
WDI:NE.EXP.GNFS.ZS:SLE,1990-12-31,34.68989490374646
WDI:NE.EXP.GNFS.ZS:SLE,1991-12-31,31.24937598485868
WDI:NE.EXP.GNFS.ZS:SLE,1992-12-31,31.590943222876934
WDI:NE.EXP.GNFS.ZS:SLE,1993-12-31,24.282548057419078
WDI:NE.EXP.GNFS.ZS:SLE,1994-12-31,29.511546367049817
WDI:NE.EXP.GNFS.ZS:SLE,1995-12-31,18.588436382769384
WDI:NE.EXP.GNFS.ZS:SLE,1996-12-31,17.445234596833906
WDI:NE.EXP.GNFS.ZS:SLE,1997-12-31,13.19969466344074
WDI:NE.EXP.GNFS.ZS:SLE,1998-12-31,14.061562197108987
WDI:NE.EXP.GNFS.ZS:SLE,1999-12-31,13.827891602578116
WDI:NE.EXP.GNFS.ZS:SLE,2000-12-31,18.134843555496754
WDI:NE.EXP.GNFS.ZS:SLE,2001-12-31,7.953645425810682
WDI:NE.EXP.GNFS.ZS:SLE,2002-12-31,8.667715416416856
WDI:NE.EXP.GNFS.ZS:SLE,2003-12-31,14.08523580085955
WDI:NE.EXP.GNFS.ZS:SLE,2004-12-31,16.681664808465648
WDI:NE.EXP.GNFS.ZS:SLE,2005-12-31,17.826182014269055
WDI:NE.EXP.GNFS.ZS:SLE,2006-12-31,9.511026267923132
WDI:NE.EXP.GNFS.ZS:SLE,2007-12-31,9.047707663830764
WDI:NE.EXP.GNFS.ZS:SLE,2008-12-31,7.7634896774232685
WDI:NE.EXP.GNFS.ZS:SLE,2009-12-31,8.008618437493071
WDI:NE.EXP.GNFS.ZS:SLE,2010-12-31,9.892309816130181
WDI:NE.EXP.GNFS.ZS:SLE,2011-12-31,9.593641779435698
WDI:NE.EXP.GNFS.ZS:SLE,2012-12-31,20.59183333509685
WDI:NE.EXP.GNFS.ZS:SLE,2013-12-31,18.93860896315191
WDI:NE.EXP.GNFS.ZS:SLE,2014-12-31,20.21439071498358
WDI:NE.EXP.GNFS.ZS:SLE,2015-12-31,10.484957000746629
WDI:NE.EXP.GNFS.ZS:SLE,2016-12-31,14.112249376039074
WDI:NE.EXP.GNFS.ZS:SLE,2017-12-31,13.850644918128719
WDI:NE.EXP.GNFS.ZS:SLE,2018-12-31,11.238826030189179
WDI:NE.EXP.GNFS.ZS:SLE,2019-12-31,9.69414088221631
WDI:NE.EXP.GNFS.ZS:SLE,2020-12-31,9.890469239357694
WDI:NE.EXP.GNFS.ZS:SLE,2021-12-31,15.547639449292625
WDI:NE.EXP.GNFS.ZS:SLE,2022-12-31,16.78047801825781
WDI:NE.EXP.GNFS.ZS:SLE,2023-12-31,20.9636585435779
WDI:NE.EXP.GNFS.ZS:SLE,2024-12-31,17.2656483673859
WDI:NE.EXP.GNFS.ZS:SLE,2025-12-31,20.8910645571601
WDI:NE.EXP.GNFS.ZS:SLV,1965-12-31,26.386546962584877
WDI:NE.EXP.GNFS.ZS:SLV,1966-12-31,24.66219123848868
WDI:NE.EXP.GNFS.ZS:SLV,1967-12-31,25.638188895718088
WDI:NE.EXP.GNFS.ZS:SLV,1968-12-31,25.348595176220567
WDI:NE.EXP.GNFS.ZS:SLV,1969-12-31,23.186582809224316
WDI:NE.EXP.GNFS.ZS:SLV,1970-12-31,24.83493980157469
WDI:NE.EXP.GNFS.ZS:SLV,1971-12-31,24.63157184770512
WDI:NE.EXP.GNFS.ZS:SLV,1972-12-31,29.095052701547814
WDI:NE.EXP.GNFS.ZS:SLV,1973-12-31,29.960064340784292
WDI:NE.EXP.GNFS.ZS:SLV,1974-12-31,32.417701154945135
WDI:NE.EXP.GNFS.ZS:SLV,1975-12-31,33.046725630706874
WDI:NE.EXP.GNFS.ZS:SLV,1976-12-31,35.5438334073293
WDI:NE.EXP.GNFS.ZS:SLV,1977-12-31,38.16510388201466
WDI:NE.EXP.GNFS.ZS:SLV,1978-12-31,30.266368495760815
WDI:NE.EXP.GNFS.ZS:SLV,1979-12-31,36.97151080861495
WDI:NE.EXP.GNFS.ZS:SLV,1980-12-31,34.16154725183122
WDI:NE.EXP.GNFS.ZS:SLV,1981-12-31,26.67869040622074
WDI:NE.EXP.GNFS.ZS:SLV,1982-12-31,22.777402998850523
WDI:NE.EXP.GNFS.ZS:SLV,1983-12-31,24.488517653610977
WDI:NE.EXP.GNFS.ZS:SLV,1984-12-31,21.754139093510926
WDI:NE.EXP.GNFS.ZS:SLV,1985-12-31,22.323766173628528
WDI:NE.EXP.GNFS.ZS:SLV,1986-12-31,24.668162310993196
WDI:NE.EXP.GNFS.ZS:SLV,1987-12-31,18.9923042325584
WDI:NE.EXP.GNFS.ZS:SLV,1988-12-31,15.810681928838058
WDI:NE.EXP.GNFS.ZS:SLV,1989-12-31,13.237788175710378
WDI:NE.EXP.GNFS.ZS:SLV,1990-12-31,18.49698741113509
WDI:NE.EXP.GNFS.ZS:SLV,1991-12-31,17.225773399693058
WDI:NE.EXP.GNFS.ZS:SLV,1992-12-31,16.13291555596396
WDI:NE.EXP.GNFS.ZS:SLV,1993-12-31,19.372303140118962
WDI:NE.EXP.GNFS.ZS:SLV,1994-12-31,19.922722968404756
WDI:NE.EXP.GNFS.ZS:SLV,1995-12-31,21.55450125903571
WDI:NE.EXP.GNFS.ZS:SLV,1996-12-31,21.14098789736775
WDI:NE.EXP.GNFS.ZS:SLV,1997-12-31,26.021836531219318
WDI:NE.EXP.GNFS.ZS:SLV,1998-12-31,24.386585902167532
WDI:NE.EXP.GNFS.ZS:SLV,1999-12-31,24.396401445313302
WDI:NE.EXP.GNFS.ZS:SLV,2000-12-31,26.82727022584958
WDI:NE.EXP.GNFS.ZS:SLV,2001-12-31,25.00929205681147
WDI:NE.EXP.GNFS.ZS:SLV,2002-12-31,25.513089455075544
WDI:NE.EXP.GNFS.ZS:SLV,2003-12-31,25.923420759948502
WDI:NE.EXP.GNFS.ZS:SLV,2004-12-31,25.90621048192365
WDI:NE.EXP.GNFS.ZS:SLV,2005-12-31,25.266566879847595
WDI:NE.EXP.GNFS.ZS:SLV,2006-12-31,25.93967833528855
WDI:NE.EXP.GNFS.ZS:SLV,2007-12-31,25.56703454964951
WDI:NE.EXP.GNFS.ZS:SLV,2008-12-31,26.74058717210146
WDI:NE.EXP.GNFS.ZS:SLV,2009-12-31,23.951204491404766
WDI:NE.EXP.GNFS.ZS:SLV,2010-12-31,26.946669326406447
WDI:NE.EXP.GNFS.ZS:SLV,2011-12-31,28.98177755822633
WDI:NE.EXP.GNFS.ZS:SLV,2012-12-31,28.571061177444278
WDI:NE.EXP.GNFS.ZS:SLV,2013-12-31,29.72489604819435
WDI:NE.EXP.GNFS.ZS:SLV,2014-12-31,29.55287523341921
WDI:NE.EXP.GNFS.ZS:SLV,2015-12-31,29.48617302323041
WDI:NE.EXP.GNFS.ZS:SLV,2016-12-31,28.45859050085092
WDI:NE.EXP.GNFS.ZS:SLV,2017-12-31,29.029764375866474
WDI:NE.EXP.GNFS.ZS:SLV,2018-12-31,28.934373781025602
WDI:NE.EXP.GNFS.ZS:SLV,2019-12-31,29.95590960800026
WDI:NE.EXP.GNFS.ZS:SLV,2020-12-31,24.526798278894386
WDI:NE.EXP.GNFS.ZS:SLV,2021-12-31,28.781495389272642
WDI:NE.EXP.GNFS.ZS:SLV,2022-12-31,32.43348314973398
WDI:NE.EXP.GNFS.ZS:SLV,2023-12-31,28.7918551914872
WDI:NE.EXP.GNFS.ZS:SLV,2024-12-31,32.6598571720595
WDI:NE.EXP.GNFS.ZS:SLV,2025-12-31,32.0465695455309
WDI:NE.EXP.GNFS.ZS:SMR,2015-12-31,174.45268095475666
WDI:NE.EXP.GNFS.ZS:SMR,2016-12-31,173.06816922056623
WDI:NE.EXP.GNFS.ZS:SMR,2017-12-31,168.7786813358591
WDI:NE.EXP.GNFS.ZS:SMR,2018-12-31,166.5974976689827
WDI:NE.EXP.GNFS.ZS:SMR,2019-12-31,163.9972391642208
WDI:NE.EXP.GNFS.ZS:SMR,2020-12-31,164.47869441726962
WDI:NE.EXP.GNFS.ZS:SMR,2021-12-31,184.31428154495734
WDI:NE.EXP.GNFS.ZS:SMR,2022-12-31,197.41235131931668
WDI:NE.EXP.GNFS.ZS:SMR,2023-12-31,185.992797278666
WDI:NE.EXP.GNFS.ZS:SOM,1960-12-31,12.71525646720216
WDI:NE.EXP.GNFS.ZS:SOM,1961-12-31,15.997050857422392
WDI:NE.EXP.GNFS.ZS:SOM,1962-12-31,12.794031077990104
WDI:NE.EXP.GNFS.ZS:SOM,1963-12-31,15.86887069174214
WDI:NE.EXP.GNFS.ZS:SOM,1964-12-31,15.980452265096389
WDI:NE.EXP.GNFS.ZS:SOM,1965-12-31,17.152059135427592
WDI:NE.EXP.GNFS.ZS:SOM,1966-12-31,14.958664926022628
WDI:NE.EXP.GNFS.ZS:SOM,1967-12-31,13.650646699026783
WDI:NE.EXP.GNFS.ZS:SOM,1968-12-31,14.892573437500001
WDI:NE.EXP.GNFS.ZS:SOM,1969-12-31,15.989733801904437
WDI:NE.EXP.GNFS.ZS:SOM,1970-12-31,10.673682790364731
WDI:NE.EXP.GNFS.ZS:SOM,1971-12-31,12.652130880196399
WDI:NE.EXP.GNFS.ZS:SOM,1972-12-31,14.649974806606739
WDI:NE.EXP.GNFS.ZS:SOM,1973-12-31,14.580241532898148
WDI:NE.EXP.GNFS.ZS:SOM,1974-12-31,14.262278512454152
WDI:NE.EXP.GNFS.ZS:SOM,1975-12-31,11.70306848474518
WDI:NE.EXP.GNFS.ZS:SOM,1976-12-31,9.29606917528583
WDI:NE.EXP.GNFS.ZS:SOM,1977-12-31,20.261627906976745
WDI:NE.EXP.GNFS.ZS:SOM,1978-12-31,25.859327217125383
WDI:NE.EXP.GNFS.ZS:SOM,1979-12-31,24.340579721758488
WDI:NE.EXP.GNFS.ZS:SOM,1980-12-31,33.239154558560635
WDI:NE.EXP.GNFS.ZS:SOM,1981-12-31,24.8141138919115
WDI:NE.EXP.GNFS.ZS:SOM,1982-12-31,25.962698471368213
WDI:NE.EXP.GNFS.ZS:SOM,1983-12-31,23.578811899000826
WDI:NE.EXP.GNFS.ZS:SOM,1984-12-31,14.604921517035324
WDI:NE.EXP.GNFS.ZS:SOM,1985-12-31,6.33520551724138
WDI:NE.EXP.GNFS.ZS:SOM,1986-12-31,7.067795314065381
WDI:NE.EXP.GNFS.ZS:SOM,1987-12-31,6.63040664119617
WDI:NE.EXP.GNFS.ZS:SOM,1988-12-31,4.761524365618908
WDI:NE.EXP.GNFS.ZS:SOM,1989-12-31,7.104470787404662
WDI:NE.EXP.GNFS.ZS:SOM,1990-12-31,8.702643225858088
WDI:NE.EXP.GNFS.ZS:SOM,2012-12-31,19.552400037486155
WDI:NE.EXP.GNFS.ZS:SOM,2013-12-31,18.617868922697937
WDI:NE.EXP.GNFS.ZS:SOM,2014-12-31,19.16289371651593
WDI:NE.EXP.GNFS.ZS:SOM,2015-12-31,16.87156883109834
WDI:NE.EXP.GNFS.ZS:SOM,2016-12-31,16.135957939482847
WDI:NE.EXP.GNFS.ZS:SOM,2017-12-31,13.046501041836247
WDI:NE.EXP.GNFS.ZS:SOM,2018-12-31,14.213133494220752
WDI:NE.EXP.GNFS.ZS:SOM,2019-12-31,13.066081330868762
WDI:NE.EXP.GNFS.ZS:SOM,2020-12-31,13.653222067686603
WDI:NE.EXP.GNFS.ZS:SOM,2021-12-31,16.15522513972372
WDI:NE.EXP.GNFS.ZS:SOM,2022-12-31,17.68107419386455
WDI:NE.EXP.GNFS.ZS:SOM,2023-12-31,21.9383099105676
WDI:NE.EXP.GNFS.ZS:SOM,2024-12-31,31.2108297819002
WDI:NE.EXP.GNFS.ZS:SOM,2025-12-31,29.2484917491797
WDI:NE.EXP.GNFS.ZS:SRB,1995-12-31,4.851718458155682
WDI:NE.EXP.GNFS.ZS:SRB,1996-12-31,10.513616821786915
WDI:NE.EXP.GNFS.ZS:SRB,1997-12-31,12.78928310922386
WDI:NE.EXP.GNFS.ZS:SRB,1998-12-31,17.346907294540685
WDI:NE.EXP.GNFS.ZS:SRB,1999-12-31,9.97556647057688
WDI:NE.EXP.GNFS.ZS:SRB,2000-12-31,8.242933421496748
WDI:NE.EXP.GNFS.ZS:SRB,2001-12-31,19.718847865710195
WDI:NE.EXP.GNFS.ZS:SRB,2002-12-31,19.19001235906393
WDI:NE.EXP.GNFS.ZS:SRB,2003-12-31,22.05929730345221
WDI:NE.EXP.GNFS.ZS:SRB,2004-12-31,24.480209605703006
WDI:NE.EXP.GNFS.ZS:SRB,2005-12-31,27.60410475473578
WDI:NE.EXP.GNFS.ZS:SRB,2006-12-31,28.966765596605136
WDI:NE.EXP.GNFS.ZS:SRB,2007-12-31,26.249356673581666
WDI:NE.EXP.GNFS.ZS:SRB,2008-12-31,27.38441072920743
WDI:NE.EXP.GNFS.ZS:SRB,2009-12-31,25.34457357129784
WDI:NE.EXP.GNFS.ZS:SRB,2010-12-31,30.98822616410144
WDI:NE.EXP.GNFS.ZS:SRB,2011-12-31,31.723576836451876
WDI:NE.EXP.GNFS.ZS:SRB,2012-12-31,34.42457420939904
WDI:NE.EXP.GNFS.ZS:SRB,2013-12-31,38.22727216236207
WDI:NE.EXP.GNFS.ZS:SRB,2014-12-31,40.323167379427396
WDI:NE.EXP.GNFS.ZS:SRB,2015-12-31,43.38512197521554
WDI:NE.EXP.GNFS.ZS:SRB,2016-12-31,46.45367043883726
WDI:NE.EXP.GNFS.ZS:SRB,2017-12-31,48.13245504150017
WDI:NE.EXP.GNFS.ZS:SRB,2018-12-31,48.67021024116934
WDI:NE.EXP.GNFS.ZS:SRB,2019-12-31,48.96099565599254
WDI:NE.EXP.GNFS.ZS:SRB,2020-12-31,46.105087593523805
WDI:NE.EXP.GNFS.ZS:SRB,2021-12-31,52.3404005216526
WDI:NE.EXP.GNFS.ZS:SRB,2022-12-31,60.73816749897468
WDI:NE.EXP.GNFS.ZS:SRB,2023-12-31,55.0746098125196
WDI:NE.EXP.GNFS.ZS:SRB,2024-12-31,53.5837667090226
WDI:NE.EXP.GNFS.ZS:SRB,2025-12-31,54.3130854032047
WDI:NE.EXP.GNFS.ZS:SSA,1965-12-31,19.97810594355099
WDI:NE.EXP.GNFS.ZS:SSA,1966-12-31,19.671839763275372
WDI:NE.EXP.GNFS.ZS:SSA,1967-12-31,20.758597644199106
WDI:NE.EXP.GNFS.ZS:SSA,1968-12-31,21.69500653044159
WDI:NE.EXP.GNFS.ZS:SSA,1969-12-31,20.080097827216427
WDI:NE.EXP.GNFS.ZS:SSA,1970-12-31,19.1166085378419
WDI:NE.EXP.GNFS.ZS:SSA,1971-12-31,19.730816603905406
WDI:NE.EXP.GNFS.ZS:SSA,1972-12-31,20.694201559433132
WDI:NE.EXP.GNFS.ZS:SSA,1973-12-31,21.408081993590418
WDI:NE.EXP.GNFS.ZS:SSA,1974-12-31,23.252082102443122
WDI:NE.EXP.GNFS.ZS:SSA,1975-12-31,21.932483206001415
WDI:NE.EXP.GNFS.ZS:SSA,1976-12-31,21.081095130490553
WDI:NE.EXP.GNFS.ZS:SSA,1977-12-31,22.831192925715747
WDI:NE.EXP.GNFS.ZS:SSA,1978-12-31,23.49613789896237
WDI:NE.EXP.GNFS.ZS:SSA,1979-12-31,25.197704708714674
WDI:NE.EXP.GNFS.ZS:SSA,1980-12-31,27.151192000048045
WDI:NE.EXP.GNFS.ZS:SSA,1981-12-31,17.111282160318076
WDI:NE.EXP.GNFS.ZS:SSA,1982-12-31,16.66237202840016
WDI:NE.EXP.GNFS.ZS:SSA,1983-12-31,18.695856532354938
WDI:NE.EXP.GNFS.ZS:SSA,1984-12-31,20.815668274605656
WDI:NE.EXP.GNFS.ZS:SSA,1985-12-31,21.26550360783116
WDI:NE.EXP.GNFS.ZS:SSA,1986-12-31,24.72078001231527
WDI:NE.EXP.GNFS.ZS:SSA,1987-12-31,25.891511404192176
WDI:NE.EXP.GNFS.ZS:SSA,1988-12-31,25.265921281537533
WDI:NE.EXP.GNFS.ZS:SSA,1989-12-31,25.184121967661916
WDI:NE.EXP.GNFS.ZS:SSA,1990-12-31,23.543587084474108
WDI:NE.EXP.GNFS.ZS:SSA,1991-12-31,21.382021494549704
WDI:NE.EXP.GNFS.ZS:SSA,1992-12-31,23.99497031663351
WDI:NE.EXP.GNFS.ZS:SSA,1993-12-31,24.097967055328276
WDI:NE.EXP.GNFS.ZS:SSA,1994-12-31,24.41618299269589
WDI:NE.EXP.GNFS.ZS:SSA,1995-12-31,22.45982373314223
WDI:NE.EXP.GNFS.ZS:SSA,1996-12-31,21.390324818658446
WDI:NE.EXP.GNFS.ZS:SSA,1997-12-31,20.48694603568169
WDI:NE.EXP.GNFS.ZS:SSA,1998-12-31,19.289352933682437
WDI:NE.EXP.GNFS.ZS:SSA,1999-12-31,27.101650242500003
WDI:NE.EXP.GNFS.ZS:SSA,2000-12-31,27.860642407865832
WDI:NE.EXP.GNFS.ZS:SSA,2001-12-31,28.132283435510697
WDI:NE.EXP.GNFS.ZS:SSA,2002-12-31,27.330342198390067
WDI:NE.EXP.GNFS.ZS:SSA,2003-12-31,26.14024879487221
WDI:NE.EXP.GNFS.ZS:SSA,2004-12-31,26.365456984727743
WDI:NE.EXP.GNFS.ZS:SSA,2005-12-31,27.593405354307354
WDI:NE.EXP.GNFS.ZS:SSA,2006-12-31,27.801488912942883
WDI:NE.EXP.GNFS.ZS:SSA,2007-12-31,29.41954670058744
WDI:NE.EXP.GNFS.ZS:SSA,2008-12-31,31.542264440277854
WDI:NE.EXP.GNFS.ZS:SSA,2009-12-31,26.054099702129978
WDI:NE.EXP.GNFS.ZS:SSA,2010-12-31,27.602116573372587
WDI:NE.EXP.GNFS.ZS:SSA,2011-12-31,29.437102090141305
WDI:NE.EXP.GNFS.ZS:SSA,2012-12-31,27.776203797220063
WDI:NE.EXP.GNFS.ZS:SSA,2013-12-31,25.847466734378788
WDI:NE.EXP.GNFS.ZS:SSA,2014-12-31,24.323330510081398
WDI:NE.EXP.GNFS.ZS:SSA,2015-12-31,21.777758432349827
WDI:NE.EXP.GNFS.ZS:SSA,2016-12-31,22.4020001861545
WDI:NE.EXP.GNFS.ZS:SSA,2017-12-31,24.157905427769574
WDI:NE.EXP.GNFS.ZS:SSA,2018-12-31,25.13895449815287
WDI:NE.EXP.GNFS.ZS:SSA,2019-12-31,21.325474169082373
WDI:NE.EXP.GNFS.ZS:SSA,2020-12-31,19.951348349271676
WDI:NE.EXP.GNFS.ZS:SSA,2021-12-31,23.73791708671656
WDI:NE.EXP.GNFS.ZS:SSA,2022-12-31,25.432212488294294
WDI:NE.EXP.GNFS.ZS:SSA,2023-12-31,24.8199642781942
WDI:NE.EXP.GNFS.ZS:SSA,2024-12-31,27.9446912332729
WDI:NE.EXP.GNFS.ZS:SSA,2025-12-31,27.792502296504
WDI:NE.EXP.GNFS.ZS:SSD,2008-12-31,66.02706010786038
WDI:NE.EXP.GNFS.ZS:SSD,2009-12-31,60.31431412939055
WDI:NE.EXP.GNFS.ZS:SSD,2010-12-31,61.43448281730721
WDI:NE.EXP.GNFS.ZS:SSD,2011-12-31,66.07612037524243
WDI:NE.EXP.GNFS.ZS:SSD,2012-12-31,42.83205235852678
WDI:NE.EXP.GNFS.ZS:SSD,2013-12-31,9.74075785850552
WDI:NE.EXP.GNFS.ZS:SSD,2014-12-31,38.39161729302785
WDI:NE.EXP.GNFS.ZS:SSD,2015-12-31,36.65134928047074
WDI:NE.EXP.GNFS.ZS:SSF,1967-12-31,19.997334844710974
WDI:NE.EXP.GNFS.ZS:SSF,1968-12-31,20.906120648907635
WDI:NE.EXP.GNFS.ZS:SSF,1969-12-31,19.415329812259692
WDI:NE.EXP.GNFS.ZS:SSF,1970-12-31,18.49749456867359
WDI:NE.EXP.GNFS.ZS:SSF,1971-12-31,19.065003494642475
WDI:NE.EXP.GNFS.ZS:SSF,1972-12-31,20.023607419834168
WDI:NE.EXP.GNFS.ZS:SSF,1973-12-31,20.80241277273477
WDI:NE.EXP.GNFS.ZS:SSF,1974-12-31,22.70053874056775
WDI:NE.EXP.GNFS.ZS:SSF,1975-12-31,21.48149763456382
WDI:NE.EXP.GNFS.ZS:SSF,1976-12-31,20.649009439317517
WDI:NE.EXP.GNFS.ZS:SSF,1977-12-31,22.332877799146786
WDI:NE.EXP.GNFS.ZS:SSF,1978-12-31,23.022706471648153
WDI:NE.EXP.GNFS.ZS:SSF,1979-12-31,24.746071658226864
WDI:NE.EXP.GNFS.ZS:SSF,1980-12-31,26.783073584134883
WDI:NE.EXP.GNFS.ZS:SSF,1981-12-31,16.96637056175042
WDI:NE.EXP.GNFS.ZS:SSF,1982-12-31,16.478866445891487
WDI:NE.EXP.GNFS.ZS:SSF,1983-12-31,18.394848141390888
WDI:NE.EXP.GNFS.ZS:SSF,1984-12-31,20.449843524588186
WDI:NE.EXP.GNFS.ZS:SSF,1985-12-31,20.754756873444403
WDI:NE.EXP.GNFS.ZS:SSF,1986-12-31,24.021411595508095
WDI:NE.EXP.GNFS.ZS:SSF,1987-12-31,25.203250110558656
WDI:NE.EXP.GNFS.ZS:SSF,1988-12-31,24.61194507230026
WDI:NE.EXP.GNFS.ZS:SSF,1989-12-31,24.501273929701437
WDI:NE.EXP.GNFS.ZS:SSF,1990-12-31,22.995436626763734
WDI:NE.EXP.GNFS.ZS:SSF,1991-12-31,20.859196870027056
WDI:NE.EXP.GNFS.ZS:SSF,1992-12-31,23.512176657717944
WDI:NE.EXP.GNFS.ZS:SSF,1993-12-31,23.73282645480514
WDI:NE.EXP.GNFS.ZS:SSF,1994-12-31,24.187147372478197
WDI:NE.EXP.GNFS.ZS:SSF,1995-12-31,22.309018776987298
WDI:NE.EXP.GNFS.ZS:SSF,1996-12-31,21.274007987799372
WDI:NE.EXP.GNFS.ZS:SSF,1997-12-31,20.381919339933873
WDI:NE.EXP.GNFS.ZS:SSF,1998-12-31,19.22135880847489
WDI:NE.EXP.GNFS.ZS:SSF,1999-12-31,26.852283835415218
WDI:NE.EXP.GNFS.ZS:SSF,2000-12-31,27.72601949368612
WDI:NE.EXP.GNFS.ZS:SSF,2001-12-31,27.99789754589223
WDI:NE.EXP.GNFS.ZS:SSF,2002-12-31,27.26653785635083
WDI:NE.EXP.GNFS.ZS:SSF,2003-12-31,26.140782428820476
WDI:NE.EXP.GNFS.ZS:SSF,2004-12-31,26.35687289934466
WDI:NE.EXP.GNFS.ZS:SSF,2005-12-31,27.56683210553939
WDI:NE.EXP.GNFS.ZS:SSF,2006-12-31,27.758859587248065
WDI:NE.EXP.GNFS.ZS:SSF,2007-12-31,29.307642766393215
WDI:NE.EXP.GNFS.ZS:SSF,2008-12-31,31.29480194330485
WDI:NE.EXP.GNFS.ZS:SSF,2009-12-31,25.725396580936277
WDI:NE.EXP.GNFS.ZS:SSF,2010-12-31,27.395583248614457
WDI:NE.EXP.GNFS.ZS:SSF,2011-12-31,29.24501586578033
WDI:NE.EXP.GNFS.ZS:SSF,2012-12-31,27.492263176888244
WDI:NE.EXP.GNFS.ZS:SSF,2013-12-31,25.57162174000178
WDI:NE.EXP.GNFS.ZS:SSF,2014-12-31,24.037765628460107
WDI:NE.EXP.GNFS.ZS:SSF,2015-12-31,21.417983189000694
WDI:NE.EXP.GNFS.ZS:SSF,2016-12-31,21.85564414567407
WDI:NE.EXP.GNFS.ZS:SSF,2017-12-31,23.511402598403734
WDI:NE.EXP.GNFS.ZS:SSF,2018-12-31,24.466606370593382
WDI:NE.EXP.GNFS.ZS:SSF,2019-12-31,20.823052778190025
WDI:NE.EXP.GNFS.ZS:SSF,2020-12-31,19.363374445146828
WDI:NE.EXP.GNFS.ZS:SSF,2021-12-31,22.996776134828416
WDI:NE.EXP.GNFS.ZS:SSF,2022-12-31,24.61956869587997
WDI:NE.EXP.GNFS.ZS:SSF,2023-12-31,24.893994247971
WDI:NE.EXP.GNFS.ZS:SSF,2024-12-31,28.0149452901749
WDI:NE.EXP.GNFS.ZS:SSF,2025-12-31,27.8582494939805
WDI:NE.EXP.GNFS.ZS:SST,1993-12-31,51.6683103979242
WDI:NE.EXP.GNFS.ZS:SST,1994-12-31,52.12428675871246
WDI:NE.EXP.GNFS.ZS:SST,1995-12-31,58.580367512106335
WDI:NE.EXP.GNFS.ZS:SST,1996-12-31,59.175941386335396
WDI:NE.EXP.GNFS.ZS:SST,1997-12-31,57.66121961772558
WDI:NE.EXP.GNFS.ZS:SST,1998-12-31,57.76660500472111
WDI:NE.EXP.GNFS.ZS:SST,1999-12-31,57.08785505993363
WDI:NE.EXP.GNFS.ZS:SST,2000-12-31,58.76808606311851
WDI:NE.EXP.GNFS.ZS:SST,2001-12-31,58.12048460840739
WDI:NE.EXP.GNFS.ZS:SST,2002-12-31,57.06402570545098
WDI:NE.EXP.GNFS.ZS:SST,2003-12-31,54.91068205469186
WDI:NE.EXP.GNFS.ZS:SST,2004-12-31,55.87123620724901
WDI:NE.EXP.GNFS.ZS:SST,2005-12-31,55.955950639835685
WDI:NE.EXP.GNFS.ZS:SST,2006-12-31,56.17668661890366
WDI:NE.EXP.GNFS.ZS:SST,2007-12-31,56.830073733396425
WDI:NE.EXP.GNFS.ZS:SST,2008-12-31,58.60683240728228
WDI:NE.EXP.GNFS.ZS:SST,2009-12-31,55.84260918933735
WDI:NE.EXP.GNFS.ZS:SST,2010-12-31,60.1144805145109
WDI:NE.EXP.GNFS.ZS:SST,2011-12-31,66.39001555279691
WDI:NE.EXP.GNFS.ZS:SST,2012-12-31,65.99402882454358
WDI:NE.EXP.GNFS.ZS:SST,2013-12-31,67.31934200637613
WDI:NE.EXP.GNFS.ZS:SST,2014-12-31,67.25909412526244
WDI:NE.EXP.GNFS.ZS:SST,2015-12-31,64.55983991112603
WDI:NE.EXP.GNFS.ZS:SST,2016-12-31,64.91689438276349
WDI:NE.EXP.GNFS.ZS:SST,2017-12-31,67.25676794829074
WDI:NE.EXP.GNFS.ZS:SST,2018-12-31,69.87739465349613
WDI:NE.EXP.GNFS.ZS:SST,2019-12-31,70.97897421649148
WDI:NE.EXP.GNFS.ZS:SST,2020-12-31,67.59693979140962
WDI:NE.EXP.GNFS.ZS:SST,2021-12-31,76.63026854322153
WDI:NE.EXP.GNFS.ZS:SST,2022-12-31,81.31191360669916
WDI:NE.EXP.GNFS.ZS:SST,2023-12-31,77.5437578786804
WDI:NE.EXP.GNFS.ZS:SST,2024-12-31,74.7376386150381
WDI:NE.EXP.GNFS.ZS:SST,2025-12-31,74.9378932422971
WDI:NE.EXP.GNFS.ZS:STP,2023-12-31,14.2438021824642
WDI:NE.EXP.GNFS.ZS:STP,2024-12-31,15.5622080265962
WDI:NE.EXP.GNFS.ZS:STP,2025-12-31,13.2636548253815
WDI:NE.EXP.GNFS.ZS:SUR,2006-12-31,52.74771024146545
WDI:NE.EXP.GNFS.ZS:SUR,2007-12-31,54.12479841210768
WDI:NE.EXP.GNFS.ZS:SUR,2008-12-31,56.908640956898324
WDI:NE.EXP.GNFS.ZS:SUR,2009-12-31,44.124835495393874
WDI:NE.EXP.GNFS.ZS:SUR,2010-12-31,52.54731926957392
WDI:NE.EXP.GNFS.ZS:SVK,1990-12-31,23.54522870919478
WDI:NE.EXP.GNFS.ZS:SVK,1991-12-31,41.11218159961076
WDI:NE.EXP.GNFS.ZS:SVK,1992-12-31,62.52683160801746
WDI:NE.EXP.GNFS.ZS:SVK,1993-12-31,51.8632020053066
WDI:NE.EXP.GNFS.ZS:SVK,1994-12-31,54.70109871844735
WDI:NE.EXP.GNFS.ZS:SVK,1995-12-31,53.318833095155085
WDI:NE.EXP.GNFS.ZS:SVK,1996-12-31,48.89723178972438
WDI:NE.EXP.GNFS.ZS:SVK,1997-12-31,53.52067302524398
WDI:NE.EXP.GNFS.ZS:SVK,1998-12-31,45.489031611452155
WDI:NE.EXP.GNFS.ZS:SVK,1999-12-31,46.40249840148939
WDI:NE.EXP.GNFS.ZS:SVK,2000-12-31,53.30526683172096
WDI:NE.EXP.GNFS.ZS:SVK,2001-12-31,57.26050921126714
WDI:NE.EXP.GNFS.ZS:SVK,2002-12-31,57.09838590900125
WDI:NE.EXP.GNFS.ZS:SVK,2003-12-31,62.7757965063135
WDI:NE.EXP.GNFS.ZS:SVK,2004-12-31,69.34449664160034
WDI:NE.EXP.GNFS.ZS:SVK,2005-12-31,72.63014069406142
WDI:NE.EXP.GNFS.ZS:SVK,2006-12-31,81.28034966333068
WDI:NE.EXP.GNFS.ZS:SVK,2007-12-31,83.37724258191479
WDI:NE.EXP.GNFS.ZS:SVK,2008-12-31,80.20446741523013
WDI:NE.EXP.GNFS.ZS:SVK,2009-12-31,68.0960564898296
WDI:NE.EXP.GNFS.ZS:SVK,2010-12-31,77.08108208623715
WDI:NE.EXP.GNFS.ZS:SVK,2011-12-31,84.63305212390537
WDI:NE.EXP.GNFS.ZS:SVK,2012-12-31,90.90886267338095
WDI:NE.EXP.GNFS.ZS:SVK,2013-12-31,92.87902224184876
WDI:NE.EXP.GNFS.ZS:SVK,2014-12-31,90.44000898614593
WDI:NE.EXP.GNFS.ZS:SVK,2015-12-31,90.69384961914211
WDI:NE.EXP.GNFS.ZS:SVK,2016-12-31,92.31168700951157
WDI:NE.EXP.GNFS.ZS:SVK,2017-12-31,93.95241687389073
WDI:NE.EXP.GNFS.ZS:SVK,2018-12-31,94.92683264763684
WDI:NE.EXP.GNFS.ZS:SVK,2019-12-31,91.8440865121276
WDI:NE.EXP.GNFS.ZS:SVK,2020-12-31,84.29834344853445
WDI:NE.EXP.GNFS.ZS:SVK,2021-12-31,90.76186175914123
WDI:NE.EXP.GNFS.ZS:SVK,2022-12-31,99.06749339215072
WDI:NE.EXP.GNFS.ZS:SVK,2023-12-31,91.4935561325084
WDI:NE.EXP.GNFS.ZS:SVK,2024-12-31,85.4834989561279
WDI:NE.EXP.GNFS.ZS:SVK,2025-12-31,85.0946294110273
WDI:NE.EXP.GNFS.ZS:SVN,1990-12-31,74.36043048647065
WDI:NE.EXP.GNFS.ZS:SVN,1991-12-31,68.44117381229748
WDI:NE.EXP.GNFS.ZS:SVN,1992-12-31,51.73380329178785
WDI:NE.EXP.GNFS.ZS:SVN,1993-12-31,48.13638097300004
WDI:NE.EXP.GNFS.ZS:SVN,1994-12-31,49.13772439249898
WDI:NE.EXP.GNFS.ZS:SVN,1995-12-31,45.4053607538828
WDI:NE.EXP.GNFS.ZS:SVN,1996-12-31,46.209394498118236
WDI:NE.EXP.GNFS.ZS:SVN,1997-12-31,47.644926382048816
WDI:NE.EXP.GNFS.ZS:SVN,1998-12-31,47.68475616383601
WDI:NE.EXP.GNFS.ZS:SVN,1999-12-31,44.30455838950719
WDI:NE.EXP.GNFS.ZS:SVN,2000-12-31,50.45956847989955
WDI:NE.EXP.GNFS.ZS:SVN,2001-12-31,52.26598471531836
WDI:NE.EXP.GNFS.ZS:SVN,2002-12-31,52.94165292018994
WDI:NE.EXP.GNFS.ZS:SVN,2003-12-31,51.47981318822706
WDI:NE.EXP.GNFS.ZS:SVN,2004-12-31,55.4710149538959
WDI:NE.EXP.GNFS.ZS:SVN,2005-12-31,60.241302971839225
WDI:NE.EXP.GNFS.ZS:SVN,2006-12-31,65.23484043810977
WDI:NE.EXP.GNFS.ZS:SVN,2007-12-31,68.1644475188117
WDI:NE.EXP.GNFS.ZS:SVN,2008-12-31,66.63591758943485
WDI:NE.EXP.GNFS.ZS:SVN,2009-12-31,57.962823638698026
WDI:NE.EXP.GNFS.ZS:SVN,2010-12-31,64.84082812304356
WDI:NE.EXP.GNFS.ZS:SVN,2011-12-31,70.78294609408086
WDI:NE.EXP.GNFS.ZS:SVN,2012-12-31,73.54534803074716
WDI:NE.EXP.GNFS.ZS:SVN,2013-12-31,74.95894636556478
WDI:NE.EXP.GNFS.ZS:SVN,2014-12-31,76.65244781221614
WDI:NE.EXP.GNFS.ZS:SVN,2015-12-31,77.66417014065946
WDI:NE.EXP.GNFS.ZS:SVN,2016-12-31,78.43658666755971
WDI:NE.EXP.GNFS.ZS:SVN,2017-12-31,83.88198016219313
WDI:NE.EXP.GNFS.ZS:SVN,2018-12-31,85.56863705166694
WDI:NE.EXP.GNFS.ZS:SVN,2019-12-31,84.35705834985275
WDI:NE.EXP.GNFS.ZS:SVN,2020-12-31,78.27179999169425
WDI:NE.EXP.GNFS.ZS:SVN,2021-12-31,83.69994178819016
WDI:NE.EXP.GNFS.ZS:SVN,2022-12-31,94.31625942472634
WDI:NE.EXP.GNFS.ZS:SVN,2023-12-31,83.4382737313632
WDI:NE.EXP.GNFS.ZS:SVN,2024-12-31,80.9173894920357
WDI:NE.EXP.GNFS.ZS:SVN,2025-12-31,78.6394707763247
WDI:NE.EXP.GNFS.ZS:SWE,1960-12-31,21.01286393381123
WDI:NE.EXP.GNFS.ZS:SWE,1961-12-31,20.40535876896682
WDI:NE.EXP.GNFS.ZS:SWE,1962-12-31,20.00510400248461
WDI:NE.EXP.GNFS.ZS:SWE,1963-12-31,20.040825540970204
WDI:NE.EXP.GNFS.ZS:SWE,1964-12-31,20.38032084171887
WDI:NE.EXP.GNFS.ZS:SWE,1965-12-31,19.9597237949099
WDI:NE.EXP.GNFS.ZS:SWE,1966-12-31,19.567774113944985
WDI:NE.EXP.GNFS.ZS:SWE,1967-12-31,19.28021317137994
WDI:NE.EXP.GNFS.ZS:SWE,1968-12-31,19.695855809158026
WDI:NE.EXP.GNFS.ZS:SWE,1969-12-31,20.869171008199867
WDI:NE.EXP.GNFS.ZS:SWE,1970-12-31,22.092355195725602
WDI:NE.EXP.GNFS.ZS:SWE,1971-12-31,22.310735875464697
WDI:NE.EXP.GNFS.ZS:SWE,1972-12-31,22.18244813789103
WDI:NE.EXP.GNFS.ZS:SWE,1973-12-31,25.13161547930182
WDI:NE.EXP.GNFS.ZS:SWE,1974-12-31,29.536343132895286
WDI:NE.EXP.GNFS.ZS:SWE,1975-12-31,25.81252288122814
WDI:NE.EXP.GNFS.ZS:SWE,1976-12-31,25.349678926606007
WDI:NE.EXP.GNFS.ZS:SWE,1977-12-31,25.116009050648792
WDI:NE.EXP.GNFS.ZS:SWE,1978-12-31,25.882397664369517
WDI:NE.EXP.GNFS.ZS:SWE,1979-12-31,27.876015704204875
WDI:NE.EXP.GNFS.ZS:SWE,1980-12-31,27.330082191765666
WDI:NE.EXP.GNFS.ZS:SWE,1981-12-31,28.00842453444209
WDI:NE.EXP.GNFS.ZS:SWE,1982-12-31,30.300669120543557
WDI:NE.EXP.GNFS.ZS:SWE,1983-12-31,33.263220288157406
WDI:NE.EXP.GNFS.ZS:SWE,1984-12-31,33.89399432126084
WDI:NE.EXP.GNFS.ZS:SWE,1985-12-31,32.86346329854603
WDI:NE.EXP.GNFS.ZS:SWE,1986-12-31,30.665086875174264
WDI:NE.EXP.GNFS.ZS:SWE,1987-12-31,30.276212986204044
WDI:NE.EXP.GNFS.ZS:SWE,1988-12-31,29.99829425710059
WDI:NE.EXP.GNFS.ZS:SWE,1989-12-31,29.769788236807727
WDI:NE.EXP.GNFS.ZS:SWE,1990-12-31,28.0991330492269
WDI:NE.EXP.GNFS.ZS:SWE,1991-12-31,26.260096114182012
WDI:NE.EXP.GNFS.ZS:SWE,1992-12-31,26.122100009274302
WDI:NE.EXP.GNFS.ZS:SWE,1993-12-31,30.602961274800645
WDI:NE.EXP.GNFS.ZS:SWE,1994-12-31,33.81207066362469
WDI:NE.EXP.GNFS.ZS:SWE,1995-12-31,37.33985808558855
WDI:NE.EXP.GNFS.ZS:SWE,1996-12-31,36.12656769233441
WDI:NE.EXP.GNFS.ZS:SWE,1997-12-31,39.231633463684396
WDI:NE.EXP.GNFS.ZS:SWE,1998-12-31,40.130260730420375
WDI:NE.EXP.GNFS.ZS:SWE,1999-12-31,40.17682552344379
WDI:NE.EXP.GNFS.ZS:SWE,2000-12-31,43.24542557939202
WDI:NE.EXP.GNFS.ZS:SWE,2001-12-31,42.89950750244332
WDI:NE.EXP.GNFS.ZS:SWE,2002-12-31,41.16166883112144
WDI:NE.EXP.GNFS.ZS:SWE,2003-12-31,40.33608374885708
WDI:NE.EXP.GNFS.ZS:SWE,2004-12-31,42.71893066703091
WDI:NE.EXP.GNFS.ZS:SWE,2005-12-31,45.33161697459659
WDI:NE.EXP.GNFS.ZS:SWE,2006-12-31,47.598347264906906
WDI:NE.EXP.GNFS.ZS:SWE,2007-12-31,47.7240209109834
WDI:NE.EXP.GNFS.ZS:SWE,2008-12-31,49.01409928968449
WDI:NE.EXP.GNFS.ZS:SWE,2009-12-31,43.459125456697755
WDI:NE.EXP.GNFS.ZS:SWE,2010-12-31,44.87702990893461
WDI:NE.EXP.GNFS.ZS:SWE,2011-12-31,45.41411896997881
WDI:NE.EXP.GNFS.ZS:SWE,2012-12-31,44.83356804076794
WDI:NE.EXP.GNFS.ZS:SWE,2013-12-31,42.736274814874
WDI:NE.EXP.GNFS.ZS:SWE,2014-12-31,43.458732395716495
WDI:NE.EXP.GNFS.ZS:SWE,2015-12-31,43.71146242817192
WDI:NE.EXP.GNFS.ZS:SWE,2016-12-31,42.9375471367813
WDI:NE.EXP.GNFS.ZS:SWE,2017-12-31,43.91774718619033
WDI:NE.EXP.GNFS.ZS:SWE,2018-12-31,45.940851477352616
WDI:NE.EXP.GNFS.ZS:SWE,2019-12-31,48.28865838129822
WDI:NE.EXP.GNFS.ZS:SWE,2020-12-31,44.28737715333877
WDI:NE.EXP.GNFS.ZS:SWE,2021-12-31,47.48423702784915
WDI:NE.EXP.GNFS.ZS:SWE,2022-12-31,54.31206335861523
WDI:NE.EXP.GNFS.ZS:SWE,2023-12-31,55.1958779701806
WDI:NE.EXP.GNFS.ZS:SWE,2024-12-31,54.4971396815443
WDI:NE.EXP.GNFS.ZS:SWE,2025-12-31,53.2286033614108
WDI:NE.EXP.GNFS.ZS:SWZ,2013-12-31,41.807076926062145
WDI:NE.EXP.GNFS.ZS:SWZ,2014-12-31,45.320669357861874
WDI:NE.EXP.GNFS.ZS:SWZ,2015-12-31,44.858775969271136
WDI:NE.EXP.GNFS.ZS:SWZ,2016-12-31,45.28693060328827
WDI:NE.EXP.GNFS.ZS:SWZ,2017-12-31,43.15629901695963
WDI:NE.EXP.GNFS.ZS:SWZ,2018-12-31,40.87211958993691
WDI:NE.EXP.GNFS.ZS:SWZ,2019-12-31,44.76148451590351
WDI:NE.EXP.GNFS.ZS:SWZ,2020-12-31,43.60319361745237
WDI:NE.EXP.GNFS.ZS:SWZ,2021-12-31,44.61257017558245
WDI:NE.EXP.GNFS.ZS:SWZ,2022-12-31,44.49539372138732
WDI:NE.EXP.GNFS.ZS:SWZ,2023-12-31,48.5010223337944
WDI:NE.EXP.GNFS.ZS:SWZ,2024-12-31,53.7558918717287
WDI:NE.EXP.GNFS.ZS:SYC,1976-12-31,17.59980306076396
WDI:NE.EXP.GNFS.ZS:SYC,1977-12-31,17.185320356853204
WDI:NE.EXP.GNFS.ZS:SYC,1978-12-31,17.725453934095494
WDI:NE.EXP.GNFS.ZS:SYC,1979-12-31,17.201017495967243
WDI:NE.EXP.GNFS.ZS:SYC,1980-12-31,14.13615737668383
WDI:NE.EXP.GNFS.ZS:SYC,1981-12-31,10.906578467835452
WDI:NE.EXP.GNFS.ZS:SYC,1982-12-31,10.168601918431508
WDI:NE.EXP.GNFS.ZS:SYC,1983-12-31,13.61238422345131
WDI:NE.EXP.GNFS.ZS:SYC,1984-12-31,16.730937646686918
WDI:NE.EXP.GNFS.ZS:SYC,1985-12-31,16.32047025735896
WDI:NE.EXP.GNFS.ZS:SYC,1986-12-31,8.717310384561664
WDI:NE.EXP.GNFS.ZS:SYC,1987-12-31,8.752655443123457
WDI:NE.EXP.GNFS.ZS:SYC,1988-12-31,11.041665202735778
WDI:NE.EXP.GNFS.ZS:SYC,1989-12-31,11.073179508891961
WDI:NE.EXP.GNFS.ZS:SYC,1990-12-31,15.093940674511467
WDI:NE.EXP.GNFS.ZS:SYC,1991-12-31,12.844410633855356
WDI:NE.EXP.GNFS.ZS:SYC,1992-12-31,10.891159995071284
WDI:NE.EXP.GNFS.ZS:SYC,1993-12-31,10.627921991132808
WDI:NE.EXP.GNFS.ZS:SYC,1994-12-31,10.237522722533122
WDI:NE.EXP.GNFS.ZS:SYC,1995-12-31,10.31506766801427
WDI:NE.EXP.GNFS.ZS:SYC,1996-12-31,27.311717008051488
WDI:NE.EXP.GNFS.ZS:SYC,1997-12-31,19.81025524736176
WDI:NE.EXP.GNFS.ZS:SYC,1998-12-31,19.799956014092285
WDI:NE.EXP.GNFS.ZS:SYC,1999-12-31,22.93368324710446
WDI:NE.EXP.GNFS.ZS:SYC,2000-12-31,74.32246958501008
WDI:NE.EXP.GNFS.ZS:SYC,2001-12-31,82.51376471267167
WDI:NE.EXP.GNFS.ZS:SYC,2002-12-31,76.67930013139662
WDI:NE.EXP.GNFS.ZS:SYC,2003-12-31,87.52838329995902
WDI:NE.EXP.GNFS.ZS:SYC,2004-12-31,72.88170464205396
WDI:NE.EXP.GNFS.ZS:SYC,2005-12-31,77.10753510130601
WDI:NE.EXP.GNFS.ZS:SYC,2006-12-31,83.08103862365466
WDI:NE.EXP.GNFS.ZS:SYC,2007-12-31,86.84372632585924
WDI:NE.EXP.GNFS.ZS:SYC,2008-12-31,98.1354103896525
WDI:NE.EXP.GNFS.ZS:SYC,2009-12-31,105.38690858599465
WDI:NE.EXP.GNFS.ZS:SYC,2010-12-31,91.36695105202513
WDI:NE.EXP.GNFS.ZS:SYC,2011-12-31,97.960756878163
WDI:NE.EXP.GNFS.ZS:SYC,2012-12-31,103.04722690288295
WDI:NE.EXP.GNFS.ZS:SYC,2013-12-31,94.70303168152971
WDI:NE.EXP.GNFS.ZS:SYC,2014-12-31,99.18074915829403
WDI:NE.EXP.GNFS.ZS:SYC,2015-12-31,90.08462826012484
WDI:NE.EXP.GNFS.ZS:SYC,2016-12-31,85.35025740583141
WDI:NE.EXP.GNFS.ZS:SYC,2017-12-31,93.90957228624059
WDI:NE.EXP.GNFS.ZS:SYC,2018-12-31,87.04440441099682
WDI:NE.EXP.GNFS.ZS:SYC,2019-12-31,82.35626862142263
WDI:NE.EXP.GNFS.ZS:SYC,2020-12-31,66.54668951838278
WDI:NE.EXP.GNFS.ZS:SYC,2021-12-31,80.2638714731898
WDI:NE.EXP.GNFS.ZS:SYC,2022-12-31,90.12160331277673
WDI:NE.EXP.GNFS.ZS:SYC,2023-12-31,85.5061413882593
WDI:NE.EXP.GNFS.ZS:SYC,2024-12-31,80.5778845619345
WDI:NE.EXP.GNFS.ZS:SYC,2025-12-31,79.6187766714083
WDI:NE.EXP.GNFS.ZS:SYR,1960-12-31,21.357004721385376
WDI:NE.EXP.GNFS.ZS:SYR,1961-12-31,17.599094201881396
WDI:NE.EXP.GNFS.ZS:SYR,1962-12-31,20.933760154159554
WDI:NE.EXP.GNFS.ZS:SYR,1963-12-31,19.427643153378394
WDI:NE.EXP.GNFS.ZS:SYR,1964-12-31,16.708433426298402
WDI:NE.EXP.GNFS.ZS:SYR,1965-12-31,17.04007133388495
WDI:NE.EXP.GNFS.ZS:SYR,1966-12-31,17.65771722027726
WDI:NE.EXP.GNFS.ZS:SYR,1967-12-31,15.751604441847892
WDI:NE.EXP.GNFS.ZS:SYR,1968-12-31,17.364436264744075
WDI:NE.EXP.GNFS.ZS:SYR,1969-12-31,17.110293833300485
WDI:NE.EXP.GNFS.ZS:SYR,1970-12-31,17.5
WDI:NE.EXP.GNFS.ZS:SYR,1971-12-31,17.346811431423937
WDI:NE.EXP.GNFS.ZS:SYR,1972-12-31,18.14044213263979
WDI:NE.EXP.GNFS.ZS:SYR,1973-12-31,22.05658655308792
WDI:NE.EXP.GNFS.ZS:SYR,1974-12-31,24.083307036920164
WDI:NE.EXP.GNFS.ZS:SYR,1975-12-31,21.40603000436957
WDI:NE.EXP.GNFS.ZS:SYR,1976-12-31,19.5267947421638
WDI:NE.EXP.GNFS.ZS:SYR,1977-12-31,18.169029726428015
WDI:NE.EXP.GNFS.ZS:SYR,1978-12-31,14.844545987835374
WDI:NE.EXP.GNFS.ZS:SYR,1979-12-31,19.135834145840818
WDI:NE.EXP.GNFS.ZS:SYR,1980-12-31,18.227033352837918
WDI:NE.EXP.GNFS.ZS:SYR,1981-12-31,15.643766058044605
WDI:NE.EXP.GNFS.ZS:SYR,1982-12-31,13.915217770541375
WDI:NE.EXP.GNFS.ZS:SYR,1983-12-31,13.254014817644732
WDI:NE.EXP.GNFS.ZS:SYR,1984-12-31,12.423349526160706
WDI:NE.EXP.GNFS.ZS:SYR,1985-12-31,11.954340642835687
WDI:NE.EXP.GNFS.ZS:SYR,1986-12-31,11.263546576206059
WDI:NE.EXP.GNFS.ZS:SYR,1987-12-31,15.662584565271862
WDI:NE.EXP.GNFS.ZS:SYR,1988-12-31,16.776405961934348
WDI:NE.EXP.GNFS.ZS:SYR,1989-12-31,30.068647913754475
WDI:NE.EXP.GNFS.ZS:SYR,1990-12-31,28.33919680391163
WDI:NE.EXP.GNFS.ZS:SYR,1991-12-31,24.405258630650525
WDI:NE.EXP.GNFS.ZS:SYR,1992-12-31,26.25649167182413
WDI:NE.EXP.GNFS.ZS:SYR,1993-12-31,27.865282594772268
WDI:NE.EXP.GNFS.ZS:SYR,1994-12-31,33.0619777475247
WDI:NE.EXP.GNFS.ZS:SYR,1995-12-31,31.039712772012784
WDI:NE.EXP.GNFS.ZS:SYR,1996-12-31,31.825978458639053
WDI:NE.EXP.GNFS.ZS:SYR,1997-12-31,32.420741742212996
WDI:NE.EXP.GNFS.ZS:SYR,1998-12-31,30.529170946961454
WDI:NE.EXP.GNFS.ZS:SYR,1999-12-31,32.31676051041885
WDI:NE.EXP.GNFS.ZS:SYR,2000-12-31,36.116150042614436
WDI:NE.EXP.GNFS.ZS:SYR,2001-12-31,36.886555346567995
WDI:NE.EXP.GNFS.ZS:SYR,2002-12-31,39.75351173957398
WDI:NE.EXP.GNFS.ZS:SYR,2003-12-31,32.20777479767968
WDI:NE.EXP.GNFS.ZS:SYR,2004-12-31,40.44902047611041
WDI:NE.EXP.GNFS.ZS:SYR,2005-12-31,41.04237944077354
WDI:NE.EXP.GNFS.ZS:SYR,2006-12-31,39.01143648879405
WDI:NE.EXP.GNFS.ZS:SYR,2007-12-31,38.59438510162615
WDI:NE.EXP.GNFS.ZS:SYR,2008-12-31,37.5620695571187
WDI:NE.EXP.GNFS.ZS:SYR,2009-12-31,29.05940996665615
WDI:NE.EXP.GNFS.ZS:SYR,2010-12-31,32.166785381777565
WDI:NE.EXP.GNFS.ZS:SYR,2011-12-31,19.369327824097983
WDI:NE.EXP.GNFS.ZS:SYR,2012-12-31,7.714617821360586
WDI:NE.EXP.GNFS.ZS:SYR,2013-12-31,7.778017972227302
WDI:NE.EXP.GNFS.ZS:SYR,2014-12-31,7.0157795714743845
WDI:NE.EXP.GNFS.ZS:SYR,2015-12-31,14.291104658126901
WDI:NE.EXP.GNFS.ZS:SYR,2016-12-31,21.68009890268412
WDI:NE.EXP.GNFS.ZS:SYR,2017-12-31,19.339675585181322
WDI:NE.EXP.GNFS.ZS:SYR,2018-12-31,14.917027712609343
WDI:NE.EXP.GNFS.ZS:SYR,2019-12-31,13.010066464082746
WDI:NE.EXP.GNFS.ZS:SYR,2020-12-31,13.686007473872497
WDI:NE.EXP.GNFS.ZS:SYR,2021-12-31,15.512970573508793
WDI:NE.EXP.GNFS.ZS:SYR,2022-12-31,6.810126877764181
WDI:NE.EXP.GNFS.ZS:TCD,1960-12-31,13.389645682592095
WDI:NE.EXP.GNFS.ZS:TCD,1961-12-31,13.911033004489944
WDI:NE.EXP.GNFS.ZS:TCD,1962-12-31,14.030383007458974
WDI:NE.EXP.GNFS.ZS:TCD,1963-12-31,12.948275025581218
WDI:NE.EXP.GNFS.ZS:TCD,1964-12-31,13.727621991172493
WDI:NE.EXP.GNFS.ZS:TCD,1965-12-31,13.500255004902781
WDI:NE.EXP.GNFS.ZS:TCD,1966-12-31,13.912615534923617
WDI:NE.EXP.GNFS.ZS:TCD,1967-12-31,14.361895455780463
WDI:NE.EXP.GNFS.ZS:TCD,1968-12-31,14.941012395936445
WDI:NE.EXP.GNFS.ZS:TCD,1969-12-31,13.206787615559918
WDI:NE.EXP.GNFS.ZS:TCD,1970-12-31,16.259836962238605
WDI:NE.EXP.GNFS.ZS:TCD,1971-12-31,15.91238484311269
WDI:NE.EXP.GNFS.ZS:TCD,1972-12-31,14.565098290728972
WDI:NE.EXP.GNFS.ZS:TCD,1973-12-31,15.72877744805328
WDI:NE.EXP.GNFS.ZS:TCD,1974-12-31,18.39108070971322
WDI:NE.EXP.GNFS.ZS:TCD,1975-12-31,14.402667171886662
WDI:NE.EXP.GNFS.ZS:TCD,1976-12-31,16.08392818656808
WDI:NE.EXP.GNFS.ZS:TCD,1977-12-31,15.354041503933665
WDI:NE.EXP.GNFS.ZS:TCD,1978-12-31,16.42274122132889
WDI:NE.EXP.GNFS.ZS:TCD,1979-12-31,17.778601041765725
WDI:NE.EXP.GNFS.ZS:TCD,1980-12-31,16.944906743021264
WDI:NE.EXP.GNFS.ZS:TCD,1981-12-31,15.10046021281591
WDI:NE.EXP.GNFS.ZS:TCD,1982-12-31,6.561971466472529
WDI:NE.EXP.GNFS.ZS:TCD,1983-12-31,16.418876600336727
WDI:NE.EXP.GNFS.ZS:TCD,1984-12-31,18.01780725092749
WDI:NE.EXP.GNFS.ZS:TCD,1985-12-31,11.90663510069528
WDI:NE.EXP.GNFS.ZS:TCD,1986-12-31,13.394104417129496
WDI:NE.EXP.GNFS.ZS:TCD,1987-12-31,15.449248275128566
WDI:NE.EXP.GNFS.ZS:TCD,1988-12-31,15.019143298804453
WDI:NE.EXP.GNFS.ZS:TCD,1989-12-31,13.781424506434226
WDI:NE.EXP.GNFS.ZS:TCD,1990-12-31,13.480208250905065
WDI:NE.EXP.GNFS.ZS:TCD,1991-12-31,11.951633062451325
WDI:NE.EXP.GNFS.ZS:TCD,1992-12-31,11.09074638927357
WDI:NE.EXP.GNFS.ZS:TCD,1993-12-31,13.323446113405025
WDI:NE.EXP.GNFS.ZS:TCD,1994-12-31,16.105602000140028
WDI:NE.EXP.GNFS.ZS:TCD,1995-12-31,21.929017547321536
WDI:NE.EXP.GNFS.ZS:TCD,1996-12-31,17.543509246210043
WDI:NE.EXP.GNFS.ZS:TCD,1997-12-31,18.543836083838773
WDI:NE.EXP.GNFS.ZS:TCD,1998-12-31,18.49162606216332
WDI:NE.EXP.GNFS.ZS:TCD,1999-12-31,18.318120771037062
WDI:NE.EXP.GNFS.ZS:TCD,2000-12-31,16.890096431930296
WDI:NE.EXP.GNFS.ZS:TCD,2001-12-31,14.665787544877146
WDI:NE.EXP.GNFS.ZS:TCD,2002-12-31,12.689940596443433
WDI:NE.EXP.GNFS.ZS:TCD,2003-12-31,24.63296690694812
WDI:NE.EXP.GNFS.ZS:TCD,2004-12-31,51.00885805671558
WDI:NE.EXP.GNFS.ZS:TCD,2005-12-31,44.59234900731835
WDI:NE.EXP.GNFS.ZS:TCD,2006-12-31,44.775822213838914
WDI:NE.EXP.GNFS.ZS:TCD,2007-12-31,43.46879454049154
WDI:NE.EXP.GNFS.ZS:TCD,2008-12-31,40.07138689467799
WDI:NE.EXP.GNFS.ZS:TCD,2009-12-31,32.877151640868945
WDI:NE.EXP.GNFS.ZS:TCD,2010-12-31,34.4383534129809
WDI:NE.EXP.GNFS.ZS:TCD,2011-12-31,32.66266690761524
WDI:NE.EXP.GNFS.ZS:TCD,2012-12-31,33.39800054423422
WDI:NE.EXP.GNFS.ZS:TCD,2013-12-31,30.151504195774205
WDI:NE.EXP.GNFS.ZS:TCD,2014-12-31,23.139035961399255
WDI:NE.EXP.GNFS.ZS:TCD,2015-12-31,27.908480063759722
WDI:NE.EXP.GNFS.ZS:TCD,2016-12-31,22.607986353413743
WDI:NE.EXP.GNFS.ZS:TCD,2017-12-31,23.18561577023255
WDI:NE.EXP.GNFS.ZS:TCD,2018-12-31,25.844781265328905
WDI:NE.EXP.GNFS.ZS:TCD,2019-12-31,24.968456965958026
WDI:NE.EXP.GNFS.ZS:TCD,2020-12-31,21.286846433582966
WDI:NE.EXP.GNFS.ZS:TCD,2021-12-31,26.283349296339775
WDI:NE.EXP.GNFS.ZS:TCD,2022-12-31,31.7353441144244
WDI:NE.EXP.GNFS.ZS:TCD,2023-12-31,29.1015893607964
WDI:NE.EXP.GNFS.ZS:TCD,2024-12-31,27.6855627406623
WDI:NE.EXP.GNFS.ZS:TCD,2025-12-31,29.4140577724768
WDI:NE.EXP.GNFS.ZS:TEA,1960-12-31,5.383190434375681
WDI:NE.EXP.GNFS.ZS:TEA,1961-12-31,5.403238214930534
WDI:NE.EXP.GNFS.ZS:TEA,1962-12-31,5.931280680216635
WDI:NE.EXP.GNFS.ZS:TEA,1963-12-31,6.274353587056495
WDI:NE.EXP.GNFS.ZS:TEA,1964-12-31,6.114128874198591
WDI:NE.EXP.GNFS.ZS:TEA,1965-12-31,5.921976454829141
WDI:NE.EXP.GNFS.ZS:TEA,1966-12-31,5.774137773208098
WDI:NE.EXP.GNFS.ZS:TEA,1967-12-31,5.790969161776561
WDI:NE.EXP.GNFS.ZS:TEA,1968-12-31,6.162458822526793
WDI:NE.EXP.GNFS.ZS:TEA,1969-12-31,5.884065204482956
WDI:NE.EXP.GNFS.ZS:TEA,1970-12-31,5.720831551726347
WDI:NE.EXP.GNFS.ZS:TEA,1971-12-31,5.920924923687786
WDI:NE.EXP.GNFS.ZS:TEA,1972-12-31,6.53099317008942
WDI:NE.EXP.GNFS.ZS:TEA,1973-12-31,8.728273420908147
WDI:NE.EXP.GNFS.ZS:TEA,1974-12-31,11.790796979055395
WDI:NE.EXP.GNFS.ZS:TEA,1975-12-31,10.233115111823645
WDI:NE.EXP.GNFS.ZS:TEA,1976-12-31,11.468535945785522
WDI:NE.EXP.GNFS.ZS:TEA,1977-12-31,11.824766361433648
WDI:NE.EXP.GNFS.ZS:TEA,1978-12-31,14.33951304028597
WDI:NE.EXP.GNFS.ZS:TEA,1979-12-31,16.842476606645906
WDI:NE.EXP.GNFS.ZS:TEA,1980-12-31,19.397605618545445
WDI:NE.EXP.GNFS.ZS:TEA,1981-12-31,19.814833327529062
WDI:NE.EXP.GNFS.ZS:TEA,1982-12-31,17.59032341581784
WDI:NE.EXP.GNFS.ZS:TEA,1983-12-31,17.53023364518362
WDI:NE.EXP.GNFS.ZS:TEA,1984-12-31,17.87002635438613
WDI:NE.EXP.GNFS.ZS:TEA,1985-12-31,15.65691456876516
WDI:NE.EXP.GNFS.ZS:TEA,1986-12-31,15.25458012530109
WDI:NE.EXP.GNFS.ZS:TEA,1987-12-31,19.27132274833773
WDI:NE.EXP.GNFS.ZS:TEA,1988-12-31,21.367484996204524
WDI:NE.EXP.GNFS.ZS:TEA,1989-12-31,21.410356056776152
WDI:NE.EXP.GNFS.ZS:TEA,1990-12-31,23.277604575987443
WDI:NE.EXP.GNFS.ZS:TEA,1991-12-31,24.917160756605732
WDI:NE.EXP.GNFS.ZS:TEA,1992-12-31,26.109141661480212
WDI:NE.EXP.GNFS.ZS:TEA,1993-12-31,26.871623310675837
WDI:NE.EXP.GNFS.ZS:TEA,1994-12-31,28.259264813507063
WDI:NE.EXP.GNFS.ZS:TEA,1995-12-31,28.28036255328415
WDI:NE.EXP.GNFS.ZS:TEA,1996-12-31,27.72719502435872
WDI:NE.EXP.GNFS.ZS:TEA,1997-12-31,29.52268740349304
WDI:NE.EXP.GNFS.ZS:TEA,1998-12-31,30.240069027590337
WDI:NE.EXP.GNFS.ZS:TEA,1999-12-31,29.648371011149493
WDI:NE.EXP.GNFS.ZS:TEA,2000-12-31,32.9891506992451
WDI:NE.EXP.GNFS.ZS:TEA,2001-12-31,30.72193736277789
WDI:NE.EXP.GNFS.ZS:TEA,2002-12-31,31.48712355583217
WDI:NE.EXP.GNFS.ZS:TEA,2003-12-31,34.281612072088684
WDI:NE.EXP.GNFS.ZS:TEA,2004-12-31,37.94123717230207
WDI:NE.EXP.GNFS.ZS:TEA,2005-12-31,40.143813649530316
WDI:NE.EXP.GNFS.ZS:TEA,2006-12-31,41.21100773867602
WDI:NE.EXP.GNFS.ZS:TEA,2007-12-31,39.93974451733309
WDI:NE.EXP.GNFS.ZS:TEA,2008-12-31,37.10447013029371
WDI:NE.EXP.GNFS.ZS:TEA,2009-12-31,28.945204014652454
WDI:NE.EXP.GNFS.ZS:TEA,2010-12-31,30.824537586260565
WDI:NE.EXP.GNFS.ZS:TEA,2011-12-31,30.42765450582443
WDI:NE.EXP.GNFS.ZS:TEA,2012-12-31,29.031119558529657
WDI:NE.EXP.GNFS.ZS:TEA,2013-12-31,27.936549033201075
WDI:NE.EXP.GNFS.ZS:TEA,2014-12-31,26.908518243137824
WDI:NE.EXP.GNFS.ZS:TEA,2015-12-31,24.61036332077758
WDI:NE.EXP.GNFS.ZS:TEA,2016-12-31,23.004229062515865
WDI:NE.EXP.GNFS.ZS:TEA,2017-12-31,23.439566731290167
WDI:NE.EXP.GNFS.ZS:TEA,2018-12-31,22.961585073958236
WDI:NE.EXP.GNFS.ZS:TEA,2019-12-31,22.046939473386054
WDI:NE.EXP.GNFS.ZS:TEA,2020-12-31,21.51005292732629
WDI:NE.EXP.GNFS.ZS:TEA,2021-12-31,23.078569291335416
WDI:NE.EXP.GNFS.ZS:TEA,2022-12-31,24.452078075316656
WDI:NE.EXP.GNFS.ZS:TEA,2023-12-31,23.3118776698442
WDI:NE.EXP.GNFS.ZS:TEA,2024-12-31,24.5601465889496
WDI:NE.EXP.GNFS.ZS:TEA,2025-12-31,25.5201398982836
WDI:NE.EXP.GNFS.ZS:TEC,1990-12-31,21.061378804732804
WDI:NE.EXP.GNFS.ZS:TEC,1991-12-31,16.860723015122055
WDI:NE.EXP.GNFS.ZS:TEC,1992-12-31,48.66539998136844
WDI:NE.EXP.GNFS.ZS:TEC,1993-12-31,32.29743952738983
WDI:NE.EXP.GNFS.ZS:TEC,1994-12-31,28.20291501819004
WDI:NE.EXP.GNFS.ZS:TEC,1995-12-31,26.711699708555876
WDI:NE.EXP.GNFS.ZS:TEC,1996-12-31,25.30668319842381
WDI:NE.EXP.GNFS.ZS:TEC,1997-12-31,25.487957871080187
WDI:NE.EXP.GNFS.ZS:TEC,1998-12-31,27.18043060422805
WDI:NE.EXP.GNFS.ZS:TEC,1999-12-31,29.263495626401465
WDI:NE.EXP.GNFS.ZS:TEC,2000-12-31,32.338175093387214
WDI:NE.EXP.GNFS.ZS:TEC,2001-12-31,32.693853599351925
WDI:NE.EXP.GNFS.ZS:TEC,2002-12-31,31.933378351156545
WDI:NE.EXP.GNFS.ZS:TEC,2003-12-31,32.45394544204592
WDI:NE.EXP.GNFS.ZS:TEC,2004-12-31,33.25470700670753
WDI:NE.EXP.GNFS.ZS:TEC,2005-12-31,32.85014689756625
WDI:NE.EXP.GNFS.ZS:TEC,2006-12-31,33.16622446686754
WDI:NE.EXP.GNFS.ZS:TEC,2007-12-31,31.7792789905664
WDI:NE.EXP.GNFS.ZS:TEC,2008-12-31,33.25600064999822
WDI:NE.EXP.GNFS.ZS:TEC,2009-12-31,30.48802851649233
WDI:NE.EXP.GNFS.ZS:TEC,2010-12-31,31.530849953744973
WDI:NE.EXP.GNFS.ZS:TEC,2011-12-31,32.75164813274537
WDI:NE.EXP.GNFS.ZS:TEC,2012-12-31,32.264908654293336
WDI:NE.EXP.GNFS.ZS:TEC,2013-12-31,31.29786329064126
WDI:NE.EXP.GNFS.ZS:TEC,2014-12-31,32.53829638381504
WDI:NE.EXP.GNFS.ZS:TEC,2015-12-31,32.83977948056052
WDI:NE.EXP.GNFS.ZS:TEC,2016-12-31,32.04817181855976
WDI:NE.EXP.GNFS.ZS:TEC,2017-12-31,33.547129441729425
WDI:NE.EXP.GNFS.ZS:TEC,2018-12-31,37.549805252241
WDI:NE.EXP.GNFS.ZS:TEC,2019-12-31,36.526445243269265
WDI:NE.EXP.GNFS.ZS:TEC,2020-12-31,33.553405246863136
WDI:NE.EXP.GNFS.ZS:TEC,2021-12-31,38.25101677757296
WDI:NE.EXP.GNFS.ZS:TEC,2022-12-31,38.860749017185064
WDI:NE.EXP.GNFS.ZS:TEC,2023-12-31,34.9048994882672
WDI:NE.EXP.GNFS.ZS:TEC,2024-12-31,32.287163405573
WDI:NE.EXP.GNFS.ZS:TEC,2025-12-31,29.2365909395474
WDI:NE.EXP.GNFS.ZS:TGO,1963-12-31,16.975308642361362
WDI:NE.EXP.GNFS.ZS:TGO,1964-12-31,22.916666666811654
WDI:NE.EXP.GNFS.ZS:TGO,1965-12-31,20.919540229232496
WDI:NE.EXP.GNFS.ZS:TGO,1966-12-31,24.10546139302188
WDI:NE.EXP.GNFS.ZS:TGO,1967-12-31,23.508771929580462
WDI:NE.EXP.GNFS.ZS:TGO,1968-12-31,26.21035058383747
WDI:NE.EXP.GNFS.ZS:TGO,1969-12-31,28.44827586234086
WDI:NE.EXP.GNFS.ZS:TGO,1970-12-31,29.30800542681304
WDI:NE.EXP.GNFS.ZS:TGO,1971-12-31,27.83882783887058
WDI:NE.EXP.GNFS.ZS:TGO,1972-12-31,23.515981734980183
WDI:NE.EXP.GNFS.ZS:TGO,1973-12-31,20.5752212389588
WDI:NE.EXP.GNFS.ZS:TGO,1974-12-31,42.23412394776
WDI:NE.EXP.GNFS.ZS:TGO,1975-12-31,27.747466874678896
WDI:NE.EXP.GNFS.ZS:TGO,1976-12-31,31.841526045718872
WDI:NE.EXP.GNFS.ZS:TGO,1977-12-31,26.65876777267701
WDI:NE.EXP.GNFS.ZS:TGO,1978-12-31,35.381355932312275
WDI:NE.EXP.GNFS.ZS:TGO,1979-12-31,33.64661654120673
WDI:NE.EXP.GNFS.ZS:TGO,1980-12-31,48.19630872480933
WDI:NE.EXP.GNFS.ZS:TGO,1981-12-31,40.07751937977254
WDI:NE.EXP.GNFS.ZS:TGO,1982-12-31,52.7623285132078
WDI:NE.EXP.GNFS.ZS:TGO,1983-12-31,43.99328859056534
WDI:NE.EXP.GNFS.ZS:TGO,1984-12-31,51.21096239648464
WDI:NE.EXP.GNFS.ZS:TGO,1985-12-31,48.40875912397893
WDI:NE.EXP.GNFS.ZS:TGO,1986-12-31,43.93032117573332
WDI:NE.EXP.GNFS.ZS:TGO,1987-12-31,41.39584443261848
WDI:NE.EXP.GNFS.ZS:TGO,1988-12-31,39.092453288008564
WDI:NE.EXP.GNFS.ZS:TGO,1989-12-31,39.89805375340177
WDI:NE.EXP.GNFS.ZS:TGO,1990-12-31,26.243166220709192
WDI:NE.EXP.GNFS.ZS:TGO,1991-12-31,25.275521220438446
WDI:NE.EXP.GNFS.ZS:TGO,1992-12-31,20.97346920717335
WDI:NE.EXP.GNFS.ZS:TGO,1993-12-31,17.47442206875622
WDI:NE.EXP.GNFS.ZS:TGO,1994-12-31,25.82061735252388
WDI:NE.EXP.GNFS.ZS:TGO,1995-12-31,22.757328411858026
WDI:NE.EXP.GNFS.ZS:TGO,1996-12-31,24.948764209053376
WDI:NE.EXP.GNFS.ZS:TGO,1997-12-31,22.480345527726882
WDI:NE.EXP.GNFS.ZS:TGO,1998-12-31,23.07146796688893
WDI:NE.EXP.GNFS.ZS:TGO,1999-12-31,21.33980450642187
WDI:NE.EXP.GNFS.ZS:TGO,2000-12-31,20.156660403800675
WDI:NE.EXP.GNFS.ZS:TGO,2001-12-31,20.509525893000937
WDI:NE.EXP.GNFS.ZS:TGO,2002-12-31,21.43814149515773
WDI:NE.EXP.GNFS.ZS:TGO,2003-12-31,23.229600731553813
WDI:NE.EXP.GNFS.ZS:TGO,2004-12-31,23.57436138467654
WDI:NE.EXP.GNFS.ZS:TGO,2005-12-31,25.18263858899007
WDI:NE.EXP.GNFS.ZS:TGO,2006-12-31,25.047696446921318
WDI:NE.EXP.GNFS.ZS:TGO,2007-12-31,24.622078243209078
WDI:NE.EXP.GNFS.ZS:TGO,2008-12-31,25.326540545675524
WDI:NE.EXP.GNFS.ZS:TGO,2009-12-31,25.861394271016042
WDI:NE.EXP.GNFS.ZS:TGO,2010-12-31,27.72544853384203
WDI:NE.EXP.GNFS.ZS:TGO,2011-12-31,31.494644304405284
WDI:NE.EXP.GNFS.ZS:TGO,2012-12-31,32.98918419432125
WDI:NE.EXP.GNFS.ZS:TGO,2013-12-31,34.11111820935871
WDI:NE.EXP.GNFS.ZS:TGO,2014-12-31,29.138898093163025
WDI:NE.EXP.GNFS.ZS:TGO,2015-12-31,26.710629871507695
WDI:NE.EXP.GNFS.ZS:TGO,2016-12-31,26.73149873478518
WDI:NE.EXP.GNFS.ZS:TGO,2017-12-31,25.302077353911578
WDI:NE.EXP.GNFS.ZS:TGO,2018-12-31,24.330049050380435
WDI:NE.EXP.GNFS.ZS:TGO,2019-12-31,23.90770191304866
WDI:NE.EXP.GNFS.ZS:TGO,2020-12-31,23.0702588042531
WDI:NE.EXP.GNFS.ZS:TGO,2021-12-31,23.134296059824976
WDI:NE.EXP.GNFS.ZS:TGO,2022-12-31,25.009210486549165
WDI:NE.EXP.GNFS.ZS:TGO,2023-12-31,24.5820517950579
WDI:NE.EXP.GNFS.ZS:THA,1960-12-31,16.144643198152547
WDI:NE.EXP.GNFS.ZS:THA,1961-12-31,17.335475661724654
WDI:NE.EXP.GNFS.ZS:THA,1962-12-31,15.686762829253546
WDI:NE.EXP.GNFS.ZS:THA,1963-12-31,15.134256216055725
WDI:NE.EXP.GNFS.ZS:THA,1964-12-31,17.354830851355587
WDI:NE.EXP.GNFS.ZS:THA,1965-12-31,16.85509511730438
WDI:NE.EXP.GNFS.ZS:THA,1966-12-31,17.61438130542054
WDI:NE.EXP.GNFS.ZS:THA,1967-12-31,18.161664702620474
WDI:NE.EXP.GNFS.ZS:THA,1968-12-31,16.938767965064592
WDI:NE.EXP.GNFS.ZS:THA,1969-12-31,16.061696145874944
WDI:NE.EXP.GNFS.ZS:THA,1970-12-31,15.020352832497805
WDI:NE.EXP.GNFS.ZS:THA,1971-12-31,15.9889178096841
WDI:NE.EXP.GNFS.ZS:THA,1972-12-31,18.18930055053551
WDI:NE.EXP.GNFS.ZS:THA,1973-12-31,18.6028818612765
WDI:NE.EXP.GNFS.ZS:THA,1974-12-31,21.589182909405388
WDI:NE.EXP.GNFS.ZS:THA,1975-12-31,18.36300780778079
WDI:NE.EXP.GNFS.ZS:THA,1976-12-31,20.235208890655894
WDI:NE.EXP.GNFS.ZS:THA,1977-12-31,19.958363946240663
WDI:NE.EXP.GNFS.ZS:THA,1978-12-31,19.885702100263654
WDI:NE.EXP.GNFS.ZS:THA,1979-12-31,22.57112239571885
WDI:NE.EXP.GNFS.ZS:THA,1980-12-31,24.111447785603417
WDI:NE.EXP.GNFS.ZS:THA,1981-12-31,23.84738163943129
WDI:NE.EXP.GNFS.ZS:THA,1982-12-31,22.917906645440013
WDI:NE.EXP.GNFS.ZS:THA,1983-12-31,20.111206367417495
WDI:NE.EXP.GNFS.ZS:THA,1984-12-31,21.901383081850053
WDI:NE.EXP.GNFS.ZS:THA,1985-12-31,23.21362939812819
WDI:NE.EXP.GNFS.ZS:THA,1986-12-31,25.60179670054727
WDI:NE.EXP.GNFS.ZS:THA,1987-12-31,28.89401098815474
WDI:NE.EXP.GNFS.ZS:THA,1988-12-31,33.01196846877477
WDI:NE.EXP.GNFS.ZS:THA,1989-12-31,34.921528047518656
WDI:NE.EXP.GNFS.ZS:THA,1990-12-31,34.13192824488076
WDI:NE.EXP.GNFS.ZS:THA,1991-12-31,35.96430951701818
WDI:NE.EXP.GNFS.ZS:THA,1992-12-31,36.97247566801991
WDI:NE.EXP.GNFS.ZS:THA,1993-12-31,36.81728956011259
WDI:NE.EXP.GNFS.ZS:THA,1994-12-31,38.24211390885015
WDI:NE.EXP.GNFS.ZS:THA,1995-12-31,41.53234506524305
WDI:NE.EXP.GNFS.ZS:THA,1996-12-31,39.01842019711103
WDI:NE.EXP.GNFS.ZS:THA,1997-12-31,48.237058707388684
WDI:NE.EXP.GNFS.ZS:THA,1998-12-31,57.93730284440056
WDI:NE.EXP.GNFS.ZS:THA,1999-12-31,56.438542861473465
WDI:NE.EXP.GNFS.ZS:THA,2000-12-31,64.840250738685
WDI:NE.EXP.GNFS.ZS:THA,2001-12-31,63.25068975665299
WDI:NE.EXP.GNFS.ZS:THA,2002-12-31,60.64575260097013
WDI:NE.EXP.GNFS.ZS:THA,2003-12-31,61.52255163318904
WDI:NE.EXP.GNFS.ZS:THA,2004-12-31,65.97185733911854
WDI:NE.EXP.GNFS.ZS:THA,2005-12-31,68.40271690088701
WDI:NE.EXP.GNFS.ZS:THA,2006-12-31,68.67534203330126
WDI:NE.EXP.GNFS.ZS:THA,2007-12-31,68.87227517024832
WDI:NE.EXP.GNFS.ZS:THA,2008-12-31,71.4164181071068
WDI:NE.EXP.GNFS.ZS:THA,2009-12-31,64.43861249176517
WDI:NE.EXP.GNFS.ZS:THA,2010-12-31,66.48617315922391
WDI:NE.EXP.GNFS.ZS:THA,2011-12-31,70.85490938016112
WDI:NE.EXP.GNFS.ZS:THA,2012-12-31,68.95123562979806
WDI:NE.EXP.GNFS.ZS:THA,2013-12-31,67.1711410731483
WDI:NE.EXP.GNFS.ZS:THA,2014-12-31,68.39413516121776
WDI:NE.EXP.GNFS.ZS:THA,2015-12-31,67.63669027058648
WDI:NE.EXP.GNFS.ZS:THA,2016-12-31,67.07088396930105
WDI:NE.EXP.GNFS.ZS:THA,2017-12-31,66.67283246637669
WDI:NE.EXP.GNFS.ZS:THA,2018-12-31,64.83809689933204
WDI:NE.EXP.GNFS.ZS:THA,2019-12-31,59.518890621885944
WDI:NE.EXP.GNFS.ZS:THA,2020-12-31,51.49442660889195
WDI:NE.EXP.GNFS.ZS:THA,2021-12-31,58.55938918492875
WDI:NE.EXP.GNFS.ZS:THA,2022-12-31,65.37276419140825
WDI:NE.EXP.GNFS.ZS:THA,2023-12-31,65.5135882745017
WDI:NE.EXP.GNFS.ZS:THA,2024-12-31,69.6726291658353
WDI:NE.EXP.GNFS.ZS:THA,2025-12-31,71.1480976123329
WDI:NE.EXP.GNFS.ZS:TJK,1993-12-31,28.55486097360903
WDI:NE.EXP.GNFS.ZS:TJK,1994-12-31,38.06138613861386
WDI:NE.EXP.GNFS.ZS:TJK,1995-12-31,65.58309455587393
WDI:NE.EXP.GNFS.ZS:TJK,1996-12-31,76.60580415045396
WDI:NE.EXP.GNFS.ZS:TJK,1997-12-31,87.41798533384794
WDI:NE.EXP.GNFS.ZS:TJK,1998-12-31,48.86374719594265
WDI:NE.EXP.GNFS.ZS:TJK,1999-12-31,66.09665427509293
WDI:NE.EXP.GNFS.ZS:TJK,2000-12-31,86.75211283371578
WDI:NE.EXP.GNFS.ZS:TJK,2001-12-31,68.14104064279584
WDI:NE.EXP.GNFS.ZS:TJK,2002-12-31,62.80923177199064
WDI:NE.EXP.GNFS.ZS:TJK,2003-12-31,63.9307766623262
WDI:NE.EXP.GNFS.ZS:TJK,2004-12-31,58.74531804841665
WDI:NE.EXP.GNFS.ZS:TJK,2005-12-31,54.24194488385646
WDI:NE.EXP.GNFS.ZS:TJK,2006-12-31,58.15622589767761
WDI:NE.EXP.GNFS.ZS:TJK,2007-12-31,45.859235887663615
WDI:NE.EXP.GNFS.ZS:TJK,2008-12-31,34.01479640820015
WDI:NE.EXP.GNFS.ZS:TJK,2009-12-31,24.47099886079938
WDI:NE.EXP.GNFS.ZS:TJK,2010-12-31,14.939025624213285
WDI:NE.EXP.GNFS.ZS:TJK,2011-12-31,16.447685651672202
WDI:NE.EXP.GNFS.ZS:TJK,2012-12-31,17.277279879213893
WDI:NE.EXP.GNFS.ZS:TJK,2013-12-31,11.088143661397956
WDI:NE.EXP.GNFS.ZS:TJK,2014-12-31,9.170091189733764
WDI:NE.EXP.GNFS.ZS:TJK,2015-12-31,9.802698429512455
WDI:NE.EXP.GNFS.ZS:TJK,2016-12-31,13.200329255360893
WDI:NE.EXP.GNFS.ZS:TJK,2017-12-31,14.928539613218424
WDI:NE.EXP.GNFS.ZS:TJK,2018-12-31,14.37547847428623
WDI:NE.EXP.GNFS.ZS:TJK,2019-12-31,14.97993927427449
WDI:NE.EXP.GNFS.ZS:TJK,2020-12-31,17.32431457044747
WDI:NE.EXP.GNFS.ZS:TJK,2021-12-31,24.181929888608902
WDI:NE.EXP.GNFS.ZS:TJK,2022-12-31,16.353124045431738
WDI:NE.EXP.GNFS.ZS:TJK,2023-12-31,17.1918374601415
WDI:NE.EXP.GNFS.ZS:TJK,2024-12-31,11.2126477768242
WDI:NE.EXP.GNFS.ZS:TKM,1991-12-31,38.983050847457626
WDI:NE.EXP.GNFS.ZS:TKM,1992-12-31,67.125
WDI:NE.EXP.GNFS.ZS:TKM,1993-12-31,84.69560878243513
WDI:NE.EXP.GNFS.ZS:TKM,1994-12-31,84.9552752293578
WDI:NE.EXP.GNFS.ZS:TKM,1995-12-31,83.97292944785276
WDI:NE.EXP.GNFS.ZS:TKM,1996-12-31,74.58064516129032
WDI:NE.EXP.GNFS.ZS:TKM,1997-12-31,39.018901890189014
WDI:NE.EXP.GNFS.ZS:TKM,1998-12-31,29.72490175062522
WDI:NE.EXP.GNFS.ZS:TKM,1999-12-31,35.67688855646971
WDI:NE.EXP.GNFS.ZS:TKM,2000-12-31,55.236454145127325
WDI:NE.EXP.GNFS.ZS:TKM,2001-12-31,41.49216474830121
WDI:NE.EXP.GNFS.ZS:TKM,2002-12-31,35.41114058355438
WDI:NE.EXP.GNFS.ZS:TKM,2003-12-31,32.60668293914654
WDI:NE.EXP.GNFS.ZS:TKM,2004-12-31,29.69384990517475
WDI:NE.EXP.GNFS.ZS:TKM,2005-12-31,30.686971614131348
WDI:NE.EXP.GNFS.ZS:TKM,2006-12-31,35.11618499707852
WDI:NE.EXP.GNFS.ZS:TKM,2007-12-31,36.77777777777778
WDI:NE.EXP.GNFS.ZS:TKM,2008-12-31,57.37416616130988
WDI:NE.EXP.GNFS.ZS:TKM,2009-12-31,47.083022339483776
WDI:NE.EXP.GNFS.ZS:TKM,2010-12-31,45.90441564898543
WDI:NE.EXP.GNFS.ZS:TKM,2011-12-31,59.79715537418232
WDI:NE.EXP.GNFS.ZS:TKM,2012-12-31,58.832744616735525
WDI:NE.EXP.GNFS.ZS:TKM,2013-12-31,49.83932040138569
WDI:NE.EXP.GNFS.ZS:TKM,2014-12-31,46.78017477669214
WDI:NE.EXP.GNFS.ZS:TKM,2015-12-31,35.67546428941971
WDI:NE.EXP.GNFS.ZS:TKM,2016-12-31,22.15051385147678
WDI:NE.EXP.GNFS.ZS:TKM,2017-12-31,22.46839734221271
WDI:NE.EXP.GNFS.ZS:TKM,2018-12-31,29.899985281646213
WDI:NE.EXP.GNFS.ZS:TKM,2019-12-31,24.733600732716422
WDI:NE.EXP.GNFS.ZS:TKM,2020-12-31,17.818948261132554
WDI:NE.EXP.GNFS.ZS:TKM,2021-12-31,20.560545290413994
WDI:NE.EXP.GNFS.ZS:TKM,2022-12-31,24.87638201180221
WDI:NE.EXP.GNFS.ZS:TKM,2023-12-31,21.6753202584741
WDI:NE.EXP.GNFS.ZS:TKM,2024-12-31,17.5725615007301
WDI:NE.EXP.GNFS.ZS:TKM,2025-12-31,14.4706421310531
WDI:NE.EXP.GNFS.ZS:TLA,1960-12-31,12.252765920695449
WDI:NE.EXP.GNFS.ZS:TLA,1961-12-31,11.651397537743732
WDI:NE.EXP.GNFS.ZS:TLA,1962-12-31,11.148694810976206
WDI:NE.EXP.GNFS.ZS:TLA,1963-12-31,12.903466862126722
WDI:NE.EXP.GNFS.ZS:TLA,1964-12-31,10.927742749878162
WDI:NE.EXP.GNFS.ZS:TLA,1965-12-31,11.268613249682382
WDI:NE.EXP.GNFS.ZS:TLA,1966-12-31,10.9083557763038
WDI:NE.EXP.GNFS.ZS:TLA,1967-12-31,10.80834610727181
WDI:NE.EXP.GNFS.ZS:TLA,1968-12-31,10.673948005135623
WDI:NE.EXP.GNFS.ZS:TLA,1969-12-31,10.794069107027976
WDI:NE.EXP.GNFS.ZS:TLA,1970-12-31,10.778761333876433
WDI:NE.EXP.GNFS.ZS:TLA,1971-12-31,10.319781100659378
WDI:NE.EXP.GNFS.ZS:TLA,1972-12-31,10.798749176527517
WDI:NE.EXP.GNFS.ZS:TLA,1973-12-31,11.501180079913077
WDI:NE.EXP.GNFS.ZS:TLA,1974-12-31,13.093407928967693
WDI:NE.EXP.GNFS.ZS:TLA,1975-12-31,11.433715675440597
WDI:NE.EXP.GNFS.ZS:TLA,1976-12-31,12.190140101903493
WDI:NE.EXP.GNFS.ZS:TLA,1977-12-31,12.808449575211311
WDI:NE.EXP.GNFS.ZS:TLA,1978-12-31,11.890883751832876
WDI:NE.EXP.GNFS.ZS:TLA,1979-12-31,13.165467519942343
WDI:NE.EXP.GNFS.ZS:TLA,1980-12-31,13.603963557336554
WDI:NE.EXP.GNFS.ZS:TLA,1981-12-31,12.910203056378581
WDI:NE.EXP.GNFS.ZS:TLA,1982-12-31,13.211231377847243
WDI:NE.EXP.GNFS.ZS:TLA,1983-12-31,15.65573418771811
WDI:NE.EXP.GNFS.ZS:TLA,1984-12-31,16.087628302102004
WDI:NE.EXP.GNFS.ZS:TLA,1985-12-31,15.831639670656038
WDI:NE.EXP.GNFS.ZS:TLA,1986-12-31,14.052391289713345
WDI:NE.EXP.GNFS.ZS:TLA,1987-12-31,14.27124222552445
WDI:NE.EXP.GNFS.ZS:TLA,1988-12-31,16.013550577039908
WDI:NE.EXP.GNFS.ZS:TLA,1989-12-31,15.672737500084805
WDI:NE.EXP.GNFS.ZS:TLA,1990-12-31,15.750236476458435
WDI:NE.EXP.GNFS.ZS:TLA,1991-12-31,14.916071407310708
WDI:NE.EXP.GNFS.ZS:TLA,1992-12-31,14.776957146557516
WDI:NE.EXP.GNFS.ZS:TLA,1993-12-31,13.29988056020501
WDI:NE.EXP.GNFS.ZS:TLA,1994-12-31,13.513884144034833
WDI:NE.EXP.GNFS.ZS:TLA,1995-12-31,14.969272204684273
WDI:NE.EXP.GNFS.ZS:TLA,1996-12-31,15.377640339645229
WDI:NE.EXP.GNFS.ZS:TLA,1997-12-31,15.415575728227976
WDI:NE.EXP.GNFS.ZS:TLA,1998-12-31,15.179773377024205
WDI:NE.EXP.GNFS.ZS:TLA,1999-12-31,17.658651666390696
WDI:NE.EXP.GNFS.ZS:TLA,2000-12-31,18.987434422847667
WDI:NE.EXP.GNFS.ZS:TLA,2001-12-31,18.782522156036915
WDI:NE.EXP.GNFS.ZS:TLA,2002-12-31,21.39309076958694
WDI:NE.EXP.GNFS.ZS:TLA,2003-12-31,22.741801249825308
WDI:NE.EXP.GNFS.ZS:TLA,2004-12-31,24.107160495763367
WDI:NE.EXP.GNFS.ZS:TLA,2005-12-31,23.824489896431693
WDI:NE.EXP.GNFS.ZS:TLA,2006-12-31,23.97823559934144
WDI:NE.EXP.GNFS.ZS:TLA,2007-12-31,22.95723552223226
WDI:NE.EXP.GNFS.ZS:TLA,2008-12-31,22.71082717277943
WDI:NE.EXP.GNFS.ZS:TLA,2009-12-31,19.373096735746305
WDI:NE.EXP.GNFS.ZS:TLA,2010-12-31,20.513386860365205
WDI:NE.EXP.GNFS.ZS:TLA,2011-12-31,21.205050818111125
WDI:NE.EXP.GNFS.ZS:TLA,2012-12-31,21.499508010986247
WDI:NE.EXP.GNFS.ZS:TLA,2013-12-31,20.82086901122196
WDI:NE.EXP.GNFS.ZS:TLA,2014-12-31,20.977623497852008
WDI:NE.EXP.GNFS.ZS:TLA,2015-12-31,21.57393045145845
WDI:NE.EXP.GNFS.ZS:TLA,2016-12-31,21.686795762735475
WDI:NE.EXP.GNFS.ZS:TLA,2017-12-31,21.576862662274667
WDI:NE.EXP.GNFS.ZS:TLA,2018-12-31,23.999375876411897
WDI:NE.EXP.GNFS.ZS:TLA,2019-12-31,24.2065889077743
WDI:NE.EXP.GNFS.ZS:TLA,2020-12-31,24.587045030810888
WDI:NE.EXP.GNFS.ZS:TLA,2021-12-31,27.02310609605796
WDI:NE.EXP.GNFS.ZS:TLA,2022-12-31,28.026280027044127
WDI:NE.EXP.GNFS.ZS:TLA,2023-12-31,25.0213115885376
WDI:NE.EXP.GNFS.ZS:TLA,2024-12-31,25.6160833799956
WDI:NE.EXP.GNFS.ZS:TLA,2025-12-31,26.1141647927264
WDI:NE.EXP.GNFS.ZS:TLS,2000-12-31,10.618063463271984
WDI:NE.EXP.GNFS.ZS:TLS,2001-12-31,8.9720451167594
WDI:NE.EXP.GNFS.ZS:TLS,2002-12-31,7.804440719052942
WDI:NE.EXP.GNFS.ZS:TLS,2003-12-31,6.866068492073866
WDI:NE.EXP.GNFS.ZS:TLS,2004-12-31,7.474435005131652
WDI:NE.EXP.GNFS.ZS:TLS,2005-12-31,7.136469316500454
WDI:NE.EXP.GNFS.ZS:TLS,2006-12-31,9.229314591259335
WDI:NE.EXP.GNFS.ZS:TLS,2007-12-31,9.996960305748573
WDI:NE.EXP.GNFS.ZS:TLS,2008-12-31,9.346419890224972
WDI:NE.EXP.GNFS.ZS:TLS,2009-12-31,9.1663230491785
WDI:NE.EXP.GNFS.ZS:TLS,2010-12-31,8.564629202242207
WDI:NE.EXP.GNFS.ZS:TLS,2011-12-31,6.405789115152462
WDI:NE.EXP.GNFS.ZS:TLS,2012-12-31,7.122827931413683
WDI:NE.EXP.GNFS.ZS:TLS,2013-12-31,5.584592239648485
WDI:NE.EXP.GNFS.ZS:TLS,2014-12-31,4.571796022504847
WDI:NE.EXP.GNFS.ZS:TLS,2015-12-31,3.050307688681958
WDI:NE.EXP.GNFS.ZS:TLS,2016-12-31,3.1564253074745077
WDI:NE.EXP.GNFS.ZS:TLS,2017-12-31,2.4090127015223413
WDI:NE.EXP.GNFS.ZS:TLS,2018-12-31,2.9315290403579706
WDI:NE.EXP.GNFS.ZS:TLS,2019-12-31,21.21431828845941
WDI:NE.EXP.GNFS.ZS:TLS,2020-12-31,36.66621481495428
WDI:NE.EXP.GNFS.ZS:TLS,2021-12-31,63.512787834285824
WDI:NE.EXP.GNFS.ZS:TLS,2022-12-31,55.61193545868734
WDI:NE.EXP.GNFS.ZS:TLS,2023-12-31,22.9230944694195
WDI:NE.EXP.GNFS.ZS:TLS,2024-12-31,10.5575525825886
WDI:NE.EXP.GNFS.ZS:TMN,1965-12-31,18.15481865445148
WDI:NE.EXP.GNFS.ZS:TMN,1966-12-31,18.122146627751725
WDI:NE.EXP.GNFS.ZS:TMN,1967-12-31,17.8756281935238
WDI:NE.EXP.GNFS.ZS:TMN,1968-12-31,16.920888021385373
WDI:NE.EXP.GNFS.ZS:TMN,1969-12-31,17.474093992035694
WDI:NE.EXP.GNFS.ZS:TMN,1970-12-31,17.6847136239009
WDI:NE.EXP.GNFS.ZS:TMN,1971-12-31,19.29864895922384
WDI:NE.EXP.GNFS.ZS:TMN,1972-12-31,19.55308310355913
WDI:NE.EXP.GNFS.ZS:TMN,1973-12-31,27.270742780448426
WDI:NE.EXP.GNFS.ZS:TMN,1974-12-31,39.41914590944327
WDI:NE.EXP.GNFS.ZS:TMN,1975-12-31,34.22048499617761
WDI:NE.EXP.GNFS.ZS:TMN,1976-12-31,33.02168387139333
WDI:NE.EXP.GNFS.ZS:TMN,1977-12-31,29.86679485249917
WDI:NE.EXP.GNFS.ZS:TMN,1978-12-31,26.257881234647094
WDI:NE.EXP.GNFS.ZS:TMN,1979-12-31,31.486728908422677
WDI:NE.EXP.GNFS.ZS:TMN,1980-12-31,28.924815763782984
WDI:NE.EXP.GNFS.ZS:TMN,1981-12-31,22.37496734118213
WDI:NE.EXP.GNFS.ZS:TMN,1982-12-31,21.966539479892173
WDI:NE.EXP.GNFS.ZS:TMN,1983-12-31,19.93802334005979
WDI:NE.EXP.GNFS.ZS:TMN,1984-12-31,18.449497957364365
WDI:NE.EXP.GNFS.ZS:TMN,1985-12-31,16.472022813018732
WDI:NE.EXP.GNFS.ZS:TMN,1986-12-31,10.677297480801357
WDI:NE.EXP.GNFS.ZS:TMN,1987-12-31,15.897652956338915
WDI:NE.EXP.GNFS.ZS:TMN,1988-12-31,16.413449456924567
WDI:NE.EXP.GNFS.ZS:TMN,1989-12-31,18.66264898735788
WDI:NE.EXP.GNFS.ZS:TMN,1990-12-31,16.60728898323229
WDI:NE.EXP.GNFS.ZS:TMN,1991-12-31,21.807654544818853
WDI:NE.EXP.GNFS.ZS:TMN,1992-12-31,21.322846355325233
WDI:NE.EXP.GNFS.ZS:TMN,1993-12-31,23.84115408810546
WDI:NE.EXP.GNFS.ZS:TMN,1994-12-31,25.419611574441852
WDI:NE.EXP.GNFS.ZS:TMN,1995-12-31,23.703608888813633
WDI:NE.EXP.GNFS.ZS:TMN,1996-12-31,22.96508190878381
WDI:NE.EXP.GNFS.ZS:TMN,1997-12-31,24.313783028693734
WDI:NE.EXP.GNFS.ZS:TMN,1998-12-31,21.51102361058177
WDI:NE.EXP.GNFS.ZS:TMN,1999-12-31,25.229214412788824
WDI:NE.EXP.GNFS.ZS:TMN,2000-12-31,27.582469521465775
WDI:NE.EXP.GNFS.ZS:TMN,2001-12-31,24.977340069895195
WDI:NE.EXP.GNFS.ZS:TMN,2002-12-31,27.353799476309266
WDI:NE.EXP.GNFS.ZS:TMN,2003-12-31,27.857590605188577
WDI:NE.EXP.GNFS.ZS:TMN,2004-12-31,30.21737495700878
WDI:NE.EXP.GNFS.ZS:TMN,2005-12-31,33.740384688352236
WDI:NE.EXP.GNFS.ZS:TMN,2006-12-31,34.578119780526
WDI:NE.EXP.GNFS.ZS:TMN,2007-12-31,33.939672687624864
WDI:NE.EXP.GNFS.ZS:TMN,2008-12-31,35.284941703678804
WDI:NE.EXP.GNFS.ZS:TMN,2009-12-31,27.675198637317784
WDI:NE.EXP.GNFS.ZS:TMN,2010-12-31,28.98827481312032
WDI:NE.EXP.GNFS.ZS:TMN,2011-12-31,27.91490757823325
WDI:NE.EXP.GNFS.ZS:TMN,2012-12-31,27.296207374521213
WDI:NE.EXP.GNFS.ZS:TMN,2013-12-31,26.819821908730248
WDI:NE.EXP.GNFS.ZS:TMN,2014-12-31,23.748307239166284
WDI:NE.EXP.GNFS.ZS:TMN,2015-12-31,19.450384809200514
WDI:NE.EXP.GNFS.ZS:TMN,2016-12-31,18.013371155856213
WDI:NE.EXP.GNFS.ZS:TMN,2017-12-31,20.936101691014496
WDI:NE.EXP.GNFS.ZS:TMN,2018-12-31,25.151992549584868
WDI:NE.EXP.GNFS.ZS:TMN,2019-12-31,23.08414900512109
WDI:NE.EXP.GNFS.ZS:TMN,2020-12-31,17.539952436838593
WDI:NE.EXP.GNFS.ZS:TMN,2021-12-31,21.680135181333036
WDI:NE.EXP.GNFS.ZS:TMN,2022-12-31,26.877052988969673
WDI:NE.EXP.GNFS.ZS:TMN,2023-12-31,26.0906271693531
WDI:NE.EXP.GNFS.ZS:TMN,2024-12-31,24.5817273298187
WDI:NE.EXP.GNFS.ZS:TMN,2025-12-31,25.2430320910544
WDI:NE.EXP.GNFS.ZS:TON,1975-12-31,41.329902262815175
WDI:NE.EXP.GNFS.ZS:TON,1976-12-31,26.93581460445587
WDI:NE.EXP.GNFS.ZS:TON,1977-12-31,33.86602743374617
WDI:NE.EXP.GNFS.ZS:TON,1978-12-31,28.789426584979694
WDI:NE.EXP.GNFS.ZS:TON,1979-12-31,26.078164923634418
WDI:NE.EXP.GNFS.ZS:TON,1980-12-31,30.062215380668334
WDI:NE.EXP.GNFS.ZS:TON,1981-12-31,25.375256171186972
WDI:NE.EXP.GNFS.ZS:TON,1982-12-31,27.588122824506073
WDI:NE.EXP.GNFS.ZS:TON,1983-12-31,18.657765804704034
WDI:NE.EXP.GNFS.ZS:TON,1984-12-31,26.608023384464087
WDI:NE.EXP.GNFS.ZS:TON,1985-12-31,30.128607642038187
WDI:NE.EXP.GNFS.ZS:TON,1986-12-31,25.71235333901844
WDI:NE.EXP.GNFS.ZS:TON,1987-12-31,30.926721366290284
WDI:NE.EXP.GNFS.ZS:TON,1988-12-31,22.736558752133053
WDI:NE.EXP.GNFS.ZS:TON,1989-12-31,25.103298838121564
WDI:NE.EXP.GNFS.ZS:TON,1990-12-31,33.87017858599038
WDI:NE.EXP.GNFS.ZS:TON,1991-12-31,22.90329731874081
WDI:NE.EXP.GNFS.ZS:TON,1992-12-31,23.641966616479458
WDI:NE.EXP.GNFS.ZS:TON,1993-12-31,19.894088798455677
WDI:NE.EXP.GNFS.ZS:TON,1994-12-31,17.184913620354685
WDI:NE.EXP.GNFS.ZS:TON,1995-12-31,16.958994933227856
WDI:NE.EXP.GNFS.ZS:TON,1996-12-31,20.119573532276558
WDI:NE.EXP.GNFS.ZS:TON,1997-12-31,20.860199299297566
WDI:NE.EXP.GNFS.ZS:TON,1998-12-31,19.587974883568236
WDI:NE.EXP.GNFS.ZS:TON,1999-12-31,15.75260785862219
WDI:NE.EXP.GNFS.ZS:TON,2000-12-31,15.21415020445604
WDI:NE.EXP.GNFS.ZS:TON,2001-12-31,13.366824446142697
WDI:NE.EXP.GNFS.ZS:TON,2002-12-31,18.256309233981018
WDI:NE.EXP.GNFS.ZS:TON,2003-12-31,19.387829558690655
WDI:NE.EXP.GNFS.ZS:TON,2004-12-31,19.564537897646254
WDI:NE.EXP.GNFS.ZS:TON,2005-12-31,17.84183968946245
WDI:NE.EXP.GNFS.ZS:TON,2006-12-31,14.560174507536761
WDI:NE.EXP.GNFS.ZS:TON,2007-12-31,12.21992485887831
WDI:NE.EXP.GNFS.ZS:TON,2008-12-31,15.989785765629206
WDI:NE.EXP.GNFS.ZS:TON,2009-12-31,13.621168950315482
WDI:NE.EXP.GNFS.ZS:TON,2010-12-31,12.500563441698304
WDI:NE.EXP.GNFS.ZS:TON,2011-12-31,16.252918838208487
WDI:NE.EXP.GNFS.ZS:TON,2012-12-31,17.056324351482626
WDI:NE.EXP.GNFS.ZS:TON,2013-12-31,20.303633850024262
WDI:NE.EXP.GNFS.ZS:TON,2014-12-31,16.927036398567825
WDI:NE.EXP.GNFS.ZS:TON,2015-12-31,16.95815098729714
WDI:NE.EXP.GNFS.ZS:TON,2016-12-31,24.505559519250802
WDI:NE.EXP.GNFS.ZS:TON,2017-12-31,22.176134786022864
WDI:NE.EXP.GNFS.ZS:TON,2018-12-31,21.211416558861217
WDI:NE.EXP.GNFS.ZS:TON,2019-12-31,22.233304159802803
WDI:NE.EXP.GNFS.ZS:TON,2020-12-31,19.70512240966846
WDI:NE.EXP.GNFS.ZS:TON,2021-12-31,11.081414179727107
WDI:NE.EXP.GNFS.ZS:TON,2022-12-31,10.7634075818954
WDI:NE.EXP.GNFS.ZS:TON,2023-12-31,14.7440210892371
WDI:NE.EXP.GNFS.ZS:TON,2024-12-31,16.8991227673575
WDI:NE.EXP.GNFS.ZS:TSA,1960-12-31,5.978405866893906
WDI:NE.EXP.GNFS.ZS:TSA,1961-12-31,5.845887323528984
WDI:NE.EXP.GNFS.ZS:TSA,1962-12-31,5.6660661413868345
WDI:NE.EXP.GNFS.ZS:TSA,1963-12-31,5.441272114637272
WDI:NE.EXP.GNFS.ZS:TSA,1964-12-31,4.8115085217275855
WDI:NE.EXP.GNFS.ZS:TSA,1965-12-31,4.533030324675832
WDI:NE.EXP.GNFS.ZS:TSA,1966-12-31,5.547118477052204
WDI:NE.EXP.GNFS.ZS:TSA,1967-12-31,5.2879719518297135
WDI:NE.EXP.GNFS.ZS:TSA,1968-12-31,5.12176856177245
WDI:NE.EXP.GNFS.ZS:TSA,1969-12-31,4.766423958479013
WDI:NE.EXP.GNFS.ZS:TSA,1970-12-31,5.075739199308085
WDI:NE.EXP.GNFS.ZS:TSA,1971-12-31,4.662116500228825
WDI:NE.EXP.GNFS.ZS:TSA,1972-12-31,4.812486280508472
WDI:NE.EXP.GNFS.ZS:TSA,1973-12-31,5.086649930298645
WDI:NE.EXP.GNFS.ZS:TSA,1974-12-31,5.448550201718496
WDI:NE.EXP.GNFS.ZS:TSA,1975-12-31,6.005787536956935
WDI:NE.EXP.GNFS.ZS:TSA,1976-12-31,7.348655350820529
WDI:NE.EXP.GNFS.ZS:TSA,1977-12-31,7.406783234373837
WDI:NE.EXP.GNFS.ZS:TSA,1978-12-31,6.888205901134703
WDI:NE.EXP.GNFS.ZS:TSA,1979-12-31,7.366042217119674
WDI:NE.EXP.GNFS.ZS:TSA,1980-12-31,6.722285267698802
WDI:NE.EXP.GNFS.ZS:TSA,1981-12-31,6.513692406373177
WDI:NE.EXP.GNFS.ZS:TSA,1982-12-31,6.505631360994049
WDI:NE.EXP.GNFS.ZS:TSA,1983-12-31,6.384352603831406
WDI:NE.EXP.GNFS.ZS:TSA,1984-12-31,6.758676894364138
WDI:NE.EXP.GNFS.ZS:TSA,1985-12-31,5.877932845558453
WDI:NE.EXP.GNFS.ZS:TSA,1986-12-31,5.764563942145158
WDI:NE.EXP.GNFS.ZS:TSA,1987-12-31,6.123946023391938
WDI:NE.EXP.GNFS.ZS:TSA,1988-12-31,6.562139806070821
WDI:NE.EXP.GNFS.ZS:TSA,1989-12-31,7.462705740694105
WDI:NE.EXP.GNFS.ZS:TSA,1990-12-31,7.607976171621905
WDI:NE.EXP.GNFS.ZS:TSA,1991-12-31,9.05948092702272
WDI:NE.EXP.GNFS.ZS:TSA,1992-12-31,9.596288184033162
WDI:NE.EXP.GNFS.ZS:TSA,1993-12-31,10.749457176818064
WDI:NE.EXP.GNFS.ZS:TSA,1994-12-31,10.793162890380978
WDI:NE.EXP.GNFS.ZS:TSA,1995-12-31,11.932516972404862
WDI:NE.EXP.GNFS.ZS:TSA,1996-12-31,11.337187929236187
WDI:NE.EXP.GNFS.ZS:TSA,1997-12-31,11.796157460402554
WDI:NE.EXP.GNFS.ZS:TSA,1998-12-31,12.177723682238609
WDI:NE.EXP.GNFS.ZS:TSA,1999-12-31,12.462582271969284
WDI:NE.EXP.GNFS.ZS:TSA,2000-12-31,14.00687015382257
WDI:NE.EXP.GNFS.ZS:TSA,2001-12-31,13.604535643355058
WDI:NE.EXP.GNFS.ZS:TSA,2002-12-31,14.881510892250882
WDI:NE.EXP.GNFS.ZS:TSA,2003-12-31,15.36916399877511
WDI:NE.EXP.GNFS.ZS:TSA,2004-12-31,17.967987634549775
WDI:NE.EXP.GNFS.ZS:TSA,2005-12-31,19.749811510577633
WDI:NE.EXP.GNFS.ZS:TSA,2006-12-31,21.373111940862284
WDI:NE.EXP.GNFS.ZS:TSA,2007-12-31,20.983123921880374
WDI:NE.EXP.GNFS.ZS:TSA,2008-12-31,23.86407917673464
WDI:NE.EXP.GNFS.ZS:TSA,2009-12-31,20.371356301767264
WDI:NE.EXP.GNFS.ZS:TSA,2010-12-31,22.111783019450915
WDI:NE.EXP.GNFS.ZS:TSA,2011-12-31,24.262768150984286
WDI:NE.EXP.GNFS.ZS:TSA,2012-12-31,24.24266187481483
WDI:NE.EXP.GNFS.ZS:TSA,2013-12-31,24.937536443088007
WDI:NE.EXP.GNFS.ZS:TSA,2014-12-31,22.658441739623093
WDI:NE.EXP.GNFS.ZS:TSA,2015-12-31,19.626462746906846
WDI:NE.EXP.GNFS.ZS:TSA,2016-12-31,18.65454682334428
WDI:NE.EXP.GNFS.ZS:TSA,2017-12-31,18.248855801513635
WDI:NE.EXP.GNFS.ZS:TSA,2018-12-31,19.1957804820547
WDI:NE.EXP.GNFS.ZS:TSA,2019-12-31,18.13876917731238
WDI:NE.EXP.GNFS.ZS:TSA,2020-12-31,17.542230456387045
WDI:NE.EXP.GNFS.ZS:TSA,2021-12-31,20.011492655348896
WDI:NE.EXP.GNFS.ZS:TSA,2022-12-31,21.927408901984645
WDI:NE.EXP.GNFS.ZS:TSA,2023-12-31,21.2646158940211
WDI:NE.EXP.GNFS.ZS:TSA,2024-12-31,20.7687457207034
WDI:NE.EXP.GNFS.ZS:TSA,2025-12-31,21.0377211836739
WDI:NE.EXP.GNFS.ZS:TSS,1967-12-31,19.99733484471099
WDI:NE.EXP.GNFS.ZS:TSS,1968-12-31,20.906120648907656
WDI:NE.EXP.GNFS.ZS:TSS,1969-12-31,19.415329812259714
WDI:NE.EXP.GNFS.ZS:TSS,1970-12-31,18.497494568673606
WDI:NE.EXP.GNFS.ZS:TSS,1971-12-31,19.06500349464248
WDI:NE.EXP.GNFS.ZS:TSS,1972-12-31,20.02360741983418
WDI:NE.EXP.GNFS.ZS:TSS,1973-12-31,20.802412772734773
WDI:NE.EXP.GNFS.ZS:TSS,1974-12-31,22.700538740567755
WDI:NE.EXP.GNFS.ZS:TSS,1975-12-31,21.481497634563823
WDI:NE.EXP.GNFS.ZS:TSS,1976-12-31,20.64900943931752
WDI:NE.EXP.GNFS.ZS:TSS,1977-12-31,22.332877799146793
WDI:NE.EXP.GNFS.ZS:TSS,1978-12-31,23.022706471648146
WDI:NE.EXP.GNFS.ZS:TSS,1979-12-31,24.74607165822686
WDI:NE.EXP.GNFS.ZS:TSS,1980-12-31,26.783073584134858
WDI:NE.EXP.GNFS.ZS:TSS,1981-12-31,16.96637056175041
WDI:NE.EXP.GNFS.ZS:TSS,1982-12-31,16.478866445891484
WDI:NE.EXP.GNFS.ZS:TSS,1983-12-31,18.39484814139087
WDI:NE.EXP.GNFS.ZS:TSS,1984-12-31,20.449843524588182
WDI:NE.EXP.GNFS.ZS:TSS,1985-12-31,20.754756873444393
WDI:NE.EXP.GNFS.ZS:TSS,1986-12-31,24.02141159550811
WDI:NE.EXP.GNFS.ZS:TSS,1987-12-31,25.203250110558656
WDI:NE.EXP.GNFS.ZS:TSS,1988-12-31,24.611945072300266
WDI:NE.EXP.GNFS.ZS:TSS,1989-12-31,24.50127392970143
WDI:NE.EXP.GNFS.ZS:TSS,1990-12-31,22.99543662676372
WDI:NE.EXP.GNFS.ZS:TSS,1991-12-31,20.85919687002705
WDI:NE.EXP.GNFS.ZS:TSS,1992-12-31,23.512176657717927
WDI:NE.EXP.GNFS.ZS:TSS,1993-12-31,23.732826454805128
WDI:NE.EXP.GNFS.ZS:TSS,1994-12-31,24.187147372478197
WDI:NE.EXP.GNFS.ZS:TSS,1995-12-31,22.309018776987294
WDI:NE.EXP.GNFS.ZS:TSS,1996-12-31,21.274007987799372
WDI:NE.EXP.GNFS.ZS:TSS,1997-12-31,20.38191933993387
WDI:NE.EXP.GNFS.ZS:TSS,1998-12-31,19.2213588084749
WDI:NE.EXP.GNFS.ZS:TSS,1999-12-31,26.852283835415218
WDI:NE.EXP.GNFS.ZS:TSS,2000-12-31,27.72601949368613
WDI:NE.EXP.GNFS.ZS:TSS,2001-12-31,27.997897545892247
WDI:NE.EXP.GNFS.ZS:TSS,2002-12-31,27.26653785635083
WDI:NE.EXP.GNFS.ZS:TSS,2003-12-31,26.14078242882048
WDI:NE.EXP.GNFS.ZS:TSS,2004-12-31,26.35687289934466
WDI:NE.EXP.GNFS.ZS:TSS,2005-12-31,27.5668321055394
WDI:NE.EXP.GNFS.ZS:TSS,2006-12-31,27.758859587248065
WDI:NE.EXP.GNFS.ZS:TSS,2007-12-31,29.30764276639321
WDI:NE.EXP.GNFS.ZS:TSS,2008-12-31,31.294801943304858
WDI:NE.EXP.GNFS.ZS:TSS,2009-12-31,25.725396580936277
WDI:NE.EXP.GNFS.ZS:TSS,2010-12-31,27.395583248614454
WDI:NE.EXP.GNFS.ZS:TSS,2011-12-31,29.245015865780346
WDI:NE.EXP.GNFS.ZS:TSS,2012-12-31,27.492263176888237
WDI:NE.EXP.GNFS.ZS:TSS,2013-12-31,25.571621740001778
WDI:NE.EXP.GNFS.ZS:TSS,2014-12-31,24.037765628460114
WDI:NE.EXP.GNFS.ZS:TSS,2015-12-31,21.41798318900069
WDI:NE.EXP.GNFS.ZS:TSS,2016-12-31,21.855644145674084
WDI:NE.EXP.GNFS.ZS:TSS,2017-12-31,23.511402598403745
WDI:NE.EXP.GNFS.ZS:TSS,2018-12-31,24.466606370593386
WDI:NE.EXP.GNFS.ZS:TSS,2019-12-31,20.82305277819002
WDI:NE.EXP.GNFS.ZS:TSS,2020-12-31,19.363374445146828
WDI:NE.EXP.GNFS.ZS:TSS,2021-12-31,22.996776134828416
WDI:NE.EXP.GNFS.ZS:TSS,2022-12-31,24.619568695879973
WDI:NE.EXP.GNFS.ZS:TSS,2023-12-31,24.893994247971
WDI:NE.EXP.GNFS.ZS:TSS,2024-12-31,28.0149452901749
WDI:NE.EXP.GNFS.ZS:TSS,2025-12-31,27.8582494939805
WDI:NE.EXP.GNFS.ZS:TUN,1965-12-31,19.046703824716513
WDI:NE.EXP.GNFS.ZS:TUN,1966-12-31,21.043000914913083
WDI:NE.EXP.GNFS.ZS:TUN,1967-12-31,21.210526315789473
WDI:NE.EXP.GNFS.ZS:TUN,1968-12-31,20.93460875019602
WDI:NE.EXP.GNFS.ZS:TUN,1969-12-31,22.135262847017128
WDI:NE.EXP.GNFS.ZS:TUN,1970-12-31,21.99576495500265
WDI:NE.EXP.GNFS.ZS:TUN,1971-12-31,24.10349523377213
WDI:NE.EXP.GNFS.ZS:TUN,1972-12-31,25.34894613583138
WDI:NE.EXP.GNFS.ZS:TUN,1973-12-31,26.057500217145837
WDI:NE.EXP.GNFS.ZS:TUN,1974-12-31,35.366326398759526
WDI:NE.EXP.GNFS.ZS:TUN,1975-12-31,31.043987596186977
WDI:NE.EXP.GNFS.ZS:TUN,1976-12-31,29.084324883600623
WDI:NE.EXP.GNFS.ZS:TUN,1977-12-31,29.58164149824353
WDI:NE.EXP.GNFS.ZS:TUN,1978-12-31,30.963404323845566
WDI:NE.EXP.GNFS.ZS:TUN,1979-12-31,38.980150581793296
WDI:NE.EXP.GNFS.ZS:TUN,1980-12-31,40.23725462505296
WDI:NE.EXP.GNFS.ZS:TUN,1981-12-31,41.37193656895723
WDI:NE.EXP.GNFS.ZS:TUN,1982-12-31,36.90991591041545
WDI:NE.EXP.GNFS.ZS:TUN,1983-12-31,34.36424904288915
WDI:NE.EXP.GNFS.ZS:TUN,1984-12-31,32.96269727403156
WDI:NE.EXP.GNFS.ZS:TUN,1985-12-31,32.103215878489095
WDI:NE.EXP.GNFS.ZS:TUN,1986-12-31,30.18267135914195
WDI:NE.EXP.GNFS.ZS:TUN,1987-12-31,34.826328824063815
WDI:NE.EXP.GNFS.ZS:TUN,1988-12-31,42.01787405029675
WDI:NE.EXP.GNFS.ZS:TUN,1989-12-31,44.345613614323405
WDI:NE.EXP.GNFS.ZS:TUN,1990-12-31,43.55705132353893
WDI:NE.EXP.GNFS.ZS:TUN,1991-12-31,40.365622505985634
WDI:NE.EXP.GNFS.ZS:TUN,1992-12-31,39.53508733528871
WDI:NE.EXP.GNFS.ZS:TUN,1993-12-31,40.4453392893678
WDI:NE.EXP.GNFS.ZS:TUN,1994-12-31,44.93227434266274
WDI:NE.EXP.GNFS.ZS:TUN,1995-12-31,44.90435027387138
WDI:NE.EXP.GNFS.ZS:TUN,1996-12-31,42.10937622926315
WDI:NE.EXP.GNFS.ZS:TUN,1997-12-31,39.11408073781567
WDI:NE.EXP.GNFS.ZS:TUN,1998-12-31,38.51978652703655
WDI:NE.EXP.GNFS.ZS:TUN,1999-12-31,37.97904158613746
WDI:NE.EXP.GNFS.ZS:TUN,2000-12-31,39.730034586558126
WDI:NE.EXP.GNFS.ZS:TUN,2001-12-31,42.81682332484943
WDI:NE.EXP.GNFS.ZS:TUN,2002-12-31,40.78483459569864
WDI:NE.EXP.GNFS.ZS:TUN,2003-12-31,39.48356382798276
WDI:NE.EXP.GNFS.ZS:TUN,2004-12-31,42.19807665074604
WDI:NE.EXP.GNFS.ZS:TUN,2005-12-31,44.93229203983664
WDI:NE.EXP.GNFS.ZS:TUN,2006-12-31,46.02851635406787
WDI:NE.EXP.GNFS.ZS:TUN,2007-12-31,51.07822198157006
WDI:NE.EXP.GNFS.ZS:TUN,2008-12-31,55.6528299429018
WDI:NE.EXP.GNFS.ZS:TUN,2009-12-31,45.039811033928004
WDI:NE.EXP.GNFS.ZS:TUN,2010-12-31,47.95972869424277
WDI:NE.EXP.GNFS.ZS:TUN,2011-12-31,46.05465377166879
WDI:NE.EXP.GNFS.ZS:TUN,2012-12-31,45.91284777245643
WDI:NE.EXP.GNFS.ZS:TUN,2013-12-31,44.88970532458797
WDI:NE.EXP.GNFS.ZS:TUN,2014-12-31,42.94746511813201
WDI:NE.EXP.GNFS.ZS:TUN,2015-12-31,38.39983875673425
WDI:NE.EXP.GNFS.ZS:TUN,2016-12-31,38.29529557578219
WDI:NE.EXP.GNFS.ZS:TUN,2017-12-31,41.720786381927525
WDI:NE.EXP.GNFS.ZS:TUN,2018-12-31,45.48574817122551
WDI:NE.EXP.GNFS.ZS:TUN,2019-12-31,45.95033069229474
WDI:NE.EXP.GNFS.ZS:TUN,2020-12-31,37.991800980903264
WDI:NE.EXP.GNFS.ZS:TUN,2021-12-31,41.78020230400944
WDI:NE.EXP.GNFS.ZS:TUN,2022-12-31,51.325939710780986
WDI:NE.EXP.GNFS.ZS:TUN,2023-12-31,53.0393939110608
WDI:NE.EXP.GNFS.ZS:TUN,2024-12-31,50.0016900287054
WDI:NE.EXP.GNFS.ZS:TUN,2025-12-31,46.6517326028796
WDI:NE.EXP.GNFS.ZS:TUR,1960-12-31,2.0558002936857562
WDI:NE.EXP.GNFS.ZS:TUR,1961-12-31,5.1460361613351875
WDI:NE.EXP.GNFS.ZS:TUR,1962-12-31,5.603985056039851
WDI:NE.EXP.GNFS.ZS:TUR,1963-12-31,4.184549356223176
WDI:NE.EXP.GNFS.ZS:TUR,1964-12-31,4.473161033797217
WDI:NE.EXP.GNFS.ZS:TUR,1965-12-31,4.549675023212628
WDI:NE.EXP.GNFS.ZS:TUR,1966-12-31,4.097714736012608
WDI:NE.EXP.GNFS.ZS:TUR,1967-12-31,4.119318181818182
WDI:NE.EXP.GNFS.ZS:TUR,1968-12-31,3.6825396825396823
WDI:NE.EXP.GNFS.ZS:TUR,1969-12-31,3.595890410958904
WDI:NE.EXP.GNFS.ZS:TUR,1970-12-31,4.427480916030534
WDI:NE.EXP.GNFS.ZS:TUR,1971-12-31,5.319587628865979
WDI:NE.EXP.GNFS.ZS:TUR,1972-12-31,6.018678657903839
WDI:NE.EXP.GNFS.ZS:TUR,1973-12-31,7.032967032967033
WDI:NE.EXP.GNFS.ZS:TUR,1974-12-31,5.72811617587737
WDI:NE.EXP.GNFS.ZS:TUR,1975-12-31,4.42134657151722
WDI:NE.EXP.GNFS.ZS:TUR,1976-12-31,4.8590864917395535
WDI:NE.EXP.GNFS.ZS:TUR,1977-12-31,3.8152040140111714
WDI:NE.EXP.GNFS.ZS:TUR,1978-12-31,4.146911941336367
WDI:NE.EXP.GNFS.ZS:TUR,1979-12-31,3.2180267089017676
WDI:NE.EXP.GNFS.ZS:TUR,1980-12-31,5.161931709555309
WDI:NE.EXP.GNFS.ZS:TUR,1981-12-31,8.236932033919757
WDI:NE.EXP.GNFS.ZS:TUR,1982-12-31,11.864051390556794
WDI:NE.EXP.GNFS.ZS:TUR,1983-12-31,12.47321261631837
WDI:NE.EXP.GNFS.ZS:TUR,1984-12-31,15.606602688536217
WDI:NE.EXP.GNFS.ZS:TUR,1985-12-31,15.860722884700317
WDI:NE.EXP.GNFS.ZS:TUR,1986-12-31,13.312437719389264
WDI:NE.EXP.GNFS.ZS:TUR,1987-12-31,15.580840422954983
WDI:NE.EXP.GNFS.ZS:TUR,1988-12-31,18.65397041582672
WDI:NE.EXP.GNFS.ZS:TUR,1989-12-31,16.202915751489392
WDI:NE.EXP.GNFS.ZS:TUR,1990-12-31,13.365102851929553
WDI:NE.EXP.GNFS.ZS:TUR,1991-12-31,13.841130114110573
WDI:NE.EXP.GNFS.ZS:TUR,1992-12-31,14.392235733988922
WDI:NE.EXP.GNFS.ZS:TUR,1993-12-31,13.673802849848006
WDI:NE.EXP.GNFS.ZS:TUR,1994-12-31,21.362131207212766
WDI:NE.EXP.GNFS.ZS:TUR,1995-12-31,18.3238507569896
WDI:NE.EXP.GNFS.ZS:TUR,1996-12-31,19.558111391193815
WDI:NE.EXP.GNFS.ZS:TUR,1997-12-31,21.439035408288877
WDI:NE.EXP.GNFS.ZS:TUR,1998-12-31,20.65448220159482
WDI:NE.EXP.GNFS.ZS:TUR,1999-12-31,18.830757575347533
WDI:NE.EXP.GNFS.ZS:TUR,2000-12-31,19.933416265742416
WDI:NE.EXP.GNFS.ZS:TUR,2001-12-31,27.297060193376264
WDI:NE.EXP.GNFS.ZS:TUR,2002-12-31,25.265126129412817
WDI:NE.EXP.GNFS.ZS:TUR,2003-12-31,23.19466072527788
WDI:NE.EXP.GNFS.ZS:TUR,2004-12-31,23.85443868394484
WDI:NE.EXP.GNFS.ZS:TUR,2005-12-31,22.118798245902966
WDI:NE.EXP.GNFS.ZS:TUR,2006-12-31,22.675685329578613
WDI:NE.EXP.GNFS.ZS:TUR,2007-12-31,22.187580333152766
WDI:NE.EXP.GNFS.ZS:TUR,2008-12-31,23.921377960009803
WDI:NE.EXP.GNFS.ZS:TUR,2009-12-31,23.757859527879486
WDI:NE.EXP.GNFS.ZS:TUR,2010-12-31,21.589945783920655
WDI:NE.EXP.GNFS.ZS:TUR,2011-12-31,23.490357441277375
WDI:NE.EXP.GNFS.ZS:TUR,2012-12-31,24.96581811478383
WDI:NE.EXP.GNFS.ZS:TUR,2013-12-31,24.40325981135801
WDI:NE.EXP.GNFS.ZS:TUR,2014-12-31,25.817324685401573
WDI:NE.EXP.GNFS.ZS:TUR,2015-12-31,25.28078458073496
WDI:NE.EXP.GNFS.ZS:TUR,2016-12-31,23.632202433439915
WDI:NE.EXP.GNFS.ZS:TUR,2017-12-31,26.53949899306356
WDI:NE.EXP.GNFS.ZS:TUR,2018-12-31,31.727853653969696
WDI:NE.EXP.GNFS.ZS:TUR,2019-12-31,33.0298811646869
WDI:NE.EXP.GNFS.ZS:TUR,2020-12-31,28.740004346828464
WDI:NE.EXP.GNFS.ZS:TUR,2021-12-31,35.053633285051816
WDI:NE.EXP.GNFS.ZS:TUR,2022-12-31,38.14121074744157
WDI:NE.EXP.GNFS.ZS:TUR,2023-12-31,31.9135926809724
WDI:NE.EXP.GNFS.ZS:TUR,2024-12-31,27.5682232095509
WDI:NE.EXP.GNFS.ZS:TUR,2025-12-31,24.8497719904256
WDI:NE.EXP.GNFS.ZS:TZA,1990-12-31,8.691282104292533
WDI:NE.EXP.GNFS.ZS:TZA,1991-12-31,7.06674724228411
WDI:NE.EXP.GNFS.ZS:TZA,1992-12-31,8.567803475642268
WDI:NE.EXP.GNFS.ZS:TZA,1993-12-31,12.38367959877734
WDI:NE.EXP.GNFS.ZS:TZA,1994-12-31,14.195373482144166
WDI:NE.EXP.GNFS.ZS:TZA,1995-12-31,16.578538873936335
WDI:NE.EXP.GNFS.ZS:TZA,1996-12-31,13.729298890654404
WDI:NE.EXP.GNFS.ZS:TZA,1997-12-31,11.168249607914733
WDI:NE.EXP.GNFS.ZS:TZA,1998-12-31,10.105463917619495
WDI:NE.EXP.GNFS.ZS:TZA,1999-12-31,10.166846991600062
WDI:NE.EXP.GNFS.ZS:TZA,2000-12-31,10.812805197321916
WDI:NE.EXP.GNFS.ZS:TZA,2001-12-31,13.837039970742032
WDI:NE.EXP.GNFS.ZS:TZA,2002-12-31,14.281641627355658
WDI:NE.EXP.GNFS.ZS:TZA,2003-12-31,15.093122761329283
WDI:NE.EXP.GNFS.ZS:TZA,2004-12-31,16.045583308834075
WDI:NE.EXP.GNFS.ZS:TZA,2005-12-31,16.98336705645137
WDI:NE.EXP.GNFS.ZS:TZA,2006-12-31,18.414991447908903
WDI:NE.EXP.GNFS.ZS:TZA,2007-12-31,19.830625586965457
WDI:NE.EXP.GNFS.ZS:TZA,2008-12-31,19.464611355085715
WDI:NE.EXP.GNFS.ZS:TZA,2009-12-31,18.194265831426502
WDI:NE.EXP.GNFS.ZS:TZA,2010-12-31,19.607528736686923
WDI:NE.EXP.GNFS.ZS:TZA,2011-12-31,21.634282326673933
WDI:NE.EXP.GNFS.ZS:TZA,2012-12-31,22.372111684506983
WDI:NE.EXP.GNFS.ZS:TZA,2013-12-31,19.012787601366565
WDI:NE.EXP.GNFS.ZS:TZA,2014-12-31,18.069209276081338
WDI:NE.EXP.GNFS.ZS:TZA,2015-12-31,17.104911553096525
WDI:NE.EXP.GNFS.ZS:TZA,2016-12-31,16.349975063903965
WDI:NE.EXP.GNFS.ZS:TZA,2017-12-31,15.66349156580429
WDI:NE.EXP.GNFS.ZS:TZA,2018-12-31,14.739143393171123
WDI:NE.EXP.GNFS.ZS:TZA,2019-12-31,16.036746148498576
WDI:NE.EXP.GNFS.ZS:TZA,2020-12-31,13.5038738462361
WDI:NE.EXP.GNFS.ZS:TZA,2021-12-31,14.12002232658151
WDI:NE.EXP.GNFS.ZS:TZA,2022-12-31,15.413710520168285
WDI:NE.EXP.GNFS.ZS:TZA,2023-12-31,17.1954298762755
WDI:NE.EXP.GNFS.ZS:TZA,2024-12-31,19.7325494051531
WDI:NE.EXP.GNFS.ZS:TZA,2025-12-31,18.9846818575722
WDI:NE.EXP.GNFS.ZS:UGA,1960-12-31,27.329451121298476
WDI:NE.EXP.GNFS.ZS:UGA,1961-12-31,24.418229213653866
WDI:NE.EXP.GNFS.ZS:UGA,1962-12-31,24.10740548793299
WDI:NE.EXP.GNFS.ZS:UGA,1963-12-31,28.290939369015344
WDI:NE.EXP.GNFS.ZS:UGA,1964-12-31,29.89785749875436
WDI:NE.EXP.GNFS.ZS:UGA,1965-12-31,25.577714466603357
WDI:NE.EXP.GNFS.ZS:UGA,1966-12-31,25.567322239031775
WDI:NE.EXP.GNFS.ZS:UGA,1967-12-31,25.300332899117095
WDI:NE.EXP.GNFS.ZS:UGA,1968-12-31,23.940620782726047
WDI:NE.EXP.GNFS.ZS:UGA,1969-12-31,21.52869294357254
WDI:NE.EXP.GNFS.ZS:UGA,1970-12-31,23.352228520617984
WDI:NE.EXP.GNFS.ZS:UGA,1971-12-31,19.8162600019757
WDI:NE.EXP.GNFS.ZS:UGA,1972-12-31,19.389671361502348
WDI:NE.EXP.GNFS.ZS:UGA,1973-12-31,16.551497203027314
WDI:NE.EXP.GNFS.ZS:UGA,1974-12-31,14.71946746365983
WDI:NE.EXP.GNFS.ZS:UGA,1975-12-31,8.65040497268789
WDI:NE.EXP.GNFS.ZS:UGA,1976-12-31,11.388060311363542
WDI:NE.EXP.GNFS.ZS:UGA,1977-12-31,9.15264423076923
WDI:NE.EXP.GNFS.ZS:UGA,1978-12-31,13.652858118061296
WDI:NE.EXP.GNFS.ZS:UGA,1979-12-31,19.401362770421102
WDI:NE.EXP.GNFS.ZS:UGA,1980-12-31,19.443841846040126
WDI:NE.EXP.GNFS.ZS:UGA,1981-12-31,16.077170418006432
WDI:NE.EXP.GNFS.ZS:UGA,1982-12-31,8.381171067738231
WDI:NE.EXP.GNFS.ZS:UGA,1983-12-31,8.659425680702276
WDI:NE.EXP.GNFS.ZS:UGA,1984-12-31,12.692422639177508
WDI:NE.EXP.GNFS.ZS:UGA,1985-12-31,13.738524870531045
WDI:NE.EXP.GNFS.ZS:UGA,1986-12-31,12.810112119807702
WDI:NE.EXP.GNFS.ZS:UGA,1987-12-31,8.247098751209018
WDI:NE.EXP.GNFS.ZS:UGA,1988-12-31,7.5726713134833545
WDI:NE.EXP.GNFS.ZS:UGA,1989-12-31,7.954400699052212
WDI:NE.EXP.GNFS.ZS:UGA,1990-12-31,7.240720859285902
WDI:NE.EXP.GNFS.ZS:UGA,1991-12-31,7.464430308431863
WDI:NE.EXP.GNFS.ZS:UGA,1992-12-31,8.761088804718295
WDI:NE.EXP.GNFS.ZS:UGA,1993-12-31,7.062522977286411
WDI:NE.EXP.GNFS.ZS:UGA,1994-12-31,8.74053183100128
WDI:NE.EXP.GNFS.ZS:UGA,1995-12-31,11.791992333053127
WDI:NE.EXP.GNFS.ZS:UGA,1996-12-31,11.96111327359011
WDI:NE.EXP.GNFS.ZS:UGA,1997-12-31,13.359513678727966
WDI:NE.EXP.GNFS.ZS:UGA,1998-12-31,9.639047587596181
WDI:NE.EXP.GNFS.ZS:UGA,1999-12-31,12.251573896973332
WDI:NE.EXP.GNFS.ZS:UGA,2000-12-31,10.651409293253963
WDI:NE.EXP.GNFS.ZS:UGA,2001-12-31,11.51808263731614
WDI:NE.EXP.GNFS.ZS:UGA,2002-12-31,11.213279166144584
WDI:NE.EXP.GNFS.ZS:UGA,2003-12-31,11.386724833971208
WDI:NE.EXP.GNFS.ZS:UGA,2004-12-31,12.696880748759176
WDI:NE.EXP.GNFS.ZS:UGA,2005-12-31,14.17969997985741
WDI:NE.EXP.GNFS.ZS:UGA,2006-12-31,15.275413383371284
WDI:NE.EXP.GNFS.ZS:UGA,2007-12-31,16.725068527352434
WDI:NE.EXP.GNFS.ZS:UGA,2008-12-31,24.2801423442251
WDI:NE.EXP.GNFS.ZS:UGA,2009-12-31,18.613566308224208
WDI:NE.EXP.GNFS.ZS:UGA,2010-12-31,13.824482874760227
WDI:NE.EXP.GNFS.ZS:UGA,2011-12-31,12.85572394067415
WDI:NE.EXP.GNFS.ZS:UGA,2012-12-31,15.491728770006421
WDI:NE.EXP.GNFS.ZS:UGA,2013-12-31,16.51303567131133
WDI:NE.EXP.GNFS.ZS:UGA,2014-12-31,14.948210907576401
WDI:NE.EXP.GNFS.ZS:UGA,2015-12-31,12.877325314736899
WDI:NE.EXP.GNFS.ZS:UGA,2016-12-31,12.427164415680643
WDI:NE.EXP.GNFS.ZS:UGA,2017-12-31,16.661129421170536
WDI:NE.EXP.GNFS.ZS:UGA,2018-12-31,15.087053061151082
WDI:NE.EXP.GNFS.ZS:UGA,2019-12-31,17.109058016738253
WDI:NE.EXP.GNFS.ZS:UGA,2020-12-31,15.414798539728858
WDI:NE.EXP.GNFS.ZS:UGA,2021-12-31,15.781008169527574
WDI:NE.EXP.GNFS.ZS:UGA,2022-12-31,12.021995433333059
WDI:NE.EXP.GNFS.ZS:UGA,2023-12-31,11.6017089255499
WDI:NE.EXP.GNFS.ZS:UGA,2024-12-31,16.7575931152554
WDI:NE.EXP.GNFS.ZS:UGA,2025-12-31,21.4395980877865
WDI:NE.EXP.GNFS.ZS:UKR,1989-12-31,32.07510267944455
WDI:NE.EXP.GNFS.ZS:UKR,1990-12-31,27.66467065868263
WDI:NE.EXP.GNFS.ZS:UKR,1991-12-31,26.153846153846157
WDI:NE.EXP.GNFS.ZS:UKR,1992-12-31,23.979733757202464
WDI:NE.EXP.GNFS.ZS:UKR,1993-12-31,25.87794136491472
WDI:NE.EXP.GNFS.ZS:UKR,1994-12-31,35.38884952179363
WDI:NE.EXP.GNFS.ZS:UKR,1995-12-31,47.0732494907039
WDI:NE.EXP.GNFS.ZS:UKR,1996-12-31,45.65193206491738
WDI:NE.EXP.GNFS.ZS:UKR,1997-12-31,40.59122615541156
WDI:NE.EXP.GNFS.ZS:UKR,1998-12-31,41.887847221545336
WDI:NE.EXP.GNFS.ZS:UKR,1999-12-31,53.70379072691311
WDI:NE.EXP.GNFS.ZS:UKR,2000-12-31,60.29705668604651
WDI:NE.EXP.GNFS.ZS:UKR,2001-12-31,50.64898780632176
WDI:NE.EXP.GNFS.ZS:UKR,2002-12-31,50.11873339654392
WDI:NE.EXP.GNFS.ZS:UKR,2003-12-31,52.543130644841455
WDI:NE.EXP.GNFS.ZS:UKR,2004-12-31,58.69683171861365
WDI:NE.EXP.GNFS.ZS:UKR,2005-12-31,47.72973268463347
WDI:NE.EXP.GNFS.ZS:UKR,2006-12-31,43.21862312351111
WDI:NE.EXP.GNFS.ZS:UKR,2007-12-31,41.289911144365774
WDI:NE.EXP.GNFS.ZS:UKR,2008-12-31,43.25986885596663
WDI:NE.EXP.GNFS.ZS:UKR,2009-12-31,42.92882469837663
WDI:NE.EXP.GNFS.ZS:UKR,2010-12-31,46.45653832596367
WDI:NE.EXP.GNFS.ZS:UKR,2011-12-31,49.406156934073934
WDI:NE.EXP.GNFS.ZS:UKR,2012-12-31,47.38283156145997
WDI:NE.EXP.GNFS.ZS:UKR,2013-12-31,42.89738266727175
WDI:NE.EXP.GNFS.ZS:UKR,2014-12-31,48.59296181585025
WDI:NE.EXP.GNFS.ZS:UKR,2015-12-31,52.5976795082231
WDI:NE.EXP.GNFS.ZS:UKR,2016-12-31,49.298619457718665
WDI:NE.EXP.GNFS.ZS:UKR,2017-12-31,48.12491635155592
WDI:NE.EXP.GNFS.ZS:UKR,2018-12-31,45.235235662592665
WDI:NE.EXP.GNFS.ZS:UKR,2019-12-31,41.23169125600485
WDI:NE.EXP.GNFS.ZS:UKR,2020-12-31,38.82164629019338
WDI:NE.EXP.GNFS.ZS:UKR,2021-12-31,40.68834047686883
WDI:NE.EXP.GNFS.ZS:UKR,2022-12-31,35.44511533820413
WDI:NE.EXP.GNFS.ZS:UKR,2023-12-31,28.300468273727
WDI:NE.EXP.GNFS.ZS:UKR,2024-12-31,29.6719973021423
WDI:NE.EXP.GNFS.ZS:UKR,2025-12-31,25.3335332319508
WDI:NE.EXP.GNFS.ZS:UMC,1960-12-31,10.731939641985047
WDI:NE.EXP.GNFS.ZS:UMC,1961-12-31,11.02119179811857
WDI:NE.EXP.GNFS.ZS:UMC,1962-12-31,10.178195895831418
WDI:NE.EXP.GNFS.ZS:UMC,1963-12-31,11.558618264681655
WDI:NE.EXP.GNFS.ZS:UMC,1964-12-31,10.484629296641739
WDI:NE.EXP.GNFS.ZS:UMC,1965-12-31,10.308432978185039
WDI:NE.EXP.GNFS.ZS:UMC,1966-12-31,10.040055434322047
WDI:NE.EXP.GNFS.ZS:UMC,1967-12-31,10.124991194866924
WDI:NE.EXP.GNFS.ZS:UMC,1968-12-31,10.401456745038116
WDI:NE.EXP.GNFS.ZS:UMC,1969-12-31,10.298934400450154
WDI:NE.EXP.GNFS.ZS:UMC,1970-12-31,10.176613561444569
WDI:NE.EXP.GNFS.ZS:UMC,1971-12-31,10.565488015109114
WDI:NE.EXP.GNFS.ZS:UMC,1972-12-31,11.358883980113923
WDI:NE.EXP.GNFS.ZS:UMC,1973-12-31,13.39515292110536
WDI:NE.EXP.GNFS.ZS:UMC,1974-12-31,16.933839170527857
WDI:NE.EXP.GNFS.ZS:UMC,1975-12-31,15.17507622074972
WDI:NE.EXP.GNFS.ZS:UMC,1976-12-31,16.457200676511167
WDI:NE.EXP.GNFS.ZS:UMC,1977-12-31,16.423396880816096
WDI:NE.EXP.GNFS.ZS:UMC,1978-12-31,16.23771147133899
WDI:NE.EXP.GNFS.ZS:UMC,1979-12-31,18.46531318976846
WDI:NE.EXP.GNFS.ZS:UMC,1980-12-31,19.30328577758646
WDI:NE.EXP.GNFS.ZS:UMC,1981-12-31,17.09901307197002
WDI:NE.EXP.GNFS.ZS:UMC,1982-12-31,17.369141656531223
WDI:NE.EXP.GNFS.ZS:UMC,1983-12-31,18.476795400674213
WDI:NE.EXP.GNFS.ZS:UMC,1984-12-31,18.567739618947645
WDI:NE.EXP.GNFS.ZS:UMC,1985-12-31,17.447603456181888
WDI:NE.EXP.GNFS.ZS:UMC,1986-12-31,14.840178151592385
WDI:NE.EXP.GNFS.ZS:UMC,1987-12-31,18.26446461053557
WDI:NE.EXP.GNFS.ZS:UMC,1988-12-31,19.744891795016674
WDI:NE.EXP.GNFS.ZS:UMC,1989-12-31,19.080424853919332
WDI:NE.EXP.GNFS.ZS:UMC,1990-12-31,18.30745094221207
WDI:NE.EXP.GNFS.ZS:UMC,1991-12-31,18.95802669804139
WDI:NE.EXP.GNFS.ZS:UMC,1992-12-31,19.35638187299869
WDI:NE.EXP.GNFS.ZS:UMC,1993-12-31,18.582238015792075
WDI:NE.EXP.GNFS.ZS:UMC,1994-12-31,19.5301943795498
WDI:NE.EXP.GNFS.ZS:UMC,1995-12-31,20.315708830920084
WDI:NE.EXP.GNFS.ZS:UMC,1996-12-31,20.3093502188318
WDI:NE.EXP.GNFS.ZS:UMC,1997-12-31,21.050544302385273
WDI:NE.EXP.GNFS.ZS:UMC,1998-12-31,20.80095289338351
WDI:NE.EXP.GNFS.ZS:UMC,1999-12-31,22.72728856573699
WDI:NE.EXP.GNFS.ZS:UMC,2000-12-31,25.176079448577447
WDI:NE.EXP.GNFS.ZS:UMC,2001-12-31,24.55544298710168
WDI:NE.EXP.GNFS.ZS:UMC,2002-12-31,26.658689564599356
WDI:NE.EXP.GNFS.ZS:UMC,2003-12-31,28.457786654576463
WDI:NE.EXP.GNFS.ZS:UMC,2004-12-31,30.757472557547317
WDI:NE.EXP.GNFS.ZS:UMC,2005-12-31,31.560376654695375
WDI:NE.EXP.GNFS.ZS:UMC,2006-12-31,32.42392976175591
WDI:NE.EXP.GNFS.ZS:UMC,2007-12-31,31.837733369403175
WDI:NE.EXP.GNFS.ZS:UMC,2008-12-31,31.35538549462391
WDI:NE.EXP.GNFS.ZS:UMC,2009-12-31,25.542113082716334
WDI:NE.EXP.GNFS.ZS:UMC,2010-12-31,26.758789214351523
WDI:NE.EXP.GNFS.ZS:UMC,2011-12-31,27.199120308456713
WDI:NE.EXP.GNFS.ZS:UMC,2012-12-31,26.790067898932367
WDI:NE.EXP.GNFS.ZS:UMC,2013-12-31,25.85414120534543
WDI:NE.EXP.GNFS.ZS:UMC,2014-12-31,24.96980989234924
WDI:NE.EXP.GNFS.ZS:UMC,2015-12-31,23.330854642202144
WDI:NE.EXP.GNFS.ZS:UMC,2016-12-31,22.154282197503345
WDI:NE.EXP.GNFS.ZS:UMC,2017-12-31,22.56395570438207
WDI:NE.EXP.GNFS.ZS:UMC,2018-12-31,23.246180559004735
WDI:NE.EXP.GNFS.ZS:UMC,2019-12-31,22.395530366577105
WDI:NE.EXP.GNFS.ZS:UMC,2020-12-31,21.498241814573866
WDI:NE.EXP.GNFS.ZS:UMC,2021-12-31,23.66381728321399
WDI:NE.EXP.GNFS.ZS:UMC,2022-12-31,25.270523347202378
WDI:NE.EXP.GNFS.ZS:UMC,2023-12-31,24.5156877376962
WDI:NE.EXP.GNFS.ZS:UMC,2024-12-31,25.2621191284205
WDI:NE.EXP.GNFS.ZS:UMC,2025-12-31,25.8824489872026
WDI:NE.EXP.GNFS.ZS:URY,1960-12-31,13.793103448275861
WDI:NE.EXP.GNFS.ZS:URY,1961-12-31,14.204545454545455
WDI:NE.EXP.GNFS.ZS:URY,1962-12-31,11.34020618556701
WDI:NE.EXP.GNFS.ZS:URY,1963-12-31,12.017167381974248
WDI:NE.EXP.GNFS.ZS:URY,1964-12-31,11.940298507462686
WDI:NE.EXP.GNFS.ZS:URY,1965-12-31,18.397085610200364
WDI:NE.EXP.GNFS.ZS:URY,1966-12-31,17.128205128205128
WDI:NE.EXP.GNFS.ZS:URY,1967-12-31,14.609421586165771
WDI:NE.EXP.GNFS.ZS:URY,1968-12-31,15.182679296346413
WDI:NE.EXP.GNFS.ZS:URY,1969-12-31,13.397706698853348
WDI:NE.EXP.GNFS.ZS:URY,1970-12-31,13.886792452830187
WDI:NE.EXP.GNFS.ZS:URY,1971-12-31,10.28440103418558
WDI:NE.EXP.GNFS.ZS:URY,1972-12-31,15.436241610738255
WDI:NE.EXP.GNFS.ZS:URY,1973-12-31,10.417892878163626
WDI:NE.EXP.GNFS.ZS:URY,1974-12-31,14.382067491763866
WDI:NE.EXP.GNFS.ZS:URY,1975-12-31,16.780432309442546
WDI:NE.EXP.GNFS.ZS:URY,1976-12-31,19.559401525910758
WDI:NE.EXP.GNFS.ZS:URY,1977-12-31,19.896440806506448
WDI:NE.EXP.GNFS.ZS:URY,1978-12-31,18.846974415152776
WDI:NE.EXP.GNFS.ZS:URY,1979-12-31,16.833100899828562
WDI:NE.EXP.GNFS.ZS:URY,1980-12-31,15.032970370049023
WDI:NE.EXP.GNFS.ZS:URY,1981-12-31,15.204112437944453
WDI:NE.EXP.GNFS.ZS:URY,1982-12-31,14.325867217378244
WDI:NE.EXP.GNFS.ZS:URY,1983-12-31,25.688873685110753
WDI:NE.EXP.GNFS.ZS:URY,1984-12-31,26.580620887065837
WDI:NE.EXP.GNFS.ZS:URY,1985-12-31,26.756526389678108
WDI:NE.EXP.GNFS.ZS:URY,1986-12-31,26.215089241495022
WDI:NE.EXP.GNFS.ZS:URY,1987-12-31,21.648695300481723
WDI:NE.EXP.GNFS.ZS:URY,1988-12-31,22.057888121724737
WDI:NE.EXP.GNFS.ZS:URY,1989-12-31,23.49386914496524
WDI:NE.EXP.GNFS.ZS:URY,1990-12-31,23.532123374695292
WDI:NE.EXP.GNFS.ZS:URY,1991-12-31,20.693668298254316
WDI:NE.EXP.GNFS.ZS:URY,1992-12-31,20.44757481642633
WDI:NE.EXP.GNFS.ZS:URY,1993-12-31,19.126015846953702
WDI:NE.EXP.GNFS.ZS:URY,1994-12-31,19.766810388918696
WDI:NE.EXP.GNFS.ZS:URY,1995-12-31,18.99681281219836
WDI:NE.EXP.GNFS.ZS:URY,1996-12-31,19.669979797586493
WDI:NE.EXP.GNFS.ZS:URY,1997-12-31,17.45784772239796
WDI:NE.EXP.GNFS.ZS:URY,1998-12-31,16.41991058122843
WDI:NE.EXP.GNFS.ZS:URY,1999-12-31,15.097653082174773
WDI:NE.EXP.GNFS.ZS:URY,2000-12-31,16.698098945419517
WDI:NE.EXP.GNFS.ZS:URY,2001-12-31,16.804659273347117
WDI:NE.EXP.GNFS.ZS:URY,2002-12-31,20.621672482179925
WDI:NE.EXP.GNFS.ZS:URY,2003-12-31,27.432420136580788
WDI:NE.EXP.GNFS.ZS:URY,2004-12-31,32.112295602889155
WDI:NE.EXP.GNFS.ZS:URY,2005-12-31,30.404019820239892
WDI:NE.EXP.GNFS.ZS:URY,2006-12-31,30.29750440207511
WDI:NE.EXP.GNFS.ZS:URY,2007-12-31,29.090487247939876
WDI:NE.EXP.GNFS.ZS:URY,2008-12-31,30.203023971804612
WDI:NE.EXP.GNFS.ZS:URY,2009-12-31,27.099215754617823
WDI:NE.EXP.GNFS.ZS:URY,2010-12-31,26.342994540968068
WDI:NE.EXP.GNFS.ZS:URY,2011-12-31,26.422149421181135
WDI:NE.EXP.GNFS.ZS:URY,2012-12-31,25.91962942442788
WDI:NE.EXP.GNFS.ZS:URY,2013-12-31,23.3531364247538
WDI:NE.EXP.GNFS.ZS:URY,2014-12-31,23.542661613981746
WDI:NE.EXP.GNFS.ZS:URY,2015-12-31,22.477851251574126
WDI:NE.EXP.GNFS.ZS:URY,2016-12-31,26.931657601642662
WDI:NE.EXP.GNFS.ZS:URY,2017-12-31,25.931181060629633
WDI:NE.EXP.GNFS.ZS:URY,2018-12-31,26.421543943430613
WDI:NE.EXP.GNFS.ZS:URY,2019-12-31,27.905369583679594
WDI:NE.EXP.GNFS.ZS:URY,2020-12-31,26.188280623320985
WDI:NE.EXP.GNFS.ZS:URY,2021-12-31,32.94460520173202
WDI:NE.EXP.GNFS.ZS:URY,2022-12-31,33.33161301332629
WDI:NE.EXP.GNFS.ZS:URY,2023-12-31,27.9812486565884
WDI:NE.EXP.GNFS.ZS:URY,2024-12-31,28.2349014551456
WDI:NE.EXP.GNFS.ZS:URY,2025-12-31,27.0714370867375
WDI:NE.EXP.GNFS.ZS:USA,1970-12-31,5.563107528815255
WDI:NE.EXP.GNFS.ZS:USA,1971-12-31,5.4052453105550065
WDI:NE.EXP.GNFS.ZS:USA,1972-12-31,5.538460335702168
WDI:NE.EXP.GNFS.ZS:USA,1973-12-31,6.6837802797296995
WDI:NE.EXP.GNFS.ZS:USA,1974-12-31,8.196121904451275
WDI:NE.EXP.GNFS.ZS:USA,1975-12-31,8.232279109076837
WDI:NE.EXP.GNFS.ZS:USA,1976-12-31,7.980892617320697
WDI:NE.EXP.GNFS.ZS:USA,1977-12-31,7.654290031923898
WDI:NE.EXP.GNFS.ZS:USA,1978-12-31,7.947060702100996
WDI:NE.EXP.GNFS.ZS:USA,1979-12-31,8.759034351564877
WDI:NE.EXP.GNFS.ZS:USA,1980-12-31,9.826455470133242
WDI:NE.EXP.GNFS.ZS:USA,1981-12-31,9.517776667027332
WDI:NE.EXP.GNFS.ZS:USA,1982-12-31,8.469732988534863
WDI:NE.EXP.GNFS.ZS:USA,1983-12-31,7.62226481946529
WDI:NE.EXP.GNFS.ZS:USA,1984-12-31,7.48907832424752
WDI:NE.EXP.GNFS.ZS:USA,1985-12-31,6.988072539645848
WDI:NE.EXP.GNFS.ZS:USA,1986-12-31,7.009254675758811
WDI:NE.EXP.GNFS.ZS:USA,1987-12-31,7.49591933621889
WDI:NE.EXP.GNFS.ZS:USA,1988-12-31,8.490523519995845
WDI:NE.EXP.GNFS.ZS:USA,1989-12-31,8.93879019707245
WDI:NE.EXP.GNFS.ZS:USA,1990-12-31,9.254732067513379
WDI:NE.EXP.GNFS.ZS:USA,1991-12-31,9.660905122318809
WDI:NE.EXP.GNFS.ZS:USA,1992-12-31,9.708914905648138
WDI:NE.EXP.GNFS.ZS:USA,1993-12-31,9.54718039168286
WDI:NE.EXP.GNFS.ZS:USA,1994-12-31,9.893147415563321
WDI:NE.EXP.GNFS.ZS:USA,1995-12-31,10.639223880260989
WDI:NE.EXP.GNFS.ZS:USA,1996-12-31,10.746635564283558
WDI:NE.EXP.GNFS.ZS:USA,1997-12-31,11.11975452655526
WDI:NE.EXP.GNFS.ZS:USA,1998-12-31,10.515261133558818
WDI:NE.EXP.GNFS.ZS:USA,1999-12-31,10.309334558667032
WDI:NE.EXP.GNFS.ZS:USA,2000-12-31,10.692776905324106
WDI:NE.EXP.GNFS.ZS:USA,2001-12-31,9.703447498989233
WDI:NE.EXP.GNFS.ZS:USA,2002-12-31,9.131381513844003
WDI:NE.EXP.GNFS.ZS:USA,2003-12-31,9.035658682646671
WDI:NE.EXP.GNFS.ZS:USA,2004-12-31,9.628750081422753
WDI:NE.EXP.GNFS.ZS:USA,2005-12-31,9.982054731541671
WDI:NE.EXP.GNFS.ZS:USA,2006-12-31,10.641386468294984
WDI:NE.EXP.GNFS.ZS:USA,2007-12-31,11.46379016226981
WDI:NE.EXP.GNFS.ZS:USA,2008-12-31,12.425847364673405
WDI:NE.EXP.GNFS.ZS:USA,2009-12-31,10.93222061936637
WDI:NE.EXP.GNFS.ZS:USA,2010-12-31,12.341360808653393
WDI:NE.EXP.GNFS.ZS:USA,2011-12-31,13.563467153510212
WDI:NE.EXP.GNFS.ZS:USA,2012-12-31,13.644049396779362
WDI:NE.EXP.GNFS.ZS:USA,2013-12-31,13.58366120143657
WDI:NE.EXP.GNFS.ZS:USA,2014-12-31,13.552437719898936
WDI:NE.EXP.GNFS.ZS:USA,2015-12-31,12.4718192531032
WDI:NE.EXP.GNFS.ZS:USA,2016-12-31,11.957982056878997
WDI:NE.EXP.GNFS.ZS:USA,2017-12-31,12.261738118000624
WDI:NE.EXP.GNFS.ZS:USA,2018-12-31,12.360989215749576
WDI:NE.EXP.GNFS.ZS:USA,2019-12-31,11.876871223589248
WDI:NE.EXP.GNFS.ZS:USA,2020-12-31,10.214105530239198
WDI:NE.EXP.GNFS.ZS:USA,2021-12-31,10.96041677155586
WDI:NE.EXP.GNFS.ZS:USA,2022-12-31,11.784404629324289
WDI:NE.EXP.GNFS.ZS:USA,2023-12-31,11.0506737190927
WDI:NE.EXP.GNFS.ZS:USA,2024-12-31,10.97469647515
WDI:NE.EXP.GNFS.ZS:UZB,1997-12-31,27.109118270323396
WDI:NE.EXP.GNFS.ZS:UZB,1998-12-31,22.564219529176828
WDI:NE.EXP.GNFS.ZS:UZB,1999-12-31,18.1790891922618
WDI:NE.EXP.GNFS.ZS:UZB,2000-12-31,24.662704263423024
WDI:NE.EXP.GNFS.ZS:UZB,2001-12-31,29.67510608490853
WDI:NE.EXP.GNFS.ZS:UZB,2002-12-31,30.92044508872245
WDI:NE.EXP.GNFS.ZS:UZB,2003-12-31,38.237586347013405
WDI:NE.EXP.GNFS.ZS:UZB,2004-12-31,41.78988663241171
WDI:NE.EXP.GNFS.ZS:UZB,2005-12-31,37.809029478628936
WDI:NE.EXP.GNFS.ZS:UZB,2006-12-31,36.51368763875805
WDI:NE.EXP.GNFS.ZS:UZB,2007-12-31,39.670929407591345
WDI:NE.EXP.GNFS.ZS:UZB,2008-12-31,41.16852280483862
WDI:NE.EXP.GNFS.ZS:UZB,2009-12-31,34.66263093511775
WDI:NE.EXP.GNFS.ZS:UZB,2010-12-31,24.295717769208885
WDI:NE.EXP.GNFS.ZS:UZB,2011-12-31,23.68706047528794
WDI:NE.EXP.GNFS.ZS:UZB,2012-12-31,19.283538465762923
WDI:NE.EXP.GNFS.ZS:UZB,2013-12-31,18.645716330930682
WDI:NE.EXP.GNFS.ZS:UZB,2014-12-31,16.045480727533196
WDI:NE.EXP.GNFS.ZS:UZB,2015-12-31,13.773511228736751
WDI:NE.EXP.GNFS.ZS:UZB,2016-12-31,12.333065708512505
WDI:NE.EXP.GNFS.ZS:UZB,2017-12-31,18.47930852976257
WDI:NE.EXP.GNFS.ZS:UZB,2018-12-31,24.176977400192822
WDI:NE.EXP.GNFS.ZS:UZB,2019-12-31,25.350133297689414
WDI:NE.EXP.GNFS.ZS:UZB,2020-12-31,21.91541648730011
WDI:NE.EXP.GNFS.ZS:UZB,2021-12-31,21.307385595629665
WDI:NE.EXP.GNFS.ZS:UZB,2022-12-31,23.267031040751096
WDI:NE.EXP.GNFS.ZS:UZB,2023-12-31,23.3152321915222
WDI:NE.EXP.GNFS.ZS:UZB,2024-12-31,21.5670052817339
WDI:NE.EXP.GNFS.ZS:UZB,2025-12-31,22.0359976818514
WDI:NE.EXP.GNFS.ZS:VEN,1960-12-31,30.433563164660516
WDI:NE.EXP.GNFS.ZS:VEN,1961-12-31,31.715512137359386
WDI:NE.EXP.GNFS.ZS:VEN,1962-12-31,32.67535986452159
WDI:NE.EXP.GNFS.ZS:VEN,1963-12-31,32.041881563412666
WDI:NE.EXP.GNFS.ZS:VEN,1964-12-31,30.17313466341162
WDI:NE.EXP.GNFS.ZS:VEN,1965-12-31,29.087936717205015
WDI:NE.EXP.GNFS.ZS:VEN,1966-12-31,27.672082194554104
WDI:NE.EXP.GNFS.ZS:VEN,1967-12-31,27.200000000000003
WDI:NE.EXP.GNFS.ZS:VEN,1968-12-31,25.287786513121468
WDI:NE.EXP.GNFS.ZS:VEN,1969-12-31,24.4625456431087
WDI:NE.EXP.GNFS.ZS:VEN,1970-12-31,23.250552618933202
WDI:NE.EXP.GNFS.ZS:VEN,1971-12-31,25.23337008452775
WDI:NE.EXP.GNFS.ZS:VEN,1972-12-31,23.286722383011934
WDI:NE.EXP.GNFS.ZS:VEN,1973-12-31,28.666129714823967
WDI:NE.EXP.GNFS.ZS:VEN,1974-12-31,42.93787978687384
WDI:NE.EXP.GNFS.ZS:VEN,1975-12-31,32.85771139223357
WDI:NE.EXP.GNFS.ZS:VEN,1976-12-31,29.724582543818094
WDI:NE.EXP.GNFS.ZS:VEN,1977-12-31,27.096707898218437
WDI:NE.EXP.GNFS.ZS:VEN,1978-12-31,24.09777593753697
WDI:NE.EXP.GNFS.ZS:VEN,1979-12-31,29.905890621314455
WDI:NE.EXP.GNFS.ZS:VEN,1980-12-31,32.62414388613735
WDI:NE.EXP.GNFS.ZS:VEN,1981-12-31,30.502370199994395
WDI:NE.EXP.GNFS.ZS:VEN,1982-12-31,25.050365985964817
WDI:NE.EXP.GNFS.ZS:VEN,1983-12-31,22.6855128540545
WDI:NE.EXP.GNFS.ZS:VEN,1984-12-31,25.06044201946333
WDI:NE.EXP.GNFS.ZS:VEN,1985-12-31,22.549699725223295
WDI:NE.EXP.GNFS.ZS:VEN,1986-12-31,19.292948083700622
WDI:NE.EXP.GNFS.ZS:VEN,1987-12-31,20.239682605780125
WDI:NE.EXP.GNFS.ZS:VEN,1988-12-31,19.954619521964815
WDI:NE.EXP.GNFS.ZS:VEN,1989-12-31,33.02083409198198
WDI:NE.EXP.GNFS.ZS:VEN,1990-12-31,38.175316473190215
WDI:NE.EXP.GNFS.ZS:VEN,1991-12-31,30.34018196591135
WDI:NE.EXP.GNFS.ZS:VEN,1992-12-31,25.501489416754232
WDI:NE.EXP.GNFS.ZS:VEN,1993-12-31,26.087268145399722
WDI:NE.EXP.GNFS.ZS:VEN,1994-12-31,29.866076430530715
WDI:NE.EXP.GNFS.ZS:VEN,1995-12-31,26.231262356888795
WDI:NE.EXP.GNFS.ZS:VEN,1996-12-31,35.33430587367579
WDI:NE.EXP.GNFS.ZS:VEN,1997-12-31,29.259010606999936
WDI:NE.EXP.GNFS.ZS:VEN,1998-12-31,20.920486481036008
WDI:NE.EXP.GNFS.ZS:VEN,1999-12-31,22.91170890022007
WDI:NE.EXP.GNFS.ZS:VEN,2000-12-31,29.744219659782758
WDI:NE.EXP.GNFS.ZS:VEN,2001-12-31,22.735631565164844
WDI:NE.EXP.GNFS.ZS:VEN,2002-12-31,30.433570549214473
WDI:NE.EXP.GNFS.ZS:VEN,2003-12-31,33.8533894084396
WDI:NE.EXP.GNFS.ZS:VEN,2004-12-31,36.19835356721039
WDI:NE.EXP.GNFS.ZS:VEN,2005-12-31,39.6586527436252
WDI:NE.EXP.GNFS.ZS:VEN,2006-12-31,36.51862160794366
WDI:NE.EXP.GNFS.ZS:VEN,2007-12-31,31.13053885970774
WDI:NE.EXP.GNFS.ZS:VEN,2008-12-31,30.821669005725923
WDI:NE.EXP.GNFS.ZS:VEN,2009-12-31,18.071518869578938
WDI:NE.EXP.GNFS.ZS:VEN,2010-12-31,28.53040698801926
WDI:NE.EXP.GNFS.ZS:VEN,2011-12-31,29.943014609698736
WDI:NE.EXP.GNFS.ZS:VEN,2012-12-31,29.507684527294714
WDI:NE.EXP.GNFS.ZS:VEN,2013-12-31,30.199442960350435
WDI:NE.EXP.GNFS.ZS:VEN,2014-12-31,43.544580317497775
WDI:NE.EXP.GNFS.ZS:VEN,2015-12-31,40.7360976438028
WDI:NE.EXP.GNFS.ZS:VEN,2016-12-31,31.118404084583613
WDI:NE.EXP.GNFS.ZS:VEN,2017-12-31,33.30644030442499
WDI:NE.EXP.GNFS.ZS:VEN,2018-12-31,42.55553208787649
WDI:NE.EXP.GNFS.ZS:VEN,2019-12-31,47.19609819089944
WDI:NE.EXP.GNFS.ZS:VEN,2020-12-31,13.005813991042917
WDI:NE.EXP.GNFS.ZS:VEN,2021-12-31,15.349994124362611
WDI:NE.EXP.GNFS.ZS:VEN,2022-12-31,16.349207455802038
WDI:NE.EXP.GNFS.ZS:VEN,2023-12-31,18.0663666874328
WDI:NE.EXP.GNFS.ZS:VEN,2024-12-31,16.7350337150912
WDI:NE.EXP.GNFS.ZS:VEN,2025-12-31,14.9031673538596
WDI:NE.EXP.GNFS.ZS:VIR,2002-12-31,147.42489270386267
WDI:NE.EXP.GNFS.ZS:VIR,2003-12-31,189.36973569561428
WDI:NE.EXP.GNFS.ZS:VIR,2004-12-31,226.59994732683697
WDI:NE.EXP.GNFS.ZS:VIR,2005-12-31,262.6919602529358
WDI:NE.EXP.GNFS.ZS:VIR,2006-12-31,283.89830508474574
WDI:NE.EXP.GNFS.ZS:VIR,2007-12-31,295.5894648829431
WDI:NE.EXP.GNFS.ZS:VIR,2008-12-31,433.83600377002824
WDI:NE.EXP.GNFS.ZS:VIR,2009-12-31,255.10592716019994
WDI:NE.EXP.GNFS.ZS:VIR,2010-12-31,299.37557816836267
WDI:NE.EXP.GNFS.ZS:VIR,2011-12-31,340.3031020601468
WDI:NE.EXP.GNFS.ZS:VIR,2012-12-31,80.166299828809
WDI:NE.EXP.GNFS.ZS:VIR,2013-12-31,67.54949170679507
WDI:NE.EXP.GNFS.ZS:VIR,2014-12-31,78.37307152875175
WDI:NE.EXP.GNFS.ZS:VIR,2015-12-31,41.63254163254163
WDI:NE.EXP.GNFS.ZS:VIR,2016-12-31,47.02474986835176
WDI:NE.EXP.GNFS.ZS:VIR,2017-12-31,63.336847654190834
WDI:NE.EXP.GNFS.ZS:VIR,2018-12-31,53.12261024725975
WDI:NE.EXP.GNFS.ZS:VIR,2019-12-31,54.962387769958745
WDI:NE.EXP.GNFS.ZS:VIR,2020-12-31,38.30692835185623
WDI:NE.EXP.GNFS.ZS:VIR,2021-12-31,90.28178389172399
WDI:NE.EXP.GNFS.ZS:VIR,2022-12-31,97.36729452054794
WDI:NE.EXP.GNFS.ZS:VNM,1986-12-31,6.622539298831385
WDI:NE.EXP.GNFS.ZS:VNM,1987-12-31,6.0014283728223
WDI:NE.EXP.GNFS.ZS:VNM,1988-12-31,3.9452982256809337
WDI:NE.EXP.GNFS.ZS:VNM,1989-12-31,23.849357790196844
WDI:NE.EXP.GNFS.ZS:VNM,1990-12-31,36.03861363913717
WDI:NE.EXP.GNFS.ZS:VNM,1991-12-31,30.915039338000444
WDI:NE.EXP.GNFS.ZS:VNM,1992-12-31,34.745595818405526
WDI:NE.EXP.GNFS.ZS:VNM,1993-12-31,28.722782666942347
WDI:NE.EXP.GNFS.ZS:VNM,1994-12-31,34.013128644403864
WDI:NE.EXP.GNFS.ZS:VNM,1995-12-31,32.81285533395663
WDI:NE.EXP.GNFS.ZS:VNM,1996-12-31,40.86848742445853
WDI:NE.EXP.GNFS.ZS:VNM,1997-12-31,43.10270675301238
WDI:NE.EXP.GNFS.ZS:VNM,1998-12-31,44.8483033762953
WDI:NE.EXP.GNFS.ZS:VNM,1999-12-31,49.96624597316611
WDI:NE.EXP.GNFS.ZS:VNM,2000-12-31,53.92149700891664
WDI:NE.EXP.GNFS.ZS:VNM,2001-12-31,55.061933282082705
WDI:NE.EXP.GNFS.ZS:VNM,2002-12-31,54.73913368809284
WDI:NE.EXP.GNFS.ZS:VNM,2003-12-31,56.673257914753286
WDI:NE.EXP.GNFS.ZS:VNM,2004-12-31,59.73104141438571
WDI:NE.EXP.GNFS.ZS:VNM,2005-12-31,63.699492670139314
WDI:NE.EXP.GNFS.ZS:VNM,2006-12-31,67.71681432601866
WDI:NE.EXP.GNFS.ZS:VNM,2007-12-31,70.51787460227196
WDI:NE.EXP.GNFS.ZS:VNM,2008-12-31,70.33669194027154
WDI:NE.EXP.GNFS.ZS:VNM,2009-12-31,62.6088840664865
WDI:NE.EXP.GNFS.ZS:VNM,2010-12-31,54.175845966851455
WDI:NE.EXP.GNFS.ZS:VNM,2011-12-31,61.18015572119564
WDI:NE.EXP.GNFS.ZS:VNM,2012-12-31,63.47392490386326
WDI:NE.EXP.GNFS.ZS:VNM,2013-12-31,66.80044599191095
WDI:NE.EXP.GNFS.ZS:VNM,2014-12-31,69.59857595020537
WDI:NE.EXP.GNFS.ZS:VNM,2015-12-31,72.9228518369495
WDI:NE.EXP.GNFS.ZS:VNM,2016-12-31,74.10728625561829
WDI:NE.EXP.GNFS.ZS:VNM,2017-12-31,81.7625218355655
WDI:NE.EXP.GNFS.ZS:VNM,2018-12-31,84.42345608333646
WDI:NE.EXP.GNFS.ZS:VNM,2019-12-31,85.15758740734114
WDI:NE.EXP.GNFS.ZS:VNM,2020-12-31,84.38159800895698
WDI:NE.EXP.GNFS.ZS:VNM,2021-12-31,93.85020712755747
WDI:NE.EXP.GNFS.ZS:VNM,2022-12-31,93.42012904351097
WDI:NE.EXP.GNFS.ZS:VNM,2023-12-31,86.7366640875238
WDI:NE.EXP.GNFS.ZS:VNM,2024-12-31,90.1662693374998
WDI:NE.EXP.GNFS.ZS:VNM,2025-12-31,98.2444078637672
WDI:NE.EXP.GNFS.ZS:VUT,1980-12-31,31.029482841952632
WDI:NE.EXP.GNFS.ZS:VUT,1981-12-31,33.303312318623036
WDI:NE.EXP.GNFS.ZS:VUT,1982-12-31,36.65577432824982
WDI:NE.EXP.GNFS.ZS:VUT,1983-12-31,50.87010801543077
WDI:NE.EXP.GNFS.ZS:VUT,1984-12-31,54.11173885750157
WDI:NE.EXP.GNFS.ZS:VUT,1985-12-31,45.71919032973321
WDI:NE.EXP.GNFS.ZS:VUT,1986-12-31,32.6172019195275
WDI:NE.EXP.GNFS.ZS:VUT,1987-12-31,33.56396866840731
WDI:NE.EXP.GNFS.ZS:VUT,1988-12-31,33.315191098209965
WDI:NE.EXP.GNFS.ZS:VUT,1989-12-31,35.08281110116383
WDI:NE.EXP.GNFS.ZS:VUT,1990-12-31,44.16004856087814
WDI:NE.EXP.GNFS.ZS:VUT,1991-12-31,40.0133422281521
WDI:NE.EXP.GNFS.ZS:VUT,1992-12-31,42.78544012822135
WDI:NE.EXP.GNFS.ZS:VUT,1993-12-31,43.153101411224156
WDI:NE.EXP.GNFS.ZS:VUT,1994-12-31,42.51580649904426
WDI:NE.EXP.GNFS.ZS:VUT,1995-12-31,41.884591993703715
WDI:NE.EXP.GNFS.ZS:VUT,1996-12-31,43.113013698630134
WDI:NE.EXP.GNFS.ZS:VUT,1997-12-31,48.91159906346896
WDI:NE.EXP.GNFS.ZS:VUT,1998-12-31,42.29078841151673
WDI:NE.EXP.GNFS.ZS:VUT,1999-12-31,37.3775041193305
WDI:NE.EXP.GNFS.ZS:VUT,2000-12-31,39.178974920541656
WDI:NE.EXP.GNFS.ZS:VUT,2001-12-31,37.95624332977588
WDI:NE.EXP.GNFS.ZS:VUT,2002-12-31,42.311164610291904
WDI:NE.EXP.GNFS.ZS:VUT,2003-12-31,43.2765126870527
WDI:NE.EXP.GNFS.ZS:VUT,2004-12-31,45.599588265568705
WDI:NE.EXP.GNFS.ZS:VUT,2005-12-31,45.38333178826365
WDI:NE.EXP.GNFS.ZS:VUT,2006-12-31,41.27255148011767
WDI:NE.EXP.GNFS.ZS:VUT,2007-12-31,41.587583651555825
WDI:NE.EXP.GNFS.ZS:VUT,2008-12-31,46.477790956016236
WDI:NE.EXP.GNFS.ZS:VUT,2009-12-31,50.55566972825142
WDI:NE.EXP.GNFS.ZS:VUT,2010-12-31,48.718382669702756
WDI:NE.EXP.GNFS.ZS:VUT,2011-12-31,45.60626950148755
WDI:NE.EXP.GNFS.ZS:VUT,2012-12-31,51.310661393227285
WDI:NE.EXP.GNFS.ZS:VUT,2013-12-31,51.682196060927296
WDI:NE.EXP.GNFS.ZS:VUT,2014-12-31,51.33411445157511
WDI:NE.EXP.GNFS.ZS:VUT,2015-12-31,44.28730162564313
WDI:NE.EXP.GNFS.ZS:VUT,2016-12-31,47.44237756306662
WDI:NE.EXP.GNFS.ZS:VUT,2017-12-31,47.66090191490932
WDI:NE.EXP.GNFS.ZS:VUT,2018-12-31,56.61053279217235
WDI:NE.EXP.GNFS.ZS:VUT,2019-12-31,50.34527687296417
WDI:NE.EXP.GNFS.ZS:VUT,2020-12-31,18.473443947812328
WDI:NE.EXP.GNFS.ZS:VUT,2021-12-31,9.553656402910894
WDI:NE.EXP.GNFS.ZS:VUT,2022-12-31,9.42548191484117
WDI:NE.EXP.GNFS.ZS:VUT,2023-12-31,28.3701473975778
WDI:NE.EXP.GNFS.ZS:VUT,2024-12-31,25.3486432492193
WDI:NE.EXP.GNFS.ZS:WLD,1970-12-31,12.82465194426641
WDI:NE.EXP.GNFS.ZS:WLD,1971-12-31,13.016935406270605
WDI:NE.EXP.GNFS.ZS:WLD,1972-12-31,13.369568157292152
WDI:NE.EXP.GNFS.ZS:WLD,1973-12-31,14.973426045282803
WDI:NE.EXP.GNFS.ZS:WLD,1974-12-31,17.90097524719163
WDI:NE.EXP.GNFS.ZS:WLD,1975-12-31,17.100784635952866
WDI:NE.EXP.GNFS.ZS:WLD,1976-12-31,17.541255090534786
WDI:NE.EXP.GNFS.ZS:WLD,1977-12-31,17.59619287790546
WDI:NE.EXP.GNFS.ZS:WLD,1978-12-31,17.373899726896575
WDI:NE.EXP.GNFS.ZS:WLD,1979-12-31,18.83488141208294
WDI:NE.EXP.GNFS.ZS:WLD,1980-12-31,20.18594495803888
WDI:NE.EXP.GNFS.ZS:WLD,1981-12-31,19.544947112224044
WDI:NE.EXP.GNFS.ZS:WLD,1982-12-31,18.541966219702832
WDI:NE.EXP.GNFS.ZS:WLD,1983-12-31,17.902492078324563
WDI:NE.EXP.GNFS.ZS:WLD,1984-12-31,18.2365860818773
WDI:NE.EXP.GNFS.ZS:WLD,1985-12-31,17.64093365056214
WDI:NE.EXP.GNFS.ZS:WLD,1986-12-31,16.729284061975225
WDI:NE.EXP.GNFS.ZS:WLD,1987-12-31,17.403370796051945
WDI:NE.EXP.GNFS.ZS:WLD,1988-12-31,17.91166182987629
WDI:NE.EXP.GNFS.ZS:WLD,1989-12-31,18.52828985541536
WDI:NE.EXP.GNFS.ZS:WLD,1990-12-31,18.862569338237005
WDI:NE.EXP.GNFS.ZS:WLD,1991-12-31,18.736463936804274
WDI:NE.EXP.GNFS.ZS:WLD,1992-12-31,19.834455907447534
WDI:NE.EXP.GNFS.ZS:WLD,1993-12-31,18.92277404955531
WDI:NE.EXP.GNFS.ZS:WLD,1994-12-31,19.479680564111295
WDI:NE.EXP.GNFS.ZS:WLD,1995-12-31,20.64732507109435
WDI:NE.EXP.GNFS.ZS:WLD,1996-12-31,21.084686364314184
WDI:NE.EXP.GNFS.ZS:WLD,1997-12-31,21.947542095051084
WDI:NE.EXP.GNFS.ZS:WLD,1998-12-31,21.787123025033324
WDI:NE.EXP.GNFS.ZS:WLD,1999-12-31,21.876494569158847
WDI:NE.EXP.GNFS.ZS:WLD,2000-12-31,23.465314497536003
WDI:NE.EXP.GNFS.ZS:WLD,2001-12-31,22.87061019182678
WDI:NE.EXP.GNFS.ZS:WLD,2002-12-31,23.116728205479156
WDI:NE.EXP.GNFS.ZS:WLD,2003-12-31,23.862094626118726
WDI:NE.EXP.GNFS.ZS:WLD,2004-12-31,25.722669668370045
WDI:NE.EXP.GNFS.ZS:WLD,2005-12-31,26.99568352656306
WDI:NE.EXP.GNFS.ZS:WLD,2006-12-31,28.64121394482891
WDI:NE.EXP.GNFS.ZS:WLD,2007-12-31,29.569382980069324
WDI:NE.EXP.GNFS.ZS:WLD,2008-12-31,30.73182648261648
WDI:NE.EXP.GNFS.ZS:WLD,2009-12-31,26.166400595221305
WDI:NE.EXP.GNFS.ZS:WLD,2010-12-31,28.466943306635105
WDI:NE.EXP.GNFS.ZS:WLD,2011-12-31,30.253783071825353
WDI:NE.EXP.GNFS.ZS:WLD,2012-12-31,30.048120285004735
WDI:NE.EXP.GNFS.ZS:WLD,2013-12-31,30.06300359703078
WDI:NE.EXP.GNFS.ZS:WLD,2014-12-31,29.795109298190773
WDI:NE.EXP.GNFS.ZS:WLD,2015-12-31,28.127949998270214
WDI:NE.EXP.GNFS.ZS:WLD,2016-12-31,27.173344854139316
WDI:NE.EXP.GNFS.ZS:WLD,2017-12-31,28.09857758045993
WDI:NE.EXP.GNFS.ZS:WLD,2018-12-31,28.96455495154765
WDI:NE.EXP.GNFS.ZS:WLD,2019-12-31,28.0286411061976
WDI:NE.EXP.GNFS.ZS:WLD,2020-12-31,26.142438275107203
WDI:NE.EXP.GNFS.ZS:WLD,2021-12-31,28.6484687009845
WDI:NE.EXP.GNFS.ZS:WLD,2022-12-31,30.892431331635105
WDI:NE.EXP.GNFS.ZS:WLD,2023-12-31,29.0719076019522
WDI:NE.EXP.GNFS.ZS:WLD,2024-12-31,29.0778030379811
WDI:NE.EXP.GNFS.ZS:WLD,2025-12-31,29.4807508820934
WDI:NE.EXP.GNFS.ZS:WSM,2002-12-31,34.17881145295931
WDI:NE.EXP.GNFS.ZS:WSM,2003-12-31,31.09618055095093
WDI:NE.EXP.GNFS.ZS:WSM,2004-12-31,29.0656121898961
WDI:NE.EXP.GNFS.ZS:WSM,2005-12-31,28.535554984814
WDI:NE.EXP.GNFS.ZS:WSM,2006-12-31,29.61376976779318
WDI:NE.EXP.GNFS.ZS:WSM,2007-12-31,29.210615061073923
WDI:NE.EXP.GNFS.ZS:WSM,2008-12-31,27.86241523117997
WDI:NE.EXP.GNFS.ZS:WSM,2009-12-31,27.996766803359918
WDI:NE.EXP.GNFS.ZS:WSM,2010-12-31,27.715427485994066
WDI:NE.EXP.GNFS.ZS:WSM,2011-12-31,28.39342205543008
WDI:NE.EXP.GNFS.ZS:WSM,2012-12-31,26.244690029478335
WDI:NE.EXP.GNFS.ZS:WSM,2013-12-31,28.10065362388795
WDI:NE.EXP.GNFS.ZS:WSM,2014-12-31,27.59225867285513
WDI:NE.EXP.GNFS.ZS:WSM,2015-12-31,27.14094468180179
WDI:NE.EXP.GNFS.ZS:WSM,2016-12-31,28.77802000100572
WDI:NE.EXP.GNFS.ZS:WSM,2017-12-31,29.662277597434684
WDI:NE.EXP.GNFS.ZS:WSM,2018-12-31,31.96567647939892
WDI:NE.EXP.GNFS.ZS:WSM,2019-12-31,35.033331889507785
WDI:NE.EXP.GNFS.ZS:WSM,2020-12-31,29.196412915403013
WDI:NE.EXP.GNFS.ZS:WSM,2021-12-31,11.470913429391077
WDI:NE.EXP.GNFS.ZS:WSM,2022-12-31,11.485773404129503
WDI:NE.EXP.GNFS.ZS:WSM,2023-12-31,26.2085799096029
WDI:NE.EXP.GNFS.ZS:WSM,2024-12-31,30.6578702799178
WDI:NE.EXP.GNFS.ZS:WSM,2025-12-31,27.6189873403951
WDI:NE.EXP.GNFS.ZS:XKX,2008-12-31,17.190699115416983
WDI:NE.EXP.GNFS.ZS:XKX,2009-12-31,19.22776192714408
WDI:NE.EXP.GNFS.ZS:XKX,2010-12-31,21.669168119990374
WDI:NE.EXP.GNFS.ZS:XKX,2011-12-31,24.952040253701572
WDI:NE.EXP.GNFS.ZS:XKX,2012-12-31,24.521968101050724
WDI:NE.EXP.GNFS.ZS:XKX,2013-12-31,23.003857763601356
WDI:NE.EXP.GNFS.ZS:XKX,2014-12-31,23.526885435846683
WDI:NE.EXP.GNFS.ZS:XKX,2015-12-31,22.451392855273568
WDI:NE.EXP.GNFS.ZS:XKX,2016-12-31,23.827404799287624
WDI:NE.EXP.GNFS.ZS:XKX,2017-12-31,27.328844878341013
WDI:NE.EXP.GNFS.ZS:XKX,2018-12-31,29.05346471966438
WDI:NE.EXP.GNFS.ZS:XKX,2019-12-31,29.312607459115224
WDI:NE.EXP.GNFS.ZS:XKX,2020-12-31,21.69514687957148
WDI:NE.EXP.GNFS.ZS:XKX,2021-12-31,33.40918272780108
WDI:NE.EXP.GNFS.ZS:XKX,2022-12-31,38.62565701487917
WDI:NE.EXP.GNFS.ZS:XKX,2023-12-31,39.64047566608
WDI:NE.EXP.GNFS.ZS:XKX,2024-12-31,41.7483529574305
WDI:NE.EXP.GNFS.ZS:XKX,2025-12-31,43.9520877225768
WDI:NE.EXP.GNFS.ZS:YEM,1990-12-31,11.16832871490558
WDI:NE.EXP.GNFS.ZS:YEM,1991-12-31,17.673590602502667
WDI:NE.EXP.GNFS.ZS:YEM,1992-12-31,16.211828023292473
WDI:NE.EXP.GNFS.ZS:YEM,1993-12-31,19.926830333372916
WDI:NE.EXP.GNFS.ZS:YEM,1994-12-31,39.77714169395627
WDI:NE.EXP.GNFS.ZS:YEM,1995-12-31,45.48633967645084
WDI:NE.EXP.GNFS.ZS:YEM,1996-12-31,38.506095053440426
WDI:NE.EXP.GNFS.ZS:YEM,1997-12-31,36.28420071658645
WDI:NE.EXP.GNFS.ZS:YEM,1998-12-31,26.54353240119939
WDI:NE.EXP.GNFS.ZS:YEM,1999-12-31,34.839353687039704
WDI:NE.EXP.GNFS.ZS:YEM,2000-12-31,41.40890493913512
WDI:NE.EXP.GNFS.ZS:YEM,2001-12-31,35.896925638092995
WDI:NE.EXP.GNFS.ZS:YEM,2002-12-31,37.00117333960949
WDI:NE.EXP.GNFS.ZS:YEM,2003-12-31,36.43900686751137
WDI:NE.EXP.GNFS.ZS:YEM,2004-12-31,36.38249525061537
WDI:NE.EXP.GNFS.ZS:YEM,2005-12-31,40.896819539716525
WDI:NE.EXP.GNFS.ZS:YEM,2006-12-31,41.25855032211307
WDI:NE.EXP.GNFS.ZS:YEM,2007-12-31,35.90342353666008
WDI:NE.EXP.GNFS.ZS:YEM,2008-12-31,37.836953495183074
WDI:NE.EXP.GNFS.ZS:YEM,2009-12-31,28.32515811856834
WDI:NE.EXP.GNFS.ZS:YEM,2010-12-31,29.99507756300931
WDI:NE.EXP.GNFS.ZS:YEM,2011-12-31,30.3404241701511
WDI:NE.EXP.GNFS.ZS:YEM,2012-12-31,24.863716965895275
WDI:NE.EXP.GNFS.ZS:YEM,2013-12-31,22.3595984891919
WDI:NE.EXP.GNFS.ZS:YEM,2014-12-31,21.48408707865471
WDI:NE.EXP.GNFS.ZS:YEM,2015-12-31,9.05157754562319
WDI:NE.EXP.GNFS.ZS:YEM,2016-12-31,4.80920276121921
WDI:NE.EXP.GNFS.ZS:YEM,2017-12-31,9.688247585448732
WDI:NE.EXP.GNFS.ZS:YEM,2018-12-31,8.756102382714493
WDI:NE.EXP.GNFS.ZS:ZAF,1960-12-31,25.588094095055208
WDI:NE.EXP.GNFS.ZS:ZAF,1961-12-31,25.341426403641883
WDI:NE.EXP.GNFS.ZS:ZAF,1962-12-31,25.46362339514979
WDI:NE.EXP.GNFS.ZS:ZAF,1963-12-31,24.841996646459435
WDI:NE.EXP.GNFS.ZS:ZAF,1964-12-31,23.805620608899297
WDI:NE.EXP.GNFS.ZS:ZAF,1965-12-31,22.292447777182645
WDI:NE.EXP.GNFS.ZS:ZAF,1966-12-31,21.978130233474534
WDI:NE.EXP.GNFS.ZS:ZAF,1967-12-31,21.39633660737988
WDI:NE.EXP.GNFS.ZS:ZAF,1968-12-31,21.95879659908437
WDI:NE.EXP.GNFS.ZS:ZAF,1969-12-31,20.04362050163577
WDI:NE.EXP.GNFS.ZS:ZAF,1970-12-31,18.401953021905516
WDI:NE.EXP.GNFS.ZS:ZAF,1971-12-31,18.478260869565215
WDI:NE.EXP.GNFS.ZS:ZAF,1972-12-31,21.45813435211716
WDI:NE.EXP.GNFS.ZS:ZAF,1973-12-31,21.686955768314345
WDI:NE.EXP.GNFS.ZS:ZAF,1974-12-31,24.154606549799094
WDI:NE.EXP.GNFS.ZS:ZAF,1975-12-31,23.84494169555626
WDI:NE.EXP.GNFS.ZS:ZAF,1976-12-31,23.91359025235447
WDI:NE.EXP.GNFS.ZS:ZAF,1977-12-31,26.283742642581693
WDI:NE.EXP.GNFS.ZS:ZAF,1978-12-31,28.4249933149122
WDI:NE.EXP.GNFS.ZS:ZAF,1979-12-31,31.243406179351922
WDI:NE.EXP.GNFS.ZS:ZAF,1980-12-31,31.87098812412941
WDI:NE.EXP.GNFS.ZS:ZAF,1981-12-31,25.203391282007363
WDI:NE.EXP.GNFS.ZS:ZAF,1982-12-31,23.38758094257901
WDI:NE.EXP.GNFS.ZS:ZAF,1983-12-31,21.76785064517032
WDI:NE.EXP.GNFS.ZS:ZAF,1984-12-31,22.49874208311037
WDI:NE.EXP.GNFS.ZS:ZAF,1985-12-31,27.902881128227257
WDI:NE.EXP.GNFS.ZS:ZAF,1986-12-31,27.247670297939365
WDI:NE.EXP.GNFS.ZS:ZAF,1987-12-31,26.891376240142456
WDI:NE.EXP.GNFS.ZS:ZAF,1988-12-31,25.802494204443544
WDI:NE.EXP.GNFS.ZS:ZAF,1989-12-31,23.706840275939943
WDI:NE.EXP.GNFS.ZS:ZAF,1990-12-31,21.538541733741763
WDI:NE.EXP.GNFS.ZS:ZAF,1991-12-31,19.340815342583166
WDI:NE.EXP.GNFS.ZS:ZAF,1992-12-31,18.9551466044412
WDI:NE.EXP.GNFS.ZS:ZAF,1993-12-31,19.914366630952962
WDI:NE.EXP.GNFS.ZS:ZAF,1994-12-31,19.549337805111016
WDI:NE.EXP.GNFS.ZS:ZAF,1995-12-31,20.037860607775354
WDI:NE.EXP.GNFS.ZS:ZAF,1996-12-31,21.774743218972407
WDI:NE.EXP.GNFS.ZS:ZAF,1997-12-31,21.66059185520418
WDI:NE.EXP.GNFS.ZS:ZAF,1998-12-31,22.51927181754163
WDI:NE.EXP.GNFS.ZS:ZAF,1999-12-31,22.269215974660213
WDI:NE.EXP.GNFS.ZS:ZAF,2000-12-31,24.404303310691862
WDI:NE.EXP.GNFS.ZS:ZAF,2001-12-31,26.35666063456878
WDI:NE.EXP.GNFS.ZS:ZAF,2002-12-31,28.431167217680215
WDI:NE.EXP.GNFS.ZS:ZAF,2003-12-31,23.915273361403433
WDI:NE.EXP.GNFS.ZS:ZAF,2004-12-31,22.757518785665376
WDI:NE.EXP.GNFS.ZS:ZAF,2005-12-31,23.599764491543613
WDI:NE.EXP.GNFS.ZS:ZAF,2006-12-31,26.098249881711972
WDI:NE.EXP.GNFS.ZS:ZAF,2007-12-31,27.95896439470196
WDI:NE.EXP.GNFS.ZS:ZAF,2008-12-31,32.254673671067735
WDI:NE.EXP.GNFS.ZS:ZAF,2009-12-31,24.982746488323667
WDI:NE.EXP.GNFS.ZS:ZAF,2010-12-31,25.783417626722148
WDI:NE.EXP.GNFS.ZS:ZAF,2011-12-31,27.698148470375223
WDI:NE.EXP.GNFS.ZS:ZAF,2012-12-31,27.13914919376788
WDI:NE.EXP.GNFS.ZS:ZAF,2013-12-31,28.379280320360955
WDI:NE.EXP.GNFS.ZS:ZAF,2014-12-31,29.00061930334713
WDI:NE.EXP.GNFS.ZS:ZAF,2015-12-31,27.7136384124829
WDI:NE.EXP.GNFS.ZS:ZAF,2016-12-31,28.156088169895494
WDI:NE.EXP.GNFS.ZS:ZAF,2017-12-31,27.3400757812216
WDI:NE.EXP.GNFS.ZS:ZAF,2018-12-31,27.497037150842335
WDI:NE.EXP.GNFS.ZS:ZAF,2019-12-31,27.202129405115098
WDI:NE.EXP.GNFS.ZS:ZAF,2020-12-31,27.575914160396287
WDI:NE.EXP.GNFS.ZS:ZAF,2021-12-31,31.191610505160828
WDI:NE.EXP.GNFS.ZS:ZAF,2022-12-31,33.539440316427225
WDI:NE.EXP.GNFS.ZS:ZAF,2023-12-31,33.2538127556816
WDI:NE.EXP.GNFS.ZS:ZAF,2024-12-31,31.7919070646303
WDI:NE.EXP.GNFS.ZS:ZAF,2025-12-31,31.4101947337253
WDI:NE.EXP.GNFS.ZS:ZMB,1994-12-31,32.95039546360755
WDI:NE.EXP.GNFS.ZS:ZMB,1995-12-31,32.90102671479323
WDI:NE.EXP.GNFS.ZS:ZMB,1996-12-31,28.478909218585276
WDI:NE.EXP.GNFS.ZS:ZMB,1997-12-31,27.37125755796601
WDI:NE.EXP.GNFS.ZS:ZMB,1998-12-31,24.617763566122825
WDI:NE.EXP.GNFS.ZS:ZMB,1999-12-31,25.03721939992105
WDI:NE.EXP.GNFS.ZS:ZMB,2000-12-31,23.923860830771183
WDI:NE.EXP.GNFS.ZS:ZMB,2001-12-31,25.10969909869496
WDI:NE.EXP.GNFS.ZS:ZMB,2002-12-31,27.133678330869778
WDI:NE.EXP.GNFS.ZS:ZMB,2003-12-31,25.683964030842677
WDI:NE.EXP.GNFS.ZS:ZMB,2004-12-31,33.53998225107194
WDI:NE.EXP.GNFS.ZS:ZMB,2005-12-31,30.610712314381267
WDI:NE.EXP.GNFS.ZS:ZMB,2006-12-31,32.59295868718877
WDI:NE.EXP.GNFS.ZS:ZMB,2007-12-31,33.59119320501334
WDI:NE.EXP.GNFS.ZS:ZMB,2008-12-31,28.91935970525661
WDI:NE.EXP.GNFS.ZS:ZMB,2009-12-31,29.250997669334843
WDI:NE.EXP.GNFS.ZS:ZMB,2010-12-31,37.02593330721237
WDI:NE.EXP.GNFS.ZS:ZMB,2011-12-31,40.471222673292075
WDI:NE.EXP.GNFS.ZS:ZMB,2012-12-31,40.08291099435263
WDI:NE.EXP.GNFS.ZS:ZMB,2013-12-31,40.48271669386973
WDI:NE.EXP.GNFS.ZS:ZMB,2014-12-31,38.82228993193777
WDI:NE.EXP.GNFS.ZS:ZMB,2015-12-31,37.138525801473435
WDI:NE.EXP.GNFS.ZS:ZMB,2016-12-31,35.324675748965745
WDI:NE.EXP.GNFS.ZS:ZMB,2017-12-31,34.992857763591765
WDI:NE.EXP.GNFS.ZS:ZMB,2018-12-31,37.957404548039364
WDI:NE.EXP.GNFS.ZS:ZMB,2019-12-31,34.63619260318805
WDI:NE.EXP.GNFS.ZS:ZMB,2020-12-31,46.720186469157596
WDI:NE.EXP.GNFS.ZS:ZMB,2021-12-31,52.216090018319164
WDI:NE.EXP.GNFS.ZS:ZMB,2022-12-31,40.19399771143057
WDI:NE.EXP.GNFS.ZS:ZMB,2023-12-31,40.8461239686718
WDI:NE.EXP.GNFS.ZS:ZMB,2024-12-31,34.9818727491304
WDI:NE.EXP.GNFS.ZS:ZWE,1975-12-31,22.764979311535335
WDI:NE.EXP.GNFS.ZS:ZWE,1976-12-31,21.96024798234146
WDI:NE.EXP.GNFS.ZS:ZWE,1977-12-31,21.39502863417931
WDI:NE.EXP.GNFS.ZS:ZWE,1978-12-31,22.021695236040216
WDI:NE.EXP.GNFS.ZS:ZWE,1979-12-31,21.80000291262543
WDI:NE.EXP.GNFS.ZS:ZWE,1980-12-31,23.367391798508578
WDI:NE.EXP.GNFS.ZS:ZWE,1981-12-31,19.42522641996811
WDI:NE.EXP.GNFS.ZS:ZWE,1982-12-31,16.925580307515915
WDI:NE.EXP.GNFS.ZS:ZWE,1983-12-31,16.442924822776543
WDI:NE.EXP.GNFS.ZS:ZWE,1984-12-31,20.561138437133312
WDI:NE.EXP.GNFS.ZS:ZWE,1985-12-31,22.205774710416478
WDI:NE.EXP.GNFS.ZS:ZWE,1986-12-31,24.049410539440284
WDI:NE.EXP.GNFS.ZS:ZWE,1987-12-31,24.01571046145672
WDI:NE.EXP.GNFS.ZS:ZWE,1988-12-31,23.740346198431777
WDI:NE.EXP.GNFS.ZS:ZWE,1989-12-31,23.342283061218453
WDI:NE.EXP.GNFS.ZS:ZWE,1990-12-31,22.86684557067317
WDI:NE.EXP.GNFS.ZS:ZWE,1991-12-31,23.883876937312053
WDI:NE.EXP.GNFS.ZS:ZWE,1992-12-31,27.227979274611396
WDI:NE.EXP.GNFS.ZS:ZWE,1993-12-31,30.72062126460848
WDI:NE.EXP.GNFS.ZS:ZWE,1994-12-31,34.60129818326866
WDI:NE.EXP.GNFS.ZS:ZWE,1995-12-31,38.236120871398455
WDI:NE.EXP.GNFS.ZS:ZWE,1996-12-31,36.129126497224654
WDI:NE.EXP.GNFS.ZS:ZWE,1997-12-31,37.59374267635341
WDI:NE.EXP.GNFS.ZS:ZWE,1998-12-31,43.394090784903014
WDI:NE.EXP.GNFS.ZS:ZWE,1999-12-31,37.40800116592581
WDI:NE.EXP.GNFS.ZS:ZWE,2000-12-31,38.16158069697083
WDI:NE.EXP.GNFS.ZS:ZWE,2001-12-31,34.959259668915685
WDI:NE.EXP.GNFS.ZS:ZWE,2002-12-31,31.83483708285726
WDI:NE.EXP.GNFS.ZS:ZWE,2003-12-31,32.39682401186633
WDI:NE.EXP.GNFS.ZS:ZWE,2004-12-31,34.471033829732285
WDI:NE.EXP.GNFS.ZS:ZWE,2005-12-31,33.54751877740634
WDI:NE.EXP.GNFS.ZS:ZWE,2006-12-31,35.95722219672282
WDI:NE.EXP.GNFS.ZS:ZWE,2007-12-31,37.78270928750177
WDI:NE.EXP.GNFS.ZS:ZWE,2008-12-31,41.46672702580353
WDI:NE.EXP.GNFS.ZS:ZWE,2009-12-31,19.476255719566733
WDI:NE.EXP.GNFS.ZS:ZWE,2010-12-31,29.640389284306195
WDI:NE.EXP.GNFS.ZS:ZWE,2011-12-31,34.800481961868314
WDI:NE.EXP.GNFS.ZS:ZWE,2012-12-31,25.16278798142903
WDI:NE.EXP.GNFS.ZS:ZWE,2013-12-31,21.987356517414238
WDI:NE.EXP.GNFS.ZS:ZWE,2014-12-31,20.929994104227013
WDI:NE.EXP.GNFS.ZS:ZWE,2015-12-31,19.160627339066
WDI:NE.EXP.GNFS.ZS:ZWE,2016-12-31,19.943577708330803
WDI:NE.EXP.GNFS.ZS:ZWE,2017-12-31,24.658175871100198
WDI:NE.EXP.GNFS.ZS:ZWE,2018-12-31,26.164051170871083
WDI:NE.EXP.GNFS.ZS:ZWE,2019-12-31,22.76916436397551
WDI:NE.EXP.GNFS.ZS:ZWE,2020-12-31,18.93122524556666
WDI:NE.EXP.GNFS.ZS:ZWE,2021-12-31,19.75961733840484
WDI:NE.EXP.GNFS.ZS:ZWE,2022-12-31,23.699219626644698
WDI:NE.EXP.GNFS.ZS:ZWE,2023-12-31,17.1170760050918
WDI:NE.EXP.GNFS.ZS:ZWE,2024-12-31,18.0564211017017
