series_id,obs_date,value
WDI:SP.POP.4044.MA.5Y:ABW,1960-12-31,4.77857420681225
WDI:SP.POP.4044.MA.5Y:ABW,1961-12-31,4.61656694296536
WDI:SP.POP.4044.MA.5Y:ABW,1962-12-31,4.53027102179369
WDI:SP.POP.4044.MA.5Y:ABW,1963-12-31,4.50985639104451
WDI:SP.POP.4044.MA.5Y:ABW,1964-12-31,4.4998147135118
WDI:SP.POP.4044.MA.5Y:ABW,1965-12-31,4.47150919988118
WDI:SP.POP.4044.MA.5Y:ABW,1966-12-31,4.44629273448736
WDI:SP.POP.4044.MA.5Y:ABW,1967-12-31,4.43808407186455
WDI:SP.POP.4044.MA.5Y:ABW,1968-12-31,4.46625344352617
WDI:SP.POP.4044.MA.5Y:ABW,1969-12-31,4.54185325525319
WDI:SP.POP.4044.MA.5Y:ABW,1970-12-31,4.63141910546659
WDI:SP.POP.4044.MA.5Y:ABW,1971-12-31,4.72052484896744
WDI:SP.POP.4044.MA.5Y:ABW,1972-12-31,4.82240082966036
WDI:SP.POP.4044.MA.5Y:ABW,1973-12-31,4.94652406417112
WDI:SP.POP.4044.MA.5Y:ABW,1974-12-31,5.08868314850612
WDI:SP.POP.4044.MA.5Y:ABW,1975-12-31,5.22872527804338
WDI:SP.POP.4044.MA.5Y:ABW,1976-12-31,5.39621698191817
WDI:SP.POP.4044.MA.5Y:ABW,1977-12-31,5.57633175434223
WDI:SP.POP.4044.MA.5Y:ABW,1978-12-31,5.71504386619567
WDI:SP.POP.4044.MA.5Y:ABW,1979-12-31,5.82128843192768
WDI:SP.POP.4044.MA.5Y:ABW,1980-12-31,5.88206111919566
WDI:SP.POP.4044.MA.5Y:ABW,1981-12-31,5.87468870087246
WDI:SP.POP.4044.MA.5Y:ABW,1982-12-31,5.83124313513336
WDI:SP.POP.4044.MA.5Y:ABW,1983-12-31,5.8124969497812
WDI:SP.POP.4044.MA.5Y:ABW,1984-12-31,5.89166828259324
WDI:SP.POP.4044.MA.5Y:ABW,1985-12-31,6.09883655439872
WDI:SP.POP.4044.MA.5Y:ABW,1986-12-31,6.42215111511312
WDI:SP.POP.4044.MA.5Y:ABW,1987-12-31,6.84351243396469
WDI:SP.POP.4044.MA.5Y:ABW,1988-12-31,7.29618579146843
WDI:SP.POP.4044.MA.5Y:ABW,1989-12-31,7.68019790846733
WDI:SP.POP.4044.MA.5Y:ABW,1990-12-31,7.90688848124486
WDI:SP.POP.4044.MA.5Y:ABW,1991-12-31,7.90200773623135
WDI:SP.POP.4044.MA.5Y:ABW,1992-12-31,7.96812749003984
WDI:SP.POP.4044.MA.5Y:ABW,1993-12-31,8.18437567626055
WDI:SP.POP.4044.MA.5Y:ABW,1994-12-31,8.26297248937598
WDI:SP.POP.4044.MA.5Y:ABW,1995-12-31,8.22331860446204
WDI:SP.POP.4044.MA.5Y:ABW,1996-12-31,8.20725824471931
WDI:SP.POP.4044.MA.5Y:ABW,1997-12-31,8.2804333970682
WDI:SP.POP.4044.MA.5Y:ABW,1998-12-31,8.45678249041672
WDI:SP.POP.4044.MA.5Y:ABW,1999-12-31,8.73202582999256
WDI:SP.POP.4044.MA.5Y:ABW,2000-12-31,9.00735294117647
WDI:SP.POP.4044.MA.5Y:ABW,2001-12-31,9.27995391705069
WDI:SP.POP.4044.MA.5Y:ABW,2002-12-31,9.48316143369993
WDI:SP.POP.4044.MA.5Y:ABW,2003-12-31,9.54945191406735
WDI:SP.POP.4044.MA.5Y:ABW,2004-12-31,9.55060579278866
WDI:SP.POP.4044.MA.5Y:ABW,2005-12-31,9.45634595360996
WDI:SP.POP.4044.MA.5Y:ABW,2006-12-31,9.22942110739909
WDI:SP.POP.4044.MA.5Y:ABW,2007-12-31,8.94481503941783
WDI:SP.POP.4044.MA.5Y:ABW,2008-12-31,8.65278595514639
WDI:SP.POP.4044.MA.5Y:ABW,2009-12-31,8.34982485475114
WDI:SP.POP.4044.MA.5Y:ABW,2010-12-31,8.06183214894975
WDI:SP.POP.4044.MA.5Y:ABW,2011-12-31,7.8290559262757
WDI:SP.POP.4044.MA.5Y:ABW,2012-12-31,7.65335066167445
WDI:SP.POP.4044.MA.5Y:ABW,2013-12-31,7.48903194062897
WDI:SP.POP.4044.MA.5Y:ABW,2014-12-31,7.31329755272887
WDI:SP.POP.4044.MA.5Y:ABW,2015-12-31,7.10853003369115
WDI:SP.POP.4044.MA.5Y:ABW,2016-12-31,6.89727969117558
WDI:SP.POP.4044.MA.5Y:ABW,2017-12-31,6.70383804470558
WDI:SP.POP.4044.MA.5Y:ABW,2018-12-31,6.53753267275564
WDI:SP.POP.4044.MA.5Y:ABW,2019-12-31,6.41915954415954
WDI:SP.POP.4044.MA.5Y:ABW,2020-12-31,6.33422515327127
WDI:SP.POP.4044.MA.5Y:ABW,2021-12-31,6.25917786078232
WDI:SP.POP.4044.MA.5Y:ABW,2022-12-31,6.2036909651933
WDI:SP.POP.4044.MA.5Y:ABW,2023-12-31,6.16908591604551
WDI:SP.POP.4044.MA.5Y:ABW,2024-12-31,6.15095300593547
WDI:SP.POP.4044.MA.5Y:AFE,1960-12-31,4.525015776845367
WDI:SP.POP.4044.MA.5Y:AFE,1961-12-31,4.507655851083944
WDI:SP.POP.4044.MA.5Y:AFE,1962-12-31,4.48699122004867
WDI:SP.POP.4044.MA.5Y:AFE,1963-12-31,4.464530726487094
WDI:SP.POP.4044.MA.5Y:AFE,1964-12-31,4.439552871467245
WDI:SP.POP.4044.MA.5Y:AFE,1965-12-31,4.4127113744579765
WDI:SP.POP.4044.MA.5Y:AFE,1966-12-31,4.3879274726318185
WDI:SP.POP.4044.MA.5Y:AFE,1967-12-31,4.3627676151718
WDI:SP.POP.4044.MA.5Y:AFE,1968-12-31,4.335669830592835
WDI:SP.POP.4044.MA.5Y:AFE,1969-12-31,4.3076232011324755
WDI:SP.POP.4044.MA.5Y:AFE,1970-12-31,4.280222680255218
WDI:SP.POP.4044.MA.5Y:AFE,1971-12-31,4.253746113421018
WDI:SP.POP.4044.MA.5Y:AFE,1972-12-31,4.225271099967186
WDI:SP.POP.4044.MA.5Y:AFE,1973-12-31,4.193009122659246
WDI:SP.POP.4044.MA.5Y:AFE,1974-12-31,4.159020837061651
WDI:SP.POP.4044.MA.5Y:AFE,1975-12-31,4.125196949091723
WDI:SP.POP.4044.MA.5Y:AFE,1976-12-31,4.092607108268546
WDI:SP.POP.4044.MA.5Y:AFE,1977-12-31,4.064411596982189
WDI:SP.POP.4044.MA.5Y:AFE,1978-12-31,4.042694143092192
WDI:SP.POP.4044.MA.5Y:AFE,1979-12-31,4.02111702913701
WDI:SP.POP.4044.MA.5Y:AFE,1980-12-31,3.989630928739056
WDI:SP.POP.4044.MA.5Y:AFE,1981-12-31,3.964315665890323
WDI:SP.POP.4044.MA.5Y:AFE,1982-12-31,3.954230135057957
WDI:SP.POP.4044.MA.5Y:AFE,1983-12-31,3.9578082592690405
WDI:SP.POP.4044.MA.5Y:AFE,1984-12-31,3.973207751512485
WDI:SP.POP.4044.MA.5Y:AFE,1985-12-31,3.992761394296048
WDI:SP.POP.4044.MA.5Y:AFE,1986-12-31,4.0128907260262405
WDI:SP.POP.4044.MA.5Y:AFE,1987-12-31,4.035258706712619
WDI:SP.POP.4044.MA.5Y:AFE,1988-12-31,4.054040499040891
WDI:SP.POP.4044.MA.5Y:AFE,1989-12-31,4.07082230064343
WDI:SP.POP.4044.MA.5Y:AFE,1990-12-31,4.083571118904324
WDI:SP.POP.4044.MA.5Y:AFE,1991-12-31,4.087025850039045
WDI:SP.POP.4044.MA.5Y:AFE,1992-12-31,4.082122050502963
WDI:SP.POP.4044.MA.5Y:AFE,1993-12-31,4.108580878590866
WDI:SP.POP.4044.MA.5Y:AFE,1994-12-31,4.096878820950714
WDI:SP.POP.4044.MA.5Y:AFE,1995-12-31,4.040096247201926
WDI:SP.POP.4044.MA.5Y:AFE,1996-12-31,3.9929103797250725
WDI:SP.POP.4044.MA.5Y:AFE,1997-12-31,3.9594898108759424
WDI:SP.POP.4044.MA.5Y:AFE,1998-12-31,3.9659984188245403
WDI:SP.POP.4044.MA.5Y:AFE,1999-12-31,3.981849086503419
WDI:SP.POP.4044.MA.5Y:AFE,2000-12-31,4.0007985334628495
WDI:SP.POP.4044.MA.5Y:AFE,2001-12-31,4.019642170876903
WDI:SP.POP.4044.MA.5Y:AFE,2002-12-31,4.03262327751724
WDI:SP.POP.4044.MA.5Y:AFE,2003-12-31,4.035537060736819
WDI:SP.POP.4044.MA.5Y:AFE,2004-12-31,4.029538106584996
WDI:SP.POP.4044.MA.5Y:AFE,2005-12-31,4.021201173512153
WDI:SP.POP.4044.MA.5Y:AFE,2006-12-31,4.016836871215052
WDI:SP.POP.4044.MA.5Y:AFE,2007-12-31,4.020324451403033
WDI:SP.POP.4044.MA.5Y:AFE,2008-12-31,4.0320079777098154
WDI:SP.POP.4044.MA.5Y:AFE,2009-12-31,4.050200905355589
WDI:SP.POP.4044.MA.5Y:AFE,2010-12-31,4.073491575346859
WDI:SP.POP.4044.MA.5Y:AFE,2011-12-31,4.100948456347003
WDI:SP.POP.4044.MA.5Y:AFE,2012-12-31,4.128748866670648
WDI:SP.POP.4044.MA.5Y:AFE,2013-12-31,4.152356793156613
WDI:SP.POP.4044.MA.5Y:AFE,2014-12-31,4.170833018390544
WDI:SP.POP.4044.MA.5Y:AFE,2015-12-31,4.190278839609055
WDI:SP.POP.4044.MA.5Y:AFE,2016-12-31,4.211175201294448
WDI:SP.POP.4044.MA.5Y:AFE,2017-12-31,4.239120245415857
WDI:SP.POP.4044.MA.5Y:AFE,2018-12-31,4.284302857084971
WDI:SP.POP.4044.MA.5Y:AFE,2019-12-31,4.343489506318662
WDI:SP.POP.4044.MA.5Y:AFE,2020-12-31,4.411234135678772
WDI:SP.POP.4044.MA.5Y:AFE,2021-12-31,4.481188007336735
WDI:SP.POP.4044.MA.5Y:AFE,2022-12-31,4.544895372073718
WDI:SP.POP.4044.MA.5Y:AFE,2023-12-31,4.59902242780533
WDI:SP.POP.4044.MA.5Y:AFE,2024-12-31,4.6456381941044995
WDI:SP.POP.4044.MA.5Y:AFG,1960-12-31,4.84688966141427
WDI:SP.POP.4044.MA.5Y:AFG,1961-12-31,4.84179857796286
WDI:SP.POP.4044.MA.5Y:AFG,1962-12-31,4.83479830231938
WDI:SP.POP.4044.MA.5Y:AFG,1963-12-31,4.82786790707138
WDI:SP.POP.4044.MA.5Y:AFG,1964-12-31,4.8243638131059
WDI:SP.POP.4044.MA.5Y:AFG,1965-12-31,4.82296565628449
WDI:SP.POP.4044.MA.5Y:AFG,1966-12-31,4.82378966098352
WDI:SP.POP.4044.MA.5Y:AFG,1967-12-31,4.82819521710558
WDI:SP.POP.4044.MA.5Y:AFG,1968-12-31,4.82924840415771
WDI:SP.POP.4044.MA.5Y:AFG,1969-12-31,4.81773191485749
WDI:SP.POP.4044.MA.5Y:AFG,1970-12-31,4.79273122211217
WDI:SP.POP.4044.MA.5Y:AFG,1971-12-31,4.75622497055658
WDI:SP.POP.4044.MA.5Y:AFG,1972-12-31,4.70855358666257
WDI:SP.POP.4044.MA.5Y:AFG,1973-12-31,4.65516245977363
WDI:SP.POP.4044.MA.5Y:AFG,1974-12-31,4.60384525038126
WDI:SP.POP.4044.MA.5Y:AFG,1975-12-31,4.557361765046
WDI:SP.POP.4044.MA.5Y:AFG,1976-12-31,4.51676605523509
WDI:SP.POP.4044.MA.5Y:AFG,1977-12-31,4.48333518576702
WDI:SP.POP.4044.MA.5Y:AFG,1978-12-31,4.45252731300443
WDI:SP.POP.4044.MA.5Y:AFG,1979-12-31,4.41542459805249
WDI:SP.POP.4044.MA.5Y:AFG,1980-12-31,4.36845425396505
WDI:SP.POP.4044.MA.5Y:AFG,1981-12-31,4.31243130845122
WDI:SP.POP.4044.MA.5Y:AFG,1982-12-31,4.2497406231883
WDI:SP.POP.4044.MA.5Y:AFG,1983-12-31,4.195764481337
WDI:SP.POP.4044.MA.5Y:AFG,1984-12-31,4.15052457047351
WDI:SP.POP.4044.MA.5Y:AFG,1985-12-31,4.10984240664952
WDI:SP.POP.4044.MA.5Y:AFG,1986-12-31,4.07011731842843
WDI:SP.POP.4044.MA.5Y:AFG,1987-12-31,4.02062194385522
WDI:SP.POP.4044.MA.5Y:AFG,1988-12-31,3.93886566105752
WDI:SP.POP.4044.MA.5Y:AFG,1989-12-31,3.84736480845432
WDI:SP.POP.4044.MA.5Y:AFG,1990-12-31,3.75207540832549
WDI:SP.POP.4044.MA.5Y:AFG,1991-12-31,3.65366696416143
WDI:SP.POP.4044.MA.5Y:AFG,1992-12-31,3.57845717288984
WDI:SP.POP.4044.MA.5Y:AFG,1993-12-31,3.53299968364119
WDI:SP.POP.4044.MA.5Y:AFG,1994-12-31,3.49583237022324
WDI:SP.POP.4044.MA.5Y:AFG,1995-12-31,3.46118434977305
WDI:SP.POP.4044.MA.5Y:AFG,1996-12-31,3.43369191569575
WDI:SP.POP.4044.MA.5Y:AFG,1997-12-31,3.4035309942273
WDI:SP.POP.4044.MA.5Y:AFG,1998-12-31,3.3746302401603
WDI:SP.POP.4044.MA.5Y:AFG,1999-12-31,3.34988856802689
WDI:SP.POP.4044.MA.5Y:AFG,2000-12-31,3.32994358246657
WDI:SP.POP.4044.MA.5Y:AFG,2001-12-31,3.31440449301889
WDI:SP.POP.4044.MA.5Y:AFG,2002-12-31,3.30752507812211
WDI:SP.POP.4044.MA.5Y:AFG,2003-12-31,3.31034328853906
WDI:SP.POP.4044.MA.5Y:AFG,2004-12-31,3.32282737925856
WDI:SP.POP.4044.MA.5Y:AFG,2005-12-31,3.34559591913735
WDI:SP.POP.4044.MA.5Y:AFG,2006-12-31,3.37881152278646
WDI:SP.POP.4044.MA.5Y:AFG,2007-12-31,3.42237740412002
WDI:SP.POP.4044.MA.5Y:AFG,2008-12-31,3.47358904240718
WDI:SP.POP.4044.MA.5Y:AFG,2009-12-31,3.52812358944607
WDI:SP.POP.4044.MA.5Y:AFG,2010-12-31,3.58433580774016
WDI:SP.POP.4044.MA.5Y:AFG,2011-12-31,3.63935185199247
WDI:SP.POP.4044.MA.5Y:AFG,2012-12-31,3.69138969267383
WDI:SP.POP.4044.MA.5Y:AFG,2013-12-31,3.74055584016778
WDI:SP.POP.4044.MA.5Y:AFG,2014-12-31,3.78682999771796
WDI:SP.POP.4044.MA.5Y:AFG,2015-12-31,3.82904607848641
WDI:SP.POP.4044.MA.5Y:AFG,2016-12-31,3.86569924017387
WDI:SP.POP.4044.MA.5Y:AFG,2017-12-31,3.8955571729772
WDI:SP.POP.4044.MA.5Y:AFG,2018-12-31,3.91744318622386
WDI:SP.POP.4044.MA.5Y:AFG,2019-12-31,3.93253337783904
WDI:SP.POP.4044.MA.5Y:AFG,2020-12-31,3.9463483989884
WDI:SP.POP.4044.MA.5Y:AFG,2021-12-31,3.95455992869675
WDI:SP.POP.4044.MA.5Y:AFG,2022-12-31,3.9578426596437
WDI:SP.POP.4044.MA.5Y:AFG,2023-12-31,3.96390225652954
WDI:SP.POP.4044.MA.5Y:AFG,2024-12-31,3.97510465555852
WDI:SP.POP.4044.MA.5Y:AFW,1960-12-31,4.828631155890751
WDI:SP.POP.4044.MA.5Y:AFW,1961-12-31,4.823052147727429
WDI:SP.POP.4044.MA.5Y:AFW,1962-12-31,4.808680486236761
WDI:SP.POP.4044.MA.5Y:AFW,1963-12-31,4.790834978894841
WDI:SP.POP.4044.MA.5Y:AFW,1964-12-31,4.769698286218562
WDI:SP.POP.4044.MA.5Y:AFW,1965-12-31,4.747107905703385
WDI:SP.POP.4044.MA.5Y:AFW,1966-12-31,4.723703866699615
WDI:SP.POP.4044.MA.5Y:AFW,1967-12-31,4.699289160089469
WDI:SP.POP.4044.MA.5Y:AFW,1968-12-31,4.673814954751529
WDI:SP.POP.4044.MA.5Y:AFW,1969-12-31,4.647087233369427
WDI:SP.POP.4044.MA.5Y:AFW,1970-12-31,4.621669838124519
WDI:SP.POP.4044.MA.5Y:AFW,1971-12-31,4.59932836928599
WDI:SP.POP.4044.MA.5Y:AFW,1972-12-31,4.578139838569327
WDI:SP.POP.4044.MA.5Y:AFW,1973-12-31,4.557002958307984
WDI:SP.POP.4044.MA.5Y:AFW,1974-12-31,4.5349471072661816
WDI:SP.POP.4044.MA.5Y:AFW,1975-12-31,4.510121856278737
WDI:SP.POP.4044.MA.5Y:AFW,1976-12-31,4.482090951550732
WDI:SP.POP.4044.MA.5Y:AFW,1977-12-31,4.452581086397249
WDI:SP.POP.4044.MA.5Y:AFW,1978-12-31,4.422224064353256
WDI:SP.POP.4044.MA.5Y:AFW,1979-12-31,4.3893778077784935
WDI:SP.POP.4044.MA.5Y:AFW,1980-12-31,4.35596716714338
WDI:SP.POP.4044.MA.5Y:AFW,1981-12-31,4.323796034077082
WDI:SP.POP.4044.MA.5Y:AFW,1982-12-31,4.292097537921723
WDI:SP.POP.4044.MA.5Y:AFW,1983-12-31,4.260093456950179
WDI:SP.POP.4044.MA.5Y:AFW,1984-12-31,4.23125279814212
WDI:SP.POP.4044.MA.5Y:AFW,1985-12-31,4.206534654298987
WDI:SP.POP.4044.MA.5Y:AFW,1986-12-31,4.17958981305844
WDI:SP.POP.4044.MA.5Y:AFW,1987-12-31,4.143057734360573
WDI:SP.POP.4044.MA.5Y:AFW,1988-12-31,4.082535436382727
WDI:SP.POP.4044.MA.5Y:AFW,1989-12-31,4.006333413731701
WDI:SP.POP.4044.MA.5Y:AFW,1990-12-31,3.942303727260996
WDI:SP.POP.4044.MA.5Y:AFW,1991-12-31,3.895894626035539
WDI:SP.POP.4044.MA.5Y:AFW,1992-12-31,3.8656863934393924
WDI:SP.POP.4044.MA.5Y:AFW,1993-12-31,3.862162309579664
WDI:SP.POP.4044.MA.5Y:AFW,1994-12-31,3.878665870605046
WDI:SP.POP.4044.MA.5Y:AFW,1995-12-31,3.893797815101964
WDI:SP.POP.4044.MA.5Y:AFW,1996-12-31,3.9051232216316545
WDI:SP.POP.4044.MA.5Y:AFW,1997-12-31,3.917763421798753
WDI:SP.POP.4044.MA.5Y:AFW,1998-12-31,3.9327484058719437
WDI:SP.POP.4044.MA.5Y:AFW,1999-12-31,3.948544876715957
WDI:SP.POP.4044.MA.5Y:AFW,2000-12-31,3.9623615906418963
WDI:SP.POP.4044.MA.5Y:AFW,2001-12-31,3.9779628860094007
WDI:SP.POP.4044.MA.5Y:AFW,2002-12-31,3.997542458095324
WDI:SP.POP.4044.MA.5Y:AFW,2003-12-31,4.017276305989712
WDI:SP.POP.4044.MA.5Y:AFW,2004-12-31,4.0366217164553735
WDI:SP.POP.4044.MA.5Y:AFW,2005-12-31,4.054770974300499
WDI:SP.POP.4044.MA.5Y:AFW,2006-12-31,4.067849151993917
WDI:SP.POP.4044.MA.5Y:AFW,2007-12-31,4.078124573864774
WDI:SP.POP.4044.MA.5Y:AFW,2008-12-31,4.093862173482233
WDI:SP.POP.4044.MA.5Y:AFW,2009-12-31,4.11584050966543
WDI:SP.POP.4044.MA.5Y:AFW,2010-12-31,4.1403374854739985
WDI:SP.POP.4044.MA.5Y:AFW,2011-12-31,4.166753530307623
WDI:SP.POP.4044.MA.5Y:AFW,2012-12-31,4.197160552584538
WDI:SP.POP.4044.MA.5Y:AFW,2013-12-31,4.233325517669888
WDI:SP.POP.4044.MA.5Y:AFW,2014-12-31,4.273492594521205
WDI:SP.POP.4044.MA.5Y:AFW,2015-12-31,4.319293147925065
WDI:SP.POP.4044.MA.5Y:AFW,2016-12-31,4.372442711609202
WDI:SP.POP.4044.MA.5Y:AFW,2017-12-31,4.430516222919303
WDI:SP.POP.4044.MA.5Y:AFW,2018-12-31,4.491734022706602
WDI:SP.POP.4044.MA.5Y:AFW,2019-12-31,4.551600593020822
WDI:SP.POP.4044.MA.5Y:AFW,2020-12-31,4.603032402026281
WDI:SP.POP.4044.MA.5Y:AFW,2021-12-31,4.643675529567448
WDI:SP.POP.4044.MA.5Y:AFW,2022-12-31,4.677871591437792
WDI:SP.POP.4044.MA.5Y:AFW,2023-12-31,4.708605681112628
WDI:SP.POP.4044.MA.5Y:AFW,2024-12-31,4.728854488715742
WDI:SP.POP.4044.MA.5Y:AGO,1960-12-31,4.79059106511308
WDI:SP.POP.4044.MA.5Y:AGO,1961-12-31,4.77308900552748
WDI:SP.POP.4044.MA.5Y:AGO,1962-12-31,4.73794512287216
WDI:SP.POP.4044.MA.5Y:AGO,1963-12-31,4.70455909472041
WDI:SP.POP.4044.MA.5Y:AGO,1964-12-31,4.6756045726199
WDI:SP.POP.4044.MA.5Y:AGO,1965-12-31,4.65169298035047
WDI:SP.POP.4044.MA.5Y:AGO,1966-12-31,4.63192045601553
WDI:SP.POP.4044.MA.5Y:AGO,1967-12-31,4.61506463386841
WDI:SP.POP.4044.MA.5Y:AGO,1968-12-31,4.59969084925779
WDI:SP.POP.4044.MA.5Y:AGO,1969-12-31,4.58515996094255
WDI:SP.POP.4044.MA.5Y:AGO,1970-12-31,4.61110047913832
WDI:SP.POP.4044.MA.5Y:AGO,1971-12-31,4.67551005356549
WDI:SP.POP.4044.MA.5Y:AGO,1972-12-31,4.73429842779073
WDI:SP.POP.4044.MA.5Y:AGO,1973-12-31,4.77577423948348
WDI:SP.POP.4044.MA.5Y:AGO,1974-12-31,4.79014216574751
WDI:SP.POP.4044.MA.5Y:AGO,1975-12-31,4.7763520082394
WDI:SP.POP.4044.MA.5Y:AGO,1976-12-31,4.74002587923852
WDI:SP.POP.4044.MA.5Y:AGO,1977-12-31,4.69028422916334
WDI:SP.POP.4044.MA.5Y:AGO,1978-12-31,4.63082212256316
WDI:SP.POP.4044.MA.5Y:AGO,1979-12-31,4.55743493590805
WDI:SP.POP.4044.MA.5Y:AGO,1980-12-31,4.47656458591824
WDI:SP.POP.4044.MA.5Y:AGO,1981-12-31,4.39831178664506
WDI:SP.POP.4044.MA.5Y:AGO,1982-12-31,4.32755023892133
WDI:SP.POP.4044.MA.5Y:AGO,1983-12-31,4.27369017970985
WDI:SP.POP.4044.MA.5Y:AGO,1984-12-31,4.24720381829753
WDI:SP.POP.4044.MA.5Y:AGO,1985-12-31,4.24817015764542
WDI:SP.POP.4044.MA.5Y:AGO,1986-12-31,4.26538462188047
WDI:SP.POP.4044.MA.5Y:AGO,1987-12-31,4.28428471909428
WDI:SP.POP.4044.MA.5Y:AGO,1988-12-31,4.28028447346676
WDI:SP.POP.4044.MA.5Y:AGO,1989-12-31,4.24016609001524
WDI:SP.POP.4044.MA.5Y:AGO,1990-12-31,4.18642225792161
WDI:SP.POP.4044.MA.5Y:AGO,1991-12-31,4.13706601382036
WDI:SP.POP.4044.MA.5Y:AGO,1992-12-31,4.10154327499869
WDI:SP.POP.4044.MA.5Y:AGO,1993-12-31,4.09764985236074
WDI:SP.POP.4044.MA.5Y:AGO,1994-12-31,4.13192714422541
WDI:SP.POP.4044.MA.5Y:AGO,1995-12-31,4.18966768780042
WDI:SP.POP.4044.MA.5Y:AGO,1996-12-31,4.25451296996122
WDI:SP.POP.4044.MA.5Y:AGO,1997-12-31,4.31922667672699
WDI:SP.POP.4044.MA.5Y:AGO,1998-12-31,4.37738306113401
WDI:SP.POP.4044.MA.5Y:AGO,1999-12-31,4.42397114367082
WDI:SP.POP.4044.MA.5Y:AGO,2000-12-31,4.45765364797083
WDI:SP.POP.4044.MA.5Y:AGO,2001-12-31,4.47855180725924
WDI:SP.POP.4044.MA.5Y:AGO,2002-12-31,4.48532372000742
WDI:SP.POP.4044.MA.5Y:AGO,2003-12-31,4.47733722006893
WDI:SP.POP.4044.MA.5Y:AGO,2004-12-31,4.45504750292102
WDI:SP.POP.4044.MA.5Y:AGO,2005-12-31,4.42071918101545
WDI:SP.POP.4044.MA.5Y:AGO,2006-12-31,4.37674170445501
WDI:SP.POP.4044.MA.5Y:AGO,2007-12-31,4.3289081075585
WDI:SP.POP.4044.MA.5Y:AGO,2008-12-31,4.28479689422994
WDI:SP.POP.4044.MA.5Y:AGO,2009-12-31,4.24767304725619
WDI:SP.POP.4044.MA.5Y:AGO,2010-12-31,4.21531371799937
WDI:SP.POP.4044.MA.5Y:AGO,2011-12-31,4.1838081634148
WDI:SP.POP.4044.MA.5Y:AGO,2012-12-31,4.15406207009888
WDI:SP.POP.4044.MA.5Y:AGO,2013-12-31,4.13045228098798
WDI:SP.POP.4044.MA.5Y:AGO,2014-12-31,4.1142773746383
WDI:SP.POP.4044.MA.5Y:AGO,2015-12-31,4.10832899353484
WDI:SP.POP.4044.MA.5Y:AGO,2016-12-31,4.1173017374663
WDI:SP.POP.4044.MA.5Y:AGO,2017-12-31,4.13759929301489
WDI:SP.POP.4044.MA.5Y:AGO,2018-12-31,4.16206153283098
WDI:SP.POP.4044.MA.5Y:AGO,2019-12-31,4.18855495204051
WDI:SP.POP.4044.MA.5Y:AGO,2020-12-31,4.21647667813296
WDI:SP.POP.4044.MA.5Y:AGO,2021-12-31,4.24564459466142
WDI:SP.POP.4044.MA.5Y:AGO,2022-12-31,4.27780655245495
WDI:SP.POP.4044.MA.5Y:AGO,2023-12-31,4.31313590760815
WDI:SP.POP.4044.MA.5Y:AGO,2024-12-31,4.34981708061727
WDI:SP.POP.4044.MA.5Y:ALB,1960-12-31,4.45044422590582
WDI:SP.POP.4044.MA.5Y:ALB,1961-12-31,4.37733724153803
WDI:SP.POP.4044.MA.5Y:ALB,1962-12-31,4.31444715387975
WDI:SP.POP.4044.MA.5Y:ALB,1963-12-31,4.27746572921167
WDI:SP.POP.4044.MA.5Y:ALB,1964-12-31,4.2747192461598
WDI:SP.POP.4044.MA.5Y:ALB,1965-12-31,4.30112190683925
WDI:SP.POP.4044.MA.5Y:ALB,1966-12-31,4.34283783152925
WDI:SP.POP.4044.MA.5Y:ALB,1967-12-31,4.39051298910782
WDI:SP.POP.4044.MA.5Y:ALB,1968-12-31,4.44629540729577
WDI:SP.POP.4044.MA.5Y:ALB,1969-12-31,4.51223555815361
WDI:SP.POP.4044.MA.5Y:ALB,1970-12-31,4.58859683713847
WDI:SP.POP.4044.MA.5Y:ALB,1971-12-31,4.6736806362445
WDI:SP.POP.4044.MA.5Y:ALB,1972-12-31,4.75645623840224
WDI:SP.POP.4044.MA.5Y:ALB,1973-12-31,4.82384965381478
WDI:SP.POP.4044.MA.5Y:ALB,1974-12-31,4.87520663842523
WDI:SP.POP.4044.MA.5Y:ALB,1975-12-31,4.92244066243451
WDI:SP.POP.4044.MA.5Y:ALB,1976-12-31,4.97427465124914
WDI:SP.POP.4044.MA.5Y:ALB,1977-12-31,5.03177593651499
WDI:SP.POP.4044.MA.5Y:ALB,1978-12-31,5.0883585003421
WDI:SP.POP.4044.MA.5Y:ALB,1979-12-31,5.13699209631271
WDI:SP.POP.4044.MA.5Y:ALB,1980-12-31,5.16876986458803
WDI:SP.POP.4044.MA.5Y:ALB,1981-12-31,5.17632642347562
WDI:SP.POP.4044.MA.5Y:ALB,1982-12-31,5.18107932966165
WDI:SP.POP.4044.MA.5Y:ALB,1983-12-31,5.17442078013967
WDI:SP.POP.4044.MA.5Y:ALB,1984-12-31,5.11348134193696
WDI:SP.POP.4044.MA.5Y:ALB,1985-12-31,4.98010033395594
WDI:SP.POP.4044.MA.5Y:ALB,1986-12-31,4.82592365517815
WDI:SP.POP.4044.MA.5Y:ALB,1987-12-31,4.6838102962531
WDI:SP.POP.4044.MA.5Y:ALB,1988-12-31,4.61173383799329
WDI:SP.POP.4044.MA.5Y:ALB,1989-12-31,4.70085717498211
WDI:SP.POP.4044.MA.5Y:ALB,1990-12-31,4.95527336989196
WDI:SP.POP.4044.MA.5Y:ALB,1991-12-31,5.22430918677664
WDI:SP.POP.4044.MA.5Y:ALB,1992-12-31,5.40195131549171
WDI:SP.POP.4044.MA.5Y:ALB,1993-12-31,5.54153406213842
WDI:SP.POP.4044.MA.5Y:ALB,1994-12-31,5.69911348831176
WDI:SP.POP.4044.MA.5Y:ALB,1995-12-31,5.89878979120798
WDI:SP.POP.4044.MA.5Y:ALB,1996-12-31,6.12560322083177
WDI:SP.POP.4044.MA.5Y:ALB,1997-12-31,6.36313262203497
WDI:SP.POP.4044.MA.5Y:ALB,1998-12-31,6.58884439729095
WDI:SP.POP.4044.MA.5Y:ALB,1999-12-31,6.78700196920461
WDI:SP.POP.4044.MA.5Y:ALB,2000-12-31,6.93787232500947
WDI:SP.POP.4044.MA.5Y:ALB,2001-12-31,7.05556480453716
WDI:SP.POP.4044.MA.5Y:ALB,2002-12-31,7.14741127255175
WDI:SP.POP.4044.MA.5Y:ALB,2003-12-31,7.17508929112924
WDI:SP.POP.4044.MA.5Y:ALB,2004-12-31,7.11722434868502
WDI:SP.POP.4044.MA.5Y:ALB,2005-12-31,6.9929254965528
WDI:SP.POP.4044.MA.5Y:ALB,2006-12-31,6.8381651576728
WDI:SP.POP.4044.MA.5Y:ALB,2007-12-31,6.68741089525396
WDI:SP.POP.4044.MA.5Y:ALB,2008-12-31,6.56627138565133
WDI:SP.POP.4044.MA.5Y:ALB,2009-12-31,6.47531149053992
WDI:SP.POP.4044.MA.5Y:ALB,2010-12-31,6.3918645294062
WDI:SP.POP.4044.MA.5Y:ALB,2011-12-31,6.28360111278176
WDI:SP.POP.4044.MA.5Y:ALB,2012-12-31,6.13795538753361
WDI:SP.POP.4044.MA.5Y:ALB,2013-12-31,5.96134705633771
WDI:SP.POP.4044.MA.5Y:ALB,2014-12-31,5.76563253048733
WDI:SP.POP.4044.MA.5Y:ALB,2015-12-31,5.57613133579592
WDI:SP.POP.4044.MA.5Y:ALB,2016-12-31,5.41786701317066
WDI:SP.POP.4044.MA.5Y:ALB,2017-12-31,5.29983087500226
WDI:SP.POP.4044.MA.5Y:ALB,2018-12-31,5.22064874969548
WDI:SP.POP.4044.MA.5Y:ALB,2019-12-31,5.17837874929368
WDI:SP.POP.4044.MA.5Y:ALB,2020-12-31,5.17948243517952
WDI:SP.POP.4044.MA.5Y:ALB,2021-12-31,5.22777035082001
WDI:SP.POP.4044.MA.5Y:ALB,2022-12-31,5.32755904272932
WDI:SP.POP.4044.MA.5Y:ALB,2023-12-31,5.48987504176844
WDI:SP.POP.4044.MA.5Y:ALB,2024-12-31,5.71987465412677
WDI:SP.POP.4044.MA.5Y:AND,1960-12-31,6.61062681610627
WDI:SP.POP.4044.MA.5Y:AND,1961-12-31,6.79306402439025
WDI:SP.POP.4044.MA.5Y:AND,1962-12-31,6.99288412545023
WDI:SP.POP.4044.MA.5Y:AND,1963-12-31,7.22068629045373
WDI:SP.POP.4044.MA.5Y:AND,1964-12-31,7.40237178034595
WDI:SP.POP.4044.MA.5Y:AND,1965-12-31,7.56882348799549
WDI:SP.POP.4044.MA.5Y:AND,1966-12-31,7.58526068208546
WDI:SP.POP.4044.MA.5Y:AND,1967-12-31,7.39829593183728
WDI:SP.POP.4044.MA.5Y:AND,1968-12-31,7.18098277664667
WDI:SP.POP.4044.MA.5Y:AND,1969-12-31,7.00917989552163
WDI:SP.POP.4044.MA.5Y:AND,1970-12-31,6.84571321250822
WDI:SP.POP.4044.MA.5Y:AND,1971-12-31,6.70854052167844
WDI:SP.POP.4044.MA.5Y:AND,1972-12-31,6.57782472677041
WDI:SP.POP.4044.MA.5Y:AND,1973-12-31,6.45418326693227
WDI:SP.POP.4044.MA.5Y:AND,1974-12-31,6.37193930132556
WDI:SP.POP.4044.MA.5Y:AND,1975-12-31,6.25625959805035
WDI:SP.POP.4044.MA.5Y:AND,1976-12-31,6.09188168659534
WDI:SP.POP.4044.MA.5Y:AND,1977-12-31,5.90283979282014
WDI:SP.POP.4044.MA.5Y:AND,1978-12-31,5.67818885842684
WDI:SP.POP.4044.MA.5Y:AND,1979-12-31,5.46630727762803
WDI:SP.POP.4044.MA.5Y:AND,1980-12-31,5.37365077725559
WDI:SP.POP.4044.MA.5Y:AND,1981-12-31,5.45011923688394
WDI:SP.POP.4044.MA.5Y:AND,1982-12-31,5.64379373761017
WDI:SP.POP.4044.MA.5Y:AND,1983-12-31,5.94093485394341
WDI:SP.POP.4044.MA.5Y:AND,1984-12-31,6.41414253158396
WDI:SP.POP.4044.MA.5Y:AND,1985-12-31,6.88834576794443
WDI:SP.POP.4044.MA.5Y:AND,1986-12-31,7.13341867283313
WDI:SP.POP.4044.MA.5Y:AND,1987-12-31,7.40409816535621
WDI:SP.POP.4044.MA.5Y:AND,1988-12-31,7.80023735691589
WDI:SP.POP.4044.MA.5Y:AND,1989-12-31,7.95767910405763
WDI:SP.POP.4044.MA.5Y:AND,1990-12-31,7.7843987974148
WDI:SP.POP.4044.MA.5Y:AND,1991-12-31,7.63465110108782
WDI:SP.POP.4044.MA.5Y:AND,1992-12-31,7.71235912964755
WDI:SP.POP.4044.MA.5Y:AND,1993-12-31,8.0321106362773
WDI:SP.POP.4044.MA.5Y:AND,1994-12-31,8.27864200584991
WDI:SP.POP.4044.MA.5Y:AND,1995-12-31,8.23832509105985
WDI:SP.POP.4044.MA.5Y:AND,1996-12-31,8.3106732640901
WDI:SP.POP.4044.MA.5Y:AND,1997-12-31,8.54033837409627
WDI:SP.POP.4044.MA.5Y:AND,1998-12-31,8.68258230212468
WDI:SP.POP.4044.MA.5Y:AND,1999-12-31,8.89380724259942
WDI:SP.POP.4044.MA.5Y:AND,2000-12-31,9.16527887340404
WDI:SP.POP.4044.MA.5Y:AND,2001-12-31,9.43856675239654
WDI:SP.POP.4044.MA.5Y:AND,2002-12-31,9.62227216704125
WDI:SP.POP.4044.MA.5Y:AND,2003-12-31,9.6237848931538
WDI:SP.POP.4044.MA.5Y:AND,2004-12-31,9.59716711684351
WDI:SP.POP.4044.MA.5Y:AND,2005-12-31,9.57423094070441
WDI:SP.POP.4044.MA.5Y:AND,2006-12-31,9.58181031165833
WDI:SP.POP.4044.MA.5Y:AND,2007-12-31,9.59826377139657
WDI:SP.POP.4044.MA.5Y:AND,2008-12-31,9.59953290287127
WDI:SP.POP.4044.MA.5Y:AND,2009-12-31,9.52691046600633
WDI:SP.POP.4044.MA.5Y:AND,2010-12-31,9.38652887099682
WDI:SP.POP.4044.MA.5Y:AND,2011-12-31,9.32034675671589
WDI:SP.POP.4044.MA.5Y:AND,2012-12-31,9.39279421903327
WDI:SP.POP.4044.MA.5Y:AND,2013-12-31,9.45071324904225
WDI:SP.POP.4044.MA.5Y:AND,2014-12-31,9.51056804053422
WDI:SP.POP.4044.MA.5Y:AND,2015-12-31,9.57416208960539
WDI:SP.POP.4044.MA.5Y:AND,2016-12-31,9.52811451270461
WDI:SP.POP.4044.MA.5Y:AND,2017-12-31,9.38406620586387
WDI:SP.POP.4044.MA.5Y:AND,2018-12-31,9.15242258461378
WDI:SP.POP.4044.MA.5Y:AND,2019-12-31,8.96323992342186
WDI:SP.POP.4044.MA.5Y:AND,2020-12-31,8.69725283095516
WDI:SP.POP.4044.MA.5Y:AND,2021-12-31,8.44528311318279
WDI:SP.POP.4044.MA.5Y:AND,2022-12-31,8.25264138455127
WDI:SP.POP.4044.MA.5Y:AND,2023-12-31,8.03428930695942
WDI:SP.POP.4044.MA.5Y:AND,2024-12-31,7.80259529408956
WDI:SP.POP.4044.MA.5Y:ARB,1960-12-31,4.50640220174595
WDI:SP.POP.4044.MA.5Y:ARB,1961-12-31,4.508426502613149
WDI:SP.POP.4044.MA.5Y:ARB,1962-12-31,4.512964788071366
WDI:SP.POP.4044.MA.5Y:ARB,1963-12-31,4.521916199659432
WDI:SP.POP.4044.MA.5Y:ARB,1964-12-31,4.531294108085338
WDI:SP.POP.4044.MA.5Y:ARB,1965-12-31,4.538376008085731
WDI:SP.POP.4044.MA.5Y:ARB,1966-12-31,4.543264413510185
WDI:SP.POP.4044.MA.5Y:ARB,1967-12-31,4.544309925545304
WDI:SP.POP.4044.MA.5Y:ARB,1968-12-31,4.541725601322612
WDI:SP.POP.4044.MA.5Y:ARB,1969-12-31,4.533882174045213
WDI:SP.POP.4044.MA.5Y:ARB,1970-12-31,4.518774852433765
WDI:SP.POP.4044.MA.5Y:ARB,1971-12-31,4.4985870128037915
WDI:SP.POP.4044.MA.5Y:ARB,1972-12-31,4.477099094267792
WDI:SP.POP.4044.MA.5Y:ARB,1973-12-31,4.449411828661123
WDI:SP.POP.4044.MA.5Y:ARB,1974-12-31,4.4128463574042645
WDI:SP.POP.4044.MA.5Y:ARB,1975-12-31,4.363878063080406
WDI:SP.POP.4044.MA.5Y:ARB,1976-12-31,4.3033414920018
WDI:SP.POP.4044.MA.5Y:ARB,1977-12-31,4.239574214060645
WDI:SP.POP.4044.MA.5Y:ARB,1978-12-31,4.174939669316965
WDI:SP.POP.4044.MA.5Y:ARB,1979-12-31,4.1089453224189585
WDI:SP.POP.4044.MA.5Y:ARB,1980-12-31,4.044769559409734
WDI:SP.POP.4044.MA.5Y:ARB,1981-12-31,3.982484138620206
WDI:SP.POP.4044.MA.5Y:ARB,1982-12-31,3.9249814786722492
WDI:SP.POP.4044.MA.5Y:ARB,1983-12-31,3.8853658857612086
WDI:SP.POP.4044.MA.5Y:ARB,1984-12-31,3.8720366210579695
WDI:SP.POP.4044.MA.5Y:ARB,1985-12-31,3.8907280198965855
WDI:SP.POP.4044.MA.5Y:ARB,1986-12-31,3.9433003870255825
WDI:SP.POP.4044.MA.5Y:ARB,1987-12-31,4.024010105176393
WDI:SP.POP.4044.MA.5Y:ARB,1988-12-31,4.122884866750232
WDI:SP.POP.4044.MA.5Y:ARB,1989-12-31,4.224910392328338
WDI:SP.POP.4044.MA.5Y:ARB,1990-12-31,4.306964594859348
WDI:SP.POP.4044.MA.5Y:ARB,1991-12-31,4.396945380760138
WDI:SP.POP.4044.MA.5Y:ARB,1992-12-31,4.497403367905472
WDI:SP.POP.4044.MA.5Y:ARB,1993-12-31,4.5907517902357124
WDI:SP.POP.4044.MA.5Y:ARB,1994-12-31,4.683428993201404
WDI:SP.POP.4044.MA.5Y:ARB,1995-12-31,4.777187528392368
WDI:SP.POP.4044.MA.5Y:ARB,1996-12-31,4.861119806079415
WDI:SP.POP.4044.MA.5Y:ARB,1997-12-31,4.92148067730423
WDI:SP.POP.4044.MA.5Y:ARB,1998-12-31,4.96538487572235
WDI:SP.POP.4044.MA.5Y:ARB,1999-12-31,5.007887296659851
WDI:SP.POP.4044.MA.5Y:ARB,2000-12-31,5.041523671158796
WDI:SP.POP.4044.MA.5Y:ARB,2001-12-31,5.06964732775843
WDI:SP.POP.4044.MA.5Y:ARB,2002-12-31,5.1140900348956535
WDI:SP.POP.4044.MA.5Y:ARB,2003-12-31,5.174500827027638
WDI:SP.POP.4044.MA.5Y:ARB,2004-12-31,5.2339799789442765
WDI:SP.POP.4044.MA.5Y:ARB,2005-12-31,5.291849641913075
WDI:SP.POP.4044.MA.5Y:ARB,2006-12-31,5.35751090866681
WDI:SP.POP.4044.MA.5Y:ARB,2007-12-31,5.4227064819218045
WDI:SP.POP.4044.MA.5Y:ARB,2008-12-31,5.479873633853054
WDI:SP.POP.4044.MA.5Y:ARB,2009-12-31,5.537180675066039
WDI:SP.POP.4044.MA.5Y:ARB,2010-12-31,5.584857270594537
WDI:SP.POP.4044.MA.5Y:ARB,2011-12-31,5.642209912622212
WDI:SP.POP.4044.MA.5Y:ARB,2012-12-31,5.707123490831307
WDI:SP.POP.4044.MA.5Y:ARB,2013-12-31,5.767480277989437
WDI:SP.POP.4044.MA.5Y:ARB,2014-12-31,5.824217813153011
WDI:SP.POP.4044.MA.5Y:ARB,2015-12-31,5.895266583439628
WDI:SP.POP.4044.MA.5Y:ARB,2016-12-31,5.963822099385741
WDI:SP.POP.4044.MA.5Y:ARB,2017-12-31,6.011742202859419
WDI:SP.POP.4044.MA.5Y:ARB,2018-12-31,6.04756383001128
WDI:SP.POP.4044.MA.5Y:ARB,2019-12-31,6.10048428176993
WDI:SP.POP.4044.MA.5Y:ARB,2020-12-31,6.172399656171651
WDI:SP.POP.4044.MA.5Y:ARB,2021-12-31,6.219015454915133
WDI:SP.POP.4044.MA.5Y:ARB,2022-12-31,6.32570088388571
WDI:SP.POP.4044.MA.5Y:ARB,2023-12-31,6.463301580854641
WDI:SP.POP.4044.MA.5Y:ARB,2024-12-31,6.559892065676461
WDI:SP.POP.4044.MA.5Y:ARE,1960-12-31,3.96561828482125
WDI:SP.POP.4044.MA.5Y:ARE,1961-12-31,4.16393140540603
WDI:SP.POP.4044.MA.5Y:ARE,1962-12-31,4.38831740367407
WDI:SP.POP.4044.MA.5Y:ARE,1963-12-31,4.63254100174454
WDI:SP.POP.4044.MA.5Y:ARE,1964-12-31,4.8930961159556
WDI:SP.POP.4044.MA.5Y:ARE,1965-12-31,5.17851264957186
WDI:SP.POP.4044.MA.5Y:ARE,1966-12-31,5.50000442834495
WDI:SP.POP.4044.MA.5Y:ARE,1967-12-31,5.87493664200497
WDI:SP.POP.4044.MA.5Y:ARE,1968-12-31,5.90304690380694
WDI:SP.POP.4044.MA.5Y:ARE,1969-12-31,5.58853284253379
WDI:SP.POP.4044.MA.5Y:ARE,1970-12-31,5.37414302888521
WDI:SP.POP.4044.MA.5Y:ARE,1971-12-31,5.31217552064427
WDI:SP.POP.4044.MA.5Y:ARE,1972-12-31,5.3728397579218
WDI:SP.POP.4044.MA.5Y:ARE,1973-12-31,5.54075890832678
WDI:SP.POP.4044.MA.5Y:ARE,1974-12-31,5.80857589522574
WDI:SP.POP.4044.MA.5Y:ARE,1975-12-31,6.17614502674287
WDI:SP.POP.4044.MA.5Y:ARE,1976-12-31,6.33925168695496
WDI:SP.POP.4044.MA.5Y:ARE,1977-12-31,6.33079785051219
WDI:SP.POP.4044.MA.5Y:ARE,1978-12-31,6.41215202163338
WDI:SP.POP.4044.MA.5Y:ARE,1979-12-31,6.56949556880041
WDI:SP.POP.4044.MA.5Y:ARE,1980-12-31,6.8039418144346
WDI:SP.POP.4044.MA.5Y:ARE,1981-12-31,7.01558247691962
WDI:SP.POP.4044.MA.5Y:ARE,1982-12-31,7.14516042676635
WDI:SP.POP.4044.MA.5Y:ARE,1983-12-31,7.23274098859599
WDI:SP.POP.4044.MA.5Y:ARE,1984-12-31,7.32795703113262
WDI:SP.POP.4044.MA.5Y:ARE,1985-12-31,7.50298697237923
WDI:SP.POP.4044.MA.5Y:ARE,1986-12-31,7.69928986864201
WDI:SP.POP.4044.MA.5Y:ARE,1987-12-31,7.91410911075557
WDI:SP.POP.4044.MA.5Y:ARE,1988-12-31,8.20205023956153
WDI:SP.POP.4044.MA.5Y:ARE,1989-12-31,8.50420205267906
WDI:SP.POP.4044.MA.5Y:ARE,1990-12-31,8.77910096311594
WDI:SP.POP.4044.MA.5Y:ARE,1991-12-31,9.00521883624584
WDI:SP.POP.4044.MA.5Y:ARE,1992-12-31,9.19846400756589
WDI:SP.POP.4044.MA.5Y:ARE,1993-12-31,9.40284055607267
WDI:SP.POP.4044.MA.5Y:ARE,1994-12-31,9.66399345550804
WDI:SP.POP.4044.MA.5Y:ARE,1995-12-31,10.010940657253
WDI:SP.POP.4044.MA.5Y:ARE,1996-12-31,10.1162128678922
WDI:SP.POP.4044.MA.5Y:ARE,1997-12-31,9.97030805394037
WDI:SP.POP.4044.MA.5Y:ARE,1998-12-31,9.83955726108996
WDI:SP.POP.4044.MA.5Y:ARE,1999-12-31,9.68902257322008
WDI:SP.POP.4044.MA.5Y:ARE,2000-12-31,9.52800919532406
WDI:SP.POP.4044.MA.5Y:ARE,2001-12-31,9.3698191444032
WDI:SP.POP.4044.MA.5Y:ARE,2002-12-31,9.22275037779915
WDI:SP.POP.4044.MA.5Y:ARE,2003-12-31,9.16331472150112
WDI:SP.POP.4044.MA.5Y:ARE,2004-12-31,9.25260246476159
WDI:SP.POP.4044.MA.5Y:ARE,2005-12-31,9.42663741351048
WDI:SP.POP.4044.MA.5Y:ARE,2006-12-31,9.60876767267912
WDI:SP.POP.4044.MA.5Y:ARE,2007-12-31,9.73052986793861
WDI:SP.POP.4044.MA.5Y:ARE,2008-12-31,9.79971900990956
WDI:SP.POP.4044.MA.5Y:ARE,2009-12-31,9.8459826933991
WDI:SP.POP.4044.MA.5Y:ARE,2010-12-31,9.86957288823974
WDI:SP.POP.4044.MA.5Y:ARE,2011-12-31,9.9040074595542
WDI:SP.POP.4044.MA.5Y:ARE,2012-12-31,9.94816066385633
WDI:SP.POP.4044.MA.5Y:ARE,2013-12-31,10.0149539596574
WDI:SP.POP.4044.MA.5Y:ARE,2014-12-31,10.0904036829044
WDI:SP.POP.4044.MA.5Y:ARE,2015-12-31,10.155357150618
WDI:SP.POP.4044.MA.5Y:ARE,2016-12-31,10.2239688583596
WDI:SP.POP.4044.MA.5Y:ARE,2017-12-31,10.2306937710649
WDI:SP.POP.4044.MA.5Y:ARE,2018-12-31,10.1682210190603
WDI:SP.POP.4044.MA.5Y:ARE,2019-12-31,10.1528011141056
WDI:SP.POP.4044.MA.5Y:ARE,2020-12-31,10.203873131689
WDI:SP.POP.4044.MA.5Y:ARE,2021-12-31,10.2193485951647
WDI:SP.POP.4044.MA.5Y:ARE,2022-12-31,10.1968944020858
WDI:SP.POP.4044.MA.5Y:ARE,2023-12-31,10.3788869539739
WDI:SP.POP.4044.MA.5Y:ARE,2024-12-31,10.3640435552896
WDI:SP.POP.4044.MA.5Y:ARG,1960-12-31,6.31479746251843
WDI:SP.POP.4044.MA.5Y:ARG,1961-12-31,6.32111044308821
WDI:SP.POP.4044.MA.5Y:ARG,1962-12-31,6.34528514795771
WDI:SP.POP.4044.MA.5Y:ARG,1963-12-31,6.38146960012257
WDI:SP.POP.4044.MA.5Y:ARG,1964-12-31,6.41394557464587
WDI:SP.POP.4044.MA.5Y:ARG,1965-12-31,6.43542967375508
WDI:SP.POP.4044.MA.5Y:ARG,1966-12-31,6.44956539573387
WDI:SP.POP.4044.MA.5Y:ARG,1967-12-31,6.45650116495067
WDI:SP.POP.4044.MA.5Y:ARG,1968-12-31,6.45208836779367
WDI:SP.POP.4044.MA.5Y:ARG,1969-12-31,6.43151796127711
WDI:SP.POP.4044.MA.5Y:ARG,1970-12-31,6.39350109152799
WDI:SP.POP.4044.MA.5Y:ARG,1971-12-31,6.33928437103083
WDI:SP.POP.4044.MA.5Y:ARG,1972-12-31,6.26884054626635
WDI:SP.POP.4044.MA.5Y:ARG,1973-12-31,6.18551274207227
WDI:SP.POP.4044.MA.5Y:ARG,1974-12-31,6.0973786579752
WDI:SP.POP.4044.MA.5Y:ARG,1975-12-31,6.01319439035979
WDI:SP.POP.4044.MA.5Y:ARG,1976-12-31,5.93182019440022
WDI:SP.POP.4044.MA.5Y:ARG,1977-12-31,5.84932953436012
WDI:SP.POP.4044.MA.5Y:ARG,1978-12-31,5.77204342476273
WDI:SP.POP.4044.MA.5Y:ARG,1979-12-31,5.71031256013605
WDI:SP.POP.4044.MA.5Y:ARG,1980-12-31,5.6692856066708
WDI:SP.POP.4044.MA.5Y:ARG,1981-12-31,5.64977292464297
WDI:SP.POP.4044.MA.5Y:ARG,1982-12-31,5.65397160618923
WDI:SP.POP.4044.MA.5Y:ARG,1983-12-31,5.68007142202051
WDI:SP.POP.4044.MA.5Y:ARG,1984-12-31,5.72132606372315
WDI:SP.POP.4044.MA.5Y:ARG,1985-12-31,5.77306370244753
WDI:SP.POP.4044.MA.5Y:ARG,1986-12-31,5.83338566040472
WDI:SP.POP.4044.MA.5Y:ARG,1987-12-31,5.90105717803162
WDI:SP.POP.4044.MA.5Y:ARG,1988-12-31,5.96963048185508
WDI:SP.POP.4044.MA.5Y:ARG,1989-12-31,6.02514885576339
WDI:SP.POP.4044.MA.5Y:ARG,1990-12-31,6.06751442594604
WDI:SP.POP.4044.MA.5Y:ARG,1991-12-31,6.10114897747731
WDI:SP.POP.4044.MA.5Y:ARG,1992-12-31,6.12118478518549
WDI:SP.POP.4044.MA.5Y:ARG,1993-12-31,6.12952151321251
WDI:SP.POP.4044.MA.5Y:ARG,1994-12-31,6.1335177154991
WDI:SP.POP.4044.MA.5Y:ARG,1995-12-31,6.13357711485175
WDI:SP.POP.4044.MA.5Y:ARG,1996-12-31,6.12760543809399
WDI:SP.POP.4044.MA.5Y:ARG,1997-12-31,6.11473673439865
WDI:SP.POP.4044.MA.5Y:ARG,1998-12-31,6.08961570475699
WDI:SP.POP.4044.MA.5Y:ARG,1999-12-31,6.06526196843107
WDI:SP.POP.4044.MA.5Y:ARG,2000-12-31,6.04893834005745
WDI:SP.POP.4044.MA.5Y:ARG,2001-12-31,6.0290529943395
WDI:SP.POP.4044.MA.5Y:ARG,2002-12-31,6.01175348835175
WDI:SP.POP.4044.MA.5Y:ARG,2003-12-31,6.00570936423732
WDI:SP.POP.4044.MA.5Y:ARG,2004-12-31,5.99181212105459
WDI:SP.POP.4044.MA.5Y:ARG,2005-12-31,5.95289725436005
WDI:SP.POP.4044.MA.5Y:ARG,2006-12-31,5.89902111588456
WDI:SP.POP.4044.MA.5Y:ARG,2007-12-31,5.84573632519041
WDI:SP.POP.4044.MA.5Y:ARG,2008-12-31,5.80292635827179
WDI:SP.POP.4044.MA.5Y:ARG,2009-12-31,5.78166520058336
WDI:SP.POP.4044.MA.5Y:ARG,2010-12-31,5.79495370676101
WDI:SP.POP.4044.MA.5Y:ARG,2011-12-31,5.84749886703196
WDI:SP.POP.4044.MA.5Y:ARG,2012-12-31,5.92936177554447
WDI:SP.POP.4044.MA.5Y:ARG,2013-12-31,6.02821030382625
WDI:SP.POP.4044.MA.5Y:ARG,2014-12-31,6.14275024323302
WDI:SP.POP.4044.MA.5Y:ARG,2015-12-31,6.27371945252098
WDI:SP.POP.4044.MA.5Y:ARG,2016-12-31,6.41753150711437
WDI:SP.POP.4044.MA.5Y:ARG,2017-12-31,6.57036827466196
WDI:SP.POP.4044.MA.5Y:ARG,2018-12-31,6.72013238804124
WDI:SP.POP.4044.MA.5Y:ARG,2019-12-31,6.84876332126105
WDI:SP.POP.4044.MA.5Y:ARG,2020-12-31,6.95390208459075
WDI:SP.POP.4044.MA.5Y:ARG,2021-12-31,7.0299578056256
WDI:SP.POP.4044.MA.5Y:ARG,2022-12-31,7.06649746623283
WDI:SP.POP.4044.MA.5Y:ARG,2023-12-31,7.06780367088361
WDI:SP.POP.4044.MA.5Y:ARG,2024-12-31,7.0532484374113
WDI:SP.POP.4044.MA.5Y:ARM,1960-12-31,2.66405195821329
WDI:SP.POP.4044.MA.5Y:ARM,1961-12-31,2.68201441920283
WDI:SP.POP.4044.MA.5Y:ARM,1962-12-31,2.81664491299391
WDI:SP.POP.4044.MA.5Y:ARM,1963-12-31,3.08553151886499
WDI:SP.POP.4044.MA.5Y:ARM,1964-12-31,3.51159574051202
WDI:SP.POP.4044.MA.5Y:ARM,1965-12-31,4.04648669555617
WDI:SP.POP.4044.MA.5Y:ARM,1966-12-31,4.71249459576308
WDI:SP.POP.4044.MA.5Y:ARM,1967-12-31,5.54426819999193
WDI:SP.POP.4044.MA.5Y:ARM,1968-12-31,6.38386355314641
WDI:SP.POP.4044.MA.5Y:ARM,1969-12-31,7.01068344056162
WDI:SP.POP.4044.MA.5Y:ARM,1970-12-31,7.39061591839584
WDI:SP.POP.4044.MA.5Y:ARM,1971-12-31,7.52002430256696
WDI:SP.POP.4044.MA.5Y:ARM,1972-12-31,7.33900206222256
WDI:SP.POP.4044.MA.5Y:ARM,1973-12-31,6.98903566921589
WDI:SP.POP.4044.MA.5Y:ARM,1974-12-31,6.73311873791947
WDI:SP.POP.4044.MA.5Y:ARM,1975-12-31,6.6287845501991
WDI:SP.POP.4044.MA.5Y:ARM,1976-12-31,6.57495278715738
WDI:SP.POP.4044.MA.5Y:ARM,1977-12-31,6.56135870869334
WDI:SP.POP.4044.MA.5Y:ARM,1978-12-31,6.55383204706961
WDI:SP.POP.4044.MA.5Y:ARM,1979-12-31,6.60527147147741
WDI:SP.POP.4044.MA.5Y:ARM,1980-12-31,6.60978768176545
WDI:SP.POP.4044.MA.5Y:ARM,1981-12-31,6.33210969206736
WDI:SP.POP.4044.MA.5Y:ARM,1982-12-31,5.75058214490815
WDI:SP.POP.4044.MA.5Y:ARM,1983-12-31,4.94150713196905
WDI:SP.POP.4044.MA.5Y:ARM,1984-12-31,4.1099188412136
WDI:SP.POP.4044.MA.5Y:ARM,1985-12-31,3.48120953901686
WDI:SP.POP.4044.MA.5Y:ARM,1986-12-31,3.19896231659451
WDI:SP.POP.4044.MA.5Y:ARM,1987-12-31,3.29236734476746
WDI:SP.POP.4044.MA.5Y:ARM,1988-12-31,3.65668976734871
WDI:SP.POP.4044.MA.5Y:ARM,1989-12-31,4.17391574121838
WDI:SP.POP.4044.MA.5Y:ARM,1990-12-31,4.6790233817243
WDI:SP.POP.4044.MA.5Y:ARM,1991-12-31,5.08642532040025
WDI:SP.POP.4044.MA.5Y:ARM,1992-12-31,5.3893419415783
WDI:SP.POP.4044.MA.5Y:ARM,1993-12-31,5.67046405315937
WDI:SP.POP.4044.MA.5Y:ARM,1994-12-31,5.99238091678192
WDI:SP.POP.4044.MA.5Y:ARM,1995-12-31,6.32061147120436
WDI:SP.POP.4044.MA.5Y:ARM,1996-12-31,6.62306692065198
WDI:SP.POP.4044.MA.5Y:ARM,1997-12-31,6.94479984078244
WDI:SP.POP.4044.MA.5Y:ARM,1998-12-31,7.30907660298151
WDI:SP.POP.4044.MA.5Y:ARM,1999-12-31,7.67264018222014
WDI:SP.POP.4044.MA.5Y:ARM,2000-12-31,8.00196982094684
WDI:SP.POP.4044.MA.5Y:ARM,2001-12-31,8.27058234244107
WDI:SP.POP.4044.MA.5Y:ARM,2002-12-31,8.3689507109973
WDI:SP.POP.4044.MA.5Y:ARM,2003-12-31,8.24440367726712
WDI:SP.POP.4044.MA.5Y:ARM,2004-12-31,7.94494138650399
WDI:SP.POP.4044.MA.5Y:ARM,2005-12-31,7.49969068671136
WDI:SP.POP.4044.MA.5Y:ARM,2006-12-31,6.97813528674076
WDI:SP.POP.4044.MA.5Y:ARM,2007-12-31,6.46542979531413
WDI:SP.POP.4044.MA.5Y:ARM,2008-12-31,6.04624410949613
WDI:SP.POP.4044.MA.5Y:ARM,2009-12-31,5.74816419221695
WDI:SP.POP.4044.MA.5Y:ARM,2010-12-31,5.55801312229211
WDI:SP.POP.4044.MA.5Y:ARM,2011-12-31,5.43313118083562
WDI:SP.POP.4044.MA.5Y:ARM,2012-12-31,5.36301966518822
WDI:SP.POP.4044.MA.5Y:ARM,2013-12-31,5.34572033232298
WDI:SP.POP.4044.MA.5Y:ARM,2014-12-31,5.35386569036738
WDI:SP.POP.4044.MA.5Y:ARM,2015-12-31,5.40111858388114
WDI:SP.POP.4044.MA.5Y:ARM,2016-12-31,5.49993729688937
WDI:SP.POP.4044.MA.5Y:ARM,2017-12-31,5.63003110271642
WDI:SP.POP.4044.MA.5Y:ARM,2018-12-31,5.82544567549168
WDI:SP.POP.4044.MA.5Y:ARM,2019-12-31,6.11150217062888
WDI:SP.POP.4044.MA.5Y:ARM,2020-12-31,6.44415927448773
WDI:SP.POP.4044.MA.5Y:ARM,2021-12-31,6.79073757207324
WDI:SP.POP.4044.MA.5Y:ARM,2022-12-31,7.06606523986479
WDI:SP.POP.4044.MA.5Y:ARM,2023-12-31,7.25461101105705
WDI:SP.POP.4044.MA.5Y:ARM,2024-12-31,7.43744821752406
WDI:SP.POP.4044.MA.5Y:ASM,1960-12-31,4.26939552594003
WDI:SP.POP.4044.MA.5Y:ASM,1961-12-31,4.33894844308321
WDI:SP.POP.4044.MA.5Y:ASM,1962-12-31,4.37821264315989
WDI:SP.POP.4044.MA.5Y:ASM,1963-12-31,4.36857080323922
WDI:SP.POP.4044.MA.5Y:ASM,1964-12-31,4.31016179030957
WDI:SP.POP.4044.MA.5Y:ASM,1965-12-31,4.24437034292536
WDI:SP.POP.4044.MA.5Y:ASM,1966-12-31,4.17099480623252
WDI:SP.POP.4044.MA.5Y:ASM,1967-12-31,4.12947294884732
WDI:SP.POP.4044.MA.5Y:ASM,1968-12-31,4.11955374641942
WDI:SP.POP.4044.MA.5Y:ASM,1969-12-31,4.13111151803699
WDI:SP.POP.4044.MA.5Y:ASM,1970-12-31,4.19675412883392
WDI:SP.POP.4044.MA.5Y:ASM,1971-12-31,4.28375960425218
WDI:SP.POP.4044.MA.5Y:ASM,1972-12-31,4.38502673796791
WDI:SP.POP.4044.MA.5Y:ASM,1973-12-31,4.51689590762438
WDI:SP.POP.4044.MA.5Y:ASM,1974-12-31,4.63848572001873
WDI:SP.POP.4044.MA.5Y:ASM,1975-12-31,4.65956887486856
WDI:SP.POP.4044.MA.5Y:ASM,1976-12-31,4.642166344294
WDI:SP.POP.4044.MA.5Y:ASM,1977-12-31,4.66852226720648
WDI:SP.POP.4044.MA.5Y:ASM,1978-12-31,4.73381964923172
WDI:SP.POP.4044.MA.5Y:ASM,1979-12-31,4.80927677754043
WDI:SP.POP.4044.MA.5Y:ASM,1980-12-31,4.81522289389833
WDI:SP.POP.4044.MA.5Y:ASM,1981-12-31,4.7568437078103
WDI:SP.POP.4044.MA.5Y:ASM,1982-12-31,4.70757245075559
WDI:SP.POP.4044.MA.5Y:ASM,1983-12-31,4.66531979371577
WDI:SP.POP.4044.MA.5Y:ASM,1984-12-31,4.64491362763915
WDI:SP.POP.4044.MA.5Y:ASM,1985-12-31,4.67695037208615
WDI:SP.POP.4044.MA.5Y:ASM,1986-12-31,4.71906378332186
WDI:SP.POP.4044.MA.5Y:ASM,1987-12-31,4.75896309515638
WDI:SP.POP.4044.MA.5Y:ASM,1988-12-31,4.82903154643724
WDI:SP.POP.4044.MA.5Y:ASM,1989-12-31,4.89818499053131
WDI:SP.POP.4044.MA.5Y:ASM,1990-12-31,4.9208051476654
WDI:SP.POP.4044.MA.5Y:ASM,1991-12-31,4.92716883953002
WDI:SP.POP.4044.MA.5Y:ASM,1992-12-31,4.95483972529959
WDI:SP.POP.4044.MA.5Y:ASM,1993-12-31,4.98805487053021
WDI:SP.POP.4044.MA.5Y:ASM,1994-12-31,5.0444599671506
WDI:SP.POP.4044.MA.5Y:ASM,1995-12-31,5.14572454912417
WDI:SP.POP.4044.MA.5Y:ASM,1996-12-31,5.27109802424705
WDI:SP.POP.4044.MA.5Y:ASM,1997-12-31,5.39304975177685
WDI:SP.POP.4044.MA.5Y:ASM,1998-12-31,5.49925353473259
WDI:SP.POP.4044.MA.5Y:ASM,1999-12-31,5.60226997473961
WDI:SP.POP.4044.MA.5Y:ASM,2000-12-31,5.72726493528756
WDI:SP.POP.4044.MA.5Y:ASM,2001-12-31,5.85930817394874
WDI:SP.POP.4044.MA.5Y:ASM,2002-12-31,5.97876348689844
WDI:SP.POP.4044.MA.5Y:ASM,2003-12-31,6.10384258782322
WDI:SP.POP.4044.MA.5Y:ASM,2004-12-31,6.23061548004687
WDI:SP.POP.4044.MA.5Y:ASM,2005-12-31,6.32917964693666
WDI:SP.POP.4044.MA.5Y:ASM,2006-12-31,6.39633997842953
WDI:SP.POP.4044.MA.5Y:ASM,2007-12-31,6.43920183277662
WDI:SP.POP.4044.MA.5Y:ASM,2008-12-31,6.44815088497132
WDI:SP.POP.4044.MA.5Y:ASM,2009-12-31,6.42910275937799
WDI:SP.POP.4044.MA.5Y:ASM,2010-12-31,6.41350060588781
WDI:SP.POP.4044.MA.5Y:ASM,2011-12-31,6.43310503101804
WDI:SP.POP.4044.MA.5Y:ASM,2012-12-31,6.4676347348649
WDI:SP.POP.4044.MA.5Y:ASM,2013-12-31,6.47218527359196
WDI:SP.POP.4044.MA.5Y:ASM,2014-12-31,6.44626882155874
WDI:SP.POP.4044.MA.5Y:ASM,2015-12-31,6.42579252061577
WDI:SP.POP.4044.MA.5Y:ASM,2016-12-31,6.42079077305793
WDI:SP.POP.4044.MA.5Y:ASM,2017-12-31,6.41902215431627
WDI:SP.POP.4044.MA.5Y:ASM,2018-12-31,6.43342825594235
WDI:SP.POP.4044.MA.5Y:ASM,2019-12-31,6.47286745471353
WDI:SP.POP.4044.MA.5Y:ASM,2020-12-31,6.45808502185141
WDI:SP.POP.4044.MA.5Y:ASM,2021-12-31,6.38661202185792
WDI:SP.POP.4044.MA.5Y:ASM,2022-12-31,6.32841441699585
WDI:SP.POP.4044.MA.5Y:ASM,2023-12-31,6.23502697748058
WDI:SP.POP.4044.MA.5Y:ASM,2024-12-31,6.09905940174562
WDI:SP.POP.4044.MA.5Y:ATG,1960-12-31,5.08726677084706
WDI:SP.POP.4044.MA.5Y:ATG,1961-12-31,4.92085213403358
WDI:SP.POP.4044.MA.5Y:ATG,1962-12-31,4.61883244661468
WDI:SP.POP.4044.MA.5Y:ATG,1963-12-31,4.24993266900081
WDI:SP.POP.4044.MA.5Y:ATG,1964-12-31,3.99058540383662
WDI:SP.POP.4044.MA.5Y:ATG,1965-12-31,3.89864228124673
WDI:SP.POP.4044.MA.5Y:ATG,1966-12-31,3.88026798477516
WDI:SP.POP.4044.MA.5Y:ATG,1967-12-31,3.87459834407249
WDI:SP.POP.4044.MA.5Y:ATG,1968-12-31,3.84576663646431
WDI:SP.POP.4044.MA.5Y:ATG,1969-12-31,3.7801426656295
WDI:SP.POP.4044.MA.5Y:ATG,1970-12-31,3.70770869173425
WDI:SP.POP.4044.MA.5Y:ATG,1971-12-31,3.68337661913396
WDI:SP.POP.4044.MA.5Y:ATG,1972-12-31,3.70679633904743
WDI:SP.POP.4044.MA.5Y:ATG,1973-12-31,3.72393819217035
WDI:SP.POP.4044.MA.5Y:ATG,1974-12-31,3.69359534206696
WDI:SP.POP.4044.MA.5Y:ATG,1975-12-31,3.59948839758816
WDI:SP.POP.4044.MA.5Y:ATG,1976-12-31,3.43616879659212
WDI:SP.POP.4044.MA.5Y:ATG,1977-12-31,3.21551423301261
WDI:SP.POP.4044.MA.5Y:ATG,1978-12-31,2.97545046165067
WDI:SP.POP.4044.MA.5Y:ATG,1979-12-31,2.76190161551422
WDI:SP.POP.4044.MA.5Y:ATG,1980-12-31,2.60845237311566
WDI:SP.POP.4044.MA.5Y:ATG,1981-12-31,2.52730109204368
WDI:SP.POP.4044.MA.5Y:ATG,1982-12-31,2.52012658020299
WDI:SP.POP.4044.MA.5Y:ATG,1983-12-31,2.57874498895525
WDI:SP.POP.4044.MA.5Y:ATG,1984-12-31,2.77487424054354
WDI:SP.POP.4044.MA.5Y:ATG,1985-12-31,3.10551910963152
WDI:SP.POP.4044.MA.5Y:ATG,1986-12-31,3.47488457836436
WDI:SP.POP.4044.MA.5Y:ATG,1987-12-31,3.84671854353252
WDI:SP.POP.4044.MA.5Y:ATG,1988-12-31,4.21450939457203
WDI:SP.POP.4044.MA.5Y:ATG,1989-12-31,4.57256461232604
WDI:SP.POP.4044.MA.5Y:ATG,1990-12-31,4.91691215963282
WDI:SP.POP.4044.MA.5Y:ATG,1991-12-31,5.17333247218769
WDI:SP.POP.4044.MA.5Y:ATG,1992-12-31,5.3721311736506
WDI:SP.POP.4044.MA.5Y:ATG,1993-12-31,5.57441992076967
WDI:SP.POP.4044.MA.5Y:ATG,1994-12-31,5.75468188019348
WDI:SP.POP.4044.MA.5Y:ATG,1995-12-31,5.92583542061213
WDI:SP.POP.4044.MA.5Y:ATG,1996-12-31,6.03030940854557
WDI:SP.POP.4044.MA.5Y:ATG,1997-12-31,6.15910402272492
WDI:SP.POP.4044.MA.5Y:ATG,1998-12-31,6.44216477719815
WDI:SP.POP.4044.MA.5Y:ATG,1999-12-31,6.74924202146768
WDI:SP.POP.4044.MA.5Y:ATG,2000-12-31,6.9448968320281
WDI:SP.POP.4044.MA.5Y:ATG,2001-12-31,7.07782959591164
WDI:SP.POP.4044.MA.5Y:ATG,2002-12-31,7.17349035398596
WDI:SP.POP.4044.MA.5Y:ATG,2003-12-31,7.22804530647294
WDI:SP.POP.4044.MA.5Y:ATG,2004-12-31,7.35480393477968
WDI:SP.POP.4044.MA.5Y:ATG,2005-12-31,7.57606018241129
WDI:SP.POP.4044.MA.5Y:ATG,2006-12-31,7.76983522115056
WDI:SP.POP.4044.MA.5Y:ATG,2007-12-31,7.90741652203197
WDI:SP.POP.4044.MA.5Y:ATG,2008-12-31,7.96393593144256
WDI:SP.POP.4044.MA.5Y:ATG,2009-12-31,7.88799919676699
WDI:SP.POP.4044.MA.5Y:ATG,2010-12-31,7.76892430278884
WDI:SP.POP.4044.MA.5Y:ATG,2011-12-31,7.70969791768501
WDI:SP.POP.4044.MA.5Y:ATG,2012-12-31,7.64397399647164
WDI:SP.POP.4044.MA.5Y:ATG,2013-12-31,7.52567202048974
WDI:SP.POP.4044.MA.5Y:ATG,2014-12-31,7.39127338334441
WDI:SP.POP.4044.MA.5Y:ATG,2015-12-31,7.23794265249865
WDI:SP.POP.4044.MA.5Y:ATG,2016-12-31,7.09027281984059
WDI:SP.POP.4044.MA.5Y:ATG,2017-12-31,6.98169631948242
WDI:SP.POP.4044.MA.5Y:ATG,2018-12-31,6.91435185185185
WDI:SP.POP.4044.MA.5Y:ATG,2019-12-31,6.9063190862196
WDI:SP.POP.4044.MA.5Y:ATG,2020-12-31,6.94108891051698
WDI:SP.POP.4044.MA.5Y:ATG,2021-12-31,6.94110816379968
WDI:SP.POP.4044.MA.5Y:ATG,2022-12-31,6.93343898573693
WDI:SP.POP.4044.MA.5Y:ATG,2023-12-31,6.99873896595208
WDI:SP.POP.4044.MA.5Y:ATG,2024-12-31,7.09676696614612
WDI:SP.POP.4044.MA.5Y:AUS,1960-12-31,6.43972078732638
WDI:SP.POP.4044.MA.5Y:AUS,1961-12-31,6.48421853923047
WDI:SP.POP.4044.MA.5Y:AUS,1962-12-31,6.59860346947978
WDI:SP.POP.4044.MA.5Y:AUS,1963-12-31,6.72879274666294
WDI:SP.POP.4044.MA.5Y:AUS,1964-12-31,6.82765416346805
WDI:SP.POP.4044.MA.5Y:AUS,1965-12-31,6.85289003789374
WDI:SP.POP.4044.MA.5Y:AUS,1966-12-31,6.80511999714969
WDI:SP.POP.4044.MA.5Y:AUS,1967-12-31,6.73551206392378
WDI:SP.POP.4044.MA.5Y:AUS,1968-12-31,6.67803174618382
WDI:SP.POP.4044.MA.5Y:AUS,1969-12-31,6.60358680506998
WDI:SP.POP.4044.MA.5Y:AUS,1970-12-31,6.48220000351904
WDI:SP.POP.4044.MA.5Y:AUS,1971-12-31,6.33189604113592
WDI:SP.POP.4044.MA.5Y:AUS,1972-12-31,6.15873169249068
WDI:SP.POP.4044.MA.5Y:AUS,1973-12-31,5.95708791981934
WDI:SP.POP.4044.MA.5Y:AUS,1974-12-31,5.75806899917922
WDI:SP.POP.4044.MA.5Y:AUS,1975-12-31,5.59883979383199
WDI:SP.POP.4044.MA.5Y:AUS,1976-12-31,5.51563990400357
WDI:SP.POP.4044.MA.5Y:AUS,1977-12-31,5.50827603682839
WDI:SP.POP.4044.MA.5Y:AUS,1978-12-31,5.53587188961222
WDI:SP.POP.4044.MA.5Y:AUS,1979-12-31,5.58571036672361
WDI:SP.POP.4044.MA.5Y:AUS,1980-12-31,5.65712028624316
WDI:SP.POP.4044.MA.5Y:AUS,1981-12-31,5.74879330296629
WDI:SP.POP.4044.MA.5Y:AUS,1982-12-31,5.85421698031933
WDI:SP.POP.4044.MA.5Y:AUS,1983-12-31,5.97431125920297
WDI:SP.POP.4044.MA.5Y:AUS,1984-12-31,6.12774392760764
WDI:SP.POP.4044.MA.5Y:AUS,1985-12-31,6.31067565314954
WDI:SP.POP.4044.MA.5Y:AUS,1986-12-31,6.56810055935518
WDI:SP.POP.4044.MA.5Y:AUS,1987-12-31,6.90995427721493
WDI:SP.POP.4044.MA.5Y:AUS,1988-12-31,7.20406646907661
WDI:SP.POP.4044.MA.5Y:AUS,1989-12-31,7.39177901968414
WDI:SP.POP.4044.MA.5Y:AUS,1990-12-31,7.51804259751595
WDI:SP.POP.4044.MA.5Y:AUS,1991-12-31,7.56076070556774
WDI:SP.POP.4044.MA.5Y:AUS,1992-12-31,7.50603262486529
WDI:SP.POP.4044.MA.5Y:AUS,1993-12-31,7.44109058491143
WDI:SP.POP.4044.MA.5Y:AUS,1994-12-31,7.41640490677599
WDI:SP.POP.4044.MA.5Y:AUS,1995-12-31,7.41507186949297
WDI:SP.POP.4044.MA.5Y:AUS,1996-12-31,7.43605937864515
WDI:SP.POP.4044.MA.5Y:AUS,1997-12-31,7.46674704270185
WDI:SP.POP.4044.MA.5Y:AUS,1998-12-31,7.49370141858342
WDI:SP.POP.4044.MA.5Y:AUS,1999-12-31,7.53313331428035
WDI:SP.POP.4044.MA.5Y:AUS,2000-12-31,7.58844951050711
WDI:SP.POP.4044.MA.5Y:AUS,2001-12-31,7.64820207934717
WDI:SP.POP.4044.MA.5Y:AUS,2002-12-31,7.69949817790082
WDI:SP.POP.4044.MA.5Y:AUS,2003-12-31,7.71280381713937
WDI:SP.POP.4044.MA.5Y:AUS,2004-12-31,7.66767461936523
WDI:SP.POP.4044.MA.5Y:AUS,2005-12-31,7.5635519234367
WDI:SP.POP.4044.MA.5Y:AUS,2006-12-31,7.4066954007777
WDI:SP.POP.4044.MA.5Y:AUS,2007-12-31,7.22289903298113
WDI:SP.POP.4044.MA.5Y:AUS,2008-12-31,7.06226567829301
WDI:SP.POP.4044.MA.5Y:AUS,2009-12-31,6.97177328235169
WDI:SP.POP.4044.MA.5Y:AUS,2010-12-31,6.97988411039857
WDI:SP.POP.4044.MA.5Y:AUS,2011-12-31,7.05853953811523
WDI:SP.POP.4044.MA.5Y:AUS,2012-12-31,7.11826519184426
WDI:SP.POP.4044.MA.5Y:AUS,2013-12-31,7.10638196813353
WDI:SP.POP.4044.MA.5Y:AUS,2014-12-31,7.03164196035644
WDI:SP.POP.4044.MA.5Y:AUS,2015-12-31,6.90057875189784
WDI:SP.POP.4044.MA.5Y:AUS,2016-12-31,6.7225223174067
WDI:SP.POP.4044.MA.5Y:AUS,2017-12-31,6.54236776663129
WDI:SP.POP.4044.MA.5Y:AUS,2018-12-31,6.40055105428681
WDI:SP.POP.4044.MA.5Y:AUS,2019-12-31,6.31792263634899
WDI:SP.POP.4044.MA.5Y:AUS,2020-12-31,6.31957919339921
WDI:SP.POP.4044.MA.5Y:AUS,2021-12-31,6.40071665037769
WDI:SP.POP.4044.MA.5Y:AUS,2022-12-31,6.54609719347487
WDI:SP.POP.4044.MA.5Y:AUS,2023-12-31,6.72100086747934
WDI:SP.POP.4044.MA.5Y:AUS,2024-12-31,6.86703471085279
WDI:SP.POP.4044.MA.5Y:AUT,1960-12-31,4.19550562379656
WDI:SP.POP.4044.MA.5Y:AUT,1961-12-31,4.58121542110088
WDI:SP.POP.4044.MA.5Y:AUT,1962-12-31,5.1100082389661
WDI:SP.POP.4044.MA.5Y:AUT,1963-12-31,5.63085532321511
WDI:SP.POP.4044.MA.5Y:AUT,1964-12-31,5.9849590837145
WDI:SP.POP.4044.MA.5Y:AUT,1965-12-31,6.11721826966724
WDI:SP.POP.4044.MA.5Y:AUT,1966-12-31,6.13413877114525
WDI:SP.POP.4044.MA.5Y:AUT,1967-12-31,6.15219698133733
WDI:SP.POP.4044.MA.5Y:AUT,1968-12-31,6.23970615222278
WDI:SP.POP.4044.MA.5Y:AUT,1969-12-31,6.35902131870931
WDI:SP.POP.4044.MA.5Y:AUT,1970-12-31,6.45813356424815
WDI:SP.POP.4044.MA.5Y:AUT,1971-12-31,6.51059564921764
WDI:SP.POP.4044.MA.5Y:AUT,1972-12-31,6.49024290829715
WDI:SP.POP.4044.MA.5Y:AUT,1973-12-31,6.38430469746195
WDI:SP.POP.4044.MA.5Y:AUT,1974-12-31,6.20678534140972
WDI:SP.POP.4044.MA.5Y:AUT,1975-12-31,5.98761527844675
WDI:SP.POP.4044.MA.5Y:AUT,1976-12-31,5.78770344830772
WDI:SP.POP.4044.MA.5Y:AUT,1977-12-31,5.65335621298498
WDI:SP.POP.4044.MA.5Y:AUT,1978-12-31,5.61902920932738
WDI:SP.POP.4044.MA.5Y:AUT,1979-12-31,5.94404255918824
WDI:SP.POP.4044.MA.5Y:AUT,1980-12-31,6.59306970941561
WDI:SP.POP.4044.MA.5Y:AUT,1981-12-31,7.20183196656516
WDI:SP.POP.4044.MA.5Y:AUT,1982-12-31,7.60564118644439
WDI:SP.POP.4044.MA.5Y:AUT,1983-12-31,7.83575200273418
WDI:SP.POP.4044.MA.5Y:AUT,1984-12-31,7.7656283053501
WDI:SP.POP.4044.MA.5Y:AUT,1985-12-31,7.24615242167523
WDI:SP.POP.4044.MA.5Y:AUT,1986-12-31,6.70819013697381
WDI:SP.POP.4044.MA.5Y:AUT,1987-12-31,6.59676564473125
WDI:SP.POP.4044.MA.5Y:AUT,1988-12-31,6.69939005571798
WDI:SP.POP.4044.MA.5Y:AUT,1989-12-31,6.73221203529251
WDI:SP.POP.4044.MA.5Y:AUT,1990-12-31,6.8740593368864
WDI:SP.POP.4044.MA.5Y:AUT,1991-12-31,7.02503667443565
WDI:SP.POP.4044.MA.5Y:AUT,1992-12-31,6.94657563527756
WDI:SP.POP.4044.MA.5Y:AUT,1993-12-31,6.82081334718194
WDI:SP.POP.4044.MA.5Y:AUT,1994-12-31,6.77458129134336
WDI:SP.POP.4044.MA.5Y:AUT,1995-12-31,6.8123270145387
WDI:SP.POP.4044.MA.5Y:AUT,1996-12-31,6.97043411346921
WDI:SP.POP.4044.MA.5Y:AUT,1997-12-31,7.19073925615839
WDI:SP.POP.4044.MA.5Y:AUT,1998-12-31,7.41053786163992
WDI:SP.POP.4044.MA.5Y:AUT,1999-12-31,7.65871999871596
WDI:SP.POP.4044.MA.5Y:AUT,2000-12-31,7.92167825166292
WDI:SP.POP.4044.MA.5Y:AUT,2001-12-31,8.16821979898626
WDI:SP.POP.4044.MA.5Y:AUT,2002-12-31,8.39260223998056
WDI:SP.POP.4044.MA.5Y:AUT,2003-12-31,8.61317114964485
WDI:SP.POP.4044.MA.5Y:AUT,2004-12-31,8.80386478200893
WDI:SP.POP.4044.MA.5Y:AUT,2005-12-31,8.92836495992526
WDI:SP.POP.4044.MA.5Y:AUT,2006-12-31,8.98503751218265
WDI:SP.POP.4044.MA.5Y:AUT,2007-12-31,8.97449601617534
WDI:SP.POP.4044.MA.5Y:AUT,2008-12-31,8.91916544546942
WDI:SP.POP.4044.MA.5Y:AUT,2009-12-31,8.80936016518981
WDI:SP.POP.4044.MA.5Y:AUT,2010-12-31,8.61384252335026
WDI:SP.POP.4044.MA.5Y:AUT,2011-12-31,8.35930370744082
WDI:SP.POP.4044.MA.5Y:AUT,2012-12-31,8.06433273310626
WDI:SP.POP.4044.MA.5Y:AUT,2013-12-31,7.71238337997269
WDI:SP.POP.4044.MA.5Y:AUT,2014-12-31,7.36494885428917
WDI:SP.POP.4044.MA.5Y:AUT,2015-12-31,7.08033129201407
WDI:SP.POP.4044.MA.5Y:AUT,2016-12-31,6.83536849971012
WDI:SP.POP.4044.MA.5Y:AUT,2017-12-31,6.63652013913248
WDI:SP.POP.4044.MA.5Y:AUT,2018-12-31,6.52810829556462
WDI:SP.POP.4044.MA.5Y:AUT,2019-12-31,6.48320351535777
WDI:SP.POP.4044.MA.5Y:AUT,2020-12-31,6.49702141484988
WDI:SP.POP.4044.MA.5Y:AUT,2021-12-31,6.59223172459812
WDI:SP.POP.4044.MA.5Y:AUT,2022-12-31,6.73330796360883
WDI:SP.POP.4044.MA.5Y:AUT,2023-12-31,6.86913875837638
WDI:SP.POP.4044.MA.5Y:AUT,2024-12-31,6.96921478546306
WDI:SP.POP.4044.MA.5Y:AZE,1960-12-31,2.99651016954054
WDI:SP.POP.4044.MA.5Y:AZE,1961-12-31,2.99963659433457
WDI:SP.POP.4044.MA.5Y:AZE,1962-12-31,3.08618054343609
WDI:SP.POP.4044.MA.5Y:AZE,1963-12-31,3.25792455309852
WDI:SP.POP.4044.MA.5Y:AZE,1964-12-31,3.50567620927937
WDI:SP.POP.4044.MA.5Y:AZE,1965-12-31,3.80419804293904
WDI:SP.POP.4044.MA.5Y:AZE,1966-12-31,4.12356642332105
WDI:SP.POP.4044.MA.5Y:AZE,1967-12-31,4.44249305371153
WDI:SP.POP.4044.MA.5Y:AZE,1968-12-31,4.7440925412466
WDI:SP.POP.4044.MA.5Y:AZE,1969-12-31,5.0113121035716
WDI:SP.POP.4044.MA.5Y:AZE,1970-12-31,5.23846872996884
WDI:SP.POP.4044.MA.5Y:AZE,1971-12-31,5.4246258556411
WDI:SP.POP.4044.MA.5Y:AZE,1972-12-31,5.56904816278435
WDI:SP.POP.4044.MA.5Y:AZE,1973-12-31,5.66742834748867
WDI:SP.POP.4044.MA.5Y:AZE,1974-12-31,5.71466002248348
WDI:SP.POP.4044.MA.5Y:AZE,1975-12-31,5.79237732843744
WDI:SP.POP.4044.MA.5Y:AZE,1976-12-31,5.9915383004655
WDI:SP.POP.4044.MA.5Y:AZE,1977-12-31,6.21353786955272
WDI:SP.POP.4044.MA.5Y:AZE,1978-12-31,6.42485425742384
WDI:SP.POP.4044.MA.5Y:AZE,1979-12-31,6.46409612587502
WDI:SP.POP.4044.MA.5Y:AZE,1980-12-31,6.25063092970492
WDI:SP.POP.4044.MA.5Y:AZE,1981-12-31,5.8311799079557
WDI:SP.POP.4044.MA.5Y:AZE,1982-12-31,5.19454833629872
WDI:SP.POP.4044.MA.5Y:AZE,1983-12-31,4.37152821943857
WDI:SP.POP.4044.MA.5Y:AZE,1984-12-31,3.58187847911113
WDI:SP.POP.4044.MA.5Y:AZE,1985-12-31,2.99065645843724
WDI:SP.POP.4044.MA.5Y:AZE,1986-12-31,2.66845473672398
WDI:SP.POP.4044.MA.5Y:AZE,1987-12-31,2.71380259157914
WDI:SP.POP.4044.MA.5Y:AZE,1988-12-31,3.02466135321558
WDI:SP.POP.4044.MA.5Y:AZE,1989-12-31,3.42441215163271
WDI:SP.POP.4044.MA.5Y:AZE,1990-12-31,3.86123835118721
WDI:SP.POP.4044.MA.5Y:AZE,1991-12-31,4.25681672515364
WDI:SP.POP.4044.MA.5Y:AZE,1992-12-31,4.5201435556438
WDI:SP.POP.4044.MA.5Y:AZE,1993-12-31,4.6967412396532
WDI:SP.POP.4044.MA.5Y:AZE,1994-12-31,4.90025057858698
WDI:SP.POP.4044.MA.5Y:AZE,1995-12-31,5.160142396965
WDI:SP.POP.4044.MA.5Y:AZE,1996-12-31,5.45660366928434
WDI:SP.POP.4044.MA.5Y:AZE,1997-12-31,5.82062948350143
WDI:SP.POP.4044.MA.5Y:AZE,1998-12-31,6.31480214427025
WDI:SP.POP.4044.MA.5Y:AZE,1999-12-31,6.83815441768214
WDI:SP.POP.4044.MA.5Y:AZE,2000-12-31,7.31417015354733
WDI:SP.POP.4044.MA.5Y:AZE,2001-12-31,7.73067030895043
WDI:SP.POP.4044.MA.5Y:AZE,2002-12-31,7.9894570992478
WDI:SP.POP.4044.MA.5Y:AZE,2003-12-31,8.10608005916636
WDI:SP.POP.4044.MA.5Y:AZE,2004-12-31,8.09123832851993
WDI:SP.POP.4044.MA.5Y:AZE,2005-12-31,7.9554116726695
WDI:SP.POP.4044.MA.5Y:AZE,2006-12-31,7.76017888328361
WDI:SP.POP.4044.MA.5Y:AZE,2007-12-31,7.55628950250929
WDI:SP.POP.4044.MA.5Y:AZE,2008-12-31,7.38976771411514
WDI:SP.POP.4044.MA.5Y:AZE,2009-12-31,7.25534007045896
WDI:SP.POP.4044.MA.5Y:AZE,2010-12-31,7.12937120948248
WDI:SP.POP.4044.MA.5Y:AZE,2011-12-31,6.99087590012409
WDI:SP.POP.4044.MA.5Y:AZE,2012-12-31,6.83738869194296
WDI:SP.POP.4044.MA.5Y:AZE,2013-12-31,6.64439828312418
WDI:SP.POP.4044.MA.5Y:AZE,2014-12-31,6.4496939178515
WDI:SP.POP.4044.MA.5Y:AZE,2015-12-31,6.30939887041336
WDI:SP.POP.4044.MA.5Y:AZE,2016-12-31,6.22498057305876
WDI:SP.POP.4044.MA.5Y:AZE,2017-12-31,6.22139268122346
WDI:SP.POP.4044.MA.5Y:AZE,2018-12-31,6.2895374981802
WDI:SP.POP.4044.MA.5Y:AZE,2019-12-31,6.45598754044842
WDI:SP.POP.4044.MA.5Y:AZE,2020-12-31,6.69446573403854
WDI:SP.POP.4044.MA.5Y:AZE,2021-12-31,6.93158255706112
WDI:SP.POP.4044.MA.5Y:AZE,2022-12-31,7.13196033183938
WDI:SP.POP.4044.MA.5Y:AZE,2023-12-31,7.33309308962442
WDI:SP.POP.4044.MA.5Y:AZE,2024-12-31,7.52632984893599
WDI:SP.POP.4044.MA.5Y:BDI,1960-12-31,4.29454578653703
WDI:SP.POP.4044.MA.5Y:BDI,1961-12-31,4.25117547633121
WDI:SP.POP.4044.MA.5Y:BDI,1962-12-31,4.21076653831698
WDI:SP.POP.4044.MA.5Y:BDI,1963-12-31,4.16217475523206
WDI:SP.POP.4044.MA.5Y:BDI,1964-12-31,4.1275928914015
WDI:SP.POP.4044.MA.5Y:BDI,1965-12-31,4.08914930572618
WDI:SP.POP.4044.MA.5Y:BDI,1966-12-31,4.04093503525284
WDI:SP.POP.4044.MA.5Y:BDI,1967-12-31,3.9938830514895
WDI:SP.POP.4044.MA.5Y:BDI,1968-12-31,3.94399462647699
WDI:SP.POP.4044.MA.5Y:BDI,1969-12-31,3.89245771739866
WDI:SP.POP.4044.MA.5Y:BDI,1970-12-31,3.84616724566708
WDI:SP.POP.4044.MA.5Y:BDI,1971-12-31,3.81396302261956
WDI:SP.POP.4044.MA.5Y:BDI,1972-12-31,3.73848250656027
WDI:SP.POP.4044.MA.5Y:BDI,1973-12-31,3.66572185637463
WDI:SP.POP.4044.MA.5Y:BDI,1974-12-31,3.65318161753018
WDI:SP.POP.4044.MA.5Y:BDI,1975-12-31,3.63664875652399
WDI:SP.POP.4044.MA.5Y:BDI,1976-12-31,3.61610465260405
WDI:SP.POP.4044.MA.5Y:BDI,1977-12-31,3.60833201287466
WDI:SP.POP.4044.MA.5Y:BDI,1978-12-31,3.61062385444136
WDI:SP.POP.4044.MA.5Y:BDI,1979-12-31,3.59897965456073
WDI:SP.POP.4044.MA.5Y:BDI,1980-12-31,3.62857601645788
WDI:SP.POP.4044.MA.5Y:BDI,1981-12-31,3.64747631869053
WDI:SP.POP.4044.MA.5Y:BDI,1982-12-31,3.61883092258519
WDI:SP.POP.4044.MA.5Y:BDI,1983-12-31,3.59472558512881
WDI:SP.POP.4044.MA.5Y:BDI,1984-12-31,3.56640023722999
WDI:SP.POP.4044.MA.5Y:BDI,1985-12-31,3.5344652580059
WDI:SP.POP.4044.MA.5Y:BDI,1986-12-31,3.49521970340264
WDI:SP.POP.4044.MA.5Y:BDI,1987-12-31,3.46227557478375
WDI:SP.POP.4044.MA.5Y:BDI,1988-12-31,3.43129819203127
WDI:SP.POP.4044.MA.5Y:BDI,1989-12-31,3.37302567344084
WDI:SP.POP.4044.MA.5Y:BDI,1990-12-31,3.4053970814882
WDI:SP.POP.4044.MA.5Y:BDI,1991-12-31,3.543527396742
WDI:SP.POP.4044.MA.5Y:BDI,1992-12-31,3.68869524804183
WDI:SP.POP.4044.MA.5Y:BDI,1993-12-31,3.67028292439151
WDI:SP.POP.4044.MA.5Y:BDI,1994-12-31,3.76575021251081
WDI:SP.POP.4044.MA.5Y:BDI,1995-12-31,3.90391636937351
WDI:SP.POP.4044.MA.5Y:BDI,1996-12-31,3.79141694444561
WDI:SP.POP.4044.MA.5Y:BDI,1997-12-31,3.67352949297304
WDI:SP.POP.4044.MA.5Y:BDI,1998-12-31,3.60039434250478
WDI:SP.POP.4044.MA.5Y:BDI,1999-12-31,3.53333531999132
WDI:SP.POP.4044.MA.5Y:BDI,2000-12-31,3.44873789676709
WDI:SP.POP.4044.MA.5Y:BDI,2001-12-31,3.36719855909845
WDI:SP.POP.4044.MA.5Y:BDI,2002-12-31,3.29658301938898
WDI:SP.POP.4044.MA.5Y:BDI,2003-12-31,3.23913456774476
WDI:SP.POP.4044.MA.5Y:BDI,2004-12-31,3.1973593266183
WDI:SP.POP.4044.MA.5Y:BDI,2005-12-31,3.17112547203437
WDI:SP.POP.4044.MA.5Y:BDI,2006-12-31,3.16183773352962
WDI:SP.POP.4044.MA.5Y:BDI,2007-12-31,3.16632677077575
WDI:SP.POP.4044.MA.5Y:BDI,2008-12-31,3.1993231985954
WDI:SP.POP.4044.MA.5Y:BDI,2009-12-31,3.28255222380817
WDI:SP.POP.4044.MA.5Y:BDI,2010-12-31,3.36137486647637
WDI:SP.POP.4044.MA.5Y:BDI,2011-12-31,3.41718162958764
WDI:SP.POP.4044.MA.5Y:BDI,2012-12-31,3.48996588086843
WDI:SP.POP.4044.MA.5Y:BDI,2013-12-31,3.55280520781636
WDI:SP.POP.4044.MA.5Y:BDI,2014-12-31,3.60643651923476
WDI:SP.POP.4044.MA.5Y:BDI,2015-12-31,3.65882647630354
WDI:SP.POP.4044.MA.5Y:BDI,2016-12-31,3.71981225662422
WDI:SP.POP.4044.MA.5Y:BDI,2017-12-31,3.80910053429011
WDI:SP.POP.4044.MA.5Y:BDI,2018-12-31,3.94995224733155
WDI:SP.POP.4044.MA.5Y:BDI,2019-12-31,4.1293324761375
WDI:SP.POP.4044.MA.5Y:BDI,2020-12-31,4.2955660369754
WDI:SP.POP.4044.MA.5Y:BDI,2021-12-31,4.47538537268489
WDI:SP.POP.4044.MA.5Y:BDI,2022-12-31,4.66348284739092
WDI:SP.POP.4044.MA.5Y:BDI,2023-12-31,4.82331955803658
WDI:SP.POP.4044.MA.5Y:BDI,2024-12-31,4.94722862513567
WDI:SP.POP.4044.MA.5Y:BEL,1960-12-31,5.09977767370251
WDI:SP.POP.4044.MA.5Y:BEL,1961-12-31,5.524017722952
WDI:SP.POP.4044.MA.5Y:BEL,1962-12-31,6.07874060784191
WDI:SP.POP.4044.MA.5Y:BEL,1963-12-31,6.69164317316778
WDI:SP.POP.4044.MA.5Y:BEL,1964-12-31,7.13644174101611
WDI:SP.POP.4044.MA.5Y:BEL,1965-12-31,7.22814687338296
WDI:SP.POP.4044.MA.5Y:BEL,1966-12-31,7.14069686012823
WDI:SP.POP.4044.MA.5Y:BEL,1967-12-31,7.0558717428839
WDI:SP.POP.4044.MA.5Y:BEL,1968-12-31,6.97697931490333
WDI:SP.POP.4044.MA.5Y:BEL,1969-12-31,6.89661051717386
WDI:SP.POP.4044.MA.5Y:BEL,1970-12-31,6.8573371987402
WDI:SP.POP.4044.MA.5Y:BEL,1971-12-31,6.86170695869457
WDI:SP.POP.4044.MA.5Y:BEL,1972-12-31,6.86734420793323
WDI:SP.POP.4044.MA.5Y:BEL,1973-12-31,6.8338204800704
WDI:SP.POP.4044.MA.5Y:BEL,1974-12-31,6.7551228698828
WDI:SP.POP.4044.MA.5Y:BEL,1975-12-31,6.61889743240803
WDI:SP.POP.4044.MA.5Y:BEL,1976-12-31,6.44040374307362
WDI:SP.POP.4044.MA.5Y:BEL,1977-12-31,6.29352723435616
WDI:SP.POP.4044.MA.5Y:BEL,1978-12-31,6.21608493308848
WDI:SP.POP.4044.MA.5Y:BEL,1979-12-31,6.18356207020568
WDI:SP.POP.4044.MA.5Y:BEL,1980-12-31,6.09672574996992
WDI:SP.POP.4044.MA.5Y:BEL,1981-12-31,5.93479552797757
WDI:SP.POP.4044.MA.5Y:BEL,1982-12-31,5.77748810497311
WDI:SP.POP.4044.MA.5Y:BEL,1983-12-31,5.69845085137617
WDI:SP.POP.4044.MA.5Y:BEL,1984-12-31,5.71586041471496
WDI:SP.POP.4044.MA.5Y:BEL,1985-12-31,5.83658514925366
WDI:SP.POP.4044.MA.5Y:BEL,1986-12-31,6.17240101719114
WDI:SP.POP.4044.MA.5Y:BEL,1987-12-31,6.61820128929169
WDI:SP.POP.4044.MA.5Y:BEL,1988-12-31,6.94749645723376
WDI:SP.POP.4044.MA.5Y:BEL,1989-12-31,7.16859939420112
WDI:SP.POP.4044.MA.5Y:BEL,1990-12-31,7.34538918076107
WDI:SP.POP.4044.MA.5Y:BEL,1991-12-31,7.39725696636682
WDI:SP.POP.4044.MA.5Y:BEL,1992-12-31,7.36809102772648
WDI:SP.POP.4044.MA.5Y:BEL,1993-12-31,7.37266546165645
WDI:SP.POP.4044.MA.5Y:BEL,1994-12-31,7.39576380421881
WDI:SP.POP.4044.MA.5Y:BEL,1995-12-31,7.45063012283714
WDI:SP.POP.4044.MA.5Y:BEL,1996-12-31,7.53254971081637
WDI:SP.POP.4044.MA.5Y:BEL,1997-12-31,7.61309737158912
WDI:SP.POP.4044.MA.5Y:BEL,1998-12-31,7.68940239868074
WDI:SP.POP.4044.MA.5Y:BEL,1999-12-31,7.77933978777464
WDI:SP.POP.4044.MA.5Y:BEL,2000-12-31,7.85883309197199
WDI:SP.POP.4044.MA.5Y:BEL,2001-12-31,7.92089186991708
WDI:SP.POP.4044.MA.5Y:BEL,2002-12-31,7.97027719718559
WDI:SP.POP.4044.MA.5Y:BEL,2003-12-31,8.00737185740061
WDI:SP.POP.4044.MA.5Y:BEL,2004-12-31,8.04030324405404
WDI:SP.POP.4044.MA.5Y:BEL,2005-12-31,8.05178803758698
WDI:SP.POP.4044.MA.5Y:BEL,2006-12-31,8.01540771226231
WDI:SP.POP.4044.MA.5Y:BEL,2007-12-31,7.93125954049176
WDI:SP.POP.4044.MA.5Y:BEL,2008-12-31,7.79791204640591
WDI:SP.POP.4044.MA.5Y:BEL,2009-12-31,7.63010849479785
WDI:SP.POP.4044.MA.5Y:BEL,2010-12-31,7.48804685687991
WDI:SP.POP.4044.MA.5Y:BEL,2011-12-31,7.386605943896
WDI:SP.POP.4044.MA.5Y:BEL,2012-12-31,7.29940042180662
WDI:SP.POP.4044.MA.5Y:BEL,2013-12-31,7.20723382097418
WDI:SP.POP.4044.MA.5Y:BEL,2014-12-31,7.08495625673328
WDI:SP.POP.4044.MA.5Y:BEL,2015-12-31,6.91671826876536
WDI:SP.POP.4044.MA.5Y:BEL,2016-12-31,6.74483069463654
WDI:SP.POP.4044.MA.5Y:BEL,2017-12-31,6.61923695743981
WDI:SP.POP.4044.MA.5Y:BEL,2018-12-31,6.548539705626
WDI:SP.POP.4044.MA.5Y:BEL,2019-12-31,6.53769128217786
WDI:SP.POP.4044.MA.5Y:BEL,2020-12-31,6.58552095656572
WDI:SP.POP.4044.MA.5Y:BEL,2021-12-31,6.64305387577494
WDI:SP.POP.4044.MA.5Y:BEL,2022-12-31,6.668728501494
WDI:SP.POP.4044.MA.5Y:BEL,2023-12-31,6.663893681569
WDI:SP.POP.4044.MA.5Y:BEL,2024-12-31,6.61740538860589
WDI:SP.POP.4044.MA.5Y:BEN,1960-12-31,4.6970822877387
WDI:SP.POP.4044.MA.5Y:BEN,1961-12-31,4.61201975979596
WDI:SP.POP.4044.MA.5Y:BEN,1962-12-31,4.5293900764729
WDI:SP.POP.4044.MA.5Y:BEN,1963-12-31,4.44999591699853
WDI:SP.POP.4044.MA.5Y:BEN,1964-12-31,4.37183706492831
WDI:SP.POP.4044.MA.5Y:BEN,1965-12-31,4.29448389440174
WDI:SP.POP.4044.MA.5Y:BEN,1966-12-31,4.21928473425255
WDI:SP.POP.4044.MA.5Y:BEN,1967-12-31,4.14685363829648
WDI:SP.POP.4044.MA.5Y:BEN,1968-12-31,4.0775890153437
WDI:SP.POP.4044.MA.5Y:BEN,1969-12-31,4.01250700343473
WDI:SP.POP.4044.MA.5Y:BEN,1970-12-31,3.95283134332418
WDI:SP.POP.4044.MA.5Y:BEN,1971-12-31,3.90000803420313
WDI:SP.POP.4044.MA.5Y:BEN,1972-12-31,3.85525068656281
WDI:SP.POP.4044.MA.5Y:BEN,1973-12-31,3.81783331115048
WDI:SP.POP.4044.MA.5Y:BEN,1974-12-31,3.78628719211732
WDI:SP.POP.4044.MA.5Y:BEN,1975-12-31,3.76094691202256
WDI:SP.POP.4044.MA.5Y:BEN,1976-12-31,3.7403968778048
WDI:SP.POP.4044.MA.5Y:BEN,1977-12-31,3.72219787139206
WDI:SP.POP.4044.MA.5Y:BEN,1978-12-31,3.70959503425608
WDI:SP.POP.4044.MA.5Y:BEN,1979-12-31,3.707134310132
WDI:SP.POP.4044.MA.5Y:BEN,1980-12-31,3.71132435121438
WDI:SP.POP.4044.MA.5Y:BEN,1981-12-31,3.71805846759139
WDI:SP.POP.4044.MA.5Y:BEN,1982-12-31,3.73011104247933
WDI:SP.POP.4044.MA.5Y:BEN,1983-12-31,3.74615137878116
WDI:SP.POP.4044.MA.5Y:BEN,1984-12-31,3.75631700698689
WDI:SP.POP.4044.MA.5Y:BEN,1985-12-31,3.75544653322707
WDI:SP.POP.4044.MA.5Y:BEN,1986-12-31,3.73821470769406
WDI:SP.POP.4044.MA.5Y:BEN,1987-12-31,3.73135010381392
WDI:SP.POP.4044.MA.5Y:BEN,1988-12-31,3.74797135526858
WDI:SP.POP.4044.MA.5Y:BEN,1989-12-31,3.7544283100401
WDI:SP.POP.4044.MA.5Y:BEN,1990-12-31,3.75405923057474
WDI:SP.POP.4044.MA.5Y:BEN,1991-12-31,3.76598153555056
WDI:SP.POP.4044.MA.5Y:BEN,1992-12-31,3.7661270248822
WDI:SP.POP.4044.MA.5Y:BEN,1993-12-31,3.78045907581839
WDI:SP.POP.4044.MA.5Y:BEN,1994-12-31,3.7893901149814
WDI:SP.POP.4044.MA.5Y:BEN,1995-12-31,3.77310978301287
WDI:SP.POP.4044.MA.5Y:BEN,1996-12-31,3.77590715161672
WDI:SP.POP.4044.MA.5Y:BEN,1997-12-31,3.79466474120671
WDI:SP.POP.4044.MA.5Y:BEN,1998-12-31,3.82264844090997
WDI:SP.POP.4044.MA.5Y:BEN,1999-12-31,3.85668236793325
WDI:SP.POP.4044.MA.5Y:BEN,2000-12-31,3.89572715307223
WDI:SP.POP.4044.MA.5Y:BEN,2001-12-31,3.94297160273297
WDI:SP.POP.4044.MA.5Y:BEN,2002-12-31,3.99526289622797
WDI:SP.POP.4044.MA.5Y:BEN,2003-12-31,4.04506459257419
WDI:SP.POP.4044.MA.5Y:BEN,2004-12-31,4.09095342228624
WDI:SP.POP.4044.MA.5Y:BEN,2005-12-31,4.13333902826926
WDI:SP.POP.4044.MA.5Y:BEN,2006-12-31,4.1616004306291
WDI:SP.POP.4044.MA.5Y:BEN,2007-12-31,4.17555612320157
WDI:SP.POP.4044.MA.5Y:BEN,2008-12-31,4.18565028892599
WDI:SP.POP.4044.MA.5Y:BEN,2009-12-31,4.192614034016
WDI:SP.POP.4044.MA.5Y:BEN,2010-12-31,4.19733916975339
WDI:SP.POP.4044.MA.5Y:BEN,2011-12-31,4.20135148758883
WDI:SP.POP.4044.MA.5Y:BEN,2012-12-31,4.20593295860933
WDI:SP.POP.4044.MA.5Y:BEN,2013-12-31,4.20964692194202
WDI:SP.POP.4044.MA.5Y:BEN,2014-12-31,4.21218566640724
WDI:SP.POP.4044.MA.5Y:BEN,2015-12-31,4.21539412848142
WDI:SP.POP.4044.MA.5Y:BEN,2016-12-31,4.22042575470758
WDI:SP.POP.4044.MA.5Y:BEN,2017-12-31,4.22915585497547
WDI:SP.POP.4044.MA.5Y:BEN,2018-12-31,4.24412960551172
WDI:SP.POP.4044.MA.5Y:BEN,2019-12-31,4.27276751081262
WDI:SP.POP.4044.MA.5Y:BEN,2020-12-31,4.32136067282097
WDI:SP.POP.4044.MA.5Y:BEN,2021-12-31,4.38533299219699
WDI:SP.POP.4044.MA.5Y:BEN,2022-12-31,4.45634556173619
WDI:SP.POP.4044.MA.5Y:BEN,2023-12-31,4.52806167071789
WDI:SP.POP.4044.MA.5Y:BEN,2024-12-31,4.59489849453262
WDI:SP.POP.4044.MA.5Y:BFA,1960-12-31,5.16058235013411
WDI:SP.POP.4044.MA.5Y:BFA,1961-12-31,5.11761956849414
WDI:SP.POP.4044.MA.5Y:BFA,1962-12-31,5.06713158473524
WDI:SP.POP.4044.MA.5Y:BFA,1963-12-31,5.00933949022156
WDI:SP.POP.4044.MA.5Y:BFA,1964-12-31,4.94410740778824
WDI:SP.POP.4044.MA.5Y:BFA,1965-12-31,4.87207452280923
WDI:SP.POP.4044.MA.5Y:BFA,1966-12-31,4.79415115844683
WDI:SP.POP.4044.MA.5Y:BFA,1967-12-31,4.71107608031981
WDI:SP.POP.4044.MA.5Y:BFA,1968-12-31,4.62376751810994
WDI:SP.POP.4044.MA.5Y:BFA,1969-12-31,4.53397980263111
WDI:SP.POP.4044.MA.5Y:BFA,1970-12-31,4.44477486815586
WDI:SP.POP.4044.MA.5Y:BFA,1971-12-31,4.35863561715082
WDI:SP.POP.4044.MA.5Y:BFA,1972-12-31,4.27801214861485
WDI:SP.POP.4044.MA.5Y:BFA,1973-12-31,4.20394197160232
WDI:SP.POP.4044.MA.5Y:BFA,1974-12-31,4.13988025903477
WDI:SP.POP.4044.MA.5Y:BFA,1975-12-31,4.0867050132376
WDI:SP.POP.4044.MA.5Y:BFA,1976-12-31,4.04492046514707
WDI:SP.POP.4044.MA.5Y:BFA,1977-12-31,4.01849860940735
WDI:SP.POP.4044.MA.5Y:BFA,1978-12-31,4.00395840096168
WDI:SP.POP.4044.MA.5Y:BFA,1979-12-31,3.99214780857717
WDI:SP.POP.4044.MA.5Y:BFA,1980-12-31,3.98171639751241
WDI:SP.POP.4044.MA.5Y:BFA,1981-12-31,3.97351163379723
WDI:SP.POP.4044.MA.5Y:BFA,1982-12-31,3.96758007634305
WDI:SP.POP.4044.MA.5Y:BFA,1983-12-31,3.97001148147105
WDI:SP.POP.4044.MA.5Y:BFA,1984-12-31,3.98429970379319
WDI:SP.POP.4044.MA.5Y:BFA,1985-12-31,4.00585902015631
WDI:SP.POP.4044.MA.5Y:BFA,1986-12-31,4.02108209473967
WDI:SP.POP.4044.MA.5Y:BFA,1987-12-31,4.00685797477642
WDI:SP.POP.4044.MA.5Y:BFA,1988-12-31,3.90035868448255
WDI:SP.POP.4044.MA.5Y:BFA,1989-12-31,3.72217117019974
WDI:SP.POP.4044.MA.5Y:BFA,1990-12-31,3.54986946062487
WDI:SP.POP.4044.MA.5Y:BFA,1991-12-31,3.39576356176346
WDI:SP.POP.4044.MA.5Y:BFA,1992-12-31,3.27729996567531
WDI:SP.POP.4044.MA.5Y:BFA,1993-12-31,3.24957643766286
WDI:SP.POP.4044.MA.5Y:BFA,1994-12-31,3.29242624897618
WDI:SP.POP.4044.MA.5Y:BFA,1995-12-31,3.33976573181212
WDI:SP.POP.4044.MA.5Y:BFA,1996-12-31,3.38096107364077
WDI:SP.POP.4044.MA.5Y:BFA,1997-12-31,3.41621262511701
WDI:SP.POP.4044.MA.5Y:BFA,1998-12-31,3.45327410512641
WDI:SP.POP.4044.MA.5Y:BFA,1999-12-31,3.49348638301518
WDI:SP.POP.4044.MA.5Y:BFA,2000-12-31,3.53011022464431
WDI:SP.POP.4044.MA.5Y:BFA,2001-12-31,3.56269218373198
WDI:SP.POP.4044.MA.5Y:BFA,2002-12-31,3.59286168473578
WDI:SP.POP.4044.MA.5Y:BFA,2003-12-31,3.61804507045216
WDI:SP.POP.4044.MA.5Y:BFA,2004-12-31,3.63930194038827
WDI:SP.POP.4044.MA.5Y:BFA,2005-12-31,3.65855831490065
WDI:SP.POP.4044.MA.5Y:BFA,2006-12-31,3.67312377268645
WDI:SP.POP.4044.MA.5Y:BFA,2007-12-31,3.68227617693665
WDI:SP.POP.4044.MA.5Y:BFA,2008-12-31,3.6893410978137
WDI:SP.POP.4044.MA.5Y:BFA,2009-12-31,3.69527846730642
WDI:SP.POP.4044.MA.5Y:BFA,2010-12-31,3.70082947274216
WDI:SP.POP.4044.MA.5Y:BFA,2011-12-31,3.71022106943992
WDI:SP.POP.4044.MA.5Y:BFA,2012-12-31,3.72737723089916
WDI:SP.POP.4044.MA.5Y:BFA,2013-12-31,3.75355252848993
WDI:SP.POP.4044.MA.5Y:BFA,2014-12-31,3.79389554263914
WDI:SP.POP.4044.MA.5Y:BFA,2015-12-31,3.85118925922735
WDI:SP.POP.4044.MA.5Y:BFA,2016-12-31,3.92246111299406
WDI:SP.POP.4044.MA.5Y:BFA,2017-12-31,4.00748904731882
WDI:SP.POP.4044.MA.5Y:BFA,2018-12-31,4.10541463720863
WDI:SP.POP.4044.MA.5Y:BFA,2019-12-31,4.2115784093156
WDI:SP.POP.4044.MA.5Y:BFA,2020-12-31,4.3199297114696
WDI:SP.POP.4044.MA.5Y:BFA,2021-12-31,4.42190175124962
WDI:SP.POP.4044.MA.5Y:BFA,2022-12-31,4.50828485645674
WDI:SP.POP.4044.MA.5Y:BFA,2023-12-31,4.57627799195615
WDI:SP.POP.4044.MA.5Y:BFA,2024-12-31,4.63439909988725
WDI:SP.POP.4044.MA.5Y:BGD,1960-12-31,4.86308933218852
WDI:SP.POP.4044.MA.5Y:BGD,1961-12-31,4.83723506776157
WDI:SP.POP.4044.MA.5Y:BGD,1962-12-31,4.81159238966934
WDI:SP.POP.4044.MA.5Y:BGD,1963-12-31,4.7867586698798
WDI:SP.POP.4044.MA.5Y:BGD,1964-12-31,4.76147283530011
WDI:SP.POP.4044.MA.5Y:BGD,1965-12-31,4.73742985109865
WDI:SP.POP.4044.MA.5Y:BGD,1966-12-31,4.71275964153466
WDI:SP.POP.4044.MA.5Y:BGD,1967-12-31,4.68439255639151
WDI:SP.POP.4044.MA.5Y:BGD,1968-12-31,4.65696389363939
WDI:SP.POP.4044.MA.5Y:BGD,1969-12-31,4.63471239220807
WDI:SP.POP.4044.MA.5Y:BGD,1970-12-31,4.62437038129967
WDI:SP.POP.4044.MA.5Y:BGD,1971-12-31,4.6106828079016
WDI:SP.POP.4044.MA.5Y:BGD,1972-12-31,4.59346327753412
WDI:SP.POP.4044.MA.5Y:BGD,1973-12-31,4.58641747917878
WDI:SP.POP.4044.MA.5Y:BGD,1974-12-31,4.57482885552736
WDI:SP.POP.4044.MA.5Y:BGD,1975-12-31,4.55298064451761
WDI:SP.POP.4044.MA.5Y:BGD,1976-12-31,4.52743590206517
WDI:SP.POP.4044.MA.5Y:BGD,1977-12-31,4.50249942343102
WDI:SP.POP.4044.MA.5Y:BGD,1978-12-31,4.47747759822886
WDI:SP.POP.4044.MA.5Y:BGD,1979-12-31,4.45016763341086
WDI:SP.POP.4044.MA.5Y:BGD,1980-12-31,4.42067429421271
WDI:SP.POP.4044.MA.5Y:BGD,1981-12-31,4.39231807519278
WDI:SP.POP.4044.MA.5Y:BGD,1982-12-31,4.37587240048867
WDI:SP.POP.4044.MA.5Y:BGD,1983-12-31,4.37487929512565
WDI:SP.POP.4044.MA.5Y:BGD,1984-12-31,4.38608129547449
WDI:SP.POP.4044.MA.5Y:BGD,1985-12-31,4.40967259136924
WDI:SP.POP.4044.MA.5Y:BGD,1986-12-31,4.44170049394435
WDI:SP.POP.4044.MA.5Y:BGD,1987-12-31,4.47412326669899
WDI:SP.POP.4044.MA.5Y:BGD,1988-12-31,4.47956497662813
WDI:SP.POP.4044.MA.5Y:BGD,1989-12-31,4.45444452165501
WDI:SP.POP.4044.MA.5Y:BGD,1990-12-31,4.44664327323765
WDI:SP.POP.4044.MA.5Y:BGD,1991-12-31,4.46903572646009
WDI:SP.POP.4044.MA.5Y:BGD,1992-12-31,4.50207932957108
WDI:SP.POP.4044.MA.5Y:BGD,1993-12-31,4.57259236220011
WDI:SP.POP.4044.MA.5Y:BGD,1994-12-31,4.6907805524536
WDI:SP.POP.4044.MA.5Y:BGD,1995-12-31,4.80963690099809
WDI:SP.POP.4044.MA.5Y:BGD,1996-12-31,4.90957627888942
WDI:SP.POP.4044.MA.5Y:BGD,1997-12-31,4.99682951931666
WDI:SP.POP.4044.MA.5Y:BGD,1998-12-31,5.06967891486673
WDI:SP.POP.4044.MA.5Y:BGD,1999-12-31,5.12884820951919
WDI:SP.POP.4044.MA.5Y:BGD,2000-12-31,5.17995848612922
WDI:SP.POP.4044.MA.5Y:BGD,2001-12-31,5.22000386338011
WDI:SP.POP.4044.MA.5Y:BGD,2002-12-31,5.24613256064609
WDI:SP.POP.4044.MA.5Y:BGD,2003-12-31,5.26190018171482
WDI:SP.POP.4044.MA.5Y:BGD,2004-12-31,5.26673599810553
WDI:SP.POP.4044.MA.5Y:BGD,2005-12-31,5.26087377214215
WDI:SP.POP.4044.MA.5Y:BGD,2006-12-31,5.25081561731017
WDI:SP.POP.4044.MA.5Y:BGD,2007-12-31,5.24431760903309
WDI:SP.POP.4044.MA.5Y:BGD,2008-12-31,5.2411688609857
WDI:SP.POP.4044.MA.5Y:BGD,2009-12-31,5.23677717093515
WDI:SP.POP.4044.MA.5Y:BGD,2010-12-31,5.23213600915551
WDI:SP.POP.4044.MA.5Y:BGD,2011-12-31,5.23425487983751
WDI:SP.POP.4044.MA.5Y:BGD,2012-12-31,5.2688687140434
WDI:SP.POP.4044.MA.5Y:BGD,2013-12-31,5.3298908736206
WDI:SP.POP.4044.MA.5Y:BGD,2014-12-31,5.39784019983261
WDI:SP.POP.4044.MA.5Y:BGD,2015-12-31,5.47370363368862
WDI:SP.POP.4044.MA.5Y:BGD,2016-12-31,5.54407495131516
WDI:SP.POP.4044.MA.5Y:BGD,2017-12-31,5.5892055566971
WDI:SP.POP.4044.MA.5Y:BGD,2018-12-31,5.6360935622073
WDI:SP.POP.4044.MA.5Y:BGD,2019-12-31,5.72746496860176
WDI:SP.POP.4044.MA.5Y:BGD,2020-12-31,5.8694494485669
WDI:SP.POP.4044.MA.5Y:BGD,2021-12-31,6.063075080208
WDI:SP.POP.4044.MA.5Y:BGD,2022-12-31,6.26018570038788
WDI:SP.POP.4044.MA.5Y:BGD,2023-12-31,6.43451551216225
WDI:SP.POP.4044.MA.5Y:BGD,2024-12-31,6.59542286306553
WDI:SP.POP.4044.MA.5Y:BGR,1960-12-31,5.01818707895976
WDI:SP.POP.4044.MA.5Y:BGR,1961-12-31,5.41902183550187
WDI:SP.POP.4044.MA.5Y:BGR,1962-12-31,6.23053617593185
WDI:SP.POP.4044.MA.5Y:BGR,1963-12-31,7.03261123026533
WDI:SP.POP.4044.MA.5Y:BGR,1964-12-31,7.56414633363728
WDI:SP.POP.4044.MA.5Y:BGR,1965-12-31,7.82715591121447
WDI:SP.POP.4044.MA.5Y:BGR,1966-12-31,7.95324772040632
WDI:SP.POP.4044.MA.5Y:BGR,1967-12-31,7.99001179357065
WDI:SP.POP.4044.MA.5Y:BGR,1968-12-31,7.97241955953714
WDI:SP.POP.4044.MA.5Y:BGR,1969-12-31,7.87333461206801
WDI:SP.POP.4044.MA.5Y:BGR,1970-12-31,7.70742782675004
WDI:SP.POP.4044.MA.5Y:BGR,1971-12-31,7.53943681803667
WDI:SP.POP.4044.MA.5Y:BGR,1972-12-31,7.43419193740816
WDI:SP.POP.4044.MA.5Y:BGR,1973-12-31,7.40454822092353
WDI:SP.POP.4044.MA.5Y:BGR,1974-12-31,7.39991906596124
WDI:SP.POP.4044.MA.5Y:BGR,1975-12-31,7.37727000008838
WDI:SP.POP.4044.MA.5Y:BGR,1976-12-31,7.28446970771104
WDI:SP.POP.4044.MA.5Y:BGR,1977-12-31,7.10742522568146
WDI:SP.POP.4044.MA.5Y:BGR,1978-12-31,6.84004590688273
WDI:SP.POP.4044.MA.5Y:BGR,1979-12-31,6.53793456177987
WDI:SP.POP.4044.MA.5Y:BGR,1980-12-31,6.29488496208144
WDI:SP.POP.4044.MA.5Y:BGR,1981-12-31,6.15974988228
WDI:SP.POP.4044.MA.5Y:BGR,1982-12-31,6.08364127510098
WDI:SP.POP.4044.MA.5Y:BGR,1983-12-31,6.07921936699507
WDI:SP.POP.4044.MA.5Y:BGR,1984-12-31,6.12441499268695
WDI:SP.POP.4044.MA.5Y:BGR,1985-12-31,6.22838254031621
WDI:SP.POP.4044.MA.5Y:BGR,1986-12-31,6.43217727992537
WDI:SP.POP.4044.MA.5Y:BGR,1987-12-31,6.65142607704002
WDI:SP.POP.4044.MA.5Y:BGR,1988-12-31,6.85021405616932
WDI:SP.POP.4044.MA.5Y:BGR,1989-12-31,7.10856117670075
WDI:SP.POP.4044.MA.5Y:BGR,1990-12-31,7.38411703429097
WDI:SP.POP.4044.MA.5Y:BGR,1991-12-31,7.46848180570862
WDI:SP.POP.4044.MA.5Y:BGR,1992-12-31,7.4192862277726
WDI:SP.POP.4044.MA.5Y:BGR,1993-12-31,7.39117428317077
WDI:SP.POP.4044.MA.5Y:BGR,1994-12-31,7.30522198202398
WDI:SP.POP.4044.MA.5Y:BGR,1995-12-31,7.17400975169314
WDI:SP.POP.4044.MA.5Y:BGR,1996-12-31,7.13586750398649
WDI:SP.POP.4044.MA.5Y:BGR,1997-12-31,7.16692515518648
WDI:SP.POP.4044.MA.5Y:BGR,1998-12-31,7.14953968980794
WDI:SP.POP.4044.MA.5Y:BGR,1999-12-31,7.12815006278621
WDI:SP.POP.4044.MA.5Y:BGR,2000-12-31,7.11140653924533
WDI:SP.POP.4044.MA.5Y:BGR,2001-12-31,7.10041287703972
WDI:SP.POP.4044.MA.5Y:BGR,2002-12-31,7.09094816633232
WDI:SP.POP.4044.MA.5Y:BGR,2003-12-31,7.08698761562104
WDI:SP.POP.4044.MA.5Y:BGR,2004-12-31,7.0804913747402
WDI:SP.POP.4044.MA.5Y:BGR,2005-12-31,7.02578624332971
WDI:SP.POP.4044.MA.5Y:BGR,2006-12-31,6.91781855995375
WDI:SP.POP.4044.MA.5Y:BGR,2007-12-31,6.82837433462207
WDI:SP.POP.4044.MA.5Y:BGR,2008-12-31,6.86204913509114
WDI:SP.POP.4044.MA.5Y:BGR,2009-12-31,7.01586503108588
WDI:SP.POP.4044.MA.5Y:BGR,2010-12-31,7.21591209847045
WDI:SP.POP.4044.MA.5Y:BGR,2011-12-31,7.42698806697468
WDI:SP.POP.4044.MA.5Y:BGR,2012-12-31,7.60886660989568
WDI:SP.POP.4044.MA.5Y:BGR,2013-12-31,7.71426486072692
WDI:SP.POP.4044.MA.5Y:BGR,2014-12-31,7.79318903425692
WDI:SP.POP.4044.MA.5Y:BGR,2015-12-31,7.89637186908924
WDI:SP.POP.4044.MA.5Y:BGR,2016-12-31,8.01860942667421
WDI:SP.POP.4044.MA.5Y:BGR,2017-12-31,8.1648742974487
WDI:SP.POP.4044.MA.5Y:BGR,2018-12-31,8.239513158879
WDI:SP.POP.4044.MA.5Y:BGR,2019-12-31,8.19038597928952
WDI:SP.POP.4044.MA.5Y:BGR,2020-12-31,8.08544337708603
WDI:SP.POP.4044.MA.5Y:BGR,2021-12-31,7.98353935414981
WDI:SP.POP.4044.MA.5Y:BGR,2022-12-31,7.86818778326313
WDI:SP.POP.4044.MA.5Y:BGR,2023-12-31,7.75928905526003
WDI:SP.POP.4044.MA.5Y:BGR,2024-12-31,7.67627533241653
WDI:SP.POP.4044.MA.5Y:BHR,1960-12-31,5.33580692378391
WDI:SP.POP.4044.MA.5Y:BHR,1961-12-31,5.47918313929711
WDI:SP.POP.4044.MA.5Y:BHR,1962-12-31,5.65784295721069
WDI:SP.POP.4044.MA.5Y:BHR,1963-12-31,5.83380920856474
WDI:SP.POP.4044.MA.5Y:BHR,1964-12-31,5.94814190587995
WDI:SP.POP.4044.MA.5Y:BHR,1965-12-31,5.98117456399047
WDI:SP.POP.4044.MA.5Y:BHR,1966-12-31,5.94107398447968
WDI:SP.POP.4044.MA.5Y:BHR,1967-12-31,5.83105927947307
WDI:SP.POP.4044.MA.5Y:BHR,1968-12-31,5.59308631788842
WDI:SP.POP.4044.MA.5Y:BHR,1969-12-31,5.33085187518652
WDI:SP.POP.4044.MA.5Y:BHR,1970-12-31,5.18843676203634
WDI:SP.POP.4044.MA.5Y:BHR,1971-12-31,5.08995392697541
WDI:SP.POP.4044.MA.5Y:BHR,1972-12-31,4.98768651311024
WDI:SP.POP.4044.MA.5Y:BHR,1973-12-31,4.90717398626236
WDI:SP.POP.4044.MA.5Y:BHR,1974-12-31,4.85851352736216
WDI:SP.POP.4044.MA.5Y:BHR,1975-12-31,4.84193991753387
WDI:SP.POP.4044.MA.5Y:BHR,1976-12-31,4.85805569276188
WDI:SP.POP.4044.MA.5Y:BHR,1977-12-31,4.90821768148236
WDI:SP.POP.4044.MA.5Y:BHR,1978-12-31,4.99176082258305
WDI:SP.POP.4044.MA.5Y:BHR,1979-12-31,5.10644011522875
WDI:SP.POP.4044.MA.5Y:BHR,1980-12-31,5.25383817089459
WDI:SP.POP.4044.MA.5Y:BHR,1981-12-31,5.34026623224468
WDI:SP.POP.4044.MA.5Y:BHR,1982-12-31,5.32476064316716
WDI:SP.POP.4044.MA.5Y:BHR,1983-12-31,5.29083018514471
WDI:SP.POP.4044.MA.5Y:BHR,1984-12-31,5.27438632049673
WDI:SP.POP.4044.MA.5Y:BHR,1985-12-31,5.28458994619093
WDI:SP.POP.4044.MA.5Y:BHR,1986-12-31,5.34318082102397
WDI:SP.POP.4044.MA.5Y:BHR,1987-12-31,5.47925613191492
WDI:SP.POP.4044.MA.5Y:BHR,1988-12-31,5.70565319867675
WDI:SP.POP.4044.MA.5Y:BHR,1989-12-31,6.01665990808327
WDI:SP.POP.4044.MA.5Y:BHR,1990-12-31,6.40878957072061
WDI:SP.POP.4044.MA.5Y:BHR,1991-12-31,6.86438798783578
WDI:SP.POP.4044.MA.5Y:BHR,1992-12-31,7.29607062441227
WDI:SP.POP.4044.MA.5Y:BHR,1993-12-31,7.67187085579166
WDI:SP.POP.4044.MA.5Y:BHR,1994-12-31,8.0192528639146
WDI:SP.POP.4044.MA.5Y:BHR,1995-12-31,8.33362980081654
WDI:SP.POP.4044.MA.5Y:BHR,1996-12-31,8.61933048353966
WDI:SP.POP.4044.MA.5Y:BHR,1997-12-31,8.86971384612051
WDI:SP.POP.4044.MA.5Y:BHR,1998-12-31,9.07233346955456
WDI:SP.POP.4044.MA.5Y:BHR,1999-12-31,9.23142735658002
WDI:SP.POP.4044.MA.5Y:BHR,2000-12-31,9.34578376000526
WDI:SP.POP.4044.MA.5Y:BHR,2001-12-31,9.25417758846658
WDI:SP.POP.4044.MA.5Y:BHR,2002-12-31,8.95784803599054
WDI:SP.POP.4044.MA.5Y:BHR,2003-12-31,8.66784992811533
WDI:SP.POP.4044.MA.5Y:BHR,2004-12-31,8.45545934937078
WDI:SP.POP.4044.MA.5Y:BHR,2005-12-31,8.34084361444747
WDI:SP.POP.4044.MA.5Y:BHR,2006-12-31,8.34237401654425
WDI:SP.POP.4044.MA.5Y:BHR,2007-12-31,8.46079748691614
WDI:SP.POP.4044.MA.5Y:BHR,2008-12-31,8.68386578601869
WDI:SP.POP.4044.MA.5Y:BHR,2009-12-31,8.99852146394801
WDI:SP.POP.4044.MA.5Y:BHR,2010-12-31,9.24489146433639
WDI:SP.POP.4044.MA.5Y:BHR,2011-12-31,9.29621991938825
WDI:SP.POP.4044.MA.5Y:BHR,2012-12-31,9.24843856338652
WDI:SP.POP.4044.MA.5Y:BHR,2013-12-31,9.11491456855418
WDI:SP.POP.4044.MA.5Y:BHR,2014-12-31,9.01238438337079
WDI:SP.POP.4044.MA.5Y:BHR,2015-12-31,9.06914449240528
WDI:SP.POP.4044.MA.5Y:BHR,2016-12-31,9.09699805107493
WDI:SP.POP.4044.MA.5Y:BHR,2017-12-31,9.16942703790315
WDI:SP.POP.4044.MA.5Y:BHR,2018-12-31,9.4259900569389
WDI:SP.POP.4044.MA.5Y:BHR,2019-12-31,9.74958148674008
WDI:SP.POP.4044.MA.5Y:BHR,2020-12-31,9.52994925945204
WDI:SP.POP.4044.MA.5Y:BHR,2021-12-31,9.32799413167537
WDI:SP.POP.4044.MA.5Y:BHR,2022-12-31,10.426973409721
WDI:SP.POP.4044.MA.5Y:BHR,2023-12-31,11.6792291433723
WDI:SP.POP.4044.MA.5Y:BHR,2024-12-31,12.0408673966016
WDI:SP.POP.4044.MA.5Y:BHS,1960-12-31,5.21821047163748
WDI:SP.POP.4044.MA.5Y:BHS,1961-12-31,5.01028198446463
WDI:SP.POP.4044.MA.5Y:BHS,1962-12-31,4.83750422858761
WDI:SP.POP.4044.MA.5Y:BHS,1963-12-31,4.72106515917882
WDI:SP.POP.4044.MA.5Y:BHS,1964-12-31,4.66540765732312
WDI:SP.POP.4044.MA.5Y:BHS,1965-12-31,4.66793630211921
WDI:SP.POP.4044.MA.5Y:BHS,1966-12-31,4.71916189642183
WDI:SP.POP.4044.MA.5Y:BHS,1967-12-31,4.79800302980122
WDI:SP.POP.4044.MA.5Y:BHS,1968-12-31,4.89092352968655
WDI:SP.POP.4044.MA.5Y:BHS,1969-12-31,4.98618507542503
WDI:SP.POP.4044.MA.5Y:BHS,1970-12-31,5.07922238453759
WDI:SP.POP.4044.MA.5Y:BHS,1971-12-31,5.16595608004849
WDI:SP.POP.4044.MA.5Y:BHS,1972-12-31,5.24099817971874
WDI:SP.POP.4044.MA.5Y:BHS,1973-12-31,5.30603399447381
WDI:SP.POP.4044.MA.5Y:BHS,1974-12-31,5.3657901964469
WDI:SP.POP.4044.MA.5Y:BHS,1975-12-31,5.42661246970283
WDI:SP.POP.4044.MA.5Y:BHS,1976-12-31,5.50225876859043
WDI:SP.POP.4044.MA.5Y:BHS,1977-12-31,5.60753994418201
WDI:SP.POP.4044.MA.5Y:BHS,1978-12-31,5.7495411423896
WDI:SP.POP.4044.MA.5Y:BHS,1979-12-31,5.92811333272626
WDI:SP.POP.4044.MA.5Y:BHS,1980-12-31,6.12523903423779
WDI:SP.POP.4044.MA.5Y:BHS,1981-12-31,6.31020165328038
WDI:SP.POP.4044.MA.5Y:BHS,1982-12-31,6.45274366355171
WDI:SP.POP.4044.MA.5Y:BHS,1983-12-31,6.52345985703674
WDI:SP.POP.4044.MA.5Y:BHS,1984-12-31,6.57013632513465
WDI:SP.POP.4044.MA.5Y:BHS,1985-12-31,6.59066240896006
WDI:SP.POP.4044.MA.5Y:BHS,1986-12-31,6.52982547135121
WDI:SP.POP.4044.MA.5Y:BHS,1987-12-31,6.41405193271227
WDI:SP.POP.4044.MA.5Y:BHS,1988-12-31,6.27805549409545
WDI:SP.POP.4044.MA.5Y:BHS,1989-12-31,6.08040553253816
WDI:SP.POP.4044.MA.5Y:BHS,1990-12-31,5.84338748784064
WDI:SP.POP.4044.MA.5Y:BHS,1991-12-31,5.65367238700691
WDI:SP.POP.4044.MA.5Y:BHS,1992-12-31,5.51657077463676
WDI:SP.POP.4044.MA.5Y:BHS,1993-12-31,5.43526993564585
WDI:SP.POP.4044.MA.5Y:BHS,1994-12-31,5.4174525421659
WDI:SP.POP.4044.MA.5Y:BHS,1995-12-31,5.4580375782881
WDI:SP.POP.4044.MA.5Y:BHS,1996-12-31,5.54023094444957
WDI:SP.POP.4044.MA.5Y:BHS,1997-12-31,5.64722686620461
WDI:SP.POP.4044.MA.5Y:BHS,1998-12-31,5.76957580417788
WDI:SP.POP.4044.MA.5Y:BHS,1999-12-31,5.91055678103153
WDI:SP.POP.4044.MA.5Y:BHS,2000-12-31,6.07453691976195
WDI:SP.POP.4044.MA.5Y:BHS,2001-12-31,6.26312420172381
WDI:SP.POP.4044.MA.5Y:BHS,2002-12-31,6.47857409549692
WDI:SP.POP.4044.MA.5Y:BHS,2003-12-31,6.7202567479601
WDI:SP.POP.4044.MA.5Y:BHS,2004-12-31,6.97390960600869
WDI:SP.POP.4044.MA.5Y:BHS,2005-12-31,7.21129915380787
WDI:SP.POP.4044.MA.5Y:BHS,2006-12-31,7.41070565455179
WDI:SP.POP.4044.MA.5Y:BHS,2007-12-31,7.56626924412548
WDI:SP.POP.4044.MA.5Y:BHS,2008-12-31,7.67153693893663
WDI:SP.POP.4044.MA.5Y:BHS,2009-12-31,7.71972201873008
WDI:SP.POP.4044.MA.5Y:BHS,2010-12-31,7.72299944040291
WDI:SP.POP.4044.MA.5Y:BHS,2011-12-31,7.69895810241632
WDI:SP.POP.4044.MA.5Y:BHS,2012-12-31,7.64640428600865
WDI:SP.POP.4044.MA.5Y:BHS,2013-12-31,7.56146758981628
WDI:SP.POP.4044.MA.5Y:BHS,2014-12-31,7.45421438678799
WDI:SP.POP.4044.MA.5Y:BHS,2015-12-31,7.33789359100133
WDI:SP.POP.4044.MA.5Y:BHS,2016-12-31,7.21939068684704
WDI:SP.POP.4044.MA.5Y:BHS,2017-12-31,7.10436582031354
WDI:SP.POP.4044.MA.5Y:BHS,2018-12-31,7.00070979087654
WDI:SP.POP.4044.MA.5Y:BHS,2019-12-31,6.91311116388295
WDI:SP.POP.4044.MA.5Y:BHS,2020-12-31,6.84789020202659
WDI:SP.POP.4044.MA.5Y:BHS,2021-12-31,6.80765696864708
WDI:SP.POP.4044.MA.5Y:BHS,2022-12-31,6.78789758361675
WDI:SP.POP.4044.MA.5Y:BHS,2023-12-31,6.78754481859111
WDI:SP.POP.4044.MA.5Y:BHS,2024-12-31,6.79994989483134
WDI:SP.POP.4044.MA.5Y:BIH,1960-12-31,2.73785292673149
WDI:SP.POP.4044.MA.5Y:BIH,1961-12-31,2.93680678458144
WDI:SP.POP.4044.MA.5Y:BIH,1962-12-31,3.23691827796494
WDI:SP.POP.4044.MA.5Y:BIH,1963-12-31,3.54578129803962
WDI:SP.POP.4044.MA.5Y:BIH,1964-12-31,3.82045709131294
WDI:SP.POP.4044.MA.5Y:BIH,1965-12-31,4.07142270322538
WDI:SP.POP.4044.MA.5Y:BIH,1966-12-31,4.34175954138435
WDI:SP.POP.4044.MA.5Y:BIH,1967-12-31,4.68275900721267
WDI:SP.POP.4044.MA.5Y:BIH,1968-12-31,5.10381290960099
WDI:SP.POP.4044.MA.5Y:BIH,1969-12-31,5.56369486964752
WDI:SP.POP.4044.MA.5Y:BIH,1970-12-31,6.00182490082182
WDI:SP.POP.4044.MA.5Y:BIH,1971-12-31,6.36388708501135
WDI:SP.POP.4044.MA.5Y:BIH,1972-12-31,6.6206169526043
WDI:SP.POP.4044.MA.5Y:BIH,1973-12-31,6.77726232747977
WDI:SP.POP.4044.MA.5Y:BIH,1974-12-31,6.86248699602981
WDI:SP.POP.4044.MA.5Y:BIH,1975-12-31,6.91187925500244
WDI:SP.POP.4044.MA.5Y:BIH,1976-12-31,6.94416806583338
WDI:SP.POP.4044.MA.5Y:BIH,1977-12-31,6.95412704419177
WDI:SP.POP.4044.MA.5Y:BIH,1978-12-31,6.9302980390129
WDI:SP.POP.4044.MA.5Y:BIH,1979-12-31,6.85919961617871
WDI:SP.POP.4044.MA.5Y:BIH,1980-12-31,6.72508487918134
WDI:SP.POP.4044.MA.5Y:BIH,1981-12-31,6.51843281630126
WDI:SP.POP.4044.MA.5Y:BIH,1982-12-31,6.23326272033255
WDI:SP.POP.4044.MA.5Y:BIH,1983-12-31,5.88067834032483
WDI:SP.POP.4044.MA.5Y:BIH,1984-12-31,5.51707271079987
WDI:SP.POP.4044.MA.5Y:BIH,1985-12-31,5.22739973067728
WDI:SP.POP.4044.MA.5Y:BIH,1986-12-31,5.07665740197431
WDI:SP.POP.4044.MA.5Y:BIH,1987-12-31,5.10223983775582
WDI:SP.POP.4044.MA.5Y:BIH,1988-12-31,5.30691038055534
WDI:SP.POP.4044.MA.5Y:BIH,1989-12-31,5.62395046410399
WDI:SP.POP.4044.MA.5Y:BIH,1990-12-31,5.97221536939116
WDI:SP.POP.4044.MA.5Y:BIH,1991-12-31,6.31841298322751
WDI:SP.POP.4044.MA.5Y:BIH,1992-12-31,6.6496028651615
WDI:SP.POP.4044.MA.5Y:BIH,1993-12-31,6.9663967874672
WDI:SP.POP.4044.MA.5Y:BIH,1994-12-31,7.24688826282201
WDI:SP.POP.4044.MA.5Y:BIH,1995-12-31,7.4491668535004
WDI:SP.POP.4044.MA.5Y:BIH,1996-12-31,7.52405264993885
WDI:SP.POP.4044.MA.5Y:BIH,1997-12-31,7.55146982374831
WDI:SP.POP.4044.MA.5Y:BIH,1998-12-31,7.5699889908839
WDI:SP.POP.4044.MA.5Y:BIH,1999-12-31,7.5895887446271
WDI:SP.POP.4044.MA.5Y:BIH,2000-12-31,7.62869852705969
WDI:SP.POP.4044.MA.5Y:BIH,2001-12-31,7.67913378542848
WDI:SP.POP.4044.MA.5Y:BIH,2002-12-31,7.71459647704793
WDI:SP.POP.4044.MA.5Y:BIH,2003-12-31,7.70952399884081
WDI:SP.POP.4044.MA.5Y:BIH,2004-12-31,7.65308826758676
WDI:SP.POP.4044.MA.5Y:BIH,2005-12-31,7.54688322088576
WDI:SP.POP.4044.MA.5Y:BIH,2006-12-31,7.406119906033
WDI:SP.POP.4044.MA.5Y:BIH,2007-12-31,7.25317579829337
WDI:SP.POP.4044.MA.5Y:BIH,2008-12-31,7.08939582548518
WDI:SP.POP.4044.MA.5Y:BIH,2009-12-31,6.91191578173324
WDI:SP.POP.4044.MA.5Y:BIH,2010-12-31,6.73929388824166
WDI:SP.POP.4044.MA.5Y:BIH,2011-12-31,6.6076960029154
WDI:SP.POP.4044.MA.5Y:BIH,2012-12-31,6.54805605883743
WDI:SP.POP.4044.MA.5Y:BIH,2013-12-31,6.58706235201999
WDI:SP.POP.4044.MA.5Y:BIH,2014-12-31,6.73489256604674
WDI:SP.POP.4044.MA.5Y:BIH,2015-12-31,6.96775293144975
WDI:SP.POP.4044.MA.5Y:BIH,2016-12-31,7.24430208966291
WDI:SP.POP.4044.MA.5Y:BIH,2017-12-31,7.52151112984156
WDI:SP.POP.4044.MA.5Y:BIH,2018-12-31,7.76135909555081
WDI:SP.POP.4044.MA.5Y:BIH,2019-12-31,7.94036669271739
WDI:SP.POP.4044.MA.5Y:BIH,2020-12-31,8.05789516461905
WDI:SP.POP.4044.MA.5Y:BIH,2021-12-31,8.09638911755835
WDI:SP.POP.4044.MA.5Y:BIH,2022-12-31,8.06781246760541
WDI:SP.POP.4044.MA.5Y:BIH,2023-12-31,8.00519190026587
WDI:SP.POP.4044.MA.5Y:BIH,2024-12-31,7.90878170958919
WDI:SP.POP.4044.MA.5Y:BLR,1960-12-31,3.38727140614234
WDI:SP.POP.4044.MA.5Y:BLR,1961-12-31,3.55443031200982
WDI:SP.POP.4044.MA.5Y:BLR,1962-12-31,3.89548660435612
WDI:SP.POP.4044.MA.5Y:BLR,1963-12-31,4.33261837723569
WDI:SP.POP.4044.MA.5Y:BLR,1964-12-31,4.74177374662926
WDI:SP.POP.4044.MA.5Y:BLR,1965-12-31,5.15664697908905
WDI:SP.POP.4044.MA.5Y:BLR,1966-12-31,5.60541483318345
WDI:SP.POP.4044.MA.5Y:BLR,1967-12-31,6.10951275055525
WDI:SP.POP.4044.MA.5Y:BLR,1968-12-31,6.63335669913589
WDI:SP.POP.4044.MA.5Y:BLR,1969-12-31,7.15829034905716
WDI:SP.POP.4044.MA.5Y:BLR,1970-12-31,7.67707228453772
WDI:SP.POP.4044.MA.5Y:BLR,1971-12-31,8.035398665804
WDI:SP.POP.4044.MA.5Y:BLR,1972-12-31,8.14473712590164
WDI:SP.POP.4044.MA.5Y:BLR,1973-12-31,7.99794384877694
WDI:SP.POP.4044.MA.5Y:BLR,1974-12-31,7.66642331704015
WDI:SP.POP.4044.MA.5Y:BLR,1975-12-31,7.34412175246774
WDI:SP.POP.4044.MA.5Y:BLR,1976-12-31,7.21938504640837
WDI:SP.POP.4044.MA.5Y:BLR,1977-12-31,7.26212934917181
WDI:SP.POP.4044.MA.5Y:BLR,1978-12-31,7.38319196783097
WDI:SP.POP.4044.MA.5Y:BLR,1979-12-31,7.5696532440234
WDI:SP.POP.4044.MA.5Y:BLR,1980-12-31,7.60261613026438
WDI:SP.POP.4044.MA.5Y:BLR,1981-12-31,7.42436380443162
WDI:SP.POP.4044.MA.5Y:BLR,1982-12-31,6.9804235722632
WDI:SP.POP.4044.MA.5Y:BLR,1983-12-31,6.28044189349001
WDI:SP.POP.4044.MA.5Y:BLR,1984-12-31,5.58463999902764
WDI:SP.POP.4044.MA.5Y:BLR,1985-12-31,4.99436689881316
WDI:SP.POP.4044.MA.5Y:BLR,1986-12-31,4.61405866995567
WDI:SP.POP.4044.MA.5Y:BLR,1987-12-31,4.66933138374799
WDI:SP.POP.4044.MA.5Y:BLR,1988-12-31,5.08244046054861
WDI:SP.POP.4044.MA.5Y:BLR,1989-12-31,5.66886787467853
WDI:SP.POP.4044.MA.5Y:BLR,1990-12-31,6.2985354399908
WDI:SP.POP.4044.MA.5Y:BLR,1991-12-31,6.809095141463
WDI:SP.POP.4044.MA.5Y:BLR,1992-12-31,7.1025439404679
WDI:SP.POP.4044.MA.5Y:BLR,1993-12-31,7.24846497127632
WDI:SP.POP.4044.MA.5Y:BLR,1994-12-31,7.31858853909549
WDI:SP.POP.4044.MA.5Y:BLR,1995-12-31,7.42956705345597
WDI:SP.POP.4044.MA.5Y:BLR,1996-12-31,7.63466745808919
WDI:SP.POP.4044.MA.5Y:BLR,1997-12-31,7.88087101046098
WDI:SP.POP.4044.MA.5Y:BLR,1998-12-31,8.17592404025443
WDI:SP.POP.4044.MA.5Y:BLR,1999-12-31,8.45594353162001
WDI:SP.POP.4044.MA.5Y:BLR,2000-12-31,8.69436388220634
WDI:SP.POP.4044.MA.5Y:BLR,2001-12-31,8.87288007694779
WDI:SP.POP.4044.MA.5Y:BLR,2002-12-31,8.93315977551832
WDI:SP.POP.4044.MA.5Y:BLR,2003-12-31,8.87933775088932
WDI:SP.POP.4044.MA.5Y:BLR,2004-12-31,8.70443940737474
WDI:SP.POP.4044.MA.5Y:BLR,2005-12-31,8.42090608722758
WDI:SP.POP.4044.MA.5Y:BLR,2006-12-31,8.09229597850746
WDI:SP.POP.4044.MA.5Y:BLR,2007-12-31,7.77774819255844
WDI:SP.POP.4044.MA.5Y:BLR,2008-12-31,7.49042111234554
WDI:SP.POP.4044.MA.5Y:BLR,2009-12-31,7.26703818524442
WDI:SP.POP.4044.MA.5Y:BLR,2010-12-31,7.14582024347282
WDI:SP.POP.4044.MA.5Y:BLR,2011-12-31,7.10679678249301
WDI:SP.POP.4044.MA.5Y:BLR,2012-12-31,7.11073895103012
WDI:SP.POP.4044.MA.5Y:BLR,2013-12-31,7.11815886593606
WDI:SP.POP.4044.MA.5Y:BLR,2014-12-31,7.13032526969394
WDI:SP.POP.4044.MA.5Y:BLR,2015-12-31,7.15628062933214
WDI:SP.POP.4044.MA.5Y:BLR,2016-12-31,7.17608019242963
WDI:SP.POP.4044.MA.5Y:BLR,2017-12-31,7.19748864641379
WDI:SP.POP.4044.MA.5Y:BLR,2018-12-31,7.25440786089511
WDI:SP.POP.4044.MA.5Y:BLR,2019-12-31,7.36131060123482
WDI:SP.POP.4044.MA.5Y:BLR,2020-12-31,7.501529091277
WDI:SP.POP.4044.MA.5Y:BLR,2021-12-31,7.66246444878671
WDI:SP.POP.4044.MA.5Y:BLR,2022-12-31,7.83830887411319
WDI:SP.POP.4044.MA.5Y:BLR,2023-12-31,8.08977018290834
WDI:SP.POP.4044.MA.5Y:BLR,2024-12-31,8.38128662841144
WDI:SP.POP.4044.MA.5Y:BLZ,1960-12-31,4.28304370430185
WDI:SP.POP.4044.MA.5Y:BLZ,1961-12-31,4.2371694760084
WDI:SP.POP.4044.MA.5Y:BLZ,1962-12-31,4.19632467791138
WDI:SP.POP.4044.MA.5Y:BLZ,1963-12-31,4.14956355228715
WDI:SP.POP.4044.MA.5Y:BLZ,1964-12-31,4.10399826076645
WDI:SP.POP.4044.MA.5Y:BLZ,1965-12-31,4.06380227044115
WDI:SP.POP.4044.MA.5Y:BLZ,1966-12-31,4.03052131293628
WDI:SP.POP.4044.MA.5Y:BLZ,1967-12-31,4.00352511645474
WDI:SP.POP.4044.MA.5Y:BLZ,1968-12-31,3.98319928196101
WDI:SP.POP.4044.MA.5Y:BLZ,1969-12-31,3.96920734286439
WDI:SP.POP.4044.MA.5Y:BLZ,1970-12-31,3.96216283200463
WDI:SP.POP.4044.MA.5Y:BLZ,1971-12-31,3.95209775174238
WDI:SP.POP.4044.MA.5Y:BLZ,1972-12-31,3.92853436369878
WDI:SP.POP.4044.MA.5Y:BLZ,1973-12-31,3.88319744632004
WDI:SP.POP.4044.MA.5Y:BLZ,1974-12-31,3.81358886366982
WDI:SP.POP.4044.MA.5Y:BLZ,1975-12-31,3.73267191137757
WDI:SP.POP.4044.MA.5Y:BLZ,1976-12-31,3.66114317631726
WDI:SP.POP.4044.MA.5Y:BLZ,1977-12-31,3.60485117051981
WDI:SP.POP.4044.MA.5Y:BLZ,1978-12-31,3.57040947353403
WDI:SP.POP.4044.MA.5Y:BLZ,1979-12-31,3.5512662158673
WDI:SP.POP.4044.MA.5Y:BLZ,1980-12-31,3.52044569155747
WDI:SP.POP.4044.MA.5Y:BLZ,1981-12-31,3.47407058323764
WDI:SP.POP.4044.MA.5Y:BLZ,1982-12-31,3.41687271032635
WDI:SP.POP.4044.MA.5Y:BLZ,1983-12-31,3.34169282957367
WDI:SP.POP.4044.MA.5Y:BLZ,1984-12-31,3.25979666370546
WDI:SP.POP.4044.MA.5Y:BLZ,1985-12-31,3.20214119079626
WDI:SP.POP.4044.MA.5Y:BLZ,1986-12-31,3.18306920714997
WDI:SP.POP.4044.MA.5Y:BLZ,1987-12-31,3.21225186175731
WDI:SP.POP.4044.MA.5Y:BLZ,1988-12-31,3.30119530897609
WDI:SP.POP.4044.MA.5Y:BLZ,1989-12-31,3.44314101821672
WDI:SP.POP.4044.MA.5Y:BLZ,1990-12-31,3.60501821125051
WDI:SP.POP.4044.MA.5Y:BLZ,1991-12-31,3.76061335698898
WDI:SP.POP.4044.MA.5Y:BLZ,1992-12-31,3.86440958398395
WDI:SP.POP.4044.MA.5Y:BLZ,1993-12-31,3.9050543748163
WDI:SP.POP.4044.MA.5Y:BLZ,1994-12-31,3.94151240157383
WDI:SP.POP.4044.MA.5Y:BLZ,1995-12-31,4.02276599039802
WDI:SP.POP.4044.MA.5Y:BLZ,1996-12-31,4.15864006690661
WDI:SP.POP.4044.MA.5Y:BLZ,1997-12-31,4.31729554317295
WDI:SP.POP.4044.MA.5Y:BLZ,1998-12-31,4.48425571890762
WDI:SP.POP.4044.MA.5Y:BLZ,1999-12-31,4.65754586912716
WDI:SP.POP.4044.MA.5Y:BLZ,2000-12-31,4.82227561140886
WDI:SP.POP.4044.MA.5Y:BLZ,2001-12-31,4.95577336839589
WDI:SP.POP.4044.MA.5Y:BLZ,2002-12-31,5.0652311050393
WDI:SP.POP.4044.MA.5Y:BLZ,2003-12-31,5.16751845542306
WDI:SP.POP.4044.MA.5Y:BLZ,2004-12-31,5.25163313873363
WDI:SP.POP.4044.MA.5Y:BLZ,2005-12-31,5.3075356270684
WDI:SP.POP.4044.MA.5Y:BLZ,2006-12-31,5.33483184922625
WDI:SP.POP.4044.MA.5Y:BLZ,2007-12-31,5.34283829449224
WDI:SP.POP.4044.MA.5Y:BLZ,2008-12-31,5.34372162694576
WDI:SP.POP.4044.MA.5Y:BLZ,2009-12-31,5.35654962690381
WDI:SP.POP.4044.MA.5Y:BLZ,2010-12-31,5.40674525845808
WDI:SP.POP.4044.MA.5Y:BLZ,2011-12-31,5.48512534207751
WDI:SP.POP.4044.MA.5Y:BLZ,2012-12-31,5.56565373636001
WDI:SP.POP.4044.MA.5Y:BLZ,2013-12-31,5.63882711929611
WDI:SP.POP.4044.MA.5Y:BLZ,2014-12-31,5.69364170090703
WDI:SP.POP.4044.MA.5Y:BLZ,2015-12-31,5.73230991582196
WDI:SP.POP.4044.MA.5Y:BLZ,2016-12-31,5.77032489893696
WDI:SP.POP.4044.MA.5Y:BLZ,2017-12-31,5.80682696675779
WDI:SP.POP.4044.MA.5Y:BLZ,2018-12-31,5.83811999551536
WDI:SP.POP.4044.MA.5Y:BLZ,2019-12-31,5.88146041265376
WDI:SP.POP.4044.MA.5Y:BLZ,2020-12-31,5.94724123122429
WDI:SP.POP.4044.MA.5Y:BLZ,2021-12-31,6.04115081509785
WDI:SP.POP.4044.MA.5Y:BLZ,2022-12-31,6.16520380655749
WDI:SP.POP.4044.MA.5Y:BLZ,2023-12-31,6.30111766038354
WDI:SP.POP.4044.MA.5Y:BLZ,2024-12-31,6.44785736687543
WDI:SP.POP.4044.MA.5Y:BMU,1960-12-31,5.76107855173852
WDI:SP.POP.4044.MA.5Y:BMU,1961-12-31,5.7910596551646
WDI:SP.POP.4044.MA.5Y:BMU,1962-12-31,5.89090909090909
WDI:SP.POP.4044.MA.5Y:BMU,1963-12-31,6.03022626765704
WDI:SP.POP.4044.MA.5Y:BMU,1964-12-31,6.16976271754382
WDI:SP.POP.4044.MA.5Y:BMU,1965-12-31,6.28425357873211
WDI:SP.POP.4044.MA.5Y:BMU,1966-12-31,6.38489029089385
WDI:SP.POP.4044.MA.5Y:BMU,1967-12-31,6.44506073981485
WDI:SP.POP.4044.MA.5Y:BMU,1968-12-31,6.44012635206279
WDI:SP.POP.4044.MA.5Y:BMU,1969-12-31,6.4235850472902
WDI:SP.POP.4044.MA.5Y:BMU,1970-12-31,6.48363408243847
WDI:SP.POP.4044.MA.5Y:BMU,1971-12-31,6.61690723158261
WDI:SP.POP.4044.MA.5Y:BMU,1972-12-31,6.75631294701503
WDI:SP.POP.4044.MA.5Y:BMU,1973-12-31,6.88449349797836
WDI:SP.POP.4044.MA.5Y:BMU,1974-12-31,6.99045020463847
WDI:SP.POP.4044.MA.5Y:BMU,1975-12-31,7.06468385267062
WDI:SP.POP.4044.MA.5Y:BMU,1976-12-31,7.0062998434143
WDI:SP.POP.4044.MA.5Y:BMU,1977-12-31,6.80705727644652
WDI:SP.POP.4044.MA.5Y:BMU,1978-12-31,6.56993147924224
WDI:SP.POP.4044.MA.5Y:BMU,1979-12-31,6.3230644805529
WDI:SP.POP.4044.MA.5Y:BMU,1980-12-31,6.19761799735333
WDI:SP.POP.4044.MA.5Y:BMU,1981-12-31,6.21902828825863
WDI:SP.POP.4044.MA.5Y:BMU,1982-12-31,6.33008014830162
WDI:SP.POP.4044.MA.5Y:BMU,1983-12-31,6.54864059253907
WDI:SP.POP.4044.MA.5Y:BMU,1984-12-31,6.82981130042911
WDI:SP.POP.4044.MA.5Y:BMU,1985-12-31,7.15101749375223
WDI:SP.POP.4044.MA.5Y:BMU,1986-12-31,7.51949135986645
WDI:SP.POP.4044.MA.5Y:BMU,1987-12-31,7.78468493924837
WDI:SP.POP.4044.MA.5Y:BMU,1988-12-31,7.87908559799295
WDI:SP.POP.4044.MA.5Y:BMU,1989-12-31,7.8915263689916
WDI:SP.POP.4044.MA.5Y:BMU,1990-12-31,7.83505868503964
WDI:SP.POP.4044.MA.5Y:BMU,1991-12-31,7.86826038352395
WDI:SP.POP.4044.MA.5Y:BMU,1992-12-31,8.02884779710839
WDI:SP.POP.4044.MA.5Y:BMU,1993-12-31,8.21938749511661
WDI:SP.POP.4044.MA.5Y:BMU,1994-12-31,8.4289116737893
WDI:SP.POP.4044.MA.5Y:BMU,1995-12-31,8.61648649103045
WDI:SP.POP.4044.MA.5Y:BMU,1996-12-31,8.75062803550494
WDI:SP.POP.4044.MA.5Y:BMU,1997-12-31,8.79428371558487
WDI:SP.POP.4044.MA.5Y:BMU,1998-12-31,8.79188085753484
WDI:SP.POP.4044.MA.5Y:BMU,1999-12-31,8.89027349642552
WDI:SP.POP.4044.MA.5Y:BMU,2000-12-31,9.14510979344497
WDI:SP.POP.4044.MA.5Y:BMU,2001-12-31,9.40216686129493
WDI:SP.POP.4044.MA.5Y:BMU,2002-12-31,9.60513135360455
WDI:SP.POP.4044.MA.5Y:BMU,2003-12-31,9.86618572969839
WDI:SP.POP.4044.MA.5Y:BMU,2004-12-31,10.0326277383995
WDI:SP.POP.4044.MA.5Y:BMU,2005-12-31,9.95859944157387
WDI:SP.POP.4044.MA.5Y:BMU,2006-12-31,9.78921215035666
WDI:SP.POP.4044.MA.5Y:BMU,2007-12-31,9.54779494067607
WDI:SP.POP.4044.MA.5Y:BMU,2008-12-31,9.16726318301121
WDI:SP.POP.4044.MA.5Y:BMU,2009-12-31,8.75708002404835
WDI:SP.POP.4044.MA.5Y:BMU,2010-12-31,8.5331986872002
WDI:SP.POP.4044.MA.5Y:BMU,2011-12-31,8.50327778216571
WDI:SP.POP.4044.MA.5Y:BMU,2012-12-31,8.4733682826779
WDI:SP.POP.4044.MA.5Y:BMU,2013-12-31,8.41039958122492
WDI:SP.POP.4044.MA.5Y:BMU,2014-12-31,8.35726639480825
WDI:SP.POP.4044.MA.5Y:BMU,2015-12-31,8.25118656443958
WDI:SP.POP.4044.MA.5Y:BMU,2016-12-31,8.06110943480125
WDI:SP.POP.4044.MA.5Y:BMU,2017-12-31,7.86950309572948
WDI:SP.POP.4044.MA.5Y:BMU,2018-12-31,7.71328028405668
WDI:SP.POP.4044.MA.5Y:BMU,2019-12-31,7.58764713327427
WDI:SP.POP.4044.MA.5Y:BMU,2020-12-31,7.47213539199899
WDI:SP.POP.4044.MA.5Y:BMU,2021-12-31,7.33959410059246
WDI:SP.POP.4044.MA.5Y:BMU,2022-12-31,7.25281651303868
WDI:SP.POP.4044.MA.5Y:BMU,2023-12-31,7.22233621111444
WDI:SP.POP.4044.MA.5Y:BMU,2024-12-31,7.19967108904315
WDI:SP.POP.4044.MA.5Y:BOL,1960-12-31,4.27371076108677
WDI:SP.POP.4044.MA.5Y:BOL,1961-12-31,4.27299934448779
WDI:SP.POP.4044.MA.5Y:BOL,1962-12-31,4.28939171913265
WDI:SP.POP.4044.MA.5Y:BOL,1963-12-31,4.3233016842741
WDI:SP.POP.4044.MA.5Y:BOL,1964-12-31,4.37103603811507
WDI:SP.POP.4044.MA.5Y:BOL,1965-12-31,4.42595831586991
WDI:SP.POP.4044.MA.5Y:BOL,1966-12-31,4.4905659739421
WDI:SP.POP.4044.MA.5Y:BOL,1967-12-31,4.56755128795663
WDI:SP.POP.4044.MA.5Y:BOL,1968-12-31,4.64320960879729
WDI:SP.POP.4044.MA.5Y:BOL,1969-12-31,4.69630760880314
WDI:SP.POP.4044.MA.5Y:BOL,1970-12-31,4.72090709497784
WDI:SP.POP.4044.MA.5Y:BOL,1971-12-31,4.7210714274158
WDI:SP.POP.4044.MA.5Y:BOL,1972-12-31,4.69840995415296
WDI:SP.POP.4044.MA.5Y:BOL,1973-12-31,4.66038218723457
WDI:SP.POP.4044.MA.5Y:BOL,1974-12-31,4.61953008936622
WDI:SP.POP.4044.MA.5Y:BOL,1975-12-31,4.58402491340985
WDI:SP.POP.4044.MA.5Y:BOL,1976-12-31,4.55164341356438
WDI:SP.POP.4044.MA.5Y:BOL,1977-12-31,4.52143685516452
WDI:SP.POP.4044.MA.5Y:BOL,1978-12-31,4.49839811789625
WDI:SP.POP.4044.MA.5Y:BOL,1979-12-31,4.48880561591055
WDI:SP.POP.4044.MA.5Y:BOL,1980-12-31,4.49366220061389
WDI:SP.POP.4044.MA.5Y:BOL,1981-12-31,4.5120180351371
WDI:SP.POP.4044.MA.5Y:BOL,1982-12-31,4.54622871982496
WDI:SP.POP.4044.MA.5Y:BOL,1983-12-31,4.59674331069471
WDI:SP.POP.4044.MA.5Y:BOL,1984-12-31,4.65866304944413
WDI:SP.POP.4044.MA.5Y:BOL,1985-12-31,4.72651279667323
WDI:SP.POP.4044.MA.5Y:BOL,1986-12-31,4.79279593154884
WDI:SP.POP.4044.MA.5Y:BOL,1987-12-31,4.84029319575388
WDI:SP.POP.4044.MA.5Y:BOL,1988-12-31,4.83724960347765
WDI:SP.POP.4044.MA.5Y:BOL,1989-12-31,4.77227280782404
WDI:SP.POP.4044.MA.5Y:BOL,1990-12-31,4.68529703634697
WDI:SP.POP.4044.MA.5Y:BOL,1991-12-31,4.60071305887714
WDI:SP.POP.4044.MA.5Y:BOL,1992-12-31,4.52175543506486
WDI:SP.POP.4044.MA.5Y:BOL,1993-12-31,4.48061726955124
WDI:SP.POP.4044.MA.5Y:BOL,1994-12-31,4.49093418579133
WDI:SP.POP.4044.MA.5Y:BOL,1995-12-31,4.51972306348606
WDI:SP.POP.4044.MA.5Y:BOL,1996-12-31,4.55021653365689
WDI:SP.POP.4044.MA.5Y:BOL,1997-12-31,4.5912749907275
WDI:SP.POP.4044.MA.5Y:BOL,1998-12-31,4.64107078292741
WDI:SP.POP.4044.MA.5Y:BOL,1999-12-31,4.69565914039237
WDI:SP.POP.4044.MA.5Y:BOL,2000-12-31,4.75376498586999
WDI:SP.POP.4044.MA.5Y:BOL,2001-12-31,4.81434326382086
WDI:SP.POP.4044.MA.5Y:BOL,2002-12-31,4.87377110563388
WDI:SP.POP.4044.MA.5Y:BOL,2003-12-31,4.929626452613
WDI:SP.POP.4044.MA.5Y:BOL,2004-12-31,4.98226305843652
WDI:SP.POP.4044.MA.5Y:BOL,2005-12-31,5.03089737907177
WDI:SP.POP.4044.MA.5Y:BOL,2006-12-31,5.07701205368109
WDI:SP.POP.4044.MA.5Y:BOL,2007-12-31,5.12407895007077
WDI:SP.POP.4044.MA.5Y:BOL,2008-12-31,5.1740091618839
WDI:SP.POP.4044.MA.5Y:BOL,2009-12-31,5.22607828587559
WDI:SP.POP.4044.MA.5Y:BOL,2010-12-31,5.27879071963008
WDI:SP.POP.4044.MA.5Y:BOL,2011-12-31,5.33118222962876
WDI:SP.POP.4044.MA.5Y:BOL,2012-12-31,5.37944779640673
WDI:SP.POP.4044.MA.5Y:BOL,2013-12-31,5.4239971649956
WDI:SP.POP.4044.MA.5Y:BOL,2014-12-31,5.4688647786308
WDI:SP.POP.4044.MA.5Y:BOL,2015-12-31,5.51355613597814
WDI:SP.POP.4044.MA.5Y:BOL,2016-12-31,5.56433305979951
WDI:SP.POP.4044.MA.5Y:BOL,2017-12-31,5.62400164453807
WDI:SP.POP.4044.MA.5Y:BOL,2018-12-31,5.68425725396846
WDI:SP.POP.4044.MA.5Y:BOL,2019-12-31,5.74112192857297
WDI:SP.POP.4044.MA.5Y:BOL,2020-12-31,5.80836187749108
WDI:SP.POP.4044.MA.5Y:BOL,2021-12-31,5.88119020812215
WDI:SP.POP.4044.MA.5Y:BOL,2022-12-31,5.94437283135471
WDI:SP.POP.4044.MA.5Y:BOL,2023-12-31,6.00795520468912
WDI:SP.POP.4044.MA.5Y:BOL,2024-12-31,6.08207739384493
WDI:SP.POP.4044.MA.5Y:BRA,1960-12-31,4.44873354665125
WDI:SP.POP.4044.MA.5Y:BRA,1961-12-31,4.43767554558694
WDI:SP.POP.4044.MA.5Y:BRA,1962-12-31,4.44851353816605
WDI:SP.POP.4044.MA.5Y:BRA,1963-12-31,4.47759411180414
WDI:SP.POP.4044.MA.5Y:BRA,1964-12-31,4.5168315790826
WDI:SP.POP.4044.MA.5Y:BRA,1965-12-31,4.5564483353554
WDI:SP.POP.4044.MA.5Y:BRA,1966-12-31,4.59071899727016
WDI:SP.POP.4044.MA.5Y:BRA,1967-12-31,4.61911753024438
WDI:SP.POP.4044.MA.5Y:BRA,1968-12-31,4.63944699906921
WDI:SP.POP.4044.MA.5Y:BRA,1969-12-31,4.64849450031919
WDI:SP.POP.4044.MA.5Y:BRA,1970-12-31,4.64734194293499
WDI:SP.POP.4044.MA.5Y:BRA,1971-12-31,4.63870320411935
WDI:SP.POP.4044.MA.5Y:BRA,1972-12-31,4.62083895005837
WDI:SP.POP.4044.MA.5Y:BRA,1973-12-31,4.59308928179591
WDI:SP.POP.4044.MA.5Y:BRA,1974-12-31,4.56001878871619
WDI:SP.POP.4044.MA.5Y:BRA,1975-12-31,4.52801733414521
WDI:SP.POP.4044.MA.5Y:BRA,1976-12-31,4.50846741354298
WDI:SP.POP.4044.MA.5Y:BRA,1977-12-31,4.50615678245899
WDI:SP.POP.4044.MA.5Y:BRA,1978-12-31,4.52008771797783
WDI:SP.POP.4044.MA.5Y:BRA,1979-12-31,4.55168960931033
WDI:SP.POP.4044.MA.5Y:BRA,1980-12-31,4.59276569088212
WDI:SP.POP.4044.MA.5Y:BRA,1981-12-31,4.6308138440387
WDI:SP.POP.4044.MA.5Y:BRA,1982-12-31,4.66188254136103
WDI:SP.POP.4044.MA.5Y:BRA,1983-12-31,4.68641508450074
WDI:SP.POP.4044.MA.5Y:BRA,1984-12-31,4.70731153884702
WDI:SP.POP.4044.MA.5Y:BRA,1985-12-31,4.73047902712695
WDI:SP.POP.4044.MA.5Y:BRA,1986-12-31,4.75217503987401
WDI:SP.POP.4044.MA.5Y:BRA,1987-12-31,4.78797026565329
WDI:SP.POP.4044.MA.5Y:BRA,1988-12-31,4.8596161921338
WDI:SP.POP.4044.MA.5Y:BRA,1989-12-31,4.97312472767354
WDI:SP.POP.4044.MA.5Y:BRA,1990-12-31,5.11305377814344
WDI:SP.POP.4044.MA.5Y:BRA,1991-12-31,5.26695611775193
WDI:SP.POP.4044.MA.5Y:BRA,1992-12-31,5.42610588903796
WDI:SP.POP.4044.MA.5Y:BRA,1993-12-31,5.57079312599518
WDI:SP.POP.4044.MA.5Y:BRA,1994-12-31,5.69146087516371
WDI:SP.POP.4044.MA.5Y:BRA,1995-12-31,5.80134343538218
WDI:SP.POP.4044.MA.5Y:BRA,1996-12-31,5.91457004733671
WDI:SP.POP.4044.MA.5Y:BRA,1997-12-31,6.02622234002983
WDI:SP.POP.4044.MA.5Y:BRA,1998-12-31,6.13725628174786
WDI:SP.POP.4044.MA.5Y:BRA,1999-12-31,6.24793152832403
WDI:SP.POP.4044.MA.5Y:BRA,2000-12-31,6.3561281125012
WDI:SP.POP.4044.MA.5Y:BRA,2001-12-31,6.45964791377269
WDI:SP.POP.4044.MA.5Y:BRA,2002-12-31,6.55758069494853
WDI:SP.POP.4044.MA.5Y:BRA,2003-12-31,6.64758393302726
WDI:SP.POP.4044.MA.5Y:BRA,2004-12-31,6.7213692599585
WDI:SP.POP.4044.MA.5Y:BRA,2005-12-31,6.77119127701527
WDI:SP.POP.4044.MA.5Y:BRA,2006-12-31,6.79508243123508
WDI:SP.POP.4044.MA.5Y:BRA,2007-12-31,6.79153619008784
WDI:SP.POP.4044.MA.5Y:BRA,2008-12-31,6.76372812639878
WDI:SP.POP.4044.MA.5Y:BRA,2009-12-31,6.72782454889953
WDI:SP.POP.4044.MA.5Y:BRA,2010-12-31,6.70285140775551
WDI:SP.POP.4044.MA.5Y:BRA,2011-12-31,6.69923524287068
WDI:SP.POP.4044.MA.5Y:BRA,2012-12-31,6.72282906507037
WDI:SP.POP.4044.MA.5Y:BRA,2013-12-31,6.77401471748647
WDI:SP.POP.4044.MA.5Y:BRA,2014-12-31,6.83897775472853
WDI:SP.POP.4044.MA.5Y:BRA,2015-12-31,6.91019024801151
WDI:SP.POP.4044.MA.5Y:BRA,2016-12-31,6.9932428045682
WDI:SP.POP.4044.MA.5Y:BRA,2017-12-31,7.0870848598482
WDI:SP.POP.4044.MA.5Y:BRA,2018-12-31,7.18885920692806
WDI:SP.POP.4044.MA.5Y:BRA,2019-12-31,7.30304755738354
WDI:SP.POP.4044.MA.5Y:BRA,2020-12-31,7.42802143582378
WDI:SP.POP.4044.MA.5Y:BRA,2021-12-31,7.55199386185879
WDI:SP.POP.4044.MA.5Y:BRA,2022-12-31,7.66481812519278
WDI:SP.POP.4044.MA.5Y:BRA,2023-12-31,7.75702873385666
WDI:SP.POP.4044.MA.5Y:BRA,2024-12-31,7.82063403964891
WDI:SP.POP.4044.MA.5Y:BRB,1960-12-31,5.87241788395534
WDI:SP.POP.4044.MA.5Y:BRB,1961-12-31,5.63600747770553
WDI:SP.POP.4044.MA.5Y:BRB,1962-12-31,5.31103377216063
WDI:SP.POP.4044.MA.5Y:BRB,1963-12-31,4.95472078912076
WDI:SP.POP.4044.MA.5Y:BRB,1964-12-31,4.6713325336348
WDI:SP.POP.4044.MA.5Y:BRB,1965-12-31,4.48737619120681
WDI:SP.POP.4044.MA.5Y:BRB,1966-12-31,4.38220688494234
WDI:SP.POP.4044.MA.5Y:BRB,1967-12-31,4.36986409772635
WDI:SP.POP.4044.MA.5Y:BRB,1968-12-31,4.42845155076412
WDI:SP.POP.4044.MA.5Y:BRB,1969-12-31,4.51640759930915
WDI:SP.POP.4044.MA.5Y:BRB,1970-12-31,4.62640467897746
WDI:SP.POP.4044.MA.5Y:BRB,1971-12-31,4.76454407357228
WDI:SP.POP.4044.MA.5Y:BRB,1972-12-31,4.92342699986085
WDI:SP.POP.4044.MA.5Y:BRB,1973-12-31,5.08152539539511
WDI:SP.POP.4044.MA.5Y:BRB,1974-12-31,5.21539368558011
WDI:SP.POP.4044.MA.5Y:BRB,1975-12-31,5.32083598651844
WDI:SP.POP.4044.MA.5Y:BRB,1976-12-31,5.40021940921438
WDI:SP.POP.4044.MA.5Y:BRB,1977-12-31,5.45109135004042
WDI:SP.POP.4044.MA.5Y:BRB,1978-12-31,5.4788542891429
WDI:SP.POP.4044.MA.5Y:BRB,1979-12-31,5.52391270075471
WDI:SP.POP.4044.MA.5Y:BRB,1980-12-31,5.54417439440774
WDI:SP.POP.4044.MA.5Y:BRB,1981-12-31,5.51232584795699
WDI:SP.POP.4044.MA.5Y:BRB,1982-12-31,5.47668078487001
WDI:SP.POP.4044.MA.5Y:BRB,1983-12-31,5.4470700877807
WDI:SP.POP.4044.MA.5Y:BRB,1984-12-31,5.42615735535066
WDI:SP.POP.4044.MA.5Y:BRB,1985-12-31,5.42625402438487
WDI:SP.POP.4044.MA.5Y:BRB,1986-12-31,5.47116844006423
WDI:SP.POP.4044.MA.5Y:BRB,1987-12-31,5.56591691347154
WDI:SP.POP.4044.MA.5Y:BRB,1988-12-31,5.70233544797775
WDI:SP.POP.4044.MA.5Y:BRB,1989-12-31,5.85457865776005
WDI:SP.POP.4044.MA.5Y:BRB,1990-12-31,6.04938222224
WDI:SP.POP.4044.MA.5Y:BRB,1991-12-31,6.27130605361051
WDI:SP.POP.4044.MA.5Y:BRB,1992-12-31,6.46833410185877
WDI:SP.POP.4044.MA.5Y:BRB,1993-12-31,6.66407585268843
WDI:SP.POP.4044.MA.5Y:BRB,1994-12-31,6.88021093137604
WDI:SP.POP.4044.MA.5Y:BRB,1995-12-31,7.11387098050073
WDI:SP.POP.4044.MA.5Y:BRB,1996-12-31,7.35030094038929
WDI:SP.POP.4044.MA.5Y:BRB,1997-12-31,7.57457077300419
WDI:SP.POP.4044.MA.5Y:BRB,1998-12-31,7.74951711472088
WDI:SP.POP.4044.MA.5Y:BRB,1999-12-31,7.8795773170162
WDI:SP.POP.4044.MA.5Y:BRB,2000-12-31,8.01324503311258
WDI:SP.POP.4044.MA.5Y:BRB,2001-12-31,8.10654543150424
WDI:SP.POP.4044.MA.5Y:BRB,2002-12-31,8.11650470145375
WDI:SP.POP.4044.MA.5Y:BRB,2003-12-31,8.12467442944372
WDI:SP.POP.4044.MA.5Y:BRB,2004-12-31,8.10791849207215
WDI:SP.POP.4044.MA.5Y:BRB,2005-12-31,7.99728339963132
WDI:SP.POP.4044.MA.5Y:BRB,2006-12-31,7.87039005926859
WDI:SP.POP.4044.MA.5Y:BRB,2007-12-31,7.75259780775068
WDI:SP.POP.4044.MA.5Y:BRB,2008-12-31,7.59172843245896
WDI:SP.POP.4044.MA.5Y:BRB,2009-12-31,7.42605820661324
WDI:SP.POP.4044.MA.5Y:BRB,2010-12-31,7.3281664752546
WDI:SP.POP.4044.MA.5Y:BRB,2011-12-31,7.29837961121277
WDI:SP.POP.4044.MA.5Y:BRB,2012-12-31,7.31687056335901
WDI:SP.POP.4044.MA.5Y:BRB,2013-12-31,7.3412937420948
WDI:SP.POP.4044.MA.5Y:BRB,2014-12-31,7.32410438124981
WDI:SP.POP.4044.MA.5Y:BRB,2015-12-31,7.26494766632227
WDI:SP.POP.4044.MA.5Y:BRB,2016-12-31,7.14040341430993
WDI:SP.POP.4044.MA.5Y:BRB,2017-12-31,6.95629176568751
WDI:SP.POP.4044.MA.5Y:BRB,2018-12-31,6.79552836766094
WDI:SP.POP.4044.MA.5Y:BRB,2019-12-31,6.68896817214191
WDI:SP.POP.4044.MA.5Y:BRB,2020-12-31,6.58648063507337
WDI:SP.POP.4044.MA.5Y:BRB,2021-12-31,6.50502005806866
WDI:SP.POP.4044.MA.5Y:BRB,2022-12-31,6.52344889466552
WDI:SP.POP.4044.MA.5Y:BRB,2023-12-31,6.62064278300441
WDI:SP.POP.4044.MA.5Y:BRB,2024-12-31,6.70565561241443
WDI:SP.POP.4044.MA.5Y:BRN,1960-12-31,4.95693779904306
WDI:SP.POP.4044.MA.5Y:BRN,1961-12-31,4.93709897438488
WDI:SP.POP.4044.MA.5Y:BRN,1962-12-31,4.92524101833856
WDI:SP.POP.4044.MA.5Y:BRN,1963-12-31,4.9232432036345
WDI:SP.POP.4044.MA.5Y:BRN,1964-12-31,4.92848556645355
WDI:SP.POP.4044.MA.5Y:BRN,1965-12-31,4.93256070365673
WDI:SP.POP.4044.MA.5Y:BRN,1966-12-31,4.94110955755149
WDI:SP.POP.4044.MA.5Y:BRN,1967-12-31,4.95334569408644
WDI:SP.POP.4044.MA.5Y:BRN,1968-12-31,4.97244732576985
WDI:SP.POP.4044.MA.5Y:BRN,1969-12-31,4.9965852413441
WDI:SP.POP.4044.MA.5Y:BRN,1970-12-31,4.93236963687543
WDI:SP.POP.4044.MA.5Y:BRN,1971-12-31,4.80352480417755
WDI:SP.POP.4044.MA.5Y:BRN,1972-12-31,4.71591915205788
WDI:SP.POP.4044.MA.5Y:BRN,1973-12-31,4.63999316481344
WDI:SP.POP.4044.MA.5Y:BRN,1974-12-31,4.54765046896357
WDI:SP.POP.4044.MA.5Y:BRN,1975-12-31,4.43859180086349
WDI:SP.POP.4044.MA.5Y:BRN,1976-12-31,4.33127526806117
WDI:SP.POP.4044.MA.5Y:BRN,1977-12-31,4.2612234502592
WDI:SP.POP.4044.MA.5Y:BRN,1978-12-31,4.25180026092227
WDI:SP.POP.4044.MA.5Y:BRN,1979-12-31,4.29263870000349
WDI:SP.POP.4044.MA.5Y:BRN,1980-12-31,4.36068139874194
WDI:SP.POP.4044.MA.5Y:BRN,1981-12-31,4.43766747240804
WDI:SP.POP.4044.MA.5Y:BRN,1982-12-31,4.4982573172228
WDI:SP.POP.4044.MA.5Y:BRN,1983-12-31,4.53749873248068
WDI:SP.POP.4044.MA.5Y:BRN,1984-12-31,4.56748854387525
WDI:SP.POP.4044.MA.5Y:BRN,1985-12-31,4.6056528817435
WDI:SP.POP.4044.MA.5Y:BRN,1986-12-31,4.67622001870007
WDI:SP.POP.4044.MA.5Y:BRN,1987-12-31,4.80264490101092
WDI:SP.POP.4044.MA.5Y:BRN,1988-12-31,5.0048647891483
WDI:SP.POP.4044.MA.5Y:BRN,1989-12-31,5.29179012459282
WDI:SP.POP.4044.MA.5Y:BRN,1990-12-31,5.65577732032579
WDI:SP.POP.4044.MA.5Y:BRN,1991-12-31,6.04631546660532
WDI:SP.POP.4044.MA.5Y:BRN,1992-12-31,6.42100827771813
WDI:SP.POP.4044.MA.5Y:BRN,1993-12-31,6.76856040005837
WDI:SP.POP.4044.MA.5Y:BRN,1994-12-31,7.08593595684259
WDI:SP.POP.4044.MA.5Y:BRN,1995-12-31,7.37726960664897
WDI:SP.POP.4044.MA.5Y:BRN,1996-12-31,7.63520744282718
WDI:SP.POP.4044.MA.5Y:BRN,1997-12-31,7.8598894532869
WDI:SP.POP.4044.MA.5Y:BRN,1998-12-31,8.05913407018988
WDI:SP.POP.4044.MA.5Y:BRN,1999-12-31,8.23654928883297
WDI:SP.POP.4044.MA.5Y:BRN,2000-12-31,8.39148525255968
WDI:SP.POP.4044.MA.5Y:BRN,2001-12-31,8.51563217814753
WDI:SP.POP.4044.MA.5Y:BRN,2002-12-31,8.59834939229115
WDI:SP.POP.4044.MA.5Y:BRN,2003-12-31,8.62450160185031
WDI:SP.POP.4044.MA.5Y:BRN,2004-12-31,8.58760400782994
WDI:SP.POP.4044.MA.5Y:BRN,2005-12-31,8.51026263517987
WDI:SP.POP.4044.MA.5Y:BRN,2006-12-31,8.42096646705668
WDI:SP.POP.4044.MA.5Y:BRN,2007-12-31,8.20708694172371
WDI:SP.POP.4044.MA.5Y:BRN,2008-12-31,7.91866723961917
WDI:SP.POP.4044.MA.5Y:BRN,2009-12-31,7.7231258407729
WDI:SP.POP.4044.MA.5Y:BRN,2010-12-31,7.62244379540251
WDI:SP.POP.4044.MA.5Y:BRN,2011-12-31,7.61528651549559
WDI:SP.POP.4044.MA.5Y:BRN,2012-12-31,7.65774177735241
WDI:SP.POP.4044.MA.5Y:BRN,2013-12-31,7.70025091015301
WDI:SP.POP.4044.MA.5Y:BRN,2014-12-31,7.72815886113252
WDI:SP.POP.4044.MA.5Y:BRN,2015-12-31,7.74463081847607
WDI:SP.POP.4044.MA.5Y:BRN,2016-12-31,7.76031260888166
WDI:SP.POP.4044.MA.5Y:BRN,2017-12-31,7.78960428366201
WDI:SP.POP.4044.MA.5Y:BRN,2018-12-31,7.85720274037976
WDI:SP.POP.4044.MA.5Y:BRN,2019-12-31,7.97816413012309
WDI:SP.POP.4044.MA.5Y:BRN,2020-12-31,8.13135491782968
WDI:SP.POP.4044.MA.5Y:BRN,2021-12-31,8.30218739145717
WDI:SP.POP.4044.MA.5Y:BRN,2022-12-31,8.46733232576002
WDI:SP.POP.4044.MA.5Y:BRN,2023-12-31,8.58160303089943
WDI:SP.POP.4044.MA.5Y:BRN,2024-12-31,8.64570614570614
WDI:SP.POP.4044.MA.5Y:BTN,1960-12-31,4.76081591799403
WDI:SP.POP.4044.MA.5Y:BTN,1961-12-31,4.80591574669544
WDI:SP.POP.4044.MA.5Y:BTN,1962-12-31,4.85480667292202
WDI:SP.POP.4044.MA.5Y:BTN,1963-12-31,4.90767143222355
WDI:SP.POP.4044.MA.5Y:BTN,1964-12-31,4.9629539380002
WDI:SP.POP.4044.MA.5Y:BTN,1965-12-31,5.01985691234223
WDI:SP.POP.4044.MA.5Y:BTN,1966-12-31,5.07827809567244
WDI:SP.POP.4044.MA.5Y:BTN,1967-12-31,5.13791108110715
WDI:SP.POP.4044.MA.5Y:BTN,1968-12-31,5.19613651340971
WDI:SP.POP.4044.MA.5Y:BTN,1969-12-31,5.25094117004073
WDI:SP.POP.4044.MA.5Y:BTN,1970-12-31,5.30252458293617
WDI:SP.POP.4044.MA.5Y:BTN,1971-12-31,5.35158979341532
WDI:SP.POP.4044.MA.5Y:BTN,1972-12-31,5.39623045930234
WDI:SP.POP.4044.MA.5Y:BTN,1973-12-31,5.43457275802539
WDI:SP.POP.4044.MA.5Y:BTN,1974-12-31,5.46621795131709
WDI:SP.POP.4044.MA.5Y:BTN,1975-12-31,5.48942593453429
WDI:SP.POP.4044.MA.5Y:BTN,1976-12-31,5.50508019568909
WDI:SP.POP.4044.MA.5Y:BTN,1977-12-31,5.51586111740859
WDI:SP.POP.4044.MA.5Y:BTN,1978-12-31,5.52117904495851
WDI:SP.POP.4044.MA.5Y:BTN,1979-12-31,5.51822750051799
WDI:SP.POP.4044.MA.5Y:BTN,1980-12-31,5.50891134467478
WDI:SP.POP.4044.MA.5Y:BTN,1981-12-31,5.49467184628309
WDI:SP.POP.4044.MA.5Y:BTN,1982-12-31,5.47673878246502
WDI:SP.POP.4044.MA.5Y:BTN,1983-12-31,5.45966198851946
WDI:SP.POP.4044.MA.5Y:BTN,1984-12-31,5.4478112910298
WDI:SP.POP.4044.MA.5Y:BTN,1985-12-31,5.44189783411638
WDI:SP.POP.4044.MA.5Y:BTN,1986-12-31,5.43840177580466
WDI:SP.POP.4044.MA.5Y:BTN,1987-12-31,5.43122952547832
WDI:SP.POP.4044.MA.5Y:BTN,1988-12-31,5.38985004774728
WDI:SP.POP.4044.MA.5Y:BTN,1989-12-31,5.32887894566115
WDI:SP.POP.4044.MA.5Y:BTN,1990-12-31,5.25565520555868
WDI:SP.POP.4044.MA.5Y:BTN,1991-12-31,5.15837147582599
WDI:SP.POP.4044.MA.5Y:BTN,1992-12-31,5.05577644779734
WDI:SP.POP.4044.MA.5Y:BTN,1993-12-31,4.97523587159135
WDI:SP.POP.4044.MA.5Y:BTN,1994-12-31,4.91406005358199
WDI:SP.POP.4044.MA.5Y:BTN,1995-12-31,4.85942111987312
WDI:SP.POP.4044.MA.5Y:BTN,1996-12-31,4.82647347385961
WDI:SP.POP.4044.MA.5Y:BTN,1997-12-31,4.79801740829128
WDI:SP.POP.4044.MA.5Y:BTN,1998-12-31,4.77725798689583
WDI:SP.POP.4044.MA.5Y:BTN,1999-12-31,4.75548384745611
WDI:SP.POP.4044.MA.5Y:BTN,2000-12-31,4.74121255997547
WDI:SP.POP.4044.MA.5Y:BTN,2001-12-31,4.74976945891384
WDI:SP.POP.4044.MA.5Y:BTN,2002-12-31,4.78186840213402
WDI:SP.POP.4044.MA.5Y:BTN,2003-12-31,4.84049085174616
WDI:SP.POP.4044.MA.5Y:BTN,2004-12-31,4.92889458841485
WDI:SP.POP.4044.MA.5Y:BTN,2005-12-31,5.02211093806831
WDI:SP.POP.4044.MA.5Y:BTN,2006-12-31,5.0943411900226
WDI:SP.POP.4044.MA.5Y:BTN,2007-12-31,5.16207731684243
WDI:SP.POP.4044.MA.5Y:BTN,2008-12-31,5.2412508158142
WDI:SP.POP.4044.MA.5Y:BTN,2009-12-31,5.32492945051089
WDI:SP.POP.4044.MA.5Y:BTN,2010-12-31,5.40369749680394
WDI:SP.POP.4044.MA.5Y:BTN,2011-12-31,5.46869165184965
WDI:SP.POP.4044.MA.5Y:BTN,2012-12-31,5.51649701467783
WDI:SP.POP.4044.MA.5Y:BTN,2013-12-31,5.554537662128
WDI:SP.POP.4044.MA.5Y:BTN,2014-12-31,5.59272974281377
WDI:SP.POP.4044.MA.5Y:BTN,2015-12-31,5.65192471458188
WDI:SP.POP.4044.MA.5Y:BTN,2016-12-31,5.75433282018175
WDI:SP.POP.4044.MA.5Y:BTN,2017-12-31,5.95965254649438
WDI:SP.POP.4044.MA.5Y:BTN,2018-12-31,6.26746179667891
WDI:SP.POP.4044.MA.5Y:BTN,2019-12-31,6.61291794700173
WDI:SP.POP.4044.MA.5Y:BTN,2020-12-31,6.96138506514879
WDI:SP.POP.4044.MA.5Y:BTN,2021-12-31,7.27349270786348
WDI:SP.POP.4044.MA.5Y:BTN,2022-12-31,7.53591963471193
WDI:SP.POP.4044.MA.5Y:BTN,2023-12-31,7.75999058674752
WDI:SP.POP.4044.MA.5Y:BTN,2024-12-31,7.95726248234536
WDI:SP.POP.4044.MA.5Y:BWA,1960-12-31,4.04906986815998
WDI:SP.POP.4044.MA.5Y:BWA,1961-12-31,4.17284369233681
WDI:SP.POP.4044.MA.5Y:BWA,1962-12-31,4.32376460425107
WDI:SP.POP.4044.MA.5Y:BWA,1963-12-31,4.46240582370915
WDI:SP.POP.4044.MA.5Y:BWA,1964-12-31,4.53503170636024
WDI:SP.POP.4044.MA.5Y:BWA,1965-12-31,4.54589346456076
WDI:SP.POP.4044.MA.5Y:BWA,1966-12-31,4.48992404250116
WDI:SP.POP.4044.MA.5Y:BWA,1967-12-31,4.34434324591243
WDI:SP.POP.4044.MA.5Y:BWA,1968-12-31,4.15241468055387
WDI:SP.POP.4044.MA.5Y:BWA,1969-12-31,3.98071005373628
WDI:SP.POP.4044.MA.5Y:BWA,1970-12-31,3.85498965474078
WDI:SP.POP.4044.MA.5Y:BWA,1971-12-31,3.77262266876711
WDI:SP.POP.4044.MA.5Y:BWA,1972-12-31,3.77371648137462
WDI:SP.POP.4044.MA.5Y:BWA,1973-12-31,3.85639965933623
WDI:SP.POP.4044.MA.5Y:BWA,1974-12-31,3.93414665323951
WDI:SP.POP.4044.MA.5Y:BWA,1975-12-31,3.97790950259563
WDI:SP.POP.4044.MA.5Y:BWA,1976-12-31,4.01046013773718
WDI:SP.POP.4044.MA.5Y:BWA,1977-12-31,4.03603344280312
WDI:SP.POP.4044.MA.5Y:BWA,1978-12-31,4.1000638898017
WDI:SP.POP.4044.MA.5Y:BWA,1979-12-31,4.15624447019471
WDI:SP.POP.4044.MA.5Y:BWA,1980-12-31,4.07459850206804
WDI:SP.POP.4044.MA.5Y:BWA,1981-12-31,3.95314229830507
WDI:SP.POP.4044.MA.5Y:BWA,1982-12-31,3.8645184482622
WDI:SP.POP.4044.MA.5Y:BWA,1983-12-31,3.75737121131246
WDI:SP.POP.4044.MA.5Y:BWA,1984-12-31,3.65768922073097
WDI:SP.POP.4044.MA.5Y:BWA,1985-12-31,3.56733903737456
WDI:SP.POP.4044.MA.5Y:BWA,1986-12-31,3.4832796749245
WDI:SP.POP.4044.MA.5Y:BWA,1987-12-31,3.40288364906715
WDI:SP.POP.4044.MA.5Y:BWA,1988-12-31,3.32067516497223
WDI:SP.POP.4044.MA.5Y:BWA,1989-12-31,3.3120139738442
WDI:SP.POP.4044.MA.5Y:BWA,1990-12-31,3.3975001392997
WDI:SP.POP.4044.MA.5Y:BWA,1991-12-31,3.51349161827578
WDI:SP.POP.4044.MA.5Y:BWA,1992-12-31,3.6623402682045
WDI:SP.POP.4044.MA.5Y:BWA,1993-12-31,3.8388767177853
WDI:SP.POP.4044.MA.5Y:BWA,1994-12-31,3.97648530822706
WDI:SP.POP.4044.MA.5Y:BWA,1995-12-31,4.06641786255143
WDI:SP.POP.4044.MA.5Y:BWA,1996-12-31,4.16025176598442
WDI:SP.POP.4044.MA.5Y:BWA,1997-12-31,4.26556341476579
WDI:SP.POP.4044.MA.5Y:BWA,1998-12-31,4.37272737095471
WDI:SP.POP.4044.MA.5Y:BWA,1999-12-31,4.47310715866205
WDI:SP.POP.4044.MA.5Y:BWA,2000-12-31,4.5612949274631
WDI:SP.POP.4044.MA.5Y:BWA,2001-12-31,4.6305063965409
WDI:SP.POP.4044.MA.5Y:BWA,2002-12-31,4.65657707587854
WDI:SP.POP.4044.MA.5Y:BWA,2003-12-31,4.65258064774906
WDI:SP.POP.4044.MA.5Y:BWA,2004-12-31,4.65350617843795
WDI:SP.POP.4044.MA.5Y:BWA,2005-12-31,4.66591197746977
WDI:SP.POP.4044.MA.5Y:BWA,2006-12-31,4.69428749220805
WDI:SP.POP.4044.MA.5Y:BWA,2007-12-31,4.73945747883853
WDI:SP.POP.4044.MA.5Y:BWA,2008-12-31,4.79838089337763
WDI:SP.POP.4044.MA.5Y:BWA,2009-12-31,4.86648046682234
WDI:SP.POP.4044.MA.5Y:BWA,2010-12-31,4.94279807304104
WDI:SP.POP.4044.MA.5Y:BWA,2011-12-31,5.03101659179062
WDI:SP.POP.4044.MA.5Y:BWA,2012-12-31,5.10532682021305
WDI:SP.POP.4044.MA.5Y:BWA,2013-12-31,5.15942862666236
WDI:SP.POP.4044.MA.5Y:BWA,2014-12-31,5.20975680377302
WDI:SP.POP.4044.MA.5Y:BWA,2015-12-31,5.24169252604858
WDI:SP.POP.4044.MA.5Y:BWA,2016-12-31,5.27888930071213
WDI:SP.POP.4044.MA.5Y:BWA,2017-12-31,5.26683455261054
WDI:SP.POP.4044.MA.5Y:BWA,2018-12-31,5.21413409369062
WDI:SP.POP.4044.MA.5Y:BWA,2019-12-31,5.19620965364047
WDI:SP.POP.4044.MA.5Y:BWA,2020-12-31,5.19640215206929
WDI:SP.POP.4044.MA.5Y:BWA,2021-12-31,5.12882951589223
WDI:SP.POP.4044.MA.5Y:BWA,2022-12-31,5.16500690274053
WDI:SP.POP.4044.MA.5Y:BWA,2023-12-31,5.31892661864338
WDI:SP.POP.4044.MA.5Y:BWA,2024-12-31,5.41392390607573
WDI:SP.POP.4044.MA.5Y:CAF,1960-12-31,4.82414746489037
WDI:SP.POP.4044.MA.5Y:CAF,1961-12-31,4.79201241911724
WDI:SP.POP.4044.MA.5Y:CAF,1962-12-31,4.7678156584057
WDI:SP.POP.4044.MA.5Y:CAF,1963-12-31,4.74953416166467
WDI:SP.POP.4044.MA.5Y:CAF,1964-12-31,4.73340462158673
WDI:SP.POP.4044.MA.5Y:CAF,1965-12-31,4.71680312733337
WDI:SP.POP.4044.MA.5Y:CAF,1966-12-31,4.70030319275704
WDI:SP.POP.4044.MA.5Y:CAF,1967-12-31,4.6841128439286
WDI:SP.POP.4044.MA.5Y:CAF,1968-12-31,4.66529542814325
WDI:SP.POP.4044.MA.5Y:CAF,1969-12-31,4.64054872730935
WDI:SP.POP.4044.MA.5Y:CAF,1970-12-31,4.60898276285316
WDI:SP.POP.4044.MA.5Y:CAF,1971-12-31,4.57091948043151
WDI:SP.POP.4044.MA.5Y:CAF,1972-12-31,4.52700515451082
WDI:SP.POP.4044.MA.5Y:CAF,1973-12-31,4.47955932532997
WDI:SP.POP.4044.MA.5Y:CAF,1974-12-31,4.43103404690702
WDI:SP.POP.4044.MA.5Y:CAF,1975-12-31,4.38156456307851
WDI:SP.POP.4044.MA.5Y:CAF,1976-12-31,4.33514494071862
WDI:SP.POP.4044.MA.5Y:CAF,1977-12-31,4.29350596067666
WDI:SP.POP.4044.MA.5Y:CAF,1978-12-31,4.25370720614181
WDI:SP.POP.4044.MA.5Y:CAF,1979-12-31,4.21364674066256
WDI:SP.POP.4044.MA.5Y:CAF,1980-12-31,4.17297926532968
WDI:SP.POP.4044.MA.5Y:CAF,1981-12-31,4.13404773094528
WDI:SP.POP.4044.MA.5Y:CAF,1982-12-31,4.10162245361114
WDI:SP.POP.4044.MA.5Y:CAF,1983-12-31,4.08179497577613
WDI:SP.POP.4044.MA.5Y:CAF,1984-12-31,4.07927507037964
WDI:SP.POP.4044.MA.5Y:CAF,1985-12-31,4.09562948377551
WDI:SP.POP.4044.MA.5Y:CAF,1986-12-31,4.1254296578747
WDI:SP.POP.4044.MA.5Y:CAF,1987-12-31,4.15707715872742
WDI:SP.POP.4044.MA.5Y:CAF,1988-12-31,4.17760775163889
WDI:SP.POP.4044.MA.5Y:CAF,1989-12-31,4.24427375803516
WDI:SP.POP.4044.MA.5Y:CAF,1990-12-31,4.3968381297317
WDI:SP.POP.4044.MA.5Y:CAF,1991-12-31,4.57464942992188
WDI:SP.POP.4044.MA.5Y:CAF,1992-12-31,4.74401648797892
WDI:SP.POP.4044.MA.5Y:CAF,1993-12-31,4.91009768675603
WDI:SP.POP.4044.MA.5Y:CAF,1994-12-31,5.0204506445605
WDI:SP.POP.4044.MA.5Y:CAF,1995-12-31,5.03412299213107
WDI:SP.POP.4044.MA.5Y:CAF,1996-12-31,5.00131337466201
WDI:SP.POP.4044.MA.5Y:CAF,1997-12-31,4.95722158160166
WDI:SP.POP.4044.MA.5Y:CAF,1998-12-31,4.89978753269465
WDI:SP.POP.4044.MA.5Y:CAF,1999-12-31,4.8307663753572
WDI:SP.POP.4044.MA.5Y:CAF,2000-12-31,4.7513976759987
WDI:SP.POP.4044.MA.5Y:CAF,2001-12-31,4.65504125163651
WDI:SP.POP.4044.MA.5Y:CAF,2002-12-31,4.55163806583278
WDI:SP.POP.4044.MA.5Y:CAF,2003-12-31,4.44935743503062
WDI:SP.POP.4044.MA.5Y:CAF,2004-12-31,4.344987293067
WDI:SP.POP.4044.MA.5Y:CAF,2005-12-31,4.24731072930996
WDI:SP.POP.4044.MA.5Y:CAF,2006-12-31,4.15387989719619
WDI:SP.POP.4044.MA.5Y:CAF,2007-12-31,4.06882664287095
WDI:SP.POP.4044.MA.5Y:CAF,2008-12-31,4.0007717322264
WDI:SP.POP.4044.MA.5Y:CAF,2009-12-31,3.90789822139832
WDI:SP.POP.4044.MA.5Y:CAF,2010-12-31,3.80148437620254
WDI:SP.POP.4044.MA.5Y:CAF,2011-12-31,3.70888688163495
WDI:SP.POP.4044.MA.5Y:CAF,2012-12-31,3.58925666771431
WDI:SP.POP.4044.MA.5Y:CAF,2013-12-31,3.44502878415955
WDI:SP.POP.4044.MA.5Y:CAF,2014-12-31,3.25171193776279
WDI:SP.POP.4044.MA.5Y:CAF,2015-12-31,3.04257072523542
WDI:SP.POP.4044.MA.5Y:CAF,2016-12-31,2.87646497166946
WDI:SP.POP.4044.MA.5Y:CAF,2017-12-31,2.73402041997404
WDI:SP.POP.4044.MA.5Y:CAF,2018-12-31,2.6179696487996
WDI:SP.POP.4044.MA.5Y:CAF,2019-12-31,2.53667069822867
WDI:SP.POP.4044.MA.5Y:CAF,2020-12-31,2.50127769593843
WDI:SP.POP.4044.MA.5Y:CAF,2021-12-31,2.46677081795947
WDI:SP.POP.4044.MA.5Y:CAF,2022-12-31,2.40827224120544
WDI:SP.POP.4044.MA.5Y:CAF,2023-12-31,2.37193417564037
WDI:SP.POP.4044.MA.5Y:CAF,2024-12-31,2.35668082637662
WDI:SP.POP.4044.MA.5Y:CAN,1960-12-31,6.11560636258094
WDI:SP.POP.4044.MA.5Y:CAN,1961-12-31,6.08154136223501
WDI:SP.POP.4044.MA.5Y:CAN,1962-12-31,6.07501272852459
WDI:SP.POP.4044.MA.5Y:CAN,1963-12-31,6.09674440222035
WDI:SP.POP.4044.MA.5Y:CAN,1964-12-31,6.13832963847107
WDI:SP.POP.4044.MA.5Y:CAN,1965-12-31,6.18052193514546
WDI:SP.POP.4044.MA.5Y:CAN,1966-12-31,6.20461449005144
WDI:SP.POP.4044.MA.5Y:CAN,1967-12-31,6.20034487619653
WDI:SP.POP.4044.MA.5Y:CAN,1968-12-31,6.16176997380017
WDI:SP.POP.4044.MA.5Y:CAN,1969-12-31,6.09230044391484
WDI:SP.POP.4044.MA.5Y:CAN,1970-12-31,6.01234397206015
WDI:SP.POP.4044.MA.5Y:CAN,1971-12-31,5.95416872952604
WDI:SP.POP.4044.MA.5Y:CAN,1972-12-31,5.91786260273025
WDI:SP.POP.4044.MA.5Y:CAN,1973-12-31,5.87106369821368
WDI:SP.POP.4044.MA.5Y:CAN,1974-12-31,5.7943039800255
WDI:SP.POP.4044.MA.5Y:CAN,1975-12-31,5.69767998398319
WDI:SP.POP.4044.MA.5Y:CAN,1976-12-31,5.60300652333496
WDI:SP.POP.4044.MA.5Y:CAN,1977-12-31,5.51932248066706
WDI:SP.POP.4044.MA.5Y:CAN,1978-12-31,5.47490879638652
WDI:SP.POP.4044.MA.5Y:CAN,1979-12-31,5.49308234380907
WDI:SP.POP.4044.MA.5Y:CAN,1980-12-31,5.55850569481004
WDI:SP.POP.4044.MA.5Y:CAN,1981-12-31,5.65540236273303
WDI:SP.POP.4044.MA.5Y:CAN,1982-12-31,5.78201561086349
WDI:SP.POP.4044.MA.5Y:CAN,1983-12-31,5.93726335272594
WDI:SP.POP.4044.MA.5Y:CAN,1984-12-31,6.10866578698796
WDI:SP.POP.4044.MA.5Y:CAN,1985-12-31,6.29698993235369
WDI:SP.POP.4044.MA.5Y:CAN,1986-12-31,6.5395302568309
WDI:SP.POP.4044.MA.5Y:CAN,1987-12-31,6.82938100505371
WDI:SP.POP.4044.MA.5Y:CAN,1988-12-31,7.08954870439173
WDI:SP.POP.4044.MA.5Y:CAN,1989-12-31,7.30169338566297
WDI:SP.POP.4044.MA.5Y:CAN,1990-12-31,7.49295071852823
WDI:SP.POP.4044.MA.5Y:CAN,1991-12-31,7.61447263251204
WDI:SP.POP.4044.MA.5Y:CAN,1992-12-31,7.63925815312107
WDI:SP.POP.4044.MA.5Y:CAN,1993-12-31,7.66924571505202
WDI:SP.POP.4044.MA.5Y:CAN,1994-12-31,7.77248064216175
WDI:SP.POP.4044.MA.5Y:CAN,1995-12-31,7.91493833442289
WDI:SP.POP.4044.MA.5Y:CAN,1996-12-31,8.06770762950976
WDI:SP.POP.4044.MA.5Y:CAN,1997-12-31,8.2260813857918
WDI:SP.POP.4044.MA.5Y:CAN,1998-12-31,8.36464879971141
WDI:SP.POP.4044.MA.5Y:CAN,1999-12-31,8.46195761476816
WDI:SP.POP.4044.MA.5Y:CAN,2000-12-31,8.54529766984123
WDI:SP.POP.4044.MA.5Y:CAN,2001-12-31,8.62761247345937
WDI:SP.POP.4044.MA.5Y:CAN,2002-12-31,8.69192051257108
WDI:SP.POP.4044.MA.5Y:CAN,2003-12-31,8.74220857066975
WDI:SP.POP.4044.MA.5Y:CAN,2004-12-31,8.76466765348545
WDI:SP.POP.4044.MA.5Y:CAN,2005-12-31,8.69851849225028
WDI:SP.POP.4044.MA.5Y:CAN,2006-12-31,8.50262406590498
WDI:SP.POP.4044.MA.5Y:CAN,2007-12-31,8.19624086015026
WDI:SP.POP.4044.MA.5Y:CAN,2008-12-31,7.83619339817568
WDI:SP.POP.4044.MA.5Y:CAN,2009-12-31,7.49147910372191
WDI:SP.POP.4044.MA.5Y:CAN,2010-12-31,7.22510554793917
WDI:SP.POP.4044.MA.5Y:CAN,2011-12-31,7.05477773276494
WDI:SP.POP.4044.MA.5Y:CAN,2012-12-31,6.93588487637961
WDI:SP.POP.4044.MA.5Y:CAN,2013-12-31,6.82080084682346
WDI:SP.POP.4044.MA.5Y:CAN,2014-12-31,6.70123462168485
WDI:SP.POP.4044.MA.5Y:CAN,2015-12-31,6.58459667398648
WDI:SP.POP.4044.MA.5Y:CAN,2016-12-31,6.48373759947544
WDI:SP.POP.4044.MA.5Y:CAN,2017-12-31,6.42107603160167
WDI:SP.POP.4044.MA.5Y:CAN,2018-12-31,6.40265755272407
WDI:SP.POP.4044.MA.5Y:CAN,2019-12-31,6.41820928968474
WDI:SP.POP.4044.MA.5Y:CAN,2020-12-31,6.46700060906068
WDI:SP.POP.4044.MA.5Y:CAN,2021-12-31,6.54235698823538
WDI:SP.POP.4044.MA.5Y:CAN,2022-12-31,6.63312373843538
WDI:SP.POP.4044.MA.5Y:CAN,2023-12-31,6.73191010944053
WDI:SP.POP.4044.MA.5Y:CAN,2024-12-31,6.81494431240155
WDI:SP.POP.4044.MA.5Y:CEB,1960-12-31,4.4122761735604294
WDI:SP.POP.4044.MA.5Y:CEB,1961-12-31,4.759984287192771
WDI:SP.POP.4044.MA.5Y:CEB,1962-12-31,5.284788674112099
WDI:SP.POP.4044.MA.5Y:CEB,1963-12-31,5.870480198450354
WDI:SP.POP.4044.MA.5Y:CEB,1964-12-31,6.3100438433352295
WDI:SP.POP.4044.MA.5Y:CEB,1965-12-31,6.5636374938634985
WDI:SP.POP.4044.MA.5Y:CEB,1966-12-31,6.738033060664838
WDI:SP.POP.4044.MA.5Y:CEB,1967-12-31,6.849825693035063
WDI:SP.POP.4044.MA.5Y:CEB,1968-12-31,6.9439007766876
WDI:SP.POP.4044.MA.5Y:CEB,1969-12-31,7.046124263600031
WDI:SP.POP.4044.MA.5Y:CEB,1970-12-31,7.145722687384312
WDI:SP.POP.4044.MA.5Y:CEB,1971-12-31,7.218272354014535
WDI:SP.POP.4044.MA.5Y:CEB,1972-12-31,7.249494526424141
WDI:SP.POP.4044.MA.5Y:CEB,1973-12-31,7.206252609511261
WDI:SP.POP.4044.MA.5Y:CEB,1974-12-31,7.0968461332149815
WDI:SP.POP.4044.MA.5Y:CEB,1975-12-31,6.952687234295779
WDI:SP.POP.4044.MA.5Y:CEB,1976-12-31,6.812883220596132
WDI:SP.POP.4044.MA.5Y:CEB,1977-12-31,6.680975414706683
WDI:SP.POP.4044.MA.5Y:CEB,1978-12-31,6.556189068341887
WDI:SP.POP.4044.MA.5Y:CEB,1979-12-31,6.460002634397382
WDI:SP.POP.4044.MA.5Y:CEB,1980-12-31,6.367450723376971
WDI:SP.POP.4044.MA.5Y:CEB,1981-12-31,6.258044973047101
WDI:SP.POP.4044.MA.5Y:CEB,1982-12-31,6.124043533049449
WDI:SP.POP.4044.MA.5Y:CEB,1983-12-31,5.993553368843313
WDI:SP.POP.4044.MA.5Y:CEB,1984-12-31,5.886222916076725
WDI:SP.POP.4044.MA.5Y:CEB,1985-12-31,5.783195650593486
WDI:SP.POP.4044.MA.5Y:CEB,1986-12-31,5.798278686976609
WDI:SP.POP.4044.MA.5Y:CEB,1987-12-31,6.001067910386636
WDI:SP.POP.4044.MA.5Y:CEB,1988-12-31,6.306247822222539
WDI:SP.POP.4044.MA.5Y:CEB,1989-12-31,6.667710957010485
WDI:SP.POP.4044.MA.5Y:CEB,1990-12-31,7.0814098318253
WDI:SP.POP.4044.MA.5Y:CEB,1991-12-31,7.427437611793473
WDI:SP.POP.4044.MA.5Y:CEB,1992-12-31,7.627604781968315
WDI:SP.POP.4044.MA.5Y:CEB,1993-12-31,7.764644724867751
WDI:SP.POP.4044.MA.5Y:CEB,1994-12-31,7.857021271586439
WDI:SP.POP.4044.MA.5Y:CEB,1995-12-31,7.927132996185825
WDI:SP.POP.4044.MA.5Y:CEB,1996-12-31,7.989407184304001
WDI:SP.POP.4044.MA.5Y:CEB,1997-12-31,8.01765206086708
WDI:SP.POP.4044.MA.5Y:CEB,1998-12-31,7.986779498288232
WDI:SP.POP.4044.MA.5Y:CEB,1999-12-31,7.881107256046113
WDI:SP.POP.4044.MA.5Y:CEB,2000-12-31,7.694605243437349
WDI:SP.POP.4044.MA.5Y:CEB,2001-12-31,7.471383659916706
WDI:SP.POP.4044.MA.5Y:CEB,2002-12-31,7.240914318833845
WDI:SP.POP.4044.MA.5Y:CEB,2003-12-31,7.041491838707104
WDI:SP.POP.4044.MA.5Y:CEB,2004-12-31,6.891333963239712
WDI:SP.POP.4044.MA.5Y:CEB,2005-12-31,6.7659763559289035
WDI:SP.POP.4044.MA.5Y:CEB,2006-12-31,6.66897539774442
WDI:SP.POP.4044.MA.5Y:CEB,2007-12-31,6.693340209144278
WDI:SP.POP.4044.MA.5Y:CEB,2008-12-31,6.833007002644422
WDI:SP.POP.4044.MA.5Y:CEB,2009-12-31,6.983387759484912
WDI:SP.POP.4044.MA.5Y:CEB,2010-12-31,7.134702034027115
WDI:SP.POP.4044.MA.5Y:CEB,2011-12-31,7.294217290741351
WDI:SP.POP.4044.MA.5Y:CEB,2012-12-31,7.401982270414565
WDI:SP.POP.4044.MA.5Y:CEB,2013-12-31,7.447791648981071
WDI:SP.POP.4044.MA.5Y:CEB,2014-12-31,7.544497948460899
WDI:SP.POP.4044.MA.5Y:CEB,2015-12-31,7.721487638376791
WDI:SP.POP.4044.MA.5Y:CEB,2016-12-31,7.913099221366745
WDI:SP.POP.4044.MA.5Y:CEB,2017-12-31,8.090720730876344
WDI:SP.POP.4044.MA.5Y:CEB,2018-12-31,8.231714190952387
WDI:SP.POP.4044.MA.5Y:CEB,2019-12-31,8.29843310183472
WDI:SP.POP.4044.MA.5Y:CEB,2020-12-31,8.29819022805843
WDI:SP.POP.4044.MA.5Y:CEB,2021-12-31,8.266064825680386
WDI:SP.POP.4044.MA.5Y:CEB,2022-12-31,8.195602980381581
WDI:SP.POP.4044.MA.5Y:CEB,2023-12-31,8.085851211353335
WDI:SP.POP.4044.MA.5Y:CEB,2024-12-31,7.989136884921756
WDI:SP.POP.4044.MA.5Y:CHE,1960-12-31,5.94822492944078
WDI:SP.POP.4044.MA.5Y:CHE,1961-12-31,6.03456717029683
WDI:SP.POP.4044.MA.5Y:CHE,1962-12-31,6.13565041186636
WDI:SP.POP.4044.MA.5Y:CHE,1963-12-31,6.2548310103548
WDI:SP.POP.4044.MA.5Y:CHE,1964-12-31,6.36385640172425
WDI:SP.POP.4044.MA.5Y:CHE,1965-12-31,6.36540040000652
WDI:SP.POP.4044.MA.5Y:CHE,1966-12-31,6.28411905186538
WDI:SP.POP.4044.MA.5Y:CHE,1967-12-31,6.22809865445386
WDI:SP.POP.4044.MA.5Y:CHE,1968-12-31,6.19451624299567
WDI:SP.POP.4044.MA.5Y:CHE,1969-12-31,6.18884319771216
WDI:SP.POP.4044.MA.5Y:CHE,1970-12-31,6.27645927885213
WDI:SP.POP.4044.MA.5Y:CHE,1971-12-31,6.36249300940343
WDI:SP.POP.4044.MA.5Y:CHE,1972-12-31,6.38451981171825
WDI:SP.POP.4044.MA.5Y:CHE,1973-12-31,6.42468257248439
WDI:SP.POP.4044.MA.5Y:CHE,1974-12-31,6.49109844446855
WDI:SP.POP.4044.MA.5Y:CHE,1975-12-31,6.55442751803786
WDI:SP.POP.4044.MA.5Y:CHE,1976-12-31,6.60042247003758
WDI:SP.POP.4044.MA.5Y:CHE,1977-12-31,6.62165582931116
WDI:SP.POP.4044.MA.5Y:CHE,1978-12-31,6.63023074538505
WDI:SP.POP.4044.MA.5Y:CHE,1979-12-31,6.65054952591602
WDI:SP.POP.4044.MA.5Y:CHE,1980-12-31,6.66626114269283
WDI:SP.POP.4044.MA.5Y:CHE,1981-12-31,6.72393231291169
WDI:SP.POP.4044.MA.5Y:CHE,1982-12-31,6.88184690884286
WDI:SP.POP.4044.MA.5Y:CHE,1983-12-31,7.10639193621244
WDI:SP.POP.4044.MA.5Y:CHE,1984-12-31,7.34581079095813
WDI:SP.POP.4044.MA.5Y:CHE,1985-12-31,7.58897733392452
WDI:SP.POP.4044.MA.5Y:CHE,1986-12-31,7.80240105906254
WDI:SP.POP.4044.MA.5Y:CHE,1987-12-31,7.93373312939285
WDI:SP.POP.4044.MA.5Y:CHE,1988-12-31,7.9898596354998
WDI:SP.POP.4044.MA.5Y:CHE,1989-12-31,7.98257647380004
WDI:SP.POP.4044.MA.5Y:CHE,1990-12-31,7.92093765209035
WDI:SP.POP.4044.MA.5Y:CHE,1991-12-31,7.79308163787781
WDI:SP.POP.4044.MA.5Y:CHE,1992-12-31,7.65070562129428
WDI:SP.POP.4044.MA.5Y:CHE,1993-12-31,7.54289934651979
WDI:SP.POP.4044.MA.5Y:CHE,1994-12-31,7.47312355954383
WDI:SP.POP.4044.MA.5Y:CHE,1995-12-31,7.45736933441999
WDI:SP.POP.4044.MA.5Y:CHE,1996-12-31,7.51480504768802
WDI:SP.POP.4044.MA.5Y:CHE,1997-12-31,7.62446120518445
WDI:SP.POP.4044.MA.5Y:CHE,1998-12-31,7.74249885482822
WDI:SP.POP.4044.MA.5Y:CHE,1999-12-31,7.86588490793302
WDI:SP.POP.4044.MA.5Y:CHE,2000-12-31,7.98576440474444
WDI:SP.POP.4044.MA.5Y:CHE,2001-12-31,8.10162446262258
WDI:SP.POP.4044.MA.5Y:CHE,2002-12-31,8.22219461457966
WDI:SP.POP.4044.MA.5Y:CHE,2003-12-31,8.37263541041517
WDI:SP.POP.4044.MA.5Y:CHE,2004-12-31,8.54340701824882
WDI:SP.POP.4044.MA.5Y:CHE,2005-12-31,8.6869303083514
WDI:SP.POP.4044.MA.5Y:CHE,2006-12-31,8.774413205693
WDI:SP.POP.4044.MA.5Y:CHE,2007-12-31,8.78803580527008
WDI:SP.POP.4044.MA.5Y:CHE,2008-12-31,8.71347664948834
WDI:SP.POP.4044.MA.5Y:CHE,2009-12-31,8.55158035420885
WDI:SP.POP.4044.MA.5Y:CHE,2010-12-31,8.32335571744637
WDI:SP.POP.4044.MA.5Y:CHE,2011-12-31,8.09145389659114
WDI:SP.POP.4044.MA.5Y:CHE,2012-12-31,7.88374177649813
WDI:SP.POP.4044.MA.5Y:CHE,2013-12-31,7.67634356375364
WDI:SP.POP.4044.MA.5Y:CHE,2014-12-31,7.48090748963853
WDI:SP.POP.4044.MA.5Y:CHE,2015-12-31,7.30392478004096
WDI:SP.POP.4044.MA.5Y:CHE,2016-12-31,7.13093728993358
WDI:SP.POP.4044.MA.5Y:CHE,2017-12-31,7.00371297125153
WDI:SP.POP.4044.MA.5Y:CHE,2018-12-31,6.94452486035752
WDI:SP.POP.4044.MA.5Y:CHE,2019-12-31,6.92748321728802
WDI:SP.POP.4044.MA.5Y:CHE,2020-12-31,6.96878005383127
WDI:SP.POP.4044.MA.5Y:CHE,2021-12-31,7.05034709427778
WDI:SP.POP.4044.MA.5Y:CHE,2022-12-31,7.12593443085624
WDI:SP.POP.4044.MA.5Y:CHE,2023-12-31,7.18728899330034
WDI:SP.POP.4044.MA.5Y:CHE,2024-12-31,7.22258415501478
WDI:SP.POP.4044.MA.5Y:CHI,1960-12-31,6.07748679413734
WDI:SP.POP.4044.MA.5Y:CHI,1961-12-31,6.18252556076963
WDI:SP.POP.4044.MA.5Y:CHI,1962-12-31,6.36040145985401
WDI:SP.POP.4044.MA.5Y:CHI,1963-12-31,6.58268739679303
WDI:SP.POP.4044.MA.5Y:CHI,1964-12-31,6.73994896411428
WDI:SP.POP.4044.MA.5Y:CHI,1965-12-31,6.74482405765651
WDI:SP.POP.4044.MA.5Y:CHI,1966-12-31,6.70463167258235
WDI:SP.POP.4044.MA.5Y:CHI,1967-12-31,6.62160297972134
WDI:SP.POP.4044.MA.5Y:CHI,1968-12-31,6.45329103344761
WDI:SP.POP.4044.MA.5Y:CHI,1969-12-31,6.25348165904218
WDI:SP.POP.4044.MA.5Y:CHI,1970-12-31,6.10980274256318
WDI:SP.POP.4044.MA.5Y:CHI,1971-12-31,6.01019742006925
WDI:SP.POP.4044.MA.5Y:CHI,1972-12-31,5.98179347381175
WDI:SP.POP.4044.MA.5Y:CHI,1973-12-31,6.06469002695418
WDI:SP.POP.4044.MA.5Y:CHI,1974-12-31,6.17595383549058
WDI:SP.POP.4044.MA.5Y:CHI,1975-12-31,6.2865426818524
WDI:SP.POP.4044.MA.5Y:CHI,1976-12-31,6.40935635191627
WDI:SP.POP.4044.MA.5Y:CHI,1977-12-31,6.52631075849544
WDI:SP.POP.4044.MA.5Y:CHI,1978-12-31,6.63838322733677
WDI:SP.POP.4044.MA.5Y:CHI,1979-12-31,6.74112611967607
WDI:SP.POP.4044.MA.5Y:CHI,1980-12-31,6.77580682351257
WDI:SP.POP.4044.MA.5Y:CHI,1981-12-31,6.70361865547549
WDI:SP.POP.4044.MA.5Y:CHI,1982-12-31,6.56862129583124
WDI:SP.POP.4044.MA.5Y:CHI,1983-12-31,6.45419316761021
WDI:SP.POP.4044.MA.5Y:CHI,1984-12-31,6.39899816381251
WDI:SP.POP.4044.MA.5Y:CHI,1985-12-31,6.42422860617115
WDI:SP.POP.4044.MA.5Y:CHI,1986-12-31,6.63552737474709
WDI:SP.POP.4044.MA.5Y:CHI,1987-12-31,7.01751771517134
WDI:SP.POP.4044.MA.5Y:CHI,1988-12-31,7.41189240277337
WDI:SP.POP.4044.MA.5Y:CHI,1989-12-31,7.73220006729377
WDI:SP.POP.4044.MA.5Y:CHI,1990-12-31,7.94812634258891
WDI:SP.POP.4044.MA.5Y:CHI,1991-12-31,8.01804903944102
WDI:SP.POP.4044.MA.5Y:CHI,1992-12-31,7.88579197824609
WDI:SP.POP.4044.MA.5Y:CHI,1993-12-31,7.67223941618361
WDI:SP.POP.4044.MA.5Y:CHI,1994-12-31,7.53343950181748
WDI:SP.POP.4044.MA.5Y:CHI,1995-12-31,7.4780100525474
WDI:SP.POP.4044.MA.5Y:CHI,1996-12-31,7.4710637843228
WDI:SP.POP.4044.MA.5Y:CHI,1997-12-31,7.50051368528451
WDI:SP.POP.4044.MA.5Y:CHI,1998-12-31,7.58611455631977
WDI:SP.POP.4044.MA.5Y:CHI,1999-12-31,7.70837861144023
WDI:SP.POP.4044.MA.5Y:CHI,2000-12-31,7.84885749780154
WDI:SP.POP.4044.MA.5Y:CHI,2001-12-31,8.00985016648169
WDI:SP.POP.4044.MA.5Y:CHI,2002-12-31,8.14384432908172
WDI:SP.POP.4044.MA.5Y:CHI,2003-12-31,8.23841185928005
WDI:SP.POP.4044.MA.5Y:CHI,2004-12-31,8.36230113463784
WDI:SP.POP.4044.MA.5Y:CHI,2005-12-31,8.5233732361399
WDI:SP.POP.4044.MA.5Y:CHI,2006-12-31,8.65000994101663
WDI:SP.POP.4044.MA.5Y:CHI,2007-12-31,8.67517521791394
WDI:SP.POP.4044.MA.5Y:CHI,2008-12-31,8.63207240054691
WDI:SP.POP.4044.MA.5Y:CHI,2009-12-31,8.52750203312378
WDI:SP.POP.4044.MA.5Y:CHI,2010-12-31,8.38554432761412
WDI:SP.POP.4044.MA.5Y:CHI,2011-12-31,8.22604809425865
WDI:SP.POP.4044.MA.5Y:CHI,2012-12-31,8.04090067159759
WDI:SP.POP.4044.MA.5Y:CHI,2013-12-31,7.80289144265597
WDI:SP.POP.4044.MA.5Y:CHI,2014-12-31,7.50307655972255
WDI:SP.POP.4044.MA.5Y:CHI,2015-12-31,7.21460735315949
WDI:SP.POP.4044.MA.5Y:CHI,2016-12-31,6.98245440860746
WDI:SP.POP.4044.MA.5Y:CHI,2017-12-31,6.84569044556984
WDI:SP.POP.4044.MA.5Y:CHI,2018-12-31,6.77571239393791
WDI:SP.POP.4044.MA.5Y:CHI,2019-12-31,6.77846037348706
WDI:SP.POP.4044.MA.5Y:CHI,2020-12-31,6.83961977093755
WDI:SP.POP.4044.MA.5Y:CHI,2021-12-31,6.93182852462001
WDI:SP.POP.4044.MA.5Y:CHI,2022-12-31,7.04027597058734
WDI:SP.POP.4044.MA.5Y:CHI,2023-12-31,7.11556223626782
WDI:SP.POP.4044.MA.5Y:CHI,2024-12-31,7.1311554399152
WDI:SP.POP.4044.MA.5Y:CHL,1960-12-31,4.78564979056738
WDI:SP.POP.4044.MA.5Y:CHL,1961-12-31,4.81126950661807
WDI:SP.POP.4044.MA.5Y:CHL,1962-12-31,4.84821848318418
WDI:SP.POP.4044.MA.5Y:CHL,1963-12-31,4.90404021060397
WDI:SP.POP.4044.MA.5Y:CHL,1964-12-31,4.99182725735485
WDI:SP.POP.4044.MA.5Y:CHL,1965-12-31,5.10397132458009
WDI:SP.POP.4044.MA.5Y:CHL,1966-12-31,5.24491121860231
WDI:SP.POP.4044.MA.5Y:CHL,1967-12-31,5.42113383353347
WDI:SP.POP.4044.MA.5Y:CHL,1968-12-31,5.59632963911802
WDI:SP.POP.4044.MA.5Y:CHL,1969-12-31,5.71396962415127
WDI:SP.POP.4044.MA.5Y:CHL,1970-12-31,5.75744201022417
WDI:SP.POP.4044.MA.5Y:CHL,1971-12-31,5.73184315988432
WDI:SP.POP.4044.MA.5Y:CHL,1972-12-31,5.63840042882553
WDI:SP.POP.4044.MA.5Y:CHL,1973-12-31,5.50577839864442
WDI:SP.POP.4044.MA.5Y:CHL,1974-12-31,5.37877645067369
WDI:SP.POP.4044.MA.5Y:CHL,1975-12-31,5.27767735659307
WDI:SP.POP.4044.MA.5Y:CHL,1976-12-31,5.19695632829936
WDI:SP.POP.4044.MA.5Y:CHL,1977-12-31,5.13599690436657
WDI:SP.POP.4044.MA.5Y:CHL,1978-12-31,5.09264955681733
WDI:SP.POP.4044.MA.5Y:CHL,1979-12-31,5.06202965674809
WDI:SP.POP.4044.MA.5Y:CHL,1980-12-31,5.04287415333168
WDI:SP.POP.4044.MA.5Y:CHL,1981-12-31,5.03872036415124
WDI:SP.POP.4044.MA.5Y:CHL,1982-12-31,5.05230707787412
WDI:SP.POP.4044.MA.5Y:CHL,1983-12-31,5.08511528200528
WDI:SP.POP.4044.MA.5Y:CHL,1984-12-31,5.13690836552071
WDI:SP.POP.4044.MA.5Y:CHL,1985-12-31,5.19310581400417
WDI:SP.POP.4044.MA.5Y:CHL,1986-12-31,5.25975373456254
WDI:SP.POP.4044.MA.5Y:CHL,1987-12-31,5.35873714210371
WDI:SP.POP.4044.MA.5Y:CHL,1988-12-31,5.4915882524198
WDI:SP.POP.4044.MA.5Y:CHL,1989-12-31,5.64074017718394
WDI:SP.POP.4044.MA.5Y:CHL,1990-12-31,5.8058159888193
WDI:SP.POP.4044.MA.5Y:CHL,1991-12-31,5.97238929975832
WDI:SP.POP.4044.MA.5Y:CHL,1992-12-31,6.10905149879566
WDI:SP.POP.4044.MA.5Y:CHL,1993-12-31,6.21507497029002
WDI:SP.POP.4044.MA.5Y:CHL,1994-12-31,6.30375184850367
WDI:SP.POP.4044.MA.5Y:CHL,1995-12-31,6.38533955717147
WDI:SP.POP.4044.MA.5Y:CHL,1996-12-31,6.47146464383025
WDI:SP.POP.4044.MA.5Y:CHL,1997-12-31,6.569266846433
WDI:SP.POP.4044.MA.5Y:CHL,1998-12-31,6.66918208934922
WDI:SP.POP.4044.MA.5Y:CHL,1999-12-31,6.7684434776694
WDI:SP.POP.4044.MA.5Y:CHL,2000-12-31,6.86046833465706
WDI:SP.POP.4044.MA.5Y:CHL,2001-12-31,6.9359708279672
WDI:SP.POP.4044.MA.5Y:CHL,2002-12-31,7.00041228152692
WDI:SP.POP.4044.MA.5Y:CHL,2003-12-31,7.05858276890883
WDI:SP.POP.4044.MA.5Y:CHL,2004-12-31,7.1065482244033
WDI:SP.POP.4044.MA.5Y:CHL,2005-12-31,7.14717805296768
WDI:SP.POP.4044.MA.5Y:CHL,2006-12-31,7.1841806063802
WDI:SP.POP.4044.MA.5Y:CHL,2007-12-31,7.21304227587207
WDI:SP.POP.4044.MA.5Y:CHL,2008-12-31,7.22989797492343
WDI:SP.POP.4044.MA.5Y:CHL,2009-12-31,7.23657790776898
WDI:SP.POP.4044.MA.5Y:CHL,2010-12-31,7.23415235552033
WDI:SP.POP.4044.MA.5Y:CHL,2011-12-31,7.22078292643126
WDI:SP.POP.4044.MA.5Y:CHL,2012-12-31,7.19806057133419
WDI:SP.POP.4044.MA.5Y:CHL,2013-12-31,7.16876588825502
WDI:SP.POP.4044.MA.5Y:CHL,2014-12-31,7.13174700877326
WDI:SP.POP.4044.MA.5Y:CHL,2015-12-31,7.09089825449105
WDI:SP.POP.4044.MA.5Y:CHL,2016-12-31,7.053636768769
WDI:SP.POP.4044.MA.5Y:CHL,2017-12-31,7.02488193309605
WDI:SP.POP.4044.MA.5Y:CHL,2018-12-31,7.00754908458564
WDI:SP.POP.4044.MA.5Y:CHL,2019-12-31,7.00730404750367
WDI:SP.POP.4044.MA.5Y:CHL,2020-12-31,7.03400004058864
WDI:SP.POP.4044.MA.5Y:CHL,2021-12-31,7.08242356808835
WDI:SP.POP.4044.MA.5Y:CHL,2022-12-31,7.13817142095079
WDI:SP.POP.4044.MA.5Y:CHL,2023-12-31,7.20164734361646
WDI:SP.POP.4044.MA.5Y:CHL,2024-12-31,7.28079313080366
WDI:SP.POP.4044.MA.5Y:CHN,1960-12-31,5.11571867765772
WDI:SP.POP.4044.MA.5Y:CHN,1961-12-31,5.15805636657523
WDI:SP.POP.4044.MA.5Y:CHN,1962-12-31,5.15826329434733
WDI:SP.POP.4044.MA.5Y:CHN,1963-12-31,5.1158877348605
WDI:SP.POP.4044.MA.5Y:CHN,1964-12-31,5.10549116777209
WDI:SP.POP.4044.MA.5Y:CHN,1965-12-31,5.10179751399739
WDI:SP.POP.4044.MA.5Y:CHN,1966-12-31,5.06112797192422
WDI:SP.POP.4044.MA.5Y:CHN,1967-12-31,5.03774697567228
WDI:SP.POP.4044.MA.5Y:CHN,1968-12-31,5.04120811446346
WDI:SP.POP.4044.MA.5Y:CHN,1969-12-31,5.01017736584745
WDI:SP.POP.4044.MA.5Y:CHN,1970-12-31,4.97576847224733
WDI:SP.POP.4044.MA.5Y:CHN,1971-12-31,4.9733398067287
WDI:SP.POP.4044.MA.5Y:CHN,1972-12-31,4.98167020800077
WDI:SP.POP.4044.MA.5Y:CHN,1973-12-31,5.00873848350507
WDI:SP.POP.4044.MA.5Y:CHN,1974-12-31,5.05379818053391
WDI:SP.POP.4044.MA.5Y:CHN,1975-12-31,5.08552687369062
WDI:SP.POP.4044.MA.5Y:CHN,1976-12-31,5.11761205884961
WDI:SP.POP.4044.MA.5Y:CHN,1977-12-31,5.14697165018686
WDI:SP.POP.4044.MA.5Y:CHN,1978-12-31,5.12708460701679
WDI:SP.POP.4044.MA.5Y:CHN,1979-12-31,5.05397860503987
WDI:SP.POP.4044.MA.5Y:CHN,1980-12-31,4.98045392088144
WDI:SP.POP.4044.MA.5Y:CHN,1981-12-31,4.92914077458772
WDI:SP.POP.4044.MA.5Y:CHN,1982-12-31,4.86546956710747
WDI:SP.POP.4044.MA.5Y:CHN,1983-12-31,4.79325692287729
WDI:SP.POP.4044.MA.5Y:CHN,1984-12-31,4.7647511265175
WDI:SP.POP.4044.MA.5Y:CHN,1985-12-31,4.76686414560074
WDI:SP.POP.4044.MA.5Y:CHN,1986-12-31,4.79312706032141
WDI:SP.POP.4044.MA.5Y:CHN,1987-12-31,4.88716800010505
WDI:SP.POP.4044.MA.5Y:CHN,1988-12-31,5.05620617677977
WDI:SP.POP.4044.MA.5Y:CHN,1989-12-31,5.2645321203058
WDI:SP.POP.4044.MA.5Y:CHN,1990-12-31,5.5284943810794
WDI:SP.POP.4044.MA.5Y:CHN,1991-12-31,5.81641860859803
WDI:SP.POP.4044.MA.5Y:CHN,1992-12-31,6.14994222194143
WDI:SP.POP.4044.MA.5Y:CHN,1993-12-31,6.48492748115159
WDI:SP.POP.4044.MA.5Y:CHN,1994-12-31,6.76708811029116
WDI:SP.POP.4044.MA.5Y:CHN,1995-12-31,7.00711131166717
WDI:SP.POP.4044.MA.5Y:CHN,1996-12-31,7.14657571986827
WDI:SP.POP.4044.MA.5Y:CHN,1997-12-31,7.21976850560488
WDI:SP.POP.4044.MA.5Y:CHN,1998-12-31,7.20008624479189
WDI:SP.POP.4044.MA.5Y:CHN,1999-12-31,6.94977436214674
WDI:SP.POP.4044.MA.5Y:CHN,2000-12-31,6.51381109859992
WDI:SP.POP.4044.MA.5Y:CHN,2001-12-31,6.07108179084665
WDI:SP.POP.4044.MA.5Y:CHN,2002-12-31,5.91062244381264
WDI:SP.POP.4044.MA.5Y:CHN,2003-12-31,6.32183544609908
WDI:SP.POP.4044.MA.5Y:CHN,2004-12-31,7.05405843782905
WDI:SP.POP.4044.MA.5Y:CHN,2005-12-31,7.81579978747064
WDI:SP.POP.4044.MA.5Y:CHN,2006-12-31,8.59165022919795
WDI:SP.POP.4044.MA.5Y:CHN,2007-12-31,9.00056132052763
WDI:SP.POP.4044.MA.5Y:CHN,2008-12-31,8.97561930394325
WDI:SP.POP.4044.MA.5Y:CHN,2009-12-31,8.96151050954063
WDI:SP.POP.4044.MA.5Y:CHN,2010-12-31,9.04304870274722
WDI:SP.POP.4044.MA.5Y:CHN,2011-12-31,9.11546146891142
WDI:SP.POP.4044.MA.5Y:CHN,2012-12-31,9.17374753974652
WDI:SP.POP.4044.MA.5Y:CHN,2013-12-31,9.09640167290704
WDI:SP.POP.4044.MA.5Y:CHN,2014-12-31,8.8287638626691
WDI:SP.POP.4044.MA.5Y:CHN,2015-12-31,8.42942727531201
WDI:SP.POP.4044.MA.5Y:CHN,2016-12-31,7.95788894031189
WDI:SP.POP.4044.MA.5Y:CHN,2017-12-31,7.48476193515843
WDI:SP.POP.4044.MA.5Y:CHN,2018-12-31,7.02636468379942
WDI:SP.POP.4044.MA.5Y:CHN,2019-12-31,6.6921924629406
WDI:SP.POP.4044.MA.5Y:CHN,2020-12-31,6.54683567369194
WDI:SP.POP.4044.MA.5Y:CHN,2021-12-31,6.5603873420411
WDI:SP.POP.4044.MA.5Y:CHN,2022-12-31,6.74904955196142
WDI:SP.POP.4044.MA.5Y:CHN,2023-12-31,6.97035537903855
WDI:SP.POP.4044.MA.5Y:CHN,2024-12-31,7.12112644409119
WDI:SP.POP.4044.MA.5Y:CIV,1960-12-31,4.74246192230075
WDI:SP.POP.4044.MA.5Y:CIV,1961-12-31,4.80518641366387
WDI:SP.POP.4044.MA.5Y:CIV,1962-12-31,4.86684619652005
WDI:SP.POP.4044.MA.5Y:CIV,1963-12-31,4.92647416828183
WDI:SP.POP.4044.MA.5Y:CIV,1964-12-31,4.97040058899163
WDI:SP.POP.4044.MA.5Y:CIV,1965-12-31,5.00048963372296
WDI:SP.POP.4044.MA.5Y:CIV,1966-12-31,5.03028028752856
WDI:SP.POP.4044.MA.5Y:CIV,1967-12-31,5.05885226465185
WDI:SP.POP.4044.MA.5Y:CIV,1968-12-31,5.08573674284803
WDI:SP.POP.4044.MA.5Y:CIV,1969-12-31,5.11138462538592
WDI:SP.POP.4044.MA.5Y:CIV,1970-12-31,5.136796077523
WDI:SP.POP.4044.MA.5Y:CIV,1971-12-31,5.16268537980586
WDI:SP.POP.4044.MA.5Y:CIV,1972-12-31,5.1885638575692
WDI:SP.POP.4044.MA.5Y:CIV,1973-12-31,5.21165372052316
WDI:SP.POP.4044.MA.5Y:CIV,1974-12-31,5.22938907426458
WDI:SP.POP.4044.MA.5Y:CIV,1975-12-31,5.24088743903329
WDI:SP.POP.4044.MA.5Y:CIV,1976-12-31,5.22623326644712
WDI:SP.POP.4044.MA.5Y:CIV,1977-12-31,5.17832416077953
WDI:SP.POP.4044.MA.5Y:CIV,1978-12-31,5.10940828025608
WDI:SP.POP.4044.MA.5Y:CIV,1979-12-31,5.01831808125366
WDI:SP.POP.4044.MA.5Y:CIV,1980-12-31,4.9059332867942
WDI:SP.POP.4044.MA.5Y:CIV,1981-12-31,4.7773880067561
WDI:SP.POP.4044.MA.5Y:CIV,1982-12-31,4.64012463204761
WDI:SP.POP.4044.MA.5Y:CIV,1983-12-31,4.5029189824238
WDI:SP.POP.4044.MA.5Y:CIV,1984-12-31,4.37181818719257
WDI:SP.POP.4044.MA.5Y:CIV,1985-12-31,4.24937869432781
WDI:SP.POP.4044.MA.5Y:CIV,1986-12-31,4.13329575491317
WDI:SP.POP.4044.MA.5Y:CIV,1987-12-31,4.01546146592012
WDI:SP.POP.4044.MA.5Y:CIV,1988-12-31,3.87906252192853
WDI:SP.POP.4044.MA.5Y:CIV,1989-12-31,3.74426500294632
WDI:SP.POP.4044.MA.5Y:CIV,1990-12-31,3.64220098279268
WDI:SP.POP.4044.MA.5Y:CIV,1991-12-31,3.56950092767855
WDI:SP.POP.4044.MA.5Y:CIV,1992-12-31,3.52513598632917
WDI:SP.POP.4044.MA.5Y:CIV,1993-12-31,3.5173035724485
WDI:SP.POP.4044.MA.5Y:CIV,1994-12-31,3.53522629386768
WDI:SP.POP.4044.MA.5Y:CIV,1995-12-31,3.55321636770236
WDI:SP.POP.4044.MA.5Y:CIV,1996-12-31,3.56682924645205
WDI:SP.POP.4044.MA.5Y:CIV,1997-12-31,3.58088695757292
WDI:SP.POP.4044.MA.5Y:CIV,1998-12-31,3.59689651115815
WDI:SP.POP.4044.MA.5Y:CIV,1999-12-31,3.62973661994489
WDI:SP.POP.4044.MA.5Y:CIV,2000-12-31,3.67670456254112
WDI:SP.POP.4044.MA.5Y:CIV,2001-12-31,3.72135445108971
WDI:SP.POP.4044.MA.5Y:CIV,2002-12-31,3.76271850523133
WDI:SP.POP.4044.MA.5Y:CIV,2003-12-31,3.80144923076811
WDI:SP.POP.4044.MA.5Y:CIV,2004-12-31,3.83854030832527
WDI:SP.POP.4044.MA.5Y:CIV,2005-12-31,3.87211510514231
WDI:SP.POP.4044.MA.5Y:CIV,2006-12-31,3.90291450756157
WDI:SP.POP.4044.MA.5Y:CIV,2007-12-31,3.93509325430188
WDI:SP.POP.4044.MA.5Y:CIV,2008-12-31,4.0080607255254
WDI:SP.POP.4044.MA.5Y:CIV,2009-12-31,4.12060947669043
WDI:SP.POP.4044.MA.5Y:CIV,2010-12-31,4.23694206019688
WDI:SP.POP.4044.MA.5Y:CIV,2011-12-31,4.36157422045239
WDI:SP.POP.4044.MA.5Y:CIV,2012-12-31,4.49946987348664
WDI:SP.POP.4044.MA.5Y:CIV,2013-12-31,4.65343273814031
WDI:SP.POP.4044.MA.5Y:CIV,2014-12-31,4.78268420660585
WDI:SP.POP.4044.MA.5Y:CIV,2015-12-31,4.88461364786286
WDI:SP.POP.4044.MA.5Y:CIV,2016-12-31,4.99131174172763
WDI:SP.POP.4044.MA.5Y:CIV,2017-12-31,5.09411168415079
WDI:SP.POP.4044.MA.5Y:CIV,2018-12-31,5.18917716030418
WDI:SP.POP.4044.MA.5Y:CIV,2019-12-31,5.27147716638265
WDI:SP.POP.4044.MA.5Y:CIV,2020-12-31,5.33516402089495
WDI:SP.POP.4044.MA.5Y:CIV,2021-12-31,5.38161661238982
WDI:SP.POP.4044.MA.5Y:CIV,2022-12-31,5.41997723899325
WDI:SP.POP.4044.MA.5Y:CIV,2023-12-31,5.45174863212023
WDI:SP.POP.4044.MA.5Y:CIV,2024-12-31,5.46350683759676
WDI:SP.POP.4044.MA.5Y:CMR,1960-12-31,4.95864278046151
WDI:SP.POP.4044.MA.5Y:CMR,1961-12-31,4.91179041562828
WDI:SP.POP.4044.MA.5Y:CMR,1962-12-31,4.87439802662665
WDI:SP.POP.4044.MA.5Y:CMR,1963-12-31,4.84908365079796
WDI:SP.POP.4044.MA.5Y:CMR,1964-12-31,4.82333157749185
WDI:SP.POP.4044.MA.5Y:CMR,1965-12-31,4.79695391725226
WDI:SP.POP.4044.MA.5Y:CMR,1966-12-31,4.76914948626652
WDI:SP.POP.4044.MA.5Y:CMR,1967-12-31,4.73954423778701
WDI:SP.POP.4044.MA.5Y:CMR,1968-12-31,4.70723087720894
WDI:SP.POP.4044.MA.5Y:CMR,1969-12-31,4.67137237787149
WDI:SP.POP.4044.MA.5Y:CMR,1970-12-31,4.63278555487928
WDI:SP.POP.4044.MA.5Y:CMR,1971-12-31,4.5930082946191
WDI:SP.POP.4044.MA.5Y:CMR,1972-12-31,4.55293148279634
WDI:SP.POP.4044.MA.5Y:CMR,1973-12-31,4.51324542110022
WDI:SP.POP.4044.MA.5Y:CMR,1974-12-31,4.47379394587686
WDI:SP.POP.4044.MA.5Y:CMR,1975-12-31,4.43342722198203
WDI:SP.POP.4044.MA.5Y:CMR,1976-12-31,4.39149719171093
WDI:SP.POP.4044.MA.5Y:CMR,1977-12-31,4.34959710132074
WDI:SP.POP.4044.MA.5Y:CMR,1978-12-31,4.30943699129292
WDI:SP.POP.4044.MA.5Y:CMR,1979-12-31,4.26499441085699
WDI:SP.POP.4044.MA.5Y:CMR,1980-12-31,4.22592434828277
WDI:SP.POP.4044.MA.5Y:CMR,1981-12-31,4.19292265447404
WDI:SP.POP.4044.MA.5Y:CMR,1982-12-31,4.13771058825723
WDI:SP.POP.4044.MA.5Y:CMR,1983-12-31,4.07943486409126
WDI:SP.POP.4044.MA.5Y:CMR,1984-12-31,4.04549912569548
WDI:SP.POP.4044.MA.5Y:CMR,1985-12-31,4.0224303704377
WDI:SP.POP.4044.MA.5Y:CMR,1986-12-31,3.9967251439391
WDI:SP.POP.4044.MA.5Y:CMR,1987-12-31,3.95563160844445
WDI:SP.POP.4044.MA.5Y:CMR,1988-12-31,3.89062303583247
WDI:SP.POP.4044.MA.5Y:CMR,1989-12-31,3.81267752444912
WDI:SP.POP.4044.MA.5Y:CMR,1990-12-31,3.7498462698945
WDI:SP.POP.4044.MA.5Y:CMR,1991-12-31,3.70834230249897
WDI:SP.POP.4044.MA.5Y:CMR,1992-12-31,3.68729249674627
WDI:SP.POP.4044.MA.5Y:CMR,1993-12-31,3.69459325762882
WDI:SP.POP.4044.MA.5Y:CMR,1994-12-31,3.72115612303088
WDI:SP.POP.4044.MA.5Y:CMR,1995-12-31,3.74562107849776
WDI:SP.POP.4044.MA.5Y:CMR,1996-12-31,3.76400093226774
WDI:SP.POP.4044.MA.5Y:CMR,1997-12-31,3.78201379835725
WDI:SP.POP.4044.MA.5Y:CMR,1998-12-31,3.79904563164551
WDI:SP.POP.4044.MA.5Y:CMR,1999-12-31,3.81476330617167
WDI:SP.POP.4044.MA.5Y:CMR,2000-12-31,3.82747495811973
WDI:SP.POP.4044.MA.5Y:CMR,2001-12-31,3.83880048508054
WDI:SP.POP.4044.MA.5Y:CMR,2002-12-31,3.84942342992195
WDI:SP.POP.4044.MA.5Y:CMR,2003-12-31,3.85685233517249
WDI:SP.POP.4044.MA.5Y:CMR,2004-12-31,3.86097078811882
WDI:SP.POP.4044.MA.5Y:CMR,2005-12-31,3.86758385637173
WDI:SP.POP.4044.MA.5Y:CMR,2006-12-31,3.88177738586122
WDI:SP.POP.4044.MA.5Y:CMR,2007-12-31,3.90866823744375
WDI:SP.POP.4044.MA.5Y:CMR,2008-12-31,3.95062538749975
WDI:SP.POP.4044.MA.5Y:CMR,2009-12-31,4.00589649036116
WDI:SP.POP.4044.MA.5Y:CMR,2010-12-31,4.06826596469168
WDI:SP.POP.4044.MA.5Y:CMR,2011-12-31,4.13187619987797
WDI:SP.POP.4044.MA.5Y:CMR,2012-12-31,4.19209984467507
WDI:SP.POP.4044.MA.5Y:CMR,2013-12-31,4.24490347026049
WDI:SP.POP.4044.MA.5Y:CMR,2014-12-31,4.29456881962178
WDI:SP.POP.4044.MA.5Y:CMR,2015-12-31,4.33911968418791
WDI:SP.POP.4044.MA.5Y:CMR,2016-12-31,4.37709348975131
WDI:SP.POP.4044.MA.5Y:CMR,2017-12-31,4.41408281925784
WDI:SP.POP.4044.MA.5Y:CMR,2018-12-31,4.45346807886963
WDI:SP.POP.4044.MA.5Y:CMR,2019-12-31,4.49849282309446
WDI:SP.POP.4044.MA.5Y:CMR,2020-12-31,4.55145012956637
WDI:SP.POP.4044.MA.5Y:CMR,2021-12-31,4.61360570925884
WDI:SP.POP.4044.MA.5Y:CMR,2022-12-31,4.68477822015945
WDI:SP.POP.4044.MA.5Y:CMR,2023-12-31,4.74971155719512
WDI:SP.POP.4044.MA.5Y:CMR,2024-12-31,4.80138935696045
WDI:SP.POP.4044.MA.5Y:COD,1960-12-31,4.25657508012883
WDI:SP.POP.4044.MA.5Y:COD,1961-12-31,4.26274577458209
WDI:SP.POP.4044.MA.5Y:COD,1962-12-31,4.26680038012059
WDI:SP.POP.4044.MA.5Y:COD,1963-12-31,4.27056476188692
WDI:SP.POP.4044.MA.5Y:COD,1964-12-31,4.27602777981403
WDI:SP.POP.4044.MA.5Y:COD,1965-12-31,4.28438504760497
WDI:SP.POP.4044.MA.5Y:COD,1966-12-31,4.29616212024221
WDI:SP.POP.4044.MA.5Y:COD,1967-12-31,4.31129827881093
WDI:SP.POP.4044.MA.5Y:COD,1968-12-31,4.3279003512643
WDI:SP.POP.4044.MA.5Y:COD,1969-12-31,4.34267588669838
WDI:SP.POP.4044.MA.5Y:COD,1970-12-31,4.35488754060528
WDI:SP.POP.4044.MA.5Y:COD,1971-12-31,4.36433958931083
WDI:SP.POP.4044.MA.5Y:COD,1972-12-31,4.37258908449738
WDI:SP.POP.4044.MA.5Y:COD,1973-12-31,4.38191173293215
WDI:SP.POP.4044.MA.5Y:COD,1974-12-31,4.391482695545
WDI:SP.POP.4044.MA.5Y:COD,1975-12-31,4.40052924283122
WDI:SP.POP.4044.MA.5Y:COD,1976-12-31,4.40948407401212
WDI:SP.POP.4044.MA.5Y:COD,1977-12-31,4.41947108404858
WDI:SP.POP.4044.MA.5Y:COD,1978-12-31,4.44062162895238
WDI:SP.POP.4044.MA.5Y:COD,1979-12-31,4.46666796555997
WDI:SP.POP.4044.MA.5Y:COD,1980-12-31,4.48254463612604
WDI:SP.POP.4044.MA.5Y:COD,1981-12-31,4.49158737325786
WDI:SP.POP.4044.MA.5Y:COD,1982-12-31,4.4994888136274
WDI:SP.POP.4044.MA.5Y:COD,1983-12-31,4.51029922191103
WDI:SP.POP.4044.MA.5Y:COD,1984-12-31,4.52687191125382
WDI:SP.POP.4044.MA.5Y:COD,1985-12-31,4.54489358682707
WDI:SP.POP.4044.MA.5Y:COD,1986-12-31,4.5574127138483
WDI:SP.POP.4044.MA.5Y:COD,1987-12-31,4.56113191522452
WDI:SP.POP.4044.MA.5Y:COD,1988-12-31,4.54286926792462
WDI:SP.POP.4044.MA.5Y:COD,1989-12-31,4.49149586129474
WDI:SP.POP.4044.MA.5Y:COD,1990-12-31,4.42541814610582
WDI:SP.POP.4044.MA.5Y:COD,1991-12-31,4.36073702635154
WDI:SP.POP.4044.MA.5Y:COD,1992-12-31,4.30529448940163
WDI:SP.POP.4044.MA.5Y:COD,1993-12-31,4.27361657969118
WDI:SP.POP.4044.MA.5Y:COD,1994-12-31,4.29293836914754
WDI:SP.POP.4044.MA.5Y:COD,1995-12-31,4.31525857829997
WDI:SP.POP.4044.MA.5Y:COD,1996-12-31,4.29512846105175
WDI:SP.POP.4044.MA.5Y:COD,1997-12-31,4.26856578849146
WDI:SP.POP.4044.MA.5Y:COD,1998-12-31,4.26199946816466
WDI:SP.POP.4044.MA.5Y:COD,1999-12-31,4.26463518486293
WDI:SP.POP.4044.MA.5Y:COD,2000-12-31,4.26423083311774
WDI:SP.POP.4044.MA.5Y:COD,2001-12-31,4.26433658326037
WDI:SP.POP.4044.MA.5Y:COD,2002-12-31,4.26148628312318
WDI:SP.POP.4044.MA.5Y:COD,2003-12-31,4.25443598347537
WDI:SP.POP.4044.MA.5Y:COD,2004-12-31,4.24730103193836
WDI:SP.POP.4044.MA.5Y:COD,2005-12-31,4.24100859884647
WDI:SP.POP.4044.MA.5Y:COD,2006-12-31,4.23156979101554
WDI:SP.POP.4044.MA.5Y:COD,2007-12-31,4.21717978560633
WDI:SP.POP.4044.MA.5Y:COD,2008-12-31,4.19739723250547
WDI:SP.POP.4044.MA.5Y:COD,2009-12-31,4.17231135833744
WDI:SP.POP.4044.MA.5Y:COD,2010-12-31,4.14237686604104
WDI:SP.POP.4044.MA.5Y:COD,2011-12-31,4.10684326552346
WDI:SP.POP.4044.MA.5Y:COD,2012-12-31,4.06458681986008
WDI:SP.POP.4044.MA.5Y:COD,2013-12-31,4.01801715149827
WDI:SP.POP.4044.MA.5Y:COD,2014-12-31,3.96802956456322
WDI:SP.POP.4044.MA.5Y:COD,2015-12-31,3.91467239116945
WDI:SP.POP.4044.MA.5Y:COD,2016-12-31,3.86800955627487
WDI:SP.POP.4044.MA.5Y:COD,2017-12-31,3.8277441887691
WDI:SP.POP.4044.MA.5Y:COD,2018-12-31,3.78574759030987
WDI:SP.POP.4044.MA.5Y:COD,2019-12-31,3.75495231505682
WDI:SP.POP.4044.MA.5Y:COD,2020-12-31,3.74702846529451
WDI:SP.POP.4044.MA.5Y:COD,2021-12-31,3.75423260589457
WDI:SP.POP.4044.MA.5Y:COD,2022-12-31,3.77234762241359
WDI:SP.POP.4044.MA.5Y:COD,2023-12-31,3.80381249611428
WDI:SP.POP.4044.MA.5Y:COD,2024-12-31,3.84190463358404
WDI:SP.POP.4044.MA.5Y:COG,1960-12-31,4.65993783183262
WDI:SP.POP.4044.MA.5Y:COG,1961-12-31,4.62632789470108
WDI:SP.POP.4044.MA.5Y:COG,1962-12-31,4.5924052239584
WDI:SP.POP.4044.MA.5Y:COG,1963-12-31,4.55749072331652
WDI:SP.POP.4044.MA.5Y:COG,1964-12-31,4.52133301384699
WDI:SP.POP.4044.MA.5Y:COG,1965-12-31,4.48393339330174
WDI:SP.POP.4044.MA.5Y:COG,1966-12-31,4.44539877400222
WDI:SP.POP.4044.MA.5Y:COG,1967-12-31,4.40582595335073
WDI:SP.POP.4044.MA.5Y:COG,1968-12-31,4.36516021698268
WDI:SP.POP.4044.MA.5Y:COG,1969-12-31,4.32369258037224
WDI:SP.POP.4044.MA.5Y:COG,1970-12-31,4.281725414161
WDI:SP.POP.4044.MA.5Y:COG,1971-12-31,4.24009261234668
WDI:SP.POP.4044.MA.5Y:COG,1972-12-31,4.19949392904701
WDI:SP.POP.4044.MA.5Y:COG,1973-12-31,4.1604657198519
WDI:SP.POP.4044.MA.5Y:COG,1974-12-31,4.12228877226005
WDI:SP.POP.4044.MA.5Y:COG,1975-12-31,4.0890650388625
WDI:SP.POP.4044.MA.5Y:COG,1976-12-31,4.06389807283364
WDI:SP.POP.4044.MA.5Y:COG,1977-12-31,4.04845329626162
WDI:SP.POP.4044.MA.5Y:COG,1978-12-31,4.04281682981003
WDI:SP.POP.4044.MA.5Y:COG,1979-12-31,4.03863533664709
WDI:SP.POP.4044.MA.5Y:COG,1980-12-31,4.02824812868027
WDI:SP.POP.4044.MA.5Y:COG,1981-12-31,4.00133646400387
WDI:SP.POP.4044.MA.5Y:COG,1982-12-31,3.94065285039903
WDI:SP.POP.4044.MA.5Y:COG,1983-12-31,3.84563340500001
WDI:SP.POP.4044.MA.5Y:COG,1984-12-31,3.74213877818486
WDI:SP.POP.4044.MA.5Y:COG,1985-12-31,3.65249518297812
WDI:SP.POP.4044.MA.5Y:COG,1986-12-31,3.58691007213267
WDI:SP.POP.4044.MA.5Y:COG,1987-12-31,3.55335395675002
WDI:SP.POP.4044.MA.5Y:COG,1988-12-31,3.54554610920792
WDI:SP.POP.4044.MA.5Y:COG,1989-12-31,3.55022955479885
WDI:SP.POP.4044.MA.5Y:COG,1990-12-31,3.5664104086436
WDI:SP.POP.4044.MA.5Y:COG,1991-12-31,3.59202222575064
WDI:SP.POP.4044.MA.5Y:COG,1992-12-31,3.61321322857402
WDI:SP.POP.4044.MA.5Y:COG,1993-12-31,3.63834170092475
WDI:SP.POP.4044.MA.5Y:COG,1994-12-31,3.68427803881842
WDI:SP.POP.4044.MA.5Y:COG,1995-12-31,3.7502718449086
WDI:SP.POP.4044.MA.5Y:COG,1996-12-31,3.8339456125516
WDI:SP.POP.4044.MA.5Y:COG,1997-12-31,3.92316484385441
WDI:SP.POP.4044.MA.5Y:COG,1998-12-31,4.03173086165091
WDI:SP.POP.4044.MA.5Y:COG,1999-12-31,4.15394244422487
WDI:SP.POP.4044.MA.5Y:COG,2000-12-31,4.28987093956646
WDI:SP.POP.4044.MA.5Y:COG,2001-12-31,4.41052821904924
WDI:SP.POP.4044.MA.5Y:COG,2002-12-31,4.48703485468052
WDI:SP.POP.4044.MA.5Y:COG,2003-12-31,4.55745368972296
WDI:SP.POP.4044.MA.5Y:COG,2004-12-31,4.6339125548241
WDI:SP.POP.4044.MA.5Y:COG,2005-12-31,4.71173382162457
WDI:SP.POP.4044.MA.5Y:COG,2006-12-31,4.78666818081547
WDI:SP.POP.4044.MA.5Y:COG,2007-12-31,4.84962731362914
WDI:SP.POP.4044.MA.5Y:COG,2008-12-31,4.89690627566696
WDI:SP.POP.4044.MA.5Y:COG,2009-12-31,4.94887535123358
WDI:SP.POP.4044.MA.5Y:COG,2010-12-31,4.98950830523365
WDI:SP.POP.4044.MA.5Y:COG,2011-12-31,5.00676349177172
WDI:SP.POP.4044.MA.5Y:COG,2012-12-31,5.02846544054964
WDI:SP.POP.4044.MA.5Y:COG,2013-12-31,5.05296573958261
WDI:SP.POP.4044.MA.5Y:COG,2014-12-31,5.07584584533682
WDI:SP.POP.4044.MA.5Y:COG,2015-12-31,5.11392160705594
WDI:SP.POP.4044.MA.5Y:COG,2016-12-31,5.16605639447372
WDI:SP.POP.4044.MA.5Y:COG,2017-12-31,5.2148668901671
WDI:SP.POP.4044.MA.5Y:COG,2018-12-31,5.25629613743533
WDI:SP.POP.4044.MA.5Y:COG,2019-12-31,5.28067482232452
WDI:SP.POP.4044.MA.5Y:COG,2020-12-31,5.28298266063948
WDI:SP.POP.4044.MA.5Y:COG,2021-12-31,5.27311318000807
WDI:SP.POP.4044.MA.5Y:COG,2022-12-31,5.25028633315924
WDI:SP.POP.4044.MA.5Y:COG,2023-12-31,5.21672687194529
WDI:SP.POP.4044.MA.5Y:COG,2024-12-31,5.19265846413326
WDI:SP.POP.4044.MA.5Y:COL,1960-12-31,4.0124837718301
WDI:SP.POP.4044.MA.5Y:COL,1961-12-31,3.9749239663862
WDI:SP.POP.4044.MA.5Y:COL,1962-12-31,3.95482032177802
WDI:SP.POP.4044.MA.5Y:COL,1963-12-31,3.94752013048491
WDI:SP.POP.4044.MA.5Y:COL,1964-12-31,3.94434644660857
WDI:SP.POP.4044.MA.5Y:COL,1965-12-31,3.94125468340507
WDI:SP.POP.4044.MA.5Y:COL,1966-12-31,3.94000988065752
WDI:SP.POP.4044.MA.5Y:COL,1967-12-31,3.94159933843326
WDI:SP.POP.4044.MA.5Y:COL,1968-12-31,3.94444387374982
WDI:SP.POP.4044.MA.5Y:COL,1969-12-31,3.94527765109883
WDI:SP.POP.4044.MA.5Y:COL,1970-12-31,3.94247852896515
WDI:SP.POP.4044.MA.5Y:COL,1971-12-31,3.93785167676595
WDI:SP.POP.4044.MA.5Y:COL,1972-12-31,3.93450244863283
WDI:SP.POP.4044.MA.5Y:COL,1973-12-31,3.9315601823815
WDI:SP.POP.4044.MA.5Y:COL,1974-12-31,3.92455235773554
WDI:SP.POP.4044.MA.5Y:COL,1975-12-31,3.91395810659273
WDI:SP.POP.4044.MA.5Y:COL,1976-12-31,3.8990924366034
WDI:SP.POP.4044.MA.5Y:COL,1977-12-31,3.88058370924839
WDI:SP.POP.4044.MA.5Y:COL,1978-12-31,3.86686263345315
WDI:SP.POP.4044.MA.5Y:COL,1979-12-31,3.86821043278248
WDI:SP.POP.4044.MA.5Y:COL,1980-12-31,3.88831648421052
WDI:SP.POP.4044.MA.5Y:COL,1981-12-31,3.92424979281621
WDI:SP.POP.4044.MA.5Y:COL,1982-12-31,3.97587198785234
WDI:SP.POP.4044.MA.5Y:COL,1983-12-31,4.04506609569614
WDI:SP.POP.4044.MA.5Y:COL,1984-12-31,4.12832705543869
WDI:SP.POP.4044.MA.5Y:COL,1985-12-31,4.22149921952987
WDI:SP.POP.4044.MA.5Y:COL,1986-12-31,4.32050926846244
WDI:SP.POP.4044.MA.5Y:COL,1987-12-31,4.41915218803693
WDI:SP.POP.4044.MA.5Y:COL,1988-12-31,4.51127466819667
WDI:SP.POP.4044.MA.5Y:COL,1989-12-31,4.62505350304389
WDI:SP.POP.4044.MA.5Y:COL,1990-12-31,4.76334133285655
WDI:SP.POP.4044.MA.5Y:COL,1991-12-31,4.89980455650542
WDI:SP.POP.4044.MA.5Y:COL,1992-12-31,5.04279976280848
WDI:SP.POP.4044.MA.5Y:COL,1993-12-31,5.19983383391077
WDI:SP.POP.4044.MA.5Y:COL,1994-12-31,5.34436395376791
WDI:SP.POP.4044.MA.5Y:COL,1995-12-31,5.47529328711886
WDI:SP.POP.4044.MA.5Y:COL,1996-12-31,5.61659710193327
WDI:SP.POP.4044.MA.5Y:COL,1997-12-31,5.76222109172627
WDI:SP.POP.4044.MA.5Y:COL,1998-12-31,5.90719739014287
WDI:SP.POP.4044.MA.5Y:COL,1999-12-31,6.05042807221624
WDI:SP.POP.4044.MA.5Y:COL,2000-12-31,6.19096053495741
WDI:SP.POP.4044.MA.5Y:COL,2001-12-31,6.32586833633887
WDI:SP.POP.4044.MA.5Y:COL,2002-12-31,6.45038620303341
WDI:SP.POP.4044.MA.5Y:COL,2003-12-31,6.56030789330259
WDI:SP.POP.4044.MA.5Y:COL,2004-12-31,6.65342471360475
WDI:SP.POP.4044.MA.5Y:COL,2005-12-31,6.72626103026652
WDI:SP.POP.4044.MA.5Y:COL,2006-12-31,6.77266897298231
WDI:SP.POP.4044.MA.5Y:COL,2007-12-31,6.78930618603222
WDI:SP.POP.4044.MA.5Y:COL,2008-12-31,6.77574930235426
WDI:SP.POP.4044.MA.5Y:COL,2009-12-31,6.73571652178107
WDI:SP.POP.4044.MA.5Y:COL,2010-12-31,6.67800651257191
WDI:SP.POP.4044.MA.5Y:COL,2011-12-31,6.61034224624431
WDI:SP.POP.4044.MA.5Y:COL,2012-12-31,6.53933774437384
WDI:SP.POP.4044.MA.5Y:COL,2013-12-31,6.47571295511671
WDI:SP.POP.4044.MA.5Y:COL,2014-12-31,6.43074908134917
WDI:SP.POP.4044.MA.5Y:COL,2015-12-31,6.41302224143999
WDI:SP.POP.4044.MA.5Y:COL,2016-12-31,6.42942913654045
WDI:SP.POP.4044.MA.5Y:COL,2017-12-31,6.47528282842847
WDI:SP.POP.4044.MA.5Y:COL,2018-12-31,6.53406457433676
WDI:SP.POP.4044.MA.5Y:COL,2019-12-31,6.60240875340638
WDI:SP.POP.4044.MA.5Y:COL,2020-12-31,6.68871697852891
WDI:SP.POP.4044.MA.5Y:COL,2021-12-31,6.78775243567611
WDI:SP.POP.4044.MA.5Y:COL,2022-12-31,6.89085607183528
WDI:SP.POP.4044.MA.5Y:COL,2023-12-31,6.99647571304917
WDI:SP.POP.4044.MA.5Y:COL,2024-12-31,7.08890306046442
WDI:SP.POP.4044.MA.5Y:COM,1960-12-31,5.08221762040473
WDI:SP.POP.4044.MA.5Y:COM,1961-12-31,5.0347213479638
WDI:SP.POP.4044.MA.5Y:COM,1962-12-31,4.98379314610912
WDI:SP.POP.4044.MA.5Y:COM,1963-12-31,4.93636770515091
WDI:SP.POP.4044.MA.5Y:COM,1964-12-31,4.89898240863446
WDI:SP.POP.4044.MA.5Y:COM,1965-12-31,4.87441965589008
WDI:SP.POP.4044.MA.5Y:COM,1966-12-31,4.85708732112775
WDI:SP.POP.4044.MA.5Y:COM,1967-12-31,4.84368856126586
WDI:SP.POP.4044.MA.5Y:COM,1968-12-31,4.8393189724848
WDI:SP.POP.4044.MA.5Y:COM,1969-12-31,4.84775589761963
WDI:SP.POP.4044.MA.5Y:COM,1970-12-31,4.86906879576387
WDI:SP.POP.4044.MA.5Y:COM,1971-12-31,4.90396829531202
WDI:SP.POP.4044.MA.5Y:COM,1972-12-31,4.95280184528309
WDI:SP.POP.4044.MA.5Y:COM,1973-12-31,5.01436690105757
WDI:SP.POP.4044.MA.5Y:COM,1974-12-31,5.08453119009209
WDI:SP.POP.4044.MA.5Y:COM,1975-12-31,5.15575513567685
WDI:SP.POP.4044.MA.5Y:COM,1976-12-31,5.21354029641322
WDI:SP.POP.4044.MA.5Y:COM,1977-12-31,5.24673546241502
WDI:SP.POP.4044.MA.5Y:COM,1978-12-31,5.24035655123452
WDI:SP.POP.4044.MA.5Y:COM,1979-12-31,5.17647850243245
WDI:SP.POP.4044.MA.5Y:COM,1980-12-31,5.0475602370293
WDI:SP.POP.4044.MA.5Y:COM,1981-12-31,4.87168673306681
WDI:SP.POP.4044.MA.5Y:COM,1982-12-31,4.66219085843827
WDI:SP.POP.4044.MA.5Y:COM,1983-12-31,4.4197367268267
WDI:SP.POP.4044.MA.5Y:COM,1984-12-31,4.15644012375783
WDI:SP.POP.4044.MA.5Y:COM,1985-12-31,3.87979332669323
WDI:SP.POP.4044.MA.5Y:COM,1986-12-31,3.59498247704847
WDI:SP.POP.4044.MA.5Y:COM,1987-12-31,3.3080732329814
WDI:SP.POP.4044.MA.5Y:COM,1988-12-31,3.0210915885164
WDI:SP.POP.4044.MA.5Y:COM,1989-12-31,2.76505548785897
WDI:SP.POP.4044.MA.5Y:COM,1990-12-31,2.61095001160827
WDI:SP.POP.4044.MA.5Y:COM,1991-12-31,2.56319006396854
WDI:SP.POP.4044.MA.5Y:COM,1992-12-31,2.5970457187348
WDI:SP.POP.4044.MA.5Y:COM,1993-12-31,2.71755201748559
WDI:SP.POP.4044.MA.5Y:COM,1994-12-31,2.8947434946744
WDI:SP.POP.4044.MA.5Y:COM,1995-12-31,3.06694318810433
WDI:SP.POP.4044.MA.5Y:COM,1996-12-31,3.2213296161794
WDI:SP.POP.4044.MA.5Y:COM,1997-12-31,3.36272754790509
WDI:SP.POP.4044.MA.5Y:COM,1998-12-31,3.48117738920569
WDI:SP.POP.4044.MA.5Y:COM,1999-12-31,3.56721920631695
WDI:SP.POP.4044.MA.5Y:COM,2000-12-31,3.63589186076903
WDI:SP.POP.4044.MA.5Y:COM,2001-12-31,3.73283197074727
WDI:SP.POP.4044.MA.5Y:COM,2002-12-31,3.8677067263051
WDI:SP.POP.4044.MA.5Y:COM,2003-12-31,4.00835405623059
WDI:SP.POP.4044.MA.5Y:COM,2004-12-31,4.13450199978118
WDI:SP.POP.4044.MA.5Y:COM,2005-12-31,4.24084330526964
WDI:SP.POP.4044.MA.5Y:COM,2006-12-31,4.3221431354981
WDI:SP.POP.4044.MA.5Y:COM,2007-12-31,4.38280094031358
WDI:SP.POP.4044.MA.5Y:COM,2008-12-31,4.42722399966759
WDI:SP.POP.4044.MA.5Y:COM,2009-12-31,4.46045733268002
WDI:SP.POP.4044.MA.5Y:COM,2010-12-31,4.48387378725636
WDI:SP.POP.4044.MA.5Y:COM,2011-12-31,4.49654874114658
WDI:SP.POP.4044.MA.5Y:COM,2012-12-31,4.49728562624743
WDI:SP.POP.4044.MA.5Y:COM,2013-12-31,4.51361677468153
WDI:SP.POP.4044.MA.5Y:COM,2014-12-31,4.57659413442218
WDI:SP.POP.4044.MA.5Y:COM,2015-12-31,4.69542833777446
WDI:SP.POP.4044.MA.5Y:COM,2016-12-31,4.87819933068003
WDI:SP.POP.4044.MA.5Y:COM,2017-12-31,5.032005245943
WDI:SP.POP.4044.MA.5Y:COM,2018-12-31,5.13478273193685
WDI:SP.POP.4044.MA.5Y:COM,2019-12-31,5.25082073690675
WDI:SP.POP.4044.MA.5Y:COM,2020-12-31,5.36140443047856
WDI:SP.POP.4044.MA.5Y:COM,2021-12-31,5.45398876616095
WDI:SP.POP.4044.MA.5Y:COM,2022-12-31,5.52880117743098
WDI:SP.POP.4044.MA.5Y:COM,2023-12-31,5.58269054961807
WDI:SP.POP.4044.MA.5Y:COM,2024-12-31,5.60077739496965
WDI:SP.POP.4044.MA.5Y:CPV,1960-12-31,4.30162274975172
WDI:SP.POP.4044.MA.5Y:CPV,1961-12-31,4.2068098563193
WDI:SP.POP.4044.MA.5Y:CPV,1962-12-31,4.12131374276485
WDI:SP.POP.4044.MA.5Y:CPV,1963-12-31,4.07552362163468
WDI:SP.POP.4044.MA.5Y:CPV,1964-12-31,4.03641721924008
WDI:SP.POP.4044.MA.5Y:CPV,1965-12-31,4.00234786390835
WDI:SP.POP.4044.MA.5Y:CPV,1966-12-31,3.97003867158431
WDI:SP.POP.4044.MA.5Y:CPV,1967-12-31,3.93741483813372
WDI:SP.POP.4044.MA.5Y:CPV,1968-12-31,3.89932033308579
WDI:SP.POP.4044.MA.5Y:CPV,1969-12-31,3.84679596991957
WDI:SP.POP.4044.MA.5Y:CPV,1970-12-31,3.73768788480845
WDI:SP.POP.4044.MA.5Y:CPV,1971-12-31,3.57187074408815
WDI:SP.POP.4044.MA.5Y:CPV,1972-12-31,3.38712374296624
WDI:SP.POP.4044.MA.5Y:CPV,1973-12-31,3.18817723274374
WDI:SP.POP.4044.MA.5Y:CPV,1974-12-31,2.98002937056312
WDI:SP.POP.4044.MA.5Y:CPV,1975-12-31,2.82409807261197
WDI:SP.POP.4044.MA.5Y:CPV,1976-12-31,2.73619845559328
WDI:SP.POP.4044.MA.5Y:CPV,1977-12-31,2.6739750873543
WDI:SP.POP.4044.MA.5Y:CPV,1978-12-31,2.63213818476435
WDI:SP.POP.4044.MA.5Y:CPV,1979-12-31,2.59782346308121
WDI:SP.POP.4044.MA.5Y:CPV,1980-12-31,2.50301261192633
WDI:SP.POP.4044.MA.5Y:CPV,1981-12-31,2.37276712666099
WDI:SP.POP.4044.MA.5Y:CPV,1982-12-31,2.26917855799932
WDI:SP.POP.4044.MA.5Y:CPV,1983-12-31,2.17242762753727
WDI:SP.POP.4044.MA.5Y:CPV,1984-12-31,2.08704771893026
WDI:SP.POP.4044.MA.5Y:CPV,1985-12-31,2.01563192702672
WDI:SP.POP.4044.MA.5Y:CPV,1986-12-31,1.95917830495504
WDI:SP.POP.4044.MA.5Y:CPV,1987-12-31,1.92100538599641
WDI:SP.POP.4044.MA.5Y:CPV,1988-12-31,1.90763808784062
WDI:SP.POP.4044.MA.5Y:CPV,1989-12-31,1.92261633211679
WDI:SP.POP.4044.MA.5Y:CPV,1990-12-31,2.00467096975575
WDI:SP.POP.4044.MA.5Y:CPV,1991-12-31,2.15584810071654
WDI:SP.POP.4044.MA.5Y:CPV,1992-12-31,2.33564448297829
WDI:SP.POP.4044.MA.5Y:CPV,1993-12-31,2.53592997427953
WDI:SP.POP.4044.MA.5Y:CPV,1994-12-31,2.75176854386947
WDI:SP.POP.4044.MA.5Y:CPV,1995-12-31,2.97643868605394
WDI:SP.POP.4044.MA.5Y:CPV,1996-12-31,3.20230819646757
WDI:SP.POP.4044.MA.5Y:CPV,1997-12-31,3.42242588343059
WDI:SP.POP.4044.MA.5Y:CPV,1998-12-31,3.62921081212099
WDI:SP.POP.4044.MA.5Y:CPV,1999-12-31,3.81631820826861
WDI:SP.POP.4044.MA.5Y:CPV,2000-12-31,3.98388701999937
WDI:SP.POP.4044.MA.5Y:CPV,2001-12-31,4.15103936311367
WDI:SP.POP.4044.MA.5Y:CPV,2002-12-31,4.33076511921989
WDI:SP.POP.4044.MA.5Y:CPV,2003-12-31,4.51660333648203
WDI:SP.POP.4044.MA.5Y:CPV,2004-12-31,4.70101834707962
WDI:SP.POP.4044.MA.5Y:CPV,2005-12-31,4.87779599569679
WDI:SP.POP.4044.MA.5Y:CPV,2006-12-31,5.03541564090358
WDI:SP.POP.4044.MA.5Y:CPV,2007-12-31,5.1631710319291
WDI:SP.POP.4044.MA.5Y:CPV,2008-12-31,5.26217429510961
WDI:SP.POP.4044.MA.5Y:CPV,2009-12-31,5.33307409349524
WDI:SP.POP.4044.MA.5Y:CPV,2010-12-31,5.36708378005522
WDI:SP.POP.4044.MA.5Y:CPV,2011-12-31,5.36766344095396
WDI:SP.POP.4044.MA.5Y:CPV,2012-12-31,5.35975397470117
WDI:SP.POP.4044.MA.5Y:CPV,2013-12-31,5.36054752922223
WDI:SP.POP.4044.MA.5Y:CPV,2014-12-31,5.38232036095704
WDI:SP.POP.4044.MA.5Y:CPV,2015-12-31,5.44316317343045
WDI:SP.POP.4044.MA.5Y:CPV,2016-12-31,5.549521443565
WDI:SP.POP.4044.MA.5Y:CPV,2017-12-31,5.6869768863816
WDI:SP.POP.4044.MA.5Y:CPV,2018-12-31,5.8463339281945
WDI:SP.POP.4044.MA.5Y:CPV,2019-12-31,6.0294860800588
WDI:SP.POP.4044.MA.5Y:CPV,2020-12-31,6.2222103381362
WDI:SP.POP.4044.MA.5Y:CPV,2021-12-31,6.44000486899364
WDI:SP.POP.4044.MA.5Y:CPV,2022-12-31,6.68241238528727
WDI:SP.POP.4044.MA.5Y:CPV,2023-12-31,6.9184011441906
WDI:SP.POP.4044.MA.5Y:CPV,2024-12-31,7.13307722708483
WDI:SP.POP.4044.MA.5Y:CRI,1960-12-31,3.90775427422335
WDI:SP.POP.4044.MA.5Y:CRI,1961-12-31,3.88200147855517
WDI:SP.POP.4044.MA.5Y:CRI,1962-12-31,3.88425243639896
WDI:SP.POP.4044.MA.5Y:CRI,1963-12-31,3.91065764964508
WDI:SP.POP.4044.MA.5Y:CRI,1964-12-31,3.95159753294186
WDI:SP.POP.4044.MA.5Y:CRI,1965-12-31,3.99425800729032
WDI:SP.POP.4044.MA.5Y:CRI,1966-12-31,4.03856483462459
WDI:SP.POP.4044.MA.5Y:CRI,1967-12-31,4.08768393018332
WDI:SP.POP.4044.MA.5Y:CRI,1968-12-31,4.13740533041072
WDI:SP.POP.4044.MA.5Y:CRI,1969-12-31,4.17891459000592
WDI:SP.POP.4044.MA.5Y:CRI,1970-12-31,4.21132577272776
WDI:SP.POP.4044.MA.5Y:CRI,1971-12-31,4.23642986482503
WDI:SP.POP.4044.MA.5Y:CRI,1972-12-31,4.25204854970477
WDI:SP.POP.4044.MA.5Y:CRI,1973-12-31,4.2592799080372
WDI:SP.POP.4044.MA.5Y:CRI,1974-12-31,4.27013179479304
WDI:SP.POP.4044.MA.5Y:CRI,1975-12-31,4.29122750491495
WDI:SP.POP.4044.MA.5Y:CRI,1976-12-31,4.32224843619306
WDI:SP.POP.4044.MA.5Y:CRI,1977-12-31,4.3678197225807
WDI:SP.POP.4044.MA.5Y:CRI,1978-12-31,4.41955489766831
WDI:SP.POP.4044.MA.5Y:CRI,1979-12-31,4.45911984940997
WDI:SP.POP.4044.MA.5Y:CRI,1980-12-31,4.48606609203302
WDI:SP.POP.4044.MA.5Y:CRI,1981-12-31,4.5062908316222
WDI:SP.POP.4044.MA.5Y:CRI,1982-12-31,4.51842734395342
WDI:SP.POP.4044.MA.5Y:CRI,1983-12-31,4.53212676213656
WDI:SP.POP.4044.MA.5Y:CRI,1984-12-31,4.5624112193366
WDI:SP.POP.4044.MA.5Y:CRI,1985-12-31,4.61479103323174
WDI:SP.POP.4044.MA.5Y:CRI,1986-12-31,4.68994804033018
WDI:SP.POP.4044.MA.5Y:CRI,1987-12-31,4.78232706743744
WDI:SP.POP.4044.MA.5Y:CRI,1988-12-31,4.89313858422049
WDI:SP.POP.4044.MA.5Y:CRI,1989-12-31,5.01359279990731
WDI:SP.POP.4044.MA.5Y:CRI,1990-12-31,5.12604323032827
WDI:SP.POP.4044.MA.5Y:CRI,1991-12-31,5.23321361522525
WDI:SP.POP.4044.MA.5Y:CRI,1992-12-31,5.34328083309044
WDI:SP.POP.4044.MA.5Y:CRI,1993-12-31,5.45227949816619
WDI:SP.POP.4044.MA.5Y:CRI,1994-12-31,5.56366520209928
WDI:SP.POP.4044.MA.5Y:CRI,1995-12-31,5.68807599361998
WDI:SP.POP.4044.MA.5Y:CRI,1996-12-31,5.82056997064029
WDI:SP.POP.4044.MA.5Y:CRI,1997-12-31,5.96058839404012
WDI:SP.POP.4044.MA.5Y:CRI,1998-12-31,6.1107682022812
WDI:SP.POP.4044.MA.5Y:CRI,1999-12-31,6.26750554342208
WDI:SP.POP.4044.MA.5Y:CRI,2000-12-31,6.42463620905251
WDI:SP.POP.4044.MA.5Y:CRI,2001-12-31,6.5751888369513
WDI:SP.POP.4044.MA.5Y:CRI,2002-12-31,6.70893166310215
WDI:SP.POP.4044.MA.5Y:CRI,2003-12-31,6.81343934457045
WDI:SP.POP.4044.MA.5Y:CRI,2004-12-31,6.88066811112402
WDI:SP.POP.4044.MA.5Y:CRI,2005-12-31,6.90676920405048
WDI:SP.POP.4044.MA.5Y:CRI,2006-12-31,6.89497360967713
WDI:SP.POP.4044.MA.5Y:CRI,2007-12-31,6.84941255151804
WDI:SP.POP.4044.MA.5Y:CRI,2008-12-31,6.76273599184067
WDI:SP.POP.4044.MA.5Y:CRI,2009-12-31,6.6555749389155
WDI:SP.POP.4044.MA.5Y:CRI,2010-12-31,6.55396170096139
WDI:SP.POP.4044.MA.5Y:CRI,2011-12-31,6.45632995403776
WDI:SP.POP.4044.MA.5Y:CRI,2012-12-31,6.36809510233619
WDI:SP.POP.4044.MA.5Y:CRI,2013-12-31,6.30985229236166
WDI:SP.POP.4044.MA.5Y:CRI,2014-12-31,6.28258756202994
WDI:SP.POP.4044.MA.5Y:CRI,2015-12-31,6.28100815525093
WDI:SP.POP.4044.MA.5Y:CRI,2016-12-31,6.31564947055063
WDI:SP.POP.4044.MA.5Y:CRI,2017-12-31,6.38800102699395
WDI:SP.POP.4044.MA.5Y:CRI,2018-12-31,6.49344722286288
WDI:SP.POP.4044.MA.5Y:CRI,2019-12-31,6.625878001381
WDI:SP.POP.4044.MA.5Y:CRI,2020-12-31,6.77568198643655
WDI:SP.POP.4044.MA.5Y:CRI,2021-12-31,6.93398344236087
WDI:SP.POP.4044.MA.5Y:CRI,2022-12-31,7.09773870992077
WDI:SP.POP.4044.MA.5Y:CRI,2023-12-31,7.26069389511098
WDI:SP.POP.4044.MA.5Y:CRI,2024-12-31,7.41886308905729
WDI:SP.POP.4044.MA.5Y:CSS,1960-12-31,4.715512186753719
WDI:SP.POP.4044.MA.5Y:CSS,1961-12-31,4.637389094199741
WDI:SP.POP.4044.MA.5Y:CSS,1962-12-31,4.537520797190046
WDI:SP.POP.4044.MA.5Y:CSS,1963-12-31,4.428010552114723
WDI:SP.POP.4044.MA.5Y:CSS,1964-12-31,4.339549468590839
WDI:SP.POP.4044.MA.5Y:CSS,1965-12-31,4.281324555180166
WDI:SP.POP.4044.MA.5Y:CSS,1966-12-31,4.24490720430334
WDI:SP.POP.4044.MA.5Y:CSS,1967-12-31,4.220852776402403
WDI:SP.POP.4044.MA.5Y:CSS,1968-12-31,4.197001277416843
WDI:SP.POP.4044.MA.5Y:CSS,1969-12-31,4.167575317667173
WDI:SP.POP.4044.MA.5Y:CSS,1970-12-31,4.131716696339065
WDI:SP.POP.4044.MA.5Y:CSS,1971-12-31,4.099052198021394
WDI:SP.POP.4044.MA.5Y:CSS,1972-12-31,4.081171407824028
WDI:SP.POP.4044.MA.5Y:CSS,1973-12-31,4.073524553686833
WDI:SP.POP.4044.MA.5Y:CSS,1974-12-31,4.06635472839957
WDI:SP.POP.4044.MA.5Y:CSS,1975-12-31,4.056527020927585
WDI:SP.POP.4044.MA.5Y:CSS,1976-12-31,4.042691720440268
WDI:SP.POP.4044.MA.5Y:CSS,1977-12-31,4.033424695701574
WDI:SP.POP.4044.MA.5Y:CSS,1978-12-31,4.032129518989323
WDI:SP.POP.4044.MA.5Y:CSS,1979-12-31,4.0383137146143735
WDI:SP.POP.4044.MA.5Y:CSS,1980-12-31,4.0428209841740586
WDI:SP.POP.4044.MA.5Y:CSS,1981-12-31,4.04805704183775
WDI:SP.POP.4044.MA.5Y:CSS,1982-12-31,4.069057317155307
WDI:SP.POP.4044.MA.5Y:CSS,1983-12-31,4.106232720608263
WDI:SP.POP.4044.MA.5Y:CSS,1984-12-31,4.165806194629988
WDI:SP.POP.4044.MA.5Y:CSS,1985-12-31,4.250252075500304
WDI:SP.POP.4044.MA.5Y:CSS,1986-12-31,4.358104820930153
WDI:SP.POP.4044.MA.5Y:CSS,1987-12-31,4.489075448913376
WDI:SP.POP.4044.MA.5Y:CSS,1988-12-31,4.644895887116315
WDI:SP.POP.4044.MA.5Y:CSS,1989-12-31,4.814460849552686
WDI:SP.POP.4044.MA.5Y:CSS,1990-12-31,4.988791609202024
WDI:SP.POP.4044.MA.5Y:CSS,1991-12-31,5.153360183339722
WDI:SP.POP.4044.MA.5Y:CSS,1992-12-31,5.296319113813636
WDI:SP.POP.4044.MA.5Y:CSS,1993-12-31,5.436278716337288
WDI:SP.POP.4044.MA.5Y:CSS,1994-12-31,5.592269603587247
WDI:SP.POP.4044.MA.5Y:CSS,1995-12-31,5.762464256041039
WDI:SP.POP.4044.MA.5Y:CSS,1996-12-31,5.923743799029459
WDI:SP.POP.4044.MA.5Y:CSS,1997-12-31,6.072407834538444
WDI:SP.POP.4044.MA.5Y:CSS,1998-12-31,6.226920443509132
WDI:SP.POP.4044.MA.5Y:CSS,1999-12-31,6.386518654490941
WDI:SP.POP.4044.MA.5Y:CSS,2000-12-31,6.549607119213967
WDI:SP.POP.4044.MA.5Y:CSS,2001-12-31,6.727974176519867
WDI:SP.POP.4044.MA.5Y:CSS,2002-12-31,6.915897949413156
WDI:SP.POP.4044.MA.5Y:CSS,2003-12-31,7.080631694415105
WDI:SP.POP.4044.MA.5Y:CSS,2004-12-31,7.189061743575527
WDI:SP.POP.4044.MA.5Y:CSS,2005-12-31,7.212368135927839
WDI:SP.POP.4044.MA.5Y:CSS,2006-12-31,7.178735831773396
WDI:SP.POP.4044.MA.5Y:CSS,2007-12-31,7.091935565133437
WDI:SP.POP.4044.MA.5Y:CSS,2008-12-31,6.978000946577361
WDI:SP.POP.4044.MA.5Y:CSS,2009-12-31,6.86609874208792
WDI:SP.POP.4044.MA.5Y:CSS,2010-12-31,6.785076629606234
WDI:SP.POP.4044.MA.5Y:CSS,2011-12-31,6.746398810725478
WDI:SP.POP.4044.MA.5Y:CSS,2012-12-31,6.740516453067496
WDI:SP.POP.4044.MA.5Y:CSS,2013-12-31,6.748288624801738
WDI:SP.POP.4044.MA.5Y:CSS,2014-12-31,6.752118566608755
WDI:SP.POP.4044.MA.5Y:CSS,2015-12-31,6.7429351684226
WDI:SP.POP.4044.MA.5Y:CSS,2016-12-31,6.716000082579027
WDI:SP.POP.4044.MA.5Y:CSS,2017-12-31,6.676798192226766
WDI:SP.POP.4044.MA.5Y:CSS,2018-12-31,6.645829104552879
WDI:SP.POP.4044.MA.5Y:CSS,2019-12-31,6.654851059366899
WDI:SP.POP.4044.MA.5Y:CSS,2020-12-31,6.710765666792906
WDI:SP.POP.4044.MA.5Y:CSS,2021-12-31,6.799884954692024
WDI:SP.POP.4044.MA.5Y:CSS,2022-12-31,6.91514837269363
WDI:SP.POP.4044.MA.5Y:CSS,2023-12-31,7.039883557701439
WDI:SP.POP.4044.MA.5Y:CSS,2024-12-31,7.152633961965595
WDI:SP.POP.4044.MA.5Y:CUB,1960-12-31,5.33383820113798
WDI:SP.POP.4044.MA.5Y:CUB,1961-12-31,5.25630315126728
WDI:SP.POP.4044.MA.5Y:CUB,1962-12-31,5.17964257180189
WDI:SP.POP.4044.MA.5Y:CUB,1963-12-31,5.10782672944766
WDI:SP.POP.4044.MA.5Y:CUB,1964-12-31,5.04853025700539
WDI:SP.POP.4044.MA.5Y:CUB,1965-12-31,5.00377813129
WDI:SP.POP.4044.MA.5Y:CUB,1966-12-31,4.97543209140076
WDI:SP.POP.4044.MA.5Y:CUB,1967-12-31,4.96607007260955
WDI:SP.POP.4044.MA.5Y:CUB,1968-12-31,4.96861379553915
WDI:SP.POP.4044.MA.5Y:CUB,1969-12-31,4.97186358295036
WDI:SP.POP.4044.MA.5Y:CUB,1970-12-31,4.97509127319818
WDI:SP.POP.4044.MA.5Y:CUB,1971-12-31,4.97202092255846
WDI:SP.POP.4044.MA.5Y:CUB,1972-12-31,4.95879778292806
WDI:SP.POP.4044.MA.5Y:CUB,1973-12-31,4.94619628539963
WDI:SP.POP.4044.MA.5Y:CUB,1974-12-31,4.94310847359714
WDI:SP.POP.4044.MA.5Y:CUB,1975-12-31,4.95048918911678
WDI:SP.POP.4044.MA.5Y:CUB,1976-12-31,4.97038937750086
WDI:SP.POP.4044.MA.5Y:CUB,1977-12-31,5.01421690373743
WDI:SP.POP.4044.MA.5Y:CUB,1978-12-31,5.08701827766145
WDI:SP.POP.4044.MA.5Y:CUB,1979-12-31,5.1845714694922
WDI:SP.POP.4044.MA.5Y:CUB,1980-12-31,5.30470389400299
WDI:SP.POP.4044.MA.5Y:CUB,1981-12-31,5.45756617628262
WDI:SP.POP.4044.MA.5Y:CUB,1982-12-31,5.61068075506586
WDI:SP.POP.4044.MA.5Y:CUB,1983-12-31,5.72546287575898
WDI:SP.POP.4044.MA.5Y:CUB,1984-12-31,5.80893856661132
WDI:SP.POP.4044.MA.5Y:CUB,1985-12-31,5.86833882084133
WDI:SP.POP.4044.MA.5Y:CUB,1986-12-31,5.91127390563231
WDI:SP.POP.4044.MA.5Y:CUB,1987-12-31,5.95030529572179
WDI:SP.POP.4044.MA.5Y:CUB,1988-12-31,5.99539773844636
WDI:SP.POP.4044.MA.5Y:CUB,1989-12-31,6.0502187999762
WDI:SP.POP.4044.MA.5Y:CUB,1990-12-31,6.11131114067029
WDI:SP.POP.4044.MA.5Y:CUB,1991-12-31,6.17386402997242
WDI:SP.POP.4044.MA.5Y:CUB,1992-12-31,6.23237195734386
WDI:SP.POP.4044.MA.5Y:CUB,1993-12-31,6.27528783301334
WDI:SP.POP.4044.MA.5Y:CUB,1994-12-31,6.29044831103538
WDI:SP.POP.4044.MA.5Y:CUB,1995-12-31,6.27542860476717
WDI:SP.POP.4044.MA.5Y:CUB,1996-12-31,6.23881285848227
WDI:SP.POP.4044.MA.5Y:CUB,1997-12-31,6.19546789271821
WDI:SP.POP.4044.MA.5Y:CUB,1998-12-31,6.17509825359638
WDI:SP.POP.4044.MA.5Y:CUB,1999-12-31,6.22812330916871
WDI:SP.POP.4044.MA.5Y:CUB,2000-12-31,6.39984842968964
WDI:SP.POP.4044.MA.5Y:CUB,2001-12-31,6.71016993091731
WDI:SP.POP.4044.MA.5Y:CUB,2002-12-31,7.17886185613185
WDI:SP.POP.4044.MA.5Y:CUB,2003-12-31,7.79063513107029
WDI:SP.POP.4044.MA.5Y:CUB,2004-12-31,8.42372837623461
WDI:SP.POP.4044.MA.5Y:CUB,2005-12-31,8.93863873846765
WDI:SP.POP.4044.MA.5Y:CUB,2006-12-31,9.29423028339943
WDI:SP.POP.4044.MA.5Y:CUB,2007-12-31,9.45017937789069
WDI:SP.POP.4044.MA.5Y:CUB,2008-12-31,9.39369563074228
WDI:SP.POP.4044.MA.5Y:CUB,2009-12-31,9.23173487924129
WDI:SP.POP.4044.MA.5Y:CUB,2010-12-31,9.08708379266045
WDI:SP.POP.4044.MA.5Y:CUB,2011-12-31,8.98758546488041
WDI:SP.POP.4044.MA.5Y:CUB,2012-12-31,8.94621627825085
WDI:SP.POP.4044.MA.5Y:CUB,2013-12-31,8.89968355999111
WDI:SP.POP.4044.MA.5Y:CUB,2014-12-31,8.72559939349117
WDI:SP.POP.4044.MA.5Y:CUB,2015-12-31,8.40450842681941
WDI:SP.POP.4044.MA.5Y:CUB,2016-12-31,7.99012572313918
WDI:SP.POP.4044.MA.5Y:CUB,2017-12-31,7.4909394067558
WDI:SP.POP.4044.MA.5Y:CUB,2018-12-31,6.93152706002878
WDI:SP.POP.4044.MA.5Y:CUB,2019-12-31,6.44468069647997
WDI:SP.POP.4044.MA.5Y:CUB,2020-12-31,6.06927565831675
WDI:SP.POP.4044.MA.5Y:CUB,2021-12-31,5.77432156455442
WDI:SP.POP.4044.MA.5Y:CUB,2022-12-31,5.6395911299864
WDI:SP.POP.4044.MA.5Y:CUB,2023-12-31,5.72334000038059
WDI:SP.POP.4044.MA.5Y:CUB,2024-12-31,5.93463395903177
WDI:SP.POP.4044.MA.5Y:CUW,1960-12-31,5.43219274540403
WDI:SP.POP.4044.MA.5Y:CUW,1961-12-31,5.2980976956313
WDI:SP.POP.4044.MA.5Y:CUW,1962-12-31,5.14945993468978
WDI:SP.POP.4044.MA.5Y:CUW,1963-12-31,5.01675163874727
WDI:SP.POP.4044.MA.5Y:CUW,1964-12-31,4.90433458109108
WDI:SP.POP.4044.MA.5Y:CUW,1965-12-31,4.81584192123013
WDI:SP.POP.4044.MA.5Y:CUW,1966-12-31,4.75272915820009
WDI:SP.POP.4044.MA.5Y:CUW,1967-12-31,4.70751220863783
WDI:SP.POP.4044.MA.5Y:CUW,1968-12-31,4.67503632027631
WDI:SP.POP.4044.MA.5Y:CUW,1969-12-31,4.65883183150581
WDI:SP.POP.4044.MA.5Y:CUW,1970-12-31,4.6586545251562
WDI:SP.POP.4044.MA.5Y:CUW,1971-12-31,4.68063805646399
WDI:SP.POP.4044.MA.5Y:CUW,1972-12-31,4.7081854076114
WDI:SP.POP.4044.MA.5Y:CUW,1973-12-31,4.75182978835944
WDI:SP.POP.4044.MA.5Y:CUW,1974-12-31,4.82317869438472
WDI:SP.POP.4044.MA.5Y:CUW,1975-12-31,4.88594845462625
WDI:SP.POP.4044.MA.5Y:CUW,1976-12-31,4.92599825104707
WDI:SP.POP.4044.MA.5Y:CUW,1977-12-31,4.93968304029015
WDI:SP.POP.4044.MA.5Y:CUW,1978-12-31,4.92675556723379
WDI:SP.POP.4044.MA.5Y:CUW,1979-12-31,4.89732890889378
WDI:SP.POP.4044.MA.5Y:CUW,1980-12-31,4.87264454876589
WDI:SP.POP.4044.MA.5Y:CUW,1981-12-31,4.87058498351464
WDI:SP.POP.4044.MA.5Y:CUW,1982-12-31,4.93017615774455
WDI:SP.POP.4044.MA.5Y:CUW,1983-12-31,5.06119377368206
WDI:SP.POP.4044.MA.5Y:CUW,1984-12-31,5.22963570464827
WDI:SP.POP.4044.MA.5Y:CUW,1985-12-31,5.42161886264658
WDI:SP.POP.4044.MA.5Y:CUW,1986-12-31,5.62454734520036
WDI:SP.POP.4044.MA.5Y:CUW,1987-12-31,5.81404644841508
WDI:SP.POP.4044.MA.5Y:CUW,1988-12-31,5.98230632508787
WDI:SP.POP.4044.MA.5Y:CUW,1989-12-31,6.13243594728304
WDI:SP.POP.4044.MA.5Y:CUW,1990-12-31,6.26295110202105
WDI:SP.POP.4044.MA.5Y:CUW,1991-12-31,6.38687240436236
WDI:SP.POP.4044.MA.5Y:CUW,1992-12-31,6.52330186631944
WDI:SP.POP.4044.MA.5Y:CUW,1993-12-31,6.65970886369528
WDI:SP.POP.4044.MA.5Y:CUW,1994-12-31,6.79536254991032
WDI:SP.POP.4044.MA.5Y:CUW,1995-12-31,6.95496669462331
WDI:SP.POP.4044.MA.5Y:CUW,1996-12-31,7.13535834266517
WDI:SP.POP.4044.MA.5Y:CUW,1997-12-31,7.33360694017917
WDI:SP.POP.4044.MA.5Y:CUW,1998-12-31,7.5493728554953
WDI:SP.POP.4044.MA.5Y:CUW,1999-12-31,7.77353338465337
WDI:SP.POP.4044.MA.5Y:CUW,2000-12-31,7.98342867252462
WDI:SP.POP.4044.MA.5Y:CUW,2001-12-31,8.12667062667063
WDI:SP.POP.4044.MA.5Y:CUW,2002-12-31,8.22682998819362
WDI:SP.POP.4044.MA.5Y:CUW,2003-12-31,8.30353102602654
WDI:SP.POP.4044.MA.5Y:CUW,2004-12-31,8.31773742512157
WDI:SP.POP.4044.MA.5Y:CUW,2005-12-31,8.25397963573785
WDI:SP.POP.4044.MA.5Y:CUW,2006-12-31,8.12801209113982
WDI:SP.POP.4044.MA.5Y:CUW,2007-12-31,7.96256248448967
WDI:SP.POP.4044.MA.5Y:CUW,2008-12-31,7.75205830270278
WDI:SP.POP.4044.MA.5Y:CUW,2009-12-31,7.51288786503912
WDI:SP.POP.4044.MA.5Y:CUW,2010-12-31,7.28475431959779
WDI:SP.POP.4044.MA.5Y:CUW,2011-12-31,7.13849400266548
WDI:SP.POP.4044.MA.5Y:CUW,2012-12-31,7.00268228596453
WDI:SP.POP.4044.MA.5Y:CUW,2013-12-31,6.8298752396005
WDI:SP.POP.4044.MA.5Y:CUW,2014-12-31,6.67179286618631
WDI:SP.POP.4044.MA.5Y:CUW,2015-12-31,6.50198211185008
WDI:SP.POP.4044.MA.5Y:CUW,2016-12-31,6.30597257425099
WDI:SP.POP.4044.MA.5Y:CUW,2017-12-31,6.08118157539074
WDI:SP.POP.4044.MA.5Y:CUW,2018-12-31,5.93003537275424
WDI:SP.POP.4044.MA.5Y:CUW,2019-12-31,5.83872173836545
WDI:SP.POP.4044.MA.5Y:CUW,2020-12-31,5.75638160550902
WDI:SP.POP.4044.MA.5Y:CUW,2021-12-31,5.77757854658322
WDI:SP.POP.4044.MA.5Y:CUW,2022-12-31,5.88268663489902
WDI:SP.POP.4044.MA.5Y:CUW,2023-12-31,6.05285834145899
WDI:SP.POP.4044.MA.5Y:CUW,2024-12-31,6.25290272884831
WDI:SP.POP.4044.MA.5Y:CYM,1960-12-31,4.85570890840652
WDI:SP.POP.4044.MA.5Y:CYM,1961-12-31,4.89871086556169
WDI:SP.POP.4044.MA.5Y:CYM,1962-12-31,4.88888888888889
WDI:SP.POP.4044.MA.5Y:CYM,1963-12-31,4.81446688586191
WDI:SP.POP.4044.MA.5Y:CYM,1964-12-31,4.71708940663377
WDI:SP.POP.4044.MA.5Y:CYM,1965-12-31,4.62505612932196
WDI:SP.POP.4044.MA.5Y:CYM,1966-12-31,4.53397738500384
WDI:SP.POP.4044.MA.5Y:CYM,1967-12-31,4.49281578383015
WDI:SP.POP.4044.MA.5Y:CYM,1968-12-31,4.61457787100157
WDI:SP.POP.4044.MA.5Y:CYM,1969-12-31,4.76434952253825
WDI:SP.POP.4044.MA.5Y:CYM,1970-12-31,4.76237623762376
WDI:SP.POP.4044.MA.5Y:CYM,1971-12-31,4.72359928912169
WDI:SP.POP.4044.MA.5Y:CYM,1972-12-31,4.77656579873329
WDI:SP.POP.4044.MA.5Y:CYM,1973-12-31,4.85396614669764
WDI:SP.POP.4044.MA.5Y:CYM,1974-12-31,5.0109959158027
WDI:SP.POP.4044.MA.5Y:CYM,1975-12-31,5.28828224062057
WDI:SP.POP.4044.MA.5Y:CYM,1976-12-31,5.59659090909091
WDI:SP.POP.4044.MA.5Y:CYM,1977-12-31,5.94818231144872
WDI:SP.POP.4044.MA.5Y:CYM,1978-12-31,6.27761892383675
WDI:SP.POP.4044.MA.5Y:CYM,1979-12-31,6.49828500155909
WDI:SP.POP.4044.MA.5Y:CYM,1980-12-31,6.44045560260004
WDI:SP.POP.4044.MA.5Y:CYM,1981-12-31,6.16968042761287
WDI:SP.POP.4044.MA.5Y:CYM,1982-12-31,5.92801693719125
WDI:SP.POP.4044.MA.5Y:CYM,1983-12-31,5.79349011057468
WDI:SP.POP.4044.MA.5Y:CYM,1984-12-31,5.81187232773193
WDI:SP.POP.4044.MA.5Y:CYM,1985-12-31,5.98950882212685
WDI:SP.POP.4044.MA.5Y:CYM,1986-12-31,6.24341532682882
WDI:SP.POP.4044.MA.5Y:CYM,1987-12-31,6.46696035242291
WDI:SP.POP.4044.MA.5Y:CYM,1988-12-31,6.69468500594328
WDI:SP.POP.4044.MA.5Y:CYM,1989-12-31,7.02163333742281
WDI:SP.POP.4044.MA.5Y:CYM,1990-12-31,7.36928616155291
WDI:SP.POP.4044.MA.5Y:CYM,1991-12-31,7.65473527218494
WDI:SP.POP.4044.MA.5Y:CYM,1992-12-31,7.86085224443338
WDI:SP.POP.4044.MA.5Y:CYM,1993-12-31,7.98899007747723
WDI:SP.POP.4044.MA.5Y:CYM,1994-12-31,8.06488313883561
WDI:SP.POP.4044.MA.5Y:CYM,1995-12-31,8.11929890103048
WDI:SP.POP.4044.MA.5Y:CYM,1996-12-31,8.23975630151714
WDI:SP.POP.4044.MA.5Y:CYM,1997-12-31,8.42567606361601
WDI:SP.POP.4044.MA.5Y:CYM,1998-12-31,8.6660767614202
WDI:SP.POP.4044.MA.5Y:CYM,1999-12-31,8.9279521993118
WDI:SP.POP.4044.MA.5Y:CYM,2000-12-31,9.12177805216855
WDI:SP.POP.4044.MA.5Y:CYM,2001-12-31,9.29234281177113
WDI:SP.POP.4044.MA.5Y:CYM,2002-12-31,9.52609133164023
WDI:SP.POP.4044.MA.5Y:CYM,2003-12-31,9.76140838545286
WDI:SP.POP.4044.MA.5Y:CYM,2004-12-31,9.95693329146292
WDI:SP.POP.4044.MA.5Y:CYM,2005-12-31,10.1276003738887
WDI:SP.POP.4044.MA.5Y:CYM,2006-12-31,10.2858106399123
WDI:SP.POP.4044.MA.5Y:CYM,2007-12-31,10.4276161066688
WDI:SP.POP.4044.MA.5Y:CYM,2008-12-31,10.5717689100655
WDI:SP.POP.4044.MA.5Y:CYM,2009-12-31,10.7505110108373
WDI:SP.POP.4044.MA.5Y:CYM,2010-12-31,10.9655534315379
WDI:SP.POP.4044.MA.5Y:CYM,2011-12-31,11.0514435504423
WDI:SP.POP.4044.MA.5Y:CYM,2012-12-31,10.9430227626184
WDI:SP.POP.4044.MA.5Y:CYM,2013-12-31,10.7601676284694
WDI:SP.POP.4044.MA.5Y:CYM,2014-12-31,10.5645686788859
WDI:SP.POP.4044.MA.5Y:CYM,2015-12-31,10.386799668039
WDI:SP.POP.4044.MA.5Y:CYM,2016-12-31,10.235783193704
WDI:SP.POP.4044.MA.5Y:CYM,2017-12-31,10.10872258704
WDI:SP.POP.4044.MA.5Y:CYM,2018-12-31,9.99833537628063
WDI:SP.POP.4044.MA.5Y:CYM,2019-12-31,9.91372293667589
WDI:SP.POP.4044.MA.5Y:CYM,2020-12-31,9.84976893099802
WDI:SP.POP.4044.MA.5Y:CYM,2021-12-31,9.77243062255264
WDI:SP.POP.4044.MA.5Y:CYM,2022-12-31,9.68459389204743
WDI:SP.POP.4044.MA.5Y:CYM,2023-12-31,9.61936961500709
WDI:SP.POP.4044.MA.5Y:CYM,2024-12-31,9.55304945753234
WDI:SP.POP.4044.MA.5Y:CYP,1960-12-31,5.31406845164106
WDI:SP.POP.4044.MA.5Y:CYP,1961-12-31,5.25591474415372
WDI:SP.POP.4044.MA.5Y:CYP,1962-12-31,5.20256953803851
WDI:SP.POP.4044.MA.5Y:CYP,1963-12-31,5.15407607967188
WDI:SP.POP.4044.MA.5Y:CYP,1964-12-31,5.11613933400391
WDI:SP.POP.4044.MA.5Y:CYP,1965-12-31,5.09154418838714
WDI:SP.POP.4044.MA.5Y:CYP,1966-12-31,5.07807158624013
WDI:SP.POP.4044.MA.5Y:CYP,1967-12-31,5.06510366332934
WDI:SP.POP.4044.MA.5Y:CYP,1968-12-31,5.04018602071536
WDI:SP.POP.4044.MA.5Y:CYP,1969-12-31,4.99668874172185
WDI:SP.POP.4044.MA.5Y:CYP,1970-12-31,4.93983119046282
WDI:SP.POP.4044.MA.5Y:CYP,1971-12-31,4.88633349985506
WDI:SP.POP.4044.MA.5Y:CYP,1972-12-31,4.86077677358019
WDI:SP.POP.4044.MA.5Y:CYP,1973-12-31,4.89917815262016
WDI:SP.POP.4044.MA.5Y:CYP,1974-12-31,4.9737345704897
WDI:SP.POP.4044.MA.5Y:CYP,1975-12-31,5.05325088366434
WDI:SP.POP.4044.MA.5Y:CYP,1976-12-31,5.13215069864864
WDI:SP.POP.4044.MA.5Y:CYP,1977-12-31,5.17941548498768
WDI:SP.POP.4044.MA.5Y:CYP,1978-12-31,5.19836618505406
WDI:SP.POP.4044.MA.5Y:CYP,1979-12-31,5.22828416508008
WDI:SP.POP.4044.MA.5Y:CYP,1980-12-31,5.31873768236662
WDI:SP.POP.4044.MA.5Y:CYP,1981-12-31,5.49789079973903
WDI:SP.POP.4044.MA.5Y:CYP,1982-12-31,5.71024590513019
WDI:SP.POP.4044.MA.5Y:CYP,1983-12-31,5.86710587841186
WDI:SP.POP.4044.MA.5Y:CYP,1984-12-31,5.98586430943833
WDI:SP.POP.4044.MA.5Y:CYP,1985-12-31,6.10655328877662
WDI:SP.POP.4044.MA.5Y:CYP,1986-12-31,6.22090186970401
WDI:SP.POP.4044.MA.5Y:CYP,1987-12-31,6.3203804227325
WDI:SP.POP.4044.MA.5Y:CYP,1988-12-31,6.40375304761795
WDI:SP.POP.4044.MA.5Y:CYP,1989-12-31,6.47591999210948
WDI:SP.POP.4044.MA.5Y:CYP,1990-12-31,6.54037801864799
WDI:SP.POP.4044.MA.5Y:CYP,1991-12-31,6.59857569142356
WDI:SP.POP.4044.MA.5Y:CYP,1992-12-31,6.64213565086877
WDI:SP.POP.4044.MA.5Y:CYP,1993-12-31,6.65358851561006
WDI:SP.POP.4044.MA.5Y:CYP,1994-12-31,6.64924580609629
WDI:SP.POP.4044.MA.5Y:CYP,1995-12-31,6.66087720576184
WDI:SP.POP.4044.MA.5Y:CYP,1996-12-31,6.70268750251075
WDI:SP.POP.4044.MA.5Y:CYP,1997-12-31,6.78772020101383
WDI:SP.POP.4044.MA.5Y:CYP,1998-12-31,6.91385813686255
WDI:SP.POP.4044.MA.5Y:CYP,1999-12-31,7.06116543814814
WDI:SP.POP.4044.MA.5Y:CYP,2000-12-31,7.20236674105984
WDI:SP.POP.4044.MA.5Y:CYP,2001-12-31,7.30113560972423
WDI:SP.POP.4044.MA.5Y:CYP,2002-12-31,7.31602843310936
WDI:SP.POP.4044.MA.5Y:CYP,2003-12-31,7.25119678990301
WDI:SP.POP.4044.MA.5Y:CYP,2004-12-31,7.14327205697269
WDI:SP.POP.4044.MA.5Y:CYP,2005-12-31,7.01808466913276
WDI:SP.POP.4044.MA.5Y:CYP,2006-12-31,6.90325030490314
WDI:SP.POP.4044.MA.5Y:CYP,2007-12-31,6.822036080578
WDI:SP.POP.4044.MA.5Y:CYP,2008-12-31,6.78169705247828
WDI:SP.POP.4044.MA.5Y:CYP,2009-12-31,6.77376955229831
WDI:SP.POP.4044.MA.5Y:CYP,2010-12-31,6.7795051939228
WDI:SP.POP.4044.MA.5Y:CYP,2011-12-31,6.78602417653055
WDI:SP.POP.4044.MA.5Y:CYP,2012-12-31,6.77657308760028
WDI:SP.POP.4044.MA.5Y:CYP,2013-12-31,6.75072634714632
WDI:SP.POP.4044.MA.5Y:CYP,2014-12-31,6.73446772355742
WDI:SP.POP.4044.MA.5Y:CYP,2015-12-31,6.7514665190475
WDI:SP.POP.4044.MA.5Y:CYP,2016-12-31,6.82567165278255
WDI:SP.POP.4044.MA.5Y:CYP,2017-12-31,6.97400731545305
WDI:SP.POP.4044.MA.5Y:CYP,2018-12-31,7.19274549010678
WDI:SP.POP.4044.MA.5Y:CYP,2019-12-31,7.46452973246979
WDI:SP.POP.4044.MA.5Y:CYP,2020-12-31,7.77077678071735
WDI:SP.POP.4044.MA.5Y:CYP,2021-12-31,8.09302010339751
WDI:SP.POP.4044.MA.5Y:CYP,2022-12-31,8.41792450931652
WDI:SP.POP.4044.MA.5Y:CYP,2023-12-31,8.73404205864361
WDI:SP.POP.4044.MA.5Y:CYP,2024-12-31,9.02413377596005
WDI:SP.POP.4044.MA.5Y:CZE,1960-12-31,4.47409294774821
WDI:SP.POP.4044.MA.5Y:CZE,1961-12-31,4.99091028537827
WDI:SP.POP.4044.MA.5Y:CZE,1962-12-31,5.7402819937691
WDI:SP.POP.4044.MA.5Y:CZE,1963-12-31,6.53077843839267
WDI:SP.POP.4044.MA.5Y:CZE,1964-12-31,7.07169055000568
WDI:SP.POP.4044.MA.5Y:CZE,1965-12-31,7.22374802781511
WDI:SP.POP.4044.MA.5Y:CZE,1966-12-31,7.16851896265775
WDI:SP.POP.4044.MA.5Y:CZE,1967-12-31,7.02198052754915
WDI:SP.POP.4044.MA.5Y:CZE,1968-12-31,6.86067653288114
WDI:SP.POP.4044.MA.5Y:CZE,1969-12-31,6.73885039474367
WDI:SP.POP.4044.MA.5Y:CZE,1970-12-31,6.6746660312681
WDI:SP.POP.4044.MA.5Y:CZE,1971-12-31,6.62576561982192
WDI:SP.POP.4044.MA.5Y:CZE,1972-12-31,6.56068197025832
WDI:SP.POP.4044.MA.5Y:CZE,1973-12-31,6.44381827289263
WDI:SP.POP.4044.MA.5Y:CZE,1974-12-31,6.25653260410663
WDI:SP.POP.4044.MA.5Y:CZE,1975-12-31,6.02233310729196
WDI:SP.POP.4044.MA.5Y:CZE,1976-12-31,5.76946410970834
WDI:SP.POP.4044.MA.5Y:CZE,1977-12-31,5.54700924954233
WDI:SP.POP.4044.MA.5Y:CZE,1978-12-31,5.40103797922341
WDI:SP.POP.4044.MA.5Y:CZE,1979-12-31,5.3483537490836
WDI:SP.POP.4044.MA.5Y:CZE,1980-12-31,5.42903861732672
WDI:SP.POP.4044.MA.5Y:CZE,1981-12-31,5.62445649705414
WDI:SP.POP.4044.MA.5Y:CZE,1982-12-31,5.8682342882601
WDI:SP.POP.4044.MA.5Y:CZE,1983-12-31,6.19485459732719
WDI:SP.POP.4044.MA.5Y:CZE,1984-12-31,6.56931728000817
WDI:SP.POP.4044.MA.5Y:CZE,1985-12-31,6.85638772919079
WDI:SP.POP.4044.MA.5Y:CZE,1986-12-31,7.18166267026871
WDI:SP.POP.4044.MA.5Y:CZE,1987-12-31,7.62764120385535
WDI:SP.POP.4044.MA.5Y:CZE,1988-12-31,7.96427792254591
WDI:SP.POP.4044.MA.5Y:CZE,1989-12-31,8.15230523348549
WDI:SP.POP.4044.MA.5Y:CZE,1990-12-31,8.33125080313665
WDI:SP.POP.4044.MA.5Y:CZE,1991-12-31,8.41149943664025
WDI:SP.POP.4044.MA.5Y:CZE,1992-12-31,8.31875258206872
WDI:SP.POP.4044.MA.5Y:CZE,1993-12-31,8.20505326431259
WDI:SP.POP.4044.MA.5Y:CZE,1994-12-31,8.13671363209659
WDI:SP.POP.4044.MA.5Y:CZE,1995-12-31,8.06925343311683
WDI:SP.POP.4044.MA.5Y:CZE,1996-12-31,7.96183674496604
WDI:SP.POP.4044.MA.5Y:CZE,1997-12-31,7.82511142603323
WDI:SP.POP.4044.MA.5Y:CZE,1998-12-31,7.62747751562779
WDI:SP.POP.4044.MA.5Y:CZE,1999-12-31,7.35027832541344
WDI:SP.POP.4044.MA.5Y:CZE,2000-12-31,7.05386510187669
WDI:SP.POP.4044.MA.5Y:CZE,2001-12-31,6.78632784735776
WDI:SP.POP.4044.MA.5Y:CZE,2002-12-31,6.57593589460168
WDI:SP.POP.4044.MA.5Y:CZE,2003-12-31,6.5441113237697
WDI:SP.POP.4044.MA.5Y:CZE,2004-12-31,6.71959309898562
WDI:SP.POP.4044.MA.5Y:CZE,2005-12-31,6.92573245464688
WDI:SP.POP.4044.MA.5Y:CZE,2006-12-31,7.06372010143783
WDI:SP.POP.4044.MA.5Y:CZE,2007-12-31,7.13874060473583
WDI:SP.POP.4044.MA.5Y:CZE,2008-12-31,7.11343725648084
WDI:SP.POP.4044.MA.5Y:CZE,2009-12-31,7.01994485026045
WDI:SP.POP.4044.MA.5Y:CZE,2010-12-31,6.9944180500935
WDI:SP.POP.4044.MA.5Y:CZE,2011-12-31,7.08716535415495
WDI:SP.POP.4044.MA.5Y:CZE,2012-12-31,7.29050926475451
WDI:SP.POP.4044.MA.5Y:CZE,2013-12-31,7.63637032512021
WDI:SP.POP.4044.MA.5Y:CZE,2014-12-31,8.08997295979732
WDI:SP.POP.4044.MA.5Y:CZE,2015-12-31,8.5234588297157
WDI:SP.POP.4044.MA.5Y:CZE,2016-12-31,8.87313855072128
WDI:SP.POP.4044.MA.5Y:CZE,2017-12-31,9.10544803800364
WDI:SP.POP.4044.MA.5Y:CZE,2018-12-31,9.16758213711167
WDI:SP.POP.4044.MA.5Y:CZE,2019-12-31,9.05036186989987
WDI:SP.POP.4044.MA.5Y:CZE,2020-12-31,8.79657964844677
WDI:SP.POP.4044.MA.5Y:CZE,2021-12-31,8.4592032111423
WDI:SP.POP.4044.MA.5Y:CZE,2022-12-31,8.08407127786385
WDI:SP.POP.4044.MA.5Y:CZE,2023-12-31,7.74728539863167
WDI:SP.POP.4044.MA.5Y:CZE,2024-12-31,7.47326998168509
WDI:SP.POP.4044.MA.5Y:DEU,1960-12-31,4.04977887245807
WDI:SP.POP.4044.MA.5Y:DEU,1961-12-31,4.44821419417557
WDI:SP.POP.4044.MA.5Y:DEU,1962-12-31,4.96000751602463
WDI:SP.POP.4044.MA.5Y:DEU,1963-12-31,5.41272413470759
WDI:SP.POP.4044.MA.5Y:DEU,1964-12-31,5.65827011884727
WDI:SP.POP.4044.MA.5Y:DEU,1965-12-31,5.69243887087851
WDI:SP.POP.4044.MA.5Y:DEU,1966-12-31,5.672210166459
WDI:SP.POP.4044.MA.5Y:DEU,1967-12-31,5.72479510349574
WDI:SP.POP.4044.MA.5Y:DEU,1968-12-31,5.96050868751131
WDI:SP.POP.4044.MA.5Y:DEU,1969-12-31,6.30667582502202
WDI:SP.POP.4044.MA.5Y:DEU,1970-12-31,6.59543181161861
WDI:SP.POP.4044.MA.5Y:DEU,1971-12-31,6.77166488047271
WDI:SP.POP.4044.MA.5Y:DEU,1972-12-31,6.8241172238972
WDI:SP.POP.4044.MA.5Y:DEU,1973-12-31,6.74710248937366
WDI:SP.POP.4044.MA.5Y:DEU,1974-12-31,6.73761207800822
WDI:SP.POP.4044.MA.5Y:DEU,1975-12-31,6.8934531130946
WDI:SP.POP.4044.MA.5Y:DEU,1976-12-31,7.13328427224331
WDI:SP.POP.4044.MA.5Y:DEU,1977-12-31,7.45601202133912
WDI:SP.POP.4044.MA.5Y:DEU,1978-12-31,7.85465748246425
WDI:SP.POP.4044.MA.5Y:DEU,1979-12-31,8.21910622807347
WDI:SP.POP.4044.MA.5Y:DEU,1980-12-31,8.46352062026516
WDI:SP.POP.4044.MA.5Y:DEU,1981-12-31,8.61108665576321
WDI:SP.POP.4044.MA.5Y:DEU,1982-12-31,8.54863355228897
WDI:SP.POP.4044.MA.5Y:DEU,1983-12-31,8.31009895617748
WDI:SP.POP.4044.MA.5Y:DEU,1984-12-31,7.95744883591272
WDI:SP.POP.4044.MA.5Y:DEU,1985-12-31,7.33375377007243
WDI:SP.POP.4044.MA.5Y:DEU,1986-12-31,6.64464477884347
WDI:SP.POP.4044.MA.5Y:DEU,1987-12-31,6.37568017336995
WDI:SP.POP.4044.MA.5Y:DEU,1988-12-31,6.33680875534915
WDI:SP.POP.4044.MA.5Y:DEU,1989-12-31,6.296312820415
WDI:SP.POP.4044.MA.5Y:DEU,1990-12-31,6.52084396081834
WDI:SP.POP.4044.MA.5Y:DEU,1991-12-31,6.86947156512906
WDI:SP.POP.4044.MA.5Y:DEU,1992-12-31,7.08682200851435
WDI:SP.POP.4044.MA.5Y:DEU,1993-12-31,7.20128960037745
WDI:SP.POP.4044.MA.5Y:DEU,1994-12-31,7.26460696426574
WDI:SP.POP.4044.MA.5Y:DEU,1995-12-31,7.3145987236449
WDI:SP.POP.4044.MA.5Y:DEU,1996-12-31,7.39211472742741
WDI:SP.POP.4044.MA.5Y:DEU,1997-12-31,7.48044246906552
WDI:SP.POP.4044.MA.5Y:DEU,1998-12-31,7.62356447095122
WDI:SP.POP.4044.MA.5Y:DEU,1999-12-31,7.83024781671977
WDI:SP.POP.4044.MA.5Y:DEU,2000-12-31,8.03570686225654
WDI:SP.POP.4044.MA.5Y:DEU,2001-12-31,8.24716861748168
WDI:SP.POP.4044.MA.5Y:DEU,2002-12-31,8.45172527506814
WDI:SP.POP.4044.MA.5Y:DEU,2003-12-31,8.66710341662205
WDI:SP.POP.4044.MA.5Y:DEU,2004-12-31,8.86375867207392
WDI:SP.POP.4044.MA.5Y:DEU,2005-12-31,8.97483444033991
WDI:SP.POP.4044.MA.5Y:DEU,2006-12-31,9.06777648060778
WDI:SP.POP.4044.MA.5Y:DEU,2007-12-31,9.1036318975925
WDI:SP.POP.4044.MA.5Y:DEU,2008-12-31,8.99216224335794
WDI:SP.POP.4044.MA.5Y:DEU,2009-12-31,8.73751379010758
WDI:SP.POP.4044.MA.5Y:DEU,2010-12-31,8.39334455985805
WDI:SP.POP.4044.MA.5Y:DEU,2011-12-31,8.03101378681742
WDI:SP.POP.4044.MA.5Y:DEU,2012-12-31,7.66929357175908
WDI:SP.POP.4044.MA.5Y:DEU,2013-12-31,7.24886451338809
WDI:SP.POP.4044.MA.5Y:DEU,2014-12-31,6.78292131796543
WDI:SP.POP.4044.MA.5Y:DEU,2015-12-31,6.39709862769393
WDI:SP.POP.4044.MA.5Y:DEU,2016-12-31,6.10657490771095
WDI:SP.POP.4044.MA.5Y:DEU,2017-12-31,5.95288253547517
WDI:SP.POP.4044.MA.5Y:DEU,2018-12-31,5.94619110424622
WDI:SP.POP.4044.MA.5Y:DEU,2019-12-31,6.00188919377212
WDI:SP.POP.4044.MA.5Y:DEU,2020-12-31,6.10542285790193
WDI:SP.POP.4044.MA.5Y:DEU,2021-12-31,6.23466797465745
WDI:SP.POP.4044.MA.5Y:DEU,2022-12-31,6.35214746746531
WDI:SP.POP.4044.MA.5Y:DEU,2023-12-31,6.45676632349677
WDI:SP.POP.4044.MA.5Y:DEU,2024-12-31,6.53491497474884
WDI:SP.POP.4044.MA.5Y:DJI,1960-12-31,4.27507984219425
WDI:SP.POP.4044.MA.5Y:DJI,1961-12-31,4.28975025426602
WDI:SP.POP.4044.MA.5Y:DJI,1962-12-31,4.30059781666956
WDI:SP.POP.4044.MA.5Y:DJI,1963-12-31,4.30756843800322
WDI:SP.POP.4044.MA.5Y:DJI,1964-12-31,4.31266582469332
WDI:SP.POP.4044.MA.5Y:DJI,1965-12-31,4.31504755906679
WDI:SP.POP.4044.MA.5Y:DJI,1966-12-31,4.31676746428258
WDI:SP.POP.4044.MA.5Y:DJI,1967-12-31,4.31868579069323
WDI:SP.POP.4044.MA.5Y:DJI,1968-12-31,4.32001512477943
WDI:SP.POP.4044.MA.5Y:DJI,1969-12-31,4.31709689154176
WDI:SP.POP.4044.MA.5Y:DJI,1970-12-31,4.312792251169
WDI:SP.POP.4044.MA.5Y:DJI,1971-12-31,4.30938507112862
WDI:SP.POP.4044.MA.5Y:DJI,1972-12-31,4.30622881510369
WDI:SP.POP.4044.MA.5Y:DJI,1973-12-31,4.30408112451617
WDI:SP.POP.4044.MA.5Y:DJI,1974-12-31,4.30208420699489
WDI:SP.POP.4044.MA.5Y:DJI,1975-12-31,4.29808108498052
WDI:SP.POP.4044.MA.5Y:DJI,1976-12-31,4.29516285661794
WDI:SP.POP.4044.MA.5Y:DJI,1977-12-31,4.29600799036083
WDI:SP.POP.4044.MA.5Y:DJI,1978-12-31,4.29774339647115
WDI:SP.POP.4044.MA.5Y:DJI,1979-12-31,4.29971807842787
WDI:SP.POP.4044.MA.5Y:DJI,1980-12-31,4.30148470101663
WDI:SP.POP.4044.MA.5Y:DJI,1981-12-31,4.30425516278386
WDI:SP.POP.4044.MA.5Y:DJI,1982-12-31,4.30864242872843
WDI:SP.POP.4044.MA.5Y:DJI,1983-12-31,4.31561460887782
WDI:SP.POP.4044.MA.5Y:DJI,1984-12-31,4.32863396353177
WDI:SP.POP.4044.MA.5Y:DJI,1985-12-31,4.34981719356461
WDI:SP.POP.4044.MA.5Y:DJI,1986-12-31,4.37868060610071
WDI:SP.POP.4044.MA.5Y:DJI,1987-12-31,4.41199616059019
WDI:SP.POP.4044.MA.5Y:DJI,1988-12-31,4.44942820680166
WDI:SP.POP.4044.MA.5Y:DJI,1989-12-31,4.4825164734741
WDI:SP.POP.4044.MA.5Y:DJI,1990-12-31,4.47946830741865
WDI:SP.POP.4044.MA.5Y:DJI,1991-12-31,4.42462912745254
WDI:SP.POP.4044.MA.5Y:DJI,1992-12-31,4.32730589376457
WDI:SP.POP.4044.MA.5Y:DJI,1993-12-31,4.20557606127338
WDI:SP.POP.4044.MA.5Y:DJI,1994-12-31,4.09930103639431
WDI:SP.POP.4044.MA.5Y:DJI,1995-12-31,4.0286067337465
WDI:SP.POP.4044.MA.5Y:DJI,1996-12-31,4.02056077958329
WDI:SP.POP.4044.MA.5Y:DJI,1997-12-31,4.07828558932867
WDI:SP.POP.4044.MA.5Y:DJI,1998-12-31,4.16890209610165
WDI:SP.POP.4044.MA.5Y:DJI,1999-12-31,4.25775061131484
WDI:SP.POP.4044.MA.5Y:DJI,2000-12-31,4.3443225020112
WDI:SP.POP.4044.MA.5Y:DJI,2001-12-31,4.43540085014999
WDI:SP.POP.4044.MA.5Y:DJI,2002-12-31,4.53018184390426
WDI:SP.POP.4044.MA.5Y:DJI,2003-12-31,4.61576658312468
WDI:SP.POP.4044.MA.5Y:DJI,2004-12-31,4.69757184060102
WDI:SP.POP.4044.MA.5Y:DJI,2005-12-31,4.78730794475133
WDI:SP.POP.4044.MA.5Y:DJI,2006-12-31,4.89001920625877
WDI:SP.POP.4044.MA.5Y:DJI,2007-12-31,5.00336286136388
WDI:SP.POP.4044.MA.5Y:DJI,2008-12-31,5.12215398340941
WDI:SP.POP.4044.MA.5Y:DJI,2009-12-31,5.24448093111633
WDI:SP.POP.4044.MA.5Y:DJI,2010-12-31,5.36805122254796
WDI:SP.POP.4044.MA.5Y:DJI,2011-12-31,5.49320124732186
WDI:SP.POP.4044.MA.5Y:DJI,2012-12-31,5.61746179114296
WDI:SP.POP.4044.MA.5Y:DJI,2013-12-31,5.73650714495929
WDI:SP.POP.4044.MA.5Y:DJI,2014-12-31,5.84642811971114
WDI:SP.POP.4044.MA.5Y:DJI,2015-12-31,5.94448616002139
WDI:SP.POP.4044.MA.5Y:DJI,2016-12-31,6.02787980533627
WDI:SP.POP.4044.MA.5Y:DJI,2017-12-31,6.0942984047449
WDI:SP.POP.4044.MA.5Y:DJI,2018-12-31,6.14333925716804
WDI:SP.POP.4044.MA.5Y:DJI,2019-12-31,6.17535650726989
WDI:SP.POP.4044.MA.5Y:DJI,2020-12-31,6.19240329955117
WDI:SP.POP.4044.MA.5Y:DJI,2021-12-31,6.1949599868376
WDI:SP.POP.4044.MA.5Y:DJI,2022-12-31,6.18701871747852
WDI:SP.POP.4044.MA.5Y:DJI,2023-12-31,6.1771127462815
WDI:SP.POP.4044.MA.5Y:DJI,2024-12-31,6.16238544620956
WDI:SP.POP.4044.MA.5Y:DMA,1960-12-31,4.17915357064542
WDI:SP.POP.4044.MA.5Y:DMA,1961-12-31,4.08897847527176
WDI:SP.POP.4044.MA.5Y:DMA,1962-12-31,4.03264437150714
WDI:SP.POP.4044.MA.5Y:DMA,1963-12-31,3.9583187635499
WDI:SP.POP.4044.MA.5Y:DMA,1964-12-31,3.85443397688717
WDI:SP.POP.4044.MA.5Y:DMA,1965-12-31,3.75086904176488
WDI:SP.POP.4044.MA.5Y:DMA,1966-12-31,3.6620564240311
WDI:SP.POP.4044.MA.5Y:DMA,1967-12-31,3.57283464566929
WDI:SP.POP.4044.MA.5Y:DMA,1968-12-31,3.51386202450032
WDI:SP.POP.4044.MA.5Y:DMA,1969-12-31,3.47541087431521
WDI:SP.POP.4044.MA.5Y:DMA,1970-12-31,3.41287890588492
WDI:SP.POP.4044.MA.5Y:DMA,1971-12-31,3.36015725781682
WDI:SP.POP.4044.MA.5Y:DMA,1972-12-31,3.31949578813405
WDI:SP.POP.4044.MA.5Y:DMA,1973-12-31,3.25638418754859
WDI:SP.POP.4044.MA.5Y:DMA,1974-12-31,3.18413982462874
WDI:SP.POP.4044.MA.5Y:DMA,1975-12-31,3.12477216721832
WDI:SP.POP.4044.MA.5Y:DMA,1976-12-31,3.06253332756857
WDI:SP.POP.4044.MA.5Y:DMA,1977-12-31,3.01129234629862
WDI:SP.POP.4044.MA.5Y:DMA,1978-12-31,2.98113314127549
WDI:SP.POP.4044.MA.5Y:DMA,1979-12-31,2.97351429331765
WDI:SP.POP.4044.MA.5Y:DMA,1980-12-31,2.99909540045926
WDI:SP.POP.4044.MA.5Y:DMA,1981-12-31,3.05467577929655
WDI:SP.POP.4044.MA.5Y:DMA,1982-12-31,3.1397130519571
WDI:SP.POP.4044.MA.5Y:DMA,1983-12-31,3.26026171569176
WDI:SP.POP.4044.MA.5Y:DMA,1984-12-31,3.38914071599983
WDI:SP.POP.4044.MA.5Y:DMA,1985-12-31,3.53166661969052
WDI:SP.POP.4044.MA.5Y:DMA,1986-12-31,3.71041749277743
WDI:SP.POP.4044.MA.5Y:DMA,1987-12-31,3.87212582271989
WDI:SP.POP.4044.MA.5Y:DMA,1988-12-31,3.99833641669893
WDI:SP.POP.4044.MA.5Y:DMA,1989-12-31,4.13476263399694
WDI:SP.POP.4044.MA.5Y:DMA,1990-12-31,4.27076349007375
WDI:SP.POP.4044.MA.5Y:DMA,1991-12-31,4.338839946644
WDI:SP.POP.4044.MA.5Y:DMA,1992-12-31,4.45983947507177
WDI:SP.POP.4044.MA.5Y:DMA,1993-12-31,4.70192869666861
WDI:SP.POP.4044.MA.5Y:DMA,1994-12-31,4.94223363286265
WDI:SP.POP.4044.MA.5Y:DMA,1995-12-31,5.16635819111882
WDI:SP.POP.4044.MA.5Y:DMA,1996-12-31,5.3883926619942
WDI:SP.POP.4044.MA.5Y:DMA,1997-12-31,5.58576948312313
WDI:SP.POP.4044.MA.5Y:DMA,1998-12-31,5.81663648577604
WDI:SP.POP.4044.MA.5Y:DMA,1999-12-31,6.11138780652155
WDI:SP.POP.4044.MA.5Y:DMA,2000-12-31,6.40340415507163
WDI:SP.POP.4044.MA.5Y:DMA,2001-12-31,6.66952130644066
WDI:SP.POP.4044.MA.5Y:DMA,2002-12-31,6.89274192360385
WDI:SP.POP.4044.MA.5Y:DMA,2003-12-31,7.06191468749083
WDI:SP.POP.4044.MA.5Y:DMA,2004-12-31,7.18059804165508
WDI:SP.POP.4044.MA.5Y:DMA,2005-12-31,7.27092215149214
WDI:SP.POP.4044.MA.5Y:DMA,2006-12-31,7.34934141508334
WDI:SP.POP.4044.MA.5Y:DMA,2007-12-31,7.41964116816786
WDI:SP.POP.4044.MA.5Y:DMA,2008-12-31,7.48760306542382
WDI:SP.POP.4044.MA.5Y:DMA,2009-12-31,7.54385200040691
WDI:SP.POP.4044.MA.5Y:DMA,2010-12-31,7.59622367465505
WDI:SP.POP.4044.MA.5Y:DMA,2011-12-31,7.61730916887594
WDI:SP.POP.4044.MA.5Y:DMA,2012-12-31,7.56838905775076
WDI:SP.POP.4044.MA.5Y:DMA,2013-12-31,7.44910282953761
WDI:SP.POP.4044.MA.5Y:DMA,2014-12-31,7.24143344417646
WDI:SP.POP.4044.MA.5Y:DMA,2015-12-31,6.95280193925567
WDI:SP.POP.4044.MA.5Y:DMA,2016-12-31,6.60291897332662
WDI:SP.POP.4044.MA.5Y:DMA,2017-12-31,6.26474099525376
WDI:SP.POP.4044.MA.5Y:DMA,2018-12-31,6.05652955884718
WDI:SP.POP.4044.MA.5Y:DMA,2019-12-31,5.97909080230236
WDI:SP.POP.4044.MA.5Y:DMA,2020-12-31,6.02654867256637
WDI:SP.POP.4044.MA.5Y:DMA,2021-12-31,6.21023123359191
WDI:SP.POP.4044.MA.5Y:DMA,2022-12-31,6.48844707146695
WDI:SP.POP.4044.MA.5Y:DMA,2023-12-31,6.78118805934291
WDI:SP.POP.4044.MA.5Y:DMA,2024-12-31,7.0585925109134
WDI:SP.POP.4044.MA.5Y:DNK,1960-12-31,6.54132542452214
WDI:SP.POP.4044.MA.5Y:DNK,1961-12-31,6.64455902268675
WDI:SP.POP.4044.MA.5Y:DNK,1962-12-31,6.66249566937239
WDI:SP.POP.4044.MA.5Y:DNK,1963-12-31,6.62759412400736
WDI:SP.POP.4044.MA.5Y:DNK,1964-12-31,6.59393277710787
WDI:SP.POP.4044.MA.5Y:DNK,1965-12-31,6.47757514607394
WDI:SP.POP.4044.MA.5Y:DNK,1966-12-31,6.27842753498373
WDI:SP.POP.4044.MA.5Y:DNK,1967-12-31,6.13244652283121
WDI:SP.POP.4044.MA.5Y:DNK,1968-12-31,6.02386972456893
WDI:SP.POP.4044.MA.5Y:DNK,1969-12-31,5.89880236680533
WDI:SP.POP.4044.MA.5Y:DNK,1970-12-31,5.78771326091027
WDI:SP.POP.4044.MA.5Y:DNK,1971-12-31,5.70286351087029
WDI:SP.POP.4044.MA.5Y:DNK,1972-12-31,5.62223448815894
WDI:SP.POP.4044.MA.5Y:DNK,1973-12-31,5.55212046666101
WDI:SP.POP.4044.MA.5Y:DNK,1974-12-31,5.51909075879451
WDI:SP.POP.4044.MA.5Y:DNK,1975-12-31,5.52135461660791
WDI:SP.POP.4044.MA.5Y:DNK,1976-12-31,5.54695182103453
WDI:SP.POP.4044.MA.5Y:DNK,1977-12-31,5.61584653079456
WDI:SP.POP.4044.MA.5Y:DNK,1978-12-31,5.71766245771426
WDI:SP.POP.4044.MA.5Y:DNK,1979-12-31,5.83490600473275
WDI:SP.POP.4044.MA.5Y:DNK,1980-12-31,5.96250707906085
WDI:SP.POP.4044.MA.5Y:DNK,1981-12-31,6.10922527894404
WDI:SP.POP.4044.MA.5Y:DNK,1982-12-31,6.32260220576911
WDI:SP.POP.4044.MA.5Y:DNK,1983-12-31,6.62088300798122
WDI:SP.POP.4044.MA.5Y:DNK,1984-12-31,7.00321919289597
WDI:SP.POP.4044.MA.5Y:DNK,1985-12-31,7.46428672096856
WDI:SP.POP.4044.MA.5Y:DNK,1986-12-31,7.9424995804198
WDI:SP.POP.4044.MA.5Y:DNK,1987-12-31,8.30392523867449
WDI:SP.POP.4044.MA.5Y:DNK,1988-12-31,8.45631533970168
WDI:SP.POP.4044.MA.5Y:DNK,1989-12-31,8.39751211475188
WDI:SP.POP.4044.MA.5Y:DNK,1990-12-31,8.17626831515205
WDI:SP.POP.4044.MA.5Y:DNK,1991-12-31,7.87349411936279
WDI:SP.POP.4044.MA.5Y:DNK,1992-12-31,7.575676160122
WDI:SP.POP.4044.MA.5Y:DNK,1993-12-31,7.39338398568078
WDI:SP.POP.4044.MA.5Y:DNK,1994-12-31,7.30821948875402
WDI:SP.POP.4044.MA.5Y:DNK,1995-12-31,7.26265256721785
WDI:SP.POP.4044.MA.5Y:DNK,1996-12-31,7.25325273436726
WDI:SP.POP.4044.MA.5Y:DNK,1997-12-31,7.25457966567717
WDI:SP.POP.4044.MA.5Y:DNK,1998-12-31,7.23353859192972
WDI:SP.POP.4044.MA.5Y:DNK,1999-12-31,7.21441712215783
WDI:SP.POP.4044.MA.5Y:DNK,2000-12-31,7.22248650319894
WDI:SP.POP.4044.MA.5Y:DNK,2001-12-31,7.23459991582539
WDI:SP.POP.4044.MA.5Y:DNK,2002-12-31,7.26693543624146
WDI:SP.POP.4044.MA.5Y:DNK,2003-12-31,7.36693602603943
WDI:SP.POP.4044.MA.5Y:DNK,2004-12-31,7.53226930599603
WDI:SP.POP.4044.MA.5Y:DNK,2005-12-31,7.70433834120329
WDI:SP.POP.4044.MA.5Y:DNK,2006-12-31,7.8869638415306
WDI:SP.POP.4044.MA.5Y:DNK,2007-12-31,8.01342972189266
WDI:SP.POP.4044.MA.5Y:DNK,2008-12-31,7.96660221977217
WDI:SP.POP.4044.MA.5Y:DNK,2009-12-31,7.78314839555711
WDI:SP.POP.4044.MA.5Y:DNK,2010-12-31,7.53788342300575
WDI:SP.POP.4044.MA.5Y:DNK,2011-12-31,7.28760625345126
WDI:SP.POP.4044.MA.5Y:DNK,2012-12-31,7.10703376928377
WDI:SP.POP.4044.MA.5Y:DNK,2013-12-31,7.00913199799903
WDI:SP.POP.4044.MA.5Y:DNK,2014-12-31,6.96246356270463
WDI:SP.POP.4044.MA.5Y:DNK,2015-12-31,6.95269116046061
WDI:SP.POP.4044.MA.5Y:DNK,2016-12-31,6.87246837625617
WDI:SP.POP.4044.MA.5Y:DNK,2017-12-31,6.6912955197405
WDI:SP.POP.4044.MA.5Y:DNK,2018-12-31,6.52566352464263
WDI:SP.POP.4044.MA.5Y:DNK,2019-12-31,6.38118346686697
WDI:SP.POP.4044.MA.5Y:DNK,2020-12-31,6.20293384288741
WDI:SP.POP.4044.MA.5Y:DNK,2021-12-31,6.02514249708674
WDI:SP.POP.4044.MA.5Y:DNK,2022-12-31,5.90963241386416
WDI:SP.POP.4044.MA.5Y:DNK,2023-12-31,5.81905273602157
WDI:SP.POP.4044.MA.5Y:DNK,2024-12-31,5.72714484366294
WDI:SP.POP.4044.MA.5Y:DOM,1960-12-31,3.76337753145458
WDI:SP.POP.4044.MA.5Y:DOM,1961-12-31,3.71963465966633
WDI:SP.POP.4044.MA.5Y:DOM,1962-12-31,3.67692599560946
WDI:SP.POP.4044.MA.5Y:DOM,1963-12-31,3.63750881399347
WDI:SP.POP.4044.MA.5Y:DOM,1964-12-31,3.60425100535068
WDI:SP.POP.4044.MA.5Y:DOM,1965-12-31,3.57570325373496
WDI:SP.POP.4044.MA.5Y:DOM,1966-12-31,3.55348537149198
WDI:SP.POP.4044.MA.5Y:DOM,1967-12-31,3.5401344534421
WDI:SP.POP.4044.MA.5Y:DOM,1968-12-31,3.53507421485273
WDI:SP.POP.4044.MA.5Y:DOM,1969-12-31,3.53985471506024
WDI:SP.POP.4044.MA.5Y:DOM,1970-12-31,3.55329352100237
WDI:SP.POP.4044.MA.5Y:DOM,1971-12-31,3.57435000917448
WDI:SP.POP.4044.MA.5Y:DOM,1972-12-31,3.60234001227531
WDI:SP.POP.4044.MA.5Y:DOM,1973-12-31,3.63386224968011
WDI:SP.POP.4044.MA.5Y:DOM,1974-12-31,3.66351601979017
WDI:SP.POP.4044.MA.5Y:DOM,1975-12-31,3.68693120255479
WDI:SP.POP.4044.MA.5Y:DOM,1976-12-31,3.7107600429259
WDI:SP.POP.4044.MA.5Y:DOM,1977-12-31,3.73986323601803
WDI:SP.POP.4044.MA.5Y:DOM,1978-12-31,3.76428672571222
WDI:SP.POP.4044.MA.5Y:DOM,1979-12-31,3.76883231032604
WDI:SP.POP.4044.MA.5Y:DOM,1980-12-31,3.75294390137704
WDI:SP.POP.4044.MA.5Y:DOM,1981-12-31,3.72115621797269
WDI:SP.POP.4044.MA.5Y:DOM,1982-12-31,3.67676047285951
WDI:SP.POP.4044.MA.5Y:DOM,1983-12-31,3.6347506953248
WDI:SP.POP.4044.MA.5Y:DOM,1984-12-31,3.61727425964312
WDI:SP.POP.4044.MA.5Y:DOM,1985-12-31,3.64047108769628
WDI:SP.POP.4044.MA.5Y:DOM,1986-12-31,3.70357280296895
WDI:SP.POP.4044.MA.5Y:DOM,1987-12-31,3.80386208051907
WDI:SP.POP.4044.MA.5Y:DOM,1988-12-31,3.93517101177708
WDI:SP.POP.4044.MA.5Y:DOM,1989-12-31,4.06916440139119
WDI:SP.POP.4044.MA.5Y:DOM,1990-12-31,4.2040355304319
WDI:SP.POP.4044.MA.5Y:DOM,1991-12-31,4.34902577657026
WDI:SP.POP.4044.MA.5Y:DOM,1992-12-31,4.4930743906604
WDI:SP.POP.4044.MA.5Y:DOM,1993-12-31,4.63613268937381
WDI:SP.POP.4044.MA.5Y:DOM,1994-12-31,4.79462723641645
WDI:SP.POP.4044.MA.5Y:DOM,1995-12-31,4.95865990265607
WDI:SP.POP.4044.MA.5Y:DOM,1996-12-31,5.11055555003033
WDI:SP.POP.4044.MA.5Y:DOM,1997-12-31,5.25486665366514
WDI:SP.POP.4044.MA.5Y:DOM,1998-12-31,5.38903129842838
WDI:SP.POP.4044.MA.5Y:DOM,1999-12-31,5.50887436824822
WDI:SP.POP.4044.MA.5Y:DOM,2000-12-31,5.61042041506034
WDI:SP.POP.4044.MA.5Y:DOM,2001-12-31,5.69468187746133
WDI:SP.POP.4044.MA.5Y:DOM,2002-12-31,5.76444969864528
WDI:SP.POP.4044.MA.5Y:DOM,2003-12-31,5.82067760034095
WDI:SP.POP.4044.MA.5Y:DOM,2004-12-31,5.86402361833706
WDI:SP.POP.4044.MA.5Y:DOM,2005-12-31,5.89536359938443
WDI:SP.POP.4044.MA.5Y:DOM,2006-12-31,5.92156982869011
WDI:SP.POP.4044.MA.5Y:DOM,2007-12-31,5.94107681937991
WDI:SP.POP.4044.MA.5Y:DOM,2008-12-31,5.94511624698316
WDI:SP.POP.4044.MA.5Y:DOM,2009-12-31,5.93976222370477
WDI:SP.POP.4044.MA.5Y:DOM,2010-12-31,5.93744603558965
WDI:SP.POP.4044.MA.5Y:DOM,2011-12-31,5.94066115194875
WDI:SP.POP.4044.MA.5Y:DOM,2012-12-31,5.95497876529533
WDI:SP.POP.4044.MA.5Y:DOM,2013-12-31,5.99086917082362
WDI:SP.POP.4044.MA.5Y:DOM,2014-12-31,6.03795364559817
WDI:SP.POP.4044.MA.5Y:DOM,2015-12-31,6.08256803416476
WDI:SP.POP.4044.MA.5Y:DOM,2016-12-31,6.12231725304355
WDI:SP.POP.4044.MA.5Y:DOM,2017-12-31,6.15528481536826
WDI:SP.POP.4044.MA.5Y:DOM,2018-12-31,6.17864262846153
WDI:SP.POP.4044.MA.5Y:DOM,2019-12-31,6.20163881512684
WDI:SP.POP.4044.MA.5Y:DOM,2020-12-31,6.2327687042175
WDI:SP.POP.4044.MA.5Y:DOM,2021-12-31,6.26341746655829
WDI:SP.POP.4044.MA.5Y:DOM,2022-12-31,6.28908058302099
WDI:SP.POP.4044.MA.5Y:DOM,2023-12-31,6.3243312555212
WDI:SP.POP.4044.MA.5Y:DOM,2024-12-31,6.36886421840763
WDI:SP.POP.4044.MA.5Y:DZA,1960-12-31,4.15350044516347
WDI:SP.POP.4044.MA.5Y:DZA,1961-12-31,4.08732218434797
WDI:SP.POP.4044.MA.5Y:DZA,1962-12-31,4.01243226994584
WDI:SP.POP.4044.MA.5Y:DZA,1963-12-31,3.95226169024799
WDI:SP.POP.4044.MA.5Y:DZA,1964-12-31,3.92807656649737
WDI:SP.POP.4044.MA.5Y:DZA,1965-12-31,3.94013271836191
WDI:SP.POP.4044.MA.5Y:DZA,1966-12-31,3.9585261070213
WDI:SP.POP.4044.MA.5Y:DZA,1967-12-31,3.97432193136497
WDI:SP.POP.4044.MA.5Y:DZA,1968-12-31,3.99810803029502
WDI:SP.POP.4044.MA.5Y:DZA,1969-12-31,4.02237713460984
WDI:SP.POP.4044.MA.5Y:DZA,1970-12-31,4.0391157507814
WDI:SP.POP.4044.MA.5Y:DZA,1971-12-31,4.04723277061452
WDI:SP.POP.4044.MA.5Y:DZA,1972-12-31,4.04745381920069
WDI:SP.POP.4044.MA.5Y:DZA,1973-12-31,4.03886867322098
WDI:SP.POP.4044.MA.5Y:DZA,1974-12-31,4.0217015797645
WDI:SP.POP.4044.MA.5Y:DZA,1975-12-31,3.97987291613049
WDI:SP.POP.4044.MA.5Y:DZA,1976-12-31,3.90831641346139
WDI:SP.POP.4044.MA.5Y:DZA,1977-12-31,3.83421708842846
WDI:SP.POP.4044.MA.5Y:DZA,1978-12-31,3.76175527786801
WDI:SP.POP.4044.MA.5Y:DZA,1979-12-31,3.68298490234736
WDI:SP.POP.4044.MA.5Y:DZA,1980-12-31,3.60342515163432
WDI:SP.POP.4044.MA.5Y:DZA,1981-12-31,3.52925118336535
WDI:SP.POP.4044.MA.5Y:DZA,1982-12-31,3.46779102117954
WDI:SP.POP.4044.MA.5Y:DZA,1983-12-31,3.42659209437685
WDI:SP.POP.4044.MA.5Y:DZA,1984-12-31,3.41160063464261
WDI:SP.POP.4044.MA.5Y:DZA,1985-12-31,3.42607251673405
WDI:SP.POP.4044.MA.5Y:DZA,1986-12-31,3.47305144765662
WDI:SP.POP.4044.MA.5Y:DZA,1987-12-31,3.55227243812238
WDI:SP.POP.4044.MA.5Y:DZA,1988-12-31,3.66125595104792
WDI:SP.POP.4044.MA.5Y:DZA,1989-12-31,3.79360398039046
WDI:SP.POP.4044.MA.5Y:DZA,1990-12-31,3.94354282404239
WDI:SP.POP.4044.MA.5Y:DZA,1991-12-31,4.10496169045728
WDI:SP.POP.4044.MA.5Y:DZA,1992-12-31,4.25882706536496
WDI:SP.POP.4044.MA.5Y:DZA,1993-12-31,4.40717315257374
WDI:SP.POP.4044.MA.5Y:DZA,1994-12-31,4.54596789030789
WDI:SP.POP.4044.MA.5Y:DZA,1995-12-31,4.64908773694148
WDI:SP.POP.4044.MA.5Y:DZA,1996-12-31,4.70922905439016
WDI:SP.POP.4044.MA.5Y:DZA,1997-12-31,4.73108700620133
WDI:SP.POP.4044.MA.5Y:DZA,1998-12-31,4.77367343864726
WDI:SP.POP.4044.MA.5Y:DZA,1999-12-31,4.86030432237362
WDI:SP.POP.4044.MA.5Y:DZA,2000-12-31,4.96053760672187
WDI:SP.POP.4044.MA.5Y:DZA,2001-12-31,5.07483840581058
WDI:SP.POP.4044.MA.5Y:DZA,2002-12-31,5.20497659252203
WDI:SP.POP.4044.MA.5Y:DZA,2003-12-31,5.34978563585141
WDI:SP.POP.4044.MA.5Y:DZA,2004-12-31,5.50496456547466
WDI:SP.POP.4044.MA.5Y:DZA,2005-12-31,5.66463918808446
WDI:SP.POP.4044.MA.5Y:DZA,2006-12-31,5.82166216457261
WDI:SP.POP.4044.MA.5Y:DZA,2007-12-31,5.96896901087294
WDI:SP.POP.4044.MA.5Y:DZA,2008-12-31,6.1004363953003
WDI:SP.POP.4044.MA.5Y:DZA,2009-12-31,6.21353474466966
WDI:SP.POP.4044.MA.5Y:DZA,2010-12-31,6.30897337690311
WDI:SP.POP.4044.MA.5Y:DZA,2011-12-31,6.38872099089439
WDI:SP.POP.4044.MA.5Y:DZA,2012-12-31,6.45295308130053
WDI:SP.POP.4044.MA.5Y:DZA,2013-12-31,6.50479098299833
WDI:SP.POP.4044.MA.5Y:DZA,2014-12-31,6.54955665050159
WDI:SP.POP.4044.MA.5Y:DZA,2015-12-31,6.59532692404755
WDI:SP.POP.4044.MA.5Y:DZA,2016-12-31,6.65386277239903
WDI:SP.POP.4044.MA.5Y:DZA,2017-12-31,6.73428368424316
WDI:SP.POP.4044.MA.5Y:DZA,2018-12-31,6.84615848990807
WDI:SP.POP.4044.MA.5Y:DZA,2019-12-31,6.98988880156998
WDI:SP.POP.4044.MA.5Y:DZA,2020-12-31,7.15605281729039
WDI:SP.POP.4044.MA.5Y:DZA,2021-12-31,7.32464395362342
WDI:SP.POP.4044.MA.5Y:DZA,2022-12-31,7.4736990654709
WDI:SP.POP.4044.MA.5Y:DZA,2023-12-31,7.58910018922271
WDI:SP.POP.4044.MA.5Y:DZA,2024-12-31,7.66121546842842
WDI:SP.POP.4044.MA.5Y:EAP,1960-12-31,4.998060258717587
WDI:SP.POP.4044.MA.5Y:EAP,1961-12-31,5.0151583983026065
WDI:SP.POP.4044.MA.5Y:EAP,1962-12-31,5.005576459681701
WDI:SP.POP.4044.MA.5Y:EAP,1963-12-31,4.968611843833891
WDI:SP.POP.4044.MA.5Y:EAP,1964-12-31,4.957634909131858
WDI:SP.POP.4044.MA.5Y:EAP,1965-12-31,4.95359446660198
WDI:SP.POP.4044.MA.5Y:EAP,1966-12-31,4.924161289109077
WDI:SP.POP.4044.MA.5Y:EAP,1967-12-31,4.908263666823577
WDI:SP.POP.4044.MA.5Y:EAP,1968-12-31,4.9126042910464705
WDI:SP.POP.4044.MA.5Y:EAP,1969-12-31,4.891922723627164
WDI:SP.POP.4044.MA.5Y:EAP,1970-12-31,4.868388388168552
WDI:SP.POP.4044.MA.5Y:EAP,1971-12-31,4.868329308017602
WDI:SP.POP.4044.MA.5Y:EAP,1972-12-31,4.876708821492405
WDI:SP.POP.4044.MA.5Y:EAP,1973-12-31,4.899678751632629
WDI:SP.POP.4044.MA.5Y:EAP,1974-12-31,4.93616455313712
WDI:SP.POP.4044.MA.5Y:EAP,1975-12-31,4.961726248137437
WDI:SP.POP.4044.MA.5Y:EAP,1976-12-31,4.9869220733826785
WDI:SP.POP.4044.MA.5Y:EAP,1977-12-31,5.009579224155782
WDI:SP.POP.4044.MA.5Y:EAP,1978-12-31,4.99361186967955
WDI:SP.POP.4044.MA.5Y:EAP,1979-12-31,4.93428944740805
WDI:SP.POP.4044.MA.5Y:EAP,1980-12-31,4.870338626031674
WDI:SP.POP.4044.MA.5Y:EAP,1981-12-31,4.818844157521256
WDI:SP.POP.4044.MA.5Y:EAP,1982-12-31,4.755351491119836
WDI:SP.POP.4044.MA.5Y:EAP,1983-12-31,4.684559549610482
WDI:SP.POP.4044.MA.5Y:EAP,1984-12-31,4.646903928740705
WDI:SP.POP.4044.MA.5Y:EAP,1985-12-31,4.635423481475476
WDI:SP.POP.4044.MA.5Y:EAP,1986-12-31,4.64704173022155
WDI:SP.POP.4044.MA.5Y:EAP,1987-12-31,4.712789133038337
WDI:SP.POP.4044.MA.5Y:EAP,1988-12-31,4.837786306479682
WDI:SP.POP.4044.MA.5Y:EAP,1989-12-31,5.001656616215053
WDI:SP.POP.4044.MA.5Y:EAP,1990-12-31,5.217903803090175
WDI:SP.POP.4044.MA.5Y:EAP,1991-12-31,5.452412336193817
WDI:SP.POP.4044.MA.5Y:EAP,1992-12-31,5.72270627680694
WDI:SP.POP.4044.MA.5Y:EAP,1993-12-31,6.001870101329448
WDI:SP.POP.4044.MA.5Y:EAP,1994-12-31,6.2445588869107675
WDI:SP.POP.4044.MA.5Y:EAP,1995-12-31,6.456022265087174
WDI:SP.POP.4044.MA.5Y:EAP,1996-12-31,6.600861972340208
WDI:SP.POP.4044.MA.5Y:EAP,1997-12-31,6.705596604703349
WDI:SP.POP.4044.MA.5Y:EAP,1998-12-31,6.74699798709505
WDI:SP.POP.4044.MA.5Y:EAP,1999-12-31,6.623333751295995
WDI:SP.POP.4044.MA.5Y:EAP,2000-12-31,6.363312674092481
WDI:SP.POP.4044.MA.5Y:EAP,2001-12-31,6.089196849136137
WDI:SP.POP.4044.MA.5Y:EAP,2002-12-31,6.00389142558859
WDI:SP.POP.4044.MA.5Y:EAP,2003-12-31,6.314936642538633
WDI:SP.POP.4044.MA.5Y:EAP,2004-12-31,6.846107865475271
WDI:SP.POP.4044.MA.5Y:EAP,2005-12-31,7.391950751526197
WDI:SP.POP.4044.MA.5Y:EAP,2006-12-31,7.950563474809924
WDI:SP.POP.4044.MA.5Y:EAP,2007-12-31,8.257658524996655
WDI:SP.POP.4044.MA.5Y:EAP,2008-12-31,8.260482025162162
WDI:SP.POP.4044.MA.5Y:EAP,2009-12-31,8.264554891699394
WDI:SP.POP.4044.MA.5Y:EAP,2010-12-31,8.328066580504798
WDI:SP.POP.4044.MA.5Y:EAP,2011-12-31,8.38205770995722
WDI:SP.POP.4044.MA.5Y:EAP,2012-12-31,8.423207914989423
WDI:SP.POP.4044.MA.5Y:EAP,2013-12-31,8.36684565144846
WDI:SP.POP.4044.MA.5Y:EAP,2014-12-31,8.174191276674314
WDI:SP.POP.4044.MA.5Y:EAP,2015-12-31,7.892729928952023
WDI:SP.POP.4044.MA.5Y:EAP,2016-12-31,7.567817667411815
WDI:SP.POP.4044.MA.5Y:EAP,2017-12-31,7.245613667935671
WDI:SP.POP.4044.MA.5Y:EAP,2018-12-31,6.9427203889473965
WDI:SP.POP.4044.MA.5Y:EAP,2019-12-31,6.736326441868418
WDI:SP.POP.4044.MA.5Y:EAP,2020-12-31,6.661556388747496
WDI:SP.POP.4044.MA.5Y:EAP,2021-12-31,6.695367442243263
WDI:SP.POP.4044.MA.5Y:EAP,2022-12-31,6.850962557632851
WDI:SP.POP.4044.MA.5Y:EAP,2023-12-31,7.027921116792943
WDI:SP.POP.4044.MA.5Y:EAP,2024-12-31,7.152432911587538
WDI:SP.POP.4044.MA.5Y:EAR,1960-12-31,4.919062834271494
WDI:SP.POP.4044.MA.5Y:EAR,1961-12-31,4.89943810939229
WDI:SP.POP.4044.MA.5Y:EAR,1962-12-31,4.881958399208301
WDI:SP.POP.4044.MA.5Y:EAR,1963-12-31,4.867472484684651
WDI:SP.POP.4044.MA.5Y:EAR,1964-12-31,4.856287370833265
WDI:SP.POP.4044.MA.5Y:EAR,1965-12-31,4.847354438657857
WDI:SP.POP.4044.MA.5Y:EAR,1966-12-31,4.839651232157696
WDI:SP.POP.4044.MA.5Y:EAR,1967-12-31,4.832802864676287
WDI:SP.POP.4044.MA.5Y:EAR,1968-12-31,4.823400610313867
WDI:SP.POP.4044.MA.5Y:EAR,1969-12-31,4.808017376359409
WDI:SP.POP.4044.MA.5Y:EAR,1970-12-31,4.788235472197063
WDI:SP.POP.4044.MA.5Y:EAR,1971-12-31,4.7628835966694325
WDI:SP.POP.4044.MA.5Y:EAR,1972-12-31,4.732347051436298
WDI:SP.POP.4044.MA.5Y:EAR,1973-12-31,4.700008092765885
WDI:SP.POP.4044.MA.5Y:EAR,1974-12-31,4.667345591700288
WDI:SP.POP.4044.MA.5Y:EAR,1975-12-31,4.6347823384224895
WDI:SP.POP.4044.MA.5Y:EAR,1976-12-31,4.603279717265962
WDI:SP.POP.4044.MA.5Y:EAR,1977-12-31,4.57549692312891
WDI:SP.POP.4044.MA.5Y:EAR,1978-12-31,4.547462033596361
WDI:SP.POP.4044.MA.5Y:EAR,1979-12-31,4.513153792959601
WDI:SP.POP.4044.MA.5Y:EAR,1980-12-31,4.471620767129782
WDI:SP.POP.4044.MA.5Y:EAR,1981-12-31,4.427957129762194
WDI:SP.POP.4044.MA.5Y:EAR,1982-12-31,4.385287054072032
WDI:SP.POP.4044.MA.5Y:EAR,1983-12-31,4.34701988788753
WDI:SP.POP.4044.MA.5Y:EAR,1984-12-31,4.321049523794792
WDI:SP.POP.4044.MA.5Y:EAR,1985-12-31,4.310687228430728
WDI:SP.POP.4044.MA.5Y:EAR,1986-12-31,4.3151383346715395
WDI:SP.POP.4044.MA.5Y:EAR,1987-12-31,4.331196893104364
WDI:SP.POP.4044.MA.5Y:EAR,1988-12-31,4.3556496398735565
WDI:SP.POP.4044.MA.5Y:EAR,1989-12-31,4.411579073746128
WDI:SP.POP.4044.MA.5Y:EAR,1990-12-31,4.5024502432359474
WDI:SP.POP.4044.MA.5Y:EAR,1991-12-31,4.605852719384318
WDI:SP.POP.4044.MA.5Y:EAR,1992-12-31,4.717484694315186
WDI:SP.POP.4044.MA.5Y:EAR,1993-12-31,4.8442134396329575
WDI:SP.POP.4044.MA.5Y:EAR,1994-12-31,4.952756659557851
WDI:SP.POP.4044.MA.5Y:EAR,1995-12-31,5.034677076141787
WDI:SP.POP.4044.MA.5Y:EAR,1996-12-31,5.1120933783465725
WDI:SP.POP.4044.MA.5Y:EAR,1997-12-31,5.184509611486042
WDI:SP.POP.4044.MA.5Y:EAR,1998-12-31,5.254183854580975
WDI:SP.POP.4044.MA.5Y:EAR,1999-12-31,5.3172096850168336
WDI:SP.POP.4044.MA.5Y:EAR,2000-12-31,5.373736568920001
WDI:SP.POP.4044.MA.5Y:EAR,2001-12-31,5.424345125379108
WDI:SP.POP.4044.MA.5Y:EAR,2002-12-31,5.469014529490146
WDI:SP.POP.4044.MA.5Y:EAR,2003-12-31,5.507649004213208
WDI:SP.POP.4044.MA.5Y:EAR,2004-12-31,5.5411997882587585
WDI:SP.POP.4044.MA.5Y:EAR,2005-12-31,5.56880833566752
WDI:SP.POP.4044.MA.5Y:EAR,2006-12-31,5.5915809280728785
WDI:SP.POP.4044.MA.5Y:EAR,2007-12-31,5.613317966485265
WDI:SP.POP.4044.MA.5Y:EAR,2008-12-31,5.636899222741247
WDI:SP.POP.4044.MA.5Y:EAR,2009-12-31,5.661326084304101
WDI:SP.POP.4044.MA.5Y:EAR,2010-12-31,5.6870539189579965
WDI:SP.POP.4044.MA.5Y:EAR,2011-12-31,5.719229047094123
WDI:SP.POP.4044.MA.5Y:EAR,2012-12-31,5.758077599530701
WDI:SP.POP.4044.MA.5Y:EAR,2013-12-31,5.8023786461082425
WDI:SP.POP.4044.MA.5Y:EAR,2014-12-31,5.851920423429066
WDI:SP.POP.4044.MA.5Y:EAR,2015-12-31,5.907524077386008
WDI:SP.POP.4044.MA.5Y:EAR,2016-12-31,5.967242127817812
WDI:SP.POP.4044.MA.5Y:EAR,2017-12-31,6.028956312054289
WDI:SP.POP.4044.MA.5Y:EAR,2018-12-31,6.093201777284323
WDI:SP.POP.4044.MA.5Y:EAR,2019-12-31,6.168842594138043
WDI:SP.POP.4044.MA.5Y:EAR,2020-12-31,6.263141452300668
WDI:SP.POP.4044.MA.5Y:EAR,2021-12-31,6.364702948413141
WDI:SP.POP.4044.MA.5Y:EAR,2022-12-31,6.468009591528348
WDI:SP.POP.4044.MA.5Y:EAR,2023-12-31,6.569113575856929
WDI:SP.POP.4044.MA.5Y:EAR,2024-12-31,6.6642497631338
WDI:SP.POP.4044.MA.5Y:EAS,1960-12-31,5.002284497712974
WDI:SP.POP.4044.MA.5Y:EAS,1961-12-31,5.0184210521724015
WDI:SP.POP.4044.MA.5Y:EAS,1962-12-31,5.020136060874587
WDI:SP.POP.4044.MA.5Y:EAS,1963-12-31,5.008420468508129
WDI:SP.POP.4044.MA.5Y:EAS,1964-12-31,5.02451803667589
WDI:SP.POP.4044.MA.5Y:EAS,1965-12-31,5.05080277857855
WDI:SP.POP.4044.MA.5Y:EAS,1966-12-31,5.0591760047665515
WDI:SP.POP.4044.MA.5Y:EAS,1967-12-31,5.072982349133445
WDI:SP.POP.4044.MA.5Y:EAS,1968-12-31,5.09665945546745
WDI:SP.POP.4044.MA.5Y:EAS,1969-12-31,5.092561917973595
WDI:SP.POP.4044.MA.5Y:EAS,1970-12-31,5.079397193847539
WDI:SP.POP.4044.MA.5Y:EAS,1971-12-31,5.084609709781491
WDI:SP.POP.4044.MA.5Y:EAS,1972-12-31,5.09430488359336
WDI:SP.POP.4044.MA.5Y:EAS,1973-12-31,5.113961109482276
WDI:SP.POP.4044.MA.5Y:EAS,1974-12-31,5.145204685269961
WDI:SP.POP.4044.MA.5Y:EAS,1975-12-31,5.170197850945053
WDI:SP.POP.4044.MA.5Y:EAS,1976-12-31,5.193910582033215
WDI:SP.POP.4044.MA.5Y:EAS,1977-12-31,5.210569048547191
WDI:SP.POP.4044.MA.5Y:EAS,1978-12-31,5.188342533292525
WDI:SP.POP.4044.MA.5Y:EAS,1979-12-31,5.131724866655498
WDI:SP.POP.4044.MA.5Y:EAS,1980-12-31,5.080141972419789
WDI:SP.POP.4044.MA.5Y:EAS,1981-12-31,5.045200599059918
WDI:SP.POP.4044.MA.5Y:EAS,1982-12-31,5.001562405131981
WDI:SP.POP.4044.MA.5Y:EAS,1983-12-31,4.953859918341641
WDI:SP.POP.4044.MA.5Y:EAS,1984-12-31,4.920422363235976
WDI:SP.POP.4044.MA.5Y:EAS,1985-12-31,4.884711357586053
WDI:SP.POP.4044.MA.5Y:EAS,1986-12-31,4.887475610795568
WDI:SP.POP.4044.MA.5Y:EAS,1987-12-31,4.970709337969019
WDI:SP.POP.4044.MA.5Y:EAS,1988-12-31,5.113009004564644
WDI:SP.POP.4044.MA.5Y:EAS,1989-12-31,5.292923278769644
WDI:SP.POP.4044.MA.5Y:EAS,1990-12-31,5.524455395070916
WDI:SP.POP.4044.MA.5Y:EAS,1991-12-31,5.747445444542772
WDI:SP.POP.4044.MA.5Y:EAS,1992-12-31,5.970353809548129
WDI:SP.POP.4044.MA.5Y:EAS,1993-12-31,6.190775899908046
WDI:SP.POP.4044.MA.5Y:EAS,1994-12-31,6.381727130122802
WDI:SP.POP.4044.MA.5Y:EAS,1995-12-31,6.556560531730906
WDI:SP.POP.4044.MA.5Y:EAS,1996-12-31,6.677416281011188
WDI:SP.POP.4044.MA.5Y:EAS,1997-12-31,6.762262468643325
WDI:SP.POP.4044.MA.5Y:EAS,1998-12-31,6.798627104567695
WDI:SP.POP.4044.MA.5Y:EAS,1999-12-31,6.697840001234414
WDI:SP.POP.4044.MA.5Y:EAS,2000-12-31,6.472812661994594
WDI:SP.POP.4044.MA.5Y:EAS,2001-12-31,6.232733793527775
WDI:SP.POP.4044.MA.5Y:EAS,2002-12-31,6.162847726727354
WDI:SP.POP.4044.MA.5Y:EAS,2003-12-31,6.443429691981345
WDI:SP.POP.4044.MA.5Y:EAS,2004-12-31,6.916078945919697
WDI:SP.POP.4044.MA.5Y:EAS,2005-12-31,7.402350035333637
WDI:SP.POP.4044.MA.5Y:EAS,2006-12-31,7.893833053848077
WDI:SP.POP.4044.MA.5Y:EAS,2007-12-31,8.16310658013414
WDI:SP.POP.4044.MA.5Y:EAS,2008-12-31,8.170785735535196
WDI:SP.POP.4044.MA.5Y:EAS,2009-12-31,8.18043091746203
WDI:SP.POP.4044.MA.5Y:EAS,2010-12-31,8.24431039907587
WDI:SP.POP.4044.MA.5Y:EAS,2011-12-31,8.310031948342418
WDI:SP.POP.4044.MA.5Y:EAS,2012-12-31,8.364890282801074
WDI:SP.POP.4044.MA.5Y:EAS,2013-12-31,8.324072704613794
WDI:SP.POP.4044.MA.5Y:EAS,2014-12-31,8.158041456388652
WDI:SP.POP.4044.MA.5Y:EAS,2015-12-31,7.902240837061968
WDI:SP.POP.4044.MA.5Y:EAS,2016-12-31,7.597145734904783
WDI:SP.POP.4044.MA.5Y:EAS,2017-12-31,7.289234291283989
WDI:SP.POP.4044.MA.5Y:EAS,2018-12-31,6.996006949833775
WDI:SP.POP.4044.MA.5Y:EAS,2019-12-31,6.791124350169402
WDI:SP.POP.4044.MA.5Y:EAS,2020-12-31,6.7118375004901125
WDI:SP.POP.4044.MA.5Y:EAS,2021-12-31,6.735439190124521
WDI:SP.POP.4044.MA.5Y:EAS,2022-12-31,6.871078357773577
WDI:SP.POP.4044.MA.5Y:EAS,2023-12-31,7.027227969354925
WDI:SP.POP.4044.MA.5Y:EAS,2024-12-31,7.132406487535459
WDI:SP.POP.4044.MA.5Y:ECA,1960-12-31,3.8906488840475655
WDI:SP.POP.4044.MA.5Y:ECA,1961-12-31,3.9672967219406323
WDI:SP.POP.4044.MA.5Y:ECA,1962-12-31,4.14261279507744
WDI:SP.POP.4044.MA.5Y:ECA,1963-12-31,4.355936244423435
WDI:SP.POP.4044.MA.5Y:ECA,1964-12-31,4.604539617669882
WDI:SP.POP.4044.MA.5Y:ECA,1965-12-31,4.912823388531181
WDI:SP.POP.4044.MA.5Y:ECA,1966-12-31,5.26025198399207
WDI:SP.POP.4044.MA.5Y:ECA,1967-12-31,5.656376232318541
WDI:SP.POP.4044.MA.5Y:ECA,1968-12-31,6.050163725361109
WDI:SP.POP.4044.MA.5Y:ECA,1969-12-31,6.359328667605415
WDI:SP.POP.4044.MA.5Y:ECA,1970-12-31,6.56691545561679
WDI:SP.POP.4044.MA.5Y:ECA,1971-12-31,6.62038738824542
WDI:SP.POP.4044.MA.5Y:ECA,1972-12-31,6.4929949008298555
WDI:SP.POP.4044.MA.5Y:ECA,1973-12-31,6.246985619856485
WDI:SP.POP.4044.MA.5Y:ECA,1974-12-31,5.993513520247272
WDI:SP.POP.4044.MA.5Y:ECA,1975-12-31,5.844120683086152
WDI:SP.POP.4044.MA.5Y:ECA,1976-12-31,5.8545361802428255
WDI:SP.POP.4044.MA.5Y:ECA,1977-12-31,6.019954215610896
WDI:SP.POP.4044.MA.5Y:ECA,1978-12-31,6.260307094411027
WDI:SP.POP.4044.MA.5Y:ECA,1979-12-31,6.378429518157956
WDI:SP.POP.4044.MA.5Y:ECA,1980-12-31,6.339929995489608
WDI:SP.POP.4044.MA.5Y:ECA,1981-12-31,6.211248220139015
WDI:SP.POP.4044.MA.5Y:ECA,1982-12-31,5.883324932744681
WDI:SP.POP.4044.MA.5Y:ECA,1983-12-31,5.3806679956612244
WDI:SP.POP.4044.MA.5Y:ECA,1984-12-31,4.894388168031462
WDI:SP.POP.4044.MA.5Y:ECA,1985-12-31,4.50779337290281
WDI:SP.POP.4044.MA.5Y:ECA,1986-12-31,4.285628701810148
WDI:SP.POP.4044.MA.5Y:ECA,1987-12-31,4.3089791120220235
WDI:SP.POP.4044.MA.5Y:ECA,1988-12-31,4.490267803173593
WDI:SP.POP.4044.MA.5Y:ECA,1989-12-31,4.76373253280526
WDI:SP.POP.4044.MA.5Y:ECA,1990-12-31,5.1215146587192
WDI:SP.POP.4044.MA.5Y:ECA,1991-12-31,5.463250844227437
WDI:SP.POP.4044.MA.5Y:ECA,1992-12-31,5.698303356289227
WDI:SP.POP.4044.MA.5Y:ECA,1993-12-31,5.8824514465308795
WDI:SP.POP.4044.MA.5Y:ECA,1994-12-31,6.017344745565142
WDI:SP.POP.4044.MA.5Y:ECA,1995-12-31,6.102383865432493
WDI:SP.POP.4044.MA.5Y:ECA,1996-12-31,6.211812749909458
WDI:SP.POP.4044.MA.5Y:ECA,1997-12-31,6.340794102677116
WDI:SP.POP.4044.MA.5Y:ECA,1998-12-31,6.499731999331902
WDI:SP.POP.4044.MA.5Y:ECA,1999-12-31,6.678933153854654
WDI:SP.POP.4044.MA.5Y:ECA,2000-12-31,6.850471166977435
WDI:SP.POP.4044.MA.5Y:ECA,2001-12-31,6.985269316745773
WDI:SP.POP.4044.MA.5Y:ECA,2002-12-31,7.086443620115343
WDI:SP.POP.4044.MA.5Y:ECA,2003-12-31,7.158232927947532
WDI:SP.POP.4044.MA.5Y:ECA,2004-12-31,7.169485408020116
WDI:SP.POP.4044.MA.5Y:ECA,2005-12-31,7.130439896055061
WDI:SP.POP.4044.MA.5Y:ECA,2006-12-31,7.053805641373729
WDI:SP.POP.4044.MA.5Y:ECA,2007-12-31,6.936392420480984
WDI:SP.POP.4044.MA.5Y:ECA,2008-12-31,6.791683457308756
WDI:SP.POP.4044.MA.5Y:ECA,2009-12-31,6.675814674772706
WDI:SP.POP.4044.MA.5Y:ECA,2010-12-31,6.609631824302441
WDI:SP.POP.4044.MA.5Y:ECA,2011-12-31,6.55444730587868
WDI:SP.POP.4044.MA.5Y:ECA,2012-12-31,6.510441281621046
WDI:SP.POP.4044.MA.5Y:ECA,2013-12-31,6.507794939999274
WDI:SP.POP.4044.MA.5Y:ECA,2014-12-31,6.527737592085634
WDI:SP.POP.4044.MA.5Y:ECA,2015-12-31,6.5428200442962
WDI:SP.POP.4044.MA.5Y:ECA,2016-12-31,6.603659981709093
WDI:SP.POP.4044.MA.5Y:ECA,2017-12-31,6.707062218957065
WDI:SP.POP.4044.MA.5Y:ECA,2018-12-31,6.820970383705887
WDI:SP.POP.4044.MA.5Y:ECA,2019-12-31,6.932211870056912
WDI:SP.POP.4044.MA.5Y:ECA,2020-12-31,7.0302381660958115
WDI:SP.POP.4044.MA.5Y:ECA,2021-12-31,7.126847114225881
WDI:SP.POP.4044.MA.5Y:ECA,2022-12-31,7.2077561589655135
WDI:SP.POP.4044.MA.5Y:ECA,2023-12-31,7.288803428966387
WDI:SP.POP.4044.MA.5Y:ECA,2024-12-31,7.365197290507005
WDI:SP.POP.4044.MA.5Y:ECS,1960-12-31,4.639077133981057
WDI:SP.POP.4044.MA.5Y:ECS,1961-12-31,4.840638657051359
WDI:SP.POP.4044.MA.5Y:ECS,1962-12-31,5.145599963773629
WDI:SP.POP.4044.MA.5Y:ECS,1963-12-31,5.468568819457161
WDI:SP.POP.4044.MA.5Y:ECS,1964-12-31,5.749391290214787
WDI:SP.POP.4044.MA.5Y:ECS,1965-12-31,5.952278204463424
WDI:SP.POP.4044.MA.5Y:ECS,1966-12-31,6.12431421866871
WDI:SP.POP.4044.MA.5Y:ECS,1967-12-31,6.355088878763514
WDI:SP.POP.4044.MA.5Y:ECS,1968-12-31,6.610902693916296
WDI:SP.POP.4044.MA.5Y:ECS,1969-12-31,6.835091354888947
WDI:SP.POP.4044.MA.5Y:ECS,1970-12-31,7.005882194425376
WDI:SP.POP.4044.MA.5Y:ECS,1971-12-31,7.061993907474494
WDI:SP.POP.4044.MA.5Y:ECS,1972-12-31,6.989292197380602
WDI:SP.POP.4044.MA.5Y:ECS,1973-12-31,6.815342820014867
WDI:SP.POP.4044.MA.5Y:ECS,1974-12-31,6.609668574493902
WDI:SP.POP.4044.MA.5Y:ECS,1975-12-31,6.464263561378401
WDI:SP.POP.4044.MA.5Y:ECS,1976-12-31,6.423481547402773
WDI:SP.POP.4044.MA.5Y:ECS,1977-12-31,6.492016485475924
WDI:SP.POP.4044.MA.5Y:ECS,1978-12-31,6.634363579267242
WDI:SP.POP.4044.MA.5Y:ECS,1979-12-31,6.7708881844854085
WDI:SP.POP.4044.MA.5Y:ECS,1980-12-31,6.8195017672072105
WDI:SP.POP.4044.MA.5Y:ECS,1981-12-31,6.7670717805432705
WDI:SP.POP.4044.MA.5Y:ECS,1982-12-31,6.550764474490179
WDI:SP.POP.4044.MA.5Y:ECS,1983-12-31,6.202034451995966
WDI:SP.POP.4044.MA.5Y:ECS,1984-12-31,5.852066487872248
WDI:SP.POP.4044.MA.5Y:ECS,1985-12-31,5.551524646180386
WDI:SP.POP.4044.MA.5Y:ECS,1986-12-31,5.428796108771497
WDI:SP.POP.4044.MA.5Y:ECS,1987-12-31,5.574936614808255
WDI:SP.POP.4044.MA.5Y:ECS,1988-12-31,5.862246706697501
WDI:SP.POP.4044.MA.5Y:ECS,1989-12-31,6.201240886930585
WDI:SP.POP.4044.MA.5Y:ECS,1990-12-31,6.570762372540995
WDI:SP.POP.4044.MA.5Y:ECS,1991-12-31,6.837394094638022
WDI:SP.POP.4044.MA.5Y:ECS,1992-12-31,6.961532576466075
WDI:SP.POP.4044.MA.5Y:ECS,1993-12-31,7.039706028501
WDI:SP.POP.4044.MA.5Y:ECS,1994-12-31,7.087051124651626
WDI:SP.POP.4044.MA.5Y:ECS,1995-12-31,7.130419173019467
WDI:SP.POP.4044.MA.5Y:ECS,1996-12-31,7.204850081903544
WDI:SP.POP.4044.MA.5Y:ECS,1997-12-31,7.286428374902409
WDI:SP.POP.4044.MA.5Y:ECS,1998-12-31,7.384528652822787
WDI:SP.POP.4044.MA.5Y:ECS,1999-12-31,7.487331866082511
WDI:SP.POP.4044.MA.5Y:ECS,2000-12-31,7.575606783386643
WDI:SP.POP.4044.MA.5Y:ECS,2001-12-31,7.648285456498033
WDI:SP.POP.4044.MA.5Y:ECS,2002-12-31,7.692899814696118
WDI:SP.POP.4044.MA.5Y:ECS,2003-12-31,7.71703495989694
WDI:SP.POP.4044.MA.5Y:ECS,2004-12-31,7.715578028173483
WDI:SP.POP.4044.MA.5Y:ECS,2005-12-31,7.670388628043069
WDI:SP.POP.4044.MA.5Y:ECS,2006-12-31,7.5962021350345275
WDI:SP.POP.4044.MA.5Y:ECS,2007-12-31,7.518045198351418
WDI:SP.POP.4044.MA.5Y:ECS,2008-12-31,7.429096065864709
WDI:SP.POP.4044.MA.5Y:ECS,2009-12-31,7.341396707839338
WDI:SP.POP.4044.MA.5Y:ECS,2010-12-31,7.277472616077598
WDI:SP.POP.4044.MA.5Y:ECS,2011-12-31,7.233648043849704
WDI:SP.POP.4044.MA.5Y:ECS,2012-12-31,7.204913807482825
WDI:SP.POP.4044.MA.5Y:ECS,2013-12-31,7.176605171756011
WDI:SP.POP.4044.MA.5Y:ECS,2014-12-31,7.141056007464453
WDI:SP.POP.4044.MA.5Y:ECS,2015-12-31,7.102266739178001
WDI:SP.POP.4044.MA.5Y:ECS,2016-12-31,7.074980780261673
WDI:SP.POP.4044.MA.5Y:ECS,2017-12-31,7.065393372264018
WDI:SP.POP.4044.MA.5Y:ECS,2018-12-31,7.076253672972359
WDI:SP.POP.4044.MA.5Y:ECS,2019-12-31,7.09929498158712
WDI:SP.POP.4044.MA.5Y:ECS,2020-12-31,7.13694952560305
WDI:SP.POP.4044.MA.5Y:ECS,2021-12-31,7.168966954101168
WDI:SP.POP.4044.MA.5Y:ECS,2022-12-31,7.188084123498544
WDI:SP.POP.4044.MA.5Y:ECS,2023-12-31,7.219285304245
WDI:SP.POP.4044.MA.5Y:ECS,2024-12-31,7.238409256437256
WDI:SP.POP.4044.MA.5Y:ECU,1960-12-31,4.21559601466488
WDI:SP.POP.4044.MA.5Y:ECU,1961-12-31,4.16982626926862
WDI:SP.POP.4044.MA.5Y:ECU,1962-12-31,4.14367672180678
WDI:SP.POP.4044.MA.5Y:ECU,1963-12-31,4.13220756125503
WDI:SP.POP.4044.MA.5Y:ECU,1964-12-31,4.12587292860031
WDI:SP.POP.4044.MA.5Y:ECU,1965-12-31,4.12007196384808
WDI:SP.POP.4044.MA.5Y:ECU,1966-12-31,4.11649971390789
WDI:SP.POP.4044.MA.5Y:ECU,1967-12-31,4.11566192689337
WDI:SP.POP.4044.MA.5Y:ECU,1968-12-31,4.11599268851203
WDI:SP.POP.4044.MA.5Y:ECU,1969-12-31,4.11520592535494
WDI:SP.POP.4044.MA.5Y:ECU,1970-12-31,4.11233330785208
WDI:SP.POP.4044.MA.5Y:ECU,1971-12-31,4.10865488884159
WDI:SP.POP.4044.MA.5Y:ECU,1972-12-31,4.10528847767987
WDI:SP.POP.4044.MA.5Y:ECU,1973-12-31,4.10214231325521
WDI:SP.POP.4044.MA.5Y:ECU,1974-12-31,4.09908380619457
WDI:SP.POP.4044.MA.5Y:ECU,1975-12-31,4.09769023072388
WDI:SP.POP.4044.MA.5Y:ECU,1976-12-31,4.09741040229205
WDI:SP.POP.4044.MA.5Y:ECU,1977-12-31,4.09692112474083
WDI:SP.POP.4044.MA.5Y:ECU,1978-12-31,4.09998349893881
WDI:SP.POP.4044.MA.5Y:ECU,1979-12-31,4.11301296724669
WDI:SP.POP.4044.MA.5Y:ECU,1980-12-31,4.13637300154905
WDI:SP.POP.4044.MA.5Y:ECU,1981-12-31,4.16754021606782
WDI:SP.POP.4044.MA.5Y:ECU,1982-12-31,4.20796195831433
WDI:SP.POP.4044.MA.5Y:ECU,1983-12-31,4.2576665089397
WDI:SP.POP.4044.MA.5Y:ECU,1984-12-31,4.31122434081656
WDI:SP.POP.4044.MA.5Y:ECU,1985-12-31,4.36479506151204
WDI:SP.POP.4044.MA.5Y:ECU,1986-12-31,4.4153746563678
WDI:SP.POP.4044.MA.5Y:ECU,1987-12-31,4.46751147018998
WDI:SP.POP.4044.MA.5Y:ECU,1988-12-31,4.54481908798054
WDI:SP.POP.4044.MA.5Y:ECU,1989-12-31,4.65323765976841
WDI:SP.POP.4044.MA.5Y:ECU,1990-12-31,4.76236834881632
WDI:SP.POP.4044.MA.5Y:ECU,1991-12-31,4.86093726764653
WDI:SP.POP.4044.MA.5Y:ECU,1992-12-31,4.95278624581849
WDI:SP.POP.4044.MA.5Y:ECU,1993-12-31,5.01682061512217
WDI:SP.POP.4044.MA.5Y:ECU,1994-12-31,5.04583086605852
WDI:SP.POP.4044.MA.5Y:ECU,1995-12-31,5.0676311048214
WDI:SP.POP.4044.MA.5Y:ECU,1996-12-31,5.09547889901981
WDI:SP.POP.4044.MA.5Y:ECU,1997-12-31,5.1240594754009
WDI:SP.POP.4044.MA.5Y:ECU,1998-12-31,5.15454441410069
WDI:SP.POP.4044.MA.5Y:ECU,1999-12-31,5.1877067743431
WDI:SP.POP.4044.MA.5Y:ECU,2000-12-31,5.22408705492859
WDI:SP.POP.4044.MA.5Y:ECU,2001-12-31,5.26405692428398
WDI:SP.POP.4044.MA.5Y:ECU,2002-12-31,5.3073590891952
WDI:SP.POP.4044.MA.5Y:ECU,2003-12-31,5.35362369942365
WDI:SP.POP.4044.MA.5Y:ECU,2004-12-31,5.40224070536837
WDI:SP.POP.4044.MA.5Y:ECU,2005-12-31,5.45307650534911
WDI:SP.POP.4044.MA.5Y:ECU,2006-12-31,5.50586991532906
WDI:SP.POP.4044.MA.5Y:ECU,2007-12-31,5.559938819597
WDI:SP.POP.4044.MA.5Y:ECU,2008-12-31,5.61400743040492
WDI:SP.POP.4044.MA.5Y:ECU,2009-12-31,5.66661353813538
WDI:SP.POP.4044.MA.5Y:ECU,2010-12-31,5.71862902894386
WDI:SP.POP.4044.MA.5Y:ECU,2011-12-31,5.77017556945478
WDI:SP.POP.4044.MA.5Y:ECU,2012-12-31,5.82204472586724
WDI:SP.POP.4044.MA.5Y:ECU,2013-12-31,5.87686799917876
WDI:SP.POP.4044.MA.5Y:ECU,2014-12-31,5.93435994690167
WDI:SP.POP.4044.MA.5Y:ECU,2015-12-31,5.99313502749398
WDI:SP.POP.4044.MA.5Y:ECU,2016-12-31,6.05475452333487
WDI:SP.POP.4044.MA.5Y:ECU,2017-12-31,6.11934214571312
WDI:SP.POP.4044.MA.5Y:ECU,2018-12-31,6.18437330773938
WDI:SP.POP.4044.MA.5Y:ECU,2019-12-31,6.25322462533735
WDI:SP.POP.4044.MA.5Y:ECU,2020-12-31,6.33760201625548
WDI:SP.POP.4044.MA.5Y:ECU,2021-12-31,6.43532949951021
WDI:SP.POP.4044.MA.5Y:ECU,2022-12-31,6.53450858434656
WDI:SP.POP.4044.MA.5Y:ECU,2023-12-31,6.63623853807112
WDI:SP.POP.4044.MA.5Y:ECU,2024-12-31,6.74566674740879
WDI:SP.POP.4044.MA.5Y:EGY,1960-12-31,4.97193813426886
WDI:SP.POP.4044.MA.5Y:EGY,1961-12-31,4.96364162467046
WDI:SP.POP.4044.MA.5Y:EGY,1962-12-31,4.95656688417154
WDI:SP.POP.4044.MA.5Y:EGY,1963-12-31,4.94883688240878
WDI:SP.POP.4044.MA.5Y:EGY,1964-12-31,4.93944632318814
WDI:SP.POP.4044.MA.5Y:EGY,1965-12-31,4.93028725887138
WDI:SP.POP.4044.MA.5Y:EGY,1966-12-31,4.91853916090464
WDI:SP.POP.4044.MA.5Y:EGY,1967-12-31,4.90017117406454
WDI:SP.POP.4044.MA.5Y:EGY,1968-12-31,4.87971343994722
WDI:SP.POP.4044.MA.5Y:EGY,1969-12-31,4.86335934417749
WDI:SP.POP.4044.MA.5Y:EGY,1970-12-31,4.84831878945197
WDI:SP.POP.4044.MA.5Y:EGY,1971-12-31,4.83665035706144
WDI:SP.POP.4044.MA.5Y:EGY,1972-12-31,4.8330737225668
WDI:SP.POP.4044.MA.5Y:EGY,1973-12-31,4.82528948930977
WDI:SP.POP.4044.MA.5Y:EGY,1974-12-31,4.7932658855306
WDI:SP.POP.4044.MA.5Y:EGY,1975-12-31,4.72443360353545
WDI:SP.POP.4044.MA.5Y:EGY,1976-12-31,4.62647029240433
WDI:SP.POP.4044.MA.5Y:EGY,1977-12-31,4.50886810070068
WDI:SP.POP.4044.MA.5Y:EGY,1978-12-31,4.36972891749623
WDI:SP.POP.4044.MA.5Y:EGY,1979-12-31,4.21326848371822
WDI:SP.POP.4044.MA.5Y:EGY,1980-12-31,4.06048952163099
WDI:SP.POP.4044.MA.5Y:EGY,1981-12-31,3.92174296590329
WDI:SP.POP.4044.MA.5Y:EGY,1982-12-31,3.80387684821339
WDI:SP.POP.4044.MA.5Y:EGY,1983-12-31,3.73336430773961
WDI:SP.POP.4044.MA.5Y:EGY,1984-12-31,3.73205529545839
WDI:SP.POP.4044.MA.5Y:EGY,1985-12-31,3.80466220118841
WDI:SP.POP.4044.MA.5Y:EGY,1986-12-31,3.94322134092066
WDI:SP.POP.4044.MA.5Y:EGY,1987-12-31,4.13241325053239
WDI:SP.POP.4044.MA.5Y:EGY,1988-12-31,4.33469030056858
WDI:SP.POP.4044.MA.5Y:EGY,1989-12-31,4.5051638879554
WDI:SP.POP.4044.MA.5Y:EGY,1990-12-31,4.63327903265527
WDI:SP.POP.4044.MA.5Y:EGY,1991-12-31,4.72354734789063
WDI:SP.POP.4044.MA.5Y:EGY,1992-12-31,4.78857596744795
WDI:SP.POP.4044.MA.5Y:EGY,1993-12-31,4.85231022786625
WDI:SP.POP.4044.MA.5Y:EGY,1994-12-31,4.934564176588
WDI:SP.POP.4044.MA.5Y:EGY,1995-12-31,5.03791873385185
WDI:SP.POP.4044.MA.5Y:EGY,1996-12-31,5.13985866256274
WDI:SP.POP.4044.MA.5Y:EGY,1997-12-31,5.22315236425655
WDI:SP.POP.4044.MA.5Y:EGY,1998-12-31,5.28792759668086
WDI:SP.POP.4044.MA.5Y:EGY,1999-12-31,5.33852775844118
WDI:SP.POP.4044.MA.5Y:EGY,2000-12-31,5.38327971634695
WDI:SP.POP.4044.MA.5Y:EGY,2001-12-31,5.42730917915151
WDI:SP.POP.4044.MA.5Y:EGY,2002-12-31,5.4712059843532
WDI:SP.POP.4044.MA.5Y:EGY,2003-12-31,5.51646159886845
WDI:SP.POP.4044.MA.5Y:EGY,2004-12-31,5.55970985875203
WDI:SP.POP.4044.MA.5Y:EGY,2005-12-31,5.58952350257323
WDI:SP.POP.4044.MA.5Y:EGY,2006-12-31,5.60695336018258
WDI:SP.POP.4044.MA.5Y:EGY,2007-12-31,5.61847681927338
WDI:SP.POP.4044.MA.5Y:EGY,2008-12-31,5.62348247873676
WDI:SP.POP.4044.MA.5Y:EGY,2009-12-31,5.62603981553019
WDI:SP.POP.4044.MA.5Y:EGY,2010-12-31,5.63244784210289
WDI:SP.POP.4044.MA.5Y:EGY,2011-12-31,5.64333369584932
WDI:SP.POP.4044.MA.5Y:EGY,2012-12-31,5.65404153344253
WDI:SP.POP.4044.MA.5Y:EGY,2013-12-31,5.65962697974399
WDI:SP.POP.4044.MA.5Y:EGY,2014-12-31,5.66460480328576
WDI:SP.POP.4044.MA.5Y:EGY,2015-12-31,5.67953355580737
WDI:SP.POP.4044.MA.5Y:EGY,2016-12-31,5.71129067787479
WDI:SP.POP.4044.MA.5Y:EGY,2017-12-31,5.75630387159554
WDI:SP.POP.4044.MA.5Y:EGY,2018-12-31,5.81906830163499
WDI:SP.POP.4044.MA.5Y:EGY,2019-12-31,5.89980531084052
WDI:SP.POP.4044.MA.5Y:EGY,2020-12-31,5.98301761801782
WDI:SP.POP.4044.MA.5Y:EGY,2021-12-31,6.05949767641933
WDI:SP.POP.4044.MA.5Y:EGY,2022-12-31,6.13505511322968
WDI:SP.POP.4044.MA.5Y:EGY,2023-12-31,6.22223501053374
WDI:SP.POP.4044.MA.5Y:EGY,2024-12-31,6.31437011511758
WDI:SP.POP.4044.MA.5Y:EMU,1960-12-31,4.751673466447126
WDI:SP.POP.4044.MA.5Y:EMU,1961-12-31,5.102176105379032
WDI:SP.POP.4044.MA.5Y:EMU,1962-12-31,5.547934300277411
WDI:SP.POP.4044.MA.5Y:EMU,1963-12-31,5.989518080596437
WDI:SP.POP.4044.MA.5Y:EMU,1964-12-31,6.323073502789755
WDI:SP.POP.4044.MA.5Y:EMU,1965-12-31,6.4370363981224035
WDI:SP.POP.4044.MA.5Y:EMU,1966-12-31,6.4082265880352205
WDI:SP.POP.4044.MA.5Y:EMU,1967-12-31,6.426377406142329
WDI:SP.POP.4044.MA.5Y:EMU,1968-12-31,6.499637608574307
WDI:SP.POP.4044.MA.5Y:EMU,1969-12-31,6.602957450416998
WDI:SP.POP.4044.MA.5Y:EMU,1970-12-31,6.719784837107363
WDI:SP.POP.4044.MA.5Y:EMU,1971-12-31,6.782797739384884
WDI:SP.POP.4044.MA.5Y:EMU,1972-12-31,6.783349962522407
WDI:SP.POP.4044.MA.5Y:EMU,1973-12-31,6.726171465738294
WDI:SP.POP.4044.MA.5Y:EMU,1974-12-31,6.667866170460775
WDI:SP.POP.4044.MA.5Y:EMU,1975-12-31,6.628279051225882
WDI:SP.POP.4044.MA.5Y:EMU,1976-12-31,6.602321504737061
WDI:SP.POP.4044.MA.5Y:EMU,1977-12-31,6.6090944420760005
WDI:SP.POP.4044.MA.5Y:EMU,1978-12-31,6.645877139725759
WDI:SP.POP.4044.MA.5Y:EMU,1979-12-31,6.698372117486923
WDI:SP.POP.4044.MA.5Y:EMU,1980-12-31,6.73922041454143
WDI:SP.POP.4044.MA.5Y:EMU,1981-12-31,6.741249585113951
WDI:SP.POP.4044.MA.5Y:EMU,1982-12-31,6.672222295533536
WDI:SP.POP.4044.MA.5Y:EMU,1983-12-31,6.581236686445731
WDI:SP.POP.4044.MA.5Y:EMU,1984-12-31,6.484671581611068
WDI:SP.POP.4044.MA.5Y:EMU,1985-12-31,6.3323665487395875
WDI:SP.POP.4044.MA.5Y:EMU,1986-12-31,6.2587385653662455
WDI:SP.POP.4044.MA.5Y:EMU,1987-12-31,6.403484600390034
WDI:SP.POP.4044.MA.5Y:EMU,1988-12-31,6.613976976015646
WDI:SP.POP.4044.MA.5Y:EMU,1989-12-31,6.789369467574668
WDI:SP.POP.4044.MA.5Y:EMU,1990-12-31,6.999485610532687
WDI:SP.POP.4044.MA.5Y:EMU,1991-12-31,7.160088400625128
WDI:SP.POP.4044.MA.5Y:EMU,1992-12-31,7.193862377129212
WDI:SP.POP.4044.MA.5Y:EMU,1993-12-31,7.1719047406271885
WDI:SP.POP.4044.MA.5Y:EMU,1994-12-31,7.144062819945769
WDI:SP.POP.4044.MA.5Y:EMU,1995-12-31,7.147562676165229
WDI:SP.POP.4044.MA.5Y:EMU,1996-12-31,7.193896066043659
WDI:SP.POP.4044.MA.5Y:EMU,1997-12-31,7.252742517982142
WDI:SP.POP.4044.MA.5Y:EMU,1998-12-31,7.336138173950378
WDI:SP.POP.4044.MA.5Y:EMU,1999-12-31,7.454359626358348
WDI:SP.POP.4044.MA.5Y:EMU,2000-12-31,7.575272769560218
WDI:SP.POP.4044.MA.5Y:EMU,2001-12-31,7.687488760055705
WDI:SP.POP.4044.MA.5Y:EMU,2002-12-31,7.794061363676941
WDI:SP.POP.4044.MA.5Y:EMU,2003-12-31,7.907890606518201
WDI:SP.POP.4044.MA.5Y:EMU,2004-12-31,8.0187018780873
WDI:SP.POP.4044.MA.5Y:EMU,2005-12-31,8.094436527867959
WDI:SP.POP.4044.MA.5Y:EMU,2006-12-31,8.151665662518711
WDI:SP.POP.4044.MA.5Y:EMU,2007-12-31,8.177150249488902
WDI:SP.POP.4044.MA.5Y:EMU,2008-12-31,8.138956348449186
WDI:SP.POP.4044.MA.5Y:EMU,2009-12-31,8.044915048713966
WDI:SP.POP.4044.MA.5Y:EMU,2010-12-31,7.9247070898539835
WDI:SP.POP.4044.MA.5Y:EMU,2011-12-31,7.808885494706546
WDI:SP.POP.4044.MA.5Y:EMU,2012-12-31,7.706238176911942
WDI:SP.POP.4044.MA.5Y:EMU,2013-12-31,7.588584294912158
WDI:SP.POP.4044.MA.5Y:EMU,2014-12-31,7.449062520454103
WDI:SP.POP.4044.MA.5Y:EMU,2015-12-31,7.311186858759074
WDI:SP.POP.4044.MA.5Y:EMU,2016-12-31,7.173191331174573
WDI:SP.POP.4044.MA.5Y:EMU,2017-12-31,7.061733366093021
WDI:SP.POP.4044.MA.5Y:EMU,2018-12-31,6.9886666497261585
WDI:SP.POP.4044.MA.5Y:EMU,2019-12-31,6.9243003238607175
WDI:SP.POP.4044.MA.5Y:EMU,2020-12-31,6.889115738062794
WDI:SP.POP.4044.MA.5Y:EMU,2021-12-31,6.869924362211834
WDI:SP.POP.4044.MA.5Y:EMU,2022-12-31,6.832349470569789
WDI:SP.POP.4044.MA.5Y:EMU,2023-12-31,6.7778083122188635
WDI:SP.POP.4044.MA.5Y:EMU,2024-12-31,6.702870044938838
WDI:SP.POP.4044.MA.5Y:ERI,1960-12-31,4.38649355206964
WDI:SP.POP.4044.MA.5Y:ERI,1961-12-31,4.42352873936269
WDI:SP.POP.4044.MA.5Y:ERI,1962-12-31,4.46202099551805
WDI:SP.POP.4044.MA.5Y:ERI,1963-12-31,4.50048200342218
WDI:SP.POP.4044.MA.5Y:ERI,1964-12-31,4.53683419203214
WDI:SP.POP.4044.MA.5Y:ERI,1965-12-31,4.56952679571032
WDI:SP.POP.4044.MA.5Y:ERI,1966-12-31,4.60154488057107
WDI:SP.POP.4044.MA.5Y:ERI,1967-12-31,4.63007602447617
WDI:SP.POP.4044.MA.5Y:ERI,1968-12-31,4.65293925145111
WDI:SP.POP.4044.MA.5Y:ERI,1969-12-31,4.67497478422773
WDI:SP.POP.4044.MA.5Y:ERI,1970-12-31,4.69635581127469
WDI:SP.POP.4044.MA.5Y:ERI,1971-12-31,4.71808143161885
WDI:SP.POP.4044.MA.5Y:ERI,1972-12-31,4.74340081884669
WDI:SP.POP.4044.MA.5Y:ERI,1973-12-31,4.77121739598602
WDI:SP.POP.4044.MA.5Y:ERI,1974-12-31,4.79727879070525
WDI:SP.POP.4044.MA.5Y:ERI,1975-12-31,4.81788489173235
WDI:SP.POP.4044.MA.5Y:ERI,1976-12-31,4.83066712710011
WDI:SP.POP.4044.MA.5Y:ERI,1977-12-31,4.83918359033361
WDI:SP.POP.4044.MA.5Y:ERI,1978-12-31,4.8456253532591
WDI:SP.POP.4044.MA.5Y:ERI,1979-12-31,4.84813488553777
WDI:SP.POP.4044.MA.5Y:ERI,1980-12-31,4.84825122513473
WDI:SP.POP.4044.MA.5Y:ERI,1981-12-31,4.84597072035118
WDI:SP.POP.4044.MA.5Y:ERI,1982-12-31,4.83946977659072
WDI:SP.POP.4044.MA.5Y:ERI,1983-12-31,4.84110060978841
WDI:SP.POP.4044.MA.5Y:ERI,1984-12-31,4.8549936748017
WDI:SP.POP.4044.MA.5Y:ERI,1985-12-31,4.84474797748887
WDI:SP.POP.4044.MA.5Y:ERI,1986-12-31,4.8073223601417
WDI:SP.POP.4044.MA.5Y:ERI,1987-12-31,4.75214813972319
WDI:SP.POP.4044.MA.5Y:ERI,1988-12-31,4.65021657632099
WDI:SP.POP.4044.MA.5Y:ERI,1989-12-31,4.51949859648816
WDI:SP.POP.4044.MA.5Y:ERI,1990-12-31,4.34959590948292
WDI:SP.POP.4044.MA.5Y:ERI,1991-12-31,4.14572355734914
WDI:SP.POP.4044.MA.5Y:ERI,1992-12-31,3.93802926376938
WDI:SP.POP.4044.MA.5Y:ERI,1993-12-31,3.8256684439021
WDI:SP.POP.4044.MA.5Y:ERI,1994-12-31,3.73970920302695
WDI:SP.POP.4044.MA.5Y:ERI,1995-12-31,3.77432147382962
WDI:SP.POP.4044.MA.5Y:ERI,1996-12-31,3.83187231108633
WDI:SP.POP.4044.MA.5Y:ERI,1997-12-31,3.78042058668089
WDI:SP.POP.4044.MA.5Y:ERI,1998-12-31,3.74924495151105
WDI:SP.POP.4044.MA.5Y:ERI,1999-12-31,3.75262270517629
WDI:SP.POP.4044.MA.5Y:ERI,2000-12-31,3.78032070004081
WDI:SP.POP.4044.MA.5Y:ERI,2001-12-31,3.85438858376172
WDI:SP.POP.4044.MA.5Y:ERI,2002-12-31,3.95165436925903
WDI:SP.POP.4044.MA.5Y:ERI,2003-12-31,4.05216130973522
WDI:SP.POP.4044.MA.5Y:ERI,2004-12-31,4.1264628999346
WDI:SP.POP.4044.MA.5Y:ERI,2005-12-31,4.15545652303886
WDI:SP.POP.4044.MA.5Y:ERI,2006-12-31,4.1689935418138
WDI:SP.POP.4044.MA.5Y:ERI,2007-12-31,4.18232618400066
WDI:SP.POP.4044.MA.5Y:ERI,2008-12-31,4.22211126172332
WDI:SP.POP.4044.MA.5Y:ERI,2009-12-31,4.25817428081904
WDI:SP.POP.4044.MA.5Y:ERI,2010-12-31,4.28505907186985
WDI:SP.POP.4044.MA.5Y:ERI,2011-12-31,4.30618813425528
WDI:SP.POP.4044.MA.5Y:ERI,2012-12-31,4.30228728858712
WDI:SP.POP.4044.MA.5Y:ERI,2013-12-31,4.2843365625628
WDI:SP.POP.4044.MA.5Y:ERI,2014-12-31,4.25251328438596
WDI:SP.POP.4044.MA.5Y:ERI,2015-12-31,4.21614910570201
WDI:SP.POP.4044.MA.5Y:ERI,2016-12-31,4.19387055687849
WDI:SP.POP.4044.MA.5Y:ERI,2017-12-31,4.17925051557389
WDI:SP.POP.4044.MA.5Y:ERI,2018-12-31,4.17140081371166
WDI:SP.POP.4044.MA.5Y:ERI,2019-12-31,4.16203597145957
WDI:SP.POP.4044.MA.5Y:ERI,2020-12-31,4.14507340860192
WDI:SP.POP.4044.MA.5Y:ERI,2021-12-31,4.11327300557139
WDI:SP.POP.4044.MA.5Y:ERI,2022-12-31,4.06149940094125
WDI:SP.POP.4044.MA.5Y:ERI,2023-12-31,3.99629319171784
WDI:SP.POP.4044.MA.5Y:ERI,2024-12-31,3.94123597311376
WDI:SP.POP.4044.MA.5Y:ESP,1960-12-31,5.6509949301439
WDI:SP.POP.4044.MA.5Y:ESP,1961-12-31,5.85947860084766
WDI:SP.POP.4044.MA.5Y:ESP,1962-12-31,6.12322111189992
WDI:SP.POP.4044.MA.5Y:ESP,1963-12-31,6.37636931833643
WDI:SP.POP.4044.MA.5Y:ESP,1964-12-31,6.60678783632176
WDI:SP.POP.4044.MA.5Y:ESP,1965-12-31,6.74100728601241
WDI:SP.POP.4044.MA.5Y:ESP,1966-12-31,6.76687330687128
WDI:SP.POP.4044.MA.5Y:ESP,1967-12-31,6.76580669625521
WDI:SP.POP.4044.MA.5Y:ESP,1968-12-31,6.76672226066345
WDI:SP.POP.4044.MA.5Y:ESP,1969-12-31,6.77486931370988
WDI:SP.POP.4044.MA.5Y:ESP,1970-12-31,6.82321415705654
WDI:SP.POP.4044.MA.5Y:ESP,1971-12-31,6.86694643357155
WDI:SP.POP.4044.MA.5Y:ESP,1972-12-31,6.87342250198934
WDI:SP.POP.4044.MA.5Y:ESP,1973-12-31,6.88837941338428
WDI:SP.POP.4044.MA.5Y:ESP,1974-12-31,6.85761313000103
WDI:SP.POP.4044.MA.5Y:ESP,1975-12-31,6.75459250799967
WDI:SP.POP.4044.MA.5Y:ESP,1976-12-31,6.63081820103599
WDI:SP.POP.4044.MA.5Y:ESP,1977-12-31,6.46010893586624
WDI:SP.POP.4044.MA.5Y:ESP,1978-12-31,6.15537904350835
WDI:SP.POP.4044.MA.5Y:ESP,1979-12-31,5.79085364773689
WDI:SP.POP.4044.MA.5Y:ESP,1980-12-31,5.57722523069538
WDI:SP.POP.4044.MA.5Y:ESP,1981-12-31,5.43275110529124
WDI:SP.POP.4044.MA.5Y:ESP,1982-12-31,5.30328042053848
WDI:SP.POP.4044.MA.5Y:ESP,1983-12-31,5.39779485527631
WDI:SP.POP.4044.MA.5Y:ESP,1984-12-31,5.65480082346289
WDI:SP.POP.4044.MA.5Y:ESP,1985-12-31,5.84786623218955
WDI:SP.POP.4044.MA.5Y:ESP,1986-12-31,5.97155394394903
WDI:SP.POP.4044.MA.5Y:ESP,1987-12-31,6.13521935111903
WDI:SP.POP.4044.MA.5Y:ESP,1988-12-31,6.26889914357217
WDI:SP.POP.4044.MA.5Y:ESP,1989-12-31,6.32999040122363
WDI:SP.POP.4044.MA.5Y:ESP,1990-12-31,6.32661577333983
WDI:SP.POP.4044.MA.5Y:ESP,1991-12-31,6.33124257885134
WDI:SP.POP.4044.MA.5Y:ESP,1992-12-31,6.35636277019325
WDI:SP.POP.4044.MA.5Y:ESP,1993-12-31,6.34160898003088
WDI:SP.POP.4044.MA.5Y:ESP,1994-12-31,6.33279374907194
WDI:SP.POP.4044.MA.5Y:ESP,1995-12-31,6.39514773696912
WDI:SP.POP.4044.MA.5Y:ESP,1996-12-31,6.51854019151559
WDI:SP.POP.4044.MA.5Y:ESP,1997-12-31,6.6750324593293
WDI:SP.POP.4044.MA.5Y:ESP,1998-12-31,6.86942599361401
WDI:SP.POP.4044.MA.5Y:ESP,1999-12-31,7.09832602711307
WDI:SP.POP.4044.MA.5Y:ESP,2000-12-31,7.32028373327888
WDI:SP.POP.4044.MA.5Y:ESP,2001-12-31,7.51465772669521
WDI:SP.POP.4044.MA.5Y:ESP,2002-12-31,7.66675867858026
WDI:SP.POP.4044.MA.5Y:ESP,2003-12-31,7.79107917598687
WDI:SP.POP.4044.MA.5Y:ESP,2004-12-31,7.95560516472799
WDI:SP.POP.4044.MA.5Y:ESP,2005-12-31,8.12093506876336
WDI:SP.POP.4044.MA.5Y:ESP,2006-12-31,8.26442160003486
WDI:SP.POP.4044.MA.5Y:ESP,2007-12-31,8.38287638428526
WDI:SP.POP.4044.MA.5Y:ESP,2008-12-31,8.44534468037408
WDI:SP.POP.4044.MA.5Y:ESP,2009-12-31,8.45957882283699
WDI:SP.POP.4044.MA.5Y:ESP,2010-12-31,8.47423605540445
WDI:SP.POP.4044.MA.5Y:ESP,2011-12-31,8.49612146705517
WDI:SP.POP.4044.MA.5Y:ESP,2012-12-31,8.51237379292832
WDI:SP.POP.4044.MA.5Y:ESP,2013-12-31,8.55018810981193
WDI:SP.POP.4044.MA.5Y:ESP,2014-12-31,8.61235696446977
WDI:SP.POP.4044.MA.5Y:ESP,2015-12-31,8.688945859925
WDI:SP.POP.4044.MA.5Y:ESP,2016-12-31,8.75276284934708
WDI:SP.POP.4044.MA.5Y:ESP,2017-12-31,8.77899555228008
WDI:SP.POP.4044.MA.5Y:ESP,2018-12-31,8.76214780433362
WDI:SP.POP.4044.MA.5Y:ESP,2019-12-31,8.66963800593182
WDI:SP.POP.4044.MA.5Y:ESP,2020-12-31,8.53435668183391
WDI:SP.POP.4044.MA.5Y:ESP,2021-12-31,8.34881844628231
WDI:SP.POP.4044.MA.5Y:ESP,2022-12-31,8.0897156730666
WDI:SP.POP.4044.MA.5Y:ESP,2023-12-31,7.79657575880659
WDI:SP.POP.4044.MA.5Y:ESP,2024-12-31,7.48286066783664
WDI:SP.POP.4044.MA.5Y:EST,1960-12-31,4.59074789304638
WDI:SP.POP.4044.MA.5Y:EST,1961-12-31,4.6446174321923
WDI:SP.POP.4044.MA.5Y:EST,1962-12-31,4.9012878856708
WDI:SP.POP.4044.MA.5Y:EST,1963-12-31,5.17295742313988
WDI:SP.POP.4044.MA.5Y:EST,1964-12-31,5.41497702081644
WDI:SP.POP.4044.MA.5Y:EST,1965-12-31,5.6963433353118
WDI:SP.POP.4044.MA.5Y:EST,1966-12-31,6.01636770427027
WDI:SP.POP.4044.MA.5Y:EST,1967-12-31,6.49150309984223
WDI:SP.POP.4044.MA.5Y:EST,1968-12-31,7.00342606776367
WDI:SP.POP.4044.MA.5Y:EST,1969-12-31,7.43790981310005
WDI:SP.POP.4044.MA.5Y:EST,1970-12-31,7.84357150996054
WDI:SP.POP.4044.MA.5Y:EST,1971-12-31,8.11593098378433
WDI:SP.POP.4044.MA.5Y:EST,1972-12-31,8.13379203091496
WDI:SP.POP.4044.MA.5Y:EST,1973-12-31,7.94936886013847
WDI:SP.POP.4044.MA.5Y:EST,1974-12-31,7.69574799415895
WDI:SP.POP.4044.MA.5Y:EST,1975-12-31,7.46188439263173
WDI:SP.POP.4044.MA.5Y:EST,1976-12-31,7.30982865145835
WDI:SP.POP.4044.MA.5Y:EST,1977-12-31,7.28100403277717
WDI:SP.POP.4044.MA.5Y:EST,1978-12-31,7.39042682524294
WDI:SP.POP.4044.MA.5Y:EST,1979-12-31,7.57724434262898
WDI:SP.POP.4044.MA.5Y:EST,1980-12-31,7.6612690928449
WDI:SP.POP.4044.MA.5Y:EST,1981-12-31,7.68622410074294
WDI:SP.POP.4044.MA.5Y:EST,1982-12-31,7.55651326356708
WDI:SP.POP.4044.MA.5Y:EST,1983-12-31,7.12091222985148
WDI:SP.POP.4044.MA.5Y:EST,1984-12-31,6.59474183641821
WDI:SP.POP.4044.MA.5Y:EST,1985-12-31,6.1520240063863
WDI:SP.POP.4044.MA.5Y:EST,1986-12-31,5.83089747148102
WDI:SP.POP.4044.MA.5Y:EST,1987-12-31,5.7443100515205
WDI:SP.POP.4044.MA.5Y:EST,1988-12-31,5.97122974172154
WDI:SP.POP.4044.MA.5Y:EST,1989-12-31,6.3933826640209
WDI:SP.POP.4044.MA.5Y:EST,1990-12-31,6.82359504314963
WDI:SP.POP.4044.MA.5Y:EST,1991-12-31,7.10873030325972
WDI:SP.POP.4044.MA.5Y:EST,1992-12-31,7.26593450853625
WDI:SP.POP.4044.MA.5Y:EST,1993-12-31,7.3312840595572
WDI:SP.POP.4044.MA.5Y:EST,1994-12-31,7.32923734142935
WDI:SP.POP.4044.MA.5Y:EST,1995-12-31,7.35793690683854
WDI:SP.POP.4044.MA.5Y:EST,1996-12-31,7.39453101887878
WDI:SP.POP.4044.MA.5Y:EST,1997-12-31,7.39449262500973
WDI:SP.POP.4044.MA.5Y:EST,1998-12-31,7.4276294359221
WDI:SP.POP.4044.MA.5Y:EST,1999-12-31,7.53980936768365
WDI:SP.POP.4044.MA.5Y:EST,2000-12-31,7.62893944303751
WDI:SP.POP.4044.MA.5Y:EST,2001-12-31,7.67023183103688
WDI:SP.POP.4044.MA.5Y:EST,2002-12-31,7.7169962345481
WDI:SP.POP.4044.MA.5Y:EST,2003-12-31,7.69503362608173
WDI:SP.POP.4044.MA.5Y:EST,2004-12-31,7.60399264852683
WDI:SP.POP.4044.MA.5Y:EST,2005-12-31,7.45212917976565
WDI:SP.POP.4044.MA.5Y:EST,2006-12-31,7.25219857974783
WDI:SP.POP.4044.MA.5Y:EST,2007-12-31,7.04897210179727
WDI:SP.POP.4044.MA.5Y:EST,2008-12-31,6.93299445843018
WDI:SP.POP.4044.MA.5Y:EST,2009-12-31,6.93409589871534
WDI:SP.POP.4044.MA.5Y:EST,2010-12-31,7.0214359360477
WDI:SP.POP.4044.MA.5Y:EST,2011-12-31,7.18506370224351
WDI:SP.POP.4044.MA.5Y:EST,2012-12-31,7.36851230556462
WDI:SP.POP.4044.MA.5Y:EST,2013-12-31,7.49275208095899
WDI:SP.POP.4044.MA.5Y:EST,2014-12-31,7.52897935874042
WDI:SP.POP.4044.MA.5Y:EST,2015-12-31,7.5113580148635
WDI:SP.POP.4044.MA.5Y:EST,2016-12-31,7.45887999325941
WDI:SP.POP.4044.MA.5Y:EST,2017-12-31,7.43557265921866
WDI:SP.POP.4044.MA.5Y:EST,2018-12-31,7.43576684779339
WDI:SP.POP.4044.MA.5Y:EST,2019-12-31,7.44749683658281
WDI:SP.POP.4044.MA.5Y:EST,2020-12-31,7.46570243539296
WDI:SP.POP.4044.MA.5Y:EST,2021-12-31,7.49337353022209
WDI:SP.POP.4044.MA.5Y:EST,2022-12-31,7.53531716582427
WDI:SP.POP.4044.MA.5Y:EST,2023-12-31,7.6303081073756
WDI:SP.POP.4044.MA.5Y:EST,2024-12-31,7.78597420906671
WDI:SP.POP.4044.MA.5Y:ETH,1960-12-31,4.5466332250645
WDI:SP.POP.4044.MA.5Y:ETH,1961-12-31,4.53463252512925
WDI:SP.POP.4044.MA.5Y:ETH,1962-12-31,4.52389248165378
WDI:SP.POP.4044.MA.5Y:ETH,1963-12-31,4.51329411119194
WDI:SP.POP.4044.MA.5Y:ETH,1964-12-31,4.50117414380704
WDI:SP.POP.4044.MA.5Y:ETH,1965-12-31,4.48728031208869
WDI:SP.POP.4044.MA.5Y:ETH,1966-12-31,4.47435763649057
WDI:SP.POP.4044.MA.5Y:ETH,1967-12-31,4.45969553788956
WDI:SP.POP.4044.MA.5Y:ETH,1968-12-31,4.44181214459251
WDI:SP.POP.4044.MA.5Y:ETH,1969-12-31,4.42365594870201
WDI:SP.POP.4044.MA.5Y:ETH,1970-12-31,4.40506614576845
WDI:SP.POP.4044.MA.5Y:ETH,1971-12-31,4.38678997267593
WDI:SP.POP.4044.MA.5Y:ETH,1972-12-31,4.37209987919449
WDI:SP.POP.4044.MA.5Y:ETH,1973-12-31,4.36039968763924
WDI:SP.POP.4044.MA.5Y:ETH,1974-12-31,4.34917578567869
WDI:SP.POP.4044.MA.5Y:ETH,1975-12-31,4.33566913022292
WDI:SP.POP.4044.MA.5Y:ETH,1976-12-31,4.31709788688409
WDI:SP.POP.4044.MA.5Y:ETH,1977-12-31,4.29766145411945
WDI:SP.POP.4044.MA.5Y:ETH,1978-12-31,4.2792452464082
WDI:SP.POP.4044.MA.5Y:ETH,1979-12-31,4.25907960736675
WDI:SP.POP.4044.MA.5Y:ETH,1980-12-31,4.23739030810378
WDI:SP.POP.4044.MA.5Y:ETH,1981-12-31,4.21503032280861
WDI:SP.POP.4044.MA.5Y:ETH,1982-12-31,4.1944700560478
WDI:SP.POP.4044.MA.5Y:ETH,1983-12-31,4.18712375570007
WDI:SP.POP.4044.MA.5Y:ETH,1984-12-31,4.19683406610681
WDI:SP.POP.4044.MA.5Y:ETH,1985-12-31,4.21288075796894
WDI:SP.POP.4044.MA.5Y:ETH,1986-12-31,4.23032263048493
WDI:SP.POP.4044.MA.5Y:ETH,1987-12-31,4.23914429333182
WDI:SP.POP.4044.MA.5Y:ETH,1988-12-31,4.21920657119941
WDI:SP.POP.4044.MA.5Y:ETH,1989-12-31,4.17641880097237
WDI:SP.POP.4044.MA.5Y:ETH,1990-12-31,4.08586941429712
WDI:SP.POP.4044.MA.5Y:ETH,1991-12-31,3.97072115048027
WDI:SP.POP.4044.MA.5Y:ETH,1992-12-31,3.8753470350105
WDI:SP.POP.4044.MA.5Y:ETH,1993-12-31,3.80255480297041
WDI:SP.POP.4044.MA.5Y:ETH,1994-12-31,3.75540947513363
WDI:SP.POP.4044.MA.5Y:ETH,1995-12-31,3.74336062392271
WDI:SP.POP.4044.MA.5Y:ETH,1996-12-31,3.75057268908825
WDI:SP.POP.4044.MA.5Y:ETH,1997-12-31,3.74644248854279
WDI:SP.POP.4044.MA.5Y:ETH,1998-12-31,3.75194121041573
WDI:SP.POP.4044.MA.5Y:ETH,1999-12-31,3.77833407744993
WDI:SP.POP.4044.MA.5Y:ETH,2000-12-31,3.81929147383049
WDI:SP.POP.4044.MA.5Y:ETH,2001-12-31,3.8703481909282
WDI:SP.POP.4044.MA.5Y:ETH,2002-12-31,3.92746896580937
WDI:SP.POP.4044.MA.5Y:ETH,2003-12-31,3.97506374959862
WDI:SP.POP.4044.MA.5Y:ETH,2004-12-31,4.00115471758528
WDI:SP.POP.4044.MA.5Y:ETH,2005-12-31,4.01319785476402
WDI:SP.POP.4044.MA.5Y:ETH,2006-12-31,4.0206838255359
WDI:SP.POP.4044.MA.5Y:ETH,2007-12-31,4.02721862351832
WDI:SP.POP.4044.MA.5Y:ETH,2008-12-31,4.0306401613463
WDI:SP.POP.4044.MA.5Y:ETH,2009-12-31,4.02952996122557
WDI:SP.POP.4044.MA.5Y:ETH,2010-12-31,4.02816264724023
WDI:SP.POP.4044.MA.5Y:ETH,2011-12-31,4.02625145368713
WDI:SP.POP.4044.MA.5Y:ETH,2012-12-31,4.01956310450723
WDI:SP.POP.4044.MA.5Y:ETH,2013-12-31,4.01252657231224
WDI:SP.POP.4044.MA.5Y:ETH,2014-12-31,4.0128180954224
WDI:SP.POP.4044.MA.5Y:ETH,2015-12-31,4.02543961810831
WDI:SP.POP.4044.MA.5Y:ETH,2016-12-31,4.05597247468942
WDI:SP.POP.4044.MA.5Y:ETH,2017-12-31,4.10206262374763
WDI:SP.POP.4044.MA.5Y:ETH,2018-12-31,4.15606645094624
WDI:SP.POP.4044.MA.5Y:ETH,2019-12-31,4.21230242677973
WDI:SP.POP.4044.MA.5Y:ETH,2020-12-31,4.26266183452548
WDI:SP.POP.4044.MA.5Y:ETH,2021-12-31,4.29577491357723
WDI:SP.POP.4044.MA.5Y:ETH,2022-12-31,4.30955583183382
WDI:SP.POP.4044.MA.5Y:ETH,2023-12-31,4.30958040269167
WDI:SP.POP.4044.MA.5Y:ETH,2024-12-31,4.30643597231777
WDI:SP.POP.4044.MA.5Y:EUU,1960-12-31,4.766501176728089
WDI:SP.POP.4044.MA.5Y:EUU,1961-12-31,5.109562267118317
WDI:SP.POP.4044.MA.5Y:EUU,1962-12-31,5.559041766276145
WDI:SP.POP.4044.MA.5Y:EUU,1963-12-31,6.018324619120033
WDI:SP.POP.4044.MA.5Y:EUU,1964-12-31,6.365254580402331
WDI:SP.POP.4044.MA.5Y:EUU,1965-12-31,6.501771755571879
WDI:SP.POP.4044.MA.5Y:EUU,1966-12-31,6.509366161974944
WDI:SP.POP.4044.MA.5Y:EUU,1967-12-31,6.536878966800694
WDI:SP.POP.4044.MA.5Y:EUU,1968-12-31,6.600324493953418
WDI:SP.POP.4044.MA.5Y:EUU,1969-12-31,6.687581383105117
WDI:SP.POP.4044.MA.5Y:EUU,1970-12-31,6.783978018951798
WDI:SP.POP.4044.MA.5Y:EUU,1971-12-31,6.836216554296279
WDI:SP.POP.4044.MA.5Y:EUU,1972-12-31,6.837460441539509
WDI:SP.POP.4044.MA.5Y:EUU,1973-12-31,6.781721152971468
WDI:SP.POP.4044.MA.5Y:EUU,1974-12-31,6.712309365255385
WDI:SP.POP.4044.MA.5Y:EUU,1975-12-31,6.650615788209552
WDI:SP.POP.4044.MA.5Y:EUU,1976-12-31,6.600485541469486
WDI:SP.POP.4044.MA.5Y:EUU,1977-12-31,6.577566858424331
WDI:SP.POP.4044.MA.5Y:EUU,1978-12-31,6.579298557057637
WDI:SP.POP.4044.MA.5Y:EUU,1979-12-31,6.599581353407983
WDI:SP.POP.4044.MA.5Y:EUU,1980-12-31,6.612386611575329
WDI:SP.POP.4044.MA.5Y:EUU,1981-12-31,6.592375882870661
WDI:SP.POP.4044.MA.5Y:EUU,1982-12-31,6.51595371624392
WDI:SP.POP.4044.MA.5Y:EUU,1983-12-31,6.430075501307367
WDI:SP.POP.4044.MA.5Y:EUU,1984-12-31,6.351066168574657
WDI:SP.POP.4044.MA.5Y:EUU,1985-12-31,6.234565359669463
WDI:SP.POP.4044.MA.5Y:EUU,1986-12-31,6.2052211638452
WDI:SP.POP.4044.MA.5Y:EUU,1987-12-31,6.3778225623838285
WDI:SP.POP.4044.MA.5Y:EUU,1988-12-31,6.613516044934074
WDI:SP.POP.4044.MA.5Y:EUU,1989-12-31,6.825958516174324
WDI:SP.POP.4044.MA.5Y:EUU,1990-12-31,7.069047070106221
WDI:SP.POP.4044.MA.5Y:EUU,1991-12-31,7.254329705592446
WDI:SP.POP.4044.MA.5Y:EUU,1992-12-31,7.310341048231269
WDI:SP.POP.4044.MA.5Y:EUU,1993-12-31,7.315140241028529
WDI:SP.POP.4044.MA.5Y:EUU,1994-12-31,7.307760505580359
WDI:SP.POP.4044.MA.5Y:EUU,1995-12-31,7.320598395657199
WDI:SP.POP.4044.MA.5Y:EUU,1996-12-31,7.366363055355349
WDI:SP.POP.4044.MA.5Y:EUU,1997-12-31,7.414669664768829
WDI:SP.POP.4044.MA.5Y:EUU,1998-12-31,7.466646533044117
WDI:SP.POP.4044.MA.5Y:EUU,1999-12-31,7.527209006645625
WDI:SP.POP.4044.MA.5Y:EUU,2000-12-31,7.571359565929926
WDI:SP.POP.4044.MA.5Y:EUU,2001-12-31,7.600848685521674
WDI:SP.POP.4044.MA.5Y:EUU,2002-12-31,7.62710887092112
WDI:SP.POP.4044.MA.5Y:EUU,2003-12-31,7.670984714084004
WDI:SP.POP.4044.MA.5Y:EUU,2004-12-31,7.728611306145553
WDI:SP.POP.4044.MA.5Y:EUU,2005-12-31,7.767756594858895
WDI:SP.POP.4044.MA.5Y:EUU,2006-12-31,7.800713600986588
WDI:SP.POP.4044.MA.5Y:EUU,2007-12-31,7.837678930724729
WDI:SP.POP.4044.MA.5Y:EUU,2008-12-31,7.847787864367717
WDI:SP.POP.4044.MA.5Y:EUU,2009-12-31,7.810399784999812
WDI:SP.POP.4044.MA.5Y:EUU,2010-12-31,7.749191588652249
WDI:SP.POP.4044.MA.5Y:EUU,2011-12-31,7.691128231100881
WDI:SP.POP.4044.MA.5Y:EUU,2012-12-31,7.630666877928228
WDI:SP.POP.4044.MA.5Y:EUU,2013-12-31,7.5441516600290495
WDI:SP.POP.4044.MA.5Y:EUU,2014-12-31,7.45373036667525
WDI:SP.POP.4044.MA.5Y:EUU,2015-12-31,7.382902243187893
WDI:SP.POP.4044.MA.5Y:EUU,2016-12-31,7.312385765617041
WDI:SP.POP.4044.MA.5Y:EUU,2017-12-31,7.256930841783514
WDI:SP.POP.4044.MA.5Y:EUU,2018-12-31,7.223129442275895
WDI:SP.POP.4044.MA.5Y:EUU,2019-12-31,7.180605980362303
WDI:SP.POP.4044.MA.5Y:EUU,2020-12-31,7.14591877259999
WDI:SP.POP.4044.MA.5Y:EUU,2021-12-31,7.11793058732812
WDI:SP.POP.4044.MA.5Y:EUU,2022-12-31,7.071541112035221
WDI:SP.POP.4044.MA.5Y:EUU,2023-12-31,7.004354119456007
WDI:SP.POP.4044.MA.5Y:EUU,2024-12-31,6.9232522618450965
WDI:SP.POP.4044.MA.5Y:FCS,1960-12-31,4.633848317231938
WDI:SP.POP.4044.MA.5Y:FCS,1961-12-31,4.64378788641075
WDI:SP.POP.4044.MA.5Y:FCS,1962-12-31,4.6773692372792155
WDI:SP.POP.4044.MA.5Y:FCS,1963-12-31,4.711238928171793
WDI:SP.POP.4044.MA.5Y:FCS,1964-12-31,4.748772324352737
WDI:SP.POP.4044.MA.5Y:FCS,1965-12-31,4.805119698326463
WDI:SP.POP.4044.MA.5Y:FCS,1966-12-31,4.868877530443694
WDI:SP.POP.4044.MA.5Y:FCS,1967-12-31,4.943396970530887
WDI:SP.POP.4044.MA.5Y:FCS,1968-12-31,5.015036974924536
WDI:SP.POP.4044.MA.5Y:FCS,1969-12-31,5.059778146755557
WDI:SP.POP.4044.MA.5Y:FCS,1970-12-31,5.07768298346077
WDI:SP.POP.4044.MA.5Y:FCS,1971-12-31,5.053388246796692
WDI:SP.POP.4044.MA.5Y:FCS,1972-12-31,4.978745664902406
WDI:SP.POP.4044.MA.5Y:FCS,1973-12-31,4.86784037575796
WDI:SP.POP.4044.MA.5Y:FCS,1974-12-31,4.751200367708258
WDI:SP.POP.4044.MA.5Y:FCS,1975-12-31,4.668612741305715
WDI:SP.POP.4044.MA.5Y:FCS,1976-12-31,4.6464604665889855
WDI:SP.POP.4044.MA.5Y:FCS,1977-12-31,4.688207858031173
WDI:SP.POP.4044.MA.5Y:FCS,1978-12-31,4.762237466720529
WDI:SP.POP.4044.MA.5Y:FCS,1979-12-31,4.815733101869419
WDI:SP.POP.4044.MA.5Y:FCS,1980-12-31,4.808490628704223
WDI:SP.POP.4044.MA.5Y:FCS,1981-12-31,4.75750573980706
WDI:SP.POP.4044.MA.5Y:FCS,1982-12-31,4.655475343019357
WDI:SP.POP.4044.MA.5Y:FCS,1983-12-31,4.508129616241094
WDI:SP.POP.4044.MA.5Y:FCS,1984-12-31,4.380569913167266
WDI:SP.POP.4044.MA.5Y:FCS,1985-12-31,4.286289585638531
WDI:SP.POP.4044.MA.5Y:FCS,1986-12-31,4.229320593182952
WDI:SP.POP.4044.MA.5Y:FCS,1987-12-31,4.223855484100942
WDI:SP.POP.4044.MA.5Y:FCS,1988-12-31,4.227526933383138
WDI:SP.POP.4044.MA.5Y:FCS,1989-12-31,4.236999561112144
WDI:SP.POP.4044.MA.5Y:FCS,1990-12-31,4.274991728065478
WDI:SP.POP.4044.MA.5Y:FCS,1991-12-31,4.322376261777623
WDI:SP.POP.4044.MA.5Y:FCS,1992-12-31,4.354833907016869
WDI:SP.POP.4044.MA.5Y:FCS,1993-12-31,4.392555542238366
WDI:SP.POP.4044.MA.5Y:FCS,1994-12-31,4.42359310818527
WDI:SP.POP.4044.MA.5Y:FCS,1995-12-31,4.433342683185194
WDI:SP.POP.4044.MA.5Y:FCS,1996-12-31,4.441321326367934
WDI:SP.POP.4044.MA.5Y:FCS,1997-12-31,4.445166308080817
WDI:SP.POP.4044.MA.5Y:FCS,1998-12-31,4.453141995921177
WDI:SP.POP.4044.MA.5Y:FCS,1999-12-31,4.468160484172654
WDI:SP.POP.4044.MA.5Y:FCS,2000-12-31,4.482078764190677
WDI:SP.POP.4044.MA.5Y:FCS,2001-12-31,4.489131236629446
WDI:SP.POP.4044.MA.5Y:FCS,2002-12-31,4.500297496271096
WDI:SP.POP.4044.MA.5Y:FCS,2003-12-31,4.518721799546829
WDI:SP.POP.4044.MA.5Y:FCS,2004-12-31,4.529099030194473
WDI:SP.POP.4044.MA.5Y:FCS,2005-12-31,4.534365721529976
WDI:SP.POP.4044.MA.5Y:FCS,2006-12-31,4.538945450944397
WDI:SP.POP.4044.MA.5Y:FCS,2007-12-31,4.536212732560923
WDI:SP.POP.4044.MA.5Y:FCS,2008-12-31,4.522332384934284
WDI:SP.POP.4044.MA.5Y:FCS,2009-12-31,4.518107782599107
WDI:SP.POP.4044.MA.5Y:FCS,2010-12-31,4.532687916721568
WDI:SP.POP.4044.MA.5Y:FCS,2011-12-31,4.544698501812339
WDI:SP.POP.4044.MA.5Y:FCS,2012-12-31,4.54822532409962
WDI:SP.POP.4044.MA.5Y:FCS,2013-12-31,4.5542743957529455
WDI:SP.POP.4044.MA.5Y:FCS,2014-12-31,4.560688194083307
WDI:SP.POP.4044.MA.5Y:FCS,2015-12-31,4.563620786238542
WDI:SP.POP.4044.MA.5Y:FCS,2016-12-31,4.580004329759011
WDI:SP.POP.4044.MA.5Y:FCS,2017-12-31,4.610361039738652
WDI:SP.POP.4044.MA.5Y:FCS,2018-12-31,4.64801547617295
WDI:SP.POP.4044.MA.5Y:FCS,2019-12-31,4.689093479879838
WDI:SP.POP.4044.MA.5Y:FCS,2020-12-31,4.729347069589003
WDI:SP.POP.4044.MA.5Y:FCS,2021-12-31,4.768729869911443
WDI:SP.POP.4044.MA.5Y:FCS,2022-12-31,4.7975405355857434
WDI:SP.POP.4044.MA.5Y:FCS,2023-12-31,4.82513352569544
WDI:SP.POP.4044.MA.5Y:FCS,2024-12-31,4.8525675577070535
WDI:SP.POP.4044.MA.5Y:FIN,1960-12-31,5.43684064359864
WDI:SP.POP.4044.MA.5Y:FIN,1961-12-31,5.52881166349437
WDI:SP.POP.4044.MA.5Y:FIN,1962-12-31,5.61515168371917
WDI:SP.POP.4044.MA.5Y:FIN,1963-12-31,5.71928007280729
WDI:SP.POP.4044.MA.5Y:FIN,1964-12-31,5.93672289471569
WDI:SP.POP.4044.MA.5Y:FIN,1965-12-31,6.12113323130991
WDI:SP.POP.4044.MA.5Y:FIN,1966-12-31,6.21108007507688
WDI:SP.POP.4044.MA.5Y:FIN,1967-12-31,6.31600724563456
WDI:SP.POP.4044.MA.5Y:FIN,1968-12-31,6.40851621921399
WDI:SP.POP.4044.MA.5Y:FIN,1969-12-31,6.49635413718682
WDI:SP.POP.4044.MA.5Y:FIN,1970-12-31,6.5703684094855
WDI:SP.POP.4044.MA.5Y:FIN,1971-12-31,6.57802740904627
WDI:SP.POP.4044.MA.5Y:FIN,1972-12-31,6.51423523664422
WDI:SP.POP.4044.MA.5Y:FIN,1973-12-31,6.37111179782479
WDI:SP.POP.4044.MA.5Y:FIN,1974-12-31,6.20163464429995
WDI:SP.POP.4044.MA.5Y:FIN,1975-12-31,6.08004881774999
WDI:SP.POP.4044.MA.5Y:FIN,1976-12-31,5.99157710490837
WDI:SP.POP.4044.MA.5Y:FIN,1977-12-31,5.97028150788512
WDI:SP.POP.4044.MA.5Y:FIN,1978-12-31,6.07693336944922
WDI:SP.POP.4044.MA.5Y:FIN,1979-12-31,6.2437655670914
WDI:SP.POP.4044.MA.5Y:FIN,1980-12-31,6.26927910430709
WDI:SP.POP.4044.MA.5Y:FIN,1981-12-31,6.40782282958269
WDI:SP.POP.4044.MA.5Y:FIN,1982-12-31,6.50557899406814
WDI:SP.POP.4044.MA.5Y:FIN,1983-12-31,6.42248583858713
WDI:SP.POP.4044.MA.5Y:FIN,1984-12-31,6.45995919985681
WDI:SP.POP.4044.MA.5Y:FIN,1985-12-31,6.78796228418312
WDI:SP.POP.4044.MA.5Y:FIN,1986-12-31,7.24745713754317
WDI:SP.POP.4044.MA.5Y:FIN,1987-12-31,7.83329521373377
WDI:SP.POP.4044.MA.5Y:FIN,1988-12-31,8.53516727784013
WDI:SP.POP.4044.MA.5Y:FIN,1989-12-31,9.04554167355597
WDI:SP.POP.4044.MA.5Y:FIN,1990-12-31,9.29682821316848
WDI:SP.POP.4044.MA.5Y:FIN,1991-12-31,9.21026636880742
WDI:SP.POP.4044.MA.5Y:FIN,1992-12-31,9.00287318793261
WDI:SP.POP.4044.MA.5Y:FIN,1993-12-31,8.77032875465792
WDI:SP.POP.4044.MA.5Y:FIN,1994-12-31,8.5178036581465
WDI:SP.POP.4044.MA.5Y:FIN,1995-12-31,8.32190955909526
WDI:SP.POP.4044.MA.5Y:FIN,1996-12-31,8.2151427140711
WDI:SP.POP.4044.MA.5Y:FIN,1997-12-31,8.1072908010821
WDI:SP.POP.4044.MA.5Y:FIN,1998-12-31,7.95472680911083
WDI:SP.POP.4044.MA.5Y:FIN,1999-12-31,7.82892175364609
WDI:SP.POP.4044.MA.5Y:FIN,2000-12-31,7.72413359039475
WDI:SP.POP.4044.MA.5Y:FIN,2001-12-31,7.61205815026764
WDI:SP.POP.4044.MA.5Y:FIN,2002-12-31,7.53061566587155
WDI:SP.POP.4044.MA.5Y:FIN,2003-12-31,7.52798588156925
WDI:SP.POP.4044.MA.5Y:FIN,2004-12-31,7.53483320081882
WDI:SP.POP.4044.MA.5Y:FIN,2005-12-31,7.48806421117456
WDI:SP.POP.4044.MA.5Y:FIN,2006-12-31,7.42268493099676
WDI:SP.POP.4044.MA.5Y:FIN,2007-12-31,7.34610128400133
WDI:SP.POP.4044.MA.5Y:FIN,2008-12-31,7.22820668431575
WDI:SP.POP.4044.MA.5Y:FIN,2009-12-31,7.04568368952506
WDI:SP.POP.4044.MA.5Y:FIN,2010-12-31,6.83366222156193
WDI:SP.POP.4044.MA.5Y:FIN,2011-12-31,6.61049766828729
WDI:SP.POP.4044.MA.5Y:FIN,2012-12-31,6.37002377141095
WDI:SP.POP.4044.MA.5Y:FIN,2013-12-31,6.13078853464186
WDI:SP.POP.4044.MA.5Y:FIN,2014-12-31,5.98899038170709
WDI:SP.POP.4044.MA.5Y:FIN,2015-12-31,5.99588222152387
WDI:SP.POP.4044.MA.5Y:FIN,2016-12-31,6.08930290495058
WDI:SP.POP.4044.MA.5Y:FIN,2017-12-31,6.21785067025254
WDI:SP.POP.4044.MA.5Y:FIN,2018-12-31,6.36946057274012
WDI:SP.POP.4044.MA.5Y:FIN,2019-12-31,6.48825067189854
WDI:SP.POP.4044.MA.5Y:FIN,2020-12-31,6.53382066155465
WDI:SP.POP.4044.MA.5Y:FIN,2021-12-31,6.55333393341536
WDI:SP.POP.4044.MA.5Y:FIN,2022-12-31,6.61783281816965
WDI:SP.POP.4044.MA.5Y:FIN,2023-12-31,6.73209376965531
WDI:SP.POP.4044.MA.5Y:FIN,2024-12-31,6.82985098064922
WDI:SP.POP.4044.MA.5Y:FJI,1960-12-31,4.20811583959349
WDI:SP.POP.4044.MA.5Y:FJI,1961-12-31,4.1581079042347
WDI:SP.POP.4044.MA.5Y:FJI,1962-12-31,4.10566044542245
WDI:SP.POP.4044.MA.5Y:FJI,1963-12-31,4.05282062394526
WDI:SP.POP.4044.MA.5Y:FJI,1964-12-31,4.00783800326442
WDI:SP.POP.4044.MA.5Y:FJI,1965-12-31,3.97720470766957
WDI:SP.POP.4044.MA.5Y:FJI,1966-12-31,3.96692655051873
WDI:SP.POP.4044.MA.5Y:FJI,1967-12-31,3.97373070640397
WDI:SP.POP.4044.MA.5Y:FJI,1968-12-31,3.99450649712359
WDI:SP.POP.4044.MA.5Y:FJI,1969-12-31,4.02937370868498
WDI:SP.POP.4044.MA.5Y:FJI,1970-12-31,4.07347076127734
WDI:SP.POP.4044.MA.5Y:FJI,1971-12-31,4.12400925453048
WDI:SP.POP.4044.MA.5Y:FJI,1972-12-31,4.17445560884335
WDI:SP.POP.4044.MA.5Y:FJI,1973-12-31,4.22530493072721
WDI:SP.POP.4044.MA.5Y:FJI,1974-12-31,4.28020234632673
WDI:SP.POP.4044.MA.5Y:FJI,1975-12-31,4.33549029367845
WDI:SP.POP.4044.MA.5Y:FJI,1976-12-31,4.38588485045162
WDI:SP.POP.4044.MA.5Y:FJI,1977-12-31,4.43818205012235
WDI:SP.POP.4044.MA.5Y:FJI,1978-12-31,4.4945147979856
WDI:SP.POP.4044.MA.5Y:FJI,1979-12-31,4.54680577209522
WDI:SP.POP.4044.MA.5Y:FJI,1980-12-31,4.5939266627537
WDI:SP.POP.4044.MA.5Y:FJI,1981-12-31,4.63666880398295
WDI:SP.POP.4044.MA.5Y:FJI,1982-12-31,4.67550377249241
WDI:SP.POP.4044.MA.5Y:FJI,1983-12-31,4.70679123351681
WDI:SP.POP.4044.MA.5Y:FJI,1984-12-31,4.722842217487
WDI:SP.POP.4044.MA.5Y:FJI,1985-12-31,4.73733737908027
WDI:SP.POP.4044.MA.5Y:FJI,1986-12-31,4.787382625325
WDI:SP.POP.4044.MA.5Y:FJI,1987-12-31,4.85631473046858
WDI:SP.POP.4044.MA.5Y:FJI,1988-12-31,4.92420227556742
WDI:SP.POP.4044.MA.5Y:FJI,1989-12-31,5.00336770115538
WDI:SP.POP.4044.MA.5Y:FJI,1990-12-31,5.0550846641985
WDI:SP.POP.4044.MA.5Y:FJI,1991-12-31,5.07749866381614
WDI:SP.POP.4044.MA.5Y:FJI,1992-12-31,5.11131263783038
WDI:SP.POP.4044.MA.5Y:FJI,1993-12-31,5.1581824204947
WDI:SP.POP.4044.MA.5Y:FJI,1994-12-31,5.22399419084859
WDI:SP.POP.4044.MA.5Y:FJI,1995-12-31,5.34106213034277
WDI:SP.POP.4044.MA.5Y:FJI,1996-12-31,5.48945322520176
WDI:SP.POP.4044.MA.5Y:FJI,1997-12-31,5.62007392393571
WDI:SP.POP.4044.MA.5Y:FJI,1998-12-31,5.74161757087264
WDI:SP.POP.4044.MA.5Y:FJI,1999-12-31,5.86390725559712
WDI:SP.POP.4044.MA.5Y:FJI,2000-12-31,5.97480019447855
WDI:SP.POP.4044.MA.5Y:FJI,2001-12-31,6.06668778858205
WDI:SP.POP.4044.MA.5Y:FJI,2002-12-31,6.1579560875666
WDI:SP.POP.4044.MA.5Y:FJI,2003-12-31,6.24740276642479
WDI:SP.POP.4044.MA.5Y:FJI,2004-12-31,6.3038963065307
WDI:SP.POP.4044.MA.5Y:FJI,2005-12-31,6.3216698006601
WDI:SP.POP.4044.MA.5Y:FJI,2006-12-31,6.31591911185474
WDI:SP.POP.4044.MA.5Y:FJI,2007-12-31,6.27137192791425
WDI:SP.POP.4044.MA.5Y:FJI,2008-12-31,6.19368371780696
WDI:SP.POP.4044.MA.5Y:FJI,2009-12-31,6.12145853191438
WDI:SP.POP.4044.MA.5Y:FJI,2010-12-31,6.05816210027025
WDI:SP.POP.4044.MA.5Y:FJI,2011-12-31,5.99040222607486
WDI:SP.POP.4044.MA.5Y:FJI,2012-12-31,5.91107156708416
WDI:SP.POP.4044.MA.5Y:FJI,2013-12-31,5.82079499407937
WDI:SP.POP.4044.MA.5Y:FJI,2014-12-31,5.73434095934544
WDI:SP.POP.4044.MA.5Y:FJI,2015-12-31,5.70719387150469
WDI:SP.POP.4044.MA.5Y:FJI,2016-12-31,5.77340341026562
WDI:SP.POP.4044.MA.5Y:FJI,2017-12-31,5.91674689035539
WDI:SP.POP.4044.MA.5Y:FJI,2018-12-31,6.1261994460561
WDI:SP.POP.4044.MA.5Y:FJI,2019-12-31,6.37947339112785
WDI:SP.POP.4044.MA.5Y:FJI,2020-12-31,6.61100767913679
WDI:SP.POP.4044.MA.5Y:FJI,2021-12-31,6.79454854072939
WDI:SP.POP.4044.MA.5Y:FJI,2022-12-31,6.95108346647906
WDI:SP.POP.4044.MA.5Y:FJI,2023-12-31,7.08401240590643
WDI:SP.POP.4044.MA.5Y:FJI,2024-12-31,7.19456454065639
WDI:SP.POP.4044.MA.5Y:FRA,1960-12-31,4.43081635239167
WDI:SP.POP.4044.MA.5Y:FRA,1961-12-31,5.12651091265364
WDI:SP.POP.4044.MA.5Y:FRA,1962-12-31,5.82943627416078
WDI:SP.POP.4044.MA.5Y:FRA,1963-12-31,6.42198988567494
WDI:SP.POP.4044.MA.5Y:FRA,1964-12-31,6.88868880600159
WDI:SP.POP.4044.MA.5Y:FRA,1965-12-31,7.02818285503682
WDI:SP.POP.4044.MA.5Y:FRA,1966-12-31,6.92928442022821
WDI:SP.POP.4044.MA.5Y:FRA,1967-12-31,6.87649396268379
WDI:SP.POP.4044.MA.5Y:FRA,1968-12-31,6.85425965616513
WDI:SP.POP.4044.MA.5Y:FRA,1969-12-31,6.84604996722884
WDI:SP.POP.4044.MA.5Y:FRA,1970-12-31,6.85013709578725
WDI:SP.POP.4044.MA.5Y:FRA,1971-12-31,6.83576962576807
WDI:SP.POP.4044.MA.5Y:FRA,1972-12-31,6.79526718878555
WDI:SP.POP.4044.MA.5Y:FRA,1973-12-31,6.71721679396596
WDI:SP.POP.4044.MA.5Y:FRA,1974-12-31,6.61596058223136
WDI:SP.POP.4044.MA.5Y:FRA,1975-12-31,6.48363666250763
WDI:SP.POP.4044.MA.5Y:FRA,1976-12-31,6.3262826301035
WDI:SP.POP.4044.MA.5Y:FRA,1977-12-31,6.1884764811623
WDI:SP.POP.4044.MA.5Y:FRA,1978-12-31,6.07143173045064
WDI:SP.POP.4044.MA.5Y:FRA,1979-12-31,5.96947329357116
WDI:SP.POP.4044.MA.5Y:FRA,1980-12-31,5.83999525140981
WDI:SP.POP.4044.MA.5Y:FRA,1981-12-31,5.67239359948722
WDI:SP.POP.4044.MA.5Y:FRA,1982-12-31,5.53711414147094
WDI:SP.POP.4044.MA.5Y:FRA,1983-12-31,5.49966673791898
WDI:SP.POP.4044.MA.5Y:FRA,1984-12-31,5.51648998042297
WDI:SP.POP.4044.MA.5Y:FRA,1985-12-31,5.584589631675
WDI:SP.POP.4044.MA.5Y:FRA,1986-12-31,5.90846930828599
WDI:SP.POP.4044.MA.5Y:FRA,1987-12-31,6.42558947776553
WDI:SP.POP.4044.MA.5Y:FRA,1988-12-31,6.90070513264043
WDI:SP.POP.4044.MA.5Y:FRA,1989-12-31,7.32975871819627
WDI:SP.POP.4044.MA.5Y:FRA,1990-12-31,7.73871471174297
WDI:SP.POP.4044.MA.5Y:FRA,1991-12-31,7.92612269035484
WDI:SP.POP.4044.MA.5Y:FRA,1992-12-31,7.8708180699359
WDI:SP.POP.4044.MA.5Y:FRA,1993-12-31,7.77097304652351
WDI:SP.POP.4044.MA.5Y:FRA,1994-12-31,7.66859828011615
WDI:SP.POP.4044.MA.5Y:FRA,1995-12-31,7.57273669855962
WDI:SP.POP.4044.MA.5Y:FRA,1996-12-31,7.50319768486468
WDI:SP.POP.4044.MA.5Y:FRA,1997-12-31,7.46572926990347
WDI:SP.POP.4044.MA.5Y:FRA,1998-12-31,7.43456898956376
WDI:SP.POP.4044.MA.5Y:FRA,1999-12-31,7.41763005243692
WDI:SP.POP.4044.MA.5Y:FRA,2000-12-31,7.4040623394602
WDI:SP.POP.4044.MA.5Y:FRA,2001-12-31,7.38731098579323
WDI:SP.POP.4044.MA.5Y:FRA,2002-12-31,7.3495617101593
WDI:SP.POP.4044.MA.5Y:FRA,2003-12-31,7.32459662656449
WDI:SP.POP.4044.MA.5Y:FRA,2004-12-31,7.31493630080307
WDI:SP.POP.4044.MA.5Y:FRA,2005-12-31,7.27820876221034
WDI:SP.POP.4044.MA.5Y:FRA,2006-12-31,7.23652573451103
WDI:SP.POP.4044.MA.5Y:FRA,2007-12-31,7.19968498842089
WDI:SP.POP.4044.MA.5Y:FRA,2008-12-31,7.13404530791398
WDI:SP.POP.4044.MA.5Y:FRA,2009-12-31,7.04851914519198
WDI:SP.POP.4044.MA.5Y:FRA,2010-12-31,6.98871125125147
WDI:SP.POP.4044.MA.5Y:FRA,2011-12-31,6.97318999739221
WDI:SP.POP.4044.MA.5Y:FRA,2012-12-31,7.00757156598715
WDI:SP.POP.4044.MA.5Y:FRA,2013-12-31,7.05638671354398
WDI:SP.POP.4044.MA.5Y:FRA,2014-12-31,7.0508130139052
WDI:SP.POP.4044.MA.5Y:FRA,2015-12-31,6.95318516396936
WDI:SP.POP.4044.MA.5Y:FRA,2016-12-31,6.78277041297263
WDI:SP.POP.4044.MA.5Y:FRA,2017-12-31,6.62188899462099
WDI:SP.POP.4044.MA.5Y:FRA,2018-12-31,6.48920294615206
WDI:SP.POP.4044.MA.5Y:FRA,2019-12-31,6.37769673345951
WDI:SP.POP.4044.MA.5Y:FRA,2020-12-31,6.36114767741528
WDI:SP.POP.4044.MA.5Y:FRA,2021-12-31,6.40044379640325
WDI:SP.POP.4044.MA.5Y:FRA,2022-12-31,6.39494084469082
WDI:SP.POP.4044.MA.5Y:FRA,2023-12-31,6.32559119676176
WDI:SP.POP.4044.MA.5Y:FRA,2024-12-31,6.2236567278207
WDI:SP.POP.4044.MA.5Y:FRO,1960-12-31,6.59477161086331
WDI:SP.POP.4044.MA.5Y:FRO,1961-12-31,6.5759069016398
WDI:SP.POP.4044.MA.5Y:FRO,1962-12-31,6.48051448359259
WDI:SP.POP.4044.MA.5Y:FRO,1963-12-31,6.32303896315176
WDI:SP.POP.4044.MA.5Y:FRO,1964-12-31,6.14089025531346
WDI:SP.POP.4044.MA.5Y:FRO,1965-12-31,5.96028234302571
WDI:SP.POP.4044.MA.5Y:FRO,1966-12-31,5.82029829028738
WDI:SP.POP.4044.MA.5Y:FRO,1967-12-31,5.73831631472003
WDI:SP.POP.4044.MA.5Y:FRO,1968-12-31,5.66970886656809
WDI:SP.POP.4044.MA.5Y:FRO,1969-12-31,5.57423464873474
WDI:SP.POP.4044.MA.5Y:FRO,1970-12-31,5.47509271324045
WDI:SP.POP.4044.MA.5Y:FRO,1971-12-31,5.42435881551233
WDI:SP.POP.4044.MA.5Y:FRO,1972-12-31,5.40024479804162
WDI:SP.POP.4044.MA.5Y:FRO,1973-12-31,5.35429262394196
WDI:SP.POP.4044.MA.5Y:FRO,1974-12-31,5.30903706534199
WDI:SP.POP.4044.MA.5Y:FRO,1975-12-31,5.25757146900651
WDI:SP.POP.4044.MA.5Y:FRO,1976-12-31,5.18551319101333
WDI:SP.POP.4044.MA.5Y:FRO,1977-12-31,5.14292300599354
WDI:SP.POP.4044.MA.5Y:FRO,1978-12-31,5.17115638816719
WDI:SP.POP.4044.MA.5Y:FRO,1979-12-31,5.22561044221897
WDI:SP.POP.4044.MA.5Y:FRO,1980-12-31,5.29053483305917
WDI:SP.POP.4044.MA.5Y:FRO,1981-12-31,5.40878845773766
WDI:SP.POP.4044.MA.5Y:FRO,1982-12-31,5.6055903990972
WDI:SP.POP.4044.MA.5Y:FRO,1983-12-31,5.85836909871245
WDI:SP.POP.4044.MA.5Y:FRO,1984-12-31,6.17142371729528
WDI:SP.POP.4044.MA.5Y:FRO,1985-12-31,6.45147714838818
WDI:SP.POP.4044.MA.5Y:FRO,1986-12-31,6.61773904340937
WDI:SP.POP.4044.MA.5Y:FRO,1987-12-31,6.76538008797472
WDI:SP.POP.4044.MA.5Y:FRO,1988-12-31,6.92411480906043
WDI:SP.POP.4044.MA.5Y:FRO,1989-12-31,7.01988360814743
WDI:SP.POP.4044.MA.5Y:FRO,1990-12-31,7.11006855270874
WDI:SP.POP.4044.MA.5Y:FRO,1991-12-31,7.25685529423847
WDI:SP.POP.4044.MA.5Y:FRO,1992-12-31,7.24210085792007
WDI:SP.POP.4044.MA.5Y:FRO,1993-12-31,7.07064229988244
WDI:SP.POP.4044.MA.5Y:FRO,1994-12-31,6.96076500579882
WDI:SP.POP.4044.MA.5Y:FRO,1995-12-31,6.84601973030831
WDI:SP.POP.4044.MA.5Y:FRO,1996-12-31,6.72493483165758
WDI:SP.POP.4044.MA.5Y:FRO,1997-12-31,6.73620165145589
WDI:SP.POP.4044.MA.5Y:FRO,1998-12-31,6.81181289070921
WDI:SP.POP.4044.MA.5Y:FRO,1999-12-31,6.85154277399752
WDI:SP.POP.4044.MA.5Y:FRO,2000-12-31,6.84142545577742
WDI:SP.POP.4044.MA.5Y:FRO,2001-12-31,6.85066020391108
WDI:SP.POP.4044.MA.5Y:FRO,2002-12-31,6.82675461197568
WDI:SP.POP.4044.MA.5Y:FRO,2003-12-31,6.83666829347649
WDI:SP.POP.4044.MA.5Y:FRO,2004-12-31,6.91281228052573
WDI:SP.POP.4044.MA.5Y:FRO,2005-12-31,7.04671259607343
WDI:SP.POP.4044.MA.5Y:FRO,2006-12-31,7.31508537579263
WDI:SP.POP.4044.MA.5Y:FRO,2007-12-31,7.57801481834614
WDI:SP.POP.4044.MA.5Y:FRO,2008-12-31,7.63624086431522
WDI:SP.POP.4044.MA.5Y:FRO,2009-12-31,7.52288840784064
WDI:SP.POP.4044.MA.5Y:FRO,2010-12-31,7.18742452298527
WDI:SP.POP.4044.MA.5Y:FRO,2011-12-31,6.87255859375
WDI:SP.POP.4044.MA.5Y:FRO,2012-12-31,6.79155961075482
WDI:SP.POP.4044.MA.5Y:FRO,2013-12-31,6.68865382294977
WDI:SP.POP.4044.MA.5Y:FRO,2014-12-31,6.64801119328403
WDI:SP.POP.4044.MA.5Y:FRO,2015-12-31,6.68898308441944
WDI:SP.POP.4044.MA.5Y:FRO,2016-12-31,6.69118797933949
WDI:SP.POP.4044.MA.5Y:FRO,2017-12-31,6.58229801682229
WDI:SP.POP.4044.MA.5Y:FRO,2018-12-31,6.43135022298131
WDI:SP.POP.4044.MA.5Y:FRO,2019-12-31,6.33093256707841
WDI:SP.POP.4044.MA.5Y:FRO,2020-12-31,6.23173220095958
WDI:SP.POP.4044.MA.5Y:FRO,2021-12-31,6.14578802377846
WDI:SP.POP.4044.MA.5Y:FRO,2022-12-31,6.082011480892
WDI:SP.POP.4044.MA.5Y:FRO,2023-12-31,6.02880113084195
WDI:SP.POP.4044.MA.5Y:FRO,2024-12-31,5.98438400670754
WDI:SP.POP.4044.MA.5Y:FSM,1960-12-31,4.33551098725387
WDI:SP.POP.4044.MA.5Y:FSM,1961-12-31,4.28558824826856
WDI:SP.POP.4044.MA.5Y:FSM,1962-12-31,4.24050093712728
WDI:SP.POP.4044.MA.5Y:FSM,1963-12-31,4.20112607503042
WDI:SP.POP.4044.MA.5Y:FSM,1964-12-31,4.1628270363396
WDI:SP.POP.4044.MA.5Y:FSM,1965-12-31,4.12192654839714
WDI:SP.POP.4044.MA.5Y:FSM,1966-12-31,4.08675626698883
WDI:SP.POP.4044.MA.5Y:FSM,1967-12-31,4.0485310558437
WDI:SP.POP.4044.MA.5Y:FSM,1968-12-31,4.01046673074869
WDI:SP.POP.4044.MA.5Y:FSM,1969-12-31,3.97635958318212
WDI:SP.POP.4044.MA.5Y:FSM,1970-12-31,3.94165479084584
WDI:SP.POP.4044.MA.5Y:FSM,1971-12-31,3.90092879256966
WDI:SP.POP.4044.MA.5Y:FSM,1972-12-31,3.85085283617612
WDI:SP.POP.4044.MA.5Y:FSM,1973-12-31,3.80130056687416
WDI:SP.POP.4044.MA.5Y:FSM,1974-12-31,3.74964292694661
WDI:SP.POP.4044.MA.5Y:FSM,1975-12-31,3.70278001907137
WDI:SP.POP.4044.MA.5Y:FSM,1976-12-31,3.65774940830524
WDI:SP.POP.4044.MA.5Y:FSM,1977-12-31,3.60751776429202
WDI:SP.POP.4044.MA.5Y:FSM,1978-12-31,3.54965839822176
WDI:SP.POP.4044.MA.5Y:FSM,1979-12-31,3.48560551986676
WDI:SP.POP.4044.MA.5Y:FSM,1980-12-31,3.42909864425024
WDI:SP.POP.4044.MA.5Y:FSM,1981-12-31,3.38205682750392
WDI:SP.POP.4044.MA.5Y:FSM,1982-12-31,3.34093184257819
WDI:SP.POP.4044.MA.5Y:FSM,1983-12-31,3.31229729887951
WDI:SP.POP.4044.MA.5Y:FSM,1984-12-31,3.29781548153792
WDI:SP.POP.4044.MA.5Y:FSM,1985-12-31,3.29049865750307
WDI:SP.POP.4044.MA.5Y:FSM,1986-12-31,3.28582016606335
WDI:SP.POP.4044.MA.5Y:FSM,1987-12-31,3.27541713246894
WDI:SP.POP.4044.MA.5Y:FSM,1988-12-31,3.25885113763902
WDI:SP.POP.4044.MA.5Y:FSM,1989-12-31,3.31332533013205
WDI:SP.POP.4044.MA.5Y:FSM,1990-12-31,3.43730982901788
WDI:SP.POP.4044.MA.5Y:FSM,1991-12-31,3.56403017718982
WDI:SP.POP.4044.MA.5Y:FSM,1992-12-31,3.88436620516404
WDI:SP.POP.4044.MA.5Y:FSM,1993-12-31,4.36567371165474
WDI:SP.POP.4044.MA.5Y:FSM,1994-12-31,4.74313684535539
WDI:SP.POP.4044.MA.5Y:FSM,1995-12-31,4.92095341785364
WDI:SP.POP.4044.MA.5Y:FSM,1996-12-31,4.97020925307778
WDI:SP.POP.4044.MA.5Y:FSM,1997-12-31,5.00792989435768
WDI:SP.POP.4044.MA.5Y:FSM,1998-12-31,5.04589209760466
WDI:SP.POP.4044.MA.5Y:FSM,1999-12-31,5.08210658194998
WDI:SP.POP.4044.MA.5Y:FSM,2000-12-31,5.09821428571429
WDI:SP.POP.4044.MA.5Y:FSM,2001-12-31,5.08260343231503
WDI:SP.POP.4044.MA.5Y:FSM,2002-12-31,5.05677422796831
WDI:SP.POP.4044.MA.5Y:FSM,2003-12-31,5.05261845830588
WDI:SP.POP.4044.MA.5Y:FSM,2004-12-31,5.08008253905866
WDI:SP.POP.4044.MA.5Y:FSM,2005-12-31,5.10979047345459
WDI:SP.POP.4044.MA.5Y:FSM,2006-12-31,5.14574953676504
WDI:SP.POP.4044.MA.5Y:FSM,2007-12-31,5.16350177313046
WDI:SP.POP.4044.MA.5Y:FSM,2008-12-31,5.15220111896349
WDI:SP.POP.4044.MA.5Y:FSM,2009-12-31,5.15105613842708
WDI:SP.POP.4044.MA.5Y:FSM,2010-12-31,5.10374567143004
WDI:SP.POP.4044.MA.5Y:FSM,2011-12-31,4.99296306307146
WDI:SP.POP.4044.MA.5Y:FSM,2012-12-31,4.9285880437311
WDI:SP.POP.4044.MA.5Y:FSM,2013-12-31,4.89911136285552
WDI:SP.POP.4044.MA.5Y:FSM,2014-12-31,4.82484577907041
WDI:SP.POP.4044.MA.5Y:FSM,2015-12-31,4.75482363372711
WDI:SP.POP.4044.MA.5Y:FSM,2016-12-31,4.77729289804637
WDI:SP.POP.4044.MA.5Y:FSM,2017-12-31,4.84066266718036
WDI:SP.POP.4044.MA.5Y:FSM,2018-12-31,4.83732407238165
WDI:SP.POP.4044.MA.5Y:FSM,2019-12-31,4.79981780915509
WDI:SP.POP.4044.MA.5Y:FSM,2020-12-31,4.77018836128401
WDI:SP.POP.4044.MA.5Y:FSM,2021-12-31,4.69590121855665
WDI:SP.POP.4044.MA.5Y:FSM,2022-12-31,4.56767642336225
WDI:SP.POP.4044.MA.5Y:FSM,2023-12-31,4.54931175246313
WDI:SP.POP.4044.MA.5Y:FSM,2024-12-31,4.6284931604319
WDI:SP.POP.4044.MA.5Y:GAB,1960-12-31,5.96562571159694
WDI:SP.POP.4044.MA.5Y:GAB,1961-12-31,5.91551148013318
WDI:SP.POP.4044.MA.5Y:GAB,1962-12-31,5.86371931952191
WDI:SP.POP.4044.MA.5Y:GAB,1963-12-31,5.81032800332785
WDI:SP.POP.4044.MA.5Y:GAB,1964-12-31,5.75495963434025
WDI:SP.POP.4044.MA.5Y:GAB,1965-12-31,5.69841467981525
WDI:SP.POP.4044.MA.5Y:GAB,1966-12-31,5.64064529474137
WDI:SP.POP.4044.MA.5Y:GAB,1967-12-31,5.58098743369619
WDI:SP.POP.4044.MA.5Y:GAB,1968-12-31,5.51973254290036
WDI:SP.POP.4044.MA.5Y:GAB,1969-12-31,5.45791605875604
WDI:SP.POP.4044.MA.5Y:GAB,1970-12-31,5.395421688417
WDI:SP.POP.4044.MA.5Y:GAB,1971-12-31,5.33151476904912
WDI:SP.POP.4044.MA.5Y:GAB,1972-12-31,5.26618332126077
WDI:SP.POP.4044.MA.5Y:GAB,1973-12-31,5.20039037085231
WDI:SP.POP.4044.MA.5Y:GAB,1974-12-31,5.13364047965752
WDI:SP.POP.4044.MA.5Y:GAB,1975-12-31,5.06408481163515
WDI:SP.POP.4044.MA.5Y:GAB,1976-12-31,4.99555501523452
WDI:SP.POP.4044.MA.5Y:GAB,1977-12-31,4.92935500758579
WDI:SP.POP.4044.MA.5Y:GAB,1978-12-31,4.861014693972
WDI:SP.POP.4044.MA.5Y:GAB,1979-12-31,4.78463167004718
WDI:SP.POP.4044.MA.5Y:GAB,1980-12-31,4.70003034226348
WDI:SP.POP.4044.MA.5Y:GAB,1981-12-31,4.61108735165188
WDI:SP.POP.4044.MA.5Y:GAB,1982-12-31,4.52097365615167
WDI:SP.POP.4044.MA.5Y:GAB,1983-12-31,4.4368989130641
WDI:SP.POP.4044.MA.5Y:GAB,1984-12-31,4.37081939799331
WDI:SP.POP.4044.MA.5Y:GAB,1985-12-31,4.32787935585051
WDI:SP.POP.4044.MA.5Y:GAB,1986-12-31,4.30239583575396
WDI:SP.POP.4044.MA.5Y:GAB,1987-12-31,4.28825337461692
WDI:SP.POP.4044.MA.5Y:GAB,1988-12-31,4.26185867470778
WDI:SP.POP.4044.MA.5Y:GAB,1989-12-31,4.23165932577559
WDI:SP.POP.4044.MA.5Y:GAB,1990-12-31,4.21987911210641
WDI:SP.POP.4044.MA.5Y:GAB,1991-12-31,4.21121929875854
WDI:SP.POP.4044.MA.5Y:GAB,1992-12-31,4.19860615218967
WDI:SP.POP.4044.MA.5Y:GAB,1993-12-31,4.20060871473414
WDI:SP.POP.4044.MA.5Y:GAB,1994-12-31,4.20929455031762
WDI:SP.POP.4044.MA.5Y:GAB,1995-12-31,4.20627219544927
WDI:SP.POP.4044.MA.5Y:GAB,1996-12-31,4.20396246273356
WDI:SP.POP.4044.MA.5Y:GAB,1997-12-31,4.20949869477231
WDI:SP.POP.4044.MA.5Y:GAB,1998-12-31,4.22386589501493
WDI:SP.POP.4044.MA.5Y:GAB,1999-12-31,4.24880389003191
WDI:SP.POP.4044.MA.5Y:GAB,2000-12-31,4.28362495535993
WDI:SP.POP.4044.MA.5Y:GAB,2001-12-31,4.32638164594307
WDI:SP.POP.4044.MA.5Y:GAB,2002-12-31,4.37585893119938
WDI:SP.POP.4044.MA.5Y:GAB,2003-12-31,4.42849782559338
WDI:SP.POP.4044.MA.5Y:GAB,2004-12-31,4.48140266992212
WDI:SP.POP.4044.MA.5Y:GAB,2005-12-31,4.53646537250392
WDI:SP.POP.4044.MA.5Y:GAB,2006-12-31,4.59644244812843
WDI:SP.POP.4044.MA.5Y:GAB,2007-12-31,4.66060356102157
WDI:SP.POP.4044.MA.5Y:GAB,2008-12-31,4.72925872155167
WDI:SP.POP.4044.MA.5Y:GAB,2009-12-31,4.80456133175963
WDI:SP.POP.4044.MA.5Y:GAB,2010-12-31,4.88733371438054
WDI:SP.POP.4044.MA.5Y:GAB,2011-12-31,4.97893389302544
WDI:SP.POP.4044.MA.5Y:GAB,2012-12-31,5.08140996008238
WDI:SP.POP.4044.MA.5Y:GAB,2013-12-31,5.19236078514438
WDI:SP.POP.4044.MA.5Y:GAB,2014-12-31,5.30579475275715
WDI:SP.POP.4044.MA.5Y:GAB,2015-12-31,5.4190543173721
WDI:SP.POP.4044.MA.5Y:GAB,2016-12-31,5.53105748600344
WDI:SP.POP.4044.MA.5Y:GAB,2017-12-31,5.64145351989271
WDI:SP.POP.4044.MA.5Y:GAB,2018-12-31,5.752076665987
WDI:SP.POP.4044.MA.5Y:GAB,2019-12-31,5.86401003807546
WDI:SP.POP.4044.MA.5Y:GAB,2020-12-31,5.97750266758433
WDI:SP.POP.4044.MA.5Y:GAB,2021-12-31,6.0900711823817
WDI:SP.POP.4044.MA.5Y:GAB,2022-12-31,6.1966009086039
WDI:SP.POP.4044.MA.5Y:GAB,2023-12-31,6.29491515487137
WDI:SP.POP.4044.MA.5Y:GAB,2024-12-31,6.37286662605868
WDI:SP.POP.4044.MA.5Y:GBR,1960-12-31,6.55429167642595
WDI:SP.POP.4044.MA.5Y:GBR,1961-12-31,6.7483392093833
WDI:SP.POP.4044.MA.5Y:GBR,1962-12-31,6.93966078150888
WDI:SP.POP.4044.MA.5Y:GBR,1963-12-31,7.11108328821937
WDI:SP.POP.4044.MA.5Y:GBR,1964-12-31,7.15575853679625
WDI:SP.POP.4044.MA.5Y:GBR,1965-12-31,6.98378534155572
WDI:SP.POP.4044.MA.5Y:GBR,1966-12-31,6.74419854784864
WDI:SP.POP.4044.MA.5Y:GBR,1967-12-31,6.56276255567138
WDI:SP.POP.4044.MA.5Y:GBR,1968-12-31,6.4199355838499
WDI:SP.POP.4044.MA.5Y:GBR,1969-12-31,6.30937609339953
WDI:SP.POP.4044.MA.5Y:GBR,1970-12-31,6.21319269769911
WDI:SP.POP.4044.MA.5Y:GBR,1971-12-31,6.12238941880906
WDI:SP.POP.4044.MA.5Y:GBR,1972-12-31,6.03848768720425
WDI:SP.POP.4044.MA.5Y:GBR,1973-12-31,5.95317775697219
WDI:SP.POP.4044.MA.5Y:GBR,1974-12-31,5.86691423231349
WDI:SP.POP.4044.MA.5Y:GBR,1975-12-31,5.80134730378868
WDI:SP.POP.4044.MA.5Y:GBR,1976-12-31,5.77181847950422
WDI:SP.POP.4044.MA.5Y:GBR,1977-12-31,5.7878098019546
WDI:SP.POP.4044.MA.5Y:GBR,1978-12-31,5.85048394777044
WDI:SP.POP.4044.MA.5Y:GBR,1979-12-31,5.93741671134313
WDI:SP.POP.4044.MA.5Y:GBR,1980-12-31,5.98283418563689
WDI:SP.POP.4044.MA.5Y:GBR,1981-12-31,5.96193013920828
WDI:SP.POP.4044.MA.5Y:GBR,1982-12-31,5.96155713049976
WDI:SP.POP.4044.MA.5Y:GBR,1983-12-31,6.01556922093198
WDI:SP.POP.4044.MA.5Y:GBR,1984-12-31,6.08080151060318
WDI:SP.POP.4044.MA.5Y:GBR,1985-12-31,6.17138491858568
WDI:SP.POP.4044.MA.5Y:GBR,1986-12-31,6.42564633130721
WDI:SP.POP.4044.MA.5Y:GBR,1987-12-31,6.81744869585691
WDI:SP.POP.4044.MA.5Y:GBR,1988-12-31,7.15478688509529
WDI:SP.POP.4044.MA.5Y:GBR,1989-12-31,7.35616049169769
WDI:SP.POP.4044.MA.5Y:GBR,1990-12-31,7.44753689006853
WDI:SP.POP.4044.MA.5Y:GBR,1991-12-31,7.35974300792792
WDI:SP.POP.4044.MA.5Y:GBR,1992-12-31,7.05831497618898
WDI:SP.POP.4044.MA.5Y:GBR,1993-12-31,6.79977501193348
WDI:SP.POP.4044.MA.5Y:GBR,1994-12-31,6.67911946699656
WDI:SP.POP.4044.MA.5Y:GBR,1995-12-31,6.63142533601753
WDI:SP.POP.4044.MA.5Y:GBR,1996-12-31,6.6531349289021
WDI:SP.POP.4044.MA.5Y:GBR,1997-12-31,6.72396333689899
WDI:SP.POP.4044.MA.5Y:GBR,1998-12-31,6.82290090746411
WDI:SP.POP.4044.MA.5Y:GBR,1999-12-31,6.92505530566931
WDI:SP.POP.4044.MA.5Y:GBR,2000-12-31,7.01936566379627
WDI:SP.POP.4044.MA.5Y:GBR,2001-12-31,7.13254636050838
WDI:SP.POP.4044.MA.5Y:GBR,2002-12-31,7.22696694912725
WDI:SP.POP.4044.MA.5Y:GBR,2003-12-31,7.24800806167775
WDI:SP.POP.4044.MA.5Y:GBR,2004-12-31,7.25271163608699
WDI:SP.POP.4044.MA.5Y:GBR,2005-12-31,7.28810712072145
WDI:SP.POP.4044.MA.5Y:GBR,2006-12-31,7.27966875068158
WDI:SP.POP.4044.MA.5Y:GBR,2007-12-31,7.26225487282062
WDI:SP.POP.4044.MA.5Y:GBR,2008-12-31,7.26703485332753
WDI:SP.POP.4044.MA.5Y:GBR,2009-12-31,7.27660253118244
WDI:SP.POP.4044.MA.5Y:GBR,2010-12-31,7.22441641999979
WDI:SP.POP.4044.MA.5Y:GBR,2011-12-31,7.12500484837308
WDI:SP.POP.4044.MA.5Y:GBR,2012-12-31,7.08282302348061
WDI:SP.POP.4044.MA.5Y:GBR,2013-12-31,7.04775158622285
WDI:SP.POP.4044.MA.5Y:GBR,2014-12-31,6.9295605987312
WDI:SP.POP.4044.MA.5Y:GBR,2015-12-31,6.77477406392398
WDI:SP.POP.4044.MA.5Y:GBR,2016-12-31,6.62879026774967
WDI:SP.POP.4044.MA.5Y:GBR,2017-12-31,6.43300720716055
WDI:SP.POP.4044.MA.5Y:GBR,2018-12-31,6.26839142466893
WDI:SP.POP.4044.MA.5Y:GBR,2019-12-31,6.21888334370271
WDI:SP.POP.4044.MA.5Y:GBR,2020-12-31,6.24199336165917
WDI:SP.POP.4044.MA.5Y:GBR,2021-12-31,6.31397631839188
WDI:SP.POP.4044.MA.5Y:GBR,2022-12-31,6.43002305140752
WDI:SP.POP.4044.MA.5Y:GBR,2023-12-31,6.54679575091465
WDI:SP.POP.4044.MA.5Y:GBR,2024-12-31,6.60149694412375
WDI:SP.POP.4044.MA.5Y:GEO,1960-12-31,3.87353680507792
WDI:SP.POP.4044.MA.5Y:GEO,1961-12-31,3.92079459687251
WDI:SP.POP.4044.MA.5Y:GEO,1962-12-31,4.08657830527112
WDI:SP.POP.4044.MA.5Y:GEO,1963-12-31,4.38587722110859
WDI:SP.POP.4044.MA.5Y:GEO,1964-12-31,4.82577872713002
WDI:SP.POP.4044.MA.5Y:GEO,1965-12-31,5.40263050371662
WDI:SP.POP.4044.MA.5Y:GEO,1966-12-31,6.07374071687972
WDI:SP.POP.4044.MA.5Y:GEO,1967-12-31,6.75575587792219
WDI:SP.POP.4044.MA.5Y:GEO,1968-12-31,7.33870352314669
WDI:SP.POP.4044.MA.5Y:GEO,1969-12-31,7.74081856669552
WDI:SP.POP.4044.MA.5Y:GEO,1970-12-31,7.97797577289832
WDI:SP.POP.4044.MA.5Y:GEO,1971-12-31,8.04881635909456
WDI:SP.POP.4044.MA.5Y:GEO,1972-12-31,7.93418051482568
WDI:SP.POP.4044.MA.5Y:GEO,1973-12-31,7.703872583153
WDI:SP.POP.4044.MA.5Y:GEO,1974-12-31,7.4705009722883
WDI:SP.POP.4044.MA.5Y:GEO,1975-12-31,7.32445643057656
WDI:SP.POP.4044.MA.5Y:GEO,1976-12-31,7.30414579406002
WDI:SP.POP.4044.MA.5Y:GEO,1977-12-31,7.39709404466124
WDI:SP.POP.4044.MA.5Y:GEO,1978-12-31,7.5440933752812
WDI:SP.POP.4044.MA.5Y:GEO,1979-12-31,7.66157153133188
WDI:SP.POP.4044.MA.5Y:GEO,1980-12-31,7.6516889370773
WDI:SP.POP.4044.MA.5Y:GEO,1981-12-31,7.42356729691387
WDI:SP.POP.4044.MA.5Y:GEO,1982-12-31,6.94488296702518
WDI:SP.POP.4044.MA.5Y:GEO,1983-12-31,6.25536100103359
WDI:SP.POP.4044.MA.5Y:GEO,1984-12-31,5.47398792649437
WDI:SP.POP.4044.MA.5Y:GEO,1985-12-31,4.7782586861762
WDI:SP.POP.4044.MA.5Y:GEO,1986-12-31,4.33626548192282
WDI:SP.POP.4044.MA.5Y:GEO,1987-12-31,4.26269654065668
WDI:SP.POP.4044.MA.5Y:GEO,1988-12-31,4.54636547646198
WDI:SP.POP.4044.MA.5Y:GEO,1989-12-31,5.01381581084232
WDI:SP.POP.4044.MA.5Y:GEO,1990-12-31,5.48040302563549
WDI:SP.POP.4044.MA.5Y:GEO,1991-12-31,5.8459523422434
WDI:SP.POP.4044.MA.5Y:GEO,1992-12-31,6.08551838783464
WDI:SP.POP.4044.MA.5Y:GEO,1993-12-31,6.24119192481894
WDI:SP.POP.4044.MA.5Y:GEO,1994-12-31,6.36937817604802
WDI:SP.POP.4044.MA.5Y:GEO,1995-12-31,6.49678367487361
WDI:SP.POP.4044.MA.5Y:GEO,1996-12-31,6.63132785939756
WDI:SP.POP.4044.MA.5Y:GEO,1997-12-31,6.78230147612606
WDI:SP.POP.4044.MA.5Y:GEO,1998-12-31,6.95779496127765
WDI:SP.POP.4044.MA.5Y:GEO,1999-12-31,7.16665315210593
WDI:SP.POP.4044.MA.5Y:GEO,2000-12-31,7.41526570439296
WDI:SP.POP.4044.MA.5Y:GEO,2001-12-31,7.66376994192644
WDI:SP.POP.4044.MA.5Y:GEO,2002-12-31,7.8357940683531
WDI:SP.POP.4044.MA.5Y:GEO,2003-12-31,7.89695086937023
WDI:SP.POP.4044.MA.5Y:GEO,2004-12-31,7.80696794808651
WDI:SP.POP.4044.MA.5Y:GEO,2005-12-31,7.50894642126878
WDI:SP.POP.4044.MA.5Y:GEO,2006-12-31,7.06539606246453
WDI:SP.POP.4044.MA.5Y:GEO,2007-12-31,6.61845576948007
WDI:SP.POP.4044.MA.5Y:GEO,2008-12-31,6.28291860764531
WDI:SP.POP.4044.MA.5Y:GEO,2009-12-31,6.10992441601289
WDI:SP.POP.4044.MA.5Y:GEO,2010-12-31,6.12274048224864
WDI:SP.POP.4044.MA.5Y:GEO,2011-12-31,6.24505120271974
WDI:SP.POP.4044.MA.5Y:GEO,2012-12-31,6.36452255920642
WDI:SP.POP.4044.MA.5Y:GEO,2013-12-31,6.45465966555244
WDI:SP.POP.4044.MA.5Y:GEO,2014-12-31,6.48489825383629
WDI:SP.POP.4044.MA.5Y:GEO,2015-12-31,6.47760676185035
WDI:SP.POP.4044.MA.5Y:GEO,2016-12-31,6.47471183144485
WDI:SP.POP.4044.MA.5Y:GEO,2017-12-31,6.47809516694625
WDI:SP.POP.4044.MA.5Y:GEO,2018-12-31,6.48821028710049
WDI:SP.POP.4044.MA.5Y:GEO,2019-12-31,6.5111244575194
WDI:SP.POP.4044.MA.5Y:GEO,2020-12-31,6.55871870113918
WDI:SP.POP.4044.MA.5Y:GEO,2021-12-31,6.64039241902843
WDI:SP.POP.4044.MA.5Y:GEO,2022-12-31,6.75198856140623
WDI:SP.POP.4044.MA.5Y:GEO,2023-12-31,6.89235896837648
WDI:SP.POP.4044.MA.5Y:GEO,2024-12-31,7.06186828885033
WDI:SP.POP.4044.MA.5Y:GHA,1960-12-31,4.66618103209151
WDI:SP.POP.4044.MA.5Y:GHA,1961-12-31,4.63976756256265
WDI:SP.POP.4044.MA.5Y:GHA,1962-12-31,4.5497283478092
WDI:SP.POP.4044.MA.5Y:GHA,1963-12-31,4.45673755437536
WDI:SP.POP.4044.MA.5Y:GHA,1964-12-31,4.36350264545909
WDI:SP.POP.4044.MA.5Y:GHA,1965-12-31,4.28393071455588
WDI:SP.POP.4044.MA.5Y:GHA,1966-12-31,4.22457828023701
WDI:SP.POP.4044.MA.5Y:GHA,1967-12-31,4.19057001198377
WDI:SP.POP.4044.MA.5Y:GHA,1968-12-31,4.17808664125004
WDI:SP.POP.4044.MA.5Y:GHA,1969-12-31,4.17554168577611
WDI:SP.POP.4044.MA.5Y:GHA,1970-12-31,4.195790687112
WDI:SP.POP.4044.MA.5Y:GHA,1971-12-31,4.25079363379656
WDI:SP.POP.4044.MA.5Y:GHA,1972-12-31,4.30828722991156
WDI:SP.POP.4044.MA.5Y:GHA,1973-12-31,4.34856244253336
WDI:SP.POP.4044.MA.5Y:GHA,1974-12-31,4.37609357716417
WDI:SP.POP.4044.MA.5Y:GHA,1975-12-31,4.37202574624826
WDI:SP.POP.4044.MA.5Y:GHA,1976-12-31,4.332413400441
WDI:SP.POP.4044.MA.5Y:GHA,1977-12-31,4.26594815995009
WDI:SP.POP.4044.MA.5Y:GHA,1978-12-31,4.17845652932284
WDI:SP.POP.4044.MA.5Y:GHA,1979-12-31,4.07889576866381
WDI:SP.POP.4044.MA.5Y:GHA,1980-12-31,3.99229400505197
WDI:SP.POP.4044.MA.5Y:GHA,1981-12-31,3.9287990433958
WDI:SP.POP.4044.MA.5Y:GHA,1982-12-31,3.86743945199605
WDI:SP.POP.4044.MA.5Y:GHA,1983-12-31,3.7946763061347
WDI:SP.POP.4044.MA.5Y:GHA,1984-12-31,3.71513741778621
WDI:SP.POP.4044.MA.5Y:GHA,1985-12-31,3.64378511391057
WDI:SP.POP.4044.MA.5Y:GHA,1986-12-31,3.5737297355455
WDI:SP.POP.4044.MA.5Y:GHA,1987-12-31,3.50237347957926
WDI:SP.POP.4044.MA.5Y:GHA,1988-12-31,3.46277930769556
WDI:SP.POP.4044.MA.5Y:GHA,1989-12-31,3.46980298890745
WDI:SP.POP.4044.MA.5Y:GHA,1990-12-31,3.4777767093404
WDI:SP.POP.4044.MA.5Y:GHA,1991-12-31,3.47994060151309
WDI:SP.POP.4044.MA.5Y:GHA,1992-12-31,3.50236712085453
WDI:SP.POP.4044.MA.5Y:GHA,1993-12-31,3.52891503043469
WDI:SP.POP.4044.MA.5Y:GHA,1994-12-31,3.54830508469569
WDI:SP.POP.4044.MA.5Y:GHA,1995-12-31,3.5924795319362
WDI:SP.POP.4044.MA.5Y:GHA,1996-12-31,3.67137684078267
WDI:SP.POP.4044.MA.5Y:GHA,1997-12-31,3.76315441969165
WDI:SP.POP.4044.MA.5Y:GHA,1998-12-31,3.86293098494109
WDI:SP.POP.4044.MA.5Y:GHA,1999-12-31,3.95472301222984
WDI:SP.POP.4044.MA.5Y:GHA,2000-12-31,4.02559784363412
WDI:SP.POP.4044.MA.5Y:GHA,2001-12-31,4.14467142617768
WDI:SP.POP.4044.MA.5Y:GHA,2002-12-31,4.31369331085108
WDI:SP.POP.4044.MA.5Y:GHA,2003-12-31,4.4653872021454
WDI:SP.POP.4044.MA.5Y:GHA,2004-12-31,4.60291677265571
WDI:SP.POP.4044.MA.5Y:GHA,2005-12-31,4.72871747348024
WDI:SP.POP.4044.MA.5Y:GHA,2006-12-31,4.78905059610415
WDI:SP.POP.4044.MA.5Y:GHA,2007-12-31,4.79460910534326
WDI:SP.POP.4044.MA.5Y:GHA,2008-12-31,4.81270430286513
WDI:SP.POP.4044.MA.5Y:GHA,2009-12-31,4.85405097863561
WDI:SP.POP.4044.MA.5Y:GHA,2010-12-31,4.90073203436243
WDI:SP.POP.4044.MA.5Y:GHA,2011-12-31,4.91631044008377
WDI:SP.POP.4044.MA.5Y:GHA,2012-12-31,4.92094932761133
WDI:SP.POP.4044.MA.5Y:GHA,2013-12-31,4.93856050956019
WDI:SP.POP.4044.MA.5Y:GHA,2014-12-31,4.95335713475418
WDI:SP.POP.4044.MA.5Y:GHA,2015-12-31,4.97311307738157
WDI:SP.POP.4044.MA.5Y:GHA,2016-12-31,5.01834713799371
WDI:SP.POP.4044.MA.5Y:GHA,2017-12-31,5.09663481536635
WDI:SP.POP.4044.MA.5Y:GHA,2018-12-31,5.20008453940556
WDI:SP.POP.4044.MA.5Y:GHA,2019-12-31,5.32602025954155
WDI:SP.POP.4044.MA.5Y:GHA,2020-12-31,5.42550320314821
WDI:SP.POP.4044.MA.5Y:GHA,2021-12-31,5.48760239020101
WDI:SP.POP.4044.MA.5Y:GHA,2022-12-31,5.55562432566712
WDI:SP.POP.4044.MA.5Y:GHA,2023-12-31,5.62739723105464
WDI:SP.POP.4044.MA.5Y:GHA,2024-12-31,5.6706018212376
WDI:SP.POP.4044.MA.5Y:GIB,1960-12-31,7.16581130989496
WDI:SP.POP.4044.MA.5Y:GIB,1961-12-31,7.21241050119332
WDI:SP.POP.4044.MA.5Y:GIB,1962-12-31,7.22136476310743
WDI:SP.POP.4044.MA.5Y:GIB,1963-12-31,7.05520083322012
WDI:SP.POP.4044.MA.5Y:GIB,1964-12-31,6.83573183573183
WDI:SP.POP.4044.MA.5Y:GIB,1965-12-31,6.59092843162284
WDI:SP.POP.4044.MA.5Y:GIB,1966-12-31,6.34349946276552
WDI:SP.POP.4044.MA.5Y:GIB,1967-12-31,6.20304527740951
WDI:SP.POP.4044.MA.5Y:GIB,1968-12-31,6.21113153674659
WDI:SP.POP.4044.MA.5Y:GIB,1969-12-31,6.2922120044263
WDI:SP.POP.4044.MA.5Y:GIB,1970-12-31,6.5106208235338
WDI:SP.POP.4044.MA.5Y:GIB,1971-12-31,6.72377031100654
WDI:SP.POP.4044.MA.5Y:GIB,1972-12-31,6.85240416090784
WDI:SP.POP.4044.MA.5Y:GIB,1973-12-31,6.92388054324724
WDI:SP.POP.4044.MA.5Y:GIB,1974-12-31,6.93660210135087
WDI:SP.POP.4044.MA.5Y:GIB,1975-12-31,6.93301163780869
WDI:SP.POP.4044.MA.5Y:GIB,1976-12-31,7.06885615617732
WDI:SP.POP.4044.MA.5Y:GIB,1977-12-31,7.29520540748783
WDI:SP.POP.4044.MA.5Y:GIB,1978-12-31,7.44121233234628
WDI:SP.POP.4044.MA.5Y:GIB,1979-12-31,7.49523314265904
WDI:SP.POP.4044.MA.5Y:GIB,1980-12-31,7.56613025761448
WDI:SP.POP.4044.MA.5Y:GIB,1981-12-31,7.5176571920758
WDI:SP.POP.4044.MA.5Y:GIB,1982-12-31,7.17479534979707
WDI:SP.POP.4044.MA.5Y:GIB,1983-12-31,6.73106672625391
WDI:SP.POP.4044.MA.5Y:GIB,1984-12-31,6.46538368850484
WDI:SP.POP.4044.MA.5Y:GIB,1985-12-31,6.68531371939639
WDI:SP.POP.4044.MA.5Y:GIB,1986-12-31,7.19591780061094
WDI:SP.POP.4044.MA.5Y:GIB,1987-12-31,7.79715513927236
WDI:SP.POP.4044.MA.5Y:GIB,1988-12-31,8.45392767860287
WDI:SP.POP.4044.MA.5Y:GIB,1989-12-31,8.99367493426196
WDI:SP.POP.4044.MA.5Y:GIB,1990-12-31,9.0634658233307
WDI:SP.POP.4044.MA.5Y:GIB,1991-12-31,8.83271591486889
WDI:SP.POP.4044.MA.5Y:GIB,1992-12-31,8.55208067863254
WDI:SP.POP.4044.MA.5Y:GIB,1993-12-31,8.19945602901179
WDI:SP.POP.4044.MA.5Y:GIB,1994-12-31,7.91281087333719
WDI:SP.POP.4044.MA.5Y:GIB,1995-12-31,7.70090895974607
WDI:SP.POP.4044.MA.5Y:GIB,1996-12-31,7.52630061968583
WDI:SP.POP.4044.MA.5Y:GIB,1997-12-31,7.41700871318499
WDI:SP.POP.4044.MA.5Y:GIB,1998-12-31,7.28870323022075
WDI:SP.POP.4044.MA.5Y:GIB,1999-12-31,7.23786180297733
WDI:SP.POP.4044.MA.5Y:GIB,2000-12-31,7.31857096412961
WDI:SP.POP.4044.MA.5Y:GIB,2001-12-31,7.29715011798875
WDI:SP.POP.4044.MA.5Y:GIB,2002-12-31,7.22178089116776
WDI:SP.POP.4044.MA.5Y:GIB,2003-12-31,7.26633772319051
WDI:SP.POP.4044.MA.5Y:GIB,2004-12-31,7.2590782122905
WDI:SP.POP.4044.MA.5Y:GIB,2005-12-31,7.26922944793706
WDI:SP.POP.4044.MA.5Y:GIB,2006-12-31,7.42219215155616
WDI:SP.POP.4044.MA.5Y:GIB,2007-12-31,7.53735325506937
WDI:SP.POP.4044.MA.5Y:GIB,2008-12-31,7.47236114767044
WDI:SP.POP.4044.MA.5Y:GIB,2009-12-31,7.29934114439648
WDI:SP.POP.4044.MA.5Y:GIB,2010-12-31,7.05776866914308
WDI:SP.POP.4044.MA.5Y:GIB,2011-12-31,6.80553799468959
WDI:SP.POP.4044.MA.5Y:GIB,2012-12-31,6.6625019522099
WDI:SP.POP.4044.MA.5Y:GIB,2013-12-31,6.58020688590397
WDI:SP.POP.4044.MA.5Y:GIB,2014-12-31,6.62883987675788
WDI:SP.POP.4044.MA.5Y:GIB,2015-12-31,6.69823270402316
WDI:SP.POP.4044.MA.5Y:GIB,2016-12-31,6.73508850215678
WDI:SP.POP.4044.MA.5Y:GIB,2017-12-31,6.83360636555113
WDI:SP.POP.4044.MA.5Y:GIB,2018-12-31,6.96289905090595
WDI:SP.POP.4044.MA.5Y:GIB,2019-12-31,6.98417184850198
WDI:SP.POP.4044.MA.5Y:GIB,2020-12-31,7.01359977796281
WDI:SP.POP.4044.MA.5Y:GIB,2021-12-31,7.10820387026438
WDI:SP.POP.4044.MA.5Y:GIB,2022-12-31,7.11766591856364
WDI:SP.POP.4044.MA.5Y:GIB,2023-12-31,7.03577957691303
WDI:SP.POP.4044.MA.5Y:GIB,2024-12-31,6.95785440613027
WDI:SP.POP.4044.MA.5Y:GIN,1960-12-31,5.12613195800136
WDI:SP.POP.4044.MA.5Y:GIN,1961-12-31,5.11401767102929
WDI:SP.POP.4044.MA.5Y:GIN,1962-12-31,5.09839589608187
WDI:SP.POP.4044.MA.5Y:GIN,1963-12-31,5.07977779579311
WDI:SP.POP.4044.MA.5Y:GIN,1964-12-31,5.05877327595754
WDI:SP.POP.4044.MA.5Y:GIN,1965-12-31,5.03515739592145
WDI:SP.POP.4044.MA.5Y:GIN,1966-12-31,5.00949542105178
WDI:SP.POP.4044.MA.5Y:GIN,1967-12-31,4.98252975702782
WDI:SP.POP.4044.MA.5Y:GIN,1968-12-31,4.95282684120189
WDI:SP.POP.4044.MA.5Y:GIN,1969-12-31,4.91769307202198
WDI:SP.POP.4044.MA.5Y:GIN,1970-12-31,4.876624307506
WDI:SP.POP.4044.MA.5Y:GIN,1971-12-31,4.82999210192594
WDI:SP.POP.4044.MA.5Y:GIN,1972-12-31,4.77763461885285
WDI:SP.POP.4044.MA.5Y:GIN,1973-12-31,4.72120797345802
WDI:SP.POP.4044.MA.5Y:GIN,1974-12-31,4.66301034875789
WDI:SP.POP.4044.MA.5Y:GIN,1975-12-31,4.60271189011567
WDI:SP.POP.4044.MA.5Y:GIN,1976-12-31,4.54112521737486
WDI:SP.POP.4044.MA.5Y:GIN,1977-12-31,4.47984235193684
WDI:SP.POP.4044.MA.5Y:GIN,1978-12-31,4.41690195464711
WDI:SP.POP.4044.MA.5Y:GIN,1979-12-31,4.34884707372887
WDI:SP.POP.4044.MA.5Y:GIN,1980-12-31,4.27471235839595
WDI:SP.POP.4044.MA.5Y:GIN,1981-12-31,4.20633782920512
WDI:SP.POP.4044.MA.5Y:GIN,1982-12-31,4.14592731511987
WDI:SP.POP.4044.MA.5Y:GIN,1983-12-31,4.08906761256337
WDI:SP.POP.4044.MA.5Y:GIN,1984-12-31,4.04089200525719
WDI:SP.POP.4044.MA.5Y:GIN,1985-12-31,3.99795605555899
WDI:SP.POP.4044.MA.5Y:GIN,1986-12-31,3.95232559544154
WDI:SP.POP.4044.MA.5Y:GIN,1987-12-31,3.91420777984923
WDI:SP.POP.4044.MA.5Y:GIN,1988-12-31,3.88921669043555
WDI:SP.POP.4044.MA.5Y:GIN,1989-12-31,3.85902434229925
WDI:SP.POP.4044.MA.5Y:GIN,1990-12-31,3.84143465240858
WDI:SP.POP.4044.MA.5Y:GIN,1991-12-31,3.84291337459884
WDI:SP.POP.4044.MA.5Y:GIN,1992-12-31,3.83861876359298
WDI:SP.POP.4044.MA.5Y:GIN,1993-12-31,3.83192573164901
WDI:SP.POP.4044.MA.5Y:GIN,1994-12-31,3.83672895340628
WDI:SP.POP.4044.MA.5Y:GIN,1995-12-31,3.84765464098777
WDI:SP.POP.4044.MA.5Y:GIN,1996-12-31,3.85954131825961
WDI:SP.POP.4044.MA.5Y:GIN,1997-12-31,3.85627935814578
WDI:SP.POP.4044.MA.5Y:GIN,1998-12-31,3.85507383032705
WDI:SP.POP.4044.MA.5Y:GIN,1999-12-31,3.87352590080672
WDI:SP.POP.4044.MA.5Y:GIN,2000-12-31,3.88712193138346
WDI:SP.POP.4044.MA.5Y:GIN,2001-12-31,3.88035086268223
WDI:SP.POP.4044.MA.5Y:GIN,2002-12-31,3.88070968845742
WDI:SP.POP.4044.MA.5Y:GIN,2003-12-31,3.90136901394074
WDI:SP.POP.4044.MA.5Y:GIN,2004-12-31,3.91255813681298
WDI:SP.POP.4044.MA.5Y:GIN,2005-12-31,3.90864961105825
WDI:SP.POP.4044.MA.5Y:GIN,2006-12-31,3.89553104973982
WDI:SP.POP.4044.MA.5Y:GIN,2007-12-31,3.87873944245261
WDI:SP.POP.4044.MA.5Y:GIN,2008-12-31,3.85526093044334
WDI:SP.POP.4044.MA.5Y:GIN,2009-12-31,3.82359187214603
WDI:SP.POP.4044.MA.5Y:GIN,2010-12-31,3.78587212505611
WDI:SP.POP.4044.MA.5Y:GIN,2011-12-31,3.74546766740609
WDI:SP.POP.4044.MA.5Y:GIN,2012-12-31,3.7030409510962
WDI:SP.POP.4044.MA.5Y:GIN,2013-12-31,3.65989916212008
WDI:SP.POP.4044.MA.5Y:GIN,2014-12-31,3.61946212371581
WDI:SP.POP.4044.MA.5Y:GIN,2015-12-31,3.58475796848278
WDI:SP.POP.4044.MA.5Y:GIN,2016-12-31,3.55782153334354
WDI:SP.POP.4044.MA.5Y:GIN,2017-12-31,3.54244773056875
WDI:SP.POP.4044.MA.5Y:GIN,2018-12-31,3.54237320531154
WDI:SP.POP.4044.MA.5Y:GIN,2019-12-31,3.55982153154765
WDI:SP.POP.4044.MA.5Y:GIN,2020-12-31,3.59674860824306
WDI:SP.POP.4044.MA.5Y:GIN,2021-12-31,3.6520917188988
WDI:SP.POP.4044.MA.5Y:GIN,2022-12-31,3.72787376979683
WDI:SP.POP.4044.MA.5Y:GIN,2023-12-31,3.82382249572045
WDI:SP.POP.4044.MA.5Y:GIN,2024-12-31,3.93802172020132
WDI:SP.POP.4044.MA.5Y:GMB,1960-12-31,4.53095394118573
WDI:SP.POP.4044.MA.5Y:GMB,1961-12-31,4.6425711941641
WDI:SP.POP.4044.MA.5Y:GMB,1962-12-31,4.79407267796871
WDI:SP.POP.4044.MA.5Y:GMB,1963-12-31,4.95949712831834
WDI:SP.POP.4044.MA.5Y:GMB,1964-12-31,5.09742637859577
WDI:SP.POP.4044.MA.5Y:GMB,1965-12-31,5.19458967896962
WDI:SP.POP.4044.MA.5Y:GMB,1966-12-31,5.25495598269442
WDI:SP.POP.4044.MA.5Y:GMB,1967-12-31,5.27814119001518
WDI:SP.POP.4044.MA.5Y:GMB,1968-12-31,5.2774652214696
WDI:SP.POP.4044.MA.5Y:GMB,1969-12-31,5.27165046815831
WDI:SP.POP.4044.MA.5Y:GMB,1970-12-31,5.26684920978047
WDI:SP.POP.4044.MA.5Y:GMB,1971-12-31,5.26215585627625
WDI:SP.POP.4044.MA.5Y:GMB,1972-12-31,5.25823604249504
WDI:SP.POP.4044.MA.5Y:GMB,1973-12-31,5.24920438612386
WDI:SP.POP.4044.MA.5Y:GMB,1974-12-31,5.18829953598072
WDI:SP.POP.4044.MA.5Y:GMB,1975-12-31,5.07256730085526
WDI:SP.POP.4044.MA.5Y:GMB,1976-12-31,4.93661203596718
WDI:SP.POP.4044.MA.5Y:GMB,1977-12-31,4.77863327110298
WDI:SP.POP.4044.MA.5Y:GMB,1978-12-31,4.6064483593534
WDI:SP.POP.4044.MA.5Y:GMB,1979-12-31,4.43604418380084
WDI:SP.POP.4044.MA.5Y:GMB,1980-12-31,4.27265160929893
WDI:SP.POP.4044.MA.5Y:GMB,1981-12-31,4.11623812756282
WDI:SP.POP.4044.MA.5Y:GMB,1982-12-31,3.9744645524156
WDI:SP.POP.4044.MA.5Y:GMB,1983-12-31,3.84337756283175
WDI:SP.POP.4044.MA.5Y:GMB,1984-12-31,3.77475754169985
WDI:SP.POP.4044.MA.5Y:GMB,1985-12-31,3.76863788703965
WDI:SP.POP.4044.MA.5Y:GMB,1986-12-31,3.7610106960232
WDI:SP.POP.4044.MA.5Y:GMB,1987-12-31,3.73196845915767
WDI:SP.POP.4044.MA.5Y:GMB,1988-12-31,3.64504046727258
WDI:SP.POP.4044.MA.5Y:GMB,1989-12-31,3.49682622012699
WDI:SP.POP.4044.MA.5Y:GMB,1990-12-31,3.3504283354462
WDI:SP.POP.4044.MA.5Y:GMB,1991-12-31,3.24363088068992
WDI:SP.POP.4044.MA.5Y:GMB,1992-12-31,3.18150360362346
WDI:SP.POP.4044.MA.5Y:GMB,1993-12-31,3.1962698434272
WDI:SP.POP.4044.MA.5Y:GMB,1994-12-31,3.28169717370792
WDI:SP.POP.4044.MA.5Y:GMB,1995-12-31,3.38358533870192
WDI:SP.POP.4044.MA.5Y:GMB,1996-12-31,3.48467742874102
WDI:SP.POP.4044.MA.5Y:GMB,1997-12-31,3.59261382494041
WDI:SP.POP.4044.MA.5Y:GMB,1998-12-31,3.70590975276086
WDI:SP.POP.4044.MA.5Y:GMB,1999-12-31,3.82176512434187
WDI:SP.POP.4044.MA.5Y:GMB,2000-12-31,3.93711666451436
WDI:SP.POP.4044.MA.5Y:GMB,2001-12-31,4.04883797620271
WDI:SP.POP.4044.MA.5Y:GMB,2002-12-31,4.15342545772209
WDI:SP.POP.4044.MA.5Y:GMB,2003-12-31,4.24714973259635
WDI:SP.POP.4044.MA.5Y:GMB,2004-12-31,4.32579737949378
WDI:SP.POP.4044.MA.5Y:GMB,2005-12-31,4.38543840150692
WDI:SP.POP.4044.MA.5Y:GMB,2006-12-31,4.42224149842815
WDI:SP.POP.4044.MA.5Y:GMB,2007-12-31,4.43587860639085
WDI:SP.POP.4044.MA.5Y:GMB,2008-12-31,4.42837435755721
WDI:SP.POP.4044.MA.5Y:GMB,2009-12-31,4.39822148656309
WDI:SP.POP.4044.MA.5Y:GMB,2010-12-31,4.34493276029391
WDI:SP.POP.4044.MA.5Y:GMB,2011-12-31,4.27589261181867
WDI:SP.POP.4044.MA.5Y:GMB,2012-12-31,4.19664700045497
WDI:SP.POP.4044.MA.5Y:GMB,2013-12-31,4.11062798256909
WDI:SP.POP.4044.MA.5Y:GMB,2014-12-31,4.02578323671206
WDI:SP.POP.4044.MA.5Y:GMB,2015-12-31,3.95027317017584
WDI:SP.POP.4044.MA.5Y:GMB,2016-12-31,3.88753244637404
WDI:SP.POP.4044.MA.5Y:GMB,2017-12-31,3.84234199238811
WDI:SP.POP.4044.MA.5Y:GMB,2018-12-31,3.82497433472379
WDI:SP.POP.4044.MA.5Y:GMB,2019-12-31,3.84012721893854
WDI:SP.POP.4044.MA.5Y:GMB,2020-12-31,3.88819798383522
WDI:SP.POP.4044.MA.5Y:GMB,2021-12-31,3.96351997104933
WDI:SP.POP.4044.MA.5Y:GMB,2022-12-31,4.05882832494093
WDI:SP.POP.4044.MA.5Y:GMB,2023-12-31,4.16858984857734
WDI:SP.POP.4044.MA.5Y:GMB,2024-12-31,4.28964138266244
WDI:SP.POP.4044.MA.5Y:GNB,1960-12-31,6.44953090230794
WDI:SP.POP.4044.MA.5Y:GNB,1961-12-31,6.48417976086542
WDI:SP.POP.4044.MA.5Y:GNB,1962-12-31,6.49223113414756
WDI:SP.POP.4044.MA.5Y:GNB,1963-12-31,6.48253134956002
WDI:SP.POP.4044.MA.5Y:GNB,1964-12-31,6.44374182033488
WDI:SP.POP.4044.MA.5Y:GNB,1965-12-31,6.37448175479098
WDI:SP.POP.4044.MA.5Y:GNB,1966-12-31,6.26799458380844
WDI:SP.POP.4044.MA.5Y:GNB,1967-12-31,6.12549251308919
WDI:SP.POP.4044.MA.5Y:GNB,1968-12-31,5.96014050708241
WDI:SP.POP.4044.MA.5Y:GNB,1969-12-31,5.77832663970557
WDI:SP.POP.4044.MA.5Y:GNB,1970-12-31,5.58497598188128
WDI:SP.POP.4044.MA.5Y:GNB,1971-12-31,5.37648281296855
WDI:SP.POP.4044.MA.5Y:GNB,1972-12-31,5.15120768812989
WDI:SP.POP.4044.MA.5Y:GNB,1973-12-31,4.91846710892005
WDI:SP.POP.4044.MA.5Y:GNB,1974-12-31,4.60729212909062
WDI:SP.POP.4044.MA.5Y:GNB,1975-12-31,4.27612891823312
WDI:SP.POP.4044.MA.5Y:GNB,1976-12-31,4.0311116436421
WDI:SP.POP.4044.MA.5Y:GNB,1977-12-31,3.88510872077174
WDI:SP.POP.4044.MA.5Y:GNB,1978-12-31,3.84737027666017
WDI:SP.POP.4044.MA.5Y:GNB,1979-12-31,3.8589049198943
WDI:SP.POP.4044.MA.5Y:GNB,1980-12-31,3.84362469531339
WDI:SP.POP.4044.MA.5Y:GNB,1981-12-31,3.80568221676605
WDI:SP.POP.4044.MA.5Y:GNB,1982-12-31,3.76797788665953
WDI:SP.POP.4044.MA.5Y:GNB,1983-12-31,3.73285214766917
WDI:SP.POP.4044.MA.5Y:GNB,1984-12-31,3.70170362628691
WDI:SP.POP.4044.MA.5Y:GNB,1985-12-31,3.67556378740435
WDI:SP.POP.4044.MA.5Y:GNB,1986-12-31,3.65474189838459
WDI:SP.POP.4044.MA.5Y:GNB,1987-12-31,3.64076213420692
WDI:SP.POP.4044.MA.5Y:GNB,1988-12-31,3.63330693606465
WDI:SP.POP.4044.MA.5Y:GNB,1989-12-31,3.63008988045716
WDI:SP.POP.4044.MA.5Y:GNB,1990-12-31,3.63299755660738
WDI:SP.POP.4044.MA.5Y:GNB,1991-12-31,3.64808046245172
WDI:SP.POP.4044.MA.5Y:GNB,1992-12-31,3.66648246178252
WDI:SP.POP.4044.MA.5Y:GNB,1993-12-31,3.67615774433967
WDI:SP.POP.4044.MA.5Y:GNB,1994-12-31,3.67502809632865
WDI:SP.POP.4044.MA.5Y:GNB,1995-12-31,3.66135080372573
WDI:SP.POP.4044.MA.5Y:GNB,1996-12-31,3.63609678970371
WDI:SP.POP.4044.MA.5Y:GNB,1997-12-31,3.60275243858182
WDI:SP.POP.4044.MA.5Y:GNB,1998-12-31,3.56406574560883
WDI:SP.POP.4044.MA.5Y:GNB,1999-12-31,3.52481572314422
WDI:SP.POP.4044.MA.5Y:GNB,2000-12-31,3.49128428672122
WDI:SP.POP.4044.MA.5Y:GNB,2001-12-31,3.46454356802507
WDI:SP.POP.4044.MA.5Y:GNB,2002-12-31,3.44461070449109
WDI:SP.POP.4044.MA.5Y:GNB,2003-12-31,3.43387091752545
WDI:SP.POP.4044.MA.5Y:GNB,2004-12-31,3.43498338597734
WDI:SP.POP.4044.MA.5Y:GNB,2005-12-31,3.44739592644547
WDI:SP.POP.4044.MA.5Y:GNB,2006-12-31,3.4719207460017
WDI:SP.POP.4044.MA.5Y:GNB,2007-12-31,3.51326022679434
WDI:SP.POP.4044.MA.5Y:GNB,2008-12-31,3.57729028676719
WDI:SP.POP.4044.MA.5Y:GNB,2009-12-31,3.66807200695978
WDI:SP.POP.4044.MA.5Y:GNB,2010-12-31,3.78391198846947
WDI:SP.POP.4044.MA.5Y:GNB,2011-12-31,3.91893254461735
WDI:SP.POP.4044.MA.5Y:GNB,2012-12-31,4.06299399158155
WDI:SP.POP.4044.MA.5Y:GNB,2013-12-31,4.20383427434242
WDI:SP.POP.4044.MA.5Y:GNB,2014-12-31,4.3326592251827
WDI:SP.POP.4044.MA.5Y:GNB,2015-12-31,4.44681435887397
WDI:SP.POP.4044.MA.5Y:GNB,2016-12-31,4.54352608814527
WDI:SP.POP.4044.MA.5Y:GNB,2017-12-31,4.6219028291028
WDI:SP.POP.4044.MA.5Y:GNB,2018-12-31,4.67167318083631
WDI:SP.POP.4044.MA.5Y:GNB,2019-12-31,4.70573562100548
WDI:SP.POP.4044.MA.5Y:GNB,2020-12-31,4.75320451501817
WDI:SP.POP.4044.MA.5Y:GNB,2021-12-31,4.81421175623071
WDI:SP.POP.4044.MA.5Y:GNB,2022-12-31,4.88708534076383
WDI:SP.POP.4044.MA.5Y:GNB,2023-12-31,4.98051552201528
WDI:SP.POP.4044.MA.5Y:GNB,2024-12-31,5.07895148022537
WDI:SP.POP.4044.MA.5Y:GNQ,1960-12-31,5.22156117404188
WDI:SP.POP.4044.MA.5Y:GNQ,1961-12-31,5.18538460387969
WDI:SP.POP.4044.MA.5Y:GNQ,1962-12-31,5.13751375137514
WDI:SP.POP.4044.MA.5Y:GNQ,1963-12-31,5.08562886731299
WDI:SP.POP.4044.MA.5Y:GNQ,1964-12-31,5.03900106606432
WDI:SP.POP.4044.MA.5Y:GNQ,1965-12-31,5.00161786675663
WDI:SP.POP.4044.MA.5Y:GNQ,1966-12-31,4.97183278703972
WDI:SP.POP.4044.MA.5Y:GNQ,1967-12-31,4.9482163406214
WDI:SP.POP.4044.MA.5Y:GNQ,1968-12-31,4.92928552835809
WDI:SP.POP.4044.MA.5Y:GNQ,1969-12-31,4.89985022847313
WDI:SP.POP.4044.MA.5Y:GNQ,1970-12-31,4.85698451800147
WDI:SP.POP.4044.MA.5Y:GNQ,1971-12-31,4.81996787991126
WDI:SP.POP.4044.MA.5Y:GNQ,1972-12-31,4.79510174200955
WDI:SP.POP.4044.MA.5Y:GNQ,1973-12-31,4.77228822481235
WDI:SP.POP.4044.MA.5Y:GNQ,1974-12-31,4.73946891404343
WDI:SP.POP.4044.MA.5Y:GNQ,1975-12-31,4.69162325223338
WDI:SP.POP.4044.MA.5Y:GNQ,1976-12-31,4.62509918011108
WDI:SP.POP.4044.MA.5Y:GNQ,1977-12-31,4.55147951087464
WDI:SP.POP.4044.MA.5Y:GNQ,1978-12-31,4.47902338376891
WDI:SP.POP.4044.MA.5Y:GNQ,1979-12-31,4.40256918164617
WDI:SP.POP.4044.MA.5Y:GNQ,1980-12-31,4.32766393589496
WDI:SP.POP.4044.MA.5Y:GNQ,1981-12-31,4.25514507106113
WDI:SP.POP.4044.MA.5Y:GNQ,1982-12-31,4.18507711546478
WDI:SP.POP.4044.MA.5Y:GNQ,1983-12-31,4.1645381716779
WDI:SP.POP.4044.MA.5Y:GNQ,1984-12-31,4.18828803902858
WDI:SP.POP.4044.MA.5Y:GNQ,1985-12-31,4.21223383393852
WDI:SP.POP.4044.MA.5Y:GNQ,1986-12-31,4.23172985156456
WDI:SP.POP.4044.MA.5Y:GNQ,1987-12-31,4.24187966729403
WDI:SP.POP.4044.MA.5Y:GNQ,1988-12-31,4.25397491490651
WDI:SP.POP.4044.MA.5Y:GNQ,1989-12-31,4.34270985094699
WDI:SP.POP.4044.MA.5Y:GNQ,1990-12-31,4.48656983577567
WDI:SP.POP.4044.MA.5Y:GNQ,1991-12-31,4.61697499086652
WDI:SP.POP.4044.MA.5Y:GNQ,1992-12-31,4.74682216302738
WDI:SP.POP.4044.MA.5Y:GNQ,1993-12-31,4.87141406057621
WDI:SP.POP.4044.MA.5Y:GNQ,1994-12-31,4.93765752039097
WDI:SP.POP.4044.MA.5Y:GNQ,1995-12-31,4.9641174852966
WDI:SP.POP.4044.MA.5Y:GNQ,1996-12-31,5.00479758283486
WDI:SP.POP.4044.MA.5Y:GNQ,1997-12-31,5.05064997953783
WDI:SP.POP.4044.MA.5Y:GNQ,1998-12-31,5.09951297839174
WDI:SP.POP.4044.MA.5Y:GNQ,1999-12-31,5.15024669600888
WDI:SP.POP.4044.MA.5Y:GNQ,2000-12-31,5.14372484232047
WDI:SP.POP.4044.MA.5Y:GNQ,2001-12-31,5.11480572456665
WDI:SP.POP.4044.MA.5Y:GNQ,2002-12-31,5.15082336995503
WDI:SP.POP.4044.MA.5Y:GNQ,2003-12-31,5.24035545680467
WDI:SP.POP.4044.MA.5Y:GNQ,2004-12-31,5.34814034063811
WDI:SP.POP.4044.MA.5Y:GNQ,2005-12-31,5.41732786513612
WDI:SP.POP.4044.MA.5Y:GNQ,2006-12-31,5.42060643181691
WDI:SP.POP.4044.MA.5Y:GNQ,2007-12-31,5.38097778708001
WDI:SP.POP.4044.MA.5Y:GNQ,2008-12-31,5.3333119979518
WDI:SP.POP.4044.MA.5Y:GNQ,2009-12-31,5.30604824218337
WDI:SP.POP.4044.MA.5Y:GNQ,2010-12-31,5.31831004955012
WDI:SP.POP.4044.MA.5Y:GNQ,2011-12-31,5.37488611064591
WDI:SP.POP.4044.MA.5Y:GNQ,2012-12-31,5.46518465420895
WDI:SP.POP.4044.MA.5Y:GNQ,2013-12-31,5.5724659109114
WDI:SP.POP.4044.MA.5Y:GNQ,2014-12-31,5.67955537578348
WDI:SP.POP.4044.MA.5Y:GNQ,2015-12-31,5.77309501803258
WDI:SP.POP.4044.MA.5Y:GNQ,2016-12-31,5.84694943677182
WDI:SP.POP.4044.MA.5Y:GNQ,2017-12-31,5.90612445093309
WDI:SP.POP.4044.MA.5Y:GNQ,2018-12-31,5.96121268765699
WDI:SP.POP.4044.MA.5Y:GNQ,2019-12-31,6.02235625578486
WDI:SP.POP.4044.MA.5Y:GNQ,2020-12-31,6.0975327933797
WDI:SP.POP.4044.MA.5Y:GNQ,2021-12-31,6.18953754962814
WDI:SP.POP.4044.MA.5Y:GNQ,2022-12-31,6.2965297499117
WDI:SP.POP.4044.MA.5Y:GNQ,2023-12-31,6.41347575129991
WDI:SP.POP.4044.MA.5Y:GNQ,2024-12-31,6.53075071987043
WDI:SP.POP.4044.MA.5Y:GRC,1960-12-31,5.6617462592522
WDI:SP.POP.4044.MA.5Y:GRC,1961-12-31,5.64462612016775
WDI:SP.POP.4044.MA.5Y:GRC,1962-12-31,5.64750373647853
WDI:SP.POP.4044.MA.5Y:GRC,1963-12-31,5.65888201397648
WDI:SP.POP.4044.MA.5Y:GRC,1964-12-31,5.72871022549672
WDI:SP.POP.4044.MA.5Y:GRC,1965-12-31,6.06829631274323
WDI:SP.POP.4044.MA.5Y:GRC,1966-12-31,5.97909457942276
WDI:SP.POP.4044.MA.5Y:GRC,1967-12-31,6.34294622497889
WDI:SP.POP.4044.MA.5Y:GRC,1968-12-31,6.66688419685948
WDI:SP.POP.4044.MA.5Y:GRC,1969-12-31,6.91879336886329
WDI:SP.POP.4044.MA.5Y:GRC,1970-12-31,7.47354625889508
WDI:SP.POP.4044.MA.5Y:GRC,1971-12-31,7.37660790899924
WDI:SP.POP.4044.MA.5Y:GRC,1972-12-31,7.37668522145785
WDI:SP.POP.4044.MA.5Y:GRC,1973-12-31,7.35694988920398
WDI:SP.POP.4044.MA.5Y:GRC,1974-12-31,7.29507511708603
WDI:SP.POP.4044.MA.5Y:GRC,1975-12-31,7.20304950227993
WDI:SP.POP.4044.MA.5Y:GRC,1976-12-31,7.12220290873277
WDI:SP.POP.4044.MA.5Y:GRC,1977-12-31,7.01009689907321
WDI:SP.POP.4044.MA.5Y:GRC,1978-12-31,6.8735576323255
WDI:SP.POP.4044.MA.5Y:GRC,1979-12-31,6.80750546220976
WDI:SP.POP.4044.MA.5Y:GRC,1980-12-31,6.7141270417805
WDI:SP.POP.4044.MA.5Y:GRC,1981-12-31,6.46206253481052
WDI:SP.POP.4044.MA.5Y:GRC,1982-12-31,6.16456263037113
WDI:SP.POP.4044.MA.5Y:GRC,1983-12-31,5.87436258182217
WDI:SP.POP.4044.MA.5Y:GRC,1984-12-31,5.66622851470154
WDI:SP.POP.4044.MA.5Y:GRC,1985-12-31,5.59416526808228
WDI:SP.POP.4044.MA.5Y:GRC,1986-12-31,5.77179305257047
WDI:SP.POP.4044.MA.5Y:GRC,1987-12-31,6.1436520894624
WDI:SP.POP.4044.MA.5Y:GRC,1988-12-31,6.46208446979651
WDI:SP.POP.4044.MA.5Y:GRC,1989-12-31,6.63613738019615
WDI:SP.POP.4044.MA.5Y:GRC,1990-12-31,6.6459439317814
WDI:SP.POP.4044.MA.5Y:GRC,1991-12-31,6.57904542495611
WDI:SP.POP.4044.MA.5Y:GRC,1992-12-31,6.50927805483922
WDI:SP.POP.4044.MA.5Y:GRC,1993-12-31,6.47745320444626
WDI:SP.POP.4044.MA.5Y:GRC,1994-12-31,6.49984149142879
WDI:SP.POP.4044.MA.5Y:GRC,1995-12-31,6.56244926028372
WDI:SP.POP.4044.MA.5Y:GRC,1996-12-31,6.61077111242057
WDI:SP.POP.4044.MA.5Y:GRC,1997-12-31,6.63988831655006
WDI:SP.POP.4044.MA.5Y:GRC,1998-12-31,6.70925786012459
WDI:SP.POP.4044.MA.5Y:GRC,1999-12-31,6.81206061133577
WDI:SP.POP.4044.MA.5Y:GRC,2000-12-31,6.88194607562677
WDI:SP.POP.4044.MA.5Y:GRC,2001-12-31,6.9243273866818
WDI:SP.POP.4044.MA.5Y:GRC,2002-12-31,6.96638840346196
WDI:SP.POP.4044.MA.5Y:GRC,2003-12-31,6.98688550058547
WDI:SP.POP.4044.MA.5Y:GRC,2004-12-31,6.98924372742134
WDI:SP.POP.4044.MA.5Y:GRC,2005-12-31,7.02088465987675
WDI:SP.POP.4044.MA.5Y:GRC,2006-12-31,7.10432845543769
WDI:SP.POP.4044.MA.5Y:GRC,2007-12-31,7.24964465187848
WDI:SP.POP.4044.MA.5Y:GRC,2008-12-31,7.43735849878591
WDI:SP.POP.4044.MA.5Y:GRC,2009-12-31,7.61947836796134
WDI:SP.POP.4044.MA.5Y:GRC,2010-12-31,7.75848320418443
WDI:SP.POP.4044.MA.5Y:GRC,2011-12-31,7.83125530892936
WDI:SP.POP.4044.MA.5Y:GRC,2012-12-31,7.82691572265992
WDI:SP.POP.4044.MA.5Y:GRC,2013-12-31,7.77156472791903
WDI:SP.POP.4044.MA.5Y:GRC,2014-12-31,7.72277522485422
WDI:SP.POP.4044.MA.5Y:GRC,2015-12-31,7.68878542988003
WDI:SP.POP.4044.MA.5Y:GRC,2016-12-31,7.67081222908878
WDI:SP.POP.4044.MA.5Y:GRC,2017-12-31,7.66225483146682
WDI:SP.POP.4044.MA.5Y:GRC,2018-12-31,7.65972118935278
WDI:SP.POP.4044.MA.5Y:GRC,2019-12-31,7.66252669264773
WDI:SP.POP.4044.MA.5Y:GRC,2020-12-31,7.67636653308389
WDI:SP.POP.4044.MA.5Y:GRC,2021-12-31,7.68371420784079
WDI:SP.POP.4044.MA.5Y:GRC,2022-12-31,7.65080093429941
WDI:SP.POP.4044.MA.5Y:GRC,2023-12-31,7.56144360769496
WDI:SP.POP.4044.MA.5Y:GRC,2024-12-31,7.36989433422011
WDI:SP.POP.4044.MA.5Y:GRD,1960-12-31,2.99520455733947
WDI:SP.POP.4044.MA.5Y:GRD,1961-12-31,2.91951633200197
WDI:SP.POP.4044.MA.5Y:GRD,1962-12-31,2.81896868052408
WDI:SP.POP.4044.MA.5Y:GRD,1963-12-31,2.72664212155168
WDI:SP.POP.4044.MA.5Y:GRD,1964-12-31,2.67115386650581
WDI:SP.POP.4044.MA.5Y:GRD,1965-12-31,2.66082856180532
WDI:SP.POP.4044.MA.5Y:GRD,1966-12-31,2.69691466243951
WDI:SP.POP.4044.MA.5Y:GRD,1967-12-31,2.77838937292276
WDI:SP.POP.4044.MA.5Y:GRD,1968-12-31,2.88931445494407
WDI:SP.POP.4044.MA.5Y:GRD,1969-12-31,3.00317221804825
WDI:SP.POP.4044.MA.5Y:GRD,1970-12-31,3.11967056278857
WDI:SP.POP.4044.MA.5Y:GRD,1971-12-31,3.26961353458285
WDI:SP.POP.4044.MA.5Y:GRD,1972-12-31,3.43242795627691
WDI:SP.POP.4044.MA.5Y:GRD,1973-12-31,3.56950542622815
WDI:SP.POP.4044.MA.5Y:GRD,1974-12-31,3.69010197835943
WDI:SP.POP.4044.MA.5Y:GRD,1975-12-31,3.78442515456192
WDI:SP.POP.4044.MA.5Y:GRD,1976-12-31,3.83364530937915
WDI:SP.POP.4044.MA.5Y:GRD,1977-12-31,3.83907441493558
WDI:SP.POP.4044.MA.5Y:GRD,1978-12-31,3.77967932560947
WDI:SP.POP.4044.MA.5Y:GRD,1979-12-31,3.63822700486805
WDI:SP.POP.4044.MA.5Y:GRD,1980-12-31,3.42430317532174
WDI:SP.POP.4044.MA.5Y:GRD,1981-12-31,3.26250500633233
WDI:SP.POP.4044.MA.5Y:GRD,1982-12-31,3.2430045451608
WDI:SP.POP.4044.MA.5Y:GRD,1983-12-31,3.27937213977161
WDI:SP.POP.4044.MA.5Y:GRD,1984-12-31,3.31336816617816
WDI:SP.POP.4044.MA.5Y:GRD,1985-12-31,3.35037150234494
WDI:SP.POP.4044.MA.5Y:GRD,1986-12-31,3.40755911765013
WDI:SP.POP.4044.MA.5Y:GRD,1987-12-31,3.50286814802543
WDI:SP.POP.4044.MA.5Y:GRD,1988-12-31,3.63571098918004
WDI:SP.POP.4044.MA.5Y:GRD,1989-12-31,3.8014279475539
WDI:SP.POP.4044.MA.5Y:GRD,1990-12-31,4.00289584024615
WDI:SP.POP.4044.MA.5Y:GRD,1991-12-31,4.22723109394289
WDI:SP.POP.4044.MA.5Y:GRD,1992-12-31,4.46280665772659
WDI:SP.POP.4044.MA.5Y:GRD,1993-12-31,4.71366327348039
WDI:SP.POP.4044.MA.5Y:GRD,1994-12-31,4.98417032153127
WDI:SP.POP.4044.MA.5Y:GRD,1995-12-31,5.26396606493345
WDI:SP.POP.4044.MA.5Y:GRD,1996-12-31,5.54662149946237
WDI:SP.POP.4044.MA.5Y:GRD,1997-12-31,5.81969146577346
WDI:SP.POP.4044.MA.5Y:GRD,1998-12-31,6.06576547078909
WDI:SP.POP.4044.MA.5Y:GRD,1999-12-31,6.28049346071793
WDI:SP.POP.4044.MA.5Y:GRD,2000-12-31,6.44410723318159
WDI:SP.POP.4044.MA.5Y:GRD,2001-12-31,6.60231624939443
WDI:SP.POP.4044.MA.5Y:GRD,2002-12-31,6.76508332347347
WDI:SP.POP.4044.MA.5Y:GRD,2003-12-31,6.8738792588165
WDI:SP.POP.4044.MA.5Y:GRD,2004-12-31,6.91660056248648
WDI:SP.POP.4044.MA.5Y:GRD,2005-12-31,6.8868026136282
WDI:SP.POP.4044.MA.5Y:GRD,2006-12-31,6.78179721648655
WDI:SP.POP.4044.MA.5Y:GRD,2007-12-31,6.60998085740996
WDI:SP.POP.4044.MA.5Y:GRD,2008-12-31,6.39968068121341
WDI:SP.POP.4044.MA.5Y:GRD,2009-12-31,6.18559434379143
WDI:SP.POP.4044.MA.5Y:GRD,2010-12-31,6.00012331433705
WDI:SP.POP.4044.MA.5Y:GRD,2011-12-31,5.86511550373314
WDI:SP.POP.4044.MA.5Y:GRD,2012-12-31,5.79531765568533
WDI:SP.POP.4044.MA.5Y:GRD,2013-12-31,5.77846469101929
WDI:SP.POP.4044.MA.5Y:GRD,2014-12-31,5.78885959984443
WDI:SP.POP.4044.MA.5Y:GRD,2015-12-31,5.81082942959493
WDI:SP.POP.4044.MA.5Y:GRD,2016-12-31,5.80955979595692
WDI:SP.POP.4044.MA.5Y:GRD,2017-12-31,5.77722895389022
WDI:SP.POP.4044.MA.5Y:GRD,2018-12-31,5.74965729952022
WDI:SP.POP.4044.MA.5Y:GRD,2019-12-31,5.75399202450838
WDI:SP.POP.4044.MA.5Y:GRD,2020-12-31,5.82498569586418
WDI:SP.POP.4044.MA.5Y:GRD,2021-12-31,6.00971370143149
WDI:SP.POP.4044.MA.5Y:GRD,2022-12-31,6.31735762322295
WDI:SP.POP.4044.MA.5Y:GRD,2023-12-31,6.71438541542547
WDI:SP.POP.4044.MA.5Y:GRD,2024-12-31,7.17379649564721
WDI:SP.POP.4044.MA.5Y:GRL,1960-12-31,4.46047984411156
WDI:SP.POP.4044.MA.5Y:GRL,1961-12-31,4.32818420285631
WDI:SP.POP.4044.MA.5Y:GRL,1962-12-31,4.20796237191332
WDI:SP.POP.4044.MA.5Y:GRL,1963-12-31,4.12057596554972
WDI:SP.POP.4044.MA.5Y:GRL,1964-12-31,4.08274219437684
WDI:SP.POP.4044.MA.5Y:GRL,1965-12-31,4.11276452553653
WDI:SP.POP.4044.MA.5Y:GRL,1966-12-31,4.24522651589564
WDI:SP.POP.4044.MA.5Y:GRL,1967-12-31,4.45656175225474
WDI:SP.POP.4044.MA.5Y:GRL,1968-12-31,4.68511175597546
WDI:SP.POP.4044.MA.5Y:GRL,1969-12-31,4.90269381128367
WDI:SP.POP.4044.MA.5Y:GRL,1970-12-31,5.10121958769269
WDI:SP.POP.4044.MA.5Y:GRL,1971-12-31,5.27490648755178
WDI:SP.POP.4044.MA.5Y:GRL,1972-12-31,5.42248375821962
WDI:SP.POP.4044.MA.5Y:GRL,1973-12-31,5.56083926942412
WDI:SP.POP.4044.MA.5Y:GRL,1974-12-31,5.70473005255614
WDI:SP.POP.4044.MA.5Y:GRL,1975-12-31,5.85041196100982
WDI:SP.POP.4044.MA.5Y:GRL,1976-12-31,6.00227556749296
WDI:SP.POP.4044.MA.5Y:GRL,1977-12-31,6.0859077836534
WDI:SP.POP.4044.MA.5Y:GRL,1978-12-31,6.11046263872677
WDI:SP.POP.4044.MA.5Y:GRL,1979-12-31,6.19336464844472
WDI:SP.POP.4044.MA.5Y:GRL,1980-12-31,6.40641927250693
WDI:SP.POP.4044.MA.5Y:GRL,1981-12-31,6.72182006204757
WDI:SP.POP.4044.MA.5Y:GRL,1982-12-31,7.05247688006309
WDI:SP.POP.4044.MA.5Y:GRL,1983-12-31,7.35312339581895
WDI:SP.POP.4044.MA.5Y:GRL,1984-12-31,7.5748309423544
WDI:SP.POP.4044.MA.5Y:GRL,1985-12-31,7.70626036484245
WDI:SP.POP.4044.MA.5Y:GRL,1986-12-31,7.7523359687853
WDI:SP.POP.4044.MA.5Y:GRL,1987-12-31,7.71174226367105
WDI:SP.POP.4044.MA.5Y:GRL,1988-12-31,7.60750836036097
WDI:SP.POP.4044.MA.5Y:GRL,1989-12-31,7.50458409734956
WDI:SP.POP.4044.MA.5Y:GRL,1990-12-31,7.43657478941335
WDI:SP.POP.4044.MA.5Y:GRL,1991-12-31,7.38984291799787
WDI:SP.POP.4044.MA.5Y:GRL,1992-12-31,7.37045810950586
WDI:SP.POP.4044.MA.5Y:GRL,1993-12-31,7.37754282655246
WDI:SP.POP.4044.MA.5Y:GRL,1994-12-31,7.42269425009648
WDI:SP.POP.4044.MA.5Y:GRL,1995-12-31,7.57646900992756
WDI:SP.POP.4044.MA.5Y:GRL,1996-12-31,7.83383186003375
WDI:SP.POP.4044.MA.5Y:GRL,1997-12-31,8.11829032473161
WDI:SP.POP.4044.MA.5Y:GRL,1998-12-31,8.41989612465042
WDI:SP.POP.4044.MA.5Y:GRL,1999-12-31,8.71924626294237
WDI:SP.POP.4044.MA.5Y:GRL,2000-12-31,8.99341580207502
WDI:SP.POP.4044.MA.5Y:GRL,2001-12-31,9.24209514019002
WDI:SP.POP.4044.MA.5Y:GRL,2002-12-31,9.48387096774193
WDI:SP.POP.4044.MA.5Y:GRL,2003-12-31,9.71192736277342
WDI:SP.POP.4044.MA.5Y:GRL,2004-12-31,9.90505390169123
WDI:SP.POP.4044.MA.5Y:GRL,2005-12-31,10.0542447774975
WDI:SP.POP.4044.MA.5Y:GRL,2006-12-31,10.1415756694695
WDI:SP.POP.4044.MA.5Y:GRL,2007-12-31,10.1507121563432
WDI:SP.POP.4044.MA.5Y:GRL,2008-12-31,10.0456696836336
WDI:SP.POP.4044.MA.5Y:GRL,2009-12-31,9.77945830695939
WDI:SP.POP.4044.MA.5Y:GRL,2010-12-31,9.19501964178707
WDI:SP.POP.4044.MA.5Y:GRL,2011-12-31,8.32476022964856
WDI:SP.POP.4044.MA.5Y:GRL,2012-12-31,7.48662212915877
WDI:SP.POP.4044.MA.5Y:GRL,2013-12-31,6.81487672377768
WDI:SP.POP.4044.MA.5Y:GRL,2014-12-31,6.26168066943916
WDI:SP.POP.4044.MA.5Y:GRL,2015-12-31,5.80425014358593
WDI:SP.POP.4044.MA.5Y:GRL,2016-12-31,5.50059091676515
WDI:SP.POP.4044.MA.5Y:GRL,2017-12-31,5.38934287836834
WDI:SP.POP.4044.MA.5Y:GRL,2018-12-31,5.42430127501478
WDI:SP.POP.4044.MA.5Y:GRL,2019-12-31,5.55227107650209
WDI:SP.POP.4044.MA.5Y:GRL,2020-12-31,5.73113845321796
WDI:SP.POP.4044.MA.5Y:GRL,2021-12-31,5.93729378521514
WDI:SP.POP.4044.MA.5Y:GRL,2022-12-31,6.16145868636888
WDI:SP.POP.4044.MA.5Y:GRL,2023-12-31,6.39266304347826
WDI:SP.POP.4044.MA.5Y:GRL,2024-12-31,6.6094449837361
WDI:SP.POP.4044.MA.5Y:GTM,1960-12-31,4.17321419475256
WDI:SP.POP.4044.MA.5Y:GTM,1961-12-31,4.19511737645594
WDI:SP.POP.4044.MA.5Y:GTM,1962-12-31,4.24480728837242
WDI:SP.POP.4044.MA.5Y:GTM,1963-12-31,4.31822753287086
WDI:SP.POP.4044.MA.5Y:GTM,1964-12-31,4.39672211222647
WDI:SP.POP.4044.MA.5Y:GTM,1965-12-31,4.45915402606025
WDI:SP.POP.4044.MA.5Y:GTM,1966-12-31,4.49824401678079
WDI:SP.POP.4044.MA.5Y:GTM,1967-12-31,4.52060316923428
WDI:SP.POP.4044.MA.5Y:GTM,1968-12-31,4.53050125321919
WDI:SP.POP.4044.MA.5Y:GTM,1969-12-31,4.52661497580406
WDI:SP.POP.4044.MA.5Y:GTM,1970-12-31,4.50917301105997
WDI:SP.POP.4044.MA.5Y:GTM,1971-12-31,4.47692058148594
WDI:SP.POP.4044.MA.5Y:GTM,1972-12-31,4.42746740248319
WDI:SP.POP.4044.MA.5Y:GTM,1973-12-31,4.35743527692753
WDI:SP.POP.4044.MA.5Y:GTM,1974-12-31,4.28663077261349
WDI:SP.POP.4044.MA.5Y:GTM,1975-12-31,4.22938046934836
WDI:SP.POP.4044.MA.5Y:GTM,1976-12-31,4.17311811708795
WDI:SP.POP.4044.MA.5Y:GTM,1977-12-31,4.11048772857011
WDI:SP.POP.4044.MA.5Y:GTM,1978-12-31,4.0426773547865
WDI:SP.POP.4044.MA.5Y:GTM,1979-12-31,3.9760746483643
WDI:SP.POP.4044.MA.5Y:GTM,1980-12-31,3.91246893218339
WDI:SP.POP.4044.MA.5Y:GTM,1981-12-31,3.85803217970449
WDI:SP.POP.4044.MA.5Y:GTM,1982-12-31,3.82095646491056
WDI:SP.POP.4044.MA.5Y:GTM,1983-12-31,3.80416016094163
WDI:SP.POP.4044.MA.5Y:GTM,1984-12-31,3.80350383525939
WDI:SP.POP.4044.MA.5Y:GTM,1985-12-31,3.8132929869365
WDI:SP.POP.4044.MA.5Y:GTM,1986-12-31,3.83197972810766
WDI:SP.POP.4044.MA.5Y:GTM,1987-12-31,3.85221867826525
WDI:SP.POP.4044.MA.5Y:GTM,1988-12-31,3.88196383697019
WDI:SP.POP.4044.MA.5Y:GTM,1989-12-31,3.92173523987257
WDI:SP.POP.4044.MA.5Y:GTM,1990-12-31,3.95456505747366
WDI:SP.POP.4044.MA.5Y:GTM,1991-12-31,3.98581981859239
WDI:SP.POP.4044.MA.5Y:GTM,1992-12-31,4.02496308302387
WDI:SP.POP.4044.MA.5Y:GTM,1993-12-31,4.06147148502709
WDI:SP.POP.4044.MA.5Y:GTM,1994-12-31,4.08677815176528
WDI:SP.POP.4044.MA.5Y:GTM,1995-12-31,4.11117336407103
WDI:SP.POP.4044.MA.5Y:GTM,1996-12-31,4.13301587912814
WDI:SP.POP.4044.MA.5Y:GTM,1997-12-31,4.14170562100246
WDI:SP.POP.4044.MA.5Y:GTM,1998-12-31,4.13482697874024
WDI:SP.POP.4044.MA.5Y:GTM,1999-12-31,4.11067680334829
WDI:SP.POP.4044.MA.5Y:GTM,2000-12-31,4.07137072988833
WDI:SP.POP.4044.MA.5Y:GTM,2001-12-31,4.02431141748925
WDI:SP.POP.4044.MA.5Y:GTM,2002-12-31,3.97636647428982
WDI:SP.POP.4044.MA.5Y:GTM,2003-12-31,3.93524551837901
WDI:SP.POP.4044.MA.5Y:GTM,2004-12-31,3.90857678620226
WDI:SP.POP.4044.MA.5Y:GTM,2005-12-31,3.89722568850495
WDI:SP.POP.4044.MA.5Y:GTM,2006-12-31,3.90161210340609
WDI:SP.POP.4044.MA.5Y:GTM,2007-12-31,3.91948050665154
WDI:SP.POP.4044.MA.5Y:GTM,2008-12-31,3.94499196269866
WDI:SP.POP.4044.MA.5Y:GTM,2009-12-31,3.97412591716523
WDI:SP.POP.4044.MA.5Y:GTM,2010-12-31,4.00826318294629
WDI:SP.POP.4044.MA.5Y:GTM,2011-12-31,4.04928225417287
WDI:SP.POP.4044.MA.5Y:GTM,2012-12-31,4.09953847095452
WDI:SP.POP.4044.MA.5Y:GTM,2013-12-31,4.16309137888996
WDI:SP.POP.4044.MA.5Y:GTM,2014-12-31,4.24298589152675
WDI:SP.POP.4044.MA.5Y:GTM,2015-12-31,4.33791744115551
WDI:SP.POP.4044.MA.5Y:GTM,2016-12-31,4.44449150165375
WDI:SP.POP.4044.MA.5Y:GTM,2017-12-31,4.56534407149957
WDI:SP.POP.4044.MA.5Y:GTM,2018-12-31,4.69885756392922
WDI:SP.POP.4044.MA.5Y:GTM,2019-12-31,4.84040438972073
WDI:SP.POP.4044.MA.5Y:GTM,2020-12-31,4.99416414731656
WDI:SP.POP.4044.MA.5Y:GTM,2021-12-31,5.15819858237511
WDI:SP.POP.4044.MA.5Y:GTM,2022-12-31,5.32170392724056
WDI:SP.POP.4044.MA.5Y:GTM,2023-12-31,5.4856195541846
WDI:SP.POP.4044.MA.5Y:GTM,2024-12-31,5.64135967798242
WDI:SP.POP.4044.MA.5Y:GUM,1960-12-31,5.67835966582193
WDI:SP.POP.4044.MA.5Y:GUM,1961-12-31,5.79083940389468
WDI:SP.POP.4044.MA.5Y:GUM,1962-12-31,5.98108168002146
WDI:SP.POP.4044.MA.5Y:GUM,1963-12-31,6.21013647897949
WDI:SP.POP.4044.MA.5Y:GUM,1964-12-31,6.45172135556751
WDI:SP.POP.4044.MA.5Y:GUM,1965-12-31,6.67414100112115
WDI:SP.POP.4044.MA.5Y:GUM,1966-12-31,6.83759761832852
WDI:SP.POP.4044.MA.5Y:GUM,1967-12-31,6.89932829021253
WDI:SP.POP.4044.MA.5Y:GUM,1968-12-31,6.83822993365896
WDI:SP.POP.4044.MA.5Y:GUM,1969-12-31,6.6659155391218
WDI:SP.POP.4044.MA.5Y:GUM,1970-12-31,6.48053923889936
WDI:SP.POP.4044.MA.5Y:GUM,1971-12-31,6.30080494864983
WDI:SP.POP.4044.MA.5Y:GUM,1972-12-31,6.06542502853686
WDI:SP.POP.4044.MA.5Y:GUM,1973-12-31,5.80550966304223
WDI:SP.POP.4044.MA.5Y:GUM,1974-12-31,5.55792062816329
WDI:SP.POP.4044.MA.5Y:GUM,1975-12-31,5.33759719554719
WDI:SP.POP.4044.MA.5Y:GUM,1976-12-31,5.14611926715143
WDI:SP.POP.4044.MA.5Y:GUM,1977-12-31,4.97937723790962
WDI:SP.POP.4044.MA.5Y:GUM,1978-12-31,4.84100235121629
WDI:SP.POP.4044.MA.5Y:GUM,1979-12-31,4.80631087215196
WDI:SP.POP.4044.MA.5Y:GUM,1980-12-31,4.90013913975335
WDI:SP.POP.4044.MA.5Y:GUM,1981-12-31,5.0519508950373
WDI:SP.POP.4044.MA.5Y:GUM,1982-12-31,5.15958231562382
WDI:SP.POP.4044.MA.5Y:GUM,1983-12-31,5.20179515436092
WDI:SP.POP.4044.MA.5Y:GUM,1984-12-31,5.19774803186395
WDI:SP.POP.4044.MA.5Y:GUM,1985-12-31,5.18198877147133
WDI:SP.POP.4044.MA.5Y:GUM,1986-12-31,5.26791870871116
WDI:SP.POP.4044.MA.5Y:GUM,1987-12-31,5.4809195668539
WDI:SP.POP.4044.MA.5Y:GUM,1988-12-31,5.75189644324103
WDI:SP.POP.4044.MA.5Y:GUM,1989-12-31,6.05499772108891
WDI:SP.POP.4044.MA.5Y:GUM,1990-12-31,6.39769179190908
WDI:SP.POP.4044.MA.5Y:GUM,1991-12-31,6.68470635397876
WDI:SP.POP.4044.MA.5Y:GUM,1992-12-31,6.82450057784382
WDI:SP.POP.4044.MA.5Y:GUM,1993-12-31,6.85750112658947
WDI:SP.POP.4044.MA.5Y:GUM,1994-12-31,6.84041824456192
WDI:SP.POP.4044.MA.5Y:GUM,1995-12-31,6.79452650703379
WDI:SP.POP.4044.MA.5Y:GUM,1996-12-31,6.75926571321754
WDI:SP.POP.4044.MA.5Y:GUM,1997-12-31,6.75528040786599
WDI:SP.POP.4044.MA.5Y:GUM,1998-12-31,6.7787857293961
WDI:SP.POP.4044.MA.5Y:GUM,1999-12-31,6.83908754623921
WDI:SP.POP.4044.MA.5Y:GUM,2000-12-31,6.95885422394936
WDI:SP.POP.4044.MA.5Y:GUM,2001-12-31,7.1351921572907
WDI:SP.POP.4044.MA.5Y:GUM,2002-12-31,7.32988392894789
WDI:SP.POP.4044.MA.5Y:GUM,2003-12-31,7.50167728950017
WDI:SP.POP.4044.MA.5Y:GUM,2004-12-31,7.62772003267915
WDI:SP.POP.4044.MA.5Y:GUM,2005-12-31,7.70574395779367
WDI:SP.POP.4044.MA.5Y:GUM,2006-12-31,7.737636955878
WDI:SP.POP.4044.MA.5Y:GUM,2007-12-31,7.73105769798618
WDI:SP.POP.4044.MA.5Y:GUM,2008-12-31,7.69380267257169
WDI:SP.POP.4044.MA.5Y:GUM,2009-12-31,7.62257060654101
WDI:SP.POP.4044.MA.5Y:GUM,2010-12-31,7.50599225255953
WDI:SP.POP.4044.MA.5Y:GUM,2011-12-31,7.34713021047077
WDI:SP.POP.4044.MA.5Y:GUM,2012-12-31,7.16157000035244
WDI:SP.POP.4044.MA.5Y:GUM,2013-12-31,6.96015363589236
WDI:SP.POP.4044.MA.5Y:GUM,2014-12-31,6.75121201371645
WDI:SP.POP.4044.MA.5Y:GUM,2015-12-31,6.53893196850768
WDI:SP.POP.4044.MA.5Y:GUM,2016-12-31,6.32782249163231
WDI:SP.POP.4044.MA.5Y:GUM,2017-12-31,6.12654978196585
WDI:SP.POP.4044.MA.5Y:GUM,2018-12-31,5.94435126754105
WDI:SP.POP.4044.MA.5Y:GUM,2019-12-31,5.7909690266024
WDI:SP.POP.4044.MA.5Y:GUM,2020-12-31,5.66403881140085
WDI:SP.POP.4044.MA.5Y:GUM,2021-12-31,5.56534287346301
WDI:SP.POP.4044.MA.5Y:GUM,2022-12-31,5.49765860351359
WDI:SP.POP.4044.MA.5Y:GUM,2023-12-31,5.45624696447398
WDI:SP.POP.4044.MA.5Y:GUM,2024-12-31,5.43664987998306
WDI:SP.POP.4044.MA.5Y:GUY,1960-12-31,4.2942322825289
WDI:SP.POP.4044.MA.5Y:GUY,1961-12-31,4.30680949394817
WDI:SP.POP.4044.MA.5Y:GUY,1962-12-31,4.29886773671768
WDI:SP.POP.4044.MA.5Y:GUY,1963-12-31,4.31410176230884
WDI:SP.POP.4044.MA.5Y:GUY,1964-12-31,4.33264533052332
WDI:SP.POP.4044.MA.5Y:GUY,1965-12-31,4.33789305943422
WDI:SP.POP.4044.MA.5Y:GUY,1966-12-31,4.32189954044373
WDI:SP.POP.4044.MA.5Y:GUY,1967-12-31,4.2863759937514
WDI:SP.POP.4044.MA.5Y:GUY,1968-12-31,4.23403930315573
WDI:SP.POP.4044.MA.5Y:GUY,1969-12-31,4.16656373652402
WDI:SP.POP.4044.MA.5Y:GUY,1970-12-31,4.08855270916409
WDI:SP.POP.4044.MA.5Y:GUY,1971-12-31,4.00296818633677
WDI:SP.POP.4044.MA.5Y:GUY,1972-12-31,3.91355684462178
WDI:SP.POP.4044.MA.5Y:GUY,1973-12-31,3.82940814988239
WDI:SP.POP.4044.MA.5Y:GUY,1974-12-31,3.7595529400882
WDI:SP.POP.4044.MA.5Y:GUY,1975-12-31,3.71051014798926
WDI:SP.POP.4044.MA.5Y:GUY,1976-12-31,3.68140680566814
WDI:SP.POP.4044.MA.5Y:GUY,1977-12-31,3.66623705365836
WDI:SP.POP.4044.MA.5Y:GUY,1978-12-31,3.65570502976629
WDI:SP.POP.4044.MA.5Y:GUY,1979-12-31,3.63968763874742
WDI:SP.POP.4044.MA.5Y:GUY,1980-12-31,3.61457051887436
WDI:SP.POP.4044.MA.5Y:GUY,1981-12-31,3.58778101627876
WDI:SP.POP.4044.MA.5Y:GUY,1982-12-31,3.57371045104567
WDI:SP.POP.4044.MA.5Y:GUY,1983-12-31,3.58611291369241
WDI:SP.POP.4044.MA.5Y:GUY,1984-12-31,3.63590697262821
WDI:SP.POP.4044.MA.5Y:GUY,1985-12-31,3.73122922069015
WDI:SP.POP.4044.MA.5Y:GUY,1986-12-31,3.87566880719975
WDI:SP.POP.4044.MA.5Y:GUY,1987-12-31,4.06273101700285
WDI:SP.POP.4044.MA.5Y:GUY,1988-12-31,4.27696166343852
WDI:SP.POP.4044.MA.5Y:GUY,1989-12-31,4.49840828228244
WDI:SP.POP.4044.MA.5Y:GUY,1990-12-31,4.70165842617915
WDI:SP.POP.4044.MA.5Y:GUY,1991-12-31,4.86322270603085
WDI:SP.POP.4044.MA.5Y:GUY,1992-12-31,4.97113564562521
WDI:SP.POP.4044.MA.5Y:GUY,1993-12-31,5.04399487396715
WDI:SP.POP.4044.MA.5Y:GUY,1994-12-31,5.11065276325058
WDI:SP.POP.4044.MA.5Y:GUY,1995-12-31,5.18624687507472
WDI:SP.POP.4044.MA.5Y:GUY,1996-12-31,5.28303634643252
WDI:SP.POP.4044.MA.5Y:GUY,1997-12-31,5.40593309666381
WDI:SP.POP.4044.MA.5Y:GUY,1998-12-31,5.55021203752071
WDI:SP.POP.4044.MA.5Y:GUY,1999-12-31,5.70437764994295
WDI:SP.POP.4044.MA.5Y:GUY,2000-12-31,5.8549391296138
WDI:SP.POP.4044.MA.5Y:GUY,2001-12-31,5.99184711372097
WDI:SP.POP.4044.MA.5Y:GUY,2002-12-31,6.10874678455959
WDI:SP.POP.4044.MA.5Y:GUY,2003-12-31,6.18992458062815
WDI:SP.POP.4044.MA.5Y:GUY,2004-12-31,6.23853693144494
WDI:SP.POP.4044.MA.5Y:GUY,2005-12-31,6.27239199157007
WDI:SP.POP.4044.MA.5Y:GUY,2006-12-31,6.29431792508545
WDI:SP.POP.4044.MA.5Y:GUY,2007-12-31,6.30629914162863
WDI:SP.POP.4044.MA.5Y:GUY,2008-12-31,6.30920238871081
WDI:SP.POP.4044.MA.5Y:GUY,2009-12-31,6.30308645766301
WDI:SP.POP.4044.MA.5Y:GUY,2010-12-31,6.28837378936938
WDI:SP.POP.4044.MA.5Y:GUY,2011-12-31,6.26385973610254
WDI:SP.POP.4044.MA.5Y:GUY,2012-12-31,6.22684810194935
WDI:SP.POP.4044.MA.5Y:GUY,2013-12-31,6.17867543954266
WDI:SP.POP.4044.MA.5Y:GUY,2014-12-31,6.12534903280067
WDI:SP.POP.4044.MA.5Y:GUY,2015-12-31,6.07236529494039
WDI:SP.POP.4044.MA.5Y:GUY,2016-12-31,6.01084631795344
WDI:SP.POP.4044.MA.5Y:GUY,2017-12-31,5.92686473578185
WDI:SP.POP.4044.MA.5Y:GUY,2018-12-31,5.85029453847046
WDI:SP.POP.4044.MA.5Y:GUY,2019-12-31,5.76077962441599
WDI:SP.POP.4044.MA.5Y:GUY,2020-12-31,5.63452452674636
WDI:SP.POP.4044.MA.5Y:GUY,2021-12-31,5.51617129679693
WDI:SP.POP.4044.MA.5Y:GUY,2022-12-31,5.40336338046462
WDI:SP.POP.4044.MA.5Y:GUY,2023-12-31,5.29447866480146
WDI:SP.POP.4044.MA.5Y:GUY,2024-12-31,5.20040980415662
WDI:SP.POP.4044.MA.5Y:HIC,1960-12-31,5.223454655608197
WDI:SP.POP.4044.MA.5Y:HIC,1961-12-31,5.362989373664147
WDI:SP.POP.4044.MA.5Y:HIC,1962-12-31,5.572215362969329
WDI:SP.POP.4044.MA.5Y:HIC,1963-12-31,5.79589903527166
WDI:SP.POP.4044.MA.5Y:HIC,1964-12-31,5.987317192847273
WDI:SP.POP.4044.MA.5Y:HIC,1965-12-31,6.115134822604584
WDI:SP.POP.4044.MA.5Y:HIC,1966-12-31,6.213524649146148
WDI:SP.POP.4044.MA.5Y:HIC,1967-12-31,6.33992247591906
WDI:SP.POP.4044.MA.5Y:HIC,1968-12-31,6.475071937508639
WDI:SP.POP.4044.MA.5Y:HIC,1969-12-31,6.586699927458108
WDI:SP.POP.4044.MA.5Y:HIC,1970-12-31,6.665247467999037
WDI:SP.POP.4044.MA.5Y:HIC,1971-12-31,6.678865014881427
WDI:SP.POP.4044.MA.5Y:HIC,1972-12-31,6.621518417354283
WDI:SP.POP.4044.MA.5Y:HIC,1973-12-31,6.505866148033351
WDI:SP.POP.4044.MA.5Y:HIC,1974-12-31,6.373363403957664
WDI:SP.POP.4044.MA.5Y:HIC,1975-12-31,6.276363216804953
WDI:SP.POP.4044.MA.5Y:HIC,1976-12-31,6.234435747398647
WDI:SP.POP.4044.MA.5Y:HIC,1977-12-31,6.2475527280075696
WDI:SP.POP.4044.MA.5Y:HIC,1978-12-31,6.301414172905754
WDI:SP.POP.4044.MA.5Y:HIC,1979-12-31,6.374343191047108
WDI:SP.POP.4044.MA.5Y:HIC,1980-12-31,6.420765255675652
WDI:SP.POP.4044.MA.5Y:HIC,1981-12-31,6.430505048665564
WDI:SP.POP.4044.MA.5Y:HIC,1982-12-31,6.38269069208355
WDI:SP.POP.4044.MA.5Y:HIC,1983-12-31,6.291673733942499
WDI:SP.POP.4044.MA.5Y:HIC,1984-12-31,6.1824213181456775
WDI:SP.POP.4044.MA.5Y:HIC,1985-12-31,6.051676029714833
WDI:SP.POP.4044.MA.5Y:HIC,1986-12-31,6.061083014397359
WDI:SP.POP.4044.MA.5Y:HIC,1987-12-31,6.2843614998382895
WDI:SP.POP.4044.MA.5Y:HIC,1988-12-31,6.578361860588141
WDI:SP.POP.4044.MA.5Y:HIC,1989-12-31,6.889951827605696
WDI:SP.POP.4044.MA.5Y:HIC,1990-12-31,7.2186294735341505
WDI:SP.POP.4044.MA.5Y:HIC,1991-12-31,7.414565120782757
WDI:SP.POP.4044.MA.5Y:HIC,1992-12-31,7.448078691958029
WDI:SP.POP.4044.MA.5Y:HIC,1993-12-31,7.443588106228739
WDI:SP.POP.4044.MA.5Y:HIC,1994-12-31,7.445101747872366
WDI:SP.POP.4044.MA.5Y:HIC,1995-12-31,7.4762224368531305
WDI:SP.POP.4044.MA.5Y:HIC,1996-12-31,7.530495259108132
WDI:SP.POP.4044.MA.5Y:HIC,1997-12-31,7.583625653097237
WDI:SP.POP.4044.MA.5Y:HIC,1998-12-31,7.651201391174532
WDI:SP.POP.4044.MA.5Y:HIC,1999-12-31,7.7257696733087595
WDI:SP.POP.4044.MA.5Y:HIC,2000-12-31,7.78005328848955
WDI:SP.POP.4044.MA.5Y:HIC,2001-12-31,7.822513339104264
WDI:SP.POP.4044.MA.5Y:HIC,2002-12-31,7.846209574539001
WDI:SP.POP.4044.MA.5Y:HIC,2003-12-31,7.8441758979695715
WDI:SP.POP.4044.MA.5Y:HIC,2004-12-31,7.819510209634849
WDI:SP.POP.4044.MA.5Y:HIC,2005-12-31,7.760221517163611
WDI:SP.POP.4044.MA.5Y:HIC,2006-12-31,7.659215275524486
WDI:SP.POP.4044.MA.5Y:HIC,2007-12-31,7.557291858519336
WDI:SP.POP.4044.MA.5Y:HIC,2008-12-31,7.472822328307721
WDI:SP.POP.4044.MA.5Y:HIC,2009-12-31,7.396764747712056
WDI:SP.POP.4044.MA.5Y:HIC,2010-12-31,7.352503201035483
WDI:SP.POP.4044.MA.5Y:HIC,2011-12-31,7.354375677286855
WDI:SP.POP.4044.MA.5Y:HIC,2012-12-31,7.363739780038625
WDI:SP.POP.4044.MA.5Y:HIC,2013-12-31,7.344597488737118
WDI:SP.POP.4044.MA.5Y:HIC,2014-12-31,7.309454696768141
WDI:SP.POP.4044.MA.5Y:HIC,2015-12-31,7.25260505401863
WDI:SP.POP.4044.MA.5Y:HIC,2016-12-31,7.179962773622984
WDI:SP.POP.4044.MA.5Y:HIC,2017-12-31,7.121005832855382
WDI:SP.POP.4044.MA.5Y:HIC,2018-12-31,7.084499610924724
WDI:SP.POP.4044.MA.5Y:HIC,2019-12-31,7.068805798698643
WDI:SP.POP.4044.MA.5Y:HIC,2020-12-31,7.089527914841813
WDI:SP.POP.4044.MA.5Y:HIC,2021-12-31,7.114027992620384
WDI:SP.POP.4044.MA.5Y:HIC,2022-12-31,7.151421659491545
WDI:SP.POP.4044.MA.5Y:HIC,2023-12-31,7.205076587111282
WDI:SP.POP.4044.MA.5Y:HIC,2024-12-31,7.224366641222813
WDI:SP.POP.4044.MA.5Y:HKG,1960-12-31,6.49325457650455
WDI:SP.POP.4044.MA.5Y:HKG,1961-12-31,6.39029587006724
WDI:SP.POP.4044.MA.5Y:HKG,1962-12-31,5.96839299960958
WDI:SP.POP.4044.MA.5Y:HKG,1963-12-31,5.35597304651093
WDI:SP.POP.4044.MA.5Y:HKG,1964-12-31,5.22896974202382
WDI:SP.POP.4044.MA.5Y:HKG,1965-12-31,5.42936782672066
WDI:SP.POP.4044.MA.5Y:HKG,1966-12-31,5.54083821185011
WDI:SP.POP.4044.MA.5Y:HKG,1967-12-31,5.54344040917119
WDI:SP.POP.4044.MA.5Y:HKG,1968-12-31,5.63018900885475
WDI:SP.POP.4044.MA.5Y:HKG,1969-12-31,6.00480605666747
WDI:SP.POP.4044.MA.5Y:HKG,1970-12-31,6.32648917123024
WDI:SP.POP.4044.MA.5Y:HKG,1971-12-31,6.47599080543888
WDI:SP.POP.4044.MA.5Y:HKG,1972-12-31,6.43644360780727
WDI:SP.POP.4044.MA.5Y:HKG,1973-12-31,6.34065939964076
WDI:SP.POP.4044.MA.5Y:HKG,1974-12-31,6.20859422905951
WDI:SP.POP.4044.MA.5Y:HKG,1975-12-31,6.01669004037343
WDI:SP.POP.4044.MA.5Y:HKG,1976-12-31,5.81679629095283
WDI:SP.POP.4044.MA.5Y:HKG,1977-12-31,5.65117433117458
WDI:SP.POP.4044.MA.5Y:HKG,1978-12-31,5.49746930411634
WDI:SP.POP.4044.MA.5Y:HKG,1979-12-31,5.38456186087536
WDI:SP.POP.4044.MA.5Y:HKG,1980-12-31,5.3342339019308
WDI:SP.POP.4044.MA.5Y:HKG,1981-12-31,5.23685119489486
WDI:SP.POP.4044.MA.5Y:HKG,1982-12-31,5.04572033481544
WDI:SP.POP.4044.MA.5Y:HKG,1983-12-31,4.86199577342044
WDI:SP.POP.4044.MA.5Y:HKG,1984-12-31,4.75832053795945
WDI:SP.POP.4044.MA.5Y:HKG,1985-12-31,4.72299262617531
WDI:SP.POP.4044.MA.5Y:HKG,1986-12-31,4.86513616894751
WDI:SP.POP.4044.MA.5Y:HKG,1987-12-31,5.24566779185355
WDI:SP.POP.4044.MA.5Y:HKG,1988-12-31,5.72482534984439
WDI:SP.POP.4044.MA.5Y:HKG,1989-12-31,6.28752517094899
WDI:SP.POP.4044.MA.5Y:HKG,1990-12-31,6.92366195197302
WDI:SP.POP.4044.MA.5Y:HKG,1991-12-31,7.46089917342926
WDI:SP.POP.4044.MA.5Y:HKG,1992-12-31,7.79229049660352
WDI:SP.POP.4044.MA.5Y:HKG,1993-12-31,7.98267139469914
WDI:SP.POP.4044.MA.5Y:HKG,1994-12-31,8.1001742031767
WDI:SP.POP.4044.MA.5Y:HKG,1995-12-31,8.24305426962559
WDI:SP.POP.4044.MA.5Y:HKG,1996-12-31,8.4947833320821
WDI:SP.POP.4044.MA.5Y:HKG,1997-12-31,8.81457037594956
WDI:SP.POP.4044.MA.5Y:HKG,1998-12-31,9.18306657821537
WDI:SP.POP.4044.MA.5Y:HKG,1999-12-31,9.52865020038306
WDI:SP.POP.4044.MA.5Y:HKG,2000-12-31,9.818282336769
WDI:SP.POP.4044.MA.5Y:HKG,2001-12-31,9.97666353131185
WDI:SP.POP.4044.MA.5Y:HKG,2002-12-31,9.97915545839401
WDI:SP.POP.4044.MA.5Y:HKG,2003-12-31,9.91046407170641
WDI:SP.POP.4044.MA.5Y:HKG,2004-12-31,9.75208001871747
WDI:SP.POP.4044.MA.5Y:HKG,2005-12-31,9.50089378553134
WDI:SP.POP.4044.MA.5Y:HKG,2006-12-31,9.15946881278893
WDI:SP.POP.4044.MA.5Y:HKG,2007-12-31,8.73899403048514
WDI:SP.POP.4044.MA.5Y:HKG,2008-12-31,8.26990496105335
WDI:SP.POP.4044.MA.5Y:HKG,2009-12-31,7.82898768404381
WDI:SP.POP.4044.MA.5Y:HKG,2010-12-31,7.47402116467015
WDI:SP.POP.4044.MA.5Y:HKG,2011-12-31,7.22831596685413
WDI:SP.POP.4044.MA.5Y:HKG,2012-12-31,7.07726902582657
WDI:SP.POP.4044.MA.5Y:HKG,2013-12-31,6.99580348166459
WDI:SP.POP.4044.MA.5Y:HKG,2014-12-31,6.9589037339554
WDI:SP.POP.4044.MA.5Y:HKG,2015-12-31,6.90963236392249
WDI:SP.POP.4044.MA.5Y:HKG,2016-12-31,6.83016916336153
WDI:SP.POP.4044.MA.5Y:HKG,2017-12-31,6.74703097646243
WDI:SP.POP.4044.MA.5Y:HKG,2018-12-31,6.6681913823072
WDI:SP.POP.4044.MA.5Y:HKG,2019-12-31,6.62930821138808
WDI:SP.POP.4044.MA.5Y:HKG,2020-12-31,6.67812790170712
WDI:SP.POP.4044.MA.5Y:HKG,2021-12-31,6.76642235583981
WDI:SP.POP.4044.MA.5Y:HKG,2022-12-31,6.8509575057195
WDI:SP.POP.4044.MA.5Y:HKG,2023-12-31,6.91261518404933
WDI:SP.POP.4044.MA.5Y:HKG,2024-12-31,6.93620307408499
WDI:SP.POP.4044.MA.5Y:HND,1960-12-31,3.75099671814383
WDI:SP.POP.4044.MA.5Y:HND,1961-12-31,3.7613312789833
WDI:SP.POP.4044.MA.5Y:HND,1962-12-31,3.83196729737793
WDI:SP.POP.4044.MA.5Y:HND,1963-12-31,3.92538155845575
WDI:SP.POP.4044.MA.5Y:HND,1964-12-31,3.99088576785895
WDI:SP.POP.4044.MA.5Y:HND,1965-12-31,4.01266791953783
WDI:SP.POP.4044.MA.5Y:HND,1966-12-31,3.99563802624354
WDI:SP.POP.4044.MA.5Y:HND,1967-12-31,3.93629435528069
WDI:SP.POP.4044.MA.5Y:HND,1968-12-31,3.8554249280353
WDI:SP.POP.4044.MA.5Y:HND,1969-12-31,3.78831811169599
WDI:SP.POP.4044.MA.5Y:HND,1970-12-31,3.74427741795504
WDI:SP.POP.4044.MA.5Y:HND,1971-12-31,3.71942797496248
WDI:SP.POP.4044.MA.5Y:HND,1972-12-31,3.71624339526163
WDI:SP.POP.4044.MA.5Y:HND,1973-12-31,3.72332439323639
WDI:SP.POP.4044.MA.5Y:HND,1974-12-31,3.73015541510968
WDI:SP.POP.4044.MA.5Y:HND,1975-12-31,3.72678053462438
WDI:SP.POP.4044.MA.5Y:HND,1976-12-31,3.71027074082694
WDI:SP.POP.4044.MA.5Y:HND,1977-12-31,3.68680400629909
WDI:SP.POP.4044.MA.5Y:HND,1978-12-31,3.6577654831389
WDI:SP.POP.4044.MA.5Y:HND,1979-12-31,3.62431255539469
WDI:SP.POP.4044.MA.5Y:HND,1980-12-31,3.59030244408644
WDI:SP.POP.4044.MA.5Y:HND,1981-12-31,3.55850815681844
WDI:SP.POP.4044.MA.5Y:HND,1982-12-31,3.53138536104275
WDI:SP.POP.4044.MA.5Y:HND,1983-12-31,3.51686684765779
WDI:SP.POP.4044.MA.5Y:HND,1984-12-31,3.52568367388977
WDI:SP.POP.4044.MA.5Y:HND,1985-12-31,3.56219454698083
WDI:SP.POP.4044.MA.5Y:HND,1986-12-31,3.62284784883772
WDI:SP.POP.4044.MA.5Y:HND,1987-12-31,3.71115856253042
WDI:SP.POP.4044.MA.5Y:HND,1988-12-31,3.81387497856792
WDI:SP.POP.4044.MA.5Y:HND,1989-12-31,3.92662359271114
WDI:SP.POP.4044.MA.5Y:HND,1990-12-31,4.0457603818048
WDI:SP.POP.4044.MA.5Y:HND,1991-12-31,4.15063673637213
WDI:SP.POP.4044.MA.5Y:HND,1992-12-31,4.23058109912812
WDI:SP.POP.4044.MA.5Y:HND,1993-12-31,4.2829058408874
WDI:SP.POP.4044.MA.5Y:HND,1994-12-31,4.30592676347255
WDI:SP.POP.4044.MA.5Y:HND,1995-12-31,4.30626539098488
WDI:SP.POP.4044.MA.5Y:HND,1996-12-31,4.2976658648399
WDI:SP.POP.4044.MA.5Y:HND,1997-12-31,4.28174086847148
WDI:SP.POP.4044.MA.5Y:HND,1998-12-31,4.26161090048073
WDI:SP.POP.4044.MA.5Y:HND,1999-12-31,4.23616558396301
WDI:SP.POP.4044.MA.5Y:HND,2000-12-31,4.20522914526122
WDI:SP.POP.4044.MA.5Y:HND,2001-12-31,4.17539942650065
WDI:SP.POP.4044.MA.5Y:HND,2002-12-31,4.15135173155624
WDI:SP.POP.4044.MA.5Y:HND,2003-12-31,4.13684806242116
WDI:SP.POP.4044.MA.5Y:HND,2004-12-31,4.13511118792628
WDI:SP.POP.4044.MA.5Y:HND,2005-12-31,4.14913912550305
WDI:SP.POP.4044.MA.5Y:HND,2006-12-31,4.17873915968585
WDI:SP.POP.4044.MA.5Y:HND,2007-12-31,4.22206433689343
WDI:SP.POP.4044.MA.5Y:HND,2008-12-31,4.27974512513397
WDI:SP.POP.4044.MA.5Y:HND,2009-12-31,4.35340379673341
WDI:SP.POP.4044.MA.5Y:HND,2010-12-31,4.44466224316672
WDI:SP.POP.4044.MA.5Y:HND,2011-12-31,4.55467040503231
WDI:SP.POP.4044.MA.5Y:HND,2012-12-31,4.67849104377497
WDI:SP.POP.4044.MA.5Y:HND,2013-12-31,4.80680339732619
WDI:SP.POP.4044.MA.5Y:HND,2014-12-31,4.94198899047397
WDI:SP.POP.4044.MA.5Y:HND,2015-12-31,5.09311426385044
WDI:SP.POP.4044.MA.5Y:HND,2016-12-31,5.25618410395071
WDI:SP.POP.4044.MA.5Y:HND,2017-12-31,5.42426152799241
WDI:SP.POP.4044.MA.5Y:HND,2018-12-31,5.59602175717103
WDI:SP.POP.4044.MA.5Y:HND,2019-12-31,5.76223762826921
WDI:SP.POP.4044.MA.5Y:HND,2020-12-31,5.90853719170195
WDI:SP.POP.4044.MA.5Y:HND,2021-12-31,6.02971255826176
WDI:SP.POP.4044.MA.5Y:HND,2022-12-31,6.12957348432344
WDI:SP.POP.4044.MA.5Y:HND,2023-12-31,6.21218538351027
WDI:SP.POP.4044.MA.5Y:HND,2024-12-31,6.27852425528448
WDI:SP.POP.4044.MA.5Y:HPC,1960-12-31,4.5933972125019125
WDI:SP.POP.4044.MA.5Y:HPC,1961-12-31,4.580021995486657
WDI:SP.POP.4044.MA.5Y:HPC,1962-12-31,4.564302872354711
WDI:SP.POP.4044.MA.5Y:HPC,1963-12-31,4.548917382739904
WDI:SP.POP.4044.MA.5Y:HPC,1964-12-31,4.5302514592786105
WDI:SP.POP.4044.MA.5Y:HPC,1965-12-31,4.508547429494122
WDI:SP.POP.4044.MA.5Y:HPC,1966-12-31,4.487500416612762
WDI:SP.POP.4044.MA.5Y:HPC,1967-12-31,4.466597685043037
WDI:SP.POP.4044.MA.5Y:HPC,1968-12-31,4.4448810823009985
WDI:SP.POP.4044.MA.5Y:HPC,1969-12-31,4.421455468575166
WDI:SP.POP.4044.MA.5Y:HPC,1970-12-31,4.396522665066921
WDI:SP.POP.4044.MA.5Y:HPC,1971-12-31,4.371021572816447
WDI:SP.POP.4044.MA.5Y:HPC,1972-12-31,4.3437377914565865
WDI:SP.POP.4044.MA.5Y:HPC,1973-12-31,4.3128522020849624
WDI:SP.POP.4044.MA.5Y:HPC,1974-12-31,4.2802048459370665
WDI:SP.POP.4044.MA.5Y:HPC,1975-12-31,4.246465922689561
WDI:SP.POP.4044.MA.5Y:HPC,1976-12-31,4.212419219798969
WDI:SP.POP.4044.MA.5Y:HPC,1977-12-31,4.180152213074125
WDI:SP.POP.4044.MA.5Y:HPC,1978-12-31,4.1497529840008935
WDI:SP.POP.4044.MA.5Y:HPC,1979-12-31,4.1189107162589345
WDI:SP.POP.4044.MA.5Y:HPC,1980-12-31,4.086519764752549
WDI:SP.POP.4044.MA.5Y:HPC,1981-12-31,4.054324622603854
WDI:SP.POP.4044.MA.5Y:HPC,1982-12-31,4.025200914448578
WDI:SP.POP.4044.MA.5Y:HPC,1983-12-31,4.005666677913534
WDI:SP.POP.4044.MA.5Y:HPC,1984-12-31,3.993523700570615
WDI:SP.POP.4044.MA.5Y:HPC,1985-12-31,3.9871919160563647
WDI:SP.POP.4044.MA.5Y:HPC,1986-12-31,3.9847810326150417
WDI:SP.POP.4044.MA.5Y:HPC,1987-12-31,3.981595594861091
WDI:SP.POP.4044.MA.5Y:HPC,1988-12-31,3.9680689638789985
WDI:SP.POP.4044.MA.5Y:HPC,1989-12-31,3.9457174000579154
WDI:SP.POP.4044.MA.5Y:HPC,1990-12-31,3.922531966982391
WDI:SP.POP.4044.MA.5Y:HPC,1991-12-31,3.900929393220817
WDI:SP.POP.4044.MA.5Y:HPC,1992-12-31,3.8842877486571106
WDI:SP.POP.4044.MA.5Y:HPC,1993-12-31,3.876242735293891
WDI:SP.POP.4044.MA.5Y:HPC,1994-12-31,3.8747442373905248
WDI:SP.POP.4044.MA.5Y:HPC,1995-12-31,3.871994568803727
WDI:SP.POP.4044.MA.5Y:HPC,1996-12-31,3.862825026716039
WDI:SP.POP.4044.MA.5Y:HPC,1997-12-31,3.8502810479789273
WDI:SP.POP.4044.MA.5Y:HPC,1998-12-31,3.846032273248778
WDI:SP.POP.4044.MA.5Y:HPC,1999-12-31,3.8486849020665868
WDI:SP.POP.4044.MA.5Y:HPC,2000-12-31,3.854375332091269
WDI:SP.POP.4044.MA.5Y:HPC,2001-12-31,3.864937391512546
WDI:SP.POP.4044.MA.5Y:HPC,2002-12-31,3.8784143307298313
WDI:SP.POP.4044.MA.5Y:HPC,2003-12-31,3.8910699265857134
WDI:SP.POP.4044.MA.5Y:HPC,2004-12-31,3.9028027615292937
WDI:SP.POP.4044.MA.5Y:HPC,2005-12-31,3.9155329411709756
WDI:SP.POP.4044.MA.5Y:HPC,2006-12-31,3.9291775534466438
WDI:SP.POP.4044.MA.5Y:HPC,2007-12-31,3.9459067431616592
WDI:SP.POP.4044.MA.5Y:HPC,2008-12-31,3.968377784056117
WDI:SP.POP.4044.MA.5Y:HPC,2009-12-31,3.9946044782436485
WDI:SP.POP.4044.MA.5Y:HPC,2010-12-31,4.0218027719402984
WDI:SP.POP.4044.MA.5Y:HPC,2011-12-31,4.048837419745589
WDI:SP.POP.4044.MA.5Y:HPC,2012-12-31,4.074107760628746
WDI:SP.POP.4044.MA.5Y:HPC,2013-12-31,4.095732420993269
WDI:SP.POP.4044.MA.5Y:HPC,2014-12-31,4.113417538961468
WDI:SP.POP.4044.MA.5Y:HPC,2015-12-31,4.130431677596071
WDI:SP.POP.4044.MA.5Y:HPC,2016-12-31,4.150860703401885
WDI:SP.POP.4044.MA.5Y:HPC,2017-12-31,4.175971860214516
WDI:SP.POP.4044.MA.5Y:HPC,2018-12-31,4.207094929008286
WDI:SP.POP.4044.MA.5Y:HPC,2019-12-31,4.245702233986005
WDI:SP.POP.4044.MA.5Y:HPC,2020-12-31,4.288536335917632
WDI:SP.POP.4044.MA.5Y:HPC,2021-12-31,4.329587553458898
WDI:SP.POP.4044.MA.5Y:HPC,2022-12-31,4.367840918372173
WDI:SP.POP.4044.MA.5Y:HPC,2023-12-31,4.403829475449935
WDI:SP.POP.4044.MA.5Y:HPC,2024-12-31,4.436637203228997
WDI:SP.POP.4044.MA.5Y:HRV,1960-12-31,4.06609346743234
WDI:SP.POP.4044.MA.5Y:HRV,1961-12-31,4.40968312042352
WDI:SP.POP.4044.MA.5Y:HRV,1962-12-31,4.88978080964273
WDI:SP.POP.4044.MA.5Y:HRV,1963-12-31,5.349120264137
WDI:SP.POP.4044.MA.5Y:HRV,1964-12-31,5.70686097918014
WDI:SP.POP.4044.MA.5Y:HRV,1965-12-31,5.96371520535149
WDI:SP.POP.4044.MA.5Y:HRV,1966-12-31,6.17177338843914
WDI:SP.POP.4044.MA.5Y:HRV,1967-12-31,6.40876005499753
WDI:SP.POP.4044.MA.5Y:HRV,1968-12-31,6.71248289955278
WDI:SP.POP.4044.MA.5Y:HRV,1969-12-31,7.06919044971977
WDI:SP.POP.4044.MA.5Y:HRV,1970-12-31,7.43774892107821
WDI:SP.POP.4044.MA.5Y:HRV,1971-12-31,7.76291764809074
WDI:SP.POP.4044.MA.5Y:HRV,1972-12-31,8.0026481893864
WDI:SP.POP.4044.MA.5Y:HRV,1973-12-31,8.13885119907514
WDI:SP.POP.4044.MA.5Y:HRV,1974-12-31,8.17353704476167
WDI:SP.POP.4044.MA.5Y:HRV,1975-12-31,8.12513876458888
WDI:SP.POP.4044.MA.5Y:HRV,1976-12-31,8.02334396805073
WDI:SP.POP.4044.MA.5Y:HRV,1977-12-31,7.8955722016283
WDI:SP.POP.4044.MA.5Y:HRV,1978-12-31,7.74608784868683
WDI:SP.POP.4044.MA.5Y:HRV,1979-12-31,7.57605295871189
WDI:SP.POP.4044.MA.5Y:HRV,1980-12-31,7.39925869020316
WDI:SP.POP.4044.MA.5Y:HRV,1981-12-31,7.21630929311182
WDI:SP.POP.4044.MA.5Y:HRV,1982-12-31,7.01655567581446
WDI:SP.POP.4044.MA.5Y:HRV,1983-12-31,6.78465294403254
WDI:SP.POP.4044.MA.5Y:HRV,1984-12-31,6.49298016951792
WDI:SP.POP.4044.MA.5Y:HRV,1985-12-31,6.16738534080053
WDI:SP.POP.4044.MA.5Y:HRV,1986-12-31,5.99686449014353
WDI:SP.POP.4044.MA.5Y:HRV,1987-12-31,6.06616775621206
WDI:SP.POP.4044.MA.5Y:HRV,1988-12-31,6.29754817474605
WDI:SP.POP.4044.MA.5Y:HRV,1989-12-31,6.70969740381267
WDI:SP.POP.4044.MA.5Y:HRV,1990-12-31,7.27980247534603
WDI:SP.POP.4044.MA.5Y:HRV,1991-12-31,7.67724126798536
WDI:SP.POP.4044.MA.5Y:HRV,1992-12-31,7.85316744180576
WDI:SP.POP.4044.MA.5Y:HRV,1993-12-31,8.00952196796147
WDI:SP.POP.4044.MA.5Y:HRV,1994-12-31,8.12701656066507
WDI:SP.POP.4044.MA.5Y:HRV,1995-12-31,8.20585097951857
WDI:SP.POP.4044.MA.5Y:HRV,1996-12-31,8.29375080743788
WDI:SP.POP.4044.MA.5Y:HRV,1997-12-31,8.32453533145047
WDI:SP.POP.4044.MA.5Y:HRV,1998-12-31,8.26071595556306
WDI:SP.POP.4044.MA.5Y:HRV,1999-12-31,8.15695318357392
WDI:SP.POP.4044.MA.5Y:HRV,2000-12-31,8.02294606438779
WDI:SP.POP.4044.MA.5Y:HRV,2001-12-31,7.89532939571383
WDI:SP.POP.4044.MA.5Y:HRV,2002-12-31,7.79076642923991
WDI:SP.POP.4044.MA.5Y:HRV,2003-12-31,7.69990688938783
WDI:SP.POP.4044.MA.5Y:HRV,2004-12-31,7.58640638672279
WDI:SP.POP.4044.MA.5Y:HRV,2005-12-31,7.49903463658801
WDI:SP.POP.4044.MA.5Y:HRV,2006-12-31,7.453487699545
WDI:SP.POP.4044.MA.5Y:HRV,2007-12-31,7.40288201762911
WDI:SP.POP.4044.MA.5Y:HRV,2008-12-31,7.33253019244553
WDI:SP.POP.4044.MA.5Y:HRV,2009-12-31,7.24421168462131
WDI:SP.POP.4044.MA.5Y:HRV,2010-12-31,7.09353075616373
WDI:SP.POP.4044.MA.5Y:HRV,2011-12-31,6.9315584795648
WDI:SP.POP.4044.MA.5Y:HRV,2012-12-31,6.85108795126416
WDI:SP.POP.4044.MA.5Y:HRV,2013-12-31,6.82780842298597
WDI:SP.POP.4044.MA.5Y:HRV,2014-12-31,6.84827166476225
WDI:SP.POP.4044.MA.5Y:HRV,2015-12-31,6.91942521065211
WDI:SP.POP.4044.MA.5Y:HRV,2016-12-31,6.99185543075861
WDI:SP.POP.4044.MA.5Y:HRV,2017-12-31,7.04714340866978
WDI:SP.POP.4044.MA.5Y:HRV,2018-12-31,7.1212205625334
WDI:SP.POP.4044.MA.5Y:HRV,2019-12-31,7.2063755527426
WDI:SP.POP.4044.MA.5Y:HRV,2020-12-31,7.30144505962219
WDI:SP.POP.4044.MA.5Y:HRV,2021-12-31,7.37530934703979
WDI:SP.POP.4044.MA.5Y:HRV,2022-12-31,7.3980419509123
WDI:SP.POP.4044.MA.5Y:HRV,2023-12-31,7.38525158660497
WDI:SP.POP.4044.MA.5Y:HRV,2024-12-31,7.3598421740862
WDI:SP.POP.4044.MA.5Y:HTI,1960-12-31,4.69581510091563
WDI:SP.POP.4044.MA.5Y:HTI,1961-12-31,4.62750706967173
WDI:SP.POP.4044.MA.5Y:HTI,1962-12-31,4.56214656635119
WDI:SP.POP.4044.MA.5Y:HTI,1963-12-31,4.50034954342545
WDI:SP.POP.4044.MA.5Y:HTI,1964-12-31,4.43827288708815
WDI:SP.POP.4044.MA.5Y:HTI,1965-12-31,4.37619850629036
WDI:SP.POP.4044.MA.5Y:HTI,1966-12-31,4.31580079246795
WDI:SP.POP.4044.MA.5Y:HTI,1967-12-31,4.25588813743799
WDI:SP.POP.4044.MA.5Y:HTI,1968-12-31,4.20284701511982
WDI:SP.POP.4044.MA.5Y:HTI,1969-12-31,4.16758167196525
WDI:SP.POP.4044.MA.5Y:HTI,1970-12-31,4.15431283374131
WDI:SP.POP.4044.MA.5Y:HTI,1971-12-31,4.16168797039333
WDI:SP.POP.4044.MA.5Y:HTI,1972-12-31,4.18899881140844
WDI:SP.POP.4044.MA.5Y:HTI,1973-12-31,4.23247065198701
WDI:SP.POP.4044.MA.5Y:HTI,1974-12-31,4.28511351157389
WDI:SP.POP.4044.MA.5Y:HTI,1975-12-31,4.34105579637474
WDI:SP.POP.4044.MA.5Y:HTI,1976-12-31,4.40265615766797
WDI:SP.POP.4044.MA.5Y:HTI,1977-12-31,4.47156232366689
WDI:SP.POP.4044.MA.5Y:HTI,1978-12-31,4.53906472480855
WDI:SP.POP.4044.MA.5Y:HTI,1979-12-31,4.59169355386229
WDI:SP.POP.4044.MA.5Y:HTI,1980-12-31,4.62332064793803
WDI:SP.POP.4044.MA.5Y:HTI,1981-12-31,4.63355079690924
WDI:SP.POP.4044.MA.5Y:HTI,1982-12-31,4.62456946679032
WDI:SP.POP.4044.MA.5Y:HTI,1983-12-31,4.60522171845136
WDI:SP.POP.4044.MA.5Y:HTI,1984-12-31,4.58559054288433
WDI:SP.POP.4044.MA.5Y:HTI,1985-12-31,4.56770510245579
WDI:SP.POP.4044.MA.5Y:HTI,1986-12-31,4.54281380215271
WDI:SP.POP.4044.MA.5Y:HTI,1987-12-31,4.49998129690117
WDI:SP.POP.4044.MA.5Y:HTI,1988-12-31,4.45240905544467
WDI:SP.POP.4044.MA.5Y:HTI,1989-12-31,4.40294828597205
WDI:SP.POP.4044.MA.5Y:HTI,1990-12-31,4.3604688466823
WDI:SP.POP.4044.MA.5Y:HTI,1991-12-31,4.34449504218827
WDI:SP.POP.4044.MA.5Y:HTI,1992-12-31,4.35530787447985
WDI:SP.POP.4044.MA.5Y:HTI,1993-12-31,4.37943651431404
WDI:SP.POP.4044.MA.5Y:HTI,1994-12-31,4.41323845077122
WDI:SP.POP.4044.MA.5Y:HTI,1995-12-31,4.45237720591961
WDI:SP.POP.4044.MA.5Y:HTI,1996-12-31,4.48572044024997
WDI:SP.POP.4044.MA.5Y:HTI,1997-12-31,4.51441683768091
WDI:SP.POP.4044.MA.5Y:HTI,1998-12-31,4.53850355753587
WDI:SP.POP.4044.MA.5Y:HTI,1999-12-31,4.56239830389209
WDI:SP.POP.4044.MA.5Y:HTI,2000-12-31,4.58264754062973
WDI:SP.POP.4044.MA.5Y:HTI,2001-12-31,4.6004314202938
WDI:SP.POP.4044.MA.5Y:HTI,2002-12-31,4.62327141139087
WDI:SP.POP.4044.MA.5Y:HTI,2003-12-31,4.65173567159088
WDI:SP.POP.4044.MA.5Y:HTI,2004-12-31,4.68581885522844
WDI:SP.POP.4044.MA.5Y:HTI,2005-12-31,4.72438942342878
WDI:SP.POP.4044.MA.5Y:HTI,2006-12-31,4.76308501564205
WDI:SP.POP.4044.MA.5Y:HTI,2007-12-31,4.80077465339919
WDI:SP.POP.4044.MA.5Y:HTI,2008-12-31,4.83740540508576
WDI:SP.POP.4044.MA.5Y:HTI,2009-12-31,4.87107472577262
WDI:SP.POP.4044.MA.5Y:HTI,2010-12-31,4.90684017025382
WDI:SP.POP.4044.MA.5Y:HTI,2011-12-31,4.94996649691636
WDI:SP.POP.4044.MA.5Y:HTI,2012-12-31,5.00238234368679
WDI:SP.POP.4044.MA.5Y:HTI,2013-12-31,5.06564543454166
WDI:SP.POP.4044.MA.5Y:HTI,2014-12-31,5.13830403139062
WDI:SP.POP.4044.MA.5Y:HTI,2015-12-31,5.21946977246201
WDI:SP.POP.4044.MA.5Y:HTI,2016-12-31,5.30454025886783
WDI:SP.POP.4044.MA.5Y:HTI,2017-12-31,5.38955522297041
WDI:SP.POP.4044.MA.5Y:HTI,2018-12-31,5.47357216165923
WDI:SP.POP.4044.MA.5Y:HTI,2019-12-31,5.55515622070221
WDI:SP.POP.4044.MA.5Y:HTI,2020-12-31,5.63609875393976
WDI:SP.POP.4044.MA.5Y:HTI,2021-12-31,5.71585334766893
WDI:SP.POP.4044.MA.5Y:HTI,2022-12-31,5.79545056700538
WDI:SP.POP.4044.MA.5Y:HTI,2023-12-31,5.87906493834686
WDI:SP.POP.4044.MA.5Y:HTI,2024-12-31,5.97019306631217
WDI:SP.POP.4044.MA.5Y:HUN,1960-12-31,4.63668305767487
WDI:SP.POP.4044.MA.5Y:HUN,1961-12-31,5.21263194519485
WDI:SP.POP.4044.MA.5Y:HUN,1962-12-31,5.94111928081199
WDI:SP.POP.4044.MA.5Y:HUN,1963-12-31,6.69538801266038
WDI:SP.POP.4044.MA.5Y:HUN,1964-12-31,7.14355247962203
WDI:SP.POP.4044.MA.5Y:HUN,1965-12-31,7.25704963735344
WDI:SP.POP.4044.MA.5Y:HUN,1966-12-31,7.29150707577745
WDI:SP.POP.4044.MA.5Y:HUN,1967-12-31,7.24317275583972
WDI:SP.POP.4044.MA.5Y:HUN,1968-12-31,7.18254095006591
WDI:SP.POP.4044.MA.5Y:HUN,1969-12-31,7.15735786407968
WDI:SP.POP.4044.MA.5Y:HUN,1970-12-31,7.13920607770407
WDI:SP.POP.4044.MA.5Y:HUN,1971-12-31,7.07556490025569
WDI:SP.POP.4044.MA.5Y:HUN,1972-12-31,7.00922993134167
WDI:SP.POP.4044.MA.5Y:HUN,1973-12-31,6.93347329174369
WDI:SP.POP.4044.MA.5Y:HUN,1974-12-31,6.80860366386553
WDI:SP.POP.4044.MA.5Y:HUN,1975-12-31,6.62564515723942
WDI:SP.POP.4044.MA.5Y:HUN,1976-12-31,6.42846564689038
WDI:SP.POP.4044.MA.5Y:HUN,1977-12-31,6.2651057746518
WDI:SP.POP.4044.MA.5Y:HUN,1978-12-31,6.14038466377243
WDI:SP.POP.4044.MA.5Y:HUN,1979-12-31,6.06679583999086
WDI:SP.POP.4044.MA.5Y:HUN,1980-12-31,6.08914499783764
WDI:SP.POP.4044.MA.5Y:HUN,1981-12-31,6.1933110387305
WDI:SP.POP.4044.MA.5Y:HUN,1982-12-31,6.33718881375088
WDI:SP.POP.4044.MA.5Y:HUN,1983-12-31,6.48865696152751
WDI:SP.POP.4044.MA.5Y:HUN,1984-12-31,6.67069253991658
WDI:SP.POP.4044.MA.5Y:HUN,1985-12-31,6.7607640039685
WDI:SP.POP.4044.MA.5Y:HUN,1986-12-31,6.7365889268821
WDI:SP.POP.4044.MA.5Y:HUN,1987-12-31,6.79829245649181
WDI:SP.POP.4044.MA.5Y:HUN,1988-12-31,6.94641292795307
WDI:SP.POP.4044.MA.5Y:HUN,1989-12-31,7.0813912226666
WDI:SP.POP.4044.MA.5Y:HUN,1990-12-31,7.29614874850477
WDI:SP.POP.4044.MA.5Y:HUN,1991-12-31,7.59098558473277
WDI:SP.POP.4044.MA.5Y:HUN,1992-12-31,7.74773970111591
WDI:SP.POP.4044.MA.5Y:HUN,1993-12-31,7.87935985545123
WDI:SP.POP.4044.MA.5Y:HUN,1994-12-31,8.14512150243248
WDI:SP.POP.4044.MA.5Y:HUN,1995-12-31,8.39373328573106
WDI:SP.POP.4044.MA.5Y:HUN,1996-12-31,8.52948656879183
WDI:SP.POP.4044.MA.5Y:HUN,1997-12-31,8.5438815144461
WDI:SP.POP.4044.MA.5Y:HUN,1998-12-31,8.34753606952767
WDI:SP.POP.4044.MA.5Y:HUN,1999-12-31,7.91967803342712
WDI:SP.POP.4044.MA.5Y:HUN,2000-12-31,7.43690506893176
WDI:SP.POP.4044.MA.5Y:HUN,2001-12-31,7.03474608171341
WDI:SP.POP.4044.MA.5Y:HUN,2002-12-31,6.7155453206365
WDI:SP.POP.4044.MA.5Y:HUN,2003-12-31,6.50513948239186
WDI:SP.POP.4044.MA.5Y:HUN,2004-12-31,6.38729790397755
WDI:SP.POP.4044.MA.5Y:HUN,2005-12-31,6.31721993333021
WDI:SP.POP.4044.MA.5Y:HUN,2006-12-31,6.31146810338787
WDI:SP.POP.4044.MA.5Y:HUN,2007-12-31,6.46530957912548
WDI:SP.POP.4044.MA.5Y:HUN,2008-12-31,6.74003416006635
WDI:SP.POP.4044.MA.5Y:HUN,2009-12-31,7.02094810702402
WDI:SP.POP.4044.MA.5Y:HUN,2010-12-31,7.29092426545447
WDI:SP.POP.4044.MA.5Y:HUN,2011-12-31,7.53442269365574
WDI:SP.POP.4044.MA.5Y:HUN,2012-12-31,7.68501056343364
WDI:SP.POP.4044.MA.5Y:HUN,2013-12-31,7.74813700954811
WDI:SP.POP.4044.MA.5Y:HUN,2014-12-31,7.92799196272917
WDI:SP.POP.4044.MA.5Y:HUN,2015-12-31,8.30236338192402
WDI:SP.POP.4044.MA.5Y:HUN,2016-12-31,8.69140013619341
WDI:SP.POP.4044.MA.5Y:HUN,2017-12-31,8.99588866146811
WDI:SP.POP.4044.MA.5Y:HUN,2018-12-31,9.20271549856361
WDI:SP.POP.4044.MA.5Y:HUN,2019-12-31,9.18048640549838
WDI:SP.POP.4044.MA.5Y:HUN,2020-12-31,8.88007219920663
WDI:SP.POP.4044.MA.5Y:HUN,2021-12-31,8.48116871453261
WDI:SP.POP.4044.MA.5Y:HUN,2022-12-31,8.09047530373175
WDI:SP.POP.4044.MA.5Y:HUN,2023-12-31,7.70550503708037
WDI:SP.POP.4044.MA.5Y:HUN,2024-12-31,7.33588053649458
WDI:SP.POP.4044.MA.5Y:IBD,1960-12-31,4.852505579601614
WDI:SP.POP.4044.MA.5Y:IBD,1961-12-31,4.862755626137542
WDI:SP.POP.4044.MA.5Y:IBD,1962-12-31,4.883588423091898
WDI:SP.POP.4044.MA.5Y:IBD,1963-12-31,4.90007537626577
WDI:SP.POP.4044.MA.5Y:IBD,1964-12-31,4.934443128537825
WDI:SP.POP.4044.MA.5Y:IBD,1965-12-31,4.98381945217018
WDI:SP.POP.4044.MA.5Y:IBD,1966-12-31,5.030369200376177
WDI:SP.POP.4044.MA.5Y:IBD,1967-12-31,5.091378176836721
WDI:SP.POP.4044.MA.5Y:IBD,1968-12-31,5.157802237829698
WDI:SP.POP.4044.MA.5Y:IBD,1969-12-31,5.1936927697544055
WDI:SP.POP.4044.MA.5Y:IBD,1970-12-31,5.206850362992569
WDI:SP.POP.4044.MA.5Y:IBD,1971-12-31,5.201594639284227
WDI:SP.POP.4044.MA.5Y:IBD,1972-12-31,5.169339166047423
WDI:SP.POP.4044.MA.5Y:IBD,1973-12-31,5.121184252111344
WDI:SP.POP.4044.MA.5Y:IBD,1974-12-31,5.070704063067961
WDI:SP.POP.4044.MA.5Y:IBD,1975-12-31,5.030076083445384
WDI:SP.POP.4044.MA.5Y:IBD,1976-12-31,5.0171402944255385
WDI:SP.POP.4044.MA.5Y:IBD,1977-12-31,5.029598227253635
WDI:SP.POP.4044.MA.5Y:IBD,1978-12-31,5.039175406674459
WDI:SP.POP.4044.MA.5Y:IBD,1979-12-31,5.022778709362578
WDI:SP.POP.4044.MA.5Y:IBD,1980-12-31,4.981548820452474
WDI:SP.POP.4044.MA.5Y:IBD,1981-12-31,4.924916012100083
WDI:SP.POP.4044.MA.5Y:IBD,1982-12-31,4.828068683163881
WDI:SP.POP.4044.MA.5Y:IBD,1983-12-31,4.698698097094164
WDI:SP.POP.4044.MA.5Y:IBD,1984-12-31,4.592328529738892
WDI:SP.POP.4044.MA.5Y:IBD,1985-12-31,4.524204611397964
WDI:SP.POP.4044.MA.5Y:IBD,1986-12-31,4.50787878093539
WDI:SP.POP.4044.MA.5Y:IBD,1987-12-31,4.565855963257241
WDI:SP.POP.4044.MA.5Y:IBD,1988-12-31,4.6878592516852
WDI:SP.POP.4044.MA.5Y:IBD,1989-12-31,4.8665513697113845
WDI:SP.POP.4044.MA.5Y:IBD,1990-12-31,5.092420672081579
WDI:SP.POP.4044.MA.5Y:IBD,1991-12-31,5.313238634483477
WDI:SP.POP.4044.MA.5Y:IBD,1992-12-31,5.534730611666003
WDI:SP.POP.4044.MA.5Y:IBD,1993-12-31,5.755122204631829
WDI:SP.POP.4044.MA.5Y:IBD,1994-12-31,5.931344071020656
WDI:SP.POP.4044.MA.5Y:IBD,1995-12-31,6.069726025548017
WDI:SP.POP.4044.MA.5Y:IBD,1996-12-31,6.17607977859689
WDI:SP.POP.4044.MA.5Y:IBD,1997-12-31,6.258511288907658
WDI:SP.POP.4044.MA.5Y:IBD,1998-12-31,6.309732936712639
WDI:SP.POP.4044.MA.5Y:IBD,1999-12-31,6.280224615402238
WDI:SP.POP.4044.MA.5Y:IBD,2000-12-31,6.183295827184178
WDI:SP.POP.4044.MA.5Y:IBD,2001-12-31,6.07546486716026
WDI:SP.POP.4044.MA.5Y:IBD,2002-12-31,6.048628448248064
WDI:SP.POP.4044.MA.5Y:IBD,2003-12-31,6.197638562796842
WDI:SP.POP.4044.MA.5Y:IBD,2004-12-31,6.437971359144239
WDI:SP.POP.4044.MA.5Y:IBD,2005-12-31,6.674098416424938
WDI:SP.POP.4044.MA.5Y:IBD,2006-12-31,6.909301958405077
WDI:SP.POP.4044.MA.5Y:IBD,2007-12-31,7.031107739928185
WDI:SP.POP.4044.MA.5Y:IBD,2008-12-31,7.019532317366563
WDI:SP.POP.4044.MA.5Y:IBD,2009-12-31,7.015596127924657
WDI:SP.POP.4044.MA.5Y:IBD,2010-12-31,7.049385469209086
WDI:SP.POP.4044.MA.5Y:IBD,2011-12-31,7.0891056075272125
WDI:SP.POP.4044.MA.5Y:IBD,2012-12-31,7.12866338225563
WDI:SP.POP.4044.MA.5Y:IBD,2013-12-31,7.12883619358822
WDI:SP.POP.4044.MA.5Y:IBD,2014-12-31,7.073926948527783
WDI:SP.POP.4044.MA.5Y:IBD,2015-12-31,6.982046424376858
WDI:SP.POP.4044.MA.5Y:IBD,2016-12-31,6.875836540851317
WDI:SP.POP.4044.MA.5Y:IBD,2017-12-31,6.7768087827593675
WDI:SP.POP.4044.MA.5Y:IBD,2018-12-31,6.68811579963416
WDI:SP.POP.4044.MA.5Y:IBD,2019-12-31,6.6448962211665945
WDI:SP.POP.4044.MA.5Y:IBD,2020-12-31,6.668326203490581
WDI:SP.POP.4044.MA.5Y:IBD,2021-12-31,6.742478143894844
WDI:SP.POP.4044.MA.5Y:IBD,2022-12-31,6.866514546679338
WDI:SP.POP.4044.MA.5Y:IBD,2023-12-31,7.001986730748821
WDI:SP.POP.4044.MA.5Y:IBD,2024-12-31,7.113888631165205
WDI:SP.POP.4044.MA.5Y:IBT,1960-12-31,4.829258165999154
WDI:SP.POP.4044.MA.5Y:IBT,1961-12-31,4.835427088660089
WDI:SP.POP.4044.MA.5Y:IBT,1962-12-31,4.849968130970986
WDI:SP.POP.4044.MA.5Y:IBT,1963-12-31,4.861150709980946
WDI:SP.POP.4044.MA.5Y:IBT,1964-12-31,4.887366154540398
WDI:SP.POP.4044.MA.5Y:IBT,1965-12-31,4.926251884488589
WDI:SP.POP.4044.MA.5Y:IBT,1966-12-31,4.963481277202208
WDI:SP.POP.4044.MA.5Y:IBT,1967-12-31,5.0130455200994275
WDI:SP.POP.4044.MA.5Y:IBT,1968-12-31,5.066783710817156
WDI:SP.POP.4044.MA.5Y:IBT,1969-12-31,5.09431338242432
WDI:SP.POP.4044.MA.5Y:IBT,1970-12-31,5.1019889614328555
WDI:SP.POP.4044.MA.5Y:IBT,1971-12-31,5.093324136043764
WDI:SP.POP.4044.MA.5Y:IBT,1972-12-31,5.061046638547138
WDI:SP.POP.4044.MA.5Y:IBT,1973-12-31,5.01479612385742
WDI:SP.POP.4044.MA.5Y:IBT,1974-12-31,4.966387773577639
WDI:SP.POP.4044.MA.5Y:IBT,1975-12-31,4.925946206599771
WDI:SP.POP.4044.MA.5Y:IBT,1976-12-31,4.908229255934892
WDI:SP.POP.4044.MA.5Y:IBT,1977-12-31,4.911920595549542
WDI:SP.POP.4044.MA.5Y:IBT,1978-12-31,4.9135545953590025
WDI:SP.POP.4044.MA.5Y:IBT,1979-12-31,4.893286731035644
WDI:SP.POP.4044.MA.5Y:IBT,1980-12-31,4.851719600899864
WDI:SP.POP.4044.MA.5Y:IBT,1981-12-31,4.797836362139314
WDI:SP.POP.4044.MA.5Y:IBT,1982-12-31,4.712230849684723
WDI:SP.POP.4044.MA.5Y:IBT,1983-12-31,4.601485654543636
WDI:SP.POP.4044.MA.5Y:IBT,1984-12-31,4.511071612738937
WDI:SP.POP.4044.MA.5Y:IBT,1985-12-31,4.453463617679737
WDI:SP.POP.4044.MA.5Y:IBT,1986-12-31,4.438936967149329
WDI:SP.POP.4044.MA.5Y:IBT,1987-12-31,4.484260007516401
WDI:SP.POP.4044.MA.5Y:IBT,1988-12-31,4.578126470763559
WDI:SP.POP.4044.MA.5Y:IBT,1989-12-31,4.714203330030954
WDI:SP.POP.4044.MA.5Y:IBT,1990-12-31,4.888282520401135
WDI:SP.POP.4044.MA.5Y:IBT,1991-12-31,5.059680165201552
WDI:SP.POP.4044.MA.5Y:IBT,1992-12-31,5.23287958269979
WDI:SP.POP.4044.MA.5Y:IBT,1993-12-31,5.408359315834431
WDI:SP.POP.4044.MA.5Y:IBT,1994-12-31,5.551943403235801
WDI:SP.POP.4044.MA.5Y:IBT,1995-12-31,5.665731914315662
WDI:SP.POP.4044.MA.5Y:IBT,1996-12-31,5.752794179192435
WDI:SP.POP.4044.MA.5Y:IBT,1997-12-31,5.820125264676099
WDI:SP.POP.4044.MA.5Y:IBT,1998-12-31,5.863263617491123
WDI:SP.POP.4044.MA.5Y:IBT,1999-12-31,5.843400030468549
WDI:SP.POP.4044.MA.5Y:IBT,2000-12-31,5.771006753585548
WDI:SP.POP.4044.MA.5Y:IBT,2001-12-31,5.690082712714432
WDI:SP.POP.4044.MA.5Y:IBT,2002-12-31,5.671056541379418
WDI:SP.POP.4044.MA.5Y:IBT,2003-12-31,5.7867757551599555
WDI:SP.POP.4044.MA.5Y:IBT,2004-12-31,5.971346927010245
WDI:SP.POP.4044.MA.5Y:IBT,2005-12-31,6.1507072620558505
WDI:SP.POP.4044.MA.5Y:IBT,2006-12-31,6.327478121502105
WDI:SP.POP.4044.MA.5Y:IBT,2007-12-31,6.416454635149309
WDI:SP.POP.4044.MA.5Y:IBT,2008-12-31,6.403807912361549
WDI:SP.POP.4044.MA.5Y:IBT,2009-12-31,6.397356189136221
WDI:SP.POP.4044.MA.5Y:IBT,2010-12-31,6.420012884547411
WDI:SP.POP.4044.MA.5Y:IBT,2011-12-31,6.447791074141806
WDI:SP.POP.4044.MA.5Y:IBT,2012-12-31,6.476689006357156
WDI:SP.POP.4044.MA.5Y:IBT,2013-12-31,6.476763003158325
WDI:SP.POP.4044.MA.5Y:IBT,2014-12-31,6.435761006084427
WDI:SP.POP.4044.MA.5Y:IBT,2015-12-31,6.368029748198085
WDI:SP.POP.4044.MA.5Y:IBT,2016-12-31,6.290770600639145
WDI:SP.POP.4044.MA.5Y:IBT,2017-12-31,6.219986038438861
WDI:SP.POP.4044.MA.5Y:IBT,2018-12-31,6.159316849135559
WDI:SP.POP.4044.MA.5Y:IBT,2019-12-31,6.136315549030973
WDI:SP.POP.4044.MA.5Y:IBT,2020-12-31,6.1653894299424294
WDI:SP.POP.4044.MA.5Y:IBT,2021-12-31,6.232296123470985
WDI:SP.POP.4044.MA.5Y:IBT,2022-12-31,6.334011553982334
WDI:SP.POP.4044.MA.5Y:IBT,2023-12-31,6.44195300815879
WDI:SP.POP.4044.MA.5Y:IBT,2024-12-31,6.530994409313232
WDI:SP.POP.4044.MA.5Y:IDA,1960-12-31,4.718510008499902
WDI:SP.POP.4044.MA.5Y:IDA,1961-12-31,4.706934487053841
WDI:SP.POP.4044.MA.5Y:IDA,1962-12-31,4.6929895399996004
WDI:SP.POP.4044.MA.5Y:IDA,1963-12-31,4.679685893045741
WDI:SP.POP.4044.MA.5Y:IDA,1964-12-31,4.668413349427629
WDI:SP.POP.4044.MA.5Y:IDA,1965-12-31,4.659341917512352
WDI:SP.POP.4044.MA.5Y:IDA,1966-12-31,4.654170029179017
WDI:SP.POP.4044.MA.5Y:IDA,1967-12-31,4.652042781149759
WDI:SP.POP.4044.MA.5Y:IDA,1968-12-31,4.648835699749248
WDI:SP.POP.4044.MA.5Y:IDA,1969-12-31,4.639497274349115
WDI:SP.POP.4044.MA.5Y:IDA,1970-12-31,4.6234256905483955
WDI:SP.POP.4044.MA.5Y:IDA,1971-12-31,4.5995903220011485
WDI:SP.POP.4044.MA.5Y:IDA,1972-12-31,4.568145649686586
WDI:SP.POP.4044.MA.5Y:IDA,1973-12-31,4.53288903028135
WDI:SP.POP.4044.MA.5Y:IDA,1974-12-31,4.496590105730496
WDI:SP.POP.4044.MA.5Y:IDA,1975-12-31,4.459719672429805
WDI:SP.POP.4044.MA.5Y:IDA,1976-12-31,4.423534848010165
WDI:SP.POP.4044.MA.5Y:IDA,1977-12-31,4.391637502593443
WDI:SP.POP.4044.MA.5Y:IDA,1978-12-31,4.362327077504584
WDI:SP.POP.4044.MA.5Y:IDA,1979-12-31,4.329968201108339
WDI:SP.POP.4044.MA.5Y:IDA,1980-12-31,4.2918391885017
WDI:SP.POP.4044.MA.5Y:IDA,1981-12-31,4.254159890440304
WDI:SP.POP.4044.MA.5Y:IDA,1982-12-31,4.2205881811990285
WDI:SP.POP.4044.MA.5Y:IDA,1983-12-31,4.192396835676763
WDI:SP.POP.4044.MA.5Y:IDA,1984-12-31,4.171920475342204
WDI:SP.POP.4044.MA.5Y:IDA,1985-12-31,4.16066842200837
WDI:SP.POP.4044.MA.5Y:IDA,1986-12-31,4.155948998529749
WDI:SP.POP.4044.MA.5Y:IDA,1987-12-31,4.152026083785175
WDI:SP.POP.4044.MA.5Y:IDA,1988-12-31,4.134859976577908
WDI:SP.POP.4044.MA.5Y:IDA,1989-12-31,4.103830779581304
WDI:SP.POP.4044.MA.5Y:IDA,1990-12-31,4.0774449482434285
WDI:SP.POP.4044.MA.5Y:IDA,1991-12-31,4.061841004792061
WDI:SP.POP.4044.MA.5Y:IDA,1992-12-31,4.057651038436352
WDI:SP.POP.4044.MA.5Y:IDA,1993-12-31,4.074045433013151
WDI:SP.POP.4044.MA.5Y:IDA,1994-12-31,4.109351119123475
WDI:SP.POP.4044.MA.5Y:IDA,1995-12-31,4.148159462414094
WDI:SP.POP.4044.MA.5Y:IDA,1996-12-31,4.1819805671386145
WDI:SP.POP.4044.MA.5Y:IDA,1997-12-31,4.212266825336796
WDI:SP.POP.4044.MA.5Y:IDA,1998-12-31,4.244480791612528
WDI:SP.POP.4044.MA.5Y:IDA,1999-12-31,4.27773497689633
WDI:SP.POP.4044.MA.5Y:IDA,2000-12-31,4.310769300927589
WDI:SP.POP.4044.MA.5Y:IDA,2001-12-31,4.341726624377528
WDI:SP.POP.4044.MA.5Y:IDA,2002-12-31,4.3666378567225275
WDI:SP.POP.4044.MA.5Y:IDA,2003-12-31,4.385313564353606
WDI:SP.POP.4044.MA.5Y:IDA,2004-12-31,4.399342062172489
WDI:SP.POP.4044.MA.5Y:IDA,2005-12-31,4.409420417744647
WDI:SP.POP.4044.MA.5Y:IDA,2006-12-31,4.416926455463025
WDI:SP.POP.4044.MA.5Y:IDA,2007-12-31,4.425677726808174
WDI:SP.POP.4044.MA.5Y:IDA,2008-12-31,4.436111343661306
WDI:SP.POP.4044.MA.5Y:IDA,2009-12-31,4.447062209638268
WDI:SP.POP.4044.MA.5Y:IDA,2010-12-31,4.459865054671028
WDI:SP.POP.4044.MA.5Y:IDA,2011-12-31,4.475106322958198
WDI:SP.POP.4044.MA.5Y:IDA,2012-12-31,4.4937378458363195
WDI:SP.POP.4044.MA.5Y:IDA,2013-12-31,4.51265102014249
WDI:SP.POP.4044.MA.5Y:IDA,2014-12-31,4.533030003900609
WDI:SP.POP.4044.MA.5Y:IDA,2015-12-31,4.5570635765145
WDI:SP.POP.4044.MA.5Y:IDA,2016-12-31,4.585158581289783
WDI:SP.POP.4044.MA.5Y:IDA,2017-12-31,4.616564309095206
WDI:SP.POP.4044.MA.5Y:IDA,2018-12-31,4.656781173359634
WDI:SP.POP.4044.MA.5Y:IDA,2019-12-31,4.711828387235405
WDI:SP.POP.4044.MA.5Y:IDA,2020-12-31,4.778508075824509
WDI:SP.POP.4044.MA.5Y:IDA,2021-12-31,4.848527013405935
WDI:SP.POP.4044.MA.5Y:IDA,2022-12-31,4.91341582264628
WDI:SP.POP.4044.MA.5Y:IDA,2023-12-31,4.9718485733403694
WDI:SP.POP.4044.MA.5Y:IDA,2024-12-31,5.02463974538897
WDI:SP.POP.4044.MA.5Y:IDB,1960-12-31,4.741732203416967
WDI:SP.POP.4044.MA.5Y:IDB,1961-12-31,4.736896415873701
WDI:SP.POP.4044.MA.5Y:IDB,1962-12-31,4.7305405943911305
WDI:SP.POP.4044.MA.5Y:IDB,1963-12-31,4.725490590444155
WDI:SP.POP.4044.MA.5Y:IDB,1964-12-31,4.725990165989238
WDI:SP.POP.4044.MA.5Y:IDB,1965-12-31,4.7314150652071
WDI:SP.POP.4044.MA.5Y:IDB,1966-12-31,4.742607534328412
WDI:SP.POP.4044.MA.5Y:IDB,1967-12-31,4.760022325482904
WDI:SP.POP.4044.MA.5Y:IDB,1968-12-31,4.776365591006397
WDI:SP.POP.4044.MA.5Y:IDB,1969-12-31,4.781271675785042
WDI:SP.POP.4044.MA.5Y:IDB,1970-12-31,4.773381930674404
WDI:SP.POP.4044.MA.5Y:IDB,1971-12-31,4.751600243891337
WDI:SP.POP.4044.MA.5Y:IDB,1972-12-31,4.715151173661505
WDI:SP.POP.4044.MA.5Y:IDB,1973-12-31,4.671463577857522
WDI:SP.POP.4044.MA.5Y:IDB,1974-12-31,4.628874397024635
WDI:SP.POP.4044.MA.5Y:IDB,1975-12-31,4.590830987549067
WDI:SP.POP.4044.MA.5Y:IDB,1976-12-31,4.5561397945683355
WDI:SP.POP.4044.MA.5Y:IDB,1977-12-31,4.527901151758758
WDI:SP.POP.4044.MA.5Y:IDB,1978-12-31,4.505503430630323
WDI:SP.POP.4044.MA.5Y:IDB,1979-12-31,4.478713641503523
WDI:SP.POP.4044.MA.5Y:IDB,1980-12-31,4.436652701704548
WDI:SP.POP.4044.MA.5Y:IDB,1981-12-31,4.393482868629701
WDI:SP.POP.4044.MA.5Y:IDB,1982-12-31,4.356470895416723
WDI:SP.POP.4044.MA.5Y:IDB,1983-12-31,4.320586458255741
WDI:SP.POP.4044.MA.5Y:IDB,1984-12-31,4.291008994496973
WDI:SP.POP.4044.MA.5Y:IDB,1985-12-31,4.269324663056595
WDI:SP.POP.4044.MA.5Y:IDB,1986-12-31,4.250421246249528
WDI:SP.POP.4044.MA.5Y:IDB,1987-12-31,4.2237489089751685
WDI:SP.POP.4044.MA.5Y:IDB,1988-12-31,4.169834486107728
WDI:SP.POP.4044.MA.5Y:IDB,1989-12-31,4.089932533272718
WDI:SP.POP.4044.MA.5Y:IDB,1990-12-31,4.017044864980198
WDI:SP.POP.4044.MA.5Y:IDB,1991-12-31,3.9647653934774834
WDI:SP.POP.4044.MA.5Y:IDB,1992-12-31,3.937549582045334
WDI:SP.POP.4044.MA.5Y:IDB,1993-12-31,3.9482225817688463
WDI:SP.POP.4044.MA.5Y:IDB,1994-12-31,3.9898877201313763
WDI:SP.POP.4044.MA.5Y:IDB,1995-12-31,4.0406008068267605
WDI:SP.POP.4044.MA.5Y:IDB,1996-12-31,4.089760142887164
WDI:SP.POP.4044.MA.5Y:IDB,1997-12-31,4.137950813023937
WDI:SP.POP.4044.MA.5Y:IDB,1998-12-31,4.184791499178948
WDI:SP.POP.4044.MA.5Y:IDB,1999-12-31,4.229206718395772
WDI:SP.POP.4044.MA.5Y:IDB,2000-12-31,4.272199349935808
WDI:SP.POP.4044.MA.5Y:IDB,2001-12-31,4.311362906309044
WDI:SP.POP.4044.MA.5Y:IDB,2002-12-31,4.3421374713144605
WDI:SP.POP.4044.MA.5Y:IDB,2003-12-31,4.3653303089028235
WDI:SP.POP.4044.MA.5Y:IDB,2004-12-31,4.383455185941926
WDI:SP.POP.4044.MA.5Y:IDB,2005-12-31,4.3955181106364405
WDI:SP.POP.4044.MA.5Y:IDB,2006-12-31,4.4008035871764815
WDI:SP.POP.4044.MA.5Y:IDB,2007-12-31,4.402632782222483
WDI:SP.POP.4044.MA.5Y:IDB,2008-12-31,4.403928941436179
WDI:SP.POP.4044.MA.5Y:IDB,2009-12-31,4.406017609173487
WDI:SP.POP.4044.MA.5Y:IDB,2010-12-31,4.410689773486068
WDI:SP.POP.4044.MA.5Y:IDB,2011-12-31,4.4213255320398615
WDI:SP.POP.4044.MA.5Y:IDB,2012-12-31,4.440055060372306
WDI:SP.POP.4044.MA.5Y:IDB,2013-12-31,4.467961894073867
WDI:SP.POP.4044.MA.5Y:IDB,2014-12-31,4.50443717374074
WDI:SP.POP.4044.MA.5Y:IDB,2015-12-31,4.54871139404089
WDI:SP.POP.4044.MA.5Y:IDB,2016-12-31,4.599683242363236
WDI:SP.POP.4044.MA.5Y:IDB,2017-12-31,4.656150696683265
WDI:SP.POP.4044.MA.5Y:IDB,2018-12-31,4.717860675119046
WDI:SP.POP.4044.MA.5Y:IDB,2019-12-31,4.780264908643855
WDI:SP.POP.4044.MA.5Y:IDB,2020-12-31,4.842789469963425
WDI:SP.POP.4044.MA.5Y:IDB,2021-12-31,4.909617421685239
WDI:SP.POP.4044.MA.5Y:IDB,2022-12-31,4.977579722561364
WDI:SP.POP.4044.MA.5Y:IDB,2023-12-31,5.042209284594462
WDI:SP.POP.4044.MA.5Y:IDB,2024-12-31,5.102576996653339
WDI:SP.POP.4044.MA.5Y:IDN,1960-12-31,4.80896457726569
WDI:SP.POP.4044.MA.5Y:IDN,1961-12-31,4.77407528524224
WDI:SP.POP.4044.MA.5Y:IDN,1962-12-31,4.76493277880089
WDI:SP.POP.4044.MA.5Y:IDN,1963-12-31,4.7779626708762
WDI:SP.POP.4044.MA.5Y:IDN,1964-12-31,4.80937504123447
WDI:SP.POP.4044.MA.5Y:IDN,1965-12-31,4.85113272242749
WDI:SP.POP.4044.MA.5Y:IDN,1966-12-31,4.89957326163009
WDI:SP.POP.4044.MA.5Y:IDN,1967-12-31,4.95285933531824
WDI:SP.POP.4044.MA.5Y:IDN,1968-12-31,5.00377764736031
WDI:SP.POP.4044.MA.5Y:IDN,1969-12-31,5.04532371808607
WDI:SP.POP.4044.MA.5Y:IDN,1970-12-31,5.07243971451306
WDI:SP.POP.4044.MA.5Y:IDN,1971-12-31,5.08436779988451
WDI:SP.POP.4044.MA.5Y:IDN,1972-12-31,5.0842690366344
WDI:SP.POP.4044.MA.5Y:IDN,1973-12-31,5.07680805208535
WDI:SP.POP.4044.MA.5Y:IDN,1974-12-31,5.06807889528943
WDI:SP.POP.4044.MA.5Y:IDN,1975-12-31,5.06181203466097
WDI:SP.POP.4044.MA.5Y:IDN,1976-12-31,5.05771104836177
WDI:SP.POP.4044.MA.5Y:IDN,1977-12-31,5.05279490727082
WDI:SP.POP.4044.MA.5Y:IDN,1978-12-31,5.04073101638926
WDI:SP.POP.4044.MA.5Y:IDN,1979-12-31,5.01618530364602
WDI:SP.POP.4044.MA.5Y:IDN,1980-12-31,4.97602570584666
WDI:SP.POP.4044.MA.5Y:IDN,1981-12-31,4.91922105413009
WDI:SP.POP.4044.MA.5Y:IDN,1982-12-31,4.84817207077584
WDI:SP.POP.4044.MA.5Y:IDN,1983-12-31,4.7679478337326
WDI:SP.POP.4044.MA.5Y:IDN,1984-12-31,4.68434402369312
WDI:SP.POP.4044.MA.5Y:IDN,1985-12-31,4.60500675769629
WDI:SP.POP.4044.MA.5Y:IDN,1986-12-31,4.54011274990143
WDI:SP.POP.4044.MA.5Y:IDN,1987-12-31,4.48519835495702
WDI:SP.POP.4044.MA.5Y:IDN,1988-12-31,4.43832402127712
WDI:SP.POP.4044.MA.5Y:IDN,1989-12-31,4.39768347308246
WDI:SP.POP.4044.MA.5Y:IDN,1990-12-31,4.38604783231011
WDI:SP.POP.4044.MA.5Y:IDN,1991-12-31,4.42171377641629
WDI:SP.POP.4044.MA.5Y:IDN,1992-12-31,4.5000953786541
WDI:SP.POP.4044.MA.5Y:IDN,1993-12-31,4.6202950897954
WDI:SP.POP.4044.MA.5Y:IDN,1994-12-31,4.78256313839532
WDI:SP.POP.4044.MA.5Y:IDN,1995-12-31,4.96466085708833
WDI:SP.POP.4044.MA.5Y:IDN,1996-12-31,5.13960706852211
WDI:SP.POP.4044.MA.5Y:IDN,1997-12-31,5.31046064614806
WDI:SP.POP.4044.MA.5Y:IDN,1998-12-31,5.47784327058125
WDI:SP.POP.4044.MA.5Y:IDN,1999-12-31,5.64150668061071
WDI:SP.POP.4044.MA.5Y:IDN,2000-12-31,5.80008067456931
WDI:SP.POP.4044.MA.5Y:IDN,2001-12-31,5.95236322044137
WDI:SP.POP.4044.MA.5Y:IDN,2002-12-31,6.0961558470211
WDI:SP.POP.4044.MA.5Y:IDN,2003-12-31,6.22929848529554
WDI:SP.POP.4044.MA.5Y:IDN,2004-12-31,6.35150974658214
WDI:SP.POP.4044.MA.5Y:IDN,2005-12-31,6.46412336361467
WDI:SP.POP.4044.MA.5Y:IDN,2006-12-31,6.57145256658351
WDI:SP.POP.4044.MA.5Y:IDN,2007-12-31,6.6721408954219
WDI:SP.POP.4044.MA.5Y:IDN,2008-12-31,6.76310044974876
WDI:SP.POP.4044.MA.5Y:IDN,2009-12-31,6.84706298565596
WDI:SP.POP.4044.MA.5Y:IDN,2010-12-31,6.91822037880059
WDI:SP.POP.4044.MA.5Y:IDN,2011-12-31,6.96731708824271
WDI:SP.POP.4044.MA.5Y:IDN,2012-12-31,7.00060020162545
WDI:SP.POP.4044.MA.5Y:IDN,2013-12-31,7.03334954075921
WDI:SP.POP.4044.MA.5Y:IDN,2014-12-31,7.0569923247066
WDI:SP.POP.4044.MA.5Y:IDN,2015-12-31,7.07388300114037
WDI:SP.POP.4044.MA.5Y:IDN,2016-12-31,7.09733404051521
WDI:SP.POP.4044.MA.5Y:IDN,2017-12-31,7.12340647047249
WDI:SP.POP.4044.MA.5Y:IDN,2018-12-31,7.15479259688358
WDI:SP.POP.4044.MA.5Y:IDN,2019-12-31,7.19979088933504
WDI:SP.POP.4044.MA.5Y:IDN,2020-12-31,7.2523186587722
WDI:SP.POP.4044.MA.5Y:IDN,2021-12-31,7.30322213775293
WDI:SP.POP.4044.MA.5Y:IDN,2022-12-31,7.35043101707927
WDI:SP.POP.4044.MA.5Y:IDN,2023-12-31,7.38291098367301
WDI:SP.POP.4044.MA.5Y:IDN,2024-12-31,7.39717589644797
WDI:SP.POP.4044.MA.5Y:IDX,1960-12-31,4.7076468340585755
WDI:SP.POP.4044.MA.5Y:IDX,1961-12-31,4.69291219968532
WDI:SP.POP.4044.MA.5Y:IDX,1962-12-31,4.67540170435823
WDI:SP.POP.4044.MA.5Y:IDX,1963-12-31,4.658206188099465
WDI:SP.POP.4044.MA.5Y:IDX,1964-12-31,4.641382979297579
WDI:SP.POP.4044.MA.5Y:IDX,1965-12-31,4.625471283808244
WDI:SP.POP.4044.MA.5Y:IDX,1966-12-31,4.61256423122074
WDI:SP.POP.4044.MA.5Y:IDX,1967-12-31,4.601211651924462
WDI:SP.POP.4044.MA.5Y:IDX,1968-12-31,4.588776692163137
WDI:SP.POP.4044.MA.5Y:IDX,1969-12-31,4.572668084373953
WDI:SP.POP.4044.MA.5Y:IDX,1970-12-31,4.552600245512955
WDI:SP.POP.4044.MA.5Y:IDX,1971-12-31,4.527495968156141
WDI:SP.POP.4044.MA.5Y:IDX,1972-12-31,4.498140169082972
WDI:SP.POP.4044.MA.5Y:IDX,1973-12-31,4.466761049697115
WDI:SP.POP.4044.MA.5Y:IDX,1974-12-31,4.433308793413709
WDI:SP.POP.4044.MA.5Y:IDX,1975-12-31,4.396725039180443
WDI:SP.POP.4044.MA.5Y:IDX,1976-12-31,4.359474215279286
WDI:SP.POP.4044.MA.5Y:IDX,1977-12-31,4.325400898005151
WDI:SP.POP.4044.MA.5Y:IDX,1978-12-31,4.292360836515958
WDI:SP.POP.4044.MA.5Y:IDX,1979-12-31,4.256892121400552
WDI:SP.POP.4044.MA.5Y:IDX,1980-12-31,4.219820500939776
WDI:SP.POP.4044.MA.5Y:IDX,1981-12-31,4.183895187021742
WDI:SP.POP.4044.MA.5Y:IDX,1982-12-31,4.151504672837656
WDI:SP.POP.4044.MA.5Y:IDX,1983-12-31,4.126967229585477
WDI:SP.POP.4044.MA.5Y:IDX,1984-12-31,4.110937873492031
WDI:SP.POP.4044.MA.5Y:IDX,1985-12-31,4.104753557497541
WDI:SP.POP.4044.MA.5Y:IDX,1986-12-31,4.1070511963556235
WDI:SP.POP.4044.MA.5Y:IDX,1987-12-31,4.114692991709695
WDI:SP.POP.4044.MA.5Y:IDX,1988-12-31,4.116548313555192
WDI:SP.POP.4044.MA.5Y:IDX,1989-12-31,4.111148610917585
WDI:SP.POP.4044.MA.5Y:IDX,1990-12-31,4.109452457113226
WDI:SP.POP.4044.MA.5Y:IDX,1991-12-31,4.113595744950522
WDI:SP.POP.4044.MA.5Y:IDX,1992-12-31,4.121793238135517
WDI:SP.POP.4044.MA.5Y:IDX,1993-12-31,4.141212248437386
WDI:SP.POP.4044.MA.5Y:IDX,1994-12-31,4.173159852276603
WDI:SP.POP.4044.MA.5Y:IDX,1995-12-31,4.205689375300381
WDI:SP.POP.4044.MA.5Y:IDX,1996-12-31,4.231407359070168
WDI:SP.POP.4044.MA.5Y:IDX,1997-12-31,4.252186876711615
WDI:SP.POP.4044.MA.5Y:IDX,1998-12-31,4.276618443511301
WDI:SP.POP.4044.MA.5Y:IDX,1999-12-31,4.303915341853751
WDI:SP.POP.4044.MA.5Y:IDX,2000-12-31,4.3316368109908145
WDI:SP.POP.4044.MA.5Y:IDX,2001-12-31,4.358213946233781
WDI:SP.POP.4044.MA.5Y:IDX,2002-12-31,4.379959332453602
WDI:SP.POP.4044.MA.5Y:IDX,2003-12-31,4.396190125665996
WDI:SP.POP.4044.MA.5Y:IDX,2004-12-31,4.408010773150172
WDI:SP.POP.4044.MA.5Y:IDX,2005-12-31,4.417023054152765
WDI:SP.POP.4044.MA.5Y:IDX,2006-12-31,4.425758416333872
WDI:SP.POP.4044.MA.5Y:IDX,2007-12-31,4.438340699236102
WDI:SP.POP.4044.MA.5Y:IDX,2008-12-31,4.453865522500085
WDI:SP.POP.4044.MA.5Y:IDX,2009-12-31,4.469795851369402
WDI:SP.POP.4044.MA.5Y:IDX,2010-12-31,4.487205567643603
WDI:SP.POP.4044.MA.5Y:IDX,2011-12-31,4.505079129948727
WDI:SP.POP.4044.MA.5Y:IDX,2012-12-31,4.523683728908233
WDI:SP.POP.4044.MA.5Y:IDX,2013-12-31,4.5376051404332785
WDI:SP.POP.4044.MA.5Y:IDX,2014-12-31,4.548995060524923
WDI:SP.POP.4044.MA.5Y:IDX,2015-12-31,4.5617223340261575
WDI:SP.POP.4044.MA.5Y:IDX,2016-12-31,4.5770769829456395
WDI:SP.POP.4044.MA.5Y:IDX,2017-12-31,4.594600145230548
WDI:SP.POP.4044.MA.5Y:IDX,2018-12-31,4.62299288848275
WDI:SP.POP.4044.MA.5Y:IDX,2019-12-31,4.674109607362585
WDI:SP.POP.4044.MA.5Y:IDX,2020-12-31,4.743207113186368
WDI:SP.POP.4044.MA.5Y:IDX,2021-12-31,4.815077200401555
WDI:SP.POP.4044.MA.5Y:IDX,2022-12-31,4.878383925322488
WDI:SP.POP.4044.MA.5Y:IDX,2023-12-31,4.9335812653882405
WDI:SP.POP.4044.MA.5Y:IDX,2024-12-31,4.982420959746326
WDI:SP.POP.4044.MA.5Y:IMN,1960-12-31,5.93403652744018
WDI:SP.POP.4044.MA.5Y:IMN,1961-12-31,6.01337807707034
WDI:SP.POP.4044.MA.5Y:IMN,1962-12-31,6.13909302742427
WDI:SP.POP.4044.MA.5Y:IMN,1963-12-31,6.15104882699898
WDI:SP.POP.4044.MA.5Y:IMN,1964-12-31,6.08300794103453
WDI:SP.POP.4044.MA.5Y:IMN,1965-12-31,5.98906344935335
WDI:SP.POP.4044.MA.5Y:IMN,1966-12-31,5.88662635413773
WDI:SP.POP.4044.MA.5Y:IMN,1967-12-31,5.74573403788717
WDI:SP.POP.4044.MA.5Y:IMN,1968-12-31,5.57432432432432
WDI:SP.POP.4044.MA.5Y:IMN,1969-12-31,5.39651070578906
WDI:SP.POP.4044.MA.5Y:IMN,1970-12-31,5.25289575289575
WDI:SP.POP.4044.MA.5Y:IMN,1971-12-31,5.2028351681496
WDI:SP.POP.4044.MA.5Y:IMN,1972-12-31,5.1653351087439
WDI:SP.POP.4044.MA.5Y:IMN,1973-12-31,5.11119994185624
WDI:SP.POP.4044.MA.5Y:IMN,1974-12-31,5.09839637129898
WDI:SP.POP.4044.MA.5Y:IMN,1975-12-31,5.12568113904025
WDI:SP.POP.4044.MA.5Y:IMN,1976-12-31,5.19314048155205
WDI:SP.POP.4044.MA.5Y:IMN,1977-12-31,5.28921669056887
WDI:SP.POP.4044.MA.5Y:IMN,1978-12-31,5.39326220846094
WDI:SP.POP.4044.MA.5Y:IMN,1979-12-31,5.52091279976119
WDI:SP.POP.4044.MA.5Y:IMN,1980-12-31,5.64011182134742
WDI:SP.POP.4044.MA.5Y:IMN,1981-12-31,5.69479772532119
WDI:SP.POP.4044.MA.5Y:IMN,1982-12-31,5.76223504874618
WDI:SP.POP.4044.MA.5Y:IMN,1983-12-31,5.87245879898433
WDI:SP.POP.4044.MA.5Y:IMN,1984-12-31,6.00388601036269
WDI:SP.POP.4044.MA.5Y:IMN,1985-12-31,6.18887753612611
WDI:SP.POP.4044.MA.5Y:IMN,1986-12-31,6.51395386352638
WDI:SP.POP.4044.MA.5Y:IMN,1987-12-31,7.00895977632331
WDI:SP.POP.4044.MA.5Y:IMN,1988-12-31,7.43630150879219
WDI:SP.POP.4044.MA.5Y:IMN,1989-12-31,7.66166104811523
WDI:SP.POP.4044.MA.5Y:IMN,1990-12-31,7.8021763014915
WDI:SP.POP.4044.MA.5Y:IMN,1991-12-31,7.73728260224372
WDI:SP.POP.4044.MA.5Y:IMN,1992-12-31,7.43921989675104
WDI:SP.POP.4044.MA.5Y:IMN,1993-12-31,7.17780211756115
WDI:SP.POP.4044.MA.5Y:IMN,1994-12-31,7.01217300465737
WDI:SP.POP.4044.MA.5Y:IMN,1995-12-31,6.8198537366394
WDI:SP.POP.4044.MA.5Y:IMN,1996-12-31,6.68801646984817
WDI:SP.POP.4044.MA.5Y:IMN,1997-12-31,6.72648270413634
WDI:SP.POP.4044.MA.5Y:IMN,1998-12-31,6.81461088168634
WDI:SP.POP.4044.MA.5Y:IMN,1999-12-31,6.90661878589345
WDI:SP.POP.4044.MA.5Y:IMN,2000-12-31,7.08182358985452
WDI:SP.POP.4044.MA.5Y:IMN,2001-12-31,7.34917245061399
WDI:SP.POP.4044.MA.5Y:IMN,2002-12-31,7.58528833854229
WDI:SP.POP.4044.MA.5Y:IMN,2003-12-31,7.77363508369401
WDI:SP.POP.4044.MA.5Y:IMN,2004-12-31,7.97534938889175
WDI:SP.POP.4044.MA.5Y:IMN,2005-12-31,8.11651872257933
WDI:SP.POP.4044.MA.5Y:IMN,2006-12-31,8.1079377088456
WDI:SP.POP.4044.MA.5Y:IMN,2007-12-31,8.01679353174949
WDI:SP.POP.4044.MA.5Y:IMN,2008-12-31,7.94865799480673
WDI:SP.POP.4044.MA.5Y:IMN,2009-12-31,7.88651585690496
WDI:SP.POP.4044.MA.5Y:IMN,2010-12-31,7.84756324516431
WDI:SP.POP.4044.MA.5Y:IMN,2011-12-31,7.84152320962027
WDI:SP.POP.4044.MA.5Y:IMN,2012-12-31,7.80447607901211
WDI:SP.POP.4044.MA.5Y:IMN,2013-12-31,7.61860275711736
WDI:SP.POP.4044.MA.5Y:IMN,2014-12-31,7.26020647301309
WDI:SP.POP.4044.MA.5Y:IMN,2015-12-31,6.86376251960902
WDI:SP.POP.4044.MA.5Y:IMN,2016-12-31,6.49832585913041
WDI:SP.POP.4044.MA.5Y:IMN,2017-12-31,6.17294375950009
WDI:SP.POP.4044.MA.5Y:IMN,2018-12-31,5.98158955538175
WDI:SP.POP.4044.MA.5Y:IMN,2019-12-31,5.98354255510842
WDI:SP.POP.4044.MA.5Y:IMN,2020-12-31,6.07973501668147
WDI:SP.POP.4044.MA.5Y:IMN,2021-12-31,6.15663358970975
WDI:SP.POP.4044.MA.5Y:IMN,2022-12-31,6.16196760647871
WDI:SP.POP.4044.MA.5Y:IMN,2023-12-31,6.10080848307464
WDI:SP.POP.4044.MA.5Y:IMN,2024-12-31,5.99289588633418
WDI:SP.POP.4044.MA.5Y:IND,1960-12-31,5.21833971599294
WDI:SP.POP.4044.MA.5Y:IND,1961-12-31,5.19680198016249
WDI:SP.POP.4044.MA.5Y:IND,1962-12-31,5.16948146716516
WDI:SP.POP.4044.MA.5Y:IND,1963-12-31,5.13888973616201
WDI:SP.POP.4044.MA.5Y:IND,1964-12-31,5.11021802205937
WDI:SP.POP.4044.MA.5Y:IND,1965-12-31,5.08587879963902
WDI:SP.POP.4044.MA.5Y:IND,1966-12-31,5.06560073942357
WDI:SP.POP.4044.MA.5Y:IND,1967-12-31,5.04953818886055
WDI:SP.POP.4044.MA.5Y:IND,1968-12-31,5.0320892157242
WDI:SP.POP.4044.MA.5Y:IND,1969-12-31,5.00764114509165
WDI:SP.POP.4044.MA.5Y:IND,1970-12-31,4.97982844821021
WDI:SP.POP.4044.MA.5Y:IND,1971-12-31,4.94613408371869
WDI:SP.POP.4044.MA.5Y:IND,1972-12-31,4.90565477361781
WDI:SP.POP.4044.MA.5Y:IND,1973-12-31,4.86248921637113
WDI:SP.POP.4044.MA.5Y:IND,1974-12-31,4.820105113021
WDI:SP.POP.4044.MA.5Y:IND,1975-12-31,4.78049624105657
WDI:SP.POP.4044.MA.5Y:IND,1976-12-31,4.74455244746752
WDI:SP.POP.4044.MA.5Y:IND,1977-12-31,4.71639144370385
WDI:SP.POP.4044.MA.5Y:IND,1978-12-31,4.68937818850772
WDI:SP.POP.4044.MA.5Y:IND,1979-12-31,4.65421380840116
WDI:SP.POP.4044.MA.5Y:IND,1980-12-31,4.60953147008359
WDI:SP.POP.4044.MA.5Y:IND,1981-12-31,4.55596331383179
WDI:SP.POP.4044.MA.5Y:IND,1982-12-31,4.49750746128436
WDI:SP.POP.4044.MA.5Y:IND,1983-12-31,4.44378559071934
WDI:SP.POP.4044.MA.5Y:IND,1984-12-31,4.40504520145217
WDI:SP.POP.4044.MA.5Y:IND,1985-12-31,4.3854216697186
WDI:SP.POP.4044.MA.5Y:IND,1986-12-31,4.3823302210039
WDI:SP.POP.4044.MA.5Y:IND,1987-12-31,4.39065728684242
WDI:SP.POP.4044.MA.5Y:IND,1988-12-31,4.4129261182757
WDI:SP.POP.4044.MA.5Y:IND,1989-12-31,4.50306821097476
WDI:SP.POP.4044.MA.5Y:IND,1990-12-31,4.658754063572
WDI:SP.POP.4044.MA.5Y:IND,1991-12-31,4.82677621558136
WDI:SP.POP.4044.MA.5Y:IND,1992-12-31,5.00635722797443
WDI:SP.POP.4044.MA.5Y:IND,1993-12-31,5.19303835035369
WDI:SP.POP.4044.MA.5Y:IND,1994-12-31,5.33366483809732
WDI:SP.POP.4044.MA.5Y:IND,1995-12-31,5.42218976046284
WDI:SP.POP.4044.MA.5Y:IND,1996-12-31,5.49806927143118
WDI:SP.POP.4044.MA.5Y:IND,1997-12-31,5.56058678459027
WDI:SP.POP.4044.MA.5Y:IND,1998-12-31,5.6057785990419
WDI:SP.POP.4044.MA.5Y:IND,1999-12-31,5.63353145073283
WDI:SP.POP.4044.MA.5Y:IND,2000-12-31,5.65209608962984
WDI:SP.POP.4044.MA.5Y:IND,2001-12-31,5.66750170466625
WDI:SP.POP.4044.MA.5Y:IND,2002-12-31,5.68147754971469
WDI:SP.POP.4044.MA.5Y:IND,2003-12-31,5.69757849596337
WDI:SP.POP.4044.MA.5Y:IND,2004-12-31,5.71627390283547
WDI:SP.POP.4044.MA.5Y:IND,2005-12-31,5.73083802549173
WDI:SP.POP.4044.MA.5Y:IND,2006-12-31,5.74078571059402
WDI:SP.POP.4044.MA.5Y:IND,2007-12-31,5.75281662569762
WDI:SP.POP.4044.MA.5Y:IND,2008-12-31,5.76987999244118
WDI:SP.POP.4044.MA.5Y:IND,2009-12-31,5.78964598076162
WDI:SP.POP.4044.MA.5Y:IND,2010-12-31,5.81518804271484
WDI:SP.POP.4044.MA.5Y:IND,2011-12-31,5.85366950450682
WDI:SP.POP.4044.MA.5Y:IND,2012-12-31,5.90106329008785
WDI:SP.POP.4044.MA.5Y:IND,2013-12-31,5.95491893197368
WDI:SP.POP.4044.MA.5Y:IND,2014-12-31,6.02085352605926
WDI:SP.POP.4044.MA.5Y:IND,2015-12-31,6.09157226679522
WDI:SP.POP.4044.MA.5Y:IND,2016-12-31,6.16220698692452
WDI:SP.POP.4044.MA.5Y:IND,2017-12-31,6.23269152535064
WDI:SP.POP.4044.MA.5Y:IND,2018-12-31,6.29743553532352
WDI:SP.POP.4044.MA.5Y:IND,2019-12-31,6.36441622840084
WDI:SP.POP.4044.MA.5Y:IND,2020-12-31,6.45352985086206
WDI:SP.POP.4044.MA.5Y:IND,2021-12-31,6.55950266653957
WDI:SP.POP.4044.MA.5Y:IND,2022-12-31,6.66768777413941
WDI:SP.POP.4044.MA.5Y:IND,2023-12-31,6.78115121896051
WDI:SP.POP.4044.MA.5Y:IND,2024-12-31,6.89837817946598
WDI:SP.POP.4044.MA.5Y:IRL,1960-12-31,6.01450630608081
WDI:SP.POP.4044.MA.5Y:IRL,1961-12-31,5.95950872882597
WDI:SP.POP.4044.MA.5Y:IRL,1962-12-31,5.94055056498436
WDI:SP.POP.4044.MA.5Y:IRL,1963-12-31,5.92961535028692
WDI:SP.POP.4044.MA.5Y:IRL,1964-12-31,5.84445935111406
WDI:SP.POP.4044.MA.5Y:IRL,1965-12-31,5.70479957878985
WDI:SP.POP.4044.MA.5Y:IRL,1966-12-31,5.57290336940369
WDI:SP.POP.4044.MA.5Y:IRL,1967-12-31,5.43193026738965
WDI:SP.POP.4044.MA.5Y:IRL,1968-12-31,5.28909938404287
WDI:SP.POP.4044.MA.5Y:IRL,1969-12-31,5.18855996964274
WDI:SP.POP.4044.MA.5Y:IRL,1970-12-31,5.12784131504491
WDI:SP.POP.4044.MA.5Y:IRL,1971-12-31,5.0784509154492
WDI:SP.POP.4044.MA.5Y:IRL,1972-12-31,5.02532575379886
WDI:SP.POP.4044.MA.5Y:IRL,1973-12-31,4.96653278489889
WDI:SP.POP.4044.MA.5Y:IRL,1974-12-31,4.88992630194756
WDI:SP.POP.4044.MA.5Y:IRL,1975-12-31,4.82433170588865
WDI:SP.POP.4044.MA.5Y:IRL,1976-12-31,4.80793938852412
WDI:SP.POP.4044.MA.5Y:IRL,1977-12-31,4.80362104187482
WDI:SP.POP.4044.MA.5Y:IRL,1978-12-31,4.80315741551727
WDI:SP.POP.4044.MA.5Y:IRL,1979-12-31,4.84997144249863
WDI:SP.POP.4044.MA.5Y:IRL,1980-12-31,4.90297997871881
WDI:SP.POP.4044.MA.5Y:IRL,1981-12-31,4.92518796862203
WDI:SP.POP.4044.MA.5Y:IRL,1982-12-31,4.9751847412332
WDI:SP.POP.4044.MA.5Y:IRL,1983-12-31,5.07982471656234
WDI:SP.POP.4044.MA.5Y:IRL,1984-12-31,5.19770461601912
WDI:SP.POP.4044.MA.5Y:IRL,1985-12-31,5.36166998993395
WDI:SP.POP.4044.MA.5Y:IRL,1986-12-31,5.6124612859411
WDI:SP.POP.4044.MA.5Y:IRL,1987-12-31,5.87540486059206
WDI:SP.POP.4044.MA.5Y:IRL,1988-12-31,6.10504691324256
WDI:SP.POP.4044.MA.5Y:IRL,1989-12-31,6.3039944546526
WDI:SP.POP.4044.MA.5Y:IRL,1990-12-31,6.43302568505402
WDI:SP.POP.4044.MA.5Y:IRL,1991-12-31,6.48687884943685
WDI:SP.POP.4044.MA.5Y:IRL,1992-12-31,6.5247741787155
WDI:SP.POP.4044.MA.5Y:IRL,1993-12-31,6.5678049471522
WDI:SP.POP.4044.MA.5Y:IRL,1994-12-31,6.61190321892855
WDI:SP.POP.4044.MA.5Y:IRL,1995-12-31,6.66119108874786
WDI:SP.POP.4044.MA.5Y:IRL,1996-12-31,6.71440743890414
WDI:SP.POP.4044.MA.5Y:IRL,1997-12-31,6.77048101972486
WDI:SP.POP.4044.MA.5Y:IRL,1998-12-31,6.81792411013411
WDI:SP.POP.4044.MA.5Y:IRL,1999-12-31,6.8608361474777
WDI:SP.POP.4044.MA.5Y:IRL,2000-12-31,6.90627340202291
WDI:SP.POP.4044.MA.5Y:IRL,2001-12-31,6.94229911588888
WDI:SP.POP.4044.MA.5Y:IRL,2002-12-31,6.97892827068193
WDI:SP.POP.4044.MA.5Y:IRL,2003-12-31,7.03634069270297
WDI:SP.POP.4044.MA.5Y:IRL,2004-12-31,7.09340351118138
WDI:SP.POP.4044.MA.5Y:IRL,2005-12-31,7.11669566953223
WDI:SP.POP.4044.MA.5Y:IRL,2006-12-31,7.09598576705114
WDI:SP.POP.4044.MA.5Y:IRL,2007-12-31,7.06095210225213
WDI:SP.POP.4044.MA.5Y:IRL,2008-12-31,7.049886331068
WDI:SP.POP.4044.MA.5Y:IRL,2009-12-31,7.09861331125458
WDI:SP.POP.4044.MA.5Y:IRL,2010-12-31,7.20484537482432
WDI:SP.POP.4044.MA.5Y:IRL,2011-12-31,7.31462266321168
WDI:SP.POP.4044.MA.5Y:IRL,2012-12-31,7.40354467346866
WDI:SP.POP.4044.MA.5Y:IRL,2013-12-31,7.47627680812379
WDI:SP.POP.4044.MA.5Y:IRL,2014-12-31,7.52312580236914
WDI:SP.POP.4044.MA.5Y:IRL,2015-12-31,7.54353357063612
WDI:SP.POP.4044.MA.5Y:IRL,2016-12-31,7.56171914616517
WDI:SP.POP.4044.MA.5Y:IRL,2017-12-31,7.59110631458383
WDI:SP.POP.4044.MA.5Y:IRL,2018-12-31,7.63585178321071
WDI:SP.POP.4044.MA.5Y:IRL,2019-12-31,7.73798342060944
WDI:SP.POP.4044.MA.5Y:IRL,2020-12-31,7.85864327947592
WDI:SP.POP.4044.MA.5Y:IRL,2021-12-31,7.91116081075762
WDI:SP.POP.4044.MA.5Y:IRL,2022-12-31,7.88977546884041
WDI:SP.POP.4044.MA.5Y:IRL,2023-12-31,7.80352466145466
WDI:SP.POP.4044.MA.5Y:IRL,2024-12-31,7.59670138348301
WDI:SP.POP.4044.MA.5Y:IRN,1960-12-31,4.44366303689572
WDI:SP.POP.4044.MA.5Y:IRN,1961-12-31,4.55120901184516
WDI:SP.POP.4044.MA.5Y:IRN,1962-12-31,4.7230524136551
WDI:SP.POP.4044.MA.5Y:IRN,1963-12-31,4.91415917105064
WDI:SP.POP.4044.MA.5Y:IRN,1964-12-31,5.05351001083939
WDI:SP.POP.4044.MA.5Y:IRN,1965-12-31,5.12178920379339
WDI:SP.POP.4044.MA.5Y:IRN,1966-12-31,5.12234299364479
WDI:SP.POP.4044.MA.5Y:IRN,1967-12-31,5.05256236626993
WDI:SP.POP.4044.MA.5Y:IRN,1968-12-31,4.94502999982669
WDI:SP.POP.4044.MA.5Y:IRN,1969-12-31,4.84916586807709
WDI:SP.POP.4044.MA.5Y:IRN,1970-12-31,4.78191432492041
WDI:SP.POP.4044.MA.5Y:IRN,1971-12-31,4.73819344760194
WDI:SP.POP.4044.MA.5Y:IRN,1972-12-31,4.71946221960016
WDI:SP.POP.4044.MA.5Y:IRN,1973-12-31,4.7137091720505
WDI:SP.POP.4044.MA.5Y:IRN,1974-12-31,4.69724494904361
WDI:SP.POP.4044.MA.5Y:IRN,1975-12-31,4.66103037172975
WDI:SP.POP.4044.MA.5Y:IRN,1976-12-31,4.61050856764836
WDI:SP.POP.4044.MA.5Y:IRN,1977-12-31,4.54881963855755
WDI:SP.POP.4044.MA.5Y:IRN,1978-12-31,4.47393892793267
WDI:SP.POP.4044.MA.5Y:IRN,1979-12-31,4.37814873322501
WDI:SP.POP.4044.MA.5Y:IRN,1980-12-31,4.26618236201683
WDI:SP.POP.4044.MA.5Y:IRN,1981-12-31,4.19522269282052
WDI:SP.POP.4044.MA.5Y:IRN,1982-12-31,4.1295449932464
WDI:SP.POP.4044.MA.5Y:IRN,1983-12-31,4.03504964664051
WDI:SP.POP.4044.MA.5Y:IRN,1984-12-31,3.96492308292977
WDI:SP.POP.4044.MA.5Y:IRN,1985-12-31,3.93023596577971
WDI:SP.POP.4044.MA.5Y:IRN,1986-12-31,3.93153781119832
WDI:SP.POP.4044.MA.5Y:IRN,1987-12-31,3.96330522406468
WDI:SP.POP.4044.MA.5Y:IRN,1988-12-31,4.01712391545177
WDI:SP.POP.4044.MA.5Y:IRN,1989-12-31,4.14518601759719
WDI:SP.POP.4044.MA.5Y:IRN,1990-12-31,4.34351334123657
WDI:SP.POP.4044.MA.5Y:IRN,1991-12-31,4.54205515514052
WDI:SP.POP.4044.MA.5Y:IRN,1992-12-31,4.73133102094776
WDI:SP.POP.4044.MA.5Y:IRN,1993-12-31,4.90362373651498
WDI:SP.POP.4044.MA.5Y:IRN,1994-12-31,5.02879915432142
WDI:SP.POP.4044.MA.5Y:IRN,1995-12-31,5.12227397445092
WDI:SP.POP.4044.MA.5Y:IRN,1996-12-31,5.22834827384953
WDI:SP.POP.4044.MA.5Y:IRN,1997-12-31,5.34672645946105
WDI:SP.POP.4044.MA.5Y:IRN,1998-12-31,5.47111253569374
WDI:SP.POP.4044.MA.5Y:IRN,1999-12-31,5.59525087972109
WDI:SP.POP.4044.MA.5Y:IRN,2000-12-31,5.70146099701631
WDI:SP.POP.4044.MA.5Y:IRN,2001-12-31,5.77521808906154
WDI:SP.POP.4044.MA.5Y:IRN,2002-12-31,5.81188111158507
WDI:SP.POP.4044.MA.5Y:IRN,2003-12-31,5.79049085101526
WDI:SP.POP.4044.MA.5Y:IRN,2004-12-31,5.75161446395146
WDI:SP.POP.4044.MA.5Y:IRN,2005-12-31,5.75916783162107
WDI:SP.POP.4044.MA.5Y:IRN,2006-12-31,5.81624996081363
WDI:SP.POP.4044.MA.5Y:IRN,2007-12-31,5.89411848445036
WDI:SP.POP.4044.MA.5Y:IRN,2008-12-31,5.98601413035118
WDI:SP.POP.4044.MA.5Y:IRN,2009-12-31,6.11155548408074
WDI:SP.POP.4044.MA.5Y:IRN,2010-12-31,6.27071846641146
WDI:SP.POP.4044.MA.5Y:IRN,2011-12-31,6.4445558759315
WDI:SP.POP.4044.MA.5Y:IRN,2012-12-31,6.59835793891608
WDI:SP.POP.4044.MA.5Y:IRN,2013-12-31,6.71125558576019
WDI:SP.POP.4044.MA.5Y:IRN,2014-12-31,6.78759490244943
WDI:SP.POP.4044.MA.5Y:IRN,2015-12-31,6.84664545124992
WDI:SP.POP.4044.MA.5Y:IRN,2016-12-31,6.90465574468765
WDI:SP.POP.4044.MA.5Y:IRN,2017-12-31,7.00641925168126
WDI:SP.POP.4044.MA.5Y:IRN,2018-12-31,7.17613586037689
WDI:SP.POP.4044.MA.5Y:IRN,2019-12-31,7.41312464226626
WDI:SP.POP.4044.MA.5Y:IRN,2020-12-31,7.7303954937972
WDI:SP.POP.4044.MA.5Y:IRN,2021-12-31,8.09916803197183
WDI:SP.POP.4044.MA.5Y:IRN,2022-12-31,8.45357599664206
WDI:SP.POP.4044.MA.5Y:IRN,2023-12-31,8.78594505664333
WDI:SP.POP.4044.MA.5Y:IRN,2024-12-31,9.12238533880401
WDI:SP.POP.4044.MA.5Y:IRQ,1960-12-31,5.27095002631592
WDI:SP.POP.4044.MA.5Y:IRQ,1961-12-31,5.14457246069334
WDI:SP.POP.4044.MA.5Y:IRQ,1962-12-31,4.9718482382704
WDI:SP.POP.4044.MA.5Y:IRQ,1963-12-31,4.77805949032093
WDI:SP.POP.4044.MA.5Y:IRQ,1964-12-31,4.60446506983757
WDI:SP.POP.4044.MA.5Y:IRQ,1965-12-31,4.4550333623799
WDI:SP.POP.4044.MA.5Y:IRQ,1966-12-31,4.32508276787916
WDI:SP.POP.4044.MA.5Y:IRQ,1967-12-31,4.21405914248835
WDI:SP.POP.4044.MA.5Y:IRQ,1968-12-31,4.12086017974673
WDI:SP.POP.4044.MA.5Y:IRQ,1969-12-31,4.04318654745521
WDI:SP.POP.4044.MA.5Y:IRQ,1970-12-31,3.98002166962858
WDI:SP.POP.4044.MA.5Y:IRQ,1971-12-31,3.9338136999897
WDI:SP.POP.4044.MA.5Y:IRQ,1972-12-31,3.90501768534786
WDI:SP.POP.4044.MA.5Y:IRQ,1973-12-31,3.88650349922701
WDI:SP.POP.4044.MA.5Y:IRQ,1974-12-31,3.86639300531994
WDI:SP.POP.4044.MA.5Y:IRQ,1975-12-31,3.84218682696508
WDI:SP.POP.4044.MA.5Y:IRQ,1976-12-31,3.81673872292656
WDI:SP.POP.4044.MA.5Y:IRQ,1977-12-31,3.78846520620965
WDI:SP.POP.4044.MA.5Y:IRQ,1978-12-31,3.76146904016602
WDI:SP.POP.4044.MA.5Y:IRQ,1979-12-31,3.74496716097095
WDI:SP.POP.4044.MA.5Y:IRQ,1980-12-31,3.73476530084013
WDI:SP.POP.4044.MA.5Y:IRQ,1981-12-31,3.72385165647776
WDI:SP.POP.4044.MA.5Y:IRQ,1982-12-31,3.71817038974873
WDI:SP.POP.4044.MA.5Y:IRQ,1983-12-31,3.71938822017336
WDI:SP.POP.4044.MA.5Y:IRQ,1984-12-31,3.71972386816769
WDI:SP.POP.4044.MA.5Y:IRQ,1985-12-31,3.71444427882277
WDI:SP.POP.4044.MA.5Y:IRQ,1986-12-31,3.6981306828676
WDI:SP.POP.4044.MA.5Y:IRQ,1987-12-31,3.65591178912375
WDI:SP.POP.4044.MA.5Y:IRQ,1988-12-31,3.61807951445205
WDI:SP.POP.4044.MA.5Y:IRQ,1989-12-31,3.59265146091629
WDI:SP.POP.4044.MA.5Y:IRQ,1990-12-31,3.56653068099467
WDI:SP.POP.4044.MA.5Y:IRQ,1991-12-31,3.57208894830253
WDI:SP.POP.4044.MA.5Y:IRQ,1992-12-31,3.64683202345306
WDI:SP.POP.4044.MA.5Y:IRQ,1993-12-31,3.74216661769799
WDI:SP.POP.4044.MA.5Y:IRQ,1994-12-31,3.82118199147193
WDI:SP.POP.4044.MA.5Y:IRQ,1995-12-31,3.85408970967274
WDI:SP.POP.4044.MA.5Y:IRQ,1996-12-31,3.82606073379613
WDI:SP.POP.4044.MA.5Y:IRQ,1997-12-31,3.68624915801839
WDI:SP.POP.4044.MA.5Y:IRQ,1998-12-31,3.45250144050007
WDI:SP.POP.4044.MA.5Y:IRQ,1999-12-31,3.2668133565364
WDI:SP.POP.4044.MA.5Y:IRQ,2000-12-31,3.1658840140948
WDI:SP.POP.4044.MA.5Y:IRQ,2001-12-31,3.14324024610856
WDI:SP.POP.4044.MA.5Y:IRQ,2002-12-31,3.30425245386845
WDI:SP.POP.4044.MA.5Y:IRQ,2003-12-31,3.60716288683772
WDI:SP.POP.4044.MA.5Y:IRQ,2004-12-31,3.88063485796353
WDI:SP.POP.4044.MA.5Y:IRQ,2005-12-31,4.12850492982533
WDI:SP.POP.4044.MA.5Y:IRQ,2006-12-31,4.35169071754082
WDI:SP.POP.4044.MA.5Y:IRQ,2007-12-31,4.48356099406972
WDI:SP.POP.4044.MA.5Y:IRQ,2008-12-31,4.55358494666051
WDI:SP.POP.4044.MA.5Y:IRQ,2009-12-31,4.63525164569523
WDI:SP.POP.4044.MA.5Y:IRQ,2010-12-31,4.71902615657132
WDI:SP.POP.4044.MA.5Y:IRQ,2011-12-31,4.7963616266744
WDI:SP.POP.4044.MA.5Y:IRQ,2012-12-31,4.86515337997329
WDI:SP.POP.4044.MA.5Y:IRQ,2013-12-31,4.92311314978842
WDI:SP.POP.4044.MA.5Y:IRQ,2014-12-31,4.96983341764505
WDI:SP.POP.4044.MA.5Y:IRQ,2015-12-31,5.00861769040252
WDI:SP.POP.4044.MA.5Y:IRQ,2016-12-31,5.03949209869571
WDI:SP.POP.4044.MA.5Y:IRQ,2017-12-31,5.06298009020438
WDI:SP.POP.4044.MA.5Y:IRQ,2018-12-31,5.08111891255833
WDI:SP.POP.4044.MA.5Y:IRQ,2019-12-31,5.09356375354685
WDI:SP.POP.4044.MA.5Y:IRQ,2020-12-31,5.10256887602207
WDI:SP.POP.4044.MA.5Y:IRQ,2021-12-31,5.11200279634945
WDI:SP.POP.4044.MA.5Y:IRQ,2022-12-31,5.12613291747522
WDI:SP.POP.4044.MA.5Y:IRQ,2023-12-31,5.14699779319244
WDI:SP.POP.4044.MA.5Y:IRQ,2024-12-31,5.17729147280674
WDI:SP.POP.4044.MA.5Y:ISL,1960-12-31,5.55896996385739
WDI:SP.POP.4044.MA.5Y:ISL,1961-12-31,5.63625509899512
WDI:SP.POP.4044.MA.5Y:ISL,1962-12-31,5.63804336622599
WDI:SP.POP.4044.MA.5Y:ISL,1963-12-31,5.62809305397962
WDI:SP.POP.4044.MA.5Y:ISL,1964-12-31,5.6530316429532
WDI:SP.POP.4044.MA.5Y:ISL,1965-12-31,5.63911321434083
WDI:SP.POP.4044.MA.5Y:ISL,1966-12-31,5.55774696321469
WDI:SP.POP.4044.MA.5Y:ISL,1967-12-31,5.52681582586377
WDI:SP.POP.4044.MA.5Y:ISL,1968-12-31,5.55010497812138
WDI:SP.POP.4044.MA.5Y:ISL,1969-12-31,5.56287462992761
WDI:SP.POP.4044.MA.5Y:ISL,1970-12-31,5.59840985041567
WDI:SP.POP.4044.MA.5Y:ISL,1971-12-31,5.64352065100568
WDI:SP.POP.4044.MA.5Y:ISL,1972-12-31,5.63204419366892
WDI:SP.POP.4044.MA.5Y:ISL,1973-12-31,5.52788635802441
WDI:SP.POP.4044.MA.5Y:ISL,1974-12-31,5.40248638463129
WDI:SP.POP.4044.MA.5Y:ISL,1975-12-31,5.22966594045025
WDI:SP.POP.4044.MA.5Y:ISL,1976-12-31,5.00645254122207
WDI:SP.POP.4044.MA.5Y:ISL,1977-12-31,4.86033893763815
WDI:SP.POP.4044.MA.5Y:ISL,1978-12-31,4.78257207329021
WDI:SP.POP.4044.MA.5Y:ISL,1979-12-31,4.70159413288832
WDI:SP.POP.4044.MA.5Y:ISL,1980-12-31,4.634178150676
WDI:SP.POP.4044.MA.5Y:ISL,1981-12-31,4.62374560370106
WDI:SP.POP.4044.MA.5Y:ISL,1982-12-31,4.69411654885055
WDI:SP.POP.4044.MA.5Y:ISL,1983-12-31,4.84327857861214
WDI:SP.POP.4044.MA.5Y:ISL,1984-12-31,5.07280354868024
WDI:SP.POP.4044.MA.5Y:ISL,1985-12-31,5.40436996391319
WDI:SP.POP.4044.MA.5Y:ISL,1986-12-31,5.76009428287317
WDI:SP.POP.4044.MA.5Y:ISL,1987-12-31,6.0360812638159
WDI:SP.POP.4044.MA.5Y:ISL,1988-12-31,6.24870466321243
WDI:SP.POP.4044.MA.5Y:ISL,1989-12-31,6.44080475609276
WDI:SP.POP.4044.MA.5Y:ISL,1990-12-31,6.6403242385514
WDI:SP.POP.4044.MA.5Y:ISL,1991-12-31,6.76864673455029
WDI:SP.POP.4044.MA.5Y:ISL,1992-12-31,6.82504706731485
WDI:SP.POP.4044.MA.5Y:ISL,1993-12-31,6.94927426670699
WDI:SP.POP.4044.MA.5Y:ISL,1994-12-31,7.09047371004793
WDI:SP.POP.4044.MA.5Y:ISL,1995-12-31,7.123949564167
WDI:SP.POP.4044.MA.5Y:ISL,1996-12-31,7.19529612523881
WDI:SP.POP.4044.MA.5Y:ISL,1997-12-31,7.34359933163051
WDI:SP.POP.4044.MA.5Y:ISL,1998-12-31,7.40354953727816
WDI:SP.POP.4044.MA.5Y:ISL,1999-12-31,7.46150994064054
WDI:SP.POP.4044.MA.5Y:ISL,2000-12-31,7.56137491166203
WDI:SP.POP.4044.MA.5Y:ISL,2001-12-31,7.55481268900172
WDI:SP.POP.4044.MA.5Y:ISL,2002-12-31,7.47588536165008
WDI:SP.POP.4044.MA.5Y:ISL,2003-12-31,7.46064670212289
WDI:SP.POP.4044.MA.5Y:ISL,2004-12-31,7.4302643853732
WDI:SP.POP.4044.MA.5Y:ISL,2005-12-31,7.39138593093465
WDI:SP.POP.4044.MA.5Y:ISL,2006-12-31,7.47865746696293
WDI:SP.POP.4044.MA.5Y:ISL,2007-12-31,7.44447663798642
WDI:SP.POP.4044.MA.5Y:ISL,2008-12-31,7.17635659514663
WDI:SP.POP.4044.MA.5Y:ISL,2009-12-31,6.8911236614392
WDI:SP.POP.4044.MA.5Y:ISL,2010-12-31,6.63321105160206
WDI:SP.POP.4044.MA.5Y:ISL,2011-12-31,6.42278274817212
WDI:SP.POP.4044.MA.5Y:ISL,2012-12-31,6.37759144020853
WDI:SP.POP.4044.MA.5Y:ISL,2013-12-31,6.45176186635306
WDI:SP.POP.4044.MA.5Y:ISL,2014-12-31,6.50220189237965
WDI:SP.POP.4044.MA.5Y:ISL,2015-12-31,6.55105219791786
WDI:SP.POP.4044.MA.5Y:ISL,2016-12-31,6.63220826351517
WDI:SP.POP.4044.MA.5Y:ISL,2017-12-31,6.64339975968363
WDI:SP.POP.4044.MA.5Y:ISL,2018-12-31,6.59857926255905
WDI:SP.POP.4044.MA.5Y:ISL,2019-12-31,6.65030024630742
WDI:SP.POP.4044.MA.5Y:ISL,2020-12-31,6.7575867964614
WDI:SP.POP.4044.MA.5Y:ISL,2021-12-31,6.83112401588719
WDI:SP.POP.4044.MA.5Y:ISL,2022-12-31,6.97316355910022
WDI:SP.POP.4044.MA.5Y:ISL,2023-12-31,7.15245037885183
WDI:SP.POP.4044.MA.5Y:ISL,2024-12-31,7.21586790972905
WDI:SP.POP.4044.MA.5Y:ISR,1960-12-31,5.66087201397105
WDI:SP.POP.4044.MA.5Y:ISR,1961-12-31,5.62689743861049
WDI:SP.POP.4044.MA.5Y:ISR,1962-12-31,5.61994614427788
WDI:SP.POP.4044.MA.5Y:ISR,1963-12-31,5.63184446618125
WDI:SP.POP.4044.MA.5Y:ISR,1964-12-31,5.6335900921311
WDI:SP.POP.4044.MA.5Y:ISR,1965-12-31,5.59509517542452
WDI:SP.POP.4044.MA.5Y:ISR,1966-12-31,5.50503204335299
WDI:SP.POP.4044.MA.5Y:ISR,1967-12-31,5.37232401217911
WDI:SP.POP.4044.MA.5Y:ISR,1968-12-31,5.21975561166814
WDI:SP.POP.4044.MA.5Y:ISR,1969-12-31,5.07204097943762
WDI:SP.POP.4044.MA.5Y:ISR,1970-12-31,4.94748048955761
WDI:SP.POP.4044.MA.5Y:ISR,1971-12-31,4.85774270370984
WDI:SP.POP.4044.MA.5Y:ISR,1972-12-31,4.80763345656842
WDI:SP.POP.4044.MA.5Y:ISR,1973-12-31,4.78524608559979
WDI:SP.POP.4044.MA.5Y:ISR,1974-12-31,4.77196400741242
WDI:SP.POP.4044.MA.5Y:ISR,1975-12-31,4.74354704865906
WDI:SP.POP.4044.MA.5Y:ISR,1976-12-31,4.71677735422793
WDI:SP.POP.4044.MA.5Y:ISR,1977-12-31,4.6689720543552
WDI:SP.POP.4044.MA.5Y:ISR,1978-12-31,4.59728966116117
WDI:SP.POP.4044.MA.5Y:ISR,1979-12-31,4.53424419072256
WDI:SP.POP.4044.MA.5Y:ISR,1980-12-31,4.47518123400797
WDI:SP.POP.4044.MA.5Y:ISR,1981-12-31,4.38010738041936
WDI:SP.POP.4044.MA.5Y:ISR,1982-12-31,4.27167908955659
WDI:SP.POP.4044.MA.5Y:ISR,1983-12-31,4.20394778146145
WDI:SP.POP.4044.MA.5Y:ISR,1984-12-31,4.2217018986565
WDI:SP.POP.4044.MA.5Y:ISR,1985-12-31,4.36136409915341
WDI:SP.POP.4044.MA.5Y:ISR,1986-12-31,4.66233460431428
WDI:SP.POP.4044.MA.5Y:ISR,1987-12-31,5.10355985675913
WDI:SP.POP.4044.MA.5Y:ISR,1988-12-31,5.51083656234823
WDI:SP.POP.4044.MA.5Y:ISR,1989-12-31,5.78480519189003
WDI:SP.POP.4044.MA.5Y:ISR,1990-12-31,6.09679670665992
WDI:SP.POP.4044.MA.5Y:ISR,1991-12-31,6.3780082518796
WDI:SP.POP.4044.MA.5Y:ISR,1992-12-31,6.44082403109911
WDI:SP.POP.4044.MA.5Y:ISR,1993-12-31,6.43204497975764
WDI:SP.POP.4044.MA.5Y:ISR,1994-12-31,6.43844402460883
WDI:SP.POP.4044.MA.5Y:ISR,1995-12-31,6.38672320954687
WDI:SP.POP.4044.MA.5Y:ISR,1996-12-31,6.27021928078202
WDI:SP.POP.4044.MA.5Y:ISR,1997-12-31,6.14910007263988
WDI:SP.POP.4044.MA.5Y:ISR,1998-12-31,6.04962968196792
WDI:SP.POP.4044.MA.5Y:ISR,1999-12-31,5.98720369565799
WDI:SP.POP.4044.MA.5Y:ISR,2000-12-31,5.95471881470404
WDI:SP.POP.4044.MA.5Y:ISR,2001-12-31,5.91486369062709
WDI:SP.POP.4044.MA.5Y:ISR,2002-12-31,5.85993861131444
WDI:SP.POP.4044.MA.5Y:ISR,2003-12-31,5.79900643268353
WDI:SP.POP.4044.MA.5Y:ISR,2004-12-31,5.74442478092776
WDI:SP.POP.4044.MA.5Y:ISR,2005-12-31,5.69703496907415
WDI:SP.POP.4044.MA.5Y:ISR,2006-12-31,5.66578273022671
WDI:SP.POP.4044.MA.5Y:ISR,2007-12-31,5.6418077776073
WDI:SP.POP.4044.MA.5Y:ISR,2008-12-31,5.63947793057162
WDI:SP.POP.4044.MA.5Y:ISR,2009-12-31,5.66938365028358
WDI:SP.POP.4044.MA.5Y:ISR,2010-12-31,5.71824790108301
WDI:SP.POP.4044.MA.5Y:ISR,2011-12-31,5.8080348080985
WDI:SP.POP.4044.MA.5Y:ISR,2012-12-31,5.92766445201513
WDI:SP.POP.4044.MA.5Y:ISR,2013-12-31,6.03209618772271
WDI:SP.POP.4044.MA.5Y:ISR,2014-12-31,6.11362116420995
WDI:SP.POP.4044.MA.5Y:ISR,2015-12-31,6.18236615806577
WDI:SP.POP.4044.MA.5Y:ISR,2016-12-31,6.22964835077095
WDI:SP.POP.4044.MA.5Y:ISR,2017-12-31,6.25034428616355
WDI:SP.POP.4044.MA.5Y:ISR,2018-12-31,6.22109318323775
WDI:SP.POP.4044.MA.5Y:ISR,2019-12-31,6.1685654330528
WDI:SP.POP.4044.MA.5Y:ISR,2020-12-31,6.11265817025191
WDI:SP.POP.4044.MA.5Y:ISR,2021-12-31,6.03335926348475
WDI:SP.POP.4044.MA.5Y:ISR,2022-12-31,5.97020330542451
WDI:SP.POP.4044.MA.5Y:ISR,2023-12-31,5.97399600773447
WDI:SP.POP.4044.MA.5Y:ISR,2024-12-31,5.97919598725349
WDI:SP.POP.4044.MA.5Y:ITA,1960-12-31,5.00798022612987
WDI:SP.POP.4044.MA.5Y:ITA,1961-12-31,5.25390706361789
WDI:SP.POP.4044.MA.5Y:ITA,1962-12-31,5.71493280462816
WDI:SP.POP.4044.MA.5Y:ITA,1963-12-31,6.31467983307416
WDI:SP.POP.4044.MA.5Y:ITA,1964-12-31,6.84036878908408
WDI:SP.POP.4044.MA.5Y:ITA,1965-12-31,7.02275363259162
WDI:SP.POP.4044.MA.5Y:ITA,1966-12-31,6.99131683848249
WDI:SP.POP.4044.MA.5Y:ITA,1967-12-31,6.97567046218635
WDI:SP.POP.4044.MA.5Y:ITA,1968-12-31,6.94255757421925
WDI:SP.POP.4044.MA.5Y:ITA,1969-12-31,6.89907250932677
WDI:SP.POP.4044.MA.5Y:ITA,1970-12-31,6.89424149021008
WDI:SP.POP.4044.MA.5Y:ITA,1971-12-31,6.90470966294235
WDI:SP.POP.4044.MA.5Y:ITA,1972-12-31,6.84696172017687
WDI:SP.POP.4044.MA.5Y:ITA,1973-12-31,6.7642938339984
WDI:SP.POP.4044.MA.5Y:ITA,1974-12-31,6.69659883425244
WDI:SP.POP.4044.MA.5Y:ITA,1975-12-31,6.60940382531224
WDI:SP.POP.4044.MA.5Y:ITA,1976-12-31,6.51824297386382
WDI:SP.POP.4044.MA.5Y:ITA,1977-12-31,6.48038992240367
WDI:SP.POP.4044.MA.5Y:ITA,1978-12-31,6.51933238981333
WDI:SP.POP.4044.MA.5Y:ITA,1979-12-31,6.61006875569982
WDI:SP.POP.4044.MA.5Y:ITA,1980-12-31,6.71285928463339
WDI:SP.POP.4044.MA.5Y:ITA,1981-12-31,6.78545520205317
WDI:SP.POP.4044.MA.5Y:ITA,1982-12-31,6.76687511287946
WDI:SP.POP.4044.MA.5Y:ITA,1983-12-31,6.64706328720766
WDI:SP.POP.4044.MA.5Y:ITA,1984-12-31,6.47816898692824
WDI:SP.POP.4044.MA.5Y:ITA,1985-12-31,6.34437345987462
WDI:SP.POP.4044.MA.5Y:ITA,1986-12-31,6.32266434970577
WDI:SP.POP.4044.MA.5Y:ITA,1987-12-31,6.47918971060744
WDI:SP.POP.4044.MA.5Y:ITA,1988-12-31,6.72912349766449
WDI:SP.POP.4044.MA.5Y:ITA,1989-12-31,6.9547129287264
WDI:SP.POP.4044.MA.5Y:ITA,1990-12-31,7.1141703190943
WDI:SP.POP.4044.MA.5Y:ITA,1991-12-31,7.18189356395287
WDI:SP.POP.4044.MA.5Y:ITA,1992-12-31,7.11137689734884
WDI:SP.POP.4044.MA.5Y:ITA,1993-12-31,6.96942660317804
WDI:SP.POP.4044.MA.5Y:ITA,1994-12-31,6.84016635817433
WDI:SP.POP.4044.MA.5Y:ITA,1995-12-31,6.80508466484722
WDI:SP.POP.4044.MA.5Y:ITA,1996-12-31,6.86486304710671
WDI:SP.POP.4044.MA.5Y:ITA,1997-12-31,6.91465652166267
WDI:SP.POP.4044.MA.5Y:ITA,1998-12-31,6.98474823201802
WDI:SP.POP.4044.MA.5Y:ITA,1999-12-31,7.10290430543021
WDI:SP.POP.4044.MA.5Y:ITA,2000-12-31,7.24901027851522
WDI:SP.POP.4044.MA.5Y:ITA,2001-12-31,7.37384919138323
WDI:SP.POP.4044.MA.5Y:ITA,2002-12-31,7.54557803314913
WDI:SP.POP.4044.MA.5Y:ITA,2003-12-31,7.76593421322309
WDI:SP.POP.4044.MA.5Y:ITA,2004-12-31,7.96246585052893
WDI:SP.POP.4044.MA.5Y:ITA,2005-12-31,8.13988887366057
WDI:SP.POP.4044.MA.5Y:ITA,2006-12-31,8.30218962179183
WDI:SP.POP.4044.MA.5Y:ITA,2007-12-31,8.40277134747056
WDI:SP.POP.4044.MA.5Y:ITA,2008-12-31,8.43531374610071
WDI:SP.POP.4044.MA.5Y:ITA,2009-12-31,8.41592986511567
WDI:SP.POP.4044.MA.5Y:ITA,2010-12-31,8.33986604231459
WDI:SP.POP.4044.MA.5Y:ITA,2011-12-31,8.26396393458707
WDI:SP.POP.4044.MA.5Y:ITA,2012-12-31,8.21247884024964
WDI:SP.POP.4044.MA.5Y:ITA,2013-12-31,8.15930301534554
WDI:SP.POP.4044.MA.5Y:ITA,2014-12-31,8.11033228694518
WDI:SP.POP.4044.MA.5Y:ITA,2015-12-31,8.05812288495322
WDI:SP.POP.4044.MA.5Y:ITA,2016-12-31,7.95117708844162
WDI:SP.POP.4044.MA.5Y:ITA,2017-12-31,7.78419727955461
WDI:SP.POP.4044.MA.5Y:ITA,2018-12-31,7.5815291377129
WDI:SP.POP.4044.MA.5Y:ITA,2019-12-31,7.34180237903732
WDI:SP.POP.4044.MA.5Y:ITA,2020-12-31,7.09596975066992
WDI:SP.POP.4044.MA.5Y:ITA,2021-12-31,6.88265390475629
WDI:SP.POP.4044.MA.5Y:ITA,2022-12-31,6.70050620347326
WDI:SP.POP.4044.MA.5Y:ITA,2023-12-31,6.53924487139395
WDI:SP.POP.4044.MA.5Y:ITA,2024-12-31,6.39109662687578
WDI:SP.POP.4044.MA.5Y:JAM,1960-12-31,4.76241439037923
WDI:SP.POP.4044.MA.5Y:JAM,1961-12-31,4.5722619535789
WDI:SP.POP.4044.MA.5Y:JAM,1962-12-31,4.41750835101863
WDI:SP.POP.4044.MA.5Y:JAM,1963-12-31,4.28234028068356
WDI:SP.POP.4044.MA.5Y:JAM,1964-12-31,4.15292290203761
WDI:SP.POP.4044.MA.5Y:JAM,1965-12-31,4.03078134684285
WDI:SP.POP.4044.MA.5Y:JAM,1966-12-31,3.91018663151127
WDI:SP.POP.4044.MA.5Y:JAM,1967-12-31,3.78558610642847
WDI:SP.POP.4044.MA.5Y:JAM,1968-12-31,3.67238676327274
WDI:SP.POP.4044.MA.5Y:JAM,1969-12-31,3.59064685504766
WDI:SP.POP.4044.MA.5Y:JAM,1970-12-31,3.53925120374464
WDI:SP.POP.4044.MA.5Y:JAM,1971-12-31,3.55178535131106
WDI:SP.POP.4044.MA.5Y:JAM,1972-12-31,3.6337062607701
WDI:SP.POP.4044.MA.5Y:JAM,1973-12-31,3.72319792616046
WDI:SP.POP.4044.MA.5Y:JAM,1974-12-31,3.77116861573073
WDI:SP.POP.4044.MA.5Y:JAM,1975-12-31,3.7715039768877
WDI:SP.POP.4044.MA.5Y:JAM,1976-12-31,3.7300048985044
WDI:SP.POP.4044.MA.5Y:JAM,1977-12-31,3.64995794601798
WDI:SP.POP.4044.MA.5Y:JAM,1978-12-31,3.57325368683822
WDI:SP.POP.4044.MA.5Y:JAM,1979-12-31,3.55639963033787
WDI:SP.POP.4044.MA.5Y:JAM,1980-12-31,3.6147964866423
WDI:SP.POP.4044.MA.5Y:JAM,1981-12-31,3.73177562207652
WDI:SP.POP.4044.MA.5Y:JAM,1982-12-31,3.89420680884703
WDI:SP.POP.4044.MA.5Y:JAM,1983-12-31,4.06557857119979
WDI:SP.POP.4044.MA.5Y:JAM,1984-12-31,4.21099454756914
WDI:SP.POP.4044.MA.5Y:JAM,1985-12-31,4.32220161866424
WDI:SP.POP.4044.MA.5Y:JAM,1986-12-31,4.39489602774358
WDI:SP.POP.4044.MA.5Y:JAM,1987-12-31,4.42144407817149
WDI:SP.POP.4044.MA.5Y:JAM,1988-12-31,4.39620153314754
WDI:SP.POP.4044.MA.5Y:JAM,1989-12-31,4.29724786780246
WDI:SP.POP.4044.MA.5Y:JAM,1990-12-31,4.20098392410828
WDI:SP.POP.4044.MA.5Y:JAM,1991-12-31,4.1742239089827
WDI:SP.POP.4044.MA.5Y:JAM,1992-12-31,4.1639187102105
WDI:SP.POP.4044.MA.5Y:JAM,1993-12-31,4.18318656648414
WDI:SP.POP.4044.MA.5Y:JAM,1994-12-31,4.29379262217606
WDI:SP.POP.4044.MA.5Y:JAM,1995-12-31,4.44251545007026
WDI:SP.POP.4044.MA.5Y:JAM,1996-12-31,4.58713206146585
WDI:SP.POP.4044.MA.5Y:JAM,1997-12-31,4.77669889042902
WDI:SP.POP.4044.MA.5Y:JAM,1998-12-31,5.00857133870156
WDI:SP.POP.4044.MA.5Y:JAM,1999-12-31,5.23747547498214
WDI:SP.POP.4044.MA.5Y:JAM,2000-12-31,5.45651007823101
WDI:SP.POP.4044.MA.5Y:JAM,2001-12-31,5.65576158848751
WDI:SP.POP.4044.MA.5Y:JAM,2002-12-31,5.80248587398005
WDI:SP.POP.4044.MA.5Y:JAM,2003-12-31,5.91011174553925
WDI:SP.POP.4044.MA.5Y:JAM,2004-12-31,6.01594116908193
WDI:SP.POP.4044.MA.5Y:JAM,2005-12-31,6.09309800965075
WDI:SP.POP.4044.MA.5Y:JAM,2006-12-31,6.127892354594
WDI:SP.POP.4044.MA.5Y:JAM,2007-12-31,6.15921897679007
WDI:SP.POP.4044.MA.5Y:JAM,2008-12-31,6.17083692072819
WDI:SP.POP.4044.MA.5Y:JAM,2009-12-31,6.15196533444131
WDI:SP.POP.4044.MA.5Y:JAM,2010-12-31,6.14388430622139
WDI:SP.POP.4044.MA.5Y:JAM,2011-12-31,6.16857904475819
WDI:SP.POP.4044.MA.5Y:JAM,2012-12-31,6.21558761326833
WDI:SP.POP.4044.MA.5Y:JAM,2013-12-31,6.31262172988742
WDI:SP.POP.4044.MA.5Y:JAM,2014-12-31,6.43587441097662
WDI:SP.POP.4044.MA.5Y:JAM,2015-12-31,6.54273600221063
WDI:SP.POP.4044.MA.5Y:JAM,2016-12-31,6.64282432995018
WDI:SP.POP.4044.MA.5Y:JAM,2017-12-31,6.73523403423067
WDI:SP.POP.4044.MA.5Y:JAM,2018-12-31,6.80293135429355
WDI:SP.POP.4044.MA.5Y:JAM,2019-12-31,6.88226069531094
WDI:SP.POP.4044.MA.5Y:JAM,2020-12-31,6.99867896965339
WDI:SP.POP.4044.MA.5Y:JAM,2021-12-31,7.14278595951234
WDI:SP.POP.4044.MA.5Y:JAM,2022-12-31,7.32589886888714
WDI:SP.POP.4044.MA.5Y:JAM,2023-12-31,7.54035260567421
WDI:SP.POP.4044.MA.5Y:JAM,2024-12-31,7.7648987813447
WDI:SP.POP.4044.MA.5Y:JOR,1960-12-31,3.43685011107843
WDI:SP.POP.4044.MA.5Y:JOR,1961-12-31,3.40392042461107
WDI:SP.POP.4044.MA.5Y:JOR,1962-12-31,3.37542352541464
WDI:SP.POP.4044.MA.5Y:JOR,1963-12-31,3.35258635321864
WDI:SP.POP.4044.MA.5Y:JOR,1964-12-31,3.33749915047536
WDI:SP.POP.4044.MA.5Y:JOR,1965-12-31,3.33263677389236
WDI:SP.POP.4044.MA.5Y:JOR,1966-12-31,3.3367904881226
WDI:SP.POP.4044.MA.5Y:JOR,1967-12-31,3.346677896097
WDI:SP.POP.4044.MA.5Y:JOR,1968-12-31,3.36244718795212
WDI:SP.POP.4044.MA.5Y:JOR,1969-12-31,3.38823104688349
WDI:SP.POP.4044.MA.5Y:JOR,1970-12-31,3.42553238000956
WDI:SP.POP.4044.MA.5Y:JOR,1971-12-31,3.47450199795006
WDI:SP.POP.4044.MA.5Y:JOR,1972-12-31,3.53538347536125
WDI:SP.POP.4044.MA.5Y:JOR,1973-12-31,3.60470707187269
WDI:SP.POP.4044.MA.5Y:JOR,1974-12-31,3.6753727875078
WDI:SP.POP.4044.MA.5Y:JOR,1975-12-31,3.74758675593141
WDI:SP.POP.4044.MA.5Y:JOR,1976-12-31,3.82309484783765
WDI:SP.POP.4044.MA.5Y:JOR,1977-12-31,3.89225364542155
WDI:SP.POP.4044.MA.5Y:JOR,1978-12-31,3.94318382002931
WDI:SP.POP.4044.MA.5Y:JOR,1979-12-31,3.9674946782982
WDI:SP.POP.4044.MA.5Y:JOR,1980-12-31,3.95352047819891
WDI:SP.POP.4044.MA.5Y:JOR,1981-12-31,3.89719186456214
WDI:SP.POP.4044.MA.5Y:JOR,1982-12-31,3.81043190739562
WDI:SP.POP.4044.MA.5Y:JOR,1983-12-31,3.70907879619184
WDI:SP.POP.4044.MA.5Y:JOR,1984-12-31,3.60800997331308
WDI:SP.POP.4044.MA.5Y:JOR,1985-12-31,3.51938827940588
WDI:SP.POP.4044.MA.5Y:JOR,1986-12-31,3.45263820195175
WDI:SP.POP.4044.MA.5Y:JOR,1987-12-31,3.41459962152522
WDI:SP.POP.4044.MA.5Y:JOR,1988-12-31,3.4071371622547
WDI:SP.POP.4044.MA.5Y:JOR,1989-12-31,3.41952909883119
WDI:SP.POP.4044.MA.5Y:JOR,1990-12-31,3.59836122009683
WDI:SP.POP.4044.MA.5Y:JOR,1991-12-31,3.82333752646753
WDI:SP.POP.4044.MA.5Y:JOR,1992-12-31,3.97653404786752
WDI:SP.POP.4044.MA.5Y:JOR,1993-12-31,4.13778748090297
WDI:SP.POP.4044.MA.5Y:JOR,1994-12-31,4.30079174283834
WDI:SP.POP.4044.MA.5Y:JOR,1995-12-31,4.45985182308304
WDI:SP.POP.4044.MA.5Y:JOR,1996-12-31,4.60983788825367
WDI:SP.POP.4044.MA.5Y:JOR,1997-12-31,4.7557758504066
WDI:SP.POP.4044.MA.5Y:JOR,1998-12-31,4.90564398632716
WDI:SP.POP.4044.MA.5Y:JOR,1999-12-31,5.06298849445562
WDI:SP.POP.4044.MA.5Y:JOR,2000-12-31,5.22789014156472
WDI:SP.POP.4044.MA.5Y:JOR,2001-12-31,5.40027925366655
WDI:SP.POP.4044.MA.5Y:JOR,2002-12-31,5.57691250359854
WDI:SP.POP.4044.MA.5Y:JOR,2003-12-31,5.75249765306593
WDI:SP.POP.4044.MA.5Y:JOR,2004-12-31,5.92359210957181
WDI:SP.POP.4044.MA.5Y:JOR,2005-12-31,6.08245451216526
WDI:SP.POP.4044.MA.5Y:JOR,2006-12-31,6.21613637668242
WDI:SP.POP.4044.MA.5Y:JOR,2007-12-31,6.31824972297297
WDI:SP.POP.4044.MA.5Y:JOR,2008-12-31,6.39845808179058
WDI:SP.POP.4044.MA.5Y:JOR,2009-12-31,6.44654779037571
WDI:SP.POP.4044.MA.5Y:JOR,2010-12-31,6.46136693337381
WDI:SP.POP.4044.MA.5Y:JOR,2011-12-31,6.44337561253119
WDI:SP.POP.4044.MA.5Y:JOR,2012-12-31,6.39096790011766
WDI:SP.POP.4044.MA.5Y:JOR,2013-12-31,6.23144517498334
WDI:SP.POP.4044.MA.5Y:JOR,2014-12-31,6.05687331166783
WDI:SP.POP.4044.MA.5Y:JOR,2015-12-31,5.99197607240315
WDI:SP.POP.4044.MA.5Y:JOR,2016-12-31,5.96964191265704
WDI:SP.POP.4044.MA.5Y:JOR,2017-12-31,5.94667450435264
WDI:SP.POP.4044.MA.5Y:JOR,2018-12-31,5.94000106328071
WDI:SP.POP.4044.MA.5Y:JOR,2019-12-31,5.95227822763742
WDI:SP.POP.4044.MA.5Y:JOR,2020-12-31,5.98362456063159
WDI:SP.POP.4044.MA.5Y:JOR,2021-12-31,6.03459673518298
WDI:SP.POP.4044.MA.5Y:JOR,2022-12-31,6.0983617388016
WDI:SP.POP.4044.MA.5Y:JOR,2023-12-31,6.16700865336744
WDI:SP.POP.4044.MA.5Y:JOR,2024-12-31,6.23908863238709
WDI:SP.POP.4044.MA.5Y:JPN,1960-12-31,4.90855824496509
WDI:SP.POP.4044.MA.5Y:JPN,1961-12-31,4.91027823648936
WDI:SP.POP.4044.MA.5Y:JPN,1962-12-31,4.9971653621969
WDI:SP.POP.4044.MA.5Y:JPN,1963-12-31,5.21277213883282
WDI:SP.POP.4044.MA.5Y:JPN,1964-12-31,5.49074097736364
WDI:SP.POP.4044.MA.5Y:JPN,1965-12-31,5.83334661928676
WDI:SP.POP.4044.MA.5Y:JPN,1966-12-31,6.26145105024033
WDI:SP.POP.4044.MA.5Y:JPN,1967-12-31,6.64812169088504
WDI:SP.POP.4044.MA.5Y:JPN,1968-12-31,6.94147133827004
WDI:SP.POP.4044.MA.5Y:JPN,1969-12-31,7.13801213559698
WDI:SP.POP.4044.MA.5Y:JPN,1970-12-31,7.26210034177189
WDI:SP.POP.4044.MA.5Y:JPN,1971-12-31,7.34775160401753
WDI:SP.POP.4044.MA.5Y:JPN,1972-12-31,7.41418919684841
WDI:SP.POP.4044.MA.5Y:JPN,1973-12-31,7.45296343674238
WDI:SP.POP.4044.MA.5Y:JPN,1974-12-31,7.47704108831514
WDI:SP.POP.4044.MA.5Y:JPN,1975-12-31,7.51276714498371
WDI:SP.POP.4044.MA.5Y:JPN,1976-12-31,7.52637782050965
WDI:SP.POP.4044.MA.5Y:JPN,1977-12-31,7.47506249409209
WDI:SP.POP.4044.MA.5Y:JPN,1978-12-31,7.34689686080383
WDI:SP.POP.4044.MA.5Y:JPN,1979-12-31,7.26368289774897
WDI:SP.POP.4044.MA.5Y:JPN,1980-12-31,7.31535948917131
WDI:SP.POP.4044.MA.5Y:JPN,1981-12-31,7.44544317140925
WDI:SP.POP.4044.MA.5Y:JPN,1982-12-31,7.60786481085132
WDI:SP.POP.4044.MA.5Y:JPN,1983-12-31,7.84236751568456
WDI:SP.POP.4044.MA.5Y:JPN,1984-12-31,7.90253595090857
WDI:SP.POP.4044.MA.5Y:JPN,1985-12-31,7.61521907794837
WDI:SP.POP.4044.MA.5Y:JPN,1986-12-31,7.54458555262448
WDI:SP.POP.4044.MA.5Y:JPN,1987-12-31,7.86391653769122
WDI:SP.POP.4044.MA.5Y:JPN,1988-12-31,8.23295439645283
WDI:SP.POP.4044.MA.5Y:JPN,1989-12-31,8.61867696569679
WDI:SP.POP.4044.MA.5Y:JPN,1990-12-31,9.06688120938592
WDI:SP.POP.4044.MA.5Y:JPN,1991-12-31,9.16076023273999
WDI:SP.POP.4044.MA.5Y:JPN,1992-12-31,8.79437415528891
WDI:SP.POP.4044.MA.5Y:JPN,1993-12-31,8.28763051488093
WDI:SP.POP.4044.MA.5Y:JPN,1994-12-31,7.79558794071555
WDI:SP.POP.4044.MA.5Y:JPN,1995-12-31,7.39241451798105
WDI:SP.POP.4044.MA.5Y:JPN,1996-12-31,7.04311153013955
WDI:SP.POP.4044.MA.5Y:JPN,1997-12-31,6.73931912158301
WDI:SP.POP.4044.MA.5Y:JPN,1998-12-31,6.5395899135792
WDI:SP.POP.4044.MA.5Y:JPN,1999-12-31,6.47061733987772
WDI:SP.POP.4044.MA.5Y:JPN,2000-12-31,6.42068116814152
WDI:SP.POP.4044.MA.5Y:JPN,2001-12-31,6.37564383189461
WDI:SP.POP.4044.MA.5Y:JPN,2002-12-31,6.38981346479266
WDI:SP.POP.4044.MA.5Y:JPN,2003-12-31,6.41956453967296
WDI:SP.POP.4044.MA.5Y:JPN,2004-12-31,6.4522722853684
WDI:SP.POP.4044.MA.5Y:JPN,2005-12-31,6.54645001625136
WDI:SP.POP.4044.MA.5Y:JPN,2006-12-31,6.54305414343263
WDI:SP.POP.4044.MA.5Y:JPN,2007-12-31,6.58064730671389
WDI:SP.POP.4044.MA.5Y:JPN,2008-12-31,6.76995277410788
WDI:SP.POP.4044.MA.5Y:JPN,2009-12-31,6.92580549442742
WDI:SP.POP.4044.MA.5Y:JPN,2010-12-31,7.06741864987821
WDI:SP.POP.4044.MA.5Y:JPN,2011-12-31,7.37329870789653
WDI:SP.POP.4044.MA.5Y:JPN,2012-12-31,7.68538066816393
WDI:SP.POP.4044.MA.5Y:JPN,2013-12-31,7.86895315449982
WDI:SP.POP.4044.MA.5Y:JPN,2014-12-31,8.04483627467192
WDI:SP.POP.4044.MA.5Y:JPN,2015-12-31,8.10141781039131
WDI:SP.POP.4044.MA.5Y:JPN,2016-12-31,8.0154953293035
WDI:SP.POP.4044.MA.5Y:JPN,2017-12-31,7.82328179395749
WDI:SP.POP.4044.MA.5Y:JPN,2018-12-31,7.54813699285796
WDI:SP.POP.4044.MA.5Y:JPN,2019-12-31,7.23605711642545
WDI:SP.POP.4044.MA.5Y:JPN,2020-12-31,6.95641356526899
WDI:SP.POP.4044.MA.5Y:JPN,2021-12-31,6.72126857487553
WDI:SP.POP.4044.MA.5Y:JPN,2022-12-31,6.52397732531436
WDI:SP.POP.4044.MA.5Y:JPN,2023-12-31,6.37009647557436
WDI:SP.POP.4044.MA.5Y:JPN,2024-12-31,6.24601809603757
WDI:SP.POP.4044.MA.5Y:KAZ,1960-12-31,3.7147150504674
WDI:SP.POP.4044.MA.5Y:KAZ,1961-12-31,3.65021736050447
WDI:SP.POP.4044.MA.5Y:KAZ,1962-12-31,3.64683504804937
WDI:SP.POP.4044.MA.5Y:KAZ,1963-12-31,3.73285975001232
WDI:SP.POP.4044.MA.5Y:KAZ,1964-12-31,3.984928574236
WDI:SP.POP.4044.MA.5Y:KAZ,1965-12-31,4.38395036764498
WDI:SP.POP.4044.MA.5Y:KAZ,1966-12-31,4.93352427108724
WDI:SP.POP.4044.MA.5Y:KAZ,1967-12-31,5.59171895521709
WDI:SP.POP.4044.MA.5Y:KAZ,1968-12-31,6.2295609603004
WDI:SP.POP.4044.MA.5Y:KAZ,1969-12-31,6.70772348809831
WDI:SP.POP.4044.MA.5Y:KAZ,1970-12-31,6.95554146245731
WDI:SP.POP.4044.MA.5Y:KAZ,1971-12-31,6.91464949558954
WDI:SP.POP.4044.MA.5Y:KAZ,1972-12-31,6.60173799680911
WDI:SP.POP.4044.MA.5Y:KAZ,1973-12-31,6.19688253093771
WDI:SP.POP.4044.MA.5Y:KAZ,1974-12-31,5.93666193290521
WDI:SP.POP.4044.MA.5Y:KAZ,1975-12-31,5.91812131850796
WDI:SP.POP.4044.MA.5Y:KAZ,1976-12-31,6.05075254278563
WDI:SP.POP.4044.MA.5Y:KAZ,1977-12-31,6.27124672485892
WDI:SP.POP.4044.MA.5Y:KAZ,1978-12-31,6.52803168314816
WDI:SP.POP.4044.MA.5Y:KAZ,1979-12-31,5.95598768969074
WDI:SP.POP.4044.MA.5Y:KAZ,1980-12-31,5.30517446391814
WDI:SP.POP.4044.MA.5Y:KAZ,1981-12-31,5.25178229675081
WDI:SP.POP.4044.MA.5Y:KAZ,1982-12-31,4.91297871200764
WDI:SP.POP.4044.MA.5Y:KAZ,1983-12-31,4.36063870731882
WDI:SP.POP.4044.MA.5Y:KAZ,1984-12-31,3.72705152116596
WDI:SP.POP.4044.MA.5Y:KAZ,1985-12-31,3.17867661840065
WDI:SP.POP.4044.MA.5Y:KAZ,1986-12-31,3.01355088712585
WDI:SP.POP.4044.MA.5Y:KAZ,1987-12-31,3.30930232234912
WDI:SP.POP.4044.MA.5Y:KAZ,1988-12-31,3.90714078510828
WDI:SP.POP.4044.MA.5Y:KAZ,1989-12-31,4.55441644608429
WDI:SP.POP.4044.MA.5Y:KAZ,1990-12-31,5.09930208348126
WDI:SP.POP.4044.MA.5Y:KAZ,1991-12-31,5.56907248958884
WDI:SP.POP.4044.MA.5Y:KAZ,1992-12-31,5.91457262489812
WDI:SP.POP.4044.MA.5Y:KAZ,1993-12-31,6.15069785480898
WDI:SP.POP.4044.MA.5Y:KAZ,1994-12-31,6.32359111280342
WDI:SP.POP.4044.MA.5Y:KAZ,1995-12-31,6.48246144801055
WDI:SP.POP.4044.MA.5Y:KAZ,1996-12-31,6.63644110973757
WDI:SP.POP.4044.MA.5Y:KAZ,1997-12-31,6.79027685749466
WDI:SP.POP.4044.MA.5Y:KAZ,1998-12-31,6.96240083511805
WDI:SP.POP.4044.MA.5Y:KAZ,1999-12-31,7.16757799232259
WDI:SP.POP.4044.MA.5Y:KAZ,2000-12-31,7.37869545953223
WDI:SP.POP.4044.MA.5Y:KAZ,2001-12-31,7.54421366192575
WDI:SP.POP.4044.MA.5Y:KAZ,2002-12-31,7.62845502669343
WDI:SP.POP.4044.MA.5Y:KAZ,2003-12-31,7.60224592646813
WDI:SP.POP.4044.MA.5Y:KAZ,2004-12-31,7.47265524123565
WDI:SP.POP.4044.MA.5Y:KAZ,2005-12-31,7.27073284582728
WDI:SP.POP.4044.MA.5Y:KAZ,2006-12-31,7.03458309872052
WDI:SP.POP.4044.MA.5Y:KAZ,2007-12-31,6.80207292927522
WDI:SP.POP.4044.MA.5Y:KAZ,2008-12-31,6.60468907928762
WDI:SP.POP.4044.MA.5Y:KAZ,2009-12-31,6.47125660613361
WDI:SP.POP.4044.MA.5Y:KAZ,2010-12-31,6.40904279242901
WDI:SP.POP.4044.MA.5Y:KAZ,2011-12-31,6.39758115931683
WDI:SP.POP.4044.MA.5Y:KAZ,2012-12-31,6.40777760429517
WDI:SP.POP.4044.MA.5Y:KAZ,2013-12-31,6.41635251937696
WDI:SP.POP.4044.MA.5Y:KAZ,2014-12-31,6.41334105454554
WDI:SP.POP.4044.MA.5Y:KAZ,2015-12-31,6.39698318293399
WDI:SP.POP.4044.MA.5Y:KAZ,2016-12-31,6.37099373447426
WDI:SP.POP.4044.MA.5Y:KAZ,2017-12-31,6.35099795621194
WDI:SP.POP.4044.MA.5Y:KAZ,2018-12-31,6.35424085248706
WDI:SP.POP.4044.MA.5Y:KAZ,2019-12-31,6.36906736148133
WDI:SP.POP.4044.MA.5Y:KAZ,2020-12-31,6.39192802123454
WDI:SP.POP.4044.MA.5Y:KAZ,2021-12-31,6.42738763293039
WDI:SP.POP.4044.MA.5Y:KAZ,2022-12-31,6.4806644952109
WDI:SP.POP.4044.MA.5Y:KAZ,2023-12-31,6.56448564664791
WDI:SP.POP.4044.MA.5Y:KAZ,2024-12-31,6.67634339362984
WDI:SP.POP.4044.MA.5Y:KEN,1960-12-31,3.98240480584762
WDI:SP.POP.4044.MA.5Y:KEN,1961-12-31,3.94803360035047
WDI:SP.POP.4044.MA.5Y:KEN,1962-12-31,3.90720295677068
WDI:SP.POP.4044.MA.5Y:KEN,1963-12-31,3.85656003275894
WDI:SP.POP.4044.MA.5Y:KEN,1964-12-31,3.80342545549252
WDI:SP.POP.4044.MA.5Y:KEN,1965-12-31,3.75260234539675
WDI:SP.POP.4044.MA.5Y:KEN,1966-12-31,3.69966880694086
WDI:SP.POP.4044.MA.5Y:KEN,1967-12-31,3.64259801719801
WDI:SP.POP.4044.MA.5Y:KEN,1968-12-31,3.58812256193778
WDI:SP.POP.4044.MA.5Y:KEN,1969-12-31,3.54414550371323
WDI:SP.POP.4044.MA.5Y:KEN,1970-12-31,3.50908843043614
WDI:SP.POP.4044.MA.5Y:KEN,1971-12-31,3.4704994222362
WDI:SP.POP.4044.MA.5Y:KEN,1972-12-31,3.42465424589681
WDI:SP.POP.4044.MA.5Y:KEN,1973-12-31,3.37486712058985
WDI:SP.POP.4044.MA.5Y:KEN,1974-12-31,3.31709011118893
WDI:SP.POP.4044.MA.5Y:KEN,1975-12-31,3.24663674312931
WDI:SP.POP.4044.MA.5Y:KEN,1976-12-31,3.16417144941879
WDI:SP.POP.4044.MA.5Y:KEN,1977-12-31,3.0751058457681
WDI:SP.POP.4044.MA.5Y:KEN,1978-12-31,2.98080912326066
WDI:SP.POP.4044.MA.5Y:KEN,1979-12-31,2.8878080053463
WDI:SP.POP.4044.MA.5Y:KEN,1980-12-31,2.81149696978338
WDI:SP.POP.4044.MA.5Y:KEN,1981-12-31,2.75774408656381
WDI:SP.POP.4044.MA.5Y:KEN,1982-12-31,2.72929571534649
WDI:SP.POP.4044.MA.5Y:KEN,1983-12-31,2.73082980944062
WDI:SP.POP.4044.MA.5Y:KEN,1984-12-31,2.76144761761766
WDI:SP.POP.4044.MA.5Y:KEN,1985-12-31,2.82078704557978
WDI:SP.POP.4044.MA.5Y:KEN,1986-12-31,2.90180348640242
WDI:SP.POP.4044.MA.5Y:KEN,1987-12-31,2.99962278969382
WDI:SP.POP.4044.MA.5Y:KEN,1988-12-31,3.1177604867785
WDI:SP.POP.4044.MA.5Y:KEN,1989-12-31,3.25000975761625
WDI:SP.POP.4044.MA.5Y:KEN,1990-12-31,3.28193661439821
WDI:SP.POP.4044.MA.5Y:KEN,1991-12-31,3.21458020743099
WDI:SP.POP.4044.MA.5Y:KEN,1992-12-31,3.15354594056548
WDI:SP.POP.4044.MA.5Y:KEN,1993-12-31,3.09842333251557
WDI:SP.POP.4044.MA.5Y:KEN,1994-12-31,3.04548883323102
WDI:SP.POP.4044.MA.5Y:KEN,1995-12-31,3.07722488607558
WDI:SP.POP.4044.MA.5Y:KEN,1996-12-31,3.19217445732441
WDI:SP.POP.4044.MA.5Y:KEN,1997-12-31,3.31015985710917
WDI:SP.POP.4044.MA.5Y:KEN,1998-12-31,3.42766544499021
WDI:SP.POP.4044.MA.5Y:KEN,1999-12-31,3.54359235356483
WDI:SP.POP.4044.MA.5Y:KEN,2000-12-31,3.65471767898309
WDI:SP.POP.4044.MA.5Y:KEN,2001-12-31,3.76005949925532
WDI:SP.POP.4044.MA.5Y:KEN,2002-12-31,3.85680095563564
WDI:SP.POP.4044.MA.5Y:KEN,2003-12-31,3.94495691217414
WDI:SP.POP.4044.MA.5Y:KEN,2004-12-31,4.02981815155174
WDI:SP.POP.4044.MA.5Y:KEN,2005-12-31,4.11116157563363
WDI:SP.POP.4044.MA.5Y:KEN,2006-12-31,4.18591141163399
WDI:SP.POP.4044.MA.5Y:KEN,2007-12-31,4.24851044551206
WDI:SP.POP.4044.MA.5Y:KEN,2008-12-31,4.30088257361982
WDI:SP.POP.4044.MA.5Y:KEN,2009-12-31,4.34812298961273
WDI:SP.POP.4044.MA.5Y:KEN,2010-12-31,4.39280388495607
WDI:SP.POP.4044.MA.5Y:KEN,2011-12-31,4.43976431283761
WDI:SP.POP.4044.MA.5Y:KEN,2012-12-31,4.48878056903495
WDI:SP.POP.4044.MA.5Y:KEN,2013-12-31,4.53722430583021
WDI:SP.POP.4044.MA.5Y:KEN,2014-12-31,4.58510748949464
WDI:SP.POP.4044.MA.5Y:KEN,2015-12-31,4.63503285163161
WDI:SP.POP.4044.MA.5Y:KEN,2016-12-31,4.68508671097391
WDI:SP.POP.4044.MA.5Y:KEN,2017-12-31,4.73859593919184
WDI:SP.POP.4044.MA.5Y:KEN,2018-12-31,4.80552280161409
WDI:SP.POP.4044.MA.5Y:KEN,2019-12-31,4.88176372583986
WDI:SP.POP.4044.MA.5Y:KEN,2020-12-31,4.96030428427011
WDI:SP.POP.4044.MA.5Y:KEN,2021-12-31,5.04544613211146
WDI:SP.POP.4044.MA.5Y:KEN,2022-12-31,5.13266727063277
WDI:SP.POP.4044.MA.5Y:KEN,2023-12-31,5.21431069623402
WDI:SP.POP.4044.MA.5Y:KEN,2024-12-31,5.29470233751895
WDI:SP.POP.4044.MA.5Y:KGZ,1960-12-31,3.21265651237733
WDI:SP.POP.4044.MA.5Y:KGZ,1961-12-31,3.21277596396924
WDI:SP.POP.4044.MA.5Y:KGZ,1962-12-31,3.30252859524683
WDI:SP.POP.4044.MA.5Y:KGZ,1963-12-31,3.48794540039105
WDI:SP.POP.4044.MA.5Y:KGZ,1964-12-31,3.77815145892791
WDI:SP.POP.4044.MA.5Y:KGZ,1965-12-31,4.13721666831242
WDI:SP.POP.4044.MA.5Y:KGZ,1966-12-31,4.58303999434638
WDI:SP.POP.4044.MA.5Y:KGZ,1967-12-31,5.1376885335204
WDI:SP.POP.4044.MA.5Y:KGZ,1968-12-31,5.68844806414005
WDI:SP.POP.4044.MA.5Y:KGZ,1969-12-31,6.08115387652328
WDI:SP.POP.4044.MA.5Y:KGZ,1970-12-31,6.29149279332327
WDI:SP.POP.4044.MA.5Y:KGZ,1971-12-31,6.32010294907308
WDI:SP.POP.4044.MA.5Y:KGZ,1972-12-31,6.14268246093232
WDI:SP.POP.4044.MA.5Y:KGZ,1973-12-31,5.86635818561829
WDI:SP.POP.4044.MA.5Y:KGZ,1974-12-31,5.66385913867606
WDI:SP.POP.4044.MA.5Y:KGZ,1975-12-31,5.57173951681036
WDI:SP.POP.4044.MA.5Y:KGZ,1976-12-31,5.58049892371745
WDI:SP.POP.4044.MA.5Y:KGZ,1977-12-31,5.71272909755333
WDI:SP.POP.4044.MA.5Y:KGZ,1978-12-31,5.87968528154948
WDI:SP.POP.4044.MA.5Y:KGZ,1979-12-31,5.91067386969877
WDI:SP.POP.4044.MA.5Y:KGZ,1980-12-31,5.77833090849796
WDI:SP.POP.4044.MA.5Y:KGZ,1981-12-31,5.5642998662538
WDI:SP.POP.4044.MA.5Y:KGZ,1982-12-31,5.15630769880039
WDI:SP.POP.4044.MA.5Y:KGZ,1983-12-31,4.49481840548616
WDI:SP.POP.4044.MA.5Y:KGZ,1984-12-31,3.8200587048863
WDI:SP.POP.4044.MA.5Y:KGZ,1985-12-31,3.34085535834897
WDI:SP.POP.4044.MA.5Y:KGZ,1986-12-31,3.04870140942325
WDI:SP.POP.4044.MA.5Y:KGZ,1987-12-31,2.96075991803337
WDI:SP.POP.4044.MA.5Y:KGZ,1988-12-31,3.11946044033272
WDI:SP.POP.4044.MA.5Y:KGZ,1989-12-31,3.52217655587226
WDI:SP.POP.4044.MA.5Y:KGZ,1990-12-31,4.01950754054358
WDI:SP.POP.4044.MA.5Y:KGZ,1991-12-31,4.39338738919992
WDI:SP.POP.4044.MA.5Y:KGZ,1992-12-31,4.61880816203688
WDI:SP.POP.4044.MA.5Y:KGZ,1993-12-31,4.7727289717636
WDI:SP.POP.4044.MA.5Y:KGZ,1994-12-31,4.91546460155551
WDI:SP.POP.4044.MA.5Y:KGZ,1995-12-31,5.0165701142065
WDI:SP.POP.4044.MA.5Y:KGZ,1996-12-31,5.09607036434793
WDI:SP.POP.4044.MA.5Y:KGZ,1997-12-31,5.21681506696337
WDI:SP.POP.4044.MA.5Y:KGZ,1998-12-31,5.38899067363564
WDI:SP.POP.4044.MA.5Y:KGZ,1999-12-31,5.61193142929907
WDI:SP.POP.4044.MA.5Y:KGZ,2000-12-31,5.86210053295441
WDI:SP.POP.4044.MA.5Y:KGZ,2001-12-31,6.095561445387
WDI:SP.POP.4044.MA.5Y:KGZ,2002-12-31,6.26663595649392
WDI:SP.POP.4044.MA.5Y:KGZ,2003-12-31,6.34733232932662
WDI:SP.POP.4044.MA.5Y:KGZ,2004-12-31,6.33801731209442
WDI:SP.POP.4044.MA.5Y:KGZ,2005-12-31,6.25754340726004
WDI:SP.POP.4044.MA.5Y:KGZ,2006-12-31,6.13856207309289
WDI:SP.POP.4044.MA.5Y:KGZ,2007-12-31,6.02373166560677
WDI:SP.POP.4044.MA.5Y:KGZ,2008-12-31,5.95385542306504
WDI:SP.POP.4044.MA.5Y:KGZ,2009-12-31,5.90469800171411
WDI:SP.POP.4044.MA.5Y:KGZ,2010-12-31,5.91598926589782
WDI:SP.POP.4044.MA.5Y:KGZ,2011-12-31,6.01479109539747
WDI:SP.POP.4044.MA.5Y:KGZ,2012-12-31,6.13445717737339
WDI:SP.POP.4044.MA.5Y:KGZ,2013-12-31,6.19904097585401
WDI:SP.POP.4044.MA.5Y:KGZ,2014-12-31,6.19306573385565
WDI:SP.POP.4044.MA.5Y:KGZ,2015-12-31,6.11816421553387
WDI:SP.POP.4044.MA.5Y:KGZ,2016-12-31,5.95348890839937
WDI:SP.POP.4044.MA.5Y:KGZ,2017-12-31,5.69999629041484
WDI:SP.POP.4044.MA.5Y:KGZ,2018-12-31,5.43201626683723
WDI:SP.POP.4044.MA.5Y:KGZ,2019-12-31,5.32520643110093
WDI:SP.POP.4044.MA.5Y:KGZ,2020-12-31,5.42185395056195
WDI:SP.POP.4044.MA.5Y:KGZ,2021-12-31,5.65285839555559
WDI:SP.POP.4044.MA.5Y:KGZ,2022-12-31,5.78528351053847
WDI:SP.POP.4044.MA.5Y:KGZ,2023-12-31,5.79839871627381
WDI:SP.POP.4044.MA.5Y:KGZ,2024-12-31,5.86583025929979
WDI:SP.POP.4044.MA.5Y:KHM,1960-12-31,4.56639266458449
WDI:SP.POP.4044.MA.5Y:KHM,1961-12-31,4.5596324403107
WDI:SP.POP.4044.MA.5Y:KHM,1962-12-31,4.55209017824163
WDI:SP.POP.4044.MA.5Y:KHM,1963-12-31,4.54158448422952
WDI:SP.POP.4044.MA.5Y:KHM,1964-12-31,4.52755628564959
WDI:SP.POP.4044.MA.5Y:KHM,1965-12-31,4.51187270180641
WDI:SP.POP.4044.MA.5Y:KHM,1966-12-31,4.49478335697989
WDI:SP.POP.4044.MA.5Y:KHM,1967-12-31,4.47596438254335
WDI:SP.POP.4044.MA.5Y:KHM,1968-12-31,4.45532145722118
WDI:SP.POP.4044.MA.5Y:KHM,1969-12-31,4.43336879352361
WDI:SP.POP.4044.MA.5Y:KHM,1970-12-31,4.36817197956523
WDI:SP.POP.4044.MA.5Y:KHM,1971-12-31,4.27251444775368
WDI:SP.POP.4044.MA.5Y:KHM,1972-12-31,4.19521135956495
WDI:SP.POP.4044.MA.5Y:KHM,1973-12-31,4.124436199556
WDI:SP.POP.4044.MA.5Y:KHM,1974-12-31,4.06191607289003
WDI:SP.POP.4044.MA.5Y:KHM,1975-12-31,3.95332791311875
WDI:SP.POP.4044.MA.5Y:KHM,1976-12-31,3.79891399246183
WDI:SP.POP.4044.MA.5Y:KHM,1977-12-31,3.65418555836841
WDI:SP.POP.4044.MA.5Y:KHM,1978-12-31,3.463754862609
WDI:SP.POP.4044.MA.5Y:KHM,1979-12-31,3.31419980285549
WDI:SP.POP.4044.MA.5Y:KHM,1980-12-31,3.17974444202176
WDI:SP.POP.4044.MA.5Y:KHM,1981-12-31,2.99965403470776
WDI:SP.POP.4044.MA.5Y:KHM,1982-12-31,2.86808620184595
WDI:SP.POP.4044.MA.5Y:KHM,1983-12-31,2.77718155813466
WDI:SP.POP.4044.MA.5Y:KHM,1984-12-31,2.70099874365751
WDI:SP.POP.4044.MA.5Y:KHM,1985-12-31,2.62485216738547
WDI:SP.POP.4044.MA.5Y:KHM,1986-12-31,2.58690002928848
WDI:SP.POP.4044.MA.5Y:KHM,1987-12-31,2.57373814273718
WDI:SP.POP.4044.MA.5Y:KHM,1988-12-31,2.55271281383655
WDI:SP.POP.4044.MA.5Y:KHM,1989-12-31,2.57359923461202
WDI:SP.POP.4044.MA.5Y:KHM,1990-12-31,2.65625743394045
WDI:SP.POP.4044.MA.5Y:KHM,1991-12-31,2.76353787407627
WDI:SP.POP.4044.MA.5Y:KHM,1992-12-31,2.94582529405276
WDI:SP.POP.4044.MA.5Y:KHM,1993-12-31,3.1720618618392
WDI:SP.POP.4044.MA.5Y:KHM,1994-12-31,3.37150606409934
WDI:SP.POP.4044.MA.5Y:KHM,1995-12-31,3.51517632731324
WDI:SP.POP.4044.MA.5Y:KHM,1996-12-31,3.5947397567731
WDI:SP.POP.4044.MA.5Y:KHM,1997-12-31,3.64242486390377
WDI:SP.POP.4044.MA.5Y:KHM,1998-12-31,3.74588727698794
WDI:SP.POP.4044.MA.5Y:KHM,1999-12-31,3.94541685575516
WDI:SP.POP.4044.MA.5Y:KHM,2000-12-31,4.19711030042113
WDI:SP.POP.4044.MA.5Y:KHM,2001-12-31,4.46020049488528
WDI:SP.POP.4044.MA.5Y:KHM,2002-12-31,4.6979207129012
WDI:SP.POP.4044.MA.5Y:KHM,2003-12-31,4.89145281112234
WDI:SP.POP.4044.MA.5Y:KHM,2004-12-31,5.03749687610585
WDI:SP.POP.4044.MA.5Y:KHM,2005-12-31,5.13260174895423
WDI:SP.POP.4044.MA.5Y:KHM,2006-12-31,5.18441556635776
WDI:SP.POP.4044.MA.5Y:KHM,2007-12-31,5.22665949780871
WDI:SP.POP.4044.MA.5Y:KHM,2008-12-31,5.27246042108317
WDI:SP.POP.4044.MA.5Y:KHM,2009-12-31,5.31641690135011
WDI:SP.POP.4044.MA.5Y:KHM,2010-12-31,5.35932522249057
WDI:SP.POP.4044.MA.5Y:KHM,2011-12-31,5.38020988074435
WDI:SP.POP.4044.MA.5Y:KHM,2012-12-31,5.34487020810109
WDI:SP.POP.4044.MA.5Y:KHM,2013-12-31,5.24159854229711
WDI:SP.POP.4044.MA.5Y:KHM,2014-12-31,5.0857565128674
WDI:SP.POP.4044.MA.5Y:KHM,2015-12-31,4.9065171425053
WDI:SP.POP.4044.MA.5Y:KHM,2016-12-31,4.76267553659546
WDI:SP.POP.4044.MA.5Y:KHM,2017-12-31,4.74321029432678
WDI:SP.POP.4044.MA.5Y:KHM,2018-12-31,4.92226624400724
WDI:SP.POP.4044.MA.5Y:KHM,2019-12-31,5.27355992506005
WDI:SP.POP.4044.MA.5Y:KHM,2020-12-31,5.71895562656062
WDI:SP.POP.4044.MA.5Y:KHM,2021-12-31,6.19782807325467
WDI:SP.POP.4044.MA.5Y:KHM,2022-12-31,6.62551341135971
WDI:SP.POP.4044.MA.5Y:KHM,2023-12-31,6.93507028573283
WDI:SP.POP.4044.MA.5Y:KHM,2024-12-31,7.11401625387149
WDI:SP.POP.4044.MA.5Y:KIR,1960-12-31,4.45176004819692
WDI:SP.POP.4044.MA.5Y:KIR,1961-12-31,4.43871346500608
WDI:SP.POP.4044.MA.5Y:KIR,1962-12-31,4.44054087176764
WDI:SP.POP.4044.MA.5Y:KIR,1963-12-31,4.45890288306572
WDI:SP.POP.4044.MA.5Y:KIR,1964-12-31,4.48987501211123
WDI:SP.POP.4044.MA.5Y:KIR,1965-12-31,4.52598811432884
WDI:SP.POP.4044.MA.5Y:KIR,1966-12-31,4.529623179814
WDI:SP.POP.4044.MA.5Y:KIR,1967-12-31,4.49089707825576
WDI:SP.POP.4044.MA.5Y:KIR,1968-12-31,4.44598060795692
WDI:SP.POP.4044.MA.5Y:KIR,1969-12-31,4.4527367646795
WDI:SP.POP.4044.MA.5Y:KIR,1970-12-31,4.50913442923017
WDI:SP.POP.4044.MA.5Y:KIR,1971-12-31,4.56594972790878
WDI:SP.POP.4044.MA.5Y:KIR,1972-12-31,4.60653568156368
WDI:SP.POP.4044.MA.5Y:KIR,1973-12-31,4.59553300170267
WDI:SP.POP.4044.MA.5Y:KIR,1974-12-31,4.52420424403183
WDI:SP.POP.4044.MA.5Y:KIR,1975-12-31,4.40018604033089
WDI:SP.POP.4044.MA.5Y:KIR,1976-12-31,4.22758264290596
WDI:SP.POP.4044.MA.5Y:KIR,1977-12-31,4.01688498777179
WDI:SP.POP.4044.MA.5Y:KIR,1978-12-31,3.81552139285053
WDI:SP.POP.4044.MA.5Y:KIR,1979-12-31,3.78429992964117
WDI:SP.POP.4044.MA.5Y:KIR,1980-12-31,3.89222544878564
WDI:SP.POP.4044.MA.5Y:KIR,1981-12-31,4.00233997952518
WDI:SP.POP.4044.MA.5Y:KIR,1982-12-31,4.12326597225556
WDI:SP.POP.4044.MA.5Y:KIR,1983-12-31,4.22632830836602
WDI:SP.POP.4044.MA.5Y:KIR,1984-12-31,4.28431874215007
WDI:SP.POP.4044.MA.5Y:KIR,1985-12-31,4.29656001338871
WDI:SP.POP.4044.MA.5Y:KIR,1986-12-31,4.29047321614467
WDI:SP.POP.4044.MA.5Y:KIR,1987-12-31,4.29841897233202
WDI:SP.POP.4044.MA.5Y:KIR,1988-12-31,4.32232038862532
WDI:SP.POP.4044.MA.5Y:KIR,1989-12-31,4.36171246858206
WDI:SP.POP.4044.MA.5Y:KIR,1990-12-31,4.40940600788365
WDI:SP.POP.4044.MA.5Y:KIR,1991-12-31,4.44346619710795
WDI:SP.POP.4044.MA.5Y:KIR,1992-12-31,4.46042976595214
WDI:SP.POP.4044.MA.5Y:KIR,1993-12-31,4.45956258002768
WDI:SP.POP.4044.MA.5Y:KIR,1994-12-31,4.44373605355435
WDI:SP.POP.4044.MA.5Y:KIR,1995-12-31,4.42715860110333
WDI:SP.POP.4044.MA.5Y:KIR,1996-12-31,4.43818071678473
WDI:SP.POP.4044.MA.5Y:KIR,1997-12-31,4.4879660790436
WDI:SP.POP.4044.MA.5Y:KIR,1998-12-31,4.58351749429599
WDI:SP.POP.4044.MA.5Y:KIR,1999-12-31,4.73229503379371
WDI:SP.POP.4044.MA.5Y:KIR,2000-12-31,4.91824132109073
WDI:SP.POP.4044.MA.5Y:KIR,2001-12-31,5.11217275853069
WDI:SP.POP.4044.MA.5Y:KIR,2002-12-31,5.29677727540354
WDI:SP.POP.4044.MA.5Y:KIR,2003-12-31,5.47359488217247
WDI:SP.POP.4044.MA.5Y:KIR,2004-12-31,5.6255131308177
WDI:SP.POP.4044.MA.5Y:KIR,2005-12-31,5.74838783850166
WDI:SP.POP.4044.MA.5Y:KIR,2006-12-31,5.82900359701171
WDI:SP.POP.4044.MA.5Y:KIR,2007-12-31,5.850326469111
WDI:SP.POP.4044.MA.5Y:KIR,2008-12-31,5.80647065769276
WDI:SP.POP.4044.MA.5Y:KIR,2009-12-31,5.69160517138398
WDI:SP.POP.4044.MA.5Y:KIR,2010-12-31,5.50211002331883
WDI:SP.POP.4044.MA.5Y:KIR,2011-12-31,5.27953483619881
WDI:SP.POP.4044.MA.5Y:KIR,2012-12-31,5.07167291836716
WDI:SP.POP.4044.MA.5Y:KIR,2013-12-31,4.89153590238685
WDI:SP.POP.4044.MA.5Y:KIR,2014-12-31,4.74999103267693
WDI:SP.POP.4044.MA.5Y:KIR,2015-12-31,4.65427773096199
WDI:SP.POP.4044.MA.5Y:KIR,2016-12-31,4.61735073483715
WDI:SP.POP.4044.MA.5Y:KIR,2017-12-31,4.63724627933847
WDI:SP.POP.4044.MA.5Y:KIR,2018-12-31,4.6908315565032
WDI:SP.POP.4044.MA.5Y:KIR,2019-12-31,4.80661411524493
WDI:SP.POP.4044.MA.5Y:KIR,2020-12-31,4.96639773903613
WDI:SP.POP.4044.MA.5Y:KIR,2021-12-31,5.12246032833391
WDI:SP.POP.4044.MA.5Y:KIR,2022-12-31,5.2818323657762
WDI:SP.POP.4044.MA.5Y:KIR,2023-12-31,5.45145997617954
WDI:SP.POP.4044.MA.5Y:KIR,2024-12-31,5.60206496679662
WDI:SP.POP.4044.MA.5Y:KNA,1960-12-31,4.55094957688258
WDI:SP.POP.4044.MA.5Y:KNA,1961-12-31,4.41920677886313
WDI:SP.POP.4044.MA.5Y:KNA,1962-12-31,4.31817729974751
WDI:SP.POP.4044.MA.5Y:KNA,1963-12-31,4.22899652300477
WDI:SP.POP.4044.MA.5Y:KNA,1964-12-31,4.12451842848019
WDI:SP.POP.4044.MA.5Y:KNA,1965-12-31,4.00538539212386
WDI:SP.POP.4044.MA.5Y:KNA,1966-12-31,3.8805905901597
WDI:SP.POP.4044.MA.5Y:KNA,1967-12-31,3.72021182700794
WDI:SP.POP.4044.MA.5Y:KNA,1968-12-31,3.52535763676347
WDI:SP.POP.4044.MA.5Y:KNA,1969-12-31,3.3414451516286
WDI:SP.POP.4044.MA.5Y:KNA,1970-12-31,3.18308105000958
WDI:SP.POP.4044.MA.5Y:KNA,1971-12-31,3.06242922198395
WDI:SP.POP.4044.MA.5Y:KNA,1972-12-31,2.97082228116711
WDI:SP.POP.4044.MA.5Y:KNA,1973-12-31,2.88837411321847
WDI:SP.POP.4044.MA.5Y:KNA,1974-12-31,2.80795789270366
WDI:SP.POP.4044.MA.5Y:KNA,1975-12-31,2.73429951690821
WDI:SP.POP.4044.MA.5Y:KNA,1976-12-31,2.67004953485562
WDI:SP.POP.4044.MA.5Y:KNA,1977-12-31,2.60867462888642
WDI:SP.POP.4044.MA.5Y:KNA,1978-12-31,2.56006968809737
WDI:SP.POP.4044.MA.5Y:KNA,1979-12-31,2.52182347235693
WDI:SP.POP.4044.MA.5Y:KNA,1980-12-31,2.50072907553223
WDI:SP.POP.4044.MA.5Y:KNA,1981-12-31,2.51319854998419
WDI:SP.POP.4044.MA.5Y:KNA,1982-12-31,2.54854664620033
WDI:SP.POP.4044.MA.5Y:KNA,1983-12-31,2.61833813687656
WDI:SP.POP.4044.MA.5Y:KNA,1984-12-31,2.72653781142059
WDI:SP.POP.4044.MA.5Y:KNA,1985-12-31,2.84148169997296
WDI:SP.POP.4044.MA.5Y:KNA,1986-12-31,2.95852147950749
WDI:SP.POP.4044.MA.5Y:KNA,1987-12-31,3.10703666997027
WDI:SP.POP.4044.MA.5Y:KNA,1988-12-31,3.28795081763198
WDI:SP.POP.4044.MA.5Y:KNA,1989-12-31,3.47734720936632
WDI:SP.POP.4044.MA.5Y:KNA,1990-12-31,3.72811430871403
WDI:SP.POP.4044.MA.5Y:KNA,1991-12-31,4.06557212179117
WDI:SP.POP.4044.MA.5Y:KNA,1992-12-31,4.47274807831041
WDI:SP.POP.4044.MA.5Y:KNA,1993-12-31,4.93109705262126
WDI:SP.POP.4044.MA.5Y:KNA,1994-12-31,5.41749262679495
WDI:SP.POP.4044.MA.5Y:KNA,1995-12-31,5.89146547820491
WDI:SP.POP.4044.MA.5Y:KNA,1996-12-31,6.30052641473961
WDI:SP.POP.4044.MA.5Y:KNA,1997-12-31,6.62448137588949
WDI:SP.POP.4044.MA.5Y:KNA,1998-12-31,6.87172924426975
WDI:SP.POP.4044.MA.5Y:KNA,1999-12-31,7.08173834721909
WDI:SP.POP.4044.MA.5Y:KNA,2000-12-31,7.25736712565689
WDI:SP.POP.4044.MA.5Y:KNA,2001-12-31,7.41463200806558
WDI:SP.POP.4044.MA.5Y:KNA,2002-12-31,7.56177888285459
WDI:SP.POP.4044.MA.5Y:KNA,2003-12-31,7.67723819681766
WDI:SP.POP.4044.MA.5Y:KNA,2004-12-31,7.7535050537985
WDI:SP.POP.4044.MA.5Y:KNA,2005-12-31,7.80557727391191
WDI:SP.POP.4044.MA.5Y:KNA,2006-12-31,7.82982231575294
WDI:SP.POP.4044.MA.5Y:KNA,2007-12-31,7.77132454923717
WDI:SP.POP.4044.MA.5Y:KNA,2008-12-31,7.62267746545974
WDI:SP.POP.4044.MA.5Y:KNA,2009-12-31,7.45521886980441
WDI:SP.POP.4044.MA.5Y:KNA,2010-12-31,7.30901343536676
WDI:SP.POP.4044.MA.5Y:KNA,2011-12-31,7.19180317170267
WDI:SP.POP.4044.MA.5Y:KNA,2012-12-31,7.11448724905046
WDI:SP.POP.4044.MA.5Y:KNA,2013-12-31,7.11539714602202
WDI:SP.POP.4044.MA.5Y:KNA,2014-12-31,7.18075852470425
WDI:SP.POP.4044.MA.5Y:KNA,2015-12-31,7.27716408479857
WDI:SP.POP.4044.MA.5Y:KNA,2016-12-31,7.39074409766965
WDI:SP.POP.4044.MA.5Y:KNA,2017-12-31,7.43522918902346
WDI:SP.POP.4044.MA.5Y:KNA,2018-12-31,7.40179277616662
WDI:SP.POP.4044.MA.5Y:KNA,2019-12-31,7.33196658069352
WDI:SP.POP.4044.MA.5Y:KNA,2020-12-31,7.23803621231573
WDI:SP.POP.4044.MA.5Y:KNA,2021-12-31,7.16541386825602
WDI:SP.POP.4044.MA.5Y:KNA,2022-12-31,7.1782288645996
WDI:SP.POP.4044.MA.5Y:KNA,2023-12-31,7.25633702249197
WDI:SP.POP.4044.MA.5Y:KNA,2024-12-31,7.36520536948669
WDI:SP.POP.4044.MA.5Y:KOR,1960-12-31,4.62424726382373
WDI:SP.POP.4044.MA.5Y:KOR,1961-12-31,4.61351410800121
WDI:SP.POP.4044.MA.5Y:KOR,1962-12-31,4.62710047786267
WDI:SP.POP.4044.MA.5Y:KOR,1963-12-31,4.64954390039102
WDI:SP.POP.4044.MA.5Y:KOR,1964-12-31,4.64554830841251
WDI:SP.POP.4044.MA.5Y:KOR,1965-12-31,4.57587318179508
WDI:SP.POP.4044.MA.5Y:KOR,1966-12-31,4.46012853307292
WDI:SP.POP.4044.MA.5Y:KOR,1967-12-31,4.336867605212
WDI:SP.POP.4044.MA.5Y:KOR,1968-12-31,4.23035862479391
WDI:SP.POP.4044.MA.5Y:KOR,1969-12-31,4.18789030495635
WDI:SP.POP.4044.MA.5Y:KOR,1970-12-31,4.19747758016972
WDI:SP.POP.4044.MA.5Y:KOR,1971-12-31,4.24786723522499
WDI:SP.POP.4044.MA.5Y:KOR,1972-12-31,4.37022932287532
WDI:SP.POP.4044.MA.5Y:KOR,1973-12-31,4.52427960409246
WDI:SP.POP.4044.MA.5Y:KOR,1974-12-31,4.72225459793094
WDI:SP.POP.4044.MA.5Y:KOR,1975-12-31,4.98945024678273
WDI:SP.POP.4044.MA.5Y:KOR,1976-12-31,5.25286897273206
WDI:SP.POP.4044.MA.5Y:KOR,1977-12-31,5.44383010640384
WDI:SP.POP.4044.MA.5Y:KOR,1978-12-31,5.5956171343162
WDI:SP.POP.4044.MA.5Y:KOR,1979-12-31,5.70678158892583
WDI:SP.POP.4044.MA.5Y:KOR,1980-12-31,5.73154423532785
WDI:SP.POP.4044.MA.5Y:KOR,1981-12-31,5.74901794218541
WDI:SP.POP.4044.MA.5Y:KOR,1982-12-31,5.79440309792837
WDI:SP.POP.4044.MA.5Y:KOR,1983-12-31,5.74967732756809
WDI:SP.POP.4044.MA.5Y:KOR,1984-12-31,5.61372484652178
WDI:SP.POP.4044.MA.5Y:KOR,1985-12-31,5.4895146467468
WDI:SP.POP.4044.MA.5Y:KOR,1986-12-31,5.43262383243488
WDI:SP.POP.4044.MA.5Y:KOR,1987-12-31,5.46500449179474
WDI:SP.POP.4044.MA.5Y:KOR,1988-12-31,5.58348397225404
WDI:SP.POP.4044.MA.5Y:KOR,1989-12-31,5.75676934770963
WDI:SP.POP.4044.MA.5Y:KOR,1990-12-31,5.92606967348072
WDI:SP.POP.4044.MA.5Y:KOR,1991-12-31,6.02815645921066
WDI:SP.POP.4044.MA.5Y:KOR,1992-12-31,6.14501695534912
WDI:SP.POP.4044.MA.5Y:KOR,1993-12-31,6.26686414668304
WDI:SP.POP.4044.MA.5Y:KOR,1994-12-31,6.4629069352168
WDI:SP.POP.4044.MA.5Y:KOR,1995-12-31,6.87070049867597
WDI:SP.POP.4044.MA.5Y:KOR,1996-12-31,7.32265782802215
WDI:SP.POP.4044.MA.5Y:KOR,1997-12-31,7.66755835828507
WDI:SP.POP.4044.MA.5Y:KOR,1998-12-31,8.04689691195902
WDI:SP.POP.4044.MA.5Y:KOR,1999-12-31,8.45693257561514
WDI:SP.POP.4044.MA.5Y:KOR,2000-12-31,8.71647223069321
WDI:SP.POP.4044.MA.5Y:KOR,2001-12-31,8.92179097941116
WDI:SP.POP.4044.MA.5Y:KOR,2002-12-31,9.09478646756141
WDI:SP.POP.4044.MA.5Y:KOR,2003-12-31,9.1556830871351
WDI:SP.POP.4044.MA.5Y:KOR,2004-12-31,9.08199211853167
WDI:SP.POP.4044.MA.5Y:KOR,2005-12-31,8.92384501286998
WDI:SP.POP.4044.MA.5Y:KOR,2006-12-31,8.76879897636946
WDI:SP.POP.4044.MA.5Y:KOR,2007-12-31,8.6541428554804
WDI:SP.POP.4044.MA.5Y:KOR,2008-12-31,8.61014857774269
WDI:SP.POP.4044.MA.5Y:KOR,2009-12-31,8.64059512973827
WDI:SP.POP.4044.MA.5Y:KOR,2010-12-31,8.6837273525903
WDI:SP.POP.4044.MA.5Y:KOR,2011-12-31,8.73307009558182
WDI:SP.POP.4044.MA.5Y:KOR,2012-12-31,8.81252801407291
WDI:SP.POP.4044.MA.5Y:KOR,2013-12-31,8.86183765278148
WDI:SP.POP.4044.MA.5Y:KOR,2014-12-31,8.8410111539933
WDI:SP.POP.4044.MA.5Y:KOR,2015-12-31,8.70418540219441
WDI:SP.POP.4044.MA.5Y:KOR,2016-12-31,8.40892257812044
WDI:SP.POP.4044.MA.5Y:KOR,2017-12-31,8.08922177979166
WDI:SP.POP.4044.MA.5Y:KOR,2018-12-31,7.83092229914783
WDI:SP.POP.4044.MA.5Y:KOR,2019-12-31,7.66021296917742
WDI:SP.POP.4044.MA.5Y:KOR,2020-12-31,7.67789781056614
WDI:SP.POP.4044.MA.5Y:KOR,2021-12-31,7.83279048960433
WDI:SP.POP.4044.MA.5Y:KOR,2022-12-31,7.98959639354336
WDI:SP.POP.4044.MA.5Y:KOR,2023-12-31,8.06567579979436
WDI:SP.POP.4044.MA.5Y:KOR,2024-12-31,7.96806625702936
WDI:SP.POP.4044.MA.5Y:KWT,1960-12-31,6.30204798379712
WDI:SP.POP.4044.MA.5Y:KWT,1961-12-31,6.2369421845665
WDI:SP.POP.4044.MA.5Y:KWT,1962-12-31,6.19834176527877
WDI:SP.POP.4044.MA.5Y:KWT,1963-12-31,6.15307450384991
WDI:SP.POP.4044.MA.5Y:KWT,1964-12-31,6.09638145409961
WDI:SP.POP.4044.MA.5Y:KWT,1965-12-31,6.0272955098426
WDI:SP.POP.4044.MA.5Y:KWT,1966-12-31,5.96145037335408
WDI:SP.POP.4044.MA.5Y:KWT,1967-12-31,5.89596911520207
WDI:SP.POP.4044.MA.5Y:KWT,1968-12-31,5.82056279979826
WDI:SP.POP.4044.MA.5Y:KWT,1969-12-31,5.74237893798887
WDI:SP.POP.4044.MA.5Y:KWT,1970-12-31,5.68048974583924
WDI:SP.POP.4044.MA.5Y:KWT,1971-12-31,5.61626311353986
WDI:SP.POP.4044.MA.5Y:KWT,1972-12-31,5.53481611811279
WDI:SP.POP.4044.MA.5Y:KWT,1973-12-31,5.45461297864188
WDI:SP.POP.4044.MA.5Y:KWT,1974-12-31,5.38108743881033
WDI:SP.POP.4044.MA.5Y:KWT,1975-12-31,5.30403342660847
WDI:SP.POP.4044.MA.5Y:KWT,1976-12-31,5.31336027845823
WDI:SP.POP.4044.MA.5Y:KWT,1977-12-31,5.4253623978585
WDI:SP.POP.4044.MA.5Y:KWT,1978-12-31,5.56488636557023
WDI:SP.POP.4044.MA.5Y:KWT,1979-12-31,5.73002785154083
WDI:SP.POP.4044.MA.5Y:KWT,1980-12-31,5.91861586661418
WDI:SP.POP.4044.MA.5Y:KWT,1981-12-31,6.06679160878264
WDI:SP.POP.4044.MA.5Y:KWT,1982-12-31,6.17588428522924
WDI:SP.POP.4044.MA.5Y:KWT,1983-12-31,6.29843752717371
WDI:SP.POP.4044.MA.5Y:KWT,1984-12-31,6.46090429007021
WDI:SP.POP.4044.MA.5Y:KWT,1985-12-31,6.64449203077018
WDI:SP.POP.4044.MA.5Y:KWT,1986-12-31,6.93474775540379
WDI:SP.POP.4044.MA.5Y:KWT,1987-12-31,7.34283846855363
WDI:SP.POP.4044.MA.5Y:KWT,1988-12-31,7.74269296464386
WDI:SP.POP.4044.MA.5Y:KWT,1989-12-31,8.12181571611183
WDI:SP.POP.4044.MA.5Y:KWT,1990-12-31,8.46129792507434
WDI:SP.POP.4044.MA.5Y:KWT,1991-12-31,8.85323623275724
WDI:SP.POP.4044.MA.5Y:KWT,1992-12-31,8.96560064850165
WDI:SP.POP.4044.MA.5Y:KWT,1993-12-31,8.66755249768291
WDI:SP.POP.4044.MA.5Y:KWT,1994-12-31,8.10000437220186
WDI:SP.POP.4044.MA.5Y:KWT,1995-12-31,7.912027912152
WDI:SP.POP.4044.MA.5Y:KWT,1996-12-31,7.99447956272694
WDI:SP.POP.4044.MA.5Y:KWT,1997-12-31,8.11318296319889
WDI:SP.POP.4044.MA.5Y:KWT,1998-12-31,8.21630549534997
WDI:SP.POP.4044.MA.5Y:KWT,1999-12-31,8.29680193438158
WDI:SP.POP.4044.MA.5Y:KWT,2000-12-31,8.35079999650083
WDI:SP.POP.4044.MA.5Y:KWT,2001-12-31,8.38637885306196
WDI:SP.POP.4044.MA.5Y:KWT,2002-12-31,8.42780866078979
WDI:SP.POP.4044.MA.5Y:KWT,2003-12-31,8.50841796572057
WDI:SP.POP.4044.MA.5Y:KWT,2004-12-31,8.66430519910824
WDI:SP.POP.4044.MA.5Y:KWT,2005-12-31,8.84208151151921
WDI:SP.POP.4044.MA.5Y:KWT,2006-12-31,8.99252475181433
WDI:SP.POP.4044.MA.5Y:KWT,2007-12-31,9.15054209510829
WDI:SP.POP.4044.MA.5Y:KWT,2008-12-31,9.33028272721832
WDI:SP.POP.4044.MA.5Y:KWT,2009-12-31,9.51921419309383
WDI:SP.POP.4044.MA.5Y:KWT,2010-12-31,9.68617318060706
WDI:SP.POP.4044.MA.5Y:KWT,2011-12-31,10.0563356219534
WDI:SP.POP.4044.MA.5Y:KWT,2012-12-31,10.7529305209257
WDI:SP.POP.4044.MA.5Y:KWT,2013-12-31,11.5459891304429
WDI:SP.POP.4044.MA.5Y:KWT,2014-12-31,12.3279708056433
WDI:SP.POP.4044.MA.5Y:KWT,2015-12-31,13.187455886074
WDI:SP.POP.4044.MA.5Y:KWT,2016-12-31,13.6084389069207
WDI:SP.POP.4044.MA.5Y:KWT,2017-12-31,13.564637305494
WDI:SP.POP.4044.MA.5Y:KWT,2018-12-31,13.5536707639191
WDI:SP.POP.4044.MA.5Y:KWT,2019-12-31,13.5008715290298
WDI:SP.POP.4044.MA.5Y:KWT,2020-12-31,13.3138539681593
WDI:SP.POP.4044.MA.5Y:KWT,2021-12-31,12.5489901808887
WDI:SP.POP.4044.MA.5Y:KWT,2022-12-31,12.4056421969237
WDI:SP.POP.4044.MA.5Y:KWT,2023-12-31,13.0447748484172
WDI:SP.POP.4044.MA.5Y:KWT,2024-12-31,13.2288465807885
WDI:SP.POP.4044.MA.5Y:LAC,1960-12-31,4.486377784985837
WDI:SP.POP.4044.MA.5Y:LAC,1961-12-31,4.467952138896173
WDI:SP.POP.4044.MA.5Y:LAC,1962-12-31,4.468480229166875
WDI:SP.POP.4044.MA.5Y:LAC,1963-12-31,4.482192972236048
WDI:SP.POP.4044.MA.5Y:LAC,1964-12-31,4.49943154806743
WDI:SP.POP.4044.MA.5Y:LAC,1965-12-31,4.512547304872486
WDI:SP.POP.4044.MA.5Y:LAC,1966-12-31,4.519291107904798
WDI:SP.POP.4044.MA.5Y:LAC,1967-12-31,4.519834398165872
WDI:SP.POP.4044.MA.5Y:LAC,1968-12-31,4.51307568579948
WDI:SP.POP.4044.MA.5Y:LAC,1969-12-31,4.4980214612442175
WDI:SP.POP.4044.MA.5Y:LAC,1970-12-31,4.476410724929531
WDI:SP.POP.4044.MA.5Y:LAC,1971-12-31,4.45061555439993
WDI:SP.POP.4044.MA.5Y:LAC,1972-12-31,4.420663245248659
WDI:SP.POP.4044.MA.5Y:LAC,1973-12-31,4.387033066703835
WDI:SP.POP.4044.MA.5Y:LAC,1974-12-31,4.352585413440502
WDI:SP.POP.4044.MA.5Y:LAC,1975-12-31,4.322917932935628
WDI:SP.POP.4044.MA.5Y:LAC,1976-12-31,4.303700781559104
WDI:SP.POP.4044.MA.5Y:LAC,1977-12-31,4.294280481081472
WDI:SP.POP.4044.MA.5Y:LAC,1978-12-31,4.294710353340077
WDI:SP.POP.4044.MA.5Y:LAC,1979-12-31,4.307800972755907
WDI:SP.POP.4044.MA.5Y:LAC,1980-12-31,4.328753398260939
WDI:SP.POP.4044.MA.5Y:LAC,1981-12-31,4.358541773535195
WDI:SP.POP.4044.MA.5Y:LAC,1982-12-31,4.395831222839491
WDI:SP.POP.4044.MA.5Y:LAC,1983-12-31,4.432983790765374
WDI:SP.POP.4044.MA.5Y:LAC,1984-12-31,4.471366218058048
WDI:SP.POP.4044.MA.5Y:LAC,1985-12-31,4.514455198543631
WDI:SP.POP.4044.MA.5Y:LAC,1986-12-31,4.560789292080847
WDI:SP.POP.4044.MA.5Y:LAC,1987-12-31,4.6157372961218535
WDI:SP.POP.4044.MA.5Y:LAC,1988-12-31,4.686675398916544
WDI:SP.POP.4044.MA.5Y:LAC,1989-12-31,4.775171669769564
WDI:SP.POP.4044.MA.5Y:LAC,1990-12-31,4.873519554973377
WDI:SP.POP.4044.MA.5Y:LAC,1991-12-31,4.975452513206306
WDI:SP.POP.4044.MA.5Y:LAC,1992-12-31,5.078248327484785
WDI:SP.POP.4044.MA.5Y:LAC,1993-12-31,5.174997789260311
WDI:SP.POP.4044.MA.5Y:LAC,1994-12-31,5.260648140162454
WDI:SP.POP.4044.MA.5Y:LAC,1995-12-31,5.34074382060228
WDI:SP.POP.4044.MA.5Y:LAC,1996-12-31,5.423969559572658
WDI:SP.POP.4044.MA.5Y:LAC,1997-12-31,5.50893042608912
WDI:SP.POP.4044.MA.5Y:LAC,1998-12-31,5.59598429142828
WDI:SP.POP.4044.MA.5Y:LAC,1999-12-31,5.687197661861147
WDI:SP.POP.4044.MA.5Y:LAC,2000-12-31,5.780181711041121
WDI:SP.POP.4044.MA.5Y:LAC,2001-12-31,5.870208510188052
WDI:SP.POP.4044.MA.5Y:LAC,2002-12-31,5.957878014164247
WDI:SP.POP.4044.MA.5Y:LAC,2003-12-31,6.042982806671488
WDI:SP.POP.4044.MA.5Y:LAC,2004-12-31,6.1185309152399325
WDI:SP.POP.4044.MA.5Y:LAC,2005-12-31,6.17740089682133
WDI:SP.POP.4044.MA.5Y:LAC,2006-12-31,6.217266659643636
WDI:SP.POP.4044.MA.5Y:LAC,2007-12-31,6.238424719557176
WDI:SP.POP.4044.MA.5Y:LAC,2008-12-31,6.244622329397943
WDI:SP.POP.4044.MA.5Y:LAC,2009-12-31,6.244358501715231
WDI:SP.POP.4044.MA.5Y:LAC,2010-12-31,6.248692925878477
WDI:SP.POP.4044.MA.5Y:LAC,2011-12-31,6.2649704249591975
WDI:SP.POP.4044.MA.5Y:LAC,2012-12-31,6.294823720719654
WDI:SP.POP.4044.MA.5Y:LAC,2013-12-31,6.335391812203384
WDI:SP.POP.4044.MA.5Y:LAC,2014-12-31,6.378726714681989
WDI:SP.POP.4044.MA.5Y:LAC,2015-12-31,6.420478025671864
WDI:SP.POP.4044.MA.5Y:LAC,2016-12-31,6.46372505438369
WDI:SP.POP.4044.MA.5Y:LAC,2017-12-31,6.510562065460536
WDI:SP.POP.4044.MA.5Y:LAC,2018-12-31,6.560003484072658
WDI:SP.POP.4044.MA.5Y:LAC,2019-12-31,6.616348056405098
WDI:SP.POP.4044.MA.5Y:LAC,2020-12-31,6.684058496630929
WDI:SP.POP.4044.MA.5Y:LAC,2021-12-31,6.758560933424438
WDI:SP.POP.4044.MA.5Y:LAC,2022-12-31,6.833573678042685
WDI:SP.POP.4044.MA.5Y:LAC,2023-12-31,6.904399344855723
WDI:SP.POP.4044.MA.5Y:LAC,2024-12-31,6.968406575553964
WDI:SP.POP.4044.MA.5Y:LAO,1960-12-31,5.01367873958244
WDI:SP.POP.4044.MA.5Y:LAO,1961-12-31,4.98928341238147
WDI:SP.POP.4044.MA.5Y:LAO,1962-12-31,4.96298208778384
WDI:SP.POP.4044.MA.5Y:LAO,1963-12-31,4.9337074226772
WDI:SP.POP.4044.MA.5Y:LAO,1964-12-31,4.90153422306843
WDI:SP.POP.4044.MA.5Y:LAO,1965-12-31,4.86788239672497
WDI:SP.POP.4044.MA.5Y:LAO,1966-12-31,4.83344461138462
WDI:SP.POP.4044.MA.5Y:LAO,1967-12-31,4.79914037728337
WDI:SP.POP.4044.MA.5Y:LAO,1968-12-31,4.76245845528052
WDI:SP.POP.4044.MA.5Y:LAO,1969-12-31,4.71991858039682
WDI:SP.POP.4044.MA.5Y:LAO,1970-12-31,4.67169060833688
WDI:SP.POP.4044.MA.5Y:LAO,1971-12-31,4.61896817954685
WDI:SP.POP.4044.MA.5Y:LAO,1972-12-31,4.56185267916673
WDI:SP.POP.4044.MA.5Y:LAO,1973-12-31,4.50362950910639
WDI:SP.POP.4044.MA.5Y:LAO,1974-12-31,4.44902523901899
WDI:SP.POP.4044.MA.5Y:LAO,1975-12-31,4.39614722168566
WDI:SP.POP.4044.MA.5Y:LAO,1976-12-31,4.34438882634865
WDI:SP.POP.4044.MA.5Y:LAO,1977-12-31,4.29683378798462
WDI:SP.POP.4044.MA.5Y:LAO,1978-12-31,4.25001212595395
WDI:SP.POP.4044.MA.5Y:LAO,1979-12-31,4.19693484419792
WDI:SP.POP.4044.MA.5Y:LAO,1980-12-31,4.1383219090482
WDI:SP.POP.4044.MA.5Y:LAO,1981-12-31,4.07807133303346
WDI:SP.POP.4044.MA.5Y:LAO,1982-12-31,4.01806640029414
WDI:SP.POP.4044.MA.5Y:LAO,1983-12-31,3.9648438880353
WDI:SP.POP.4044.MA.5Y:LAO,1984-12-31,3.92751238121212
WDI:SP.POP.4044.MA.5Y:LAO,1985-12-31,3.91016119822832
WDI:SP.POP.4044.MA.5Y:LAO,1986-12-31,3.90953637509039
WDI:SP.POP.4044.MA.5Y:LAO,1987-12-31,3.91782658492049
WDI:SP.POP.4044.MA.5Y:LAO,1988-12-31,3.92501536269424
WDI:SP.POP.4044.MA.5Y:LAO,1989-12-31,3.89037390559605
WDI:SP.POP.4044.MA.5Y:LAO,1990-12-31,3.89133243742542
WDI:SP.POP.4044.MA.5Y:LAO,1991-12-31,3.9568271041568
WDI:SP.POP.4044.MA.5Y:LAO,1992-12-31,4.01419640454646
WDI:SP.POP.4044.MA.5Y:LAO,1993-12-31,4.07127280323784
WDI:SP.POP.4044.MA.5Y:LAO,1994-12-31,4.15933852490011
WDI:SP.POP.4044.MA.5Y:LAO,1995-12-31,4.21471119246402
WDI:SP.POP.4044.MA.5Y:LAO,1996-12-31,4.21526071327153
WDI:SP.POP.4044.MA.5Y:LAO,1997-12-31,4.22129630343743
WDI:SP.POP.4044.MA.5Y:LAO,1998-12-31,4.2313748264089
WDI:SP.POP.4044.MA.5Y:LAO,1999-12-31,4.25052796739987
WDI:SP.POP.4044.MA.5Y:LAO,2000-12-31,4.27940116676381
WDI:SP.POP.4044.MA.5Y:LAO,2001-12-31,4.31691415567631
WDI:SP.POP.4044.MA.5Y:LAO,2002-12-31,4.36191576495009
WDI:SP.POP.4044.MA.5Y:LAO,2003-12-31,4.41030272968066
WDI:SP.POP.4044.MA.5Y:LAO,2004-12-31,4.45681705314284
WDI:SP.POP.4044.MA.5Y:LAO,2005-12-31,4.50508453364857
WDI:SP.POP.4044.MA.5Y:LAO,2006-12-31,4.57524925694093
WDI:SP.POP.4044.MA.5Y:LAO,2007-12-31,4.65959153476493
WDI:SP.POP.4044.MA.5Y:LAO,2008-12-31,4.73568667965664
WDI:SP.POP.4044.MA.5Y:LAO,2009-12-31,4.80472929033589
WDI:SP.POP.4044.MA.5Y:LAO,2010-12-31,4.87101967897848
WDI:SP.POP.4044.MA.5Y:LAO,2011-12-31,4.93994290908264
WDI:SP.POP.4044.MA.5Y:LAO,2012-12-31,5.01398387784182
WDI:SP.POP.4044.MA.5Y:LAO,2013-12-31,5.09397792171172
WDI:SP.POP.4044.MA.5Y:LAO,2014-12-31,5.18210133841596
WDI:SP.POP.4044.MA.5Y:LAO,2015-12-31,5.2650682212274
WDI:SP.POP.4044.MA.5Y:LAO,2016-12-31,5.3393946901122
WDI:SP.POP.4044.MA.5Y:LAO,2017-12-31,5.41675017368279
WDI:SP.POP.4044.MA.5Y:LAO,2018-12-31,5.4998107437839
WDI:SP.POP.4044.MA.5Y:LAO,2019-12-31,5.59288578543147
WDI:SP.POP.4044.MA.5Y:LAO,2020-12-31,5.69972510113105
WDI:SP.POP.4044.MA.5Y:LAO,2021-12-31,5.81761197244819
WDI:SP.POP.4044.MA.5Y:LAO,2022-12-31,5.94797598778358
WDI:SP.POP.4044.MA.5Y:LAO,2023-12-31,6.09390943958267
WDI:SP.POP.4044.MA.5Y:LAO,2024-12-31,6.24746015948373
WDI:SP.POP.4044.MA.5Y:LBN,1960-12-31,3.71218288448439
WDI:SP.POP.4044.MA.5Y:LBN,1961-12-31,3.70643182988328
WDI:SP.POP.4044.MA.5Y:LBN,1962-12-31,3.84232263323823
WDI:SP.POP.4044.MA.5Y:LBN,1963-12-31,4.0686986993339
WDI:SP.POP.4044.MA.5Y:LBN,1964-12-31,4.29169328886206
WDI:SP.POP.4044.MA.5Y:LBN,1965-12-31,4.46974073386665
WDI:SP.POP.4044.MA.5Y:LBN,1966-12-31,4.6159553566732
WDI:SP.POP.4044.MA.5Y:LBN,1967-12-31,4.73075109464466
WDI:SP.POP.4044.MA.5Y:LBN,1968-12-31,4.8123203795298
WDI:SP.POP.4044.MA.5Y:LBN,1969-12-31,4.8629270314174
WDI:SP.POP.4044.MA.5Y:LBN,1970-12-31,4.88552666202371
WDI:SP.POP.4044.MA.5Y:LBN,1971-12-31,4.87779408889844
WDI:SP.POP.4044.MA.5Y:LBN,1972-12-31,4.83862443044845
WDI:SP.POP.4044.MA.5Y:LBN,1973-12-31,4.77365856247887
WDI:SP.POP.4044.MA.5Y:LBN,1974-12-31,4.69245814576355
WDI:SP.POP.4044.MA.5Y:LBN,1975-12-31,4.59111143813693
WDI:SP.POP.4044.MA.5Y:LBN,1976-12-31,4.47230254702652
WDI:SP.POP.4044.MA.5Y:LBN,1977-12-31,4.35535457776582
WDI:SP.POP.4044.MA.5Y:LBN,1978-12-31,4.24262209639111
WDI:SP.POP.4044.MA.5Y:LBN,1979-12-31,4.12320275541654
WDI:SP.POP.4044.MA.5Y:LBN,1980-12-31,4.00192067725282
WDI:SP.POP.4044.MA.5Y:LBN,1981-12-31,3.88482912382283
WDI:SP.POP.4044.MA.5Y:LBN,1982-12-31,3.77373300023744
WDI:SP.POP.4044.MA.5Y:LBN,1983-12-31,3.67784829253551
WDI:SP.POP.4044.MA.5Y:LBN,1984-12-31,3.61413143312616
WDI:SP.POP.4044.MA.5Y:LBN,1985-12-31,3.59018070342137
WDI:SP.POP.4044.MA.5Y:LBN,1986-12-31,3.60671850581821
WDI:SP.POP.4044.MA.5Y:LBN,1987-12-31,3.66724598778828
WDI:SP.POP.4044.MA.5Y:LBN,1988-12-31,3.78243182707278
WDI:SP.POP.4044.MA.5Y:LBN,1989-12-31,3.94318426983828
WDI:SP.POP.4044.MA.5Y:LBN,1990-12-31,4.21190548463706
WDI:SP.POP.4044.MA.5Y:LBN,1991-12-31,4.56534635707683
WDI:SP.POP.4044.MA.5Y:LBN,1992-12-31,4.89536631910236
WDI:SP.POP.4044.MA.5Y:LBN,1993-12-31,5.18577579502178
WDI:SP.POP.4044.MA.5Y:LBN,1994-12-31,5.43626834403326
WDI:SP.POP.4044.MA.5Y:LBN,1995-12-31,5.5872267783587
WDI:SP.POP.4044.MA.5Y:LBN,1996-12-31,5.6611572521176
WDI:SP.POP.4044.MA.5Y:LBN,1997-12-31,5.74510210132961
WDI:SP.POP.4044.MA.5Y:LBN,1998-12-31,5.83791662467894
WDI:SP.POP.4044.MA.5Y:LBN,1999-12-31,5.93942602865973
WDI:SP.POP.4044.MA.5Y:LBN,2000-12-31,6.04870644446492
WDI:SP.POP.4044.MA.5Y:LBN,2001-12-31,6.16105992538578
WDI:SP.POP.4044.MA.5Y:LBN,2002-12-31,6.27577090861771
WDI:SP.POP.4044.MA.5Y:LBN,2003-12-31,6.39332829869126
WDI:SP.POP.4044.MA.5Y:LBN,2004-12-31,6.50343687340117
WDI:SP.POP.4044.MA.5Y:LBN,2005-12-31,6.59468257176211
WDI:SP.POP.4044.MA.5Y:LBN,2006-12-31,6.66324270345465
WDI:SP.POP.4044.MA.5Y:LBN,2007-12-31,6.71041039750361
WDI:SP.POP.4044.MA.5Y:LBN,2008-12-31,6.73913713710403
WDI:SP.POP.4044.MA.5Y:LBN,2009-12-31,6.75613567053215
WDI:SP.POP.4044.MA.5Y:LBN,2010-12-31,6.77031708269801
WDI:SP.POP.4044.MA.5Y:LBN,2011-12-31,6.78441535290689
WDI:SP.POP.4044.MA.5Y:LBN,2012-12-31,6.7970763629052
WDI:SP.POP.4044.MA.5Y:LBN,2013-12-31,6.80779032230993
WDI:SP.POP.4044.MA.5Y:LBN,2014-12-31,6.81035242140961
WDI:SP.POP.4044.MA.5Y:LBN,2015-12-31,6.71197208461997
WDI:SP.POP.4044.MA.5Y:LBN,2016-12-31,6.49716981614349
WDI:SP.POP.4044.MA.5Y:LBN,2017-12-31,6.25468991756291
WDI:SP.POP.4044.MA.5Y:LBN,2018-12-31,5.99013645670913
WDI:SP.POP.4044.MA.5Y:LBN,2019-12-31,5.70440153772749
WDI:SP.POP.4044.MA.5Y:LBN,2020-12-31,5.57819077118577
WDI:SP.POP.4044.MA.5Y:LBN,2021-12-31,5.64563060746524
WDI:SP.POP.4044.MA.5Y:LBN,2022-12-31,5.73083734579966
WDI:SP.POP.4044.MA.5Y:LBN,2023-12-31,5.80721915811703
WDI:SP.POP.4044.MA.5Y:LBN,2024-12-31,5.86395049783364
WDI:SP.POP.4044.MA.5Y:LBR,1960-12-31,5.02982411332736
WDI:SP.POP.4044.MA.5Y:LBR,1961-12-31,5.02983325431222
WDI:SP.POP.4044.MA.5Y:LBR,1962-12-31,5.03414506863669
WDI:SP.POP.4044.MA.5Y:LBR,1963-12-31,5.03590534176566
WDI:SP.POP.4044.MA.5Y:LBR,1964-12-31,5.02639270194557
WDI:SP.POP.4044.MA.5Y:LBR,1965-12-31,5.00500925954036
WDI:SP.POP.4044.MA.5Y:LBR,1966-12-31,4.97196923617187
WDI:SP.POP.4044.MA.5Y:LBR,1967-12-31,4.92752302601129
WDI:SP.POP.4044.MA.5Y:LBR,1968-12-31,4.87943456632581
WDI:SP.POP.4044.MA.5Y:LBR,1969-12-31,4.83910406043645
WDI:SP.POP.4044.MA.5Y:LBR,1970-12-31,4.8119259734717
WDI:SP.POP.4044.MA.5Y:LBR,1971-12-31,4.79698938332483
WDI:SP.POP.4044.MA.5Y:LBR,1972-12-31,4.79322682429594
WDI:SP.POP.4044.MA.5Y:LBR,1973-12-31,4.79605138296491
WDI:SP.POP.4044.MA.5Y:LBR,1974-12-31,4.79855639331955
WDI:SP.POP.4044.MA.5Y:LBR,1975-12-31,4.79848803800529
WDI:SP.POP.4044.MA.5Y:LBR,1976-12-31,4.79462095633856
WDI:SP.POP.4044.MA.5Y:LBR,1977-12-31,4.78614470855068
WDI:SP.POP.4044.MA.5Y:LBR,1978-12-31,4.77584260955179
WDI:SP.POP.4044.MA.5Y:LBR,1979-12-31,4.76649487815741
WDI:SP.POP.4044.MA.5Y:LBR,1980-12-31,4.75716951040467
WDI:SP.POP.4044.MA.5Y:LBR,1981-12-31,4.74516405806382
WDI:SP.POP.4044.MA.5Y:LBR,1982-12-31,4.7308786966524
WDI:SP.POP.4044.MA.5Y:LBR,1983-12-31,4.71662257718335
WDI:SP.POP.4044.MA.5Y:LBR,1984-12-31,4.69831971946175
WDI:SP.POP.4044.MA.5Y:LBR,1985-12-31,4.67062888121132
WDI:SP.POP.4044.MA.5Y:LBR,1986-12-31,4.62984855675886
WDI:SP.POP.4044.MA.5Y:LBR,1987-12-31,4.56604888722154
WDI:SP.POP.4044.MA.5Y:LBR,1988-12-31,4.47604609273876
WDI:SP.POP.4044.MA.5Y:LBR,1989-12-31,4.36447424772405
WDI:SP.POP.4044.MA.5Y:LBR,1990-12-31,4.2402793464517
WDI:SP.POP.4044.MA.5Y:LBR,1991-12-31,4.12766730955271
WDI:SP.POP.4044.MA.5Y:LBR,1992-12-31,4.09832844744072
WDI:SP.POP.4044.MA.5Y:LBR,1993-12-31,4.10224827802597
WDI:SP.POP.4044.MA.5Y:LBR,1994-12-31,4.13599143201693
WDI:SP.POP.4044.MA.5Y:LBR,1995-12-31,4.16898860696131
WDI:SP.POP.4044.MA.5Y:LBR,1996-12-31,4.18632440545462
WDI:SP.POP.4044.MA.5Y:LBR,1997-12-31,4.20551131040021
WDI:SP.POP.4044.MA.5Y:LBR,1998-12-31,4.22149444063668
WDI:SP.POP.4044.MA.5Y:LBR,1999-12-31,4.23661199839716
WDI:SP.POP.4044.MA.5Y:LBR,2000-12-31,4.25138294406338
WDI:SP.POP.4044.MA.5Y:LBR,2001-12-31,4.26553213710089
WDI:SP.POP.4044.MA.5Y:LBR,2002-12-31,4.27861906696569
WDI:SP.POP.4044.MA.5Y:LBR,2003-12-31,4.29044099927965
WDI:SP.POP.4044.MA.5Y:LBR,2004-12-31,4.29888686226451
WDI:SP.POP.4044.MA.5Y:LBR,2005-12-31,4.30167780405749
WDI:SP.POP.4044.MA.5Y:LBR,2006-12-31,4.29689699999336
WDI:SP.POP.4044.MA.5Y:LBR,2007-12-31,4.28594148674784
WDI:SP.POP.4044.MA.5Y:LBR,2008-12-31,4.27745747035765
WDI:SP.POP.4044.MA.5Y:LBR,2009-12-31,4.27167223501157
WDI:SP.POP.4044.MA.5Y:LBR,2010-12-31,4.26294232822406
WDI:SP.POP.4044.MA.5Y:LBR,2011-12-31,4.27669127340653
WDI:SP.POP.4044.MA.5Y:LBR,2012-12-31,4.29592504805688
WDI:SP.POP.4044.MA.5Y:LBR,2013-12-31,4.30832368252398
WDI:SP.POP.4044.MA.5Y:LBR,2014-12-31,4.33598566713831
WDI:SP.POP.4044.MA.5Y:LBR,2015-12-31,4.38237160748686
WDI:SP.POP.4044.MA.5Y:LBR,2016-12-31,4.44681527600012
WDI:SP.POP.4044.MA.5Y:LBR,2017-12-31,4.51746544512361
WDI:SP.POP.4044.MA.5Y:LBR,2018-12-31,4.58991657445749
WDI:SP.POP.4044.MA.5Y:LBR,2019-12-31,4.66501420317823
WDI:SP.POP.4044.MA.5Y:LBR,2020-12-31,4.73722234014172
WDI:SP.POP.4044.MA.5Y:LBR,2021-12-31,4.79616997170594
WDI:SP.POP.4044.MA.5Y:LBR,2022-12-31,4.83983596027177
WDI:SP.POP.4044.MA.5Y:LBR,2023-12-31,4.86885442646177
WDI:SP.POP.4044.MA.5Y:LBR,2024-12-31,4.88682377600988
WDI:SP.POP.4044.MA.5Y:LBY,1960-12-31,4.28719252757193
WDI:SP.POP.4044.MA.5Y:LBY,1961-12-31,4.30975794251135
WDI:SP.POP.4044.MA.5Y:LBY,1962-12-31,4.35449194976251
WDI:SP.POP.4044.MA.5Y:LBY,1963-12-31,4.40303767206786
WDI:SP.POP.4044.MA.5Y:LBY,1964-12-31,4.43397685208187
WDI:SP.POP.4044.MA.5Y:LBY,1965-12-31,4.40069374710781
WDI:SP.POP.4044.MA.5Y:LBY,1966-12-31,4.3120931688315
WDI:SP.POP.4044.MA.5Y:LBY,1967-12-31,4.21745308094383
WDI:SP.POP.4044.MA.5Y:LBY,1968-12-31,4.12767487484204
WDI:SP.POP.4044.MA.5Y:LBY,1969-12-31,4.05896167743131
WDI:SP.POP.4044.MA.5Y:LBY,1970-12-31,4.00987508301594
WDI:SP.POP.4044.MA.5Y:LBY,1971-12-31,3.95682718110976
WDI:SP.POP.4044.MA.5Y:LBY,1972-12-31,3.90098539921414
WDI:SP.POP.4044.MA.5Y:LBY,1973-12-31,3.90034039734763
WDI:SP.POP.4044.MA.5Y:LBY,1974-12-31,3.90888761163248
WDI:SP.POP.4044.MA.5Y:LBY,1975-12-31,3.88704977283328
WDI:SP.POP.4044.MA.5Y:LBY,1976-12-31,3.87341237960746
WDI:SP.POP.4044.MA.5Y:LBY,1977-12-31,3.86409719312945
WDI:SP.POP.4044.MA.5Y:LBY,1978-12-31,3.86298184476359
WDI:SP.POP.4044.MA.5Y:LBY,1979-12-31,3.87703628251541
WDI:SP.POP.4044.MA.5Y:LBY,1980-12-31,3.90474889460097
WDI:SP.POP.4044.MA.5Y:LBY,1981-12-31,3.94469202438772
WDI:SP.POP.4044.MA.5Y:LBY,1982-12-31,4.03593536111418
WDI:SP.POP.4044.MA.5Y:LBY,1983-12-31,4.17482194782132
WDI:SP.POP.4044.MA.5Y:LBY,1984-12-31,4.28454830781665
WDI:SP.POP.4044.MA.5Y:LBY,1985-12-31,4.36582868949169
WDI:SP.POP.4044.MA.5Y:LBY,1986-12-31,4.45537216605503
WDI:SP.POP.4044.MA.5Y:LBY,1987-12-31,4.54654029445553
WDI:SP.POP.4044.MA.5Y:LBY,1988-12-31,4.63282927344032
WDI:SP.POP.4044.MA.5Y:LBY,1989-12-31,4.72261739021446
WDI:SP.POP.4044.MA.5Y:LBY,1990-12-31,4.82330407834177
WDI:SP.POP.4044.MA.5Y:LBY,1991-12-31,4.93284298534725
WDI:SP.POP.4044.MA.5Y:LBY,1992-12-31,5.05292808087258
WDI:SP.POP.4044.MA.5Y:LBY,1993-12-31,5.1859982900967
WDI:SP.POP.4044.MA.5Y:LBY,1994-12-31,5.3231152131636
WDI:SP.POP.4044.MA.5Y:LBY,1995-12-31,5.45877871033483
WDI:SP.POP.4044.MA.5Y:LBY,1996-12-31,5.59183566489138
WDI:SP.POP.4044.MA.5Y:LBY,1997-12-31,5.71465139933339
WDI:SP.POP.4044.MA.5Y:LBY,1998-12-31,5.82259737914168
WDI:SP.POP.4044.MA.5Y:LBY,1999-12-31,5.91252973660335
WDI:SP.POP.4044.MA.5Y:LBY,2000-12-31,5.83432617212497
WDI:SP.POP.4044.MA.5Y:LBY,2001-12-31,5.61897288385137
WDI:SP.POP.4044.MA.5Y:LBY,2002-12-31,5.4572620374202
WDI:SP.POP.4044.MA.5Y:LBY,2003-12-31,5.34981487859847
WDI:SP.POP.4044.MA.5Y:LBY,2004-12-31,5.27426028923271
WDI:SP.POP.4044.MA.5Y:LBY,2005-12-31,5.24734243420359
WDI:SP.POP.4044.MA.5Y:LBY,2006-12-31,5.36039941940147
WDI:SP.POP.4044.MA.5Y:LBY,2007-12-31,5.56058756853986
WDI:SP.POP.4044.MA.5Y:LBY,2008-12-31,5.76989239973541
WDI:SP.POP.4044.MA.5Y:LBY,2009-12-31,6.0429438260394
WDI:SP.POP.4044.MA.5Y:LBY,2010-12-31,6.35430561063244
WDI:SP.POP.4044.MA.5Y:LBY,2011-12-31,6.66998455428983
WDI:SP.POP.4044.MA.5Y:LBY,2012-12-31,6.98558489764345
WDI:SP.POP.4044.MA.5Y:LBY,2013-12-31,7.23715622095245
WDI:SP.POP.4044.MA.5Y:LBY,2014-12-31,7.41149690859551
WDI:SP.POP.4044.MA.5Y:LBY,2015-12-31,7.52735672777686
WDI:SP.POP.4044.MA.5Y:LBY,2016-12-31,7.62147883658394
WDI:SP.POP.4044.MA.5Y:LBY,2017-12-31,7.7078857938666
WDI:SP.POP.4044.MA.5Y:LBY,2018-12-31,7.78898126517338
WDI:SP.POP.4044.MA.5Y:LBY,2019-12-31,7.87046269352049
WDI:SP.POP.4044.MA.5Y:LBY,2020-12-31,7.93927732119207
WDI:SP.POP.4044.MA.5Y:LBY,2021-12-31,7.95863060442942
WDI:SP.POP.4044.MA.5Y:LBY,2022-12-31,7.90868452662703
WDI:SP.POP.4044.MA.5Y:LBY,2023-12-31,7.78325550167567
WDI:SP.POP.4044.MA.5Y:LBY,2024-12-31,7.60120752380215
WDI:SP.POP.4044.MA.5Y:LCA,1960-12-31,4.21362907415355
WDI:SP.POP.4044.MA.5Y:LCA,1961-12-31,4.02555625055849
WDI:SP.POP.4044.MA.5Y:LCA,1962-12-31,3.83295257645488
WDI:SP.POP.4044.MA.5Y:LCA,1963-12-31,3.63632397530703
WDI:SP.POP.4044.MA.5Y:LCA,1964-12-31,3.43325425921932
WDI:SP.POP.4044.MA.5Y:LCA,1965-12-31,3.22181709631335
WDI:SP.POP.4044.MA.5Y:LCA,1966-12-31,3.16459706031424
WDI:SP.POP.4044.MA.5Y:LCA,1967-12-31,3.26293978526131
WDI:SP.POP.4044.MA.5Y:LCA,1968-12-31,3.34821197402624
WDI:SP.POP.4044.MA.5Y:LCA,1969-12-31,3.42057262312217
WDI:SP.POP.4044.MA.5Y:LCA,1970-12-31,3.35492359072968
WDI:SP.POP.4044.MA.5Y:LCA,1971-12-31,3.16239827668741
WDI:SP.POP.4044.MA.5Y:LCA,1972-12-31,2.98030815187485
WDI:SP.POP.4044.MA.5Y:LCA,1973-12-31,2.80156771664973
WDI:SP.POP.4044.MA.5Y:LCA,1974-12-31,2.62122698568421
WDI:SP.POP.4044.MA.5Y:LCA,1975-12-31,2.43870435630202
WDI:SP.POP.4044.MA.5Y:LCA,1976-12-31,2.25650578189263
WDI:SP.POP.4044.MA.5Y:LCA,1977-12-31,2.26644555002764
WDI:SP.POP.4044.MA.5Y:LCA,1978-12-31,2.49902138713925
WDI:SP.POP.4044.MA.5Y:LCA,1979-12-31,2.80017823287348
WDI:SP.POP.4044.MA.5Y:LCA,1980-12-31,2.9397871810507
WDI:SP.POP.4044.MA.5Y:LCA,1981-12-31,2.89841605068638
WDI:SP.POP.4044.MA.5Y:LCA,1982-12-31,2.87577897798089
WDI:SP.POP.4044.MA.5Y:LCA,1983-12-31,2.86113562812592
WDI:SP.POP.4044.MA.5Y:LCA,1984-12-31,2.84642027692728
WDI:SP.POP.4044.MA.5Y:LCA,1985-12-31,2.82393470342365
WDI:SP.POP.4044.MA.5Y:LCA,1986-12-31,2.80349134547376
WDI:SP.POP.4044.MA.5Y:LCA,1987-12-31,2.79618604508793
WDI:SP.POP.4044.MA.5Y:LCA,1988-12-31,3.00536969441009
WDI:SP.POP.4044.MA.5Y:LCA,1989-12-31,3.43051513550125
WDI:SP.POP.4044.MA.5Y:LCA,1990-12-31,3.8627903897365
WDI:SP.POP.4044.MA.5Y:LCA,1991-12-31,4.09240396971171
WDI:SP.POP.4044.MA.5Y:LCA,1992-12-31,4.13050006434914
WDI:SP.POP.4044.MA.5Y:LCA,1993-12-31,4.19116973850087
WDI:SP.POP.4044.MA.5Y:LCA,1994-12-31,4.26480787904009
WDI:SP.POP.4044.MA.5Y:LCA,1995-12-31,4.34462143237378
WDI:SP.POP.4044.MA.5Y:LCA,1996-12-31,4.43957580075001
WDI:SP.POP.4044.MA.5Y:LCA,1997-12-31,4.54704998046345
WDI:SP.POP.4044.MA.5Y:LCA,1998-12-31,4.74360145655777
WDI:SP.POP.4044.MA.5Y:LCA,1999-12-31,5.05500868558193
WDI:SP.POP.4044.MA.5Y:LCA,2000-12-31,5.43612866351253
WDI:SP.POP.4044.MA.5Y:LCA,2001-12-31,5.78043034396105
WDI:SP.POP.4044.MA.5Y:LCA,2002-12-31,6.04070708328146
WDI:SP.POP.4044.MA.5Y:LCA,2003-12-31,6.26550332588762
WDI:SP.POP.4044.MA.5Y:LCA,2004-12-31,6.44620309334509
WDI:SP.POP.4044.MA.5Y:LCA,2005-12-31,6.60349854227405
WDI:SP.POP.4044.MA.5Y:LCA,2006-12-31,6.74785229841748
WDI:SP.POP.4044.MA.5Y:LCA,2007-12-31,6.93110772084119
WDI:SP.POP.4044.MA.5Y:LCA,2008-12-31,7.13569151683159
WDI:SP.POP.4044.MA.5Y:LCA,2009-12-31,7.30619961013186
WDI:SP.POP.4044.MA.5Y:LCA,2010-12-31,7.36096890267092
WDI:SP.POP.4044.MA.5Y:LCA,2011-12-31,7.3042738826051
WDI:SP.POP.4044.MA.5Y:LCA,2012-12-31,7.24504832739635
WDI:SP.POP.4044.MA.5Y:LCA,2013-12-31,7.19169175821953
WDI:SP.POP.4044.MA.5Y:LCA,2014-12-31,7.1509595840363
WDI:SP.POP.4044.MA.5Y:LCA,2015-12-31,7.12941500470475
WDI:SP.POP.4044.MA.5Y:LCA,2016-12-31,7.12549959117861
WDI:SP.POP.4044.MA.5Y:LCA,2017-12-31,7.13634238938356
WDI:SP.POP.4044.MA.5Y:LCA,2018-12-31,7.16169666102022
WDI:SP.POP.4044.MA.5Y:LCA,2019-12-31,7.1923438899661
WDI:SP.POP.4044.MA.5Y:LCA,2020-12-31,7.22334732483284
WDI:SP.POP.4044.MA.5Y:LCA,2021-12-31,7.28036738341119
WDI:SP.POP.4044.MA.5Y:LCA,2022-12-31,7.36211234557431
WDI:SP.POP.4044.MA.5Y:LCA,2023-12-31,7.44985835054572
WDI:SP.POP.4044.MA.5Y:LCA,2024-12-31,7.54369358709983
WDI:SP.POP.4044.MA.5Y:LCN,1960-12-31,4.515302216990358
WDI:SP.POP.4044.MA.5Y:LCN,1961-12-31,4.497416241827436
WDI:SP.POP.4044.MA.5Y:LCN,1962-12-31,4.497255177472941
WDI:SP.POP.4044.MA.5Y:LCN,1963-12-31,4.5098526506638015
WDI:SP.POP.4044.MA.5Y:LCN,1964-12-31,4.526898762157976
WDI:SP.POP.4044.MA.5Y:LCN,1965-12-31,4.5413856961943
WDI:SP.POP.4044.MA.5Y:LCN,1966-12-31,4.551709442379814
WDI:SP.POP.4044.MA.5Y:LCN,1967-12-31,4.558208636853568
WDI:SP.POP.4044.MA.5Y:LCN,1968-12-31,4.55843844404392
WDI:SP.POP.4044.MA.5Y:LCN,1969-12-31,4.549331739044382
WDI:SP.POP.4044.MA.5Y:LCN,1970-12-31,4.531255186254824
WDI:SP.POP.4044.MA.5Y:LCN,1971-12-31,4.506158300654827
WDI:SP.POP.4044.MA.5Y:LCN,1972-12-31,4.474582056328786
WDI:SP.POP.4044.MA.5Y:LCN,1973-12-31,4.4381791309679555
WDI:SP.POP.4044.MA.5Y:LCN,1974-12-31,4.40113998462655
WDI:SP.POP.4044.MA.5Y:LCN,1975-12-31,4.3695050574350045
WDI:SP.POP.4044.MA.5Y:LCN,1976-12-31,4.348218355936396
WDI:SP.POP.4044.MA.5Y:LCN,1977-12-31,4.336658104110859
WDI:SP.POP.4044.MA.5Y:LCN,1978-12-31,4.335247144801009
WDI:SP.POP.4044.MA.5Y:LCN,1979-12-31,4.346179995200722
WDI:SP.POP.4044.MA.5Y:LCN,1980-12-31,4.364199965383451
WDI:SP.POP.4044.MA.5Y:LCN,1981-12-31,4.390833671145748
WDI:SP.POP.4044.MA.5Y:LCN,1982-12-31,4.425838352653448
WDI:SP.POP.4044.MA.5Y:LCN,1983-12-31,4.462326655261054
WDI:SP.POP.4044.MA.5Y:LCN,1984-12-31,4.501632257057623
WDI:SP.POP.4044.MA.5Y:LCN,1985-12-31,4.546577687098255
WDI:SP.POP.4044.MA.5Y:LCN,1986-12-31,4.595624873213521
WDI:SP.POP.4044.MA.5Y:LCN,1987-12-31,4.653691654857896
WDI:SP.POP.4044.MA.5Y:LCN,1988-12-31,4.726943327398025
WDI:SP.POP.4044.MA.5Y:LCN,1989-12-31,4.816619426146304
WDI:SP.POP.4044.MA.5Y:LCN,1990-12-31,4.915904804412375
WDI:SP.POP.4044.MA.5Y:LCN,1991-12-31,5.018408134415724
WDI:SP.POP.4044.MA.5Y:LCN,1992-12-31,5.121243613123559
WDI:SP.POP.4044.MA.5Y:LCN,1993-12-31,5.218596155526008
WDI:SP.POP.4044.MA.5Y:LCN,1994-12-31,5.306033363394345
WDI:SP.POP.4044.MA.5Y:LCN,1995-12-31,5.388461118943478
WDI:SP.POP.4044.MA.5Y:LCN,1996-12-31,5.474155993219254
WDI:SP.POP.4044.MA.5Y:LCN,1997-12-31,5.561835301790029
WDI:SP.POP.4044.MA.5Y:LCN,1998-12-31,5.651004439469372
WDI:SP.POP.4044.MA.5Y:LCN,1999-12-31,5.742704877423935
WDI:SP.POP.4044.MA.5Y:LCN,2000-12-31,5.83514225235903
WDI:SP.POP.4044.MA.5Y:LCN,2001-12-31,5.923733017275207
WDI:SP.POP.4044.MA.5Y:LCN,2002-12-31,6.008647916885999
WDI:SP.POP.4044.MA.5Y:LCN,2003-12-31,6.090565525612844
WDI:SP.POP.4044.MA.5Y:LCN,2004-12-31,6.163056120990331
WDI:SP.POP.4044.MA.5Y:LCN,2005-12-31,6.218913689554649
WDI:SP.POP.4044.MA.5Y:LCN,2006-12-31,6.256617248008272
WDI:SP.POP.4044.MA.5Y:LCN,2007-12-31,6.276303236937473
WDI:SP.POP.4044.MA.5Y:LCN,2008-12-31,6.281177818764221
WDI:SP.POP.4044.MA.5Y:LCN,2009-12-31,6.279550824875139
WDI:SP.POP.4044.MA.5Y:LCN,2010-12-31,6.282170742180075
WDI:SP.POP.4044.MA.5Y:LCN,2011-12-31,6.295617562638573
WDI:SP.POP.4044.MA.5Y:LCN,2012-12-31,6.321092529076463
WDI:SP.POP.4044.MA.5Y:LCN,2013-12-31,6.356379761068858
WDI:SP.POP.4044.MA.5Y:LCN,2014-12-31,6.39461658601366
WDI:SP.POP.4044.MA.5Y:LCN,2015-12-31,6.432077296960001
WDI:SP.POP.4044.MA.5Y:LCN,2016-12-31,6.471889935405072
WDI:SP.POP.4044.MA.5Y:LCN,2017-12-31,6.5160573482483075
WDI:SP.POP.4044.MA.5Y:LCN,2018-12-31,6.563299904350608
WDI:SP.POP.4044.MA.5Y:LCN,2019-12-31,6.616859006383032
WDI:SP.POP.4044.MA.5Y:LCN,2020-12-31,6.680369100843896
WDI:SP.POP.4044.MA.5Y:LCN,2021-12-31,6.749481776902199
WDI:SP.POP.4044.MA.5Y:LCN,2022-12-31,6.818439756073177
WDI:SP.POP.4044.MA.5Y:LCN,2023-12-31,6.8832655859099745
WDI:SP.POP.4044.MA.5Y:LCN,2024-12-31,6.942205769353808
WDI:SP.POP.4044.MA.5Y:LDC,1960-12-31,4.746884195129062
WDI:SP.POP.4044.MA.5Y:LDC,1961-12-31,4.7298958239900974
WDI:SP.POP.4044.MA.5Y:LDC,1962-12-31,4.708910738110524
WDI:SP.POP.4044.MA.5Y:LDC,1963-12-31,4.686224128032548
WDI:SP.POP.4044.MA.5Y:LDC,1964-12-31,4.662598517795229
WDI:SP.POP.4044.MA.5Y:LDC,1965-12-31,4.639251492509717
WDI:SP.POP.4044.MA.5Y:LDC,1966-12-31,4.617955549330117
WDI:SP.POP.4044.MA.5Y:LDC,1967-12-31,4.59682185211152
WDI:SP.POP.4044.MA.5Y:LDC,1968-12-31,4.575201073145286
WDI:SP.POP.4044.MA.5Y:LDC,1969-12-31,4.553284252468249
WDI:SP.POP.4044.MA.5Y:LDC,1970-12-31,4.531543418679921
WDI:SP.POP.4044.MA.5Y:LDC,1971-12-31,4.507091924000758
WDI:SP.POP.4044.MA.5Y:LDC,1972-12-31,4.480773930708544
WDI:SP.POP.4044.MA.5Y:LDC,1973-12-31,4.45436995940874
WDI:SP.POP.4044.MA.5Y:LDC,1974-12-31,4.424353929800845
WDI:SP.POP.4044.MA.5Y:LDC,1975-12-31,4.389468361026604
WDI:SP.POP.4044.MA.5Y:LDC,1976-12-31,4.352858595840983
WDI:SP.POP.4044.MA.5Y:LDC,1977-12-31,4.318002500900668
WDI:SP.POP.4044.MA.5Y:LDC,1978-12-31,4.2837039343135395
WDI:SP.POP.4044.MA.5Y:LDC,1979-12-31,4.248590852314717
WDI:SP.POP.4044.MA.5Y:LDC,1980-12-31,4.213082655778274
WDI:SP.POP.4044.MA.5Y:LDC,1981-12-31,4.179153414526103
WDI:SP.POP.4044.MA.5Y:LDC,1982-12-31,4.151746452049291
WDI:SP.POP.4044.MA.5Y:LDC,1983-12-31,4.136489955239308
WDI:SP.POP.4044.MA.5Y:LDC,1984-12-31,4.130798688320301
WDI:SP.POP.4044.MA.5Y:LDC,1985-12-31,4.131871532559751
WDI:SP.POP.4044.MA.5Y:LDC,1986-12-31,4.137738381830724
WDI:SP.POP.4044.MA.5Y:LDC,1987-12-31,4.144495059358837
WDI:SP.POP.4044.MA.5Y:LDC,1988-12-31,4.138766280851094
WDI:SP.POP.4044.MA.5Y:LDC,1989-12-31,4.122420470028976
WDI:SP.POP.4044.MA.5Y:LDC,1990-12-31,4.112216437145661
WDI:SP.POP.4044.MA.5Y:LDC,1991-12-31,4.110283574924938
WDI:SP.POP.4044.MA.5Y:LDC,1992-12-31,4.114382466720435
WDI:SP.POP.4044.MA.5Y:LDC,1993-12-31,4.133160506078765
WDI:SP.POP.4044.MA.5Y:LDC,1994-12-31,4.164821350938946
WDI:SP.POP.4044.MA.5Y:LDC,1995-12-31,4.192538930558021
WDI:SP.POP.4044.MA.5Y:LDC,1996-12-31,4.209664520377321
WDI:SP.POP.4044.MA.5Y:LDC,1997-12-31,4.220408948127023
WDI:SP.POP.4044.MA.5Y:LDC,1998-12-31,4.234059117644134
WDI:SP.POP.4044.MA.5Y:LDC,1999-12-31,4.250213695081046
WDI:SP.POP.4044.MA.5Y:LDC,2000-12-31,4.26728498830775
WDI:SP.POP.4044.MA.5Y:LDC,2001-12-31,4.283777425920279
WDI:SP.POP.4044.MA.5Y:LDC,2002-12-31,4.29700652340405
WDI:SP.POP.4044.MA.5Y:LDC,2003-12-31,4.307201874156915
WDI:SP.POP.4044.MA.5Y:LDC,2004-12-31,4.314359959913027
WDI:SP.POP.4044.MA.5Y:LDC,2005-12-31,4.319608713307944
WDI:SP.POP.4044.MA.5Y:LDC,2006-12-31,4.325703099855575
WDI:SP.POP.4044.MA.5Y:LDC,2007-12-31,4.33609718272745
WDI:SP.POP.4044.MA.5Y:LDC,2008-12-31,4.3496545030117595
WDI:SP.POP.4044.MA.5Y:LDC,2009-12-31,4.363365092745748
WDI:SP.POP.4044.MA.5Y:LDC,2010-12-31,4.377488110551238
WDI:SP.POP.4044.MA.5Y:LDC,2011-12-31,4.392690217248956
WDI:SP.POP.4044.MA.5Y:LDC,2012-12-31,4.410258516306487
WDI:SP.POP.4044.MA.5Y:LDC,2013-12-31,4.426844588751408
WDI:SP.POP.4044.MA.5Y:LDC,2014-12-31,4.440373454853755
WDI:SP.POP.4044.MA.5Y:LDC,2015-12-31,4.454503622289131
WDI:SP.POP.4044.MA.5Y:LDC,2016-12-31,4.46932500015444
WDI:SP.POP.4044.MA.5Y:LDC,2017-12-31,4.484066588091909
WDI:SP.POP.4044.MA.5Y:LDC,2018-12-31,4.507825031731781
WDI:SP.POP.4044.MA.5Y:LDC,2019-12-31,4.553192492631782
WDI:SP.POP.4044.MA.5Y:LDC,2020-12-31,4.618054783975387
WDI:SP.POP.4044.MA.5Y:LDC,2021-12-31,4.687678190283854
WDI:SP.POP.4044.MA.5Y:LDC,2022-12-31,4.751082728850012
WDI:SP.POP.4044.MA.5Y:LDC,2023-12-31,4.808579635743052
WDI:SP.POP.4044.MA.5Y:LDC,2024-12-31,4.861154375941158
WDI:SP.POP.4044.MA.5Y:LIC,1960-12-31,4.511584334641671
WDI:SP.POP.4044.MA.5Y:LIC,1961-12-31,4.500514124710705
WDI:SP.POP.4044.MA.5Y:LIC,1962-12-31,4.488163030329959
WDI:SP.POP.4044.MA.5Y:LIC,1963-12-31,4.474161707573333
WDI:SP.POP.4044.MA.5Y:LIC,1964-12-31,4.456040853745443
WDI:SP.POP.4044.MA.5Y:LIC,1965-12-31,4.434772542074444
WDI:SP.POP.4044.MA.5Y:LIC,1966-12-31,4.4143888595983745
WDI:SP.POP.4044.MA.5Y:LIC,1967-12-31,4.393373279787442
WDI:SP.POP.4044.MA.5Y:LIC,1968-12-31,4.370864524530142
WDI:SP.POP.4044.MA.5Y:LIC,1969-12-31,4.348714653274853
WDI:SP.POP.4044.MA.5Y:LIC,1970-12-31,4.328279252252721
WDI:SP.POP.4044.MA.5Y:LIC,1971-12-31,4.30958761961423
WDI:SP.POP.4044.MA.5Y:LIC,1972-12-31,4.293030515281752
WDI:SP.POP.4044.MA.5Y:LIC,1973-12-31,4.279959433945048
WDI:SP.POP.4044.MA.5Y:LIC,1974-12-31,4.273539831684833
WDI:SP.POP.4044.MA.5Y:LIC,1975-12-31,4.271206859735652
WDI:SP.POP.4044.MA.5Y:LIC,1976-12-31,4.274322485803221
WDI:SP.POP.4044.MA.5Y:LIC,1977-12-31,4.2842202790786
WDI:SP.POP.4044.MA.5Y:LIC,1978-12-31,4.294580741469357
WDI:SP.POP.4044.MA.5Y:LIC,1979-12-31,4.297190654251173
WDI:SP.POP.4044.MA.5Y:LIC,1980-12-31,4.290129777830754
WDI:SP.POP.4044.MA.5Y:LIC,1981-12-31,4.275270179473973
WDI:SP.POP.4044.MA.5Y:LIC,1982-12-31,4.253366640352199
WDI:SP.POP.4044.MA.5Y:LIC,1983-12-31,4.2285434837544855
WDI:SP.POP.4044.MA.5Y:LIC,1984-12-31,4.202769298673004
WDI:SP.POP.4044.MA.5Y:LIC,1985-12-31,4.178889700356816
WDI:SP.POP.4044.MA.5Y:LIC,1986-12-31,4.159276773313511
WDI:SP.POP.4044.MA.5Y:LIC,1987-12-31,4.141500437612599
WDI:SP.POP.4044.MA.5Y:LIC,1988-12-31,4.117293248966983
WDI:SP.POP.4044.MA.5Y:LIC,1989-12-31,4.084690520840774
WDI:SP.POP.4044.MA.5Y:LIC,1990-12-31,4.057373649305163
WDI:SP.POP.4044.MA.5Y:LIC,1991-12-31,4.017918490607204
WDI:SP.POP.4044.MA.5Y:LIC,1992-12-31,3.9652199317361534
WDI:SP.POP.4044.MA.5Y:LIC,1993-12-31,3.9324534741653294
WDI:SP.POP.4044.MA.5Y:LIC,1994-12-31,3.924731846808194
WDI:SP.POP.4044.MA.5Y:LIC,1995-12-31,3.9263883187177306
WDI:SP.POP.4044.MA.5Y:LIC,1996-12-31,3.939386071318466
WDI:SP.POP.4044.MA.5Y:LIC,1997-12-31,3.9744100193509455
WDI:SP.POP.4044.MA.5Y:LIC,1998-12-31,4.018291721201876
WDI:SP.POP.4044.MA.5Y:LIC,1999-12-31,4.045341748177958
WDI:SP.POP.4044.MA.5Y:LIC,2000-12-31,4.056183336246222
WDI:SP.POP.4044.MA.5Y:LIC,2001-12-31,4.063834497558005
WDI:SP.POP.4044.MA.5Y:LIC,2002-12-31,4.060310147486651
WDI:SP.POP.4044.MA.5Y:LIC,2003-12-31,4.052525922194024
WDI:SP.POP.4044.MA.5Y:LIC,2004-12-31,4.056525985429767
WDI:SP.POP.4044.MA.5Y:LIC,2005-12-31,4.06975769137575
WDI:SP.POP.4044.MA.5Y:LIC,2006-12-31,4.094099323179046
WDI:SP.POP.4044.MA.5Y:LIC,2007-12-31,4.134062734540178
WDI:SP.POP.4044.MA.5Y:LIC,2008-12-31,4.171599684710157
WDI:SP.POP.4044.MA.5Y:LIC,2009-12-31,4.202622439229786
WDI:SP.POP.4044.MA.5Y:LIC,2010-12-31,4.233719034000062
WDI:SP.POP.4044.MA.5Y:LIC,2011-12-31,4.2594613352559945
WDI:SP.POP.4044.MA.5Y:LIC,2012-12-31,4.27349540729292
WDI:SP.POP.4044.MA.5Y:LIC,2013-12-31,4.267852620278296
WDI:SP.POP.4044.MA.5Y:LIC,2014-12-31,4.245593487823041
WDI:SP.POP.4044.MA.5Y:LIC,2015-12-31,4.217998744259344
WDI:SP.POP.4044.MA.5Y:LIC,2016-12-31,4.190178327705846
WDI:SP.POP.4044.MA.5Y:LIC,2017-12-31,4.163148708811921
WDI:SP.POP.4044.MA.5Y:LIC,2018-12-31,4.152547807493297
WDI:SP.POP.4044.MA.5Y:LIC,2019-12-31,4.168270325752765
WDI:SP.POP.4044.MA.5Y:LIC,2020-12-31,4.199740033747675
WDI:SP.POP.4044.MA.5Y:LIC,2021-12-31,4.239195733117355
WDI:SP.POP.4044.MA.5Y:LIC,2022-12-31,4.282830439518421
WDI:SP.POP.4044.MA.5Y:LIC,2023-12-31,4.32719715211617
WDI:SP.POP.4044.MA.5Y:LIC,2024-12-31,4.367304952672302
WDI:SP.POP.4044.MA.5Y:LIE,1960-12-31,5.92804324861741
WDI:SP.POP.4044.MA.5Y:LIE,1961-12-31,6.26062666990527
WDI:SP.POP.4044.MA.5Y:LIE,1962-12-31,6.67889256980596
WDI:SP.POP.4044.MA.5Y:LIE,1963-12-31,6.83992163190043
WDI:SP.POP.4044.MA.5Y:LIE,1964-12-31,6.69958478285265
WDI:SP.POP.4044.MA.5Y:LIE,1965-12-31,6.45918645918646
WDI:SP.POP.4044.MA.5Y:LIE,1966-12-31,6.10021786492375
WDI:SP.POP.4044.MA.5Y:LIE,1967-12-31,5.70690100801241
WDI:SP.POP.4044.MA.5Y:LIE,1968-12-31,5.43286885658232
WDI:SP.POP.4044.MA.5Y:LIE,1969-12-31,5.27088533255029
WDI:SP.POP.4044.MA.5Y:LIE,1970-12-31,5.19047619047619
WDI:SP.POP.4044.MA.5Y:LIE,1971-12-31,5.14421508783374
WDI:SP.POP.4044.MA.5Y:LIE,1972-12-31,5.12937943668422
WDI:SP.POP.4044.MA.5Y:LIE,1973-12-31,5.23378785833221
WDI:SP.POP.4044.MA.5Y:LIE,1974-12-31,5.35043112978112
WDI:SP.POP.4044.MA.5Y:LIE,1975-12-31,5.41034227808464
WDI:SP.POP.4044.MA.5Y:LIE,1976-12-31,5.479745048552
WDI:SP.POP.4044.MA.5Y:LIE,1977-12-31,5.65744090182552
WDI:SP.POP.4044.MA.5Y:LIE,1978-12-31,5.66967613683426
WDI:SP.POP.4044.MA.5Y:LIE,1979-12-31,5.72827417380661
WDI:SP.POP.4044.MA.5Y:LIE,1980-12-31,6.17765273311897
WDI:SP.POP.4044.MA.5Y:LIE,1981-12-31,6.60201860281021
WDI:SP.POP.4044.MA.5Y:LIE,1982-12-31,6.902330657105
WDI:SP.POP.4044.MA.5Y:LIE,1983-12-31,7.47552313303897
WDI:SP.POP.4044.MA.5Y:LIE,1984-12-31,8.03888930922297
WDI:SP.POP.4044.MA.5Y:LIE,1985-12-31,8.1727004958801
WDI:SP.POP.4044.MA.5Y:LIE,1986-12-31,8.33026983310051
WDI:SP.POP.4044.MA.5Y:LIE,1987-12-31,8.57474348283239
WDI:SP.POP.4044.MA.5Y:LIE,1988-12-31,8.65278125111643
WDI:SP.POP.4044.MA.5Y:LIE,1989-12-31,8.7501319911302
WDI:SP.POP.4044.MA.5Y:LIE,1990-12-31,8.93049428601202
WDI:SP.POP.4044.MA.5Y:LIE,1991-12-31,8.98029134532991
WDI:SP.POP.4044.MA.5Y:LIE,1992-12-31,8.80554147660078
WDI:SP.POP.4044.MA.5Y:LIE,1993-12-31,8.64016527273333
WDI:SP.POP.4044.MA.5Y:LIE,1994-12-31,8.49909584086799
WDI:SP.POP.4044.MA.5Y:LIE,1995-12-31,8.34387672343877
WDI:SP.POP.4044.MA.5Y:LIE,1996-12-31,8.25567617766676
WDI:SP.POP.4044.MA.5Y:LIE,1997-12-31,8.34862385321101
WDI:SP.POP.4044.MA.5Y:LIE,1998-12-31,8.44982331050443
WDI:SP.POP.4044.MA.5Y:LIE,1999-12-31,8.41219768664564
WDI:SP.POP.4044.MA.5Y:LIE,2000-12-31,8.48531211750306
WDI:SP.POP.4044.MA.5Y:LIE,2001-12-31,8.55219263662279
WDI:SP.POP.4044.MA.5Y:LIE,2002-12-31,8.53566808075338
WDI:SP.POP.4044.MA.5Y:LIE,2003-12-31,8.55490640276619
WDI:SP.POP.4044.MA.5Y:LIE,2004-12-31,8.59047731429583
WDI:SP.POP.4044.MA.5Y:LIE,2005-12-31,8.60032740879327
WDI:SP.POP.4044.MA.5Y:LIE,2006-12-31,8.62383725984526
WDI:SP.POP.4044.MA.5Y:LIE,2007-12-31,8.61216511440727
WDI:SP.POP.4044.MA.5Y:LIE,2008-12-31,8.55920114122682
WDI:SP.POP.4044.MA.5Y:LIE,2009-12-31,8.57740585774059
WDI:SP.POP.4044.MA.5Y:LIE,2010-12-31,8.6212699124972
WDI:SP.POP.4044.MA.5Y:LIE,2011-12-31,8.56076640302996
WDI:SP.POP.4044.MA.5Y:LIE,2012-12-31,8.34896810506567
WDI:SP.POP.4044.MA.5Y:LIE,2013-12-31,8.09325971683158
WDI:SP.POP.4044.MA.5Y:LIE,2014-12-31,7.84372203996421
WDI:SP.POP.4044.MA.5Y:LIE,2015-12-31,7.39095315024233
WDI:SP.POP.4044.MA.5Y:LIE,2016-12-31,7.06957057515605
WDI:SP.POP.4044.MA.5Y:LIE,2017-12-31,7.05114544485882
WDI:SP.POP.4044.MA.5Y:LIE,2018-12-31,6.87666957602687
WDI:SP.POP.4044.MA.5Y:LIE,2019-12-31,6.67680688135949
WDI:SP.POP.4044.MA.5Y:LIE,2020-12-31,6.7146719351149
WDI:SP.POP.4044.MA.5Y:LIE,2021-12-31,6.70640450018063
WDI:SP.POP.4044.MA.5Y:LIE,2022-12-31,6.63951433182202
WDI:SP.POP.4044.MA.5Y:LIE,2023-12-31,6.59497114382325
WDI:SP.POP.4044.MA.5Y:LIE,2024-12-31,6.54231555566773
WDI:SP.POP.4044.MA.5Y:LKA,1960-12-31,5.1650921477068
WDI:SP.POP.4044.MA.5Y:LKA,1961-12-31,5.18012020748626
WDI:SP.POP.4044.MA.5Y:LKA,1962-12-31,5.19815071722229
WDI:SP.POP.4044.MA.5Y:LKA,1963-12-31,5.21549541276572
WDI:SP.POP.4044.MA.5Y:LKA,1964-12-31,5.22619418668192
WDI:SP.POP.4044.MA.5Y:LKA,1965-12-31,5.2272355353391
WDI:SP.POP.4044.MA.5Y:LKA,1966-12-31,5.22187574546372
WDI:SP.POP.4044.MA.5Y:LKA,1967-12-31,5.21091690649722
WDI:SP.POP.4044.MA.5Y:LKA,1968-12-31,5.19130920423268
WDI:SP.POP.4044.MA.5Y:LKA,1969-12-31,5.15921658817823
WDI:SP.POP.4044.MA.5Y:LKA,1970-12-31,5.1152836657663
WDI:SP.POP.4044.MA.5Y:LKA,1971-12-31,5.06100695978065
WDI:SP.POP.4044.MA.5Y:LKA,1972-12-31,4.9960832179277
WDI:SP.POP.4044.MA.5Y:LKA,1973-12-31,4.92847866721123
WDI:SP.POP.4044.MA.5Y:LKA,1974-12-31,4.87158833147703
WDI:SP.POP.4044.MA.5Y:LKA,1975-12-31,4.82851511877111
WDI:SP.POP.4044.MA.5Y:LKA,1976-12-31,4.79847595488437
WDI:SP.POP.4044.MA.5Y:LKA,1977-12-31,4.78488168740954
WDI:SP.POP.4044.MA.5Y:LKA,1978-12-31,4.78313225885902
WDI:SP.POP.4044.MA.5Y:LKA,1979-12-31,4.78430683214682
WDI:SP.POP.4044.MA.5Y:LKA,1980-12-31,4.79070458632042
WDI:SP.POP.4044.MA.5Y:LKA,1981-12-31,4.80651020875636
WDI:SP.POP.4044.MA.5Y:LKA,1982-12-31,4.83134356781815
WDI:SP.POP.4044.MA.5Y:LKA,1983-12-31,4.86741467546317
WDI:SP.POP.4044.MA.5Y:LKA,1984-12-31,4.9188481708706
WDI:SP.POP.4044.MA.5Y:LKA,1985-12-31,4.99512774657979
WDI:SP.POP.4044.MA.5Y:LKA,1986-12-31,5.09887894238553
WDI:SP.POP.4044.MA.5Y:LKA,1987-12-31,5.22363302109909
WDI:SP.POP.4044.MA.5Y:LKA,1988-12-31,5.34140106203749
WDI:SP.POP.4044.MA.5Y:LKA,1989-12-31,5.40620941255067
WDI:SP.POP.4044.MA.5Y:LKA,1990-12-31,5.41438396578262
WDI:SP.POP.4044.MA.5Y:LKA,1991-12-31,5.40493450875265
WDI:SP.POP.4044.MA.5Y:LKA,1992-12-31,5.39304583418822
WDI:SP.POP.4044.MA.5Y:LKA,1993-12-31,5.39205631102155
WDI:SP.POP.4044.MA.5Y:LKA,1994-12-31,5.4347730658475
WDI:SP.POP.4044.MA.5Y:LKA,1995-12-31,5.58594982855294
WDI:SP.POP.4044.MA.5Y:LKA,1996-12-31,5.80301640478597
WDI:SP.POP.4044.MA.5Y:LKA,1997-12-31,6.01666339060648
WDI:SP.POP.4044.MA.5Y:LKA,1998-12-31,6.24920656269856
WDI:SP.POP.4044.MA.5Y:LKA,1999-12-31,6.48539832569948
WDI:SP.POP.4044.MA.5Y:LKA,2000-12-31,6.69602376160534
WDI:SP.POP.4044.MA.5Y:LKA,2001-12-31,6.83912312493103
WDI:SP.POP.4044.MA.5Y:LKA,2002-12-31,6.89370745957162
WDI:SP.POP.4044.MA.5Y:LKA,2003-12-31,6.89372630542907
WDI:SP.POP.4044.MA.5Y:LKA,2004-12-31,6.87058735042935
WDI:SP.POP.4044.MA.5Y:LKA,2005-12-31,6.83302799003133
WDI:SP.POP.4044.MA.5Y:LKA,2006-12-31,6.79092743142162
WDI:SP.POP.4044.MA.5Y:LKA,2007-12-31,6.75480382171446
WDI:SP.POP.4044.MA.5Y:LKA,2008-12-31,6.72997871069059
WDI:SP.POP.4044.MA.5Y:LKA,2009-12-31,6.71458430644094
WDI:SP.POP.4044.MA.5Y:LKA,2010-12-31,6.70126934057998
WDI:SP.POP.4044.MA.5Y:LKA,2011-12-31,6.67889013027064
WDI:SP.POP.4044.MA.5Y:LKA,2012-12-31,6.62825546738668
WDI:SP.POP.4044.MA.5Y:LKA,2013-12-31,6.54991569223427
WDI:SP.POP.4044.MA.5Y:LKA,2014-12-31,6.47254872265809
WDI:SP.POP.4044.MA.5Y:LKA,2015-12-31,6.4248606670757
WDI:SP.POP.4044.MA.5Y:LKA,2016-12-31,6.4330713946608
WDI:SP.POP.4044.MA.5Y:LKA,2017-12-31,6.51745829495541
WDI:SP.POP.4044.MA.5Y:LKA,2018-12-31,6.6720540958985
WDI:SP.POP.4044.MA.5Y:LKA,2019-12-31,6.86169012737718
WDI:SP.POP.4044.MA.5Y:LKA,2020-12-31,7.04373918096022
WDI:SP.POP.4044.MA.5Y:LKA,2021-12-31,7.17727385264516
WDI:SP.POP.4044.MA.5Y:LKA,2022-12-31,7.22570985022079
WDI:SP.POP.4044.MA.5Y:LKA,2023-12-31,7.17948664894392
WDI:SP.POP.4044.MA.5Y:LKA,2024-12-31,7.06064551060789
WDI:SP.POP.4044.MA.5Y:LMC,1960-12-31,4.980756416317776
WDI:SP.POP.4044.MA.5Y:LMC,1961-12-31,4.960808677449283
WDI:SP.POP.4044.MA.5Y:LMC,1962-12-31,4.938963954400513
WDI:SP.POP.4044.MA.5Y:LMC,1963-12-31,4.9163675470671215
WDI:SP.POP.4044.MA.5Y:LMC,1964-12-31,4.895974478278055
WDI:SP.POP.4044.MA.5Y:LMC,1965-12-31,4.878678736919476
WDI:SP.POP.4044.MA.5Y:LMC,1966-12-31,4.864401476860901
WDI:SP.POP.4044.MA.5Y:LMC,1967-12-31,4.852863944241299
WDI:SP.POP.4044.MA.5Y:LMC,1968-12-31,4.840152331341509
WDI:SP.POP.4044.MA.5Y:LMC,1969-12-31,4.822188286840832
WDI:SP.POP.4044.MA.5Y:LMC,1970-12-31,4.801075593345539
WDI:SP.POP.4044.MA.5Y:LMC,1971-12-31,4.775110977718571
WDI:SP.POP.4044.MA.5Y:LMC,1972-12-31,4.74383157762832
WDI:SP.POP.4044.MA.5Y:LMC,1973-12-31,4.710129838669419
WDI:SP.POP.4044.MA.5Y:LMC,1974-12-31,4.674342185367624
WDI:SP.POP.4044.MA.5Y:LMC,1975-12-31,4.636125865083618
WDI:SP.POP.4044.MA.5Y:LMC,1976-12-31,4.596864566020312
WDI:SP.POP.4044.MA.5Y:LMC,1977-12-31,4.5603578429173846
WDI:SP.POP.4044.MA.5Y:LMC,1978-12-31,4.523023778653207
WDI:SP.POP.4044.MA.5Y:LMC,1979-12-31,4.478742384888269
WDI:SP.POP.4044.MA.5Y:LMC,1980-12-31,4.4270152554024165
WDI:SP.POP.4044.MA.5Y:LMC,1981-12-31,4.371657545332731
WDI:SP.POP.4044.MA.5Y:LMC,1982-12-31,4.316590066127903
WDI:SP.POP.4044.MA.5Y:LMC,1983-12-31,4.268074077042289
WDI:SP.POP.4044.MA.5Y:LMC,1984-12-31,4.234136562598902
WDI:SP.POP.4044.MA.5Y:LMC,1985-12-31,4.219122554801698
WDI:SP.POP.4044.MA.5Y:LMC,1986-12-31,4.220426047484386
WDI:SP.POP.4044.MA.5Y:LMC,1987-12-31,4.232906961372311
WDI:SP.POP.4044.MA.5Y:LMC,1988-12-31,4.252134519609881
WDI:SP.POP.4044.MA.5Y:LMC,1989-12-31,4.308402152216566
WDI:SP.POP.4044.MA.5Y:LMC,1990-12-31,4.404315804434058
WDI:SP.POP.4044.MA.5Y:LMC,1991-12-31,4.507701283701715
WDI:SP.POP.4044.MA.5Y:LMC,1992-12-31,4.621798146560828
WDI:SP.POP.4044.MA.5Y:LMC,1993-12-31,4.7497506362797095
WDI:SP.POP.4044.MA.5Y:LMC,1994-12-31,4.857904380948026
WDI:SP.POP.4044.MA.5Y:LMC,1995-12-31,4.9387030776784515
WDI:SP.POP.4044.MA.5Y:LMC,1996-12-31,5.013883431666731
WDI:SP.POP.4044.MA.5Y:LMC,1997-12-31,5.082294040783513
WDI:SP.POP.4044.MA.5Y:LMC,1998-12-31,5.141453594786927
WDI:SP.POP.4044.MA.5Y:LMC,1999-12-31,5.189671766053127
WDI:SP.POP.4044.MA.5Y:LMC,2000-12-31,5.23060994568847
WDI:SP.POP.4044.MA.5Y:LMC,2001-12-31,5.26445032374469
WDI:SP.POP.4044.MA.5Y:LMC,2002-12-31,5.291121720405218
WDI:SP.POP.4044.MA.5Y:LMC,2003-12-31,5.315862880775726
WDI:SP.POP.4044.MA.5Y:LMC,2004-12-31,5.337289964043534
WDI:SP.POP.4044.MA.5Y:LMC,2005-12-31,5.351205160523054
WDI:SP.POP.4044.MA.5Y:LMC,2006-12-31,5.364619342056015
WDI:SP.POP.4044.MA.5Y:LMC,2007-12-31,5.380071060870058
WDI:SP.POP.4044.MA.5Y:LMC,2008-12-31,5.395125066622528
WDI:SP.POP.4044.MA.5Y:LMC,2009-12-31,5.407942671299324
WDI:SP.POP.4044.MA.5Y:LMC,2010-12-31,5.422247792593736
WDI:SP.POP.4044.MA.5Y:LMC,2011-12-31,5.446424536513823
WDI:SP.POP.4044.MA.5Y:LMC,2012-12-31,5.479113838927681
WDI:SP.POP.4044.MA.5Y:LMC,2013-12-31,5.51593256959379
WDI:SP.POP.4044.MA.5Y:LMC,2014-12-31,5.55762344286535
WDI:SP.POP.4044.MA.5Y:LMC,2015-12-31,5.605075712418502
WDI:SP.POP.4044.MA.5Y:LMC,2016-12-31,5.656930284820358
WDI:SP.POP.4044.MA.5Y:LMC,2017-12-31,5.710477160423283
WDI:SP.POP.4044.MA.5Y:LMC,2018-12-31,5.7669188046678395
WDI:SP.POP.4044.MA.5Y:LMC,2019-12-31,5.833852486754646
WDI:SP.POP.4044.MA.5Y:LMC,2020-12-31,5.916250611945089
WDI:SP.POP.4044.MA.5Y:LMC,2021-12-31,6.007958863393443
WDI:SP.POP.4044.MA.5Y:LMC,2022-12-31,6.101318444821843
WDI:SP.POP.4044.MA.5Y:LMC,2023-12-31,6.196894545212757
WDI:SP.POP.4044.MA.5Y:LMC,2024-12-31,6.291856218930101
WDI:SP.POP.4044.MA.5Y:LMY,1960-12-31,4.879961372636438
WDI:SP.POP.4044.MA.5Y:LMY,1961-12-31,4.882534709266098
WDI:SP.POP.4044.MA.5Y:LMY,1962-12-31,4.8807986056556985
WDI:SP.POP.4044.MA.5Y:LMY,1963-12-31,4.87103068886455
WDI:SP.POP.4044.MA.5Y:LMY,1964-12-31,4.874291861549183
WDI:SP.POP.4044.MA.5Y:LMY,1965-12-31,4.883536889869095
WDI:SP.POP.4044.MA.5Y:LMY,1966-12-31,4.883669309030489
WDI:SP.POP.4044.MA.5Y:LMY,1967-12-31,4.891251902987283
WDI:SP.POP.4044.MA.5Y:LMY,1968-12-31,4.905259483613561
WDI:SP.POP.4044.MA.5Y:LMY,1969-12-31,4.901132983151997
WDI:SP.POP.4044.MA.5Y:LMY,1970-12-31,4.88869207341831
WDI:SP.POP.4044.MA.5Y:LMY,1971-12-31,4.875991418662807
WDI:SP.POP.4044.MA.5Y:LMY,1972-12-31,4.855028146038589
WDI:SP.POP.4044.MA.5Y:LMY,1973-12-31,4.832635871080965
WDI:SP.POP.4044.MA.5Y:LMY,1974-12-31,4.814801784512149
WDI:SP.POP.4044.MA.5Y:LMY,1975-12-31,4.79753744111454
WDI:SP.POP.4044.MA.5Y:LMY,1976-12-31,4.789381192175541
WDI:SP.POP.4044.MA.5Y:LMY,1977-12-31,4.790635838854767
WDI:SP.POP.4044.MA.5Y:LMY,1978-12-31,4.780648261808046
WDI:SP.POP.4044.MA.5Y:LMY,1979-12-31,4.744801977951389
WDI:SP.POP.4044.MA.5Y:LMY,1980-12-31,4.697043517283472
WDI:SP.POP.4044.MA.5Y:LMY,1981-12-31,4.650225549911155
WDI:SP.POP.4044.MA.5Y:LMY,1982-12-31,4.589819417439601
WDI:SP.POP.4044.MA.5Y:LMY,1983-12-31,4.520519653607497
WDI:SP.POP.4044.MA.5Y:LMY,1984-12-31,4.47185443980871
WDI:SP.POP.4044.MA.5Y:LMY,1985-12-31,4.446446034582856
WDI:SP.POP.4044.MA.5Y:LMY,1986-12-31,4.444949698874024
WDI:SP.POP.4044.MA.5Y:LMY,1987-12-31,4.481998501839032
WDI:SP.POP.4044.MA.5Y:LMY,1988-12-31,4.552992911066802
WDI:SP.POP.4044.MA.5Y:LMY,1989-12-31,4.657814808180732
WDI:SP.POP.4044.MA.5Y:LMY,1990-12-31,4.803254740211892
WDI:SP.POP.4044.MA.5Y:LMY,1991-12-31,4.959917129505312
WDI:SP.POP.4044.MA.5Y:LMY,1992-12-31,5.1279916709749935
WDI:SP.POP.4044.MA.5Y:LMY,1993-12-31,5.302688849211662
WDI:SP.POP.4044.MA.5Y:LMY,1994-12-31,5.450084966049375
WDI:SP.POP.4044.MA.5Y:LMY,1995-12-31,5.567803703754269
WDI:SP.POP.4044.MA.5Y:LMY,1996-12-31,5.65739042673383
WDI:SP.POP.4044.MA.5Y:LMY,1997-12-31,5.728855545987045
WDI:SP.POP.4044.MA.5Y:LMY,1998-12-31,5.774768096793378
WDI:SP.POP.4044.MA.5Y:LMY,1999-12-31,5.7545912904043846
WDI:SP.POP.4044.MA.5Y:LMY,2000-12-31,5.680274358916994
WDI:SP.POP.4044.MA.5Y:LMY,2001-12-31,5.597966444505563
WDI:SP.POP.4044.MA.5Y:LMY,2002-12-31,5.584017840801819
WDI:SP.POP.4044.MA.5Y:LMY,2003-12-31,5.715228725620536
WDI:SP.POP.4044.MA.5Y:LMY,2004-12-31,5.922152799506119
WDI:SP.POP.4044.MA.5Y:LMY,2005-12-31,6.1270478604639385
WDI:SP.POP.4044.MA.5Y:LMY,2006-12-31,6.330249107795829
WDI:SP.POP.4044.MA.5Y:LMY,2007-12-31,6.437444278039956
WDI:SP.POP.4044.MA.5Y:LMY,2008-12-31,6.432842572790534
WDI:SP.POP.4044.MA.5Y:LMY,2009-12-31,6.4309347063309215
WDI:SP.POP.4044.MA.5Y:LMY,2010-12-31,6.455439260102108
WDI:SP.POP.4044.MA.5Y:LMY,2011-12-31,6.482135414761364
WDI:SP.POP.4044.MA.5Y:LMY,2012-12-31,6.509521808997763
WDI:SP.POP.4044.MA.5Y:LMY,2013-12-31,6.506713258644426
WDI:SP.POP.4044.MA.5Y:LMY,2014-12-31,6.45977212836893
WDI:SP.POP.4044.MA.5Y:LMY,2015-12-31,6.3840798951426345
WDI:SP.POP.4044.MA.5Y:LMY,2016-12-31,6.297422490956324
WDI:SP.POP.4044.MA.5Y:LMY,2017-12-31,6.216424308497104
WDI:SP.POP.4044.MA.5Y:LMY,2018-12-31,6.145896209631311
WDI:SP.POP.4044.MA.5Y:LMY,2019-12-31,6.115547584895987
WDI:SP.POP.4044.MA.5Y:LMY,2020-12-31,6.1404351230441385
WDI:SP.POP.4044.MA.5Y:LMY,2021-12-31,6.208259015753843
WDI:SP.POP.4044.MA.5Y:LMY,2022-12-31,6.314643992848604
WDI:SP.POP.4044.MA.5Y:LMY,2023-12-31,6.425917205466443
WDI:SP.POP.4044.MA.5Y:LMY,2024-12-31,6.51745372184133
WDI:SP.POP.4044.MA.5Y:LSO,1960-12-31,3.07764672715628
WDI:SP.POP.4044.MA.5Y:LSO,1961-12-31,3.19351855562829
WDI:SP.POP.4044.MA.5Y:LSO,1962-12-31,3.30044775969127
WDI:SP.POP.4044.MA.5Y:LSO,1963-12-31,3.40165928478719
WDI:SP.POP.4044.MA.5Y:LSO,1964-12-31,3.49928157132449
WDI:SP.POP.4044.MA.5Y:LSO,1965-12-31,3.59813231122553
WDI:SP.POP.4044.MA.5Y:LSO,1966-12-31,3.92487888098873
WDI:SP.POP.4044.MA.5Y:LSO,1967-12-31,4.24437628685422
WDI:SP.POP.4044.MA.5Y:LSO,1968-12-31,4.36044250038028
WDI:SP.POP.4044.MA.5Y:LSO,1969-12-31,4.50599206366761
WDI:SP.POP.4044.MA.5Y:LSO,1970-12-31,4.67478753122835
WDI:SP.POP.4044.MA.5Y:LSO,1971-12-31,4.85777576398329
WDI:SP.POP.4044.MA.5Y:LSO,1972-12-31,5.0440070164764
WDI:SP.POP.4044.MA.5Y:LSO,1973-12-31,5.2212389380531
WDI:SP.POP.4044.MA.5Y:LSO,1974-12-31,5.3771782714496
WDI:SP.POP.4044.MA.5Y:LSO,1975-12-31,5.50067545463945
WDI:SP.POP.4044.MA.5Y:LSO,1976-12-31,5.53557039959598
WDI:SP.POP.4044.MA.5Y:LSO,1977-12-31,5.4652117929136
WDI:SP.POP.4044.MA.5Y:LSO,1978-12-31,5.33831257579549
WDI:SP.POP.4044.MA.5Y:LSO,1979-12-31,5.1770213071239
WDI:SP.POP.4044.MA.5Y:LSO,1980-12-31,4.9915707423185
WDI:SP.POP.4044.MA.5Y:LSO,1981-12-31,4.79679561641677
WDI:SP.POP.4044.MA.5Y:LSO,1982-12-31,4.60655553014035
WDI:SP.POP.4044.MA.5Y:LSO,1983-12-31,4.42510428969669
WDI:SP.POP.4044.MA.5Y:LSO,1984-12-31,4.25434280466244
WDI:SP.POP.4044.MA.5Y:LSO,1985-12-31,4.0997186620819
WDI:SP.POP.4044.MA.5Y:LSO,1986-12-31,3.87637602607886
WDI:SP.POP.4044.MA.5Y:LSO,1987-12-31,3.68174234702601
WDI:SP.POP.4044.MA.5Y:LSO,1988-12-31,3.64063448556328
WDI:SP.POP.4044.MA.5Y:LSO,1989-12-31,3.69816347980012
WDI:SP.POP.4044.MA.5Y:LSO,1990-12-31,3.70923204490513
WDI:SP.POP.4044.MA.5Y:LSO,1991-12-31,3.65361428537281
WDI:SP.POP.4044.MA.5Y:LSO,1992-12-31,3.64498286969646
WDI:SP.POP.4044.MA.5Y:LSO,1993-12-31,3.65470859271129
WDI:SP.POP.4044.MA.5Y:LSO,1994-12-31,3.65412609409554
WDI:SP.POP.4044.MA.5Y:LSO,1995-12-31,3.75317701365189
WDI:SP.POP.4044.MA.5Y:LSO,1996-12-31,3.95446680895789
WDI:SP.POP.4044.MA.5Y:LSO,1997-12-31,4.13811748298163
WDI:SP.POP.4044.MA.5Y:LSO,1998-12-31,4.29208902826993
WDI:SP.POP.4044.MA.5Y:LSO,1999-12-31,4.40958742068003
WDI:SP.POP.4044.MA.5Y:LSO,2000-12-31,4.48951845429266
WDI:SP.POP.4044.MA.5Y:LSO,2001-12-31,4.52685998932209
WDI:SP.POP.4044.MA.5Y:LSO,2002-12-31,4.52430400378559
WDI:SP.POP.4044.MA.5Y:LSO,2003-12-31,4.48522544744256
WDI:SP.POP.4044.MA.5Y:LSO,2004-12-31,4.4219504203978
WDI:SP.POP.4044.MA.5Y:LSO,2005-12-31,4.35750559073208
WDI:SP.POP.4044.MA.5Y:LSO,2006-12-31,4.28377950307439
WDI:SP.POP.4044.MA.5Y:LSO,2007-12-31,4.19210363485565
WDI:SP.POP.4044.MA.5Y:LSO,2008-12-31,4.10713874652877
WDI:SP.POP.4044.MA.5Y:LSO,2009-12-31,4.0360211917475
WDI:SP.POP.4044.MA.5Y:LSO,2010-12-31,3.96894621261328
WDI:SP.POP.4044.MA.5Y:LSO,2011-12-31,3.9070132981224
WDI:SP.POP.4044.MA.5Y:LSO,2012-12-31,3.85656980300279
WDI:SP.POP.4044.MA.5Y:LSO,2013-12-31,3.82651542031216
WDI:SP.POP.4044.MA.5Y:LSO,2014-12-31,3.82837846261313
WDI:SP.POP.4044.MA.5Y:LSO,2015-12-31,3.87384365976977
WDI:SP.POP.4044.MA.5Y:LSO,2016-12-31,3.96684022689181
WDI:SP.POP.4044.MA.5Y:LSO,2017-12-31,4.10622422465375
WDI:SP.POP.4044.MA.5Y:LSO,2018-12-31,4.28867396811346
WDI:SP.POP.4044.MA.5Y:LSO,2019-12-31,4.50518560424898
WDI:SP.POP.4044.MA.5Y:LSO,2020-12-31,4.739362633635
WDI:SP.POP.4044.MA.5Y:LSO,2021-12-31,4.97816343941047
WDI:SP.POP.4044.MA.5Y:LSO,2022-12-31,5.2282540185978
WDI:SP.POP.4044.MA.5Y:LSO,2023-12-31,5.49755846666199
WDI:SP.POP.4044.MA.5Y:LSO,2024-12-31,5.7730207196904
WDI:SP.POP.4044.MA.5Y:LTE,1960-12-31,4.80477690435199
WDI:SP.POP.4044.MA.5Y:LTE,1961-12-31,4.828700530201955
WDI:SP.POP.4044.MA.5Y:LTE,1962-12-31,4.860614778848283
WDI:SP.POP.4044.MA.5Y:LTE,1963-12-31,4.882362004719886
WDI:SP.POP.4044.MA.5Y:LTE,1964-12-31,4.93411270026981
WDI:SP.POP.4044.MA.5Y:LTE,1965-12-31,5.00822636212695
WDI:SP.POP.4044.MA.5Y:LTE,1966-12-31,5.076881824742949
WDI:SP.POP.4044.MA.5Y:LTE,1967-12-31,5.16976858665961
WDI:SP.POP.4044.MA.5Y:LTE,1968-12-31,5.275141208534721
WDI:SP.POP.4044.MA.5Y:LTE,1969-12-31,5.336386918338729
WDI:SP.POP.4044.MA.5Y:LTE,1970-12-31,5.366349094673124
WDI:SP.POP.4044.MA.5Y:LTE,1971-12-31,5.3770256161428405
WDI:SP.POP.4044.MA.5Y:LTE,1972-12-31,5.355222719354917
WDI:SP.POP.4044.MA.5Y:LTE,1973-12-31,5.316035493748578
WDI:SP.POP.4044.MA.5Y:LTE,1974-12-31,5.276402267107268
WDI:SP.POP.4044.MA.5Y:LTE,1975-12-31,5.247885399095628
WDI:SP.POP.4044.MA.5Y:LTE,1976-12-31,5.254789518896961
WDI:SP.POP.4044.MA.5Y:LTE,1977-12-31,5.291480296628074
WDI:SP.POP.4044.MA.5Y:LTE,1978-12-31,5.318075226144182
WDI:SP.POP.4044.MA.5Y:LTE,1979-12-31,5.307655645476333
WDI:SP.POP.4044.MA.5Y:LTE,1980-12-31,5.269780545173446
WDI:SP.POP.4044.MA.5Y:LTE,1981-12-31,5.216216592969357
WDI:SP.POP.4044.MA.5Y:LTE,1982-12-31,5.102831101694042
WDI:SP.POP.4044.MA.5Y:LTE,1983-12-31,4.937802370721278
WDI:SP.POP.4044.MA.5Y:LTE,1984-12-31,4.799766345994569
WDI:SP.POP.4044.MA.5Y:LTE,1985-12-31,4.709975799142123
WDI:SP.POP.4044.MA.5Y:LTE,1986-12-31,4.69191826360858
WDI:SP.POP.4044.MA.5Y:LTE,1987-12-31,4.78471379657838
WDI:SP.POP.4044.MA.5Y:LTE,1988-12-31,4.977607823316835
WDI:SP.POP.4044.MA.5Y:LTE,1989-12-31,5.233772001004986
WDI:SP.POP.4044.MA.5Y:LTE,1990-12-31,5.534250186378722
WDI:SP.POP.4044.MA.5Y:LTE,1991-12-31,5.817326441692353
WDI:SP.POP.4044.MA.5Y:LTE,1992-12-31,6.104097692988347
WDI:SP.POP.4044.MA.5Y:LTE,1993-12-31,6.382439001750531
WDI:SP.POP.4044.MA.5Y:LTE,1994-12-31,6.6106390235133
WDI:SP.POP.4044.MA.5Y:LTE,1995-12-31,6.806558918641163
WDI:SP.POP.4044.MA.5Y:LTE,1996-12-31,6.94601406212692
WDI:SP.POP.4044.MA.5Y:LTE,1997-12-31,7.047711762778785
WDI:SP.POP.4044.MA.5Y:LTE,1998-12-31,7.093626256137408
WDI:SP.POP.4044.MA.5Y:LTE,1999-12-31,6.986350394561404
WDI:SP.POP.4044.MA.5Y:LTE,2000-12-31,6.750169640904792
WDI:SP.POP.4044.MA.5Y:LTE,2001-12-31,6.496602576130662
WDI:SP.POP.4044.MA.5Y:LTE,2002-12-31,6.402442996708539
WDI:SP.POP.4044.MA.5Y:LTE,2003-12-31,6.6582495080676685
WDI:SP.POP.4044.MA.5Y:LTE,2004-12-31,7.1072600780106825
WDI:SP.POP.4044.MA.5Y:LTE,2005-12-31,7.560488439079422
WDI:SP.POP.4044.MA.5Y:LTE,2006-12-31,8.02147178753354
WDI:SP.POP.4044.MA.5Y:LTE,2007-12-31,8.261228886867201
WDI:SP.POP.4044.MA.5Y:LTE,2008-12-31,8.233704723194016
WDI:SP.POP.4044.MA.5Y:LTE,2009-12-31,8.217329512716296
WDI:SP.POP.4044.MA.5Y:LTE,2010-12-31,8.269534921483878
WDI:SP.POP.4044.MA.5Y:LTE,2011-12-31,8.325661531575145
WDI:SP.POP.4044.MA.5Y:LTE,2012-12-31,8.376112924135283
WDI:SP.POP.4044.MA.5Y:LTE,2013-12-31,8.338414479708195
WDI:SP.POP.4044.MA.5Y:LTE,2014-12-31,8.176715495039481
WDI:SP.POP.4044.MA.5Y:LTE,2015-12-31,7.932898069084581
WDI:SP.POP.4044.MA.5Y:LTE,2016-12-31,7.647323314380522
WDI:SP.POP.4044.MA.5Y:LTE,2017-12-31,7.363395959699164
WDI:SP.POP.4044.MA.5Y:LTE,2018-12-31,7.095885902557049
WDI:SP.POP.4044.MA.5Y:LTE,2019-12-31,6.918202233083827
WDI:SP.POP.4044.MA.5Y:LTE,2020-12-31,6.864623743879926
WDI:SP.POP.4044.MA.5Y:LTE,2021-12-31,6.904746239512588
WDI:SP.POP.4044.MA.5Y:LTE,2022-12-31,7.059434597393693
WDI:SP.POP.4044.MA.5Y:LTE,2023-12-31,7.244853286165762
WDI:SP.POP.4044.MA.5Y:LTE,2024-12-31,7.379409313925106
WDI:SP.POP.4044.MA.5Y:LTU,1960-12-31,3.99688491337536
WDI:SP.POP.4044.MA.5Y:LTU,1961-12-31,4.26406051207198
WDI:SP.POP.4044.MA.5Y:LTU,1962-12-31,4.606515454369
WDI:SP.POP.4044.MA.5Y:LTU,1963-12-31,5.03429978872374
WDI:SP.POP.4044.MA.5Y:LTU,1964-12-31,5.37133559815828
WDI:SP.POP.4044.MA.5Y:LTU,1965-12-31,5.55078231312213
WDI:SP.POP.4044.MA.5Y:LTU,1966-12-31,5.66174485909368
WDI:SP.POP.4044.MA.5Y:LTU,1967-12-31,5.89324350038409
WDI:SP.POP.4044.MA.5Y:LTU,1968-12-31,6.2548510512017
WDI:SP.POP.4044.MA.5Y:LTU,1969-12-31,6.63871147151825
WDI:SP.POP.4044.MA.5Y:LTU,1970-12-31,7.00312007921508
WDI:SP.POP.4044.MA.5Y:LTU,1971-12-31,7.28612475918618
WDI:SP.POP.4044.MA.5Y:LTU,1972-12-31,7.38727102081671
WDI:SP.POP.4044.MA.5Y:LTU,1973-12-31,7.32774036543132
WDI:SP.POP.4044.MA.5Y:LTU,1974-12-31,7.20159289635345
WDI:SP.POP.4044.MA.5Y:LTU,1975-12-31,7.08154803686379
WDI:SP.POP.4044.MA.5Y:LTU,1976-12-31,7.04994731484464
WDI:SP.POP.4044.MA.5Y:LTU,1977-12-31,7.02221544508398
WDI:SP.POP.4044.MA.5Y:LTU,1978-12-31,6.97609988142971
WDI:SP.POP.4044.MA.5Y:LTU,1979-12-31,6.96944140449575
WDI:SP.POP.4044.MA.5Y:LTU,1980-12-31,6.92340757141885
WDI:SP.POP.4044.MA.5Y:LTU,1981-12-31,6.86281644204413
WDI:SP.POP.4044.MA.5Y:LTU,1982-12-31,6.84941151513821
WDI:SP.POP.4044.MA.5Y:LTU,1983-12-31,6.76462621885157
WDI:SP.POP.4044.MA.5Y:LTU,1984-12-31,6.54756819896464
WDI:SP.POP.4044.MA.5Y:LTU,1985-12-31,6.36673322803616
WDI:SP.POP.4044.MA.5Y:LTU,1986-12-31,6.16341114409711
WDI:SP.POP.4044.MA.5Y:LTU,1987-12-31,5.89870837671976
WDI:SP.POP.4044.MA.5Y:LTU,1988-12-31,5.76744269007127
WDI:SP.POP.4044.MA.5Y:LTU,1989-12-31,5.90099805578744
WDI:SP.POP.4044.MA.5Y:LTU,1990-12-31,6.10089277033326
WDI:SP.POP.4044.MA.5Y:LTU,1991-12-31,6.2291248497446
WDI:SP.POP.4044.MA.5Y:LTU,1992-12-31,6.3668776769427
WDI:SP.POP.4044.MA.5Y:LTU,1993-12-31,6.42601237619421
WDI:SP.POP.4044.MA.5Y:LTU,1994-12-31,6.44235290570624
WDI:SP.POP.4044.MA.5Y:LTU,1995-12-31,6.48483835961289
WDI:SP.POP.4044.MA.5Y:LTU,1996-12-31,6.56664130155223
WDI:SP.POP.4044.MA.5Y:LTU,1997-12-31,6.72746041132599
WDI:SP.POP.4044.MA.5Y:LTU,1998-12-31,7.00956227677606
WDI:SP.POP.4044.MA.5Y:LTU,1999-12-31,7.32070298135193
WDI:SP.POP.4044.MA.5Y:LTU,2000-12-31,7.61662376071084
WDI:SP.POP.4044.MA.5Y:LTU,2001-12-31,7.93628002280115
WDI:SP.POP.4044.MA.5Y:LTU,2002-12-31,8.1897238168467
WDI:SP.POP.4044.MA.5Y:LTU,2003-12-31,8.29104696894354
WDI:SP.POP.4044.MA.5Y:LTU,2004-12-31,8.25281950675674
WDI:SP.POP.4044.MA.5Y:LTU,2005-12-31,8.13667288897229
WDI:SP.POP.4044.MA.5Y:LTU,2006-12-31,7.95616335829682
WDI:SP.POP.4044.MA.5Y:LTU,2007-12-31,7.76103304570833
WDI:SP.POP.4044.MA.5Y:LTU,2008-12-31,7.62775826453607
WDI:SP.POP.4044.MA.5Y:LTU,2009-12-31,7.53798627025766
WDI:SP.POP.4044.MA.5Y:LTU,2010-12-31,7.48753011405287
WDI:SP.POP.4044.MA.5Y:LTU,2011-12-31,7.4930719886214
WDI:SP.POP.4044.MA.5Y:LTU,2012-12-31,7.48899958624713
WDI:SP.POP.4044.MA.5Y:LTU,2013-12-31,7.41878077597658
WDI:SP.POP.4044.MA.5Y:LTU,2014-12-31,7.28870826667298
WDI:SP.POP.4044.MA.5Y:LTU,2015-12-31,7.12648367994099
WDI:SP.POP.4044.MA.5Y:LTU,2016-12-31,6.94723719362863
WDI:SP.POP.4044.MA.5Y:LTU,2017-12-31,6.81511832938813
WDI:SP.POP.4044.MA.5Y:LTU,2018-12-31,6.74949793776588
WDI:SP.POP.4044.MA.5Y:LTU,2019-12-31,6.73424291299308
WDI:SP.POP.4044.MA.5Y:LTU,2020-12-31,6.77681916425825
WDI:SP.POP.4044.MA.5Y:LTU,2021-12-31,6.79848384614038
WDI:SP.POP.4044.MA.5Y:LTU,2022-12-31,6.79021561685876
WDI:SP.POP.4044.MA.5Y:LTU,2023-12-31,6.87726700071742
WDI:SP.POP.4044.MA.5Y:LTU,2024-12-31,7.0580633304977
WDI:SP.POP.4044.MA.5Y:LUX,1960-12-31,5.71298710927301
WDI:SP.POP.4044.MA.5Y:LUX,1961-12-31,5.7535509522026
WDI:SP.POP.4044.MA.5Y:LUX,1962-12-31,5.84426497214374
WDI:SP.POP.4044.MA.5Y:LUX,1963-12-31,5.96466755264836
WDI:SP.POP.4044.MA.5Y:LUX,1964-12-31,6.05009549999067
WDI:SP.POP.4044.MA.5Y:LUX,1965-12-31,6.06052205198342
WDI:SP.POP.4044.MA.5Y:LUX,1966-12-31,6.17081605059227
WDI:SP.POP.4044.MA.5Y:LUX,1967-12-31,6.47847432596757
WDI:SP.POP.4044.MA.5Y:LUX,1968-12-31,6.88010487651636
WDI:SP.POP.4044.MA.5Y:LUX,1969-12-31,7.29305625400879
WDI:SP.POP.4044.MA.5Y:LUX,1970-12-31,7.6879623564479
WDI:SP.POP.4044.MA.5Y:LUX,1971-12-31,7.91135186029396
WDI:SP.POP.4044.MA.5Y:LUX,1972-12-31,7.92224000469849
WDI:SP.POP.4044.MA.5Y:LUX,1973-12-31,7.78354983391603
WDI:SP.POP.4044.MA.5Y:LUX,1974-12-31,7.55195222305168
WDI:SP.POP.4044.MA.5Y:LUX,1975-12-31,7.29394161739106
WDI:SP.POP.4044.MA.5Y:LUX,1976-12-31,7.10145383868946
WDI:SP.POP.4044.MA.5Y:LUX,1977-12-31,7.01541141708749
WDI:SP.POP.4044.MA.5Y:LUX,1978-12-31,6.98370779209763
WDI:SP.POP.4044.MA.5Y:LUX,1979-12-31,6.99225649071708
WDI:SP.POP.4044.MA.5Y:LUX,1980-12-31,6.98181715829768
WDI:SP.POP.4044.MA.5Y:LUX,1981-12-31,6.89708512864359
WDI:SP.POP.4044.MA.5Y:LUX,1982-12-31,6.85026679305466
WDI:SP.POP.4044.MA.5Y:LUX,1983-12-31,6.89137143805615
WDI:SP.POP.4044.MA.5Y:LUX,1984-12-31,6.92015166377636
WDI:SP.POP.4044.MA.5Y:LUX,1985-12-31,6.89948199897353
WDI:SP.POP.4044.MA.5Y:LUX,1986-12-31,7.0227337422765
WDI:SP.POP.4044.MA.5Y:LUX,1987-12-31,7.25284528519343
WDI:SP.POP.4044.MA.5Y:LUX,1988-12-31,7.42030656072894
WDI:SP.POP.4044.MA.5Y:LUX,1989-12-31,7.58756341734719
WDI:SP.POP.4044.MA.5Y:LUX,1990-12-31,7.78156813955666
WDI:SP.POP.4044.MA.5Y:LUX,1991-12-31,7.85713533050231
WDI:SP.POP.4044.MA.5Y:LUX,1992-12-31,7.83810171744922
WDI:SP.POP.4044.MA.5Y:LUX,1993-12-31,7.81016681735638
WDI:SP.POP.4044.MA.5Y:LUX,1994-12-31,7.81625113086724
WDI:SP.POP.4044.MA.5Y:LUX,1995-12-31,7.86999758183736
WDI:SP.POP.4044.MA.5Y:LUX,1996-12-31,7.91138851385415
WDI:SP.POP.4044.MA.5Y:LUX,1997-12-31,7.96768845770154
WDI:SP.POP.4044.MA.5Y:LUX,1998-12-31,8.04938437151299
WDI:SP.POP.4044.MA.5Y:LUX,1999-12-31,8.10185949730819
WDI:SP.POP.4044.MA.5Y:LUX,2000-12-31,8.20757350204689
WDI:SP.POP.4044.MA.5Y:LUX,2001-12-31,8.35646403558758
WDI:SP.POP.4044.MA.5Y:LUX,2002-12-31,8.43209455619957
WDI:SP.POP.4044.MA.5Y:LUX,2003-12-31,8.4884247733624
WDI:SP.POP.4044.MA.5Y:LUX,2004-12-31,8.59340683596552
WDI:SP.POP.4044.MA.5Y:LUX,2005-12-31,8.70859719073307
WDI:SP.POP.4044.MA.5Y:LUX,2006-12-31,8.78831698945035
WDI:SP.POP.4044.MA.5Y:LUX,2007-12-31,8.83875591951353
WDI:SP.POP.4044.MA.5Y:LUX,2008-12-31,8.82348088630777
WDI:SP.POP.4044.MA.5Y:LUX,2009-12-31,8.70624996210368
WDI:SP.POP.4044.MA.5Y:LUX,2010-12-31,8.54436462719841
WDI:SP.POP.4044.MA.5Y:LUX,2011-12-31,8.45064153426354
WDI:SP.POP.4044.MA.5Y:LUX,2012-12-31,8.32908957166299
WDI:SP.POP.4044.MA.5Y:LUX,2013-12-31,8.13990502002822
WDI:SP.POP.4044.MA.5Y:LUX,2014-12-31,7.94472888646335
WDI:SP.POP.4044.MA.5Y:LUX,2015-12-31,7.79399739809041
WDI:SP.POP.4044.MA.5Y:LUX,2016-12-31,7.68247390304015
WDI:SP.POP.4044.MA.5Y:LUX,2017-12-31,7.61027338523193
WDI:SP.POP.4044.MA.5Y:LUX,2018-12-31,7.58111230859556
WDI:SP.POP.4044.MA.5Y:LUX,2019-12-31,7.55456744370942
WDI:SP.POP.4044.MA.5Y:LUX,2020-12-31,7.59172533768665
WDI:SP.POP.4044.MA.5Y:LUX,2021-12-31,7.62729740209384
WDI:SP.POP.4044.MA.5Y:LUX,2022-12-31,7.62995305392717
WDI:SP.POP.4044.MA.5Y:LUX,2023-12-31,7.659486100757
WDI:SP.POP.4044.MA.5Y:LUX,2024-12-31,7.68047726793039
WDI:SP.POP.4044.MA.5Y:LVA,1960-12-31,4.45768945724351
WDI:SP.POP.4044.MA.5Y:LVA,1961-12-31,4.57992060175512
WDI:SP.POP.4044.MA.5Y:LVA,1962-12-31,4.84307497052079
WDI:SP.POP.4044.MA.5Y:LVA,1963-12-31,5.10158368174332
WDI:SP.POP.4044.MA.5Y:LVA,1964-12-31,5.29988749472944
WDI:SP.POP.4044.MA.5Y:LVA,1965-12-31,5.50981580879997
WDI:SP.POP.4044.MA.5Y:LVA,1966-12-31,5.7387440657386
WDI:SP.POP.4044.MA.5Y:LVA,1967-12-31,6.14480711253603
WDI:SP.POP.4044.MA.5Y:LVA,1968-12-31,6.69234230556732
WDI:SP.POP.4044.MA.5Y:LVA,1969-12-31,7.20771658435005
WDI:SP.POP.4044.MA.5Y:LVA,1970-12-31,7.66098898725576
WDI:SP.POP.4044.MA.5Y:LVA,1971-12-31,7.97978400162934
WDI:SP.POP.4044.MA.5Y:LVA,1972-12-31,8.05215931631587
WDI:SP.POP.4044.MA.5Y:LVA,1973-12-31,7.90069501405315
WDI:SP.POP.4044.MA.5Y:LVA,1974-12-31,7.65082886547113
WDI:SP.POP.4044.MA.5Y:LVA,1975-12-31,7.43072774561431
WDI:SP.POP.4044.MA.5Y:LVA,1976-12-31,7.35405133089974
WDI:SP.POP.4044.MA.5Y:LVA,1977-12-31,7.37900172237517
WDI:SP.POP.4044.MA.5Y:LVA,1978-12-31,7.51204268577891
WDI:SP.POP.4044.MA.5Y:LVA,1979-12-31,7.79429636125647
WDI:SP.POP.4044.MA.5Y:LVA,1980-12-31,7.99757463154553
WDI:SP.POP.4044.MA.5Y:LVA,1981-12-31,8.02832909522853
WDI:SP.POP.4044.MA.5Y:LVA,1982-12-31,7.8830736054662
WDI:SP.POP.4044.MA.5Y:LVA,1983-12-31,7.53607728270942
WDI:SP.POP.4044.MA.5Y:LVA,1984-12-31,7.09009727909328
WDI:SP.POP.4044.MA.5Y:LVA,1985-12-31,6.6332511300504
WDI:SP.POP.4044.MA.5Y:LVA,1986-12-31,6.22305742221646
WDI:SP.POP.4044.MA.5Y:LVA,1987-12-31,5.98911480889698
WDI:SP.POP.4044.MA.5Y:LVA,1988-12-31,6.011889194462
WDI:SP.POP.4044.MA.5Y:LVA,1989-12-31,6.07902183434317
WDI:SP.POP.4044.MA.5Y:LVA,1990-12-31,6.07838137216906
WDI:SP.POP.4044.MA.5Y:LVA,1991-12-31,6.44567876980229
WDI:SP.POP.4044.MA.5Y:LVA,1992-12-31,6.84911868457901
WDI:SP.POP.4044.MA.5Y:LVA,1993-12-31,6.85677702502069
WDI:SP.POP.4044.MA.5Y:LVA,1994-12-31,6.81939637540225
WDI:SP.POP.4044.MA.5Y:LVA,1995-12-31,6.84522381928752
WDI:SP.POP.4044.MA.5Y:LVA,1996-12-31,6.93612558604733
WDI:SP.POP.4044.MA.5Y:LVA,1997-12-31,7.09977280370222
WDI:SP.POP.4044.MA.5Y:LVA,1998-12-31,7.34701009274954
WDI:SP.POP.4044.MA.5Y:LVA,1999-12-31,7.58646497372115
WDI:SP.POP.4044.MA.5Y:LVA,2000-12-31,7.75960626207722
WDI:SP.POP.4044.MA.5Y:LVA,2001-12-31,7.90564660464463
WDI:SP.POP.4044.MA.5Y:LVA,2002-12-31,7.97586123509888
WDI:SP.POP.4044.MA.5Y:LVA,2003-12-31,7.91771886023027
WDI:SP.POP.4044.MA.5Y:LVA,2004-12-31,7.81106609826581
WDI:SP.POP.4044.MA.5Y:LVA,2005-12-31,7.65820751686476
WDI:SP.POP.4044.MA.5Y:LVA,2006-12-31,7.47296774988839
WDI:SP.POP.4044.MA.5Y:LVA,2007-12-31,7.30930395144448
WDI:SP.POP.4044.MA.5Y:LVA,2008-12-31,7.19955439353871
WDI:SP.POP.4044.MA.5Y:LVA,2009-12-31,7.15773318505302
WDI:SP.POP.4044.MA.5Y:LVA,2010-12-31,7.18444770532055
WDI:SP.POP.4044.MA.5Y:LVA,2011-12-31,7.25956533746893
WDI:SP.POP.4044.MA.5Y:LVA,2012-12-31,7.33981277243137
WDI:SP.POP.4044.MA.5Y:LVA,2013-12-31,7.37802057022356
WDI:SP.POP.4044.MA.5Y:LVA,2014-12-31,7.3899643674609
WDI:SP.POP.4044.MA.5Y:LVA,2015-12-31,7.39012520296187
WDI:SP.POP.4044.MA.5Y:LVA,2016-12-31,7.32316372316839
WDI:SP.POP.4044.MA.5Y:LVA,2017-12-31,7.20190112087945
WDI:SP.POP.4044.MA.5Y:LVA,2018-12-31,7.09098336408841
WDI:SP.POP.4044.MA.5Y:LVA,2019-12-31,7.00898701322232
WDI:SP.POP.4044.MA.5Y:LVA,2020-12-31,6.9626212917903
WDI:SP.POP.4044.MA.5Y:LVA,2021-12-31,6.97464235617689
WDI:SP.POP.4044.MA.5Y:LVA,2022-12-31,7.05783162699766
WDI:SP.POP.4044.MA.5Y:LVA,2023-12-31,7.25738053034417
WDI:SP.POP.4044.MA.5Y:LVA,2024-12-31,7.51349236666511
WDI:SP.POP.4044.MA.5Y:MAC,1960-12-31,6.07793939606618
WDI:SP.POP.4044.MA.5Y:MAC,1961-12-31,6.03222510598819
WDI:SP.POP.4044.MA.5Y:MAC,1962-12-31,6.02906329403032
WDI:SP.POP.4044.MA.5Y:MAC,1963-12-31,5.91598489441104
WDI:SP.POP.4044.MA.5Y:MAC,1964-12-31,4.96185228356469
WDI:SP.POP.4044.MA.5Y:MAC,1965-12-31,4.48582389125095
WDI:SP.POP.4044.MA.5Y:MAC,1966-12-31,4.66609989850606
WDI:SP.POP.4044.MA.5Y:MAC,1967-12-31,4.82527232127677
WDI:SP.POP.4044.MA.5Y:MAC,1968-12-31,4.97614256532211
WDI:SP.POP.4044.MA.5Y:MAC,1969-12-31,5.09527197215866
WDI:SP.POP.4044.MA.5Y:MAC,1970-12-31,5.0947384457182
WDI:SP.POP.4044.MA.5Y:MAC,1971-12-31,5.07145243309454
WDI:SP.POP.4044.MA.5Y:MAC,1972-12-31,5.09054805683763
WDI:SP.POP.4044.MA.5Y:MAC,1973-12-31,4.13639177609071
WDI:SP.POP.4044.MA.5Y:MAC,1974-12-31,3.04439332387059
WDI:SP.POP.4044.MA.5Y:MAC,1975-12-31,3.54314793237106
WDI:SP.POP.4044.MA.5Y:MAC,1976-12-31,3.92581400062651
WDI:SP.POP.4044.MA.5Y:MAC,1977-12-31,4.17928258468992
WDI:SP.POP.4044.MA.5Y:MAC,1978-12-31,4.27664679928787
WDI:SP.POP.4044.MA.5Y:MAC,1979-12-31,4.20523088682474
WDI:SP.POP.4044.MA.5Y:MAC,1980-12-31,4.00972492917278
WDI:SP.POP.4044.MA.5Y:MAC,1981-12-31,3.87770698650113
WDI:SP.POP.4044.MA.5Y:MAC,1982-12-31,3.87725867087073
WDI:SP.POP.4044.MA.5Y:MAC,1983-12-31,3.92829409578207
WDI:SP.POP.4044.MA.5Y:MAC,1984-12-31,4.04677510895988
WDI:SP.POP.4044.MA.5Y:MAC,1985-12-31,4.28905847490154
WDI:SP.POP.4044.MA.5Y:MAC,1986-12-31,4.67435744732105
WDI:SP.POP.4044.MA.5Y:MAC,1987-12-31,5.19272139102305
WDI:SP.POP.4044.MA.5Y:MAC,1988-12-31,5.8275262413832
WDI:SP.POP.4044.MA.5Y:MAC,1989-12-31,6.51715255222349
WDI:SP.POP.4044.MA.5Y:MAC,1990-12-31,7.11645562931017
WDI:SP.POP.4044.MA.5Y:MAC,1991-12-31,7.56640262613288
WDI:SP.POP.4044.MA.5Y:MAC,1992-12-31,7.91044568438922
WDI:SP.POP.4044.MA.5Y:MAC,1993-12-31,8.19353838707134
WDI:SP.POP.4044.MA.5Y:MAC,1994-12-31,8.51867717842765
WDI:SP.POP.4044.MA.5Y:MAC,1995-12-31,8.98513857974655
WDI:SP.POP.4044.MA.5Y:MAC,1996-12-31,9.55254474680325
WDI:SP.POP.4044.MA.5Y:MAC,1997-12-31,10.1343518039879
WDI:SP.POP.4044.MA.5Y:MAC,1998-12-31,10.6589218987014
WDI:SP.POP.4044.MA.5Y:MAC,1999-12-31,10.9462335840475
WDI:SP.POP.4044.MA.5Y:MAC,2000-12-31,10.9409933358361
WDI:SP.POP.4044.MA.5Y:MAC,2001-12-31,10.7393173650441
WDI:SP.POP.4044.MA.5Y:MAC,2002-12-31,10.4595675658289
WDI:SP.POP.4044.MA.5Y:MAC,2003-12-31,10.1568382972353
WDI:SP.POP.4044.MA.5Y:MAC,2004-12-31,9.77450475190305
WDI:SP.POP.4044.MA.5Y:MAC,2005-12-31,9.29317820004742
WDI:SP.POP.4044.MA.5Y:MAC,2006-12-31,8.7318233094724
WDI:SP.POP.4044.MA.5Y:MAC,2007-12-31,8.06927141217777
WDI:SP.POP.4044.MA.5Y:MAC,2008-12-31,7.42278179478088
WDI:SP.POP.4044.MA.5Y:MAC,2009-12-31,7.0135305584222
WDI:SP.POP.4044.MA.5Y:MAC,2010-12-31,6.87631590736012
WDI:SP.POP.4044.MA.5Y:MAC,2011-12-31,6.92766737844251
WDI:SP.POP.4044.MA.5Y:MAC,2012-12-31,7.01637638786748
WDI:SP.POP.4044.MA.5Y:MAC,2013-12-31,7.73403256657656
WDI:SP.POP.4044.MA.5Y:MAC,2014-12-31,8.40115456645613
WDI:SP.POP.4044.MA.5Y:MAC,2015-12-31,8.32650525079547
WDI:SP.POP.4044.MA.5Y:MAC,2016-12-31,8.180249210096
WDI:SP.POP.4044.MA.5Y:MAC,2017-12-31,7.99700762461212
WDI:SP.POP.4044.MA.5Y:MAC,2018-12-31,7.18180784167168
WDI:SP.POP.4044.MA.5Y:MAC,2019-12-31,6.46522906050166
WDI:SP.POP.4044.MA.5Y:MAC,2020-12-31,6.48684923565514
WDI:SP.POP.4044.MA.5Y:MAC,2021-12-31,6.64605921277455
WDI:SP.POP.4044.MA.5Y:MAC,2022-12-31,6.96953046339726
WDI:SP.POP.4044.MA.5Y:MAC,2023-12-31,7.40824528453717
WDI:SP.POP.4044.MA.5Y:MAC,2024-12-31,7.9138772858351
WDI:SP.POP.4044.MA.5Y:MAF,1960-12-31,4.54983148772268
WDI:SP.POP.4044.MA.5Y:MAF,1961-12-31,4.4765679645605
WDI:SP.POP.4044.MA.5Y:MAF,1962-12-31,4.48905932776901
WDI:SP.POP.4044.MA.5Y:MAF,1963-12-31,4.5166921230635
WDI:SP.POP.4044.MA.5Y:MAF,1964-12-31,4.49367088607595
WDI:SP.POP.4044.MA.5Y:MAF,1965-12-31,4.43901445734067
WDI:SP.POP.4044.MA.5Y:MAF,1966-12-31,4.26734216679657
WDI:SP.POP.4044.MA.5Y:MAF,1967-12-31,4.09562638991846
WDI:SP.POP.4044.MA.5Y:MAF,1968-12-31,4.00498398006408
WDI:SP.POP.4044.MA.5Y:MAF,1969-12-31,3.91919889502763
WDI:SP.POP.4044.MA.5Y:MAF,1970-12-31,3.85324174903669
WDI:SP.POP.4044.MA.5Y:MAF,1971-12-31,3.82424735557364
WDI:SP.POP.4044.MA.5Y:MAF,1972-12-31,3.79746835443038
WDI:SP.POP.4044.MA.5Y:MAF,1973-12-31,3.76749192680301
WDI:SP.POP.4044.MA.5Y:MAF,1974-12-31,3.80483437779767
WDI:SP.POP.4044.MA.5Y:MAF,1975-12-31,3.93258426966292
WDI:SP.POP.4044.MA.5Y:MAF,1976-12-31,4.11357340720222
WDI:SP.POP.4044.MA.5Y:MAF,1977-12-31,4.30666666666667
WDI:SP.POP.4044.MA.5Y:MAF,1978-12-31,4.48990093914833
WDI:SP.POP.4044.MA.5Y:MAF,1979-12-31,4.67836257309941
WDI:SP.POP.4044.MA.5Y:MAF,1980-12-31,4.84358014252929
WDI:SP.POP.4044.MA.5Y:MAF,1981-12-31,4.97529992942837
WDI:SP.POP.4044.MA.5Y:MAF,1982-12-31,4.89569137226124
WDI:SP.POP.4044.MA.5Y:MAF,1983-12-31,4.72746060449496
WDI:SP.POP.4044.MA.5Y:MAF,1984-12-31,4.69567710947021
WDI:SP.POP.4044.MA.5Y:MAF,1985-12-31,4.81942410932162
WDI:SP.POP.4044.MA.5Y:MAF,1986-12-31,5.07418554305929
WDI:SP.POP.4044.MA.5Y:MAF,1987-12-31,5.38611291369241
WDI:SP.POP.4044.MA.5Y:MAF,1988-12-31,5.72721662209422
WDI:SP.POP.4044.MA.5Y:MAF,1989-12-31,6.07726652153057
WDI:SP.POP.4044.MA.5Y:MAF,1990-12-31,6.3963963963964
WDI:SP.POP.4044.MA.5Y:MAF,1991-12-31,6.69101833202472
WDI:SP.POP.4044.MA.5Y:MAF,1992-12-31,6.97619047619048
WDI:SP.POP.4044.MA.5Y:MAF,1993-12-31,7.26908176442602
WDI:SP.POP.4044.MA.5Y:MAF,1994-12-31,7.54100592118696
WDI:SP.POP.4044.MA.5Y:MAF,1995-12-31,7.75222932112474
WDI:SP.POP.4044.MA.5Y:MAF,1996-12-31,7.94453619598128
WDI:SP.POP.4044.MA.5Y:MAF,1997-12-31,8.08273944029202
WDI:SP.POP.4044.MA.5Y:MAF,1998-12-31,8.11724915445321
WDI:SP.POP.4044.MA.5Y:MAF,1999-12-31,8.1714527027027
WDI:SP.POP.4044.MA.5Y:MAF,2000-12-31,8.34942750724238
WDI:SP.POP.4044.MA.5Y:MAF,2001-12-31,8.57345061166717
WDI:SP.POP.4044.MA.5Y:MAF,2002-12-31,8.77534201417504
WDI:SP.POP.4044.MA.5Y:MAF,2003-12-31,8.97969723378845
WDI:SP.POP.4044.MA.5Y:MAF,2004-12-31,9.18322156143237
WDI:SP.POP.4044.MA.5Y:MAF,2005-12-31,9.27627087083359
WDI:SP.POP.4044.MA.5Y:MAF,2006-12-31,9.22781452915892
WDI:SP.POP.4044.MA.5Y:MAF,2007-12-31,9.10181796364073
WDI:SP.POP.4044.MA.5Y:MAF,2008-12-31,8.90459572957946
WDI:SP.POP.4044.MA.5Y:MAF,2009-12-31,8.63555334755545
WDI:SP.POP.4044.MA.5Y:MAF,2010-12-31,8.3072463768116
WDI:SP.POP.4044.MA.5Y:MAF,2011-12-31,7.98398017690956
WDI:SP.POP.4044.MA.5Y:MAF,2012-12-31,7.81930749828021
WDI:SP.POP.4044.MA.5Y:MAF,2013-12-31,7.76657430946328
WDI:SP.POP.4044.MA.5Y:MAF,2014-12-31,7.61529905022675
WDI:SP.POP.4044.MA.5Y:MAF,2015-12-31,7.34075978291917
WDI:SP.POP.4044.MA.5Y:MAF,2016-12-31,6.963188422443
WDI:SP.POP.4044.MA.5Y:MAF,2017-12-31,6.60191359814439
WDI:SP.POP.4044.MA.5Y:MAF,2018-12-31,6.39227612270808
WDI:SP.POP.4044.MA.5Y:MAF,2019-12-31,6.23472629521017
WDI:SP.POP.4044.MA.5Y:MAF,2020-12-31,5.85378745333818
WDI:SP.POP.4044.MA.5Y:MAF,2021-12-31,5.56623247206207
WDI:SP.POP.4044.MA.5Y:MAF,2022-12-31,5.62657011969854
WDI:SP.POP.4044.MA.5Y:MAF,2023-12-31,5.60416909734376
WDI:SP.POP.4044.MA.5Y:MAF,2024-12-31,5.52652154232336
WDI:SP.POP.4044.MA.5Y:MAR,1960-12-31,3.78705328555828
WDI:SP.POP.4044.MA.5Y:MAR,1961-12-31,3.90363560974541
WDI:SP.POP.4044.MA.5Y:MAR,1962-12-31,4.03922243107334
WDI:SP.POP.4044.MA.5Y:MAR,1963-12-31,4.18768620831655
WDI:SP.POP.4044.MA.5Y:MAR,1964-12-31,4.34246204640423
WDI:SP.POP.4044.MA.5Y:MAR,1965-12-31,4.49226849663451
WDI:SP.POP.4044.MA.5Y:MAR,1966-12-31,4.63812801109262
WDI:SP.POP.4044.MA.5Y:MAR,1967-12-31,4.78211523224541
WDI:SP.POP.4044.MA.5Y:MAR,1968-12-31,4.90703823124972
WDI:SP.POP.4044.MA.5Y:MAR,1969-12-31,4.98924351046578
WDI:SP.POP.4044.MA.5Y:MAR,1970-12-31,5.02375766163243
WDI:SP.POP.4044.MA.5Y:MAR,1971-12-31,5.0128470656588
WDI:SP.POP.4044.MA.5Y:MAR,1972-12-31,4.96349959140679
WDI:SP.POP.4044.MA.5Y:MAR,1973-12-31,4.89108613035011
WDI:SP.POP.4044.MA.5Y:MAR,1974-12-31,4.81140838196631
WDI:SP.POP.4044.MA.5Y:MAR,1975-12-31,4.73044012750773
WDI:SP.POP.4044.MA.5Y:MAR,1976-12-31,4.65261638743865
WDI:SP.POP.4044.MA.5Y:MAR,1977-12-31,4.57880915606569
WDI:SP.POP.4044.MA.5Y:MAR,1978-12-31,4.49904732308952
WDI:SP.POP.4044.MA.5Y:MAR,1979-12-31,4.40146038869569
WDI:SP.POP.4044.MA.5Y:MAR,1980-12-31,4.28223108970069
WDI:SP.POP.4044.MA.5Y:MAR,1981-12-31,4.14868138830141
WDI:SP.POP.4044.MA.5Y:MAR,1982-12-31,4.00904042924031
WDI:SP.POP.4044.MA.5Y:MAR,1983-12-31,3.87792650807002
WDI:SP.POP.4044.MA.5Y:MAR,1984-12-31,3.77418284528084
WDI:SP.POP.4044.MA.5Y:MAR,1985-12-31,3.70610350633837
WDI:SP.POP.4044.MA.5Y:MAR,1986-12-31,3.67652567096165
WDI:SP.POP.4044.MA.5Y:MAR,1987-12-31,3.68238534345227
WDI:SP.POP.4044.MA.5Y:MAR,1988-12-31,3.72604531143352
WDI:SP.POP.4044.MA.5Y:MAR,1989-12-31,3.85144586371281
WDI:SP.POP.4044.MA.5Y:MAR,1990-12-31,4.0223263776418
WDI:SP.POP.4044.MA.5Y:MAR,1991-12-31,4.19202850977003
WDI:SP.POP.4044.MA.5Y:MAR,1992-12-31,4.37858765965731
WDI:SP.POP.4044.MA.5Y:MAR,1993-12-31,4.56966958838385
WDI:SP.POP.4044.MA.5Y:MAR,1994-12-31,4.71697478618199
WDI:SP.POP.4044.MA.5Y:MAR,1995-12-31,4.85291905249825
WDI:SP.POP.4044.MA.5Y:MAR,1996-12-31,5.02292913904883
WDI:SP.POP.4044.MA.5Y:MAR,1997-12-31,5.19518266908224
WDI:SP.POP.4044.MA.5Y:MAR,1998-12-31,5.35695918530348
WDI:SP.POP.4044.MA.5Y:MAR,1999-12-31,5.50727672532301
WDI:SP.POP.4044.MA.5Y:MAR,2000-12-31,5.6441142295848
WDI:SP.POP.4044.MA.5Y:MAR,2001-12-31,5.76212790826702
WDI:SP.POP.4044.MA.5Y:MAR,2002-12-31,5.85972003013991
WDI:SP.POP.4044.MA.5Y:MAR,2003-12-31,5.92533129745474
WDI:SP.POP.4044.MA.5Y:MAR,2004-12-31,5.94564152223308
WDI:SP.POP.4044.MA.5Y:MAR,2005-12-31,5.94325838349153
WDI:SP.POP.4044.MA.5Y:MAR,2006-12-31,5.93850981103301
WDI:SP.POP.4044.MA.5Y:MAR,2007-12-31,5.92624884358215
WDI:SP.POP.4044.MA.5Y:MAR,2008-12-31,5.91771754197641
WDI:SP.POP.4044.MA.5Y:MAR,2009-12-31,5.92480745645882
WDI:SP.POP.4044.MA.5Y:MAR,2010-12-31,5.94601493270362
WDI:SP.POP.4044.MA.5Y:MAR,2011-12-31,5.97803313795768
WDI:SP.POP.4044.MA.5Y:MAR,2012-12-31,6.0247314039059
WDI:SP.POP.4044.MA.5Y:MAR,2013-12-31,6.08621157726068
WDI:SP.POP.4044.MA.5Y:MAR,2014-12-31,6.15509878424233
WDI:SP.POP.4044.MA.5Y:MAR,2015-12-31,6.22629709439297
WDI:SP.POP.4044.MA.5Y:MAR,2016-12-31,6.29335524766024
WDI:SP.POP.4044.MA.5Y:MAR,2017-12-31,6.35823502362846
WDI:SP.POP.4044.MA.5Y:MAR,2018-12-31,6.43054615760679
WDI:SP.POP.4044.MA.5Y:MAR,2019-12-31,6.51061883134322
WDI:SP.POP.4044.MA.5Y:MAR,2020-12-31,6.59404394858142
WDI:SP.POP.4044.MA.5Y:MAR,2021-12-31,6.68008334674689
WDI:SP.POP.4044.MA.5Y:MAR,2022-12-31,6.76282317985902
WDI:SP.POP.4044.MA.5Y:MAR,2023-12-31,6.83861574811027
WDI:SP.POP.4044.MA.5Y:MAR,2024-12-31,6.91142057852032
WDI:SP.POP.4044.MA.5Y:MCO,1960-12-31,6.09525754249834
WDI:SP.POP.4044.MA.5Y:MCO,1961-12-31,6.55704425497361
WDI:SP.POP.4044.MA.5Y:MCO,1962-12-31,6.94214045141507
WDI:SP.POP.4044.MA.5Y:MCO,1963-12-31,7.10220242514229
WDI:SP.POP.4044.MA.5Y:MCO,1964-12-31,7.17001364788458
WDI:SP.POP.4044.MA.5Y:MCO,1965-12-31,7.14595062797748
WDI:SP.POP.4044.MA.5Y:MCO,1966-12-31,7.0584310361262
WDI:SP.POP.4044.MA.5Y:MCO,1967-12-31,6.96472596245022
WDI:SP.POP.4044.MA.5Y:MCO,1968-12-31,6.84847915884341
WDI:SP.POP.4044.MA.5Y:MCO,1969-12-31,6.68079616660523
WDI:SP.POP.4044.MA.5Y:MCO,1970-12-31,6.50954491993124
WDI:SP.POP.4044.MA.5Y:MCO,1971-12-31,6.39415798379197
WDI:SP.POP.4044.MA.5Y:MCO,1972-12-31,6.34285714285714
WDI:SP.POP.4044.MA.5Y:MCO,1973-12-31,6.31941117547145
WDI:SP.POP.4044.MA.5Y:MCO,1974-12-31,6.30377448225172
WDI:SP.POP.4044.MA.5Y:MCO,1975-12-31,6.2473311128192
WDI:SP.POP.4044.MA.5Y:MCO,1976-12-31,6.17558276035553
WDI:SP.POP.4044.MA.5Y:MCO,1977-12-31,6.12925814556988
WDI:SP.POP.4044.MA.5Y:MCO,1978-12-31,6.10978132987139
WDI:SP.POP.4044.MA.5Y:MCO,1979-12-31,6.12187700192185
WDI:SP.POP.4044.MA.5Y:MCO,1980-12-31,6.19479542123817
WDI:SP.POP.4044.MA.5Y:MCO,1981-12-31,6.35606536769327
WDI:SP.POP.4044.MA.5Y:MCO,1982-12-31,6.65037054281612
WDI:SP.POP.4044.MA.5Y:MCO,1983-12-31,7.00396522800061
WDI:SP.POP.4044.MA.5Y:MCO,1984-12-31,7.31506130253834
WDI:SP.POP.4044.MA.5Y:MCO,1985-12-31,7.54327047274606
WDI:SP.POP.4044.MA.5Y:MCO,1986-12-31,7.66294667199825
WDI:SP.POP.4044.MA.5Y:MCO,1987-12-31,7.67163537336964
WDI:SP.POP.4044.MA.5Y:MCO,1988-12-31,7.62487185831949
WDI:SP.POP.4044.MA.5Y:MCO,1989-12-31,7.60068462048971
WDI:SP.POP.4044.MA.5Y:MCO,1990-12-31,7.5960740945535
WDI:SP.POP.4044.MA.5Y:MCO,1991-12-31,7.54710529015491
WDI:SP.POP.4044.MA.5Y:MCO,1992-12-31,7.44112073632918
WDI:SP.POP.4044.MA.5Y:MCO,1993-12-31,7.32500083771739
WDI:SP.POP.4044.MA.5Y:MCO,1994-12-31,7.22015668569911
WDI:SP.POP.4044.MA.5Y:MCO,1995-12-31,7.2659693441221
WDI:SP.POP.4044.MA.5Y:MCO,1996-12-31,7.33822330888346
WDI:SP.POP.4044.MA.5Y:MCO,1997-12-31,7.3332256501373
WDI:SP.POP.4044.MA.5Y:MCO,1998-12-31,7.39720763417446
WDI:SP.POP.4044.MA.5Y:MCO,1999-12-31,7.5087496022908
WDI:SP.POP.4044.MA.5Y:MCO,2000-12-31,7.43138188164366
WDI:SP.POP.4044.MA.5Y:MCO,2001-12-31,7.44076881601066
WDI:SP.POP.4044.MA.5Y:MCO,2002-12-31,7.7281960137108
WDI:SP.POP.4044.MA.5Y:MCO,2003-12-31,7.88988492593299
WDI:SP.POP.4044.MA.5Y:MCO,2004-12-31,7.89666486159335
WDI:SP.POP.4044.MA.5Y:MCO,2005-12-31,7.92256333258793
WDI:SP.POP.4044.MA.5Y:MCO,2006-12-31,7.90605146634153
WDI:SP.POP.4044.MA.5Y:MCO,2007-12-31,7.92133561533245
WDI:SP.POP.4044.MA.5Y:MCO,2008-12-31,7.90356935390176
WDI:SP.POP.4044.MA.5Y:MCO,2009-12-31,7.61472836256382
WDI:SP.POP.4044.MA.5Y:MCO,2010-12-31,7.21174652241113
WDI:SP.POP.4044.MA.5Y:MCO,2011-12-31,6.74428424926102
WDI:SP.POP.4044.MA.5Y:MCO,2012-12-31,6.13784365147185
WDI:SP.POP.4044.MA.5Y:MCO,2013-12-31,5.56388376383764
WDI:SP.POP.4044.MA.5Y:MCO,2014-12-31,5.23162149176112
WDI:SP.POP.4044.MA.5Y:MCO,2015-12-31,4.9755664149267
WDI:SP.POP.4044.MA.5Y:MCO,2016-12-31,4.67599310099379
WDI:SP.POP.4044.MA.5Y:MCO,2017-12-31,4.42120662097364
WDI:SP.POP.4044.MA.5Y:MCO,2018-12-31,4.25514843541054
WDI:SP.POP.4044.MA.5Y:MCO,2019-12-31,4.14768769090617
WDI:SP.POP.4044.MA.5Y:MCO,2020-12-31,4.01632302405498
WDI:SP.POP.4044.MA.5Y:MCO,2021-12-31,3.9364238410596
WDI:SP.POP.4044.MA.5Y:MCO,2022-12-31,4.01908607083869
WDI:SP.POP.4044.MA.5Y:MCO,2023-12-31,4.16120404845561
WDI:SP.POP.4044.MA.5Y:MCO,2024-12-31,4.26719576719577
WDI:SP.POP.4044.MA.5Y:MDA,1960-12-31,4.966359008981
WDI:SP.POP.4044.MA.5Y:MDA,1961-12-31,5.15003480457336
WDI:SP.POP.4044.MA.5Y:MDA,1962-12-31,5.37016718104984
WDI:SP.POP.4044.MA.5Y:MDA,1963-12-31,5.56538321770179
WDI:SP.POP.4044.MA.5Y:MDA,1964-12-31,5.7043568926718
WDI:SP.POP.4044.MA.5Y:MDA,1965-12-31,5.80926239568348
WDI:SP.POP.4044.MA.5Y:MDA,1966-12-31,5.91584684802035
WDI:SP.POP.4044.MA.5Y:MDA,1967-12-31,6.04504477793608
WDI:SP.POP.4044.MA.5Y:MDA,1968-12-31,6.21074715734469
WDI:SP.POP.4044.MA.5Y:MDA,1969-12-31,6.40648982479958
WDI:SP.POP.4044.MA.5Y:MDA,1970-12-31,6.57176900915523
WDI:SP.POP.4044.MA.5Y:MDA,1971-12-31,6.65560501988817
WDI:SP.POP.4044.MA.5Y:MDA,1972-12-31,6.67188188668047
WDI:SP.POP.4044.MA.5Y:MDA,1973-12-31,6.64578070141439
WDI:SP.POP.4044.MA.5Y:MDA,1974-12-31,6.59361133527345
WDI:SP.POP.4044.MA.5Y:MDA,1975-12-31,6.53704772043989
WDI:SP.POP.4044.MA.5Y:MDA,1976-12-31,6.49275995822849
WDI:SP.POP.4044.MA.5Y:MDA,1977-12-31,6.45590626294315
WDI:SP.POP.4044.MA.5Y:MDA,1978-12-31,6.41384067227988
WDI:SP.POP.4044.MA.5Y:MDA,1979-12-31,6.34004144598031
WDI:SP.POP.4044.MA.5Y:MDA,1980-12-31,6.23693755753853
WDI:SP.POP.4044.MA.5Y:MDA,1981-12-31,6.11581965488215
WDI:SP.POP.4044.MA.5Y:MDA,1982-12-31,5.94199999583273
WDI:SP.POP.4044.MA.5Y:MDA,1983-12-31,5.67916445757407
WDI:SP.POP.4044.MA.5Y:MDA,1984-12-31,5.32516224417698
WDI:SP.POP.4044.MA.5Y:MDA,1985-12-31,4.91630155391247
WDI:SP.POP.4044.MA.5Y:MDA,1986-12-31,4.51853368093592
WDI:SP.POP.4044.MA.5Y:MDA,1987-12-31,4.28288339778877
WDI:SP.POP.4044.MA.5Y:MDA,1988-12-31,4.4111347464811
WDI:SP.POP.4044.MA.5Y:MDA,1989-12-31,4.98566984518187
WDI:SP.POP.4044.MA.5Y:MDA,1990-12-31,5.8218767059115
WDI:SP.POP.4044.MA.5Y:MDA,1991-12-31,6.61449038779645
WDI:SP.POP.4044.MA.5Y:MDA,1992-12-31,7.19369094585842
WDI:SP.POP.4044.MA.5Y:MDA,1993-12-31,7.5071433060816
WDI:SP.POP.4044.MA.5Y:MDA,1994-12-31,7.57570798137023
WDI:SP.POP.4044.MA.5Y:MDA,1995-12-31,7.51621234111029
WDI:SP.POP.4044.MA.5Y:MDA,1996-12-31,7.47648316100439
WDI:SP.POP.4044.MA.5Y:MDA,1997-12-31,7.5319949005811
WDI:SP.POP.4044.MA.5Y:MDA,1998-12-31,7.66235216856013
WDI:SP.POP.4044.MA.5Y:MDA,1999-12-31,7.81818145181197
WDI:SP.POP.4044.MA.5Y:MDA,2000-12-31,7.9698399802363
WDI:SP.POP.4044.MA.5Y:MDA,2001-12-31,8.06420443008815
WDI:SP.POP.4044.MA.5Y:MDA,2002-12-31,8.04015290382687
WDI:SP.POP.4044.MA.5Y:MDA,2003-12-31,7.88673368137457
WDI:SP.POP.4044.MA.5Y:MDA,2004-12-31,7.61977875887232
WDI:SP.POP.4044.MA.5Y:MDA,2005-12-31,7.27870755800784
WDI:SP.POP.4044.MA.5Y:MDA,2006-12-31,6.93950825238223
WDI:SP.POP.4044.MA.5Y:MDA,2007-12-31,6.66273685721197
WDI:SP.POP.4044.MA.5Y:MDA,2008-12-31,6.45504753354373
WDI:SP.POP.4044.MA.5Y:MDA,2009-12-31,6.3144820815495
WDI:SP.POP.4044.MA.5Y:MDA,2010-12-31,6.24820207678296
WDI:SP.POP.4044.MA.5Y:MDA,2011-12-31,6.23463425440046
WDI:SP.POP.4044.MA.5Y:MDA,2012-12-31,6.24914659109094
WDI:SP.POP.4044.MA.5Y:MDA,2013-12-31,6.28347639410522
WDI:SP.POP.4044.MA.5Y:MDA,2014-12-31,6.3433323314813
WDI:SP.POP.4044.MA.5Y:MDA,2015-12-31,6.43039376813708
WDI:SP.POP.4044.MA.5Y:MDA,2016-12-31,6.5101806638022
WDI:SP.POP.4044.MA.5Y:MDA,2017-12-31,6.56147159892151
WDI:SP.POP.4044.MA.5Y:MDA,2018-12-31,6.60099042461515
WDI:SP.POP.4044.MA.5Y:MDA,2019-12-31,6.6602080891075
WDI:SP.POP.4044.MA.5Y:MDA,2020-12-31,6.74137816541319
WDI:SP.POP.4044.MA.5Y:MDA,2021-12-31,6.84183117350625
WDI:SP.POP.4044.MA.5Y:MDA,2022-12-31,6.98491598816657
WDI:SP.POP.4044.MA.5Y:MDA,2023-12-31,7.20360070231689
WDI:SP.POP.4044.MA.5Y:MDA,2024-12-31,7.50516315867869
WDI:SP.POP.4044.MA.5Y:MDG,1960-12-31,4.76158377882082
WDI:SP.POP.4044.MA.5Y:MDG,1961-12-31,4.73827774363768
WDI:SP.POP.4044.MA.5Y:MDG,1962-12-31,4.73742268519313
WDI:SP.POP.4044.MA.5Y:MDG,1963-12-31,4.74509674760345
WDI:SP.POP.4044.MA.5Y:MDG,1964-12-31,4.73986231655734
WDI:SP.POP.4044.MA.5Y:MDG,1965-12-31,4.71484027507918
WDI:SP.POP.4044.MA.5Y:MDG,1966-12-31,4.66974086503686
WDI:SP.POP.4044.MA.5Y:MDG,1967-12-31,4.60198657214267
WDI:SP.POP.4044.MA.5Y:MDG,1968-12-31,4.52011696107712
WDI:SP.POP.4044.MA.5Y:MDG,1969-12-31,4.43869675223252
WDI:SP.POP.4044.MA.5Y:MDG,1970-12-31,4.36199445219003
WDI:SP.POP.4044.MA.5Y:MDG,1971-12-31,4.28984808364535
WDI:SP.POP.4044.MA.5Y:MDG,1972-12-31,4.22471126931107
WDI:SP.POP.4044.MA.5Y:MDG,1973-12-31,4.16108169398158
WDI:SP.POP.4044.MA.5Y:MDG,1974-12-31,4.0888581497217
WDI:SP.POP.4044.MA.5Y:MDG,1975-12-31,4.00521288171564
WDI:SP.POP.4044.MA.5Y:MDG,1976-12-31,3.9154912410764
WDI:SP.POP.4044.MA.5Y:MDG,1977-12-31,3.82178533157562
WDI:SP.POP.4044.MA.5Y:MDG,1978-12-31,3.7243019878078
WDI:SP.POP.4044.MA.5Y:MDG,1979-12-31,3.62449037374842
WDI:SP.POP.4044.MA.5Y:MDG,1980-12-31,3.52486830901576
WDI:SP.POP.4044.MA.5Y:MDG,1981-12-31,3.42720698104547
WDI:SP.POP.4044.MA.5Y:MDG,1982-12-31,3.3343899284509
WDI:SP.POP.4044.MA.5Y:MDG,1983-12-31,3.25351521765001
WDI:SP.POP.4044.MA.5Y:MDG,1984-12-31,3.19240526942193
WDI:SP.POP.4044.MA.5Y:MDG,1985-12-31,3.15503936337708
WDI:SP.POP.4044.MA.5Y:MDG,1986-12-31,3.1411904272783
WDI:SP.POP.4044.MA.5Y:MDG,1987-12-31,3.14902625975895
WDI:SP.POP.4044.MA.5Y:MDG,1988-12-31,3.18552212847855
WDI:SP.POP.4044.MA.5Y:MDG,1989-12-31,3.32447809773903
WDI:SP.POP.4044.MA.5Y:MDG,1990-12-31,3.55006122189897
WDI:SP.POP.4044.MA.5Y:MDG,1991-12-31,3.77229240879866
WDI:SP.POP.4044.MA.5Y:MDG,1992-12-31,3.97798248147543
WDI:SP.POP.4044.MA.5Y:MDG,1993-12-31,4.15742124850861
WDI:SP.POP.4044.MA.5Y:MDG,1994-12-31,4.24594181284951
WDI:SP.POP.4044.MA.5Y:MDG,1995-12-31,4.25195559319974
WDI:SP.POP.4044.MA.5Y:MDG,1996-12-31,4.2470929226177
WDI:SP.POP.4044.MA.5Y:MDG,1997-12-31,4.24148908841461
WDI:SP.POP.4044.MA.5Y:MDG,1998-12-31,4.23514224460093
WDI:SP.POP.4044.MA.5Y:MDG,1999-12-31,4.22871979642754
WDI:SP.POP.4044.MA.5Y:MDG,2000-12-31,4.22278484863869
WDI:SP.POP.4044.MA.5Y:MDG,2001-12-31,4.21402581335554
WDI:SP.POP.4044.MA.5Y:MDG,2002-12-31,4.19973102761336
WDI:SP.POP.4044.MA.5Y:MDG,2003-12-31,4.18035956218261
WDI:SP.POP.4044.MA.5Y:MDG,2004-12-31,4.15883812911517
WDI:SP.POP.4044.MA.5Y:MDG,2005-12-31,4.14120916001936
WDI:SP.POP.4044.MA.5Y:MDG,2006-12-31,4.13322379582043
WDI:SP.POP.4044.MA.5Y:MDG,2007-12-31,4.13868385497259
WDI:SP.POP.4044.MA.5Y:MDG,2008-12-31,4.15901915983966
WDI:SP.POP.4044.MA.5Y:MDG,2009-12-31,4.193040676179
WDI:SP.POP.4044.MA.5Y:MDG,2010-12-31,4.23893176555545
WDI:SP.POP.4044.MA.5Y:MDG,2011-12-31,4.29580569689176
WDI:SP.POP.4044.MA.5Y:MDG,2012-12-31,4.35848724933902
WDI:SP.POP.4044.MA.5Y:MDG,2013-12-31,4.41959849799596
WDI:SP.POP.4044.MA.5Y:MDG,2014-12-31,4.47545027576481
WDI:SP.POP.4044.MA.5Y:MDG,2015-12-31,4.52478393121398
WDI:SP.POP.4044.MA.5Y:MDG,2016-12-31,4.56600143071625
WDI:SP.POP.4044.MA.5Y:MDG,2017-12-31,4.60008101384744
WDI:SP.POP.4044.MA.5Y:MDG,2018-12-31,4.63019080267574
WDI:SP.POP.4044.MA.5Y:MDG,2019-12-31,4.65684934419557
WDI:SP.POP.4044.MA.5Y:MDG,2020-12-31,4.67776680551164
WDI:SP.POP.4044.MA.5Y:MDG,2021-12-31,4.68814910534043
WDI:SP.POP.4044.MA.5Y:MDG,2022-12-31,4.69103998011384
WDI:SP.POP.4044.MA.5Y:MDG,2023-12-31,4.69135768541447
WDI:SP.POP.4044.MA.5Y:MDG,2024-12-31,4.69178333286605
WDI:SP.POP.4044.MA.5Y:MDV,1960-12-31,5.24253112658648
WDI:SP.POP.4044.MA.5Y:MDV,1961-12-31,5.25155716492664
WDI:SP.POP.4044.MA.5Y:MDV,1962-12-31,5.25707572153581
WDI:SP.POP.4044.MA.5Y:MDV,1963-12-31,5.2547770700637
WDI:SP.POP.4044.MA.5Y:MDV,1964-12-31,5.24592884938126
WDI:SP.POP.4044.MA.5Y:MDV,1965-12-31,5.26532034048178
WDI:SP.POP.4044.MA.5Y:MDV,1966-12-31,5.35679072678481
WDI:SP.POP.4044.MA.5Y:MDV,1967-12-31,5.47938408613532
WDI:SP.POP.4044.MA.5Y:MDV,1968-12-31,5.54045930022845
WDI:SP.POP.4044.MA.5Y:MDV,1969-12-31,5.54466535984318
WDI:SP.POP.4044.MA.5Y:MDV,1970-12-31,5.53535048668226
WDI:SP.POP.4044.MA.5Y:MDV,1971-12-31,5.51246780613439
WDI:SP.POP.4044.MA.5Y:MDV,1972-12-31,5.47864527528046
WDI:SP.POP.4044.MA.5Y:MDV,1973-12-31,5.43773153567543
WDI:SP.POP.4044.MA.5Y:MDV,1974-12-31,5.37055993791105
WDI:SP.POP.4044.MA.5Y:MDV,1975-12-31,5.25774738609082
WDI:SP.POP.4044.MA.5Y:MDV,1976-12-31,5.11430144197612
WDI:SP.POP.4044.MA.5Y:MDV,1977-12-31,4.9639800504895
WDI:SP.POP.4044.MA.5Y:MDV,1978-12-31,4.84688825813265
WDI:SP.POP.4044.MA.5Y:MDV,1979-12-31,4.75630517577268
WDI:SP.POP.4044.MA.5Y:MDV,1980-12-31,4.64975845410628
WDI:SP.POP.4044.MA.5Y:MDV,1981-12-31,4.5217188851194
WDI:SP.POP.4044.MA.5Y:MDV,1982-12-31,4.37822324838703
WDI:SP.POP.4044.MA.5Y:MDV,1983-12-31,4.22160816163569
WDI:SP.POP.4044.MA.5Y:MDV,1984-12-31,4.03892247701499
WDI:SP.POP.4044.MA.5Y:MDV,1985-12-31,3.83852901818903
WDI:SP.POP.4044.MA.5Y:MDV,1986-12-31,3.65495673528904
WDI:SP.POP.4044.MA.5Y:MDV,1987-12-31,3.50007657287649
WDI:SP.POP.4044.MA.5Y:MDV,1988-12-31,3.37770427560916
WDI:SP.POP.4044.MA.5Y:MDV,1989-12-31,3.28763064911753
WDI:SP.POP.4044.MA.5Y:MDV,1990-12-31,3.21293458734017
WDI:SP.POP.4044.MA.5Y:MDV,1991-12-31,3.15833559163361
WDI:SP.POP.4044.MA.5Y:MDV,1992-12-31,3.14519930648216
WDI:SP.POP.4044.MA.5Y:MDV,1993-12-31,3.17670468484115
WDI:SP.POP.4044.MA.5Y:MDV,1994-12-31,3.25495430742376
WDI:SP.POP.4044.MA.5Y:MDV,1995-12-31,3.38340973050943
WDI:SP.POP.4044.MA.5Y:MDV,1996-12-31,3.55783990629797
WDI:SP.POP.4044.MA.5Y:MDV,1997-12-31,3.77240130594089
WDI:SP.POP.4044.MA.5Y:MDV,1998-12-31,4.02802162827624
WDI:SP.POP.4044.MA.5Y:MDV,1999-12-31,4.32445622102394
WDI:SP.POP.4044.MA.5Y:MDV,2000-12-31,4.62586781496529
WDI:SP.POP.4044.MA.5Y:MDV,2001-12-31,4.88224107665302
WDI:SP.POP.4044.MA.5Y:MDV,2002-12-31,5.07050911076453
WDI:SP.POP.4044.MA.5Y:MDV,2003-12-31,5.18841232075108
WDI:SP.POP.4044.MA.5Y:MDV,2004-12-31,5.24190998874543
WDI:SP.POP.4044.MA.5Y:MDV,2005-12-31,5.24920598417562
WDI:SP.POP.4044.MA.5Y:MDV,2006-12-31,5.21957907106377
WDI:SP.POP.4044.MA.5Y:MDV,2007-12-31,5.19487235472917
WDI:SP.POP.4044.MA.5Y:MDV,2008-12-31,5.22104480996129
WDI:SP.POP.4044.MA.5Y:MDV,2009-12-31,5.30353265462678
WDI:SP.POP.4044.MA.5Y:MDV,2010-12-31,5.44055701471827
WDI:SP.POP.4044.MA.5Y:MDV,2011-12-31,5.60820999588744
WDI:SP.POP.4044.MA.5Y:MDV,2012-12-31,5.78695970166773
WDI:SP.POP.4044.MA.5Y:MDV,2013-12-31,5.9868369911642
WDI:SP.POP.4044.MA.5Y:MDV,2014-12-31,6.17386810006202
WDI:SP.POP.4044.MA.5Y:MDV,2015-12-31,6.25787326442105
WDI:SP.POP.4044.MA.5Y:MDV,2016-12-31,6.3098089519031
WDI:SP.POP.4044.MA.5Y:MDV,2017-12-31,6.45387125266841
WDI:SP.POP.4044.MA.5Y:MDV,2018-12-31,6.70041494354189
WDI:SP.POP.4044.MA.5Y:MDV,2019-12-31,7.04931689157592
WDI:SP.POP.4044.MA.5Y:MDV,2020-12-31,7.50367954142655
WDI:SP.POP.4044.MA.5Y:MDV,2021-12-31,8.06191415269786
WDI:SP.POP.4044.MA.5Y:MDV,2022-12-31,8.74055180088692
WDI:SP.POP.4044.MA.5Y:MDV,2023-12-31,9.53162409910048
WDI:SP.POP.4044.MA.5Y:MDV,2024-12-31,10.3590667843717
WDI:SP.POP.4044.MA.5Y:MEA,1960-12-31,4.758759455496871
WDI:SP.POP.4044.MA.5Y:MEA,1961-12-31,4.765311122287315
WDI:SP.POP.4044.MA.5Y:MEA,1962-12-31,4.7820023351378005
WDI:SP.POP.4044.MA.5Y:MEA,1963-12-31,4.8039259870517945
WDI:SP.POP.4044.MA.5Y:MEA,1964-12-31,4.8218088328580775
WDI:SP.POP.4044.MA.5Y:MEA,1965-12-31,4.830644663811474
WDI:SP.POP.4044.MA.5Y:MEA,1966-12-31,4.827822484140703
WDI:SP.POP.4044.MA.5Y:MEA,1967-12-31,4.812358761064445
WDI:SP.POP.4044.MA.5Y:MEA,1968-12-31,4.788585654729638
WDI:SP.POP.4044.MA.5Y:MEA,1969-12-31,4.762742412606222
WDI:SP.POP.4044.MA.5Y:MEA,1970-12-31,4.736379515156045
WDI:SP.POP.4044.MA.5Y:MEA,1971-12-31,4.709649449561707
WDI:SP.POP.4044.MA.5Y:MEA,1972-12-31,4.685200097676725
WDI:SP.POP.4044.MA.5Y:MEA,1973-12-31,4.660684205727907
WDI:SP.POP.4044.MA.5Y:MEA,1974-12-31,4.629135649026791
WDI:SP.POP.4044.MA.5Y:MEA,1975-12-31,4.5854793599207015
WDI:SP.POP.4044.MA.5Y:MEA,1976-12-31,4.5325888350643435
WDI:SP.POP.4044.MA.5Y:MEA,1977-12-31,4.475766918883731
WDI:SP.POP.4044.MA.5Y:MEA,1978-12-31,4.41697033203879
WDI:SP.POP.4044.MA.5Y:MEA,1979-12-31,4.356275210181033
WDI:SP.POP.4044.MA.5Y:MEA,1980-12-31,4.298008705624744
WDI:SP.POP.4044.MA.5Y:MEA,1981-12-31,4.247063813788546
WDI:SP.POP.4044.MA.5Y:MEA,1982-12-31,4.19812436136303
WDI:SP.POP.4044.MA.5Y:MEA,1983-12-31,4.155164874347159
WDI:SP.POP.4044.MA.5Y:MEA,1984-12-31,4.130366452300083
WDI:SP.POP.4044.MA.5Y:MEA,1985-12-31,4.1308537117750594
WDI:SP.POP.4044.MA.5Y:MEA,1986-12-31,4.157312900555805
WDI:SP.POP.4044.MA.5Y:MEA,1987-12-31,4.199517165413031
WDI:SP.POP.4044.MA.5Y:MEA,1988-12-31,4.240008107382028
WDI:SP.POP.4044.MA.5Y:MEA,1989-12-31,4.2749932001445785
WDI:SP.POP.4044.MA.5Y:MEA,1990-12-31,4.307022838841357
WDI:SP.POP.4044.MA.5Y:MEA,1991-12-31,4.352258070491287
WDI:SP.POP.4044.MA.5Y:MEA,1992-12-31,4.406813177260493
WDI:SP.POP.4044.MA.5Y:MEA,1993-12-31,4.470572122922179
WDI:SP.POP.4044.MA.5Y:MEA,1994-12-31,4.548614353232254
WDI:SP.POP.4044.MA.5Y:MEA,1995-12-31,4.633515787969306
WDI:SP.POP.4044.MA.5Y:MEA,1996-12-31,4.7149687753555725
WDI:SP.POP.4044.MA.5Y:MEA,1997-12-31,4.7831604193116295
WDI:SP.POP.4044.MA.5Y:MEA,1998-12-31,4.842096614253353
WDI:SP.POP.4044.MA.5Y:MEA,1999-12-31,4.898771968700414
WDI:SP.POP.4044.MA.5Y:MEA,2000-12-31,4.948877644725603
WDI:SP.POP.4044.MA.5Y:MEA,2001-12-31,4.990265154729868
WDI:SP.POP.4044.MA.5Y:MEA,2002-12-31,5.028196843423287
WDI:SP.POP.4044.MA.5Y:MEA,2003-12-31,5.06390639758743
WDI:SP.POP.4044.MA.5Y:MEA,2004-12-31,5.09814960944346
WDI:SP.POP.4044.MA.5Y:MEA,2005-12-31,5.135446404365598
WDI:SP.POP.4044.MA.5Y:MEA,2006-12-31,5.180348834395256
WDI:SP.POP.4044.MA.5Y:MEA,2007-12-31,5.227939725777754
WDI:SP.POP.4044.MA.5Y:MEA,2008-12-31,5.272091772151769
WDI:SP.POP.4044.MA.5Y:MEA,2009-12-31,5.319117726286622
WDI:SP.POP.4044.MA.5Y:MEA,2010-12-31,5.36512106725189
WDI:SP.POP.4044.MA.5Y:MEA,2011-12-31,5.418581249017562
WDI:SP.POP.4044.MA.5Y:MEA,2012-12-31,5.476164306862954
WDI:SP.POP.4044.MA.5Y:MEA,2013-12-31,5.532345613467277
WDI:SP.POP.4044.MA.5Y:MEA,2014-12-31,5.5858884880522295
WDI:SP.POP.4044.MA.5Y:MEA,2015-12-31,5.649515047687914
WDI:SP.POP.4044.MA.5Y:MEA,2016-12-31,5.714364109631804
WDI:SP.POP.4044.MA.5Y:MEA,2017-12-31,5.772190765881702
WDI:SP.POP.4044.MA.5Y:MEA,2018-12-31,5.828144034760552
WDI:SP.POP.4044.MA.5Y:MEA,2019-12-31,5.8998423953081875
WDI:SP.POP.4044.MA.5Y:MEA,2020-12-31,5.992737571815409
WDI:SP.POP.4044.MA.5Y:MEA,2021-12-31,6.080533355713654
WDI:SP.POP.4044.MA.5Y:MEA,2022-12-31,6.209066723498354
WDI:SP.POP.4044.MA.5Y:MEA,2023-12-31,6.353680755059158
WDI:SP.POP.4044.MA.5Y:MEA,2024-12-31,6.474060188080874
WDI:SP.POP.4044.MA.5Y:MEX,1960-12-31,3.91201690158808
WDI:SP.POP.4044.MA.5Y:MEX,1961-12-31,3.91010104422215
WDI:SP.POP.4044.MA.5Y:MEX,1962-12-31,3.92701691846099
WDI:SP.POP.4044.MA.5Y:MEX,1963-12-31,3.95098662996291
WDI:SP.POP.4044.MA.5Y:MEX,1964-12-31,3.96919692601128
WDI:SP.POP.4044.MA.5Y:MEX,1965-12-31,3.97190352065848
WDI:SP.POP.4044.MA.5Y:MEX,1966-12-31,3.95553021751625
WDI:SP.POP.4044.MA.5Y:MEX,1967-12-31,3.92147124719697
WDI:SP.POP.4044.MA.5Y:MEX,1968-12-31,3.86988277049083
WDI:SP.POP.4044.MA.5Y:MEX,1969-12-31,3.80379003680645
WDI:SP.POP.4044.MA.5Y:MEX,1970-12-31,3.73312513016553
WDI:SP.POP.4044.MA.5Y:MEX,1971-12-31,3.66575127695624
WDI:SP.POP.4044.MA.5Y:MEX,1972-12-31,3.60242218058302
WDI:SP.POP.4044.MA.5Y:MEX,1973-12-31,3.54491426160698
WDI:SP.POP.4044.MA.5Y:MEX,1974-12-31,3.49723260472459
WDI:SP.POP.4044.MA.5Y:MEX,1975-12-31,3.47048631592678
WDI:SP.POP.4044.MA.5Y:MEX,1976-12-31,3.46989415193033
WDI:SP.POP.4044.MA.5Y:MEX,1977-12-31,3.48191768073838
WDI:SP.POP.4044.MA.5Y:MEX,1978-12-31,3.50240919275958
WDI:SP.POP.4044.MA.5Y:MEX,1979-12-31,3.53585030343007
WDI:SP.POP.4044.MA.5Y:MEX,1980-12-31,3.57149575328597
WDI:SP.POP.4044.MA.5Y:MEX,1981-12-31,3.63298825368229
WDI:SP.POP.4044.MA.5Y:MEX,1982-12-31,3.72193396275867
WDI:SP.POP.4044.MA.5Y:MEX,1983-12-31,3.80419237669928
WDI:SP.POP.4044.MA.5Y:MEX,1984-12-31,3.88069790316587
WDI:SP.POP.4044.MA.5Y:MEX,1985-12-31,3.95763240884963
WDI:SP.POP.4044.MA.5Y:MEX,1986-12-31,4.03920911579053
WDI:SP.POP.4044.MA.5Y:MEX,1987-12-31,4.12770036998411
WDI:SP.POP.4044.MA.5Y:MEX,1988-12-31,4.2207890213149
WDI:SP.POP.4044.MA.5Y:MEX,1989-12-31,4.31154458139008
WDI:SP.POP.4044.MA.5Y:MEX,1990-12-31,4.39545445450815
WDI:SP.POP.4044.MA.5Y:MEX,1991-12-31,4.47528314794577
WDI:SP.POP.4044.MA.5Y:MEX,1992-12-31,4.55385767531116
WDI:SP.POP.4044.MA.5Y:MEX,1993-12-31,4.63198643485101
WDI:SP.POP.4044.MA.5Y:MEX,1994-12-31,4.71167701140225
WDI:SP.POP.4044.MA.5Y:MEX,1995-12-31,4.79550765851718
WDI:SP.POP.4044.MA.5Y:MEX,1996-12-31,4.88773940067992
WDI:SP.POP.4044.MA.5Y:MEX,1997-12-31,4.99072758055326
WDI:SP.POP.4044.MA.5Y:MEX,1998-12-31,5.10523996466025
WDI:SP.POP.4044.MA.5Y:MEX,1999-12-31,5.23303157436783
WDI:SP.POP.4044.MA.5Y:MEX,2000-12-31,5.36177008221912
WDI:SP.POP.4044.MA.5Y:MEX,2001-12-31,5.47586488097233
WDI:SP.POP.4044.MA.5Y:MEX,2002-12-31,5.57662270003987
WDI:SP.POP.4044.MA.5Y:MEX,2003-12-31,5.66681284063684
WDI:SP.POP.4044.MA.5Y:MEX,2004-12-31,5.74834661859751
WDI:SP.POP.4044.MA.5Y:MEX,2005-12-31,5.82526501708473
WDI:SP.POP.4044.MA.5Y:MEX,2006-12-31,5.89425798073634
WDI:SP.POP.4044.MA.5Y:MEX,2007-12-31,5.95520492420902
WDI:SP.POP.4044.MA.5Y:MEX,2008-12-31,6.01394912463243
WDI:SP.POP.4044.MA.5Y:MEX,2009-12-31,6.06775659120424
WDI:SP.POP.4044.MA.5Y:MEX,2010-12-31,6.11473542461391
WDI:SP.POP.4044.MA.5Y:MEX,2011-12-31,6.16155298755532
WDI:SP.POP.4044.MA.5Y:MEX,2012-12-31,6.20653664379509
WDI:SP.POP.4044.MA.5Y:MEX,2013-12-31,6.24216547448739
WDI:SP.POP.4044.MA.5Y:MEX,2014-12-31,6.26405691471455
WDI:SP.POP.4044.MA.5Y:MEX,2015-12-31,6.26479832652997
WDI:SP.POP.4044.MA.5Y:MEX,2016-12-31,6.24514929478711
WDI:SP.POP.4044.MA.5Y:MEX,2017-12-31,6.21746268029728
WDI:SP.POP.4044.MA.5Y:MEX,2018-12-31,6.18894676883576
WDI:SP.POP.4044.MA.5Y:MEX,2019-12-31,6.16558144336222
WDI:SP.POP.4044.MA.5Y:MEX,2020-12-31,6.1576413083728
WDI:SP.POP.4044.MA.5Y:MEX,2021-12-31,6.17345640376695
WDI:SP.POP.4044.MA.5Y:MEX,2022-12-31,6.20946090405535
WDI:SP.POP.4044.MA.5Y:MEX,2023-12-31,6.25052566595485
WDI:SP.POP.4044.MA.5Y:MEX,2024-12-31,6.30138113110739
WDI:SP.POP.4044.MA.5Y:MHL,1960-12-31,4.25869593969052
WDI:SP.POP.4044.MA.5Y:MHL,1961-12-31,4.16719928416209
WDI:SP.POP.4044.MA.5Y:MHL,1962-12-31,4.11721068249258
WDI:SP.POP.4044.MA.5Y:MHL,1963-12-31,4.07675294398948
WDI:SP.POP.4044.MA.5Y:MHL,1964-12-31,4.02105993982874
WDI:SP.POP.4044.MA.5Y:MHL,1965-12-31,3.95489734096264
WDI:SP.POP.4044.MA.5Y:MHL,1966-12-31,3.88973632599695
WDI:SP.POP.4044.MA.5Y:MHL,1967-12-31,4.01417996037952
WDI:SP.POP.4044.MA.5Y:MHL,1968-12-31,4.45412732994432
WDI:SP.POP.4044.MA.5Y:MHL,1969-12-31,5.01780943900267
WDI:SP.POP.4044.MA.5Y:MHL,1970-12-31,5.26755852842809
WDI:SP.POP.4044.MA.5Y:MHL,1971-12-31,4.99898805909735
WDI:SP.POP.4044.MA.5Y:MHL,1972-12-31,4.51109873498289
WDI:SP.POP.4044.MA.5Y:MHL,1973-12-31,3.99357895148976
WDI:SP.POP.4044.MA.5Y:MHL,1974-12-31,3.58507873413851
WDI:SP.POP.4044.MA.5Y:MHL,1975-12-31,3.38035469658262
WDI:SP.POP.4044.MA.5Y:MHL,1976-12-31,3.23668723984498
WDI:SP.POP.4044.MA.5Y:MHL,1977-12-31,3.12673900946021
WDI:SP.POP.4044.MA.5Y:MHL,1978-12-31,3.05114460065406
WDI:SP.POP.4044.MA.5Y:MHL,1979-12-31,2.97453665871278
WDI:SP.POP.4044.MA.5Y:MHL,1980-12-31,2.8961679524472
WDI:SP.POP.4044.MA.5Y:MHL,1981-12-31,2.86722004317553
WDI:SP.POP.4044.MA.5Y:MHL,1982-12-31,2.87213879574282
WDI:SP.POP.4044.MA.5Y:MHL,1983-12-31,2.91392582225332
WDI:SP.POP.4044.MA.5Y:MHL,1984-12-31,2.99005108900242
WDI:SP.POP.4044.MA.5Y:MHL,1985-12-31,3.08777550967675
WDI:SP.POP.4044.MA.5Y:MHL,1986-12-31,3.21137403062239
WDI:SP.POP.4044.MA.5Y:MHL,1987-12-31,3.36516598453843
WDI:SP.POP.4044.MA.5Y:MHL,1988-12-31,3.54264335696635
WDI:SP.POP.4044.MA.5Y:MHL,1989-12-31,3.74389095637358
WDI:SP.POP.4044.MA.5Y:MHL,1990-12-31,3.98476157113456
WDI:SP.POP.4044.MA.5Y:MHL,1991-12-31,4.23314462171899
WDI:SP.POP.4044.MA.5Y:MHL,1992-12-31,4.44645715730053
WDI:SP.POP.4044.MA.5Y:MHL,1993-12-31,4.6117461568782
WDI:SP.POP.4044.MA.5Y:MHL,1994-12-31,4.73821078280812
WDI:SP.POP.4044.MA.5Y:MHL,1995-12-31,4.81481481481481
WDI:SP.POP.4044.MA.5Y:MHL,1996-12-31,4.82282282282282
WDI:SP.POP.4044.MA.5Y:MHL,1997-12-31,4.78879378665399
WDI:SP.POP.4044.MA.5Y:MHL,1998-12-31,4.76031630790966
WDI:SP.POP.4044.MA.5Y:MHL,1999-12-31,4.74145469384583
WDI:SP.POP.4044.MA.5Y:MHL,2000-12-31,4.72589428313033
WDI:SP.POP.4044.MA.5Y:MHL,2001-12-31,4.74172488832894
WDI:SP.POP.4044.MA.5Y:MHL,2002-12-31,4.76931544286501
WDI:SP.POP.4044.MA.5Y:MHL,2003-12-31,4.77441548377341
WDI:SP.POP.4044.MA.5Y:MHL,2004-12-31,4.80256337762699
WDI:SP.POP.4044.MA.5Y:MHL,2005-12-31,4.86088903102015
WDI:SP.POP.4044.MA.5Y:MHL,2006-12-31,4.93801652892562
WDI:SP.POP.4044.MA.5Y:MHL,2007-12-31,4.99953082480998
WDI:SP.POP.4044.MA.5Y:MHL,2008-12-31,5.03867237365773
WDI:SP.POP.4044.MA.5Y:MHL,2009-12-31,5.06921097609075
WDI:SP.POP.4044.MA.5Y:MHL,2010-12-31,5.11069418386492
WDI:SP.POP.4044.MA.5Y:MHL,2011-12-31,5.15990830170243
WDI:SP.POP.4044.MA.5Y:MHL,2012-12-31,5.20288206295032
WDI:SP.POP.4044.MA.5Y:MHL,2013-12-31,5.25171690745051
WDI:SP.POP.4044.MA.5Y:MHL,2014-12-31,5.30386091314903
WDI:SP.POP.4044.MA.5Y:MHL,2015-12-31,5.38051187788456
WDI:SP.POP.4044.MA.5Y:MHL,2016-12-31,5.49446056988676
WDI:SP.POP.4044.MA.5Y:MHL,2017-12-31,5.63090920525775
WDI:SP.POP.4044.MA.5Y:MHL,2018-12-31,5.76728353835879
WDI:SP.POP.4044.MA.5Y:MHL,2019-12-31,5.90048339172469
WDI:SP.POP.4044.MA.5Y:MHL,2020-12-31,6.03615752062716
WDI:SP.POP.4044.MA.5Y:MHL,2021-12-31,6.13896425622272
WDI:SP.POP.4044.MA.5Y:MHL,2022-12-31,6.2367633097203
WDI:SP.POP.4044.MA.5Y:MHL,2023-12-31,6.31296003215515
WDI:SP.POP.4044.MA.5Y:MHL,2024-12-31,6.33414773613349
WDI:SP.POP.4044.MA.5Y:MIC,1960-12-31,4.900806204071432
WDI:SP.POP.4044.MA.5Y:MIC,1961-12-31,4.904375474559635
WDI:SP.POP.4044.MA.5Y:MIC,1962-12-31,4.903342625453109
WDI:SP.POP.4044.MA.5Y:MIC,1963-12-31,4.893797708736167
WDI:SP.POP.4044.MA.5Y:MIC,1964-12-31,4.8982892103631945
WDI:SP.POP.4044.MA.5Y:MIC,1965-12-31,4.909308886486674
WDI:SP.POP.4044.MA.5Y:MIC,1966-12-31,4.9106309126731205
WDI:SP.POP.4044.MA.5Y:MIC,1967-12-31,4.919906698217969
WDI:SP.POP.4044.MA.5Y:MIC,1968-12-31,4.936080218193759
WDI:SP.POP.4044.MA.5Y:MIC,1969-12-31,4.93304671773673
WDI:SP.POP.4044.MA.5Y:MIC,1970-12-31,4.921117279661476
WDI:SP.POP.4044.MA.5Y:MIC,1971-12-31,4.90882230607943
WDI:SP.POP.4044.MA.5Y:MIC,1972-12-31,4.8876668793402605
WDI:SP.POP.4044.MA.5Y:MIC,1973-12-31,4.864820459305985
WDI:SP.POP.4044.MA.5Y:MIC,1974-12-31,4.846448584797955
WDI:SP.POP.4044.MA.5Y:MIC,1975-12-31,4.8284523080648905
WDI:SP.POP.4044.MA.5Y:MIC,1976-12-31,4.819789650813602
WDI:SP.POP.4044.MA.5Y:MIC,1977-12-31,4.820708348439556
WDI:SP.POP.4044.MA.5Y:MIC,1978-12-31,4.809767401001754
WDI:SP.POP.4044.MA.5Y:MIC,1979-12-31,4.77187834603265
WDI:SP.POP.4044.MA.5Y:MIC,1980-12-31,4.721771765201776
WDI:SP.POP.4044.MA.5Y:MIC,1981-12-31,4.672959360023159
WDI:SP.POP.4044.MA.5Y:MIC,1982-12-31,4.610217374803935
WDI:SP.POP.4044.MA.5Y:MIC,1983-12-31,4.538322391188787
WDI:SP.POP.4044.MA.5Y:MIC,1984-12-31,4.488366089368008
WDI:SP.POP.4044.MA.5Y:MIC,1985-12-31,4.462957127759965
WDI:SP.POP.4044.MA.5Y:MIC,1986-12-31,4.462659870760604
WDI:SP.POP.4044.MA.5Y:MIC,1987-12-31,4.503196059371751
WDI:SP.POP.4044.MA.5Y:MIC,1988-12-31,4.580217367716869
WDI:SP.POP.4044.MA.5Y:MIC,1989-12-31,4.693800750457595
WDI:SP.POP.4044.MA.5Y:MIC,1990-12-31,4.8502667332088665
WDI:SP.POP.4044.MA.5Y:MIC,1991-12-31,5.019508165704042
WDI:SP.POP.4044.MA.5Y:MIC,1992-12-31,5.202234716732509
WDI:SP.POP.4044.MA.5Y:MIC,1993-12-31,5.391372961009015
WDI:SP.POP.4044.MA.5Y:MIC,1994-12-31,5.54992562446474
WDI:SP.POP.4044.MA.5Y:MIC,1995-12-31,5.676447007190398
WDI:SP.POP.4044.MA.5Y:MIC,1996-12-31,5.772543046314597
WDI:SP.POP.4044.MA.5Y:MIC,1997-12-31,5.847831506012082
WDI:SP.POP.4044.MA.5Y:MIC,1998-12-31,5.895297664283155
WDI:SP.POP.4044.MA.5Y:MIC,1999-12-31,5.873358239106742
WDI:SP.POP.4044.MA.5Y:MIC,2000-12-31,5.794412791504165
WDI:SP.POP.4044.MA.5Y:MIC,2001-12-31,5.707075478066625
WDI:SP.POP.4044.MA.5Y:MIC,2002-12-31,5.694069772968474
WDI:SP.POP.4044.MA.5Y:MIC,2003-12-31,5.837290715843307
WDI:SP.POP.4044.MA.5Y:MIC,2004-12-31,6.061188861569892
WDI:SP.POP.4044.MA.5Y:MIC,2005-12-31,6.282794779734388
WDI:SP.POP.4044.MA.5Y:MIC,2006-12-31,6.502485933642576
WDI:SP.POP.4044.MA.5Y:MIC,2007-12-31,6.617928772648179
WDI:SP.POP.4044.MA.5Y:MIC,2008-12-31,6.612939352064316
WDI:SP.POP.4044.MA.5Y:MIC,2009-12-31,6.6113016539568354
WDI:SP.POP.4044.MA.5Y:MIC,2010-12-31,6.638162783117782
WDI:SP.POP.4044.MA.5Y:MIC,2011-12-31,6.667835497155234
WDI:SP.POP.4044.MA.5Y:MIC,2012-12-31,6.699039786096969
WDI:SP.POP.4044.MA.5Y:MIC,2013-12-31,6.698869571964633
WDI:SP.POP.4044.MA.5Y:MIC,2014-12-31,6.652115873033433
WDI:SP.POP.4044.MA.5Y:MIC,2015-12-31,6.574702007831754
WDI:SP.POP.4044.MA.5Y:MIC,2016-12-31,6.485625808017853
WDI:SP.POP.4044.MA.5Y:MIC,2017-12-31,6.402762525442959
WDI:SP.POP.4044.MA.5Y:MIC,2018-12-31,6.329971180556664
WDI:SP.POP.4044.MA.5Y:MIC,2019-12-31,6.298763697355552
WDI:SP.POP.4044.MA.5Y:MIC,2020-12-31,6.32655246066893
WDI:SP.POP.4044.MA.5Y:MIC,2021-12-31,6.400737344442549
WDI:SP.POP.4044.MA.5Y:MIC,2022-12-31,6.517106574078459
WDI:SP.POP.4044.MA.5Y:MIC,2023-12-31,6.6392877112587065
WDI:SP.POP.4044.MA.5Y:MIC,2024-12-31,6.740433838718187
WDI:SP.POP.4044.MA.5Y:MKD,1960-12-31,3.9352042346095
WDI:SP.POP.4044.MA.5Y:MKD,1961-12-31,4.07266932225927
WDI:SP.POP.4044.MA.5Y:MKD,1962-12-31,4.28746997374448
WDI:SP.POP.4044.MA.5Y:MKD,1963-12-31,4.51173627521343
WDI:SP.POP.4044.MA.5Y:MKD,1964-12-31,4.71429203283898
WDI:SP.POP.4044.MA.5Y:MKD,1965-12-31,4.86795184599297
WDI:SP.POP.4044.MA.5Y:MKD,1966-12-31,4.95895739512397
WDI:SP.POP.4044.MA.5Y:MKD,1967-12-31,5.01428667822404
WDI:SP.POP.4044.MA.5Y:MKD,1968-12-31,5.06940557412123
WDI:SP.POP.4044.MA.5Y:MKD,1969-12-31,5.13048617258507
WDI:SP.POP.4044.MA.5Y:MKD,1970-12-31,5.19356926941456
WDI:SP.POP.4044.MA.5Y:MKD,1971-12-31,5.2609663396542
WDI:SP.POP.4044.MA.5Y:MKD,1972-12-31,5.33089667369793
WDI:SP.POP.4044.MA.5Y:MKD,1973-12-31,5.39647976773725
WDI:SP.POP.4044.MA.5Y:MKD,1974-12-31,5.4421913741552
WDI:SP.POP.4044.MA.5Y:MKD,1975-12-31,5.44638502977034
WDI:SP.POP.4044.MA.5Y:MKD,1976-12-31,5.40344181063345
WDI:SP.POP.4044.MA.5Y:MKD,1977-12-31,5.3288046643386
WDI:SP.POP.4044.MA.5Y:MKD,1978-12-31,5.2443720419225
WDI:SP.POP.4044.MA.5Y:MKD,1979-12-31,5.17482457815031
WDI:SP.POP.4044.MA.5Y:MKD,1980-12-31,5.1526130741223
WDI:SP.POP.4044.MA.5Y:MKD,1981-12-31,5.19015915057495
WDI:SP.POP.4044.MA.5Y:MKD,1982-12-31,5.25733878791301
WDI:SP.POP.4044.MA.5Y:MKD,1983-12-31,5.32811643847858
WDI:SP.POP.4044.MA.5Y:MKD,1984-12-31,5.36488991387881
WDI:SP.POP.4044.MA.5Y:MKD,1985-12-31,5.38227551560128
WDI:SP.POP.4044.MA.5Y:MKD,1986-12-31,5.46049429834393
WDI:SP.POP.4044.MA.5Y:MKD,1987-12-31,5.64523146646145
WDI:SP.POP.4044.MA.5Y:MKD,1988-12-31,5.97877669324925
WDI:SP.POP.4044.MA.5Y:MKD,1989-12-31,6.41042095417211
WDI:SP.POP.4044.MA.5Y:MKD,1990-12-31,6.83761535449116
WDI:SP.POP.4044.MA.5Y:MKD,1991-12-31,7.0996454454142
WDI:SP.POP.4044.MA.5Y:MKD,1992-12-31,7.14314592137167
WDI:SP.POP.4044.MA.5Y:MKD,1993-12-31,7.08453052827937
WDI:SP.POP.4044.MA.5Y:MKD,1994-12-31,7.10902624314377
WDI:SP.POP.4044.MA.5Y:MKD,1995-12-31,7.20959246838614
WDI:SP.POP.4044.MA.5Y:MKD,1996-12-31,7.26220054599552
WDI:SP.POP.4044.MA.5Y:MKD,1997-12-31,7.28511048777083
WDI:SP.POP.4044.MA.5Y:MKD,1998-12-31,7.25875949310886
WDI:SP.POP.4044.MA.5Y:MKD,1999-12-31,7.23090202935049
WDI:SP.POP.4044.MA.5Y:MKD,2000-12-31,7.23953289802868
WDI:SP.POP.4044.MA.5Y:MKD,2001-12-31,7.25216211163351
WDI:SP.POP.4044.MA.5Y:MKD,2002-12-31,7.23016366273047
WDI:SP.POP.4044.MA.5Y:MKD,2003-12-31,7.18466043371755
WDI:SP.POP.4044.MA.5Y:MKD,2004-12-31,7.1535649745359
WDI:SP.POP.4044.MA.5Y:MKD,2005-12-31,7.14311161606031
WDI:SP.POP.4044.MA.5Y:MKD,2006-12-31,7.15084000640302
WDI:SP.POP.4044.MA.5Y:MKD,2007-12-31,7.16954803836606
WDI:SP.POP.4044.MA.5Y:MKD,2008-12-31,7.17492121419699
WDI:SP.POP.4044.MA.5Y:MKD,2009-12-31,7.14043451132555
WDI:SP.POP.4044.MA.5Y:MKD,2010-12-31,7.0707431784658
WDI:SP.POP.4044.MA.5Y:MKD,2011-12-31,7.00566122103515
WDI:SP.POP.4044.MA.5Y:MKD,2012-12-31,6.96911509055175
WDI:SP.POP.4044.MA.5Y:MKD,2013-12-31,6.95010264376572
WDI:SP.POP.4044.MA.5Y:MKD,2014-12-31,6.94219222509532
WDI:SP.POP.4044.MA.5Y:MKD,2015-12-31,6.95951826003809
WDI:SP.POP.4044.MA.5Y:MKD,2016-12-31,6.98819614543381
WDI:SP.POP.4044.MA.5Y:MKD,2017-12-31,7.00062119648761
WDI:SP.POP.4044.MA.5Y:MKD,2018-12-31,7.01973758199563
WDI:SP.POP.4044.MA.5Y:MKD,2019-12-31,7.05917866569897
WDI:SP.POP.4044.MA.5Y:MKD,2020-12-31,7.09698789036065
WDI:SP.POP.4044.MA.5Y:MKD,2021-12-31,7.14021977338611
WDI:SP.POP.4044.MA.5Y:MKD,2022-12-31,7.1872739207553
WDI:SP.POP.4044.MA.5Y:MKD,2023-12-31,7.21749408452728
WDI:SP.POP.4044.MA.5Y:MKD,2024-12-31,7.21159971990722
WDI:SP.POP.4044.MA.5Y:MLI,1960-12-31,5.64048828584295
WDI:SP.POP.4044.MA.5Y:MLI,1961-12-31,5.59225847483103
WDI:SP.POP.4044.MA.5Y:MLI,1962-12-31,5.52862100080804
WDI:SP.POP.4044.MA.5Y:MLI,1963-12-31,5.45385520604318
WDI:SP.POP.4044.MA.5Y:MLI,1964-12-31,5.37585085784263
WDI:SP.POP.4044.MA.5Y:MLI,1965-12-31,5.29721349709986
WDI:SP.POP.4044.MA.5Y:MLI,1966-12-31,5.21750663578135
WDI:SP.POP.4044.MA.5Y:MLI,1967-12-31,5.13787963790896
WDI:SP.POP.4044.MA.5Y:MLI,1968-12-31,5.05669532076458
WDI:SP.POP.4044.MA.5Y:MLI,1969-12-31,4.97038026230743
WDI:SP.POP.4044.MA.5Y:MLI,1970-12-31,4.87882662204617
WDI:SP.POP.4044.MA.5Y:MLI,1971-12-31,4.78565858328696
WDI:SP.POP.4044.MA.5Y:MLI,1972-12-31,4.69449485970186
WDI:SP.POP.4044.MA.5Y:MLI,1973-12-31,4.60586595176053
WDI:SP.POP.4044.MA.5Y:MLI,1974-12-31,4.51856696569401
WDI:SP.POP.4044.MA.5Y:MLI,1975-12-31,4.43409469217424
WDI:SP.POP.4044.MA.5Y:MLI,1976-12-31,4.35258689910477
WDI:SP.POP.4044.MA.5Y:MLI,1977-12-31,4.27463077725684
WDI:SP.POP.4044.MA.5Y:MLI,1978-12-31,4.2068426157379
WDI:SP.POP.4044.MA.5Y:MLI,1979-12-31,4.1587295640817
WDI:SP.POP.4044.MA.5Y:MLI,1980-12-31,4.14767089352104
WDI:SP.POP.4044.MA.5Y:MLI,1981-12-31,4.17095476218528
WDI:SP.POP.4044.MA.5Y:MLI,1982-12-31,4.20834276432968
WDI:SP.POP.4044.MA.5Y:MLI,1983-12-31,4.24445172840069
WDI:SP.POP.4044.MA.5Y:MLI,1984-12-31,4.2561925752786
WDI:SP.POP.4044.MA.5Y:MLI,1985-12-31,4.21556930819796
WDI:SP.POP.4044.MA.5Y:MLI,1986-12-31,4.13481127812521
WDI:SP.POP.4044.MA.5Y:MLI,1987-12-31,4.05331789821568
WDI:SP.POP.4044.MA.5Y:MLI,1988-12-31,3.96564478707564
WDI:SP.POP.4044.MA.5Y:MLI,1989-12-31,3.86869141604354
WDI:SP.POP.4044.MA.5Y:MLI,1990-12-31,3.80474211872285
WDI:SP.POP.4044.MA.5Y:MLI,1991-12-31,3.76666634720949
WDI:SP.POP.4044.MA.5Y:MLI,1992-12-31,3.71636751540395
WDI:SP.POP.4044.MA.5Y:MLI,1993-12-31,3.67033370651275
WDI:SP.POP.4044.MA.5Y:MLI,1994-12-31,3.64350703803713
WDI:SP.POP.4044.MA.5Y:MLI,1995-12-31,3.60848514823635
WDI:SP.POP.4044.MA.5Y:MLI,1996-12-31,3.55791533144245
WDI:SP.POP.4044.MA.5Y:MLI,1997-12-31,3.50853674486349
WDI:SP.POP.4044.MA.5Y:MLI,1998-12-31,3.46523095747045
WDI:SP.POP.4044.MA.5Y:MLI,1999-12-31,3.42807707056487
WDI:SP.POP.4044.MA.5Y:MLI,2000-12-31,3.39741793385756
WDI:SP.POP.4044.MA.5Y:MLI,2001-12-31,3.37487105364169
WDI:SP.POP.4044.MA.5Y:MLI,2002-12-31,3.35893859990909
WDI:SP.POP.4044.MA.5Y:MLI,2003-12-31,3.34854621637283
WDI:SP.POP.4044.MA.5Y:MLI,2004-12-31,3.34437636028036
WDI:SP.POP.4044.MA.5Y:MLI,2005-12-31,3.34706498712346
WDI:SP.POP.4044.MA.5Y:MLI,2006-12-31,3.35835872070594
WDI:SP.POP.4044.MA.5Y:MLI,2007-12-31,3.38045367479103
WDI:SP.POP.4044.MA.5Y:MLI,2008-12-31,3.41362693302323
WDI:SP.POP.4044.MA.5Y:MLI,2009-12-31,3.45636431357666
WDI:SP.POP.4044.MA.5Y:MLI,2010-12-31,3.5066273460124
WDI:SP.POP.4044.MA.5Y:MLI,2011-12-31,3.56406611747006
WDI:SP.POP.4044.MA.5Y:MLI,2012-12-31,3.62042998348464
WDI:SP.POP.4044.MA.5Y:MLI,2013-12-31,3.68249757552407
WDI:SP.POP.4044.MA.5Y:MLI,2014-12-31,3.75533106374391
WDI:SP.POP.4044.MA.5Y:MLI,2015-12-31,3.83052193766467
WDI:SP.POP.4044.MA.5Y:MLI,2016-12-31,3.9067693686294
WDI:SP.POP.4044.MA.5Y:MLI,2017-12-31,3.97918522207152
WDI:SP.POP.4044.MA.5Y:MLI,2018-12-31,4.04435253562418
WDI:SP.POP.4044.MA.5Y:MLI,2019-12-31,4.10703853750077
WDI:SP.POP.4044.MA.5Y:MLI,2020-12-31,4.16738588512041
WDI:SP.POP.4044.MA.5Y:MLI,2021-12-31,4.21750205412265
WDI:SP.POP.4044.MA.5Y:MLI,2022-12-31,4.25445334619653
WDI:SP.POP.4044.MA.5Y:MLI,2023-12-31,4.27703394029055
WDI:SP.POP.4044.MA.5Y:MLI,2024-12-31,4.2851325985831
WDI:SP.POP.4044.MA.5Y:MLT,1960-12-31,4.87015797793375
WDI:SP.POP.4044.MA.5Y:MLT,1961-12-31,4.9728873961645
WDI:SP.POP.4044.MA.5Y:MLT,1962-12-31,5.10053208719944
WDI:SP.POP.4044.MA.5Y:MLT,1963-12-31,5.23445984589977
WDI:SP.POP.4044.MA.5Y:MLT,1964-12-31,5.35601500367358
WDI:SP.POP.4044.MA.5Y:MLT,1965-12-31,5.4593405171019
WDI:SP.POP.4044.MA.5Y:MLT,1966-12-31,5.53504094427219
WDI:SP.POP.4044.MA.5Y:MLT,1967-12-31,5.56166535742341
WDI:SP.POP.4044.MA.5Y:MLT,1968-12-31,5.50195072137415
WDI:SP.POP.4044.MA.5Y:MLT,1969-12-31,5.3723283125671
WDI:SP.POP.4044.MA.5Y:MLT,1970-12-31,5.23577477631873
WDI:SP.POP.4044.MA.5Y:MLT,1971-12-31,5.1352437280018
WDI:SP.POP.4044.MA.5Y:MLT,1972-12-31,5.10035502126613
WDI:SP.POP.4044.MA.5Y:MLT,1973-12-31,5.1399049941574
WDI:SP.POP.4044.MA.5Y:MLT,1974-12-31,5.23393656598777
WDI:SP.POP.4044.MA.5Y:MLT,1975-12-31,5.33804711697901
WDI:SP.POP.4044.MA.5Y:MLT,1976-12-31,5.41337513385998
WDI:SP.POP.4044.MA.5Y:MLT,1977-12-31,5.44241356800631
WDI:SP.POP.4044.MA.5Y:MLT,1978-12-31,5.42170882635016
WDI:SP.POP.4044.MA.5Y:MLT,1979-12-31,5.37891458212139
WDI:SP.POP.4044.MA.5Y:MLT,1980-12-31,5.3537773422588
WDI:SP.POP.4044.MA.5Y:MLT,1981-12-31,5.37301502081917
WDI:SP.POP.4044.MA.5Y:MLT,1982-12-31,5.45447549363477
WDI:SP.POP.4044.MA.5Y:MLT,1983-12-31,5.60820951413139
WDI:SP.POP.4044.MA.5Y:MLT,1984-12-31,5.83805021364408
WDI:SP.POP.4044.MA.5Y:MLT,1985-12-31,6.15178096141829
WDI:SP.POP.4044.MA.5Y:MLT,1986-12-31,6.58230390679924
WDI:SP.POP.4044.MA.5Y:MLT,1987-12-31,7.14618792259268
WDI:SP.POP.4044.MA.5Y:MLT,1988-12-31,7.75266500499909
WDI:SP.POP.4044.MA.5Y:MLT,1989-12-31,8.19302712788061
WDI:SP.POP.4044.MA.5Y:MLT,1990-12-31,8.41928241833801
WDI:SP.POP.4044.MA.5Y:MLT,1991-12-31,8.44903293542513
WDI:SP.POP.4044.MA.5Y:MLT,1992-12-31,8.29556714260188
WDI:SP.POP.4044.MA.5Y:MLT,1993-12-31,8.04742231004131
WDI:SP.POP.4044.MA.5Y:MLT,1994-12-31,7.82258257332841
WDI:SP.POP.4044.MA.5Y:MLT,1995-12-31,7.6978180429544
WDI:SP.POP.4044.MA.5Y:MLT,1996-12-31,7.68891325917803
WDI:SP.POP.4044.MA.5Y:MLT,1997-12-31,7.76299096393341
WDI:SP.POP.4044.MA.5Y:MLT,1998-12-31,7.83461009221417
WDI:SP.POP.4044.MA.5Y:MLT,1999-12-31,7.85337382242665
WDI:SP.POP.4044.MA.5Y:MLT,2000-12-31,7.81607453980759
WDI:SP.POP.4044.MA.5Y:MLT,2001-12-31,7.75858396256914
WDI:SP.POP.4044.MA.5Y:MLT,2002-12-31,7.66132643415095
WDI:SP.POP.4044.MA.5Y:MLT,2003-12-31,7.53244635914056
WDI:SP.POP.4044.MA.5Y:MLT,2004-12-31,7.38052828114803
WDI:SP.POP.4044.MA.5Y:MLT,2005-12-31,7.17568674088082
WDI:SP.POP.4044.MA.5Y:MLT,2006-12-31,6.89298317046688
WDI:SP.POP.4044.MA.5Y:MLT,2007-12-31,6.58954292843371
WDI:SP.POP.4044.MA.5Y:MLT,2008-12-31,6.36083658045577
WDI:SP.POP.4044.MA.5Y:MLT,2009-12-31,6.21177123235917
WDI:SP.POP.4044.MA.5Y:MLT,2010-12-31,6.14553459867912
WDI:SP.POP.4044.MA.5Y:MLT,2011-12-31,6.18307197559924
WDI:SP.POP.4044.MA.5Y:MLT,2012-12-31,6.2767908215028
WDI:SP.POP.4044.MA.5Y:MLT,2013-12-31,6.34886858676818
WDI:SP.POP.4044.MA.5Y:MLT,2014-12-31,6.49942070030896
WDI:SP.POP.4044.MA.5Y:MLT,2015-12-31,6.75185176897084
WDI:SP.POP.4044.MA.5Y:MLT,2016-12-31,6.92593530583016
WDI:SP.POP.4044.MA.5Y:MLT,2017-12-31,7.09965693956207
WDI:SP.POP.4044.MA.5Y:MLT,2018-12-31,7.31909414557765
WDI:SP.POP.4044.MA.5Y:MLT,2019-12-31,7.53583594008119
WDI:SP.POP.4044.MA.5Y:MLT,2020-12-31,7.78254558869836
WDI:SP.POP.4044.MA.5Y:MLT,2021-12-31,7.98373574628058
WDI:SP.POP.4044.MA.5Y:MLT,2022-12-31,8.16713197576138
WDI:SP.POP.4044.MA.5Y:MLT,2023-12-31,8.3876449691305
WDI:SP.POP.4044.MA.5Y:MLT,2024-12-31,8.5663274415283
WDI:SP.POP.4044.MA.5Y:MMR,1960-12-31,5.4129495645894
WDI:SP.POP.4044.MA.5Y:MMR,1961-12-31,5.38645236863708
WDI:SP.POP.4044.MA.5Y:MMR,1962-12-31,5.33059251977401
WDI:SP.POP.4044.MA.5Y:MMR,1963-12-31,5.26102597497111
WDI:SP.POP.4044.MA.5Y:MMR,1964-12-31,5.20385270260529
WDI:SP.POP.4044.MA.5Y:MMR,1965-12-31,5.16725620042977
WDI:SP.POP.4044.MA.5Y:MMR,1966-12-31,5.14682627276576
WDI:SP.POP.4044.MA.5Y:MMR,1967-12-31,5.14238220501856
WDI:SP.POP.4044.MA.5Y:MMR,1968-12-31,5.14770533836536
WDI:SP.POP.4044.MA.5Y:MMR,1969-12-31,5.15032592864601
WDI:SP.POP.4044.MA.5Y:MMR,1970-12-31,5.14389206517764
WDI:SP.POP.4044.MA.5Y:MMR,1971-12-31,5.13249361208048
WDI:SP.POP.4044.MA.5Y:MMR,1972-12-31,5.11939765606309
WDI:SP.POP.4044.MA.5Y:MMR,1973-12-31,5.09831411866454
WDI:SP.POP.4044.MA.5Y:MMR,1974-12-31,5.05927778396075
WDI:SP.POP.4044.MA.5Y:MMR,1975-12-31,5.00095530684522
WDI:SP.POP.4044.MA.5Y:MMR,1976-12-31,4.9263175671447
WDI:SP.POP.4044.MA.5Y:MMR,1977-12-31,4.8374358343289
WDI:SP.POP.4044.MA.5Y:MMR,1978-12-31,4.73947141001713
WDI:SP.POP.4044.MA.5Y:MMR,1979-12-31,4.6412227583795
WDI:SP.POP.4044.MA.5Y:MMR,1980-12-31,4.54938526326113
WDI:SP.POP.4044.MA.5Y:MMR,1981-12-31,4.46478569858447
WDI:SP.POP.4044.MA.5Y:MMR,1982-12-31,4.38846129371704
WDI:SP.POP.4044.MA.5Y:MMR,1983-12-31,4.32895592433518
WDI:SP.POP.4044.MA.5Y:MMR,1984-12-31,4.29412119639138
WDI:SP.POP.4044.MA.5Y:MMR,1985-12-31,4.28511548771961
WDI:SP.POP.4044.MA.5Y:MMR,1986-12-31,4.29935753597622
WDI:SP.POP.4044.MA.5Y:MMR,1987-12-31,4.32545903287557
WDI:SP.POP.4044.MA.5Y:MMR,1988-12-31,4.34850283537657
WDI:SP.POP.4044.MA.5Y:MMR,1989-12-31,4.42705108417673
WDI:SP.POP.4044.MA.5Y:MMR,1990-12-31,4.57571855193534
WDI:SP.POP.4044.MA.5Y:MMR,1991-12-31,4.73953613321616
WDI:SP.POP.4044.MA.5Y:MMR,1992-12-31,4.91786052502948
WDI:SP.POP.4044.MA.5Y:MMR,1993-12-31,5.11842534449951
WDI:SP.POP.4044.MA.5Y:MMR,1994-12-31,5.28181148663796
WDI:SP.POP.4044.MA.5Y:MMR,1995-12-31,5.38852680277067
WDI:SP.POP.4044.MA.5Y:MMR,1996-12-31,5.48575609352703
WDI:SP.POP.4044.MA.5Y:MMR,1997-12-31,5.57917557736995
WDI:SP.POP.4044.MA.5Y:MMR,1998-12-31,5.66765423244394
WDI:SP.POP.4044.MA.5Y:MMR,1999-12-31,5.75086403760994
WDI:SP.POP.4044.MA.5Y:MMR,2000-12-31,5.82914705224058
WDI:SP.POP.4044.MA.5Y:MMR,2001-12-31,5.90271568547176
WDI:SP.POP.4044.MA.5Y:MMR,2002-12-31,5.9732612637313
WDI:SP.POP.4044.MA.5Y:MMR,2003-12-31,6.044837290007
WDI:SP.POP.4044.MA.5Y:MMR,2004-12-31,6.12056021152332
WDI:SP.POP.4044.MA.5Y:MMR,2005-12-31,6.20185563624355
WDI:SP.POP.4044.MA.5Y:MMR,2006-12-31,6.28367465090563
WDI:SP.POP.4044.MA.5Y:MMR,2007-12-31,6.35949218297909
WDI:SP.POP.4044.MA.5Y:MMR,2008-12-31,6.4330112188098
WDI:SP.POP.4044.MA.5Y:MMR,2009-12-31,6.50046556741985
WDI:SP.POP.4044.MA.5Y:MMR,2010-12-31,6.55596488704527
WDI:SP.POP.4044.MA.5Y:MMR,2011-12-31,6.60707253259273
WDI:SP.POP.4044.MA.5Y:MMR,2012-12-31,6.65639356654738
WDI:SP.POP.4044.MA.5Y:MMR,2013-12-31,6.70205969638779
WDI:SP.POP.4044.MA.5Y:MMR,2014-12-31,6.74219420557498
WDI:SP.POP.4044.MA.5Y:MMR,2015-12-31,6.77606803780249
WDI:SP.POP.4044.MA.5Y:MMR,2016-12-31,6.8059422138979
WDI:SP.POP.4044.MA.5Y:MMR,2017-12-31,6.83554743059101
WDI:SP.POP.4044.MA.5Y:MMR,2018-12-31,6.87005284558676
WDI:SP.POP.4044.MA.5Y:MMR,2019-12-31,6.91311983472058
WDI:SP.POP.4044.MA.5Y:MMR,2020-12-31,6.96359820831435
WDI:SP.POP.4044.MA.5Y:MMR,2021-12-31,7.01619666279571
WDI:SP.POP.4044.MA.5Y:MMR,2022-12-31,7.08206931413922
WDI:SP.POP.4044.MA.5Y:MMR,2023-12-31,7.17222736832078
WDI:SP.POP.4044.MA.5Y:MMR,2024-12-31,7.27453487600152
WDI:SP.POP.4044.MA.5Y:MNA,1960-12-31,4.744953068629436
WDI:SP.POP.4044.MA.5Y:MNA,1961-12-31,4.750863601778595
WDI:SP.POP.4044.MA.5Y:MNA,1962-12-31,4.766511899376527
WDI:SP.POP.4044.MA.5Y:MNA,1963-12-31,4.787444049726131
WDI:SP.POP.4044.MA.5Y:MNA,1964-12-31,4.804411186015332
WDI:SP.POP.4044.MA.5Y:MNA,1965-12-31,4.812778486018852
WDI:SP.POP.4044.MA.5Y:MNA,1966-12-31,4.8100040216386
WDI:SP.POP.4044.MA.5Y:MNA,1967-12-31,4.794700602466482
WDI:SP.POP.4044.MA.5Y:MNA,1968-12-31,4.771934153181913
WDI:SP.POP.4044.MA.5Y:MNA,1969-12-31,4.747514863667597
WDI:SP.POP.4044.MA.5Y:MNA,1970-12-31,4.722304841185999
WDI:SP.POP.4044.MA.5Y:MNA,1971-12-31,4.6962770958012365
WDI:SP.POP.4044.MA.5Y:MNA,1972-12-31,4.671868518296992
WDI:SP.POP.4044.MA.5Y:MNA,1973-12-31,4.646429443502054
WDI:SP.POP.4044.MA.5Y:MNA,1974-12-31,4.612753710607987
WDI:SP.POP.4044.MA.5Y:MNA,1975-12-31,4.565827856489528
WDI:SP.POP.4044.MA.5Y:MNA,1976-12-31,4.508767249579971
WDI:SP.POP.4044.MA.5Y:MNA,1977-12-31,4.447332518314355
WDI:SP.POP.4044.MA.5Y:MNA,1978-12-31,4.383194567762542
WDI:SP.POP.4044.MA.5Y:MNA,1979-12-31,4.315864722115015
WDI:SP.POP.4044.MA.5Y:MNA,1980-12-31,4.2498229883806475
WDI:SP.POP.4044.MA.5Y:MNA,1981-12-31,4.19231739013533
WDI:SP.POP.4044.MA.5Y:MNA,1982-12-31,4.13770277089587
WDI:SP.POP.4044.MA.5Y:MNA,1983-12-31,4.088088936400965
WDI:SP.POP.4044.MA.5Y:MNA,1984-12-31,4.055264857431189
WDI:SP.POP.4044.MA.5Y:MNA,1985-12-31,4.045957111926628
WDI:SP.POP.4044.MA.5Y:MNA,1986-12-31,4.06046427272306
WDI:SP.POP.4044.MA.5Y:MNA,1987-12-31,4.088500053412849
WDI:SP.POP.4044.MA.5Y:MNA,1988-12-31,4.114593593399187
WDI:SP.POP.4044.MA.5Y:MNA,1989-12-31,4.135934781822368
WDI:SP.POP.4044.MA.5Y:MNA,1990-12-31,4.161506877978053
WDI:SP.POP.4044.MA.5Y:MNA,1991-12-31,4.197736282625002
WDI:SP.POP.4044.MA.5Y:MNA,1992-12-31,4.240116933357136
WDI:SP.POP.4044.MA.5Y:MNA,1993-12-31,4.29794091703088
WDI:SP.POP.4044.MA.5Y:MNA,1994-12-31,4.373656398049634
WDI:SP.POP.4044.MA.5Y:MNA,1995-12-31,4.456830596612161
WDI:SP.POP.4044.MA.5Y:MNA,1996-12-31,4.53696823729098
WDI:SP.POP.4044.MA.5Y:MNA,1997-12-31,4.604649185652659
WDI:SP.POP.4044.MA.5Y:MNA,1998-12-31,4.66320778236606
WDI:SP.POP.4044.MA.5Y:MNA,1999-12-31,4.720145296904831
WDI:SP.POP.4044.MA.5Y:MNA,2000-12-31,4.774678723192132
WDI:SP.POP.4044.MA.5Y:MNA,2001-12-31,4.824378888473522
WDI:SP.POP.4044.MA.5Y:MNA,2002-12-31,4.869931323849478
WDI:SP.POP.4044.MA.5Y:MNA,2003-12-31,4.9112191069079785
WDI:SP.POP.4044.MA.5Y:MNA,2004-12-31,4.948224976010256
WDI:SP.POP.4044.MA.5Y:MNA,2005-12-31,4.98530729503819
WDI:SP.POP.4044.MA.5Y:MNA,2006-12-31,5.026077421073473
WDI:SP.POP.4044.MA.5Y:MNA,2007-12-31,5.064519903966114
WDI:SP.POP.4044.MA.5Y:MNA,2008-12-31,5.094757766847684
WDI:SP.POP.4044.MA.5Y:MNA,2009-12-31,5.125456655781804
WDI:SP.POP.4044.MA.5Y:MNA,2010-12-31,5.162517857667729
WDI:SP.POP.4044.MA.5Y:MNA,2011-12-31,5.201614397561867
WDI:SP.POP.4044.MA.5Y:MNA,2012-12-31,5.238584840117467
WDI:SP.POP.4044.MA.5Y:MNA,2013-12-31,5.271322882632381
WDI:SP.POP.4044.MA.5Y:MNA,2014-12-31,5.300011805163725
WDI:SP.POP.4044.MA.5Y:MNA,2015-12-31,5.329540802016116
WDI:SP.POP.4044.MA.5Y:MNA,2016-12-31,5.364136588941792
WDI:SP.POP.4044.MA.5Y:MNA,2017-12-31,5.409316615419756
WDI:SP.POP.4044.MA.5Y:MNA,2018-12-31,5.469622663371567
WDI:SP.POP.4044.MA.5Y:MNA,2019-12-31,5.545907902463015
WDI:SP.POP.4044.MA.5Y:MNA,2020-12-31,5.639445074570694
WDI:SP.POP.4044.MA.5Y:MNA,2021-12-31,5.746636779734794
WDI:SP.POP.4044.MA.5Y:MNA,2022-12-31,5.855297264801826
WDI:SP.POP.4044.MA.5Y:MNA,2023-12-31,5.959808362126684
WDI:SP.POP.4044.MA.5Y:MNA,2024-12-31,6.061847324227336
WDI:SP.POP.4044.MA.5Y:MNE,1960-12-31,3.35132987847818
WDI:SP.POP.4044.MA.5Y:MNE,1961-12-31,3.41441940195967
WDI:SP.POP.4044.MA.5Y:MNE,1962-12-31,3.53353874703478
WDI:SP.POP.4044.MA.5Y:MNE,1963-12-31,3.74464104426621
WDI:SP.POP.4044.MA.5Y:MNE,1964-12-31,4.01263030849061
WDI:SP.POP.4044.MA.5Y:MNE,1965-12-31,4.29636400228088
WDI:SP.POP.4044.MA.5Y:MNE,1966-12-31,4.59260025873221
WDI:SP.POP.4044.MA.5Y:MNE,1967-12-31,4.90887262210823
WDI:SP.POP.4044.MA.5Y:MNE,1968-12-31,5.24546528373327
WDI:SP.POP.4044.MA.5Y:MNE,1969-12-31,5.58948906278144
WDI:SP.POP.4044.MA.5Y:MNE,1970-12-31,5.90529656232543
WDI:SP.POP.4044.MA.5Y:MNE,1971-12-31,6.14083370387274
WDI:SP.POP.4044.MA.5Y:MNE,1972-12-31,6.2601435720462
WDI:SP.POP.4044.MA.5Y:MNE,1973-12-31,6.28886600577342
WDI:SP.POP.4044.MA.5Y:MNE,1974-12-31,6.29338286790843
WDI:SP.POP.4044.MA.5Y:MNE,1975-12-31,6.30734351529627
WDI:SP.POP.4044.MA.5Y:MNE,1976-12-31,6.33082323946
WDI:SP.POP.4044.MA.5Y:MNE,1977-12-31,6.36959873023981
WDI:SP.POP.4044.MA.5Y:MNE,1978-12-31,6.42693149082718
WDI:SP.POP.4044.MA.5Y:MNE,1979-12-31,6.4842942175504
WDI:SP.POP.4044.MA.5Y:MNE,1980-12-31,6.49859597689985
WDI:SP.POP.4044.MA.5Y:MNE,1981-12-31,6.41794281636736
WDI:SP.POP.4044.MA.5Y:MNE,1982-12-31,6.21355716771256
WDI:SP.POP.4044.MA.5Y:MNE,1983-12-31,5.89748589037716
WDI:SP.POP.4044.MA.5Y:MNE,1984-12-31,5.51345437209215
WDI:SP.POP.4044.MA.5Y:MNE,1985-12-31,5.15570951953124
WDI:SP.POP.4044.MA.5Y:MNE,1986-12-31,4.95162941419729
WDI:SP.POP.4044.MA.5Y:MNE,1987-12-31,4.96188865151199
WDI:SP.POP.4044.MA.5Y:MNE,1988-12-31,5.16732802792625
WDI:SP.POP.4044.MA.5Y:MNE,1989-12-31,5.51429623103149
WDI:SP.POP.4044.MA.5Y:MNE,1990-12-31,5.91302734543238
WDI:SP.POP.4044.MA.5Y:MNE,1991-12-31,6.31053311191112
WDI:SP.POP.4044.MA.5Y:MNE,1992-12-31,6.67194946922631
WDI:SP.POP.4044.MA.5Y:MNE,1993-12-31,6.96115740436979
WDI:SP.POP.4044.MA.5Y:MNE,1994-12-31,7.19055822667068
WDI:SP.POP.4044.MA.5Y:MNE,1995-12-31,7.3637013493685
WDI:SP.POP.4044.MA.5Y:MNE,1996-12-31,7.48936490237945
WDI:SP.POP.4044.MA.5Y:MNE,1997-12-31,7.57017582586487
WDI:SP.POP.4044.MA.5Y:MNE,1998-12-31,7.59878568681521
WDI:SP.POP.4044.MA.5Y:MNE,1999-12-31,7.58069486424642
WDI:SP.POP.4044.MA.5Y:MNE,2000-12-31,7.51731365643398
WDI:SP.POP.4044.MA.5Y:MNE,2001-12-31,7.43887519491276
WDI:SP.POP.4044.MA.5Y:MNE,2002-12-31,7.36021759150759
WDI:SP.POP.4044.MA.5Y:MNE,2003-12-31,7.26377718397799
WDI:SP.POP.4044.MA.5Y:MNE,2004-12-31,7.15055416174978
WDI:SP.POP.4044.MA.5Y:MNE,2005-12-31,7.06986564616032
WDI:SP.POP.4044.MA.5Y:MNE,2006-12-31,7.00340439836404
WDI:SP.POP.4044.MA.5Y:MNE,2007-12-31,6.90390110930847
WDI:SP.POP.4044.MA.5Y:MNE,2008-12-31,6.79289707008257
WDI:SP.POP.4044.MA.5Y:MNE,2009-12-31,6.69978902189762
WDI:SP.POP.4044.MA.5Y:MNE,2010-12-31,6.61633825430928
WDI:SP.POP.4044.MA.5Y:MNE,2011-12-31,6.54028467155683
WDI:SP.POP.4044.MA.5Y:MNE,2012-12-31,6.49097264577226
WDI:SP.POP.4044.MA.5Y:MNE,2013-12-31,6.46085426468201
WDI:SP.POP.4044.MA.5Y:MNE,2014-12-31,6.46517424386908
WDI:SP.POP.4044.MA.5Y:MNE,2015-12-31,6.49695904249079
WDI:SP.POP.4044.MA.5Y:MNE,2016-12-31,6.53064006423417
WDI:SP.POP.4044.MA.5Y:MNE,2017-12-31,6.58830144725744
WDI:SP.POP.4044.MA.5Y:MNE,2018-12-31,6.69449720486793
WDI:SP.POP.4044.MA.5Y:MNE,2019-12-31,6.79501103003563
WDI:SP.POP.4044.MA.5Y:MNE,2020-12-31,6.89327668936867
WDI:SP.POP.4044.MA.5Y:MNE,2021-12-31,7.00031833707595
WDI:SP.POP.4044.MA.5Y:MNE,2022-12-31,7.09886092921259
WDI:SP.POP.4044.MA.5Y:MNE,2023-12-31,7.18063689754763
WDI:SP.POP.4044.MA.5Y:MNE,2024-12-31,7.24081881031372
WDI:SP.POP.4044.MA.5Y:MNG,1960-12-31,5.37183490211272
WDI:SP.POP.4044.MA.5Y:MNG,1961-12-31,5.23064691681411
WDI:SP.POP.4044.MA.5Y:MNG,1962-12-31,5.10214361130215
WDI:SP.POP.4044.MA.5Y:MNG,1963-12-31,5.01879306548117
WDI:SP.POP.4044.MA.5Y:MNG,1964-12-31,4.95038250163864
WDI:SP.POP.4044.MA.5Y:MNG,1965-12-31,4.84153351498152
WDI:SP.POP.4044.MA.5Y:MNG,1966-12-31,4.68548259126654
WDI:SP.POP.4044.MA.5Y:MNG,1967-12-31,4.5058150566579
WDI:SP.POP.4044.MA.5Y:MNG,1968-12-31,4.35028958408778
WDI:SP.POP.4044.MA.5Y:MNG,1969-12-31,4.30365844189009
WDI:SP.POP.4044.MA.5Y:MNG,1970-12-31,4.3632933083216
WDI:SP.POP.4044.MA.5Y:MNG,1971-12-31,4.44803132133857
WDI:SP.POP.4044.MA.5Y:MNG,1972-12-31,4.51442548717168
WDI:SP.POP.4044.MA.5Y:MNG,1973-12-31,4.53159868405917
WDI:SP.POP.4044.MA.5Y:MNG,1974-12-31,4.48446971522863
WDI:SP.POP.4044.MA.5Y:MNG,1975-12-31,4.39086458039977
WDI:SP.POP.4044.MA.5Y:MNG,1976-12-31,4.28958452807056
WDI:SP.POP.4044.MA.5Y:MNG,1977-12-31,4.21363179171125
WDI:SP.POP.4044.MA.5Y:MNG,1978-12-31,4.18782097946418
WDI:SP.POP.4044.MA.5Y:MNG,1979-12-31,4.19000481315995
WDI:SP.POP.4044.MA.5Y:MNG,1980-12-31,4.20250818888331
WDI:SP.POP.4044.MA.5Y:MNG,1981-12-31,4.22660973669502
WDI:SP.POP.4044.MA.5Y:MNG,1982-12-31,4.2369873582666
WDI:SP.POP.4044.MA.5Y:MNG,1983-12-31,4.20876034866334
WDI:SP.POP.4044.MA.5Y:MNG,1984-12-31,4.12343721346666
WDI:SP.POP.4044.MA.5Y:MNG,1985-12-31,3.98572748012662
WDI:SP.POP.4044.MA.5Y:MNG,1986-12-31,3.82265320075474
WDI:SP.POP.4044.MA.5Y:MNG,1987-12-31,3.66569780825812
WDI:SP.POP.4044.MA.5Y:MNG,1988-12-31,3.54681432819098
WDI:SP.POP.4044.MA.5Y:MNG,1989-12-31,3.48368049390918
WDI:SP.POP.4044.MA.5Y:MNG,1990-12-31,3.47700436071701
WDI:SP.POP.4044.MA.5Y:MNG,1991-12-31,3.52355837270394
WDI:SP.POP.4044.MA.5Y:MNG,1992-12-31,3.61743185400688
WDI:SP.POP.4044.MA.5Y:MNG,1993-12-31,3.75232050518481
WDI:SP.POP.4044.MA.5Y:MNG,1994-12-31,3.92177937689388
WDI:SP.POP.4044.MA.5Y:MNG,1995-12-31,4.11921779424103
WDI:SP.POP.4044.MA.5Y:MNG,1996-12-31,4.34015858387637
WDI:SP.POP.4044.MA.5Y:MNG,1997-12-31,4.58261072294852
WDI:SP.POP.4044.MA.5Y:MNG,1998-12-31,4.84528125898994
WDI:SP.POP.4044.MA.5Y:MNG,1999-12-31,5.12810409626272
WDI:SP.POP.4044.MA.5Y:MNG,2000-12-31,5.43956728732022
WDI:SP.POP.4044.MA.5Y:MNG,2001-12-31,5.75901362585049
WDI:SP.POP.4044.MA.5Y:MNG,2002-12-31,6.04664913437175
WDI:SP.POP.4044.MA.5Y:MNG,2003-12-31,6.28204292009995
WDI:SP.POP.4044.MA.5Y:MNG,2004-12-31,6.45351828439017
WDI:SP.POP.4044.MA.5Y:MNG,2005-12-31,6.55929744961881
WDI:SP.POP.4044.MA.5Y:MNG,2006-12-31,6.61347626052098
WDI:SP.POP.4044.MA.5Y:MNG,2007-12-31,6.63901605713167
WDI:SP.POP.4044.MA.5Y:MNG,2008-12-31,6.65352074644075
WDI:SP.POP.4044.MA.5Y:MNG,2009-12-31,6.66483856318641
WDI:SP.POP.4044.MA.5Y:MNG,2010-12-31,6.67146770721567
WDI:SP.POP.4044.MA.5Y:MNG,2011-12-31,6.67701007416532
WDI:SP.POP.4044.MA.5Y:MNG,2012-12-31,6.68683754484992
WDI:SP.POP.4044.MA.5Y:MNG,2013-12-31,6.69636090361898
WDI:SP.POP.4044.MA.5Y:MNG,2014-12-31,6.70507910652087
WDI:SP.POP.4044.MA.5Y:MNG,2015-12-31,6.71544614621442
WDI:SP.POP.4044.MA.5Y:MNG,2016-12-31,6.72733492714742
WDI:SP.POP.4044.MA.5Y:MNG,2017-12-31,6.73972503393044
WDI:SP.POP.4044.MA.5Y:MNG,2018-12-31,6.74735259200633
WDI:SP.POP.4044.MA.5Y:MNG,2019-12-31,6.7442662346546
WDI:SP.POP.4044.MA.5Y:MNG,2020-12-31,6.73415637360034
WDI:SP.POP.4044.MA.5Y:MNG,2021-12-31,6.72196149334979
WDI:SP.POP.4044.MA.5Y:MNG,2022-12-31,6.71963935435581
WDI:SP.POP.4044.MA.5Y:MNG,2023-12-31,6.74739620519191
WDI:SP.POP.4044.MA.5Y:MNG,2024-12-31,6.81479399657551
WDI:SP.POP.4044.MA.5Y:MNP,1960-12-31,3.93547649010411
WDI:SP.POP.4044.MA.5Y:MNP,1961-12-31,3.86494891159485
WDI:SP.POP.4044.MA.5Y:MNP,1962-12-31,3.83001613770845
WDI:SP.POP.4044.MA.5Y:MNP,1963-12-31,3.80892912894162
WDI:SP.POP.4044.MA.5Y:MNP,1964-12-31,3.7413255556673
WDI:SP.POP.4044.MA.5Y:MNP,1965-12-31,3.67418351477449
WDI:SP.POP.4044.MA.5Y:MNP,1966-12-31,3.66610265087422
WDI:SP.POP.4044.MA.5Y:MNP,1967-12-31,3.72291165030561
WDI:SP.POP.4044.MA.5Y:MNP,1968-12-31,3.83888048411498
WDI:SP.POP.4044.MA.5Y:MNP,1969-12-31,3.93180922349232
WDI:SP.POP.4044.MA.5Y:MNP,1970-12-31,4.03000865634318
WDI:SP.POP.4044.MA.5Y:MNP,1971-12-31,4.21152355524933
WDI:SP.POP.4044.MA.5Y:MNP,1972-12-31,4.43071760848014
WDI:SP.POP.4044.MA.5Y:MNP,1973-12-31,4.65630397236615
WDI:SP.POP.4044.MA.5Y:MNP,1974-12-31,4.84460694698355
WDI:SP.POP.4044.MA.5Y:MNP,1975-12-31,4.98794263231375
WDI:SP.POP.4044.MA.5Y:MNP,1976-12-31,5.17977597623615
WDI:SP.POP.4044.MA.5Y:MNP,1977-12-31,5.44135429262394
WDI:SP.POP.4044.MA.5Y:MNP,1978-12-31,5.66461684011353
WDI:SP.POP.4044.MA.5Y:MNP,1979-12-31,5.82389646406286
WDI:SP.POP.4044.MA.5Y:MNP,1980-12-31,5.72615899400939
WDI:SP.POP.4044.MA.5Y:MNP,1981-12-31,5.42717422571675
WDI:SP.POP.4044.MA.5Y:MNP,1982-12-31,5.30856851411085
WDI:SP.POP.4044.MA.5Y:MNP,1983-12-31,5.40386153318862
WDI:SP.POP.4044.MA.5Y:MNP,1984-12-31,5.65693430656934
WDI:SP.POP.4044.MA.5Y:MNP,1985-12-31,6.09274016439731
WDI:SP.POP.4044.MA.5Y:MNP,1986-12-31,6.64939550949914
WDI:SP.POP.4044.MA.5Y:MNP,1987-12-31,7.23944634839669
WDI:SP.POP.4044.MA.5Y:MNP,1988-12-31,7.84134887963123
WDI:SP.POP.4044.MA.5Y:MNP,1989-12-31,8.44351445193037
WDI:SP.POP.4044.MA.5Y:MNP,1990-12-31,8.76045393682639
WDI:SP.POP.4044.MA.5Y:MNP,1991-12-31,8.72520758938175
WDI:SP.POP.4044.MA.5Y:MNP,1992-12-31,8.59411489957964
WDI:SP.POP.4044.MA.5Y:MNP,1993-12-31,8.44606640239938
WDI:SP.POP.4044.MA.5Y:MNP,1994-12-31,8.2882434645604
WDI:SP.POP.4044.MA.5Y:MNP,1995-12-31,8.23319259499838
WDI:SP.POP.4044.MA.5Y:MNP,1996-12-31,8.43585237258348
WDI:SP.POP.4044.MA.5Y:MNP,1997-12-31,8.81463917898967
WDI:SP.POP.4044.MA.5Y:MNP,1998-12-31,9.25856357364844
WDI:SP.POP.4044.MA.5Y:MNP,1999-12-31,9.72744360902256
WDI:SP.POP.4044.MA.5Y:MNP,2000-12-31,10.0810449287906
WDI:SP.POP.4044.MA.5Y:MNP,2001-12-31,10.2861003315056
WDI:SP.POP.4044.MA.5Y:MNP,2002-12-31,10.4189418039663
WDI:SP.POP.4044.MA.5Y:MNP,2003-12-31,10.5193331308643
WDI:SP.POP.4044.MA.5Y:MNP,2004-12-31,10.6234220236939
WDI:SP.POP.4044.MA.5Y:MNP,2005-12-31,10.7464892830747
WDI:SP.POP.4044.MA.5Y:MNP,2006-12-31,10.8563508232858
WDI:SP.POP.4044.MA.5Y:MNP,2007-12-31,10.9508665113352
WDI:SP.POP.4044.MA.5Y:MNP,2008-12-31,10.9812152012905
WDI:SP.POP.4044.MA.5Y:MNP,2009-12-31,10.8724142816662
WDI:SP.POP.4044.MA.5Y:MNP,2010-12-31,10.600046696241
WDI:SP.POP.4044.MA.5Y:MNP,2011-12-31,10.2000288850376
WDI:SP.POP.4044.MA.5Y:MNP,2012-12-31,9.72433804860355
WDI:SP.POP.4044.MA.5Y:MNP,2013-12-31,9.226358938777
WDI:SP.POP.4044.MA.5Y:MNP,2014-12-31,8.77551772422434
WDI:SP.POP.4044.MA.5Y:MNP,2015-12-31,8.38470564133127
WDI:SP.POP.4044.MA.5Y:MNP,2016-12-31,8.05371659216507
WDI:SP.POP.4044.MA.5Y:MNP,2017-12-31,7.80314192227474
WDI:SP.POP.4044.MA.5Y:MNP,2018-12-31,7.63697165299218
WDI:SP.POP.4044.MA.5Y:MNP,2019-12-31,7.51271245127718
WDI:SP.POP.4044.MA.5Y:MNP,2020-12-31,7.30965482741371
WDI:SP.POP.4044.MA.5Y:MNP,2021-12-31,7.02755188736497
WDI:SP.POP.4044.MA.5Y:MNP,2022-12-31,6.74194345998516
WDI:SP.POP.4044.MA.5Y:MNP,2023-12-31,6.43961677451887
WDI:SP.POP.4044.MA.5Y:MNP,2024-12-31,6.16592168017623
WDI:SP.POP.4044.MA.5Y:MOZ,1960-12-31,5.26090701932001
WDI:SP.POP.4044.MA.5Y:MOZ,1961-12-31,5.21534956029812
WDI:SP.POP.4044.MA.5Y:MOZ,1962-12-31,5.15859461181256
WDI:SP.POP.4044.MA.5Y:MOZ,1963-12-31,5.09992201369853
WDI:SP.POP.4044.MA.5Y:MOZ,1964-12-31,5.04349781772946
WDI:SP.POP.4044.MA.5Y:MOZ,1965-12-31,4.99360587519609
WDI:SP.POP.4044.MA.5Y:MOZ,1966-12-31,4.95185977755234
WDI:SP.POP.4044.MA.5Y:MOZ,1967-12-31,4.91875197624727
WDI:SP.POP.4044.MA.5Y:MOZ,1968-12-31,4.89431092856175
WDI:SP.POP.4044.MA.5Y:MOZ,1969-12-31,4.87768063192921
WDI:SP.POP.4044.MA.5Y:MOZ,1970-12-31,4.86546766108867
WDI:SP.POP.4044.MA.5Y:MOZ,1971-12-31,4.8421495644792
WDI:SP.POP.4044.MA.5Y:MOZ,1972-12-31,4.78497489495905
WDI:SP.POP.4044.MA.5Y:MOZ,1973-12-31,4.68737970730032
WDI:SP.POP.4044.MA.5Y:MOZ,1974-12-31,4.56058209035599
WDI:SP.POP.4044.MA.5Y:MOZ,1975-12-31,4.43392915969971
WDI:SP.POP.4044.MA.5Y:MOZ,1976-12-31,4.36070226233034
WDI:SP.POP.4044.MA.5Y:MOZ,1977-12-31,4.33653185406416
WDI:SP.POP.4044.MA.5Y:MOZ,1978-12-31,4.332500655669
WDI:SP.POP.4044.MA.5Y:MOZ,1979-12-31,4.35340836794668
WDI:SP.POP.4044.MA.5Y:MOZ,1980-12-31,4.39506645163407
WDI:SP.POP.4044.MA.5Y:MOZ,1981-12-31,4.42644778884409
WDI:SP.POP.4044.MA.5Y:MOZ,1982-12-31,4.44078771070369
WDI:SP.POP.4044.MA.5Y:MOZ,1983-12-31,4.44997973687592
WDI:SP.POP.4044.MA.5Y:MOZ,1984-12-31,4.43290622778081
WDI:SP.POP.4044.MA.5Y:MOZ,1985-12-31,4.37760484035011
WDI:SP.POP.4044.MA.5Y:MOZ,1986-12-31,4.28520578427709
WDI:SP.POP.4044.MA.5Y:MOZ,1987-12-31,4.17268420604855
WDI:SP.POP.4044.MA.5Y:MOZ,1988-12-31,4.07410819102503
WDI:SP.POP.4044.MA.5Y:MOZ,1989-12-31,3.99576389902221
WDI:SP.POP.4044.MA.5Y:MOZ,1990-12-31,3.92924018294284
WDI:SP.POP.4044.MA.5Y:MOZ,1991-12-31,3.88447312651585
WDI:SP.POP.4044.MA.5Y:MOZ,1992-12-31,3.85034894220071
WDI:SP.POP.4044.MA.5Y:MOZ,1993-12-31,3.80362916035405
WDI:SP.POP.4044.MA.5Y:MOZ,1994-12-31,3.74634120170567
WDI:SP.POP.4044.MA.5Y:MOZ,1995-12-31,3.68250006829634
WDI:SP.POP.4044.MA.5Y:MOZ,1996-12-31,3.60010270680762
WDI:SP.POP.4044.MA.5Y:MOZ,1997-12-31,3.49256156386106
WDI:SP.POP.4044.MA.5Y:MOZ,1998-12-31,3.3722734746505
WDI:SP.POP.4044.MA.5Y:MOZ,1999-12-31,3.25998485002551
WDI:SP.POP.4044.MA.5Y:MOZ,2000-12-31,3.16522331900215
WDI:SP.POP.4044.MA.5Y:MOZ,2001-12-31,3.09545364258434
WDI:SP.POP.4044.MA.5Y:MOZ,2002-12-31,3.05554128843528
WDI:SP.POP.4044.MA.5Y:MOZ,2003-12-31,3.0504891348322
WDI:SP.POP.4044.MA.5Y:MOZ,2004-12-31,3.07887348077717
WDI:SP.POP.4044.MA.5Y:MOZ,2005-12-31,3.14062506235571
WDI:SP.POP.4044.MA.5Y:MOZ,2006-12-31,3.23815810298889
WDI:SP.POP.4044.MA.5Y:MOZ,2007-12-31,3.36637515412366
WDI:SP.POP.4044.MA.5Y:MOZ,2008-12-31,3.51368589454039
WDI:SP.POP.4044.MA.5Y:MOZ,2009-12-31,3.66514240092911
WDI:SP.POP.4044.MA.5Y:MOZ,2010-12-31,3.79976745952241
WDI:SP.POP.4044.MA.5Y:MOZ,2011-12-31,3.89792213806972
WDI:SP.POP.4044.MA.5Y:MOZ,2012-12-31,3.94887211421649
WDI:SP.POP.4044.MA.5Y:MOZ,2013-12-31,3.95121926760278
WDI:SP.POP.4044.MA.5Y:MOZ,2014-12-31,3.90962231355426
WDI:SP.POP.4044.MA.5Y:MOZ,2015-12-31,3.83288716771173
WDI:SP.POP.4044.MA.5Y:MOZ,2016-12-31,3.73789192188885
WDI:SP.POP.4044.MA.5Y:MOZ,2017-12-31,3.64852681694097
WDI:SP.POP.4044.MA.5Y:MOZ,2018-12-31,3.59492400708597
WDI:SP.POP.4044.MA.5Y:MOZ,2019-12-31,3.59634860824032
WDI:SP.POP.4044.MA.5Y:MOZ,2020-12-31,3.64646355271762
WDI:SP.POP.4044.MA.5Y:MOZ,2021-12-31,3.71587375404442
WDI:SP.POP.4044.MA.5Y:MOZ,2022-12-31,3.78663253581991
WDI:SP.POP.4044.MA.5Y:MOZ,2023-12-31,3.84771555829952
WDI:SP.POP.4044.MA.5Y:MOZ,2024-12-31,3.8917349647502
WDI:SP.POP.4044.MA.5Y:MRT,1960-12-31,4.66664044175858
WDI:SP.POP.4044.MA.5Y:MRT,1961-12-31,4.65420565222804
WDI:SP.POP.4044.MA.5Y:MRT,1962-12-31,4.63958060288336
WDI:SP.POP.4044.MA.5Y:MRT,1963-12-31,4.62313265843724
WDI:SP.POP.4044.MA.5Y:MRT,1964-12-31,4.60506392955031
WDI:SP.POP.4044.MA.5Y:MRT,1965-12-31,4.58503840830672
WDI:SP.POP.4044.MA.5Y:MRT,1966-12-31,4.56223040068104
WDI:SP.POP.4044.MA.5Y:MRT,1967-12-31,4.53766278238274
WDI:SP.POP.4044.MA.5Y:MRT,1968-12-31,4.51235713587965
WDI:SP.POP.4044.MA.5Y:MRT,1969-12-31,4.48610703221956
WDI:SP.POP.4044.MA.5Y:MRT,1970-12-31,4.45887199312083
WDI:SP.POP.4044.MA.5Y:MRT,1971-12-31,4.43286724564541
WDI:SP.POP.4044.MA.5Y:MRT,1972-12-31,4.40921482767145
WDI:SP.POP.4044.MA.5Y:MRT,1973-12-31,4.38688965095595
WDI:SP.POP.4044.MA.5Y:MRT,1974-12-31,4.36394445430144
WDI:SP.POP.4044.MA.5Y:MRT,1975-12-31,4.3395372245323
WDI:SP.POP.4044.MA.5Y:MRT,1976-12-31,4.31558977655684
WDI:SP.POP.4044.MA.5Y:MRT,1977-12-31,4.29192865516339
WDI:SP.POP.4044.MA.5Y:MRT,1978-12-31,4.26586935123237
WDI:SP.POP.4044.MA.5Y:MRT,1979-12-31,4.23423556600194
WDI:SP.POP.4044.MA.5Y:MRT,1980-12-31,4.21493392510463
WDI:SP.POP.4044.MA.5Y:MRT,1981-12-31,4.20712146174924
WDI:SP.POP.4044.MA.5Y:MRT,1982-12-31,4.19469044830734
WDI:SP.POP.4044.MA.5Y:MRT,1983-12-31,4.18543629468572
WDI:SP.POP.4044.MA.5Y:MRT,1984-12-31,4.1868260000268
WDI:SP.POP.4044.MA.5Y:MRT,1985-12-31,4.18454656268122
WDI:SP.POP.4044.MA.5Y:MRT,1986-12-31,4.17594923612788
WDI:SP.POP.4044.MA.5Y:MRT,1987-12-31,4.16886266592822
WDI:SP.POP.4044.MA.5Y:MRT,1988-12-31,4.15038313189379
WDI:SP.POP.4044.MA.5Y:MRT,1989-12-31,4.08522111495863
WDI:SP.POP.4044.MA.5Y:MRT,1990-12-31,3.96273062768655
WDI:SP.POP.4044.MA.5Y:MRT,1991-12-31,3.82637032353082
WDI:SP.POP.4044.MA.5Y:MRT,1992-12-31,3.7272862029866
WDI:SP.POP.4044.MA.5Y:MRT,1993-12-31,3.65766161167
WDI:SP.POP.4044.MA.5Y:MRT,1994-12-31,3.61431046966217
WDI:SP.POP.4044.MA.5Y:MRT,1995-12-31,3.61341743179012
WDI:SP.POP.4044.MA.5Y:MRT,1996-12-31,3.62727989538959
WDI:SP.POP.4044.MA.5Y:MRT,1997-12-31,3.65679381843461
WDI:SP.POP.4044.MA.5Y:MRT,1998-12-31,3.70505469065371
WDI:SP.POP.4044.MA.5Y:MRT,1999-12-31,3.76342961797173
WDI:SP.POP.4044.MA.5Y:MRT,2000-12-31,3.83055582517102
WDI:SP.POP.4044.MA.5Y:MRT,2001-12-31,3.88947819430492
WDI:SP.POP.4044.MA.5Y:MRT,2002-12-31,3.93927396424104
WDI:SP.POP.4044.MA.5Y:MRT,2003-12-31,3.9907297882158
WDI:SP.POP.4044.MA.5Y:MRT,2004-12-31,4.0409710295898
WDI:SP.POP.4044.MA.5Y:MRT,2005-12-31,4.08813762963162
WDI:SP.POP.4044.MA.5Y:MRT,2006-12-31,4.13173620497407
WDI:SP.POP.4044.MA.5Y:MRT,2007-12-31,4.16961334643479
WDI:SP.POP.4044.MA.5Y:MRT,2008-12-31,4.20100027616945
WDI:SP.POP.4044.MA.5Y:MRT,2009-12-31,4.21616427531466
WDI:SP.POP.4044.MA.5Y:MRT,2010-12-31,4.20775387197703
WDI:SP.POP.4044.MA.5Y:MRT,2011-12-31,4.1814272754108
WDI:SP.POP.4044.MA.5Y:MRT,2012-12-31,4.14354136503744
WDI:SP.POP.4044.MA.5Y:MRT,2013-12-31,4.11384436635668
WDI:SP.POP.4044.MA.5Y:MRT,2014-12-31,4.09292495877295
WDI:SP.POP.4044.MA.5Y:MRT,2015-12-31,4.06776678806383
WDI:SP.POP.4044.MA.5Y:MRT,2016-12-31,4.0427269104964
WDI:SP.POP.4044.MA.5Y:MRT,2017-12-31,4.0219574162003
WDI:SP.POP.4044.MA.5Y:MRT,2018-12-31,4.00858704782233
WDI:SP.POP.4044.MA.5Y:MRT,2019-12-31,4.00437038560044
WDI:SP.POP.4044.MA.5Y:MRT,2020-12-31,4.01134518278597
WDI:SP.POP.4044.MA.5Y:MRT,2021-12-31,4.02884086201566
WDI:SP.POP.4044.MA.5Y:MRT,2022-12-31,4.05682010170942
WDI:SP.POP.4044.MA.5Y:MRT,2023-12-31,4.09585266409041
WDI:SP.POP.4044.MA.5Y:MRT,2024-12-31,4.14338930941277
WDI:SP.POP.4044.MA.5Y:MUS,1960-12-31,4.7216476691267
WDI:SP.POP.4044.MA.5Y:MUS,1961-12-31,4.77759147566783
WDI:SP.POP.4044.MA.5Y:MUS,1962-12-31,4.89261163645191
WDI:SP.POP.4044.MA.5Y:MUS,1963-12-31,5.03900661357808
WDI:SP.POP.4044.MA.5Y:MUS,1964-12-31,5.18734083198862
WDI:SP.POP.4044.MA.5Y:MUS,1965-12-31,5.31908833384258
WDI:SP.POP.4044.MA.5Y:MUS,1966-12-31,5.40289809458784
WDI:SP.POP.4044.MA.5Y:MUS,1967-12-31,5.41561461959472
WDI:SP.POP.4044.MA.5Y:MUS,1968-12-31,5.34738175376223
WDI:SP.POP.4044.MA.5Y:MUS,1969-12-31,5.19677772864476
WDI:SP.POP.4044.MA.5Y:MUS,1970-12-31,4.98134787048945
WDI:SP.POP.4044.MA.5Y:MUS,1971-12-31,4.74706785399618
WDI:SP.POP.4044.MA.5Y:MUS,1972-12-31,4.54886596802402
WDI:SP.POP.4044.MA.5Y:MUS,1973-12-31,4.4248018149548
WDI:SP.POP.4044.MA.5Y:MUS,1974-12-31,4.38353223238088
WDI:SP.POP.4044.MA.5Y:MUS,1975-12-31,4.40386562396837
WDI:SP.POP.4044.MA.5Y:MUS,1976-12-31,4.4477656520995
WDI:SP.POP.4044.MA.5Y:MUS,1977-12-31,4.47621957911636
WDI:SP.POP.4044.MA.5Y:MUS,1978-12-31,4.46051365098433
WDI:SP.POP.4044.MA.5Y:MUS,1979-12-31,4.40188765859019
WDI:SP.POP.4044.MA.5Y:MUS,1980-12-31,4.32837311700735
WDI:SP.POP.4044.MA.5Y:MUS,1981-12-31,4.25869970798183
WDI:SP.POP.4044.MA.5Y:MUS,1982-12-31,4.2080296054735
WDI:SP.POP.4044.MA.5Y:MUS,1983-12-31,4.21996006135616
WDI:SP.POP.4044.MA.5Y:MUS,1984-12-31,4.31790387583647
WDI:SP.POP.4044.MA.5Y:MUS,1985-12-31,4.46114956929705
WDI:SP.POP.4044.MA.5Y:MUS,1986-12-31,4.63187780643612
WDI:SP.POP.4044.MA.5Y:MUS,1987-12-31,4.85928516378009
WDI:SP.POP.4044.MA.5Y:MUS,1988-12-31,5.12815551157159
WDI:SP.POP.4044.MA.5Y:MUS,1989-12-31,5.4153275468783
WDI:SP.POP.4044.MA.5Y:MUS,1990-12-31,5.76894143127551
WDI:SP.POP.4044.MA.5Y:MUS,1991-12-31,6.18554131054131
WDI:SP.POP.4044.MA.5Y:MUS,1992-12-31,6.56261762460733
WDI:SP.POP.4044.MA.5Y:MUS,1993-12-31,6.84256386778086
WDI:SP.POP.4044.MA.5Y:MUS,1994-12-31,7.02325082118551
WDI:SP.POP.4044.MA.5Y:MUS,1995-12-31,7.12691376654406
WDI:SP.POP.4044.MA.5Y:MUS,1996-12-31,7.21662754599833
WDI:SP.POP.4044.MA.5Y:MUS,1997-12-31,7.3290154792568
WDI:SP.POP.4044.MA.5Y:MUS,1998-12-31,7.45947107793292
WDI:SP.POP.4044.MA.5Y:MUS,1999-12-31,7.60561116855069
WDI:SP.POP.4044.MA.5Y:MUS,2000-12-31,7.75306264516255
WDI:SP.POP.4044.MA.5Y:MUS,2001-12-31,7.8840392889479
WDI:SP.POP.4044.MA.5Y:MUS,2002-12-31,8.02397084323422
WDI:SP.POP.4044.MA.5Y:MUS,2003-12-31,8.20084917556545
WDI:SP.POP.4044.MA.5Y:MUS,2004-12-31,8.38234337027142
WDI:SP.POP.4044.MA.5Y:MUS,2005-12-31,8.52149321534901
WDI:SP.POP.4044.MA.5Y:MUS,2006-12-31,8.58999175580846
WDI:SP.POP.4044.MA.5Y:MUS,2007-12-31,8.55771963240181
WDI:SP.POP.4044.MA.5Y:MUS,2008-12-31,8.41856977554382
WDI:SP.POP.4044.MA.5Y:MUS,2009-12-31,8.20870201324524
WDI:SP.POP.4044.MA.5Y:MUS,2010-12-31,7.96370145730029
WDI:SP.POP.4044.MA.5Y:MUS,2011-12-31,7.7103200347869
WDI:SP.POP.4044.MA.5Y:MUS,2012-12-31,7.46381228804119
WDI:SP.POP.4044.MA.5Y:MUS,2013-12-31,7.26896691269316
WDI:SP.POP.4044.MA.5Y:MUS,2014-12-31,7.16334058290238
WDI:SP.POP.4044.MA.5Y:MUS,2015-12-31,7.14084100804978
WDI:SP.POP.4044.MA.5Y:MUS,2016-12-31,7.20624126429724
WDI:SP.POP.4044.MA.5Y:MUS,2017-12-31,7.35127465632449
WDI:SP.POP.4044.MA.5Y:MUS,2018-12-31,7.55118652557761
WDI:SP.POP.4044.MA.5Y:MUS,2019-12-31,7.77620360393717
WDI:SP.POP.4044.MA.5Y:MUS,2020-12-31,7.98521228219377
WDI:SP.POP.4044.MA.5Y:MUS,2021-12-31,8.13013262012416
WDI:SP.POP.4044.MA.5Y:MUS,2022-12-31,8.16941810550564
WDI:SP.POP.4044.MA.5Y:MUS,2023-12-31,8.07652461318657
WDI:SP.POP.4044.MA.5Y:MUS,2024-12-31,7.88099859183453
WDI:SP.POP.4044.MA.5Y:MWI,1960-12-31,4.73669831785174
WDI:SP.POP.4044.MA.5Y:MWI,1961-12-31,4.70360437119021
WDI:SP.POP.4044.MA.5Y:MWI,1962-12-31,4.60603227837353
WDI:SP.POP.4044.MA.5Y:MWI,1963-12-31,4.48025948744306
WDI:SP.POP.4044.MA.5Y:MWI,1964-12-31,4.37585114277484
WDI:SP.POP.4044.MA.5Y:MWI,1965-12-31,4.31202035278877
WDI:SP.POP.4044.MA.5Y:MWI,1966-12-31,4.28323343866901
WDI:SP.POP.4044.MA.5Y:MWI,1967-12-31,4.28595529312526
WDI:SP.POP.4044.MA.5Y:MWI,1968-12-31,4.30760119295227
WDI:SP.POP.4044.MA.5Y:MWI,1969-12-31,4.33089671877593
WDI:SP.POP.4044.MA.5Y:MWI,1970-12-31,4.34727111613438
WDI:SP.POP.4044.MA.5Y:MWI,1971-12-31,4.36213355066605
WDI:SP.POP.4044.MA.5Y:MWI,1972-12-31,4.37773069459954
WDI:SP.POP.4044.MA.5Y:MWI,1973-12-31,4.39211437203155
WDI:SP.POP.4044.MA.5Y:MWI,1974-12-31,4.40191200921219
WDI:SP.POP.4044.MA.5Y:MWI,1975-12-31,4.40538370864157
WDI:SP.POP.4044.MA.5Y:MWI,1976-12-31,4.4037581863349
WDI:SP.POP.4044.MA.5Y:MWI,1977-12-31,4.39997058228686
WDI:SP.POP.4044.MA.5Y:MWI,1978-12-31,4.38920394994426
WDI:SP.POP.4044.MA.5Y:MWI,1979-12-31,4.37031804830215
WDI:SP.POP.4044.MA.5Y:MWI,1980-12-31,4.34981490394673
WDI:SP.POP.4044.MA.5Y:MWI,1981-12-31,4.32977850333517
WDI:SP.POP.4044.MA.5Y:MWI,1982-12-31,4.31193896588182
WDI:SP.POP.4044.MA.5Y:MWI,1983-12-31,4.29970694724963
WDI:SP.POP.4044.MA.5Y:MWI,1984-12-31,4.29636275649751
WDI:SP.POP.4044.MA.5Y:MWI,1985-12-31,4.29953046723242
WDI:SP.POP.4044.MA.5Y:MWI,1986-12-31,4.30177902064616
WDI:SP.POP.4044.MA.5Y:MWI,1987-12-31,4.28544534296839
WDI:SP.POP.4044.MA.5Y:MWI,1988-12-31,4.22241410899079
WDI:SP.POP.4044.MA.5Y:MWI,1989-12-31,4.12757138546917
WDI:SP.POP.4044.MA.5Y:MWI,1990-12-31,4.01497557299744
WDI:SP.POP.4044.MA.5Y:MWI,1991-12-31,3.89227266979686
WDI:SP.POP.4044.MA.5Y:MWI,1992-12-31,3.78806499957272
WDI:SP.POP.4044.MA.5Y:MWI,1993-12-31,3.73229411078869
WDI:SP.POP.4044.MA.5Y:MWI,1994-12-31,3.71630872112425
WDI:SP.POP.4044.MA.5Y:MWI,1995-12-31,3.72678135405218
WDI:SP.POP.4044.MA.5Y:MWI,1996-12-31,3.76067877350238
WDI:SP.POP.4044.MA.5Y:MWI,1997-12-31,3.79762032643106
WDI:SP.POP.4044.MA.5Y:MWI,1998-12-31,3.83325145997972
WDI:SP.POP.4044.MA.5Y:MWI,1999-12-31,3.82639873236155
WDI:SP.POP.4044.MA.5Y:MWI,2000-12-31,3.77919997384467
WDI:SP.POP.4044.MA.5Y:MWI,2001-12-31,3.72330062461341
WDI:SP.POP.4044.MA.5Y:MWI,2002-12-31,3.65092283697711
WDI:SP.POP.4044.MA.5Y:MWI,2003-12-31,3.56192343916451
WDI:SP.POP.4044.MA.5Y:MWI,2004-12-31,3.4582191974548
WDI:SP.POP.4044.MA.5Y:MWI,2005-12-31,3.34775150089389
WDI:SP.POP.4044.MA.5Y:MWI,2006-12-31,3.24370470888432
WDI:SP.POP.4044.MA.5Y:MWI,2007-12-31,3.16077098450386
WDI:SP.POP.4044.MA.5Y:MWI,2008-12-31,3.12585212630935
WDI:SP.POP.4044.MA.5Y:MWI,2009-12-31,3.13638879955971
WDI:SP.POP.4044.MA.5Y:MWI,2010-12-31,3.17187388952213
WDI:SP.POP.4044.MA.5Y:MWI,2011-12-31,3.23083896459195
WDI:SP.POP.4044.MA.5Y:MWI,2012-12-31,3.31270200121171
WDI:SP.POP.4044.MA.5Y:MWI,2013-12-31,3.41645669204176
WDI:SP.POP.4044.MA.5Y:MWI,2014-12-31,3.5404291754949
WDI:SP.POP.4044.MA.5Y:MWI,2015-12-31,3.68338739409989
WDI:SP.POP.4044.MA.5Y:MWI,2016-12-31,3.84111570299895
WDI:SP.POP.4044.MA.5Y:MWI,2017-12-31,4.0052992242527
WDI:SP.POP.4044.MA.5Y:MWI,2018-12-31,4.1701329202556
WDI:SP.POP.4044.MA.5Y:MWI,2019-12-31,4.33179883036546
WDI:SP.POP.4044.MA.5Y:MWI,2020-12-31,4.48523569812699
WDI:SP.POP.4044.MA.5Y:MWI,2021-12-31,4.61728556100767
WDI:SP.POP.4044.MA.5Y:MWI,2022-12-31,4.71827467237485
WDI:SP.POP.4044.MA.5Y:MWI,2023-12-31,4.77890615206958
WDI:SP.POP.4044.MA.5Y:MWI,2024-12-31,4.79789784172859
WDI:SP.POP.4044.MA.5Y:MYS,1960-12-31,4.69434099350823
WDI:SP.POP.4044.MA.5Y:MYS,1961-12-31,4.59999959040976
WDI:SP.POP.4044.MA.5Y:MYS,1962-12-31,4.47973447016292
WDI:SP.POP.4044.MA.5Y:MYS,1963-12-31,4.35803851508562
WDI:SP.POP.4044.MA.5Y:MYS,1964-12-31,4.26861895864483
WDI:SP.POP.4044.MA.5Y:MYS,1965-12-31,4.21887651119966
WDI:SP.POP.4044.MA.5Y:MYS,1966-12-31,4.21255664857744
WDI:SP.POP.4044.MA.5Y:MYS,1967-12-31,4.25434161649781
WDI:SP.POP.4044.MA.5Y:MYS,1968-12-31,4.31419277843773
WDI:SP.POP.4044.MA.5Y:MYS,1969-12-31,4.34973325595486
WDI:SP.POP.4044.MA.5Y:MYS,1970-12-31,4.35510365892309
WDI:SP.POP.4044.MA.5Y:MYS,1971-12-31,4.33393472406012
WDI:SP.POP.4044.MA.5Y:MYS,1972-12-31,4.27630996733454
WDI:SP.POP.4044.MA.5Y:MYS,1973-12-31,4.21228977820676
WDI:SP.POP.4044.MA.5Y:MYS,1974-12-31,4.2010059872412
WDI:SP.POP.4044.MA.5Y:MYS,1975-12-31,4.24868266723825
WDI:SP.POP.4044.MA.5Y:MYS,1976-12-31,4.36093097533386
WDI:SP.POP.4044.MA.5Y:MYS,1977-12-31,4.54993128305464
WDI:SP.POP.4044.MA.5Y:MYS,1978-12-31,4.75650638949713
WDI:SP.POP.4044.MA.5Y:MYS,1979-12-31,4.88987920888735
WDI:SP.POP.4044.MA.5Y:MYS,1980-12-31,4.91100142891812
WDI:SP.POP.4044.MA.5Y:MYS,1981-12-31,4.84574610405724
WDI:SP.POP.4044.MA.5Y:MYS,1982-12-31,4.7304948004219
WDI:SP.POP.4044.MA.5Y:MYS,1983-12-31,4.60712306183549
WDI:SP.POP.4044.MA.5Y:MYS,1984-12-31,4.52051574484386
WDI:SP.POP.4044.MA.5Y:MYS,1985-12-31,4.48658068760986
WDI:SP.POP.4044.MA.5Y:MYS,1986-12-31,4.50500156553945
WDI:SP.POP.4044.MA.5Y:MYS,1987-12-31,4.58399918924207
WDI:SP.POP.4044.MA.5Y:MYS,1988-12-31,4.72063003295174
WDI:SP.POP.4044.MA.5Y:MYS,1989-12-31,4.89948565035585
WDI:SP.POP.4044.MA.5Y:MYS,1990-12-31,5.10288517430793
WDI:SP.POP.4044.MA.5Y:MYS,1991-12-31,5.30030818638644
WDI:SP.POP.4044.MA.5Y:MYS,1992-12-31,5.4695260718444
WDI:SP.POP.4044.MA.5Y:MYS,1993-12-31,5.6148105287869
WDI:SP.POP.4044.MA.5Y:MYS,1994-12-31,5.74380571904772
WDI:SP.POP.4044.MA.5Y:MYS,1995-12-31,5.86537520767033
WDI:SP.POP.4044.MA.5Y:MYS,1996-12-31,5.98728507381609
WDI:SP.POP.4044.MA.5Y:MYS,1997-12-31,6.11577309546012
WDI:SP.POP.4044.MA.5Y:MYS,1998-12-31,6.25614647638797
WDI:SP.POP.4044.MA.5Y:MYS,1999-12-31,6.40062988671998
WDI:SP.POP.4044.MA.5Y:MYS,2000-12-31,6.50344906265135
WDI:SP.POP.4044.MA.5Y:MYS,2001-12-31,6.52692304926633
WDI:SP.POP.4044.MA.5Y:MYS,2002-12-31,6.50018915853879
WDI:SP.POP.4044.MA.5Y:MYS,2003-12-31,6.45210520394985
WDI:SP.POP.4044.MA.5Y:MYS,2004-12-31,6.3878377125339
WDI:SP.POP.4044.MA.5Y:MYS,2005-12-31,6.32151698075227
WDI:SP.POP.4044.MA.5Y:MYS,2006-12-31,6.26697018361166
WDI:SP.POP.4044.MA.5Y:MYS,2007-12-31,6.23148448531168
WDI:SP.POP.4044.MA.5Y:MYS,2008-12-31,6.21556496350957
WDI:SP.POP.4044.MA.5Y:MYS,2009-12-31,6.21414999752014
WDI:SP.POP.4044.MA.5Y:MYS,2010-12-31,6.2062211984275
WDI:SP.POP.4044.MA.5Y:MYS,2011-12-31,6.17383560820056
WDI:SP.POP.4044.MA.5Y:MYS,2012-12-31,6.13746570488885
WDI:SP.POP.4044.MA.5Y:MYS,2013-12-31,6.12078196980352
WDI:SP.POP.4044.MA.5Y:MYS,2014-12-31,6.12868716323573
WDI:SP.POP.4044.MA.5Y:MYS,2015-12-31,6.16485091428375
WDI:SP.POP.4044.MA.5Y:MYS,2016-12-31,6.2314496521506
WDI:SP.POP.4044.MA.5Y:MYS,2017-12-31,6.33398527337463
WDI:SP.POP.4044.MA.5Y:MYS,2018-12-31,6.48048100428765
WDI:SP.POP.4044.MA.5Y:MYS,2019-12-31,6.67737651101009
WDI:SP.POP.4044.MA.5Y:MYS,2020-12-31,6.92717216110022
WDI:SP.POP.4044.MA.5Y:MYS,2021-12-31,7.21320977209419
WDI:SP.POP.4044.MA.5Y:MYS,2022-12-31,7.50193716073595
WDI:SP.POP.4044.MA.5Y:MYS,2023-12-31,7.76717349619928
WDI:SP.POP.4044.MA.5Y:MYS,2024-12-31,7.98554060701284
WDI:SP.POP.4044.MA.5Y:NAC,1960-12-31,6.460481185161508
WDI:SP.POP.4044.MA.5Y:NAC,1961-12-31,6.46234674803552
WDI:SP.POP.4044.MA.5Y:NAC,1962-12-31,6.46085151625846
WDI:SP.POP.4044.MA.5Y:NAC,1963-12-31,6.43629707576596
WDI:SP.POP.4044.MA.5Y:NAC,1964-12-31,6.396285265103345
WDI:SP.POP.4044.MA.5Y:NAC,1965-12-31,6.339421837801417
WDI:SP.POP.4044.MA.5Y:NAC,1966-12-31,6.249429158727526
WDI:SP.POP.4044.MA.5Y:NAC,1967-12-31,6.1589445478149365
WDI:SP.POP.4044.MA.5Y:NAC,1968-12-31,6.070774361980962
WDI:SP.POP.4044.MA.5Y:NAC,1969-12-31,5.963017229634933
WDI:SP.POP.4044.MA.5Y:NAC,1970-12-31,5.857377428186275
WDI:SP.POP.4044.MA.5Y:NAC,1971-12-31,5.753658953744207
WDI:SP.POP.4044.MA.5Y:NAC,1972-12-31,5.633327582822521
WDI:SP.POP.4044.MA.5Y:NAC,1973-12-31,5.511602143072464
WDI:SP.POP.4044.MA.5Y:NAC,1974-12-31,5.409872855576708
WDI:SP.POP.4044.MA.5Y:NAC,1975-12-31,5.323337644732599
WDI:SP.POP.4044.MA.5Y:NAC,1976-12-31,5.26434518815797
WDI:SP.POP.4044.MA.5Y:NAC,1977-12-31,5.244228597149789
WDI:SP.POP.4044.MA.5Y:NAC,1978-12-31,5.258202421130455
WDI:SP.POP.4044.MA.5Y:NAC,1979-12-31,5.2677414642957885
WDI:SP.POP.4044.MA.5Y:NAC,1980-12-31,5.264577857411783
WDI:SP.POP.4044.MA.5Y:NAC,1981-12-31,5.313027165225501
WDI:SP.POP.4044.MA.5Y:NAC,1982-12-31,5.456465708253893
WDI:SP.POP.4044.MA.5Y:NAC,1983-12-31,5.666338030410229
WDI:SP.POP.4044.MA.5Y:NAC,1984-12-31,5.89324774475999
WDI:SP.POP.4044.MA.5Y:NAC,1985-12-31,6.099947130849166
WDI:SP.POP.4044.MA.5Y:NAC,1986-12-31,6.357146263656313
WDI:SP.POP.4044.MA.5Y:NAC,1987-12-31,6.667825758203502
WDI:SP.POP.4044.MA.5Y:NAC,1988-12-31,6.917452789022535
WDI:SP.POP.4044.MA.5Y:NAC,1989-12-31,7.131593721996682
WDI:SP.POP.4044.MA.5Y:NAC,1990-12-31,7.354650948562791
WDI:SP.POP.4044.MA.5Y:NAC,1991-12-31,7.483932242688197
WDI:SP.POP.4044.MA.5Y:NAC,1992-12-31,7.495191086087704
WDI:SP.POP.4044.MA.5Y:NAC,1993-12-31,7.528639660206998
WDI:SP.POP.4044.MA.5Y:NAC,1994-12-31,7.6310664312618
WDI:SP.POP.4044.MA.5Y:NAC,1995-12-31,7.756677260821023
WDI:SP.POP.4044.MA.5Y:NAC,1996-12-31,7.8751819904421145
WDI:SP.POP.4044.MA.5Y:NAC,1997-12-31,7.988601276081075
WDI:SP.POP.4044.MA.5Y:NAC,1998-12-31,8.086657391212299
WDI:SP.POP.4044.MA.5Y:NAC,1999-12-31,8.151697441243142
WDI:SP.POP.4044.MA.5Y:NAC,2000-12-31,8.197687426358506
WDI:SP.POP.4044.MA.5Y:NAC,2001-12-31,8.240497764841875
WDI:SP.POP.4044.MA.5Y:NAC,2002-12-31,8.246289655737241
WDI:SP.POP.4044.MA.5Y:NAC,2003-12-31,8.19820543163263
WDI:SP.POP.4044.MA.5Y:NAC,2004-12-31,8.11419387629562
WDI:SP.POP.4044.MA.5Y:NAC,2005-12-31,7.974520431310166
WDI:SP.POP.4044.MA.5Y:NAC,2006-12-31,7.7648889514479205
WDI:SP.POP.4044.MA.5Y:NAC,2007-12-31,7.520377216944233
WDI:SP.POP.4044.MA.5Y:NAC,2008-12-31,7.27949279486422
WDI:SP.POP.4044.MA.5Y:NAC,2009-12-31,7.072806740533883
WDI:SP.POP.4044.MA.5Y:NAC,2010-12-31,6.951593851353504
WDI:SP.POP.4044.MA.5Y:NAC,2011-12-31,6.896526282870005
WDI:SP.POP.4044.MA.5Y:NAC,2012-12-31,6.825986421555549
WDI:SP.POP.4044.MA.5Y:NAC,2013-12-31,6.722315783499969
WDI:SP.POP.4044.MA.5Y:NAC,2014-12-31,6.601571416751181
WDI:SP.POP.4044.MA.5Y:NAC,2015-12-31,6.454049204840705
WDI:SP.POP.4044.MA.5Y:NAC,2016-12-31,6.315762946517062
WDI:SP.POP.4044.MA.5Y:NAC,2017-12-31,6.268562922655984
WDI:SP.POP.4044.MA.5Y:NAC,2018-12-31,6.302874013254385
WDI:SP.POP.4044.MA.5Y:NAC,2019-12-31,6.371028069358714
WDI:SP.POP.4044.MA.5Y:NAC,2020-12-31,6.47412825299836
WDI:SP.POP.4044.MA.5Y:NAC,2021-12-31,6.59507540885208
WDI:SP.POP.4044.MA.5Y:NAC,2022-12-31,6.699113045404608
WDI:SP.POP.4044.MA.5Y:NAC,2023-12-31,6.781040827561228
WDI:SP.POP.4044.MA.5Y:NAC,2024-12-31,6.829071455407507
WDI:SP.POP.4044.MA.5Y:NAM,1960-12-31,4.45513259511342
WDI:SP.POP.4044.MA.5Y:NAM,1961-12-31,4.4125432175405
WDI:SP.POP.4044.MA.5Y:NAM,1962-12-31,4.36625122763839
WDI:SP.POP.4044.MA.5Y:NAM,1963-12-31,4.3181949763041
WDI:SP.POP.4044.MA.5Y:NAM,1964-12-31,4.26994039538161
WDI:SP.POP.4044.MA.5Y:NAM,1965-12-31,4.22038103705385
WDI:SP.POP.4044.MA.5Y:NAM,1966-12-31,4.17350556349695
WDI:SP.POP.4044.MA.5Y:NAM,1967-12-31,4.13421639884927
WDI:SP.POP.4044.MA.5Y:NAM,1968-12-31,4.09081472211293
WDI:SP.POP.4044.MA.5Y:NAM,1969-12-31,4.02768886269223
WDI:SP.POP.4044.MA.5Y:NAM,1970-12-31,3.94651310144364
WDI:SP.POP.4044.MA.5Y:NAM,1971-12-31,3.85178084956109
WDI:SP.POP.4044.MA.5Y:NAM,1972-12-31,3.74716635750302
WDI:SP.POP.4044.MA.5Y:NAM,1973-12-31,3.64592760322202
WDI:SP.POP.4044.MA.5Y:NAM,1974-12-31,3.56822558176407
WDI:SP.POP.4044.MA.5Y:NAM,1975-12-31,3.52370206866786
WDI:SP.POP.4044.MA.5Y:NAM,1976-12-31,3.50187061112706
WDI:SP.POP.4044.MA.5Y:NAM,1977-12-31,3.50209609088198
WDI:SP.POP.4044.MA.5Y:NAM,1978-12-31,3.49876149553365
WDI:SP.POP.4044.MA.5Y:NAM,1979-12-31,3.51315449495724
WDI:SP.POP.4044.MA.5Y:NAM,1980-12-31,3.54804659586851
WDI:SP.POP.4044.MA.5Y:NAM,1981-12-31,3.5666011144912
WDI:SP.POP.4044.MA.5Y:NAM,1982-12-31,3.61199913492416
WDI:SP.POP.4044.MA.5Y:NAM,1983-12-31,3.68674595302947
WDI:SP.POP.4044.MA.5Y:NAM,1984-12-31,3.76014520383786
WDI:SP.POP.4044.MA.5Y:NAM,1985-12-31,3.8293316992027
WDI:SP.POP.4044.MA.5Y:NAM,1986-12-31,3.88976596090144
WDI:SP.POP.4044.MA.5Y:NAM,1987-12-31,3.92805511201626
WDI:SP.POP.4044.MA.5Y:NAM,1988-12-31,3.93102667350647
WDI:SP.POP.4044.MA.5Y:NAM,1989-12-31,3.97641935722487
WDI:SP.POP.4044.MA.5Y:NAM,1990-12-31,3.99706199507763
WDI:SP.POP.4044.MA.5Y:NAM,1991-12-31,3.94216233979625
WDI:SP.POP.4044.MA.5Y:NAM,1992-12-31,3.89171231806324
WDI:SP.POP.4044.MA.5Y:NAM,1993-12-31,3.85821468675728
WDI:SP.POP.4044.MA.5Y:NAM,1994-12-31,3.84201058109637
WDI:SP.POP.4044.MA.5Y:NAM,1995-12-31,3.84473044969938
WDI:SP.POP.4044.MA.5Y:NAM,1996-12-31,3.86588763592682
WDI:SP.POP.4044.MA.5Y:NAM,1997-12-31,3.89435220835275
WDI:SP.POP.4044.MA.5Y:NAM,1998-12-31,3.92898354030026
WDI:SP.POP.4044.MA.5Y:NAM,1999-12-31,3.97032031264129
WDI:SP.POP.4044.MA.5Y:NAM,2000-12-31,4.02199504495956
WDI:SP.POP.4044.MA.5Y:NAM,2001-12-31,4.08720790708836
WDI:SP.POP.4044.MA.5Y:NAM,2002-12-31,4.17128888694013
WDI:SP.POP.4044.MA.5Y:NAM,2003-12-31,4.27693296151219
WDI:SP.POP.4044.MA.5Y:NAM,2004-12-31,4.39403918459217
WDI:SP.POP.4044.MA.5Y:NAM,2005-12-31,4.51145104830725
WDI:SP.POP.4044.MA.5Y:NAM,2006-12-31,4.62311578665307
WDI:SP.POP.4044.MA.5Y:NAM,2007-12-31,4.72308322184036
WDI:SP.POP.4044.MA.5Y:NAM,2008-12-31,4.80665831177232
WDI:SP.POP.4044.MA.5Y:NAM,2009-12-31,4.87253306879295
WDI:SP.POP.4044.MA.5Y:NAM,2010-12-31,4.92125964945661
WDI:SP.POP.4044.MA.5Y:NAM,2011-12-31,4.94830780858657
WDI:SP.POP.4044.MA.5Y:NAM,2012-12-31,4.95585251007592
WDI:SP.POP.4044.MA.5Y:NAM,2013-12-31,4.96296306481842
WDI:SP.POP.4044.MA.5Y:NAM,2014-12-31,4.98596996341309
WDI:SP.POP.4044.MA.5Y:NAM,2015-12-31,5.02429838758303
WDI:SP.POP.4044.MA.5Y:NAM,2016-12-31,5.0748407838089
WDI:SP.POP.4044.MA.5Y:NAM,2017-12-31,5.13781404073432
WDI:SP.POP.4044.MA.5Y:NAM,2018-12-31,5.19912535769412
WDI:SP.POP.4044.MA.5Y:NAM,2019-12-31,5.23368241583519
WDI:SP.POP.4044.MA.5Y:NAM,2020-12-31,5.25532567326251
WDI:SP.POP.4044.MA.5Y:NAM,2021-12-31,5.28394726844631
WDI:SP.POP.4044.MA.5Y:NAM,2022-12-31,5.30831511529546
WDI:SP.POP.4044.MA.5Y:NAM,2023-12-31,5.34458518861219
WDI:SP.POP.4044.MA.5Y:NAM,2024-12-31,5.41533639702218
WDI:SP.POP.4044.MA.5Y:NCL,1960-12-31,6.08113730104958
WDI:SP.POP.4044.MA.5Y:NCL,1961-12-31,5.97026927672089
WDI:SP.POP.4044.MA.5Y:NCL,1962-12-31,5.88679329063197
WDI:SP.POP.4044.MA.5Y:NCL,1963-12-31,5.82482490021195
WDI:SP.POP.4044.MA.5Y:NCL,1964-12-31,5.75523750693623
WDI:SP.POP.4044.MA.5Y:NCL,1965-12-31,5.67890909461789
WDI:SP.POP.4044.MA.5Y:NCL,1966-12-31,5.61778784087072
WDI:SP.POP.4044.MA.5Y:NCL,1967-12-31,5.57150451887294
WDI:SP.POP.4044.MA.5Y:NCL,1968-12-31,5.53783923616011
WDI:SP.POP.4044.MA.5Y:NCL,1969-12-31,5.45967595121063
WDI:SP.POP.4044.MA.5Y:NCL,1970-12-31,5.40953545232274
WDI:SP.POP.4044.MA.5Y:NCL,1971-12-31,5.41233454423984
WDI:SP.POP.4044.MA.5Y:NCL,1972-12-31,5.38051768614578
WDI:SP.POP.4044.MA.5Y:NCL,1973-12-31,5.32768102658112
WDI:SP.POP.4044.MA.5Y:NCL,1974-12-31,5.26881170392347
WDI:SP.POP.4044.MA.5Y:NCL,1975-12-31,5.2185960591133
WDI:SP.POP.4044.MA.5Y:NCL,1976-12-31,5.20519705970109
WDI:SP.POP.4044.MA.5Y:NCL,1977-12-31,5.22641799319978
WDI:SP.POP.4044.MA.5Y:NCL,1978-12-31,5.25598534013403
WDI:SP.POP.4044.MA.5Y:NCL,1979-12-31,5.28923669825789
WDI:SP.POP.4044.MA.5Y:NCL,1980-12-31,5.32993769612079
WDI:SP.POP.4044.MA.5Y:NCL,1981-12-31,5.38306412643597
WDI:SP.POP.4044.MA.5Y:NCL,1982-12-31,5.46439005056542
WDI:SP.POP.4044.MA.5Y:NCL,1983-12-31,5.57371452415424
WDI:SP.POP.4044.MA.5Y:NCL,1984-12-31,5.68786775007005
WDI:SP.POP.4044.MA.5Y:NCL,1985-12-31,5.80303513202089
WDI:SP.POP.4044.MA.5Y:NCL,1986-12-31,5.91220395233067
WDI:SP.POP.4044.MA.5Y:NCL,1987-12-31,6.00161531700596
WDI:SP.POP.4044.MA.5Y:NCL,1988-12-31,6.06697983126505
WDI:SP.POP.4044.MA.5Y:NCL,1989-12-31,6.13909477277674
WDI:SP.POP.4044.MA.5Y:NCL,1990-12-31,6.16434912316966
WDI:SP.POP.4044.MA.5Y:NCL,1991-12-31,6.10838563705388
WDI:SP.POP.4044.MA.5Y:NCL,1992-12-31,6.02572388146673
WDI:SP.POP.4044.MA.5Y:NCL,1993-12-31,5.93099102914366
WDI:SP.POP.4044.MA.5Y:NCL,1994-12-31,5.84654764964048
WDI:SP.POP.4044.MA.5Y:NCL,1995-12-31,5.79074228934035
WDI:SP.POP.4044.MA.5Y:NCL,1996-12-31,5.76684520775836
WDI:SP.POP.4044.MA.5Y:NCL,1997-12-31,5.77318810892772
WDI:SP.POP.4044.MA.5Y:NCL,1998-12-31,5.8130513092874
WDI:SP.POP.4044.MA.5Y:NCL,1999-12-31,5.88296599724498
WDI:SP.POP.4044.MA.5Y:NCL,2000-12-31,5.97267727982004
WDI:SP.POP.4044.MA.5Y:NCL,2001-12-31,6.08358052695865
WDI:SP.POP.4044.MA.5Y:NCL,2002-12-31,6.21476912533196
WDI:SP.POP.4044.MA.5Y:NCL,2003-12-31,6.36206751410051
WDI:SP.POP.4044.MA.5Y:NCL,2004-12-31,6.52404379731319
WDI:SP.POP.4044.MA.5Y:NCL,2005-12-31,6.68746885797603
WDI:SP.POP.4044.MA.5Y:NCL,2006-12-31,6.87289655589368
WDI:SP.POP.4044.MA.5Y:NCL,2007-12-31,7.06272411407854
WDI:SP.POP.4044.MA.5Y:NCL,2008-12-31,7.20568388676166
WDI:SP.POP.4044.MA.5Y:NCL,2009-12-31,7.28863988980759
WDI:SP.POP.4044.MA.5Y:NCL,2010-12-31,7.33245008908584
WDI:SP.POP.4044.MA.5Y:NCL,2011-12-31,7.39985787485507
WDI:SP.POP.4044.MA.5Y:NCL,2012-12-31,7.5122700288015
WDI:SP.POP.4044.MA.5Y:NCL,2013-12-31,7.63693440138558
WDI:SP.POP.4044.MA.5Y:NCL,2014-12-31,7.70004871648075
WDI:SP.POP.4044.MA.5Y:NCL,2015-12-31,7.62386570675535
WDI:SP.POP.4044.MA.5Y:NCL,2016-12-31,7.44310433381152
WDI:SP.POP.4044.MA.5Y:NCL,2017-12-31,7.24232994965282
WDI:SP.POP.4044.MA.5Y:NCL,2018-12-31,7.05462794402093
WDI:SP.POP.4044.MA.5Y:NCL,2019-12-31,6.89209263553879
WDI:SP.POP.4044.MA.5Y:NCL,2020-12-31,6.81875638702051
WDI:SP.POP.4044.MA.5Y:NCL,2021-12-31,6.85514953234509
WDI:SP.POP.4044.MA.5Y:NCL,2022-12-31,6.91816570262234
WDI:SP.POP.4044.MA.5Y:NCL,2023-12-31,6.96691067175428
WDI:SP.POP.4044.MA.5Y:NCL,2024-12-31,7.00297188142955
WDI:SP.POP.4044.MA.5Y:NER,1960-12-31,3.73675414389088
WDI:SP.POP.4044.MA.5Y:NER,1961-12-31,3.71290797091047
WDI:SP.POP.4044.MA.5Y:NER,1962-12-31,3.69191280544724
WDI:SP.POP.4044.MA.5Y:NER,1963-12-31,3.67130039620665
WDI:SP.POP.4044.MA.5Y:NER,1964-12-31,3.64767679159859
WDI:SP.POP.4044.MA.5Y:NER,1965-12-31,3.62122295428977
WDI:SP.POP.4044.MA.5Y:NER,1966-12-31,3.59173109915453
WDI:SP.POP.4044.MA.5Y:NER,1967-12-31,3.55857887412603
WDI:SP.POP.4044.MA.5Y:NER,1968-12-31,3.52607231984418
WDI:SP.POP.4044.MA.5Y:NER,1969-12-31,3.50047966100924
WDI:SP.POP.4044.MA.5Y:NER,1970-12-31,3.48378606057193
WDI:SP.POP.4044.MA.5Y:NER,1971-12-31,3.47628763057861
WDI:SP.POP.4044.MA.5Y:NER,1972-12-31,3.47912636833523
WDI:SP.POP.4044.MA.5Y:NER,1973-12-31,3.48920683860936
WDI:SP.POP.4044.MA.5Y:NER,1974-12-31,3.50117807921045
WDI:SP.POP.4044.MA.5Y:NER,1975-12-31,3.51438342462929
WDI:SP.POP.4044.MA.5Y:NER,1976-12-31,3.52886769641156
WDI:SP.POP.4044.MA.5Y:NER,1977-12-31,3.54320828728962
WDI:SP.POP.4044.MA.5Y:NER,1978-12-31,3.55971814774785
WDI:SP.POP.4044.MA.5Y:NER,1979-12-31,3.58342998590747
WDI:SP.POP.4044.MA.5Y:NER,1980-12-31,3.61236048999473
WDI:SP.POP.4044.MA.5Y:NER,1981-12-31,3.64261352929641
WDI:SP.POP.4044.MA.5Y:NER,1982-12-31,3.67729895670409
WDI:SP.POP.4044.MA.5Y:NER,1983-12-31,3.71599216670972
WDI:SP.POP.4044.MA.5Y:NER,1984-12-31,3.75115164701539
WDI:SP.POP.4044.MA.5Y:NER,1985-12-31,3.77665442006666
WDI:SP.POP.4044.MA.5Y:NER,1986-12-31,3.78532207760805
WDI:SP.POP.4044.MA.5Y:NER,1987-12-31,3.75876230652094
WDI:SP.POP.4044.MA.5Y:NER,1988-12-31,3.76186594015638
WDI:SP.POP.4044.MA.5Y:NER,1989-12-31,3.81510377949686
WDI:SP.POP.4044.MA.5Y:NER,1990-12-31,3.87839842200326
WDI:SP.POP.4044.MA.5Y:NER,1991-12-31,3.9608231503598
WDI:SP.POP.4044.MA.5Y:NER,1992-12-31,4.06708450839545
WDI:SP.POP.4044.MA.5Y:NER,1993-12-31,4.14141892741421
WDI:SP.POP.4044.MA.5Y:NER,1994-12-31,4.16930008399759
WDI:SP.POP.4044.MA.5Y:NER,1995-12-31,4.18733762009626
WDI:SP.POP.4044.MA.5Y:NER,1996-12-31,4.19204362163651
WDI:SP.POP.4044.MA.5Y:NER,1997-12-31,4.18958530437921
WDI:SP.POP.4044.MA.5Y:NER,1998-12-31,4.18395655769386
WDI:SP.POP.4044.MA.5Y:NER,1999-12-31,4.17601075597105
WDI:SP.POP.4044.MA.5Y:NER,2000-12-31,4.16631581956248
WDI:SP.POP.4044.MA.5Y:NER,2001-12-31,4.15541033097552
WDI:SP.POP.4044.MA.5Y:NER,2002-12-31,4.14157579992915
WDI:SP.POP.4044.MA.5Y:NER,2003-12-31,4.12346695997755
WDI:SP.POP.4044.MA.5Y:NER,2004-12-31,4.10004103707324
WDI:SP.POP.4044.MA.5Y:NER,2005-12-31,4.06945979838409
WDI:SP.POP.4044.MA.5Y:NER,2006-12-31,4.03286667075969
WDI:SP.POP.4044.MA.5Y:NER,2007-12-31,3.99231103649957
WDI:SP.POP.4044.MA.5Y:NER,2008-12-31,3.94793129980245
WDI:SP.POP.4044.MA.5Y:NER,2009-12-31,3.9016207510085
WDI:SP.POP.4044.MA.5Y:NER,2010-12-31,3.85696350019761
WDI:SP.POP.4044.MA.5Y:NER,2011-12-31,3.81560947795505
WDI:SP.POP.4044.MA.5Y:NER,2012-12-31,3.78056280823905
WDI:SP.POP.4044.MA.5Y:NER,2013-12-31,3.75278514052539
WDI:SP.POP.4044.MA.5Y:NER,2014-12-31,3.73277025592793
WDI:SP.POP.4044.MA.5Y:NER,2015-12-31,3.7226315057492
WDI:SP.POP.4044.MA.5Y:NER,2016-12-31,3.72084449586682
WDI:SP.POP.4044.MA.5Y:NER,2017-12-31,3.72464908542224
WDI:SP.POP.4044.MA.5Y:NER,2018-12-31,3.7356388803701
WDI:SP.POP.4044.MA.5Y:NER,2019-12-31,3.75288173421573
WDI:SP.POP.4044.MA.5Y:NER,2020-12-31,3.77345681365269
WDI:SP.POP.4044.MA.5Y:NER,2021-12-31,3.79410796764562
WDI:SP.POP.4044.MA.5Y:NER,2022-12-31,3.81025105895857
WDI:SP.POP.4044.MA.5Y:NER,2023-12-31,3.81927684809723
WDI:SP.POP.4044.MA.5Y:NER,2024-12-31,3.82203588708147
WDI:SP.POP.4044.MA.5Y:NGA,1960-12-31,4.75667972040339
WDI:SP.POP.4044.MA.5Y:NGA,1961-12-31,4.77453252344899
WDI:SP.POP.4044.MA.5Y:NGA,1962-12-31,4.78493165038024
WDI:SP.POP.4044.MA.5Y:NGA,1963-12-31,4.78913144861629
WDI:SP.POP.4044.MA.5Y:NGA,1964-12-31,4.78983552230399
WDI:SP.POP.4044.MA.5Y:NGA,1965-12-31,4.78836499902003
WDI:SP.POP.4044.MA.5Y:NGA,1966-12-31,4.78360165111253
WDI:SP.POP.4044.MA.5Y:NGA,1967-12-31,4.77404110358392
WDI:SP.POP.4044.MA.5Y:NGA,1968-12-31,4.760093070668
WDI:SP.POP.4044.MA.5Y:NGA,1969-12-31,4.74348852534248
WDI:SP.POP.4044.MA.5Y:NGA,1970-12-31,4.72694516142435
WDI:SP.POP.4044.MA.5Y:NGA,1971-12-31,4.71076437766993
WDI:SP.POP.4044.MA.5Y:NGA,1972-12-31,4.69472512549688
WDI:SP.POP.4044.MA.5Y:NGA,1973-12-31,4.67965172742579
WDI:SP.POP.4044.MA.5Y:NGA,1974-12-31,4.66463804985457
WDI:SP.POP.4044.MA.5Y:NGA,1975-12-31,4.64877993463119
WDI:SP.POP.4044.MA.5Y:NGA,1976-12-31,4.63276129009369
WDI:SP.POP.4044.MA.5Y:NGA,1977-12-31,4.61895331120677
WDI:SP.POP.4044.MA.5Y:NGA,1978-12-31,4.60556794296287
WDI:SP.POP.4044.MA.5Y:NGA,1979-12-31,4.58914452345421
WDI:SP.POP.4044.MA.5Y:NGA,1980-12-31,4.57123415798249
WDI:SP.POP.4044.MA.5Y:NGA,1981-12-31,4.55135758903737
WDI:SP.POP.4044.MA.5Y:NGA,1982-12-31,4.5290916827651
WDI:SP.POP.4044.MA.5Y:NGA,1983-12-31,4.50707749682457
WDI:SP.POP.4044.MA.5Y:NGA,1984-12-31,4.49188758378511
WDI:SP.POP.4044.MA.5Y:NGA,1985-12-31,4.48328291372995
WDI:SP.POP.4044.MA.5Y:NGA,1986-12-31,4.47041124085596
WDI:SP.POP.4044.MA.5Y:NGA,1987-12-31,4.44147393238062
WDI:SP.POP.4044.MA.5Y:NGA,1988-12-31,4.37022170047504
WDI:SP.POP.4044.MA.5Y:NGA,1989-12-31,4.26583441479832
WDI:SP.POP.4044.MA.5Y:NGA,1990-12-31,4.17317474996538
WDI:SP.POP.4044.MA.5Y:NGA,1991-12-31,4.10095160387549
WDI:SP.POP.4044.MA.5Y:NGA,1992-12-31,4.04789690389989
WDI:SP.POP.4044.MA.5Y:NGA,1993-12-31,4.03487879645217
WDI:SP.POP.4044.MA.5Y:NGA,1994-12-31,4.05287056786851
WDI:SP.POP.4044.MA.5Y:NGA,1995-12-31,4.06662717527247
WDI:SP.POP.4044.MA.5Y:NGA,1996-12-31,4.07207674155723
WDI:SP.POP.4044.MA.5Y:NGA,1997-12-31,4.07902724534407
WDI:SP.POP.4044.MA.5Y:NGA,1998-12-31,4.08683158814894
WDI:SP.POP.4044.MA.5Y:NGA,1999-12-31,4.09181323678794
WDI:SP.POP.4044.MA.5Y:NGA,2000-12-31,4.0924135140117
WDI:SP.POP.4044.MA.5Y:NGA,2001-12-31,4.09013824175617
WDI:SP.POP.4044.MA.5Y:NGA,2002-12-31,4.08794515960984
WDI:SP.POP.4044.MA.5Y:NGA,2003-12-31,4.08644349450251
WDI:SP.POP.4044.MA.5Y:NGA,2004-12-31,4.08675301474831
WDI:SP.POP.4044.MA.5Y:NGA,2005-12-31,4.08867237623518
WDI:SP.POP.4044.MA.5Y:NGA,2006-12-31,4.09204276019436
WDI:SP.POP.4044.MA.5Y:NGA,2007-12-31,4.09814002445848
WDI:SP.POP.4044.MA.5Y:NGA,2008-12-31,4.10772565936624
WDI:SP.POP.4044.MA.5Y:NGA,2009-12-31,4.12105967515127
WDI:SP.POP.4044.MA.5Y:NGA,2010-12-31,4.13830431018341
WDI:SP.POP.4044.MA.5Y:NGA,2011-12-31,4.16187193483273
WDI:SP.POP.4044.MA.5Y:NGA,2012-12-31,4.1923215428864
WDI:SP.POP.4044.MA.5Y:NGA,2013-12-31,4.22946523089515
WDI:SP.POP.4044.MA.5Y:NGA,2014-12-31,4.27692350884031
WDI:SP.POP.4044.MA.5Y:NGA,2015-12-31,4.33750717676745
WDI:SP.POP.4044.MA.5Y:NGA,2016-12-31,4.4070367464669
WDI:SP.POP.4044.MA.5Y:NGA,2017-12-31,4.48150868703803
WDI:SP.POP.4044.MA.5Y:NGA,2018-12-31,4.55885057561811
WDI:SP.POP.4044.MA.5Y:NGA,2019-12-31,4.62859703514514
WDI:SP.POP.4044.MA.5Y:NGA,2020-12-31,4.68274073069471
WDI:SP.POP.4044.MA.5Y:NGA,2021-12-31,4.72162064474434
WDI:SP.POP.4044.MA.5Y:NGA,2022-12-31,4.74819927709346
WDI:SP.POP.4044.MA.5Y:NGA,2023-12-31,4.76576965004154
WDI:SP.POP.4044.MA.5Y:NGA,2024-12-31,4.76632385974239
WDI:SP.POP.4044.MA.5Y:NIC,1960-12-31,3.86007543680617
WDI:SP.POP.4044.MA.5Y:NIC,1961-12-31,3.85640269303759
WDI:SP.POP.4044.MA.5Y:NIC,1962-12-31,3.86093561993486
WDI:SP.POP.4044.MA.5Y:NIC,1963-12-31,3.86820524359457
WDI:SP.POP.4044.MA.5Y:NIC,1964-12-31,3.87039841146811
WDI:SP.POP.4044.MA.5Y:NIC,1965-12-31,3.86548883432374
WDI:SP.POP.4044.MA.5Y:NIC,1966-12-31,3.85331880089542
WDI:SP.POP.4044.MA.5Y:NIC,1967-12-31,3.83313065106764
WDI:SP.POP.4044.MA.5Y:NIC,1968-12-31,3.80910974821184
WDI:SP.POP.4044.MA.5Y:NIC,1969-12-31,3.78743924145957
WDI:SP.POP.4044.MA.5Y:NIC,1970-12-31,3.76988760689167
WDI:SP.POP.4044.MA.5Y:NIC,1971-12-31,3.75645407401985
WDI:SP.POP.4044.MA.5Y:NIC,1972-12-31,3.74880059009404
WDI:SP.POP.4044.MA.5Y:NIC,1973-12-31,3.74372733804567
WDI:SP.POP.4044.MA.5Y:NIC,1974-12-31,3.73586376938905
WDI:SP.POP.4044.MA.5Y:NIC,1975-12-31,3.72456626380362
WDI:SP.POP.4044.MA.5Y:NIC,1976-12-31,3.71014960945976
WDI:SP.POP.4044.MA.5Y:NIC,1977-12-31,3.69118799113765
WDI:SP.POP.4044.MA.5Y:NIC,1978-12-31,3.6673325182542
WDI:SP.POP.4044.MA.5Y:NIC,1979-12-31,3.63805032119128
WDI:SP.POP.4044.MA.5Y:NIC,1980-12-31,3.60990873111423
WDI:SP.POP.4044.MA.5Y:NIC,1981-12-31,3.5836609602355
WDI:SP.POP.4044.MA.5Y:NIC,1982-12-31,3.55580474405697
WDI:SP.POP.4044.MA.5Y:NIC,1983-12-31,3.52538606949036
WDI:SP.POP.4044.MA.5Y:NIC,1984-12-31,3.48675613681867
WDI:SP.POP.4044.MA.5Y:NIC,1985-12-31,3.44284714145898
WDI:SP.POP.4044.MA.5Y:NIC,1986-12-31,3.39818612473947
WDI:SP.POP.4044.MA.5Y:NIC,1987-12-31,3.35900111924706
WDI:SP.POP.4044.MA.5Y:NIC,1988-12-31,3.34888328192667
WDI:SP.POP.4044.MA.5Y:NIC,1989-12-31,3.39449716188731
WDI:SP.POP.4044.MA.5Y:NIC,1990-12-31,3.47950986068582
WDI:SP.POP.4044.MA.5Y:NIC,1991-12-31,3.57473644799138
WDI:SP.POP.4044.MA.5Y:NIC,1992-12-31,3.66675947785517
WDI:SP.POP.4044.MA.5Y:NIC,1993-12-31,3.73665175041848
WDI:SP.POP.4044.MA.5Y:NIC,1994-12-31,3.76825025750643
WDI:SP.POP.4044.MA.5Y:NIC,1995-12-31,3.77622300911361
WDI:SP.POP.4044.MA.5Y:NIC,1996-12-31,3.80034765697587
WDI:SP.POP.4044.MA.5Y:NIC,1997-12-31,3.84834217555777
WDI:SP.POP.4044.MA.5Y:NIC,1998-12-31,3.90908800874789
WDI:SP.POP.4044.MA.5Y:NIC,1999-12-31,3.98060469622226
WDI:SP.POP.4044.MA.5Y:NIC,2000-12-31,4.06064188178807
WDI:SP.POP.4044.MA.5Y:NIC,2001-12-31,4.14613942363706
WDI:SP.POP.4044.MA.5Y:NIC,2002-12-31,4.23648722688737
WDI:SP.POP.4044.MA.5Y:NIC,2003-12-31,4.33269227122304
WDI:SP.POP.4044.MA.5Y:NIC,2004-12-31,4.43491165422251
WDI:SP.POP.4044.MA.5Y:NIC,2005-12-31,4.54151223644338
WDI:SP.POP.4044.MA.5Y:NIC,2006-12-31,4.64246603367149
WDI:SP.POP.4044.MA.5Y:NIC,2007-12-31,4.74135167061975
WDI:SP.POP.4044.MA.5Y:NIC,2008-12-31,4.84903340828841
WDI:SP.POP.4044.MA.5Y:NIC,2009-12-31,4.96200243263658
WDI:SP.POP.4044.MA.5Y:NIC,2010-12-31,5.0748761087818
WDI:SP.POP.4044.MA.5Y:NIC,2011-12-31,5.1858739897506
WDI:SP.POP.4044.MA.5Y:NIC,2012-12-31,5.29330007484196
WDI:SP.POP.4044.MA.5Y:NIC,2013-12-31,5.39724730265227
WDI:SP.POP.4044.MA.5Y:NIC,2014-12-31,5.49680757624948
WDI:SP.POP.4044.MA.5Y:NIC,2015-12-31,5.58895438103632
WDI:SP.POP.4044.MA.5Y:NIC,2016-12-31,5.67364389944727
WDI:SP.POP.4044.MA.5Y:NIC,2017-12-31,5.75259142897038
WDI:SP.POP.4044.MA.5Y:NIC,2018-12-31,5.8229244517092
WDI:SP.POP.4044.MA.5Y:NIC,2019-12-31,5.88905738726306
WDI:SP.POP.4044.MA.5Y:NIC,2020-12-31,5.96047549603121
WDI:SP.POP.4044.MA.5Y:NIC,2021-12-31,6.02924757701375
WDI:SP.POP.4044.MA.5Y:NIC,2022-12-31,6.09204499711696
WDI:SP.POP.4044.MA.5Y:NIC,2023-12-31,6.15883301490916
WDI:SP.POP.4044.MA.5Y:NIC,2024-12-31,6.22988382423943
WDI:SP.POP.4044.MA.5Y:NLD,1960-12-31,5.7607875734985
WDI:SP.POP.4044.MA.5Y:NLD,1961-12-31,5.86585247096051
WDI:SP.POP.4044.MA.5Y:NLD,1962-12-31,5.94032257077443
WDI:SP.POP.4044.MA.5Y:NLD,1963-12-31,6.0486423622553
WDI:SP.POP.4044.MA.5Y:NLD,1964-12-31,6.14797729986264
WDI:SP.POP.4044.MA.5Y:NLD,1965-12-31,6.11257157073879
WDI:SP.POP.4044.MA.5Y:NLD,1966-12-31,6.00172771592371
WDI:SP.POP.4044.MA.5Y:NLD,1967-12-31,5.91901145623578
WDI:SP.POP.4044.MA.5Y:NLD,1968-12-31,5.84606814463257
WDI:SP.POP.4044.MA.5Y:NLD,1969-12-31,5.79197810441539
WDI:SP.POP.4044.MA.5Y:NLD,1970-12-31,5.7878001827362
WDI:SP.POP.4044.MA.5Y:NLD,1971-12-31,5.80373054172115
WDI:SP.POP.4044.MA.5Y:NLD,1972-12-31,5.82406160092889
WDI:SP.POP.4044.MA.5Y:NLD,1973-12-31,5.83166587441397
WDI:SP.POP.4044.MA.5Y:NLD,1974-12-31,5.81801673636698
WDI:SP.POP.4044.MA.5Y:NLD,1975-12-31,5.79597491708625
WDI:SP.POP.4044.MA.5Y:NLD,1976-12-31,5.77823001669487
WDI:SP.POP.4044.MA.5Y:NLD,1977-12-31,5.77429654347109
WDI:SP.POP.4044.MA.5Y:NLD,1978-12-31,5.81085776237664
WDI:SP.POP.4044.MA.5Y:NLD,1979-12-31,5.88727945370795
WDI:SP.POP.4044.MA.5Y:NLD,1980-12-31,5.97536081850749
WDI:SP.POP.4044.MA.5Y:NLD,1981-12-31,6.0614701000935
WDI:SP.POP.4044.MA.5Y:NLD,1982-12-31,6.13589338670252
WDI:SP.POP.4044.MA.5Y:NLD,1983-12-31,6.23813836636684
WDI:SP.POP.4044.MA.5Y:NLD,1984-12-31,6.39323989789651
WDI:SP.POP.4044.MA.5Y:NLD,1985-12-31,6.52421735230436
WDI:SP.POP.4044.MA.5Y:NLD,1986-12-31,6.87409120081395
WDI:SP.POP.4044.MA.5Y:NLD,1987-12-31,7.41600194774899
WDI:SP.POP.4044.MA.5Y:NLD,1988-12-31,7.79080959700086
WDI:SP.POP.4044.MA.5Y:NLD,1989-12-31,8.01355178899478
WDI:SP.POP.4044.MA.5Y:NLD,1990-12-31,8.17948079147853
WDI:SP.POP.4044.MA.5Y:NLD,1991-12-31,8.10425800769594
WDI:SP.POP.4044.MA.5Y:NLD,1992-12-31,7.84472532346514
WDI:SP.POP.4044.MA.5Y:NLD,1993-12-31,7.6883269819417
WDI:SP.POP.4044.MA.5Y:NLD,1994-12-31,7.60846172746365
WDI:SP.POP.4044.MA.5Y:NLD,1995-12-31,7.58709321475272
WDI:SP.POP.4044.MA.5Y:NLD,1996-12-31,7.61447706649414
WDI:SP.POP.4044.MA.5Y:NLD,1997-12-31,7.65489936991245
WDI:SP.POP.4044.MA.5Y:NLD,1998-12-31,7.70281838409026
WDI:SP.POP.4044.MA.5Y:NLD,1999-12-31,7.78469650244338
WDI:SP.POP.4044.MA.5Y:NLD,2000-12-31,7.885538589144
WDI:SP.POP.4044.MA.5Y:NLD,2001-12-31,7.98540306163876
WDI:SP.POP.4044.MA.5Y:NLD,2002-12-31,8.07743266662508
WDI:SP.POP.4044.MA.5Y:NLD,2003-12-31,8.16919750964062
WDI:SP.POP.4044.MA.5Y:NLD,2004-12-31,8.25617304401032
WDI:SP.POP.4044.MA.5Y:NLD,2005-12-31,8.31404944851021
WDI:SP.POP.4044.MA.5Y:NLD,2006-12-31,8.30815577306129
WDI:SP.POP.4044.MA.5Y:NLD,2007-12-31,8.24767164345194
WDI:SP.POP.4044.MA.5Y:NLD,2008-12-31,8.1556627051787
WDI:SP.POP.4044.MA.5Y:NLD,2009-12-31,8.07251480011502
WDI:SP.POP.4044.MA.5Y:NLD,2010-12-31,8.00246697068744
WDI:SP.POP.4044.MA.5Y:NLD,2011-12-31,7.90883714819743
WDI:SP.POP.4044.MA.5Y:NLD,2012-12-31,7.7683360719915
WDI:SP.POP.4044.MA.5Y:NLD,2013-12-31,7.54150157856278
WDI:SP.POP.4044.MA.5Y:NLD,2014-12-31,7.2034912359621
WDI:SP.POP.4044.MA.5Y:NLD,2015-12-31,6.81036355639554
WDI:SP.POP.4044.MA.5Y:NLD,2016-12-31,6.44784175195148
WDI:SP.POP.4044.MA.5Y:NLD,2017-12-31,6.15613398324376
WDI:SP.POP.4044.MA.5Y:NLD,2018-12-31,5.97700539833936
WDI:SP.POP.4044.MA.5Y:NLD,2019-12-31,5.89528086092473
WDI:SP.POP.4044.MA.5Y:NLD,2020-12-31,5.89289042327318
WDI:SP.POP.4044.MA.5Y:NLD,2021-12-31,5.9376257530411
WDI:SP.POP.4044.MA.5Y:NLD,2022-12-31,5.98399012464886
WDI:SP.POP.4044.MA.5Y:NLD,2023-12-31,6.02712108508377
WDI:SP.POP.4044.MA.5Y:NLD,2024-12-31,6.07102291988783
WDI:SP.POP.4044.MA.5Y:NOR,1960-12-31,7.12756900897104
WDI:SP.POP.4044.MA.5Y:NOR,1961-12-31,7.23990127432627
WDI:SP.POP.4044.MA.5Y:NOR,1962-12-31,7.23761847333183
WDI:SP.POP.4044.MA.5Y:NOR,1963-12-31,7.20412701401875
WDI:SP.POP.4044.MA.5Y:NOR,1964-12-31,7.1831059758389
WDI:SP.POP.4044.MA.5Y:NOR,1965-12-31,7.00910357557871
WDI:SP.POP.4044.MA.5Y:NOR,1966-12-31,6.74939567712519
WDI:SP.POP.4044.MA.5Y:NOR,1967-12-31,6.52754180725379
WDI:SP.POP.4044.MA.5Y:NOR,1968-12-31,6.2639495416128
WDI:SP.POP.4044.MA.5Y:NOR,1969-12-31,6.00887766805314
WDI:SP.POP.4044.MA.5Y:NOR,1970-12-31,5.82207616963459
WDI:SP.POP.4044.MA.5Y:NOR,1971-12-31,5.65560473154153
WDI:SP.POP.4044.MA.5Y:NOR,1972-12-31,5.49993544766723
WDI:SP.POP.4044.MA.5Y:NOR,1973-12-31,5.35786436116247
WDI:SP.POP.4044.MA.5Y:NOR,1974-12-31,5.19944366783364
WDI:SP.POP.4044.MA.5Y:NOR,1975-12-31,5.03390852234195
WDI:SP.POP.4044.MA.5Y:NOR,1976-12-31,4.90838208675395
WDI:SP.POP.4044.MA.5Y:NOR,1977-12-31,4.85110953021104
WDI:SP.POP.4044.MA.5Y:NOR,1978-12-31,4.86085481463452
WDI:SP.POP.4044.MA.5Y:NOR,1979-12-31,4.94410102155207
WDI:SP.POP.4044.MA.5Y:NOR,1980-12-31,5.07693348663727
WDI:SP.POP.4044.MA.5Y:NOR,1981-12-31,5.19668299135536
WDI:SP.POP.4044.MA.5Y:NOR,1982-12-31,5.33308689140011
WDI:SP.POP.4044.MA.5Y:NOR,1983-12-31,5.56450904334899
WDI:SP.POP.4044.MA.5Y:NOR,1984-12-31,5.90360439682793
WDI:SP.POP.4044.MA.5Y:NOR,1985-12-31,6.31123451907585
WDI:SP.POP.4044.MA.5Y:NOR,1986-12-31,6.82168066643577
WDI:SP.POP.4044.MA.5Y:NOR,1987-12-31,7.32048249112201
WDI:SP.POP.4044.MA.5Y:NOR,1988-12-31,7.63032756533128
WDI:SP.POP.4044.MA.5Y:NOR,1989-12-31,7.7577937506502
WDI:SP.POP.4044.MA.5Y:NOR,1990-12-31,7.74892669737026
WDI:SP.POP.4044.MA.5Y:NOR,1991-12-31,7.61060426585268
WDI:SP.POP.4044.MA.5Y:NOR,1992-12-31,7.43001735502609
WDI:SP.POP.4044.MA.5Y:NOR,1993-12-31,7.33026460728138
WDI:SP.POP.4044.MA.5Y:NOR,1994-12-31,7.27482958999472
WDI:SP.POP.4044.MA.5Y:NOR,1995-12-31,7.263957398479
WDI:SP.POP.4044.MA.5Y:NOR,1996-12-31,7.29375254459798
WDI:SP.POP.4044.MA.5Y:NOR,1997-12-31,7.31058756944669
WDI:SP.POP.4044.MA.5Y:NOR,1998-12-31,7.3051694803151
WDI:SP.POP.4044.MA.5Y:NOR,1999-12-31,7.31804124376587
WDI:SP.POP.4044.MA.5Y:NOR,2000-12-31,7.31196245240064
WDI:SP.POP.4044.MA.5Y:NOR,2001-12-31,7.28275930523755
WDI:SP.POP.4044.MA.5Y:NOR,2002-12-31,7.27453214537815
WDI:SP.POP.4044.MA.5Y:NOR,2003-12-31,7.28044402357135
WDI:SP.POP.4044.MA.5Y:NOR,2004-12-31,7.31162078865894
WDI:SP.POP.4044.MA.5Y:NOR,2005-12-31,7.39058360932568
WDI:SP.POP.4044.MA.5Y:NOR,2006-12-31,7.49641227706794
WDI:SP.POP.4044.MA.5Y:NOR,2007-12-31,7.59546677805
WDI:SP.POP.4044.MA.5Y:NOR,2008-12-31,7.68894412467003
WDI:SP.POP.4044.MA.5Y:NOR,2009-12-31,7.74669737283102
WDI:SP.POP.4044.MA.5Y:NOR,2010-12-31,7.73271770973617
WDI:SP.POP.4044.MA.5Y:NOR,2011-12-31,7.69316850814303
WDI:SP.POP.4044.MA.5Y:NOR,2012-12-31,7.66085446617018
WDI:SP.POP.4044.MA.5Y:NOR,2013-12-31,7.59243963830502
WDI:SP.POP.4044.MA.5Y:NOR,2014-12-31,7.47332875867789
WDI:SP.POP.4044.MA.5Y:NOR,2015-12-31,7.3325539498452
WDI:SP.POP.4044.MA.5Y:NOR,2016-12-31,7.15578684835375
WDI:SP.POP.4044.MA.5Y:NOR,2017-12-31,6.941129875801
WDI:SP.POP.4044.MA.5Y:NOR,2018-12-31,6.76103921382196
WDI:SP.POP.4044.MA.5Y:NOR,2019-12-31,6.64833899102325
WDI:SP.POP.4044.MA.5Y:NOR,2020-12-31,6.59221058801195
WDI:SP.POP.4044.MA.5Y:NOR,2021-12-31,6.56631948962592
WDI:SP.POP.4044.MA.5Y:NOR,2022-12-31,6.5819952509084
WDI:SP.POP.4044.MA.5Y:NOR,2023-12-31,6.62756812309011
WDI:SP.POP.4044.MA.5Y:NOR,2024-12-31,6.63926850465635
WDI:SP.POP.4044.MA.5Y:NPL,1960-12-31,4.85578980454565
WDI:SP.POP.4044.MA.5Y:NPL,1961-12-31,4.8414291961562
WDI:SP.POP.4044.MA.5Y:NPL,1962-12-31,4.82515004666013
WDI:SP.POP.4044.MA.5Y:NPL,1963-12-31,4.80855354766396
WDI:SP.POP.4044.MA.5Y:NPL,1964-12-31,4.79257813600751
WDI:SP.POP.4044.MA.5Y:NPL,1965-12-31,4.77807349057686
WDI:SP.POP.4044.MA.5Y:NPL,1966-12-31,4.76483228036563
WDI:SP.POP.4044.MA.5Y:NPL,1967-12-31,4.75198819451629
WDI:SP.POP.4044.MA.5Y:NPL,1968-12-31,4.73871515417967
WDI:SP.POP.4044.MA.5Y:NPL,1969-12-31,4.7251168828462
WDI:SP.POP.4044.MA.5Y:NPL,1970-12-31,4.71185602081989
WDI:SP.POP.4044.MA.5Y:NPL,1971-12-31,4.6986202447684
WDI:SP.POP.4044.MA.5Y:NPL,1972-12-31,4.68689035803104
WDI:SP.POP.4044.MA.5Y:NPL,1973-12-31,4.6795327916075
WDI:SP.POP.4044.MA.5Y:NPL,1974-12-31,4.67534826160971
WDI:SP.POP.4044.MA.5Y:NPL,1975-12-31,4.67236883132516
WDI:SP.POP.4044.MA.5Y:NPL,1976-12-31,4.66873123776028
WDI:SP.POP.4044.MA.5Y:NPL,1977-12-31,4.66375787561467
WDI:SP.POP.4044.MA.5Y:NPL,1978-12-31,4.6561538611197
WDI:SP.POP.4044.MA.5Y:NPL,1979-12-31,4.64350339370843
WDI:SP.POP.4044.MA.5Y:NPL,1980-12-31,4.66237882091351
WDI:SP.POP.4044.MA.5Y:NPL,1981-12-31,4.72268509527887
WDI:SP.POP.4044.MA.5Y:NPL,1982-12-31,4.794921834932
WDI:SP.POP.4044.MA.5Y:NPL,1983-12-31,4.86922728172753
WDI:SP.POP.4044.MA.5Y:NPL,1984-12-31,4.93353763384648
WDI:SP.POP.4044.MA.5Y:NPL,1985-12-31,4.95033942074951
WDI:SP.POP.4044.MA.5Y:NPL,1986-12-31,4.92170045751051
WDI:SP.POP.4044.MA.5Y:NPL,1987-12-31,4.89367424350808
WDI:SP.POP.4044.MA.5Y:NPL,1988-12-31,4.88755550145966
WDI:SP.POP.4044.MA.5Y:NPL,1989-12-31,4.8837090338642
WDI:SP.POP.4044.MA.5Y:NPL,1990-12-31,4.87324646402632
WDI:SP.POP.4044.MA.5Y:NPL,1991-12-31,4.86618778489792
WDI:SP.POP.4044.MA.5Y:NPL,1992-12-31,4.8472241804037
WDI:SP.POP.4044.MA.5Y:NPL,1993-12-31,4.80117407453896
WDI:SP.POP.4044.MA.5Y:NPL,1994-12-31,4.75365446688325
WDI:SP.POP.4044.MA.5Y:NPL,1995-12-31,4.71929641689536
WDI:SP.POP.4044.MA.5Y:NPL,1996-12-31,4.68230852063883
WDI:SP.POP.4044.MA.5Y:NPL,1997-12-31,4.64592984834656
WDI:SP.POP.4044.MA.5Y:NPL,1998-12-31,4.61095077972561
WDI:SP.POP.4044.MA.5Y:NPL,1999-12-31,4.57571049824069
WDI:SP.POP.4044.MA.5Y:NPL,2000-12-31,4.54587706154204
WDI:SP.POP.4044.MA.5Y:NPL,2001-12-31,4.52818523188671
WDI:SP.POP.4044.MA.5Y:NPL,2002-12-31,4.53206027492909
WDI:SP.POP.4044.MA.5Y:NPL,2003-12-31,4.55455700035505
WDI:SP.POP.4044.MA.5Y:NPL,2004-12-31,4.58688339383604
WDI:SP.POP.4044.MA.5Y:NPL,2005-12-31,4.62474903979739
WDI:SP.POP.4044.MA.5Y:NPL,2006-12-31,4.66454839835329
WDI:SP.POP.4044.MA.5Y:NPL,2007-12-31,4.70978044375707
WDI:SP.POP.4044.MA.5Y:NPL,2008-12-31,4.7631573138699
WDI:SP.POP.4044.MA.5Y:NPL,2009-12-31,4.82016696749535
WDI:SP.POP.4044.MA.5Y:NPL,2010-12-31,4.87861015208059
WDI:SP.POP.4044.MA.5Y:NPL,2011-12-31,4.91328258735634
WDI:SP.POP.4044.MA.5Y:NPL,2012-12-31,4.91310630728108
WDI:SP.POP.4044.MA.5Y:NPL,2013-12-31,4.88926626130224
WDI:SP.POP.4044.MA.5Y:NPL,2014-12-31,4.85827605118024
WDI:SP.POP.4044.MA.5Y:NPL,2015-12-31,4.83433675405843
WDI:SP.POP.4044.MA.5Y:NPL,2016-12-31,4.7990643327378
WDI:SP.POP.4044.MA.5Y:NPL,2017-12-31,4.74770112342776
WDI:SP.POP.4044.MA.5Y:NPL,2018-12-31,4.70143489250835
WDI:SP.POP.4044.MA.5Y:NPL,2019-12-31,4.83634220829302
WDI:SP.POP.4044.MA.5Y:NPL,2020-12-31,5.16977006524768
WDI:SP.POP.4044.MA.5Y:NPL,2021-12-31,5.37986580593458
WDI:SP.POP.4044.MA.5Y:NPL,2022-12-31,5.42055335976645
WDI:SP.POP.4044.MA.5Y:NPL,2023-12-31,5.43910885966735
WDI:SP.POP.4044.MA.5Y:NPL,2024-12-31,5.46549588191103
WDI:SP.POP.4044.MA.5Y:NRU,1960-12-31,7.11354309165527
WDI:SP.POP.4044.MA.5Y:NRU,1961-12-31,7.45117347776137
WDI:SP.POP.4044.MA.5Y:NRU,1962-12-31,7.62296378301439
WDI:SP.POP.4044.MA.5Y:NRU,1963-12-31,7.58452634785258
WDI:SP.POP.4044.MA.5Y:NRU,1964-12-31,7.48538011695906
WDI:SP.POP.4044.MA.5Y:NRU,1965-12-31,7.35870173475098
WDI:SP.POP.4044.MA.5Y:NRU,1966-12-31,7.34394124847001
WDI:SP.POP.4044.MA.5Y:NRU,1967-12-31,7.48381877022654
WDI:SP.POP.4044.MA.5Y:NRU,1968-12-31,8.30982303154655
WDI:SP.POP.4044.MA.5Y:NRU,1969-12-31,9.28588545410975
WDI:SP.POP.4044.MA.5Y:NRU,1970-12-31,9.62798315395414
WDI:SP.POP.4044.MA.5Y:NRU,1971-12-31,9.70862470862471
WDI:SP.POP.4044.MA.5Y:NRU,1972-12-31,9.69915205018005
WDI:SP.POP.4044.MA.5Y:NRU,1973-12-31,9.59759481961147
WDI:SP.POP.4044.MA.5Y:NRU,1974-12-31,9.37464010134746
WDI:SP.POP.4044.MA.5Y:NRU,1975-12-31,9.02937127122533
WDI:SP.POP.4044.MA.5Y:NRU,1976-12-31,8.78393794204882
WDI:SP.POP.4044.MA.5Y:NRU,1977-12-31,8.46294602012809
WDI:SP.POP.4044.MA.5Y:NRU,1978-12-31,7.99076212471132
WDI:SP.POP.4044.MA.5Y:NRU,1979-12-31,7.68158047646717
WDI:SP.POP.4044.MA.5Y:NRU,1980-12-31,7.44892002335085
WDI:SP.POP.4044.MA.5Y:NRU,1981-12-31,7.18724352210107
WDI:SP.POP.4044.MA.5Y:NRU,1982-12-31,7.11597271230299
WDI:SP.POP.4044.MA.5Y:NRU,1983-12-31,7.04390702042733
WDI:SP.POP.4044.MA.5Y:NRU,1984-12-31,6.67439165701043
WDI:SP.POP.4044.MA.5Y:NRU,1985-12-31,6.24503236062223
WDI:SP.POP.4044.MA.5Y:NRU,1986-12-31,5.8
WDI:SP.POP.4044.MA.5Y:NRU,1987-12-31,5.2991638614399
WDI:SP.POP.4044.MA.5Y:NRU,1988-12-31,5.0037103784586
WDI:SP.POP.4044.MA.5Y:NRU,1989-12-31,4.97826536948872
WDI:SP.POP.4044.MA.5Y:NRU,1990-12-31,5.13079486920513
WDI:SP.POP.4044.MA.5Y:NRU,1991-12-31,5.37931034482759
WDI:SP.POP.4044.MA.5Y:NRU,1992-12-31,5.57383394619702
WDI:SP.POP.4044.MA.5Y:NRU,1993-12-31,5.74006527164523
WDI:SP.POP.4044.MA.5Y:NRU,1994-12-31,5.92677564286397
WDI:SP.POP.4044.MA.5Y:NRU,1995-12-31,5.96645062905071
WDI:SP.POP.4044.MA.5Y:NRU,1996-12-31,5.88291199391751
WDI:SP.POP.4044.MA.5Y:NRU,1997-12-31,5.8321479374111
WDI:SP.POP.4044.MA.5Y:NRU,1998-12-31,5.78582946030542
WDI:SP.POP.4044.MA.5Y:NRU,1999-12-31,5.67362428842505
WDI:SP.POP.4044.MA.5Y:NRU,2000-12-31,5.64316929507885
WDI:SP.POP.4044.MA.5Y:NRU,2001-12-31,5.76280889228127
WDI:SP.POP.4044.MA.5Y:NRU,2002-12-31,5.87219343696028
WDI:SP.POP.4044.MA.5Y:NRU,2003-12-31,5.94859948021946
WDI:SP.POP.4044.MA.5Y:NRU,2004-12-31,6.1006168080185
WDI:SP.POP.4044.MA.5Y:NRU,2005-12-31,6.25846391952022
WDI:SP.POP.4044.MA.5Y:NRU,2006-12-31,6.38834951456311
WDI:SP.POP.4044.MA.5Y:NRU,2007-12-31,6.37904168289832
WDI:SP.POP.4044.MA.5Y:NRU,2008-12-31,6.1041117296611
WDI:SP.POP.4044.MA.5Y:NRU,2009-12-31,5.7271305707584
WDI:SP.POP.4044.MA.5Y:NRU,2010-12-31,5.30472940029254
WDI:SP.POP.4044.MA.5Y:NRU,2011-12-31,4.87308661112188
WDI:SP.POP.4044.MA.5Y:NRU,2012-12-31,4.66400152293927
WDI:SP.POP.4044.MA.5Y:NRU,2013-12-31,4.74907063197026
WDI:SP.POP.4044.MA.5Y:NRU,2014-12-31,4.8056794393374
WDI:SP.POP.4044.MA.5Y:NRU,2015-12-31,4.75638051044084
WDI:SP.POP.4044.MA.5Y:NRU,2016-12-31,4.82244629548444
WDI:SP.POP.4044.MA.5Y:NRU,2017-12-31,4.96374309392265
WDI:SP.POP.4044.MA.5Y:NRU,2018-12-31,5.02170397480637
WDI:SP.POP.4044.MA.5Y:NRU,2019-12-31,5.17968618187953
WDI:SP.POP.4044.MA.5Y:NRU,2020-12-31,5.58922558922559
WDI:SP.POP.4044.MA.5Y:NRU,2021-12-31,5.9444956820659
WDI:SP.POP.4044.MA.5Y:NRU,2022-12-31,6.18136439267887
WDI:SP.POP.4044.MA.5Y:NRU,2023-12-31,6.36574074074074
WDI:SP.POP.4044.MA.5Y:NRU,2024-12-31,6.5187011919441
WDI:SP.POP.4044.MA.5Y:NZL,1960-12-31,5.95925510774481
WDI:SP.POP.4044.MA.5Y:NZL,1961-12-31,5.93494809801924
WDI:SP.POP.4044.MA.5Y:NZL,1962-12-31,5.96367994033837
WDI:SP.POP.4044.MA.5Y:NZL,1963-12-31,6.02327200023226
WDI:SP.POP.4044.MA.5Y:NZL,1964-12-31,6.07681130132702
WDI:SP.POP.4044.MA.5Y:NZL,1965-12-31,6.09135443831409
WDI:SP.POP.4044.MA.5Y:NZL,1966-12-31,6.08274649195964
WDI:SP.POP.4044.MA.5Y:NZL,1967-12-31,6.07316469844527
WDI:SP.POP.4044.MA.5Y:NZL,1968-12-31,6.03837152240383
WDI:SP.POP.4044.MA.5Y:NZL,1969-12-31,5.97018895856198
WDI:SP.POP.4044.MA.5Y:NZL,1970-12-31,5.88563700266837
WDI:SP.POP.4044.MA.5Y:NZL,1971-12-31,5.77651306875686
WDI:SP.POP.4044.MA.5Y:NZL,1972-12-31,5.63007222596006
WDI:SP.POP.4044.MA.5Y:NZL,1973-12-31,5.46623761793939
WDI:SP.POP.4044.MA.5Y:NZL,1974-12-31,5.30407645719697
WDI:SP.POP.4044.MA.5Y:NZL,1975-12-31,5.14639946597847
WDI:SP.POP.4044.MA.5Y:NZL,1976-12-31,5.03529707355405
WDI:SP.POP.4044.MA.5Y:NZL,1977-12-31,5.01118186787643
WDI:SP.POP.4044.MA.5Y:NZL,1978-12-31,5.0490885830003
WDI:SP.POP.4044.MA.5Y:NZL,1979-12-31,5.12906518232967
WDI:SP.POP.4044.MA.5Y:NZL,1980-12-31,5.27581462435159
WDI:SP.POP.4044.MA.5Y:NZL,1981-12-31,5.46164685446709
WDI:SP.POP.4044.MA.5Y:NZL,1982-12-31,5.60619254347218
WDI:SP.POP.4044.MA.5Y:NZL,1983-12-31,5.70059135972683
WDI:SP.POP.4044.MA.5Y:NZL,1984-12-31,5.79016013422286
WDI:SP.POP.4044.MA.5Y:NZL,1985-12-31,5.89978781873896
WDI:SP.POP.4044.MA.5Y:NZL,1986-12-31,6.04842433159525
WDI:SP.POP.4044.MA.5Y:NZL,1987-12-31,6.23413256380992
WDI:SP.POP.4044.MA.5Y:NZL,1988-12-31,6.44447267610038
WDI:SP.POP.4044.MA.5Y:NZL,1989-12-31,6.69302597840386
WDI:SP.POP.4044.MA.5Y:NZL,1990-12-31,6.93983782025836
WDI:SP.POP.4044.MA.5Y:NZL,1991-12-31,7.05438259122014
WDI:SP.POP.4044.MA.5Y:NZL,1992-12-31,7.03214298756879
WDI:SP.POP.4044.MA.5Y:NZL,1993-12-31,6.99350046319746
WDI:SP.POP.4044.MA.5Y:NZL,1994-12-31,6.99306441451641
WDI:SP.POP.4044.MA.5Y:NZL,1995-12-31,7.03133669403702
WDI:SP.POP.4044.MA.5Y:NZL,1996-12-31,7.10548912827725
WDI:SP.POP.4044.MA.5Y:NZL,1997-12-31,7.19895871671775
WDI:SP.POP.4044.MA.5Y:NZL,1998-12-31,7.30183626146581
WDI:SP.POP.4044.MA.5Y:NZL,1999-12-31,7.41572503234561
WDI:SP.POP.4044.MA.5Y:NZL,2000-12-31,7.52518366277866
WDI:SP.POP.4044.MA.5Y:NZL,2001-12-31,7.62394768809609
WDI:SP.POP.4044.MA.5Y:NZL,2002-12-31,7.71681239648246
WDI:SP.POP.4044.MA.5Y:NZL,2003-12-31,7.7819104255771
WDI:SP.POP.4044.MA.5Y:NZL,2004-12-31,7.7886830230359
WDI:SP.POP.4044.MA.5Y:NZL,2005-12-31,7.72607721707669
WDI:SP.POP.4044.MA.5Y:NZL,2006-12-31,7.60348339607423
WDI:SP.POP.4044.MA.5Y:NZL,2007-12-31,7.44718311137377
WDI:SP.POP.4044.MA.5Y:NZL,2008-12-31,7.29292828979137
WDI:SP.POP.4044.MA.5Y:NZL,2009-12-31,7.16617546179908
WDI:SP.POP.4044.MA.5Y:NZL,2010-12-31,7.07946369922792
WDI:SP.POP.4044.MA.5Y:NZL,2011-12-31,7.03213218868376
WDI:SP.POP.4044.MA.5Y:NZL,2012-12-31,6.98706144382593
WDI:SP.POP.4044.MA.5Y:NZL,2013-12-31,6.90250352293798
WDI:SP.POP.4044.MA.5Y:NZL,2014-12-31,6.77019282894953
WDI:SP.POP.4044.MA.5Y:NZL,2015-12-31,6.59060617158311
WDI:SP.POP.4044.MA.5Y:NZL,2016-12-31,6.38554786063242
WDI:SP.POP.4044.MA.5Y:NZL,2017-12-31,6.20260457716288
WDI:SP.POP.4044.MA.5Y:NZL,2018-12-31,6.08039908361565
WDI:SP.POP.4044.MA.5Y:NZL,2019-12-31,6.03236415347105
WDI:SP.POP.4044.MA.5Y:NZL,2020-12-31,6.04598704997553
WDI:SP.POP.4044.MA.5Y:NZL,2021-12-31,6.08914665934186
WDI:SP.POP.4044.MA.5Y:NZL,2022-12-31,6.1569266086547
WDI:SP.POP.4044.MA.5Y:NZL,2023-12-31,6.2470021064307
WDI:SP.POP.4044.MA.5Y:NZL,2024-12-31,6.32031921599539
WDI:SP.POP.4044.MA.5Y:OED,1960-12-31,5.299793080438307
WDI:SP.POP.4044.MA.5Y:OED,1961-12-31,5.450622885150896
WDI:SP.POP.4044.MA.5Y:OED,1962-12-31,5.648070651462539
WDI:SP.POP.4044.MA.5Y:OED,1963-12-31,5.854998027909444
WDI:SP.POP.4044.MA.5Y:OED,1964-12-31,6.00900509415208
WDI:SP.POP.4044.MA.5Y:OED,1965-12-31,6.060320989204602
WDI:SP.POP.4044.MA.5Y:OED,1966-12-31,6.052424023349235
WDI:SP.POP.4044.MA.5Y:OED,1967-12-31,6.05375285950325
WDI:SP.POP.4044.MA.5Y:OED,1968-12-31,6.064574195339946
WDI:SP.POP.4044.MA.5Y:OED,1969-12-31,6.07440979142135
WDI:SP.POP.4044.MA.5Y:OED,1970-12-31,6.083303923385213
WDI:SP.POP.4044.MA.5Y:OED,1971-12-31,6.073014193146151
WDI:SP.POP.4044.MA.5Y:OED,1972-12-31,6.036819100056877
WDI:SP.POP.4044.MA.5Y:OED,1973-12-31,5.9756295722040935
WDI:SP.POP.4044.MA.5Y:OED,1974-12-31,5.915840309623518
WDI:SP.POP.4044.MA.5Y:OED,1975-12-31,5.871373219025426
WDI:SP.POP.4044.MA.5Y:OED,1976-12-31,5.84045553002243
WDI:SP.POP.4044.MA.5Y:OED,1977-12-31,5.825420805323534
WDI:SP.POP.4044.MA.5Y:OED,1978-12-31,5.824316779576194
WDI:SP.POP.4044.MA.5Y:OED,1979-12-31,5.836594592247122
WDI:SP.POP.4044.MA.5Y:OED,1980-12-31,5.8549381970883925
WDI:SP.POP.4044.MA.5Y:OED,1981-12-31,5.882369840456356
WDI:SP.POP.4044.MA.5Y:OED,1982-12-31,5.921891107636686
WDI:SP.POP.4044.MA.5Y:OED,1983-12-31,5.983370385974527
WDI:SP.POP.4044.MA.5Y:OED,1984-12-31,6.029748315157217
WDI:SP.POP.4044.MA.5Y:OED,1985-12-31,6.020463021941724
WDI:SP.POP.4044.MA.5Y:OED,1986-12-31,6.093327501793422
WDI:SP.POP.4044.MA.5Y:OED,1987-12-31,6.3101812501414205
WDI:SP.POP.4044.MA.5Y:OED,1988-12-31,6.537914841143657
WDI:SP.POP.4044.MA.5Y:OED,1989-12-31,6.7385071276710224
WDI:SP.POP.4044.MA.5Y:OED,1990-12-31,6.949570389811218
WDI:SP.POP.4044.MA.5Y:OED,1991-12-31,7.064877936666543
WDI:SP.POP.4044.MA.5Y:OED,1992-12-31,7.042746978041156
WDI:SP.POP.4044.MA.5Y:OED,1993-12-31,6.996434452904758
WDI:SP.POP.4044.MA.5Y:OED,1994-12-31,6.98022117362951
WDI:SP.POP.4044.MA.5Y:OED,1995-12-31,7.003342114679608
WDI:SP.POP.4044.MA.5Y:OED,1996-12-31,7.049836252330537
WDI:SP.POP.4044.MA.5Y:OED,1997-12-31,7.101803822061878
WDI:SP.POP.4044.MA.5Y:OED,1998-12-31,7.1681916467670455
WDI:SP.POP.4044.MA.5Y:OED,1999-12-31,7.247905424394011
WDI:SP.POP.4044.MA.5Y:OED,2000-12-31,7.314596771495265
WDI:SP.POP.4044.MA.5Y:OED,2001-12-31,7.37310686908471
WDI:SP.POP.4044.MA.5Y:OED,2002-12-31,7.422105639688761
WDI:SP.POP.4044.MA.5Y:OED,2003-12-31,7.453234059202326
WDI:SP.POP.4044.MA.5Y:OED,2004-12-31,7.470456723941277
WDI:SP.POP.4044.MA.5Y:OED,2005-12-31,7.467725538785558
WDI:SP.POP.4044.MA.5Y:OED,2006-12-31,7.427831010285301
WDI:SP.POP.4044.MA.5Y:OED,2007-12-31,7.373261317391675
WDI:SP.POP.4044.MA.5Y:OED,2008-12-31,7.3182670344992715
WDI:SP.POP.4044.MA.5Y:OED,2009-12-31,7.2515262618193566
WDI:SP.POP.4044.MA.5Y:OED,2010-12-31,7.192910582538816
WDI:SP.POP.4044.MA.5Y:OED,2011-12-31,7.170625726751318
WDI:SP.POP.4044.MA.5Y:OED,2012-12-31,7.159353194838604
WDI:SP.POP.4044.MA.5Y:OED,2013-12-31,7.126652151038802
WDI:SP.POP.4044.MA.5Y:OED,2014-12-31,7.080922997847857
WDI:SP.POP.4044.MA.5Y:OED,2015-12-31,7.012838443504009
WDI:SP.POP.4044.MA.5Y:OED,2016-12-31,6.926537455346972
WDI:SP.POP.4044.MA.5Y:OED,2017-12-31,6.856883991307862
WDI:SP.POP.4044.MA.5Y:OED,2018-12-31,6.814773800661909
WDI:SP.POP.4044.MA.5Y:OED,2019-12-31,6.788590137067555
WDI:SP.POP.4044.MA.5Y:OED,2020-12-31,6.792821329568688
WDI:SP.POP.4044.MA.5Y:OED,2021-12-31,6.8186918303261255
WDI:SP.POP.4044.MA.5Y:OED,2022-12-31,6.842106782006926
WDI:SP.POP.4044.MA.5Y:OED,2023-12-31,6.854558507762875
WDI:SP.POP.4044.MA.5Y:OED,2024-12-31,6.843313792346252
WDI:SP.POP.4044.MA.5Y:OMN,1960-12-31,4.46018026381082
WDI:SP.POP.4044.MA.5Y:OMN,1961-12-31,4.43394913382758
WDI:SP.POP.4044.MA.5Y:OMN,1962-12-31,4.41076465043692
WDI:SP.POP.4044.MA.5Y:OMN,1963-12-31,4.38495116104333
WDI:SP.POP.4044.MA.5Y:OMN,1964-12-31,4.35127927751021
WDI:SP.POP.4044.MA.5Y:OMN,1965-12-31,4.30822618401993
WDI:SP.POP.4044.MA.5Y:OMN,1966-12-31,4.25739351062544
WDI:SP.POP.4044.MA.5Y:OMN,1967-12-31,4.20174678071494
WDI:SP.POP.4044.MA.5Y:OMN,1968-12-31,4.14094831170326
WDI:SP.POP.4044.MA.5Y:OMN,1969-12-31,4.07992131936575
WDI:SP.POP.4044.MA.5Y:OMN,1970-12-31,4.02411127252083
WDI:SP.POP.4044.MA.5Y:OMN,1971-12-31,3.97202404691216
WDI:SP.POP.4044.MA.5Y:OMN,1972-12-31,3.92327248179481
WDI:SP.POP.4044.MA.5Y:OMN,1973-12-31,3.88148024089155
WDI:SP.POP.4044.MA.5Y:OMN,1974-12-31,3.85788348051787
WDI:SP.POP.4044.MA.5Y:OMN,1975-12-31,3.85315533980582
WDI:SP.POP.4044.MA.5Y:OMN,1976-12-31,3.86595559012748
WDI:SP.POP.4044.MA.5Y:OMN,1977-12-31,3.89857513649393
WDI:SP.POP.4044.MA.5Y:OMN,1978-12-31,3.9428333926562
WDI:SP.POP.4044.MA.5Y:OMN,1979-12-31,3.99019815724521
WDI:SP.POP.4044.MA.5Y:OMN,1980-12-31,4.03793842750684
WDI:SP.POP.4044.MA.5Y:OMN,1981-12-31,4.08893168011859
WDI:SP.POP.4044.MA.5Y:OMN,1982-12-31,4.14867747627534
WDI:SP.POP.4044.MA.5Y:OMN,1983-12-31,4.22275775685863
WDI:SP.POP.4044.MA.5Y:OMN,1984-12-31,4.31351825461163
WDI:SP.POP.4044.MA.5Y:OMN,1985-12-31,4.41599332319545
WDI:SP.POP.4044.MA.5Y:OMN,1986-12-31,4.54572243843293
WDI:SP.POP.4044.MA.5Y:OMN,1987-12-31,4.71200931815271
WDI:SP.POP.4044.MA.5Y:OMN,1988-12-31,4.88441071815044
WDI:SP.POP.4044.MA.5Y:OMN,1989-12-31,5.08519009451294
WDI:SP.POP.4044.MA.5Y:OMN,1990-12-31,5.35844151748849
WDI:SP.POP.4044.MA.5Y:OMN,1991-12-31,5.69785870629439
WDI:SP.POP.4044.MA.5Y:OMN,1992-12-31,6.08655251102635
WDI:SP.POP.4044.MA.5Y:OMN,1993-12-31,6.49378115590507
WDI:SP.POP.4044.MA.5Y:OMN,1994-12-31,6.67816388071567
WDI:SP.POP.4044.MA.5Y:OMN,1995-12-31,6.64570564797543
WDI:SP.POP.4044.MA.5Y:OMN,1996-12-31,6.60401852970858
WDI:SP.POP.4044.MA.5Y:OMN,1997-12-31,6.5587226047193
WDI:SP.POP.4044.MA.5Y:OMN,1998-12-31,6.51200314429631
WDI:SP.POP.4044.MA.5Y:OMN,1999-12-31,6.46826340447012
WDI:SP.POP.4044.MA.5Y:OMN,2000-12-31,6.43763424418061
WDI:SP.POP.4044.MA.5Y:OMN,2001-12-31,6.42597083762863
WDI:SP.POP.4044.MA.5Y:OMN,2002-12-31,6.43926591393405
WDI:SP.POP.4044.MA.5Y:OMN,2003-12-31,6.48050620093211
WDI:SP.POP.4044.MA.5Y:OMN,2004-12-31,6.4627156977356
WDI:SP.POP.4044.MA.5Y:OMN,2005-12-31,6.37422265470126
WDI:SP.POP.4044.MA.5Y:OMN,2006-12-31,6.30207211135842
WDI:SP.POP.4044.MA.5Y:OMN,2007-12-31,6.27163881786487
WDI:SP.POP.4044.MA.5Y:OMN,2008-12-31,6.28996317668463
WDI:SP.POP.4044.MA.5Y:OMN,2009-12-31,6.36121304660234
WDI:SP.POP.4044.MA.5Y:OMN,2010-12-31,6.50528295073189
WDI:SP.POP.4044.MA.5Y:OMN,2011-12-31,6.98626787279376
WDI:SP.POP.4044.MA.5Y:OMN,2012-12-31,7.43923894900712
WDI:SP.POP.4044.MA.5Y:OMN,2013-12-31,7.60573050284717
WDI:SP.POP.4044.MA.5Y:OMN,2014-12-31,7.67023181102095
WDI:SP.POP.4044.MA.5Y:OMN,2015-12-31,7.74388814422731
WDI:SP.POP.4044.MA.5Y:OMN,2016-12-31,7.84314958484317
WDI:SP.POP.4044.MA.5Y:OMN,2017-12-31,8.04042122173202
WDI:SP.POP.4044.MA.5Y:OMN,2018-12-31,8.33774929480299
WDI:SP.POP.4044.MA.5Y:OMN,2019-12-31,8.60475787361565
WDI:SP.POP.4044.MA.5Y:OMN,2020-12-31,8.82290635658694
WDI:SP.POP.4044.MA.5Y:OMN,2021-12-31,9.07587303941455
WDI:SP.POP.4044.MA.5Y:OMN,2022-12-31,9.5545042415084
WDI:SP.POP.4044.MA.5Y:OMN,2023-12-31,10.0943678087396
WDI:SP.POP.4044.MA.5Y:OMN,2024-12-31,10.4027628948433
WDI:SP.POP.4044.MA.5Y:OSS,1960-12-31,4.67979410516455
WDI:SP.POP.4044.MA.5Y:OSS,1961-12-31,4.692641759161338
WDI:SP.POP.4044.MA.5Y:OSS,1962-12-31,4.758782856782981
WDI:SP.POP.4044.MA.5Y:OSS,1963-12-31,4.841321968052655
WDI:SP.POP.4044.MA.5Y:OSS,1964-12-31,4.9275150502760265
WDI:SP.POP.4044.MA.5Y:OSS,1965-12-31,5.023807565608033
WDI:SP.POP.4044.MA.5Y:OSS,1966-12-31,5.122989892347418
WDI:SP.POP.4044.MA.5Y:OSS,1967-12-31,5.247058116764596
WDI:SP.POP.4044.MA.5Y:OSS,1968-12-31,5.363098261081521
WDI:SP.POP.4044.MA.5Y:OSS,1969-12-31,5.439637670189682
WDI:SP.POP.4044.MA.5Y:OSS,1970-12-31,5.491531619283807
WDI:SP.POP.4044.MA.5Y:OSS,1971-12-31,5.507091180424943
WDI:SP.POP.4044.MA.5Y:OSS,1972-12-31,5.470319154824706
WDI:SP.POP.4044.MA.5Y:OSS,1973-12-31,5.404082632857353
WDI:SP.POP.4044.MA.5Y:OSS,1974-12-31,5.342071651094131
WDI:SP.POP.4044.MA.5Y:OSS,1975-12-31,5.297255551295472
WDI:SP.POP.4044.MA.5Y:OSS,1976-12-31,5.274798352584176
WDI:SP.POP.4044.MA.5Y:OSS,1977-12-31,5.278749414906348
WDI:SP.POP.4044.MA.5Y:OSS,1978-12-31,5.305360721983083
WDI:SP.POP.4044.MA.5Y:OSS,1979-12-31,5.335230339538537
WDI:SP.POP.4044.MA.5Y:OSS,1980-12-31,5.335910718804599
WDI:SP.POP.4044.MA.5Y:OSS,1981-12-31,5.3190065487191065
WDI:SP.POP.4044.MA.5Y:OSS,1982-12-31,5.2675741528602895
WDI:SP.POP.4044.MA.5Y:OSS,1983-12-31,5.158884077222019
WDI:SP.POP.4044.MA.5Y:OSS,1984-12-31,5.043578065860966
WDI:SP.POP.4044.MA.5Y:OSS,1985-12-31,4.959017914339955
WDI:SP.POP.4044.MA.5Y:OSS,1986-12-31,4.917441659252376
WDI:SP.POP.4044.MA.5Y:OSS,1987-12-31,4.943295659423051
WDI:SP.POP.4044.MA.5Y:OSS,1988-12-31,5.0407636204168655
WDI:SP.POP.4044.MA.5Y:OSS,1989-12-31,5.1801840895694005
WDI:SP.POP.4044.MA.5Y:OSS,1990-12-31,5.329682337153037
WDI:SP.POP.4044.MA.5Y:OSS,1991-12-31,5.45626871811981
WDI:SP.POP.4044.MA.5Y:OSS,1992-12-31,5.548458770285656
WDI:SP.POP.4044.MA.5Y:OSS,1993-12-31,5.609765194104481
WDI:SP.POP.4044.MA.5Y:OSS,1994-12-31,5.644018070315986
WDI:SP.POP.4044.MA.5Y:OSS,1995-12-31,5.67512168594058
WDI:SP.POP.4044.MA.5Y:OSS,1996-12-31,5.718638746827112
WDI:SP.POP.4044.MA.5Y:OSS,1997-12-31,5.779134599506001
WDI:SP.POP.4044.MA.5Y:OSS,1998-12-31,5.8547451273424125
WDI:SP.POP.4044.MA.5Y:OSS,1999-12-31,5.955783280998228
WDI:SP.POP.4044.MA.5Y:OSS,2000-12-31,6.04794804849517
WDI:SP.POP.4044.MA.5Y:OSS,2001-12-31,6.1044624935200975
WDI:SP.POP.4044.MA.5Y:OSS,2002-12-31,6.14936138836133
WDI:SP.POP.4044.MA.5Y:OSS,2003-12-31,6.179115136594746
WDI:SP.POP.4044.MA.5Y:OSS,2004-12-31,6.1908336084025395
WDI:SP.POP.4044.MA.5Y:OSS,2005-12-31,6.1743566326291255
WDI:SP.POP.4044.MA.5Y:OSS,2006-12-31,6.136130098322423
WDI:SP.POP.4044.MA.5Y:OSS,2007-12-31,6.08284678006347
WDI:SP.POP.4044.MA.5Y:OSS,2008-12-31,6.0317329094539724
WDI:SP.POP.4044.MA.5Y:OSS,2009-12-31,6.001175771177139
WDI:SP.POP.4044.MA.5Y:OSS,2010-12-31,5.987405197028786
WDI:SP.POP.4044.MA.5Y:OSS,2011-12-31,5.988909324455998
WDI:SP.POP.4044.MA.5Y:OSS,2012-12-31,5.998146972594342
WDI:SP.POP.4044.MA.5Y:OSS,2013-12-31,6.003876414019329
WDI:SP.POP.4044.MA.5Y:OSS,2014-12-31,6.019070668849149
WDI:SP.POP.4044.MA.5Y:OSS,2015-12-31,6.0566906306639545
WDI:SP.POP.4044.MA.5Y:OSS,2016-12-31,6.119702927153817
WDI:SP.POP.4044.MA.5Y:OSS,2017-12-31,6.212798047847198
WDI:SP.POP.4044.MA.5Y:OSS,2018-12-31,6.328771067786629
WDI:SP.POP.4044.MA.5Y:OSS,2019-12-31,6.464346279887436
WDI:SP.POP.4044.MA.5Y:OSS,2020-12-31,6.610984236378545
WDI:SP.POP.4044.MA.5Y:OSS,2021-12-31,6.759622353715144
WDI:SP.POP.4044.MA.5Y:OSS,2022-12-31,6.925127736351012
WDI:SP.POP.4044.MA.5Y:OSS,2023-12-31,7.093288775314108
WDI:SP.POP.4044.MA.5Y:OSS,2024-12-31,7.244609057500145
WDI:SP.POP.4044.MA.5Y:PAK,1960-12-31,5.17020906318808
WDI:SP.POP.4044.MA.5Y:PAK,1961-12-31,5.15542403155838
WDI:SP.POP.4044.MA.5Y:PAK,1962-12-31,5.13859221227826
WDI:SP.POP.4044.MA.5Y:PAK,1963-12-31,5.12014675241284
WDI:SP.POP.4044.MA.5Y:PAK,1964-12-31,5.099834972876
WDI:SP.POP.4044.MA.5Y:PAK,1965-12-31,5.07771406502411
WDI:SP.POP.4044.MA.5Y:PAK,1966-12-31,5.05364642833369
WDI:SP.POP.4044.MA.5Y:PAK,1967-12-31,5.02791195098818
WDI:SP.POP.4044.MA.5Y:PAK,1968-12-31,5.00144146675447
WDI:SP.POP.4044.MA.5Y:PAK,1969-12-31,4.97497740543509
WDI:SP.POP.4044.MA.5Y:PAK,1970-12-31,4.94866152126089
WDI:SP.POP.4044.MA.5Y:PAK,1971-12-31,4.92062660250856
WDI:SP.POP.4044.MA.5Y:PAK,1972-12-31,4.89138169662559
WDI:SP.POP.4044.MA.5Y:PAK,1973-12-31,4.86184242141914
WDI:SP.POP.4044.MA.5Y:PAK,1974-12-31,4.83069767631615
WDI:SP.POP.4044.MA.5Y:PAK,1975-12-31,4.79800103170087
WDI:SP.POP.4044.MA.5Y:PAK,1976-12-31,4.76461290644311
WDI:SP.POP.4044.MA.5Y:PAK,1977-12-31,4.73164821189615
WDI:SP.POP.4044.MA.5Y:PAK,1978-12-31,4.70040634085975
WDI:SP.POP.4044.MA.5Y:PAK,1979-12-31,4.67558991344371
WDI:SP.POP.4044.MA.5Y:PAK,1980-12-31,4.66409837763236
WDI:SP.POP.4044.MA.5Y:PAK,1981-12-31,4.65806096403054
WDI:SP.POP.4044.MA.5Y:PAK,1982-12-31,4.64953236781259
WDI:SP.POP.4044.MA.5Y:PAK,1983-12-31,4.64027614622365
WDI:SP.POP.4044.MA.5Y:PAK,1984-12-31,4.62668950842797
WDI:SP.POP.4044.MA.5Y:PAK,1985-12-31,4.61214132440331
WDI:SP.POP.4044.MA.5Y:PAK,1986-12-31,4.59482052077716
WDI:SP.POP.4044.MA.5Y:PAK,1987-12-31,4.55774542949819
WDI:SP.POP.4044.MA.5Y:PAK,1988-12-31,4.47578197620263
WDI:SP.POP.4044.MA.5Y:PAK,1989-12-31,4.34013650862046
WDI:SP.POP.4044.MA.5Y:PAK,1990-12-31,4.19999102915712
WDI:SP.POP.4044.MA.5Y:PAK,1991-12-31,4.09400654017931
WDI:SP.POP.4044.MA.5Y:PAK,1992-12-31,4.01828881620577
WDI:SP.POP.4044.MA.5Y:PAK,1993-12-31,4.00084180945615
WDI:SP.POP.4044.MA.5Y:PAK,1994-12-31,4.05429788569873
WDI:SP.POP.4044.MA.5Y:PAK,1995-12-31,4.13739408571799
WDI:SP.POP.4044.MA.5Y:PAK,1996-12-31,4.21836648472545
WDI:SP.POP.4044.MA.5Y:PAK,1997-12-31,4.29221726819046
WDI:SP.POP.4044.MA.5Y:PAK,1998-12-31,4.35850327961198
WDI:SP.POP.4044.MA.5Y:PAK,1999-12-31,4.41525617932405
WDI:SP.POP.4044.MA.5Y:PAK,2000-12-31,4.46602862309551
WDI:SP.POP.4044.MA.5Y:PAK,2001-12-31,4.50917308258905
WDI:SP.POP.4044.MA.5Y:PAK,2002-12-31,4.53568907160596
WDI:SP.POP.4044.MA.5Y:PAK,2003-12-31,4.55046377736257
WDI:SP.POP.4044.MA.5Y:PAK,2004-12-31,4.56050390785621
WDI:SP.POP.4044.MA.5Y:PAK,2005-12-31,4.56269817915419
WDI:SP.POP.4044.MA.5Y:PAK,2006-12-31,4.55565282259857
WDI:SP.POP.4044.MA.5Y:PAK,2007-12-31,4.54635709515046
WDI:SP.POP.4044.MA.5Y:PAK,2008-12-31,4.53461799797649
WDI:SP.POP.4044.MA.5Y:PAK,2009-12-31,4.5187123489002
WDI:SP.POP.4044.MA.5Y:PAK,2010-12-31,4.50394313291104
WDI:SP.POP.4044.MA.5Y:PAK,2011-12-31,4.49234263736737
WDI:SP.POP.4044.MA.5Y:PAK,2012-12-31,4.48632615966912
WDI:SP.POP.4044.MA.5Y:PAK,2013-12-31,4.48753047106719
WDI:SP.POP.4044.MA.5Y:PAK,2014-12-31,4.49715891737961
WDI:SP.POP.4044.MA.5Y:PAK,2015-12-31,4.51422597065338
WDI:SP.POP.4044.MA.5Y:PAK,2016-12-31,4.53695303879528
WDI:SP.POP.4044.MA.5Y:PAK,2017-12-31,4.56721497099692
WDI:SP.POP.4044.MA.5Y:PAK,2018-12-31,4.60607110089983
WDI:SP.POP.4044.MA.5Y:PAK,2019-12-31,4.65132536282063
WDI:SP.POP.4044.MA.5Y:PAK,2020-12-31,4.70974003205562
WDI:SP.POP.4044.MA.5Y:PAK,2021-12-31,4.79042966725293
WDI:SP.POP.4044.MA.5Y:PAK,2022-12-31,4.8834376843741
WDI:SP.POP.4044.MA.5Y:PAK,2023-12-31,4.97633327027423
WDI:SP.POP.4044.MA.5Y:PAK,2024-12-31,5.07360018719738
WDI:SP.POP.4044.MA.5Y:PAN,1960-12-31,4.4566362482035
WDI:SP.POP.4044.MA.5Y:PAN,1961-12-31,4.41903364817801
WDI:SP.POP.4044.MA.5Y:PAN,1962-12-31,4.37632785418763
WDI:SP.POP.4044.MA.5Y:PAN,1963-12-31,4.33132912276222
WDI:SP.POP.4044.MA.5Y:PAN,1964-12-31,4.28776987331695
WDI:SP.POP.4044.MA.5Y:PAN,1965-12-31,4.2481817457346
WDI:SP.POP.4044.MA.5Y:PAN,1966-12-31,4.2123275920598
WDI:SP.POP.4044.MA.5Y:PAN,1967-12-31,4.18063639561138
WDI:SP.POP.4044.MA.5Y:PAN,1968-12-31,4.15329871447157
WDI:SP.POP.4044.MA.5Y:PAN,1969-12-31,4.13052418928097
WDI:SP.POP.4044.MA.5Y:PAN,1970-12-31,4.11297943998765
WDI:SP.POP.4044.MA.5Y:PAN,1971-12-31,4.10090500546703
WDI:SP.POP.4044.MA.5Y:PAN,1972-12-31,4.09513418888766
WDI:SP.POP.4044.MA.5Y:PAN,1973-12-31,4.09726081159093
WDI:SP.POP.4044.MA.5Y:PAN,1974-12-31,4.10759515499129
WDI:SP.POP.4044.MA.5Y:PAN,1975-12-31,4.12576002041914
WDI:SP.POP.4044.MA.5Y:PAN,1976-12-31,4.15266249240871
WDI:SP.POP.4044.MA.5Y:PAN,1977-12-31,4.1881220060347
WDI:SP.POP.4044.MA.5Y:PAN,1978-12-31,4.22949306218728
WDI:SP.POP.4044.MA.5Y:PAN,1979-12-31,4.27341589963004
WDI:SP.POP.4044.MA.5Y:PAN,1980-12-31,4.31758180272006
WDI:SP.POP.4044.MA.5Y:PAN,1981-12-31,4.36095885646801
WDI:SP.POP.4044.MA.5Y:PAN,1982-12-31,4.40276881511851
WDI:SP.POP.4044.MA.5Y:PAN,1983-12-31,4.44440049797626
WDI:SP.POP.4044.MA.5Y:PAN,1984-12-31,4.48841938660017
WDI:SP.POP.4044.MA.5Y:PAN,1985-12-31,4.53653164045758
WDI:SP.POP.4044.MA.5Y:PAN,1986-12-31,4.58831103609804
WDI:SP.POP.4044.MA.5Y:PAN,1987-12-31,4.64253603892333
WDI:SP.POP.4044.MA.5Y:PAN,1988-12-31,4.69656765484831
WDI:SP.POP.4044.MA.5Y:PAN,1989-12-31,4.76094291361709
WDI:SP.POP.4044.MA.5Y:PAN,1990-12-31,4.8396004301867
WDI:SP.POP.4044.MA.5Y:PAN,1991-12-31,4.92423927933912
WDI:SP.POP.4044.MA.5Y:PAN,1992-12-31,5.0161568502295
WDI:SP.POP.4044.MA.5Y:PAN,1993-12-31,5.1179741232253
WDI:SP.POP.4044.MA.5Y:PAN,1994-12-31,5.21499623818412
WDI:SP.POP.4044.MA.5Y:PAN,1995-12-31,5.30119023794187
WDI:SP.POP.4044.MA.5Y:PAN,1996-12-31,5.38586315006649
WDI:SP.POP.4044.MA.5Y:PAN,1997-12-31,5.46764576242562
WDI:SP.POP.4044.MA.5Y:PAN,1998-12-31,5.54593780823697
WDI:SP.POP.4044.MA.5Y:PAN,1999-12-31,5.62826321110923
WDI:SP.POP.4044.MA.5Y:PAN,2000-12-31,5.7216413597436
WDI:SP.POP.4044.MA.5Y:PAN,2001-12-31,5.82735410382871
WDI:SP.POP.4044.MA.5Y:PAN,2002-12-31,5.94385934560239
WDI:SP.POP.4044.MA.5Y:PAN,2003-12-31,6.06763319396516
WDI:SP.POP.4044.MA.5Y:PAN,2004-12-31,6.18918443832099
WDI:SP.POP.4044.MA.5Y:PAN,2005-12-31,6.29878538518511
WDI:SP.POP.4044.MA.5Y:PAN,2006-12-31,6.39409656738875
WDI:SP.POP.4044.MA.5Y:PAN,2007-12-31,6.47252492760336
WDI:SP.POP.4044.MA.5Y:PAN,2008-12-31,6.53242396997689
WDI:SP.POP.4044.MA.5Y:PAN,2009-12-31,6.57789189279901
WDI:SP.POP.4044.MA.5Y:PAN,2010-12-31,6.61639393462181
WDI:SP.POP.4044.MA.5Y:PAN,2011-12-31,6.64784205693296
WDI:SP.POP.4044.MA.5Y:PAN,2012-12-31,6.66931387282899
WDI:SP.POP.4044.MA.5Y:PAN,2013-12-31,6.67801745875663
WDI:SP.POP.4044.MA.5Y:PAN,2014-12-31,6.67333648102065
WDI:SP.POP.4044.MA.5Y:PAN,2015-12-31,6.65390722903989
WDI:SP.POP.4044.MA.5Y:PAN,2016-12-31,6.61959535422302
WDI:SP.POP.4044.MA.5Y:PAN,2017-12-31,6.5770741860234
WDI:SP.POP.4044.MA.5Y:PAN,2018-12-31,6.53422710352763
WDI:SP.POP.4044.MA.5Y:PAN,2019-12-31,6.50104733501466
WDI:SP.POP.4044.MA.5Y:PAN,2020-12-31,6.48914280023353
WDI:SP.POP.4044.MA.5Y:PAN,2021-12-31,6.49817111652049
WDI:SP.POP.4044.MA.5Y:PAN,2022-12-31,6.52417308116465
WDI:SP.POP.4044.MA.5Y:PAN,2023-12-31,6.56968055348456
WDI:SP.POP.4044.MA.5Y:PAN,2024-12-31,6.62456900531819
WDI:SP.POP.4044.MA.5Y:PER,1960-12-31,4.26747696904909
WDI:SP.POP.4044.MA.5Y:PER,1961-12-31,4.24978165606501
WDI:SP.POP.4044.MA.5Y:PER,1962-12-31,4.25161230232225
WDI:SP.POP.4044.MA.5Y:PER,1963-12-31,4.26496728816638
WDI:SP.POP.4044.MA.5Y:PER,1964-12-31,4.27699122865584
WDI:SP.POP.4044.MA.5Y:PER,1965-12-31,4.28308691073623
WDI:SP.POP.4044.MA.5Y:PER,1966-12-31,4.28425043675999
WDI:SP.POP.4044.MA.5Y:PER,1967-12-31,4.27727617079201
WDI:SP.POP.4044.MA.5Y:PER,1968-12-31,4.26762410692691
WDI:SP.POP.4044.MA.5Y:PER,1969-12-31,4.26574531492594
WDI:SP.POP.4044.MA.5Y:PER,1970-12-31,4.27314019742776
WDI:SP.POP.4044.MA.5Y:PER,1971-12-31,4.28559443460712
WDI:SP.POP.4044.MA.5Y:PER,1972-12-31,4.30319342222942
WDI:SP.POP.4044.MA.5Y:PER,1973-12-31,4.32423536370866
WDI:SP.POP.4044.MA.5Y:PER,1974-12-31,4.33633602958179
WDI:SP.POP.4044.MA.5Y:PER,1975-12-31,4.33325864813383
WDI:SP.POP.4044.MA.5Y:PER,1976-12-31,4.32151346038317
WDI:SP.POP.4044.MA.5Y:PER,1977-12-31,4.30672151882752
WDI:SP.POP.4044.MA.5Y:PER,1978-12-31,4.28930982476083
WDI:SP.POP.4044.MA.5Y:PER,1979-12-31,4.26625506295143
WDI:SP.POP.4044.MA.5Y:PER,1980-12-31,4.24126247940008
WDI:SP.POP.4044.MA.5Y:PER,1981-12-31,4.21499414635558
WDI:SP.POP.4044.MA.5Y:PER,1982-12-31,4.18685775593616
WDI:SP.POP.4044.MA.5Y:PER,1983-12-31,4.16546121903263
WDI:SP.POP.4044.MA.5Y:PER,1984-12-31,4.16110161575067
WDI:SP.POP.4044.MA.5Y:PER,1985-12-31,4.18223861809382
WDI:SP.POP.4044.MA.5Y:PER,1986-12-31,4.22838528998609
WDI:SP.POP.4044.MA.5Y:PER,1987-12-31,4.29568707355183
WDI:SP.POP.4044.MA.5Y:PER,1988-12-31,4.37830811894362
WDI:SP.POP.4044.MA.5Y:PER,1989-12-31,4.471318691072
WDI:SP.POP.4044.MA.5Y:PER,1990-12-31,4.56479262060076
WDI:SP.POP.4044.MA.5Y:PER,1991-12-31,4.64906072517837
WDI:SP.POP.4044.MA.5Y:PER,1992-12-31,4.72583857510639
WDI:SP.POP.4044.MA.5Y:PER,1993-12-31,4.79723096974019
WDI:SP.POP.4044.MA.5Y:PER,1994-12-31,4.86199063285786
WDI:SP.POP.4044.MA.5Y:PER,1995-12-31,4.92304374422373
WDI:SP.POP.4044.MA.5Y:PER,1996-12-31,4.98510766213865
WDI:SP.POP.4044.MA.5Y:PER,1997-12-31,5.04706810905709
WDI:SP.POP.4044.MA.5Y:PER,1998-12-31,5.11113551125876
WDI:SP.POP.4044.MA.5Y:PER,1999-12-31,5.17899691034522
WDI:SP.POP.4044.MA.5Y:PER,2000-12-31,5.24896875142839
WDI:SP.POP.4044.MA.5Y:PER,2001-12-31,5.32129787391659
WDI:SP.POP.4044.MA.5Y:PER,2002-12-31,5.39594598100503
WDI:SP.POP.4044.MA.5Y:PER,2003-12-31,5.47031781397371
WDI:SP.POP.4044.MA.5Y:PER,2004-12-31,5.54316603702492
WDI:SP.POP.4044.MA.5Y:PER,2005-12-31,5.61440003426388
WDI:SP.POP.4044.MA.5Y:PER,2006-12-31,5.68465603082709
WDI:SP.POP.4044.MA.5Y:PER,2007-12-31,5.75850381678429
WDI:SP.POP.4044.MA.5Y:PER,2008-12-31,5.84982596995252
WDI:SP.POP.4044.MA.5Y:PER,2009-12-31,5.95454738231755
WDI:SP.POP.4044.MA.5Y:PER,2010-12-31,6.05817601757234
WDI:SP.POP.4044.MA.5Y:PER,2011-12-31,6.16299880101404
WDI:SP.POP.4044.MA.5Y:PER,2012-12-31,6.26439438508217
WDI:SP.POP.4044.MA.5Y:PER,2013-12-31,6.35438103513541
WDI:SP.POP.4044.MA.5Y:PER,2014-12-31,6.4319191718624
WDI:SP.POP.4044.MA.5Y:PER,2015-12-31,6.49406516847713
WDI:SP.POP.4044.MA.5Y:PER,2016-12-31,6.5299850164554
WDI:SP.POP.4044.MA.5Y:PER,2017-12-31,6.54400837132032
WDI:SP.POP.4044.MA.5Y:PER,2018-12-31,6.54810184370534
WDI:SP.POP.4044.MA.5Y:PER,2019-12-31,6.54820190786902
WDI:SP.POP.4044.MA.5Y:PER,2020-12-31,6.55456637802024
WDI:SP.POP.4044.MA.5Y:PER,2021-12-31,6.57209162689891
WDI:SP.POP.4044.MA.5Y:PER,2022-12-31,6.59918846598993
WDI:SP.POP.4044.MA.5Y:PER,2023-12-31,6.63674843602274
WDI:SP.POP.4044.MA.5Y:PER,2024-12-31,6.689033165969
WDI:SP.POP.4044.MA.5Y:PHL,1960-12-31,3.96509023841684
WDI:SP.POP.4044.MA.5Y:PHL,1961-12-31,3.90309985759009
WDI:SP.POP.4044.MA.5Y:PHL,1962-12-31,3.8430359276981
WDI:SP.POP.4044.MA.5Y:PHL,1963-12-31,3.78575006608151
WDI:SP.POP.4044.MA.5Y:PHL,1964-12-31,3.73260333284374
WDI:SP.POP.4044.MA.5Y:PHL,1965-12-31,3.68133858190354
WDI:SP.POP.4044.MA.5Y:PHL,1966-12-31,3.62853811098711
WDI:SP.POP.4044.MA.5Y:PHL,1967-12-31,3.57689873042659
WDI:SP.POP.4044.MA.5Y:PHL,1968-12-31,3.5306987062563
WDI:SP.POP.4044.MA.5Y:PHL,1969-12-31,3.48812306225046
WDI:SP.POP.4044.MA.5Y:PHL,1970-12-31,3.44170811916756
WDI:SP.POP.4044.MA.5Y:PHL,1971-12-31,3.40686493687649
WDI:SP.POP.4044.MA.5Y:PHL,1972-12-31,3.39028871114413
WDI:SP.POP.4044.MA.5Y:PHL,1973-12-31,3.39004929599736
WDI:SP.POP.4044.MA.5Y:PHL,1974-12-31,3.39548978168933
WDI:SP.POP.4044.MA.5Y:PHL,1975-12-31,3.39279847510876
WDI:SP.POP.4044.MA.5Y:PHL,1976-12-31,3.39001260755531
WDI:SP.POP.4044.MA.5Y:PHL,1977-12-31,3.38590502740931
WDI:SP.POP.4044.MA.5Y:PHL,1978-12-31,3.36968627453378
WDI:SP.POP.4044.MA.5Y:PHL,1979-12-31,3.34293694516248
WDI:SP.POP.4044.MA.5Y:PHL,1980-12-31,3.31630206441166
WDI:SP.POP.4044.MA.5Y:PHL,1981-12-31,3.28957698442823
WDI:SP.POP.4044.MA.5Y:PHL,1982-12-31,3.26350224325424
WDI:SP.POP.4044.MA.5Y:PHL,1983-12-31,3.239650164689
WDI:SP.POP.4044.MA.5Y:PHL,1984-12-31,3.22793781495095
WDI:SP.POP.4044.MA.5Y:PHL,1985-12-31,3.24079875661952
WDI:SP.POP.4044.MA.5Y:PHL,1986-12-31,3.2763769367973
WDI:SP.POP.4044.MA.5Y:PHL,1987-12-31,3.35317399484189
WDI:SP.POP.4044.MA.5Y:PHL,1988-12-31,3.49195001765946
WDI:SP.POP.4044.MA.5Y:PHL,1989-12-31,3.6943142526896
WDI:SP.POP.4044.MA.5Y:PHL,1990-12-31,3.90140951507324
WDI:SP.POP.4044.MA.5Y:PHL,1991-12-31,4.07378558736091
WDI:SP.POP.4044.MA.5Y:PHL,1992-12-31,4.23523063983314
WDI:SP.POP.4044.MA.5Y:PHL,1993-12-31,4.37107740661006
WDI:SP.POP.4044.MA.5Y:PHL,1994-12-31,4.46036019111854
WDI:SP.POP.4044.MA.5Y:PHL,1995-12-31,4.55466078978652
WDI:SP.POP.4044.MA.5Y:PHL,1996-12-31,4.68395412403802
WDI:SP.POP.4044.MA.5Y:PHL,1997-12-31,4.81926339387439
WDI:SP.POP.4044.MA.5Y:PHL,1998-12-31,4.95947421847341
WDI:SP.POP.4044.MA.5Y:PHL,1999-12-31,5.10008328789618
WDI:SP.POP.4044.MA.5Y:PHL,2000-12-31,5.2366569674527
WDI:SP.POP.4044.MA.5Y:PHL,2001-12-31,5.36065251560317
WDI:SP.POP.4044.MA.5Y:PHL,2002-12-31,5.46328571647607
WDI:SP.POP.4044.MA.5Y:PHL,2003-12-31,5.54509067172276
WDI:SP.POP.4044.MA.5Y:PHL,2004-12-31,5.60041367338049
WDI:SP.POP.4044.MA.5Y:PHL,2005-12-31,5.62520549662209
WDI:SP.POP.4044.MA.5Y:PHL,2006-12-31,5.62056163116547
WDI:SP.POP.4044.MA.5Y:PHL,2007-12-31,5.59574842039505
WDI:SP.POP.4044.MA.5Y:PHL,2008-12-31,5.5535727226172
WDI:SP.POP.4044.MA.5Y:PHL,2009-12-31,5.50214966293059
WDI:SP.POP.4044.MA.5Y:PHL,2010-12-31,5.45859822096562
WDI:SP.POP.4044.MA.5Y:PHL,2011-12-31,5.42142346561649
WDI:SP.POP.4044.MA.5Y:PHL,2012-12-31,5.38818641332259
WDI:SP.POP.4044.MA.5Y:PHL,2013-12-31,5.35926765730013
WDI:SP.POP.4044.MA.5Y:PHL,2014-12-31,5.33625713945375
WDI:SP.POP.4044.MA.5Y:PHL,2015-12-31,5.36332291753106
WDI:SP.POP.4044.MA.5Y:PHL,2016-12-31,5.43607470695598
WDI:SP.POP.4044.MA.5Y:PHL,2017-12-31,5.52781616320867
WDI:SP.POP.4044.MA.5Y:PHL,2018-12-31,5.65775407373992
WDI:SP.POP.4044.MA.5Y:PHL,2019-12-31,5.80736359612283
WDI:SP.POP.4044.MA.5Y:PHL,2020-12-31,5.94191475545451
WDI:SP.POP.4044.MA.5Y:PHL,2021-12-31,6.06091940489359
WDI:SP.POP.4044.MA.5Y:PHL,2022-12-31,6.16439392912622
WDI:SP.POP.4044.MA.5Y:PHL,2023-12-31,6.23729810028707
WDI:SP.POP.4044.MA.5Y:PHL,2024-12-31,6.28913332769107
WDI:SP.POP.4044.MA.5Y:PLW,1960-12-31,5.07284909071573
WDI:SP.POP.4044.MA.5Y:PLW,1961-12-31,4.92994291645044
WDI:SP.POP.4044.MA.5Y:PLW,1962-12-31,4.74020054694622
WDI:SP.POP.4044.MA.5Y:PLW,1963-12-31,4.52748121787268
WDI:SP.POP.4044.MA.5Y:PLW,1964-12-31,4.2674116173779
WDI:SP.POP.4044.MA.5Y:PLW,1965-12-31,3.9906103286385
WDI:SP.POP.4044.MA.5Y:PLW,1966-12-31,3.73523757209558
WDI:SP.POP.4044.MA.5Y:PLW,1967-12-31,3.60384649950571
WDI:SP.POP.4044.MA.5Y:PLW,1968-12-31,3.6311854752581
WDI:SP.POP.4044.MA.5Y:PLW,1969-12-31,3.70435858898417
WDI:SP.POP.4044.MA.5Y:PLW,1970-12-31,3.6527308924089
WDI:SP.POP.4044.MA.5Y:PLW,1971-12-31,3.43825263682418
WDI:SP.POP.4044.MA.5Y:PLW,1972-12-31,3.27751765732878
WDI:SP.POP.4044.MA.5Y:PLW,1973-12-31,3.27367293865688
WDI:SP.POP.4044.MA.5Y:PLW,1974-12-31,3.36781695990334
WDI:SP.POP.4044.MA.5Y:PLW,1975-12-31,3.46553423826496
WDI:SP.POP.4044.MA.5Y:PLW,1976-12-31,3.53793366374381
WDI:SP.POP.4044.MA.5Y:PLW,1977-12-31,3.66789441375077
WDI:SP.POP.4044.MA.5Y:PLW,1978-12-31,3.81431334622824
WDI:SP.POP.4044.MA.5Y:PLW,1979-12-31,3.92218142042347
WDI:SP.POP.4044.MA.5Y:PLW,1980-12-31,4.03738905034954
WDI:SP.POP.4044.MA.5Y:PLW,1981-12-31,4.10661707732837
WDI:SP.POP.4044.MA.5Y:PLW,1982-12-31,4.09731113956466
WDI:SP.POP.4044.MA.5Y:PLW,1983-12-31,4.13893967093236
WDI:SP.POP.4044.MA.5Y:PLW,1984-12-31,4.24324132548074
WDI:SP.POP.4044.MA.5Y:PLW,1985-12-31,4.40134791279829
WDI:SP.POP.4044.MA.5Y:PLW,1986-12-31,4.68551567408596
WDI:SP.POP.4044.MA.5Y:PLW,1987-12-31,5.09159658387118
WDI:SP.POP.4044.MA.5Y:PLW,1988-12-31,5.54247534202991
WDI:SP.POP.4044.MA.5Y:PLW,1989-12-31,6.02761881064942
WDI:SP.POP.4044.MA.5Y:PLW,1990-12-31,6.52213628889836
WDI:SP.POP.4044.MA.5Y:PLW,1991-12-31,6.92449794410345
WDI:SP.POP.4044.MA.5Y:PLW,1992-12-31,7.24105790516137
WDI:SP.POP.4044.MA.5Y:PLW,1993-12-31,7.50441268575984
WDI:SP.POP.4044.MA.5Y:PLW,1994-12-31,7.68717321170319
WDI:SP.POP.4044.MA.5Y:PLW,1995-12-31,7.85260758669344
WDI:SP.POP.4044.MA.5Y:PLW,1996-12-31,8.11708860759494
WDI:SP.POP.4044.MA.5Y:PLW,1997-12-31,8.44976713240186
WDI:SP.POP.4044.MA.5Y:PLW,1998-12-31,8.75821549492133
WDI:SP.POP.4044.MA.5Y:PLW,1999-12-31,9.02467456770935
WDI:SP.POP.4044.MA.5Y:PLW,2000-12-31,9.20298165137615
WDI:SP.POP.4044.MA.5Y:PLW,2001-12-31,9.2893063858051
WDI:SP.POP.4044.MA.5Y:PLW,2002-12-31,9.44376239493814
WDI:SP.POP.4044.MA.5Y:PLW,2003-12-31,9.6903049955355
WDI:SP.POP.4044.MA.5Y:PLW,2004-12-31,9.9658447574042
WDI:SP.POP.4044.MA.5Y:PLW,2005-12-31,10.1493518692467
WDI:SP.POP.4044.MA.5Y:PLW,2006-12-31,10.1652931929691
WDI:SP.POP.4044.MA.5Y:PLW,2007-12-31,10.0712450928125
WDI:SP.POP.4044.MA.5Y:PLW,2008-12-31,9.88311880455689
WDI:SP.POP.4044.MA.5Y:PLW,2009-12-31,9.64907876901451
WDI:SP.POP.4044.MA.5Y:PLW,2010-12-31,9.41465411379452
WDI:SP.POP.4044.MA.5Y:PLW,2011-12-31,9.17728126957611
WDI:SP.POP.4044.MA.5Y:PLW,2012-12-31,8.98631012624514
WDI:SP.POP.4044.MA.5Y:PLW,2013-12-31,9.01788583056656
WDI:SP.POP.4044.MA.5Y:PLW,2014-12-31,9.14973744231687
WDI:SP.POP.4044.MA.5Y:PLW,2015-12-31,9.12583548234304
WDI:SP.POP.4044.MA.5Y:PLW,2016-12-31,8.97657601006131
WDI:SP.POP.4044.MA.5Y:PLW,2017-12-31,8.82260760551609
WDI:SP.POP.4044.MA.5Y:PLW,2018-12-31,8.70969422305569
WDI:SP.POP.4044.MA.5Y:PLW,2019-12-31,8.62849118427212
WDI:SP.POP.4044.MA.5Y:PLW,2020-12-31,8.56385191347754
WDI:SP.POP.4044.MA.5Y:PLW,2021-12-31,8.51473804811999
WDI:SP.POP.4044.MA.5Y:PLW,2022-12-31,8.50253144736155
WDI:SP.POP.4044.MA.5Y:PLW,2023-12-31,8.50340136054422
WDI:SP.POP.4044.MA.5Y:PLW,2024-12-31,8.46230523057552
WDI:SP.POP.4044.MA.5Y:PNG,1960-12-31,5.44507308655904
WDI:SP.POP.4044.MA.5Y:PNG,1961-12-31,5.476081734718
WDI:SP.POP.4044.MA.5Y:PNG,1962-12-31,5.47707583521686
WDI:SP.POP.4044.MA.5Y:PNG,1963-12-31,5.4567802727395
WDI:SP.POP.4044.MA.5Y:PNG,1964-12-31,5.41442349252857
WDI:SP.POP.4044.MA.5Y:PNG,1965-12-31,5.3534802023152
WDI:SP.POP.4044.MA.5Y:PNG,1966-12-31,5.28040991550583
WDI:SP.POP.4044.MA.5Y:PNG,1967-12-31,5.19515083661497
WDI:SP.POP.4044.MA.5Y:PNG,1968-12-31,5.10010806469336
WDI:SP.POP.4044.MA.5Y:PNG,1969-12-31,5.00295706313446
WDI:SP.POP.4044.MA.5Y:PNG,1970-12-31,4.90792783164033
WDI:SP.POP.4044.MA.5Y:PNG,1971-12-31,4.81802602292427
WDI:SP.POP.4044.MA.5Y:PNG,1972-12-31,4.76440213730861
WDI:SP.POP.4044.MA.5Y:PNG,1973-12-31,4.74598775595895
WDI:SP.POP.4044.MA.5Y:PNG,1974-12-31,4.73111842008149
WDI:SP.POP.4044.MA.5Y:PNG,1975-12-31,4.7160044340254
WDI:SP.POP.4044.MA.5Y:PNG,1976-12-31,4.69661660114379
WDI:SP.POP.4044.MA.5Y:PNG,1977-12-31,4.67051558328777
WDI:SP.POP.4044.MA.5Y:PNG,1978-12-31,4.63769594695241
WDI:SP.POP.4044.MA.5Y:PNG,1979-12-31,4.60014996901607
WDI:SP.POP.4044.MA.5Y:PNG,1980-12-31,4.56101468834633
WDI:SP.POP.4044.MA.5Y:PNG,1981-12-31,4.50720792746223
WDI:SP.POP.4044.MA.5Y:PNG,1982-12-31,4.44463058459084
WDI:SP.POP.4044.MA.5Y:PNG,1983-12-31,4.39504683216387
WDI:SP.POP.4044.MA.5Y:PNG,1984-12-31,4.36195449873608
WDI:SP.POP.4044.MA.5Y:PNG,1985-12-31,4.34686382781226
WDI:SP.POP.4044.MA.5Y:PNG,1986-12-31,4.3445450108913
WDI:SP.POP.4044.MA.5Y:PNG,1987-12-31,4.34373190111708
WDI:SP.POP.4044.MA.5Y:PNG,1988-12-31,4.34801225096588
WDI:SP.POP.4044.MA.5Y:PNG,1989-12-31,4.3373831563691
WDI:SP.POP.4044.MA.5Y:PNG,1990-12-31,4.32228958141444
WDI:SP.POP.4044.MA.5Y:PNG,1991-12-31,4.32759699713136
WDI:SP.POP.4044.MA.5Y:PNG,1992-12-31,4.34727359751348
WDI:SP.POP.4044.MA.5Y:PNG,1993-12-31,4.37824041963847
WDI:SP.POP.4044.MA.5Y:PNG,1994-12-31,4.43408548011012
WDI:SP.POP.4044.MA.5Y:PNG,1995-12-31,4.51675879130501
WDI:SP.POP.4044.MA.5Y:PNG,1996-12-31,4.60978268229764
WDI:SP.POP.4044.MA.5Y:PNG,1997-12-31,4.71654945959402
WDI:SP.POP.4044.MA.5Y:PNG,1998-12-31,4.83502146508475
WDI:SP.POP.4044.MA.5Y:PNG,1999-12-31,4.95892377530536
WDI:SP.POP.4044.MA.5Y:PNG,2000-12-31,5.07822725795977
WDI:SP.POP.4044.MA.5Y:PNG,2001-12-31,5.18730273168155
WDI:SP.POP.4044.MA.5Y:PNG,2002-12-31,5.28193108834033
WDI:SP.POP.4044.MA.5Y:PNG,2003-12-31,5.35392985646075
WDI:SP.POP.4044.MA.5Y:PNG,2004-12-31,5.40495068884081
WDI:SP.POP.4044.MA.5Y:PNG,2005-12-31,5.43693574474342
WDI:SP.POP.4044.MA.5Y:PNG,2006-12-31,5.44862741645938
WDI:SP.POP.4044.MA.5Y:PNG,2007-12-31,5.44134294155002
WDI:SP.POP.4044.MA.5Y:PNG,2008-12-31,5.4201937795034
WDI:SP.POP.4044.MA.5Y:PNG,2009-12-31,5.39313711208418
WDI:SP.POP.4044.MA.5Y:PNG,2010-12-31,5.36672952024429
WDI:SP.POP.4044.MA.5Y:PNG,2011-12-31,5.34738408624666
WDI:SP.POP.4044.MA.5Y:PNG,2012-12-31,5.34276007979667
WDI:SP.POP.4044.MA.5Y:PNG,2013-12-31,5.35377245486752
WDI:SP.POP.4044.MA.5Y:PNG,2014-12-31,5.37318931701563
WDI:SP.POP.4044.MA.5Y:PNG,2015-12-31,5.39722755028274
WDI:SP.POP.4044.MA.5Y:PNG,2016-12-31,5.42408976751916
WDI:SP.POP.4044.MA.5Y:PNG,2017-12-31,5.44875302996753
WDI:SP.POP.4044.MA.5Y:PNG,2018-12-31,5.46919161187689
WDI:SP.POP.4044.MA.5Y:PNG,2019-12-31,5.48898158028652
WDI:SP.POP.4044.MA.5Y:PNG,2020-12-31,5.51191139204914
WDI:SP.POP.4044.MA.5Y:PNG,2021-12-31,5.53544344019411
WDI:SP.POP.4044.MA.5Y:PNG,2022-12-31,5.5602518016402
WDI:SP.POP.4044.MA.5Y:PNG,2023-12-31,5.59626199085805
WDI:SP.POP.4044.MA.5Y:PNG,2024-12-31,5.64508990025688
WDI:SP.POP.4044.MA.5Y:POL,1960-12-31,4.24240526087461
WDI:SP.POP.4044.MA.5Y:POL,1961-12-31,4.53794755510131
WDI:SP.POP.4044.MA.5Y:POL,1962-12-31,4.94587317769992
WDI:SP.POP.4044.MA.5Y:POL,1963-12-31,5.45915161890211
WDI:SP.POP.4044.MA.5Y:POL,1964-12-31,5.84900082651702
WDI:SP.POP.4044.MA.5Y:POL,1965-12-31,6.08151394817768
WDI:SP.POP.4044.MA.5Y:POL,1966-12-31,6.27365600729795
WDI:SP.POP.4044.MA.5Y:POL,1967-12-31,6.39948853910147
WDI:SP.POP.4044.MA.5Y:POL,1968-12-31,6.51287118958926
WDI:SP.POP.4044.MA.5Y:POL,1969-12-31,6.67567471181579
WDI:SP.POP.4044.MA.5Y:POL,1970-12-31,6.84961417031953
WDI:SP.POP.4044.MA.5Y:POL,1971-12-31,7.00191517223864
WDI:SP.POP.4044.MA.5Y:POL,1972-12-31,7.09120139321635
WDI:SP.POP.4044.MA.5Y:POL,1973-12-31,7.04727656816589
WDI:SP.POP.4044.MA.5Y:POL,1974-12-31,6.90144572223712
WDI:SP.POP.4044.MA.5Y:POL,1975-12-31,6.7178720105271
WDI:SP.POP.4044.MA.5Y:POL,1976-12-31,6.5383896807565
WDI:SP.POP.4044.MA.5Y:POL,1977-12-31,6.38225075005549
WDI:SP.POP.4044.MA.5Y:POL,1978-12-31,6.24935935814803
WDI:SP.POP.4044.MA.5Y:POL,1979-12-31,6.13269791946313
WDI:SP.POP.4044.MA.5Y:POL,1980-12-31,5.98721811269481
WDI:SP.POP.4044.MA.5Y:POL,1981-12-31,5.79316817468076
WDI:SP.POP.4044.MA.5Y:POL,1982-12-31,5.55800200008166
WDI:SP.POP.4044.MA.5Y:POL,1983-12-31,5.32507119841732
WDI:SP.POP.4044.MA.5Y:POL,1984-12-31,5.12086926514888
WDI:SP.POP.4044.MA.5Y:POL,1985-12-31,4.96116292315223
WDI:SP.POP.4044.MA.5Y:POL,1986-12-31,5.04304982790688
WDI:SP.POP.4044.MA.5Y:POL,1987-12-31,5.43074873740305
WDI:SP.POP.4044.MA.5Y:POL,1988-12-31,5.99107267098739
WDI:SP.POP.4044.MA.5Y:POL,1989-12-31,6.60022496326377
WDI:SP.POP.4044.MA.5Y:POL,1990-12-31,7.20209933771459
WDI:SP.POP.4044.MA.5Y:POL,1991-12-31,7.68132041721326
WDI:SP.POP.4044.MA.5Y:POL,1992-12-31,7.9680666559138
WDI:SP.POP.4044.MA.5Y:POL,1993-12-31,8.16836927482778
WDI:SP.POP.4044.MA.5Y:POL,1994-12-31,8.31488452709219
WDI:SP.POP.4044.MA.5Y:POL,1995-12-31,8.44412111423699
WDI:SP.POP.4044.MA.5Y:POL,1996-12-31,8.53620694836809
WDI:SP.POP.4044.MA.5Y:POL,1997-12-31,8.58416602307904
WDI:SP.POP.4044.MA.5Y:POL,1998-12-31,8.59935315212737
WDI:SP.POP.4044.MA.5Y:POL,1999-12-31,8.55486971275654
WDI:SP.POP.4044.MA.5Y:POL,2000-12-31,8.39536381166428
WDI:SP.POP.4044.MA.5Y:POL,2001-12-31,8.13040979755251
WDI:SP.POP.4044.MA.5Y:POL,2002-12-31,7.80859056921515
WDI:SP.POP.4044.MA.5Y:POL,2003-12-31,7.47029521077247
WDI:SP.POP.4044.MA.5Y:POL,2004-12-31,7.15799072933832
WDI:SP.POP.4044.MA.5Y:POL,2005-12-31,6.89633798848281
WDI:SP.POP.4044.MA.5Y:POL,2006-12-31,6.70323773176654
WDI:SP.POP.4044.MA.5Y:POL,2007-12-31,6.56357611007387
WDI:SP.POP.4044.MA.5Y:POL,2008-12-31,6.45836228146055
WDI:SP.POP.4044.MA.5Y:POL,2009-12-31,6.39165848596574
WDI:SP.POP.4044.MA.5Y:POL,2010-12-31,6.38926435951478
WDI:SP.POP.4044.MA.5Y:POL,2011-12-31,6.44825883850799
WDI:SP.POP.4044.MA.5Y:POL,2012-12-31,6.56560244169956
WDI:SP.POP.4044.MA.5Y:POL,2013-12-31,6.74736086059187
WDI:SP.POP.4044.MA.5Y:POL,2014-12-31,6.97591719991998
WDI:SP.POP.4044.MA.5Y:POL,2015-12-31,7.23298498264328
WDI:SP.POP.4044.MA.5Y:POL,2016-12-31,7.49317286365279
WDI:SP.POP.4044.MA.5Y:POL,2017-12-31,7.73156702672769
WDI:SP.POP.4044.MA.5Y:POL,2018-12-31,7.93949099072536
WDI:SP.POP.4044.MA.5Y:POL,2019-12-31,8.12478445149175
WDI:SP.POP.4044.MA.5Y:POL,2020-12-31,8.30115901524083
WDI:SP.POP.4044.MA.5Y:POL,2021-12-31,8.47754206330811
WDI:SP.POP.4044.MA.5Y:POL,2022-12-31,8.64337418374804
WDI:SP.POP.4044.MA.5Y:POL,2023-12-31,8.78443100081217
WDI:SP.POP.4044.MA.5Y:POL,2024-12-31,8.90286675056811
WDI:SP.POP.4044.MA.5Y:PRE,1960-12-31,4.685337411827679
WDI:SP.POP.4044.MA.5Y:PRE,1961-12-31,4.673063187749984
WDI:SP.POP.4044.MA.5Y:PRE,1962-12-31,4.654718610773732
WDI:SP.POP.4044.MA.5Y:PRE,1963-12-31,4.632643903578429
WDI:SP.POP.4044.MA.5Y:PRE,1964-12-31,4.607587505686403
WDI:SP.POP.4044.MA.5Y:PRE,1965-12-31,4.580563582818206
WDI:SP.POP.4044.MA.5Y:PRE,1966-12-31,4.5534146784630565
WDI:SP.POP.4044.MA.5Y:PRE,1967-12-31,4.525726923140106
WDI:SP.POP.4044.MA.5Y:PRE,1968-12-31,4.497471801302996
WDI:SP.POP.4044.MA.5Y:PRE,1969-12-31,4.468382082326801
WDI:SP.POP.4044.MA.5Y:PRE,1970-12-31,4.4396779336984205
WDI:SP.POP.4044.MA.5Y:PRE,1971-12-31,4.411221247301666
WDI:SP.POP.4044.MA.5Y:PRE,1972-12-31,4.3811860105180624
WDI:SP.POP.4044.MA.5Y:PRE,1973-12-31,4.3486365366819
WDI:SP.POP.4044.MA.5Y:PRE,1974-12-31,4.314545732419835
WDI:SP.POP.4044.MA.5Y:PRE,1975-12-31,4.279919834089677
WDI:SP.POP.4044.MA.5Y:PRE,1976-12-31,4.2462902671435
WDI:SP.POP.4044.MA.5Y:PRE,1977-12-31,4.215521362078794
WDI:SP.POP.4044.MA.5Y:PRE,1978-12-31,4.186847971880182
WDI:SP.POP.4044.MA.5Y:PRE,1979-12-31,4.1578885381390975
WDI:SP.POP.4044.MA.5Y:PRE,1980-12-31,4.127818655371835
WDI:SP.POP.4044.MA.5Y:PRE,1981-12-31,4.09723673833839
WDI:SP.POP.4044.MA.5Y:PRE,1982-12-31,4.069233124345116
WDI:SP.POP.4044.MA.5Y:PRE,1983-12-31,4.049498612244876
WDI:SP.POP.4044.MA.5Y:PRE,1984-12-31,4.037157100067467
WDI:SP.POP.4044.MA.5Y:PRE,1985-12-31,4.031477407695398
WDI:SP.POP.4044.MA.5Y:PRE,1986-12-31,4.0280369839738785
WDI:SP.POP.4044.MA.5Y:PRE,1987-12-31,4.020199925636831
WDI:SP.POP.4044.MA.5Y:PRE,1988-12-31,3.9972827284087837
WDI:SP.POP.4044.MA.5Y:PRE,1989-12-31,3.960217465622167
WDI:SP.POP.4044.MA.5Y:PRE,1990-12-31,3.9233918099342526
WDI:SP.POP.4044.MA.5Y:PRE,1991-12-31,3.8917997406323934
WDI:SP.POP.4044.MA.5Y:PRE,1992-12-31,3.8702449426663024
WDI:SP.POP.4044.MA.5Y:PRE,1993-12-31,3.8651569781171298
WDI:SP.POP.4044.MA.5Y:PRE,1994-12-31,3.8773782040242435
WDI:SP.POP.4044.MA.5Y:PRE,1995-12-31,3.8875989038826786
WDI:SP.POP.4044.MA.5Y:PRE,1996-12-31,3.884792988005091
WDI:SP.POP.4044.MA.5Y:PRE,1997-12-31,3.875369320658763
WDI:SP.POP.4044.MA.5Y:PRE,1998-12-31,3.865624075657066
WDI:SP.POP.4044.MA.5Y:PRE,1999-12-31,3.8585115018051024
WDI:SP.POP.4044.MA.5Y:PRE,2000-12-31,3.85447210756006
WDI:SP.POP.4044.MA.5Y:PRE,2001-12-31,3.853982122876159
WDI:SP.POP.4044.MA.5Y:PRE,2002-12-31,3.861520540949938
WDI:SP.POP.4044.MA.5Y:PRE,2003-12-31,3.877572395969801
WDI:SP.POP.4044.MA.5Y:PRE,2004-12-31,3.8957990797392834
WDI:SP.POP.4044.MA.5Y:PRE,2005-12-31,3.9158811970733174
WDI:SP.POP.4044.MA.5Y:PRE,2006-12-31,3.9379432519285498
WDI:SP.POP.4044.MA.5Y:PRE,2007-12-31,3.960046371251183
WDI:SP.POP.4044.MA.5Y:PRE,2008-12-31,3.984951781951505
WDI:SP.POP.4044.MA.5Y:PRE,2009-12-31,4.014082530143503
WDI:SP.POP.4044.MA.5Y:PRE,2010-12-31,4.044697773129793
WDI:SP.POP.4044.MA.5Y:PRE,2011-12-31,4.077403373017218
WDI:SP.POP.4044.MA.5Y:PRE,2012-12-31,4.110589689367848
WDI:SP.POP.4044.MA.5Y:PRE,2013-12-31,4.141145498612481
WDI:SP.POP.4044.MA.5Y:PRE,2014-12-31,4.168201327687517
WDI:SP.POP.4044.MA.5Y:PRE,2015-12-31,4.195086704324479
WDI:SP.POP.4044.MA.5Y:PRE,2016-12-31,4.222902572334865
WDI:SP.POP.4044.MA.5Y:PRE,2017-12-31,4.251221418294925
WDI:SP.POP.4044.MA.5Y:PRE,2018-12-31,4.283519161766001
WDI:SP.POP.4044.MA.5Y:PRE,2019-12-31,4.319358006407813
WDI:SP.POP.4044.MA.5Y:PRE,2020-12-31,4.3561507647582065
WDI:SP.POP.4044.MA.5Y:PRE,2021-12-31,4.39172209751408
WDI:SP.POP.4044.MA.5Y:PRE,2022-12-31,4.425825531413173
WDI:SP.POP.4044.MA.5Y:PRE,2023-12-31,4.458978934942418
WDI:SP.POP.4044.MA.5Y:PRE,2024-12-31,4.4879157120808895
WDI:SP.POP.4044.MA.5Y:PRI,1960-12-31,4.77872679269573
WDI:SP.POP.4044.MA.5Y:PRI,1961-12-31,4.75254256709335
WDI:SP.POP.4044.MA.5Y:PRI,1962-12-31,4.70136203071828
WDI:SP.POP.4044.MA.5Y:PRI,1963-12-31,4.62678953323349
WDI:SP.POP.4044.MA.5Y:PRI,1964-12-31,4.54868689344459
WDI:SP.POP.4044.MA.5Y:PRI,1965-12-31,4.49642570279527
WDI:SP.POP.4044.MA.5Y:PRI,1966-12-31,4.49076517564859
WDI:SP.POP.4044.MA.5Y:PRI,1967-12-31,4.53759299530066
WDI:SP.POP.4044.MA.5Y:PRI,1968-12-31,4.63223000932052
WDI:SP.POP.4044.MA.5Y:PRI,1969-12-31,4.75887678834957
WDI:SP.POP.4044.MA.5Y:PRI,1970-12-31,4.85408814384664
WDI:SP.POP.4044.MA.5Y:PRI,1971-12-31,4.87190367483153
WDI:SP.POP.4044.MA.5Y:PRI,1972-12-31,4.85013548967355
WDI:SP.POP.4044.MA.5Y:PRI,1973-12-31,4.80693875251635
WDI:SP.POP.4044.MA.5Y:PRI,1974-12-31,4.75230558303153
WDI:SP.POP.4044.MA.5Y:PRI,1975-12-31,4.72177715981578
WDI:SP.POP.4044.MA.5Y:PRI,1976-12-31,4.71693620911796
WDI:SP.POP.4044.MA.5Y:PRI,1977-12-31,4.72621839577722
WDI:SP.POP.4044.MA.5Y:PRI,1978-12-31,4.79999103150547
WDI:SP.POP.4044.MA.5Y:PRI,1979-12-31,4.92959666936342
WDI:SP.POP.4044.MA.5Y:PRI,1980-12-31,4.9925034555759
WDI:SP.POP.4044.MA.5Y:PRI,1981-12-31,5.03743521193076
WDI:SP.POP.4044.MA.5Y:PRI,1982-12-31,5.1475476765244
WDI:SP.POP.4044.MA.5Y:PRI,1983-12-31,5.28112453519545
WDI:SP.POP.4044.MA.5Y:PRI,1984-12-31,5.42278970617053
WDI:SP.POP.4044.MA.5Y:PRI,1985-12-31,5.59474432282901
WDI:SP.POP.4044.MA.5Y:PRI,1986-12-31,5.76990103864949
WDI:SP.POP.4044.MA.5Y:PRI,1987-12-31,5.9052636412592
WDI:SP.POP.4044.MA.5Y:PRI,1988-12-31,6.0056914623625
WDI:SP.POP.4044.MA.5Y:PRI,1989-12-31,6.08223971078061
WDI:SP.POP.4044.MA.5Y:PRI,1990-12-31,6.14080652758928
WDI:SP.POP.4044.MA.5Y:PRI,1991-12-31,6.17424417529586
WDI:SP.POP.4044.MA.5Y:PRI,1992-12-31,6.18522148126653
WDI:SP.POP.4044.MA.5Y:PRI,1993-12-31,6.1790608127737
WDI:SP.POP.4044.MA.5Y:PRI,1994-12-31,6.16873513284057
WDI:SP.POP.4044.MA.5Y:PRI,1995-12-31,6.14826024742749
WDI:SP.POP.4044.MA.5Y:PRI,1996-12-31,6.16475999439544
WDI:SP.POP.4044.MA.5Y:PRI,1997-12-31,6.2456125587668
WDI:SP.POP.4044.MA.5Y:PRI,1998-12-31,6.31524154813988
WDI:SP.POP.4044.MA.5Y:PRI,1999-12-31,6.34246157936399
WDI:SP.POP.4044.MA.5Y:PRI,2000-12-31,6.41924981890545
WDI:SP.POP.4044.MA.5Y:PRI,2001-12-31,6.49540556649425
WDI:SP.POP.4044.MA.5Y:PRI,2002-12-31,6.50581763334525
WDI:SP.POP.4044.MA.5Y:PRI,2003-12-31,6.56955221988886
WDI:SP.POP.4044.MA.5Y:PRI,2004-12-31,6.66072334073329
WDI:SP.POP.4044.MA.5Y:PRI,2005-12-31,6.68869129953757
WDI:SP.POP.4044.MA.5Y:PRI,2006-12-31,6.68573371037337
WDI:SP.POP.4044.MA.5Y:PRI,2007-12-31,6.65900261810395
WDI:SP.POP.4044.MA.5Y:PRI,2008-12-31,6.58865408134301
WDI:SP.POP.4044.MA.5Y:PRI,2009-12-31,6.51311147243716
WDI:SP.POP.4044.MA.5Y:PRI,2010-12-31,6.48074843023501
WDI:SP.POP.4044.MA.5Y:PRI,2011-12-31,6.50009613219623
WDI:SP.POP.4044.MA.5Y:PRI,2012-12-31,6.53258708079935
WDI:SP.POP.4044.MA.5Y:PRI,2013-12-31,6.55159952804381
WDI:SP.POP.4044.MA.5Y:PRI,2014-12-31,6.54764931869912
WDI:SP.POP.4044.MA.5Y:PRI,2015-12-31,6.52742728058578
WDI:SP.POP.4044.MA.5Y:PRI,2016-12-31,6.5040237479582
WDI:SP.POP.4044.MA.5Y:PRI,2017-12-31,6.49276499411555
WDI:SP.POP.4044.MA.5Y:PRI,2018-12-31,6.48790278731662
WDI:SP.POP.4044.MA.5Y:PRI,2019-12-31,6.47653624965615
WDI:SP.POP.4044.MA.5Y:PRI,2020-12-31,6.45965481158035
WDI:SP.POP.4044.MA.5Y:PRI,2021-12-31,6.41860386362689
WDI:SP.POP.4044.MA.5Y:PRI,2022-12-31,6.33838390447799
WDI:SP.POP.4044.MA.5Y:PRI,2023-12-31,6.22758497212411
WDI:SP.POP.4044.MA.5Y:PRI,2024-12-31,6.10473199923881
WDI:SP.POP.4044.MA.5Y:PRK,1960-12-31,3.36262100815826
WDI:SP.POP.4044.MA.5Y:PRK,1961-12-31,3.32176042978194
WDI:SP.POP.4044.MA.5Y:PRK,1962-12-31,3.28636195096971
WDI:SP.POP.4044.MA.5Y:PRK,1963-12-31,3.2424731564506
WDI:SP.POP.4044.MA.5Y:PRK,1964-12-31,3.1974195424108
WDI:SP.POP.4044.MA.5Y:PRK,1965-12-31,3.16520900264511
WDI:SP.POP.4044.MA.5Y:PRK,1966-12-31,3.15210579087508
WDI:SP.POP.4044.MA.5Y:PRK,1967-12-31,3.15290799648945
WDI:SP.POP.4044.MA.5Y:PRK,1968-12-31,3.16982733185568
WDI:SP.POP.4044.MA.5Y:PRK,1969-12-31,3.23200980551672
WDI:SP.POP.4044.MA.5Y:PRK,1970-12-31,3.35718306234458
WDI:SP.POP.4044.MA.5Y:PRK,1971-12-31,3.5293855670858
WDI:SP.POP.4044.MA.5Y:PRK,1972-12-31,3.75588204205059
WDI:SP.POP.4044.MA.5Y:PRK,1973-12-31,4.0684555879801
WDI:SP.POP.4044.MA.5Y:PRK,1974-12-31,4.47138331017115
WDI:SP.POP.4044.MA.5Y:PRK,1975-12-31,4.91924156780202
WDI:SP.POP.4044.MA.5Y:PRK,1976-12-31,5.40158617880977
WDI:SP.POP.4044.MA.5Y:PRK,1977-12-31,5.91117518706891
WDI:SP.POP.4044.MA.5Y:PRK,1978-12-31,6.39468523114641
WDI:SP.POP.4044.MA.5Y:PRK,1979-12-31,6.78229412086259
WDI:SP.POP.4044.MA.5Y:PRK,1980-12-31,7.05594054042589
WDI:SP.POP.4044.MA.5Y:PRK,1981-12-31,7.22807261439842
WDI:SP.POP.4044.MA.5Y:PRK,1982-12-31,7.28807296627622
WDI:SP.POP.4044.MA.5Y:PRK,1983-12-31,7.25213430860834
WDI:SP.POP.4044.MA.5Y:PRK,1984-12-31,7.15460548862901
WDI:SP.POP.4044.MA.5Y:PRK,1985-12-31,7.03856081497611
WDI:SP.POP.4044.MA.5Y:PRK,1986-12-31,6.93253506170699
WDI:SP.POP.4044.MA.5Y:PRK,1987-12-31,6.82305222438446
WDI:SP.POP.4044.MA.5Y:PRK,1988-12-31,6.66461504601495
WDI:SP.POP.4044.MA.5Y:PRK,1989-12-31,6.45962402999182
WDI:SP.POP.4044.MA.5Y:PRK,1990-12-31,6.2860980176014
WDI:SP.POP.4044.MA.5Y:PRK,1991-12-31,5.8884810921695
WDI:SP.POP.4044.MA.5Y:PRK,1992-12-31,5.29405471379822
WDI:SP.POP.4044.MA.5Y:PRK,1993-12-31,4.90899560548927
WDI:SP.POP.4044.MA.5Y:PRK,1994-12-31,4.78320013298852
WDI:SP.POP.4044.MA.5Y:PRK,1995-12-31,4.78851569063983
WDI:SP.POP.4044.MA.5Y:PRK,1996-12-31,5.04544421727428
WDI:SP.POP.4044.MA.5Y:PRK,1997-12-31,5.65558358728411
WDI:SP.POP.4044.MA.5Y:PRK,1998-12-31,6.32203053762276
WDI:SP.POP.4044.MA.5Y:PRK,1999-12-31,6.74043444124574
WDI:SP.POP.4044.MA.5Y:PRK,2000-12-31,6.95483389039952
WDI:SP.POP.4044.MA.5Y:PRK,2001-12-31,7.11536563320747
WDI:SP.POP.4044.MA.5Y:PRK,2002-12-31,7.14969989144778
WDI:SP.POP.4044.MA.5Y:PRK,2003-12-31,7.13014923251872
WDI:SP.POP.4044.MA.5Y:PRK,2004-12-31,7.2515321902507
WDI:SP.POP.4044.MA.5Y:PRK,2005-12-31,7.47398728167802
WDI:SP.POP.4044.MA.5Y:PRK,2006-12-31,7.7815712279739
WDI:SP.POP.4044.MA.5Y:PRK,2007-12-31,8.21865084658258
WDI:SP.POP.4044.MA.5Y:PRK,2008-12-31,8.60448065651139
WDI:SP.POP.4044.MA.5Y:PRK,2009-12-31,8.89614553019802
WDI:SP.POP.4044.MA.5Y:PRK,2010-12-31,9.16515644826092
WDI:SP.POP.4044.MA.5Y:PRK,2011-12-31,9.3316785984936
WDI:SP.POP.4044.MA.5Y:PRK,2012-12-31,9.35812389254104
WDI:SP.POP.4044.MA.5Y:PRK,2013-12-31,9.21021263750628
WDI:SP.POP.4044.MA.5Y:PRK,2014-12-31,8.88147302127835
WDI:SP.POP.4044.MA.5Y:PRK,2015-12-31,8.44989342082708
WDI:SP.POP.4044.MA.5Y:PRK,2016-12-31,7.94699651900382
WDI:SP.POP.4044.MA.5Y:PRK,2017-12-31,7.35454872963602
WDI:SP.POP.4044.MA.5Y:PRK,2018-12-31,6.84414010662125
WDI:SP.POP.4044.MA.5Y:PRK,2019-12-31,6.54252402713626
WDI:SP.POP.4044.MA.5Y:PRK,2020-12-31,6.35598808976639
WDI:SP.POP.4044.MA.5Y:PRK,2021-12-31,6.30247677615509
WDI:SP.POP.4044.MA.5Y:PRK,2022-12-31,6.36888488861438
WDI:SP.POP.4044.MA.5Y:PRK,2023-12-31,6.46842251412658
WDI:SP.POP.4044.MA.5Y:PRK,2024-12-31,6.56719137987308
WDI:SP.POP.4044.MA.5Y:PRT,1960-12-31,5.56098360300658
WDI:SP.POP.4044.MA.5Y:PRT,1961-12-31,5.68173481969285
WDI:SP.POP.4044.MA.5Y:PRT,1962-12-31,5.81129227865598
WDI:SP.POP.4044.MA.5Y:PRT,1963-12-31,5.97530333775236
WDI:SP.POP.4044.MA.5Y:PRT,1964-12-31,6.18659739318951
WDI:SP.POP.4044.MA.5Y:PRT,1965-12-31,6.28049787723884
WDI:SP.POP.4044.MA.5Y:PRT,1966-12-31,6.27072290169259
WDI:SP.POP.4044.MA.5Y:PRT,1967-12-31,6.27950420376393
WDI:SP.POP.4044.MA.5Y:PRT,1968-12-31,6.29313659212168
WDI:SP.POP.4044.MA.5Y:PRT,1969-12-31,6.29793380059539
WDI:SP.POP.4044.MA.5Y:PRT,1970-12-31,6.3221558842598
WDI:SP.POP.4044.MA.5Y:PRT,1971-12-31,6.33586280895591
WDI:SP.POP.4044.MA.5Y:PRT,1972-12-31,6.32130477213621
WDI:SP.POP.4044.MA.5Y:PRT,1973-12-31,6.29969360155821
WDI:SP.POP.4044.MA.5Y:PRT,1974-12-31,6.24537395963182
WDI:SP.POP.4044.MA.5Y:PRT,1975-12-31,6.18331726712416
WDI:SP.POP.4044.MA.5Y:PRT,1976-12-31,6.09318148991822
WDI:SP.POP.4044.MA.5Y:PRT,1977-12-31,6.00641790983822
WDI:SP.POP.4044.MA.5Y:PRT,1978-12-31,5.93283430581759
WDI:SP.POP.4044.MA.5Y:PRT,1979-12-31,5.89561137256293
WDI:SP.POP.4044.MA.5Y:PRT,1980-12-31,5.83501763291827
WDI:SP.POP.4044.MA.5Y:PRT,1981-12-31,5.71470485996858
WDI:SP.POP.4044.MA.5Y:PRT,1982-12-31,5.59309282525985
WDI:SP.POP.4044.MA.5Y:PRT,1983-12-31,5.52761130752018
WDI:SP.POP.4044.MA.5Y:PRT,1984-12-31,5.5066363039269
WDI:SP.POP.4044.MA.5Y:PRT,1985-12-31,5.56410238560977
WDI:SP.POP.4044.MA.5Y:PRT,1986-12-31,5.69376758748726
WDI:SP.POP.4044.MA.5Y:PRT,1987-12-31,5.83768861438049
WDI:SP.POP.4044.MA.5Y:PRT,1988-12-31,6.01343475319901
WDI:SP.POP.4044.MA.5Y:PRT,1989-12-31,6.20641421041022
WDI:SP.POP.4044.MA.5Y:PRT,1990-12-31,6.36225516755833
WDI:SP.POP.4044.MA.5Y:PRT,1991-12-31,6.51367751727842
WDI:SP.POP.4044.MA.5Y:PRT,1992-12-31,6.64221091909695
WDI:SP.POP.4044.MA.5Y:PRT,1993-12-31,6.66879351151281
WDI:SP.POP.4044.MA.5Y:PRT,1994-12-31,6.66768085790194
WDI:SP.POP.4044.MA.5Y:PRT,1995-12-31,6.69980244149736
WDI:SP.POP.4044.MA.5Y:PRT,1996-12-31,6.72608528319887
WDI:SP.POP.4044.MA.5Y:PRT,1997-12-31,6.77561724610789
WDI:SP.POP.4044.MA.5Y:PRT,1998-12-31,6.86804044828577
WDI:SP.POP.4044.MA.5Y:PRT,1999-12-31,6.95541187449792
WDI:SP.POP.4044.MA.5Y:PRT,2000-12-31,7.04884021220997
WDI:SP.POP.4044.MA.5Y:PRT,2001-12-31,7.16112491043993
WDI:SP.POP.4044.MA.5Y:PRT,2002-12-31,7.25368480717163
WDI:SP.POP.4044.MA.5Y:PRT,2003-12-31,7.3262766300439
WDI:SP.POP.4044.MA.5Y:PRT,2004-12-31,7.41310632270188
WDI:SP.POP.4044.MA.5Y:PRT,2005-12-31,7.47778240749028
WDI:SP.POP.4044.MA.5Y:PRT,2006-12-31,7.49770475401898
WDI:SP.POP.4044.MA.5Y:PRT,2007-12-31,7.50163806195934
WDI:SP.POP.4044.MA.5Y:PRT,2008-12-31,7.50123363224237
WDI:SP.POP.4044.MA.5Y:PRT,2009-12-31,7.49290902085037
WDI:SP.POP.4044.MA.5Y:PRT,2010-12-31,7.49526619758779
WDI:SP.POP.4044.MA.5Y:PRT,2011-12-31,7.53033717312038
WDI:SP.POP.4044.MA.5Y:PRT,2012-12-31,7.59128247809766
WDI:SP.POP.4044.MA.5Y:PRT,2013-12-31,7.66485422323021
WDI:SP.POP.4044.MA.5Y:PRT,2014-12-31,7.74691190767752
WDI:SP.POP.4044.MA.5Y:PRT,2015-12-31,7.84419966588359
WDI:SP.POP.4044.MA.5Y:PRT,2016-12-31,7.91529365761465
WDI:SP.POP.4044.MA.5Y:PRT,2017-12-31,7.94033062474257
WDI:SP.POP.4044.MA.5Y:PRT,2018-12-31,7.88736130713311
WDI:SP.POP.4044.MA.5Y:PRT,2019-12-31,7.74472363795726
WDI:SP.POP.4044.MA.5Y:PRT,2020-12-31,7.56363063607345
WDI:SP.POP.4044.MA.5Y:PRT,2021-12-31,7.35060235299114
WDI:SP.POP.4044.MA.5Y:PRT,2022-12-31,7.12678868713355
WDI:SP.POP.4044.MA.5Y:PRT,2023-12-31,6.94712884121706
WDI:SP.POP.4044.MA.5Y:PRT,2024-12-31,6.79468539692385
WDI:SP.POP.4044.MA.5Y:PRY,1960-12-31,3.89093888518953
WDI:SP.POP.4044.MA.5Y:PRY,1961-12-31,3.90326475172171
WDI:SP.POP.4044.MA.5Y:PRY,1962-12-31,3.93392653919618
WDI:SP.POP.4044.MA.5Y:PRY,1963-12-31,3.97928947537966
WDI:SP.POP.4044.MA.5Y:PRY,1964-12-31,4.03519014177432
WDI:SP.POP.4044.MA.5Y:PRY,1965-12-31,4.09700790990495
WDI:SP.POP.4044.MA.5Y:PRY,1966-12-31,4.1637295486271
WDI:SP.POP.4044.MA.5Y:PRY,1967-12-31,4.2326447011364
WDI:SP.POP.4044.MA.5Y:PRY,1968-12-31,4.28984248151866
WDI:SP.POP.4044.MA.5Y:PRY,1969-12-31,4.31233506034328
WDI:SP.POP.4044.MA.5Y:PRY,1970-12-31,4.28176073696172
WDI:SP.POP.4044.MA.5Y:PRY,1971-12-31,4.19109319077606
WDI:SP.POP.4044.MA.5Y:PRY,1972-12-31,4.04787308701298
WDI:SP.POP.4044.MA.5Y:PRY,1973-12-31,3.89394314287765
WDI:SP.POP.4044.MA.5Y:PRY,1974-12-31,3.77609189326681
WDI:SP.POP.4044.MA.5Y:PRY,1975-12-31,3.72283768293767
WDI:SP.POP.4044.MA.5Y:PRY,1976-12-31,3.74670230604775
WDI:SP.POP.4044.MA.5Y:PRY,1977-12-31,3.83611327911174
WDI:SP.POP.4044.MA.5Y:PRY,1978-12-31,3.9624414179211
WDI:SP.POP.4044.MA.5Y:PRY,1979-12-31,4.08411015842006
WDI:SP.POP.4044.MA.5Y:PRY,1980-12-31,4.1752202639582
WDI:SP.POP.4044.MA.5Y:PRY,1981-12-31,4.24126857765449
WDI:SP.POP.4044.MA.5Y:PRY,1982-12-31,4.28445229681979
WDI:SP.POP.4044.MA.5Y:PRY,1983-12-31,4.30726029529751
WDI:SP.POP.4044.MA.5Y:PRY,1984-12-31,4.32377453390597
WDI:SP.POP.4044.MA.5Y:PRY,1985-12-31,4.33759486377107
WDI:SP.POP.4044.MA.5Y:PRY,1986-12-31,4.34341463950722
WDI:SP.POP.4044.MA.5Y:PRY,1987-12-31,4.34603249111064
WDI:SP.POP.4044.MA.5Y:PRY,1988-12-31,4.36467820915542
WDI:SP.POP.4044.MA.5Y:PRY,1989-12-31,4.40059330779697
WDI:SP.POP.4044.MA.5Y:PRY,1990-12-31,4.42674578916787
WDI:SP.POP.4044.MA.5Y:PRY,1991-12-31,4.44366605498007
WDI:SP.POP.4044.MA.5Y:PRY,1992-12-31,4.46507658599495
WDI:SP.POP.4044.MA.5Y:PRY,1993-12-31,4.4824380793917
WDI:SP.POP.4044.MA.5Y:PRY,1994-12-31,4.49991172951887
WDI:SP.POP.4044.MA.5Y:PRY,1995-12-31,4.54151308229614
WDI:SP.POP.4044.MA.5Y:PRY,1996-12-31,4.60536808827739
WDI:SP.POP.4044.MA.5Y:PRY,1997-12-31,4.67529039725006
WDI:SP.POP.4044.MA.5Y:PRY,1998-12-31,4.75151002276855
WDI:SP.POP.4044.MA.5Y:PRY,1999-12-31,4.83008099673678
WDI:SP.POP.4044.MA.5Y:PRY,2000-12-31,4.90845509591976
WDI:SP.POP.4044.MA.5Y:PRY,2001-12-31,4.99267273649199
WDI:SP.POP.4044.MA.5Y:PRY,2002-12-31,5.08890574404922
WDI:SP.POP.4044.MA.5Y:PRY,2003-12-31,5.19884963207112
WDI:SP.POP.4044.MA.5Y:PRY,2004-12-31,5.31636003275859
WDI:SP.POP.4044.MA.5Y:PRY,2005-12-31,5.42820993594609
WDI:SP.POP.4044.MA.5Y:PRY,2006-12-31,5.51762217804077
WDI:SP.POP.4044.MA.5Y:PRY,2007-12-31,5.5699001558772
WDI:SP.POP.4044.MA.5Y:PRY,2008-12-31,5.58623305781271
WDI:SP.POP.4044.MA.5Y:PRY,2009-12-31,5.57730531574864
WDI:SP.POP.4044.MA.5Y:PRY,2010-12-31,5.55394200412078
WDI:SP.POP.4044.MA.5Y:PRY,2011-12-31,5.5244449624645
WDI:SP.POP.4044.MA.5Y:PRY,2012-12-31,5.49332747146801
WDI:SP.POP.4044.MA.5Y:PRY,2013-12-31,5.46631825533218
WDI:SP.POP.4044.MA.5Y:PRY,2014-12-31,5.4482743160613
WDI:SP.POP.4044.MA.5Y:PRY,2015-12-31,5.43871107927173
WDI:SP.POP.4044.MA.5Y:PRY,2016-12-31,5.44100004787247
WDI:SP.POP.4044.MA.5Y:PRY,2017-12-31,5.46597445996317
WDI:SP.POP.4044.MA.5Y:PRY,2018-12-31,5.51524740609785
WDI:SP.POP.4044.MA.5Y:PRY,2019-12-31,5.59150364280795
WDI:SP.POP.4044.MA.5Y:PRY,2020-12-31,5.7056114565668
WDI:SP.POP.4044.MA.5Y:PRY,2021-12-31,5.8650160649034
WDI:SP.POP.4044.MA.5Y:PRY,2022-12-31,6.05197002416607
WDI:SP.POP.4044.MA.5Y:PRY,2023-12-31,6.24577918994242
WDI:SP.POP.4044.MA.5Y:PRY,2024-12-31,6.43976769917873
WDI:SP.POP.4044.MA.5Y:PSE,1960-12-31,3.30679972343096
WDI:SP.POP.4044.MA.5Y:PSE,1961-12-31,3.27913916267294
WDI:SP.POP.4044.MA.5Y:PSE,1962-12-31,3.25439757593669
WDI:SP.POP.4044.MA.5Y:PSE,1963-12-31,3.23617360933954
WDI:SP.POP.4044.MA.5Y:PSE,1964-12-31,3.22698981082954
WDI:SP.POP.4044.MA.5Y:PSE,1965-12-31,3.22632973605894
WDI:SP.POP.4044.MA.5Y:PSE,1966-12-31,3.2354232267475
WDI:SP.POP.4044.MA.5Y:PSE,1967-12-31,3.252383908606
WDI:SP.POP.4044.MA.5Y:PSE,1968-12-31,3.27772949416673
WDI:SP.POP.4044.MA.5Y:PSE,1969-12-31,3.31736470311107
WDI:SP.POP.4044.MA.5Y:PSE,1970-12-31,3.36903354882807
WDI:SP.POP.4044.MA.5Y:PSE,1971-12-31,3.42836565378492
WDI:SP.POP.4044.MA.5Y:PSE,1972-12-31,3.49294082614561
WDI:SP.POP.4044.MA.5Y:PSE,1973-12-31,3.55507393006401
WDI:SP.POP.4044.MA.5Y:PSE,1974-12-31,3.60742782021947
WDI:SP.POP.4044.MA.5Y:PSE,1975-12-31,3.65159878313696
WDI:SP.POP.4044.MA.5Y:PSE,1976-12-31,3.68933372376298
WDI:SP.POP.4044.MA.5Y:PSE,1977-12-31,3.72453700304014
WDI:SP.POP.4044.MA.5Y:PSE,1978-12-31,3.75379196175587
WDI:SP.POP.4044.MA.5Y:PSE,1979-12-31,3.7648352993205
WDI:SP.POP.4044.MA.5Y:PSE,1980-12-31,3.7616084529069
WDI:SP.POP.4044.MA.5Y:PSE,1981-12-31,3.74779518299981
WDI:SP.POP.4044.MA.5Y:PSE,1982-12-31,3.72082141862674
WDI:SP.POP.4044.MA.5Y:PSE,1983-12-31,3.69808577896919
WDI:SP.POP.4044.MA.5Y:PSE,1984-12-31,3.6937449671998
WDI:SP.POP.4044.MA.5Y:PSE,1985-12-31,3.69896741822743
WDI:SP.POP.4044.MA.5Y:PSE,1986-12-31,3.7121872235483
WDI:SP.POP.4044.MA.5Y:PSE,1987-12-31,3.73213603120532
WDI:SP.POP.4044.MA.5Y:PSE,1988-12-31,3.72767707292732
WDI:SP.POP.4044.MA.5Y:PSE,1989-12-31,3.68722851537658
WDI:SP.POP.4044.MA.5Y:PSE,1990-12-31,3.64076321801627
WDI:SP.POP.4044.MA.5Y:PSE,1991-12-31,3.59954371293167
WDI:SP.POP.4044.MA.5Y:PSE,1992-12-31,3.55841427570656
WDI:SP.POP.4044.MA.5Y:PSE,1993-12-31,3.53729460406258
WDI:SP.POP.4044.MA.5Y:PSE,1994-12-31,3.54712743980345
WDI:SP.POP.4044.MA.5Y:PSE,1995-12-31,3.5665719225115
WDI:SP.POP.4044.MA.5Y:PSE,1996-12-31,3.5870762646312
WDI:SP.POP.4044.MA.5Y:PSE,1997-12-31,3.61373521340479
WDI:SP.POP.4044.MA.5Y:PSE,1998-12-31,3.64745675886417
WDI:SP.POP.4044.MA.5Y:PSE,1999-12-31,3.68620520970297
WDI:SP.POP.4044.MA.5Y:PSE,2000-12-31,3.72541294325768
WDI:SP.POP.4044.MA.5Y:PSE,2001-12-31,3.76544811173025
WDI:SP.POP.4044.MA.5Y:PSE,2002-12-31,3.80975001307072
WDI:SP.POP.4044.MA.5Y:PSE,2003-12-31,3.85451213764881
WDI:SP.POP.4044.MA.5Y:PSE,2004-12-31,3.89418379108879
WDI:SP.POP.4044.MA.5Y:PSE,2005-12-31,3.92932904633333
WDI:SP.POP.4044.MA.5Y:PSE,2006-12-31,3.95785983186493
WDI:SP.POP.4044.MA.5Y:PSE,2007-12-31,3.97842036585336
WDI:SP.POP.4044.MA.5Y:PSE,2008-12-31,3.99658091311486
WDI:SP.POP.4044.MA.5Y:PSE,2009-12-31,4.01269988656616
WDI:SP.POP.4044.MA.5Y:PSE,2010-12-31,4.02339492728553
WDI:SP.POP.4044.MA.5Y:PSE,2011-12-31,4.03288379555889
WDI:SP.POP.4044.MA.5Y:PSE,2012-12-31,4.04709634607264
WDI:SP.POP.4044.MA.5Y:PSE,2013-12-31,4.07025114637971
WDI:SP.POP.4044.MA.5Y:PSE,2014-12-31,4.10266489218472
WDI:SP.POP.4044.MA.5Y:PSE,2015-12-31,4.1420165812586
WDI:SP.POP.4044.MA.5Y:PSE,2016-12-31,4.19148816260257
WDI:SP.POP.4044.MA.5Y:PSE,2017-12-31,4.24099410141219
WDI:SP.POP.4044.MA.5Y:PSE,2018-12-31,4.28940542716173
WDI:SP.POP.4044.MA.5Y:PSE,2019-12-31,4.35033464581321
WDI:SP.POP.4044.MA.5Y:PSE,2020-12-31,4.42317308747864
WDI:SP.POP.4044.MA.5Y:PSE,2021-12-31,4.50762795767309
WDI:SP.POP.4044.MA.5Y:PSE,2022-12-31,4.60823579342599
WDI:SP.POP.4044.MA.5Y:PSE,2023-12-31,4.71800127217471
WDI:SP.POP.4044.MA.5Y:PSE,2024-12-31,4.84512007647595
WDI:SP.POP.4044.MA.5Y:PSS,1960-12-31,4.251205774238498
WDI:SP.POP.4044.MA.5Y:PSS,1961-12-31,4.2291056925317205
WDI:SP.POP.4044.MA.5Y:PSS,1962-12-31,4.205635619539102
WDI:SP.POP.4044.MA.5Y:PSS,1963-12-31,4.180412270437169
WDI:SP.POP.4044.MA.5Y:PSS,1964-12-31,4.154450682837763
WDI:SP.POP.4044.MA.5Y:PSS,1965-12-31,4.130767576028709
WDI:SP.POP.4044.MA.5Y:PSS,1966-12-31,4.114351828843769
WDI:SP.POP.4044.MA.5Y:PSS,1967-12-31,4.110089160510466
WDI:SP.POP.4044.MA.5Y:PSS,1968-12-31,4.125643201786059
WDI:SP.POP.4044.MA.5Y:PSS,1969-12-31,4.158967310037206
WDI:SP.POP.4044.MA.5Y:PSS,1970-12-31,4.18937589380211
WDI:SP.POP.4044.MA.5Y:PSS,1971-12-31,4.204728030032675
WDI:SP.POP.4044.MA.5Y:PSS,1972-12-31,4.20830871074859
WDI:SP.POP.4044.MA.5Y:PSS,1973-12-31,4.202162784600748
WDI:SP.POP.4044.MA.5Y:PSS,1974-12-31,4.18566333830937
WDI:SP.POP.4044.MA.5Y:PSS,1975-12-31,4.165805147038869
WDI:SP.POP.4044.MA.5Y:PSS,1976-12-31,4.155604225330824
WDI:SP.POP.4044.MA.5Y:PSS,1977-12-31,4.157786625631247
WDI:SP.POP.4044.MA.5Y:PSS,1978-12-31,4.165309811796047
WDI:SP.POP.4044.MA.5Y:PSS,1979-12-31,4.1524641165136735
WDI:SP.POP.4044.MA.5Y:PSS,1980-12-31,4.145983369354941
WDI:SP.POP.4044.MA.5Y:PSS,1981-12-31,4.165035805947523
WDI:SP.POP.4044.MA.5Y:PSS,1982-12-31,4.181869843484004
WDI:SP.POP.4044.MA.5Y:PSS,1983-12-31,4.193113470925282
WDI:SP.POP.4044.MA.5Y:PSS,1984-12-31,4.1961091992689425
WDI:SP.POP.4044.MA.5Y:PSS,1985-12-31,4.1993359318100065
WDI:SP.POP.4044.MA.5Y:PSS,1986-12-31,4.220191676461755
WDI:SP.POP.4044.MA.5Y:PSS,1987-12-31,4.249757470576353
WDI:SP.POP.4044.MA.5Y:PSS,1988-12-31,4.282941578293872
WDI:SP.POP.4044.MA.5Y:PSS,1989-12-31,4.3317334290298435
WDI:SP.POP.4044.MA.5Y:PSS,1990-12-31,4.375240667090268
WDI:SP.POP.4044.MA.5Y:PSS,1991-12-31,4.407820535914996
WDI:SP.POP.4044.MA.5Y:PSS,1992-12-31,4.45641850728455
WDI:SP.POP.4044.MA.5Y:PSS,1993-12-31,4.519304236965853
WDI:SP.POP.4044.MA.5Y:PSS,1994-12-31,4.587593112636352
WDI:SP.POP.4044.MA.5Y:PSS,1995-12-31,4.668876539739761
WDI:SP.POP.4044.MA.5Y:PSS,1996-12-31,4.757362969751714
WDI:SP.POP.4044.MA.5Y:PSS,1997-12-31,4.8407557787466695
WDI:SP.POP.4044.MA.5Y:PSS,1998-12-31,4.9261918339424975
WDI:SP.POP.4044.MA.5Y:PSS,1999-12-31,5.017203045932439
WDI:SP.POP.4044.MA.5Y:PSS,2000-12-31,5.104492402389781
WDI:SP.POP.4044.MA.5Y:PSS,2001-12-31,5.181604129995894
WDI:SP.POP.4044.MA.5Y:PSS,2002-12-31,5.261362689624114
WDI:SP.POP.4044.MA.5Y:PSS,2003-12-31,5.34318034491304
WDI:SP.POP.4044.MA.5Y:PSS,2004-12-31,5.41085343161543
WDI:SP.POP.4044.MA.5Y:PSS,2005-12-31,5.462806278734151
WDI:SP.POP.4044.MA.5Y:PSS,2006-12-31,5.499646706063239
WDI:SP.POP.4044.MA.5Y:PSS,2007-12-31,5.507100733874875
WDI:SP.POP.4044.MA.5Y:PSS,2008-12-31,5.492664954266483
WDI:SP.POP.4044.MA.5Y:PSS,2009-12-31,5.485251572443215
WDI:SP.POP.4044.MA.5Y:PSS,2010-12-31,5.491553947920528
WDI:SP.POP.4044.MA.5Y:PSS,2011-12-31,5.502417650452909
WDI:SP.POP.4044.MA.5Y:PSS,2012-12-31,5.509193132480995
WDI:SP.POP.4044.MA.5Y:PSS,2013-12-31,5.509240687641098
WDI:SP.POP.4044.MA.5Y:PSS,2014-12-31,5.496165882554705
WDI:SP.POP.4044.MA.5Y:PSS,2015-12-31,5.485633354414439
WDI:SP.POP.4044.MA.5Y:PSS,2016-12-31,5.50361470889534
WDI:SP.POP.4044.MA.5Y:PSS,2017-12-31,5.533063693425412
WDI:SP.POP.4044.MA.5Y:PSS,2018-12-31,5.548276715225893
WDI:SP.POP.4044.MA.5Y:PSS,2019-12-31,5.5870644084438394
WDI:SP.POP.4044.MA.5Y:PSS,2020-12-31,5.64860800539992
WDI:SP.POP.4044.MA.5Y:PSS,2021-12-31,5.690564885796105
WDI:SP.POP.4044.MA.5Y:PSS,2022-12-31,5.74033265911579
WDI:SP.POP.4044.MA.5Y:PSS,2023-12-31,5.829033944831816
WDI:SP.POP.4044.MA.5Y:PSS,2024-12-31,5.9085051528741825
WDI:SP.POP.4044.MA.5Y:PST,1960-12-31,5.384557287592214
WDI:SP.POP.4044.MA.5Y:PST,1961-12-31,5.549479299308087
WDI:SP.POP.4044.MA.5Y:PST,1962-12-31,5.773571140394869
WDI:SP.POP.4044.MA.5Y:PST,1963-12-31,6.00454723735309
WDI:SP.POP.4044.MA.5Y:PST,1964-12-31,6.185824301571118
WDI:SP.POP.4044.MA.5Y:PST,1965-12-31,6.270173807647506
WDI:SP.POP.4044.MA.5Y:PST,1966-12-31,6.295108463278822
WDI:SP.POP.4044.MA.5Y:PST,1967-12-31,6.337617241661604
WDI:SP.POP.4044.MA.5Y:PST,1968-12-31,6.392910396185104
WDI:SP.POP.4044.MA.5Y:PST,1969-12-31,6.439913365660538
WDI:SP.POP.4044.MA.5Y:PST,1970-12-31,6.477284030661755
WDI:SP.POP.4044.MA.5Y:PST,1971-12-31,6.47645956459805
WDI:SP.POP.4044.MA.5Y:PST,1972-12-31,6.428722292701096
WDI:SP.POP.4044.MA.5Y:PST,1973-12-31,6.3428016662333455
WDI:SP.POP.4044.MA.5Y:PST,1974-12-31,6.257212206803012
WDI:SP.POP.4044.MA.5Y:PST,1975-12-31,6.2004833393584375
WDI:SP.POP.4044.MA.5Y:PST,1976-12-31,6.181089681866133
WDI:SP.POP.4044.MA.5Y:PST,1977-12-31,6.203539767008211
WDI:SP.POP.4044.MA.5Y:PST,1978-12-31,6.252292034174393
WDI:SP.POP.4044.MA.5Y:PST,1979-12-31,6.306385327353866
WDI:SP.POP.4044.MA.5Y:PST,1980-12-31,6.345441348147189
WDI:SP.POP.4044.MA.5Y:PST,1981-12-31,6.374003501308738
WDI:SP.POP.4044.MA.5Y:PST,1982-12-31,6.386346851204731
WDI:SP.POP.4044.MA.5Y:PST,1983-12-31,6.396610249656651
WDI:SP.POP.4044.MA.5Y:PST,1984-12-31,6.391668869324545
WDI:SP.POP.4044.MA.5Y:PST,1985-12-31,6.3330040835815655
WDI:SP.POP.4044.MA.5Y:PST,1986-12-31,6.377143617640302
WDI:SP.POP.4044.MA.5Y:PST,1987-12-31,6.605320679802175
WDI:SP.POP.4044.MA.5Y:PST,1988-12-31,6.854373638233048
WDI:SP.POP.4044.MA.5Y:PST,1989-12-31,7.0814788059421785
WDI:SP.POP.4044.MA.5Y:PST,1990-12-31,7.335705930057978
WDI:SP.POP.4044.MA.5Y:PST,1991-12-31,7.478123200145552
WDI:SP.POP.4044.MA.5Y:PST,1992-12-31,7.449251802536511
WDI:SP.POP.4044.MA.5Y:PST,1993-12-31,7.390677009849987
WDI:SP.POP.4044.MA.5Y:PST,1994-12-31,7.360135955049176
WDI:SP.POP.4044.MA.5Y:PST,1995-12-31,7.364589194706328
WDI:SP.POP.4044.MA.5Y:PST,1996-12-31,7.40240974560237
WDI:SP.POP.4044.MA.5Y:PST,1997-12-31,7.45017121151293
WDI:SP.POP.4044.MA.5Y:PST,1998-12-31,7.519268755846486
WDI:SP.POP.4044.MA.5Y:PST,1999-12-31,7.608788927709639
WDI:SP.POP.4044.MA.5Y:PST,2000-12-31,7.6875213203304265
WDI:SP.POP.4044.MA.5Y:PST,2001-12-31,7.757316301357913
WDI:SP.POP.4044.MA.5Y:PST,2002-12-31,7.817988613928004
WDI:SP.POP.4044.MA.5Y:PST,2003-12-31,7.859797069384321
WDI:SP.POP.4044.MA.5Y:PST,2004-12-31,7.878083284758471
WDI:SP.POP.4044.MA.5Y:PST,2005-12-31,7.865316133489068
WDI:SP.POP.4044.MA.5Y:PST,2006-12-31,7.802167561198693
WDI:SP.POP.4044.MA.5Y:PST,2007-12-31,7.7135356159691435
WDI:SP.POP.4044.MA.5Y:PST,2008-12-31,7.617980384435518
WDI:SP.POP.4044.MA.5Y:PST,2009-12-31,7.518767977789142
WDI:SP.POP.4044.MA.5Y:PST,2010-12-31,7.448705434774909
WDI:SP.POP.4044.MA.5Y:PST,2011-12-31,7.420348277132844
WDI:SP.POP.4044.MA.5Y:PST,2012-12-31,7.3926495818380635
WDI:SP.POP.4044.MA.5Y:PST,2013-12-31,7.335769198489058
WDI:SP.POP.4044.MA.5Y:PST,2014-12-31,7.258089474437521
WDI:SP.POP.4044.MA.5Y:PST,2015-12-31,7.14488420041937
WDI:SP.POP.4044.MA.5Y:PST,2016-12-31,7.014676402901602
WDI:SP.POP.4044.MA.5Y:PST,2017-12-31,6.911699639479688
WDI:SP.POP.4044.MA.5Y:PST,2018-12-31,6.843662994830042
WDI:SP.POP.4044.MA.5Y:PST,2019-12-31,6.795074616589339
WDI:SP.POP.4044.MA.5Y:PST,2020-12-31,6.784050191361115
WDI:SP.POP.4044.MA.5Y:PST,2021-12-31,6.803430987216662
WDI:SP.POP.4044.MA.5Y:PST,2022-12-31,6.822587428500971
WDI:SP.POP.4044.MA.5Y:PST,2023-12-31,6.83754125032337
WDI:SP.POP.4044.MA.5Y:PST,2024-12-31,6.828177741095433
WDI:SP.POP.4044.MA.5Y:PYF,1960-12-31,4.39392881253346
WDI:SP.POP.4044.MA.5Y:PYF,1961-12-31,4.30327167326631
WDI:SP.POP.4044.MA.5Y:PYF,1962-12-31,4.27994676627487
WDI:SP.POP.4044.MA.5Y:PYF,1963-12-31,4.29507269086794
WDI:SP.POP.4044.MA.5Y:PYF,1964-12-31,4.34329614817933
WDI:SP.POP.4044.MA.5Y:PYF,1965-12-31,4.42222923517016
WDI:SP.POP.4044.MA.5Y:PYF,1966-12-31,4.50489491204917
WDI:SP.POP.4044.MA.5Y:PYF,1967-12-31,4.57866908016958
WDI:SP.POP.4044.MA.5Y:PYF,1968-12-31,4.6406468724674
WDI:SP.POP.4044.MA.5Y:PYF,1969-12-31,4.69853582166557
WDI:SP.POP.4044.MA.5Y:PYF,1970-12-31,4.76807885834006
WDI:SP.POP.4044.MA.5Y:PYF,1971-12-31,4.83109786388475
WDI:SP.POP.4044.MA.5Y:PYF,1972-12-31,4.87820446330974
WDI:SP.POP.4044.MA.5Y:PYF,1973-12-31,4.92544892212528
WDI:SP.POP.4044.MA.5Y:PYF,1974-12-31,4.96959436883256
WDI:SP.POP.4044.MA.5Y:PYF,1975-12-31,5.00559524834295
WDI:SP.POP.4044.MA.5Y:PYF,1976-12-31,5.03396922991513
WDI:SP.POP.4044.MA.5Y:PYF,1977-12-31,5.03372630248089
WDI:SP.POP.4044.MA.5Y:PYF,1978-12-31,4.99585690331252
WDI:SP.POP.4044.MA.5Y:PYF,1979-12-31,4.95426202006774
WDI:SP.POP.4044.MA.5Y:PYF,1980-12-31,4.93468527946839
WDI:SP.POP.4044.MA.5Y:PYF,1981-12-31,4.94309718167193
WDI:SP.POP.4044.MA.5Y:PYF,1982-12-31,4.976493786611
WDI:SP.POP.4044.MA.5Y:PYF,1983-12-31,5.01603851490655
WDI:SP.POP.4044.MA.5Y:PYF,1984-12-31,5.03909691328639
WDI:SP.POP.4044.MA.5Y:PYF,1985-12-31,5.05012758779001
WDI:SP.POP.4044.MA.5Y:PYF,1986-12-31,5.06456315734666
WDI:SP.POP.4044.MA.5Y:PYF,1987-12-31,5.08321356200769
WDI:SP.POP.4044.MA.5Y:PYF,1988-12-31,5.09719929201434
WDI:SP.POP.4044.MA.5Y:PYF,1989-12-31,5.10254569443905
WDI:SP.POP.4044.MA.5Y:PYF,1990-12-31,5.10868014268728
WDI:SP.POP.4044.MA.5Y:PYF,1991-12-31,5.12013596421601
WDI:SP.POP.4044.MA.5Y:PYF,1992-12-31,5.17392481382405
WDI:SP.POP.4044.MA.5Y:PYF,1993-12-31,5.27342074973482
WDI:SP.POP.4044.MA.5Y:PYF,1994-12-31,5.4173092564033
WDI:SP.POP.4044.MA.5Y:PYF,1995-12-31,5.63719585642014
WDI:SP.POP.4044.MA.5Y:PYF,1996-12-31,5.91296386666033
WDI:SP.POP.4044.MA.5Y:PYF,1997-12-31,6.13206342721446
WDI:SP.POP.4044.MA.5Y:PYF,1998-12-31,6.25778448763918
WDI:SP.POP.4044.MA.5Y:PYF,1999-12-31,6.35761917952068
WDI:SP.POP.4044.MA.5Y:PYF,2000-12-31,6.44205291264115
WDI:SP.POP.4044.MA.5Y:PYF,2001-12-31,6.46751366999035
WDI:SP.POP.4044.MA.5Y:PYF,2002-12-31,6.57583149878027
WDI:SP.POP.4044.MA.5Y:PYF,2003-12-31,6.79758131026692
WDI:SP.POP.4044.MA.5Y:PYF,2004-12-31,6.97538394049355
WDI:SP.POP.4044.MA.5Y:PYF,2005-12-31,7.14009449344385
WDI:SP.POP.4044.MA.5Y:PYF,2006-12-31,7.31742885988857
WDI:SP.POP.4044.MA.5Y:PYF,2007-12-31,7.47434205906593
WDI:SP.POP.4044.MA.5Y:PYF,2008-12-31,7.56795663701865
WDI:SP.POP.4044.MA.5Y:PYF,2009-12-31,7.59980812818795
WDI:SP.POP.4044.MA.5Y:PYF,2010-12-31,7.61490265952009
WDI:SP.POP.4044.MA.5Y:PYF,2011-12-31,7.61034952205535
WDI:SP.POP.4044.MA.5Y:PYF,2012-12-31,7.55476424450544
WDI:SP.POP.4044.MA.5Y:PYF,2013-12-31,7.4402710670559
WDI:SP.POP.4044.MA.5Y:PYF,2014-12-31,7.29705274043433
WDI:SP.POP.4044.MA.5Y:PYF,2015-12-31,7.17250848293937
WDI:SP.POP.4044.MA.5Y:PYF,2016-12-31,7.07509022441207
WDI:SP.POP.4044.MA.5Y:PYF,2017-12-31,7.00340884880335
WDI:SP.POP.4044.MA.5Y:PYF,2018-12-31,6.97269153118691
WDI:SP.POP.4044.MA.5Y:PYF,2019-12-31,6.97652206826535
WDI:SP.POP.4044.MA.5Y:PYF,2020-12-31,7.00530281886687
WDI:SP.POP.4044.MA.5Y:PYF,2021-12-31,7.05749519256214
WDI:SP.POP.4044.MA.5Y:PYF,2022-12-31,7.1264513583587
WDI:SP.POP.4044.MA.5Y:PYF,2023-12-31,7.22849219543571
WDI:SP.POP.4044.MA.5Y:PYF,2024-12-31,7.35181137939865
WDI:SP.POP.4044.MA.5Y:QAT,1960-12-31,4.33821120454297
WDI:SP.POP.4044.MA.5Y:QAT,1961-12-31,4.513110439614
WDI:SP.POP.4044.MA.5Y:QAT,1962-12-31,4.73428103950192
WDI:SP.POP.4044.MA.5Y:QAT,1963-12-31,4.96346313939506
WDI:SP.POP.4044.MA.5Y:QAT,1964-12-31,5.19421787935072
WDI:SP.POP.4044.MA.5Y:QAT,1965-12-31,5.41260107912141
WDI:SP.POP.4044.MA.5Y:QAT,1966-12-31,5.62255986869917
WDI:SP.POP.4044.MA.5Y:QAT,1967-12-31,5.83572621764147
WDI:SP.POP.4044.MA.5Y:QAT,1968-12-31,6.05221671088553
WDI:SP.POP.4044.MA.5Y:QAT,1969-12-31,6.26094794306219
WDI:SP.POP.4044.MA.5Y:QAT,1970-12-31,6.02824891972133
WDI:SP.POP.4044.MA.5Y:QAT,1971-12-31,5.54067310594627
WDI:SP.POP.4044.MA.5Y:QAT,1972-12-31,5.22361025731097
WDI:SP.POP.4044.MA.5Y:QAT,1973-12-31,5.03387860127343
WDI:SP.POP.4044.MA.5Y:QAT,1974-12-31,4.94300061514836
WDI:SP.POP.4044.MA.5Y:QAT,1975-12-31,4.93338390782798
WDI:SP.POP.4044.MA.5Y:QAT,1976-12-31,4.99662779919716
WDI:SP.POP.4044.MA.5Y:QAT,1977-12-31,5.11599548013613
WDI:SP.POP.4044.MA.5Y:QAT,1978-12-31,5.27848105141024
WDI:SP.POP.4044.MA.5Y:QAT,1979-12-31,5.48079108888384
WDI:SP.POP.4044.MA.5Y:QAT,1980-12-31,5.72117828997543
WDI:SP.POP.4044.MA.5Y:QAT,1981-12-31,6.0030312335932
WDI:SP.POP.4044.MA.5Y:QAT,1982-12-31,6.33939940330691
WDI:SP.POP.4044.MA.5Y:QAT,1983-12-31,6.74320987114231
WDI:SP.POP.4044.MA.5Y:QAT,1984-12-31,7.21848010248358
WDI:SP.POP.4044.MA.5Y:QAT,1985-12-31,7.76872967358295
WDI:SP.POP.4044.MA.5Y:QAT,1986-12-31,8.18917789714487
WDI:SP.POP.4044.MA.5Y:QAT,1987-12-31,8.40529419435228
WDI:SP.POP.4044.MA.5Y:QAT,1988-12-31,8.58641702294953
WDI:SP.POP.4044.MA.5Y:QAT,1989-12-31,8.79391297984551
WDI:SP.POP.4044.MA.5Y:QAT,1990-12-31,9.03024279426381
WDI:SP.POP.4044.MA.5Y:QAT,1991-12-31,9.29385841913385
WDI:SP.POP.4044.MA.5Y:QAT,1992-12-31,9.60044697397684
WDI:SP.POP.4044.MA.5Y:QAT,1993-12-31,9.9612367342062
WDI:SP.POP.4044.MA.5Y:QAT,1994-12-31,10.3692024391894
WDI:SP.POP.4044.MA.5Y:QAT,1995-12-31,10.8076381840488
WDI:SP.POP.4044.MA.5Y:QAT,1996-12-31,11.2642228910789
WDI:SP.POP.4044.MA.5Y:QAT,1997-12-31,11.5659047269385
WDI:SP.POP.4044.MA.5Y:QAT,1998-12-31,11.6589302889642
WDI:SP.POP.4044.MA.5Y:QAT,1999-12-31,11.6908849144076
WDI:SP.POP.4044.MA.5Y:QAT,2000-12-31,11.692760295009
WDI:SP.POP.4044.MA.5Y:QAT,2001-12-31,11.6686280341925
WDI:SP.POP.4044.MA.5Y:QAT,2002-12-31,11.6308662140727
WDI:SP.POP.4044.MA.5Y:QAT,2003-12-31,11.5980026433303
WDI:SP.POP.4044.MA.5Y:QAT,2004-12-31,11.5087440094728
WDI:SP.POP.4044.MA.5Y:QAT,2005-12-31,11.2924517512636
WDI:SP.POP.4044.MA.5Y:QAT,2006-12-31,10.5066384881355
WDI:SP.POP.4044.MA.5Y:QAT,2007-12-31,9.59740561342977
WDI:SP.POP.4044.MA.5Y:QAT,2008-12-31,9.58181165886281
WDI:SP.POP.4044.MA.5Y:QAT,2009-12-31,10.5377967220072
WDI:SP.POP.4044.MA.5Y:QAT,2010-12-31,11.2056797525459
WDI:SP.POP.4044.MA.5Y:QAT,2011-12-31,10.9861289882386
WDI:SP.POP.4044.MA.5Y:QAT,2012-12-31,10.5037437360276
WDI:SP.POP.4044.MA.5Y:QAT,2013-12-31,10.0423442949081
WDI:SP.POP.4044.MA.5Y:QAT,2014-12-31,9.86855954294081
WDI:SP.POP.4044.MA.5Y:QAT,2015-12-31,9.95288144507483
WDI:SP.POP.4044.MA.5Y:QAT,2016-12-31,10.011819830266
WDI:SP.POP.4044.MA.5Y:QAT,2017-12-31,9.95985588533914
WDI:SP.POP.4044.MA.5Y:QAT,2018-12-31,9.98971592058351
WDI:SP.POP.4044.MA.5Y:QAT,2019-12-31,10.4476625685448
WDI:SP.POP.4044.MA.5Y:QAT,2020-12-31,11.0940308478623
WDI:SP.POP.4044.MA.5Y:QAT,2021-12-31,11.5528328796502
WDI:SP.POP.4044.MA.5Y:QAT,2022-12-31,12.1544483552515
WDI:SP.POP.4044.MA.5Y:QAT,2023-12-31,13.0260463664515
WDI:SP.POP.4044.MA.5Y:QAT,2024-12-31,13.3939150029603
WDI:SP.POP.4044.MA.5Y:ROU,1960-12-31,4.50074409911217
WDI:SP.POP.4044.MA.5Y:ROU,1961-12-31,4.71110785436717
WDI:SP.POP.4044.MA.5Y:ROU,1962-12-31,5.10141278088638
WDI:SP.POP.4044.MA.5Y:ROU,1963-12-31,5.5805198601119
WDI:SP.POP.4044.MA.5Y:ROU,1964-12-31,6.08204511978655
WDI:SP.POP.4044.MA.5Y:ROU,1965-12-31,6.55583662793372
WDI:SP.POP.4044.MA.5Y:ROU,1966-12-31,6.95638848018559
WDI:SP.POP.4044.MA.5Y:ROU,1967-12-31,7.24278888389097
WDI:SP.POP.4044.MA.5Y:ROU,1968-12-31,7.44106464523779
WDI:SP.POP.4044.MA.5Y:ROU,1969-12-31,7.57722936488508
WDI:SP.POP.4044.MA.5Y:ROU,1970-12-31,7.66046341007725
WDI:SP.POP.4044.MA.5Y:ROU,1971-12-31,7.7049570374945
WDI:SP.POP.4044.MA.5Y:ROU,1972-12-31,7.74109950938485
WDI:SP.POP.4044.MA.5Y:ROU,1973-12-31,7.73283363769232
WDI:SP.POP.4044.MA.5Y:ROU,1974-12-31,7.68125943387994
WDI:SP.POP.4044.MA.5Y:ROU,1975-12-31,7.60469369732302
WDI:SP.POP.4044.MA.5Y:ROU,1976-12-31,7.57360705613737
WDI:SP.POP.4044.MA.5Y:ROU,1977-12-31,7.53229954778133
WDI:SP.POP.4044.MA.5Y:ROU,1978-12-31,7.44294751041579
WDI:SP.POP.4044.MA.5Y:ROU,1979-12-31,7.37086615508948
WDI:SP.POP.4044.MA.5Y:ROU,1980-12-31,7.23413778947883
WDI:SP.POP.4044.MA.5Y:ROU,1981-12-31,6.97141325309971
WDI:SP.POP.4044.MA.5Y:ROU,1982-12-31,6.61760469005167
WDI:SP.POP.4044.MA.5Y:ROU,1983-12-31,6.26764964927462
WDI:SP.POP.4044.MA.5Y:ROU,1984-12-31,5.98160063232166
WDI:SP.POP.4044.MA.5Y:ROU,1985-12-31,5.7315639609959
WDI:SP.POP.4044.MA.5Y:ROU,1986-12-31,5.59749831644721
WDI:SP.POP.4044.MA.5Y:ROU,1987-12-31,5.63180357168668
WDI:SP.POP.4044.MA.5Y:ROU,1988-12-31,5.76129093785346
WDI:SP.POP.4044.MA.5Y:ROU,1989-12-31,6.0260175155953
WDI:SP.POP.4044.MA.5Y:ROU,1990-12-31,6.43022722154472
WDI:SP.POP.4044.MA.5Y:ROU,1991-12-31,6.77999756884117
WDI:SP.POP.4044.MA.5Y:ROU,1992-12-31,7.02571287904482
WDI:SP.POP.4044.MA.5Y:ROU,1993-12-31,7.22168140366463
WDI:SP.POP.4044.MA.5Y:ROU,1994-12-31,7.27036425024072
WDI:SP.POP.4044.MA.5Y:ROU,1995-12-31,7.28135662265553
WDI:SP.POP.4044.MA.5Y:ROU,1996-12-31,7.35602227778853
WDI:SP.POP.4044.MA.5Y:ROU,1997-12-31,7.39691599902274
WDI:SP.POP.4044.MA.5Y:ROU,1998-12-31,7.36465868091521
WDI:SP.POP.4044.MA.5Y:ROU,1999-12-31,7.22839092872266
WDI:SP.POP.4044.MA.5Y:ROU,2000-12-31,6.96758976953614
WDI:SP.POP.4044.MA.5Y:ROU,2001-12-31,6.64505335879476
WDI:SP.POP.4044.MA.5Y:ROU,2002-12-31,6.33070473500665
WDI:SP.POP.4044.MA.5Y:ROU,2003-12-31,6.09885139109526
WDI:SP.POP.4044.MA.5Y:ROU,2004-12-31,5.93987934227114
WDI:SP.POP.4044.MA.5Y:ROU,2005-12-31,5.80488111560398
WDI:SP.POP.4044.MA.5Y:ROU,2006-12-31,5.72608875547274
WDI:SP.POP.4044.MA.5Y:ROU,2007-12-31,6.10818569620348
WDI:SP.POP.4044.MA.5Y:ROU,2008-12-31,6.97144950277843
WDI:SP.POP.4044.MA.5Y:ROU,2009-12-31,7.80839993300316
WDI:SP.POP.4044.MA.5Y:ROU,2010-12-31,8.47049720188755
WDI:SP.POP.4044.MA.5Y:ROU,2011-12-31,8.98207180918957
WDI:SP.POP.4044.MA.5Y:ROU,2012-12-31,9.04928852624277
WDI:SP.POP.4044.MA.5Y:ROU,2013-12-31,8.62556117244256
WDI:SP.POP.4044.MA.5Y:ROU,2014-12-31,8.2510634503794
WDI:SP.POP.4044.MA.5Y:ROU,2015-12-31,8.13478118297995
WDI:SP.POP.4044.MA.5Y:ROU,2016-12-31,8.12767970956448
WDI:SP.POP.4044.MA.5Y:ROU,2017-12-31,8.19466828963726
WDI:SP.POP.4044.MA.5Y:ROU,2018-12-31,8.30349627997902
WDI:SP.POP.4044.MA.5Y:ROU,2019-12-31,8.33472574472303
WDI:SP.POP.4044.MA.5Y:ROU,2020-12-31,8.27427479345099
WDI:SP.POP.4044.MA.5Y:ROU,2021-12-31,8.17718009072833
WDI:SP.POP.4044.MA.5Y:ROU,2022-12-31,7.94688350550034
WDI:SP.POP.4044.MA.5Y:ROU,2023-12-31,7.53190759176554
WDI:SP.POP.4044.MA.5Y:ROU,2024-12-31,7.16725684049323
WDI:SP.POP.4044.MA.5Y:RUS,1960-12-31,4.02718775807588
WDI:SP.POP.4044.MA.5Y:RUS,1961-12-31,3.94743865730068
WDI:SP.POP.4044.MA.5Y:RUS,1962-12-31,4.03277058650331
WDI:SP.POP.4044.MA.5Y:RUS,1963-12-31,4.16463134838239
WDI:SP.POP.4044.MA.5Y:RUS,1964-12-31,4.42500471623533
WDI:SP.POP.4044.MA.5Y:RUS,1965-12-31,4.92801321669146
WDI:SP.POP.4044.MA.5Y:RUS,1966-12-31,5.63696707672818
WDI:SP.POP.4044.MA.5Y:RUS,1967-12-31,6.53693982109254
WDI:SP.POP.4044.MA.5Y:RUS,1968-12-31,7.45228478845489
WDI:SP.POP.4044.MA.5Y:RUS,1969-12-31,8.18965302680197
WDI:SP.POP.4044.MA.5Y:RUS,1970-12-31,8.6934918735071
WDI:SP.POP.4044.MA.5Y:RUS,1971-12-31,8.84501171266523
WDI:SP.POP.4044.MA.5Y:RUS,1972-12-31,8.61752770558455
WDI:SP.POP.4044.MA.5Y:RUS,1973-12-31,8.1166850877194
WDI:SP.POP.4044.MA.5Y:RUS,1974-12-31,7.48002982911901
WDI:SP.POP.4044.MA.5Y:RUS,1975-12-31,7.03674100650447
WDI:SP.POP.4044.MA.5Y:RUS,1976-12-31,6.9559786529846
WDI:SP.POP.4044.MA.5Y:RUS,1977-12-31,7.21418000612416
WDI:SP.POP.4044.MA.5Y:RUS,1978-12-31,7.70936906014004
WDI:SP.POP.4044.MA.5Y:RUS,1979-12-31,8.25922535483722
WDI:SP.POP.4044.MA.5Y:RUS,1980-12-31,8.53666029669576
WDI:SP.POP.4044.MA.5Y:RUS,1981-12-31,8.46329719072795
WDI:SP.POP.4044.MA.5Y:RUS,1982-12-31,7.85076593323759
WDI:SP.POP.4044.MA.5Y:RUS,1983-12-31,6.70418118632811
WDI:SP.POP.4044.MA.5Y:RUS,1984-12-31,5.51242657649634
WDI:SP.POP.4044.MA.5Y:RUS,1985-12-31,4.58833617313223
WDI:SP.POP.4044.MA.5Y:RUS,1986-12-31,4.16031675637349
WDI:SP.POP.4044.MA.5Y:RUS,1987-12-31,4.31867469715463
WDI:SP.POP.4044.MA.5Y:RUS,1988-12-31,4.92974894035086
WDI:SP.POP.4044.MA.5Y:RUS,1989-12-31,5.84175131407529
WDI:SP.POP.4044.MA.5Y:RUS,1990-12-31,6.76310396732184
WDI:SP.POP.4044.MA.5Y:RUS,1991-12-31,7.34614553355236
WDI:SP.POP.4044.MA.5Y:RUS,1992-12-31,7.7123877201088
WDI:SP.POP.4044.MA.5Y:RUS,1993-12-31,8.0080369971846
WDI:SP.POP.4044.MA.5Y:RUS,1994-12-31,8.16874619949034
WDI:SP.POP.4044.MA.5Y:RUS,1995-12-31,8.28708597936441
WDI:SP.POP.4044.MA.5Y:RUS,1996-12-31,8.42630643118461
WDI:SP.POP.4044.MA.5Y:RUS,1997-12-31,8.54747611475291
WDI:SP.POP.4044.MA.5Y:RUS,1998-12-31,8.69847307198934
WDI:SP.POP.4044.MA.5Y:RUS,1999-12-31,8.82153282750598
WDI:SP.POP.4044.MA.5Y:RUS,2000-12-31,8.92660655532934
WDI:SP.POP.4044.MA.5Y:RUS,2001-12-31,9.03196249226696
WDI:SP.POP.4044.MA.5Y:RUS,2002-12-31,9.03480539881029
WDI:SP.POP.4044.MA.5Y:RUS,2003-12-31,8.93030564101204
WDI:SP.POP.4044.MA.5Y:RUS,2004-12-31,8.72107957566854
WDI:SP.POP.4044.MA.5Y:RUS,2005-12-31,8.35685862176315
WDI:SP.POP.4044.MA.5Y:RUS,2006-12-31,7.90396247653373
WDI:SP.POP.4044.MA.5Y:RUS,2007-12-31,7.47975248875678
WDI:SP.POP.4044.MA.5Y:RUS,2008-12-31,7.11495464769617
WDI:SP.POP.4044.MA.5Y:RUS,2009-12-31,6.8708521731888
WDI:SP.POP.4044.MA.5Y:RUS,2010-12-31,6.81233939822453
WDI:SP.POP.4044.MA.5Y:RUS,2011-12-31,6.88392820271502
WDI:SP.POP.4044.MA.5Y:RUS,2012-12-31,7.01020007434248
WDI:SP.POP.4044.MA.5Y:RUS,2013-12-31,7.1520176748567
WDI:SP.POP.4044.MA.5Y:RUS,2014-12-31,7.25976552475171
WDI:SP.POP.4044.MA.5Y:RUS,2015-12-31,7.30661327288747
WDI:SP.POP.4044.MA.5Y:RUS,2016-12-31,7.3440496460639
WDI:SP.POP.4044.MA.5Y:RUS,2017-12-31,7.39537631774517
WDI:SP.POP.4044.MA.5Y:RUS,2018-12-31,7.47048816903075
WDI:SP.POP.4044.MA.5Y:RUS,2019-12-31,7.59696381689994
WDI:SP.POP.4044.MA.5Y:RUS,2020-12-31,7.7751427759726
WDI:SP.POP.4044.MA.5Y:RUS,2021-12-31,7.86929744313934
WDI:SP.POP.4044.MA.5Y:RUS,2022-12-31,7.94490220977287
WDI:SP.POP.4044.MA.5Y:RUS,2023-12-31,8.17335283736942
WDI:SP.POP.4044.MA.5Y:RUS,2024-12-31,8.40863426494443
WDI:SP.POP.4044.MA.5Y:RWA,1960-12-31,3.20518299686413
WDI:SP.POP.4044.MA.5Y:RWA,1961-12-31,3.30514659097107
WDI:SP.POP.4044.MA.5Y:RWA,1962-12-31,3.44545225298311
WDI:SP.POP.4044.MA.5Y:RWA,1963-12-31,3.61424620662634
WDI:SP.POP.4044.MA.5Y:RWA,1964-12-31,3.7929641628074
WDI:SP.POP.4044.MA.5Y:RWA,1965-12-31,3.96851686239439
WDI:SP.POP.4044.MA.5Y:RWA,1966-12-31,4.14118649130304
WDI:SP.POP.4044.MA.5Y:RWA,1967-12-31,4.28817222542384
WDI:SP.POP.4044.MA.5Y:RWA,1968-12-31,4.39275687604689
WDI:SP.POP.4044.MA.5Y:RWA,1969-12-31,4.45345236282125
WDI:SP.POP.4044.MA.5Y:RWA,1970-12-31,4.46350226031429
WDI:SP.POP.4044.MA.5Y:RWA,1971-12-31,4.42995799424865
WDI:SP.POP.4044.MA.5Y:RWA,1972-12-31,4.37314919606085
WDI:SP.POP.4044.MA.5Y:RWA,1973-12-31,4.29571211838426
WDI:SP.POP.4044.MA.5Y:RWA,1974-12-31,4.18706542626064
WDI:SP.POP.4044.MA.5Y:RWA,1975-12-31,4.0545237421076
WDI:SP.POP.4044.MA.5Y:RWA,1976-12-31,3.90148542822894
WDI:SP.POP.4044.MA.5Y:RWA,1977-12-31,3.73340659205485
WDI:SP.POP.4044.MA.5Y:RWA,1978-12-31,3.56016852152844
WDI:SP.POP.4044.MA.5Y:RWA,1979-12-31,3.39612741515328
WDI:SP.POP.4044.MA.5Y:RWA,1980-12-31,3.2541463241197
WDI:SP.POP.4044.MA.5Y:RWA,1981-12-31,3.13820714733501
WDI:SP.POP.4044.MA.5Y:RWA,1982-12-31,3.0519915136514
WDI:SP.POP.4044.MA.5Y:RWA,1983-12-31,3.00087964773374
WDI:SP.POP.4044.MA.5Y:RWA,1984-12-31,2.98853429499604
WDI:SP.POP.4044.MA.5Y:RWA,1985-12-31,3.01573942361745
WDI:SP.POP.4044.MA.5Y:RWA,1986-12-31,3.08091064926465
WDI:SP.POP.4044.MA.5Y:RWA,1987-12-31,3.17818918888819
WDI:SP.POP.4044.MA.5Y:RWA,1988-12-31,3.27881044742582
WDI:SP.POP.4044.MA.5Y:RWA,1989-12-31,3.40752455173571
WDI:SP.POP.4044.MA.5Y:RWA,1990-12-31,3.58374052041141
WDI:SP.POP.4044.MA.5Y:RWA,1991-12-31,3.76172295293691
WDI:SP.POP.4044.MA.5Y:RWA,1992-12-31,3.9136877570152
WDI:SP.POP.4044.MA.5Y:RWA,1993-12-31,4.04708385243665
WDI:SP.POP.4044.MA.5Y:RWA,1994-12-31,3.79666507442694
WDI:SP.POP.4044.MA.5Y:RWA,1995-12-31,3.29022180706466
WDI:SP.POP.4044.MA.5Y:RWA,1996-12-31,3.27749029271671
WDI:SP.POP.4044.MA.5Y:RWA,1997-12-31,3.27362496466828
WDI:SP.POP.4044.MA.5Y:RWA,1998-12-31,3.34145530237799
WDI:SP.POP.4044.MA.5Y:RWA,1999-12-31,3.50375223393061
WDI:SP.POP.4044.MA.5Y:RWA,2000-12-31,3.70796084145312
WDI:SP.POP.4044.MA.5Y:RWA,2001-12-31,3.93467764659695
WDI:SP.POP.4044.MA.5Y:RWA,2002-12-31,4.10992243460347
WDI:SP.POP.4044.MA.5Y:RWA,2003-12-31,4.14511377578275
WDI:SP.POP.4044.MA.5Y:RWA,2004-12-31,4.08225515577078
WDI:SP.POP.4044.MA.5Y:RWA,2005-12-31,3.99143521364916
WDI:SP.POP.4044.MA.5Y:RWA,2006-12-31,3.88104452443089
WDI:SP.POP.4044.MA.5Y:RWA,2007-12-31,3.77115459912464
WDI:SP.POP.4044.MA.5Y:RWA,2008-12-31,3.68163807391658
WDI:SP.POP.4044.MA.5Y:RWA,2009-12-31,3.62132972153604
WDI:SP.POP.4044.MA.5Y:RWA,2010-12-31,3.59536009316388
WDI:SP.POP.4044.MA.5Y:RWA,2011-12-31,3.60287931946135
WDI:SP.POP.4044.MA.5Y:RWA,2012-12-31,3.63598544716148
WDI:SP.POP.4044.MA.5Y:RWA,2013-12-31,3.68092014159605
WDI:SP.POP.4044.MA.5Y:RWA,2014-12-31,3.71912246926547
WDI:SP.POP.4044.MA.5Y:RWA,2015-12-31,3.74829929562494
WDI:SP.POP.4044.MA.5Y:RWA,2016-12-31,3.79126333058821
WDI:SP.POP.4044.MA.5Y:RWA,2017-12-31,3.88557334207541
WDI:SP.POP.4044.MA.5Y:RWA,2018-12-31,4.0624880519662
WDI:SP.POP.4044.MA.5Y:RWA,2019-12-31,4.32315194328086
WDI:SP.POP.4044.MA.5Y:RWA,2020-12-31,4.63704737262615
WDI:SP.POP.4044.MA.5Y:RWA,2021-12-31,4.95670332593
WDI:SP.POP.4044.MA.5Y:RWA,2022-12-31,5.22625024720331
WDI:SP.POP.4044.MA.5Y:RWA,2023-12-31,5.41991934473199
WDI:SP.POP.4044.MA.5Y:RWA,2024-12-31,5.54802194411366
WDI:SP.POP.4044.MA.5Y:SAS,1960-12-31,5.173579063618746
WDI:SP.POP.4044.MA.5Y:SAS,1961-12-31,5.152394553684191
WDI:SP.POP.4044.MA.5Y:SAS,1962-12-31,5.1262452476403935
WDI:SP.POP.4044.MA.5Y:SAS,1963-12-31,5.097335152559912
WDI:SP.POP.4044.MA.5Y:SAS,1964-12-31,5.069899657060075
WDI:SP.POP.4044.MA.5Y:SAS,1965-12-31,5.046112148422315
WDI:SP.POP.4044.MA.5Y:SAS,1966-12-31,5.025605004001292
WDI:SP.POP.4044.MA.5Y:SAS,1967-12-31,5.00819858364109
WDI:SP.POP.4044.MA.5Y:SAS,1968-12-31,4.989496938857248
WDI:SP.POP.4044.MA.5Y:SAS,1969-12-31,4.96512218699366
WDI:SP.POP.4044.MA.5Y:SAS,1970-12-31,4.9390695327552425
WDI:SP.POP.4044.MA.5Y:SAS,1971-12-31,4.9078449786907825
WDI:SP.POP.4044.MA.5Y:SAS,1972-12-31,4.870179443908977
WDI:SP.POP.4044.MA.5Y:SAS,1973-12-31,4.8309675750739425
WDI:SP.POP.4044.MA.5Y:SAS,1974-12-31,4.792253946025602
WDI:SP.POP.4044.MA.5Y:SAS,1975-12-31,4.755165708461623
WDI:SP.POP.4044.MA.5Y:SAS,1976-12-31,4.721053780721226
WDI:SP.POP.4044.MA.5Y:SAS,1977-12-31,4.693935349814618
WDI:SP.POP.4044.MA.5Y:SAS,1978-12-31,4.6679534577317545
WDI:SP.POP.4044.MA.5Y:SAS,1979-12-31,4.634732803349039
WDI:SP.POP.4044.MA.5Y:SAS,1980-12-31,4.593842171895982
WDI:SP.POP.4044.MA.5Y:SAS,1981-12-31,4.546380496708805
WDI:SP.POP.4044.MA.5Y:SAS,1982-12-31,4.496362351293841
WDI:SP.POP.4044.MA.5Y:SAS,1983-12-31,4.452275584555135
WDI:SP.POP.4044.MA.5Y:SAS,1984-12-31,4.422340600900449
WDI:SP.POP.4044.MA.5Y:SAS,1985-12-31,4.4095851981827705
WDI:SP.POP.4044.MA.5Y:SAS,1986-12-31,4.411478478497788
WDI:SP.POP.4044.MA.5Y:SAS,1987-12-31,4.423474908011253
WDI:SP.POP.4044.MA.5Y:SAS,1988-12-31,4.444639699524772
WDI:SP.POP.4044.MA.5Y:SAS,1989-12-31,4.519639307713475
WDI:SP.POP.4044.MA.5Y:SAS,1990-12-31,4.651576902757026
WDI:SP.POP.4044.MA.5Y:SAS,1991-12-31,4.797303342307335
WDI:SP.POP.4044.MA.5Y:SAS,1992-12-31,4.953999774080753
WDI:SP.POP.4044.MA.5Y:SAS,1993-12-31,5.120610811895838
WDI:SP.POP.4044.MA.5Y:SAS,1994-12-31,5.253642955891055
WDI:SP.POP.4044.MA.5Y:SAS,1995-12-31,5.344043431528488
WDI:SP.POP.4044.MA.5Y:SAS,1996-12-31,5.422559708305585
WDI:SP.POP.4044.MA.5Y:SAS,1997-12-31,5.4881938044810346
WDI:SP.POP.4044.MA.5Y:SAS,1998-12-31,5.537720965378875
WDI:SP.POP.4044.MA.5Y:SAS,1999-12-31,5.57086259054817
WDI:SP.POP.4044.MA.5Y:SAS,2000-12-31,5.595021640470999
WDI:SP.POP.4044.MA.5Y:SAS,2001-12-31,5.6145622642086614
WDI:SP.POP.4044.MA.5Y:SAS,2002-12-31,5.630414684970718
WDI:SP.POP.4044.MA.5Y:SAS,2003-12-31,5.646497977948983
WDI:SP.POP.4044.MA.5Y:SAS,2004-12-31,5.663571031179326
WDI:SP.POP.4044.MA.5Y:SAS,2005-12-31,5.675922454601816
WDI:SP.POP.4044.MA.5Y:SAS,2006-12-31,5.683893768061231
WDI:SP.POP.4044.MA.5Y:SAS,2007-12-31,5.69428309549916
WDI:SP.POP.4044.MA.5Y:SAS,2008-12-31,5.709727099088375
WDI:SP.POP.4044.MA.5Y:SAS,2009-12-31,5.727654705875394
WDI:SP.POP.4044.MA.5Y:SAS,2010-12-31,5.750687066289887
WDI:SP.POP.4044.MA.5Y:SAS,2011-12-31,5.78508904599714
WDI:SP.POP.4044.MA.5Y:SAS,2012-12-31,5.829541507044741
WDI:SP.POP.4044.MA.5Y:SAS,2013-12-31,5.881210835144385
WDI:SP.POP.4044.MA.5Y:SAS,2014-12-31,5.944335000682125
WDI:SP.POP.4044.MA.5Y:SAS,2015-12-31,6.012826161649652
WDI:SP.POP.4044.MA.5Y:SAS,2016-12-31,6.081291580288902
WDI:SP.POP.4044.MA.5Y:SAS,2017-12-31,6.147979421721254
WDI:SP.POP.4044.MA.5Y:SAS,2018-12-31,6.210853304803966
WDI:SP.POP.4044.MA.5Y:SAS,2019-12-31,6.283140534395207
WDI:SP.POP.4044.MA.5Y:SAS,2020-12-31,6.382652264950456
WDI:SP.POP.4044.MA.5Y:SAS,2021-12-31,6.499392486766189
WDI:SP.POP.4044.MA.5Y:SAS,2022-12-31,6.614600497512252
WDI:SP.POP.4044.MA.5Y:SAS,2023-12-31,6.730857350680087
WDI:SP.POP.4044.MA.5Y:SAS,2024-12-31,6.848445475974044
WDI:SP.POP.4044.MA.5Y:SAU,1960-12-31,4.69383835479891
WDI:SP.POP.4044.MA.5Y:SAU,1961-12-31,4.73306025433283
WDI:SP.POP.4044.MA.5Y:SAU,1962-12-31,4.77484912819906
WDI:SP.POP.4044.MA.5Y:SAU,1963-12-31,4.81812117125518
WDI:SP.POP.4044.MA.5Y:SAU,1964-12-31,4.8619532807474
WDI:SP.POP.4044.MA.5Y:SAU,1965-12-31,4.90547966039704
WDI:SP.POP.4044.MA.5Y:SAU,1966-12-31,4.94756040490035
WDI:SP.POP.4044.MA.5Y:SAU,1967-12-31,4.98502911810307
WDI:SP.POP.4044.MA.5Y:SAU,1968-12-31,5.01518945757359
WDI:SP.POP.4044.MA.5Y:SAU,1969-12-31,5.03742641066152
WDI:SP.POP.4044.MA.5Y:SAU,1970-12-31,5.0506983651062
WDI:SP.POP.4044.MA.5Y:SAU,1971-12-31,5.05269844410398
WDI:SP.POP.4044.MA.5Y:SAU,1972-12-31,5.04514137727632
WDI:SP.POP.4044.MA.5Y:SAU,1973-12-31,5.03528377115652
WDI:SP.POP.4044.MA.5Y:SAU,1974-12-31,5.02876155462115
WDI:SP.POP.4044.MA.5Y:SAU,1975-12-31,5.02793543081702
WDI:SP.POP.4044.MA.5Y:SAU,1976-12-31,5.03011675440192
WDI:SP.POP.4044.MA.5Y:SAU,1977-12-31,5.03309769548019
WDI:SP.POP.4044.MA.5Y:SAU,1978-12-31,5.03860154802006
WDI:SP.POP.4044.MA.5Y:SAU,1979-12-31,5.04851214890249
WDI:SP.POP.4044.MA.5Y:SAU,1980-12-31,5.06712024352549
WDI:SP.POP.4044.MA.5Y:SAU,1981-12-31,5.09343025061852
WDI:SP.POP.4044.MA.5Y:SAU,1982-12-31,5.12787128096962
WDI:SP.POP.4044.MA.5Y:SAU,1983-12-31,5.17878488798585
WDI:SP.POP.4044.MA.5Y:SAU,1984-12-31,5.25249947130075
WDI:SP.POP.4044.MA.5Y:SAU,1985-12-31,5.34776908900458
WDI:SP.POP.4044.MA.5Y:SAU,1986-12-31,5.44891430825874
WDI:SP.POP.4044.MA.5Y:SAU,1987-12-31,5.54894095440015
WDI:SP.POP.4044.MA.5Y:SAU,1988-12-31,5.64849455991009
WDI:SP.POP.4044.MA.5Y:SAU,1989-12-31,5.76251723017125
WDI:SP.POP.4044.MA.5Y:SAU,1990-12-31,5.8939512235006
WDI:SP.POP.4044.MA.5Y:SAU,1991-12-31,6.0266497453499
WDI:SP.POP.4044.MA.5Y:SAU,1992-12-31,6.15921590385661
WDI:SP.POP.4044.MA.5Y:SAU,1993-12-31,6.30173594895947
WDI:SP.POP.4044.MA.5Y:SAU,1994-12-31,6.43432639053994
WDI:SP.POP.4044.MA.5Y:SAU,1995-12-31,6.54361474009789
WDI:SP.POP.4044.MA.5Y:SAU,1996-12-31,6.64102470887494
WDI:SP.POP.4044.MA.5Y:SAU,1997-12-31,6.72463464426024
WDI:SP.POP.4044.MA.5Y:SAU,1998-12-31,6.79370914109676
WDI:SP.POP.4044.MA.5Y:SAU,1999-12-31,6.84863336353504
WDI:SP.POP.4044.MA.5Y:SAU,2000-12-31,6.74787351522084
WDI:SP.POP.4044.MA.5Y:SAU,2001-12-31,6.52955988693104
WDI:SP.POP.4044.MA.5Y:SAU,2002-12-31,6.35371686225041
WDI:SP.POP.4044.MA.5Y:SAU,2003-12-31,6.22126438451399
WDI:SP.POP.4044.MA.5Y:SAU,2004-12-31,6.13327035535194
WDI:SP.POP.4044.MA.5Y:SAU,2005-12-31,6.09493479832657
WDI:SP.POP.4044.MA.5Y:SAU,2006-12-31,6.10969647694301
WDI:SP.POP.4044.MA.5Y:SAU,2007-12-31,6.17433545407333
WDI:SP.POP.4044.MA.5Y:SAU,2008-12-31,6.28341231957205
WDI:SP.POP.4044.MA.5Y:SAU,2009-12-31,6.4303361090622
WDI:SP.POP.4044.MA.5Y:SAU,2010-12-31,6.60874603057768
WDI:SP.POP.4044.MA.5Y:SAU,2011-12-31,6.81183372250461
WDI:SP.POP.4044.MA.5Y:SAU,2012-12-31,7.03695777980084
WDI:SP.POP.4044.MA.5Y:SAU,2013-12-31,7.29036820586919
WDI:SP.POP.4044.MA.5Y:SAU,2014-12-31,7.58457302480119
WDI:SP.POP.4044.MA.5Y:SAU,2015-12-31,7.93489602799731
WDI:SP.POP.4044.MA.5Y:SAU,2016-12-31,8.30182188517072
WDI:SP.POP.4044.MA.5Y:SAU,2017-12-31,8.58995474261602
WDI:SP.POP.4044.MA.5Y:SAU,2018-12-31,8.72440696042292
WDI:SP.POP.4044.MA.5Y:SAU,2019-12-31,8.81222149194186
WDI:SP.POP.4044.MA.5Y:SAU,2020-12-31,8.93241147206004
WDI:SP.POP.4044.MA.5Y:SAU,2021-12-31,9.03721468367608
WDI:SP.POP.4044.MA.5Y:SAU,2022-12-31,9.32159864452523
WDI:SP.POP.4044.MA.5Y:SAU,2023-12-31,9.78584036255611
WDI:SP.POP.4044.MA.5Y:SAU,2024-12-31,10.0538826595407
WDI:SP.POP.4044.MA.5Y:SDN,1960-12-31,3.945611390608
WDI:SP.POP.4044.MA.5Y:SDN,1961-12-31,4.04284954232327
WDI:SP.POP.4044.MA.5Y:SDN,1962-12-31,4.13779889946313
WDI:SP.POP.4044.MA.5Y:SDN,1963-12-31,4.22705677942368
WDI:SP.POP.4044.MA.5Y:SDN,1964-12-31,4.25640759441343
WDI:SP.POP.4044.MA.5Y:SDN,1965-12-31,4.22977121365398
WDI:SP.POP.4044.MA.5Y:SDN,1966-12-31,4.19848930125059
WDI:SP.POP.4044.MA.5Y:SDN,1967-12-31,4.16236266094623
WDI:SP.POP.4044.MA.5Y:SDN,1968-12-31,4.12391292279226
WDI:SP.POP.4044.MA.5Y:SDN,1969-12-31,4.08654004960402
WDI:SP.POP.4044.MA.5Y:SDN,1970-12-31,4.05184834148227
WDI:SP.POP.4044.MA.5Y:SDN,1971-12-31,4.01940427009702
WDI:SP.POP.4044.MA.5Y:SDN,1972-12-31,3.9912374642733
WDI:SP.POP.4044.MA.5Y:SDN,1973-12-31,3.94125320800034
WDI:SP.POP.4044.MA.5Y:SDN,1974-12-31,3.89166783768507
WDI:SP.POP.4044.MA.5Y:SDN,1975-12-31,3.86453853051972
WDI:SP.POP.4044.MA.5Y:SDN,1976-12-31,3.84250866010695
WDI:SP.POP.4044.MA.5Y:SDN,1977-12-31,3.82816896389372
WDI:SP.POP.4044.MA.5Y:SDN,1978-12-31,3.81698397773669
WDI:SP.POP.4044.MA.5Y:SDN,1979-12-31,3.81145619843524
WDI:SP.POP.4044.MA.5Y:SDN,1980-12-31,3.81360353131177
WDI:SP.POP.4044.MA.5Y:SDN,1981-12-31,3.82500910375822
WDI:SP.POP.4044.MA.5Y:SDN,1982-12-31,3.845283806117
WDI:SP.POP.4044.MA.5Y:SDN,1983-12-31,3.87796736488615
WDI:SP.POP.4044.MA.5Y:SDN,1984-12-31,3.91149418565838
WDI:SP.POP.4044.MA.5Y:SDN,1985-12-31,3.94394398966181
WDI:SP.POP.4044.MA.5Y:SDN,1986-12-31,3.98544298924292
WDI:SP.POP.4044.MA.5Y:SDN,1987-12-31,4.03315076217154
WDI:SP.POP.4044.MA.5Y:SDN,1988-12-31,4.08275341040458
WDI:SP.POP.4044.MA.5Y:SDN,1989-12-31,4.12297262023993
WDI:SP.POP.4044.MA.5Y:SDN,1990-12-31,4.16743720786638
WDI:SP.POP.4044.MA.5Y:SDN,1991-12-31,4.2215900878642
WDI:SP.POP.4044.MA.5Y:SDN,1992-12-31,4.27386461798177
WDI:SP.POP.4044.MA.5Y:SDN,1993-12-31,4.32957993718691
WDI:SP.POP.4044.MA.5Y:SDN,1994-12-31,4.40298767844532
WDI:SP.POP.4044.MA.5Y:SDN,1995-12-31,4.47085435679912
WDI:SP.POP.4044.MA.5Y:SDN,1996-12-31,4.51925289605975
WDI:SP.POP.4044.MA.5Y:SDN,1997-12-31,4.54965746447441
WDI:SP.POP.4044.MA.5Y:SDN,1998-12-31,4.55369169400467
WDI:SP.POP.4044.MA.5Y:SDN,1999-12-31,4.53711638426387
WDI:SP.POP.4044.MA.5Y:SDN,2000-12-31,4.50164977497089
WDI:SP.POP.4044.MA.5Y:SDN,2001-12-31,4.45222218067507
WDI:SP.POP.4044.MA.5Y:SDN,2002-12-31,4.39700791712757
WDI:SP.POP.4044.MA.5Y:SDN,2003-12-31,4.34801472117777
WDI:SP.POP.4044.MA.5Y:SDN,2004-12-31,4.30513628621807
WDI:SP.POP.4044.MA.5Y:SDN,2005-12-31,4.26606438102768
WDI:SP.POP.4044.MA.5Y:SDN,2006-12-31,4.23647406216055
WDI:SP.POP.4044.MA.5Y:SDN,2007-12-31,4.21379295622814
WDI:SP.POP.4044.MA.5Y:SDN,2008-12-31,4.18374124880018
WDI:SP.POP.4044.MA.5Y:SDN,2009-12-31,4.14639810639502
WDI:SP.POP.4044.MA.5Y:SDN,2010-12-31,4.10374665790063
WDI:SP.POP.4044.MA.5Y:SDN,2011-12-31,4.07133707836716
WDI:SP.POP.4044.MA.5Y:SDN,2012-12-31,4.05211570805899
WDI:SP.POP.4044.MA.5Y:SDN,2013-12-31,4.00935284801683
WDI:SP.POP.4044.MA.5Y:SDN,2014-12-31,3.94864466490796
WDI:SP.POP.4044.MA.5Y:SDN,2015-12-31,3.88652136243777
WDI:SP.POP.4044.MA.5Y:SDN,2016-12-31,3.81371280875968
WDI:SP.POP.4044.MA.5Y:SDN,2017-12-31,3.75596839185921
WDI:SP.POP.4044.MA.5Y:SDN,2018-12-31,3.74230441471205
WDI:SP.POP.4044.MA.5Y:SDN,2019-12-31,3.76867718298314
WDI:SP.POP.4044.MA.5Y:SDN,2020-12-31,3.82809755637141
WDI:SP.POP.4044.MA.5Y:SDN,2021-12-31,3.9136347387581
WDI:SP.POP.4044.MA.5Y:SDN,2022-12-31,4.00510709383031
WDI:SP.POP.4044.MA.5Y:SDN,2023-12-31,4.08359518864138
WDI:SP.POP.4044.MA.5Y:SDN,2024-12-31,4.14847852486103
WDI:SP.POP.4044.MA.5Y:SEN,1960-12-31,4.55513962101686
WDI:SP.POP.4044.MA.5Y:SEN,1961-12-31,4.55828306276691
WDI:SP.POP.4044.MA.5Y:SEN,1962-12-31,4.56286101879742
WDI:SP.POP.4044.MA.5Y:SEN,1963-12-31,4.56944928997267
WDI:SP.POP.4044.MA.5Y:SEN,1964-12-31,4.57897524392436
WDI:SP.POP.4044.MA.5Y:SEN,1965-12-31,4.59080967337334
WDI:SP.POP.4044.MA.5Y:SEN,1966-12-31,4.60459144889948
WDI:SP.POP.4044.MA.5Y:SEN,1967-12-31,4.62027924812865
WDI:SP.POP.4044.MA.5Y:SEN,1968-12-31,4.63526616178272
WDI:SP.POP.4044.MA.5Y:SEN,1969-12-31,4.64570615529865
WDI:SP.POP.4044.MA.5Y:SEN,1970-12-31,4.65042664495159
WDI:SP.POP.4044.MA.5Y:SEN,1971-12-31,4.64981989520824
WDI:SP.POP.4044.MA.5Y:SEN,1972-12-31,4.64382306675423
WDI:SP.POP.4044.MA.5Y:SEN,1973-12-31,4.63314004224542
WDI:SP.POP.4044.MA.5Y:SEN,1974-12-31,4.61711048096317
WDI:SP.POP.4044.MA.5Y:SEN,1975-12-31,4.59223505259378
WDI:SP.POP.4044.MA.5Y:SEN,1976-12-31,4.5591673854241
WDI:SP.POP.4044.MA.5Y:SEN,1977-12-31,4.51817784415868
WDI:SP.POP.4044.MA.5Y:SEN,1978-12-31,4.46683086199337
WDI:SP.POP.4044.MA.5Y:SEN,1979-12-31,4.4024036040455
WDI:SP.POP.4044.MA.5Y:SEN,1980-12-31,4.32455617110497
WDI:SP.POP.4044.MA.5Y:SEN,1981-12-31,4.23588856814038
WDI:SP.POP.4044.MA.5Y:SEN,1982-12-31,4.14033718404215
WDI:SP.POP.4044.MA.5Y:SEN,1983-12-31,4.04706200301966
WDI:SP.POP.4044.MA.5Y:SEN,1984-12-31,3.96570405208826
WDI:SP.POP.4044.MA.5Y:SEN,1985-12-31,3.89988173401166
WDI:SP.POP.4044.MA.5Y:SEN,1986-12-31,3.86986407288816
WDI:SP.POP.4044.MA.5Y:SEN,1987-12-31,3.87011675734499
WDI:SP.POP.4044.MA.5Y:SEN,1988-12-31,3.8659705745378
WDI:SP.POP.4044.MA.5Y:SEN,1989-12-31,3.84977848879478
WDI:SP.POP.4044.MA.5Y:SEN,1990-12-31,3.82993323502508
WDI:SP.POP.4044.MA.5Y:SEN,1991-12-31,3.79188370874618
WDI:SP.POP.4044.MA.5Y:SEN,1992-12-31,3.73422565391286
WDI:SP.POP.4044.MA.5Y:SEN,1993-12-31,3.68320739014787
WDI:SP.POP.4044.MA.5Y:SEN,1994-12-31,3.64408166848919
WDI:SP.POP.4044.MA.5Y:SEN,1995-12-31,3.60943792936015
WDI:SP.POP.4044.MA.5Y:SEN,1996-12-31,3.57798541654687
WDI:SP.POP.4044.MA.5Y:SEN,1997-12-31,3.55250450006883
WDI:SP.POP.4044.MA.5Y:SEN,1998-12-31,3.53437277425581
WDI:SP.POP.4044.MA.5Y:SEN,1999-12-31,3.52673206444541
WDI:SP.POP.4044.MA.5Y:SEN,2000-12-31,3.53062735273778
WDI:SP.POP.4044.MA.5Y:SEN,2001-12-31,3.54576000515787
WDI:SP.POP.4044.MA.5Y:SEN,2002-12-31,3.57684855851574
WDI:SP.POP.4044.MA.5Y:SEN,2003-12-31,3.62110528476371
WDI:SP.POP.4044.MA.5Y:SEN,2004-12-31,3.66907304595508
WDI:SP.POP.4044.MA.5Y:SEN,2005-12-31,3.72041467123732
WDI:SP.POP.4044.MA.5Y:SEN,2006-12-31,3.77591714669847
WDI:SP.POP.4044.MA.5Y:SEN,2007-12-31,3.83347328466066
WDI:SP.POP.4044.MA.5Y:SEN,2008-12-31,3.89078487996424
WDI:SP.POP.4044.MA.5Y:SEN,2009-12-31,3.94805822955146
WDI:SP.POP.4044.MA.5Y:SEN,2010-12-31,4.00548711961036
WDI:SP.POP.4044.MA.5Y:SEN,2011-12-31,4.06284125552692
WDI:SP.POP.4044.MA.5Y:SEN,2012-12-31,4.12097375996306
WDI:SP.POP.4044.MA.5Y:SEN,2013-12-31,4.17853936660448
WDI:SP.POP.4044.MA.5Y:SEN,2014-12-31,4.23444520862153
WDI:SP.POP.4044.MA.5Y:SEN,2015-12-31,4.29220792810559
WDI:SP.POP.4044.MA.5Y:SEN,2016-12-31,4.3537940723564
WDI:SP.POP.4044.MA.5Y:SEN,2017-12-31,4.41652206954754
WDI:SP.POP.4044.MA.5Y:SEN,2018-12-31,4.47577113951347
WDI:SP.POP.4044.MA.5Y:SEN,2019-12-31,4.52739048321285
WDI:SP.POP.4044.MA.5Y:SEN,2020-12-31,4.57090212433253
WDI:SP.POP.4044.MA.5Y:SEN,2021-12-31,4.60768956612525
WDI:SP.POP.4044.MA.5Y:SEN,2022-12-31,4.63868415250724
WDI:SP.POP.4044.MA.5Y:SEN,2023-12-31,4.67772814156067
WDI:SP.POP.4044.MA.5Y:SEN,2024-12-31,4.73450640321955
WDI:SP.POP.4044.MA.5Y:SGP,1960-12-31,5.18486227919009
WDI:SP.POP.4044.MA.5Y:SGP,1961-12-31,5.07678349749454
WDI:SP.POP.4044.MA.5Y:SGP,1962-12-31,4.9844454715581
WDI:SP.POP.4044.MA.5Y:SGP,1963-12-31,4.90613137691681
WDI:SP.POP.4044.MA.5Y:SGP,1964-12-31,4.84343172199232
WDI:SP.POP.4044.MA.5Y:SGP,1965-12-31,4.80634707629054
WDI:SP.POP.4044.MA.5Y:SGP,1966-12-31,4.8035480197973
WDI:SP.POP.4044.MA.5Y:SGP,1967-12-31,4.83697988397051
WDI:SP.POP.4044.MA.5Y:SGP,1968-12-31,4.89987847443219
WDI:SP.POP.4044.MA.5Y:SGP,1969-12-31,4.9764212266948
WDI:SP.POP.4044.MA.5Y:SGP,1970-12-31,5.04470911838022
WDI:SP.POP.4044.MA.5Y:SGP,1971-12-31,5.08124853975401
WDI:SP.POP.4044.MA.5Y:SGP,1972-12-31,5.07538567859611
WDI:SP.POP.4044.MA.5Y:SGP,1973-12-31,5.03731926473586
WDI:SP.POP.4044.MA.5Y:SGP,1974-12-31,4.99234336479251
WDI:SP.POP.4044.MA.5Y:SGP,1975-12-31,4.97120529355843
WDI:SP.POP.4044.MA.5Y:SGP,1976-12-31,4.97472637372747
WDI:SP.POP.4044.MA.5Y:SGP,1977-12-31,4.99036323699645
WDI:SP.POP.4044.MA.5Y:SGP,1978-12-31,5.06667131434177
WDI:SP.POP.4044.MA.5Y:SGP,1979-12-31,5.23547944563674
WDI:SP.POP.4044.MA.5Y:SGP,1980-12-31,5.42686855540207
WDI:SP.POP.4044.MA.5Y:SGP,1981-12-31,5.5710359406392
WDI:SP.POP.4044.MA.5Y:SGP,1982-12-31,5.63044751212741
WDI:SP.POP.4044.MA.5Y:SGP,1983-12-31,5.60012973245244
WDI:SP.POP.4044.MA.5Y:SGP,1984-12-31,5.47204459273344
WDI:SP.POP.4044.MA.5Y:SGP,1985-12-31,5.28116653899971
WDI:SP.POP.4044.MA.5Y:SGP,1986-12-31,5.3090015900498
WDI:SP.POP.4044.MA.5Y:SGP,1987-12-31,5.71598479324333
WDI:SP.POP.4044.MA.5Y:SGP,1988-12-31,6.25304117754394
WDI:SP.POP.4044.MA.5Y:SGP,1989-12-31,6.80602734953401
WDI:SP.POP.4044.MA.5Y:SGP,1990-12-31,7.38892052714671
WDI:SP.POP.4044.MA.5Y:SGP,1991-12-31,7.80101224981773
WDI:SP.POP.4044.MA.5Y:SGP,1992-12-31,7.98478562567412
WDI:SP.POP.4044.MA.5Y:SGP,1993-12-31,8.12669258298182
WDI:SP.POP.4044.MA.5Y:SGP,1994-12-31,8.28919743768397
WDI:SP.POP.4044.MA.5Y:SGP,1995-12-31,8.44369112197487
WDI:SP.POP.4044.MA.5Y:SGP,1996-12-31,8.60474028497065
WDI:SP.POP.4044.MA.5Y:SGP,1997-12-31,8.75352089140896
WDI:SP.POP.4044.MA.5Y:SGP,1998-12-31,8.87018158242805
WDI:SP.POP.4044.MA.5Y:SGP,1999-12-31,8.97399866499265
WDI:SP.POP.4044.MA.5Y:SGP,2000-12-31,9.04847273677131
WDI:SP.POP.4044.MA.5Y:SGP,2001-12-31,9.06494259609987
WDI:SP.POP.4044.MA.5Y:SGP,2002-12-31,9.05882222108122
WDI:SP.POP.4044.MA.5Y:SGP,2003-12-31,9.05518561132208
WDI:SP.POP.4044.MA.5Y:SGP,2004-12-31,9.00512200327239
WDI:SP.POP.4044.MA.5Y:SGP,2005-12-31,8.89192430472272
WDI:SP.POP.4044.MA.5Y:SGP,2006-12-31,8.73379760420184
WDI:SP.POP.4044.MA.5Y:SGP,2007-12-31,8.520506005806
WDI:SP.POP.4044.MA.5Y:SGP,2008-12-31,8.26613936313647
WDI:SP.POP.4044.MA.5Y:SGP,2009-12-31,8.023084418693
WDI:SP.POP.4044.MA.5Y:SGP,2010-12-31,7.83758773581514
WDI:SP.POP.4044.MA.5Y:SGP,2011-12-31,7.72122017441137
WDI:SP.POP.4044.MA.5Y:SGP,2012-12-31,7.67136970681382
WDI:SP.POP.4044.MA.5Y:SGP,2013-12-31,7.66978569272563
WDI:SP.POP.4044.MA.5Y:SGP,2014-12-31,7.6708625806805
WDI:SP.POP.4044.MA.5Y:SGP,2015-12-31,7.62753130099659
WDI:SP.POP.4044.MA.5Y:SGP,2016-12-31,7.53937911522412
WDI:SP.POP.4044.MA.5Y:SGP,2017-12-31,7.41501677762578
WDI:SP.POP.4044.MA.5Y:SGP,2018-12-31,7.26348429041199
WDI:SP.POP.4044.MA.5Y:SGP,2019-12-31,7.15090441550415
WDI:SP.POP.4044.MA.5Y:SGP,2020-12-31,7.09464365161782
WDI:SP.POP.4044.MA.5Y:SGP,2021-12-31,7.06166599921021
WDI:SP.POP.4044.MA.5Y:SGP,2022-12-31,7.06104092308209
WDI:SP.POP.4044.MA.5Y:SGP,2023-12-31,7.15581387110853
WDI:SP.POP.4044.MA.5Y:SGP,2024-12-31,7.30516388301703
WDI:SP.POP.4044.MA.5Y:SLB,1960-12-31,4.31592048259962
WDI:SP.POP.4044.MA.5Y:SLB,1961-12-31,4.30930272718819
WDI:SP.POP.4044.MA.5Y:SLB,1962-12-31,4.29915028864241
WDI:SP.POP.4044.MA.5Y:SLB,1963-12-31,4.2867003996023
WDI:SP.POP.4044.MA.5Y:SLB,1964-12-31,4.27090480870871
WDI:SP.POP.4044.MA.5Y:SLB,1965-12-31,4.25427931868782
WDI:SP.POP.4044.MA.5Y:SLB,1966-12-31,4.23990813532374
WDI:SP.POP.4044.MA.5Y:SLB,1967-12-31,4.22811966744997
WDI:SP.POP.4044.MA.5Y:SLB,1968-12-31,4.21956767780903
WDI:SP.POP.4044.MA.5Y:SLB,1969-12-31,4.21758154118437
WDI:SP.POP.4044.MA.5Y:SLB,1970-12-31,4.21372302043082
WDI:SP.POP.4044.MA.5Y:SLB,1971-12-31,4.19770369519113
WDI:SP.POP.4044.MA.5Y:SLB,1972-12-31,4.16964449798869
WDI:SP.POP.4044.MA.5Y:SLB,1973-12-31,4.12733970529669
WDI:SP.POP.4044.MA.5Y:SLB,1974-12-31,4.0704432734036
WDI:SP.POP.4044.MA.5Y:SLB,1975-12-31,4.0035938734806
WDI:SP.POP.4044.MA.5Y:SLB,1976-12-31,3.96176856851014
WDI:SP.POP.4044.MA.5Y:SLB,1977-12-31,3.9476413449784
WDI:SP.POP.4044.MA.5Y:SLB,1978-12-31,3.93188656296012
WDI:SP.POP.4044.MA.5Y:SLB,1979-12-31,3.91543776425699
WDI:SP.POP.4044.MA.5Y:SLB,1980-12-31,3.89989356316249
WDI:SP.POP.4044.MA.5Y:SLB,1981-12-31,3.88666307111488
WDI:SP.POP.4044.MA.5Y:SLB,1982-12-31,3.87645385634931
WDI:SP.POP.4044.MA.5Y:SLB,1983-12-31,3.86629193670854
WDI:SP.POP.4044.MA.5Y:SLB,1984-12-31,3.85630942317125
WDI:SP.POP.4044.MA.5Y:SLB,1985-12-31,3.84511875126152
WDI:SP.POP.4044.MA.5Y:SLB,1986-12-31,3.83187915093111
WDI:SP.POP.4044.MA.5Y:SLB,1987-12-31,3.81304860887618
WDI:SP.POP.4044.MA.5Y:SLB,1988-12-31,3.78869726230737
WDI:SP.POP.4044.MA.5Y:SLB,1989-12-31,3.7651125702729
WDI:SP.POP.4044.MA.5Y:SLB,1990-12-31,3.74489725316543
WDI:SP.POP.4044.MA.5Y:SLB,1991-12-31,3.73042402253092
WDI:SP.POP.4044.MA.5Y:SLB,1992-12-31,3.72345633349289
WDI:SP.POP.4044.MA.5Y:SLB,1993-12-31,3.72472011079278
WDI:SP.POP.4044.MA.5Y:SLB,1994-12-31,3.73422876036965
WDI:SP.POP.4044.MA.5Y:SLB,1995-12-31,3.7531536482402
WDI:SP.POP.4044.MA.5Y:SLB,1996-12-31,3.77996521265948
WDI:SP.POP.4044.MA.5Y:SLB,1997-12-31,3.81294045914099
WDI:SP.POP.4044.MA.5Y:SLB,1998-12-31,3.85229348091104
WDI:SP.POP.4044.MA.5Y:SLB,1999-12-31,3.89821125602057
WDI:SP.POP.4044.MA.5Y:SLB,2000-12-31,3.95330780265045
WDI:SP.POP.4044.MA.5Y:SLB,2001-12-31,4.02393940177348
WDI:SP.POP.4044.MA.5Y:SLB,2002-12-31,4.11346376556919
WDI:SP.POP.4044.MA.5Y:SLB,2003-12-31,4.21493263060171
WDI:SP.POP.4044.MA.5Y:SLB,2004-12-31,4.31203553954184
WDI:SP.POP.4044.MA.5Y:SLB,2005-12-31,4.38429548177909
WDI:SP.POP.4044.MA.5Y:SLB,2006-12-31,4.42269205619514
WDI:SP.POP.4044.MA.5Y:SLB,2007-12-31,4.43760273131241
WDI:SP.POP.4044.MA.5Y:SLB,2008-12-31,4.45449469355801
WDI:SP.POP.4044.MA.5Y:SLB,2009-12-31,4.51285223652868
WDI:SP.POP.4044.MA.5Y:SLB,2010-12-31,4.65664917182309
WDI:SP.POP.4044.MA.5Y:SLB,2011-12-31,4.86435061237626
WDI:SP.POP.4044.MA.5Y:SLB,2012-12-31,5.07527768875676
WDI:SP.POP.4044.MA.5Y:SLB,2013-12-31,5.25277824342047
WDI:SP.POP.4044.MA.5Y:SLB,2014-12-31,5.37534548773994
WDI:SP.POP.4044.MA.5Y:SLB,2015-12-31,5.43904012622193
WDI:SP.POP.4044.MA.5Y:SLB,2016-12-31,5.45958947570351
WDI:SP.POP.4044.MA.5Y:SLB,2017-12-31,5.46117940495279
WDI:SP.POP.4044.MA.5Y:SLB,2018-12-31,5.4616754024813
WDI:SP.POP.4044.MA.5Y:SLB,2019-12-31,5.45942464577072
WDI:SP.POP.4044.MA.5Y:SLB,2020-12-31,5.45374118585957
WDI:SP.POP.4044.MA.5Y:SLB,2021-12-31,5.44833915702958
WDI:SP.POP.4044.MA.5Y:SLB,2022-12-31,5.4458153452154
WDI:SP.POP.4044.MA.5Y:SLB,2023-12-31,5.45244314285819
WDI:SP.POP.4044.MA.5Y:SLB,2024-12-31,5.46990365205392
WDI:SP.POP.4044.MA.5Y:SLE,1960-12-31,5.14895534738689
WDI:SP.POP.4044.MA.5Y:SLE,1961-12-31,5.13994647052488
WDI:SP.POP.4044.MA.5Y:SLE,1962-12-31,5.12875514026515
WDI:SP.POP.4044.MA.5Y:SLE,1963-12-31,5.11572685034375
WDI:SP.POP.4044.MA.5Y:SLE,1964-12-31,5.10123857926162
WDI:SP.POP.4044.MA.5Y:SLE,1965-12-31,5.08561051968306
WDI:SP.POP.4044.MA.5Y:SLE,1966-12-31,5.06861243731796
WDI:SP.POP.4044.MA.5Y:SLE,1967-12-31,5.04985086734976
WDI:SP.POP.4044.MA.5Y:SLE,1968-12-31,5.02949154606912
WDI:SP.POP.4044.MA.5Y:SLE,1969-12-31,5.0081738672904
WDI:SP.POP.4044.MA.5Y:SLE,1970-12-31,4.9858792765472
WDI:SP.POP.4044.MA.5Y:SLE,1971-12-31,4.96450502737952
WDI:SP.POP.4044.MA.5Y:SLE,1972-12-31,4.94605809729041
WDI:SP.POP.4044.MA.5Y:SLE,1973-12-31,4.92921242521114
WDI:SP.POP.4044.MA.5Y:SLE,1974-12-31,4.90968688013404
WDI:SP.POP.4044.MA.5Y:SLE,1975-12-31,4.88621323007461
WDI:SP.POP.4044.MA.5Y:SLE,1976-12-31,4.86282651455216
WDI:SP.POP.4044.MA.5Y:SLE,1977-12-31,4.84114288879854
WDI:SP.POP.4044.MA.5Y:SLE,1978-12-31,4.81826210887942
WDI:SP.POP.4044.MA.5Y:SLE,1979-12-31,4.79103912976335
WDI:SP.POP.4044.MA.5Y:SLE,1980-12-31,4.76046028225606
WDI:SP.POP.4044.MA.5Y:SLE,1981-12-31,4.72766861310534
WDI:SP.POP.4044.MA.5Y:SLE,1982-12-31,4.69483596083152
WDI:SP.POP.4044.MA.5Y:SLE,1983-12-31,4.66935361918258
WDI:SP.POP.4044.MA.5Y:SLE,1984-12-31,4.65806168278899
WDI:SP.POP.4044.MA.5Y:SLE,1985-12-31,4.65355306668871
WDI:SP.POP.4044.MA.5Y:SLE,1986-12-31,4.63897965493617
WDI:SP.POP.4044.MA.5Y:SLE,1987-12-31,4.61409978710599
WDI:SP.POP.4044.MA.5Y:SLE,1988-12-31,4.53198330767294
WDI:SP.POP.4044.MA.5Y:SLE,1989-12-31,4.37942838285123
WDI:SP.POP.4044.MA.5Y:SLE,1990-12-31,4.24364544420984
WDI:SP.POP.4044.MA.5Y:SLE,1991-12-31,4.14746268656716
WDI:SP.POP.4044.MA.5Y:SLE,1992-12-31,4.05489580813962
WDI:SP.POP.4044.MA.5Y:SLE,1993-12-31,4.01432921054037
WDI:SP.POP.4044.MA.5Y:SLE,1994-12-31,4.04028239242991
WDI:SP.POP.4044.MA.5Y:SLE,1995-12-31,4.06098741764206
WDI:SP.POP.4044.MA.5Y:SLE,1996-12-31,4.06612065449095
WDI:SP.POP.4044.MA.5Y:SLE,1997-12-31,4.080620208185
WDI:SP.POP.4044.MA.5Y:SLE,1998-12-31,4.09829612816397
WDI:SP.POP.4044.MA.5Y:SLE,1999-12-31,4.1104334064222
WDI:SP.POP.4044.MA.5Y:SLE,2000-12-31,4.12128004589331
WDI:SP.POP.4044.MA.5Y:SLE,2001-12-31,4.13716189075475
WDI:SP.POP.4044.MA.5Y:SLE,2002-12-31,4.15333901970554
WDI:SP.POP.4044.MA.5Y:SLE,2003-12-31,4.17247090975234
WDI:SP.POP.4044.MA.5Y:SLE,2004-12-31,4.19512970386864
WDI:SP.POP.4044.MA.5Y:SLE,2005-12-31,4.21665763568461
WDI:SP.POP.4044.MA.5Y:SLE,2006-12-31,4.23480978679845
WDI:SP.POP.4044.MA.5Y:SLE,2007-12-31,4.252744753539
WDI:SP.POP.4044.MA.5Y:SLE,2008-12-31,4.26769261665315
WDI:SP.POP.4044.MA.5Y:SLE,2009-12-31,4.27841679373204
WDI:SP.POP.4044.MA.5Y:SLE,2010-12-31,4.29062622973482
WDI:SP.POP.4044.MA.5Y:SLE,2011-12-31,4.30550634212282
WDI:SP.POP.4044.MA.5Y:SLE,2012-12-31,4.3215698321877
WDI:SP.POP.4044.MA.5Y:SLE,2013-12-31,4.34336130307131
WDI:SP.POP.4044.MA.5Y:SLE,2014-12-31,4.37698653400227
WDI:SP.POP.4044.MA.5Y:SLE,2015-12-31,4.41894313734897
WDI:SP.POP.4044.MA.5Y:SLE,2016-12-31,4.46362284751752
WDI:SP.POP.4044.MA.5Y:SLE,2017-12-31,4.51157055061813
WDI:SP.POP.4044.MA.5Y:SLE,2018-12-31,4.56446065703503
WDI:SP.POP.4044.MA.5Y:SLE,2019-12-31,4.61748510148585
WDI:SP.POP.4044.MA.5Y:SLE,2020-12-31,4.67061085975719
WDI:SP.POP.4044.MA.5Y:SLE,2021-12-31,4.72750556010595
WDI:SP.POP.4044.MA.5Y:SLE,2022-12-31,4.78777915768786
WDI:SP.POP.4044.MA.5Y:SLE,2023-12-31,4.84970320346846
WDI:SP.POP.4044.MA.5Y:SLE,2024-12-31,4.91444198980016
WDI:SP.POP.4044.MA.5Y:SLV,1960-12-31,3.92397384476453
WDI:SP.POP.4044.MA.5Y:SLV,1961-12-31,3.91198569579028
WDI:SP.POP.4044.MA.5Y:SLV,1962-12-31,3.91338181471787
WDI:SP.POP.4044.MA.5Y:SLV,1963-12-31,3.92116291103605
WDI:SP.POP.4044.MA.5Y:SLV,1964-12-31,3.92067593126577
WDI:SP.POP.4044.MA.5Y:SLV,1965-12-31,3.91559568519387
WDI:SP.POP.4044.MA.5Y:SLV,1966-12-31,3.91263736263736
WDI:SP.POP.4044.MA.5Y:SLV,1967-12-31,3.91889309160085
WDI:SP.POP.4044.MA.5Y:SLV,1968-12-31,3.94670689511776
WDI:SP.POP.4044.MA.5Y:SLV,1969-12-31,4.00153081906373
WDI:SP.POP.4044.MA.5Y:SLV,1970-12-31,4.05478760370213
WDI:SP.POP.4044.MA.5Y:SLV,1971-12-31,4.08839019702578
WDI:SP.POP.4044.MA.5Y:SLV,1972-12-31,4.11058329998899
WDI:SP.POP.4044.MA.5Y:SLV,1973-12-31,4.12376591004233
WDI:SP.POP.4044.MA.5Y:SLV,1974-12-31,4.12857725613879
WDI:SP.POP.4044.MA.5Y:SLV,1975-12-31,4.12469827702755
WDI:SP.POP.4044.MA.5Y:SLV,1976-12-31,4.11302161007578
WDI:SP.POP.4044.MA.5Y:SLV,1977-12-31,4.08814704763116
WDI:SP.POP.4044.MA.5Y:SLV,1978-12-31,4.04858828126181
WDI:SP.POP.4044.MA.5Y:SLV,1979-12-31,3.99757504672712
WDI:SP.POP.4044.MA.5Y:SLV,1980-12-31,3.9282048041749
WDI:SP.POP.4044.MA.5Y:SLV,1981-12-31,3.85484073429931
WDI:SP.POP.4044.MA.5Y:SLV,1982-12-31,3.80783348352639
WDI:SP.POP.4044.MA.5Y:SLV,1983-12-31,3.79626957543371
WDI:SP.POP.4044.MA.5Y:SLV,1984-12-31,3.8146389729957
WDI:SP.POP.4044.MA.5Y:SLV,1985-12-31,3.84831687688869
WDI:SP.POP.4044.MA.5Y:SLV,1986-12-31,3.88343941054927
WDI:SP.POP.4044.MA.5Y:SLV,1987-12-31,3.9113359187278
WDI:SP.POP.4044.MA.5Y:SLV,1988-12-31,3.92961055059627
WDI:SP.POP.4044.MA.5Y:SLV,1989-12-31,3.94736360101082
WDI:SP.POP.4044.MA.5Y:SLV,1990-12-31,3.97149146553768
WDI:SP.POP.4044.MA.5Y:SLV,1991-12-31,3.99894576496813
WDI:SP.POP.4044.MA.5Y:SLV,1992-12-31,4.03101647250835
WDI:SP.POP.4044.MA.5Y:SLV,1993-12-31,4.09672690134581
WDI:SP.POP.4044.MA.5Y:SLV,1994-12-31,4.18356465594739
WDI:SP.POP.4044.MA.5Y:SLV,1995-12-31,4.2565666334194
WDI:SP.POP.4044.MA.5Y:SLV,1996-12-31,4.32993868052061
WDI:SP.POP.4044.MA.5Y:SLV,1997-12-31,4.41720821313758
WDI:SP.POP.4044.MA.5Y:SLV,1998-12-31,4.51221217767027
WDI:SP.POP.4044.MA.5Y:SLV,1999-12-31,4.60119897530657
WDI:SP.POP.4044.MA.5Y:SLV,2000-12-31,4.67642020208784
WDI:SP.POP.4044.MA.5Y:SLV,2001-12-31,4.73249679571526
WDI:SP.POP.4044.MA.5Y:SLV,2002-12-31,4.76995164920666
WDI:SP.POP.4044.MA.5Y:SLV,2003-12-31,4.7921086104333
WDI:SP.POP.4044.MA.5Y:SLV,2004-12-31,4.80240944971918
WDI:SP.POP.4044.MA.5Y:SLV,2005-12-31,4.80650145772087
WDI:SP.POP.4044.MA.5Y:SLV,2006-12-31,4.80310724313145
WDI:SP.POP.4044.MA.5Y:SLV,2007-12-31,4.83642921267736
WDI:SP.POP.4044.MA.5Y:SLV,2008-12-31,4.91330872469094
WDI:SP.POP.4044.MA.5Y:SLV,2009-12-31,4.98523068693999
WDI:SP.POP.4044.MA.5Y:SLV,2010-12-31,5.04040769711913
WDI:SP.POP.4044.MA.5Y:SLV,2011-12-31,5.0788732763159
WDI:SP.POP.4044.MA.5Y:SLV,2012-12-31,5.1036289345603
WDI:SP.POP.4044.MA.5Y:SLV,2013-12-31,5.11145578301052
WDI:SP.POP.4044.MA.5Y:SLV,2014-12-31,5.10691228467487
WDI:SP.POP.4044.MA.5Y:SLV,2015-12-31,5.10507446703947
WDI:SP.POP.4044.MA.5Y:SLV,2016-12-31,5.11473549610887
WDI:SP.POP.4044.MA.5Y:SLV,2017-12-31,5.13935268571692
WDI:SP.POP.4044.MA.5Y:SLV,2018-12-31,5.18430587874575
WDI:SP.POP.4044.MA.5Y:SLV,2019-12-31,5.23916609308634
WDI:SP.POP.4044.MA.5Y:SLV,2020-12-31,5.28231162391729
WDI:SP.POP.4044.MA.5Y:SLV,2021-12-31,5.29836396517643
WDI:SP.POP.4044.MA.5Y:SLV,2022-12-31,5.28259703693772
WDI:SP.POP.4044.MA.5Y:SLV,2023-12-31,5.24271941838759
WDI:SP.POP.4044.MA.5Y:SLV,2024-12-31,5.20673782651304
WDI:SP.POP.4044.MA.5Y:SMR,1960-12-31,6.24960061345773
WDI:SP.POP.4044.MA.5Y:SMR,1961-12-31,6.26910361175223
WDI:SP.POP.4044.MA.5Y:SMR,1962-12-31,6.44434978397128
WDI:SP.POP.4044.MA.5Y:SMR,1963-12-31,6.74183976261128
WDI:SP.POP.4044.MA.5Y:SMR,1964-12-31,7.02160940849314
WDI:SP.POP.4044.MA.5Y:SMR,1965-12-31,7.207360708809
WDI:SP.POP.4044.MA.5Y:SMR,1966-12-31,7.24694540970743
WDI:SP.POP.4044.MA.5Y:SMR,1967-12-31,7.05523175131835
WDI:SP.POP.4044.MA.5Y:SMR,1968-12-31,6.78571428571429
WDI:SP.POP.4044.MA.5Y:SMR,1969-12-31,6.64056126611193
WDI:SP.POP.4044.MA.5Y:SMR,1970-12-31,6.58724597056762
WDI:SP.POP.4044.MA.5Y:SMR,1971-12-31,6.4967542832819
WDI:SP.POP.4044.MA.5Y:SMR,1972-12-31,6.52219430485762
WDI:SP.POP.4044.MA.5Y:SMR,1973-12-31,6.72932135624903
WDI:SP.POP.4044.MA.5Y:SMR,1974-12-31,6.7891622547493
WDI:SP.POP.4044.MA.5Y:SMR,1975-12-31,6.67082294264339
WDI:SP.POP.4044.MA.5Y:SMR,1976-12-31,6.58502412952104
WDI:SP.POP.4044.MA.5Y:SMR,1977-12-31,6.60072568219096
WDI:SP.POP.4044.MA.5Y:SMR,1978-12-31,6.62773584009875
WDI:SP.POP.4044.MA.5Y:SMR,1979-12-31,6.62786331205407
WDI:SP.POP.4044.MA.5Y:SMR,1980-12-31,6.5948355935352
WDI:SP.POP.4044.MA.5Y:SMR,1981-12-31,6.53252480705623
WDI:SP.POP.4044.MA.5Y:SMR,1982-12-31,6.51154319020081
WDI:SP.POP.4044.MA.5Y:SMR,1983-12-31,6.47787930878494
WDI:SP.POP.4044.MA.5Y:SMR,1984-12-31,6.4647011090073
WDI:SP.POP.4044.MA.5Y:SMR,1985-12-31,6.62236788937278
WDI:SP.POP.4044.MA.5Y:SMR,1986-12-31,6.8558131209165
WDI:SP.POP.4044.MA.5Y:SMR,1987-12-31,6.91093371602834
WDI:SP.POP.4044.MA.5Y:SMR,1988-12-31,7.02169449156325
WDI:SP.POP.4044.MA.5Y:SMR,1989-12-31,7.23194217971883
WDI:SP.POP.4044.MA.5Y:SMR,1990-12-31,7.23326519072681
WDI:SP.POP.4044.MA.5Y:SMR,1991-12-31,7.24836825833047
WDI:SP.POP.4044.MA.5Y:SMR,1992-12-31,7.33816609436602
WDI:SP.POP.4044.MA.5Y:SMR,1993-12-31,7.27615062761506
WDI:SP.POP.4044.MA.5Y:SMR,1994-12-31,7.20843672456575
WDI:SP.POP.4044.MA.5Y:SMR,1995-12-31,7.25064409274935
WDI:SP.POP.4044.MA.5Y:SMR,1996-12-31,7.25082855064263
WDI:SP.POP.4044.MA.5Y:SMR,1997-12-31,7.281592198865
WDI:SP.POP.4044.MA.5Y:SMR,1998-12-31,7.39745514897653
WDI:SP.POP.4044.MA.5Y:SMR,1999-12-31,7.59735947814539
WDI:SP.POP.4044.MA.5Y:SMR,2000-12-31,7.87878787878788
WDI:SP.POP.4044.MA.5Y:SMR,2001-12-31,8.1966587840415
WDI:SP.POP.4044.MA.5Y:SMR,2002-12-31,8.49163274536409
WDI:SP.POP.4044.MA.5Y:SMR,2003-12-31,8.76219557607805
WDI:SP.POP.4044.MA.5Y:SMR,2004-12-31,9.00161859917599
WDI:SP.POP.4044.MA.5Y:SMR,2005-12-31,9.15301042840013
WDI:SP.POP.4044.MA.5Y:SMR,2006-12-31,9.22828427853553
WDI:SP.POP.4044.MA.5Y:SMR,2007-12-31,9.23496880317641
WDI:SP.POP.4044.MA.5Y:SMR,2008-12-31,9.26463896958454
WDI:SP.POP.4044.MA.5Y:SMR,2009-12-31,9.31526736027099
WDI:SP.POP.4044.MA.5Y:SMR,2010-12-31,9.31803523541193
WDI:SP.POP.4044.MA.5Y:SMR,2011-12-31,9.30846780687345
WDI:SP.POP.4044.MA.5Y:SMR,2012-12-31,9.14141102401086
WDI:SP.POP.4044.MA.5Y:SMR,2013-12-31,9.00107411385607
WDI:SP.POP.4044.MA.5Y:SMR,2014-12-31,8.86041105945681
WDI:SP.POP.4044.MA.5Y:SMR,2015-12-31,8.66192040890836
WDI:SP.POP.4044.MA.5Y:SMR,2016-12-31,8.49817292302117
WDI:SP.POP.4044.MA.5Y:SMR,2017-12-31,8.33758363085416
WDI:SP.POP.4044.MA.5Y:SMR,2018-12-31,8.09729891061036
WDI:SP.POP.4044.MA.5Y:SMR,2019-12-31,7.6950512706197
WDI:SP.POP.4044.MA.5Y:SMR,2020-12-31,7.30934399526136
WDI:SP.POP.4044.MA.5Y:SMR,2021-12-31,6.9114983819731
WDI:SP.POP.4044.MA.5Y:SMR,2022-12-31,6.52622759508064
WDI:SP.POP.4044.MA.5Y:SMR,2023-12-31,6.30125422093584
WDI:SP.POP.4044.MA.5Y:SMR,2024-12-31,6.14685844057532
WDI:SP.POP.4044.MA.5Y:SOM,1960-12-31,4.67518531572224
WDI:SP.POP.4044.MA.5Y:SOM,1961-12-31,4.63220219309066
WDI:SP.POP.4044.MA.5Y:SOM,1962-12-31,4.58847538164099
WDI:SP.POP.4044.MA.5Y:SOM,1963-12-31,4.54508915297651
WDI:SP.POP.4044.MA.5Y:SOM,1964-12-31,4.50379799932521
WDI:SP.POP.4044.MA.5Y:SOM,1965-12-31,4.46395296885914
WDI:SP.POP.4044.MA.5Y:SOM,1966-12-31,4.42624378413618
WDI:SP.POP.4044.MA.5Y:SOM,1967-12-31,4.39221659415434
WDI:SP.POP.4044.MA.5Y:SOM,1968-12-31,4.35869548306982
WDI:SP.POP.4044.MA.5Y:SOM,1969-12-31,4.32055964137024
WDI:SP.POP.4044.MA.5Y:SOM,1970-12-31,4.27863589895186
WDI:SP.POP.4044.MA.5Y:SOM,1971-12-31,4.23300799400965
WDI:SP.POP.4044.MA.5Y:SOM,1972-12-31,4.18175595120704
WDI:SP.POP.4044.MA.5Y:SOM,1973-12-31,4.13115951436423
WDI:SP.POP.4044.MA.5Y:SOM,1974-12-31,4.09278073556172
WDI:SP.POP.4044.MA.5Y:SOM,1975-12-31,4.06537664695448
WDI:SP.POP.4044.MA.5Y:SOM,1976-12-31,4.05078146424234
WDI:SP.POP.4044.MA.5Y:SOM,1977-12-31,4.05275746697855
WDI:SP.POP.4044.MA.5Y:SOM,1978-12-31,4.055110428455
WDI:SP.POP.4044.MA.5Y:SOM,1979-12-31,4.03840495638883
WDI:SP.POP.4044.MA.5Y:SOM,1980-12-31,4.00123531149027
WDI:SP.POP.4044.MA.5Y:SOM,1981-12-31,3.94431473002716
WDI:SP.POP.4044.MA.5Y:SOM,1982-12-31,3.87004686308691
WDI:SP.POP.4044.MA.5Y:SOM,1983-12-31,3.79549045396992
WDI:SP.POP.4044.MA.5Y:SOM,1984-12-31,3.73736462093863
WDI:SP.POP.4044.MA.5Y:SOM,1985-12-31,3.70622158081101
WDI:SP.POP.4044.MA.5Y:SOM,1986-12-31,3.69991883747513
WDI:SP.POP.4044.MA.5Y:SOM,1987-12-31,3.71640733692898
WDI:SP.POP.4044.MA.5Y:SOM,1988-12-31,3.73953829190818
WDI:SP.POP.4044.MA.5Y:SOM,1989-12-31,3.77394091922484
WDI:SP.POP.4044.MA.5Y:SOM,1990-12-31,3.85579945294432
WDI:SP.POP.4044.MA.5Y:SOM,1991-12-31,3.9885132892471
WDI:SP.POP.4044.MA.5Y:SOM,1992-12-31,4.13023693513537
WDI:SP.POP.4044.MA.5Y:SOM,1993-12-31,4.21944584867962
WDI:SP.POP.4044.MA.5Y:SOM,1994-12-31,4.25247068094775
WDI:SP.POP.4044.MA.5Y:SOM,1995-12-31,4.22994514877145
WDI:SP.POP.4044.MA.5Y:SOM,1996-12-31,4.1737341636372
WDI:SP.POP.4044.MA.5Y:SOM,1997-12-31,4.12073389208097
WDI:SP.POP.4044.MA.5Y:SOM,1998-12-31,4.07070040950383
WDI:SP.POP.4044.MA.5Y:SOM,1999-12-31,4.02232066218672
WDI:SP.POP.4044.MA.5Y:SOM,2000-12-31,3.975916937955
WDI:SP.POP.4044.MA.5Y:SOM,2001-12-31,3.93170066561435
WDI:SP.POP.4044.MA.5Y:SOM,2002-12-31,3.88960127519185
WDI:SP.POP.4044.MA.5Y:SOM,2003-12-31,3.84983796923868
WDI:SP.POP.4044.MA.5Y:SOM,2004-12-31,3.81274216697246
WDI:SP.POP.4044.MA.5Y:SOM,2005-12-31,3.77861538129271
WDI:SP.POP.4044.MA.5Y:SOM,2006-12-31,3.74740727529727
WDI:SP.POP.4044.MA.5Y:SOM,2007-12-31,3.71913495694116
WDI:SP.POP.4044.MA.5Y:SOM,2008-12-31,3.69500247787023
WDI:SP.POP.4044.MA.5Y:SOM,2009-12-31,3.67613327998212
WDI:SP.POP.4044.MA.5Y:SOM,2010-12-31,3.66532987350026
WDI:SP.POP.4044.MA.5Y:SOM,2011-12-31,3.67794829550595
WDI:SP.POP.4044.MA.5Y:SOM,2012-12-31,3.69431769729905
WDI:SP.POP.4044.MA.5Y:SOM,2013-12-31,3.69238992729961
WDI:SP.POP.4044.MA.5Y:SOM,2014-12-31,3.68584940164389
WDI:SP.POP.4044.MA.5Y:SOM,2015-12-31,3.68043925204184
WDI:SP.POP.4044.MA.5Y:SOM,2016-12-31,3.68022130275552
WDI:SP.POP.4044.MA.5Y:SOM,2017-12-31,3.68894831888174
WDI:SP.POP.4044.MA.5Y:SOM,2018-12-31,3.71162572629177
WDI:SP.POP.4044.MA.5Y:SOM,2019-12-31,3.74425253201768
WDI:SP.POP.4044.MA.5Y:SOM,2020-12-31,3.77818249644636
WDI:SP.POP.4044.MA.5Y:SOM,2021-12-31,3.80899928631387
WDI:SP.POP.4044.MA.5Y:SOM,2022-12-31,3.84150308835457
WDI:SP.POP.4044.MA.5Y:SOM,2023-12-31,3.86962510392398
WDI:SP.POP.4044.MA.5Y:SOM,2024-12-31,3.89696171516112
WDI:SP.POP.4044.MA.5Y:SRB,1960-12-31,4.00187543231839
WDI:SP.POP.4044.MA.5Y:SRB,1961-12-31,4.47480226218281
WDI:SP.POP.4044.MA.5Y:SRB,1962-12-31,5.12220573149472
WDI:SP.POP.4044.MA.5Y:SRB,1963-12-31,5.77140460690433
WDI:SP.POP.4044.MA.5Y:SRB,1964-12-31,6.31134453718874
WDI:SP.POP.4044.MA.5Y:SRB,1965-12-31,6.71556617681565
WDI:SP.POP.4044.MA.5Y:SRB,1966-12-31,7.01682177555849
WDI:SP.POP.4044.MA.5Y:SRB,1967-12-31,7.28545862954901
WDI:SP.POP.4044.MA.5Y:SRB,1968-12-31,7.56614812374733
WDI:SP.POP.4044.MA.5Y:SRB,1969-12-31,7.85575918733712
WDI:SP.POP.4044.MA.5Y:SRB,1970-12-31,8.12428420504385
WDI:SP.POP.4044.MA.5Y:SRB,1971-12-31,8.33976331509989
WDI:SP.POP.4044.MA.5Y:SRB,1972-12-31,8.47878420706706
WDI:SP.POP.4044.MA.5Y:SRB,1973-12-31,8.53053027236262
WDI:SP.POP.4044.MA.5Y:SRB,1974-12-31,8.50327050448103
WDI:SP.POP.4044.MA.5Y:SRB,1975-12-31,8.40921866063816
WDI:SP.POP.4044.MA.5Y:SRB,1976-12-31,8.25600241655732
WDI:SP.POP.4044.MA.5Y:SRB,1977-12-31,8.05243752979191
WDI:SP.POP.4044.MA.5Y:SRB,1978-12-31,7.81171101892598
WDI:SP.POP.4044.MA.5Y:SRB,1979-12-31,7.55943754234081
WDI:SP.POP.4044.MA.5Y:SRB,1980-12-31,7.32202933281688
WDI:SP.POP.4044.MA.5Y:SRB,1981-12-31,7.08369201566524
WDI:SP.POP.4044.MA.5Y:SRB,1982-12-31,6.81981002163992
WDI:SP.POP.4044.MA.5Y:SRB,1983-12-31,6.540863050178
WDI:SP.POP.4044.MA.5Y:SRB,1984-12-31,6.2529363078886
WDI:SP.POP.4044.MA.5Y:SRB,1985-12-31,5.99578030429799
WDI:SP.POP.4044.MA.5Y:SRB,1986-12-31,5.88487116649352
WDI:SP.POP.4044.MA.5Y:SRB,1987-12-31,6.00255325246015
WDI:SP.POP.4044.MA.5Y:SRB,1988-12-31,6.3376501481708
WDI:SP.POP.4044.MA.5Y:SRB,1989-12-31,6.82433616058057
WDI:SP.POP.4044.MA.5Y:SRB,1990-12-31,7.35567653704371
WDI:SP.POP.4044.MA.5Y:SRB,1991-12-31,7.83666404931577
WDI:SP.POP.4044.MA.5Y:SRB,1992-12-31,8.21191611375988
WDI:SP.POP.4044.MA.5Y:SRB,1993-12-31,8.45621576703808
WDI:SP.POP.4044.MA.5Y:SRB,1994-12-31,8.58173054131546
WDI:SP.POP.4044.MA.5Y:SRB,1995-12-31,8.60234248854354
WDI:SP.POP.4044.MA.5Y:SRB,1996-12-31,8.52299911698391
WDI:SP.POP.4044.MA.5Y:SRB,1997-12-31,8.36188455732654
WDI:SP.POP.4044.MA.5Y:SRB,1998-12-31,8.14318218843041
WDI:SP.POP.4044.MA.5Y:SRB,1999-12-31,7.89282309616
WDI:SP.POP.4044.MA.5Y:SRB,2000-12-31,7.63378356913201
WDI:SP.POP.4044.MA.5Y:SRB,2001-12-31,7.37955738458363
WDI:SP.POP.4044.MA.5Y:SRB,2002-12-31,7.15577167503176
WDI:SP.POP.4044.MA.5Y:SRB,2003-12-31,6.99244002289781
WDI:SP.POP.4044.MA.5Y:SRB,2004-12-31,6.87455488774387
WDI:SP.POP.4044.MA.5Y:SRB,2005-12-31,6.77835364740921
WDI:SP.POP.4044.MA.5Y:SRB,2006-12-31,6.70323660199223
WDI:SP.POP.4044.MA.5Y:SRB,2007-12-31,6.64275131348931
WDI:SP.POP.4044.MA.5Y:SRB,2008-12-31,6.60515752970031
WDI:SP.POP.4044.MA.5Y:SRB,2009-12-31,6.60141758360496
WDI:SP.POP.4044.MA.5Y:SRB,2010-12-31,6.61436761489955
WDI:SP.POP.4044.MA.5Y:SRB,2011-12-31,6.64366336962564
WDI:SP.POP.4044.MA.5Y:SRB,2012-12-31,6.70782906811917
WDI:SP.POP.4044.MA.5Y:SRB,2013-12-31,6.77548622294379
WDI:SP.POP.4044.MA.5Y:SRB,2014-12-31,6.85131455822624
WDI:SP.POP.4044.MA.5Y:SRB,2015-12-31,6.96666508661881
WDI:SP.POP.4044.MA.5Y:SRB,2016-12-31,7.08692639779184
WDI:SP.POP.4044.MA.5Y:SRB,2017-12-31,7.1852700124165
WDI:SP.POP.4044.MA.5Y:SRB,2018-12-31,7.28384535187729
WDI:SP.POP.4044.MA.5Y:SRB,2019-12-31,7.35914398012721
WDI:SP.POP.4044.MA.5Y:SRB,2020-12-31,7.37752974881446
WDI:SP.POP.4044.MA.5Y:SRB,2021-12-31,7.36431620749032
WDI:SP.POP.4044.MA.5Y:SRB,2022-12-31,7.35616819086127
WDI:SP.POP.4044.MA.5Y:SRB,2023-12-31,7.36327155926568
WDI:SP.POP.4044.MA.5Y:SRB,2024-12-31,7.37751649186531
WDI:SP.POP.4044.MA.5Y:SSA,1960-12-31,4.666452253877851
WDI:SP.POP.4044.MA.5Y:SSA,1961-12-31,4.653636229722676
WDI:SP.POP.4044.MA.5Y:SSA,1962-12-31,4.63441183527741
WDI:SP.POP.4044.MA.5Y:SSA,1963-12-31,4.612417999145249
WDI:SP.POP.4044.MA.5Y:SSA,1964-12-31,4.587398349223011
WDI:SP.POP.4044.MA.5Y:SSA,1965-12-31,4.56067859486624
WDI:SP.POP.4044.MA.5Y:SSA,1966-12-31,4.534808102668955
WDI:SP.POP.4044.MA.5Y:SSA,1967-12-31,4.508377463490862
WDI:SP.POP.4044.MA.5Y:SSA,1968-12-31,4.480528321087336
WDI:SP.POP.4044.MA.5Y:SSA,1969-12-31,4.451554981625891
WDI:SP.POP.4044.MA.5Y:SSA,1970-12-31,4.423711046964931
WDI:SP.POP.4044.MA.5Y:SSA,1971-12-31,4.39787657941831
WDI:SP.POP.4044.MA.5Y:SSA,1972-12-31,4.370963838996838
WDI:SP.POP.4044.MA.5Y:SSA,1973-12-31,4.341277850794672
WDI:SP.POP.4044.MA.5Y:SSA,1974-12-31,4.31000494615078
WDI:SP.POP.4044.MA.5Y:SSA,1975-12-31,4.277945001142165
WDI:SP.POP.4044.MA.5Y:SSA,1976-12-31,4.245770810389054
WDI:SP.POP.4044.MA.5Y:SSA,1977-12-31,4.216064833587155
WDI:SP.POP.4044.MA.5Y:SSA,1978-12-31,4.190057141355962
WDI:SP.POP.4044.MA.5Y:SSA,1979-12-31,4.163148932671092
WDI:SP.POP.4044.MA.5Y:SSA,1980-12-31,4.129911644357821
WDI:SP.POP.4044.MA.5Y:SSA,1981-12-31,4.101067853669312
WDI:SP.POP.4044.MA.5Y:SSA,1982-12-31,4.0819971321202315
WDI:SP.POP.4044.MA.5Y:SSA,1983-12-31,4.070454775072418
WDI:SP.POP.4044.MA.5Y:SSA,1984-12-31,4.066488303193439
WDI:SP.POP.4044.MA.5Y:SSA,1985-12-31,4.066577910255398
WDI:SP.POP.4044.MA.5Y:SSA,1986-12-31,4.06594861450617
WDI:SP.POP.4044.MA.5Y:SSA,1987-12-31,4.06333473169309
WDI:SP.POP.4044.MA.5Y:SSA,1988-12-31,4.050525549665693
WDI:SP.POP.4044.MA.5Y:SSA,1989-12-31,4.031768020938642
WDI:SP.POP.4044.MA.5Y:SSA,1990-12-31,4.020663262194227
WDI:SP.POP.4044.MA.5Y:SSA,1991-12-31,4.013950614640553
WDI:SP.POP.4044.MA.5Y:SSA,1992-12-31,4.007109243162546
WDI:SP.POP.4044.MA.5Y:SSA,1993-12-31,4.030792326414452
WDI:SP.POP.4044.MA.5Y:SSA,1994-12-31,4.035561341942438
WDI:SP.POP.4044.MA.5Y:SSA,1995-12-31,4.00617400310147
WDI:SP.POP.4044.MA.5Y:SSA,1996-12-31,3.9794482690199455
WDI:SP.POP.4044.MA.5Y:SSA,1997-12-31,3.9636377264713625
WDI:SP.POP.4044.MA.5Y:SSA,1998-12-31,3.9741333791044116
WDI:SP.POP.4044.MA.5Y:SSA,1999-12-31,3.9888550152558815
WDI:SP.POP.4044.MA.5Y:SSA,2000-12-31,4.00308940407881
WDI:SP.POP.4044.MA.5Y:SSA,2001-12-31,4.016907702793566
WDI:SP.POP.4044.MA.5Y:SSA,2002-12-31,4.0279579551826865
WDI:SP.POP.4044.MA.5Y:SSA,2003-12-31,4.033528037735316
WDI:SP.POP.4044.MA.5Y:SSA,2004-12-31,4.035476646784736
WDI:SP.POP.4044.MA.5Y:SSA,2005-12-31,4.03693848066074
WDI:SP.POP.4044.MA.5Y:SSA,2006-12-31,4.039216774711776
WDI:SP.POP.4044.MA.5Y:SSA,2007-12-31,4.045491030889111
WDI:SP.POP.4044.MA.5Y:SSA,2008-12-31,4.059992698881317
WDI:SP.POP.4044.MA.5Y:SSA,2009-12-31,4.082143706232082
WDI:SP.POP.4044.MA.5Y:SSA,2010-12-31,4.108809543000555
WDI:SP.POP.4044.MA.5Y:SSA,2011-12-31,4.13919557714773
WDI:SP.POP.4044.MA.5Y:SSA,2012-12-31,4.172157625538734
WDI:SP.POP.4044.MA.5Y:SSA,2013-12-31,4.205011843058578
WDI:SP.POP.4044.MA.5Y:SSA,2014-12-31,4.235507037193725
WDI:SP.POP.4044.MA.5Y:SSA,2015-12-31,4.267800490274248
WDI:SP.POP.4044.MA.5Y:SSA,2016-12-31,4.302430424833563
WDI:SP.POP.4044.MA.5Y:SSA,2017-12-31,4.342172797482785
WDI:SP.POP.4044.MA.5Y:SSA,2018-12-31,4.393605313390536
WDI:SP.POP.4044.MA.5Y:SSA,2019-12-31,4.4532901270426235
WDI:SP.POP.4044.MA.5Y:SSA,2020-12-31,4.515409577665013
WDI:SP.POP.4044.MA.5Y:SSA,2021-12-31,4.576068218597188
WDI:SP.POP.4044.MA.5Y:SSA,2022-12-31,4.631851542641954
WDI:SP.POP.4044.MA.5Y:SSA,2023-12-31,4.681503911513744
WDI:SP.POP.4044.MA.5Y:SSA,2024-12-31,4.721847910462983
WDI:SP.POP.4044.MA.5Y:SSD,1960-12-31,4.55603618959665
WDI:SP.POP.4044.MA.5Y:SSD,1961-12-31,4.5537146670074
WDI:SP.POP.4044.MA.5Y:SSD,1962-12-31,4.55170101335193
WDI:SP.POP.4044.MA.5Y:SSD,1963-12-31,4.54933646398029
WDI:SP.POP.4044.MA.5Y:SSD,1964-12-31,4.54602070325858
WDI:SP.POP.4044.MA.5Y:SSD,1965-12-31,4.53812350059459
WDI:SP.POP.4044.MA.5Y:SSD,1966-12-31,4.52115805211354
WDI:SP.POP.4044.MA.5Y:SSD,1967-12-31,4.49614496743759
WDI:SP.POP.4044.MA.5Y:SSD,1968-12-31,4.46464235194754
WDI:SP.POP.4044.MA.5Y:SSD,1969-12-31,4.42519691786586
WDI:SP.POP.4044.MA.5Y:SSD,1970-12-31,4.37824537252518
WDI:SP.POP.4044.MA.5Y:SSD,1971-12-31,4.33090964815093
WDI:SP.POP.4044.MA.5Y:SSD,1972-12-31,4.28617383014477
WDI:SP.POP.4044.MA.5Y:SSD,1973-12-31,4.24518111949818
WDI:SP.POP.4044.MA.5Y:SSD,1974-12-31,4.20873567513079
WDI:SP.POP.4044.MA.5Y:SSD,1975-12-31,4.17369205977764
WDI:SP.POP.4044.MA.5Y:SSD,1976-12-31,4.140554051042
WDI:SP.POP.4044.MA.5Y:SSD,1977-12-31,4.10960623209945
WDI:SP.POP.4044.MA.5Y:SSD,1978-12-31,4.08024506054208
WDI:SP.POP.4044.MA.5Y:SSD,1979-12-31,4.05216488547839
WDI:SP.POP.4044.MA.5Y:SSD,1980-12-31,4.02557944412336
WDI:SP.POP.4044.MA.5Y:SSD,1981-12-31,4.00058422531746
WDI:SP.POP.4044.MA.5Y:SSD,1982-12-31,3.9781648165793
WDI:SP.POP.4044.MA.5Y:SSD,1983-12-31,3.95804969301633
WDI:SP.POP.4044.MA.5Y:SSD,1984-12-31,3.9391067141656
WDI:SP.POP.4044.MA.5Y:SSD,1985-12-31,3.92194053302011
WDI:SP.POP.4044.MA.5Y:SSD,1986-12-31,3.90432094283264
WDI:SP.POP.4044.MA.5Y:SSD,1987-12-31,3.86456480665227
WDI:SP.POP.4044.MA.5Y:SSD,1988-12-31,3.8599245985705
WDI:SP.POP.4044.MA.5Y:SSD,1989-12-31,3.83452441618388
WDI:SP.POP.4044.MA.5Y:SSD,1990-12-31,3.73919433900796
WDI:SP.POP.4044.MA.5Y:SSD,1991-12-31,3.66838225089687
WDI:SP.POP.4044.MA.5Y:SSD,1992-12-31,3.614936898157
WDI:SP.POP.4044.MA.5Y:SSD,1993-12-31,3.58441110141851
WDI:SP.POP.4044.MA.5Y:SSD,1994-12-31,3.60145700305897
WDI:SP.POP.4044.MA.5Y:SSD,1995-12-31,3.63809417143813
WDI:SP.POP.4044.MA.5Y:SSD,1996-12-31,3.66166051397869
WDI:SP.POP.4044.MA.5Y:SSD,1997-12-31,3.68493646419431
WDI:SP.POP.4044.MA.5Y:SSD,1998-12-31,3.71870833257668
WDI:SP.POP.4044.MA.5Y:SSD,1999-12-31,3.75694814344464
WDI:SP.POP.4044.MA.5Y:SSD,2000-12-31,3.79436689024986
WDI:SP.POP.4044.MA.5Y:SSD,2001-12-31,3.83376860055486
WDI:SP.POP.4044.MA.5Y:SSD,2002-12-31,3.87459831793232
WDI:SP.POP.4044.MA.5Y:SSD,2003-12-31,3.9205427659889
WDI:SP.POP.4044.MA.5Y:SSD,2004-12-31,3.97757416019505
WDI:SP.POP.4044.MA.5Y:SSD,2005-12-31,4.04448865041762
WDI:SP.POP.4044.MA.5Y:SSD,2006-12-31,4.12245808631351
WDI:SP.POP.4044.MA.5Y:SSD,2007-12-31,4.21569598165188
WDI:SP.POP.4044.MA.5Y:SSD,2008-12-31,4.32204683055917
WDI:SP.POP.4044.MA.5Y:SSD,2009-12-31,4.43682618876252
WDI:SP.POP.4044.MA.5Y:SSD,2010-12-31,4.57909623578624
WDI:SP.POP.4044.MA.5Y:SSD,2011-12-31,4.73928952060076
WDI:SP.POP.4044.MA.5Y:SSD,2012-12-31,4.89246944395107
WDI:SP.POP.4044.MA.5Y:SSD,2013-12-31,5.03785749265492
WDI:SP.POP.4044.MA.5Y:SSD,2014-12-31,5.14998830585486
WDI:SP.POP.4044.MA.5Y:SSD,2015-12-31,5.24748942206859
WDI:SP.POP.4044.MA.5Y:SSD,2016-12-31,5.32326122444743
WDI:SP.POP.4044.MA.5Y:SSD,2017-12-31,5.35307385196155
WDI:SP.POP.4044.MA.5Y:SSD,2018-12-31,5.38146196167352
WDI:SP.POP.4044.MA.5Y:SSD,2019-12-31,5.40638005154376
WDI:SP.POP.4044.MA.5Y:SSD,2020-12-31,5.40349588015949
WDI:SP.POP.4044.MA.5Y:SSD,2021-12-31,5.3651483935027
WDI:SP.POP.4044.MA.5Y:SSD,2022-12-31,5.29580714095211
WDI:SP.POP.4044.MA.5Y:SSD,2023-12-31,5.20445178603768
WDI:SP.POP.4044.MA.5Y:SSD,2024-12-31,5.08175012648178
WDI:SP.POP.4044.MA.5Y:SSF,1960-12-31,4.655362583474307
WDI:SP.POP.4044.MA.5Y:SSF,1961-12-31,4.642616092561782
WDI:SP.POP.4044.MA.5Y:SSF,1962-12-31,4.624173807349184
WDI:SP.POP.4044.MA.5Y:SSF,1963-12-31,4.603229595495037
WDI:SP.POP.4044.MA.5Y:SSF,1964-12-31,4.579397280757152
WDI:SP.POP.4044.MA.5Y:SSF,1965-12-31,4.553860628721528
WDI:SP.POP.4044.MA.5Y:SSF,1966-12-31,4.5291944904639045
WDI:SP.POP.4044.MA.5Y:SSF,1967-12-31,4.503859762205753
WDI:SP.POP.4044.MA.5Y:SSF,1968-12-31,4.476939384252293
WDI:SP.POP.4044.MA.5Y:SSF,1969-12-31,4.44897953280943
WDI:SP.POP.4044.MA.5Y:SSF,1970-12-31,4.422004942716577
WDI:SP.POP.4044.MA.5Y:SSF,1971-12-31,4.396879238046143
WDI:SP.POP.4044.MA.5Y:SSF,1972-12-31,4.371108819025181
WDI:SP.POP.4044.MA.5Y:SSF,1973-12-31,4.34310355293383
WDI:SP.POP.4044.MA.5Y:SSF,1974-12-31,4.313698801430659
WDI:SP.POP.4044.MA.5Y:SSF,1975-12-31,4.283354626528329
WDI:SP.POP.4044.MA.5Y:SSF,1976-12-31,4.252430844824865
WDI:SP.POP.4044.MA.5Y:SSF,1977-12-31,4.223614436780695
WDI:SP.POP.4044.MA.5Y:SSF,1978-12-31,4.19820044457214
WDI:SP.POP.4044.MA.5Y:SSF,1979-12-31,4.171762863392194
WDI:SP.POP.4044.MA.5Y:SSF,1980-12-31,4.139317359859359
WDI:SP.POP.4044.MA.5Y:SSF,1981-12-31,4.110975391981672
WDI:SP.POP.4044.MA.5Y:SSF,1982-12-31,4.091840986070012
WDI:SP.POP.4044.MA.5Y:SSF,1983-12-31,4.080641244371699
WDI:SP.POP.4044.MA.5Y:SSF,1984-12-31,4.077838494037447
WDI:SP.POP.4044.MA.5Y:SSF,1985-12-31,4.0793122384856675
WDI:SP.POP.4044.MA.5Y:SSF,1986-12-31,4.080281037952508
WDI:SP.POP.4044.MA.5Y:SSF,1987-12-31,4.078769947201605
WDI:SP.POP.4044.MA.5Y:SSF,1988-12-31,4.065531963377375
WDI:SP.POP.4044.MA.5Y:SSF,1989-12-31,4.044818672218176
WDI:SP.POP.4044.MA.5Y:SSF,1990-12-31,4.026667491488618
WDI:SP.POP.4044.MA.5Y:SSF,1991-12-31,4.010070340571541
WDI:SP.POP.4044.MA.5Y:SSF,1992-12-31,3.9948577323662366
WDI:SP.POP.4044.MA.5Y:SSF,1993-12-31,4.0093044087988154
WDI:SP.POP.4044.MA.5Y:SSF,1994-12-31,4.008910328148915
WDI:SP.POP.4044.MA.5Y:SSF,1995-12-31,3.980942670474399
WDI:SP.POP.4044.MA.5Y:SSF,1996-12-31,3.957336285881897
WDI:SP.POP.4044.MA.5Y:SSF,1997-12-31,3.9425459648461283
WDI:SP.POP.4044.MA.5Y:SSF,1998-12-31,3.9524814757615183
WDI:SP.POP.4044.MA.5Y:SSF,1999-12-31,3.968298381288627
WDI:SP.POP.4044.MA.5Y:SSF,2000-12-31,3.9851423411087734
WDI:SP.POP.4044.MA.5Y:SSF,2001-12-31,4.002642250868388
WDI:SP.POP.4044.MA.5Y:SSF,2002-12-31,4.018295968737363
WDI:SP.POP.4044.MA.5Y:SSF,2003-12-31,4.028069768908903
WDI:SP.POP.4044.MA.5Y:SSF,2004-12-31,4.032438236979499
WDI:SP.POP.4044.MA.5Y:SSF,2005-12-31,4.034960360745842
WDI:SP.POP.4044.MA.5Y:SSF,2006-12-31,4.037764024683396
WDI:SP.POP.4044.MA.5Y:SSF,2007-12-31,4.044053945756083
WDI:SP.POP.4044.MA.5Y:SSF,2008-12-31,4.057418990585946
WDI:SP.POP.4044.MA.5Y:SSF,2009-12-31,4.077178673996316
WDI:SP.POP.4044.MA.5Y:SSF,2010-12-31,4.1009761814199575
WDI:SP.POP.4044.MA.5Y:SSF,2011-12-31,4.12803096554293
WDI:SP.POP.4044.MA.5Y:SSF,2012-12-31,4.156923095363103
WDI:SP.POP.4044.MA.5Y:SSF,2013-12-31,4.185704233609661
WDI:SP.POP.4044.MA.5Y:SSF,2014-12-31,4.21312206960911
WDI:SP.POP.4044.MA.5Y:SSF,2015-12-31,4.243417869184593
WDI:SP.POP.4044.MA.5Y:SSF,2016-12-31,4.27761466382845
WDI:SP.POP.4044.MA.5Y:SSF,2017-12-31,4.317976244691388
WDI:SP.POP.4044.MA.5Y:SSF,2018-12-31,4.369667154229794
WDI:SP.POP.4044.MA.5Y:SSF,2019-12-31,4.4289952613612975
WDI:SP.POP.4044.MA.5Y:SSF,2020-12-31,4.489895700031637
WDI:SP.POP.4044.MA.5Y:SSF,2021-12-31,4.547718535871251
WDI:SP.POP.4044.MA.5Y:SSF,2022-12-31,4.599257363681389
WDI:SP.POP.4044.MA.5Y:SSF,2023-12-31,4.643782477670419
WDI:SP.POP.4044.MA.5Y:SSF,2024-12-31,4.679612735570519
WDI:SP.POP.4044.MA.5Y:SST,1960-12-31,4.643188793726883
WDI:SP.POP.4044.MA.5Y:SST,1961-12-31,4.624983564826911
WDI:SP.POP.4044.MA.5Y:SST,1962-12-31,4.631848145469366
WDI:SP.POP.4044.MA.5Y:SST,1963-12-31,4.64516361756108
WDI:SP.POP.4044.MA.5Y:SST,1964-12-31,4.666560049407233
WDI:SP.POP.4044.MA.5Y:SST,1965-12-31,4.702949492289011
WDI:SP.POP.4044.MA.5Y:SST,1966-12-31,4.748056471987139
WDI:SP.POP.4044.MA.5Y:SST,1967-12-31,4.812688693026326
WDI:SP.POP.4044.MA.5Y:SST,1968-12-31,4.874868459876467
WDI:SP.POP.4044.MA.5Y:SST,1969-12-31,4.914377088411767
WDI:SP.POP.4044.MA.5Y:SST,1970-12-31,4.937712887693972
WDI:SP.POP.4044.MA.5Y:SST,1971-12-31,4.939550527793786
WDI:SP.POP.4044.MA.5Y:SST,1972-12-31,4.914510164652349
WDI:SP.POP.4044.MA.5Y:SST,1973-12-31,4.874469966644039
WDI:SP.POP.4044.MA.5Y:SST,1974-12-31,4.83525214944684
WDI:SP.POP.4044.MA.5Y:SST,1975-12-31,4.804945589650648
WDI:SP.POP.4044.MA.5Y:SST,1976-12-31,4.788252712676318
WDI:SP.POP.4044.MA.5Y:SST,1977-12-31,4.790370857105823
WDI:SP.POP.4044.MA.5Y:SST,1978-12-31,4.808894687197272
WDI:SP.POP.4044.MA.5Y:SST,1979-12-31,4.828890064549096
WDI:SP.POP.4044.MA.5Y:SST,1980-12-31,4.8316695683790165
WDI:SP.POP.4044.MA.5Y:SST,1981-12-31,4.827406331992491
WDI:SP.POP.4044.MA.5Y:SST,1982-12-31,4.80640316729535
WDI:SP.POP.4044.MA.5Y:SST,1983-12-31,4.753949081606811
WDI:SP.POP.4044.MA.5Y:SST,1984-12-31,4.701911096120597
WDI:SP.POP.4044.MA.5Y:SST,1985-12-31,4.674741526839411
WDI:SP.POP.4044.MA.5Y:SST,1986-12-31,4.681670757626248
WDI:SP.POP.4044.MA.5Y:SST,1987-12-31,4.736615876207257
WDI:SP.POP.4044.MA.5Y:SST,1988-12-31,4.8421172957348
WDI:SP.POP.4044.MA.5Y:SST,1989-12-31,4.978899252051431
WDI:SP.POP.4044.MA.5Y:SST,1990-12-31,5.122534253526171
WDI:SP.POP.4044.MA.5Y:SST,1991-12-31,5.247861209345671
WDI:SP.POP.4044.MA.5Y:SST,1992-12-31,5.346514461960492
WDI:SP.POP.4044.MA.5Y:SST,1993-12-31,5.426703742611322
WDI:SP.POP.4044.MA.5Y:SST,1994-12-31,5.495278562183812
WDI:SP.POP.4044.MA.5Y:SST,1995-12-31,5.567088032205604
WDI:SP.POP.4044.MA.5Y:SST,1996-12-31,5.645597397217427
WDI:SP.POP.4044.MA.5Y:SST,1997-12-31,5.730600977943144
WDI:SP.POP.4044.MA.5Y:SST,1998-12-31,5.826474393582284
WDI:SP.POP.4044.MA.5Y:SST,1999-12-31,5.939960037084536
WDI:SP.POP.4044.MA.5Y:SST,2000-12-31,6.04852433484283
WDI:SP.POP.4044.MA.5Y:SST,2001-12-31,6.137435552890962
WDI:SP.POP.4044.MA.5Y:SST,2002-12-31,6.2214819658587635
WDI:SP.POP.4044.MA.5Y:SST,2003-12-31,6.290538939861538
WDI:SP.POP.4044.MA.5Y:SST,2004-12-31,6.332553615236034
WDI:SP.POP.4044.MA.5Y:SST,2005-12-31,6.330765568209165
WDI:SP.POP.4044.MA.5Y:SST,2006-12-31,6.3022905599115155
WDI:SP.POP.4044.MA.5Y:SST,2007-12-31,6.247813087130838
WDI:SP.POP.4044.MA.5Y:SST,2008-12-31,6.185522155362787
WDI:SP.POP.4044.MA.5Y:SST,2009-12-31,6.137703063980237
WDI:SP.POP.4044.MA.5Y:SST,2010-12-31,6.109802341309915
WDI:SP.POP.4044.MA.5Y:SST,2011-12-31,6.102219147155916
WDI:SP.POP.4044.MA.5Y:SST,2012-12-31,6.106673442043212
WDI:SP.POP.4044.MA.5Y:SST,2013-12-31,6.111229329200774
WDI:SP.POP.4044.MA.5Y:SST,2014-12-31,6.119093866428883
WDI:SP.POP.4044.MA.5Y:SST,2015-12-31,6.138530858700674
WDI:SP.POP.4044.MA.5Y:SST,2016-12-31,6.17400351957871
WDI:SP.POP.4044.MA.5Y:SST,2017-12-31,6.227579370442018
WDI:SP.POP.4044.MA.5Y:SST,2018-12-31,6.296646393154062
WDI:SP.POP.4044.MA.5Y:SST,2019-12-31,6.390678456247099
WDI:SP.POP.4044.MA.5Y:SST,2020-12-31,6.505253528384385
WDI:SP.POP.4044.MA.5Y:SST,2021-12-31,6.626015952290574
WDI:SP.POP.4044.MA.5Y:SST,2022-12-31,6.764737820119236
WDI:SP.POP.4044.MA.5Y:SST,2023-12-31,6.912083597028396
WDI:SP.POP.4044.MA.5Y:SST,2024-12-31,7.044532747878163
WDI:SP.POP.4044.MA.5Y:STP,1960-12-31,4.86851224647252
WDI:SP.POP.4044.MA.5Y:STP,1961-12-31,4.72487027090297
WDI:SP.POP.4044.MA.5Y:STP,1962-12-31,4.78680506776971
WDI:SP.POP.4044.MA.5Y:STP,1963-12-31,4.84770484770485
WDI:SP.POP.4044.MA.5Y:STP,1964-12-31,4.91530923486274
WDI:SP.POP.4044.MA.5Y:STP,1965-12-31,4.98175040770366
WDI:SP.POP.4044.MA.5Y:STP,1966-12-31,5.00579971645831
WDI:SP.POP.4044.MA.5Y:STP,1967-12-31,4.92462569002395
WDI:SP.POP.4044.MA.5Y:STP,1968-12-31,4.6808726792472
WDI:SP.POP.4044.MA.5Y:STP,1969-12-31,4.24938432929587
WDI:SP.POP.4044.MA.5Y:STP,1970-12-31,3.9434109390665
WDI:SP.POP.4044.MA.5Y:STP,1971-12-31,3.90555697325411
WDI:SP.POP.4044.MA.5Y:STP,1972-12-31,3.91848033600611
WDI:SP.POP.4044.MA.5Y:STP,1973-12-31,3.93041237113402
WDI:SP.POP.4044.MA.5Y:STP,1974-12-31,3.93152573529412
WDI:SP.POP.4044.MA.5Y:STP,1975-12-31,3.92112752100604
WDI:SP.POP.4044.MA.5Y:STP,1976-12-31,3.89671774353112
WDI:SP.POP.4044.MA.5Y:STP,1977-12-31,3.85852779684283
WDI:SP.POP.4044.MA.5Y:STP,1978-12-31,3.80883675219037
WDI:SP.POP.4044.MA.5Y:STP,1979-12-31,3.75817827360599
WDI:SP.POP.4044.MA.5Y:STP,1980-12-31,3.71206972374365
WDI:SP.POP.4044.MA.5Y:STP,1981-12-31,3.670238364156
WDI:SP.POP.4044.MA.5Y:STP,1982-12-31,3.57381203392945
WDI:SP.POP.4044.MA.5Y:STP,1983-12-31,3.42866397378249
WDI:SP.POP.4044.MA.5Y:STP,1984-12-31,3.30700102143132
WDI:SP.POP.4044.MA.5Y:STP,1985-12-31,3.21729375850528
WDI:SP.POP.4044.MA.5Y:STP,1986-12-31,3.16975900469027
WDI:SP.POP.4044.MA.5Y:STP,1987-12-31,3.16360534946497
WDI:SP.POP.4044.MA.5Y:STP,1988-12-31,3.19021245220254
WDI:SP.POP.4044.MA.5Y:STP,1989-12-31,3.23363110174312
WDI:SP.POP.4044.MA.5Y:STP,1990-12-31,3.28385763415212
WDI:SP.POP.4044.MA.5Y:STP,1991-12-31,3.32725469494833
WDI:SP.POP.4044.MA.5Y:STP,1992-12-31,3.36807899405033
WDI:SP.POP.4044.MA.5Y:STP,1993-12-31,3.42305261372921
WDI:SP.POP.4044.MA.5Y:STP,1994-12-31,3.47772061553382
WDI:SP.POP.4044.MA.5Y:STP,1995-12-31,3.51455326255517
WDI:SP.POP.4044.MA.5Y:STP,1996-12-31,3.53631403878491
WDI:SP.POP.4044.MA.5Y:STP,1997-12-31,3.54862528775572
WDI:SP.POP.4044.MA.5Y:STP,1998-12-31,3.55769917827796
WDI:SP.POP.4044.MA.5Y:STP,1999-12-31,3.57581663347879
WDI:SP.POP.4044.MA.5Y:STP,2000-12-31,3.60762455559514
WDI:SP.POP.4044.MA.5Y:STP,2001-12-31,3.66665979253882
WDI:SP.POP.4044.MA.5Y:STP,2002-12-31,3.7496644295302
WDI:SP.POP.4044.MA.5Y:STP,2003-12-31,3.82726624773588
WDI:SP.POP.4044.MA.5Y:STP,2004-12-31,3.88269046860057
WDI:SP.POP.4044.MA.5Y:STP,2005-12-31,3.9163743999204
WDI:SP.POP.4044.MA.5Y:STP,2006-12-31,3.93724671794996
WDI:SP.POP.4044.MA.5Y:STP,2007-12-31,3.96459862656879
WDI:SP.POP.4044.MA.5Y:STP,2008-12-31,4.01017135261652
WDI:SP.POP.4044.MA.5Y:STP,2009-12-31,4.07816434612735
WDI:SP.POP.4044.MA.5Y:STP,2010-12-31,4.17352405147181
WDI:SP.POP.4044.MA.5Y:STP,2011-12-31,4.28266335054473
WDI:SP.POP.4044.MA.5Y:STP,2012-12-31,4.38294491525424
WDI:SP.POP.4044.MA.5Y:STP,2013-12-31,4.47604603814352
WDI:SP.POP.4044.MA.5Y:STP,2014-12-31,4.57467361992588
WDI:SP.POP.4044.MA.5Y:STP,2015-12-31,4.6806614119603
WDI:SP.POP.4044.MA.5Y:STP,2016-12-31,4.80793378011729
WDI:SP.POP.4044.MA.5Y:STP,2017-12-31,4.96849859455268
WDI:SP.POP.4044.MA.5Y:STP,2018-12-31,5.13318601176982
WDI:SP.POP.4044.MA.5Y:STP,2019-12-31,5.27912050708146
WDI:SP.POP.4044.MA.5Y:STP,2020-12-31,5.382658596603
WDI:SP.POP.4044.MA.5Y:STP,2021-12-31,5.45308922414183
WDI:SP.POP.4044.MA.5Y:STP,2022-12-31,5.50377649205849
WDI:SP.POP.4044.MA.5Y:STP,2023-12-31,5.52838659948701
WDI:SP.POP.4044.MA.5Y:STP,2024-12-31,5.53178223064965
WDI:SP.POP.4044.MA.5Y:SUR,1960-12-31,3.93934275472477
WDI:SP.POP.4044.MA.5Y:SUR,1961-12-31,3.96362805442009
WDI:SP.POP.4044.MA.5Y:SUR,1962-12-31,3.90338580979081
WDI:SP.POP.4044.MA.5Y:SUR,1963-12-31,3.74625738586683
WDI:SP.POP.4044.MA.5Y:SUR,1964-12-31,3.68997718553963
WDI:SP.POP.4044.MA.5Y:SUR,1965-12-31,3.77598863222238
WDI:SP.POP.4044.MA.5Y:SUR,1966-12-31,3.90866369156832
WDI:SP.POP.4044.MA.5Y:SUR,1967-12-31,4.0203992956297
WDI:SP.POP.4044.MA.5Y:SUR,1968-12-31,4.07837593835501
WDI:SP.POP.4044.MA.5Y:SUR,1969-12-31,4.08169795221843
WDI:SP.POP.4044.MA.5Y:SUR,1970-12-31,4.047976011994
WDI:SP.POP.4044.MA.5Y:SUR,1971-12-31,4.00606004729428
WDI:SP.POP.4044.MA.5Y:SUR,1972-12-31,4.02820877245612
WDI:SP.POP.4044.MA.5Y:SUR,1973-12-31,4.1142489578308
WDI:SP.POP.4044.MA.5Y:SUR,1974-12-31,4.19950514909066
WDI:SP.POP.4044.MA.5Y:SUR,1975-12-31,4.26770759546452
WDI:SP.POP.4044.MA.5Y:SUR,1976-12-31,4.30418759789733
WDI:SP.POP.4044.MA.5Y:SUR,1977-12-31,4.30147435241118
WDI:SP.POP.4044.MA.5Y:SUR,1978-12-31,4.26667080655344
WDI:SP.POP.4044.MA.5Y:SUR,1979-12-31,4.21179963710343
WDI:SP.POP.4044.MA.5Y:SUR,1980-12-31,4.12877669001604
WDI:SP.POP.4044.MA.5Y:SUR,1981-12-31,4.02604497958473
WDI:SP.POP.4044.MA.5Y:SUR,1982-12-31,3.9281895139412
WDI:SP.POP.4044.MA.5Y:SUR,1983-12-31,3.8384934299836
WDI:SP.POP.4044.MA.5Y:SUR,1984-12-31,3.76229235535042
WDI:SP.POP.4044.MA.5Y:SUR,1985-12-31,3.70478810153046
WDI:SP.POP.4044.MA.5Y:SUR,1986-12-31,3.66780147381282
WDI:SP.POP.4044.MA.5Y:SUR,1987-12-31,3.65278484726154
WDI:SP.POP.4044.MA.5Y:SUR,1988-12-31,3.66031195840555
WDI:SP.POP.4044.MA.5Y:SUR,1989-12-31,3.69181223772812
WDI:SP.POP.4044.MA.5Y:SUR,1990-12-31,3.75267348985584
WDI:SP.POP.4044.MA.5Y:SUR,1991-12-31,3.84362128050217
WDI:SP.POP.4044.MA.5Y:SUR,1992-12-31,3.96242825670361
WDI:SP.POP.4044.MA.5Y:SUR,1993-12-31,4.10643889618923
WDI:SP.POP.4044.MA.5Y:SUR,1994-12-31,4.26958746553542
WDI:SP.POP.4044.MA.5Y:SUR,1995-12-31,4.48549241693941
WDI:SP.POP.4044.MA.5Y:SUR,1996-12-31,4.74275560477566
WDI:SP.POP.4044.MA.5Y:SUR,1997-12-31,5.00070982396366
WDI:SP.POP.4044.MA.5Y:SUR,1998-12-31,5.27581682336228
WDI:SP.POP.4044.MA.5Y:SUR,1999-12-31,5.57804749250838
WDI:SP.POP.4044.MA.5Y:SUR,2000-12-31,5.8908436318539
WDI:SP.POP.4044.MA.5Y:SUR,2001-12-31,6.18607302000028
WDI:SP.POP.4044.MA.5Y:SUR,2002-12-31,6.44203733945009
WDI:SP.POP.4044.MA.5Y:SUR,2003-12-31,6.64107575092372
WDI:SP.POP.4044.MA.5Y:SUR,2004-12-31,6.80766448363106
WDI:SP.POP.4044.MA.5Y:SUR,2005-12-31,6.94991601481779
WDI:SP.POP.4044.MA.5Y:SUR,2006-12-31,7.03811601112734
WDI:SP.POP.4044.MA.5Y:SUR,2007-12-31,7.06176279372156
WDI:SP.POP.4044.MA.5Y:SUR,2008-12-31,7.02856964344453
WDI:SP.POP.4044.MA.5Y:SUR,2009-12-31,6.97478686080966
WDI:SP.POP.4044.MA.5Y:SUR,2010-12-31,6.92358875681119
WDI:SP.POP.4044.MA.5Y:SUR,2011-12-31,6.88477744089052
WDI:SP.POP.4044.MA.5Y:SUR,2012-12-31,6.8721872821134
WDI:SP.POP.4044.MA.5Y:SUR,2013-12-31,6.8769351126351
WDI:SP.POP.4044.MA.5Y:SUR,2014-12-31,6.85371363534463
WDI:SP.POP.4044.MA.5Y:SUR,2015-12-31,6.76066485021067
WDI:SP.POP.4044.MA.5Y:SUR,2016-12-31,6.59753928153514
WDI:SP.POP.4044.MA.5Y:SUR,2017-12-31,6.39203212356041
WDI:SP.POP.4044.MA.5Y:SUR,2018-12-31,6.19195252193966
WDI:SP.POP.4044.MA.5Y:SUR,2019-12-31,6.07005568647069
WDI:SP.POP.4044.MA.5Y:SUR,2020-12-31,6.07107191090678
WDI:SP.POP.4044.MA.5Y:SUR,2021-12-31,6.18347464542703
WDI:SP.POP.4044.MA.5Y:SUR,2022-12-31,6.37868266162013
WDI:SP.POP.4044.MA.5Y:SUR,2023-12-31,6.6112823645057
WDI:SP.POP.4044.MA.5Y:SUR,2024-12-31,6.81342016748389
WDI:SP.POP.4044.MA.5Y:SVK,1960-12-31,4.15836855658655
WDI:SP.POP.4044.MA.5Y:SVK,1961-12-31,4.71375932416644
WDI:SP.POP.4044.MA.5Y:SVK,1962-12-31,5.49891626048307
WDI:SP.POP.4044.MA.5Y:SVK,1963-12-31,6.30850156846746
WDI:SP.POP.4044.MA.5Y:SVK,1964-12-31,6.78018092328296
WDI:SP.POP.4044.MA.5Y:SVK,1965-12-31,6.86671507643062
WDI:SP.POP.4044.MA.5Y:SVK,1966-12-31,6.82727714446585
WDI:SP.POP.4044.MA.5Y:SVK,1967-12-31,6.69863614520672
WDI:SP.POP.4044.MA.5Y:SVK,1968-12-31,6.55243506434673
WDI:SP.POP.4044.MA.5Y:SVK,1969-12-31,6.43015251419961
WDI:SP.POP.4044.MA.5Y:SVK,1970-12-31,6.38090825874923
WDI:SP.POP.4044.MA.5Y:SVK,1971-12-31,6.35367888015754
WDI:SP.POP.4044.MA.5Y:SVK,1972-12-31,6.30847501932407
WDI:SP.POP.4044.MA.5Y:SVK,1973-12-31,6.21908053116945
WDI:SP.POP.4044.MA.5Y:SVK,1974-12-31,6.07752732794507
WDI:SP.POP.4044.MA.5Y:SVK,1975-12-31,5.90645463009508
WDI:SP.POP.4044.MA.5Y:SVK,1976-12-31,5.70127105571012
WDI:SP.POP.4044.MA.5Y:SVK,1977-12-31,5.49048662055379
WDI:SP.POP.4044.MA.5Y:SVK,1978-12-31,5.33988022686895
WDI:SP.POP.4044.MA.5Y:SVK,1979-12-31,5.26218187325309
WDI:SP.POP.4044.MA.5Y:SVK,1980-12-31,5.2505621281642
WDI:SP.POP.4044.MA.5Y:SVK,1981-12-31,5.29629707037833
WDI:SP.POP.4044.MA.5Y:SVK,1982-12-31,5.35086099646119
WDI:SP.POP.4044.MA.5Y:SVK,1983-12-31,5.39742268619498
WDI:SP.POP.4044.MA.5Y:SVK,1984-12-31,5.45891715552408
WDI:SP.POP.4044.MA.5Y:SVK,1985-12-31,5.47955434809306
WDI:SP.POP.4044.MA.5Y:SVK,1986-12-31,5.50412392467555
WDI:SP.POP.4044.MA.5Y:SVK,1987-12-31,5.68283188313541
WDI:SP.POP.4044.MA.5Y:SVK,1988-12-31,5.98099059851348
WDI:SP.POP.4044.MA.5Y:SVK,1989-12-31,6.27953590301008
WDI:SP.POP.4044.MA.5Y:SVK,1990-12-31,6.65248131245184
WDI:SP.POP.4044.MA.5Y:SVK,1991-12-31,7.09694306379984
WDI:SP.POP.4044.MA.5Y:SVK,1992-12-31,7.44238108275897
WDI:SP.POP.4044.MA.5Y:SVK,1993-12-31,7.67893201273042
WDI:SP.POP.4044.MA.5Y:SVK,1994-12-31,7.88032083632426
WDI:SP.POP.4044.MA.5Y:SVK,1995-12-31,8.02826157955166
WDI:SP.POP.4044.MA.5Y:SVK,1996-12-31,8.09576999753078
WDI:SP.POP.4044.MA.5Y:SVK,1997-12-31,8.11124711220933
WDI:SP.POP.4044.MA.5Y:SVK,1998-12-31,8.07804611189695
WDI:SP.POP.4044.MA.5Y:SVK,1999-12-31,7.98490003358608
WDI:SP.POP.4044.MA.5Y:SVK,2000-12-31,7.85641839479585
WDI:SP.POP.4044.MA.5Y:SVK,2001-12-31,7.71637946062018
WDI:SP.POP.4044.MA.5Y:SVK,2002-12-31,7.5520298025147
WDI:SP.POP.4044.MA.5Y:SVK,2003-12-31,7.42812850206884
WDI:SP.POP.4044.MA.5Y:SVK,2004-12-31,7.39392292107109
WDI:SP.POP.4044.MA.5Y:SVK,2005-12-31,7.36736885752024
WDI:SP.POP.4044.MA.5Y:SVK,2006-12-31,7.29513518642439
WDI:SP.POP.4044.MA.5Y:SVK,2007-12-31,7.20511581774708
WDI:SP.POP.4044.MA.5Y:SVK,2008-12-31,7.07708851272843
WDI:SP.POP.4044.MA.5Y:SVK,2009-12-31,6.93862383734712
WDI:SP.POP.4044.MA.5Y:SVK,2010-12-31,6.87086884530594
WDI:SP.POP.4044.MA.5Y:SVK,2011-12-31,6.89164135574582
WDI:SP.POP.4044.MA.5Y:SVK,2012-12-31,7.02248236692001
WDI:SP.POP.4044.MA.5Y:SVK,2013-12-31,7.27796356010917
WDI:SP.POP.4044.MA.5Y:SVK,2014-12-31,7.60297799092083
WDI:SP.POP.4044.MA.5Y:SVK,2015-12-31,7.92298338721966
WDI:SP.POP.4044.MA.5Y:SVK,2016-12-31,8.22985982397448
WDI:SP.POP.4044.MA.5Y:SVK,2017-12-31,8.49966119649002
WDI:SP.POP.4044.MA.5Y:SVK,2018-12-31,8.6800668907396
WDI:SP.POP.4044.MA.5Y:SVK,2019-12-31,8.7664249549432
WDI:SP.POP.4044.MA.5Y:SVK,2020-12-31,8.78432355735642
WDI:SP.POP.4044.MA.5Y:SVK,2021-12-31,8.74540484742514
WDI:SP.POP.4044.MA.5Y:SVK,2022-12-31,8.66845414394904
WDI:SP.POP.4044.MA.5Y:SVK,2023-12-31,8.57888263907718
WDI:SP.POP.4044.MA.5Y:SVK,2024-12-31,8.47632231212058
WDI:SP.POP.4044.MA.5Y:SVN,1960-12-31,3.69465114454523
WDI:SP.POP.4044.MA.5Y:SVN,1961-12-31,4.01173700503185
WDI:SP.POP.4044.MA.5Y:SVN,1962-12-31,4.4996104219193
WDI:SP.POP.4044.MA.5Y:SVN,1963-12-31,5.02017675590993
WDI:SP.POP.4044.MA.5Y:SVN,1964-12-31,5.40194003708517
WDI:SP.POP.4044.MA.5Y:SVN,1965-12-31,5.60666074498786
WDI:SP.POP.4044.MA.5Y:SVN,1966-12-31,5.76801810156163
WDI:SP.POP.4044.MA.5Y:SVN,1967-12-31,5.97712062876584
WDI:SP.POP.4044.MA.5Y:SVN,1968-12-31,6.25964896710985
WDI:SP.POP.4044.MA.5Y:SVN,1969-12-31,6.58074820305645
WDI:SP.POP.4044.MA.5Y:SVN,1970-12-31,6.95602313461695
WDI:SP.POP.4044.MA.5Y:SVN,1971-12-31,7.29729486104726
WDI:SP.POP.4044.MA.5Y:SVN,1972-12-31,7.48156354908077
WDI:SP.POP.4044.MA.5Y:SVN,1973-12-31,7.52348364831359
WDI:SP.POP.4044.MA.5Y:SVN,1974-12-31,7.47625251756833
WDI:SP.POP.4044.MA.5Y:SVN,1975-12-31,7.3557942554299
WDI:SP.POP.4044.MA.5Y:SVN,1976-12-31,7.22633174969893
WDI:SP.POP.4044.MA.5Y:SVN,1977-12-31,7.12812400494762
WDI:SP.POP.4044.MA.5Y:SVN,1978-12-31,7.02390010632347
WDI:SP.POP.4044.MA.5Y:SVN,1979-12-31,6.95350657239837
WDI:SP.POP.4044.MA.5Y:SVN,1980-12-31,6.91693498508082
WDI:SP.POP.4044.MA.5Y:SVN,1981-12-31,6.87205944190798
WDI:SP.POP.4044.MA.5Y:SVN,1982-12-31,6.85102774867414
WDI:SP.POP.4044.MA.5Y:SVN,1983-12-31,6.87788392624665
WDI:SP.POP.4044.MA.5Y:SVN,1984-12-31,6.84097352336067
WDI:SP.POP.4044.MA.5Y:SVN,1985-12-31,6.58685594737446
WDI:SP.POP.4044.MA.5Y:SVN,1986-12-31,6.44140801623349
WDI:SP.POP.4044.MA.5Y:SVN,1987-12-31,6.52675196557181
WDI:SP.POP.4044.MA.5Y:SVN,1988-12-31,6.61054146242993
WDI:SP.POP.4044.MA.5Y:SVN,1989-12-31,6.82215701221877
WDI:SP.POP.4044.MA.5Y:SVN,1990-12-31,7.33855458768753
WDI:SP.POP.4044.MA.5Y:SVN,1991-12-31,7.85422289907469
WDI:SP.POP.4044.MA.5Y:SVN,1992-12-31,8.14270204573911
WDI:SP.POP.4044.MA.5Y:SVN,1993-12-31,8.38225417278177
WDI:SP.POP.4044.MA.5Y:SVN,1994-12-31,8.55311984571262
WDI:SP.POP.4044.MA.5Y:SVN,1995-12-31,8.62174816091996
WDI:SP.POP.4044.MA.5Y:SVN,1996-12-31,8.68984295813268
WDI:SP.POP.4044.MA.5Y:SVN,1997-12-31,8.68128784468801
WDI:SP.POP.4044.MA.5Y:SVN,1998-12-31,8.52413241266084
WDI:SP.POP.4044.MA.5Y:SVN,1999-12-31,8.40430344393525
WDI:SP.POP.4044.MA.5Y:SVN,2000-12-31,8.3000159676115
WDI:SP.POP.4044.MA.5Y:SVN,2001-12-31,8.15808316503526
WDI:SP.POP.4044.MA.5Y:SVN,2002-12-31,8.09211073495753
WDI:SP.POP.4044.MA.5Y:SVN,2003-12-31,8.07893898485766
WDI:SP.POP.4044.MA.5Y:SVN,2004-12-31,8.05892241134032
WDI:SP.POP.4044.MA.5Y:SVN,2005-12-31,8.06351138479164
WDI:SP.POP.4044.MA.5Y:SVN,2006-12-31,8.0866658591723
WDI:SP.POP.4044.MA.5Y:SVN,2007-12-31,8.07012397352382
WDI:SP.POP.4044.MA.5Y:SVN,2008-12-31,7.99147996607579
WDI:SP.POP.4044.MA.5Y:SVN,2009-12-31,7.89098092051929
WDI:SP.POP.4044.MA.5Y:SVN,2010-12-31,7.73969332172578
WDI:SP.POP.4044.MA.5Y:SVN,2011-12-31,7.56061585621145
WDI:SP.POP.4044.MA.5Y:SVN,2012-12-31,7.4805218318826
WDI:SP.POP.4044.MA.5Y:SVN,2013-12-31,7.47391985233114
WDI:SP.POP.4044.MA.5Y:SVN,2014-12-31,7.50472749160129
WDI:SP.POP.4044.MA.5Y:SVN,2015-12-31,7.5951337646844
WDI:SP.POP.4044.MA.5Y:SVN,2016-12-31,7.71035027581312
WDI:SP.POP.4044.MA.5Y:SVN,2017-12-31,7.8039524395404
WDI:SP.POP.4044.MA.5Y:SVN,2018-12-31,7.90026668037491
WDI:SP.POP.4044.MA.5Y:SVN,2019-12-31,8.01613248160377
WDI:SP.POP.4044.MA.5Y:SVN,2020-12-31,8.11057797815951
WDI:SP.POP.4044.MA.5Y:SVN,2021-12-31,8.14162062120246
WDI:SP.POP.4044.MA.5Y:SVN,2022-12-31,8.11406689407966
WDI:SP.POP.4044.MA.5Y:SVN,2023-12-31,8.02099197172241
WDI:SP.POP.4044.MA.5Y:SVN,2024-12-31,7.84450852934546
WDI:SP.POP.4044.MA.5Y:SWE,1960-12-31,7.1165165225484
WDI:SP.POP.4044.MA.5Y:SWE,1961-12-31,7.28538570026114
WDI:SP.POP.4044.MA.5Y:SWE,1962-12-31,7.33207019634641
WDI:SP.POP.4044.MA.5Y:SWE,1963-12-31,7.32334763908904
WDI:SP.POP.4044.MA.5Y:SWE,1964-12-31,7.28638017759334
WDI:SP.POP.4044.MA.5Y:SWE,1965-12-31,7.06921465357063
WDI:SP.POP.4044.MA.5Y:SWE,1966-12-31,6.73644777180712
WDI:SP.POP.4044.MA.5Y:SWE,1967-12-31,6.48027787705129
WDI:SP.POP.4044.MA.5Y:SWE,1968-12-31,6.28637361777879
WDI:SP.POP.4044.MA.5Y:SWE,1969-12-31,6.10759444746316
WDI:SP.POP.4044.MA.5Y:SWE,1970-12-31,5.94510872346091
WDI:SP.POP.4044.MA.5Y:SWE,1971-12-31,5.81900419913346
WDI:SP.POP.4044.MA.5Y:SWE,1972-12-31,5.72590381116646
WDI:SP.POP.4044.MA.5Y:SWE,1973-12-31,5.62334740406894
WDI:SP.POP.4044.MA.5Y:SWE,1974-12-31,5.52343379592689
WDI:SP.POP.4044.MA.5Y:SWE,1975-12-31,5.45911568738782
WDI:SP.POP.4044.MA.5Y:SWE,1976-12-31,5.43451199864741
WDI:SP.POP.4044.MA.5Y:SWE,1977-12-31,5.45962919316943
WDI:SP.POP.4044.MA.5Y:SWE,1978-12-31,5.55274266123718
WDI:SP.POP.4044.MA.5Y:SWE,1979-12-31,5.71395814569639
WDI:SP.POP.4044.MA.5Y:SWE,1980-12-31,5.87331589475752
WDI:SP.POP.4044.MA.5Y:SWE,1981-12-31,6.02842724721713
WDI:SP.POP.4044.MA.5Y:SWE,1982-12-31,6.26849354454636
WDI:SP.POP.4044.MA.5Y:SWE,1983-12-31,6.61371085944647
WDI:SP.POP.4044.MA.5Y:SWE,1984-12-31,7.01923375770691
WDI:SP.POP.4044.MA.5Y:SWE,1985-12-31,7.45754158907955
WDI:SP.POP.4044.MA.5Y:SWE,1986-12-31,7.87006513174874
WDI:SP.POP.4044.MA.5Y:SWE,1987-12-31,8.14324400938474
WDI:SP.POP.4044.MA.5Y:SWE,1988-12-31,8.23422534029156
WDI:SP.POP.4044.MA.5Y:SWE,1989-12-31,8.15686096847687
WDI:SP.POP.4044.MA.5Y:SWE,1990-12-31,7.96185895324636
WDI:SP.POP.4044.MA.5Y:SWE,1991-12-31,7.70595248344007
WDI:SP.POP.4044.MA.5Y:SWE,1992-12-31,7.43998158075338
WDI:SP.POP.4044.MA.5Y:SWE,1993-12-31,7.21940204505984
WDI:SP.POP.4044.MA.5Y:SWE,1994-12-31,7.03136029610483
WDI:SP.POP.4044.MA.5Y:SWE,1995-12-31,6.89384948740665
WDI:SP.POP.4044.MA.5Y:SWE,1996-12-31,6.85212379468779
WDI:SP.POP.4044.MA.5Y:SWE,1997-12-31,6.84963538119156
WDI:SP.POP.4044.MA.5Y:SWE,1998-12-31,6.82410245459172
WDI:SP.POP.4044.MA.5Y:SWE,1999-12-31,6.81171938627096
WDI:SP.POP.4044.MA.5Y:SWE,2000-12-31,6.79597961218655
WDI:SP.POP.4044.MA.5Y:SWE,2001-12-31,6.75440121342263
WDI:SP.POP.4044.MA.5Y:SWE,2002-12-31,6.74247511018224
WDI:SP.POP.4044.MA.5Y:SWE,2003-12-31,6.80025245801184
WDI:SP.POP.4044.MA.5Y:SWE,2004-12-31,6.93947465050764
WDI:SP.POP.4044.MA.5Y:SWE,2005-12-31,7.13695192836287
WDI:SP.POP.4044.MA.5Y:SWE,2006-12-31,7.32868010797768
WDI:SP.POP.4044.MA.5Y:SWE,2007-12-31,7.47141924482081
WDI:SP.POP.4044.MA.5Y:SWE,2008-12-31,7.49998554735336
WDI:SP.POP.4044.MA.5Y:SWE,2009-12-31,7.36984944380483
WDI:SP.POP.4044.MA.5Y:SWE,2010-12-31,7.16869292043405
WDI:SP.POP.4044.MA.5Y:SWE,2011-12-31,6.99969407312066
WDI:SP.POP.4044.MA.5Y:SWE,2012-12-31,6.86918339736839
WDI:SP.POP.4044.MA.5Y:SWE,2013-12-31,6.77609762360302
WDI:SP.POP.4044.MA.5Y:SWE,2014-12-31,6.7540181362884
WDI:SP.POP.4044.MA.5Y:SWE,2015-12-31,6.73667425824047
WDI:SP.POP.4044.MA.5Y:SWE,2016-12-31,6.63950326758214
WDI:SP.POP.4044.MA.5Y:SWE,2017-12-31,6.49804798463427
WDI:SP.POP.4044.MA.5Y:SWE,2018-12-31,6.36234474101286
WDI:SP.POP.4044.MA.5Y:SWE,2019-12-31,6.24712905449566
WDI:SP.POP.4044.MA.5Y:SWE,2020-12-31,6.19604297558101
WDI:SP.POP.4044.MA.5Y:SWE,2021-12-31,6.19524104076539
WDI:SP.POP.4044.MA.5Y:SWE,2022-12-31,6.22531856453055
WDI:SP.POP.4044.MA.5Y:SWE,2023-12-31,6.29028278569666
WDI:SP.POP.4044.MA.5Y:SWE,2024-12-31,6.34675364482308
WDI:SP.POP.4044.MA.5Y:SWZ,1960-12-31,4.10859014512157
WDI:SP.POP.4044.MA.5Y:SWZ,1961-12-31,4.02879843725783
WDI:SP.POP.4044.MA.5Y:SWZ,1962-12-31,3.93570320682688
WDI:SP.POP.4044.MA.5Y:SWZ,1963-12-31,3.83506343713956
WDI:SP.POP.4044.MA.5Y:SWZ,1964-12-31,3.73674534650865
WDI:SP.POP.4044.MA.5Y:SWZ,1965-12-31,3.64652264867865
WDI:SP.POP.4044.MA.5Y:SWZ,1966-12-31,3.56158189741418
WDI:SP.POP.4044.MA.5Y:SWZ,1967-12-31,3.50172550630488
WDI:SP.POP.4044.MA.5Y:SWZ,1968-12-31,3.4690548901404
WDI:SP.POP.4044.MA.5Y:SWZ,1969-12-31,3.44216494695609
WDI:SP.POP.4044.MA.5Y:SWZ,1970-12-31,3.42085305145574
WDI:SP.POP.4044.MA.5Y:SWZ,1971-12-31,3.40948361263806
WDI:SP.POP.4044.MA.5Y:SWZ,1972-12-31,3.40911386835424
WDI:SP.POP.4044.MA.5Y:SWZ,1973-12-31,3.41792157317076
WDI:SP.POP.4044.MA.5Y:SWZ,1974-12-31,3.43393738301855
WDI:SP.POP.4044.MA.5Y:SWZ,1975-12-31,3.4561416207385
WDI:SP.POP.4044.MA.5Y:SWZ,1976-12-31,3.4844283083695
WDI:SP.POP.4044.MA.5Y:SWZ,1977-12-31,3.52651350174216
WDI:SP.POP.4044.MA.5Y:SWZ,1978-12-31,3.58077174623937
WDI:SP.POP.4044.MA.5Y:SWZ,1979-12-31,3.63233424159855
WDI:SP.POP.4044.MA.5Y:SWZ,1980-12-31,3.67978706781069
WDI:SP.POP.4044.MA.5Y:SWZ,1981-12-31,3.72363169897378
WDI:SP.POP.4044.MA.5Y:SWZ,1982-12-31,3.76206805505673
WDI:SP.POP.4044.MA.5Y:SWZ,1983-12-31,3.7978296304283
WDI:SP.POP.4044.MA.5Y:SWZ,1984-12-31,3.83841543831239
WDI:SP.POP.4044.MA.5Y:SWZ,1985-12-31,3.85693877069116
WDI:SP.POP.4044.MA.5Y:SWZ,1986-12-31,3.85843443407175
WDI:SP.POP.4044.MA.5Y:SWZ,1987-12-31,3.86830425695564
WDI:SP.POP.4044.MA.5Y:SWZ,1988-12-31,3.88502552239637
WDI:SP.POP.4044.MA.5Y:SWZ,1989-12-31,3.92945300157978
WDI:SP.POP.4044.MA.5Y:SWZ,1990-12-31,3.98676010802086
WDI:SP.POP.4044.MA.5Y:SWZ,1991-12-31,4.02136402851564
WDI:SP.POP.4044.MA.5Y:SWZ,1992-12-31,4.0249397841506
WDI:SP.POP.4044.MA.5Y:SWZ,1993-12-31,3.99496380632892
WDI:SP.POP.4044.MA.5Y:SWZ,1994-12-31,3.8520664201954
WDI:SP.POP.4044.MA.5Y:SWZ,1995-12-31,3.66437133708509
WDI:SP.POP.4044.MA.5Y:SWZ,1996-12-31,3.54237539592872
WDI:SP.POP.4044.MA.5Y:SWZ,1997-12-31,3.48660114573168
WDI:SP.POP.4044.MA.5Y:SWZ,1998-12-31,3.49776201402579
WDI:SP.POP.4044.MA.5Y:SWZ,1999-12-31,3.53626926145926
WDI:SP.POP.4044.MA.5Y:SWZ,2000-12-31,3.60071740257367
WDI:SP.POP.4044.MA.5Y:SWZ,2001-12-31,3.67508573885296
WDI:SP.POP.4044.MA.5Y:SWZ,2002-12-31,3.74267113751789
WDI:SP.POP.4044.MA.5Y:SWZ,2003-12-31,3.78918972202784
WDI:SP.POP.4044.MA.5Y:SWZ,2004-12-31,3.80978305780102
WDI:SP.POP.4044.MA.5Y:SWZ,2005-12-31,3.81569348899526
WDI:SP.POP.4044.MA.5Y:SWZ,2006-12-31,3.83727185714106
WDI:SP.POP.4044.MA.5Y:SWZ,2007-12-31,3.89895608966907
WDI:SP.POP.4044.MA.5Y:SWZ,2008-12-31,3.99937148244436
WDI:SP.POP.4044.MA.5Y:SWZ,2009-12-31,4.10609834333371
WDI:SP.POP.4044.MA.5Y:SWZ,2010-12-31,4.1734155291794
WDI:SP.POP.4044.MA.5Y:SWZ,2011-12-31,4.19834903888689
WDI:SP.POP.4044.MA.5Y:SWZ,2012-12-31,4.18164789183341
WDI:SP.POP.4044.MA.5Y:SWZ,2013-12-31,4.12757391371826
WDI:SP.POP.4044.MA.5Y:SWZ,2014-12-31,4.12738359573383
WDI:SP.POP.4044.MA.5Y:SWZ,2015-12-31,4.23743057684028
WDI:SP.POP.4044.MA.5Y:SWZ,2016-12-31,4.43333369001887
WDI:SP.POP.4044.MA.5Y:SWZ,2017-12-31,4.65058750773036
WDI:SP.POP.4044.MA.5Y:SWZ,2018-12-31,4.85740108806624
WDI:SP.POP.4044.MA.5Y:SWZ,2019-12-31,5.07951908916463
WDI:SP.POP.4044.MA.5Y:SWZ,2020-12-31,5.29951869171658
WDI:SP.POP.4044.MA.5Y:SWZ,2021-12-31,5.48542267036718
WDI:SP.POP.4044.MA.5Y:SWZ,2022-12-31,5.67559256201386
WDI:SP.POP.4044.MA.5Y:SWZ,2023-12-31,5.86093745861037
WDI:SP.POP.4044.MA.5Y:SWZ,2024-12-31,6.01246167183718
WDI:SP.POP.4044.MA.5Y:SXM,1960-12-31,4.01872805306282
WDI:SP.POP.4044.MA.5Y:SXM,1961-12-31,4.16519590540064
WDI:SP.POP.4044.MA.5Y:SXM,1962-12-31,4.13091833492215
WDI:SP.POP.4044.MA.5Y:SXM,1963-12-31,3.95528804815133
WDI:SP.POP.4044.MA.5Y:SXM,1964-12-31,3.74804789172306
WDI:SP.POP.4044.MA.5Y:SXM,1965-12-31,3.58584659225837
WDI:SP.POP.4044.MA.5Y:SXM,1966-12-31,3.51715154146765
WDI:SP.POP.4044.MA.5Y:SXM,1967-12-31,3.48189415041783
WDI:SP.POP.4044.MA.5Y:SXM,1968-12-31,3.43755714024502
WDI:SP.POP.4044.MA.5Y:SXM,1969-12-31,3.37381916329285
WDI:SP.POP.4044.MA.5Y:SXM,1970-12-31,3.29378707461755
WDI:SP.POP.4044.MA.5Y:SXM,1971-12-31,3.17575406032483
WDI:SP.POP.4044.MA.5Y:SXM,1972-12-31,3.05694575950223
WDI:SP.POP.4044.MA.5Y:SXM,1973-12-31,2.95865469718043
WDI:SP.POP.4044.MA.5Y:SXM,1974-12-31,2.97041420118343
WDI:SP.POP.4044.MA.5Y:SXM,1975-12-31,3.11599024173875
WDI:SP.POP.4044.MA.5Y:SXM,1976-12-31,3.34027055150885
WDI:SP.POP.4044.MA.5Y:SXM,1977-12-31,3.56863511928041
WDI:SP.POP.4044.MA.5Y:SXM,1978-12-31,3.89108637659829
WDI:SP.POP.4044.MA.5Y:SXM,1979-12-31,4.21618808015962
WDI:SP.POP.4044.MA.5Y:SXM,1980-12-31,4.42840741348204
WDI:SP.POP.4044.MA.5Y:SXM,1981-12-31,4.69418960244648
WDI:SP.POP.4044.MA.5Y:SXM,1982-12-31,4.96246872393661
WDI:SP.POP.4044.MA.5Y:SXM,1983-12-31,5.1438261524934
WDI:SP.POP.4044.MA.5Y:SXM,1984-12-31,5.37093176228336
WDI:SP.POP.4044.MA.5Y:SXM,1985-12-31,5.7172829792814
WDI:SP.POP.4044.MA.5Y:SXM,1986-12-31,6.05240259112443
WDI:SP.POP.4044.MA.5Y:SXM,1987-12-31,6.44959298685034
WDI:SP.POP.4044.MA.5Y:SXM,1988-12-31,6.94911734164071
WDI:SP.POP.4044.MA.5Y:SXM,1989-12-31,7.41327970919216
WDI:SP.POP.4044.MA.5Y:SXM,1990-12-31,7.83712626681574
WDI:SP.POP.4044.MA.5Y:SXM,1991-12-31,8.27802297766248
WDI:SP.POP.4044.MA.5Y:SXM,1992-12-31,8.66593942505133
WDI:SP.POP.4044.MA.5Y:SXM,1993-12-31,8.94360402557124
WDI:SP.POP.4044.MA.5Y:SXM,1994-12-31,9.1911998473962
WDI:SP.POP.4044.MA.5Y:SXM,1995-12-31,9.41658137154555
WDI:SP.POP.4044.MA.5Y:SXM,1996-12-31,9.54451745909032
WDI:SP.POP.4044.MA.5Y:SXM,1997-12-31,9.66683984933108
WDI:SP.POP.4044.MA.5Y:SXM,1998-12-31,9.7874152445216
WDI:SP.POP.4044.MA.5Y:SXM,1999-12-31,9.79705162953659
WDI:SP.POP.4044.MA.5Y:SXM,2000-12-31,9.78423983726281
WDI:SP.POP.4044.MA.5Y:SXM,2001-12-31,9.86179433122511
WDI:SP.POP.4044.MA.5Y:SXM,2002-12-31,9.97338656021291
WDI:SP.POP.4044.MA.5Y:SXM,2003-12-31,10.011530225663
WDI:SP.POP.4044.MA.5Y:SXM,2004-12-31,10.0003263814093
WDI:SP.POP.4044.MA.5Y:SXM,2005-12-31,9.97703825878853
WDI:SP.POP.4044.MA.5Y:SXM,2006-12-31,9.85798095726605
WDI:SP.POP.4044.MA.5Y:SXM,2007-12-31,9.7150670991541
WDI:SP.POP.4044.MA.5Y:SXM,2008-12-31,9.64779397841318
WDI:SP.POP.4044.MA.5Y:SXM,2009-12-31,9.55693426082597
WDI:SP.POP.4044.MA.5Y:SXM,2010-12-31,9.44607140631815
WDI:SP.POP.4044.MA.5Y:SXM,2011-12-31,9.30869057137585
WDI:SP.POP.4044.MA.5Y:SXM,2012-12-31,9.11683477425552
WDI:SP.POP.4044.MA.5Y:SXM,2013-12-31,8.89876341099775
WDI:SP.POP.4044.MA.5Y:SXM,2014-12-31,8.61759425493717
WDI:SP.POP.4044.MA.5Y:SXM,2015-12-31,8.35442333898823
WDI:SP.POP.4044.MA.5Y:SXM,2016-12-31,8.18322601679028
WDI:SP.POP.4044.MA.5Y:SXM,2017-12-31,8.03198979727396
WDI:SP.POP.4044.MA.5Y:SXM,2018-12-31,7.82859818919763
WDI:SP.POP.4044.MA.5Y:SXM,2019-12-31,7.65129094805593
WDI:SP.POP.4044.MA.5Y:SXM,2020-12-31,7.50476095018543
WDI:SP.POP.4044.MA.5Y:SXM,2021-12-31,7.35243355195029
WDI:SP.POP.4044.MA.5Y:SXM,2022-12-31,7.20328681869013
WDI:SP.POP.4044.MA.5Y:SXM,2023-12-31,7.06314349485204
WDI:SP.POP.4044.MA.5Y:SXM,2024-12-31,6.95645990851129
WDI:SP.POP.4044.MA.5Y:SYC,1960-12-31,4.9237552820136
WDI:SP.POP.4044.MA.5Y:SYC,1961-12-31,4.88775028652329
WDI:SP.POP.4044.MA.5Y:SYC,1962-12-31,4.8633687725156
WDI:SP.POP.4044.MA.5Y:SYC,1963-12-31,4.82760100414101
WDI:SP.POP.4044.MA.5Y:SYC,1964-12-31,4.77526913249277
WDI:SP.POP.4044.MA.5Y:SYC,1965-12-31,4.72736930274367
WDI:SP.POP.4044.MA.5Y:SYC,1966-12-31,4.68840247764345
WDI:SP.POP.4044.MA.5Y:SYC,1967-12-31,4.65649151423356
WDI:SP.POP.4044.MA.5Y:SYC,1968-12-31,4.64129425805596
WDI:SP.POP.4044.MA.5Y:SYC,1969-12-31,4.63610463610464
WDI:SP.POP.4044.MA.5Y:SYC,1970-12-31,4.63383313136428
WDI:SP.POP.4044.MA.5Y:SYC,1971-12-31,4.61671551145793
WDI:SP.POP.4044.MA.5Y:SYC,1972-12-31,4.57803984940432
WDI:SP.POP.4044.MA.5Y:SYC,1973-12-31,4.54530240653345
WDI:SP.POP.4044.MA.5Y:SYC,1974-12-31,4.53153006354896
WDI:SP.POP.4044.MA.5Y:SYC,1975-12-31,4.53788179293931
WDI:SP.POP.4044.MA.5Y:SYC,1976-12-31,4.55149399005037
WDI:SP.POP.4044.MA.5Y:SYC,1977-12-31,4.54957404386442
WDI:SP.POP.4044.MA.5Y:SYC,1978-12-31,4.5109643565242
WDI:SP.POP.4044.MA.5Y:SYC,1979-12-31,4.43938363254562
WDI:SP.POP.4044.MA.5Y:SYC,1980-12-31,4.34814478178646
WDI:SP.POP.4044.MA.5Y:SYC,1981-12-31,4.24546114742193
WDI:SP.POP.4044.MA.5Y:SYC,1982-12-31,4.14904330312185
WDI:SP.POP.4044.MA.5Y:SYC,1983-12-31,4.09186755570753
WDI:SP.POP.4044.MA.5Y:SYC,1984-12-31,4.06585500049377
WDI:SP.POP.4044.MA.5Y:SYC,1985-12-31,4.05252497031501
WDI:SP.POP.4044.MA.5Y:SYC,1986-12-31,4.08185856014169
WDI:SP.POP.4044.MA.5Y:SYC,1987-12-31,4.14937190920423
WDI:SP.POP.4044.MA.5Y:SYC,1988-12-31,4.26908500270709
WDI:SP.POP.4044.MA.5Y:SYC,1989-12-31,4.44729527474877
WDI:SP.POP.4044.MA.5Y:SYC,1990-12-31,4.65389540947678
WDI:SP.POP.4044.MA.5Y:SYC,1991-12-31,4.84672904513957
WDI:SP.POP.4044.MA.5Y:SYC,1992-12-31,4.99935475545232
WDI:SP.POP.4044.MA.5Y:SYC,1993-12-31,5.11085865999515
WDI:SP.POP.4044.MA.5Y:SYC,1994-12-31,5.2623604868441
WDI:SP.POP.4044.MA.5Y:SYC,1995-12-31,5.46578720102131
WDI:SP.POP.4044.MA.5Y:SYC,1996-12-31,5.69810851169736
WDI:SP.POP.4044.MA.5Y:SYC,1997-12-31,6.05674880743469
WDI:SP.POP.4044.MA.5Y:SYC,1998-12-31,6.49512195121951
WDI:SP.POP.4044.MA.5Y:SYC,1999-12-31,6.9092782763951
WDI:SP.POP.4044.MA.5Y:SYC,2000-12-31,7.2878022353343
WDI:SP.POP.4044.MA.5Y:SYC,2001-12-31,7.59814707585408
WDI:SP.POP.4044.MA.5Y:SYC,2002-12-31,7.79842117853441
WDI:SP.POP.4044.MA.5Y:SYC,2003-12-31,7.89167021491159
WDI:SP.POP.4044.MA.5Y:SYC,2004-12-31,7.92618396684011
WDI:SP.POP.4044.MA.5Y:SYC,2005-12-31,7.95260982304629
WDI:SP.POP.4044.MA.5Y:SYC,2006-12-31,7.97253134545144
WDI:SP.POP.4044.MA.5Y:SYC,2007-12-31,7.98737838548514
WDI:SP.POP.4044.MA.5Y:SYC,2008-12-31,7.98204790679837
WDI:SP.POP.4044.MA.5Y:SYC,2009-12-31,7.96183549217505
WDI:SP.POP.4044.MA.5Y:SYC,2010-12-31,7.97334858564877
WDI:SP.POP.4044.MA.5Y:SYC,2011-12-31,7.97982562458459
WDI:SP.POP.4044.MA.5Y:SYC,2012-12-31,7.98146533752795
WDI:SP.POP.4044.MA.5Y:SYC,2013-12-31,7.99544063169312
WDI:SP.POP.4044.MA.5Y:SYC,2014-12-31,7.99960729362834
WDI:SP.POP.4044.MA.5Y:SYC,2015-12-31,8.00502970125309
WDI:SP.POP.4044.MA.5Y:SYC,2016-12-31,7.96613885094686
WDI:SP.POP.4044.MA.5Y:SYC,2017-12-31,7.89778087698429
WDI:SP.POP.4044.MA.5Y:SYC,2018-12-31,7.96916809776748
WDI:SP.POP.4044.MA.5Y:SYC,2019-12-31,8.17138187337043
WDI:SP.POP.4044.MA.5Y:SYC,2020-12-31,8.40377581837221
WDI:SP.POP.4044.MA.5Y:SYC,2021-12-31,8.67216693181398
WDI:SP.POP.4044.MA.5Y:SYC,2022-12-31,8.96455972637014
WDI:SP.POP.4044.MA.5Y:SYC,2023-12-31,9.15934311066418
WDI:SP.POP.4044.MA.5Y:SYC,2024-12-31,9.27874457911709
WDI:SP.POP.4044.MA.5Y:SYR,1960-12-31,4.17425905079676
WDI:SP.POP.4044.MA.5Y:SYR,1961-12-31,4.20527205440866
WDI:SP.POP.4044.MA.5Y:SYR,1962-12-31,4.23738530649061
WDI:SP.POP.4044.MA.5Y:SYR,1963-12-31,4.28612598153014
WDI:SP.POP.4044.MA.5Y:SYR,1964-12-31,4.34307908367704
WDI:SP.POP.4044.MA.5Y:SYR,1965-12-31,4.39551400850908
WDI:SP.POP.4044.MA.5Y:SYR,1966-12-31,4.43880619939001
WDI:SP.POP.4044.MA.5Y:SYR,1967-12-31,4.46310759876003
WDI:SP.POP.4044.MA.5Y:SYR,1968-12-31,4.46209294374629
WDI:SP.POP.4044.MA.5Y:SYR,1969-12-31,4.43065590268786
WDI:SP.POP.4044.MA.5Y:SYR,1970-12-31,4.36651829268013
WDI:SP.POP.4044.MA.5Y:SYR,1971-12-31,4.30050360961939
WDI:SP.POP.4044.MA.5Y:SYR,1972-12-31,4.24520312734665
WDI:SP.POP.4044.MA.5Y:SYR,1973-12-31,4.18254178518619
WDI:SP.POP.4044.MA.5Y:SYR,1974-12-31,4.11282066260949
WDI:SP.POP.4044.MA.5Y:SYR,1975-12-31,4.03226579686116
WDI:SP.POP.4044.MA.5Y:SYR,1976-12-31,3.93923502842893
WDI:SP.POP.4044.MA.5Y:SYR,1977-12-31,3.84431801321977
WDI:SP.POP.4044.MA.5Y:SYR,1978-12-31,3.75205588614328
WDI:SP.POP.4044.MA.5Y:SYR,1979-12-31,3.66877669651757
WDI:SP.POP.4044.MA.5Y:SYR,1980-12-31,3.6032425665431
WDI:SP.POP.4044.MA.5Y:SYR,1981-12-31,3.55141618365902
WDI:SP.POP.4044.MA.5Y:SYR,1982-12-31,3.49949085150272
WDI:SP.POP.4044.MA.5Y:SYR,1983-12-31,3.45387879666256
WDI:SP.POP.4044.MA.5Y:SYR,1984-12-31,3.42788093106905
WDI:SP.POP.4044.MA.5Y:SYR,1985-12-31,3.42558465529611
WDI:SP.POP.4044.MA.5Y:SYR,1986-12-31,3.45455425870029
WDI:SP.POP.4044.MA.5Y:SYR,1987-12-31,3.5236073335335
WDI:SP.POP.4044.MA.5Y:SYR,1988-12-31,3.64099885453996
WDI:SP.POP.4044.MA.5Y:SYR,1989-12-31,3.70707097197818
WDI:SP.POP.4044.MA.5Y:SYR,1990-12-31,3.69674035154563
WDI:SP.POP.4044.MA.5Y:SYR,1991-12-31,3.68161026510564
WDI:SP.POP.4044.MA.5Y:SYR,1992-12-31,3.6484233089734
WDI:SP.POP.4044.MA.5Y:SYR,1993-12-31,3.59076730379104
WDI:SP.POP.4044.MA.5Y:SYR,1994-12-31,3.59439920849918
WDI:SP.POP.4044.MA.5Y:SYR,1995-12-31,3.67126519932797
WDI:SP.POP.4044.MA.5Y:SYR,1996-12-31,3.75441589687325
WDI:SP.POP.4044.MA.5Y:SYR,1997-12-31,3.83848083646584
WDI:SP.POP.4044.MA.5Y:SYR,1998-12-31,3.91818589330989
WDI:SP.POP.4044.MA.5Y:SYR,1999-12-31,3.99416152959141
WDI:SP.POP.4044.MA.5Y:SYR,2000-12-31,4.06968536768205
WDI:SP.POP.4044.MA.5Y:SYR,2001-12-31,4.14616013083286
WDI:SP.POP.4044.MA.5Y:SYR,2002-12-31,4.22710452866821
WDI:SP.POP.4044.MA.5Y:SYR,2003-12-31,4.31437325420039
WDI:SP.POP.4044.MA.5Y:SYR,2004-12-31,4.40075202002388
WDI:SP.POP.4044.MA.5Y:SYR,2005-12-31,4.48503787743065
WDI:SP.POP.4044.MA.5Y:SYR,2006-12-31,4.60363975659557
WDI:SP.POP.4044.MA.5Y:SYR,2007-12-31,4.75383744087852
WDI:SP.POP.4044.MA.5Y:SYR,2008-12-31,4.86267439666123
WDI:SP.POP.4044.MA.5Y:SYR,2009-12-31,4.94289984793327
WDI:SP.POP.4044.MA.5Y:SYR,2010-12-31,5.03304604253254
WDI:SP.POP.4044.MA.5Y:SYR,2011-12-31,5.11493333519406
WDI:SP.POP.4044.MA.5Y:SYR,2012-12-31,5.16700573695242
WDI:SP.POP.4044.MA.5Y:SYR,2013-12-31,5.16842961489042
WDI:SP.POP.4044.MA.5Y:SYR,2014-12-31,5.14330261640281
WDI:SP.POP.4044.MA.5Y:SYR,2015-12-31,5.13010226694547
WDI:SP.POP.4044.MA.5Y:SYR,2016-12-31,5.14404754298727
WDI:SP.POP.4044.MA.5Y:SYR,2017-12-31,5.17662384594741
WDI:SP.POP.4044.MA.5Y:SYR,2018-12-31,5.22623922535112
WDI:SP.POP.4044.MA.5Y:SYR,2019-12-31,5.28747146700433
WDI:SP.POP.4044.MA.5Y:SYR,2020-12-31,5.33060424999807
WDI:SP.POP.4044.MA.5Y:SYR,2021-12-31,5.34784476797938
WDI:SP.POP.4044.MA.5Y:SYR,2022-12-31,5.3499165940205
WDI:SP.POP.4044.MA.5Y:SYR,2023-12-31,5.35664161010806
WDI:SP.POP.4044.MA.5Y:SYR,2024-12-31,5.35802521154801
WDI:SP.POP.4044.MA.5Y:TCA,1960-12-31,4.81665014866204
WDI:SP.POP.4044.MA.5Y:TCA,1961-12-31,4.79654020051111
WDI:SP.POP.4044.MA.5Y:TCA,1962-12-31,4.72471690745802
WDI:SP.POP.4044.MA.5Y:TCA,1963-12-31,4.52874008128508
WDI:SP.POP.4044.MA.5Y:TCA,1964-12-31,4.24184261036468
WDI:SP.POP.4044.MA.5Y:TCA,1965-12-31,3.95189003436426
WDI:SP.POP.4044.MA.5Y:TCA,1966-12-31,3.66850408667554
WDI:SP.POP.4044.MA.5Y:TCA,1967-12-31,3.5081101471143
WDI:SP.POP.4044.MA.5Y:TCA,1968-12-31,3.60428008259809
WDI:SP.POP.4044.MA.5Y:TCA,1969-12-31,3.6884478562067
WDI:SP.POP.4044.MA.5Y:TCA,1970-12-31,3.79393713966896
WDI:SP.POP.4044.MA.5Y:TCA,1971-12-31,4.04371584699453
WDI:SP.POP.4044.MA.5Y:TCA,1972-12-31,4.25756509500352
WDI:SP.POP.4044.MA.5Y:TCA,1973-12-31,4.3640686024792
WDI:SP.POP.4044.MA.5Y:TCA,1974-12-31,4.3613707165109
WDI:SP.POP.4044.MA.5Y:TCA,1975-12-31,4.32167167959475
WDI:SP.POP.4044.MA.5Y:TCA,1976-12-31,4.20489296636086
WDI:SP.POP.4044.MA.5Y:TCA,1977-12-31,3.97399911360615
WDI:SP.POP.4044.MA.5Y:TCA,1978-12-31,3.74964357000285
WDI:SP.POP.4044.MA.5Y:TCA,1979-12-31,3.62508614748449
WDI:SP.POP.4044.MA.5Y:TCA,1980-12-31,3.62165030512072
WDI:SP.POP.4044.MA.5Y:TCA,1981-12-31,3.6682213538384
WDI:SP.POP.4044.MA.5Y:TCA,1982-12-31,3.92601431980907
WDI:SP.POP.4044.MA.5Y:TCA,1983-12-31,4.35865504358655
WDI:SP.POP.4044.MA.5Y:TCA,1984-12-31,4.73118279569893
WDI:SP.POP.4044.MA.5Y:TCA,1985-12-31,5.10642652476463
WDI:SP.POP.4044.MA.5Y:TCA,1986-12-31,5.59188055040499
WDI:SP.POP.4044.MA.5Y:TCA,1987-12-31,6.06060606060606
WDI:SP.POP.4044.MA.5Y:TCA,1988-12-31,6.38221904846916
WDI:SP.POP.4044.MA.5Y:TCA,1989-12-31,6.69405923643212
WDI:SP.POP.4044.MA.5Y:TCA,1990-12-31,6.81185524807598
WDI:SP.POP.4044.MA.5Y:TCA,1991-12-31,6.64953671260609
WDI:SP.POP.4044.MA.5Y:TCA,1992-12-31,6.49985193959135
WDI:SP.POP.4044.MA.5Y:TCA,1993-12-31,6.55009518437566
WDI:SP.POP.4044.MA.5Y:TCA,1994-12-31,6.68010752688172
WDI:SP.POP.4044.MA.5Y:TCA,1995-12-31,6.75008020532564
WDI:SP.POP.4044.MA.5Y:TCA,1996-12-31,6.8298969072165
WDI:SP.POP.4044.MA.5Y:TCA,1997-12-31,6.8939171319424
WDI:SP.POP.4044.MA.5Y:TCA,1998-12-31,6.97386210004507
WDI:SP.POP.4044.MA.5Y:TCA,1999-12-31,7.24316733282921
WDI:SP.POP.4044.MA.5Y:TCA,2000-12-31,7.61021602859659
WDI:SP.POP.4044.MA.5Y:TCA,2001-12-31,7.95420755278026
WDI:SP.POP.4044.MA.5Y:TCA,2002-12-31,8.38557624322414
WDI:SP.POP.4044.MA.5Y:TCA,2003-12-31,8.76768762314168
WDI:SP.POP.4044.MA.5Y:TCA,2004-12-31,8.97840744217803
WDI:SP.POP.4044.MA.5Y:TCA,2005-12-31,9.04719211019643
WDI:SP.POP.4044.MA.5Y:TCA,2006-12-31,8.99025341130604
WDI:SP.POP.4044.MA.5Y:TCA,2007-12-31,8.9207665583324
WDI:SP.POP.4044.MA.5Y:TCA,2008-12-31,8.97817282534676
WDI:SP.POP.4044.MA.5Y:TCA,2009-12-31,9.20391157633772
WDI:SP.POP.4044.MA.5Y:TCA,2010-12-31,9.54322460885707
WDI:SP.POP.4044.MA.5Y:TCA,2011-12-31,9.94045332308874
WDI:SP.POP.4044.MA.5Y:TCA,2012-12-31,10.1271669181267
WDI:SP.POP.4044.MA.5Y:TCA,2013-12-31,10.0968188105118
WDI:SP.POP.4044.MA.5Y:TCA,2014-12-31,10.0675885862956
WDI:SP.POP.4044.MA.5Y:TCA,2015-12-31,10.0222294513121
WDI:SP.POP.4044.MA.5Y:TCA,2016-12-31,9.97148042520093
WDI:SP.POP.4044.MA.5Y:TCA,2017-12-31,9.96038765290615
WDI:SP.POP.4044.MA.5Y:TCA,2018-12-31,9.95138073910857
WDI:SP.POP.4044.MA.5Y:TCA,2019-12-31,9.90953567802086
WDI:SP.POP.4044.MA.5Y:TCA,2020-12-31,9.86883478573353
WDI:SP.POP.4044.MA.5Y:TCA,2021-12-31,9.86173285994663
WDI:SP.POP.4044.MA.5Y:TCA,2022-12-31,9.84823742025388
WDI:SP.POP.4044.MA.5Y:TCA,2023-12-31,9.79120736610037
WDI:SP.POP.4044.MA.5Y:TCA,2024-12-31,9.71855477555226
WDI:SP.POP.4044.MA.5Y:TCD,1960-12-31,4.95108977168586
WDI:SP.POP.4044.MA.5Y:TCD,1961-12-31,4.92257891355093
WDI:SP.POP.4044.MA.5Y:TCD,1962-12-31,4.88511544871862
WDI:SP.POP.4044.MA.5Y:TCD,1963-12-31,4.8415768652981
WDI:SP.POP.4044.MA.5Y:TCD,1964-12-31,4.79652136564665
WDI:SP.POP.4044.MA.5Y:TCD,1965-12-31,4.75106317969513
WDI:SP.POP.4044.MA.5Y:TCD,1966-12-31,4.70321197833585
WDI:SP.POP.4044.MA.5Y:TCD,1967-12-31,4.65286243325942
WDI:SP.POP.4044.MA.5Y:TCD,1968-12-31,4.60064666303479
WDI:SP.POP.4044.MA.5Y:TCD,1969-12-31,4.54594511062522
WDI:SP.POP.4044.MA.5Y:TCD,1970-12-31,4.48958324273078
WDI:SP.POP.4044.MA.5Y:TCD,1971-12-31,4.43248411950079
WDI:SP.POP.4044.MA.5Y:TCD,1972-12-31,4.37207928943947
WDI:SP.POP.4044.MA.5Y:TCD,1973-12-31,4.31198400708083
WDI:SP.POP.4044.MA.5Y:TCD,1974-12-31,4.25642072119074
WDI:SP.POP.4044.MA.5Y:TCD,1975-12-31,4.20167024729701
WDI:SP.POP.4044.MA.5Y:TCD,1976-12-31,4.14708102262281
WDI:SP.POP.4044.MA.5Y:TCD,1977-12-31,4.09466905955069
WDI:SP.POP.4044.MA.5Y:TCD,1978-12-31,4.04203685214762
WDI:SP.POP.4044.MA.5Y:TCD,1979-12-31,3.98879762260257
WDI:SP.POP.4044.MA.5Y:TCD,1980-12-31,3.87954960713265
WDI:SP.POP.4044.MA.5Y:TCD,1981-12-31,3.75519651551771
WDI:SP.POP.4044.MA.5Y:TCD,1982-12-31,3.73864444696391
WDI:SP.POP.4044.MA.5Y:TCD,1983-12-31,3.72532797638068
WDI:SP.POP.4044.MA.5Y:TCD,1984-12-31,3.62064865668078
WDI:SP.POP.4044.MA.5Y:TCD,1985-12-31,3.51373867074607
WDI:SP.POP.4044.MA.5Y:TCD,1986-12-31,3.46444509549023
WDI:SP.POP.4044.MA.5Y:TCD,1987-12-31,3.42142715050024
WDI:SP.POP.4044.MA.5Y:TCD,1988-12-31,3.36977134062552
WDI:SP.POP.4044.MA.5Y:TCD,1989-12-31,3.35314172506837
WDI:SP.POP.4044.MA.5Y:TCD,1990-12-31,3.36163187782262
WDI:SP.POP.4044.MA.5Y:TCD,1991-12-31,3.41016456299993
WDI:SP.POP.4044.MA.5Y:TCD,1992-12-31,3.48032311493413
WDI:SP.POP.4044.MA.5Y:TCD,1993-12-31,3.49859396360488
WDI:SP.POP.4044.MA.5Y:TCD,1994-12-31,3.49129653960677
WDI:SP.POP.4044.MA.5Y:TCD,1995-12-31,3.5125518507208
WDI:SP.POP.4044.MA.5Y:TCD,1996-12-31,3.52943072279531
WDI:SP.POP.4044.MA.5Y:TCD,1997-12-31,3.52590160269693
WDI:SP.POP.4044.MA.5Y:TCD,1998-12-31,3.52972132720911
WDI:SP.POP.4044.MA.5Y:TCD,1999-12-31,3.5429468144984
WDI:SP.POP.4044.MA.5Y:TCD,2000-12-31,3.56166668265797
WDI:SP.POP.4044.MA.5Y:TCD,2001-12-31,3.58334075171342
WDI:SP.POP.4044.MA.5Y:TCD,2002-12-31,3.61245819144138
WDI:SP.POP.4044.MA.5Y:TCD,2003-12-31,3.65738462645553
WDI:SP.POP.4044.MA.5Y:TCD,2004-12-31,3.71215677950482
WDI:SP.POP.4044.MA.5Y:TCD,2005-12-31,3.75276661177014
WDI:SP.POP.4044.MA.5Y:TCD,2006-12-31,3.78016720181088
WDI:SP.POP.4044.MA.5Y:TCD,2007-12-31,3.80169646805805
WDI:SP.POP.4044.MA.5Y:TCD,2008-12-31,3.82323362958573
WDI:SP.POP.4044.MA.5Y:TCD,2009-12-31,3.84701209969204
WDI:SP.POP.4044.MA.5Y:TCD,2010-12-31,3.86922498293681
WDI:SP.POP.4044.MA.5Y:TCD,2011-12-31,3.89403181014025
WDI:SP.POP.4044.MA.5Y:TCD,2012-12-31,3.93096856347164
WDI:SP.POP.4044.MA.5Y:TCD,2013-12-31,3.97728188324907
WDI:SP.POP.4044.MA.5Y:TCD,2014-12-31,4.01392191322926
WDI:SP.POP.4044.MA.5Y:TCD,2015-12-31,4.0304026221424
WDI:SP.POP.4044.MA.5Y:TCD,2016-12-31,4.03497917871472
WDI:SP.POP.4044.MA.5Y:TCD,2017-12-31,4.02173802764434
WDI:SP.POP.4044.MA.5Y:TCD,2018-12-31,3.98984536024918
WDI:SP.POP.4044.MA.5Y:TCD,2019-12-31,3.94845303005806
WDI:SP.POP.4044.MA.5Y:TCD,2020-12-31,3.90634731465995
WDI:SP.POP.4044.MA.5Y:TCD,2021-12-31,3.84888881385996
WDI:SP.POP.4044.MA.5Y:TCD,2022-12-31,3.77615198616442
WDI:SP.POP.4044.MA.5Y:TCD,2023-12-31,3.7766418547817
WDI:SP.POP.4044.MA.5Y:TCD,2024-12-31,3.83149300081055
WDI:SP.POP.4044.MA.5Y:TEA,1960-12-31,5.017363039591497
WDI:SP.POP.4044.MA.5Y:TEA,1961-12-31,5.03570778140217
WDI:SP.POP.4044.MA.5Y:TEA,1962-12-31,5.026719904018424
WDI:SP.POP.4044.MA.5Y:TEA,1963-12-31,4.989905571872997
WDI:SP.POP.4044.MA.5Y:TEA,1964-12-31,4.979453882103387
WDI:SP.POP.4044.MA.5Y:TEA,1965-12-31,4.9758648713543225
WDI:SP.POP.4044.MA.5Y:TEA,1966-12-31,4.946288533214821
WDI:SP.POP.4044.MA.5Y:TEA,1967-12-31,4.930323873612003
WDI:SP.POP.4044.MA.5Y:TEA,1968-12-31,4.934655507038476
WDI:SP.POP.4044.MA.5Y:TEA,1969-12-31,4.9130209719137765
WDI:SP.POP.4044.MA.5Y:TEA,1970-12-31,4.887665663183389
WDI:SP.POP.4044.MA.5Y:TEA,1971-12-31,4.885448776443507
WDI:SP.POP.4044.MA.5Y:TEA,1972-12-31,4.891095798344624
WDI:SP.POP.4044.MA.5Y:TEA,1973-12-31,4.910380025687948
WDI:SP.POP.4044.MA.5Y:TEA,1974-12-31,4.9421565351488805
WDI:SP.POP.4044.MA.5Y:TEA,1975-12-31,4.962285707896193
WDI:SP.POP.4044.MA.5Y:TEA,1976-12-31,4.981592072285559
WDI:SP.POP.4044.MA.5Y:TEA,1977-12-31,4.997973304805633
WDI:SP.POP.4044.MA.5Y:TEA,1978-12-31,4.9755732230434875
WDI:SP.POP.4044.MA.5Y:TEA,1979-12-31,4.910500518314043
WDI:SP.POP.4044.MA.5Y:TEA,1980-12-31,4.842195862577907
WDI:SP.POP.4044.MA.5Y:TEA,1981-12-31,4.78780855936486
WDI:SP.POP.4044.MA.5Y:TEA,1982-12-31,4.722750315896146
WDI:SP.POP.4044.MA.5Y:TEA,1983-12-31,4.651537820912828
WDI:SP.POP.4044.MA.5Y:TEA,1984-12-31,4.614649788551487
WDI:SP.POP.4044.MA.5Y:TEA,1985-12-31,4.604518163893043
WDI:SP.POP.4044.MA.5Y:TEA,1986-12-31,4.617672884720484
WDI:SP.POP.4044.MA.5Y:TEA,1987-12-31,4.685715528363229
WDI:SP.POP.4044.MA.5Y:TEA,1988-12-31,4.814390554152032
WDI:SP.POP.4044.MA.5Y:TEA,1989-12-31,4.983009647204429
WDI:SP.POP.4044.MA.5Y:TEA,1990-12-31,5.204255034112349
WDI:SP.POP.4044.MA.5Y:TEA,1991-12-31,5.44684760295043
WDI:SP.POP.4044.MA.5Y:TEA,1992-12-31,5.728214045191273
WDI:SP.POP.4044.MA.5Y:TEA,1993-12-31,6.015913275099265
WDI:SP.POP.4044.MA.5Y:TEA,1994-12-31,6.2633611021845885
WDI:SP.POP.4044.MA.5Y:TEA,1995-12-31,6.47746508927651
WDI:SP.POP.4044.MA.5Y:TEA,1996-12-31,6.620816306650239
WDI:SP.POP.4044.MA.5Y:TEA,1997-12-31,6.719035318379301
WDI:SP.POP.4044.MA.5Y:TEA,1998-12-31,6.7524320855738065
WDI:SP.POP.4044.MA.5Y:TEA,1999-12-31,6.621866902864712
WDI:SP.POP.4044.MA.5Y:TEA,2000-12-31,6.35584130950683
WDI:SP.POP.4044.MA.5Y:TEA,2001-12-31,6.0762606858969335
WDI:SP.POP.4044.MA.5Y:TEA,2002-12-31,5.9894964737632685
WDI:SP.POP.4044.MA.5Y:TEA,2003-12-31,6.304727639566587
WDI:SP.POP.4044.MA.5Y:TEA,2004-12-31,6.841050459121664
WDI:SP.POP.4044.MA.5Y:TEA,2005-12-31,7.390948083165774
WDI:SP.POP.4044.MA.5Y:TEA,2006-12-31,7.952689893460146
WDI:SP.POP.4044.MA.5Y:TEA,2007-12-31,8.258153648231708
WDI:SP.POP.4044.MA.5Y:TEA,2008-12-31,8.256216361425192
WDI:SP.POP.4044.MA.5Y:TEA,2009-12-31,8.256734800229216
WDI:SP.POP.4044.MA.5Y:TEA,2010-12-31,8.317723697019993
WDI:SP.POP.4044.MA.5Y:TEA,2011-12-31,8.370352910692038
WDI:SP.POP.4044.MA.5Y:TEA,2012-12-31,8.411720914601293
WDI:SP.POP.4044.MA.5Y:TEA,2013-12-31,8.3565154012861
WDI:SP.POP.4044.MA.5Y:TEA,2014-12-31,8.165550283428825
WDI:SP.POP.4044.MA.5Y:TEA,2015-12-31,7.88593572028048
WDI:SP.POP.4044.MA.5Y:TEA,2016-12-31,7.5632027179913175
WDI:SP.POP.4044.MA.5Y:TEA,2017-12-31,7.244292683195796
WDI:SP.POP.4044.MA.5Y:TEA,2018-12-31,6.943921608941854
WDI:SP.POP.4044.MA.5Y:TEA,2019-12-31,6.738684576449372
WDI:SP.POP.4044.MA.5Y:TEA,2020-12-31,6.665272870441209
WDI:SP.POP.4044.MA.5Y:TEA,2021-12-31,6.700152190236988
WDI:SP.POP.4044.MA.5Y:TEA,2022-12-31,6.856845987478251
WDI:SP.POP.4044.MA.5Y:TEA,2023-12-31,7.034766712088153
WDI:SP.POP.4044.MA.5Y:TEA,2024-12-31,7.159611762548391
WDI:SP.POP.4044.MA.5Y:TEC,1960-12-31,4.04780850850092
WDI:SP.POP.4044.MA.5Y:TEC,1961-12-31,4.107609734187313
WDI:SP.POP.4044.MA.5Y:TEC,1962-12-31,4.3057523699283555
WDI:SP.POP.4044.MA.5Y:TEC,1963-12-31,4.552298029738305
WDI:SP.POP.4044.MA.5Y:TEC,1964-12-31,4.841835471817429
WDI:SP.POP.4044.MA.5Y:TEC,1965-12-31,5.220442698683281
WDI:SP.POP.4044.MA.5Y:TEC,1966-12-31,5.679251087906702
WDI:SP.POP.4044.MA.5Y:TEC,1967-12-31,6.213165494894736
WDI:SP.POP.4044.MA.5Y:TEC,1968-12-31,6.742661819953457
WDI:SP.POP.4044.MA.5Y:TEC,1969-12-31,7.168276914811735
WDI:SP.POP.4044.MA.5Y:TEC,1970-12-31,7.459924538980244
WDI:SP.POP.4044.MA.5Y:TEC,1971-12-31,7.550257042653568
WDI:SP.POP.4044.MA.5Y:TEC,1972-12-31,7.417933798848932
WDI:SP.POP.4044.MA.5Y:TEC,1973-12-31,7.120954150712945
WDI:SP.POP.4044.MA.5Y:TEC,1974-12-31,6.7609652377905345
WDI:SP.POP.4044.MA.5Y:TEC,1975-12-31,6.511457854025738
WDI:SP.POP.4044.MA.5Y:TEC,1976-12-31,6.463890908339725
WDI:SP.POP.4044.MA.5Y:TEC,1977-12-31,6.605456643499695
WDI:SP.POP.4044.MA.5Y:TEC,1978-12-31,6.8611704391803485
WDI:SP.POP.4044.MA.5Y:TEC,1979-12-31,7.0803042436610415
WDI:SP.POP.4044.MA.5Y:TEC,1980-12-31,7.126175783307939
WDI:SP.POP.4044.MA.5Y:TEC,1981-12-31,6.999613156595732
WDI:SP.POP.4044.MA.5Y:TEC,1982-12-31,6.586414372977157
WDI:SP.POP.4044.MA.5Y:TEC,1983-12-31,5.909847235084004
WDI:SP.POP.4044.MA.5Y:TEC,1984-12-31,5.2336488716736245
WDI:SP.POP.4044.MA.5Y:TEC,1985-12-31,4.70351542942624
WDI:SP.POP.4044.MA.5Y:TEC,1986-12-31,4.453216191181324
WDI:SP.POP.4044.MA.5Y:TEC,1987-12-31,4.559601175094188
WDI:SP.POP.4044.MA.5Y:TEC,1988-12-31,4.916685279814196
WDI:SP.POP.4044.MA.5Y:TEC,1989-12-31,5.433393493252955
WDI:SP.POP.4044.MA.5Y:TEC,1990-12-31,6.001339702856377
WDI:SP.POP.4044.MA.5Y:TEC,1991-12-31,6.428081299778031
WDI:SP.POP.4044.MA.5Y:TEC,1992-12-31,6.7013095488620795
WDI:SP.POP.4044.MA.5Y:TEC,1993-12-31,6.916886374703738
WDI:SP.POP.4044.MA.5Y:TEC,1994-12-31,7.050345954301522
WDI:SP.POP.4044.MA.5Y:TEC,1995-12-31,7.140187476972667
WDI:SP.POP.4044.MA.5Y:TEC,1996-12-31,7.249981068681157
WDI:SP.POP.4044.MA.5Y:TEC,1997-12-31,7.359408796851898
WDI:SP.POP.4044.MA.5Y:TEC,1998-12-31,7.485857450158539
WDI:SP.POP.4044.MA.5Y:TEC,1999-12-31,7.601362329063508
WDI:SP.POP.4044.MA.5Y:TEC,2000-12-31,7.6882132250453745
WDI:SP.POP.4044.MA.5Y:TEC,2001-12-31,7.746081139012036
WDI:SP.POP.4044.MA.5Y:TEC,2002-12-31,7.750232500711025
WDI:SP.POP.4044.MA.5Y:TEC,2003-12-31,7.707505306890249
WDI:SP.POP.4044.MA.5Y:TEC,2004-12-31,7.606643763555841
WDI:SP.POP.4044.MA.5Y:TEC,2005-12-31,7.436664539081813
WDI:SP.POP.4044.MA.5Y:TEC,2006-12-31,7.22877473488305
WDI:SP.POP.4044.MA.5Y:TEC,2007-12-31,7.038041789610339
WDI:SP.POP.4044.MA.5Y:TEC,2008-12-31,6.879145347494735
WDI:SP.POP.4044.MA.5Y:TEC,2009-12-31,6.776306957574465
WDI:SP.POP.4044.MA.5Y:TEC,2010-12-31,6.754629770884692
WDI:SP.POP.4044.MA.5Y:TEC,2011-12-31,6.776872149336924
WDI:SP.POP.4044.MA.5Y:TEC,2012-12-31,6.806661091846096
WDI:SP.POP.4044.MA.5Y:TEC,2013-12-31,6.845455873677466
WDI:SP.POP.4044.MA.5Y:TEC,2014-12-31,6.891962159770473
WDI:SP.POP.4044.MA.5Y:TEC,2015-12-31,6.93159889374013
WDI:SP.POP.4044.MA.5Y:TEC,2016-12-31,6.998043716822736
WDI:SP.POP.4044.MA.5Y:TEC,2017-12-31,7.093313182851813
WDI:SP.POP.4044.MA.5Y:TEC,2018-12-31,7.199805925428266
WDI:SP.POP.4044.MA.5Y:TEC,2019-12-31,7.313581033607717
WDI:SP.POP.4044.MA.5Y:TEC,2020-12-31,7.4299364599925966
WDI:SP.POP.4044.MA.5Y:TEC,2021-12-31,7.518070260412496
WDI:SP.POP.4044.MA.5Y:TEC,2022-12-31,7.588142209265684
WDI:SP.POP.4044.MA.5Y:TEC,2023-12-31,7.695158744223425
WDI:SP.POP.4044.MA.5Y:TEC,2024-12-31,7.799172471640887
WDI:SP.POP.4044.MA.5Y:TGO,1960-12-31,4.47866502883908
WDI:SP.POP.4044.MA.5Y:TGO,1961-12-31,4.45468702454043
WDI:SP.POP.4044.MA.5Y:TGO,1962-12-31,4.42555486510886
WDI:SP.POP.4044.MA.5Y:TGO,1963-12-31,4.39384556592524
WDI:SP.POP.4044.MA.5Y:TGO,1964-12-31,4.36403963304736
WDI:SP.POP.4044.MA.5Y:TGO,1965-12-31,4.33704985500799
WDI:SP.POP.4044.MA.5Y:TGO,1966-12-31,4.31212433653518
WDI:SP.POP.4044.MA.5Y:TGO,1967-12-31,4.28966820170073
WDI:SP.POP.4044.MA.5Y:TGO,1968-12-31,4.26794009014878
WDI:SP.POP.4044.MA.5Y:TGO,1969-12-31,4.24369320438054
WDI:SP.POP.4044.MA.5Y:TGO,1970-12-31,4.21638247194932
WDI:SP.POP.4044.MA.5Y:TGO,1971-12-31,4.18829560196573
WDI:SP.POP.4044.MA.5Y:TGO,1972-12-31,4.16068061130491
WDI:SP.POP.4044.MA.5Y:TGO,1973-12-31,4.13289915446108
WDI:SP.POP.4044.MA.5Y:TGO,1974-12-31,4.10356019974481
WDI:SP.POP.4044.MA.5Y:TGO,1975-12-31,4.07276214818656
WDI:SP.POP.4044.MA.5Y:TGO,1976-12-31,4.04213713008033
WDI:SP.POP.4044.MA.5Y:TGO,1977-12-31,4.01330318744071
WDI:SP.POP.4044.MA.5Y:TGO,1978-12-31,3.98736592113066
WDI:SP.POP.4044.MA.5Y:TGO,1979-12-31,3.96488724398582
WDI:SP.POP.4044.MA.5Y:TGO,1980-12-31,3.94658640658336
WDI:SP.POP.4044.MA.5Y:TGO,1981-12-31,3.93251941779827
WDI:SP.POP.4044.MA.5Y:TGO,1982-12-31,3.92368684081701
WDI:SP.POP.4044.MA.5Y:TGO,1983-12-31,3.92314237495828
WDI:SP.POP.4044.MA.5Y:TGO,1984-12-31,3.9327404955313
WDI:SP.POP.4044.MA.5Y:TGO,1985-12-31,3.95077463782928
WDI:SP.POP.4044.MA.5Y:TGO,1986-12-31,3.97980610792728
WDI:SP.POP.4044.MA.5Y:TGO,1987-12-31,4.01563426302511
WDI:SP.POP.4044.MA.5Y:TGO,1988-12-31,4.04669310651654
WDI:SP.POP.4044.MA.5Y:TGO,1989-12-31,4.06322873504897
WDI:SP.POP.4044.MA.5Y:TGO,1990-12-31,4.08453078390104
WDI:SP.POP.4044.MA.5Y:TGO,1991-12-31,4.11162833041332
WDI:SP.POP.4044.MA.5Y:TGO,1992-12-31,4.12916708480395
WDI:SP.POP.4044.MA.5Y:TGO,1993-12-31,4.14660466219778
WDI:SP.POP.4044.MA.5Y:TGO,1994-12-31,4.17167104765838
WDI:SP.POP.4044.MA.5Y:TGO,1995-12-31,4.18618155564099
WDI:SP.POP.4044.MA.5Y:TGO,1996-12-31,4.18942242441109
WDI:SP.POP.4044.MA.5Y:TGO,1997-12-31,4.19956286698728
WDI:SP.POP.4044.MA.5Y:TGO,1998-12-31,4.21447805767659
WDI:SP.POP.4044.MA.5Y:TGO,1999-12-31,4.23276113216057
WDI:SP.POP.4044.MA.5Y:TGO,2000-12-31,4.25419380088306
WDI:SP.POP.4044.MA.5Y:TGO,2001-12-31,4.27674277168229
WDI:SP.POP.4044.MA.5Y:TGO,2002-12-31,4.30147051338502
WDI:SP.POP.4044.MA.5Y:TGO,2003-12-31,4.33234230823412
WDI:SP.POP.4044.MA.5Y:TGO,2004-12-31,4.36894432247229
WDI:SP.POP.4044.MA.5Y:TGO,2005-12-31,4.40740015366769
WDI:SP.POP.4044.MA.5Y:TGO,2006-12-31,4.45008379713506
WDI:SP.POP.4044.MA.5Y:TGO,2007-12-31,4.4918541254392
WDI:SP.POP.4044.MA.5Y:TGO,2008-12-31,4.52889577620092
WDI:SP.POP.4044.MA.5Y:TGO,2009-12-31,4.56587418544387
WDI:SP.POP.4044.MA.5Y:TGO,2010-12-31,4.60343982355134
WDI:SP.POP.4044.MA.5Y:TGO,2011-12-31,4.64488112108875
WDI:SP.POP.4044.MA.5Y:TGO,2012-12-31,4.69272548528748
WDI:SP.POP.4044.MA.5Y:TGO,2013-12-31,4.74649613391515
WDI:SP.POP.4044.MA.5Y:TGO,2014-12-31,4.80252663042268
WDI:SP.POP.4044.MA.5Y:TGO,2015-12-31,4.85738139083195
WDI:SP.POP.4044.MA.5Y:TGO,2016-12-31,4.90911213333406
WDI:SP.POP.4044.MA.5Y:TGO,2017-12-31,4.95532394909919
WDI:SP.POP.4044.MA.5Y:TGO,2018-12-31,4.99441484454661
WDI:SP.POP.4044.MA.5Y:TGO,2019-12-31,5.02544758847758
WDI:SP.POP.4044.MA.5Y:TGO,2020-12-31,5.04939133144189
WDI:SP.POP.4044.MA.5Y:TGO,2021-12-31,5.06642467239555
WDI:SP.POP.4044.MA.5Y:TGO,2022-12-31,5.07933286295993
WDI:SP.POP.4044.MA.5Y:TGO,2023-12-31,5.09053901979759
WDI:SP.POP.4044.MA.5Y:TGO,2024-12-31,5.10034706188618
WDI:SP.POP.4044.MA.5Y:THA,1960-12-31,4.15482467851624
WDI:SP.POP.4044.MA.5Y:THA,1961-12-31,4.13279763084618
WDI:SP.POP.4044.MA.5Y:THA,1962-12-31,4.12229673343628
WDI:SP.POP.4044.MA.5Y:THA,1963-12-31,4.12552729888532
WDI:SP.POP.4044.MA.5Y:THA,1964-12-31,4.14570976832008
WDI:SP.POP.4044.MA.5Y:THA,1965-12-31,4.179259051388
WDI:SP.POP.4044.MA.5Y:THA,1966-12-31,4.22686411376806
WDI:SP.POP.4044.MA.5Y:THA,1967-12-31,4.2912218327697
WDI:SP.POP.4044.MA.5Y:THA,1968-12-31,4.3602180928142
WDI:SP.POP.4044.MA.5Y:THA,1969-12-31,4.41564430109874
WDI:SP.POP.4044.MA.5Y:THA,1970-12-31,4.45611664866705
WDI:SP.POP.4044.MA.5Y:THA,1971-12-31,4.48156111533237
WDI:SP.POP.4044.MA.5Y:THA,1972-12-31,4.48764145914978
WDI:SP.POP.4044.MA.5Y:THA,1973-12-31,4.48702583081598
WDI:SP.POP.4044.MA.5Y:THA,1974-12-31,4.5002538051598
WDI:SP.POP.4044.MA.5Y:THA,1975-12-31,4.53039371467643
WDI:SP.POP.4044.MA.5Y:THA,1976-12-31,4.58014404858804
WDI:SP.POP.4044.MA.5Y:THA,1977-12-31,4.65636329427524
WDI:SP.POP.4044.MA.5Y:THA,1978-12-31,4.74166545834722
WDI:SP.POP.4044.MA.5Y:THA,1979-12-31,4.80500309846077
WDI:SP.POP.4044.MA.5Y:THA,1980-12-31,4.83946615217386
WDI:SP.POP.4044.MA.5Y:THA,1981-12-31,4.85206295228401
WDI:SP.POP.4044.MA.5Y:THA,1982-12-31,4.84578314797259
WDI:SP.POP.4044.MA.5Y:THA,1983-12-31,4.83503084177991
WDI:SP.POP.4044.MA.5Y:THA,1984-12-31,4.84094106122178
WDI:SP.POP.4044.MA.5Y:THA,1985-12-31,4.87252313511284
WDI:SP.POP.4044.MA.5Y:THA,1986-12-31,4.92552782366849
WDI:SP.POP.4044.MA.5Y:THA,1987-12-31,5.00011611818773
WDI:SP.POP.4044.MA.5Y:THA,1988-12-31,5.09001312466057
WDI:SP.POP.4044.MA.5Y:THA,1989-12-31,5.19889628944488
WDI:SP.POP.4044.MA.5Y:THA,1990-12-31,5.37995573239273
WDI:SP.POP.4044.MA.5Y:THA,1991-12-31,5.62877000726323
WDI:SP.POP.4044.MA.5Y:THA,1992-12-31,5.89753224306059
WDI:SP.POP.4044.MA.5Y:THA,1993-12-31,6.17457620120843
WDI:SP.POP.4044.MA.5Y:THA,1994-12-31,6.44435639259842
WDI:SP.POP.4044.MA.5Y:THA,1995-12-31,6.69445474479047
WDI:SP.POP.4044.MA.5Y:THA,1996-12-31,6.94698920868753
WDI:SP.POP.4044.MA.5Y:THA,1997-12-31,7.22289193423461
WDI:SP.POP.4044.MA.5Y:THA,1998-12-31,7.50651630074648
WDI:SP.POP.4044.MA.5Y:THA,1999-12-31,7.78050065993835
WDI:SP.POP.4044.MA.5Y:THA,2000-12-31,7.96998112422156
WDI:SP.POP.4044.MA.5Y:THA,2001-12-31,8.03416598374446
WDI:SP.POP.4044.MA.5Y:THA,2002-12-31,8.04717002170178
WDI:SP.POP.4044.MA.5Y:THA,2003-12-31,8.07829493847339
WDI:SP.POP.4044.MA.5Y:THA,2004-12-31,8.12715367734744
WDI:SP.POP.4044.MA.5Y:THA,2005-12-31,8.15936083781997
WDI:SP.POP.4044.MA.5Y:THA,2006-12-31,8.17571058080907
WDI:SP.POP.4044.MA.5Y:THA,2007-12-31,8.19887201522893
WDI:SP.POP.4044.MA.5Y:THA,2008-12-31,8.23293666772392
WDI:SP.POP.4044.MA.5Y:THA,2009-12-31,8.28011422456268
WDI:SP.POP.4044.MA.5Y:THA,2010-12-31,8.30864988687042
WDI:SP.POP.4044.MA.5Y:THA,2011-12-31,8.29457319825752
WDI:SP.POP.4044.MA.5Y:THA,2012-12-31,8.24888860479625
WDI:SP.POP.4044.MA.5Y:THA,2013-12-31,8.16879223818284
WDI:SP.POP.4044.MA.5Y:THA,2014-12-31,8.05796212838407
WDI:SP.POP.4044.MA.5Y:THA,2015-12-31,7.92948534888646
WDI:SP.POP.4044.MA.5Y:THA,2016-12-31,7.80422524397581
WDI:SP.POP.4044.MA.5Y:THA,2017-12-31,7.70069105696761
WDI:SP.POP.4044.MA.5Y:THA,2018-12-31,7.63030162007986
WDI:SP.POP.4044.MA.5Y:THA,2019-12-31,7.5988735916505
WDI:SP.POP.4044.MA.5Y:THA,2020-12-31,7.59979731963638
WDI:SP.POP.4044.MA.5Y:THA,2021-12-31,7.61401454093943
WDI:SP.POP.4044.MA.5Y:THA,2022-12-31,7.61649630434481
WDI:SP.POP.4044.MA.5Y:THA,2023-12-31,7.58894851707682
WDI:SP.POP.4044.MA.5Y:THA,2024-12-31,7.51871378998773
WDI:SP.POP.4044.MA.5Y:TJK,1960-12-31,3.30664393089175
WDI:SP.POP.4044.MA.5Y:TJK,1961-12-31,3.29812176392898
WDI:SP.POP.4044.MA.5Y:TJK,1962-12-31,3.35782680892106
WDI:SP.POP.4044.MA.5Y:TJK,1963-12-31,3.49794229696697
WDI:SP.POP.4044.MA.5Y:TJK,1964-12-31,3.73320257179366
WDI:SP.POP.4044.MA.5Y:TJK,1965-12-31,4.03462479608483
WDI:SP.POP.4044.MA.5Y:TJK,1966-12-31,4.41220412317653
WDI:SP.POP.4044.MA.5Y:TJK,1967-12-31,4.8771826074233
WDI:SP.POP.4044.MA.5Y:TJK,1968-12-31,5.3393427152574
WDI:SP.POP.4044.MA.5Y:TJK,1969-12-31,5.66859957693988
WDI:SP.POP.4044.MA.5Y:TJK,1970-12-31,5.8369136307423
WDI:SP.POP.4044.MA.5Y:TJK,1971-12-31,5.83873731312165
WDI:SP.POP.4044.MA.5Y:TJK,1972-12-31,5.6685024493649
WDI:SP.POP.4044.MA.5Y:TJK,1973-12-31,5.41640299212332
WDI:SP.POP.4044.MA.5Y:TJK,1974-12-31,5.20891893656731
WDI:SP.POP.4044.MA.5Y:TJK,1975-12-31,5.08195062668126
WDI:SP.POP.4044.MA.5Y:TJK,1976-12-31,5.03100214199724
WDI:SP.POP.4044.MA.5Y:TJK,1977-12-31,5.06707908484421
WDI:SP.POP.4044.MA.5Y:TJK,1978-12-31,5.14040862953248
WDI:SP.POP.4044.MA.5Y:TJK,1979-12-31,5.13613014763498
WDI:SP.POP.4044.MA.5Y:TJK,1980-12-31,5.01665894952993
WDI:SP.POP.4044.MA.5Y:TJK,1981-12-31,4.7922082145504
WDI:SP.POP.4044.MA.5Y:TJK,1982-12-31,4.46031546220843
WDI:SP.POP.4044.MA.5Y:TJK,1983-12-31,4.02718998329796
WDI:SP.POP.4044.MA.5Y:TJK,1984-12-31,3.55720407116915
WDI:SP.POP.4044.MA.5Y:TJK,1985-12-31,3.17266804042526
WDI:SP.POP.4044.MA.5Y:TJK,1986-12-31,2.89288392089862
WDI:SP.POP.4044.MA.5Y:TJK,1987-12-31,2.74541783002016
WDI:SP.POP.4044.MA.5Y:TJK,1988-12-31,2.77508952873232
WDI:SP.POP.4044.MA.5Y:TJK,1989-12-31,2.94545652904545
WDI:SP.POP.4044.MA.5Y:TJK,1990-12-31,3.1722815873582
WDI:SP.POP.4044.MA.5Y:TJK,1991-12-31,3.38270396189196
WDI:SP.POP.4044.MA.5Y:TJK,1992-12-31,3.53000806500968
WDI:SP.POP.4044.MA.5Y:TJK,1993-12-31,3.62929517614679
WDI:SP.POP.4044.MA.5Y:TJK,1994-12-31,3.71887578937944
WDI:SP.POP.4044.MA.5Y:TJK,1995-12-31,3.80456161266112
WDI:SP.POP.4044.MA.5Y:TJK,1996-12-31,3.91054218601462
WDI:SP.POP.4044.MA.5Y:TJK,1997-12-31,4.04814714235453
WDI:SP.POP.4044.MA.5Y:TJK,1998-12-31,4.22879246192146
WDI:SP.POP.4044.MA.5Y:TJK,1999-12-31,4.46264650464261
WDI:SP.POP.4044.MA.5Y:TJK,2000-12-31,4.71798941790146
WDI:SP.POP.4044.MA.5Y:TJK,2001-12-31,4.95052278153715
WDI:SP.POP.4044.MA.5Y:TJK,2002-12-31,5.13017809158709
WDI:SP.POP.4044.MA.5Y:TJK,2003-12-31,5.23286212215873
WDI:SP.POP.4044.MA.5Y:TJK,2004-12-31,5.25850968834385
WDI:SP.POP.4044.MA.5Y:TJK,2005-12-31,5.22915578886819
WDI:SP.POP.4044.MA.5Y:TJK,2006-12-31,5.16475450771472
WDI:SP.POP.4044.MA.5Y:TJK,2007-12-31,5.08665688361865
WDI:SP.POP.4044.MA.5Y:TJK,2008-12-31,5.01484179681301
WDI:SP.POP.4044.MA.5Y:TJK,2009-12-31,4.9576250597705
WDI:SP.POP.4044.MA.5Y:TJK,2010-12-31,4.9172778549266
WDI:SP.POP.4044.MA.5Y:TJK,2011-12-31,4.89045951303181
WDI:SP.POP.4044.MA.5Y:TJK,2012-12-31,4.88159522142022
WDI:SP.POP.4044.MA.5Y:TJK,2013-12-31,4.87817606567393
WDI:SP.POP.4044.MA.5Y:TJK,2014-12-31,4.85695321524672
WDI:SP.POP.4044.MA.5Y:TJK,2015-12-31,4.82134419114972
WDI:SP.POP.4044.MA.5Y:TJK,2016-12-31,4.78970042410154
WDI:SP.POP.4044.MA.5Y:TJK,2017-12-31,4.77887361729462
WDI:SP.POP.4044.MA.5Y:TJK,2018-12-31,4.79824921291274
WDI:SP.POP.4044.MA.5Y:TJK,2019-12-31,4.85100346921392
WDI:SP.POP.4044.MA.5Y:TJK,2020-12-31,4.92376381881558
WDI:SP.POP.4044.MA.5Y:TJK,2021-12-31,5.00913074022699
WDI:SP.POP.4044.MA.5Y:TJK,2022-12-31,5.10877769211314
WDI:SP.POP.4044.MA.5Y:TJK,2023-12-31,5.2236945909228
WDI:SP.POP.4044.MA.5Y:TJK,2024-12-31,5.36389625128531
WDI:SP.POP.4044.MA.5Y:TKM,1960-12-31,3.05911492466894
WDI:SP.POP.4044.MA.5Y:TKM,1961-12-31,2.9711908692531
WDI:SP.POP.4044.MA.5Y:TKM,1962-12-31,2.95021069168023
WDI:SP.POP.4044.MA.5Y:TKM,1963-12-31,3.00542693066068
WDI:SP.POP.4044.MA.5Y:TKM,1964-12-31,3.15604075466875
WDI:SP.POP.4044.MA.5Y:TKM,1965-12-31,3.38131281796749
WDI:SP.POP.4044.MA.5Y:TKM,1966-12-31,3.69259552795354
WDI:SP.POP.4044.MA.5Y:TKM,1967-12-31,4.1064762542063
WDI:SP.POP.4044.MA.5Y:TKM,1968-12-31,4.53402102015842
WDI:SP.POP.4044.MA.5Y:TKM,1969-12-31,4.90031273497028
WDI:SP.POP.4044.MA.5Y:TKM,1970-12-31,5.17212667015278
WDI:SP.POP.4044.MA.5Y:TKM,1971-12-31,5.29168478747417
WDI:SP.POP.4044.MA.5Y:TKM,1972-12-31,5.24563362044725
WDI:SP.POP.4044.MA.5Y:TKM,1973-12-31,5.11883503089443
WDI:SP.POP.4044.MA.5Y:TKM,1974-12-31,5.0022203308293
WDI:SP.POP.4044.MA.5Y:TKM,1975-12-31,4.93276390821667
WDI:SP.POP.4044.MA.5Y:TKM,1976-12-31,4.94902979305233
WDI:SP.POP.4044.MA.5Y:TKM,1977-12-31,5.07181036847933
WDI:SP.POP.4044.MA.5Y:TKM,1978-12-31,5.22374842755847
WDI:SP.POP.4044.MA.5Y:TKM,1979-12-31,5.25513180877114
WDI:SP.POP.4044.MA.5Y:TKM,1980-12-31,5.12686334302787
WDI:SP.POP.4044.MA.5Y:TKM,1981-12-31,4.87825899892578
WDI:SP.POP.4044.MA.5Y:TKM,1982-12-31,4.51707252221311
WDI:SP.POP.4044.MA.5Y:TKM,1983-12-31,4.08811900978986
WDI:SP.POP.4044.MA.5Y:TKM,1984-12-31,3.69493416547435
WDI:SP.POP.4044.MA.5Y:TKM,1985-12-31,3.35748038195672
WDI:SP.POP.4044.MA.5Y:TKM,1986-12-31,3.07965975495847
WDI:SP.POP.4044.MA.5Y:TKM,1987-12-31,2.94948210533014
WDI:SP.POP.4044.MA.5Y:TKM,1988-12-31,3.02564341607559
WDI:SP.POP.4044.MA.5Y:TKM,1989-12-31,3.26577699880051
WDI:SP.POP.4044.MA.5Y:TKM,1990-12-31,3.56039691638065
WDI:SP.POP.4044.MA.5Y:TKM,1991-12-31,3.84417752973819
WDI:SP.POP.4044.MA.5Y:TKM,1992-12-31,4.08445896673657
WDI:SP.POP.4044.MA.5Y:TKM,1993-12-31,4.27672411994057
WDI:SP.POP.4044.MA.5Y:TKM,1994-12-31,4.44354037039307
WDI:SP.POP.4044.MA.5Y:TKM,1995-12-31,4.60538236850307
WDI:SP.POP.4044.MA.5Y:TKM,1996-12-31,4.7794248549082
WDI:SP.POP.4044.MA.5Y:TKM,1997-12-31,4.97991656825964
WDI:SP.POP.4044.MA.5Y:TKM,1998-12-31,5.20982358753425
WDI:SP.POP.4044.MA.5Y:TKM,1999-12-31,5.44231214435183
WDI:SP.POP.4044.MA.5Y:TKM,2000-12-31,5.65123723619293
WDI:SP.POP.4044.MA.5Y:TKM,2001-12-31,5.82395263802729
WDI:SP.POP.4044.MA.5Y:TKM,2002-12-31,5.94140013952449
WDI:SP.POP.4044.MA.5Y:TKM,2003-12-31,5.98867128253376
WDI:SP.POP.4044.MA.5Y:TKM,2004-12-31,5.9656685239907
WDI:SP.POP.4044.MA.5Y:TKM,2005-12-31,5.89514296720439
WDI:SP.POP.4044.MA.5Y:TKM,2006-12-31,5.81344139505523
WDI:SP.POP.4044.MA.5Y:TKM,2007-12-31,5.76556151500786
WDI:SP.POP.4044.MA.5Y:TKM,2008-12-31,5.78453976567506
WDI:SP.POP.4044.MA.5Y:TKM,2009-12-31,5.86862210791439
WDI:SP.POP.4044.MA.5Y:TKM,2010-12-31,5.98579882480486
WDI:SP.POP.4044.MA.5Y:TKM,2011-12-31,6.09076651658036
WDI:SP.POP.4044.MA.5Y:TKM,2012-12-31,6.15578154171636
WDI:SP.POP.4044.MA.5Y:TKM,2013-12-31,6.17989360181627
WDI:SP.POP.4044.MA.5Y:TKM,2014-12-31,6.16677703426637
WDI:SP.POP.4044.MA.5Y:TKM,2015-12-31,6.1297888025598
WDI:SP.POP.4044.MA.5Y:TKM,2016-12-31,6.08931522171494
WDI:SP.POP.4044.MA.5Y:TKM,2017-12-31,6.04918499140845
WDI:SP.POP.4044.MA.5Y:TKM,2018-12-31,6.00728940106602
WDI:SP.POP.4044.MA.5Y:TKM,2019-12-31,5.9731997261505
WDI:SP.POP.4044.MA.5Y:TKM,2020-12-31,5.95953263557084
WDI:SP.POP.4044.MA.5Y:TKM,2021-12-31,5.97501508896732
WDI:SP.POP.4044.MA.5Y:TKM,2022-12-31,6.02647362271763
WDI:SP.POP.4044.MA.5Y:TKM,2023-12-31,6.12286348911951
WDI:SP.POP.4044.MA.5Y:TKM,2024-12-31,6.26931352467373
WDI:SP.POP.4044.MA.5Y:TLA,1960-12-31,4.482270692159317
WDI:SP.POP.4044.MA.5Y:TLA,1961-12-31,4.467122270135952
WDI:SP.POP.4044.MA.5Y:TLA,1962-12-31,4.470636882649848
WDI:SP.POP.4044.MA.5Y:TLA,1963-12-31,4.487483939235312
WDI:SP.POP.4044.MA.5Y:TLA,1964-12-31,4.508492954372748
WDI:SP.POP.4044.MA.5Y:TLA,1965-12-31,4.525942008005536
WDI:SP.POP.4044.MA.5Y:TLA,1966-12-31,4.5378904436590135
WDI:SP.POP.4044.MA.5Y:TLA,1967-12-31,4.544592243873899
WDI:SP.POP.4044.MA.5Y:TLA,1968-12-31,4.543816611326767
WDI:SP.POP.4044.MA.5Y:TLA,1969-12-31,4.532939097021117
WDI:SP.POP.4044.MA.5Y:TLA,1970-12-31,4.513041654148387
WDI:SP.POP.4044.MA.5Y:TLA,1971-12-31,4.486799756994625
WDI:SP.POP.4044.MA.5Y:TLA,1972-12-31,4.454532134077939
WDI:SP.POP.4044.MA.5Y:TLA,1973-12-31,4.417424245599863
WDI:SP.POP.4044.MA.5Y:TLA,1974-12-31,4.379475116631992
WDI:SP.POP.4044.MA.5Y:TLA,1975-12-31,4.346647609948811
WDI:SP.POP.4044.MA.5Y:TLA,1976-12-31,4.324031402774018
WDI:SP.POP.4044.MA.5Y:TLA,1977-12-31,4.310752893977366
WDI:SP.POP.4044.MA.5Y:TLA,1978-12-31,4.3066422012609
WDI:SP.POP.4044.MA.5Y:TLA,1979-12-31,4.314227903583388
WDI:SP.POP.4044.MA.5Y:TLA,1980-12-31,4.3292283688714095
WDI:SP.POP.4044.MA.5Y:TLA,1981-12-31,4.352529672360158
WDI:SP.POP.4044.MA.5Y:TLA,1982-12-31,4.383991771910182
WDI:SP.POP.4044.MA.5Y:TLA,1983-12-31,4.417884762204266
WDI:SP.POP.4044.MA.5Y:TLA,1984-12-31,4.455507031861207
WDI:SP.POP.4044.MA.5Y:TLA,1985-12-31,4.4993760832556555
WDI:SP.POP.4044.MA.5Y:TLA,1986-12-31,4.547934989216644
WDI:SP.POP.4044.MA.5Y:TLA,1987-12-31,4.606303439209327
WDI:SP.POP.4044.MA.5Y:TLA,1988-12-31,4.680534362464374
WDI:SP.POP.4044.MA.5Y:TLA,1989-12-31,4.7717384596072066
WDI:SP.POP.4044.MA.5Y:TLA,1990-12-31,4.872912831063552
WDI:SP.POP.4044.MA.5Y:TLA,1991-12-31,4.977640975281421
WDI:SP.POP.4044.MA.5Y:TLA,1992-12-31,5.082961759051557
WDI:SP.POP.4044.MA.5Y:TLA,1993-12-31,5.183024753621859
WDI:SP.POP.4044.MA.5Y:TLA,1994-12-31,5.273480492023726
WDI:SP.POP.4044.MA.5Y:TLA,1995-12-31,5.359471446862478
WDI:SP.POP.4044.MA.5Y:TLA,1996-12-31,5.448893532116803
WDI:SP.POP.4044.MA.5Y:TLA,1997-12-31,5.539886836166881
WDI:SP.POP.4044.MA.5Y:TLA,1998-12-31,5.6318769515745535
WDI:SP.POP.4044.MA.5Y:TLA,1999-12-31,5.725038211882277
WDI:SP.POP.4044.MA.5Y:TLA,2000-12-31,5.815896829737924
WDI:SP.POP.4044.MA.5Y:TLA,2001-12-31,5.899776431592251
WDI:SP.POP.4044.MA.5Y:TLA,2002-12-31,5.97698764521731
WDI:SP.POP.4044.MA.5Y:TLA,2003-12-31,6.047823016804602
WDI:SP.POP.4044.MA.5Y:TLA,2004-12-31,6.108571468076679
WDI:SP.POP.4044.MA.5Y:TLA,2005-12-31,6.15545723517332
WDI:SP.POP.4044.MA.5Y:TLA,2006-12-31,6.187528956551659
WDI:SP.POP.4044.MA.5Y:TLA,2007-12-31,6.20556587864464
WDI:SP.POP.4044.MA.5Y:TLA,2008-12-31,6.21307131801583
WDI:SP.POP.4044.MA.5Y:TLA,2009-12-31,6.216009825126697
WDI:SP.POP.4044.MA.5Y:TLA,2010-12-31,6.222581182550626
WDI:SP.POP.4044.MA.5Y:TLA,2011-12-31,6.238976479263105
WDI:SP.POP.4044.MA.5Y:TLA,2012-12-31,6.266483044536236
WDI:SP.POP.4044.MA.5Y:TLA,2013-12-31,6.304250264492278
WDI:SP.POP.4044.MA.5Y:TLA,2014-12-31,6.347610268178375
WDI:SP.POP.4044.MA.5Y:TLA,2015-12-31,6.392912372053616
WDI:SP.POP.4044.MA.5Y:TLA,2016-12-31,6.4421943673546735
WDI:SP.POP.4044.MA.5Y:TLA,2017-12-31,6.497230472614014
WDI:SP.POP.4044.MA.5Y:TLA,2018-12-31,6.55618532553066
WDI:SP.POP.4044.MA.5Y:TLA,2019-12-31,6.620045268114213
WDI:SP.POP.4044.MA.5Y:TLA,2020-12-31,6.691908012845998
WDI:SP.POP.4044.MA.5Y:TLA,2021-12-31,6.767973766370959
WDI:SP.POP.4044.MA.5Y:TLA,2022-12-31,6.841039392702224
WDI:SP.POP.4044.MA.5Y:TLA,2023-12-31,6.906191648896475
WDI:SP.POP.4044.MA.5Y:TLA,2024-12-31,6.963208985611808
WDI:SP.POP.4044.MA.5Y:TLS,1960-12-31,5.01683294808587
WDI:SP.POP.4044.MA.5Y:TLS,1961-12-31,5.00044874216528
WDI:SP.POP.4044.MA.5Y:TLS,1962-12-31,4.94432318449188
WDI:SP.POP.4044.MA.5Y:TLS,1963-12-31,4.87607017430287
WDI:SP.POP.4044.MA.5Y:TLS,1964-12-31,4.82821768382499
WDI:SP.POP.4044.MA.5Y:TLS,1965-12-31,4.80755299194499
WDI:SP.POP.4044.MA.5Y:TLS,1966-12-31,4.81837242749626
WDI:SP.POP.4044.MA.5Y:TLS,1967-12-31,4.86337318794633
WDI:SP.POP.4044.MA.5Y:TLS,1968-12-31,4.91573033707865
WDI:SP.POP.4044.MA.5Y:TLS,1969-12-31,4.94239930389257
WDI:SP.POP.4044.MA.5Y:TLS,1970-12-31,4.93956211721178
WDI:SP.POP.4044.MA.5Y:TLS,1971-12-31,4.90438115540246
WDI:SP.POP.4044.MA.5Y:TLS,1972-12-31,4.83645260914575
WDI:SP.POP.4044.MA.5Y:TLS,1973-12-31,4.76970599967951
WDI:SP.POP.4044.MA.5Y:TLS,1974-12-31,4.74797710610543
WDI:SP.POP.4044.MA.5Y:TLS,1975-12-31,4.78201900796252
WDI:SP.POP.4044.MA.5Y:TLS,1976-12-31,4.86809606738225
WDI:SP.POP.4044.MA.5Y:TLS,1977-12-31,5.00634336798419
WDI:SP.POP.4044.MA.5Y:TLS,1978-12-31,5.16435202472992
WDI:SP.POP.4044.MA.5Y:TLS,1979-12-31,5.2904909885915
WDI:SP.POP.4044.MA.5Y:TLS,1980-12-31,5.35631001972205
WDI:SP.POP.4044.MA.5Y:TLS,1981-12-31,5.33153188977796
WDI:SP.POP.4044.MA.5Y:TLS,1982-12-31,5.23878450375833
WDI:SP.POP.4044.MA.5Y:TLS,1983-12-31,5.13902352381583
WDI:SP.POP.4044.MA.5Y:TLS,1984-12-31,5.04415497829496
WDI:SP.POP.4044.MA.5Y:TLS,1985-12-31,4.95203608411156
WDI:SP.POP.4044.MA.5Y:TLS,1986-12-31,4.85375467277511
WDI:SP.POP.4044.MA.5Y:TLS,1987-12-31,4.74389587445308
WDI:SP.POP.4044.MA.5Y:TLS,1988-12-31,4.62012624724407
WDI:SP.POP.4044.MA.5Y:TLS,1989-12-31,4.51689031945091
WDI:SP.POP.4044.MA.5Y:TLS,1990-12-31,4.47080024893636
WDI:SP.POP.4044.MA.5Y:TLS,1991-12-31,4.48473873396273
WDI:SP.POP.4044.MA.5Y:TLS,1992-12-31,4.53663747578324
WDI:SP.POP.4044.MA.5Y:TLS,1993-12-31,4.60221141254388
WDI:SP.POP.4044.MA.5Y:TLS,1994-12-31,4.6783739495029
WDI:SP.POP.4044.MA.5Y:TLS,1995-12-31,4.76322564330505
WDI:SP.POP.4044.MA.5Y:TLS,1996-12-31,4.85464063120307
WDI:SP.POP.4044.MA.5Y:TLS,1997-12-31,4.94791556661358
WDI:SP.POP.4044.MA.5Y:TLS,1998-12-31,5.03823749619476
WDI:SP.POP.4044.MA.5Y:TLS,1999-12-31,5.12318673727838
WDI:SP.POP.4044.MA.5Y:TLS,2000-12-31,5.20141846192385
WDI:SP.POP.4044.MA.5Y:TLS,2001-12-31,5.23615302749702
WDI:SP.POP.4044.MA.5Y:TLS,2002-12-31,5.2545984374274
WDI:SP.POP.4044.MA.5Y:TLS,2003-12-31,5.25975679633285
WDI:SP.POP.4044.MA.5Y:TLS,2004-12-31,5.25336151661826
WDI:SP.POP.4044.MA.5Y:TLS,2005-12-31,5.15594423830752
WDI:SP.POP.4044.MA.5Y:TLS,2006-12-31,4.98807849240316
WDI:SP.POP.4044.MA.5Y:TLS,2007-12-31,4.84913510854919
WDI:SP.POP.4044.MA.5Y:TLS,2008-12-31,4.74546232642153
WDI:SP.POP.4044.MA.5Y:TLS,2009-12-31,4.67663094566648
WDI:SP.POP.4044.MA.5Y:TLS,2010-12-31,4.64996529675104
WDI:SP.POP.4044.MA.5Y:TLS,2011-12-31,4.66367286475842
WDI:SP.POP.4044.MA.5Y:TLS,2012-12-31,4.68115989554658
WDI:SP.POP.4044.MA.5Y:TLS,2013-12-31,4.67009734166425
WDI:SP.POP.4044.MA.5Y:TLS,2014-12-31,4.6199823315241
WDI:SP.POP.4044.MA.5Y:TLS,2015-12-31,4.54591081024838
WDI:SP.POP.4044.MA.5Y:TLS,2016-12-31,4.48090349174741
WDI:SP.POP.4044.MA.5Y:TLS,2017-12-31,4.40608198263056
WDI:SP.POP.4044.MA.5Y:TLS,2018-12-31,4.2839037932139
WDI:SP.POP.4044.MA.5Y:TLS,2019-12-31,4.12694215077002
WDI:SP.POP.4044.MA.5Y:TLS,2020-12-31,3.99189779212596
WDI:SP.POP.4044.MA.5Y:TLS,2021-12-31,3.95682898511985
WDI:SP.POP.4044.MA.5Y:TLS,2022-12-31,4.08813415890579
WDI:SP.POP.4044.MA.5Y:TLS,2023-12-31,4.36022265088696
WDI:SP.POP.4044.MA.5Y:TLS,2024-12-31,4.68718136088641
WDI:SP.POP.4044.MA.5Y:TMN,1960-12-31,4.744953068629438
WDI:SP.POP.4044.MA.5Y:TMN,1961-12-31,4.750863601778595
WDI:SP.POP.4044.MA.5Y:TMN,1962-12-31,4.766511899376527
WDI:SP.POP.4044.MA.5Y:TMN,1963-12-31,4.787444049726131
WDI:SP.POP.4044.MA.5Y:TMN,1964-12-31,4.804411186015331
WDI:SP.POP.4044.MA.5Y:TMN,1965-12-31,4.812778486018852
WDI:SP.POP.4044.MA.5Y:TMN,1966-12-31,4.8100040216386
WDI:SP.POP.4044.MA.5Y:TMN,1967-12-31,4.794700602466482
WDI:SP.POP.4044.MA.5Y:TMN,1968-12-31,4.771934153181913
WDI:SP.POP.4044.MA.5Y:TMN,1969-12-31,4.747514863667598
WDI:SP.POP.4044.MA.5Y:TMN,1970-12-31,4.7223048411859985
WDI:SP.POP.4044.MA.5Y:TMN,1971-12-31,4.6962770958012365
WDI:SP.POP.4044.MA.5Y:TMN,1972-12-31,4.671868518296991
WDI:SP.POP.4044.MA.5Y:TMN,1973-12-31,4.646429443502055
WDI:SP.POP.4044.MA.5Y:TMN,1974-12-31,4.612753710607987
WDI:SP.POP.4044.MA.5Y:TMN,1975-12-31,4.565827856489528
WDI:SP.POP.4044.MA.5Y:TMN,1976-12-31,4.508767249579971
WDI:SP.POP.4044.MA.5Y:TMN,1977-12-31,4.447332518314355
WDI:SP.POP.4044.MA.5Y:TMN,1978-12-31,4.383194567762543
WDI:SP.POP.4044.MA.5Y:TMN,1979-12-31,4.315864722115015
WDI:SP.POP.4044.MA.5Y:TMN,1980-12-31,4.2498229883806475
WDI:SP.POP.4044.MA.5Y:TMN,1981-12-31,4.1923173901353294
WDI:SP.POP.4044.MA.5Y:TMN,1982-12-31,4.13770277089587
WDI:SP.POP.4044.MA.5Y:TMN,1983-12-31,4.088088936400964
WDI:SP.POP.4044.MA.5Y:TMN,1984-12-31,4.0552648574311885
WDI:SP.POP.4044.MA.5Y:TMN,1985-12-31,4.0459571119266275
WDI:SP.POP.4044.MA.5Y:TMN,1986-12-31,4.06046427272306
WDI:SP.POP.4044.MA.5Y:TMN,1987-12-31,4.08850005341285
WDI:SP.POP.4044.MA.5Y:TMN,1988-12-31,4.114593593399187
WDI:SP.POP.4044.MA.5Y:TMN,1989-12-31,4.135934781822368
WDI:SP.POP.4044.MA.5Y:TMN,1990-12-31,4.164340628964282
WDI:SP.POP.4044.MA.5Y:TMN,1991-12-31,4.201047536426491
WDI:SP.POP.4044.MA.5Y:TMN,1992-12-31,4.243959658286796
WDI:SP.POP.4044.MA.5Y:TMN,1993-12-31,4.3023100789517095
WDI:SP.POP.4044.MA.5Y:TMN,1994-12-31,4.3784999565576115
WDI:SP.POP.4044.MA.5Y:TMN,1995-12-31,4.462158039941542
WDI:SP.POP.4044.MA.5Y:TMN,1996-12-31,4.5427763568373525
WDI:SP.POP.4044.MA.5Y:TMN,1997-12-31,4.61084306688074
WDI:SP.POP.4044.MA.5Y:TMN,1998-12-31,4.66957199501411
WDI:SP.POP.4044.MA.5Y:TMN,1999-12-31,4.7266367214164084
WDI:SP.POP.4044.MA.5Y:TMN,2000-12-31,4.781284582316948
WDI:SP.POP.4044.MA.5Y:TMN,2001-12-31,4.831063072171193
WDI:SP.POP.4044.MA.5Y:TMN,2002-12-31,4.876640314239199
WDI:SP.POP.4044.MA.5Y:TMN,2003-12-31,4.917917378363883
WDI:SP.POP.4044.MA.5Y:TMN,2004-12-31,4.954911017203835
WDI:SP.POP.4044.MA.5Y:TMN,2005-12-31,4.992012502095438
WDI:SP.POP.4044.MA.5Y:TMN,2006-12-31,5.032870011330624
WDI:SP.POP.4044.MA.5Y:TMN,2007-12-31,5.071446772532151
WDI:SP.POP.4044.MA.5Y:TMN,2008-12-31,5.101800228113164
WDI:SP.POP.4044.MA.5Y:TMN,2009-12-31,5.1326219418788
WDI:SP.POP.4044.MA.5Y:TMN,2010-12-31,5.1698811975199
WDI:SP.POP.4044.MA.5Y:TMN,2011-12-31,5.2091978929844
WDI:SP.POP.4044.MA.5Y:TMN,2012-12-31,5.246348058934299
WDI:SP.POP.4044.MA.5Y:TMN,2013-12-31,5.279182878469368
WDI:SP.POP.4044.MA.5Y:TMN,2014-12-31,5.307881329163674
WDI:SP.POP.4044.MA.5Y:TMN,2015-12-31,5.337387519961651
WDI:SP.POP.4044.MA.5Y:TMN,2016-12-31,5.371931783832295
WDI:SP.POP.4044.MA.5Y:TMN,2017-12-31,5.417110745418784
WDI:SP.POP.4044.MA.5Y:TMN,2018-12-31,5.477564692346335
WDI:SP.POP.4044.MA.5Y:TMN,2019-12-31,5.554019212677436
WDI:SP.POP.4044.MA.5Y:TMN,2020-12-31,5.64776463631607
WDI:SP.POP.4044.MA.5Y:TMN,2021-12-31,5.755183220039065
WDI:SP.POP.4044.MA.5Y:TMN,2022-12-31,5.863971759311332
WDI:SP.POP.4044.MA.5Y:TMN,2023-12-31,5.968506986631528
WDI:SP.POP.4044.MA.5Y:TMN,2024-12-31,6.070421625867165
WDI:SP.POP.4044.MA.5Y:TON,1960-12-31,4.1276298792891
WDI:SP.POP.4044.MA.5Y:TON,1961-12-31,4.1769467168766
WDI:SP.POP.4044.MA.5Y:TON,1962-12-31,4.22813709541707
WDI:SP.POP.4044.MA.5Y:TON,1963-12-31,4.27289831756333
WDI:SP.POP.4044.MA.5Y:TON,1964-12-31,4.32010392640314
WDI:SP.POP.4044.MA.5Y:TON,1965-12-31,4.36166784816653
WDI:SP.POP.4044.MA.5Y:TON,1966-12-31,4.39415783865104
WDI:SP.POP.4044.MA.5Y:TON,1967-12-31,4.40929639929922
WDI:SP.POP.4044.MA.5Y:TON,1968-12-31,4.40299225477462
WDI:SP.POP.4044.MA.5Y:TON,1969-12-31,4.39008834506543
WDI:SP.POP.4044.MA.5Y:TON,1970-12-31,4.38051916404609
WDI:SP.POP.4044.MA.5Y:TON,1971-12-31,4.37391621794287
WDI:SP.POP.4044.MA.5Y:TON,1972-12-31,4.3651506308086
WDI:SP.POP.4044.MA.5Y:TON,1973-12-31,4.35517549965198
WDI:SP.POP.4044.MA.5Y:TON,1974-12-31,4.31556484721124
WDI:SP.POP.4044.MA.5Y:TON,1975-12-31,4.239968686858
WDI:SP.POP.4044.MA.5Y:TON,1976-12-31,4.15865334904978
WDI:SP.POP.4044.MA.5Y:TON,1977-12-31,4.11638084939249
WDI:SP.POP.4044.MA.5Y:TON,1978-12-31,4.11041012668516
WDI:SP.POP.4044.MA.5Y:TON,1979-12-31,4.09763808249992
WDI:SP.POP.4044.MA.5Y:TON,1980-12-31,4.06872615783136
WDI:SP.POP.4044.MA.5Y:TON,1981-12-31,4.02827784295481
WDI:SP.POP.4044.MA.5Y:TON,1982-12-31,3.96673647151659
WDI:SP.POP.4044.MA.5Y:TON,1983-12-31,3.87088282048945
WDI:SP.POP.4044.MA.5Y:TON,1984-12-31,3.75881923607169
WDI:SP.POP.4044.MA.5Y:TON,1985-12-31,3.65844995382539
WDI:SP.POP.4044.MA.5Y:TON,1986-12-31,3.58582729940795
WDI:SP.POP.4044.MA.5Y:TON,1987-12-31,3.55870805844498
WDI:SP.POP.4044.MA.5Y:TON,1988-12-31,3.56166586267889
WDI:SP.POP.4044.MA.5Y:TON,1989-12-31,3.54711322169458
WDI:SP.POP.4044.MA.5Y:TON,1990-12-31,3.50662284633005
WDI:SP.POP.4044.MA.5Y:TON,1991-12-31,3.46484999553115
WDI:SP.POP.4044.MA.5Y:TON,1992-12-31,3.45521204914784
WDI:SP.POP.4044.MA.5Y:TON,1993-12-31,3.48501335443664
WDI:SP.POP.4044.MA.5Y:TON,1994-12-31,3.54754260311188
WDI:SP.POP.4044.MA.5Y:TON,1995-12-31,3.6288810374435
WDI:SP.POP.4044.MA.5Y:TON,1996-12-31,3.6895711933426
WDI:SP.POP.4044.MA.5Y:TON,1997-12-31,3.72967240160264
WDI:SP.POP.4044.MA.5Y:TON,1998-12-31,3.78207004194713
WDI:SP.POP.4044.MA.5Y:TON,1999-12-31,3.84917441510971
WDI:SP.POP.4044.MA.5Y:TON,2000-12-31,3.91837442887162
WDI:SP.POP.4044.MA.5Y:TON,2001-12-31,4.00038345396156
WDI:SP.POP.4044.MA.5Y:TON,2002-12-31,4.1004319757407
WDI:SP.POP.4044.MA.5Y:TON,2003-12-31,4.21187405159332
WDI:SP.POP.4044.MA.5Y:TON,2004-12-31,4.35065547486561
WDI:SP.POP.4044.MA.5Y:TON,2005-12-31,4.52605412504104
WDI:SP.POP.4044.MA.5Y:TON,2006-12-31,4.71631205673759
WDI:SP.POP.4044.MA.5Y:TON,2007-12-31,4.9092025453057
WDI:SP.POP.4044.MA.5Y:TON,2008-12-31,5.12212363041092
WDI:SP.POP.4044.MA.5Y:TON,2009-12-31,5.31293048884918
WDI:SP.POP.4044.MA.5Y:TON,2010-12-31,5.43202979515829
WDI:SP.POP.4044.MA.5Y:TON,2011-12-31,5.47905642095849
WDI:SP.POP.4044.MA.5Y:TON,2012-12-31,5.4541036616138
WDI:SP.POP.4044.MA.5Y:TON,2013-12-31,5.37352432513723
WDI:SP.POP.4044.MA.5Y:TON,2014-12-31,5.2321345784489
WDI:SP.POP.4044.MA.5Y:TON,2015-12-31,5.06312229050546
WDI:SP.POP.4044.MA.5Y:TON,2016-12-31,4.92121258678138
WDI:SP.POP.4044.MA.5Y:TON,2017-12-31,4.85440642619912
WDI:SP.POP.4044.MA.5Y:TON,2018-12-31,4.85926815566705
WDI:SP.POP.4044.MA.5Y:TON,2019-12-31,4.87743190661479
WDI:SP.POP.4044.MA.5Y:TON,2020-12-31,4.86898709425108
WDI:SP.POP.4044.MA.5Y:TON,2021-12-31,4.80865913526942
WDI:SP.POP.4044.MA.5Y:TON,2022-12-31,4.72368722770007
WDI:SP.POP.4044.MA.5Y:TON,2023-12-31,4.61479517246247
WDI:SP.POP.4044.MA.5Y:TON,2024-12-31,4.47645947209071
WDI:SP.POP.4044.MA.5Y:TSA,1960-12-31,5.173579063618747
WDI:SP.POP.4044.MA.5Y:TSA,1961-12-31,5.152394553684191
WDI:SP.POP.4044.MA.5Y:TSA,1962-12-31,5.1262452476403935
WDI:SP.POP.4044.MA.5Y:TSA,1963-12-31,5.097335152559913
WDI:SP.POP.4044.MA.5Y:TSA,1964-12-31,5.069899657060075
WDI:SP.POP.4044.MA.5Y:TSA,1965-12-31,5.046112148422314
WDI:SP.POP.4044.MA.5Y:TSA,1966-12-31,5.025605004001291
WDI:SP.POP.4044.MA.5Y:TSA,1967-12-31,5.00819858364109
WDI:SP.POP.4044.MA.5Y:TSA,1968-12-31,4.989496938857248
WDI:SP.POP.4044.MA.5Y:TSA,1969-12-31,4.965122186993661
WDI:SP.POP.4044.MA.5Y:TSA,1970-12-31,4.939069532755242
WDI:SP.POP.4044.MA.5Y:TSA,1971-12-31,4.9078449786907825
WDI:SP.POP.4044.MA.5Y:TSA,1972-12-31,4.870179443908977
WDI:SP.POP.4044.MA.5Y:TSA,1973-12-31,4.8309675750739425
WDI:SP.POP.4044.MA.5Y:TSA,1974-12-31,4.792253946025602
WDI:SP.POP.4044.MA.5Y:TSA,1975-12-31,4.755165708461623
WDI:SP.POP.4044.MA.5Y:TSA,1976-12-31,4.721053780721226
WDI:SP.POP.4044.MA.5Y:TSA,1977-12-31,4.693935349814618
WDI:SP.POP.4044.MA.5Y:TSA,1978-12-31,4.6679534577317545
WDI:SP.POP.4044.MA.5Y:TSA,1979-12-31,4.634732803349039
WDI:SP.POP.4044.MA.5Y:TSA,1980-12-31,4.593842171895982
WDI:SP.POP.4044.MA.5Y:TSA,1981-12-31,4.546380496708806
WDI:SP.POP.4044.MA.5Y:TSA,1982-12-31,4.496362351293841
WDI:SP.POP.4044.MA.5Y:TSA,1983-12-31,4.452275584555135
WDI:SP.POP.4044.MA.5Y:TSA,1984-12-31,4.422340600900448
WDI:SP.POP.4044.MA.5Y:TSA,1985-12-31,4.4095851981827705
WDI:SP.POP.4044.MA.5Y:TSA,1986-12-31,4.411478478497788
WDI:SP.POP.4044.MA.5Y:TSA,1987-12-31,4.423474908011253
WDI:SP.POP.4044.MA.5Y:TSA,1988-12-31,4.444639699524772
WDI:SP.POP.4044.MA.5Y:TSA,1989-12-31,4.519639307713475
WDI:SP.POP.4044.MA.5Y:TSA,1990-12-31,4.651576902757026
WDI:SP.POP.4044.MA.5Y:TSA,1991-12-31,4.797303342307336
WDI:SP.POP.4044.MA.5Y:TSA,1992-12-31,4.953999774080753
WDI:SP.POP.4044.MA.5Y:TSA,1993-12-31,5.120610811895838
WDI:SP.POP.4044.MA.5Y:TSA,1994-12-31,5.253642955891055
WDI:SP.POP.4044.MA.5Y:TSA,1995-12-31,5.344043431528488
WDI:SP.POP.4044.MA.5Y:TSA,1996-12-31,5.422559708305585
WDI:SP.POP.4044.MA.5Y:TSA,1997-12-31,5.4881938044810346
WDI:SP.POP.4044.MA.5Y:TSA,1998-12-31,5.537720965378875
WDI:SP.POP.4044.MA.5Y:TSA,1999-12-31,5.57086259054817
WDI:SP.POP.4044.MA.5Y:TSA,2000-12-31,5.595021640470999
WDI:SP.POP.4044.MA.5Y:TSA,2001-12-31,5.614562264208661
WDI:SP.POP.4044.MA.5Y:TSA,2002-12-31,5.630414684970718
WDI:SP.POP.4044.MA.5Y:TSA,2003-12-31,5.646497977948983
WDI:SP.POP.4044.MA.5Y:TSA,2004-12-31,5.663571031179326
WDI:SP.POP.4044.MA.5Y:TSA,2005-12-31,5.675922454601816
WDI:SP.POP.4044.MA.5Y:TSA,2006-12-31,5.683893768061231
WDI:SP.POP.4044.MA.5Y:TSA,2007-12-31,5.69428309549916
WDI:SP.POP.4044.MA.5Y:TSA,2008-12-31,5.709727099088375
WDI:SP.POP.4044.MA.5Y:TSA,2009-12-31,5.727654705875394
WDI:SP.POP.4044.MA.5Y:TSA,2010-12-31,5.750687066289887
WDI:SP.POP.4044.MA.5Y:TSA,2011-12-31,5.78508904599714
WDI:SP.POP.4044.MA.5Y:TSA,2012-12-31,5.829541507044741
WDI:SP.POP.4044.MA.5Y:TSA,2013-12-31,5.881210835144384
WDI:SP.POP.4044.MA.5Y:TSA,2014-12-31,5.944335000682125
WDI:SP.POP.4044.MA.5Y:TSA,2015-12-31,6.012826161649652
WDI:SP.POP.4044.MA.5Y:TSA,2016-12-31,6.081291580288901
WDI:SP.POP.4044.MA.5Y:TSA,2017-12-31,6.147979421721251
WDI:SP.POP.4044.MA.5Y:TSA,2018-12-31,6.210853304803966
WDI:SP.POP.4044.MA.5Y:TSA,2019-12-31,6.283140534395207
WDI:SP.POP.4044.MA.5Y:TSA,2020-12-31,6.382652264950456
WDI:SP.POP.4044.MA.5Y:TSA,2021-12-31,6.499392486766189
WDI:SP.POP.4044.MA.5Y:TSA,2022-12-31,6.614600497512252
WDI:SP.POP.4044.MA.5Y:TSA,2023-12-31,6.730857350680087
WDI:SP.POP.4044.MA.5Y:TSA,2024-12-31,6.848445475974046
WDI:SP.POP.4044.MA.5Y:TSS,1960-12-31,4.655362583474307
WDI:SP.POP.4044.MA.5Y:TSS,1961-12-31,4.642616092561782
WDI:SP.POP.4044.MA.5Y:TSS,1962-12-31,4.624173807349183
WDI:SP.POP.4044.MA.5Y:TSS,1963-12-31,4.603229595495037
WDI:SP.POP.4044.MA.5Y:TSS,1964-12-31,4.579397280757152
WDI:SP.POP.4044.MA.5Y:TSS,1965-12-31,4.553860628721528
WDI:SP.POP.4044.MA.5Y:TSS,1966-12-31,4.529194490463906
WDI:SP.POP.4044.MA.5Y:TSS,1967-12-31,4.503859762205754
WDI:SP.POP.4044.MA.5Y:TSS,1968-12-31,4.476939384252293
WDI:SP.POP.4044.MA.5Y:TSS,1969-12-31,4.44897953280943
WDI:SP.POP.4044.MA.5Y:TSS,1970-12-31,4.422004942716576
WDI:SP.POP.4044.MA.5Y:TSS,1971-12-31,4.396879238046143
WDI:SP.POP.4044.MA.5Y:TSS,1972-12-31,4.371108819025179
WDI:SP.POP.4044.MA.5Y:TSS,1973-12-31,4.34310355293383
WDI:SP.POP.4044.MA.5Y:TSS,1974-12-31,4.313698801430659
WDI:SP.POP.4044.MA.5Y:TSS,1975-12-31,4.28335462652833
WDI:SP.POP.4044.MA.5Y:TSS,1976-12-31,4.252430844824863
WDI:SP.POP.4044.MA.5Y:TSS,1977-12-31,4.223614436780696
WDI:SP.POP.4044.MA.5Y:TSS,1978-12-31,4.19820044457214
WDI:SP.POP.4044.MA.5Y:TSS,1979-12-31,4.171762863392194
WDI:SP.POP.4044.MA.5Y:TSS,1980-12-31,4.1393173598593584
WDI:SP.POP.4044.MA.5Y:TSS,1981-12-31,4.110975391981672
WDI:SP.POP.4044.MA.5Y:TSS,1982-12-31,4.091840986070013
WDI:SP.POP.4044.MA.5Y:TSS,1983-12-31,4.080641244371701
WDI:SP.POP.4044.MA.5Y:TSS,1984-12-31,4.077838494037446
WDI:SP.POP.4044.MA.5Y:TSS,1985-12-31,4.0793122384856675
WDI:SP.POP.4044.MA.5Y:TSS,1986-12-31,4.080281037952507
WDI:SP.POP.4044.MA.5Y:TSS,1987-12-31,4.078769947201604
WDI:SP.POP.4044.MA.5Y:TSS,1988-12-31,4.065531963377374
WDI:SP.POP.4044.MA.5Y:TSS,1989-12-31,4.044818672218174
WDI:SP.POP.4044.MA.5Y:TSS,1990-12-31,4.0266674914886185
WDI:SP.POP.4044.MA.5Y:TSS,1991-12-31,4.0100703405715405
WDI:SP.POP.4044.MA.5Y:TSS,1992-12-31,3.9948577323662375
WDI:SP.POP.4044.MA.5Y:TSS,1993-12-31,4.0093044087988154
WDI:SP.POP.4044.MA.5Y:TSS,1994-12-31,4.008910328148915
WDI:SP.POP.4044.MA.5Y:TSS,1995-12-31,3.980942670474399
WDI:SP.POP.4044.MA.5Y:TSS,1996-12-31,3.957336285881897
WDI:SP.POP.4044.MA.5Y:TSS,1997-12-31,3.9425459648461283
WDI:SP.POP.4044.MA.5Y:TSS,1998-12-31,3.9524814757615183
WDI:SP.POP.4044.MA.5Y:TSS,1999-12-31,3.9682983812886263
WDI:SP.POP.4044.MA.5Y:TSS,2000-12-31,3.9851423411087725
WDI:SP.POP.4044.MA.5Y:TSS,2001-12-31,4.002642250868388
WDI:SP.POP.4044.MA.5Y:TSS,2002-12-31,4.0182959687373625
WDI:SP.POP.4044.MA.5Y:TSS,2003-12-31,4.028069768908904
WDI:SP.POP.4044.MA.5Y:TSS,2004-12-31,4.0324382369795
WDI:SP.POP.4044.MA.5Y:TSS,2005-12-31,4.034960360745843
WDI:SP.POP.4044.MA.5Y:TSS,2006-12-31,4.037764024683398
WDI:SP.POP.4044.MA.5Y:TSS,2007-12-31,4.044053945756084
WDI:SP.POP.4044.MA.5Y:TSS,2008-12-31,4.057418990585945
WDI:SP.POP.4044.MA.5Y:TSS,2009-12-31,4.0771786739963165
WDI:SP.POP.4044.MA.5Y:TSS,2010-12-31,4.100976181419957
WDI:SP.POP.4044.MA.5Y:TSS,2011-12-31,4.12803096554293
WDI:SP.POP.4044.MA.5Y:TSS,2012-12-31,4.156923095363103
WDI:SP.POP.4044.MA.5Y:TSS,2013-12-31,4.185704233609661
WDI:SP.POP.4044.MA.5Y:TSS,2014-12-31,4.213122069609111
WDI:SP.POP.4044.MA.5Y:TSS,2015-12-31,4.243417869184592
WDI:SP.POP.4044.MA.5Y:TSS,2016-12-31,4.277614663828451
WDI:SP.POP.4044.MA.5Y:TSS,2017-12-31,4.317976244691387
WDI:SP.POP.4044.MA.5Y:TSS,2018-12-31,4.369667154229793
WDI:SP.POP.4044.MA.5Y:TSS,2019-12-31,4.428995261361298
WDI:SP.POP.4044.MA.5Y:TSS,2020-12-31,4.489895700031637
WDI:SP.POP.4044.MA.5Y:TSS,2021-12-31,4.54771853587125
WDI:SP.POP.4044.MA.5Y:TSS,2022-12-31,4.599257363681389
WDI:SP.POP.4044.MA.5Y:TSS,2023-12-31,4.6437824776704195
WDI:SP.POP.4044.MA.5Y:TSS,2024-12-31,4.679612735570519
WDI:SP.POP.4044.MA.5Y:TTO,1960-12-31,5.27257057683568
WDI:SP.POP.4044.MA.5Y:TTO,1961-12-31,5.17570116095991
WDI:SP.POP.4044.MA.5Y:TTO,1962-12-31,5.07987039470703
WDI:SP.POP.4044.MA.5Y:TTO,1963-12-31,4.97604789085588
WDI:SP.POP.4044.MA.5Y:TTO,1964-12-31,4.8621721886511
WDI:SP.POP.4044.MA.5Y:TTO,1965-12-31,4.74767589118705
WDI:SP.POP.4044.MA.5Y:TTO,1966-12-31,4.64000902398379
WDI:SP.POP.4044.MA.5Y:TTO,1967-12-31,4.53926120306823
WDI:SP.POP.4044.MA.5Y:TTO,1968-12-31,4.4453848265307
WDI:SP.POP.4044.MA.5Y:TTO,1969-12-31,4.35685672291914
WDI:SP.POP.4044.MA.5Y:TTO,1970-12-31,4.27825413565246
WDI:SP.POP.4044.MA.5Y:TTO,1971-12-31,4.21782579215836
WDI:SP.POP.4044.MA.5Y:TTO,1972-12-31,4.17363616010349
WDI:SP.POP.4044.MA.5Y:TTO,1973-12-31,4.14219899608059
WDI:SP.POP.4044.MA.5Y:TTO,1974-12-31,4.11926679359439
WDI:SP.POP.4044.MA.5Y:TTO,1975-12-31,4.09570962154539
WDI:SP.POP.4044.MA.5Y:TTO,1976-12-31,4.06951215819277
WDI:SP.POP.4044.MA.5Y:TTO,1977-12-31,4.04842408644114
WDI:SP.POP.4044.MA.5Y:TTO,1978-12-31,4.03850110294423
WDI:SP.POP.4044.MA.5Y:TTO,1979-12-31,4.04597119243016
WDI:SP.POP.4044.MA.5Y:TTO,1980-12-31,4.07890656251264
WDI:SP.POP.4044.MA.5Y:TTO,1981-12-31,4.13580312703166
WDI:SP.POP.4044.MA.5Y:TTO,1982-12-31,4.21561852107809
WDI:SP.POP.4044.MA.5Y:TTO,1983-12-31,4.32562704092267
WDI:SP.POP.4044.MA.5Y:TTO,1984-12-31,4.46758513439786
WDI:SP.POP.4044.MA.5Y:TTO,1985-12-31,4.63678962239089
WDI:SP.POP.4044.MA.5Y:TTO,1986-12-31,4.83216169968264
WDI:SP.POP.4044.MA.5Y:TTO,1987-12-31,5.05156106953005
WDI:SP.POP.4044.MA.5Y:TTO,1988-12-31,5.28411194741447
WDI:SP.POP.4044.MA.5Y:TTO,1989-12-31,5.5238682660001
WDI:SP.POP.4044.MA.5Y:TTO,1990-12-31,5.77185690661753
WDI:SP.POP.4044.MA.5Y:TTO,1991-12-31,6.0183374024568
WDI:SP.POP.4044.MA.5Y:TTO,1992-12-31,6.24514122829749
WDI:SP.POP.4044.MA.5Y:TTO,1993-12-31,6.45997597913364
WDI:SP.POP.4044.MA.5Y:TTO,1994-12-31,6.6990530503045
WDI:SP.POP.4044.MA.5Y:TTO,1995-12-31,6.93709902848551
WDI:SP.POP.4044.MA.5Y:TTO,1996-12-31,7.10826663360736
WDI:SP.POP.4044.MA.5Y:TTO,1997-12-31,7.2192445253136
WDI:SP.POP.4044.MA.5Y:TTO,1998-12-31,7.31599026760995
WDI:SP.POP.4044.MA.5Y:TTO,1999-12-31,7.40069225701403
WDI:SP.POP.4044.MA.5Y:TTO,2000-12-31,7.49295283884638
WDI:SP.POP.4044.MA.5Y:TTO,2001-12-31,7.66225682591909
WDI:SP.POP.4044.MA.5Y:TTO,2002-12-31,7.91376605828055
WDI:SP.POP.4044.MA.5Y:TTO,2003-12-31,8.14839942557979
WDI:SP.POP.4044.MA.5Y:TTO,2004-12-31,8.25893342837313
WDI:SP.POP.4044.MA.5Y:TTO,2005-12-31,8.20442731672343
WDI:SP.POP.4044.MA.5Y:TTO,2006-12-31,7.98914025265565
WDI:SP.POP.4044.MA.5Y:TTO,2007-12-31,7.66477399284124
WDI:SP.POP.4044.MA.5Y:TTO,2008-12-31,7.32234801888669
WDI:SP.POP.4044.MA.5Y:TTO,2009-12-31,7.03122995389441
WDI:SP.POP.4044.MA.5Y:TTO,2010-12-31,6.84406597702357
WDI:SP.POP.4044.MA.5Y:TTO,2011-12-31,6.7812612853026
WDI:SP.POP.4044.MA.5Y:TTO,2012-12-31,6.80812018238984
WDI:SP.POP.4044.MA.5Y:TTO,2013-12-31,6.88302997475116
WDI:SP.POP.4044.MA.5Y:TTO,2014-12-31,6.97878864301174
WDI:SP.POP.4044.MA.5Y:TTO,2015-12-31,7.07995645851228
WDI:SP.POP.4044.MA.5Y:TTO,2016-12-31,7.17929805584329
WDI:SP.POP.4044.MA.5Y:TTO,2017-12-31,7.28495306115865
WDI:SP.POP.4044.MA.5Y:TTO,2018-12-31,7.40367096596524
WDI:SP.POP.4044.MA.5Y:TTO,2019-12-31,7.58560303883316
WDI:SP.POP.4044.MA.5Y:TTO,2020-12-31,7.85129469739859
WDI:SP.POP.4044.MA.5Y:TTO,2021-12-31,8.14285452039725
WDI:SP.POP.4044.MA.5Y:TTO,2022-12-31,8.42699135381238
WDI:SP.POP.4044.MA.5Y:TTO,2023-12-31,8.67640727585836
WDI:SP.POP.4044.MA.5Y:TTO,2024-12-31,8.87880434418037
WDI:SP.POP.4044.MA.5Y:TUN,1960-12-31,4.67832990096807
WDI:SP.POP.4044.MA.5Y:TUN,1961-12-31,4.61903210022349
WDI:SP.POP.4044.MA.5Y:TUN,1962-12-31,4.56661689864984
WDI:SP.POP.4044.MA.5Y:TUN,1963-12-31,4.51965828525178
WDI:SP.POP.4044.MA.5Y:TUN,1964-12-31,4.47178765725906
WDI:SP.POP.4044.MA.5Y:TUN,1965-12-31,4.42295823000841
WDI:SP.POP.4044.MA.5Y:TUN,1966-12-31,4.36982713800865
WDI:SP.POP.4044.MA.5Y:TUN,1967-12-31,4.3155871110613
WDI:SP.POP.4044.MA.5Y:TUN,1968-12-31,4.27207581933978
WDI:SP.POP.4044.MA.5Y:TUN,1969-12-31,4.24141378594371
WDI:SP.POP.4044.MA.5Y:TUN,1970-12-31,4.21822431099154
WDI:SP.POP.4044.MA.5Y:TUN,1971-12-31,4.20068985570996
WDI:SP.POP.4044.MA.5Y:TUN,1972-12-31,4.18855155281343
WDI:SP.POP.4044.MA.5Y:TUN,1973-12-31,4.17082496413976
WDI:SP.POP.4044.MA.5Y:TUN,1974-12-31,4.133260265198
WDI:SP.POP.4044.MA.5Y:TUN,1975-12-31,4.07808422718841
WDI:SP.POP.4044.MA.5Y:TUN,1976-12-31,4.00401181126194
WDI:SP.POP.4044.MA.5Y:TUN,1977-12-31,3.90807475424129
WDI:SP.POP.4044.MA.5Y:TUN,1978-12-31,3.88265539598886
WDI:SP.POP.4044.MA.5Y:TUN,1979-12-31,3.93980915727236
WDI:SP.POP.4044.MA.5Y:TUN,1980-12-31,3.99079919316737
WDI:SP.POP.4044.MA.5Y:TUN,1981-12-31,4.00825673640527
WDI:SP.POP.4044.MA.5Y:TUN,1982-12-31,3.98388394856013
WDI:SP.POP.4044.MA.5Y:TUN,1983-12-31,3.91234909183807
WDI:SP.POP.4044.MA.5Y:TUN,1984-12-31,3.79950391425593
WDI:SP.POP.4044.MA.5Y:TUN,1985-12-31,3.70092971472362
WDI:SP.POP.4044.MA.5Y:TUN,1986-12-31,3.64852004268346
WDI:SP.POP.4044.MA.5Y:TUN,1987-12-31,3.63990594726463
WDI:SP.POP.4044.MA.5Y:TUN,1988-12-31,3.68407350824017
WDI:SP.POP.4044.MA.5Y:TUN,1989-12-31,3.78048965934008
WDI:SP.POP.4044.MA.5Y:TUN,1990-12-31,3.92622110441941
WDI:SP.POP.4044.MA.5Y:TUN,1991-12-31,4.1281976274877
WDI:SP.POP.4044.MA.5Y:TUN,1992-12-31,4.38739427773649
WDI:SP.POP.4044.MA.5Y:TUN,1993-12-31,4.69408199124279
WDI:SP.POP.4044.MA.5Y:TUN,1994-12-31,5.01463558557704
WDI:SP.POP.4044.MA.5Y:TUN,1995-12-31,5.30228980843771
WDI:SP.POP.4044.MA.5Y:TUN,1996-12-31,5.54065207107214
WDI:SP.POP.4044.MA.5Y:TUN,1997-12-31,5.7382164318379
WDI:SP.POP.4044.MA.5Y:TUN,1998-12-31,5.90972598814901
WDI:SP.POP.4044.MA.5Y:TUN,1999-12-31,6.06086445759144
WDI:SP.POP.4044.MA.5Y:TUN,2000-12-31,6.19462336158522
WDI:SP.POP.4044.MA.5Y:TUN,2001-12-31,6.3168465738466
WDI:SP.POP.4044.MA.5Y:TUN,2002-12-31,6.42766472404102
WDI:SP.POP.4044.MA.5Y:TUN,2003-12-31,6.52092486809775
WDI:SP.POP.4044.MA.5Y:TUN,2004-12-31,6.59517853063855
WDI:SP.POP.4044.MA.5Y:TUN,2005-12-31,6.65710371961248
WDI:SP.POP.4044.MA.5Y:TUN,2006-12-31,6.70471291790468
WDI:SP.POP.4044.MA.5Y:TUN,2007-12-31,6.72159316520618
WDI:SP.POP.4044.MA.5Y:TUN,2008-12-31,6.69978791114354
WDI:SP.POP.4044.MA.5Y:TUN,2009-12-31,6.64502956098241
WDI:SP.POP.4044.MA.5Y:TUN,2010-12-31,6.59027263213235
WDI:SP.POP.4044.MA.5Y:TUN,2011-12-31,6.56154217346323
WDI:SP.POP.4044.MA.5Y:TUN,2012-12-31,6.58446283020636
WDI:SP.POP.4044.MA.5Y:TUN,2013-12-31,6.64472864077915
WDI:SP.POP.4044.MA.5Y:TUN,2014-12-31,6.68056801679209
WDI:SP.POP.4044.MA.5Y:TUN,2015-12-31,6.71058511314
WDI:SP.POP.4044.MA.5Y:TUN,2016-12-31,6.77774484448267
WDI:SP.POP.4044.MA.5Y:TUN,2017-12-31,6.83793516992061
WDI:SP.POP.4044.MA.5Y:TUN,2018-12-31,6.85979837202021
WDI:SP.POP.4044.MA.5Y:TUN,2019-12-31,6.90370490094653
WDI:SP.POP.4044.MA.5Y:TUN,2020-12-31,6.997724406311
WDI:SP.POP.4044.MA.5Y:TUN,2021-12-31,7.09221979900571
WDI:SP.POP.4044.MA.5Y:TUN,2022-12-31,7.15236005395667
WDI:SP.POP.4044.MA.5Y:TUN,2023-12-31,7.20032883587294
WDI:SP.POP.4044.MA.5Y:TUN,2024-12-31,7.23539707103476
WDI:SP.POP.4044.MA.5Y:TUR,1960-12-31,4.50625330485191
WDI:SP.POP.4044.MA.5Y:TUR,1961-12-31,4.50213085950952
WDI:SP.POP.4044.MA.5Y:TUR,1962-12-31,4.48839571361768
WDI:SP.POP.4044.MA.5Y:TUR,1963-12-31,4.48073555973785
WDI:SP.POP.4044.MA.5Y:TUR,1964-12-31,4.47921020684048
WDI:SP.POP.4044.MA.5Y:TUR,1965-12-31,4.48453572918461
WDI:SP.POP.4044.MA.5Y:TUR,1966-12-31,4.49090269378035
WDI:SP.POP.4044.MA.5Y:TUR,1967-12-31,4.49567349259505
WDI:SP.POP.4044.MA.5Y:TUR,1968-12-31,4.50100958512661
WDI:SP.POP.4044.MA.5Y:TUR,1969-12-31,4.50486312696309
WDI:SP.POP.4044.MA.5Y:TUR,1970-12-31,4.50683958625481
WDI:SP.POP.4044.MA.5Y:TUR,1971-12-31,4.51052751875605
WDI:SP.POP.4044.MA.5Y:TUR,1972-12-31,4.5190747523786
WDI:SP.POP.4044.MA.5Y:TUR,1973-12-31,4.53280478423628
WDI:SP.POP.4044.MA.5Y:TUR,1974-12-31,4.55242603217664
WDI:SP.POP.4044.MA.5Y:TUR,1975-12-31,4.5767706699552
WDI:SP.POP.4044.MA.5Y:TUR,1976-12-31,4.59019393192804
WDI:SP.POP.4044.MA.5Y:TUR,1977-12-31,4.58844089334828
WDI:SP.POP.4044.MA.5Y:TUR,1978-12-31,4.58156150425784
WDI:SP.POP.4044.MA.5Y:TUR,1979-12-31,4.57147080600267
WDI:SP.POP.4044.MA.5Y:TUR,1980-12-31,4.55656002021747
WDI:SP.POP.4044.MA.5Y:TUR,1981-12-31,4.53850774644294
WDI:SP.POP.4044.MA.5Y:TUR,1982-12-31,4.5282546179069
WDI:SP.POP.4044.MA.5Y:TUR,1983-12-31,4.52933729737283
WDI:SP.POP.4044.MA.5Y:TUR,1984-12-31,4.53869168330518
WDI:SP.POP.4044.MA.5Y:TUR,1985-12-31,4.55657631211792
WDI:SP.POP.4044.MA.5Y:TUR,1986-12-31,4.5830221499406
WDI:SP.POP.4044.MA.5Y:TUR,1987-12-31,4.61861961190088
WDI:SP.POP.4044.MA.5Y:TUR,1988-12-31,4.66412857928631
WDI:SP.POP.4044.MA.5Y:TUR,1989-12-31,4.72033869891027
WDI:SP.POP.4044.MA.5Y:TUR,1990-12-31,4.79108233219136
WDI:SP.POP.4044.MA.5Y:TUR,1991-12-31,4.87618432795852
WDI:SP.POP.4044.MA.5Y:TUR,1992-12-31,4.97208796432036
WDI:SP.POP.4044.MA.5Y:TUR,1993-12-31,5.07672532118619
WDI:SP.POP.4044.MA.5Y:TUR,1994-12-31,5.18710070601236
WDI:SP.POP.4044.MA.5Y:TUR,1995-12-31,5.31755136151126
WDI:SP.POP.4044.MA.5Y:TUR,1996-12-31,5.46743043846607
WDI:SP.POP.4044.MA.5Y:TUR,1997-12-31,5.61664341116906
WDI:SP.POP.4044.MA.5Y:TUR,1998-12-31,5.75747557290242
WDI:SP.POP.4044.MA.5Y:TUR,1999-12-31,5.88520423890949
WDI:SP.POP.4044.MA.5Y:TUR,2000-12-31,6.00032310800706
WDI:SP.POP.4044.MA.5Y:TUR,2001-12-31,6.10660536637003
WDI:SP.POP.4044.MA.5Y:TUR,2002-12-31,6.20816164630551
WDI:SP.POP.4044.MA.5Y:TUR,2003-12-31,6.30955786982514
WDI:SP.POP.4044.MA.5Y:TUR,2004-12-31,6.41168210584373
WDI:SP.POP.4044.MA.5Y:TUR,2005-12-31,6.50866670850097
WDI:SP.POP.4044.MA.5Y:TUR,2006-12-31,6.59195998653354
WDI:SP.POP.4044.MA.5Y:TUR,2007-12-31,6.65298193511956
WDI:SP.POP.4044.MA.5Y:TUR,2008-12-31,6.70080096804986
WDI:SP.POP.4044.MA.5Y:TUR,2009-12-31,6.69227674483548
WDI:SP.POP.4044.MA.5Y:TUR,2010-12-31,6.59018967698098
WDI:SP.POP.4044.MA.5Y:TUR,2011-12-31,6.49671182889494
WDI:SP.POP.4044.MA.5Y:TUR,2012-12-31,6.48810722832963
WDI:SP.POP.4044.MA.5Y:TUR,2013-12-31,6.55333486140692
WDI:SP.POP.4044.MA.5Y:TUR,2014-12-31,6.6746423128314
WDI:SP.POP.4044.MA.5Y:TUR,2015-12-31,6.832482896938
WDI:SP.POP.4044.MA.5Y:TUR,2016-12-31,7.01588924013966
WDI:SP.POP.4044.MA.5Y:TUR,2017-12-31,7.20711899572195
WDI:SP.POP.4044.MA.5Y:TUR,2018-12-31,7.39292335982345
WDI:SP.POP.4044.MA.5Y:TUR,2019-12-31,7.55762065335906
WDI:SP.POP.4044.MA.5Y:TUR,2020-12-31,7.68475840115188
WDI:SP.POP.4044.MA.5Y:TUR,2021-12-31,7.76087430816834
WDI:SP.POP.4044.MA.5Y:TUR,2022-12-31,7.78178231890189
WDI:SP.POP.4044.MA.5Y:TUR,2023-12-31,7.74753400223214
WDI:SP.POP.4044.MA.5Y:TUR,2024-12-31,7.67187401371954
WDI:SP.POP.4044.MA.5Y:TUV,1960-12-31,6.06617647058823
WDI:SP.POP.4044.MA.5Y:TUV,1961-12-31,6.55379574003277
WDI:SP.POP.4044.MA.5Y:TUV,1962-12-31,7.13640469738031
WDI:SP.POP.4044.MA.5Y:TUV,1963-12-31,7.8012912482066
WDI:SP.POP.4044.MA.5Y:TUV,1964-12-31,7.99062049062049
WDI:SP.POP.4044.MA.5Y:TUV,1965-12-31,7.54543785570038
WDI:SP.POP.4044.MA.5Y:TUV,1966-12-31,6.83728750233514
WDI:SP.POP.4044.MA.5Y:TUV,1967-12-31,5.92030360531309
WDI:SP.POP.4044.MA.5Y:TUV,1968-12-31,4.98076923076923
WDI:SP.POP.4044.MA.5Y:TUV,1969-12-31,4.53492859899652
WDI:SP.POP.4044.MA.5Y:TUV,1970-12-31,4.47045280122794
WDI:SP.POP.4044.MA.5Y:TUV,1971-12-31,4.38847548177829
WDI:SP.POP.4044.MA.5Y:TUV,1972-12-31,4.337899543379
WDI:SP.POP.4044.MA.5Y:TUV,1973-12-31,4.24681013140354
WDI:SP.POP.4044.MA.5Y:TUV,1974-12-31,4.19450631031923
WDI:SP.POP.4044.MA.5Y:TUV,1975-12-31,4.18210693488618
WDI:SP.POP.4044.MA.5Y:TUV,1976-12-31,4.05860559110812
WDI:SP.POP.4044.MA.5Y:TUV,1977-12-31,3.86722526587174
WDI:SP.POP.4044.MA.5Y:TUV,1978-12-31,3.67851622874807
WDI:SP.POP.4044.MA.5Y:TUV,1979-12-31,3.5415421398685
WDI:SP.POP.4044.MA.5Y:TUV,1980-12-31,3.47333236448191
WDI:SP.POP.4044.MA.5Y:TUV,1981-12-31,3.56078876436374
WDI:SP.POP.4044.MA.5Y:TUV,1982-12-31,3.82369299221357
WDI:SP.POP.4044.MA.5Y:TUV,1983-12-31,4.1217415040262
WDI:SP.POP.4044.MA.5Y:TUV,1984-12-31,4.40327560746409
WDI:SP.POP.4044.MA.5Y:TUV,1985-12-31,4.40499671268902
WDI:SP.POP.4044.MA.5Y:TUV,1986-12-31,4.22282120395328
WDI:SP.POP.4044.MA.5Y:TUV,1987-12-31,4.12215659168028
WDI:SP.POP.4044.MA.5Y:TUV,1988-12-31,4.12663217541266
WDI:SP.POP.4044.MA.5Y:TUV,1989-12-31,4.30795221431157
WDI:SP.POP.4044.MA.5Y:TUV,1990-12-31,4.55621301775148
WDI:SP.POP.4044.MA.5Y:TUV,1991-12-31,4.79953515398024
WDI:SP.POP.4044.MA.5Y:TUV,1992-12-31,4.9536666285322
WDI:SP.POP.4044.MA.5Y:TUV,1993-12-31,5.11080958842153
WDI:SP.POP.4044.MA.5Y:TUV,1994-12-31,5.27846119436368
WDI:SP.POP.4044.MA.5Y:TUV,1995-12-31,5.31502602148156
WDI:SP.POP.4044.MA.5Y:TUV,1996-12-31,5.39264140582098
WDI:SP.POP.4044.MA.5Y:TUV,1997-12-31,5.55616080183027
WDI:SP.POP.4044.MA.5Y:TUV,1998-12-31,5.68894657149037
WDI:SP.POP.4044.MA.5Y:TUV,1999-12-31,5.79258463191832
WDI:SP.POP.4044.MA.5Y:TUV,2000-12-31,6.00661474447882
WDI:SP.POP.4044.MA.5Y:TUV,2001-12-31,6.26125648903486
WDI:SP.POP.4044.MA.5Y:TUV,2002-12-31,6.42172860301084
WDI:SP.POP.4044.MA.5Y:TUV,2003-12-31,6.43884142529694
WDI:SP.POP.4044.MA.5Y:TUV,2004-12-31,6.43208863356586
WDI:SP.POP.4044.MA.5Y:TUV,2005-12-31,6.42979711315232
WDI:SP.POP.4044.MA.5Y:TUV,2006-12-31,6.40222686151705
WDI:SP.POP.4044.MA.5Y:TUV,2007-12-31,6.4175308158873
WDI:SP.POP.4044.MA.5Y:TUV,2008-12-31,6.49163300634737
WDI:SP.POP.4044.MA.5Y:TUV,2009-12-31,6.50222096210188
WDI:SP.POP.4044.MA.5Y:TUV,2010-12-31,6.34743875278397
WDI:SP.POP.4044.MA.5Y:TUV,2011-12-31,6.09867103586383
WDI:SP.POP.4044.MA.5Y:TUV,2012-12-31,5.80448975941329
WDI:SP.POP.4044.MA.5Y:TUV,2013-12-31,5.45147829175175
WDI:SP.POP.4044.MA.5Y:TUV,2014-12-31,5.08489643523869
WDI:SP.POP.4044.MA.5Y:TUV,2015-12-31,4.86111111111111
WDI:SP.POP.4044.MA.5Y:TUV,2016-12-31,4.7814451382694
WDI:SP.POP.4044.MA.5Y:TUV,2017-12-31,4.79770855710705
WDI:SP.POP.4044.MA.5Y:TUV,2018-12-31,4.88555143399982
WDI:SP.POP.4044.MA.5Y:TUV,2019-12-31,5.01197715128063
WDI:SP.POP.4044.MA.5Y:TUV,2020-12-31,4.97839564155551
WDI:SP.POP.4044.MA.5Y:TUV,2021-12-31,4.81534772182254
WDI:SP.POP.4044.MA.5Y:TUV,2022-12-31,4.77495107632094
WDI:SP.POP.4044.MA.5Y:TUV,2023-12-31,4.72017526389165
WDI:SP.POP.4044.MA.5Y:TUV,2024-12-31,4.62006079027356
WDI:SP.POP.4044.MA.5Y:TZA,1960-12-31,4.13645492818749
WDI:SP.POP.4044.MA.5Y:TZA,1961-12-31,4.12802206911981
WDI:SP.POP.4044.MA.5Y:TZA,1962-12-31,4.11909601747967
WDI:SP.POP.4044.MA.5Y:TZA,1963-12-31,4.10931976404555
WDI:SP.POP.4044.MA.5Y:TZA,1964-12-31,4.10162212142553
WDI:SP.POP.4044.MA.5Y:TZA,1965-12-31,4.09527962400266
WDI:SP.POP.4044.MA.5Y:TZA,1966-12-31,4.08903182329101
WDI:SP.POP.4044.MA.5Y:TZA,1967-12-31,4.08290662621204
WDI:SP.POP.4044.MA.5Y:TZA,1968-12-31,4.0806300881104
WDI:SP.POP.4044.MA.5Y:TZA,1969-12-31,4.07992936870094
WDI:SP.POP.4044.MA.5Y:TZA,1970-12-31,4.07495273090507
WDI:SP.POP.4044.MA.5Y:TZA,1971-12-31,4.06758839587249
WDI:SP.POP.4044.MA.5Y:TZA,1972-12-31,4.06144695577698
WDI:SP.POP.4044.MA.5Y:TZA,1973-12-31,4.05473322046336
WDI:SP.POP.4044.MA.5Y:TZA,1974-12-31,4.04506532558829
WDI:SP.POP.4044.MA.5Y:TZA,1975-12-31,4.03535620979072
WDI:SP.POP.4044.MA.5Y:TZA,1976-12-31,4.02969141734161
WDI:SP.POP.4044.MA.5Y:TZA,1977-12-31,4.0301210281454
WDI:SP.POP.4044.MA.5Y:TZA,1978-12-31,4.03378032535892
WDI:SP.POP.4044.MA.5Y:TZA,1979-12-31,4.03586843825366
WDI:SP.POP.4044.MA.5Y:TZA,1980-12-31,4.02491121952389
WDI:SP.POP.4044.MA.5Y:TZA,1981-12-31,4.0073437504475
WDI:SP.POP.4044.MA.5Y:TZA,1982-12-31,4.00004754128981
WDI:SP.POP.4044.MA.5Y:TZA,1983-12-31,4.04394697080784
WDI:SP.POP.4044.MA.5Y:TZA,1984-12-31,4.10582560800752
WDI:SP.POP.4044.MA.5Y:TZA,1985-12-31,4.19032693879637
WDI:SP.POP.4044.MA.5Y:TZA,1986-12-31,4.29743860812825
WDI:SP.POP.4044.MA.5Y:TZA,1987-12-31,4.40107607477911
WDI:SP.POP.4044.MA.5Y:TZA,1988-12-31,4.46243484567822
WDI:SP.POP.4044.MA.5Y:TZA,1989-12-31,4.44167745409974
WDI:SP.POP.4044.MA.5Y:TZA,1990-12-31,4.37514602279243
WDI:SP.POP.4044.MA.5Y:TZA,1991-12-31,4.2770715096268
WDI:SP.POP.4044.MA.5Y:TZA,1992-12-31,4.16065220511185
WDI:SP.POP.4044.MA.5Y:TZA,1993-12-31,4.06579924977538
WDI:SP.POP.4044.MA.5Y:TZA,1994-12-31,4.01190023372784
WDI:SP.POP.4044.MA.5Y:TZA,1995-12-31,3.94715887515847
WDI:SP.POP.4044.MA.5Y:TZA,1996-12-31,3.83432725922284
WDI:SP.POP.4044.MA.5Y:TZA,1997-12-31,3.72203636966569
WDI:SP.POP.4044.MA.5Y:TZA,1998-12-31,3.63349732335603
WDI:SP.POP.4044.MA.5Y:TZA,1999-12-31,3.55199737304404
WDI:SP.POP.4044.MA.5Y:TZA,2000-12-31,3.48842591450442
WDI:SP.POP.4044.MA.5Y:TZA,2001-12-31,3.43322123580272
WDI:SP.POP.4044.MA.5Y:TZA,2002-12-31,3.38999730399082
WDI:SP.POP.4044.MA.5Y:TZA,2003-12-31,3.37004770154593
WDI:SP.POP.4044.MA.5Y:TZA,2004-12-31,3.37701685748937
WDI:SP.POP.4044.MA.5Y:TZA,2005-12-31,3.41246265573219
WDI:SP.POP.4044.MA.5Y:TZA,2006-12-31,3.47741793324461
WDI:SP.POP.4044.MA.5Y:TZA,2007-12-31,3.56851346714757
WDI:SP.POP.4044.MA.5Y:TZA,2008-12-31,3.67299640393368
WDI:SP.POP.4044.MA.5Y:TZA,2009-12-31,3.77724295281572
WDI:SP.POP.4044.MA.5Y:TZA,2010-12-31,3.88545146129391
WDI:SP.POP.4044.MA.5Y:TZA,2011-12-31,3.99681487924542
WDI:SP.POP.4044.MA.5Y:TZA,2012-12-31,4.09686603806941
WDI:SP.POP.4044.MA.5Y:TZA,2013-12-31,4.18173502098763
WDI:SP.POP.4044.MA.5Y:TZA,2014-12-31,4.24895819582704
WDI:SP.POP.4044.MA.5Y:TZA,2015-12-31,4.30374073318873
WDI:SP.POP.4044.MA.5Y:TZA,2016-12-31,4.34121610423007
WDI:SP.POP.4044.MA.5Y:TZA,2017-12-31,4.35825046875365
WDI:SP.POP.4044.MA.5Y:TZA,2018-12-31,4.35935071137998
WDI:SP.POP.4044.MA.5Y:TZA,2019-12-31,4.34861121404353
WDI:SP.POP.4044.MA.5Y:TZA,2020-12-31,4.33910674565653
WDI:SP.POP.4044.MA.5Y:TZA,2021-12-31,4.33603680494091
WDI:SP.POP.4044.MA.5Y:TZA,2022-12-31,4.33996486000707
WDI:SP.POP.4044.MA.5Y:TZA,2023-12-31,4.35244918456787
WDI:SP.POP.4044.MA.5Y:TZA,2024-12-31,4.37191295505234
WDI:SP.POP.4044.MA.5Y:UGA,1960-12-31,4.97296716720758
WDI:SP.POP.4044.MA.5Y:UGA,1961-12-31,4.91982541250942
WDI:SP.POP.4044.MA.5Y:UGA,1962-12-31,4.86570107826529
WDI:SP.POP.4044.MA.5Y:UGA,1963-12-31,4.81119807020841
WDI:SP.POP.4044.MA.5Y:UGA,1964-12-31,4.75684968646655
WDI:SP.POP.4044.MA.5Y:UGA,1965-12-31,4.70202240399916
WDI:SP.POP.4044.MA.5Y:UGA,1966-12-31,4.64494100236052
WDI:SP.POP.4044.MA.5Y:UGA,1967-12-31,4.5835533378325
WDI:SP.POP.4044.MA.5Y:UGA,1968-12-31,4.51647076794096
WDI:SP.POP.4044.MA.5Y:UGA,1969-12-31,4.44231101074552
WDI:SP.POP.4044.MA.5Y:UGA,1970-12-31,4.35923196006764
WDI:SP.POP.4044.MA.5Y:UGA,1971-12-31,4.26511573491632
WDI:SP.POP.4044.MA.5Y:UGA,1972-12-31,4.15695898639755
WDI:SP.POP.4044.MA.5Y:UGA,1973-12-31,4.03783756670918
WDI:SP.POP.4044.MA.5Y:UGA,1974-12-31,3.91463671905675
WDI:SP.POP.4044.MA.5Y:UGA,1975-12-31,3.7883843466285
WDI:SP.POP.4044.MA.5Y:UGA,1976-12-31,3.66072945810804
WDI:SP.POP.4044.MA.5Y:UGA,1977-12-31,3.5360159158662
WDI:SP.POP.4044.MA.5Y:UGA,1978-12-31,3.41735623643377
WDI:SP.POP.4044.MA.5Y:UGA,1979-12-31,3.29936149932151
WDI:SP.POP.4044.MA.5Y:UGA,1980-12-31,3.18130748132737
WDI:SP.POP.4044.MA.5Y:UGA,1981-12-31,3.07369385213415
WDI:SP.POP.4044.MA.5Y:UGA,1982-12-31,2.98163089596433
WDI:SP.POP.4044.MA.5Y:UGA,1983-12-31,2.90519559665859
WDI:SP.POP.4044.MA.5Y:UGA,1984-12-31,2.85713051057805
WDI:SP.POP.4044.MA.5Y:UGA,1985-12-31,2.83896511377454
WDI:SP.POP.4044.MA.5Y:UGA,1986-12-31,2.84675212586745
WDI:SP.POP.4044.MA.5Y:UGA,1987-12-31,2.89134667349351
WDI:SP.POP.4044.MA.5Y:UGA,1988-12-31,2.98015633023477
WDI:SP.POP.4044.MA.5Y:UGA,1989-12-31,3.11008629918938
WDI:SP.POP.4044.MA.5Y:UGA,1990-12-31,3.2319716961183
WDI:SP.POP.4044.MA.5Y:UGA,1991-12-31,3.31955822159333
WDI:SP.POP.4044.MA.5Y:UGA,1992-12-31,3.38384873095619
WDI:SP.POP.4044.MA.5Y:UGA,1993-12-31,3.41496178007704
WDI:SP.POP.4044.MA.5Y:UGA,1994-12-31,3.40380845701484
WDI:SP.POP.4044.MA.5Y:UGA,1995-12-31,3.36654791941782
WDI:SP.POP.4044.MA.5Y:UGA,1996-12-31,3.34213171917335
WDI:SP.POP.4044.MA.5Y:UGA,1997-12-31,3.32569674129849
WDI:SP.POP.4044.MA.5Y:UGA,1998-12-31,3.31359184222454
WDI:SP.POP.4044.MA.5Y:UGA,1999-12-31,3.31281814264689
WDI:SP.POP.4044.MA.5Y:UGA,2000-12-31,3.31192547742614
WDI:SP.POP.4044.MA.5Y:UGA,2001-12-31,3.31197129699961
WDI:SP.POP.4044.MA.5Y:UGA,2002-12-31,3.31869036381371
WDI:SP.POP.4044.MA.5Y:UGA,2003-12-31,3.33195678175741
WDI:SP.POP.4044.MA.5Y:UGA,2004-12-31,3.34654312252176
WDI:SP.POP.4044.MA.5Y:UGA,2005-12-31,3.36661103311177
WDI:SP.POP.4044.MA.5Y:UGA,2006-12-31,3.39468929470789
WDI:SP.POP.4044.MA.5Y:UGA,2007-12-31,3.42989490987158
WDI:SP.POP.4044.MA.5Y:UGA,2008-12-31,3.46918243439922
WDI:SP.POP.4044.MA.5Y:UGA,2009-12-31,3.50489619787081
WDI:SP.POP.4044.MA.5Y:UGA,2010-12-31,3.53303493032687
WDI:SP.POP.4044.MA.5Y:UGA,2011-12-31,3.55359286758804
WDI:SP.POP.4044.MA.5Y:UGA,2012-12-31,3.56263182452741
WDI:SP.POP.4044.MA.5Y:UGA,2013-12-31,3.55653428897076
WDI:SP.POP.4044.MA.5Y:UGA,2014-12-31,3.54181817453807
WDI:SP.POP.4044.MA.5Y:UGA,2015-12-31,3.52686217237548
WDI:SP.POP.4044.MA.5Y:UGA,2016-12-31,3.51739014425316
WDI:SP.POP.4044.MA.5Y:UGA,2017-12-31,3.51321926018995
WDI:SP.POP.4044.MA.5Y:UGA,2018-12-31,3.51267203617682
WDI:SP.POP.4044.MA.5Y:UGA,2019-12-31,3.52302234183045
WDI:SP.POP.4044.MA.5Y:UGA,2020-12-31,3.53955393815448
WDI:SP.POP.4044.MA.5Y:UGA,2021-12-31,3.56120844810607
WDI:SP.POP.4044.MA.5Y:UGA,2022-12-31,3.59338159255429
WDI:SP.POP.4044.MA.5Y:UGA,2023-12-31,3.63697754544621
WDI:SP.POP.4044.MA.5Y:UGA,2024-12-31,3.70258543128171
WDI:SP.POP.4044.MA.5Y:UKR,1960-12-31,4.05991288088296
WDI:SP.POP.4044.MA.5Y:UKR,1961-12-31,4.18142636017392
WDI:SP.POP.4044.MA.5Y:UKR,1962-12-31,4.49121532275124
WDI:SP.POP.4044.MA.5Y:UKR,1963-12-31,4.82647799028961
WDI:SP.POP.4044.MA.5Y:UKR,1964-12-31,5.19732233864258
WDI:SP.POP.4044.MA.5Y:UKR,1965-12-31,5.70122377943781
WDI:SP.POP.4044.MA.5Y:UKR,1966-12-31,6.25823964431317
WDI:SP.POP.4044.MA.5Y:UKR,1967-12-31,6.89469632615078
WDI:SP.POP.4044.MA.5Y:UKR,1968-12-31,7.53207667077056
WDI:SP.POP.4044.MA.5Y:UKR,1969-12-31,8.01814113996855
WDI:SP.POP.4044.MA.5Y:UKR,1970-12-31,8.35201195581736
WDI:SP.POP.4044.MA.5Y:UKR,1971-12-31,8.39808938408969
WDI:SP.POP.4044.MA.5Y:UKR,1972-12-31,8.07750909366473
WDI:SP.POP.4044.MA.5Y:UKR,1973-12-31,7.50080683089325
WDI:SP.POP.4044.MA.5Y:UKR,1974-12-31,6.88071525936544
WDI:SP.POP.4044.MA.5Y:UKR,1975-12-31,6.50600528676849
WDI:SP.POP.4044.MA.5Y:UKR,1976-12-31,6.58088859080464
WDI:SP.POP.4044.MA.5Y:UKR,1977-12-31,7.13581262371597
WDI:SP.POP.4044.MA.5Y:UKR,1978-12-31,7.94626476996036
WDI:SP.POP.4044.MA.5Y:UKR,1979-12-31,8.62333137190768
WDI:SP.POP.4044.MA.5Y:UKR,1980-12-31,8.87486564577535
WDI:SP.POP.4044.MA.5Y:UKR,1981-12-31,8.75747693264676
WDI:SP.POP.4044.MA.5Y:UKR,1982-12-31,8.13925966961026
WDI:SP.POP.4044.MA.5Y:UKR,1983-12-31,7.05097128003411
WDI:SP.POP.4044.MA.5Y:UKR,1984-12-31,6.03447954705439
WDI:SP.POP.4044.MA.5Y:UKR,1985-12-31,5.24171307861678
WDI:SP.POP.4044.MA.5Y:UKR,1986-12-31,4.751676123524
WDI:SP.POP.4044.MA.5Y:UKR,1987-12-31,4.76500849025024
WDI:SP.POP.4044.MA.5Y:UKR,1988-12-31,4.99515682096147
WDI:SP.POP.4044.MA.5Y:UKR,1989-12-31,5.36905712209405
WDI:SP.POP.4044.MA.5Y:UKR,1990-12-31,6.00939297001244
WDI:SP.POP.4044.MA.5Y:UKR,1991-12-31,6.65175054231023
WDI:SP.POP.4044.MA.5Y:UKR,1992-12-31,7.01452460277084
WDI:SP.POP.4044.MA.5Y:UKR,1993-12-31,7.30920274375812
WDI:SP.POP.4044.MA.5Y:UKR,1994-12-31,7.46939358374829
WDI:SP.POP.4044.MA.5Y:UKR,1995-12-31,7.43669394832383
WDI:SP.POP.4044.MA.5Y:UKR,1996-12-31,7.50202603169266
WDI:SP.POP.4044.MA.5Y:UKR,1997-12-31,7.62222182275773
WDI:SP.POP.4044.MA.5Y:UKR,1998-12-31,7.82947062945808
WDI:SP.POP.4044.MA.5Y:UKR,1999-12-31,8.10891538319323
WDI:SP.POP.4044.MA.5Y:UKR,2000-12-31,8.37052008058379
WDI:SP.POP.4044.MA.5Y:UKR,2001-12-31,8.52771128629938
WDI:SP.POP.4044.MA.5Y:UKR,2002-12-31,8.65233758335658
WDI:SP.POP.4044.MA.5Y:UKR,2003-12-31,8.79096804950267
WDI:SP.POP.4044.MA.5Y:UKR,2004-12-31,8.80877831366567
WDI:SP.POP.4044.MA.5Y:UKR,2005-12-31,8.74402688811678
WDI:SP.POP.4044.MA.5Y:UKR,2006-12-31,8.60268621512669
WDI:SP.POP.4044.MA.5Y:UKR,2007-12-31,8.30629780827023
WDI:SP.POP.4044.MA.5Y:UKR,2008-12-31,7.85287082054422
WDI:SP.POP.4044.MA.5Y:UKR,2009-12-31,7.54618362591246
WDI:SP.POP.4044.MA.5Y:UKR,2010-12-31,7.54565973119117
WDI:SP.POP.4044.MA.5Y:UKR,2011-12-31,7.49806140835925
WDI:SP.POP.4044.MA.5Y:UKR,2012-12-31,7.30223880032876
WDI:SP.POP.4044.MA.5Y:UKR,2013-12-31,7.18069042241209
WDI:SP.POP.4044.MA.5Y:UKR,2014-12-31,7.07937271161635
WDI:SP.POP.4044.MA.5Y:UKR,2015-12-31,6.87179061477153
WDI:SP.POP.4044.MA.5Y:UKR,2016-12-31,6.86466569391537
WDI:SP.POP.4044.MA.5Y:UKR,2017-12-31,7.0764408493571
WDI:SP.POP.4044.MA.5Y:UKR,2018-12-31,7.3336857198622
WDI:SP.POP.4044.MA.5Y:UKR,2019-12-31,7.55244443192974
WDI:SP.POP.4044.MA.5Y:UKR,2020-12-31,7.70461179677569
WDI:SP.POP.4044.MA.5Y:UKR,2021-12-31,7.90866992744234
WDI:SP.POP.4044.MA.5Y:UKR,2022-12-31,8.18961596376837
WDI:SP.POP.4044.MA.5Y:UKR,2023-12-31,8.5807750147968
WDI:SP.POP.4044.MA.5Y:UKR,2024-12-31,8.83922909529098
WDI:SP.POP.4044.MA.5Y:UMC,1960-12-31,4.8430150464751405
WDI:SP.POP.4044.MA.5Y:UMC,1961-12-31,4.862741971136302
WDI:SP.POP.4044.MA.5Y:UMC,1962-12-31,4.876815732743868
WDI:SP.POP.4044.MA.5Y:UMC,1963-12-31,4.876993772834303
WDI:SP.POP.4044.MA.5Y:UMC,1964-12-31,4.900013481546482
WDI:SP.POP.4044.MA.5Y:UMC,1965-12-31,4.932129064814012
WDI:SP.POP.4044.MA.5Y:UMC,1966-12-31,4.944983216636991
WDI:SP.POP.4044.MA.5Y:UMC,1967-12-31,4.96965171496585
WDI:SP.POP.4044.MA.5Y:UMC,1968-12-31,5.007134671055683
WDI:SP.POP.4044.MA.5Y:UMC,1969-12-31,5.01493330021688
WDI:SP.POP.4044.MA.5Y:UMC,1970-12-31,5.009587383571183
WDI:SP.POP.4044.MA.5Y:UMC,1971-12-31,5.007048904063292
WDI:SP.POP.4044.MA.5Y:UMC,1972-12-31,4.993162211896985
WDI:SP.POP.4044.MA.5Y:UMC,1973-12-31,4.978383225703206
WDI:SP.POP.4044.MA.5Y:UMC,1974-12-31,4.973135149057077
WDI:SP.POP.4044.MA.5Y:UMC,1975-12-31,4.9706873848542354
WDI:SP.POP.4044.MA.5Y:UMC,1976-12-31,4.985628002983354
WDI:SP.POP.4044.MA.5Y:UMC,1977-12-31,5.015808539595878
WDI:SP.POP.4044.MA.5Y:UMC,1978-12-31,5.026207209573203
WDI:SP.POP.4044.MA.5Y:UMC,1979-12-31,4.994863812957874
WDI:SP.POP.4044.MA.5Y:UMC,1980-12-31,4.948087354687682
WDI:SP.POP.4044.MA.5Y:UMC,1981-12-31,4.9063417144807095
WDI:SP.POP.4044.MA.5Y:UMC,1982-12-31,4.839331387299424
WDI:SP.POP.4044.MA.5Y:UMC,1983-12-31,4.750820904259015
WDI:SP.POP.4044.MA.5Y:UMC,1984-12-31,4.6899125705076194
WDI:SP.POP.4044.MA.5Y:UMC,1985-12-31,4.657809337748338
WDI:SP.POP.4044.MA.5Y:UMC,1986-12-31,4.657638223397267
WDI:SP.POP.4044.MA.5Y:UMC,1987-12-31,4.722164123645599
WDI:SP.POP.4044.MA.5Y:UMC,1988-12-31,4.847693633705644
WDI:SP.POP.4044.MA.5Y:UMC,1989-12-31,5.010098230583674
WDI:SP.POP.4044.MA.5Y:UMC,1990-12-31,5.219461850295998
WDI:SP.POP.4044.MA.5Y:UMC,1991-12-31,5.446735627666219
WDI:SP.POP.4044.MA.5Y:UMC,1992-12-31,5.690959952208841
WDI:SP.POP.4044.MA.5Y:UMC,1993-12-31,5.936557006252563
WDI:SP.POP.4044.MA.5Y:UMC,1994-12-31,6.14360649031514
WDI:SP.POP.4044.MA.5Y:UMC,1995-12-31,6.315759305417264
WDI:SP.POP.4044.MA.5Y:UMC,1996-12-31,6.4365048593771785
WDI:SP.POP.4044.MA.5Y:UMC,1997-12-31,6.524358356034942
WDI:SP.POP.4044.MA.5Y:UMC,1998-12-31,6.568045005472296
WDI:SP.POP.4044.MA.5Y:UMC,1999-12-31,6.48961157076875
WDI:SP.POP.4044.MA.5Y:UMC,2000-12-31,6.3077858644630815
WDI:SP.POP.4044.MA.5Y:UMC,2001-12-31,6.114286394333408
WDI:SP.POP.4044.MA.5Y:UMC,2002-12-31,6.068493967023478
WDI:SP.POP.4044.MA.5Y:UMC,2003-12-31,6.326489972450799
WDI:SP.POP.4044.MA.5Y:UMC,2004-12-31,6.746759405933331
WDI:SP.POP.4044.MA.5Y:UMC,2005-12-31,7.172961171041117
WDI:SP.POP.4044.MA.5Y:UMC,2006-12-31,7.599622351937827
WDI:SP.POP.4044.MA.5Y:UMC,2007-12-31,7.823260394954843
WDI:SP.POP.4044.MA.5Y:UMC,2008-12-31,7.809464447127416
WDI:SP.POP.4044.MA.5Y:UMC,2009-12-31,7.80395402444023
WDI:SP.POP.4044.MA.5Y:UMC,2010-12-31,7.854035324505154
WDI:SP.POP.4044.MA.5Y:UMC,2011-12-31,7.899585195795525
WDI:SP.POP.4044.MA.5Y:UMC,2012-12-31,7.9382915751647305
WDI:SP.POP.4044.MA.5Y:UMC,2013-12-31,7.908690871552957
WDI:SP.POP.4044.MA.5Y:UMC,2014-12-31,7.779466019633195
WDI:SP.POP.4044.MA.5Y:UMC,2015-12-31,7.580239455317636
WDI:SP.POP.4044.MA.5Y:UMC,2016-12-31,7.350946849446722
WDI:SP.POP.4044.MA.5Y:UMC,2017-12-31,7.130486580935862
WDI:SP.POP.4044.MA.5Y:UMC,2018-12-31,6.9258806868371225
WDI:SP.POP.4044.MA.5Y:UMC,2019-12-31,6.794359662915043
WDI:SP.POP.4044.MA.5Y:UMC,2020-12-31,6.7676026799067905
WDI:SP.POP.4044.MA.5Y:UMC,2021-12-31,6.826754629613594
WDI:SP.POP.4044.MA.5Y:UMC,2022-12-31,6.972548254290683
WDI:SP.POP.4044.MA.5Y:UMC,2023-12-31,7.1290001349335705
WDI:SP.POP.4044.MA.5Y:UMC,2024-12-31,7.241777134594827
WDI:SP.POP.4044.MA.5Y:URY,1960-12-31,6.12510709332542
WDI:SP.POP.4044.MA.5Y:URY,1961-12-31,6.13561833871959
WDI:SP.POP.4044.MA.5Y:URY,1962-12-31,6.20761544360479
WDI:SP.POP.4044.MA.5Y:URY,1963-12-31,6.32039472881831
WDI:SP.POP.4044.MA.5Y:URY,1964-12-31,6.431896479541
WDI:SP.POP.4044.MA.5Y:URY,1965-12-31,6.52249677166069
WDI:SP.POP.4044.MA.5Y:URY,1966-12-31,6.59807935791025
WDI:SP.POP.4044.MA.5Y:URY,1967-12-31,6.6586493443544
WDI:SP.POP.4044.MA.5Y:URY,1968-12-31,6.70296024016176
WDI:SP.POP.4044.MA.5Y:URY,1969-12-31,6.73219187962904
WDI:SP.POP.4044.MA.5Y:URY,1970-12-31,6.74723377483993
WDI:SP.POP.4044.MA.5Y:URY,1971-12-31,6.74577731129414
WDI:SP.POP.4044.MA.5Y:URY,1972-12-31,6.72623438923287
WDI:SP.POP.4044.MA.5Y:URY,1973-12-31,6.68886619202827
WDI:SP.POP.4044.MA.5Y:URY,1974-12-31,6.63556296424032
WDI:SP.POP.4044.MA.5Y:URY,1975-12-31,6.5692198665203
WDI:SP.POP.4044.MA.5Y:URY,1976-12-31,6.49402643686678
WDI:SP.POP.4044.MA.5Y:URY,1977-12-31,6.41549807171791
WDI:SP.POP.4044.MA.5Y:URY,1978-12-31,6.33488834864883
WDI:SP.POP.4044.MA.5Y:URY,1979-12-31,6.25488010565093
WDI:SP.POP.4044.MA.5Y:URY,1980-12-31,6.17976248329486
WDI:SP.POP.4044.MA.5Y:URY,1981-12-31,6.1092193041171
WDI:SP.POP.4044.MA.5Y:URY,1982-12-31,6.04221534518467
WDI:SP.POP.4044.MA.5Y:URY,1983-12-31,5.98140084219764
WDI:SP.POP.4044.MA.5Y:URY,1984-12-31,5.92950349071655
WDI:SP.POP.4044.MA.5Y:URY,1985-12-31,5.88727008942191
WDI:SP.POP.4044.MA.5Y:URY,1986-12-31,5.85572470796609
WDI:SP.POP.4044.MA.5Y:URY,1987-12-31,5.83999465729321
WDI:SP.POP.4044.MA.5Y:URY,1988-12-31,5.82972392263346
WDI:SP.POP.4044.MA.5Y:URY,1989-12-31,5.81493373089706
WDI:SP.POP.4044.MA.5Y:URY,1990-12-31,5.80624738196002
WDI:SP.POP.4044.MA.5Y:URY,1991-12-31,5.80607625841221
WDI:SP.POP.4044.MA.5Y:URY,1992-12-31,5.81216297614521
WDI:SP.POP.4044.MA.5Y:URY,1993-12-31,5.83963174987078
WDI:SP.POP.4044.MA.5Y:URY,1994-12-31,5.89699835765786
WDI:SP.POP.4044.MA.5Y:URY,1995-12-31,5.96358711105973
WDI:SP.POP.4044.MA.5Y:URY,1996-12-31,6.03558154523425
WDI:SP.POP.4044.MA.5Y:URY,1997-12-31,6.11155408982758
WDI:SP.POP.4044.MA.5Y:URY,1998-12-31,6.18245839074913
WDI:SP.POP.4044.MA.5Y:URY,1999-12-31,6.24675901215956
WDI:SP.POP.4044.MA.5Y:URY,2000-12-31,6.30684998159624
WDI:SP.POP.4044.MA.5Y:URY,2001-12-31,6.36247366671583
WDI:SP.POP.4044.MA.5Y:URY,2002-12-31,6.41341038355997
WDI:SP.POP.4044.MA.5Y:URY,2003-12-31,6.46708125093822
WDI:SP.POP.4044.MA.5Y:URY,2004-12-31,6.51400170174287
WDI:SP.POP.4044.MA.5Y:URY,2005-12-31,6.5481000902933
WDI:SP.POP.4044.MA.5Y:URY,2006-12-31,6.56252861768281
WDI:SP.POP.4044.MA.5Y:URY,2007-12-31,6.54263971823028
WDI:SP.POP.4044.MA.5Y:URY,2008-12-31,6.49381381520314
WDI:SP.POP.4044.MA.5Y:URY,2009-12-31,6.43817705688681
WDI:SP.POP.4044.MA.5Y:URY,2010-12-31,6.39659843711303
WDI:SP.POP.4044.MA.5Y:URY,2011-12-31,6.37483573530681
WDI:SP.POP.4044.MA.5Y:URY,2012-12-31,6.37298876513011
WDI:SP.POP.4044.MA.5Y:URY,2013-12-31,6.40387460905978
WDI:SP.POP.4044.MA.5Y:URY,2014-12-31,6.48917497050962
WDI:SP.POP.4044.MA.5Y:URY,2015-12-31,6.62064063699126
WDI:SP.POP.4044.MA.5Y:URY,2016-12-31,6.7650548477124
WDI:SP.POP.4044.MA.5Y:URY,2017-12-31,6.88658261546744
WDI:SP.POP.4044.MA.5Y:URY,2018-12-31,6.95625471550257
WDI:SP.POP.4044.MA.5Y:URY,2019-12-31,6.94192542738311
WDI:SP.POP.4044.MA.5Y:URY,2020-12-31,6.82904636177379
WDI:SP.POP.4044.MA.5Y:URY,2021-12-31,6.67538933321679
WDI:SP.POP.4044.MA.5Y:URY,2022-12-31,6.55288942187238
WDI:SP.POP.4044.MA.5Y:URY,2023-12-31,6.47448889538104
WDI:SP.POP.4044.MA.5Y:URY,2024-12-31,6.44527444963959
WDI:SP.POP.4044.MA.5Y:USA,1960-12-31,6.49588368610677
WDI:SP.POP.4044.MA.5Y:USA,1961-12-31,6.50153346121653
WDI:SP.POP.4044.MA.5Y:USA,1962-12-31,6.5006397884381
WDI:SP.POP.4044.MA.5Y:USA,1963-12-31,6.47142406931421
WDI:SP.POP.4044.MA.5Y:USA,1964-12-31,6.42307683009801
WDI:SP.POP.4044.MA.5Y:USA,1965-12-31,6.35599500756692
WDI:SP.POP.4044.MA.5Y:USA,1966-12-31,6.25409795031835
WDI:SP.POP.4044.MA.5Y:USA,1967-12-31,6.15449029580246
WDI:SP.POP.4044.MA.5Y:USA,1968-12-31,6.0609881096365
WDI:SP.POP.4044.MA.5Y:USA,1969-12-31,5.94907345029452
WDI:SP.POP.4044.MA.5Y:USA,1970-12-31,5.84058760909126
WDI:SP.POP.4044.MA.5Y:USA,1971-12-31,5.73153369892888
WDI:SP.POP.4044.MA.5Y:USA,1972-12-31,5.60194601173072
WDI:SP.POP.4044.MA.5Y:USA,1973-12-31,5.47190295302165
WDI:SP.POP.4044.MA.5Y:USA,1974-12-31,5.36722072601995
WDI:SP.POP.4044.MA.5Y:USA,1975-12-31,5.28159864930526
WDI:SP.POP.4044.MA.5Y:USA,1976-12-31,5.22645120634232
WDI:SP.POP.4044.MA.5Y:USA,1977-12-31,5.21340245340567
WDI:SP.POP.4044.MA.5Y:USA,1978-12-31,5.23394875414236
WDI:SP.POP.4044.MA.5Y:USA,1979-12-31,5.24265911845454
WDI:SP.POP.4044.MA.5Y:USA,1980-12-31,5.23189842767089
WDI:SP.POP.4044.MA.5Y:USA,1981-12-31,5.27495963466239
WDI:SP.POP.4044.MA.5Y:USA,1982-12-31,5.42023891911189
WDI:SP.POP.4044.MA.5Y:USA,1983-12-31,5.63618210608763
WDI:SP.POP.4044.MA.5Y:USA,1984-12-31,5.86923707023425
WDI:SP.POP.4044.MA.5Y:USA,1985-12-31,6.0779670172482
WDI:SP.POP.4044.MA.5Y:USA,1986-12-31,6.33676715125306
WDI:SP.POP.4044.MA.5Y:USA,1987-12-31,6.64969610836114
WDI:SP.POP.4044.MA.5Y:USA,1988-12-31,6.89814417505695
WDI:SP.POP.4044.MA.5Y:USA,1989-12-31,7.11241920034097
WDI:SP.POP.4044.MA.5Y:USA,1990-12-31,7.33905873885785
WDI:SP.POP.4044.MA.5Y:USA,1991-12-31,7.46926606458574
WDI:SP.POP.4044.MA.5Y:USA,1992-12-31,7.47903767445017
WDI:SP.POP.4044.MA.5Y:USA,1993-12-31,7.51289584818973
WDI:SP.POP.4044.MA.5Y:USA,1994-12-31,7.61525120031347
WDI:SP.POP.4044.MA.5Y:USA,1995-12-31,7.73903690871202
WDI:SP.POP.4044.MA.5Y:USA,1996-12-31,7.8538106935166
WDI:SP.POP.4044.MA.5Y:USA,1997-12-31,7.96238068596262
WDI:SP.POP.4044.MA.5Y:USA,1998-12-31,8.05615354207352
WDI:SP.POP.4044.MA.5Y:USA,1999-12-31,8.11781653663955
WDI:SP.POP.4044.MA.5Y:USA,2000-12-31,8.1598040599136
WDI:SP.POP.4044.MA.5Y:USA,2001-12-31,8.19826375430578
WDI:SP.POP.4044.MA.5Y:USA,2002-12-31,8.19760168735684
WDI:SP.POP.4044.MA.5Y:USA,2003-12-31,8.13876771205458
WDI:SP.POP.4044.MA.5Y:USA,2004-12-31,8.04316344842839
WDI:SP.POP.4044.MA.5Y:USA,2005-12-31,7.89549872482378
WDI:SP.POP.4044.MA.5Y:USA,2006-12-31,7.68435752013481
WDI:SP.POP.4044.MA.5Y:USA,2007-12-31,7.44658369730589
WDI:SP.POP.4044.MA.5Y:USA,2008-12-31,7.21860800536573
WDI:SP.POP.4044.MA.5Y:USA,2009-12-31,7.02685702121749
WDI:SP.POP.4044.MA.5Y:USA,2010-12-31,6.9214069585941
WDI:SP.POP.4044.MA.5Y:USA,2011-12-31,6.87889943206504
WDI:SP.POP.4044.MA.5Y:USA,2012-12-31,6.81361573625333
WDI:SP.POP.4044.MA.5Y:USA,2013-12-31,6.71116583930938
WDI:SP.POP.4044.MA.5Y:USA,2014-12-31,6.59026819910466
WDI:SP.POP.4044.MA.5Y:USA,2015-12-31,6.43936440094111
WDI:SP.POP.4044.MA.5Y:USA,2016-12-31,6.29693389776909
WDI:SP.POP.4044.MA.5Y:USA,2017-12-31,6.25139142807046
WDI:SP.POP.4044.MA.5Y:USA,2018-12-31,6.29147973347672
WDI:SP.POP.4044.MA.5Y:USA,2019-12-31,6.36548731220563
WDI:SP.POP.4044.MA.5Y:USA,2020-12-31,6.47474625447329
WDI:SP.POP.4044.MA.5Y:USA,2021-12-31,6.60093210229305
WDI:SP.POP.4044.MA.5Y:USA,2022-12-31,6.70660952480561
WDI:SP.POP.4044.MA.5Y:USA,2023-12-31,6.78673682301333
WDI:SP.POP.4044.MA.5Y:USA,2024-12-31,6.83069789411879
WDI:SP.POP.4044.MA.5Y:UZB,1960-12-31,2.75367959809319
WDI:SP.POP.4044.MA.5Y:UZB,1961-12-31,2.79425939150361
WDI:SP.POP.4044.MA.5Y:UZB,1962-12-31,2.90917589088102
WDI:SP.POP.4044.MA.5Y:UZB,1963-12-31,3.10488759844757
WDI:SP.POP.4044.MA.5Y:UZB,1964-12-31,3.40393340181476
WDI:SP.POP.4044.MA.5Y:UZB,1965-12-31,3.77075387493495
WDI:SP.POP.4044.MA.5Y:UZB,1966-12-31,4.22176857411961
WDI:SP.POP.4044.MA.5Y:UZB,1967-12-31,4.77121639985423
WDI:SP.POP.4044.MA.5Y:UZB,1968-12-31,5.31246643015051
WDI:SP.POP.4044.MA.5Y:UZB,1969-12-31,5.69506246556559
WDI:SP.POP.4044.MA.5Y:UZB,1970-12-31,5.88329909041253
WDI:SP.POP.4044.MA.5Y:UZB,1971-12-31,5.88297836003475
WDI:SP.POP.4044.MA.5Y:UZB,1972-12-31,5.68896603819703
WDI:SP.POP.4044.MA.5Y:UZB,1973-12-31,5.39254950740418
WDI:SP.POP.4044.MA.5Y:UZB,1974-12-31,5.13094030416366
WDI:SP.POP.4044.MA.5Y:UZB,1975-12-31,4.95065114643582
WDI:SP.POP.4044.MA.5Y:UZB,1976-12-31,4.83981106498891
WDI:SP.POP.4044.MA.5Y:UZB,1977-12-31,4.80905140374349
WDI:SP.POP.4044.MA.5Y:UZB,1978-12-31,4.81805025826203
WDI:SP.POP.4044.MA.5Y:UZB,1979-12-31,4.78323304383638
WDI:SP.POP.4044.MA.5Y:UZB,1980-12-31,4.67654055476229
WDI:SP.POP.4044.MA.5Y:UZB,1981-12-31,4.51874145651248
WDI:SP.POP.4044.MA.5Y:UZB,1982-12-31,4.31349382709275
WDI:SP.POP.4044.MA.5Y:UZB,1983-12-31,4.08453734838805
WDI:SP.POP.4044.MA.5Y:UZB,1984-12-31,3.87500307745388
WDI:SP.POP.4044.MA.5Y:UZB,1985-12-31,3.70519667490234
WDI:SP.POP.4044.MA.5Y:UZB,1986-12-31,3.57432585063364
WDI:SP.POP.4044.MA.5Y:UZB,1987-12-31,3.48829541011539
WDI:SP.POP.4044.MA.5Y:UZB,1988-12-31,3.46404871871956
WDI:SP.POP.4044.MA.5Y:UZB,1989-12-31,3.49407509130519
WDI:SP.POP.4044.MA.5Y:UZB,1990-12-31,3.63508874658049
WDI:SP.POP.4044.MA.5Y:UZB,1991-12-31,3.8638582269699
WDI:SP.POP.4044.MA.5Y:UZB,1992-12-31,4.09313524563559
WDI:SP.POP.4044.MA.5Y:UZB,1993-12-31,4.31637293241119
WDI:SP.POP.4044.MA.5Y:UZB,1994-12-31,4.53281877579565
WDI:SP.POP.4044.MA.5Y:UZB,1995-12-31,4.68450735065196
WDI:SP.POP.4044.MA.5Y:UZB,1996-12-31,4.78487920879704
WDI:SP.POP.4044.MA.5Y:UZB,1997-12-31,4.90519097062766
WDI:SP.POP.4044.MA.5Y:UZB,1998-12-31,5.04215645952693
WDI:SP.POP.4044.MA.5Y:UZB,1999-12-31,5.20690290021663
WDI:SP.POP.4044.MA.5Y:UZB,2000-12-31,5.39931059529834
WDI:SP.POP.4044.MA.5Y:UZB,2001-12-31,5.60439448883014
WDI:SP.POP.4044.MA.5Y:UZB,2002-12-31,5.81083746350903
WDI:SP.POP.4044.MA.5Y:UZB,2003-12-31,5.99223483214857
WDI:SP.POP.4044.MA.5Y:UZB,2004-12-31,6.12314322955258
WDI:SP.POP.4044.MA.5Y:UZB,2005-12-31,6.20099107390296
WDI:SP.POP.4044.MA.5Y:UZB,2006-12-31,6.21901278653031
WDI:SP.POP.4044.MA.5Y:UZB,2007-12-31,6.17783733810221
WDI:SP.POP.4044.MA.5Y:UZB,2008-12-31,6.09905368050659
WDI:SP.POP.4044.MA.5Y:UZB,2009-12-31,6.01070078563361
WDI:SP.POP.4044.MA.5Y:UZB,2010-12-31,5.93579988795203
WDI:SP.POP.4044.MA.5Y:UZB,2011-12-31,5.89684197841798
WDI:SP.POP.4044.MA.5Y:UZB,2012-12-31,5.89742819020623
WDI:SP.POP.4044.MA.5Y:UZB,2013-12-31,5.92921052724826
WDI:SP.POP.4044.MA.5Y:UZB,2014-12-31,5.97806089116195
WDI:SP.POP.4044.MA.5Y:UZB,2015-12-31,6.02534527869281
WDI:SP.POP.4044.MA.5Y:UZB,2016-12-31,6.06606867913861
WDI:SP.POP.4044.MA.5Y:UZB,2017-12-31,6.10016108505591
WDI:SP.POP.4044.MA.5Y:UZB,2018-12-31,6.11985481617988
WDI:SP.POP.4044.MA.5Y:UZB,2019-12-31,6.13593210753563
WDI:SP.POP.4044.MA.5Y:UZB,2020-12-31,6.16779240978832
WDI:SP.POP.4044.MA.5Y:UZB,2021-12-31,6.2124496036059
WDI:SP.POP.4044.MA.5Y:UZB,2022-12-31,6.27444365320854
WDI:SP.POP.4044.MA.5Y:UZB,2023-12-31,6.37544687211486
WDI:SP.POP.4044.MA.5Y:UZB,2024-12-31,6.52288097414525
WDI:SP.POP.4044.MA.5Y:VCT,1960-12-31,3.66684259468697
WDI:SP.POP.4044.MA.5Y:VCT,1961-12-31,3.6347288425772
WDI:SP.POP.4044.MA.5Y:VCT,1962-12-31,3.60779855349411
WDI:SP.POP.4044.MA.5Y:VCT,1963-12-31,3.58259711537318
WDI:SP.POP.4044.MA.5Y:VCT,1964-12-31,3.55258076972583
WDI:SP.POP.4044.MA.5Y:VCT,1965-12-31,3.51627328047206
WDI:SP.POP.4044.MA.5Y:VCT,1966-12-31,3.4739341338453
WDI:SP.POP.4044.MA.5Y:VCT,1967-12-31,3.43575606804276
WDI:SP.POP.4044.MA.5Y:VCT,1968-12-31,3.40772047840855
WDI:SP.POP.4044.MA.5Y:VCT,1969-12-31,3.37589644918664
WDI:SP.POP.4044.MA.5Y:VCT,1970-12-31,3.34990274475902
WDI:SP.POP.4044.MA.5Y:VCT,1971-12-31,3.33269243094277
WDI:SP.POP.4044.MA.5Y:VCT,1972-12-31,3.30320182478669
WDI:SP.POP.4044.MA.5Y:VCT,1973-12-31,3.27000804185945
WDI:SP.POP.4044.MA.5Y:VCT,1974-12-31,3.24277402887288
WDI:SP.POP.4044.MA.5Y:VCT,1975-12-31,3.20802005012531
WDI:SP.POP.4044.MA.5Y:VCT,1976-12-31,3.16719166219323
WDI:SP.POP.4044.MA.5Y:VCT,1977-12-31,3.12318215553728
WDI:SP.POP.4044.MA.5Y:VCT,1978-12-31,3.06110283159463
WDI:SP.POP.4044.MA.5Y:VCT,1979-12-31,2.97522289542387
WDI:SP.POP.4044.MA.5Y:VCT,1980-12-31,2.91582471861852
WDI:SP.POP.4044.MA.5Y:VCT,1981-12-31,2.93149547775558
WDI:SP.POP.4044.MA.5Y:VCT,1982-12-31,2.98295319043394
WDI:SP.POP.4044.MA.5Y:VCT,1983-12-31,3.04053416828564
WDI:SP.POP.4044.MA.5Y:VCT,1984-12-31,3.10410118175967
WDI:SP.POP.4044.MA.5Y:VCT,1985-12-31,3.1800815784131
WDI:SP.POP.4044.MA.5Y:VCT,1986-12-31,3.27840400460383
WDI:SP.POP.4044.MA.5Y:VCT,1987-12-31,3.39555040849747
WDI:SP.POP.4044.MA.5Y:VCT,1988-12-31,3.52162566921649
WDI:SP.POP.4044.MA.5Y:VCT,1989-12-31,3.65088115519357
WDI:SP.POP.4044.MA.5Y:VCT,1990-12-31,3.77381792519407
WDI:SP.POP.4044.MA.5Y:VCT,1991-12-31,3.89357560025957
WDI:SP.POP.4044.MA.5Y:VCT,1992-12-31,4.02683977388888
WDI:SP.POP.4044.MA.5Y:VCT,1993-12-31,4.1839837589635
WDI:SP.POP.4044.MA.5Y:VCT,1994-12-31,4.37503803058093
WDI:SP.POP.4044.MA.5Y:VCT,1995-12-31,4.61308878265472
WDI:SP.POP.4044.MA.5Y:VCT,1996-12-31,4.89565013991285
WDI:SP.POP.4044.MA.5Y:VCT,1997-12-31,5.21560788182455
WDI:SP.POP.4044.MA.5Y:VCT,1998-12-31,5.55440324950307
WDI:SP.POP.4044.MA.5Y:VCT,1999-12-31,5.87180791009144
WDI:SP.POP.4044.MA.5Y:VCT,2000-12-31,6.1472203835673
WDI:SP.POP.4044.MA.5Y:VCT,2001-12-31,6.38519116901421
WDI:SP.POP.4044.MA.5Y:VCT,2002-12-31,6.60307575861832
WDI:SP.POP.4044.MA.5Y:VCT,2003-12-31,6.80446109460449
WDI:SP.POP.4044.MA.5Y:VCT,2004-12-31,6.98934939842226
WDI:SP.POP.4044.MA.5Y:VCT,2005-12-31,7.14415545072922
WDI:SP.POP.4044.MA.5Y:VCT,2006-12-31,7.24166977846865
WDI:SP.POP.4044.MA.5Y:VCT,2007-12-31,7.25343886748374
WDI:SP.POP.4044.MA.5Y:VCT,2008-12-31,7.17117527108513
WDI:SP.POP.4044.MA.5Y:VCT,2009-12-31,7.03350207410532
WDI:SP.POP.4044.MA.5Y:VCT,2010-12-31,6.88942838225557
WDI:SP.POP.4044.MA.5Y:VCT,2011-12-31,6.78450371790094
WDI:SP.POP.4044.MA.5Y:VCT,2012-12-31,6.74542274884899
WDI:SP.POP.4044.MA.5Y:VCT,2013-12-31,6.74266223857822
WDI:SP.POP.4044.MA.5Y:VCT,2014-12-31,6.74607833398055
WDI:SP.POP.4044.MA.5Y:VCT,2015-12-31,6.75315943925064
WDI:SP.POP.4044.MA.5Y:VCT,2016-12-31,6.7362107900054
WDI:SP.POP.4044.MA.5Y:VCT,2017-12-31,6.69060112307834
WDI:SP.POP.4044.MA.5Y:VCT,2018-12-31,6.66827444832992
WDI:SP.POP.4044.MA.5Y:VCT,2019-12-31,6.68424448122072
WDI:SP.POP.4044.MA.5Y:VCT,2020-12-31,6.68752591699024
WDI:SP.POP.4044.MA.5Y:VCT,2021-12-31,6.64841016278716
WDI:SP.POP.4044.MA.5Y:VCT,2022-12-31,6.60838187733323
WDI:SP.POP.4044.MA.5Y:VCT,2023-12-31,6.59447009068122
WDI:SP.POP.4044.MA.5Y:VCT,2024-12-31,6.58710099245655
WDI:SP.POP.4044.MA.5Y:VEN,1960-12-31,4.32981686939211
WDI:SP.POP.4044.MA.5Y:VEN,1961-12-31,4.31386846092729
WDI:SP.POP.4044.MA.5Y:VEN,1962-12-31,4.30054458045124
WDI:SP.POP.4044.MA.5Y:VEN,1963-12-31,4.28923496121398
WDI:SP.POP.4044.MA.5Y:VEN,1964-12-31,4.27963371419102
WDI:SP.POP.4044.MA.5Y:VEN,1965-12-31,4.27113462255284
WDI:SP.POP.4044.MA.5Y:VEN,1966-12-31,4.26381031519277
WDI:SP.POP.4044.MA.5Y:VEN,1967-12-31,4.25592424236762
WDI:SP.POP.4044.MA.5Y:VEN,1968-12-31,4.24661035542312
WDI:SP.POP.4044.MA.5Y:VEN,1969-12-31,4.23712279665918
WDI:SP.POP.4044.MA.5Y:VEN,1970-12-31,4.22627655732929
WDI:SP.POP.4044.MA.5Y:VEN,1971-12-31,4.21332360790738
WDI:SP.POP.4044.MA.5Y:VEN,1972-12-31,4.20003805934153
WDI:SP.POP.4044.MA.5Y:VEN,1973-12-31,4.18652533557309
WDI:SP.POP.4044.MA.5Y:VEN,1974-12-31,4.17145709796492
WDI:SP.POP.4044.MA.5Y:VEN,1975-12-31,4.1559642360737
WDI:SP.POP.4044.MA.5Y:VEN,1976-12-31,4.14164597366657
WDI:SP.POP.4044.MA.5Y:VEN,1977-12-31,4.12904961654137
WDI:SP.POP.4044.MA.5Y:VEN,1978-12-31,4.11939396420175
WDI:SP.POP.4044.MA.5Y:VEN,1979-12-31,4.11330640769997
WDI:SP.POP.4044.MA.5Y:VEN,1980-12-31,4.11285563570469
WDI:SP.POP.4044.MA.5Y:VEN,1981-12-31,4.12094739105055
WDI:SP.POP.4044.MA.5Y:VEN,1982-12-31,4.13952207305729
WDI:SP.POP.4044.MA.5Y:VEN,1983-12-31,4.17046640167802
WDI:SP.POP.4044.MA.5Y:VEN,1984-12-31,4.21565740429009
WDI:SP.POP.4044.MA.5Y:VEN,1985-12-31,4.27414155775972
WDI:SP.POP.4044.MA.5Y:VEN,1986-12-31,4.34202377791614
WDI:SP.POP.4044.MA.5Y:VEN,1987-12-31,4.41619310012414
WDI:SP.POP.4044.MA.5Y:VEN,1988-12-31,4.4891399386944
WDI:SP.POP.4044.MA.5Y:VEN,1989-12-31,4.57122480586271
WDI:SP.POP.4044.MA.5Y:VEN,1990-12-31,4.66354559655252
WDI:SP.POP.4044.MA.5Y:VEN,1991-12-31,4.76106993755385
WDI:SP.POP.4044.MA.5Y:VEN,1992-12-31,4.87312798373423
WDI:SP.POP.4044.MA.5Y:VEN,1993-12-31,5.00146029647937
WDI:SP.POP.4044.MA.5Y:VEN,1994-12-31,5.13400107282967
WDI:SP.POP.4044.MA.5Y:VEN,1995-12-31,5.26755959601118
WDI:SP.POP.4044.MA.5Y:VEN,1996-12-31,5.40194609542451
WDI:SP.POP.4044.MA.5Y:VEN,1997-12-31,5.52820259004109
WDI:SP.POP.4044.MA.5Y:VEN,1998-12-31,5.64640686832288
WDI:SP.POP.4044.MA.5Y:VEN,1999-12-31,5.74622929379457
WDI:SP.POP.4044.MA.5Y:VEN,2000-12-31,5.82412901426243
WDI:SP.POP.4044.MA.5Y:VEN,2001-12-31,5.8838947414131
WDI:SP.POP.4044.MA.5Y:VEN,2002-12-31,5.92634264428226
WDI:SP.POP.4044.MA.5Y:VEN,2003-12-31,5.95606553242986
WDI:SP.POP.4044.MA.5Y:VEN,2004-12-31,5.98424017869868
WDI:SP.POP.4044.MA.5Y:VEN,2005-12-31,6.0131646515102
WDI:SP.POP.4044.MA.5Y:VEN,2006-12-31,6.03859500949646
WDI:SP.POP.4044.MA.5Y:VEN,2007-12-31,6.06142162748113
WDI:SP.POP.4044.MA.5Y:VEN,2008-12-31,6.08010908960522
WDI:SP.POP.4044.MA.5Y:VEN,2009-12-31,6.09394940313841
WDI:SP.POP.4044.MA.5Y:VEN,2010-12-31,6.10343303724976
WDI:SP.POP.4044.MA.5Y:VEN,2011-12-31,6.10871340065739
WDI:SP.POP.4044.MA.5Y:VEN,2012-12-31,6.11103730976031
WDI:SP.POP.4044.MA.5Y:VEN,2013-12-31,6.11659316781517
WDI:SP.POP.4044.MA.5Y:VEN,2014-12-31,6.12989108559759
WDI:SP.POP.4044.MA.5Y:VEN,2015-12-31,6.15297002097001
WDI:SP.POP.4044.MA.5Y:VEN,2016-12-31,6.18854065185729
WDI:SP.POP.4044.MA.5Y:VEN,2017-12-31,6.23473049210406
WDI:SP.POP.4044.MA.5Y:VEN,2018-12-31,6.28249431151341
WDI:SP.POP.4044.MA.5Y:VEN,2019-12-31,6.32238290011489
WDI:SP.POP.4044.MA.5Y:VEN,2020-12-31,6.3456306218079
WDI:SP.POP.4044.MA.5Y:VEN,2021-12-31,6.34602944314549
WDI:SP.POP.4044.MA.5Y:VEN,2022-12-31,6.32252575199288
WDI:SP.POP.4044.MA.5Y:VEN,2023-12-31,6.28021922422966
WDI:SP.POP.4044.MA.5Y:VEN,2024-12-31,6.228326079092
WDI:SP.POP.4044.MA.5Y:VGB,1960-12-31,4.73253618628068
WDI:SP.POP.4044.MA.5Y:VGB,1961-12-31,4.57036114570361
WDI:SP.POP.4044.MA.5Y:VGB,1962-12-31,4.27721299280932
WDI:SP.POP.4044.MA.5Y:VGB,1963-12-31,3.92253607993092
WDI:SP.POP.4044.MA.5Y:VGB,1964-12-31,3.56748804707613
WDI:SP.POP.4044.MA.5Y:VGB,1965-12-31,3.2144590004852
WDI:SP.POP.4044.MA.5Y:VGB,1966-12-31,2.86802332500298
WDI:SP.POP.4044.MA.5Y:VGB,1967-12-31,2.55935147654893
WDI:SP.POP.4044.MA.5Y:VGB,1968-12-31,2.3149693934335
WDI:SP.POP.4044.MA.5Y:VGB,1969-12-31,2.2486077545445
WDI:SP.POP.4044.MA.5Y:VGB,1970-12-31,2.34642497482377
WDI:SP.POP.4044.MA.5Y:VGB,1971-12-31,2.53977665777251
WDI:SP.POP.4044.MA.5Y:VGB,1972-12-31,2.80019445794847
WDI:SP.POP.4044.MA.5Y:VGB,1973-12-31,3.074123731086
WDI:SP.POP.4044.MA.5Y:VGB,1974-12-31,3.30438066465257
WDI:SP.POP.4044.MA.5Y:VGB,1975-12-31,3.54213273676361
WDI:SP.POP.4044.MA.5Y:VGB,1976-12-31,3.72996868668263
WDI:SP.POP.4044.MA.5Y:VGB,1977-12-31,3.85386297376093
WDI:SP.POP.4044.MA.5Y:VGB,1978-12-31,3.99350942035518
WDI:SP.POP.4044.MA.5Y:VGB,1979-12-31,4.18488444722049
WDI:SP.POP.4044.MA.5Y:VGB,1980-12-31,4.43976485039923
WDI:SP.POP.4044.MA.5Y:VGB,1981-12-31,4.66065657424732
WDI:SP.POP.4044.MA.5Y:VGB,1982-12-31,4.91440740437382
WDI:SP.POP.4044.MA.5Y:VGB,1983-12-31,5.17091655482751
WDI:SP.POP.4044.MA.5Y:VGB,1984-12-31,5.38502551603321
WDI:SP.POP.4044.MA.5Y:VGB,1985-12-31,5.62831077104179
WDI:SP.POP.4044.MA.5Y:VGB,1986-12-31,5.95094205474582
WDI:SP.POP.4044.MA.5Y:VGB,1987-12-31,6.25772770985026
WDI:SP.POP.4044.MA.5Y:VGB,1988-12-31,6.53212958045672
WDI:SP.POP.4044.MA.5Y:VGB,1989-12-31,6.78140251733881
WDI:SP.POP.4044.MA.5Y:VGB,1990-12-31,6.95074228212933
WDI:SP.POP.4044.MA.5Y:VGB,1991-12-31,7.09288299155609
WDI:SP.POP.4044.MA.5Y:VGB,1992-12-31,7.15042372881356
WDI:SP.POP.4044.MA.5Y:VGB,1993-12-31,7.22496838717094
WDI:SP.POP.4044.MA.5Y:VGB,1994-12-31,7.40574506283662
WDI:SP.POP.4044.MA.5Y:VGB,1995-12-31,7.62535581344427
WDI:SP.POP.4044.MA.5Y:VGB,1996-12-31,7.87674890526541
WDI:SP.POP.4044.MA.5Y:VGB,1997-12-31,8.18536839364749
WDI:SP.POP.4044.MA.5Y:VGB,1998-12-31,8.49669883189436
WDI:SP.POP.4044.MA.5Y:VGB,1999-12-31,8.74925727866904
WDI:SP.POP.4044.MA.5Y:VGB,2000-12-31,9.04265585794248
WDI:SP.POP.4044.MA.5Y:VGB,2001-12-31,9.32837577069704
WDI:SP.POP.4044.MA.5Y:VGB,2002-12-31,9.51746935402415
WDI:SP.POP.4044.MA.5Y:VGB,2003-12-31,9.60858868262134
WDI:SP.POP.4044.MA.5Y:VGB,2004-12-31,9.57956128133705
WDI:SP.POP.4044.MA.5Y:VGB,2005-12-31,9.46963288783624
WDI:SP.POP.4044.MA.5Y:VGB,2006-12-31,9.34690694142277
WDI:SP.POP.4044.MA.5Y:VGB,2007-12-31,9.22262468654221
WDI:SP.POP.4044.MA.5Y:VGB,2008-12-31,9.07303154160561
WDI:SP.POP.4044.MA.5Y:VGB,2009-12-31,9.03076290509475
WDI:SP.POP.4044.MA.5Y:VGB,2010-12-31,9.10999005781198
WDI:SP.POP.4044.MA.5Y:VGB,2011-12-31,9.08311910882605
WDI:SP.POP.4044.MA.5Y:VGB,2012-12-31,9.00821096385132
WDI:SP.POP.4044.MA.5Y:VGB,2013-12-31,8.94380989891033
WDI:SP.POP.4044.MA.5Y:VGB,2014-12-31,8.83790302107133
WDI:SP.POP.4044.MA.5Y:VGB,2015-12-31,8.7550715353406
WDI:SP.POP.4044.MA.5Y:VGB,2016-12-31,8.91690153931923
WDI:SP.POP.4044.MA.5Y:VGB,2017-12-31,9.11905521864028
WDI:SP.POP.4044.MA.5Y:VGB,2018-12-31,9.09864203906796
WDI:SP.POP.4044.MA.5Y:VGB,2019-12-31,9.18414918414918
WDI:SP.POP.4044.MA.5Y:VGB,2020-12-31,9.33929031703754
WDI:SP.POP.4044.MA.5Y:VGB,2021-12-31,9.53414923016186
WDI:SP.POP.4044.MA.5Y:VGB,2022-12-31,9.73198166921261
WDI:SP.POP.4044.MA.5Y:VGB,2023-12-31,9.81345208678415
WDI:SP.POP.4044.MA.5Y:VGB,2024-12-31,9.80927159404007
WDI:SP.POP.4044.MA.5Y:VIR,1960-12-31,5.04581514052026
WDI:SP.POP.4044.MA.5Y:VIR,1961-12-31,4.59998846397877
WDI:SP.POP.4044.MA.5Y:VIR,1962-12-31,4.6220945694378
WDI:SP.POP.4044.MA.5Y:VIR,1963-12-31,4.63051529198244
WDI:SP.POP.4044.MA.5Y:VIR,1964-12-31,4.62508759635599
WDI:SP.POP.4044.MA.5Y:VIR,1965-12-31,4.64183500804278
WDI:SP.POP.4044.MA.5Y:VIR,1966-12-31,4.69726771699546
WDI:SP.POP.4044.MA.5Y:VIR,1967-12-31,4.78650326976974
WDI:SP.POP.4044.MA.5Y:VIR,1968-12-31,4.91882975952774
WDI:SP.POP.4044.MA.5Y:VIR,1969-12-31,5.09979296066253
WDI:SP.POP.4044.MA.5Y:VIR,1970-12-31,5.19132112768861
WDI:SP.POP.4044.MA.5Y:VIR,1971-12-31,5.14568850761722
WDI:SP.POP.4044.MA.5Y:VIR,1972-12-31,5.09195563666994
WDI:SP.POP.4044.MA.5Y:VIR,1973-12-31,5.07407506630589
WDI:SP.POP.4044.MA.5Y:VIR,1974-12-31,5.08979728167313
WDI:SP.POP.4044.MA.5Y:VIR,1975-12-31,5.12375808329823
WDI:SP.POP.4044.MA.5Y:VIR,1976-12-31,5.17419261960747
WDI:SP.POP.4044.MA.5Y:VIR,1977-12-31,5.25268047357944
WDI:SP.POP.4044.MA.5Y:VIR,1978-12-31,5.33229156050775
WDI:SP.POP.4044.MA.5Y:VIR,1979-12-31,5.45424458050637
WDI:SP.POP.4044.MA.5Y:VIR,1980-12-31,5.66237584168261
WDI:SP.POP.4044.MA.5Y:VIR,1981-12-31,5.88429822596303
WDI:SP.POP.4044.MA.5Y:VIR,1982-12-31,6.12772786300242
WDI:SP.POP.4044.MA.5Y:VIR,1983-12-31,6.46689676812049
WDI:SP.POP.4044.MA.5Y:VIR,1984-12-31,6.82233102360898
WDI:SP.POP.4044.MA.5Y:VIR,1985-12-31,7.12439368505608
WDI:SP.POP.4044.MA.5Y:VIR,1986-12-31,7.39732197698702
WDI:SP.POP.4044.MA.5Y:VIR,1987-12-31,7.58741579446205
WDI:SP.POP.4044.MA.5Y:VIR,1988-12-31,7.66572831024705
WDI:SP.POP.4044.MA.5Y:VIR,1989-12-31,7.6566054598635
WDI:SP.POP.4044.MA.5Y:VIR,1990-12-31,7.52275945781914
WDI:SP.POP.4044.MA.5Y:VIR,1991-12-31,7.2762259839442
WDI:SP.POP.4044.MA.5Y:VIR,1992-12-31,6.99639555551142
WDI:SP.POP.4044.MA.5Y:VIR,1993-12-31,6.72471705361452
WDI:SP.POP.4044.MA.5Y:VIR,1994-12-31,6.51523155485121
WDI:SP.POP.4044.MA.5Y:VIR,1995-12-31,6.42861311596599
WDI:SP.POP.4044.MA.5Y:VIR,1996-12-31,6.46313832568408
WDI:SP.POP.4044.MA.5Y:VIR,1997-12-31,6.58727707866903
WDI:SP.POP.4044.MA.5Y:VIR,1998-12-31,6.77058245505867
WDI:SP.POP.4044.MA.5Y:VIR,1999-12-31,6.96744607262252
WDI:SP.POP.4044.MA.5Y:VIR,2000-12-31,7.15347346883626
WDI:SP.POP.4044.MA.5Y:VIR,2001-12-31,7.27026765871099
WDI:SP.POP.4044.MA.5Y:VIR,2002-12-31,7.29877612575163
WDI:SP.POP.4044.MA.5Y:VIR,2003-12-31,7.29827347464438
WDI:SP.POP.4044.MA.5Y:VIR,2004-12-31,7.28553957253509
WDI:SP.POP.4044.MA.5Y:VIR,2005-12-31,7.23437348109264
WDI:SP.POP.4044.MA.5Y:VIR,2006-12-31,7.14980734052076
WDI:SP.POP.4044.MA.5Y:VIR,2007-12-31,7.07448778681015
WDI:SP.POP.4044.MA.5Y:VIR,2008-12-31,7.00569719830745
WDI:SP.POP.4044.MA.5Y:VIR,2009-12-31,6.93353444729573
WDI:SP.POP.4044.MA.5Y:VIR,2010-12-31,6.89010653891179
WDI:SP.POP.4044.MA.5Y:VIR,2011-12-31,6.81912846857211
WDI:SP.POP.4044.MA.5Y:VIR,2012-12-31,6.67821420347027
WDI:SP.POP.4044.MA.5Y:VIR,2013-12-31,6.51916598379314
WDI:SP.POP.4044.MA.5Y:VIR,2014-12-31,6.35438506775761
WDI:SP.POP.4044.MA.5Y:VIR,2015-12-31,6.1998503305201
WDI:SP.POP.4044.MA.5Y:VIR,2016-12-31,6.06176580024451
WDI:SP.POP.4044.MA.5Y:VIR,2017-12-31,5.95841646768936
WDI:SP.POP.4044.MA.5Y:VIR,2018-12-31,5.90707369553523
WDI:SP.POP.4044.MA.5Y:VIR,2019-12-31,5.90692950463967
WDI:SP.POP.4044.MA.5Y:VIR,2020-12-31,5.91482649842271
WDI:SP.POP.4044.MA.5Y:VIR,2021-12-31,5.92040333416569
WDI:SP.POP.4044.MA.5Y:VIR,2022-12-31,5.94036752486693
WDI:SP.POP.4044.MA.5Y:VIR,2023-12-31,5.9536598466722
WDI:SP.POP.4044.MA.5Y:VIR,2024-12-31,5.95410403909198
WDI:SP.POP.4044.MA.5Y:VNM,1960-12-31,5.02246670508173
WDI:SP.POP.4044.MA.5Y:VNM,1961-12-31,4.95791967896858
WDI:SP.POP.4044.MA.5Y:VNM,1962-12-31,4.93266726171731
WDI:SP.POP.4044.MA.5Y:VNM,1963-12-31,4.90948880080906
WDI:SP.POP.4044.MA.5Y:VNM,1964-12-31,4.87096137286565
WDI:SP.POP.4044.MA.5Y:VNM,1965-12-31,4.81468908465693
WDI:SP.POP.4044.MA.5Y:VNM,1966-12-31,4.74043464074895
WDI:SP.POP.4044.MA.5Y:VNM,1967-12-31,4.63893155682059
WDI:SP.POP.4044.MA.5Y:VNM,1968-12-31,4.527025682945
WDI:SP.POP.4044.MA.5Y:VNM,1969-12-31,4.44280600771776
WDI:SP.POP.4044.MA.5Y:VNM,1970-12-31,4.39418278129697
WDI:SP.POP.4044.MA.5Y:VNM,1971-12-31,4.38176661980294
WDI:SP.POP.4044.MA.5Y:VNM,1972-12-31,4.40961727690754
WDI:SP.POP.4044.MA.5Y:VNM,1973-12-31,4.44703881016738
WDI:SP.POP.4044.MA.5Y:VNM,1974-12-31,4.44658942894851
WDI:SP.POP.4044.MA.5Y:VNM,1975-12-31,4.39444651973165
WDI:SP.POP.4044.MA.5Y:VNM,1976-12-31,4.29522487291459
WDI:SP.POP.4044.MA.5Y:VNM,1977-12-31,4.14707308234119
WDI:SP.POP.4044.MA.5Y:VNM,1978-12-31,3.96940195307849
WDI:SP.POP.4044.MA.5Y:VNM,1979-12-31,3.78961741636685
WDI:SP.POP.4044.MA.5Y:VNM,1980-12-31,3.63100436609091
WDI:SP.POP.4044.MA.5Y:VNM,1981-12-31,3.49749639981561
WDI:SP.POP.4044.MA.5Y:VNM,1982-12-31,3.38550912330293
WDI:SP.POP.4044.MA.5Y:VNM,1983-12-31,3.29821326517337
WDI:SP.POP.4044.MA.5Y:VNM,1984-12-31,3.23347921608615
WDI:SP.POP.4044.MA.5Y:VNM,1985-12-31,3.19055281162312
WDI:SP.POP.4044.MA.5Y:VNM,1986-12-31,3.1719415532514
WDI:SP.POP.4044.MA.5Y:VNM,1987-12-31,3.18051662252167
WDI:SP.POP.4044.MA.5Y:VNM,1988-12-31,3.23830175123595
WDI:SP.POP.4044.MA.5Y:VNM,1989-12-31,3.44472360840549
WDI:SP.POP.4044.MA.5Y:VNM,1990-12-31,3.75761436524479
WDI:SP.POP.4044.MA.5Y:VNM,1991-12-31,4.00664189871346
WDI:SP.POP.4044.MA.5Y:VNM,1992-12-31,4.28102466570581
WDI:SP.POP.4044.MA.5Y:VNM,1993-12-31,4.58908720077912
WDI:SP.POP.4044.MA.5Y:VNM,1994-12-31,4.80966527412361
WDI:SP.POP.4044.MA.5Y:VNM,1995-12-31,4.96706688985773
WDI:SP.POP.4044.MA.5Y:VNM,1996-12-31,5.16104480848173
WDI:SP.POP.4044.MA.5Y:VNM,1997-12-31,5.39601341603994
WDI:SP.POP.4044.MA.5Y:VNM,1998-12-31,5.63956279619013
WDI:SP.POP.4044.MA.5Y:VNM,1999-12-31,5.85502682441289
WDI:SP.POP.4044.MA.5Y:VNM,2000-12-31,6.03770293686747
WDI:SP.POP.4044.MA.5Y:VNM,2001-12-31,6.1314835972688
WDI:SP.POP.4044.MA.5Y:VNM,2002-12-31,6.14775675477167
WDI:SP.POP.4044.MA.5Y:VNM,2003-12-31,6.19609202533698
WDI:SP.POP.4044.MA.5Y:VNM,2004-12-31,6.22704167187599
WDI:SP.POP.4044.MA.5Y:VNM,2005-12-31,6.22081159903994
WDI:SP.POP.4044.MA.5Y:VNM,2006-12-31,6.38538950156553
WDI:SP.POP.4044.MA.5Y:VNM,2007-12-31,6.64506991513882
WDI:SP.POP.4044.MA.5Y:VNM,2008-12-31,6.83436240088547
WDI:SP.POP.4044.MA.5Y:VNM,2009-12-31,6.91659205109461
WDI:SP.POP.4044.MA.5Y:VNM,2010-12-31,6.92447039096095
WDI:SP.POP.4044.MA.5Y:VNM,2011-12-31,6.98571186073927
WDI:SP.POP.4044.MA.5Y:VNM,2012-12-31,7.07774858585493
WDI:SP.POP.4044.MA.5Y:VNM,2013-12-31,7.12247922844054
WDI:SP.POP.4044.MA.5Y:VNM,2014-12-31,7.08083189129646
WDI:SP.POP.4044.MA.5Y:VNM,2015-12-31,7.02647091864398
WDI:SP.POP.4044.MA.5Y:VNM,2016-12-31,6.99518601396204
WDI:SP.POP.4044.MA.5Y:VNM,2017-12-31,6.96327722461679
WDI:SP.POP.4044.MA.5Y:VNM,2018-12-31,6.961098684589
WDI:SP.POP.4044.MA.5Y:VNM,2019-12-31,7.02384894476924
WDI:SP.POP.4044.MA.5Y:VNM,2020-12-31,7.07361309755043
WDI:SP.POP.4044.MA.5Y:VNM,2021-12-31,7.11245305852686
WDI:SP.POP.4044.MA.5Y:VNM,2022-12-31,7.25371960535798
WDI:SP.POP.4044.MA.5Y:VNM,2023-12-31,7.49154007005986
WDI:SP.POP.4044.MA.5Y:VNM,2024-12-31,7.75238375533632
WDI:SP.POP.4044.MA.5Y:VUT,1960-12-31,4.53838846187063
WDI:SP.POP.4044.MA.5Y:VUT,1961-12-31,4.54411496414387
WDI:SP.POP.4044.MA.5Y:VUT,1962-12-31,4.54110244836548
WDI:SP.POP.4044.MA.5Y:VUT,1963-12-31,4.52807057287155
WDI:SP.POP.4044.MA.5Y:VUT,1964-12-31,4.50687775759149
WDI:SP.POP.4044.MA.5Y:VUT,1965-12-31,4.48411795921462
WDI:SP.POP.4044.MA.5Y:VUT,1966-12-31,4.46067401915582
WDI:SP.POP.4044.MA.5Y:VUT,1967-12-31,4.43745590644394
WDI:SP.POP.4044.MA.5Y:VUT,1968-12-31,4.38067865751901
WDI:SP.POP.4044.MA.5Y:VUT,1969-12-31,4.30276205949913
WDI:SP.POP.4044.MA.5Y:VUT,1970-12-31,4.24952535937076
WDI:SP.POP.4044.MA.5Y:VUT,1971-12-31,4.2169688301855
WDI:SP.POP.4044.MA.5Y:VUT,1972-12-31,4.20208369473158
WDI:SP.POP.4044.MA.5Y:VUT,1973-12-31,4.20332936979786
WDI:SP.POP.4044.MA.5Y:VUT,1974-12-31,4.21800400431234
WDI:SP.POP.4044.MA.5Y:VUT,1975-12-31,4.24516829126831
WDI:SP.POP.4044.MA.5Y:VUT,1976-12-31,4.27986906710311
WDI:SP.POP.4044.MA.5Y:VUT,1977-12-31,4.31213494861667
WDI:SP.POP.4044.MA.5Y:VUT,1978-12-31,4.33584798784727
WDI:SP.POP.4044.MA.5Y:VUT,1979-12-31,4.04055138210196
WDI:SP.POP.4044.MA.5Y:VUT,1980-12-31,3.80322351560811
WDI:SP.POP.4044.MA.5Y:VUT,1981-12-31,3.88544950434882
WDI:SP.POP.4044.MA.5Y:VUT,1982-12-31,3.95987131351283
WDI:SP.POP.4044.MA.5Y:VUT,1983-12-31,4.02244951789221
WDI:SP.POP.4044.MA.5Y:VUT,1984-12-31,4.08174997844146
WDI:SP.POP.4044.MA.5Y:VUT,1985-12-31,4.14098653950455
WDI:SP.POP.4044.MA.5Y:VUT,1986-12-31,4.20021942989629
WDI:SP.POP.4044.MA.5Y:VUT,1987-12-31,4.27044339635391
WDI:SP.POP.4044.MA.5Y:VUT,1988-12-31,4.36462261030628
WDI:SP.POP.4044.MA.5Y:VUT,1989-12-31,4.45043131362847
WDI:SP.POP.4044.MA.5Y:VUT,1990-12-31,4.49354895946871
WDI:SP.POP.4044.MA.5Y:VUT,1991-12-31,4.51391040337072
WDI:SP.POP.4044.MA.5Y:VUT,1992-12-31,4.52419608888458
WDI:SP.POP.4044.MA.5Y:VUT,1993-12-31,4.5129219940515
WDI:SP.POP.4044.MA.5Y:VUT,1994-12-31,4.50223778494075
WDI:SP.POP.4044.MA.5Y:VUT,1995-12-31,4.51418451793073
WDI:SP.POP.4044.MA.5Y:VUT,1996-12-31,4.53016121946201
WDI:SP.POP.4044.MA.5Y:VUT,1997-12-31,4.5408447018026
WDI:SP.POP.4044.MA.5Y:VUT,1998-12-31,4.54530867235053
WDI:SP.POP.4044.MA.5Y:VUT,1999-12-31,4.54936613214675
WDI:SP.POP.4044.MA.5Y:VUT,2000-12-31,4.55958283028077
WDI:SP.POP.4044.MA.5Y:VUT,2001-12-31,4.57420851281742
WDI:SP.POP.4044.MA.5Y:VUT,2002-12-31,4.59786469884011
WDI:SP.POP.4044.MA.5Y:VUT,2003-12-31,4.63937303954954
WDI:SP.POP.4044.MA.5Y:VUT,2004-12-31,4.69844604289559
WDI:SP.POP.4044.MA.5Y:VUT,2005-12-31,4.77616183105308
WDI:SP.POP.4044.MA.5Y:VUT,2006-12-31,4.85756812251742
WDI:SP.POP.4044.MA.5Y:VUT,2007-12-31,4.91353544915113
WDI:SP.POP.4044.MA.5Y:VUT,2008-12-31,4.95427612425934
WDI:SP.POP.4044.MA.5Y:VUT,2009-12-31,4.99958186987791
WDI:SP.POP.4044.MA.5Y:VUT,2010-12-31,5.04686815951949
WDI:SP.POP.4044.MA.5Y:VUT,2011-12-31,5.1107974367817
WDI:SP.POP.4044.MA.5Y:VUT,2012-12-31,5.21051060017916
WDI:SP.POP.4044.MA.5Y:VUT,2013-12-31,5.3269967098301
WDI:SP.POP.4044.MA.5Y:VUT,2014-12-31,5.43560177858166
WDI:SP.POP.4044.MA.5Y:VUT,2015-12-31,5.52474363374034
WDI:SP.POP.4044.MA.5Y:VUT,2016-12-31,5.57291986601578
WDI:SP.POP.4044.MA.5Y:VUT,2017-12-31,5.40082926536138
WDI:SP.POP.4044.MA.5Y:VUT,2018-12-31,4.90978846951472
WDI:SP.POP.4044.MA.5Y:VUT,2019-12-31,4.51993831836381
WDI:SP.POP.4044.MA.5Y:VUT,2020-12-31,4.37474778881075
WDI:SP.POP.4044.MA.5Y:VUT,2021-12-31,4.28184211717977
WDI:SP.POP.4044.MA.5Y:VUT,2022-12-31,4.39605262741849
WDI:SP.POP.4044.MA.5Y:VUT,2023-12-31,4.80168111373785
WDI:SP.POP.4044.MA.5Y:VUT,2024-12-31,5.13309420997126
WDI:SP.POP.4044.MA.5Y:WLD,1960-12-31,4.97591175971726
WDI:SP.POP.4044.MA.5Y:WLD,1961-12-31,5.017961916407787
WDI:SP.POP.4044.MA.5Y:WLD,1962-12-31,5.076349149792296
WDI:SP.POP.4044.MA.5Y:WLD,1963-12-31,5.131658685492385
WDI:SP.POP.4044.MA.5Y:WLD,1964-12-31,5.185902747732844
WDI:SP.POP.4044.MA.5Y:WLD,1965-12-31,5.225488764418532
WDI:SP.POP.4044.MA.5Y:WLD,1966-12-31,5.249184346834759
WDI:SP.POP.4044.MA.5Y:WLD,1967-12-31,5.285290842263892
WDI:SP.POP.4044.MA.5Y:WLD,1968-12-31,5.327579585820795
WDI:SP.POP.4044.MA.5Y:WLD,1969-12-31,5.349787101710011
WDI:SP.POP.4044.MA.5Y:WLD,1970-12-31,5.356361458816196
WDI:SP.POP.4044.MA.5Y:WLD,1971-12-31,5.345876125951674
WDI:SP.POP.4044.MA.5Y:WLD,1972-12-31,5.310704198526129
WDI:SP.POP.4044.MA.5Y:WLD,1973-12-31,5.2595087027401854
WDI:SP.POP.4044.MA.5Y:WLD,1974-12-31,5.207948642815074
WDI:SP.POP.4044.MA.5Y:WLD,1975-12-31,5.1665270295304415
WDI:SP.POP.4044.MA.5Y:WLD,1976-12-31,5.1461082974881025
WDI:SP.POP.4044.MA.5Y:WLD,1977-12-31,5.146700839784102
WDI:SP.POP.4044.MA.5Y:WLD,1978-12-31,5.148998398141803
WDI:SP.POP.4044.MA.5Y:WLD,1979-12-31,5.136455003006787
WDI:SP.POP.4044.MA.5Y:WLD,1980-12-31,5.108119842237693
WDI:SP.POP.4044.MA.5Y:WLD,1981-12-31,5.0711709179917035
WDI:SP.POP.4044.MA.5Y:WLD,1982-12-31,5.009713503730217
WDI:SP.POP.4044.MA.5Y:WLD,1983-12-31,4.931505497055146
WDI:SP.POP.4044.MA.5Y:WLD,1984-12-31,4.865130991874327
WDI:SP.POP.4044.MA.5Y:WLD,1985-12-31,4.8119306774533435
WDI:SP.POP.4044.MA.5Y:WLD,1986-12-31,4.809341800511559
WDI:SP.POP.4044.MA.5Y:WLD,1987-12-31,4.884146622164701
WDI:SP.POP.4044.MA.5Y:WLD,1988-12-31,4.999533673014104
WDI:SP.POP.4044.MA.5Y:WLD,1989-12-31,5.143739638177448
WDI:SP.POP.4044.MA.5Y:WLD,1990-12-31,5.3213384119880835
WDI:SP.POP.4044.MA.5Y:WLD,1991-12-31,5.478689357585068
WDI:SP.POP.4044.MA.5Y:WLD,1992-12-31,5.610548407144018
WDI:SP.POP.4044.MA.5Y:WLD,1993-12-31,5.740150028468875
WDI:SP.POP.4044.MA.5Y:WLD,1994-12-31,5.850673755079366
WDI:SP.POP.4044.MA.5Y:WLD,1995-12-31,5.945156436327888
WDI:SP.POP.4044.MA.5Y:WLD,1996-12-31,6.022991186866836
WDI:SP.POP.4044.MA.5Y:WLD,1997-12-31,6.08639997413403
WDI:SP.POP.4044.MA.5Y:WLD,1998-12-31,6.132886738486496
WDI:SP.POP.4044.MA.5Y:WLD,1999-12-31,6.1290821358870256
WDI:SP.POP.4044.MA.5Y:WLD,2000-12-31,6.078535114807813
WDI:SP.POP.4044.MA.5Y:WLD,2001-12-31,6.019166503395475
WDI:SP.POP.4044.MA.5Y:WLD,2002-12-31,6.009891723281475
WDI:SP.POP.4044.MA.5Y:WLD,2003-12-31,6.11021682466366
WDI:SP.POP.4044.MA.5Y:WLD,2004-12-31,6.266285565353869
WDI:SP.POP.4044.MA.5Y:WLD,2005-12-31,6.414563215219067
WDI:SP.POP.4044.MA.5Y:WLD,2006-12-31,6.554348211878219
WDI:SP.POP.4044.MA.5Y:WLD,2007-12-31,6.618538252942971
WDI:SP.POP.4044.MA.5Y:WLD,2008-12-31,6.597501446432267
WDI:SP.POP.4044.MA.5Y:WLD,2009-12-31,6.580105703523172
WDI:SP.POP.4044.MA.5Y:WLD,2010-12-31,6.589548232315588
WDI:SP.POP.4044.MA.5Y:WLD,2011-12-31,6.609505160240378
WDI:SP.POP.4044.MA.5Y:WLD,2012-12-31,6.631589939805892
WDI:SP.POP.4044.MA.5Y:WLD,2013-12-31,6.624389761855332
WDI:SP.POP.4044.MA.5Y:WLD,2014-12-31,6.579079024228155
WDI:SP.POP.4044.MA.5Y:WLD,2015-12-31,6.507215327785588
WDI:SP.POP.4044.MA.5Y:WLD,2016-12-31,6.423997399133914
WDI:SP.POP.4044.MA.5Y:WLD,2017-12-31,6.34773597900308
WDI:SP.POP.4044.MA.5Y:WLD,2018-12-31,6.283839768877919
WDI:SP.POP.4044.MA.5Y:WLD,2019-12-31,6.255958764229499
WDI:SP.POP.4044.MA.5Y:WLD,2020-12-31,6.278821182361561
WDI:SP.POP.4044.MA.5Y:WLD,2021-12-31,6.336243084152861
WDI:SP.POP.4044.MA.5Y:WLD,2022-12-31,6.427733594349336
WDI:SP.POP.4044.MA.5Y:WLD,2023-12-31,6.526038155761952
WDI:SP.POP.4044.MA.5Y:WLD,2024-12-31,6.602284289086481
WDI:SP.POP.4044.MA.5Y:WSM,1960-12-31,3.81262199089135
WDI:SP.POP.4044.MA.5Y:WSM,1961-12-31,3.79792794238092
WDI:SP.POP.4044.MA.5Y:WSM,1962-12-31,3.78635990139688
WDI:SP.POP.4044.MA.5Y:WSM,1963-12-31,3.77516912693716
WDI:SP.POP.4044.MA.5Y:WSM,1964-12-31,3.7637968235175
WDI:SP.POP.4044.MA.5Y:WSM,1965-12-31,3.75481313273234
WDI:SP.POP.4044.MA.5Y:WSM,1966-12-31,3.74840698260277
WDI:SP.POP.4044.MA.5Y:WSM,1967-12-31,3.76684738824657
WDI:SP.POP.4044.MA.5Y:WSM,1968-12-31,3.81870092790864
WDI:SP.POP.4044.MA.5Y:WSM,1969-12-31,3.88492038406698
WDI:SP.POP.4044.MA.5Y:WSM,1970-12-31,3.94848776169365
WDI:SP.POP.4044.MA.5Y:WSM,1971-12-31,3.99291239308958
WDI:SP.POP.4044.MA.5Y:WSM,1972-12-31,3.99564551245867
WDI:SP.POP.4044.MA.5Y:WSM,1973-12-31,3.94290184846315
WDI:SP.POP.4044.MA.5Y:WSM,1974-12-31,3.82261606226368
WDI:SP.POP.4044.MA.5Y:WSM,1975-12-31,3.69518077620923
WDI:SP.POP.4044.MA.5Y:WSM,1976-12-31,3.64045359299889
WDI:SP.POP.4044.MA.5Y:WSM,1977-12-31,3.6295331293362
WDI:SP.POP.4044.MA.5Y:WSM,1978-12-31,3.62761451045804
WDI:SP.POP.4044.MA.5Y:WSM,1979-12-31,3.63171507566073
WDI:SP.POP.4044.MA.5Y:WSM,1980-12-31,3.62916062396095
WDI:SP.POP.4044.MA.5Y:WSM,1981-12-31,3.60899793587772
WDI:SP.POP.4044.MA.5Y:WSM,1982-12-31,3.57227911407478
WDI:SP.POP.4044.MA.5Y:WSM,1983-12-31,3.52648039912821
WDI:SP.POP.4044.MA.5Y:WSM,1984-12-31,3.48368444695286
WDI:SP.POP.4044.MA.5Y:WSM,1985-12-31,3.45925845159735
WDI:SP.POP.4044.MA.5Y:WSM,1986-12-31,3.4424017926556
WDI:SP.POP.4044.MA.5Y:WSM,1987-12-31,3.39814946619217
WDI:SP.POP.4044.MA.5Y:WSM,1988-12-31,3.34699996592806
WDI:SP.POP.4044.MA.5Y:WSM,1989-12-31,3.33885460156108
WDI:SP.POP.4044.MA.5Y:WSM,1990-12-31,3.37730541503142
WDI:SP.POP.4044.MA.5Y:WSM,1991-12-31,3.45069943546376
WDI:SP.POP.4044.MA.5Y:WSM,1992-12-31,3.5417853938734
WDI:SP.POP.4044.MA.5Y:WSM,1993-12-31,3.64307395916173
WDI:SP.POP.4044.MA.5Y:WSM,1994-12-31,3.77008068417512
WDI:SP.POP.4044.MA.5Y:WSM,1995-12-31,3.91559280484977
WDI:SP.POP.4044.MA.5Y:WSM,1996-12-31,4.07445357062624
WDI:SP.POP.4044.MA.5Y:WSM,1997-12-31,4.24179135325055
WDI:SP.POP.4044.MA.5Y:WSM,1998-12-31,4.43595658586393
WDI:SP.POP.4044.MA.5Y:WSM,1999-12-31,4.65349615830364
WDI:SP.POP.4044.MA.5Y:WSM,2000-12-31,4.84487865163751
WDI:SP.POP.4044.MA.5Y:WSM,2001-12-31,4.96553619756428
WDI:SP.POP.4044.MA.5Y:WSM,2002-12-31,5.0581450316725
WDI:SP.POP.4044.MA.5Y:WSM,2003-12-31,5.12060009729611
WDI:SP.POP.4044.MA.5Y:WSM,2004-12-31,5.12898046003378
WDI:SP.POP.4044.MA.5Y:WSM,2005-12-31,5.17516544413888
WDI:SP.POP.4044.MA.5Y:WSM,2006-12-31,5.27003348850712
WDI:SP.POP.4044.MA.5Y:WSM,2007-12-31,5.35999050415701
WDI:SP.POP.4044.MA.5Y:WSM,2008-12-31,5.43763721044749
WDI:SP.POP.4044.MA.5Y:WSM,2009-12-31,5.52310170459179
WDI:SP.POP.4044.MA.5Y:WSM,2010-12-31,5.62503797622182
WDI:SP.POP.4044.MA.5Y:WSM,2011-12-31,5.69577629013127
WDI:SP.POP.4044.MA.5Y:WSM,2012-12-31,5.67425394530179
WDI:SP.POP.4044.MA.5Y:WSM,2013-12-31,5.6161320325332
WDI:SP.POP.4044.MA.5Y:WSM,2014-12-31,5.54459139689927
WDI:SP.POP.4044.MA.5Y:WSM,2015-12-31,5.41039685014814
WDI:SP.POP.4044.MA.5Y:WSM,2016-12-31,5.27884638648956
WDI:SP.POP.4044.MA.5Y:WSM,2017-12-31,5.2100695028171
WDI:SP.POP.4044.MA.5Y:WSM,2018-12-31,5.12800968052366
WDI:SP.POP.4044.MA.5Y:WSM,2019-12-31,5.02163806788117
WDI:SP.POP.4044.MA.5Y:WSM,2020-12-31,4.95958010169412
WDI:SP.POP.4044.MA.5Y:WSM,2021-12-31,4.86695622250537
WDI:SP.POP.4044.MA.5Y:WSM,2022-12-31,4.7129312493653
WDI:SP.POP.4044.MA.5Y:WSM,2023-12-31,4.6180292924431
WDI:SP.POP.4044.MA.5Y:WSM,2024-12-31,4.55808149807822
WDI:SP.POP.4044.MA.5Y:XKX,1960-12-31,3.68810439181745
WDI:SP.POP.4044.MA.5Y:XKX,1961-12-31,3.74290834107295
WDI:SP.POP.4044.MA.5Y:XKX,1962-12-31,3.82335068574955
WDI:SP.POP.4044.MA.5Y:XKX,1963-12-31,3.90445563021348
WDI:SP.POP.4044.MA.5Y:XKX,1964-12-31,3.98929976339501
WDI:SP.POP.4044.MA.5Y:XKX,1965-12-31,4.09981844781697
WDI:SP.POP.4044.MA.5Y:XKX,1966-12-31,4.24694037169071
WDI:SP.POP.4044.MA.5Y:XKX,1967-12-31,4.42967003072105
WDI:SP.POP.4044.MA.5Y:XKX,1968-12-31,4.57040529181742
WDI:SP.POP.4044.MA.5Y:XKX,1969-12-31,4.61470455860606
WDI:SP.POP.4044.MA.5Y:XKX,1970-12-31,4.56492417904371
WDI:SP.POP.4044.MA.5Y:XKX,1971-12-31,4.57288736030744
WDI:SP.POP.4044.MA.5Y:XKX,1972-12-31,4.68074226829377
WDI:SP.POP.4044.MA.5Y:XKX,1973-12-31,4.76938096799649
WDI:SP.POP.4044.MA.5Y:XKX,1974-12-31,4.83381056978815
WDI:SP.POP.4044.MA.5Y:XKX,1975-12-31,4.86809891618817
WDI:SP.POP.4044.MA.5Y:XKX,1976-12-31,4.87516109309429
WDI:SP.POP.4044.MA.5Y:XKX,1977-12-31,4.8634523872977
WDI:SP.POP.4044.MA.5Y:XKX,1978-12-31,4.84410565669829
WDI:SP.POP.4044.MA.5Y:XKX,1979-12-31,4.8280379537534
WDI:SP.POP.4044.MA.5Y:XKX,1980-12-31,4.81623800800865
WDI:SP.POP.4044.MA.5Y:XKX,1981-12-31,4.79705107597014
WDI:SP.POP.4044.MA.5Y:XKX,1982-12-31,4.76805305676086
WDI:SP.POP.4044.MA.5Y:XKX,1983-12-31,4.73667194388962
WDI:SP.POP.4044.MA.5Y:XKX,1984-12-31,4.71413147988431
WDI:SP.POP.4044.MA.5Y:XKX,1985-12-31,4.7131360596497
WDI:SP.POP.4044.MA.5Y:XKX,1986-12-31,4.73721341146688
WDI:SP.POP.4044.MA.5Y:XKX,1987-12-31,4.78167825750027
WDI:SP.POP.4044.MA.5Y:XKX,1988-12-31,4.74343541730086
WDI:SP.POP.4044.MA.5Y:XKX,1989-12-31,4.61047700252643
WDI:SP.POP.4044.MA.5Y:XKX,1990-12-31,4.46745532393913
WDI:SP.POP.4044.MA.5Y:XKX,1991-12-31,4.44563059733086
WDI:SP.POP.4044.MA.5Y:XKX,1992-12-31,4.56316632037876
WDI:SP.POP.4044.MA.5Y:XKX,1993-12-31,4.69788569532892
WDI:SP.POP.4044.MA.5Y:XKX,1994-12-31,4.83847561538708
WDI:SP.POP.4044.MA.5Y:XKX,1995-12-31,4.98081944952817
WDI:SP.POP.4044.MA.5Y:XKX,1996-12-31,5.11350599273978
WDI:SP.POP.4044.MA.5Y:XKX,1997-12-31,5.24667527763145
WDI:SP.POP.4044.MA.5Y:XKX,1998-12-31,5.3276123093164
WDI:SP.POP.4044.MA.5Y:XKX,1999-12-31,5.36383132926856
WDI:SP.POP.4044.MA.5Y:XKX,2000-12-31,5.45606905577416
WDI:SP.POP.4044.MA.5Y:XKX,2001-12-31,5.59134316859149
WDI:SP.POP.4044.MA.5Y:XKX,2002-12-31,5.71163999886967
WDI:SP.POP.4044.MA.5Y:XKX,2003-12-31,5.79660493608274
WDI:SP.POP.4044.MA.5Y:XKX,2004-12-31,5.84250959816206
WDI:SP.POP.4044.MA.5Y:XKX,2005-12-31,5.85736319539393
WDI:SP.POP.4044.MA.5Y:XKX,2006-12-31,5.85690396030832
WDI:SP.POP.4044.MA.5Y:XKX,2007-12-31,5.85444236932307
WDI:SP.POP.4044.MA.5Y:XKX,2008-12-31,5.86028654252852
WDI:SP.POP.4044.MA.5Y:XKX,2009-12-31,5.87580363136645
WDI:SP.POP.4044.MA.5Y:XKX,2010-12-31,5.90009555800246
WDI:SP.POP.4044.MA.5Y:XKX,2011-12-31,5.93842750630605
WDI:SP.POP.4044.MA.5Y:XKX,2012-12-31,5.99502424483195
WDI:SP.POP.4044.MA.5Y:XKX,2013-12-31,6.05705001408082
WDI:SP.POP.4044.MA.5Y:XKX,2014-12-31,6.12246618915186
WDI:SP.POP.4044.MA.5Y:XKX,2015-12-31,6.20972121392273
WDI:SP.POP.4044.MA.5Y:XKX,2016-12-31,6.30223265279972
WDI:SP.POP.4044.MA.5Y:XKX,2017-12-31,6.36048680310093
WDI:SP.POP.4044.MA.5Y:XKX,2018-12-31,6.38650157554057
WDI:SP.POP.4044.MA.5Y:XKX,2019-12-31,6.39831995247508
WDI:SP.POP.4044.MA.5Y:XKX,2020-12-31,6.4168215796717
WDI:SP.POP.4044.MA.5Y:XKX,2021-12-31,6.464715789916
WDI:SP.POP.4044.MA.5Y:XKX,2022-12-31,6.5461490491399
WDI:SP.POP.4044.MA.5Y:XKX,2023-12-31,6.64276518890878
WDI:SP.POP.4044.MA.5Y:XKX,2024-12-31,6.74597356396532
WDI:SP.POP.4044.MA.5Y:YEM,1960-12-31,4.67961466162683
WDI:SP.POP.4044.MA.5Y:YEM,1961-12-31,4.6798243228205
WDI:SP.POP.4044.MA.5Y:YEM,1962-12-31,4.67836430305595
WDI:SP.POP.4044.MA.5Y:YEM,1963-12-31,4.67450368780111
WDI:SP.POP.4044.MA.5Y:YEM,1964-12-31,4.6682073423611
WDI:SP.POP.4044.MA.5Y:YEM,1965-12-31,4.65951455165958
WDI:SP.POP.4044.MA.5Y:YEM,1966-12-31,4.64813569106973
WDI:SP.POP.4044.MA.5Y:YEM,1967-12-31,4.6336591735406
WDI:SP.POP.4044.MA.5Y:YEM,1968-12-31,4.61640647937048
WDI:SP.POP.4044.MA.5Y:YEM,1969-12-31,4.5971091992743
WDI:SP.POP.4044.MA.5Y:YEM,1970-12-31,4.57349082397119
WDI:SP.POP.4044.MA.5Y:YEM,1971-12-31,4.54655036198135
WDI:SP.POP.4044.MA.5Y:YEM,1972-12-31,4.5193525756624
WDI:SP.POP.4044.MA.5Y:YEM,1973-12-31,4.49062290808828
WDI:SP.POP.4044.MA.5Y:YEM,1974-12-31,4.45745668281259
WDI:SP.POP.4044.MA.5Y:YEM,1975-12-31,4.41746683494309
WDI:SP.POP.4044.MA.5Y:YEM,1976-12-31,4.37398142636
WDI:SP.POP.4044.MA.5Y:YEM,1977-12-31,4.33051025334379
WDI:SP.POP.4044.MA.5Y:YEM,1978-12-31,4.28462176157395
WDI:SP.POP.4044.MA.5Y:YEM,1979-12-31,4.23020241210262
WDI:SP.POP.4044.MA.5Y:YEM,1980-12-31,4.16886168134722
WDI:SP.POP.4044.MA.5Y:YEM,1981-12-31,4.10112269425502
WDI:SP.POP.4044.MA.5Y:YEM,1982-12-31,4.0227759634648
WDI:SP.POP.4044.MA.5Y:YEM,1983-12-31,3.93847581382059
WDI:SP.POP.4044.MA.5Y:YEM,1984-12-31,3.85791695030633
WDI:SP.POP.4044.MA.5Y:YEM,1985-12-31,3.78381615510614
WDI:SP.POP.4044.MA.5Y:YEM,1986-12-31,3.71748644935411
WDI:SP.POP.4044.MA.5Y:YEM,1987-12-31,3.65974526553693
WDI:SP.POP.4044.MA.5Y:YEM,1988-12-31,3.58516302229785
WDI:SP.POP.4044.MA.5Y:YEM,1989-12-31,3.47847137249703
WDI:SP.POP.4044.MA.5Y:YEM,1990-12-31,3.33518260366112
WDI:SP.POP.4044.MA.5Y:YEM,1991-12-31,3.17511359538979
WDI:SP.POP.4044.MA.5Y:YEM,1992-12-31,3.03424667542505
WDI:SP.POP.4044.MA.5Y:YEM,1993-12-31,2.9325013944672
WDI:SP.POP.4044.MA.5Y:YEM,1994-12-31,2.87830802912948
WDI:SP.POP.4044.MA.5Y:YEM,1995-12-31,2.87654794770101
WDI:SP.POP.4044.MA.5Y:YEM,1996-12-31,2.90823750524998
WDI:SP.POP.4044.MA.5Y:YEM,1997-12-31,2.94501277926924
WDI:SP.POP.4044.MA.5Y:YEM,1998-12-31,2.98605903821758
WDI:SP.POP.4044.MA.5Y:YEM,1999-12-31,3.03110719647023
WDI:SP.POP.4044.MA.5Y:YEM,2000-12-31,3.07788809504342
WDI:SP.POP.4044.MA.5Y:YEM,2001-12-31,3.12526187230403
WDI:SP.POP.4044.MA.5Y:YEM,2002-12-31,3.17334269643687
WDI:SP.POP.4044.MA.5Y:YEM,2003-12-31,3.2225189463354
WDI:SP.POP.4044.MA.5Y:YEM,2004-12-31,3.27510292938707
WDI:SP.POP.4044.MA.5Y:YEM,2005-12-31,3.33780803362103
WDI:SP.POP.4044.MA.5Y:YEM,2006-12-31,3.41008286698122
WDI:SP.POP.4044.MA.5Y:YEM,2007-12-31,3.48801242147663
WDI:SP.POP.4044.MA.5Y:YEM,2008-12-31,3.56883957411555
WDI:SP.POP.4044.MA.5Y:YEM,2009-12-31,3.64831769030385
WDI:SP.POP.4044.MA.5Y:YEM,2010-12-31,3.72762881234723
WDI:SP.POP.4044.MA.5Y:YEM,2011-12-31,3.80767019178787
WDI:SP.POP.4044.MA.5Y:YEM,2012-12-31,3.88399211715558
WDI:SP.POP.4044.MA.5Y:YEM,2013-12-31,3.95536066303453
WDI:SP.POP.4044.MA.5Y:YEM,2014-12-31,4.02619851130298
WDI:SP.POP.4044.MA.5Y:YEM,2015-12-31,4.09747917551584
WDI:SP.POP.4044.MA.5Y:YEM,2016-12-31,4.1712912411636
WDI:SP.POP.4044.MA.5Y:YEM,2017-12-31,4.25078938460267
WDI:SP.POP.4044.MA.5Y:YEM,2018-12-31,4.33544626390574
WDI:SP.POP.4044.MA.5Y:YEM,2019-12-31,4.43397414951836
WDI:SP.POP.4044.MA.5Y:YEM,2020-12-31,4.54394449036497
WDI:SP.POP.4044.MA.5Y:YEM,2021-12-31,4.65357981695367
WDI:SP.POP.4044.MA.5Y:YEM,2022-12-31,4.76573319030775
WDI:SP.POP.4044.MA.5Y:YEM,2023-12-31,4.88131726329166
WDI:SP.POP.4044.MA.5Y:YEM,2024-12-31,4.99021112812419
WDI:SP.POP.4044.MA.5Y:ZAF,1960-12-31,5.21744912698181
WDI:SP.POP.4044.MA.5Y:ZAF,1961-12-31,5.15460680124457
WDI:SP.POP.4044.MA.5Y:ZAF,1962-12-31,5.0890246755258
WDI:SP.POP.4044.MA.5Y:ZAF,1963-12-31,5.02125842030737
WDI:SP.POP.4044.MA.5Y:ZAF,1964-12-31,4.95302287473329
WDI:SP.POP.4044.MA.5Y:ZAF,1965-12-31,4.88402160314881
WDI:SP.POP.4044.MA.5Y:ZAF,1966-12-31,4.81351907695331
WDI:SP.POP.4044.MA.5Y:ZAF,1967-12-31,4.74167808938081
WDI:SP.POP.4044.MA.5Y:ZAF,1968-12-31,4.67055736561852
WDI:SP.POP.4044.MA.5Y:ZAF,1969-12-31,4.60295726886519
WDI:SP.POP.4044.MA.5Y:ZAF,1970-12-31,4.54166163134862
WDI:SP.POP.4044.MA.5Y:ZAF,1971-12-31,4.49327510611689
WDI:SP.POP.4044.MA.5Y:ZAF,1972-12-31,4.45687709106149
WDI:SP.POP.4044.MA.5Y:ZAF,1973-12-31,4.4275965688939
WDI:SP.POP.4044.MA.5Y:ZAF,1974-12-31,4.40702908532384
WDI:SP.POP.4044.MA.5Y:ZAF,1975-12-31,4.39630172197533
WDI:SP.POP.4044.MA.5Y:ZAF,1976-12-31,4.39345564053967
WDI:SP.POP.4044.MA.5Y:ZAF,1977-12-31,4.39933356621119
WDI:SP.POP.4044.MA.5Y:ZAF,1978-12-31,4.41683857162493
WDI:SP.POP.4044.MA.5Y:ZAF,1979-12-31,4.44476663663121
WDI:SP.POP.4044.MA.5Y:ZAF,1980-12-31,4.50868857897959
WDI:SP.POP.4044.MA.5Y:ZAF,1981-12-31,4.60527386169655
WDI:SP.POP.4044.MA.5Y:ZAF,1982-12-31,4.70329896362933
WDI:SP.POP.4044.MA.5Y:ZAF,1983-12-31,4.79893029419924
WDI:SP.POP.4044.MA.5Y:ZAF,1984-12-31,4.88903542998479
WDI:SP.POP.4044.MA.5Y:ZAF,1985-12-31,4.94349089308594
WDI:SP.POP.4044.MA.5Y:ZAF,1986-12-31,4.95648095206447
WDI:SP.POP.4044.MA.5Y:ZAF,1987-12-31,4.96223888845089
WDI:SP.POP.4044.MA.5Y:ZAF,1988-12-31,4.98330496348546
WDI:SP.POP.4044.MA.5Y:ZAF,1989-12-31,5.0426309288133
WDI:SP.POP.4044.MA.5Y:ZAF,1990-12-31,5.15788320709513
WDI:SP.POP.4044.MA.5Y:ZAF,1991-12-31,5.29421977111421
WDI:SP.POP.4044.MA.5Y:ZAF,1992-12-31,5.33145331121855
WDI:SP.POP.4044.MA.5Y:ZAF,1993-12-31,5.55076366907815
WDI:SP.POP.4044.MA.5Y:ZAF,1994-12-31,5.53802636625222
WDI:SP.POP.4044.MA.5Y:ZAF,1995-12-31,5.18922068319843
WDI:SP.POP.4044.MA.5Y:ZAF,1996-12-31,4.90305110382671
WDI:SP.POP.4044.MA.5Y:ZAF,1997-12-31,4.74871346088002
WDI:SP.POP.4044.MA.5Y:ZAF,1998-12-31,4.84972870100504
WDI:SP.POP.4044.MA.5Y:ZAF,1999-12-31,4.98429191799947
WDI:SP.POP.4044.MA.5Y:ZAF,2000-12-31,5.134559829947
WDI:SP.POP.4044.MA.5Y:ZAF,2001-12-31,5.2665591282667
WDI:SP.POP.4044.MA.5Y:ZAF,2002-12-31,5.34096840953735
WDI:SP.POP.4044.MA.5Y:ZAF,2003-12-31,5.34091842481608
WDI:SP.POP.4044.MA.5Y:ZAF,2004-12-31,5.27523523464091
WDI:SP.POP.4044.MA.5Y:ZAF,2005-12-31,5.16779427662505
WDI:SP.POP.4044.MA.5Y:ZAF,2006-12-31,5.05119810172713
WDI:SP.POP.4044.MA.5Y:ZAF,2007-12-31,4.96262580855269
WDI:SP.POP.4044.MA.5Y:ZAF,2008-12-31,4.92091301717943
WDI:SP.POP.4044.MA.5Y:ZAF,2009-12-31,4.93118695369186
WDI:SP.POP.4044.MA.5Y:ZAF,2010-12-31,4.98788832557915
WDI:SP.POP.4044.MA.5Y:ZAF,2011-12-31,5.07669035585804
WDI:SP.POP.4044.MA.5Y:ZAF,2012-12-31,5.19150404163209
WDI:SP.POP.4044.MA.5Y:ZAF,2013-12-31,5.31149907072537
WDI:SP.POP.4044.MA.5Y:ZAF,2014-12-31,5.41096947710974
WDI:SP.POP.4044.MA.5Y:ZAF,2015-12-31,5.50846769607521
WDI:SP.POP.4044.MA.5Y:ZAF,2016-12-31,5.60673034923229
WDI:SP.POP.4044.MA.5Y:ZAF,2017-12-31,5.74152482430956
WDI:SP.POP.4044.MA.5Y:ZAF,2018-12-31,5.9489360890054
WDI:SP.POP.4044.MA.5Y:ZAF,2019-12-31,6.19973043273362
WDI:SP.POP.4044.MA.5Y:ZAF,2020-12-31,6.48319275269395
WDI:SP.POP.4044.MA.5Y:ZAF,2021-12-31,6.79176353037226
WDI:SP.POP.4044.MA.5Y:ZAF,2022-12-31,7.06730052023301
WDI:SP.POP.4044.MA.5Y:ZAF,2023-12-31,7.29150489749321
WDI:SP.POP.4044.MA.5Y:ZAF,2024-12-31,7.47944998150657
WDI:SP.POP.4044.MA.5Y:ZMB,1960-12-31,4.2088941268001
WDI:SP.POP.4044.MA.5Y:ZMB,1961-12-31,4.17057293160752
WDI:SP.POP.4044.MA.5Y:ZMB,1962-12-31,4.12574394361735
WDI:SP.POP.4044.MA.5Y:ZMB,1963-12-31,4.07845065720284
WDI:SP.POP.4044.MA.5Y:ZMB,1964-12-31,4.03515028608104
WDI:SP.POP.4044.MA.5Y:ZMB,1965-12-31,3.99818291778524
WDI:SP.POP.4044.MA.5Y:ZMB,1966-12-31,3.96763956531076
WDI:SP.POP.4044.MA.5Y:ZMB,1967-12-31,3.94360308595416
WDI:SP.POP.4044.MA.5Y:ZMB,1968-12-31,3.92258200585517
WDI:SP.POP.4044.MA.5Y:ZMB,1969-12-31,3.89664825340783
WDI:SP.POP.4044.MA.5Y:ZMB,1970-12-31,3.85511734830936
WDI:SP.POP.4044.MA.5Y:ZMB,1971-12-31,3.80041861272839
WDI:SP.POP.4044.MA.5Y:ZMB,1972-12-31,3.74063222636552
WDI:SP.POP.4044.MA.5Y:ZMB,1973-12-31,3.6782847352635
WDI:SP.POP.4044.MA.5Y:ZMB,1974-12-31,3.61727239720183
WDI:SP.POP.4044.MA.5Y:ZMB,1975-12-31,3.55711943061513
WDI:SP.POP.4044.MA.5Y:ZMB,1976-12-31,3.50011578983389
WDI:SP.POP.4044.MA.5Y:ZMB,1977-12-31,3.44975386231518
WDI:SP.POP.4044.MA.5Y:ZMB,1978-12-31,3.40208010430743
WDI:SP.POP.4044.MA.5Y:ZMB,1979-12-31,3.34972138847277
WDI:SP.POP.4044.MA.5Y:ZMB,1980-12-31,3.29359166216822
WDI:SP.POP.4044.MA.5Y:ZMB,1981-12-31,3.23888922506505
WDI:SP.POP.4044.MA.5Y:ZMB,1982-12-31,3.18907709343058
WDI:SP.POP.4044.MA.5Y:ZMB,1983-12-31,3.14293900701357
WDI:SP.POP.4044.MA.5Y:ZMB,1984-12-31,3.100757019841
WDI:SP.POP.4044.MA.5Y:ZMB,1985-12-31,3.06786808256765
WDI:SP.POP.4044.MA.5Y:ZMB,1986-12-31,3.04411660076519
WDI:SP.POP.4044.MA.5Y:ZMB,1987-12-31,3.02125681477485
WDI:SP.POP.4044.MA.5Y:ZMB,1988-12-31,2.97715906228932
WDI:SP.POP.4044.MA.5Y:ZMB,1989-12-31,2.91925238012433
WDI:SP.POP.4044.MA.5Y:ZMB,1990-12-31,2.89055682082484
WDI:SP.POP.4044.MA.5Y:ZMB,1991-12-31,2.88623111535996
WDI:SP.POP.4044.MA.5Y:ZMB,1992-12-31,2.88753109618239
WDI:SP.POP.4044.MA.5Y:ZMB,1993-12-31,2.91218001920382
WDI:SP.POP.4044.MA.5Y:ZMB,1994-12-31,2.95363927988266
WDI:SP.POP.4044.MA.5Y:ZMB,1995-12-31,2.97688487468569
WDI:SP.POP.4044.MA.5Y:ZMB,1996-12-31,2.98706741225056
WDI:SP.POP.4044.MA.5Y:ZMB,1997-12-31,3.0071638361552
WDI:SP.POP.4044.MA.5Y:ZMB,1998-12-31,3.03416166409349
WDI:SP.POP.4044.MA.5Y:ZMB,1999-12-31,3.06716930678891
WDI:SP.POP.4044.MA.5Y:ZMB,2000-12-31,3.10935073780311
WDI:SP.POP.4044.MA.5Y:ZMB,2001-12-31,3.16360454663146
WDI:SP.POP.4044.MA.5Y:ZMB,2002-12-31,3.21942401472024
WDI:SP.POP.4044.MA.5Y:ZMB,2003-12-31,3.27311535362202
WDI:SP.POP.4044.MA.5Y:ZMB,2004-12-31,3.32454070180802
WDI:SP.POP.4044.MA.5Y:ZMB,2005-12-31,3.37518229118363
WDI:SP.POP.4044.MA.5Y:ZMB,2006-12-31,3.42884742201709
WDI:SP.POP.4044.MA.5Y:ZMB,2007-12-31,3.48747531406169
WDI:SP.POP.4044.MA.5Y:ZMB,2008-12-31,3.55364069059697
WDI:SP.POP.4044.MA.5Y:ZMB,2009-12-31,3.62794498264171
WDI:SP.POP.4044.MA.5Y:ZMB,2010-12-31,3.71249309450211
WDI:SP.POP.4044.MA.5Y:ZMB,2011-12-31,3.80507686946971
WDI:SP.POP.4044.MA.5Y:ZMB,2012-12-31,3.90641516780828
WDI:SP.POP.4044.MA.5Y:ZMB,2013-12-31,4.01695541210088
WDI:SP.POP.4044.MA.5Y:ZMB,2014-12-31,4.13403178369146
WDI:SP.POP.4044.MA.5Y:ZMB,2015-12-31,4.25597674374974
WDI:SP.POP.4044.MA.5Y:ZMB,2016-12-31,4.3776016144153
WDI:SP.POP.4044.MA.5Y:ZMB,2017-12-31,4.49206539758396
WDI:SP.POP.4044.MA.5Y:ZMB,2018-12-31,4.59440256831592
WDI:SP.POP.4044.MA.5Y:ZMB,2019-12-31,4.68183623811102
WDI:SP.POP.4044.MA.5Y:ZMB,2020-12-31,4.75052756283594
WDI:SP.POP.4044.MA.5Y:ZMB,2021-12-31,4.80251068720436
WDI:SP.POP.4044.MA.5Y:ZMB,2022-12-31,4.85010964163613
WDI:SP.POP.4044.MA.5Y:ZMB,2023-12-31,4.90060790261702
WDI:SP.POP.4044.MA.5Y:ZMB,2024-12-31,4.95232786399514
WDI:SP.POP.4044.MA.5Y:ZWE,1960-12-31,4.29901516183087
WDI:SP.POP.4044.MA.5Y:ZWE,1961-12-31,4.20289638690432
WDI:SP.POP.4044.MA.5Y:ZWE,1962-12-31,4.04934613328328
WDI:SP.POP.4044.MA.5Y:ZWE,1963-12-31,3.87489506954509
WDI:SP.POP.4044.MA.5Y:ZWE,1964-12-31,3.73183051645098
WDI:SP.POP.4044.MA.5Y:ZWE,1965-12-31,3.63617051811785
WDI:SP.POP.4044.MA.5Y:ZWE,1966-12-31,3.58243900804038
WDI:SP.POP.4044.MA.5Y:ZWE,1967-12-31,3.5720523961451
WDI:SP.POP.4044.MA.5Y:ZWE,1968-12-31,3.58363960605852
WDI:SP.POP.4044.MA.5Y:ZWE,1969-12-31,3.5829221757497
WDI:SP.POP.4044.MA.5Y:ZWE,1970-12-31,3.58767077725291
WDI:SP.POP.4044.MA.5Y:ZWE,1971-12-31,3.59636327078002
WDI:SP.POP.4044.MA.5Y:ZWE,1972-12-31,3.57482489237789
WDI:SP.POP.4044.MA.5Y:ZWE,1973-12-31,3.5308733528896
WDI:SP.POP.4044.MA.5Y:ZWE,1974-12-31,3.4802654357207
WDI:SP.POP.4044.MA.5Y:ZWE,1975-12-31,3.44447145753324
WDI:SP.POP.4044.MA.5Y:ZWE,1976-12-31,3.42156826046824
WDI:SP.POP.4044.MA.5Y:ZWE,1977-12-31,3.43960791592671
WDI:SP.POP.4044.MA.5Y:ZWE,1978-12-31,3.54965955934181
WDI:SP.POP.4044.MA.5Y:ZWE,1979-12-31,3.60954939670272
WDI:SP.POP.4044.MA.5Y:ZWE,1980-12-31,3.22149798222083
WDI:SP.POP.4044.MA.5Y:ZWE,1981-12-31,2.88275892012219
WDI:SP.POP.4044.MA.5Y:ZWE,1982-12-31,2.85433091501069
WDI:SP.POP.4044.MA.5Y:ZWE,1983-12-31,2.86915864886337
WDI:SP.POP.4044.MA.5Y:ZWE,1984-12-31,2.92607445561094
WDI:SP.POP.4044.MA.5Y:ZWE,1985-12-31,2.98115387909009
WDI:SP.POP.4044.MA.5Y:ZWE,1986-12-31,3.0345026072687
WDI:SP.POP.4044.MA.5Y:ZWE,1987-12-31,3.11618240355692
WDI:SP.POP.4044.MA.5Y:ZWE,1988-12-31,3.17925028489328
WDI:SP.POP.4044.MA.5Y:ZWE,1989-12-31,3.2791293105616
WDI:SP.POP.4044.MA.5Y:ZWE,1990-12-31,3.46345975196424
WDI:SP.POP.4044.MA.5Y:ZWE,1991-12-31,3.64698571599159
WDI:SP.POP.4044.MA.5Y:ZWE,1992-12-31,3.97991131508723
WDI:SP.POP.4044.MA.5Y:ZWE,1993-12-31,4.30104865287816
WDI:SP.POP.4044.MA.5Y:ZWE,1994-12-31,4.35433816841733
WDI:SP.POP.4044.MA.5Y:ZWE,1995-12-31,4.27075064710958
WDI:SP.POP.4044.MA.5Y:ZWE,1996-12-31,4.14107592806785
WDI:SP.POP.4044.MA.5Y:ZWE,1997-12-31,3.99376321974474
WDI:SP.POP.4044.MA.5Y:ZWE,1998-12-31,3.84467913837424
WDI:SP.POP.4044.MA.5Y:ZWE,1999-12-31,3.69687051076961
WDI:SP.POP.4044.MA.5Y:ZWE,2000-12-31,3.55672750110179
WDI:SP.POP.4044.MA.5Y:ZWE,2001-12-31,3.42078290120949
WDI:SP.POP.4044.MA.5Y:ZWE,2002-12-31,3.29413014737773
WDI:SP.POP.4044.MA.5Y:ZWE,2003-12-31,3.17539255207313
WDI:SP.POP.4044.MA.5Y:ZWE,2004-12-31,3.06434778399711
WDI:SP.POP.4044.MA.5Y:ZWE,2005-12-31,2.97719211818913
WDI:SP.POP.4044.MA.5Y:ZWE,2006-12-31,2.92553224800546
WDI:SP.POP.4044.MA.5Y:ZWE,2007-12-31,2.89473376358146
WDI:SP.POP.4044.MA.5Y:ZWE,2008-12-31,2.86301630764252
WDI:SP.POP.4044.MA.5Y:ZWE,2009-12-31,2.8256896649347
WDI:SP.POP.4044.MA.5Y:ZWE,2010-12-31,2.78391148551827
WDI:SP.POP.4044.MA.5Y:ZWE,2011-12-31,2.75112949905794
WDI:SP.POP.4044.MA.5Y:ZWE,2012-12-31,2.73623736704917
WDI:SP.POP.4044.MA.5Y:ZWE,2013-12-31,2.78766219405642
WDI:SP.POP.4044.MA.5Y:ZWE,2014-12-31,2.91381862976308
WDI:SP.POP.4044.MA.5Y:ZWE,2015-12-31,3.08609706791594
WDI:SP.POP.4044.MA.5Y:ZWE,2016-12-31,3.30850745518046
WDI:SP.POP.4044.MA.5Y:ZWE,2017-12-31,3.57551923299245
WDI:SP.POP.4044.MA.5Y:ZWE,2018-12-31,3.88276789001036
WDI:SP.POP.4044.MA.5Y:ZWE,2019-12-31,4.21398418044902
WDI:SP.POP.4044.MA.5Y:ZWE,2020-12-31,4.54326032061485
WDI:SP.POP.4044.MA.5Y:ZWE,2021-12-31,4.87963997515416
WDI:SP.POP.4044.MA.5Y:ZWE,2022-12-31,5.18067103496512
WDI:SP.POP.4044.MA.5Y:ZWE,2023-12-31,5.41449814472775
WDI:SP.POP.4044.MA.5Y:ZWE,2024-12-31,5.60903059664424
